/*--------------------------------*- C++ -*----------------------------------*\
  =========                 |
  \\      /  F ield         | OpenFOAM: The Open Source CFD Toolbox
   \\    /   O peration     | Website:  https://openfoam.org
    \\  /    A nd           | Version:  11
     \\/     M anipulation  |
\*---------------------------------------------------------------------------*/
FoamFile
{
    format      ascii;
    class       surfaceScalarField;
    location    "1500";
    object      phi;
}
// * * * * * * * * * * * * * * * * * * * * * * * * * * * * * * * * * * * * * //

dimensions      [0 3 -1 0 0 0 0];

internalField   nonuniform List<scalar> 
8064
(
2.666720473e-11
-2.666736514e-11
6.029230414e-11
-3.362510409e-11
7.582621505e-11
-1.553391803e-11
6.153833613e-11
1.42878717e-11
1.348825867e-11
4.805007088e-11
-6.81643023e-11
8.165255505e-11
-1.811118209e-10
1.129475131e-10
-3.22020774e-10
1.40908948e-10
-4.871674596e-10
1.651466806e-10
-6.727908707e-10
1.856234062e-10
-8.752816767e-10
2.024908012e-10
-1.091273963e-09
2.159922814e-10
-1.317677908e-09
2.264039412e-10
-1.551676336e-09
2.339984232e-10
-1.790699584e-09
2.390232437e-10
-2.032388277e-09
2.416886884e-10
-2.274550602e-09
2.4216232e-10
-2.515118797e-09
2.405681912e-10
-2.752108257e-09
2.369894554e-10
-2.983581681e-09
2.314734196e-10
-3.207619998e-09
2.240383128e-10
-3.422301193e-09
2.146811903e-10
-3.625687708e-09
2.033865111e-10
-3.815822717e-09
1.901350048e-10
-3.990735232e-09
1.749125104e-10
-4.148453757e-09
1.577185208e-10
-4.287027965e-09
1.385742033e-10
-4.404557661e-09
1.175296924e-10
-4.499228137e-09
9.467047157e-11
-4.569350812e-09
7.012267062e-11
-4.613407933e-09
4.40571163e-11
-4.630099912e-09
1.669197521e-11
-4.618393651e-09
-1.170626551e-11
-4.577570187e-09
-4.082346773e-11
-4.507270357e-09
-7.029983407e-11
-4.40753616e-09
-9.973420206e-11
-4.278845931e-09
-1.286902331e-10
-4.122141687e-09
-1.567042472e-10
-3.93884695e-09
-1.832947418e-10
-3.730873559e-09
-2.079733949e-10
-3.500616289e-09
-2.302572734e-10
-3.250934404e-09
-2.496818891e-10
-2.985119732e-09
-2.65814676e-10
-2.706851332e-09
-2.782684043e-10
-2.420137312e-09
-2.86714023e-10
-2.129244901e-09
-2.908924149e-10
-1.838620309e-09
-2.906245955e-10
-1.552800348e-09
-2.858199651e-10
-1.276317991e-09
-2.764823606e-10
-1.013604142e-09
-2.627138524e-10
-7.68887646e-10
-2.447164996e-10
-5.460950042e-10
-2.227926452e-10
-3.487501637e-10
-1.973448438e-10
-1.798729212e-10
-1.688772457e-10
-4.187157167e-11
-1.380013527e-10
6.357942218e-11
-1.05450997e-10
1.356928699e-10
-7.211345079e-11
1.747820006e-10
-3.908913379e-11
1.825810814e-10
-7.799083812e-12
1.6274559e-10
1.983548845e-11
1.216270576e-10
4.111852962e-11
6.944318085e-11
5.218387394e-11
2.20281036e-11
4.741507438e-11
2.202810268e-11
3.401422893e-11
-6.068159546e-11
6.235052492e-11
-6.196140935e-11
4.045266999e-11
6.363925113e-12
-5.410491136e-11
1.088454411e-10
-2.305596323e-10
2.245047806e-10
-4.898029779e-10
3.408958902e-10
-8.27697489e-10
4.508420144e-10
-1.23726549e-09
5.5047694e-10
-1.710099136e-09
6.379803173e-10
-2.23724967e-09
7.127739315e-10
-2.809770817e-09
7.750119391e-10
-3.419031238e-09
8.25252694e-10
-4.056872362e-09
8.642450568e-10
-4.715663294e-09
8.927893467e-10
-5.388288715e-09
9.116486563e-10
-6.068095331e-09
9.214952964e-10
-6.748815472e-09
9.22882453e-10
-7.424481569e-09
9.162342804e-10
-8.089341702e-09
9.018495797e-10
-8.737783711e-09
8.799154213e-10
-9.364273285e-09
8.505278789e-10
-9.963309711e-09
8.137176083e-10
-1.052940163e-08
7.694784241e-10
-1.105706398e-08
7.177973478e-10
-1.154083633e-08
6.586848543e-10
-1.197532207e-08
5.922042442e-10
-1.23552471e-08
5.184992246e-10
-1.267553631e-08
4.37818897e-10
-1.293140529e-08
3.50539445e-10
-1.31184645e-08
2.571818754e-10
-1.323283262e-08
1.584252246e-10
-1.327125533e-08
5.51146777e-11
-1.323122566e-08
-5.173594305e-11
-1.311110151e-08
-1.609476241e-10
-1.291021618e-08
-2.711851695e-10
-1.262897705e-08
-3.809733441e-10
-1.226894799e-08
-4.887193011e-10
-1.18329113e-08
-5.927409385e-10
-1.132490517e-08
-6.913008814e-10
-1.075023318e-08
-7.826453888e-10
-1.011544324e-08
-8.650472241e-10
-9.428273858e-09
-9.368512781e-10
-8.697567018e-09
-9.965215228e-10
-7.933147714e-09
-1.042687715e-09
-7.145671555e-09
-1.074190189e-09
-6.346442878e-09
-1.090121098e-09
-5.547206874e-09
-1.089860607e-09
-4.759920014e-09
-1.073106832e-09
-3.996503599e-09
-1.039898782e-09
-3.26858527e-09
-9.906321875e-10
-2.587232757e-09
-9.260690197e-10
-1.962682787e-09
-8.473426207e-10
-1.404065688e-09
-7.559619494e-10
-9.191224294e-10
-6.538205099e-10
-5.139053556e-10
-5.432184324e-10
-1.924460847e-10
-4.269102735e-10
4.363726945e-11
-3.081968106e-10
1.956354257e-10
-1.910872956e-10
2.68403373e-10
-8.056703661e-11
2.712506557e-10
1.698820036e-11
2.191416643e-10
9.32275158e-11
1.342235278e-10
1.371020054e-10
4.733413193e-11
1.343044656e-10
6.936223334e-11
1.624579456e-11
-7.692739212e-11
-5.761490184e-12
-3.995413117e-11
-1.112307114e-10
1.118331369e-10
-3.247481191e-10
3.223628384e-10
-6.571022783e-10
5.568589294e-10
-1.109472492e-09
7.932660935e-10
-1.676646977e-09
1.01801649e-09
-2.349423564e-09
1.223253518e-09
-3.116322133e-09
1.404878878e-09
-3.96476471e-09
1.5612165e-09
-4.881858456e-09
1.692105677e-09
-5.854887385e-09
1.798281614e-09
-6.871593789e-09
1.880951452e-09
-7.920310751e-09
1.9415063e-09
-8.989992202e-09
1.981330099e-09
-1.007017586e-08
2.001678942e-09
-1.115090603e-08
2.003612615e-09
-1.222263703e-08
1.987965277e-09
-1.327613297e-08
1.955345513e-09
-1.43023758e-08
1.906158239e-09
-1.529249038e-08
1.840642455e-09
-1.623769276e-08
1.758919981e-09
-1.71292655e-08
1.661051149e-09
-1.795856228e-08
1.547094121e-09
-1.871704244e-08
1.417165009e-09
-1.939633463e-08
1.271496427e-09
-1.998832788e-08
1.110492467e-09
-2.048528732e-08
9.347783259e-10
-2.087999096e-08
7.452430805e-10
-2.116588333e-08
5.430742377e-10
-2.133724098e-08
3.297828664e-10
-2.138934454e-08
1.072182316e-10
-2.131865155e-08
-1.224289407e-10
-2.112296383e-08
-3.566353531e-10
-2.08015829e-08
-5.925661013e-10
-2.035544714e-08
-8.271091204e-10
-1.978724432e-08
-1.056922128e-09
-1.910149379e-08
-1.278491469e-09
-1.830459267e-08
-1.488202013e-09
-1.740482139e-08
-1.682416673e-09
-1.641230502e-08
-1.857563605e-09
-1.533892757e-08
-2.010228731e-09
-1.419819829e-08
-2.137250814e-09
-1.300506997e-08
-2.235816043e-09
-1.17757112e-08
-2.303548966e-09
-1.052723566e-08
-2.338596637e-09
-9.277393107e-09
-2.33970317e-09
-8.044227544e-09
-2.306272401e-09
-6.845709038e-09
-2.238417294e-09
-5.699345351e-09
-2.13699588e-09
-4.621779189e-09
-2.003635188e-09
-3.628375112e-09
-1.840746704e-09
-2.732797507e-09
-1.65153956e-09
-1.946576936e-09
-1.440041086e-09
-1.278656683e-09
-1.211138691e-09
-7.349043179e-10
-9.706626446e-10
-3.175649519e-10
-7.255361822e-10
-2.462507875e-11
-4.840271743e-10
1.509503528e-10
-2.561424737e-10
2.221429734e-10
-5.42044255e-11
2.089906641e-10
1.063798202e-10
1.398530593e-10
2.062396048e-10
5.288463927e-11
2.212728809e-10
1.222468715e-10
-1.408021596e-11
-6.284717752e-11
-1.112856548e-10
5.7251301e-11
-3.288688436e-10
3.294163172e-10
-6.879078703e-10
6.814018557e-10
-1.197315934e-09
1.066266984e-09
-1.856868612e-09
1.452818762e-09
-2.659806265e-09
1.820954134e-09
-3.594983204e-09
2.158430447e-09
-4.648539622e-09
2.458435287e-09
-5.805142043e-09
2.717818912e-09
-7.048862287e-09
2.935825911e-09
-8.363766435e-09
3.113185754e-09
-9.734279044e-09
3.251464053e-09
-1.114537879e-08
3.352606037e-09
-1.258267235e-08
3.41862365e-09
-1.403238478e-08
3.451391367e-09
-1.548129734e-08
3.452525166e-09
-1.69166574e-08
3.423325328e-09
-1.832607999e-08
3.364768097e-09
-1.969745599e-08
3.277534224e-09
-2.101887817e-08
3.162064632e-09
-2.227859333e-08
3.018635131e-09
-2.346498559e-08
2.847443398e-09
-2.456659403e-08
2.648702555e-09
-2.557216553e-08
2.422736507e-09
-2.64707421e-08
2.17007299e-09
-2.725178049e-08
1.891530843e-09
-2.790530071e-08
1.588298535e-09
-2.8422059e-08
1.262001367e-09
-2.879373989e-08
9.147551242e-10
-2.901316125e-08
5.492042186e-10
-2.90744857e-08
1.685426742e-10
-2.897343138e-08
-2.23483271e-10
-2.870747432e-08
-6.225924229e-10
-2.827603471e-08
-1.024005721e-09
-2.768063944e-08
-1.422504389e-09
-2.692505364e-08
-1.81250794e-09
-2.601537401e-08
-2.188171105e-09
-2.496007784e-08
-2.543498192e-09
-2.377002196e-08
-2.872472558e-09
-2.245838744e-08
-3.169198131e-09
-2.104056689e-08
-3.428049291e-09
-1.953399289e-08
-3.643824819e-09
-1.795790771e-08
-3.811901223e-09
-1.633307612e-08
-3.928380568e-09
-1.468144476e-08
-3.990228003e-09
-1.302575329e-08
-3.995394643e-09
-1.138910343e-08
-3.942922267e-09
-9.794493125e-09
-3.833027609e-09
-8.264323235e-09
-3.667165776e-09
-6.819883713e-09
-3.448074717e-09
-5.480824866e-09
-3.179805557e-09
-4.264617121e-09
-2.867747311e-09
-3.185999399e-09
-2.518658813e-09
-2.256412143e-09
-2.140725952e-09
-1.483406485e-09
-1.743668309e-09
-8.700168805e-10
-1.338925792e-09
-4.140821345e-10
-9.399619257e-10
-1.075004376e-10
-5.62724176e-10
6.459388221e-11
-2.262987504e-10
1.247409344e-10
4.62327629e-11
1.041723542e-10
2.268081802e-10
4.422760727e-11
2.812176234e-10
1.664744775e-10
-4.993586411e-11
-1.291131662e-11
-2.357342618e-10
2.430496923e-10
-5.826133928e-10
6.762954402e-10
-1.104573836e-09
1.20336229e-09
-1.806051803e-09
1.767744942e-09
-2.683744791e-09
2.330511742e-09
-3.728469871e-09
2.865679204e-09
-4.92686895e-09
3.356829518e-09
-6.262847949e-09
3.794414277e-09
-7.718717718e-09
4.173688673e-09
-9.276049353e-09
4.493157538e-09
-1.091627785e-08
4.753414244e-09
-1.262109656e-08
4.956282751e-09
-1.437268583e-08
5.104195301e-09
-1.61538165e-08
5.199754315e-09
-1.794786418e-08
5.245439038e-09
-1.973876525e-08
5.243426225e-09
-2.151094046e-08
5.195500529e-09
-2.324920717e-08
5.103034802e-09
-2.493869695e-08
4.967023996e-09
-2.656479129e-08
4.788158966e-09
-2.811308477e-08
4.566928595e-09
-2.956938177e-08
4.303740391e-09
-3.091973041e-08
3.999051187e-09
-3.215049471e-08
3.653500802e-09
-3.324846434e-08
3.268042608e-09
-3.420099934e-08
2.844065843e-09
-3.499620608e-08
2.383505263e-09
-3.562313908e-08
1.888934366e-09
-3.607202294e-08
1.363638976e-09
-3.633448715e-08
8.116684193e-10
-3.640380651e-08
2.37862026e-10
-3.627513919e-08
-3.521505942e-10
-3.594575383e-08
-9.519777959e-10
-3.541523709e-08
-1.554522466e-09
-3.46856735e-08
-2.152067987e-09
-3.376178927e-08
-2.736392177e-09
-3.265105259e-08
-3.298907791e-09
-3.136372334e-08
-3.830827452e-09
-2.991284616e-08
-4.323349746e-09
-2.831418204e-08
-4.767862257e-09
-2.65860749e-08
-5.156156439e-09
-2.474925126e-08
-5.480648461e-09
-2.282655289e-08
-5.734599599e-09
-2.084260398e-08
-5.912329481e-09
-1.882341642e-08
-6.009415574e-09
-1.679593819e-08
-6.022872879e-09
-1.478755165e-08
-5.951308808e-09
-1.282552934e-08
-5.795049932e-09
-1.093645561e-08
-5.556239512e-09
-9.145622609e-09
-5.238907719e-09
-7.476408095e-09
-4.849020076e-09
-5.949641415e-09
-4.394513997e-09
-4.582961942e-09
-3.885338291e-09
-3.390171846e-09
-3.333516054e-09
-2.380582931e-09
-2.753257229e-09
-1.55835601e-09
-2.161152718e-09
-9.218316739e-10
-1.576486267e-09
-4.628532524e-10
-1.021702603e-09
-1.660829073e-10
-5.230691005e-10
-8.304736973e-12
-1.11545412e-10
4.232439635e-11
1.761790416e-10
2.729792413e-11
2.962440909e-10
1.937724007e-10
-8.778921897e-11
7.487789946e-11
-3.685471751e-10
5.238076411e-10
-8.541139461e-10
1.161862203e-09
-1.549422746e-09
1.898671081e-09
-2.452631687e-09
2.670953875e-09
-3.555975729e-09
3.433855774e-09
-4.846930194e-09
4.156633661e-09
-6.309431148e-09
4.819330463e-09
-7.924998642e-09
5.409981763e-09
-9.673686069e-09
5.922376091e-09
-1.153482879e-08
6.354300254e-09
-1.348759571e-08
6.706181153e-09
-1.551136443e-08
6.980051457e-09
-1.758594894e-08
7.178779804e-09
-1.969171129e-08
7.305516664e-09
-2.180958793e-08
7.363315662e-09
-2.392105885e-08
7.354897142e-09
-2.600808446e-08
7.282526131e-09
-2.805303076e-08
7.147981096e-09
-3.003860006e-08
6.952593288e-09
-3.194778031e-08
6.697339205e-09
-3.376382285e-08
6.382971124e-09
-3.547025511e-08
6.010172649e-09
-3.7050932e-08
5.579728071e-09
-3.849012715e-08
5.092695935e-09
-3.977266312e-08
4.550578575e-09
-4.088407796e-08
3.955480679e-09
-4.181082362e-08
3.31025091e-09
-4.254049085e-08
2.618601593e-09
-4.306205407e-08
1.885202183e-09
-4.336612862e-08
1.115742963e-09
-4.344523266e-08
3.169660643e-10
-4.329404525e-08
-5.033380166e-10
-4.290965147e-08
-1.336371587e-09
-4.229176577e-08
-2.17240817e-09
-4.144292475e-08
-3.000909011e-09
-4.036864078e-08
-3.81067615e-09
-3.907750848e-08
-4.590040105e-09
-3.75812565e-08
-5.327079438e-09
-3.589473822e-08
-6.00986803e-09
-3.403585577e-08
-6.626744717e-09
-3.202541341e-08
-7.166598807e-09
-2.988689784e-08
-7.619164037e-09
-2.764618465e-08
-7.975312791e-09
-2.533117215e-08
-8.227341986e-09
-2.29713456e-08
-8.369242128e-09
-2.059727695e-08
-8.396941541e-09
-1.824006668e-08
-8.308519083e-09
-1.593073613e-08
-8.104380484e-09
-1.369957947e-08
-7.787396178e-09
-1.157548533e-08
-7.363001867e-09
-9.585238134e-09
-6.839267275e-09
-7.75280881e-09
-6.226943326e-09
-6.098643715e-09
-5.539503392e-09
-4.638959955e-09
-4.793199819e-09
-3.385054672e-09
-4.007162517e-09
-2.34263628e-09
-3.203571115e-09
-1.511187146e-09
-2.407935406e-09
-8.833691166e-10
-1.649520637e-09
-4.444827922e-10
-9.619554297e-10
-1.719851712e-10
-3.840430379e-10
-3.505313373e-11
3.924699972e-11
5.892396825e-12
2.552985562e-10
1.996647963e-10
-1.258408551e-10
2.007187502e-10
-5.037455716e-10
9.017123505e-10
-1.132185912e-09
1.790302535e-09
-2.006128358e-09
2.772613519e-09
-3.116345629e-09
3.781171137e-09
-4.449593822e-09
4.76710396e-09
-5.989213622e-09
5.696253452e-09
-7.715906095e-09
6.546022927e-09
-9.608526215e-09
7.302601875e-09
-1.164480032e-08
7.958650187e-09
-1.380191946e-08
8.511419385e-09
-1.605699225e-08
8.961253941e-09
-1.838736123e-08
9.310420426e-09
-2.077079857e-08
9.562217137e-09
-2.318560338e-08
9.720321459e-09
-2.561062471e-08
9.788336986e-09
-2.802523442e-08
9.769506847e-09
-3.040927183e-08
9.666563527e-09
-3.274297955e-08
9.48168881e-09
-3.500694668e-08
9.216560412e-09
-3.7182072e-08
8.872464518e-09
-3.924955673e-08
8.450455845e-09
-4.11909332e-08
7.951549116e-09
-4.298813304e-08
7.376927906e-09
-4.462359587e-08
6.728158751e-09
-4.608041743e-08
6.007400133e-09
-4.734253428e-08
5.217597519e-09
-4.839494037e-08
4.362656992e-09
-4.922392996e-08
3.447591177e-09
-4.981736e-08
2.478632209e-09
-5.01649244e-08
1.463307362e-09
-5.02584322e-08
4.104738535e-10
-5.0092081e-08
-6.696892269e-10
-4.966271657e-08
-1.765736018e-09
-4.897006946e-08
-2.865055285e-09
-4.801695974e-08
-3.954018744e-09
-4.680946102e-08
-5.018174867e-09
-4.535701551e-08
-6.042485622e-09
-4.367249197e-08
-7.011602988e-09
-4.177217971e-08
-7.910180297e-09
-3.967571242e-08
-8.72321201e-09
-3.740591705e-08
-9.436394187e-09
-3.49885844e-08
-1.003649669e-08
-3.245216002e-08
-1.051173718e-08
-2.982735563e-08
-1.085214638e-08
-2.714668373e-08
-1.104991404e-08
-2.444391986e-08
-1.109970541e-08
-2.175349937e-08
-1.099893958e-08
-1.910985721e-08
-1.074802265e-08
-1.654672122e-08
-1.035053217e-08
-1.40963705e-08
-9.813352592e-09
-1.178887162e-08
-9.146766164e-09
-9.651305813e-09
-8.364509136e-09
-7.707000882e-09
-7.483808329e-09
-5.974781612e-09
-6.525419094e-09
-4.468253364e-09
-5.51369077e-09
-3.195134513e-09
-4.476689971e-09
-2.156655398e-09
-3.446414525e-09
-1.347043561e-09
-2.459132479e-09
-7.531161146e-10
-1.555882881e-09
-3.540000004e-10
-7.831591562e-10
-1.210035611e-10
-1.937494445e-10
-1.766140659e-11
1.519563973e-10
1.820033888e-10
-1.632136259e-10
3.639323723e-10
-6.380207195e-10
1.376519436e-09
-1.410126001e-09
2.562407808e-09
-2.464304623e-09
3.826792133e-09
-3.783368101e-09
5.100234607e-09
-5.347930388e-09
6.331666238e-09
-7.136596883e-09
7.484919939e-09
-9.126371224e-09
8.53579726e-09
-1.129314419e-08
9.469374832e-09
-1.361217367e-08
1.027767966e-08
-1.605850118e-08
1.095774688e-08
-1.860727829e-08
1.151003105e-08
-2.123399643e-08
1.193713855e-08
-2.391462601e-08
1.224284671e-08
-2.66256792e-08
1.243137464e-08
-2.934421415e-08
1.250687192e-08
-3.204780009e-08
1.247309278e-08
-3.471446202e-08
1.233322545e-08
-3.73226218e-08
1.208984858e-08
-3.985105024e-08
1.174498884e-08
-4.227884163e-08
1.13002559e-08
-4.458541949e-08
1.07570337e-08
-4.675057917e-08
1.011670878e-08
-4.875457048e-08
9.380919211e-09
-5.057822111e-08
8.55180937e-09
-5.220309932e-08
7.632278344e-09
-5.361171299e-08
6.626211176e-09
-5.478774015e-08
5.538684148e-09
-5.571628555e-08
4.376136567e-09
-5.638415623e-08
3.146502881e-09
-5.678014885e-08
1.85929998e-09
-5.689534069e-08
5.256656818e-10
-5.672337601e-08
-8.416539084e-10
-5.626073882e-08
-2.228373217e-09
-5.550700272e-08
-3.618791391e-09
-5.446504928e-08
-4.995972188e-09
-5.314124564e-08
-6.341978521e-09
-5.154557273e-08
-7.638158531e-09
-4.969169588e-08
-8.865479846e-09
-4.75969697e-08
-1.000490649e-08
-4.528237053e-08
-1.103781118e-08
-4.277235049e-08
-1.194641424e-08
-4.009460864e-08
-1.271423855e-08
-3.727977668e-08
-1.332656914e-08
-3.436101843e-08
-1.377090464e-08
-3.137354465e-08
-1.403738783e-08
-2.835404728e-08
-1.411920279e-08
-2.534005963e-08
-1.401292723e-08
-2.236925158e-08
-1.37188307e-08
-1.947867118e-08
-1.324111259e-08
-1.670394623e-08
-1.258807754e-08
-1.407846131e-08
-1.177225109e-08
-1.163252692e-08
-1.081044353e-08
-9.392559163e-09
-9.723776088e-09
-7.380289076e-09
-8.537689185e-09
-5.612022217e-09
-7.281957634e-09
-4.097970652e-09
-5.990741541e-09
-2.841681453e-09
-4.70270373e-09
-1.839588369e-09
-3.461225567e-09
-1.080716433e-09
-2.314754822e-09
-5.465745634e-10
-1.317301031e-09
-2.112851701e-10
-5.290388417e-10
-4.203117848e-11
-1.729759805e-11
1.399722091e-10
-1.995036831e-10
5.634360506e-10
-7.695728678e-10
1.946588613e-09
-1.683946583e-09
3.476781516e-09
-2.91736705e-09
5.060212592e-09
-4.444481852e-09
6.627349401e-09
-6.239394856e-09
8.126579234e-09
-8.275576007e-09
9.521101082e-09
-1.052598129e-08
1.078620254e-08
-1.296327962e-08
1.190667315e-08
-1.55601101e-08
1.287451014e-08
-1.828931886e-08
1.368695564e-08
-2.112414663e-08
1.43448588e-08
-2.403835506e-08
1.485134698e-08
-2.700629201e-08
1.521078365e-08
-3.000290362e-08
1.542798625e-08
-3.300370609e-08
1.550767439e-08
-3.598473185e-08
1.545411853e-08
-3.892246537e-08
1.527095897e-08
-4.179378276e-08
1.496116596e-08
-4.457590725e-08
1.452711333e-08
-4.724639079e-08
1.397073944e-08
-4.978312881e-08
1.329377171e-08
-5.216441319e-08
1.249799316e-08
-5.436902578e-08
1.158553179e-08
-5.637637265e-08
1.055915624e-08
-5.816665754e-08
9.422563224e-09
-5.972109104e-08
8.180644669e-09
-6.102213115e-08
6.839724247e-09
-6.205374941e-08
5.407754821e-09
-6.280171627e-08
3.894469737e-09
-6.32538985e-08
2.311482195e-09
-6.340056098e-08
6.723281628e-10
-6.323466521e-08
-1.007549688e-09
-6.275215553e-08
-2.710882908e-09
-6.195222428e-08
-4.418722648e-09
-6.083754724e-08
-6.110649231e-09
-5.941447989e-08
-7.765045872e-09
-5.769320561e-08
-9.359432818e-09
-5.568782671e-08
-1.087085875e-08
-5.341638964e-08
-1.227634357e-08
-5.090083607e-08
-1.355336476e-08
-4.816687281e-08
-1.46803775e-08
-4.524375439e-08
-1.563735697e-08
-4.216397425e-08
-1.640634928e-08
-3.896286229e-08
-1.697201661e-08
-3.567808912e-08
-1.7322161e-08
-3.234908029e-08
-1.744821162e-08
-2.901634657e-08
-1.734566095e-08
-2.572073969e-08
-1.701443759e-08
-2.250264605e-08
-1.645920622e-08
-1.940113396e-08
-1.568958964e-08
-1.645307234e-08
-1.472031272e-08
-1.369224167e-08
-1.357127421e-08
-1.114845962e-08
-1.226755814e-08
-8.846745645e-09
-1.083940316e-08
-6.806550446e-09
-9.322152837e-09
-5.041077779e-09
-7.756214212e-09
-3.556728015e-09
-6.187053498e-09
-2.352695428e-09
-4.665258158e-09
-1.420755246e-09
-3.246695008e-09
-7.452841001e-10
-1.992772179e-09
-3.035741474e-10
-9.70748799e-10
-6.653768001e-11
-2.543340695e-10
7.343452842e-11
-2.345378409e-10
7.979738876e-10
-8.974278581e-10
2.609478622e-09
-1.95125983e-09
4.530613479e-09
-3.361099281e-09
6.470052035e-09
-5.093473018e-09
8.35972313e-09
-7.115834635e-09
1.014894084e-08
-9.396298284e-09
1.180156472e-08
-1.190354551e-08
1.329344975e-08
-1.460683657e-08
1.46099642e-08
-1.747606959e-08
1.574374315e-08
-2.04818464e-08
1.669273244e-08
-2.359551947e-08
1.745853187e-08
-2.678920705e-08
1.804503455e-08
-3.003577372e-08
1.845735031e-08
-3.330878039e-08
1.870099291e-08
-3.65824125e-08
1.878130649e-08
-3.983139742e-08
1.870310344e-08
-4.303092277e-08
1.847048432e-08
-4.615656712e-08
1.808681029e-08
-4.918425266e-08
1.755479886e-08
-5.209022818e-08
1.687671496e-08
-5.485108797e-08
1.605463149e-08
-5.744383035e-08
1.509073553e-08
-5.984595746e-08
1.398765889e-08
-6.203561596e-08
1.274881472e-08
-6.399177655e-08
1.137872381e-08
-6.56944492e-08
9.883317315e-09
-6.712492946e-08
8.270204503e-09
-6.826607065e-08
6.548896002e-09
-6.91025759e-08
4.730974979e-09
-6.962130352e-08
2.830209812e-09
-6.981157863e-08
8.626032683e-10
-6.966550373e-08
-1.153624598e-09
-6.917826036e-08
-3.198126283e-09
-6.834839265e-08
-5.248590361e-09
-6.717806477e-08
-7.280977125e-09
-6.567328232e-08
-9.269828326e-09
-6.384406855e-08
-1.118864659e-08
-6.170458528e-08
-1.301034202e-08
-5.927318882e-08
-1.470774004e-08
-5.657241105e-08
-1.625414253e-08
-5.36288568e-08
-1.762393176e-08
-5.047300958e-08
-1.87932042e-08
-4.713893938e-08
-1.974041948e-08
-4.366390864e-08
-2.044704736e-08
-4.008787485e-08
-2.089819479e-08
-3.645289208e-08
-2.108319439e-08
-3.280241669e-08
-2.099613635e-08
-2.918052695e-08
-2.063632734e-08
-2.563107e-08
-2.000866318e-08
-2.219675349e-08
-1.912390615e-08
-1.891820299e-08
-1.799886322e-08
-1.583300934e-08
-1.665646786e-08
-1.297479278e-08
-1.51257747e-08
-1.03723131e-08
-1.344188285e-08
-8.048656387e-09
-1.164580955e-08
-6.020530784e-09
-9.78433982e-09
-4.29770475e-09
-7.909879536e-09
-2.882623576e-09
-6.080339336e-09
-1.770243281e-09
-4.359075307e-09
-9.481278521e-10
-2.814887613e-09
-3.968697101e-10
-1.522006944e-09
-9.092131348e-11
-5.602824693e-10
-1.748678615e-11
-2.682471257e-10
1.066221008e-09
-1.021044345e-09
3.362275834e-09
-2.210589307e-09
5.720158434e-09
-3.792716654e-09
8.052179374e-09
-5.726029943e-09
1.029303641e-08
-7.971359047e-09
1.239426994e-08
-1.049139072e-08
1.432159639e-08
-1.325042157e-08
1.605248059e-08
-1.621419661e-08
1.757373924e-08
-1.934979767e-08
1.887934419e-08
-2.262555292e-08
1.996848768e-08
-2.601094836e-08
2.08439273e-08
-2.947653056e-08
2.151061674e-08
-3.299379726e-08
2.1974617e-08
-3.653507801e-08
2.224227365e-08
-4.007341071e-08
2.231963919e-08
-4.358242206e-08
2.221211478e-08
-4.703622079e-08
2.192428304e-08
-5.040931225e-08
2.145990174e-08
-5.367654178e-08
2.082202838e-08
-5.681307296e-08
2.001324613e-08
-5.979440492e-08
1.903596344e-08
-6.259643105e-08
1.789276165e-08
-6.519553982e-08
1.658676766e-08
-6.756875677e-08
1.512203166e-08
-6.969392539e-08
1.350389242e-08
-7.154992372e-08
1.173931564e-08
-7.311691232e-08
9.837193096e-09
-7.437660899e-08
7.808592665e-09
-7.531258479e-08
5.666950772e-09
-7.591057562e-08
3.42820063e-09
-7.615880306e-08
1.110830707e-09
-7.604829796e-08
-1.264129705e-09
-7.557321994e-08
-3.673204313e-09
-7.473116325e-08
-6.090647052e-09
-7.352344207e-08
-8.488698318e-09
-7.195534444e-08
-1.083792596e-08
-7.003634542e-08
-1.310764562e-08
-6.778026834e-08
-1.526641911e-08
-6.520538289e-08
-1.72826255e-08
-6.233442855e-08
-1.912509688e-08
-5.919455221e-08
-2.07638081e-08
-5.58171496e-08
-2.217060682e-08
-5.223760184e-08
-2.331996725e-08
-4.84949007e-08
-2.41897485e-08
-4.463115904e-08
-2.476193645e-08
-4.069100678e-08
-2.502334666e-08
-3.672087698e-08
-2.496626615e-08
-3.276819142e-08
-2.458901291e-08
-2.888045994e-08
-2.389639467e-08
-2.510431286e-08
-2.290005324e-08
-2.148449031e-08
-2.161868577e-08
-1.806281648e-08
-2.00781417e-08
-1.487719006e-08
-1.831140113e-08
-1.196062489e-08
-1.635844803e-08
-9.340376274e-09
-1.426605817e-08
-7.037189705e-09
-1.208752639e-08
-5.06470903e-09
-9.882360216e-09
-3.429082119e-09
-7.71596625e-09
-2.128803559e-09
-5.65935387e-09
-1.154837917e-09
-3.788853258e-09
-4.910759056e-10
-2.185768959e-09
-1.151911445e-10
-9.36167234e-10
-1.326779312e-10
-3.006015822e-10
1.366822587e-09
-1.140089593e-09
4.201763836e-09
-2.460948804e-09
7.041017637e-09
-4.21026088e-09
9.801491442e-09
-6.338997319e-09
1.242177284e-08
-8.801508986e-09
1.48567816e-08
-1.155510077e-08
1.707518816e-08
-1.455967477e-08
1.905705458e-08
-1.777743196e-08
2.079149643e-08
-2.117261598e-08
2.22745282e-08
-2.471128324e-08
2.350715494e-08
-2.836108818e-08
2.449373222e-08
-3.20910767e-08
2.524060526e-08
-3.587148594e-08
2.575502624e-08
-3.967355178e-08
2.604433949e-08
-4.346932835e-08
2.611541575e-08
-4.723152544e-08
2.597431186e-08
-5.093337011e-08
2.562612771e-08
-5.454849877e-08
2.507503039e-08
-5.805088482e-08
2.432441442e-08
-6.141480611e-08
2.337716741e-08
-6.461485464e-08
2.223601197e-08
-6.762598963e-08
2.090389663e-08
-7.042363377e-08
1.93844118e-08
-7.298381109e-08
1.768220897e-08
-7.528332403e-08
1.580340537e-08
-7.72999667e-08
1.37559583e-08
-7.901277026e-08
1.154999665e-08
-8.040227665e-08
9.19809905e-09
-8.14508359e-08
6.71551002e-09
-8.214292233e-08
4.120287055e-09
-8.246546429e-08
1.433372654e-09
-8.240818161e-08
-1.321412387e-09
-8.196392589e-08
-4.117460044e-09
-8.112901276e-08
-6.925560187e-09
-7.990354116e-08
-9.714169923e-09
-7.829168771e-08
-1.244977942e-08
-7.630196623e-08
-1.509736709e-08
-7.394744038e-08
-1.762094497e-08
-7.124587623e-08
-1.998418966e-08
-6.821982132e-08
-2.215115179e-08
-6.489659627e-08
-2.408703316e-08
-6.130818578e-08
-2.575901731e-08
-5.749101727e-08
-2.713713576e-08
-5.348561759e-08
-2.81951482e-08
-4.933614157e-08
-2.891141247e-08
-4.50897706e-08
-2.926971763e-08
-4.079598408e-08
-2.926005267e-08
-3.650571272e-08
-2.887928427e-08
-3.227038843e-08
-2.813171896e-08
-2.814091186e-08
-2.702952982e-08
-2.416656423e-08
-2.55930334e-08
-2.039389554e-08
-2.385081039e-08
-1.686562494e-08
-2.183967173e-08
-1.361959245e-08
-1.960448053e-08
-1.068780256e-08
-1.719784807e-08
-8.095600731e-09
-1.467972822e-08
-5.861023335e-09
-1.211693762e-08
-3.994360256e-09
-9.582629333e-09
-2.497968596e-09
-7.155745534e-09
-1.366375768e-09
-4.92044609e-09
-5.867137239e-10
-2.965431006e-09
-1.39528385e-10
-1.383352576e-09
-2.722063172e-10
-3.315771988e-10
1.698399781e-09
-1.25431278e-09
5.124499411e-09
-2.701587574e-09
8.488292423e-09
-4.612213932e-09
1.171211779e-08
-6.929878696e-09
1.47394376e-08
-9.602680927e-09
1.752958382e-08
-1.258267868e-08
2.005518591e-08
-1.582545327e-08
2.229982917e-08
-1.928970228e-08
2.425574543e-08
-2.29368617e-08
2.592168761e-08
-2.673075354e-08
2.730104678e-08
-3.063725578e-08
2.840023445e-08
-3.462399255e-08
2.922734202e-08
-3.866004501e-08
2.97910787e-08
-4.271568482e-08
3.009997929e-08
-4.67621337e-08
3.016186462e-08
-5.077135343e-08
2.998353159e-08
-5.471587083e-08
2.95706451e-08
-5.856864161e-08
2.892780117e-08
-6.230295661e-08
2.805872941e-08
-6.589239241e-08
2.696660321e-08
-6.931080757e-08
2.565442711e-08
-7.253238413e-08
2.412547319e-08
-7.55317135e-08
2.238374116e-08
-7.828392465e-08
2.043442012e-08
-8.076485211e-08
1.828433281e-08
-8.295124082e-08
1.5942347e-08
-8.482098476e-08
1.341974059e-08
-8.635339589e-08
1.073051017e-08
-8.752949998e-08
7.891614107e-09
-8.83323557e-08
4.923142761e-09
-8.874739267e-08
1.848409623e-09
-8.876276372e-08
-1.306041345e-09
-8.836970831e-08
-4.510515457e-09
-8.756291533e-08
-7.732353172e-09
-8.634088228e-08
-1.093620298e-08
-8.470625783e-08
-1.408440387e-08
-8.26661574e-08
-1.713746753e-08
-8.023243832e-08
-2.005466405e-08
-7.742191989e-08
-2.279470809e-08
-7.425653204e-08
-2.531653965e-08
-7.076337589e-08
-2.758018931e-08
-6.697467957e-08
-2.954771363e-08
-6.292763382e-08
-3.118418151e-08
-5.866409404e-08
-3.245868799e-08
-5.42301391e-08
-3.334536741e-08
-4.967548198e-08
-3.382437475e-08
-4.505273288e-08
-3.388280178e-08
-4.041652253e-08
-3.351549462e-08
-3.582250067e-08
-3.272574082e-08
-3.132623198e-08
-3.152579851e-08
-2.698201922e-08
-2.993724616e-08
-2.284168953e-08
-2.799114008e-08
-1.895338503e-08
-2.572797624e-08
-1.536040222e-08
-2.319746334e-08
-1.210012656e-08
-2.045812373e-08
-9.203108035e-09
-1.757674675e-08
-6.69232184e-09
-1.462772381e-08
-4.582654778e-09
-1.16922964e-08
-2.880653867e-09
-8.857746448e-09
-1.584569469e-09
-6.21653049e-09
-6.847236871e-10
-3.865276791e-09
-1.642252277e-10
-1.903851038e-09
-4.364315453e-10
-3.61139848e-10
2.059539625e-09
-1.363475148e-09
6.126834703e-09
-2.931839466e-09
1.005665673e-08
-4.997256867e-09
1.377753519e-08
-7.496511803e-09
1.723869253e-08
-1.037173652e-08
2.040480853e-08
-1.356994459e-08
2.325339397e-08
-1.704253663e-08
2.577242121e-08
-2.07448062e-08
2.795801499e-08
-2.46354595e-08
2.98123409e-08
-2.867615622e-08
3.134174349e-08
-3.28310756e-08
3.255515383e-08
-3.706651099e-08
3.34627774e-08
-4.135049578e-08
3.407506349e-08
-4.565246406e-08
3.440194756e-08
-4.994294918e-08
3.445234973e-08
-5.419332379e-08
3.42339062e-08
-5.837558426e-08
3.375290556e-08
-6.246218184e-08
3.301439874e-08
-6.642590222e-08
3.202244978e-08
-7.023979397e-08
3.078049496e-08
-7.387714548e-08
2.929177861e-08
-7.731150925e-08
2.755983695e-08
-8.051677163e-08
2.558900354e-08
-8.346726572e-08
2.33849142e-08
-8.613792488e-08
2.095499197e-08
-8.850447429e-08
1.83088964e-08
-9.054365811e-08
1.54589244e-08
-9.223349984e-08
1.242035189e-08
-9.355359353e-08
9.211707795e-09
-9.448542363e-08
5.85497286e-09
-9.501271043e-08
2.375696408e-09
-9.512177711e-08
-1.196974669e-09
-9.480193849e-08
-4.830354081e-09
-9.404589736e-08
-8.488394307e-09
-9.285014911e-08
-1.213195123e-08
-9.12153797e-08
-1.571917328e-08
-8.914684638e-08
-1.920600086e-08
-8.665472675e-08
-2.254678369e-08
-8.375441919e-08
-2.569501565e-08
-8.046677596e-08
-2.860418288e-08
-7.681824869e-08
-3.122871659e-08
-7.284092582e-08
-3.352503651e-08
-6.857244194e-08
-3.545266539e-08
-6.405574142e-08
-3.697538851e-08
-5.933868195e-08
-3.806242688e-08
-5.447346912e-08
-3.868958759e-08
-4.951591954e-08
-3.884035137e-08
-4.452455817e-08
-3.8506856e-08
-3.955956409e-08
-3.76907349e-08
-3.46815883e-08
-3.640377432e-08
-2.99504757e-08
-3.466835876e-08
-2.542393189e-08
-3.251768389e-08
-2.115618115e-08
-2.999572699e-08
-1.719666681e-08
-2.715697768e-08
-1.358884678e-08
-2.406594377e-08
-1.036913601e-08
-2.079645751e-08
-7.566044555e-09
-1.743081527e-08
-5.199553754e-09
-1.40587872e-08
-3.280765834e-09
-1.077653437e-08
-1.81185353e-09
-7.685442797e-09
-7.86330854e-10
-4.890799469e-09
-1.896457988e-10
-2.500536095e-09
-6.260773449e-10
-3.892383628e-10
2.448777983e-09
-1.467313579e-09
7.204909913e-09
-3.151037204e-09
1.174038035e-08
-5.364124482e-09
1.599062246e-08
-8.036863706e-09
1.991143174e-08
-1.110574674e-08
2.347369156e-08
-1.451299526e-08
2.666064248e-08
-1.820602107e-08
2.946544701e-08
-2.213686062e-08
3.188885453e-08
-2.626160836e-08
3.393708864e-08
-3.053986478e-08
3.56199999e-08
-3.493420997e-08
3.694949901e-08
-3.940971071e-08
3.793827813e-08
-4.393346691e-08
3.859881968e-08
-4.847420205e-08
3.89426827e-08
-5.300190139e-08
3.898004906e-08
-5.748750071e-08
3.87195055e-08
-6.190262761e-08
3.816803246e-08
-6.621939643e-08
3.733116755e-08
-7.041025673e-08
3.621331008e-08
-7.444789459e-08
3.481813281e-08
-7.830518514e-08
3.314906915e-08
-8.195519405e-08
3.120984585e-08
-8.537122567e-08
2.900503515e-08
-8.852691508e-08
2.65406036e-08
-9.139636174e-08
2.382443862e-08
-9.395430269e-08
2.086683735e-08
-9.617632351e-08
1.768094522e-08
-9.803910587e-08
1.428313425e-08
-9.952071066e-08
1.069331257e-08
-1.006008957e-07
6.935157879e-09
-1.012614668e-07
3.03626756e-09
-1.014866594e-07
-9.717821083e-10
-1.012635526e-07
-5.053460894e-09
-1.005825017e-07
-9.169445204e-09
-9.943759248e-08
-1.327686046e-08
-9.782710062e-08
-1.732966515e-08
-9.575394599e-08
-2.127915549e-08
-9.322612615e-08
-2.507460353e-08
-9.025711018e-08
-2.866403163e-08
-8.686617119e-08
-3.199512187e-08
-8.307863389e-08
-3.50162539e-08
-7.892601187e-08
-3.767765853e-08
-7.444600997e-08
-3.993266729e-08
-6.968236826e-08
-4.173903023e-08
-6.468452798e-08
-4.306026717e-08
-5.950710524e-08
-4.386701032e-08
-5.420916574e-08
-4.413829088e-08
-4.885330265e-08
-4.386271908e-08
-4.350453075e-08
-4.303950681e-08
-3.822902027e-08
-4.16792848e-08
-3.309270559e-08
-3.980467344e-08
-2.815981333e-08
-3.745057615e-08
-2.349136289e-08
-3.466417743e-08
-1.914369778e-08
-3.15046428e-08
-1.51671085e-08
-2.804253305e-08
-1.160460637e-08
-2.435895965e-08
-8.49090275e-09
-2.05445189e-08
-5.851640205e-09
-1.669804975e-08
-3.702910499e-09
-1.292526408e-08
-2.0510823e-09
-9.337270997e-09
-8.929519261e-10
-6.048929846e-09
-2.162003934e-10
-3.17728763e-09
-8.422777385e-10
-4.15802569e-10
2.864580549e-09
-1.565524126e-09
8.354631462e-09
-3.358467898e-09
1.353332412e-08
-5.711523747e-09
1.83436783e-08
-8.54890935e-09
2.274881734e-08
-1.18018336e-08
2.67266158e-08
-1.540801653e-08
3.026682541e-08
-1.931111237e-08
3.336854284e-08
-2.346008471e-08
3.603782686e-08
-2.780856659e-08
3.828557052e-08
-3.231422831e-08
4.012566162e-08
-3.693816934e-08
4.157344003e-08
-4.164434645e-08
4.264445524e-08
-4.639904679e-08
4.335352001e-08
-5.117041195e-08
4.371404785e-08
-5.592801744e-08
4.373765455e-08
-6.064251016e-08
4.343399822e-08
-6.528530512e-08
4.281082741e-08
-6.982834131e-08
4.187420374e-08
-7.424389565e-08
4.062886441e-08
-7.850445292e-08
3.907869007e-08
-8.25826291e-08
3.722724533e-08
-8.645114514e-08
3.50783619e-08
-9.008284819e-08
3.26367382e-08
-9.345077753e-08
2.990853293e-08
-9.652827316e-08
2.690193425e-08
-9.928912545e-08
2.362768964e-08
-1.017077651e-07
2.009958481e-08
-1.037594931e-07
1.633486225e-08
-1.054207518e-07
1.235457136e-08
-1.066694373e-07
8.183843295e-09
-1.074852527e-07
3.852082951e-09
-1.078501029e-07
-6.069319131e-10
-1.077485329e-07
-5.155030843e-09
-1.071681976e-07
-9.749780553e-09
-1.061003676e-07
-1.434469043e-08
-1.045404553e-07
-1.888957741e-08
-1.024885494e-07
-2.333106139e-08
-9.994994229e-08
-2.761321069e-08
-9.693562954e-08
-3.167834439e-08
-9.346275727e-08
-3.546799414e-08
-8.955498922e-08
-3.892402195e-08
-8.524276406e-08
-4.19898837e-08
-8.056341216e-08
-4.461201919e-08
-7.556110211e-08
-4.674134029e-08
-7.02865905e-08
-4.833477878e-08
-6.479675423e-08
-4.935684659e-08
-5.91538925e-08
-4.978115261e-08
-5.342479612e-08
-4.959181546e-08
-4.767959411e-08
-4.878470883e-08
-4.199040051e-08
-4.73684784e-08
-3.642979837e-08
-4.536527558e-08
-3.106920998e-08
-4.281116454e-08
-2.597721321e-08
-3.97561742e-08
-2.121787106e-08
-3.626398495e-08
-1.684914472e-08
-3.241125938e-08
-1.292145931e-08
-2.828664506e-08
-9.476485033e-09
-2.398949317e-08
-6.546186281e-09
-1.96283485e-08
-4.152175913e-09
-1.531927445e-08
-2.305395702e-09
-1.118405121e-08
-1.006131114e-09
-7.348194434e-09
-2.443288005e-10
-3.939089945e-09
-1.08660654e-09
-4.407441191e-10
3.305324664e-09
-1.657757736e-09
9.571645073e-09
-3.553355177e-09
1.542892155e-08
-6.03809525e-09
2.082841837e-08
-9.030568668e-09
2.574129075e-08
-1.245708313e-08
3.015313026e-08
-1.62511756e-08
3.406091787e-08
-2.035300338e-08
3.747037061e-08
-2.47086694e-08
4.039349288e-08
-2.92695203e-08
4.284642141e-08
-3.399144524e-08
4.484758656e-08
-3.883419656e-08
4.641619134e-08
-4.376074753e-08
4.757100621e-08
-4.873669869e-08
4.832947116e-08
-5.372974007e-08
4.870708923e-08
-5.870917465e-08
4.871708912e-08
-6.364550544e-08
4.8370329e-08
-6.851008701e-08
4.767540898e-08
-7.327484065e-08
4.663895737e-08
-7.791203093e-08
4.526605469e-08
-8.239410086e-08
4.356076e-08
-8.669356191e-08
4.152670637e-08
-9.078293552e-08
3.91677355e-08
-9.463474271e-08
3.648854538e-08
-9.822153894e-08
3.349532916e-08
-1.015159926e-07
3.019638787e-08
-1.044910058e-07
2.660270289e-08
-1.071198787e-07
2.272845769e-08
-1.093765168e-07
1.859150034e-08
-1.112356851e-07
1.421373969e-08
-1.126733102e-07
9.621468385e-09
-1.136668329e-07
4.845605599e-09
-1.141956138e-07
-7.81509563e-11
-1.142413879e-07
-5.109256771e-09
-1.137887775e-07
-1.020239092e-08
-1.128258459e-07
-1.530762204e-08
-1.113446927e-07
-2.037073061e-08
-1.093420741e-07
-2.533368008e-08
-1.068200316e-07
-3.013525311e-08
-1.037865092e-07
-3.471186682e-08
-1.002559289e-07
-3.899857446e-08
-9.624969616e-08
-4.293025468e-08
-9.17965985e-08
-4.644298137e-08
-8.693306055e-08
-4.947555715e-08
-8.17032188e-08
-5.197118203e-08
-7.61587812e-08
-5.387921638e-08
-7.035864257e-08
-5.515698523e-08
-6.436823525e-08
-5.577155993e-08
-5.825860603e-08
-5.570144468e-08
-5.210522426e-08
-5.49380906e-08
-4.598654238e-08
-5.348716029e-08
-3.998234634e-08
-5.136947163e-08
-3.417194951e-08
-4.862156138e-08
-2.863229723e-08
-4.529582648e-08
-2.343605922e-08
-4.146022297e-08
-1.864979199e-08
-3.719752661e-08
-1.433225268e-08
-3.260418438e-08
-1.053293865e-08
-2.778880721e-08
-7.290914386e-09
-2.287037277e-08
-4.63396837e-09
-1.797622047e-08
-2.57812191e-09
-1.323989767e-08
-1.12749563e-09
-8.798820717e-09
-2.744894003e-10
-4.792096177e-09
-1.36109594e-09
-4.639589547e-10
3.769283616e-09
-1.743623701e-09
1.085130981e-08
-3.734858939e-09
1.742015678e-08
-6.342404296e-09
2.343596372e-08
-9.479685582e-09
2.887857203e-08
-1.306851118e-08
3.374195585e-08
-1.703857476e-08
3.803098144e-08
-2.132681863e-08
4.175861447e-08
-2.587671719e-08
4.494339143e-08
-3.063752303e-08
4.760722725e-08
-3.556350739e-08
4.977357092e-08
-4.061321935e-08
5.146590329e-08
-4.574878197e-08
5.270656882e-08
-5.093523866e-08
5.351592785e-08
-5.61399589e-08
5.391180946e-08
-6.133210887e-08
5.390923909e-08
-6.648218993e-08
5.352041006e-08
-7.156164529e-08
5.275486433e-08
-7.654253339e-08
5.161984547e-08
-8.139726529e-08
5.012078659e-08
-8.609840211e-08
4.826189681e-08
-9.06185085e-08
4.604681275e-08
-9.4930058e-08
4.3479285e-08
-9.900538672e-08
4.05638741e-08
-1.028166927e-07
3.730663516e-08
-1.063360795e-07
3.371577461e-08
-1.095356433e-07
2.980226673e-08
-1.123876062e-07
2.558042056e-08
-1.148644959e-07
2.106839003e-08
-1.169393775e-07
1.628862128e-08
-1.1858614e-07
1.126823094e-08
-1.197798427e-07
6.039308308e-09
-1.204971255e-07
6.39131835e-10
-1.207166772e-07
-4.889705073e-09
-1.204197889e-07
-1.049927925e-08
-1.195909491e-07
-1.613646183e-08
-1.182185108e-07
-2.174316897e-08
-1.162953986e-07
-2.725679228e-08
-1.138198455e-07
-3.26108062e-08
-1.107961349e-07
-3.773557738e-08
-1.072353198e-07
-4.255938963e-08
-1.03155883e-07
-4.700969142e-08
-9.858430015e-08
-5.101456426e-08
-9.355545879e-08
-5.45043985e-08
-8.811289106e-08
-5.741374977e-08
-8.230877374e-08
-5.96833337e-08
-7.620365759e-08
-6.126210139e-08
-6.986589471e-08
-6.210932281e-08
-6.337074618e-08
-6.219659321e-08
-5.67991676e-08
-6.150966918e-08
-5.02362895e-08
-6.005003839e-08
-4.376962963e-08
-5.783613149e-08
-3.748709422e-08
-5.490409679e-08
-3.147484317e-08
-5.130807753e-08
-2.581510796e-08
-4.711995818e-08
-2.058405859e-08
-4.242857598e-08
-1.58498168e-08
-3.733842616e-08
-1.167070515e-08
-3.196791886e-08
-8.093806619e-09
-2.64472713e-08
-5.153886924e-09
-2.091614016e-08
-2.872705965e-09
-1.552107863e-08
-1.258724586e-09
-1.04128021e-08
-3.071520658e-10
-5.743668698e-09
-1.668248006e-09
-4.85330826e-10
4.254614438e-09
-1.822698245e-09
1.218867723e-08
-3.902087238e-09
1.949954577e-08
-6.622953054e-09
2.615682953e-08
-9.894037653e-09
3.214965663e-08
-1.363306894e-08
3.748098714e-08
-1.77662528e-08
4.21641653e-08
-2.222761292e-08
4.621997459e-08
-2.695824016e-08
4.967401867e-08
-3.190549629e-08
5.255448336e-08
-3.702220616e-08
5.489028079e-08
-4.226586526e-08
5.670956238e-08
-4.759788277e-08
5.803858632e-08
-5.298287534e-08
5.890092041e-08
-5.838802168e-08
5.93169558e-08
-6.378248447e-08
5.930370187e-08
-6.913690255e-08
5.887482814e-08
-7.442295372e-08
5.80409155e-08
-7.96129863e-08
5.680987804e-08
-8.467971598e-08
5.518751627e-08
-8.959598375e-08
5.317816458e-08
-9.433457005e-08
5.078539905e-08
-9.886806086e-08
4.80127758e-08
-1.031687619e-07
4.486457515e-08
-1.072086585e-07
4.134653175e-08
-1.109594198e-07
3.746653585e-08
-1.143924478e-07
3.323529478e-08
-1.174789742e-07
2.866694699e-08
-1.201902073e-07
2.377962311e-08
-1.224975351e-07
1.859594907e-08
-1.243727904e-07
1.314348627e-08
-1.257885839e-07
7.455101751e-09
-1.267187107e-07
1.569258678e-09
-1.271386319e-07
-4.469783926e-09
-1.270260521e-07
-1.061185898e-08
-1.263615589e-07
-1.680095505e-08
-1.25129354e-07
-2.297537395e-08
-1.233180474e-07
-2.906809879e-08
-1.209215039e-07
-3.500734979e-08
-1.179397164e-07
-4.071736483e-08
-1.1437968e-07
-4.611942605e-08
-1.102562244e-07
-5.113314704e-08
-1.055927626e-07
-5.567802603e-08
-1.004219037e-07
-5.96752574e-08
-9.478587511e-08
-6.304977836e-08
-8.873669989e-08
-6.573250892e-08
-8.23360772e-08
-6.766272408e-08
-7.565492266e-08
-6.879047735e-08
-6.877253839e-08
-6.907897749e-08
-6.177540036e-08
-6.850680721e-08
-5.475557283e-08
-6.706986592e-08
-4.780878396e-08
-6.478292037e-08
-4.103222209e-08
-6.168065866e-08
-3.45221354e-08
-5.781816422e-08
-2.837133644e-08
-5.327075714e-08
-2.266672505e-08
-4.813318737e-08
-1.748694631e-08
-4.251820491e-08
-1.290029332e-08
-3.655457185e-08
-8.962947746e-09
-3.038461687e-08
-5.717624544e-09
-2.416146336e-08
-3.192656243e-09
-1.804604693e-08
-1.401527024e-09
-1.220393132e-08
-3.427936098e-10
-6.802402113e-09
-2.011041616e-09
-5.047355241e-10
4.75934996e-09
-1.894536735e-09
1.357847843e-08
-4.054116879e-09
2.165912591e-08
-6.878208164e-09
2.898092081e-08
-1.027136882e-08
3.554281728e-08
-1.414767933e-08
4.135729763e-08
-1.843022426e-08
4.644671023e-08
-2.305041373e-08
5.084016406e-08
-2.794720682e-08
5.457081175e-08
-3.306628252e-08
5.767355906e-08
-3.835919391e-08
6.018319218e-08
-4.378253367e-08
6.213290214e-08
-4.929713292e-08
6.355318557e-08
-5.486730972e-08
6.447109721e-08
-6.046017858e-08
6.490982465e-08
-6.604502796e-08
6.488855125e-08
-7.159276921e-08
6.442256938e-08
-7.707545715e-08
6.352360343e-08
-8.24658803e-08
6.220030119e-08
-8.773721689e-08
6.045885286e-08
-9.286275191e-08
5.83036996e-08
-9.781565025e-08
5.573829738e-08
-1.02568781e-07
5.276590658e-08
-1.070945895e-07
4.939038364e-08
-1.113650141e-07
4.561695629e-08
-1.153514473e-07
4.145296909e-08
-1.190247429e-07
3.690859036e-08
-1.223552706e-07
3.199747474e-08
-1.253130251e-07
2.67373776e-08
-1.278677941e-07
2.115071807e-08
-1.299893945e-07
1.52650867e-08
-1.316479843e-07
9.113691562e-09
-1.328144581e-07
2.7357324e-09
-1.33460929e-07
-3.823312969e-09
-1.335613257e-07
-1.051146235e-08
-1.330920634e-07
-1.727021736e-08
-1.320328342e-07
-2.403460308e-08
-1.303674827e-07
-3.073345035e-08
-1.280849585e-07
-3.728987399e-08
-1.251803262e-07
-4.36219971e-08
-1.216558002e-07
-4.964395212e-08
-1.175217646e-07
-5.526718258e-08
-1.127977304e-07
-6.040206027e-08
-1.075131693e-07
-6.495981851e-08
-1.017081628e-07
-6.885478478e-08
-9.543379796e-08
-7.200687381e-08
-8.875224324e-08
-7.434427879e-08
-8.173644767e-08
-7.580627292e-08
-7.446941515e-08
-7.634601001e-08
-6.704302886e-08
-7.59331935e-08
-5.955642389e-08
-7.455647088e-08
-5.211393649e-08
-7.222540777e-08
-4.482268923e-08
-6.897190592e-08
-3.778990195e-08
-6.48509515e-08
-3.112004381e-08
-5.994061528e-08
-2.491195987e-08
-5.434127132e-08
-1.925611274e-08
-4.817405204e-08
-1.423207501e-08
-4.157860958e-08
-9.906389875e-09
-3.471030201e-08
-6.330886904e-09
-2.773696634e-08
-3.54150288e-09
-2.083543096e-08
-1.55762602e-09
-1.418780817e-08
-3.818949022e-10
-7.97813323e-09
-2.392936518e-09
-5.220456892e-10
5.281395646e-09
-1.958688629e-09
1.501512137e-08
-4.190020614e-09
2.389045789e-08
-7.106640187e-09
3.189754038e-08
-1.060944009e-08
3.904561718e-08
-1.460929767e-08
4.535715521e-08
-1.90265493e-08
5.086396186e-08
-2.379030008e-08
5.560391484e-08
-2.883763024e-08
5.96181419e-08
-3.411274369e-08
6.294867251e-08
-3.956609445e-08
6.563654293e-08
-4.515352008e-08
6.772032777e-08
-5.083540526e-08
6.923507074e-08
-5.657589263e-08
7.021158458e-08
-6.234215344e-08
7.067608546e-08
-6.810372547e-08
7.065012328e-08
-7.383192217e-08
7.015076608e-08
-7.949931331e-08
6.919099457e-08
-8.507927502e-08
6.77802629e-08
-9.054560524e-08
6.592518308e-08
-9.587219962e-08
6.363029397e-08
-1.010327824e-07
6.089888014e-08
-1.060006875e-07
5.77338117e-08
-1.107486862e-07
5.413838235e-08
-1.152488585e-07
5.011712858e-08
-1.194725082e-07
4.567661883e-08
-1.233901235e-07
4.082620565e-08
-1.269713861e-07
3.557873731e-08
-1.301852357e-07
2.99512272e-08
-1.329999972e-07
2.396547954e-08
-1.353835796e-07
1.764866911e-08
-1.373037578e-07
1.103386977e-08
-1.387285468e-07
4.160521358e-09
-1.396266729e-07
-2.925186846e-09
-1.399681761e-07
-1.01699591e-08
-1.397251027e-07
-1.751329077e-08
-1.388723417e-07
-2.488736416e-08
-1.373885713e-07
-3.221722073e-08
-1.352573132e-07
-3.942113209e-08
-1.324680739e-07
-4.641123633e-08
-1.290175458e-07
-5.309448028e-08
-1.249108251e-07
-5.937390322e-08
-1.201625967e-07
-6.515028866e-08
-1.14798219e-07
-7.032419626e-08
-1.088546369e-07
-7.479836683e-08
-1.023810423e-07
-7.848046841e-08
-9.543919854e-08
-8.12861226e-08
-8.810335239e-08
-8.314211907e-08
-8.045966764e-08
-8.398969476e-08
-7.260513425e-08
-8.378772689e-08
-6.464593668e-08
-8.251566845e-08
-5.669529856e-08
-8.01760459e-08
-4.887085977e-08
-7.679634471e-08
-4.129168111e-08
-7.243013017e-08
-3.407500595e-08
-6.715729044e-08
-2.733293511e-08
-6.108334216e-08
-2.116918427e-08
-5.433780287e-08
-1.567609216e-08
-4.707170168e-08
-1.093202916e-08
-3.945436501e-08
-6.999321695e-09
-3.16696738e-08
-3.922763588e-09
-2.391198906e-08
-1.728746663e-09
-1.63818251e-08
-4.249390765e-10
-9.281940817e-09
-2.817875594e-09
-5.371360656e-10
5.81853171e-09
-2.014714599e-09
1.64926999e-08
-4.308899518e-09
2.61846428e-08
-7.306772392e-09
3.489541325e-08
-1.090609454e-08
4.264493933e-08
-1.50149922e-08
4.946605286e-08
-1.955142888e-08
5.540039853e-08
-2.444251177e-08
6.049499773e-08
-2.962369159e-08
6.479932172e-08
-3.503789958e-08
6.83628805e-08
-4.063465717e-08
7.123330052e-08
-4.636918758e-08
7.345485817e-08
-5.220155314e-08
7.50674363e-08
-5.809583645e-08
7.61058679e-08
-6.40193786e-08
7.65996276e-08
-6.994208264e-08
7.657282732e-08
-7.583578683e-08
7.604447027e-08
-8.167370804e-08
7.502891578e-08
-8.742995348e-08
7.353650834e-08
-9.307909658e-08
7.157432618e-08
-9.859581194e-08
6.914700933e-08
-1.039545639e-07
6.625763211e-08
-1.091293438e-07
6.290859156e-08
-1.140934517e-07
5.910249024e-08
-1.18819321e-07
5.484299795e-08
-1.232783853e-07
5.013568313e-08
-1.274409889e-07
4.498880925e-08
-1.312763468e-07
3.941409515e-08
-1.347525593e-07
3.342743968e-08
-1.378366914e-07
2.704961168e-08
-1.404949268e-07
2.030690448e-08
-1.426928086e-07
1.323175163e-08
-1.443955816e-07
5.863294339e-09
-1.455686404e-07
-1.752128107e-09
-1.461781162e-07
-9.560483258e-09
-1.461915819e-07
-1.749982504e-08
-1.455789151e-07
-2.550003094e-08
-1.443133014e-07
-3.348283446e-08
-1.42372376e-07
-4.136205749e-08
-1.397394901e-07
-4.904412227e-08
-1.364050747e-07
-5.642889565e-08
-1.323680637e-07
-6.341091423e-08
-1.27637321e-07
-6.98810314e-08
-1.222330037e-07
-7.572851357e-08
-1.161877781e-07
-8.084359242e-08
-1.095477941e-07
-8.512045233e-08
-1.023733181e-07
-8.846059864e-08
-9.473892357e-08
-9.077651361e-08
-8.673315102e-08
-9.199546731e-08
-7.845756587e-08
-9.206331204e-08
-7.002517568e-08
-9.094805864e-08
-6.155820733e-08
-8.864301425e-08
-5.318529188e-08
-8.516926016e-08
-4.503815392e-08
-8.057726812e-08
-3.724794884e-08
-7.494749552e-08
-2.994142864e-08
-6.838986236e-08
-2.323714026e-08
-6.104209126e-08
-1.724186441e-08
-5.306697753e-08
-1.204748647e-08
-4.464874295e-08
-7.728452672e-09
-3.59887076e-08
-4.339913322e-09
-2.730052841e-08
-1.916606179e-09
-1.880513224e-08
-4.724103631e-10
-1.072613663e-08
-3.290285957e-09
-5.498891749e-10
6.368420882e-09
-2.062205431e-09
1.800501615e-08
-4.409919593e-09
2.853235696e-08
-7.477237157e-09
3.796273081e-08
-1.115933407e-08
4.632703624e-08
-1.53620408e-08
5.366875959e-08
-2.000132081e-08
6.003967853e-08
-2.500258443e-08
6.549626134e-08
-3.029989382e-08
7.009663111e-08
-3.583510051e-08
7.389808718e-08
-4.155694972e-08
7.695514972e-08
-4.742018072e-08
7.931808918e-08
-5.338464728e-08
8.103190286e-08
-5.941447714e-08
8.213569776e-08
-6.547728443e-08
8.266243488e-08
-7.154344416e-08
8.263898705e-08
-7.758543371e-08
8.208645981e-08
-8.357724221e-08
8.102072429e-08
-8.949384628e-08
7.94531124e-08
-9.531074792e-08
7.739122782e-08
-1.010035697e-07
7.483983109e-08
-1.065477014e-07
7.180176384e-08
-1.119179937e-07
6.827888387e-08
-1.170884941e-07
6.427299063e-08
-1.220322236e-07
5.978672742e-08
-1.267209935e-07
5.482445305e-08
-1.31125265e-07
4.939308079e-08
-1.352140556e-07
4.350288576e-08
-1.389549e-07
3.716828403e-08
-1.423138747e-07
3.040858642e-08
-1.45255699e-07
2.324872879e-08
-1.477439245e-07
1.571997709e-08
-1.497412303e-07
7.860600088e-09
-1.512098442e-07
-2.835141705e-10
-1.521120682e-07
-8.658259279e-09
-1.524110134e-07
-1.720087976e-08
-1.52071444e-07
-2.583960043e-08
-1.510608226e-07
-3.449345577e-08
-1.493505224e-07
-4.307235771e-08
-1.469172011e-07
-5.147744364e-08
-1.437443192e-07
-5.960177749e-08
-1.398237663e-07
-6.733146716e-08
-1.351575408e-07
-7.454725685e-08
-1.29759414e-07
-8.112664034e-08
-1.236564858e-07
-8.69465207e-08
-1.168905251e-07
-9.188641297e-08
-1.095189765e-07
-9.583214723e-08
-1.016155059e-07
-9.867998428e-08
-9.326996803e-08
-1.003410051e-07
-8.458769477e-08
-1.007455853e-07
-7.568803356e-08
-9.984771984e-08
-6.670211391e-08
-9.76289339e-08
-5.776987271e-08
-9.410150136e-08
-4.903643249e-08
-8.931070833e-08
-4.064798708e-08
-8.333594092e-08
-3.274740163e-08
-7.629044781e-08
-2.546977032e-08
-6.831972257e-08
-1.893818872e-08
-5.959855913e-08
-1.3259985e-08
-5.032694666e-08
-8.52361357e-09
-4.072507903e-08
-4.796354827e-09
-3.102778715e-08
-2.122904848e-09
-2.147858222e-08
-5.247932149e-10
-1.232424826e-08
-3.815079172e-09
-5.602013159e-10
6.928622198e-09
-2.100802448e-09
1.954561728e-08
-4.492351888e-09
3.09239064e-08
-7.616838668e-09
4.108721758e-08
-1.136740583e-08
5.00776034e-08
-1.564804127e-08
5.794939503e-08
-2.037307358e-08
6.476471084e-08
-2.546650627e-08
7.058969403e-08
-3.086124124e-08
7.549136608e-08
-3.649822988e-08
7.953507582e-08
-4.232558418e-08
8.278250402e-08
-4.829767674e-08
8.529018173e-08
-5.437425385e-08
8.710847997e-08
-6.051958142e-08
8.828102533e-08
-6.670163841e-08
8.884449187e-08
-7.289136784e-08
8.882871648e-08
-7.906199091e-08
8.825708288e-08
-8.518838599e-08
8.714711936e-08
-9.124653101e-08
8.551125742e-08
-9.72130057e-08
8.335770251e-08
-1.030645486e-07
8.069137397e-08
-1.087776634e-07
7.751487862e-08
-1.143282697e-07
7.38294902e-08
-1.196913942e-07
6.963611512e-08
-1.248408995e-07
6.493623272e-08
-1.297492511e-07
5.973280465e-08
-1.343873239e-07
5.403115365e-08
-1.387242537e-07
4.783981554e-08
-1.427273399e-07
4.117137017e-08
-1.463620105e-07
3.404325708e-08
-1.495918619e-07
2.647858016e-08
-1.523787867e-07
1.850690195e-08
-1.546832093e-07
1.016502265e-08
-1.564644518e-07
1.497728386e-09
-1.576812039e-07
-7.441507209e-09
-1.582922507e-07
-1.658983297e-08
-1.582572667e-07
-2.587458439e-08
-1.575378847e-07
-3.521283776e-08
-1.5609895e-07
-4.451129248e-08
-1.539099803e-07
-5.366641329e-08
-1.509468202e-07
-6.256493759e-08
-1.471934591e-07
-7.108482824e-08
-1.426439663e-07
-7.909674969e-08
-1.373044702e-07
-8.646613637e-08
-1.311950875e-07
-9.305590349e-08
-1.243516805e-07
-9.872981996e-08
-1.168273063e-07
-1.033565214e-07
-1.086932034e-07
-1.068140872e-07
-1.000391632e-07
-1.089950453e-07
-9.097314865e-08
-1.098115998e-07
-8.162005019e-08
-1.092008183e-07
-7.211952125e-08
-1.071294628e-07
-6.262289969e-08
-1.035981229e-07
-5.328929731e-08
-9.864431072e-08
-4.428101852e-08
-9.234421971e-08
-3.575854145e-08
-8.481292487e-08
-2.787534867e-08
-7.620291535e-08
-2.077292306e-08
-6.670098474e-08
-1.457621898e-08
-5.652365073e-08
-9.389877689e-09
-4.591142032e-08
-5.295387583e-09
-3.512227726e-08
-2.349316535e-09
-2.442465326e-08
-5.825714133e-10
-1.409099338e-08
-4.397650585e-09
-5.679888781e-10
7.496611073e-09
-2.130219178e-09
2.110784758e-08
-4.555615533e-09
3.334930275e-08
-7.72462084e-09
4.425622289e-08
-1.152889672e-08
5.388187928e-08
-1.587103295e-08
6.229153125e-08
-2.066407486e-08
6.955775275e-08
-2.583089313e-08
7.575651231e-08
-3.130344082e-08
8.096391377e-08
-3.702193189e-08
8.525356688e-08
-4.293397188e-08
8.869454401e-08
-4.899366865e-08
9.134987851e-08
-5.516074779e-08
9.327555911e-08
-6.139969304e-08
9.451997057e-08
-6.767892751e-08
9.512372634e-08
-7.397004676e-08
9.511983574e-08
-8.02471102e-08
9.453414632e-08
-8.648599326e-08
9.338600242e-08
-9.266379972e-08
9.168906389e-08
-9.875833082e-08
8.945223361e-08
-1.047476065e-07
8.668064965e-08
-1.106094335e-07
8.337670566e-08
-1.163210154e-07
7.954107208e-08
-1.218586e-07
7.517369969e-08
-1.271971622e-07
7.0274795e-08
-1.323101219e-07
6.48457643e-08
-1.371690972e-07
5.889012897e-08
-1.417436999e-07
5.241441823e-08
-1.460013778e-07
4.542904804e-08
-1.499073153e-07
3.79491946e-08
-1.534244047e-07
2.999566957e-08
-1.565133033e-07
2.159580054e-08
-1.591325955e-07
1.278431491e-08
-1.61239082e-07
3.604214842e-09
-1.627881978e-07
-5.892391402e-09
-1.637346597e-07
-1.564337106e-08
-1.640332266e-07
-2.557601748e-08
-1.636397419e-07
-3.560632246e-08
-1.625123995e-07
-4.563863484e-08
-1.606132581e-07
-5.556555472e-08
-1.579100022e-07
-6.526819344e-08
-1.543779331e-07
-7.461689739e-08
-1.500021474e-07
-8.347253538e-08
-1.447798385e-07
-9.168844524e-08
-1.387226223e-07
-9.911311968e-08
-1.318587595e-07
-1.055936828e-07
-1.242351168e-07
-1.109801641e-07
-1.159186863e-07
-1.151305178e-07
-1.069974723e-07
-1.179162593e-07
-9.758056089e-08
-1.192285113e-07
-8.779721384e-08
-1.189841654e-07
-7.779488298e-08
-1.171317937e-07
-6.773611138e-08
-1.136568945e-07
-5.77943814e-08
-1.085860407e-07
-4.814906941e-08
-1.019895317e-07
-3.897976302e-08
-9.398223125e-08
-3.046027648e-08
-8.472240189e-08
-2.275274759e-08
-7.440851362e-08
-1.600220801e-08
-6.327419031e-08
-1.033197949e-08
-5.158164884e-08
-5.840172919e-09
-3.961408383e-08
-2.597477825e-09
-2.766734836e-08
-6.462269051e-10
-1.60422443e-08
-5.043877489e-09
-5.731948777e-10
8.069805951e-09
-2.150264081e-09
2.268491678e-08
-4.599323214e-09
3.579836188e-08
-7.799939614e-09
4.745683929e-08
-1.164283469e-08
5.772477435e-08
-1.602962773e-08
6.667832429e-08
-2.087241223e-08
7.440053725e-08
-2.609317869e-08
8.097727876e-08
-3.162312151e-08
8.649385659e-08
-3.740186001e-08
9.103230538e-08
-4.337660159e-08
9.466928559e-08
-4.950127454e-08
9.747455146e-08
-5.573565522e-08
9.950993979e-08
-6.2044511e-08
1.008288263e-07
-6.839677581e-08
1.014759912e-07
-7.476477072e-08
1.014878307e-07
-8.112347707e-08
1.008928527e-07
-8.744986581e-08
9.971239116e-08
-9.372228295e-08
9.796148103e-08
-9.991988865e-08
9.564983931e-08
-1.060221455e-07
9.27829065e-08
-1.120083511e-07
8.936291122e-08
-1.178572096e-07
8.538993067e-08
-1.23546439e-07
8.08629291e-08
-1.290524094e-07
7.57807654e-08
-1.343498135e-07
7.01431684e-08
-1.394113691e-07
6.39516845e-08
-1.442075575e-07
5.721060664e-08
-1.487064051e-07
4.992789564e-08
-1.528733161e-07
4.211610567e-08
-1.566709702e-07
3.379332367e-08
-1.600592996e-07
2.498412985e-08
-1.629955659e-07
1.572058128e-08
-1.654345602e-07
6.043209157e-09
-1.673289393e-07
-3.998012309e-09
-1.686297693e-07
-1.434254111e-08
-1.692872271e-07
-2.491855966e-08
-1.69251577e-07
-3.564197257e-08
-1.684744087e-07
-4.641580313e-08
-1.669101652e-07
-5.712979816e-08
-1.645179733e-07
-6.766038538e-08
-1.61263772e-07
-7.787109872e-08
-1.571227128e-07
-8.761359458e-08
-1.520817738e-07
-9.672938416e-08
-1.461424956e-07
-1.05052398e-07
-1.393237047e-07
-1.124124736e-07
-1.316640547e-07
-1.186398141e-07
-1.232241733e-07
-1.235703992e-07
-1.140881862e-07
-1.270522463e-07
-1.043643786e-07
-1.289523189e-07
-9.418477696e-08
-1.29163767e-07
-8.370348385e-08
-1.276130868e-07
-7.309367868e-08
-1.242666997e-07
-6.254330471e-08
-1.191364147e-07
-5.224958844e-08
-1.12283248e-07
-4.241266394e-08
-1.038191557e-07
-3.32286866e-08
-9.390637922e-08
-2.488289812e-08
-8.275430209e-08
-1.75431329e-08
-7.061395553e-08
-1.135422508e-08
-5.777055666e-08
-6.43369343e-09
-4.453461547e-08
-2.868974856e-09
-3.123206693e-08
-7.162381178e-10
-1.819498104e-08
-5.760115606e-09
-5.757957053e-10
8.645601655e-09
-2.160864124e-09
2.42699852e-08
-4.623328675e-09
3.826082644e-08
-7.842538889e-09
5.06760495e-08
-1.170879554e-08
6.1591031e-08
-1.612314882e-08
7.109267757e-08
-2.099704401e-08
7.927443244e-08
-2.625181679e-08
8.623205154e-08
-3.181806784e-08
9.206010763e-08
-3.76349417e-08
9.684917924e-08
-4.364933585e-08
1.006836798e-07
-4.981506663e-08
1.036402822e-07
-5.609201737e-08
1.057868905e-07
-6.244529141e-08
1.071821004e-07
-6.884438818e-08
1.078750879e-07
-7.526241636e-08
1.079058588e-07
-8.167535309e-08
1.073057894e-07
-8.806135415e-08
1.060983922e-07
-9.440011604e-08
1.043002429e-07
-1.006722881e-07
1.019220114e-07
-1.068589313e-07
9.896954964e-08
-1.12941018e-07
9.544499794e-08
-1.188989694e-07
9.134788204e-08
-1.247122242e-07
8.667618399e-08
-1.303588376e-07
8.142737876e-08
-1.358151063e-07
7.55994371e-08
-1.410552228e-07
6.919180101e-08
-1.460509594e-07
6.220634328e-08
-1.507713886e-07
5.464832479e-08
-1.551826469e-07
4.652736401e-08
-1.592477554e-07
3.785843219e-08
-1.629265101e-07
2.866288452e-08
-1.661754628e-07
1.896953396e-08
-1.689480176e-07
8.815763961e-09
-1.711946694e-07
-1.751360494e-09
-1.72863396e-07
-1.267381453e-08
-1.739003042e-07
-2.388165138e-08
-1.742504762e-07
-3.529180061e-08
-1.738591413e-07
-4.6807138e-08
-1.726731697e-07
-5.831576974e-08
-1.706429218e-07
-6.969063329e-08
-1.677244682e-07
-8.078955232e-08
-1.638821712e-07
-9.145589158e-08
-1.590915866e-07
-1.015199687e-07
-1.533426046e-07
-1.1080138e-07
-1.466426985e-07
-1.191123797e-07
-1.390201014e-07
-1.262624112e-07
-1.305266754e-07
-1.320638252e-07
-1.212402006e-07
-1.363387211e-07
-1.112657889e-07
-1.389267306e-07
-1.007361311e-07
-1.396934248e-07
-8.981033274e-08
-1.385388851e-07
-7.867117607e-08
-1.354058563e-07
-6.752076874e-08
-1.30286822e-07
-5.657469301e-08
-1.232293237e-07
-4.605493254e-08
-1.143389162e-07
-3.618200771e-08
-1.037793041e-07
-2.716686805e-08
-9.176944175e-08
-1.920314949e-08
-7.857767409e-08
-1.246038905e-08
-6.45133171e-08
-7.078705094e-09
-4.991629942e-08
-3.165327104e-09
-3.514544491e-08
-7.930775576e-10
-2.056723058e-08
-6.553193162e-09
-5.758080064e-10
9.221409663e-09
-2.162089096e-09
2.585626629e-08
-4.627775959e-09
4.07265133e-08
-7.852629569e-09
5.390090311e-08
-1.172701452e-08
6.546541596e-08
-1.615177598e-08
7.551743904e-08
-2.103797812e-08
8.416063458e-08
-2.630649355e-08
9.150056698e-08
-3.188746441e-08
9.764107849e-08
-3.771965503e-08
1.026813699e-07
-4.374971997e-08
1.067137447e-07
-4.993141372e-08
1.09821976e-07
-5.622476844e-08
1.120802453e-07
-6.259526379e-08
1.135525957e-07
-6.901300914e-08
1.142928333e-07
-7.545195384e-08
1.143448035e-07
-8.188913642e-08
1.13742972e-07
-8.830397904e-08
1.125132349e-07
-9.46776294e-08
1.106738933e-07
-1.009923494e-07
1.082367314e-07
-1.072309473e-07
1.052081475e-07
-1.133762491e-07
1.015902998e-07
-1.194106046e-07
9.738223756e-08
-1.253154229e-07
9.258100232e-08
-1.310707344e-07
8.718269031e-08
-1.366547764e-07
8.11834791e-08
-1.420436017e-07
7.458062629e-08
-1.472107118e-07
6.73734534e-08
-1.521267185e-07
5.956433148e-08
-1.5675904e-07
5.115968555e-08
-1.610716424e-07
4.21710346e-08
-1.650248394e-07
3.261608151e-08
-1.685751692e-07
2.251986376e-08
-1.716753735e-07
1.191596827e-08
-1.742745254e-07
8.477913606e-10
-1.763182266e-07
-1.063011334e-08
-1.777492059e-07
-2.245067202e-08
-1.785079573e-07
-3.453304921e-08
-1.785338114e-07
-4.678128388e-08
-1.77766339e-07
-5.908324213e-08
-1.761471595e-07
-7.13098128e-08
-1.736221909e-07
-8.331452088e-08
-1.701443558e-07
-9.493372667e-08
-1.656767247e-07
-1.059875998e-07
-1.601960355e-07
-1.162820692e-07
-1.536964704e-07
-1.256119448e-07
-1.461935073e-07
-1.337653743e-07
-1.377275948e-07
-1.405297378e-07
-1.283673376e-07
-1.456989783e-07
-1.182118347e-07
-1.490822335e-07
-1.073917983e-07
-1.505134611e-07
-9.606911143e-08
-1.49861572e-07
-8.443456208e-08
-1.470404057e-07
-7.27036297e-08
-1.420177544e-07
-6.111037725e-08
-1.348225761e-07
-4.989971259e-08
-1.255495809e-07
-3.931848785e-08
-1.143605288e-07
-2.960607722e-08
-1.014818524e-07
-2.098517856e-08
-8.719857275e-08
-1.365359597e-08
-7.184489968e-08
-7.777680956e-09
-5.579221444e-08
-3.487967513e-09
-3.943515835e-08
-8.772085067e-10
-2.317798958e-08
-7.430401668e-09
-5.732957168e-10
9.794705379e-09
-2.154176584e-09
2.743714716e-08
-4.61315025e-09
4.318548697e-08
-7.830971447e-09
5.711872431e-08
-1.169850213e-08
6.933294664e-08
-1.611669622e-08
7.993563313e-08
-2.099645751e-08
8.904039588e-08
-2.625834661e-08
9.676245608e-08
-3.183214811e-08
1.0321488e-07
-3.765631299e-08
1.085055348e-07
-4.367729823e-08
1.127347299e-07
-4.984883007e-08
1.159935078e-07
-5.61311189e-08
1.183625341e-07
-6.249005176e-08
1.199115286e-07
-6.889638513e-08
1.206991667e-07
-7.532495606e-08
1.207733745e-07
-8.175392455e-08
1.201719405e-07
-8.816405518e-08
1.189233655e-07
-9.45380419e-08
1.1704788e-07
-1.008598762e-07
1.145585656e-07
-1.071142561e-07
1.114625275e-07
-1.132860331e-07
1.077620768e-07
-1.193596907e-07
1.034558951e-07
-1.253188512e-07
9.854016287e-08
-1.311458063e-07
9.300964541e-08
-1.368210671e-07
8.685873997e-08
-1.423229333e-07
8.008249248e-08
-1.476270795e-07
7.267759963e-08
-1.527061625e-07
6.464341446e-08
-1.575294524e-07
5.598297541e-08
-1.620624965e-07
4.670407872e-08
-1.662668275e-07
3.682041254e-08
-1.700997322e-07
2.635276842e-08
-1.735141041e-07
1.53303402e-08
-1.764584203e-07
3.792107556e-09
-1.788768014e-07
-8.211732227e-09
-1.807094332e-07
-2.061804022e-08
-1.818930188e-07
-3.334946355e-08
-1.823616833e-07
-4.631261941e-08
-1.820482278e-07
-5.939669761e-08
-1.80885829e-07
-7.247221161e-08
-1.788102444e-07
-8.539010541e-08
-1.757625676e-07
-9.79814035e-08
-1.716925444e-07
-1.10057623e-07
-1.665624187e-07
-1.214121949e-07
-1.603512119e-07
-1.318231515e-07
-1.530592645e-07
-1.410573218e-07
-1.447127808e-07
-1.488762214e-07
-1.353680334e-07
-1.550437258e-07
-1.251148051e-07
-1.593354617e-07
-1.140786099e-07
-1.615496563e-07
-1.024212339e-07
-1.61518948e-07
-9.033920939e-08
-1.591224302e-07
-7.805997718e-08
-1.542969866e-07
-6.583569811e-08
-1.470468552e-07
-5.3934933e-08
-1.37450346e-07
-4.263268094e-08
-1.256627809e-07
-3.219950848e-08
-1.119150248e-07
-2.289067122e-08
-9.650741e-08
-1.49361858e-08
-7.979938509e-08
-8.53274575e-09
-6.219565449e-08
-3.838218645e-09
-4.412968545e-08
-9.690807208e-10
-2.60471275e-08
-8.399482388e-09
-5.683772312e-10
1.036308261e-08
-2.137557692e-09
2.900632762e-08
-4.580330439e-09
4.562825972e-08
-7.778958004e-09
6.031735188e-08
-1.162516392e-08
7.317915256e-08
-1.602025952e-08
8.433072873e-08
-2.08751512e-08
9.389528756e-08
-2.611019003e-08
1.019974949e-07
-3.16548651e-08
1.087595551e-07
-3.744735124e-08
1.142980209e-07
-4.34339317e-08
1.187213104e-07
-4.956832349e-08
1.221278996e-07
-5.581093538e-08
1.24605146e-07
-6.212808738e-08
1.262286806e-07
-6.849121732e-08
1.270622966e-07
-7.487609532e-08
1.271582525e-07
-8.126206146e-08
1.265579066e-07
-8.763129692e-08
1.25292601e-07
-9.396813394e-08
1.23384717e-07
-1.002584062e-07
1.208488379e-07
-1.064888385e-07
1.176929597e-07
-1.126464715e-07
1.139197098e-07
-1.187181189e-07
1.095275425e-07
-1.246898494e-07
1.045118933e-07
-1.305464909e-07
9.886628696e-08
-1.362711519e-07
9.258340094e-08
-1.418447557e-07
8.565609631e-08
-1.472455875e-07
7.807843142e-08
-1.52448852e-07
6.984667898e-08
-1.574262454e-07
6.096036883e-08
-1.621455457e-07
5.142337904e-08
-1.665702309e-07
4.124509775e-08
-1.706591389e-07
3.04416764e-08
-1.743661904e-07
1.903739171e-08
-1.776402032e-07
7.0661204e-09
-1.804248213e-07
-5.427114148e-09
-1.826586634e-07
-1.838419815e-08
-1.842756358e-07
-3.17324911e-08
-1.852055853e-07
-4.538266987e-08
-1.853753449e-07
-5.922693805e-08
-1.847102497e-07
-7.313730679e-08
-1.831362131e-07
-8.696414197e-08
-1.80582438e-07
-1.005351786e-07
-1.769848138e-07
-1.136552472e-07
-1.722900062e-07
-1.261070026e-07
-1.664601802e-07
-1.376529775e-07
-1.594782123e-07
-1.480392896e-07
-1.513531409e-07
-1.570012928e-07
-1.421254894e-07
-1.642713773e-07
-1.318719899e-07
-1.695889612e-07
-1.207091509e-07
-1.727124953e-07
-1.08795082e-07
-1.73433017e-07
-9.632903486e-08
-1.715884773e-07
-8.35482544e-08
-1.67077767e-07
-7.072196365e-08
-1.59873146e-07
-5.814261729e-08
-1.500296923e-07
-4.611490431e-08
-1.376904938e-07
-3.494331583e-08
-1.230866133e-07
-2.491935168e-08
-1.065313741e-07
-1.630956368e-08
-8.840917309e-08
-9.345601588e-09
-6.915961658e-08
-4.217264817e-09
-4.925802222e-08
-1.069125085e-09
-2.919526723e-08
-9.468607471e-09
-5.612328141e-10
1.092431543e-08
-2.112883762e-09
3.055797857e-08
-4.530643876e-09
4.804601983e-08
-7.698704704e-09
6.348541271e-08
-1.150992505e-08
7.699037291e-08
-1.586613991e-08
8.868694359e-08
-2.067835052e-08
9.870749817e-08
-2.586674343e-08
1.071858878e-07
-3.136053039e-08
1.14253342e-07
-3.709761579e-08
1.200351063e-07
-4.302411254e-08
1.246478071e-07
-4.909373582e-08
1.281975229e-07
-5.526710813e-08
1.307785183e-07
-6.151100797e-08
1.324725805e-07
-6.779759159e-08
1.333488802e-07
-7.410361157e-08
1.334642725e-07
-8.040965079e-08
1.328639458e-07
-8.669938407e-08
1.315823342e-07
-9.295887504e-08
1.29644208e-07
-9.917591099e-08
1.270658739e-07
-1.053393755e-07
1.238564243e-07
-1.114386562e-07
1.200189905e-07
-1.174630824e-07
1.155519687e-07
-1.234013892e-07
1.104502002e-07
-1.292412007e-07
1.047060985e-07
-1.349685279e-07
9.831072807e-08
-1.405672761e-07
9.125484457e-08
-1.46018759e-07
8.352991435e-08
-1.513012149e-07
7.512913488e-08
-1.56389326e-07
6.604847998e-08
-1.612537426e-07
5.628779556e-08
-1.658606164e-07
4.585197163e-08
-1.701711562e-07
3.475221615e-08
-1.741412196e-07
2.300745516e-08
-1.777209719e-07
1.064587274e-08
-1.808546497e-07
-2.293436332e-09
-1.834804257e-07
-1.575842215e-08
-1.855305797e-07
-2.968233716e-08
-1.869318266e-07
-4.398142292e-08
-1.876061036e-07
-5.855266107e-08
-1.874718261e-07
-7.327158428e-08
-1.864457406e-07
-8.799022741e-08
-1.844454851e-07
-1.025354341e-07
-1.813929508e-07
-1.167077816e-07
-1.772185016e-07
-1.302814517e-07
-1.718660445e-07
-1.430054347e-07
-1.652988487e-07
-1.546064853e-07
-1.575058939e-07
-1.647942476e-07
-1.485083811e-07
-1.732688901e-07
-1.383658927e-07
-1.797314495e-07
-1.271815573e-07
-1.838968307e-07
-1.151054907e-07
-1.855090836e-07
-1.023357892e-07
-1.843581788e-07
-8.911646485e-08
-1.802970913e-07
-7.573195453e-08
-1.732576563e-07
-6.249819315e-08
-1.632634537e-07
-4.97506796e-08
-1.504380074e-07
-3.783041121e-08
-1.350068817e-07
-2.706894089e-08
-1.172928444e-07
-1.777403624e-08
-9.770407773e-08
-1.021744566e-08
-7.671620716e-08
-4.626120603e-09
-5.484934727e-08
-1.177747319e-09
-3.264364051e-08
-1.064635479e-08
-5.521123695e-10
1.14764278e-08
-2.081054585e-09
3.208692079e-08
-4.465924219e-09
5.043088947e-08
-7.593142061e-09
6.661263056e-08
-1.135686078e-08
8.075409163e-08
-1.565950289e-08
9.29895857e-08
-2.041217107e-08
1.034601664e-07
-2.55348651e-08
1.123085819e-07
-3.095648818e-08
1.196749651e-07
-3.661464728e-08
1.256932654e-07
-4.245526963e-08
1.304884295e-07
-4.843206863e-08
1.341743219e-07
-5.450589694e-08
1.368523466e-07
-6.064402398e-08
1.386107075e-07
-6.681937156e-08
1.395242278e-07
-7.300973555e-08
1.396546365e-07
-7.919701517e-08
1.390512255e-07
-8.536646513e-08
1.377517842e-07
-9.150597979e-08
1.357837227e-07
-9.760541404e-08
1.331653082e-07
-1.036559414e-07
1.299069516e-07
-1.096494471e-07
1.260124962e-07
-1.155779521e-07
1.214804738e-07
-1.214330625e-07
1.163053106e-07
-1.272054381e-07
1.104784741e-07
-1.328842736e-07
1.039895636e-07
-1.38456787e-07
9.682735792e-08
-1.439077073e-07
8.898083473e-08
-1.492187595e-07
8.044018702e-08
-1.543681397e-07
7.119786017e-08
-1.593299823e-07
6.124963822e-08
-1.64073819e-07
5.059580833e-08
-1.685640361e-07
3.924243325e-08
-1.727593433e-07
2.720276241e-08
-1.766122773e-07
1.449880675e-08
-1.800687966e-07
1.163082926e-09
-1.830678456e-07
-1.27593731e-08
-1.85541389e-07
-2.720879377e-08
-1.874143515e-07
-4.210846042e-08
-1.886051033e-07
-5.736190924e-08
-1.89026383e-07
-7.285030454e-08
-1.885868304e-07
-8.842978003e-08
-1.871932775e-07
-1.03928987e-07
-1.847539395e-07
-1.191471195e-07
-1.811826197e-07
-1.338527716e-07
-1.764039861e-07
-1.477840682e-07
-1.703598861e-07
-1.606505853e-07
-1.630165293e-07
-1.721376043e-07
-1.543722028e-07
-1.819132167e-07
-1.444649865e-07
-1.896386658e-07
-1.333797505e-07
-1.949820667e-07
-1.212535619e-07
-1.976352722e-07
-1.082785714e-07
-1.973331692e-07
-9.470151701e-08
-1.938741457e-07
-8.081921707e-08
-1.871399562e-07
-6.696982822e-08
-1.771128425e-07
-5.352017413e-08
-1.638876615e-07
-4.085004063e-08
-1.476770152e-07
-2.933486781e-08
-1.288080173e-07
-1.932863806e-08
-1.077103075e-07
-1.114888199e-08
-8.489596322e-08
-5.065596612e-09
-6.093263264e-08
-1.295320947e-09
-3.641391617e-08
-1.194167573e-08
-5.413438596e-10
1.201777166e-08
-2.043248989e-09
3.358882592e-08
-4.388573975e-09
5.277621446e-08
-7.466115602e-09
6.969017219e-08
-1.117133534e-08
8.445931138e-08
-1.540718159e-08
9.722543195e-08
-2.008476227e-08
1.08137747e-07
-2.512378963e-08
1.173476092e-07
-3.045277234e-08
1.250039478e-07
-3.600895928e-08
1.312494523e-07
-4.173806092e-08
1.362175311e-07
-4.759378727e-08
1.400300483e-07
-5.353724628e-08
1.427958056e-07
-5.953624612e-08
1.446097073e-07
-6.556454055e-08
1.455525222e-07
-7.160104978e-08
1.456911457e-07
-7.762908226e-08
1.45079258e-07
-8.363557529e-08
1.437582772e-07
-8.961036601e-08
1.417585134e-07
-9.554549873e-08
1.391004409e-07
-1.014345701e-07
1.35796023e-07
-1.072721108e-07
1.318500368e-07
-1.130529987e-07
1.272613616e-07
-1.187718991e-07
1.22024211e-07
-1.244227241e-07
1.161292991e-07
-1.299981042e-07
1.095649438e-07
-1.354888639e-07
1.023181176e-07
-1.408834938e-07
9.437546468e-08
-1.46167612e-07
8.572430517e-08
-1.51323407e-07
7.63536552e-08
-1.563290593e-07
6.625529055e-08
-1.611581372e-07
5.542488625e-08
-1.657789697e-07
4.38632657e-08
-1.701540029e-07
3.15777957e-08
-1.742391589e-07
1.858396278e-08
-1.779832338e-07
4.907157755e-09
-1.813272724e-07
-9.415334452e-09
-1.842042916e-07
-2.433177457e-08
-1.865389277e-07
-3.977382434e-08
-1.8824754e-07
-5.565329686e-08
-1.892387364e-07
-7.185910812e-08
-1.894144935e-07
-8.825402292e-08
-1.886720569e-07
-1.046714236e-07
-1.869068106e-07
-1.209123658e-07
-1.840162946e-07
-1.367432876e-07
-1.799055075e-07
-1.518948553e-07
-1.744935462e-07
-1.660625466e-07
-1.677214964e-07
-1.789096541e-07
-1.595612994e-07
-1.900734137e-07
-1.500250822e-07
-1.99174883e-07
-1.391741844e-07
-2.058329644e-07
-1.271268794e-07
-2.096825772e-07
-1.14063636e-07
-2.103964126e-07
-1.002287624e-07
-2.077090193e-07
-8.592747013e-08
-2.014412485e-07
-7.151782297e-08
-1.915224897e-07
-5.739766371e-08
-1.780078207e-07
-4.398736354e-08
-1.610873153e-07
-3.170997705e-08
-1.410854038e-07
-2.097095391e-08
-1.184493306e-07
-1.213983047e-08
-9.372708666e-08
-5.536264009e-09
-6.753619909e-08
-1.42217993e-09
-4.052800024e-08
-1.336385566e-08
-5.293427435e-10
1.254711441e-08
-2.000959092e-09
3.506044228e-08
-4.301634092e-09
5.507688947e-08
-7.322496024e-09
7.271103412e-08
-1.096015307e-08
8.809696843e-08
-1.511786528e-08
1.013831442e-07
-1.970652713e-08
1.127264089e-07
-2.464537177e-08
1.222864539e-07
-2.986236674e-08
1.302209428e-07
-3.529430843e-08
1.36681394e-07
-4.088664805e-08
1.418098708e-07
-4.659309643e-08
1.457364967e-07
-5.237506009e-08
1.485777693e-07
-5.820095987e-08
1.504356071e-07
-6.404547785e-08
1.513970402e-07
-6.988877041e-08
1.515344383e-07
-7.571567706e-08
1.509061646e-07
-8.151494576e-08
1.495575459e-07
-8.727848857e-08
1.475220562e-07
-9.300067494e-08
1.448226273e-07
-9.867766497e-08
1.414730131e-07
-1.043067814e-07
1.374791533e-07
-1.098859163e-07
1.328404965e-07
-1.154129656e-07
1.275512603e-07
-1.208852853e-07
1.216016189e-07
-1.262991597e-07
1.149788182e-07
-1.316492723e-07
1.076682302e-07
-1.369281704e-07
9.965436287e-08
-1.421257141e-07
9.092184888e-08
-1.472284982e-07
8.145643926e-08
-1.522192409e-07
7.124603328e-08
-1.57076132e-07
6.028177732e-08
-1.617721362e-07
4.855926994e-08
-1.662742547e-07
3.607991424e-08
-1.70542754e-07
2.28524621e-08
-1.745303803e-07
8.894784074e-09
-1.781815838e-07
-5.764130965e-09
-1.814318461e-07
-2.108151227e-08
-1.842071229e-07
-3.699854752e-08
-1.864234961e-07
-5.343692364e-08
-1.879872519e-07
-7.029535235e-08
-1.887955078e-07
-8.744576701e-08
-1.887376039e-07
-1.047293274e-07
-1.876974943e-07
-1.219524754e-07
-1.855573843e-07
-1.388833976e-07
-1.822028398e-07
-1.552493998e-07
-1.77529525e-07
-1.707358614e-07
-1.714515989e-07
-1.849875802e-07
-1.639115958e-07
-1.976134168e-07
-1.548913457e-07
-2.081951331e-07
-1.444231614e-07
-2.163011487e-07
-1.326001901e-07
-2.215055485e-07
-1.195845533e-07
-2.234120495e-07
-1.056117816e-07
-2.21681791e-07
-9.099017016e-08
-2.160628599e-07
-7.609409389e-08
-2.064185659e-07
-6.135104105e-08
-1.927508735e-07
-4.722305198e-08
-1.752153044e-07
-3.418424436e-08
-1.541242114e-07
-2.269694421e-08
-1.299366307e-07
-1.318943752e-08
-1.032345933e-07
-6.038419956e-09
-7.468721665e-08
-1.558611559e-09
-4.500780863e-08
-1.492246722e-08
-5.166230602e-10
1.306373747e-08
-1.956030147e-09
3.649984937e-08
-4.208864064e-09
5.732972339e-08
-7.16830426e-09
7.567047432e-08
-1.073172699e-08
9.166039117e-08
-1.480230553e-08
1.054537227e-07
-1.929035703e-08
1.172144604e-07
-2.41143394e-08
1.271104363e-07
-2.920146634e-08
1.353080697e-07
-3.448795474e-08
1.419678824e-07
-3.991894878e-08
1.472408648e-07
-4.544817988e-08
1.512657278e-07
-5.103742642e-08
1.541670158e-07
-5.665583456e-08
1.560540153e-07
-6.227915385e-08
1.570203595e-07
-6.788893163e-08
1.571442161e-07
-7.347170039e-08
1.564889334e-07
-7.90181818e-08
1.551040274e-07
-8.45225234e-08
1.530263978e-07
-8.998157614e-08
1.5028168e-07
-9.539421587e-08
1.468856528e-07
-1.007607076e-07
1.42845645e-07
-1.060821078e-07
1.381618967e-07
-1.113596989e-07
1.328288514e-07
-1.165944462e-07
1.268363662e-07
-1.217864693e-07
1.201708413e-07
-1.269345165e-07
1.128162773e-07
-1.320354304e-07
1.047552767e-07
-1.370835941e-07
9.59700126e-08
-1.420703453e-07
8.644319047e-08
-1.469833463e-07
7.615903437e-08
-1.518059005e-07
6.510433151e-08
-1.565162054e-07
5.326957485e-08
-1.610865393e-07
4.065024814e-08
-1.65482382e-07
2.724830482e-08
-1.696614828e-07
1.307388484e-08
-1.735729144e-07
-1.852699339e-09
-1.771560437e-07
-1.749838293e-08
-1.803397994e-07
-3.381479176e-08
-1.830418276e-07
-5.073489545e-08
-1.851681038e-07
-6.816907619e-08
-1.866130018e-07
-8.600086899e-08
-1.872600705e-07
-1.040822587e-07
-1.869837946e-07
-1.222287513e-07
-1.856526493e-07
-1.402145428e-07
-1.831337665e-07
-1.577682826e-07
-1.792994918e-07
-1.745701361e-07
-1.740360051e-07
-1.902510668e-07
-1.672539805e-07
-2.043954414e-07
-1.589009617e-07
-2.165481519e-07
-1.489747419e-07
-2.262273685e-07
-1.37536593e-07
-2.329436973e-07
-1.247227739e-07
-2.362258686e-07
-1.107524666e-07
-2.356520982e-07
-9.593027587e-08
-2.308850507e-07
-8.064177999e-08
-2.217070618e-07
-6.534139433e-08
-2.080512592e-07
-5.053292792e-08
-1.900237708e-07
-3.674451293e-08
-1.679126263e-07
-2.450078285e-08
-1.421803608e-07
-1.429599433e-08
-1.134393818e-07
-6.572056906e-09
-8.241115407e-08
-1.704850454e-09
-4.987501507e-08
-1.662731767e-08
-5.038109709e-10
1.356754844e-08
-1.910708668e-09
3.790674707e-08
-4.114837316e-09
5.953385204e-08
-7.010857928e-09
7.856649494e-08
-1.049627244e-08
9.514580569e-08
-1.447354729e-08
1.094309976e-07
-1.885188723e-08
1.215928004e-07
-2.354855953e-08
1.318071086e-07
-2.848974021e-08
1.402492504e-07
-3.361091008e-08
1.470890523e-07
-3.88568621e-08
1.524868169e-07
-4.41813961e-08
1.565902618e-07
-4.954678022e-08
1.595324e-07
-5.492305265e-08
1.614302877e-07
-6.028722716e-08
1.62384534e-07
-6.562245355e-08
1.624794425e-07
-7.091717155e-08
1.617836514e-07
-7.616428527e-08
1.603511411e-07
-8.136037542e-08
1.58222488e-07
-8.650495852e-08
1.554262631e-07
-9.159979608e-08
1.519804904e-07
-9.664825231e-08
1.478941013e-07
-1.016546952e-07
1.431683397e-07
-1.066239338e-07
1.3779809e-07
-1.115606822e-07
1.317731145e-07
-1.164690395e-07
1.250791986e-07
-1.213519746e-07
1.176992125e-07
-1.26210802e-07
1.096141042e-07
-1.310446358e-07
1.008038463e-07
-1.358498069e-07
9.124836161e-08
-1.406192303e-07
8.092845779e-08
-1.453417065e-07
6.982680769e-08
-1.500011454e-07
5.79290138e-08
-1.545757019e-07
4.522480467e-08
-1.590368159e-07
3.17094188e-08
-1.633481635e-07
1.738523242e-08
-1.674645518e-07
2.263689008e-09
-1.713306141e-07
-1.363232061e-08
-1.748798513e-07
-3.026555454e-08
-1.780333536e-07
-4.758139318e-08
-1.806989224e-07
-6.550350734e-08
-1.827705415e-07
-8.39292499e-08
-1.841284566e-07
-1.027243436e-07
-1.846401704e-07
-1.217170375e-07
-1.841627148e-07
-1.406919984e-07
-1.825466091e-07
-1.593843883e-07
-1.796419134e-07
-1.774748318e-07
-1.75306718e-07
-1.945862622e-07
-1.694182389e-07
-2.102839205e-07
-1.618863859e-07
-2.240800049e-07
-1.526692302e-07
-2.354445242e-07
-1.417892473e-07
-2.438236802e-07
-1.293486244e-07
-2.486664915e-07
-1.155414327e-07
-2.4945929e-07
-1.006602454e-07
-2.457662379e-07
-8.509500111e-08
-2.372723061e-07
-6.932267915e-08
-2.238235812e-07
-5.38876568e-08
-2.054587931e-07
-3.937426487e-08
-1.824260183e-07
-2.637471797e-08
-1.551799077e-07
-1.545686971e-08
-1.243572301e-07
-7.136839506e-09
-9.073118426e-08
-1.861074811e-09
-5.515077976e-08
-1.848839248e-08
-4.916619663e-10
1.405921041e-08
-1.867702514e-09
3.928278762e-08
-4.02505835e-09
6.169120789e-08
-6.858947787e-09
8.140038439e-08
-1.026603508e-08
9.855289299e-08
-1.414719389e-08
1.133121564e-07
-1.840978069e-08
1.258553872e-07
-2.296932188e-08
1.363666498e-07
-2.775059747e-08
1.45030526e-07
-3.268817197e-08
1.520266268e-07
-3.772645889e-08
1.575251038e-07
-4.28194188e-08
1.616832217e-07
-4.792999011e-08
1.646429713e-07
-5.302934186e-08
1.665296395e-07
-5.80960236e-08
1.674512158e-07
-6.311507108e-08
1.6749849e-07
-6.807711123e-08
1.667456916e-07
-7.297749592e-08
1.652515258e-07
-7.78154829e-08
1.63060475e-07
-8.259347301e-08
1.602042532e-07
-8.731630614e-08
1.567033235e-07
-9.199061345e-08
1.525684086e-07
-9.662421987e-08
1.478019461e-07
-1.012255882e-07
1.423994583e-07
-1.058032946e-07
1.36350821e-07
-1.103655238e-07
1.296414278e-07
-1.149195705e-07
1.222532592e-07
-1.194713337e-07
1.141658675e-07
-1.240247885e-07
1.053573011e-07
-1.285814187e-07
9.580499176e-08
-1.331395945e-07
8.548663366e-08
-1.376938782e-07
7.438109139e-08
-1.422342392e-07
6.246937476e-08
-1.467451642e-07
4.973572968e-08
-1.512046479e-07
3.616890252e-08
-1.555830608e-07
2.176364534e-08
-1.59841898e-07
6.522526273e-09
-1.639323443e-07
-9.541874367e-09
-1.677939441e-07
-2.640395467e-08
-1.713530698e-07
-4.402226745e-08
-1.745215207e-07
-6.233505648e-08
-1.771953871e-07
-8.125538349e-08
-1.792543844e-07
-1.006653462e-07
-1.805619746e-07
-1.204094473e-07
-1.809666777e-07
-1.402872954e-07
-1.803050581e-07
-1.600460078e-07
-1.784069255e-07
-1.793729645e-07
-1.751032734e-07
-1.978899143e-07
-1.702373617e-07
-2.151498321e-07
-1.636790678e-07
-2.306382989e-07
-1.553421689e-07
-2.437814231e-07
-1.452035714e-07
-2.539622777e-07
-1.333227321e-07
-2.605473308e-07
-1.198587733e-07
-2.629232487e-07
-1.05082285e-07
-2.605427263e-07
-8.937878712e-08
-2.52975804e-07
-7.324150122e-08
-2.399608671e-07
-5.725251286e-08
-2.214477815e-07
-4.205344135e-08
-1.976250898e-07
-2.83089671e-08
-1.68924382e-07
-1.666846576e-08
-1.359977314e-07
-7.732093794e-09
-9.966755622e-08
-2.027406354e-09
-6.085546719e-08
-2.051579883e-08
-4.810833232e-10
1.454029374e-08
-1.830257897e-09
4.06319622e-08
-3.946110182e-09
6.380706018e-08
-6.723055381e-09
8.417732959e-08
-1.005556562e-08
1.018854032e-07
-1.38417173e-08
1.170983081e-07
-1.798604857e-08
1.299997184e-07
-2.240164447e-08
1.407822457e-07
-2.70114557e-08
1.496403372e-07
-3.174893697e-08
1.567641081e-07
-3.65581277e-08
1.623342945e-07
-4.13933072e-08
1.665184012e-07
-4.621834957e-08
1.694680137e-07
-5.100588725e-08
1.713171772e-07
-5.573637133e-08
1.721816999e-07
-6.039709596e-08
1.721592146e-07
-6.498123476e-08
1.713298304e-07
-6.948692055e-08
1.697572116e-07
-7.391638666e-08
1.674899411e-07
-7.827517801e-08
1.645630446e-07
-8.257143284e-08
1.609995784e-07
-8.68152308e-08
1.568122066e-07
-9.101799969e-08
1.52004715e-07
-9.519197072e-08
1.465734294e-07
-9.934967059e-08
1.405085208e-07
-1.035034374e-07
1.337951946e-07
-1.07664946e-07
1.264147678e-07
-1.118447286e-07
1.1834565e-07
-1.160516726e-07
1.095642452e-07
-1.20292481e-07
1.000458002e-07
-1.245710743e-07
8.976522697e-08
-1.288879161e-07
7.869793315e-08
-1.332392414e-07
6.682070011e-08
-1.376161678e-07
5.411265604e-08
-1.420036679e-07
4.055640262e-08
-1.463793902e-07
2.613936765e-08
-1.507123118e-07
1.085544788e-08
-1.54961218e-07
-5.292968131e-09
-1.590730389e-07
-2.229213368e-08
-1.629811374e-07
-4.011416898e-08
-1.666034167e-07
-5.871277718e-08
-1.698406034e-07
-7.801819681e-08
-1.725748236e-07
-9.793112602e-08
-1.746687853e-07
-1.183154856e-07
-1.759659862e-07
-1.389900945e-07
-1.762924888e-07
-1.597195051e-07
-1.754609158e-07
-1.802045375e-07
-1.732773762e-07
-2.000734539e-07
-1.695519903e-07
-2.18875218e-07
-1.641134641e-07
-2.360768251e-07
-1.568277173e-07
-2.510671698e-07
-1.476198564e-07
-2.631701386e-07
-1.364978397e-07
-2.716693475e-07
-1.235751427e-07
-2.758459457e-07
-1.090888461e-07
-2.750290228e-07
-9.340918212e-08
-2.68655468e-07
-7.703701753e-08
-2.563330316e-07
-6.058722632e-08
-2.378975727e-07
-4.475832324e-08
-2.134539928e-07
-3.029165834e-08
-1.833910468e-07
-1.792620608e-08
-1.483631837e-07
-8.356814415e-09
-1.092369479e-07
-2.203915905e-09
-6.70083657e-08
-2.271971474e-08
-4.731640286e-10
1.501345777e-08
-1.802259931e-09
4.196105811e-08
-3.885843245e-09
6.58906435e-08
-6.615626048e-09
8.69071124e-08
-9.882055939e-09
1.051518331e-07
-1.357882634e-08
1.207950785e-07
-1.760641594e-08
1.34027308e-07
-2.18746039e-08
1.450504336e-07
-2.630400774e-08
1.540697411e-07
-3.082678285e-08
1.612868832e-07
-3.538665796e-08
1.668941696e-07
-3.993848247e-08
1.710702257e-07
-4.444744432e-08
1.739769755e-07
-4.888809092e-08
1.757578238e-07
-5.324325695e-08
1.765368659e-07
-5.750297448e-08
1.764189321e-07
-6.166341721e-08
1.754902731e-07
-6.572591052e-08
1.738197049e-07
-6.969602412e-08
1.714600547e-07
-7.358275286e-08
1.684497733e-07
-7.739778368e-08
1.648146092e-07
-8.11548417e-08
1.605692646e-07
-8.486910494e-08
1.557189782e-07
-8.855667563e-08
1.502610001e-07
-9.223409442e-08
1.441859396e-07
-9.591788315e-08
1.374789834e-07
-9.962410104e-08
1.301209857e-07
-1.033678983e-07
1.220894473e-07
-1.071630503e-07
1.133593972e-07
-1.110214541e-07
1.03904204e-07
-1.149525681e-07
9.369634093e-08
-1.189627734e-07
8.270813845e-08
-1.230546352e-07
7.091256195e-08
-1.272260393e-07
5.828406018e-08
-1.314691787e-07
4.479954204e-08
-1.357693652e-07
3.043955414e-08
-1.401036473e-07
1.518973004e-08
-1.444392249e-07
-9.573906086e-10
-1.487315382e-07
-1.799982038e-08
-1.529224534e-07
-3.592325376e-08
-1.569379222e-07
-5.469730834e-08
-1.606857526e-07
-7.427036636e-08
-1.640534584e-07
-9.456342028e-08
-1.66906485e-07
-1.15462459e-07
-1.690872242e-07
-1.368093552e-07
-1.70415384e-07
-1.583913453e-07
-1.706904515e-07
-1.7992947e-07
-1.696971315e-07
-2.01066774e-07
-1.672146996e-07
-2.213576498e-07
-1.630310989e-07
-2.402604258e-07
-1.5696223e-07
-2.571360387e-07
-1.488761655e-07
-2.712562032e-07
-1.387209262e-07
-2.818245868e-07
-1.265531134e-07
-2.880137584e-07
-1.125633416e-07
-2.890187947e-07
-9.709350677e-08
-2.841253028e-07
-8.06409484e-08
-2.7278559e-07
-6.384591297e-08
-2.546926081e-07
-4.746147905e-08
-2.298384268e-07
-3.230882805e-08
-1.985436978e-07
-1.922456666e-08
-1.614474451e-07
-9.009696728e-09
-1.194518178e-07
-2.390636983e-09
-7.362742543e-08
-2.511035172e-08
-4.692151188e-10
1.54826729e-08
-1.788365464e-09
4.328020847e-08
-3.853620098e-09
6.795589814e-08
-6.551414868e-09
8.960490718e-08
-9.765753936e-09
1.083661722e-07
-1.338390645e-08
1.24413231e-07
-1.730073969e-08
1.379441413e-07
-2.142168872e-08
1.491713827e-07
-2.566447606e-08
1.583125285e-07
-2.995979908e-08
1.655822062e-07
-3.425123168e-08
1.711856023e-07
-3.849457427e-08
1.753135683e-07
-4.265685339e-08
1.781392546e-07
-4.671513217e-08
1.798161026e-07
-5.065525184e-08
1.804769856e-07
-5.447058807e-08
1.802342684e-07
-5.816087582e-08
1.791805609e-07
-6.173113267e-08
1.773899618e-07
-6.51906936e-08
1.749196157e-07
-6.85523583e-08
1.71811438e-07
-7.183164425e-08
1.680938952e-07
-7.504613424e-08
1.637837546e-07
-7.821490441e-08
1.588877484e-07
-8.135801761e-08
1.534041133e-07
-8.449606632e-08
1.473239884e-07
-8.764974916e-08
1.406326662e-07
-9.083946459e-08
1.333107012e-07
-9.408490541e-08
1.253348881e-07
-9.740463656e-08
1.166791284e-07
-1.008156378e-07
1.073152053e-07
-1.04332792e-07
9.72134951e-08
-1.079682964e-07
8.634364284e-08
-1.117309746e-07
7.467524014e-08
-1.156254616e-07
6.217854727e-08
-1.196512338e-07
4.882531421e-08
-1.238014497e-07
3.45897701e-08
-1.280615809e-07
1.944986122e-08
-1.324078039e-07
3.388832419e-09
-1.368049855e-07
-1.360263878e-08
-1.412046986e-07
-3.152354064e-08
-1.455426478e-07
-5.035935919e-08
-1.497359736e-07
-7.007704048e-08
-1.536804501e-07
-9.061894376e-08
-1.572477949e-07
-1.118951142e-07
-1.602834658e-07
-1.337736843e-07
-1.626054996e-07
-1.560693114e-07
-1.640051735e-07
-1.785297962e-07
-1.642505043e-07
-2.008214431e-07
-1.63093784e-07
-2.225143701e-07
-1.602843816e-07
-2.430698283e-07
-1.555878027e-07
-2.618326175e-07
-1.488113434e-07
-2.780326625e-07
-1.398355071e-07
-2.908004231e-07
-1.286487213e-07
-2.992005441e-07
-1.153810172e-07
-3.022864988e-07
-1.003307348e-07
-2.991755852e-07
-8.397767236e-08
-2.891386524e-07
-6.697707259e-08
-2.716932079e-07
-5.013177984e-08
-2.466837195e-07
-3.434448362e-08
-2.14330994e-07
-2.055716077e-08
-1.752347679e-07
-9.689202141e-09
-1.303197764e-07
-2.587590562e-09
-8.072903701e-08
-2.769794228e-08
-4.708244766e-10
1.595349738e-08
-1.794179719e-09
4.460356372e-08
-3.86063423e-09
7.002235266e-08
-6.547926881e-09
9.229219984e-08
-9.730476544e-09
1.115487219e-07
-1.328654353e-08
1.27969298e-07
-1.710348079e-08
1.417610786e-07
-2.108116554e-08
1.531490674e-07
-2.51338309e-08
1.623651938e-07
-2.919062956e-08
1.696390049e-07
-3.319527631e-08
1.75190249e-07
-3.710507988e-08
1.792233719e-07
-4.088961914e-08
1.819237939e-07
-4.45292576e-08
1.83455741e-07
-4.801363403e-08
1.83961362e-07
-5.134021914e-08
1.835608535e-07
-5.451299106e-08
1.823533328e-07
-5.754125456e-08
1.804182253e-07
-6.043861013e-08
1.778169712e-07
-6.322206656e-08
1.745948945e-07
-6.591128331e-08
1.707831119e-07
-6.852792559e-08
1.664003969e-07
-7.109511297e-08
1.614549358e-07
-7.363694289e-08
1.559459432e-07
-7.617807023e-08
1.498651157e-07
-7.874332535e-08
1.431979213e-07
-8.135735292e-08
1.359247288e-07
-8.40442547e-08
1.280217899e-07
-8.682721859e-08
1.194620923e-07
-8.972811612e-08
1.102161028e-07
-9.276704862e-08
1.002524276e-07
-9.5961821e-08
8.953841524e-08
-9.93273192e-08
7.804073835e-08
-1.02874764e-07
6.57259921e-08
-1.066108099e-07
5.256136011e-08
-1.105364524e-07
3.851541263e-08
-1.146457104e-07
2.355911922e-08
-1.189240342e-07
7.667156202e-09
-1.233463456e-07
-9.180327345e-09
-1.278748412e-07
-2.699504508e-08
-1.324563648e-07
-4.577783555e-08
-1.370193425e-07
-6.551406274e-08
-1.414704397e-07
-8.616784658e-08
-1.456910518e-07
-1.076745021e-07
-1.495339323e-07
-1.299308037e-07
-1.52820459e-07
-1.527827848e-07
-1.553393108e-07
-1.760109443e-07
-1.568476464e-07
-1.993131076e-07
-1.57076191e-07
-2.222858254e-07
-1.557398602e-07
-2.444061591e-07
-1.525555093e-07
-2.650169683e-07
-1.472679125e-07
-2.833202594e-07
-1.396839419e-07
-2.983843937e-07
-1.297130667e-07
-3.091714193e-07
-1.174098797e-07
-3.145896859e-07
-1.030119074e-07
-3.135735574e-07
-8.696434848e-08
-3.051862114e-07
-6.992362293e-08
-2.887339334e-07
-5.273446899e-08
-2.638728734e-07
-3.63807354e-08
-2.306847276e-07
-2.191688928e-08
-1.89698614e-07
-1.03936668e-08
-1.418429989e-07
-2.794825073e-09
-8.832787873e-08
-3.049276735e-08
-4.799315547e-10
1.643342894e-08
-1.826491935e-09
4.595012411e-08
-3.920326008e-09
7.211618674e-08
-6.625976714e-09
9.499785055e-08
-9.804240925e-09
1.147269861e-07
-1.332114067e-08
1.314861977e-07
-1.705422339e-08
1.454941613e-07
-2.089643191e-08
1.56991276e-07
-2.475792779e-08
1.662266897e-07
-2.856636557e-08
1.734474427e-07
-3.226610146e-08
1.788899849e-07
-3.581674694e-08
1.827740174e-07
-3.919138713e-08
1.852984341e-07
-4.237469486e-08
1.866390488e-07
-4.536109456e-08
1.869477617e-07
-4.815306821e-08
1.863528272e-07
-5.075965041e-08
1.84959915e-07
-5.319512776e-08
1.828537026e-07
-5.547793736e-08
1.800997808e-07
-5.762974704e-08
1.767467042e-07
-5.967469419e-08
1.728280591e-07
-6.163875763e-08
1.683644603e-07
-6.354923748e-08
1.633654157e-07
-6.543431913e-08
1.578310249e-07
-6.732269971e-08
1.517534963e-07
-6.924325673e-08
1.451184784e-07
-7.122474056e-08
1.379062126e-07
-7.329547317e-08
1.300925225e-07
-7.548303617e-08
1.216496553e-07
-7.781393042e-08
1.125469971e-07
-8.031318877e-08
1.02751686e-07
-8.300392188e-08
9.222914835e-08
-8.590677372e-08
8.09435902e-08
-8.903926034e-08
6.885847873e-08
-9.241495966e-08
5.593705944e-08
-9.604251406e-08
4.214296703e-08
-9.992440267e-08
2.744100784e-08
-1.0405543e-07
1.17981835e-08
-1.084208573e-07
-4.814899977e-09
-1.129941265e-07
-2.242177584e-08
-1.177342487e-07
-4.103771342e-08
-1.225825108e-07
-6.066580063e-08
-1.274587404e-07
-8.129161695e-08
-1.322571237e-07
-1.028761188e-07
-1.368417866e-07
-1.253461409e-07
-1.410425454e-07
-1.485820259e-07
-1.446515297e-07
-1.7240196e-07
-1.474217662e-07
-1.965428711e-07
-1.490692659e-07
-2.206383256e-07
-1.492805813e-07
-2.441948437e-07
-1.47728033e-07
-2.665695166e-07
-1.440946035e-07
-2.869536888e-07
-1.381095423e-07
-3.043694549e-07
-1.295938039e-07
-3.176871576e-07
-1.185115428e-07
-3.25671947e-07
-1.050204716e-07
-3.270646286e-07
-8.95109771e-08
-3.206957059e-07
-7.262290925e-08
-3.056220013e-07
-5.523125818e-08
-2.812645245e-07
-3.839799539e-08
-2.475179904e-07
-2.329616839e-08
-2.04800441e-07
-1.112146616e-08
-1.540177011e-07
-3.012477142e-09
-9.643686773e-08
-3.350524449e-08
-4.989295682e-10
1.693235851e-08
-1.893590016e-09
4.734478456e-08
-4.048924608e-09
7.427152134e-08
-6.810396244e-09
9.775932219e-08
-1.002003196e-08
1.179366218e-07
-1.352762626e-08
1.349937921e-07
-1.719821485e-08
1.491647499e-07
-2.091630329e-08
1.607093644e-07
-2.458748557e-08
1.69897872e-07
-2.813818659e-08
1.769981437e-07
-3.15141975e-08
1.822659958e-07
-3.467854129e-08
1.859383612e-07
-3.760906541e-08
1.882289582e-07
-4.029603072e-08
1.893260141e-07
-4.273986267e-08
1.893915937e-07
-4.494915263e-08
1.885621171e-07
-4.693894342e-08
1.869497058e-07
-4.872929729e-08
1.846440565e-07
-5.034412447e-08
1.81714608e-07
-5.181023923e-08
1.782128189e-07
-5.315660749e-08
1.741744274e-07
-5.441374979e-08
1.696216026e-07
-5.561326675e-08
1.645649326e-07
-5.678745737e-08
1.590052155e-07
-5.796900473e-08
1.529350437e-07
-5.919070658e-08
1.463401802e-07
-6.048523078e-08
1.392007368e-07
-6.188487856e-08
1.314921703e-07
-6.342133897e-08
1.231861157e-07
-6.512541767e-08
1.142510758e-07
-6.70267233e-08
1.046529916e-07
-6.915329299e-08
9.435571805e-08
-7.153113563e-08
8.332143285e-08
-7.418366771e-08
7.151101082e-08
-7.71310109e-08
5.888440263e-08
-8.038911266e-08
4.54010688e-08
-8.39686419e-08
3.102053708e-08
-8.787361063e-08
1.570315224e-08
-9.209963981e-08
-5.888707926e-10
-9.663170343e-08
-1.788971221e-08
-1.014416321e-07
-3.622778474e-08
-1.064847245e-07
-5.562270828e-08
-1.11695789e-07
-7.608055244e-08
-1.169844783e-07
-9.758742942e-08
-1.222300131e-07
-1.20100606e-07
-1.272755733e-07
-1.435364658e-07
-1.319229254e-07
-1.677546079e-07
-1.359282897e-07
-1.925375068e-07
-1.390010129e-07
-2.175656024e-07
-1.408072473e-07
-2.423886094e-07
-1.409813933e-07
-2.663953706e-07
-1.391482518e-07
-2.887868304e-07
-1.349582489e-07
-3.085594578e-07
-1.281363205e-07
-3.24509086e-07
-1.185418171e-07
-3.352664503e-07
-1.062323877e-07
-3.39374058e-07
-9.152026838e-08
-3.354078252e-07
-7.500659378e-08
-3.221356759e-07
-5.758039687e-08
-2.986907214e-07
-4.03752298e-08
-2.647231575e-07
-2.468724599e-08
-2.204884249e-07
-1.187125136e-08
-1.668336958e-07
-3.240860538e-09
-1.050672586e-07
-3.674610503e-08
-5.308056391e-10
1.746316415e-08
-2.005680813e-09
4.881965974e-08
-4.266151631e-09
7.653199216e-08
-7.130921131e-09
1.006240917e-07
-1.041671709e-08
1.212224178e-07
-1.395223364e-08
1.385293086e-07
-1.758686898e-08
1.527993852e-07
-2.119513738e-08
1.643176328e-07
-2.46777714e-08
1.73380506e-07
-2.796058375e-08
1.802809561e-07
-3.09920043e-08
1.852974164e-07
-3.373998797e-08
1.886863449e-07
-3.618877602e-08
1.906777463e-07
-3.833581546e-08
1.914730536e-07
-4.018900467e-08
1.912447829e-07
-4.176433769e-08
1.901374502e-07
-4.308395681e-08
1.882693249e-07
-4.417458603e-08
1.857346858e-07
-4.506629875e-08
1.826063208e-07
-4.579156625e-08
1.789380864e-07
-4.638453358e-08
1.747673947e-07
-4.688047392e-08
1.70117543e-07
-4.731537903e-08
1.649998378e-07
-4.772564941e-08
1.594154859e-07
-4.814785465e-08
1.533572489e-07
-4.861853916e-08
1.468108647e-07
-4.917405146e-08
1.397562491e-07
-4.985038099e-08
1.321684999e-07
-5.068298668e-08
1.240187214e-07
-5.170660151e-08
1.152746906e-07
-5.295499837e-08
1.059013885e-07
-5.446070114e-08
9.586142083e-08
-5.625462242e-08
8.511535414e-08
-5.8365605e-08
7.36219934e-08
-6.08198387e-08
6.133863634e-08
-6.364011553e-08
4.822134564e-08
-6.684487456e-08
3.422529613e-08
-7.044698896e-08
1.930526665e-08
-7.445221334e-08
3.416353589e-09
-7.885707187e-08
-1.348485367e-08
-8.36464675e-08
-3.14383891e-08
-8.879041912e-08
-5.047875666e-08
-9.424002821e-08
-7.063094334e-08
-9.992254232e-08
-9.190491531e-08
-1.057354673e-07
-1.142876811e-07
-1.11539846e-07
-1.37732087e-07
-1.171530866e-07
-1.621413674e-07
-1.223421637e-07
-1.873484296e-07
-1.268186583e-07
-2.130891078e-07
-1.302379151e-07
-2.389693525e-07
-1.322054976e-07
-2.644277882e-07
-1.322947956e-07
-2.886975323e-07
-1.300796341e-07
-3.107746193e-07
-1.251843844e-07
-3.294043357e-07
-1.173508339e-07
-3.431000008e-07
-1.065158062e-07
-3.502090857e-07
-9.288713731e-08
-3.490364941e-07
-7.700028198e-08
-3.380225312e-07
-5.973662825e-08
-3.159543751e-07
-4.229023602e-08
-2.821695497e-07
-2.608261651e-08
-2.366960444e-07
-1.264227797e-08
-1.802740343e-07
-3.48059396e-09
-1.142289426e-07
-4.022669899e-08
-5.793337812e-10
1.804249794e-08
-2.175451686e-09
5.041577765e-08
-4.596130173e-09
7.895267066e-08
-7.623286278e-09
1.036512478e-07
-1.104010372e-08
1.246392352e-07
-1.464829736e-08
1.421375023e-07
-1.8278121e-08
1.564292089e-07
-2.179262793e-08
1.678321398e-07
-2.508777438e-08
1.766756525e-07
-2.808990442e-08
1.832830861e-07
-3.075185488e-08
1.879593669e-07
-3.304856452e-08
1.909830545e-07
-3.49727593e-08
1.926019411e-07
-3.653104164e-08
1.930313359e-07
-3.774053697e-08
1.924542782e-07
-3.86261363e-08
1.910230495e-07
-3.921830479e-08
1.888614934e-07
-3.955139066e-08
1.860677716e-07
-3.96623541e-08
1.827172842e-07
-3.958983563e-08
1.78865568e-07
-3.937348923e-08
1.745510483e-07
-3.905351576e-08
1.697975695e-07
-3.867034358e-08
1.646166656e-07
-3.826441214e-08
1.590095545e-07
-3.78760257e-08
1.529688625e-07
-3.754524964e-08
1.464800887e-07
-3.731182559e-08
1.395228251e-07
-3.721509141e-08
1.320717657e-07
-3.729389207e-08
1.240975221e-07
-3.758646615e-08
1.155672647e-07
-3.813029572e-08
1.064452181e-07
-3.896190748e-08
9.66930326e-08
-4.011660903e-08
8.627005569e-08
-4.162814086e-08
7.513352524e-08
-4.352821917e-08
6.323871465e-08
-4.584593588e-08
5.053906236e-08
-4.860697095e-08
3.69863312e-08
-5.183256335e-08
2.253085906e-08
-5.553816124e-08
7.121951476e-09
-5.973158349e-08
-9.291431414e-09
-6.441074481e-08
-2.675922777e-08
-6.956065504e-08
-4.532884642e-08
-7.514948933e-08
-6.504210905e-08
-8.112360082e-08
-8.593080382e-08
-8.740130126e-08
-1.080099806e-07
-9.386534893e-08
-1.312680393e-07
-1.003542981e-07
-1.556524182e-07
-1.066532746e-07
-1.810494531e-07
-1.124854029e-07
-2.072569795e-07
-1.175060536e-07
-2.339487019e-07
-1.213032918e-07
-2.606305499e-07
-1.23409139e-07
-2.865916852e-07
-1.233269961e-07
-3.108567621e-07
-1.205800267e-07
-3.321513052e-07
-1.147824674e-07
-3.488975602e-07
-1.05730068e-07
-3.592614851e-07
-9.349758206e-08
-3.6126898e-07
-7.852267792e-08
-3.529974354e-07
-6.165089371e-08
-3.328261593e-07
-4.411988869e-08
-2.997005547e-07
-2.747554077e-08
-2.533403923e-07
-1.343485436e-08
-1.943147207e-07
-3.732783005e-09
-1.239310139e-07
-4.395948199e-08
-6.493423324e-10
1.869184027e-08
-2.418821755e-09
5.218525708e-08
-5.068552105e-09
8.160240101e-08
-8.330553501e-09
1.069132492e-07
-1.194410234e-08
1.282527841e-07
-1.567695068e-08
1.458703506e-07
-1.933643402e-08
1.600886922e-07
-2.277298755e-08
1.712686933e-07
-2.587851696e-08
1.797811819e-07
-2.858181095e-08
1.859863801e-07
-3.084264378e-08
1.902201997e-07
-3.264566527e-08
1.92786076e-07
-3.399472874e-08
1.939510045e-07
-3.490798214e-08
1.939445893e-07
-3.541383124e-08
1.929601273e-07
-3.554775372e-08
1.91156972e-07
-3.534987329e-08
1.88663613e-07
-3.486317375e-08
1.855810721e-07
-3.413222877e-08
1.819863392e-07
-3.32023319e-08
1.779356711e-07
-3.21189275e-08
1.734676439e-07
-3.092725921e-08
1.686059012e-07
-2.967217242e-08
1.633615788e-07
-2.839801714e-08
1.577353992e-07
-2.714861663e-08
1.51719462e-07
-2.596727268e-08
1.452987447e-07
-2.489677838e-08
1.384523308e-07
-2.397943131e-08
1.311544186e-07
-2.325703635e-08
1.233751271e-07
-2.277087904e-08
1.150811074e-07
-2.256166306e-08
1.062360021e-07
-2.266940404e-08
9.680077359e-08
-2.313326643e-08
8.673391809e-08
-2.399132775e-08
7.599158657e-08
-2.52802495e-08
6.452763641e-08
-2.703482601e-08
5.229363887e-08
-2.928737094e-08
3.923887614e-08
-3.206688737e-08
2.53103755e-08
-3.539795133e-08
1.045301544e-08
-3.929917206e-08
-5.390210675e-09
-4.378112894e-08
-2.22772709e-08
-4.884370372e-08
-4.026627163e-08
-5.447241044e-08
-5.941340232e-08
-6.063357772e-08
-7.976963654e-08
-6.726808972e-08
-1.013754686e-07
-7.428345161e-08
-1.242526774e-07
-8.154408532e-08
-1.483917845e-07
-8.886009679e-08
-1.737334416e-07
-9.597537805e-08
-2.001416982e-07
-1.025568808e-07
-2.273671991e-07
-1.081883649e-07
-2.549990658e-07
-1.123736889e-07
-2.824063612e-07
-1.145563332e-07
-3.086741178e-07
-1.141624337e-07
-3.325452046e-07
-1.106727978e-07
-3.52387196e-07
-1.037237308e-07
-3.662105521e-07
-9.322662578e-08
-3.71766085e-07
-7.948397233e-08
-3.667400888e-07
-6.326957224e-08
-3.490405594e-07
-4.584025641e-08
-3.171298705e-07
-2.886066849e-08
-2.703199802e-07
-1.425094637e-08
-2.089244428e-07
-3.9992792e-09
-1.341826811e-07
-4.795876119e-08
-7.470881011e-10
1.943892838e-08
-2.755949681e-09
5.419411867e-08
-5.720165643e-09
8.456661698e-08
-9.304675902e-09
1.104977595e-07
-1.319189976e-08
1.321400079e-07
-1.710750536e-08
1.497859562e-07
-2.08321126e-08
1.638132995e-07
-2.420306094e-08
1.746396417e-07
-2.710995155e-08
1.826880725e-07
-2.948702779e-08
1.883634564e-07
-3.130454183e-08
1.920377137e-07
-3.25604231e-08
1.940419573e-07
-3.327294199e-08
1.946635234e-07
-3.347464288e-08
1.941462902e-07
-3.320756566e-08
1.926930501e-07
-3.251963638e-08
1.904690427e-07
-3.146204786e-08
1.876060245e-07
-3.008743681e-08
1.842064611e-07
-2.844867652e-08
1.803475789e-07
-2.659812859e-08
1.760851232e-07
-2.458722508e-08
1.714567404e-07
-2.246627756e-08
1.664849537e-07
-2.028444025e-08
1.611797415e-07
-1.808975993e-08
1.555407189e-07
-1.592928451e-08
1.495589866e-07
-1.384920064e-08
1.432186609e-07
-1.189495222e-08
1.364980824e-07
-1.011135736e-08
1.293708238e-07
-8.542715135e-09
1.218064849e-07
-7.232868069e-09
1.137712604e-07
-6.225228828e-09
1.052283628e-07
-5.562769273e-09
9.613831404e-08
-5.287957628e-09
8.645910645e-08
-5.442633748e-09
7.614626269e-08
-6.067806502e-09
6.515280917e-08
-7.203349911e-09
5.342918228e-08
-8.88756365e-09
4.092308988e-08
-1.115654815e-08
2.757936e-08
-1.404333425e-08
1.333980155e-08
-1.757665949e-08
-1.856885435e-09
-2.177917049e-08
-1.80747599e-08
-2.666516381e-08
-3.53802783e-08
-3.223729531e-08
-5.384127082e-08
-3.848211918e-08
-7.352481267e-08
-4.536407464e-08
-9.449351314e-08
-5.2817515e-08
-1.167992371e-07
-6.073643766e-08
-1.404728618e-07
-6.896182031e-08
-1.65508059e-07
-7.726694859e-08
-1.918365699e-07
-8.534202009e-08
-2.192921276e-07
-9.27809463e-08
-2.475601396e-07
-9.907544109e-08
-2.761118664e-07
-1.036240281e-07
-3.041255309e-07
-1.057656365e-07
-3.304035961e-07
-1.048473473e-07
-3.533054853e-07
-1.003312757e-07
-3.707266236e-07
-9.193490491e-08
-3.801624558e-07
-7.978304202e-08
-3.788919517e-07
-6.453292472e-08
-3.642906767e-07
-4.74264188e-08
-3.342363765e-07
-3.023474333e-08
-2.875116557e-07
-1.509498791e-08
-2.240641982e-07
-4.283051016e-09
-1.44994618e-07
-5.224181221e-08
-8.807869281e-10
2.031971531e-08
-3.212591835e-09
5.652592358e-08
-6.596652544e-09
8.79506777e-08
-1.060826164e-08
1.145093686e-07
-1.485693888e-08
1.363886852e-07
-1.901712018e-08
1.539461375e-07
-2.283934543e-08
1.676355247e-07
-2.614863227e-08
1.779489285e-07
-2.883558107e-08
1.853750213e-07
-3.084442554e-08
1.903723009e-07
-3.216074618e-08
1.933540344e-07
-3.280034326e-08
1.946815544e-07
-3.279992744e-08
1.946631076e-07
-3.220977018e-08
1.93556133e-07
-3.108817447e-08
1.915714544e-07
-2.949749819e-08
1.888783664e-07
-2.75014274e-08
1.856099537e-07
-2.516321129e-08
1.81868245e-07
-2.254460852e-08
1.777289762e-07
-1.970534149e-08
1.732458562e-07
-1.670289827e-08
1.684542972e-07
-1.359255415e-08
1.633746096e-07
-1.042754649e-08
1.580147339e-07
-7.259295619e-09
1.52372468e-07
-4.137681295e-09
1.464373723e-07
-1.111332586e-09
1.401923122e-07
1.772113837e-09
1.33614636e-07
4.465784629e-09
1.26677153e-07
6.923398351e-09
1.193488712e-07
9.099087458e-09
1.115955713e-07
1.094726613e-08
1.033801842e-07
1.242255262e-08
9.466302755e-08
1.347973489e-08
8.540192418e-08
1.407378831e-08
7.555220928e-08
1.41599568e-08
6.506664067e-08
1.369391533e-08
5.389522376e-08
1.263204146e-08
4.198496375e-08
1.093183917e-08
2.927956229e-08
8.552565029e-09
1.571907569e-08
5.456137742e-09
1.239541854e-09
1.608605673e-09
-1.422722783e-08
-3.018010113e-09
-3.075366252e-08
-8.442899392e-09
-4.841638155e-08
-1.467252651e-08
-6.729518555e-08
-2.169509785e-08
-8.74709418e-08
-2.947293864e-08
-1.090213963e-07
-3.793218183e-08
-1.320136186e-07
-4.694934352e-08
-1.564908973e-07
-5.633464427e-08
-1.824512692e-07
-6.581263004e-08
-2.098141418e-07
-7.500234341e-08
-2.383704262e-07
-8.340156748e-08
-2.677126424e-07
-9.03831272e-08
-2.971439711e-07
-9.521481979e-08
-3.255719036e-07
-9.71168165e-08
-3.514034886e-07
-9.53680887e-08
-3.724753515e-07
-8.946336504e-08
-3.860671795e-07
-7.930286212e-08
-3.890524546e-07
-6.537223176e-08
-3.782213071e-07
-4.885169021e-08
-3.50756918e-07
-3.159733135e-08
-3.047660145e-07
-1.597496357e-08
-2.39686566e-07
-4.588721393e-09
-1.563808602e-07
-5.68305336e-08
-1.061379657e-09
2.138109497e-08
-3.821944808e-09
5.928648874e-08
-7.754963745e-09
9.188369664e-08
-1.231641336e-08
1.190708182e-07
-1.702330935e-08
1.410955812e-07
-2.14890703e-08
1.584118985e-07
-2.543202317e-08
1.715784776e-07
-2.866775651e-08
1.811846618e-07
-3.109347508e-08
1.878007399e-07
-3.267000969e-08
1.919488355e-07
-3.340477535e-08
1.940888001e-07
-3.333723688e-08
1.946140159e-07
-3.252736046e-08
1.938532312e-07
-3.104693356e-08
1.920757061e-07
-2.897335908e-08
1.894978799e-07
-2.63854425e-08
1.862904499e-07
-2.336070559e-08
1.825852168e-07
-1.997382092e-08
1.784813603e-07
-1.629583635e-08
1.740509916e-07
-1.239393392e-08
1.693439537e-07
-8.331538992e-09
1.643919023e-07
-4.168603203e-09
1.592116738e-07
3.797080494e-11
1.538081598e-07
4.233795209e-09
1.481766436e-07
8.366614779e-09
1.423045527e-07
1.238590355e-08
1.361730234e-07
1.624240842e-08
1.297581311e-07
1.988779998e-08
1.230317614e-07
2.327436113e-08
1.1596231e-07
2.635473537e-08
1.08515197e-07
2.908171311e-08
1.006532064e-07
3.140805774e-08
9.233668293e-08
3.328637609e-08
8.352360583e-08
3.466903422e-08
7.416955116e-08
3.550812445e-08
6.422755044e-08
3.575549562e-08
5.364785259e-08
3.536286711e-08
4.237759227e-08
3.428206045e-08
3.036036896e-08
3.246539391e-08
1.753574222e-08
2.986631201e-08
3.838623758e-09
2.644045883e-08
-1.080137466e-08
2.214712877e-08
-2.646033246e-08
1.695152944e-08
-4.322078221e-08
1.082809205e-08
-6.117174817e-08
3.765313955e-09
-8.040816371e-08
-4.2272551e-09
-1.010288272e-07
-1.310918325e-08
-1.231316905e-07
-2.279575101e-08
-1.468043295e-07
-3.314018539e-08
-1.721068348e-07
-4.391131044e-08
-1.990430168e-07
-5.476796728e-08
-2.275137694e-07
-6.523353421e-08
-2.572470754e-07
-7.467815552e-08
-2.876993498e-07
-8.232110861e-08
-3.179289505e-07
-8.727106216e-08
-3.464535351e-07
-8.862326169e-08
-3.711231519e-07
-8.562537085e-08
-3.890650703e-07
-7.79032802e-08
-3.967745453e-07
-6.570482939e-08
-3.904197579e-07
-5.008574253e-08
-3.663760049e-07
-3.295143197e-08
-3.219003251e-07
-1.690384858e-08
-2.557341494e-07
-4.923358506e-09
-1.683613502e-07
-6.175389211e-08
-1.303662895e-09
2.268475786e-08
-4.627165119e-09
6.260999097e-08
-9.26615904e-09
9.652269057e-08
-1.45183457e-08
1.243230049e-07
-1.978480869e-08
1.463620442e-07
-2.460843386e-08
1.632355237e-07
-2.867576984e-08
1.756458136e-07
-3.179926988e-08
1.843081619e-07
-3.389164968e-08
1.898931197e-07
-3.493967995e-08
1.929968658e-07
-3.498114076e-08
1.941302609e-07
-3.408630349e-08
1.937191787e-07
-3.234399409e-08
1.921109218e-07
-2.985167274e-08
1.895833847e-07
-2.670875338e-08
1.863549606e-07
-2.301239027e-08
1.825940868e-07
-1.885505903e-08
1.784278856e-07
-1.432338866e-08
1.739496899e-07
-9.49782664e-09
1.692254296e-07
-4.452813578e-09
1.642989407e-07
7.427002898e-10
1.591963884e-07
6.024520379e-09
1.539298537e-07
1.133257707e-08
1.485001032e-07
1.661027707e-08
1.428989436e-07
2.180372271e-08
1.371111071e-07
2.686109808e-08
1.31115648e-07
3.17321474e-08
1.248870818e-07
3.636768559e-08
1.183962232e-07
4.071917859e-08
1.11610817e-07
4.473838848e-08
1.044959871e-07
4.83770693e-08
9.701452562e-08
5.158670765e-08
8.912704458e-08
5.431830514e-08
8.079200834e-08
5.652220053e-08
7.196565577e-08
5.814793293e-08
6.260181804e-08
5.914415232e-08
5.26516332e-08
5.945859104e-08
4.206315355e-08
5.903812086e-08
3.078083913e-08
5.78289345e-08
1.874492858e-08
5.577690535e-08
5.890652911e-09
5.282826757e-08
-7.852736875e-09
4.893069064e-08
-2.256275553e-08
4.40349713e-08
-3.832506288e-08
3.80976545e-08
-5.523443136e-08
3.108506705e-08
-7.339557626e-08
2.297936061e-08
-9.292312078e-08
1.378735096e-08
-1.139396808e-07
3.553290695e-09
-1.365702693e-07
-7.623203151e-09
-1.60930341e-07
-1.956334766e-08
-1.871028723e-07
-3.197929771e-08
-2.150978194e-07
-4.443989043e-08
-2.447864827e-07
-5.633846758e-08
-2.758007727e-07
-6.687473473e-08
-3.073926833e-07
-7.507106958e-08
-3.382572002e-07
-7.984970472e-08
-3.663445168e-07
-8.019534942e-08
-3.887194256e-07
-7.540994697e-08
-4.015599477e-07
-6.542579964e-08
-4.004039052e-07
-5.109074509e-08
-3.807110594e-07
-3.430366206e-08
-3.386874081e-07
-1.790150554e-08
-2.721363059e-07
-5.297659866e-09
-1.809651959e-07
-6.705155197e-08
-1.628001582e-09
2.431275945e-08
-5.684841753e-09
6.666683114e-08
-1.121871407e-08
1.020565629e-07
-1.731813646e-08
1.304224273e-07
-2.32413133e-08
1.52285221e-07
-2.845317214e-08
1.684473825e-07
-3.261364449e-08
1.798062859e-07
-3.554358641e-08
1.872381038e-07
-3.718472765e-08
1.915342609e-07
-3.756261627e-08
1.933747544e-07
-3.675629023e-08
1.933239348e-07
-3.487536926e-08
1.918382577e-07
-3.20438129e-08
1.892793654e-07
-2.838907332e-08
1.859286451e-07
-2.403532591e-08
1.820012132e-07
-1.909962876e-08
1.776583896e-07
-1.369009402e-08
1.730183508e-07
-7.905380795e-09
1.681649767e-07
-1.834953138e-09
1.631550019e-07
4.440016012e-09
1.580239715e-07
1.084567458e-08
1.527907299e-07
1.731456487e-08
1.474609635e-07
2.378444923e-08
1.420302188e-07
3.019727202e-08
1.364861208e-07
3.649827605e-08
1.30810103e-07
4.263518749e-08
1.249787366e-07
4.85575189e-08
1.189647504e-07
5.421595924e-08
1.127377829e-07
5.95618485e-08
1.062649278e-07
6.454672734e-08
9.95111083e-08
6.912194791e-08
9.243930505e-08
7.323833502e-08
8.501065747e-08
7.684588937e-08
7.7184454e-08
7.989352671e-08
6.891801843e-08
8.232884966e-08
6.016649508e-08
8.409795347e-08
5.08825294e-08
8.514527264e-08
4.101583438e-08
8.541348461e-08
3.051262716e-08
8.484349879e-08
1.931491439e-08
8.337457042e-08
7.359581285e-09
8.094462988e-08
-5.42279634e-09
7.749097404e-08
-1.910909969e-08
7.29514004e-08
-3.378548925e-08
6.726611348e-08
-4.954914445e-08
6.038083779e-08
-6.651030057e-08
5.2251738e-08
-8.4794021e-08
4.285301526e-08
-1.045409581e-07
3.218841879e-08
-1.259056728e-07
2.030810397e-08
-1.490500262e-07
7.332491914e-09
-1.741272602e-07
-6.515182422e-09
-2.01250145e-07
-2.086809477e-08
-2.304335704e-07
-3.517026434e-08
-2.614986031e-07
-4.863653413e-08
-2.939264135e-07
-6.023870321e-08
-3.266550311e-07
-6.875102448e-08
-3.578321955e-07
-7.289287241e-08
-3.845775777e-07
-7.159771213e-08
-4.02855108e-07
-6.439437691e-08
-4.076072404e-07
-5.181398498e-08
-3.932914514e-07
-3.56633562e-08
-3.548380369e-07
-1.899712329e-08
-2.888025388e-07
-5.727756651e-09
-1.942345625e-07
-7.277930863e-08
-2.062993231e-09
2.637575268e-08
-7.069800161e-09
7.167363807e-08
-1.372202859e-08
1.087087913e-07
-2.083327213e-08
1.375336708e-07
-2.748997127e-08
1.589419201e-07
-3.30771456e-08
1.740345568e-07
-3.724137712e-08
1.839705174e-07
-3.983126657e-08
1.898279933e-07
-4.083724218e-08
1.925402365e-07
-4.034072928e-08
1.928782415e-07
-3.847547562e-08
1.914586812e-07
-3.540024211e-08
1.887630242e-07
-3.128073968e-08
1.85159863e-07
-2.62785033e-08
1.809264088e-07
-2.054466897e-08
1.762673789e-07
-1.421705134e-08
1.71330772e-07
-7.419338174e-09
1.662206377e-07
-2.615063291e-10
1.610071449e-07
7.158771242e-09
1.557347244e-07
1.475476386e-08
1.504279789e-07
2.244922908e-08
1.450962647e-07
3.017262425e-08
1.397375683e-07
3.786166713e-08
1.343411759e-07
4.545802735e-08
1.288897606e-07
5.290717366e-08
1.233609567e-07
6.015737377e-08
1.177285365e-07
6.715884029e-08
1.119632839e-07
7.38629994e-08
1.060336238e-07
8.022186613e-08
9.990606105e-08
8.618750882e-08
9.35454656e-08
9.171158534e-08
8.691522853e-08
9.67449353e-08
7.997730751e-08
1.01237216e-07
7.269217334e-08
1.051365715e-07
6.501866292e-08
1.083893283e-07
5.69137382e-08
1.109397136e-07
4.833214411e-08
1.127295967e-07
3.922595129e-08
1.13698263e-07
2.954396086e-08
1.137822371e-07
1.923094032e-08
1.129151811e-07
8.226637209e-09
1.110279188e-07
-3.535534007e-09
1.080487575e-07
-1.612993836e-08
1.039040969e-07
-2.964082863e-08
9.851963188e-08
-4.416467947e-08
9.182251828e-08
-5.981318697e-08
8.374505355e-08
-7.671655628e-08
7.423072838e-08
-9.502663293e-08
6.324391859e-08
-1.14918863e-07
5.078493468e-08
-1.365910422e-07
3.69126701e-08
-1.602549956e-07
2.177725588e-08
-1.861147308e-07
5.664516215e-09
-2.143208307e-07
-1.094752346e-08
-2.448865635e-07
-2.73278556e-08
-2.775460814e-07
-4.244407854e-08
-3.115388082e-07
-5.496461502e-08
-3.45311659e-07
-6.336086498e-08
-3.761813278e-07
-6.616615937e-08
-4.000498136e-07
-6.241206324e-08
-4.113613366e-07
-5.217428498e-08
-4.035292296e-07
-3.703921568e-08
-3.699731062e-07
-2.023217859e-08
-3.056095759e-07
-6.238004966e-09
-2.082287362e-07
-7.901731359e-08
-2.649716726e-09
2.902546941e-08
-8.881700731e-09
7.790562208e-08
-1.690928345e-08
1.16736374e-07
-2.518824419e-08
1.458126316e-07
-3.260665684e-08
1.663603328e-07
-3.847914295e-08
1.799070429e-07
-4.246541774e-08
1.879567922e-07
-4.447235302e-08
1.918349286e-07
-4.456669824e-08
1.926345817e-07
-4.29076921e-08
1.912192353e-07
-3.969964848e-08
1.882506375e-07
-3.516098173e-08
1.842243574e-07
-2.95054384e-08
1.795043197e-07
-2.293181161e-08
1.74352782e-07
-1.561921789e-08
1.689547851e-07
-7.725829235e-09
1.634373833e-07
6.104082326e-10
1.578844002e-07
9.269657048e-09
1.52347896e-07
1.814810795e-08
1.468562735e-07
2.715571914e-08
1.414203677e-07
3.621359671e-08
1.360383871e-07
4.525192746e-08
1.306992375e-07
5.420808867e-08
1.253850147e-07
6.302501341e-08
1.200728359e-07
7.1649795e-08
1.147361751e-07
8.003250486e-08
1.093458266e-07
8.812519804e-08
1.038705907e-07
9.588107483e-08
9.827774699e-08
1.032537714e-07
9.253336443e-08
1.101967553e-07
8.660248174e-08
1.166628019e-07
8.044918192e-08
1.226035337e-07
7.403657573e-08
1.279690043e-07
6.732670274e-08
1.327073146e-07
6.028035263e-08
1.367642496e-07
5.285680318e-08
1.400829287e-07
4.5013465e-08
1.426034649e-07
3.670541508e-08
1.442626341e-07
2.788479169e-08
1.449935618e-07
1.850001258e-08
1.447254412e-07
8.494757874e-09
1.433833004e-07
-2.193393247e-09
1.408879814e-07
-1.363461938e-08
1.371562701e-07
-2.590911736e-08
1.321014399e-07
-3.910984926e-08
1.256344873e-07
-5.334623436e-08
1.176665314e-07
-6.874860043e-08
1.08113147e-07
-8.547324846e-08
9.690184243e-08
-1.037075585e-07
8.398449167e-08
-1.236736915e-07
6.935732694e-08
-1.456278309e-07
5.309184792e-08
-1.698492518e-07
3.538027303e-08
-1.966092558e-07
1.659784302e-08
-2.261041335e-07
-2.61903686e-09
-2.583292015e-07
-2.129058072e-08
-2.928672644e-07
-3.804047824e-08
-3.285617615e-07
-5.113645991e-08
-3.630853461e-07
-5.870418814e-08
-3.924820854e-07
-5.918786315e-08
-4.108776616e-07
-5.203755634e-08
-4.106795364e-07
-3.843069795e-08
-3.835799646e-07
-2.166354428e-08
-3.223767296e-07
-6.865348866e-09
-2.230269316e-07
-8.588266246e-08
-3.448635574e-09
3.247410498e-08
-1.125380792e-08
8.571079443e-08
-2.093735012e-08
1.264199162e-07
-3.049758703e-08
1.553728685e-07
-3.860927792e-08
1.744720237e-07
-4.454773899e-08
1.85845504e-07
-4.803289265e-08
1.914419459e-07
-4.90757021e-08
1.92877738e-07
-4.785635877e-08
1.914152384e-07
-4.463863727e-08
1.880015139e-07
-3.971478724e-08
1.833267875e-07
-3.337288591e-08
1.778824561e-07
-2.587940596e-08
1.720108397e-07
-1.747150871e-08
1.659448847e-07
-8.35513353e-09
1.5983841e-07
1.293680494e-09
1.537885693e-07
1.132549323e-08
1.478525874e-07
2.161414151e-08
1.420592478e-07
3.205320448e-08
1.364172105e-07
4.255216507e-08
1.309214071e-07
5.303336263e-08
1.255571895e-07
6.342928375e-08
1.203033164e-07
7.36802527e-08
1.151340458e-07
8.373249283e-08
1.100205957e-07
9.35365135e-08
1.049321545e-07
1.030457731e-07
9.983656702e-08
1.122155732e-07
9.470079062e-08
1.210021398e-07
8.949118031e-08
1.293618559e-07
8.417364835e-08
1.372506109e-07
7.871372676e-08
1.446232414e-07
7.307655145e-08
1.514330379e-07
6.722677915e-08
1.576312989e-07
6.112844182e-08
1.631669136e-07
5.474473795e-08
1.679859623e-07
4.80377544e-08
1.720313212e-07
4.09681061e-08
1.752422632e-07
3.349447306e-08
1.775540506e-07
2.557300432e-08
1.788975171e-07
1.715654606e-08
1.791986419e-07
8.193633067e-09
1.783781117e-07
-1.372863073e-09
1.763509917e-07
-1.160749938e-08
1.730264336e-07
-2.258455923e-08
1.683076256e-07
-3.439104125e-08
1.620921554e-07
-4.713076419e-08
1.5427315e-07
-6.092959505e-08
1.447418253e-07
-7.594192371e-08
1.333925066e-07
-9.235823989e-08
1.201318476e-07
-1.104130325e-07
1.048949519e-07
-1.303909352e-07
8.767233223e-08
-1.526266322e-07
6.855287261e-08
-1.774897962e-07
4.778833938e-08
-2.053396002e-07
2.588286952e-08
-2.364237317e-07
3.702150057e-09
-2.706865449e-07
-1.741561325e-08
-3.074439982e-07
-3.561299887e-08
-3.448879605e-07
-4.86397553e-08
-3.79455329e-07
-5.42838348e-08
-4.052335821e-07
-5.117348428e-08
-4.13789887e-07
-3.980845772e-08
-3.949449912e-07
-2.336534659e-08
-3.388198407e-07
-7.666115985e-09
-2.387261622e-07
-9.354877845e-08
-4.550879146e-09
3.702498413e-08
-1.436354902e-08
9.55234643e-08
-2.59779664e-08
1.380343336e-07
-3.682684376e-08
1.662217458e-07
-4.538732007e-08
1.830325e-07
-5.096442409e-08
1.91422608e-07
-5.341586492e-08
1.938933867e-07
-5.292201895e-08
1.92383892e-07
-4.982360274e-08
1.883168222e-07
-4.451891764e-08
1.826968288e-07
-3.740472452e-08
1.762125944e-07
-2.88458576e-08
1.693235892e-07
-1.916241963e-08
1.623274018e-07
-8.627101169e-09
1.554095663e-07
2.532123255e-09
1.486791855e-07
1.412659913e-08
1.421940934e-07
2.600150645e-08
1.359776801e-07
3.803016459e-08
1.300305896e-07
5.010830892e-08
1.243390662e-07
6.214955481e-08
1.188801613e-07
7.40814766e-08
1.136252677e-07
8.58423454e-08
1.085424476e-07
9.737844743e-08
1.035979437e-07
1.086418984e-07
9.875714474e-08
1.195888702e-07
9.398518272e-08
1.301781528e-07
8.924728435e-08
1.403699872e-07
8.450895621e-08
1.501251108e-07
7.973605675e-08
1.594039701e-07
7.489478906e-08
1.681660612e-07
6.995163565e-08
1.763693653e-07
6.487324737e-08
1.839698525e-07
5.962629193e-08
1.909210319e-07
5.417726239e-08
1.971735284e-07
4.849224142e-08
2.026746708e-07
4.253661204e-08
2.073680768e-07
3.627470008e-08
2.111932238e-07
2.96693261e-08
2.140849933e-07
2.268123476e-08
2.159731821e-07
1.526835728e-08
2.167819698e-07
7.384845369e-09
2.164293257e-07
-1.020219015e-09
2.148264184e-07
-1.000459207e-08
2.118769631e-07
-1.963510393e-08
2.074766572e-07
-2.999073533e-08
2.015127553e-07
-4.116686237e-08
1.938640272e-07
-5.328086689e-08
1.844015578e-07
-6.647945434e-08
1.729912266e-07
-8.094790868e-08
1.594993461e-07
-9.692115198e-08
1.438039911e-07
-1.146955802e-07
1.258160946e-07
-1.346387357e-07
1.055164249e-07
-1.571901265e-07
8.301660135e-08
-1.828397767e-07
5.865294723e-08
-2.120600776e-07
3.311742845e-08
-2.451510261e-07
7.614826292e-09
-2.819413961e-07
-1.599238324e-08
-3.212807509e-07
-3.517027869e-08
-3.602774335e-07
-4.703128276e-08
-3.93372578e-07
-4.91798231e-08
-4.116413466e-07
-4.107235864e-08
-4.030524557e-07
-2.542538628e-08
-3.544668131e-07
-8.726185976e-09
-2.554253625e-07
-1.022749644e-07
-6.096325184e-09
4.312130931e-08
-1.844155885e-08
1.07868698e-07
-3.218601296e-08
1.517787877e-07
-4.410767293e-08
1.781434058e-07
-5.256845568e-08
1.914932828e-07
-5.703478819e-08
1.958889405e-07
-5.762187358e-08
1.944804721e-07
-5.476672159e-08
1.8952874e-07
-4.90250466e-08
1.825751472e-07
-4.095837407e-08
1.746301562e-07
-3.1078896e-08
1.663331163e-07
-1.982802694e-08
1.580727201e-07
-7.572920685e-09
1.500722955e-07
5.387551106e-09
1.424490945e-07
1.881344193e-08
1.352532947e-07
3.251436041e-08
1.28493175e-07
4.633990546e-08
1.221521351e-07
6.017098019e-08
1.161995149e-07
7.391293141e-08
1.10597115e-07
8.748982615e-08
1.053032665e-07
1.008398286e-07
1.002752653e-07
1.139115072e-07
9.547076904e-08
1.266609035e-07
9.084854746e-08
1.390492152e-07
8.636883299e-08
1.510409661e-07
8.199343182e-08
1.626025573e-07
7.768569314e-08
1.737011159e-07
7.341039763e-08
1.843035713e-07
6.91336014e-08
1.943759048e-07
6.482245549e-08
2.038825291e-07
6.044501134e-08
2.127857607e-07
5.597001583e-08
2.210453581e-07
5.13666945e-08
2.286181019e-07
4.660451857e-08
2.354573959e-07
4.16529474e-08
2.415128732e-07
3.648113479e-08
2.467299909e-07
3.105758233e-08
2.510496e-07
2.534971705e-08
2.544074736e-07
1.932336112e-08
2.56733781e-07
1.294204992e-08
2.579524879e-07
6.166138446e-09
2.579806554e-07
-1.048386573e-09
2.567276447e-07
-8.751581289e-09
2.540941719e-07
-1.700163116e-08
2.499713135e-07
-2.586787693e-08
2.442393977e-07
-3.543494661e-08
2.367669005e-07
-4.580836967e-08
2.27409616e-07
-5.712216984e-08
2.160106586e-07
-6.954895127e-08
2.024024075e-07
-8.331290093e-08
1.864124948e-07
-9.870566749e-08
1.678775837e-07
-1.161038246e-07
1.466712301e-07
-1.359837729e-07
1.227555619e-07
-1.589241086e-07
9.627009767e-08
-1.855746133e-07
6.76718721e-08
-2.165528006e-07
3.79327816e-08
-2.522023056e-07
8.770375851e-09
-2.921183452e-07
-1.716984392e-08
-3.343372138e-07
-3.640455291e-08
-3.74137869e-07
-4.535193748e-08
-4.026939621e-07
-4.196392956e-08
-4.064404636e-07
-2.792465264e-08
-3.6850609e-07
-1.017477857e-08
-2.731752366e-07
-1.12449743e-07
-8.300911309e-09
5.142222062e-08
-2.376671696e-08
1.233345036e-07
-3.961068734e-08
1.676227581e-07
-5.195765796e-08
1.904903764e-07
-5.926765936e-08
1.988032842e-07
-6.139633405e-08
1.980176152e-07
-5.888751114e-08
1.919716492e-07
-5.25398305e-08
1.831810594e-07
-4.317638934e-08
1.73211706e-07
-3.153899361e-08
1.629927605e-07
-1.825141807e-08
1.530455408e-07
-3.816691292e-09
1.436379934e-07
1.13696126e-08
1.348859916e-07
2.700209335e-08
1.268166137e-07
4.284866259e-08
1.194067255e-07
5.87339203e-08
1.126079172e-07
7.452575738e-08
1.06360298e-07
9.01247916e-08
1.006004807e-07
1.05455951e-07
9.52659555e-08
1.204619325e-07
9.029728508e-08
1.350981627e-07
8.563903503e-08
1.49328939e-07
8.12399927e-08
1.631244808e-07
7.705300574e-08
1.764586773e-07
7.303463645e-08
1.893073654e-07
6.914474372e-08
2.016470052e-07
6.534605333e-08
2.134536554e-07
6.160374741e-08
2.24702171e-07
5.788508578e-08
2.353655647e-07
5.415906182e-08
2.454144864e-07
5.039608968e-08
2.548167857e-07
4.656771649e-08
2.635371291e-07
4.264635105e-08
2.715366487e-07
3.860499906e-08
2.787726029e-07
3.44169931e-08
2.851980343e-07
3.005570342e-08
2.907614049e-07
2.54942117e-08
2.954061969e-07
2.070492512e-08
2.990704578e-07
1.565910014e-08
3.016862728e-07
1.032623494e-08
3.031791365e-07
4.673274761e-09
3.034671877e-07
-1.336437751e-09
3.02460276e-07
-7.744669591e-09
3.00058802e-07
-1.460015717e-08
2.961523772e-07
-2.196145223e-08
2.906181505e-07
-2.990071989e-08
2.83318797e-07
-3.850901616e-08
2.74100249e-07
-4.790362185e-08
2.62789423e-07
-5.823812523e-08
2.491926046e-07
-6.971608259e-08
2.330959645e-07
-8.26090274e-08
2.142711881e-07
-9.727904819e-08
1.924918575e-07
-1.142044423e-07
1.675704969e-07
-1.34002748e-07
1.394322452e-07
-1.574363616e-07
1.082476093e-07
-1.853681647e-07
7.464857261e-08
-2.186032689e-07
4.003603605e-08
-2.575058086e-07
6.926210472e-09
-3.012273882e-07
-2.083731829e-08
-3.463743403e-07
-3.846291967e-08
-3.850683607e-07
-4.188904936e-08
-4.030143339e-07
-3.087195922e-08
-3.795231802e-07
-1.220008165e-08
-2.918471142e-07
-1.246498247e-07
-1.149261058e-08
6.29148312e-08
-3.06077121e-08
1.424496051e-07
-4.796741958e-08
1.849824656e-07
-5.930191144e-08
2.018248683e-07
-6.361780167e-08
2.031191744e-07
-6.151816351e-08
1.95917977e-07
-5.419288513e-08
1.846463708e-07
-4.290400069e-08
1.71892175e-07
-2.876891677e-08
1.590766221e-07
-1.269473713e-08
1.469185809e-07
4.617139653e-09
1.35733664e-07
2.264059009e-08
1.256145429e-07
4.099125219e-08
1.165353295e-07
5.939357673e-08
1.084142892e-07
7.765215238e-08
1.011481498e-07
9.563040749e-08
9.462966213e-08
1.132341446e-07
8.875656089e-08
1.303991772e-07
8.343544812e-08
1.470821879e-07
7.858294475e-08
1.632540218e-07
7.412545124e-08
1.788947887e-07
6.999826807e-08
1.939902972e-07
6.614448421e-08
2.085294571e-07
6.251384589e-08
2.22502386e-07
5.906170747e-08
2.358990248e-07
5.574810497e-08
2.487081179e-07
5.253696021e-08
2.609164574e-07
4.939540786e-08
2.725083132e-07
4.629322997e-08
2.834649943e-07
4.320238079e-08
2.937644997e-07
4.009658423e-08
3.033812287e-07
3.695098752e-08
3.122857241e-07
3.37418556e-08
3.204444317e-07
3.044629144e-08
3.278194571e-07
2.704196771e-08
3.343683064e-07
2.35068541e-08
3.400435955e-07
1.981892261e-08
3.447927115e-07
1.595580917e-08
3.485574077e-07
1.189440391e-08
3.512733087e-07
7.61033391e-09
3.528692935e-07
3.077289948e-09
3.53266707e-07
-1.733851199e-09
3.52378361e-07
-6.856323656e-09
3.501072479e-07
-1.2329044e-08
3.463449433e-07
-1.819914764e-08
3.40969498e-07
-2.45252746e-08
3.338427083e-07
-3.138222655e-08
3.248066611e-07
-3.88675746e-08
3.136795129e-07
-4.7110977e-08
3.002506906e-07
-5.628726037e-08
2.842762403e-07
-6.663457706e-08
2.654762171e-07
-7.847902504e-08
2.435383413e-07
-9.22665665e-08
2.181364711e-07
-1.086008778e-07
1.889798303e-07
-1.282797208e-07
1.5591996e-07
-1.523082945e-07
1.19155069e-07
-1.818383778e-07
7.957578392e-08
-2.179265236e-07
3.926386998e-08
-2.609154743e-07
2.028182614e-09
-3.091386529e-07
-2.640588107e-08
-3.56634297e-07
-3.957180052e-08
-3.898484145e-07
-3.403152434e-08
-3.850634564e-07
-1.505657536e-08
-3.108220632e-07
-1.397064e-07
-1.613052098e-08
7.904535218e-08
-3.898786438e-08
1.653069485e-07
-5.60722442e-08
2.020668454e-07
-6.358411825e-08
2.093367423e-07
-6.190095762e-08
2.014360137e-07
-5.286355024e-08
1.868805697e-07
-3.852194991e-08
1.703047705e-07
-2.06425196e-08
1.540127447e-07
-5.894955896e-10
1.390235981e-07
2.06429022e-08
1.256861831e-07
4.236039518e-08
1.14016171e-07
6.409537917e-08
1.038795589e-07
8.554068863e-08
9.509002004e-08
1.065012701e-07
8.745370773e-08
1.268589129e-07
8.079050702e-08
1.465468045e-07
7.494177049e-08
1.655317391e-07
6.977162631e-08
1.8380182e-07
6.516536715e-08
2.013580393e-07
6.102672551e-08
2.182085508e-07
5.727493971e-08
2.343647987e-07
5.384202017e-08
2.498389118e-07
5.067037113e-08
2.646419588e-07
4.771079889e-08
2.787827857e-07
4.492088052e-08
2.922672452e-07
4.226364545e-08
3.050976879e-07
3.970651752e-08
3.172726273e-07
3.722046843e-08
3.287865177e-07
3.47793396e-08
3.396296022e-07
3.235929631e-08
3.497878024e-07
2.993838403e-08
3.592426275e-07
2.749616237e-08
3.679710875e-07
2.501339564e-08
3.759455965e-07
2.247178237e-08
3.831338567e-07
1.98537075e-08
3.894987095e-07
1.714200132e-08
3.949979435e-07
1.431968859e-08
3.995840441e-07
1.13697086e-08
4.032038653e-07
8.27458273e-09
4.057981995e-07
5.015999723e-09
4.073012094e-07
1.574279964e-09
4.076396619e-07
-2.072303678e-09
4.067319285e-07
-5.948590257e-09
4.04486671e-07
-1.008378652e-08
4.008010823e-07
-1.451355891e-08
3.955584921e-07
-1.928268445e-08
3.88625142e-07
-2.444887639e-08
3.798458627e-07
-3.008829536e-08
3.69038357e-07
-3.630347133e-08
3.559858237e-07
-4.323472702e-08
3.404278886e-07
-5.107664201e-08
3.220504797e-07
-6.01016161e-08
3.004769117e-07
-7.069299856e-08
2.752660054e-07
-8.338997144e-08
2.45930194e-07
-9.894390939e-08
2.119996465e-07
-1.18377747e-07
1.731795383e-07
-1.430182696e-07
1.296741918e-07
-1.744211771e-07
8.276440154e-08
-2.140056841e-07
3.565979181e-08
-2.620340432e-07
-5.636884264e-09
-3.15337621e-07
-3.23843155e-08
-3.631009832e-07
-3.647594014e-08
-3.809718317e-07
-1.899428942e-08
-3.283037139e-07
-1.587006894e-07
-2.26259907e-08
1.016713429e-07
-4.788412844e-08
1.905650863e-07
-6.045895677e-08
2.146416737e-07
-5.914056029e-08
2.080183459e-07
-4.698212782e-08
1.892775813e-07
-2.755518922e-08
1.674536311e-07
-3.821016647e-09
1.465705979e-07
2.208803177e-08
1.281036962e-07
4.8757535e-08
1.123540949e-07
7.53049636e-08
9.913875445e-08
1.012069848e-07
8.81141498e-08
1.261747176e-07
7.891182613e-08
1.500685048e-07
7.119623284e-08
1.728397508e-07
6.468246168e-08
1.944932835e-07
5.913697433e-08
2.150633871e-07
5.437166691e-08
2.345988442e-07
5.023616922e-08
2.531537947e-07
4.661041665e-08
2.707822838e-07
4.339823633e-08
2.875351163e-07
4.052210722e-08
3.034581305e-07
3.791900598e-08
3.185913332e-07
3.553716844e-08
3.329685439e-07
3.333358818e-08
3.466173315e-07
3.127209288e-08
3.595591102e-07
2.932186682e-08
3.718093131e-07
2.745631456e-08
3.833775973e-07
2.565218429e-08
3.942680488e-07
2.388888805e-08
4.044793744e-07
2.214797067e-08
4.140050679e-07
2.041269053e-08
4.228335468e-07
1.866768355e-08
4.309482545e-07
1.689868791e-08
4.383277256e-07
1.509231122e-08
4.449456087e-07
1.323582446e-08
4.507706414e-07
1.131696855e-08
4.557665708e-07
9.323759157e-09
4.598920051e-07
7.244274328e-09
4.63100181e-07
5.066406846e-09
4.653386215e-07
2.777559162e-09
4.665486438e-07
3.642577366e-10
4.666646842e-07
-2.188344154e-09
4.656133289e-07
-4.897234961e-09
4.633120829e-07
-7.782540464e-09
4.596675496e-07
-1.086902565e-08
4.5457293e-07
-1.418806483e-08
4.479045636e-07
-1.778050999e-08
4.395171289e-07
-2.170086069e-08
4.292370051e-07
-2.602334758e-08
4.16853166e-07
-3.085088789e-08
4.021048937e-07
-3.632836969e-08
3.84665723e-07
-4.266244539e-08
3.641237236e-07
-5.015099924e-08
3.399603319e-07
-5.922657975e-08
3.115351781e-07
-7.051875555e-08
2.780960317e-07
-8.493860064e-08
2.388566154e-07
-1.037788533e-07
1.932272992e-07
-1.287918609e-07
1.413442888e-07
-1.621226736e-07
8.50849729e-08
-2.057747273e-07
2.962682988e-08
-2.598794779e-07
-1.506289265e-08
-3.184112607e-07
-3.537573595e-08
-3.606589884e-07
-2.379713362e-08
-3.398823162e-07
-1.824978231e-07
-3.036661757e-08
1.320379604e-07
-5.278392988e-08
2.129823986e-07
-5.206049338e-08
2.139182372e-07
-3.393784468e-08
1.898956971e-07
-5.637353803e-09
1.609770904e-07
2.754279854e-08
1.342734787e-07
6.219352043e-08
1.11919876e-07
9.636005139e-08
9.393716527e-08
1.290367904e-07
7.967735582e-08
1.597800177e-07
6.839552715e-08
1.884637677e-07
5.943039982e-08
2.151306446e-07
5.224494927e-08
2.399045109e-07
4.64223665e-08
2.629409255e-07
4.164604704e-08
2.844004973e-07
3.767740255e-08
3.044354593e-07
3.433670495e-08
3.231836435e-07
3.148798498e-08
3.407664664e-07
2.902759373e-08
3.572889744e-07
2.687572839e-08
3.728408556e-07
2.497022602e-08
3.874978245e-07
2.326203705e-08
4.013230702e-07
2.171192271e-08
4.143686197e-07
2.028803866e-08
4.266765539e-07
1.896415866e-08
4.382800595e-07
1.771836129e-08
4.492043215e-07
1.653205251e-08
4.59467273e-07
1.538923284e-08
4.690802177e-07
1.427594334e-08
4.780483454e-07
1.317984298e-08
4.863711537e-07
1.208988217e-08
4.940427902e-07
1.099604703e-08
5.010523237e-07
9.889154444e-09
5.073839519e-07
8.76068301e-09
5.130171492e-07
7.60262715e-09
5.179267541e-07
6.407363642e-09
5.220829932e-07
5.1675201e-09
5.254514329e-07
3.875834573e-09
5.279928456e-07
2.52499418e-09
5.29662966e-07
1.107438711e-09
5.304120842e-07
-3.848604401e-10
5.301845256e-07
-1.960785555e-09
5.289177889e-07
-3.630498298e-09
5.265414124e-07
-5.406163989e-09
5.229752526e-07
-7.302865841e-09
5.181270859e-07
-9.339898095e-09
5.118892198e-07
-1.154264392e-08
5.041336787e-07
-1.394531958e-08
4.947053541e-07
-1.659502297e-08
4.83412256e-07
-1.95577898e-08
4.700116682e-07
-2.292778193e-08
4.541906386e-07
-2.684141581e-08
4.355389767e-07
-3.149933732e-08
4.135132569e-07
-3.720085997e-08
3.873924715e-07
-4.439797013e-08
3.562329039e-07
-5.377903305e-08
3.188480766e-07
-6.6394026e-08
2.738823334e-07
-8.382611773e-08
2.201349239e-07
-1.083752642e-07
1.574418597e-07
-1.43081663e-07
8.857304453e-08
-1.910106628e-07
2.237184488e-08
-2.522100611e-07
-2.335661816e-08
-3.149305254e-07
-2.742662464e-08
-3.358123097e-07
-2.099244477e-07
-3.525401808e-08
1.672919785e-07
-3.885266973e-08
2.165810502e-07
-8.53315311e-09
1.835987206e-07
3.649108632e-08
1.448714577e-07
8.528956205e-08
1.121786147e-07
1.327564584e-07
8.680658236e-08
1.766315365e-07
6.804479796e-08
2.162103883e-07
5.435831346e-08
2.515688737e-07
4.431887038e-08
2.830983958e-07
3.686600508e-08
3.112811879e-07
3.124760768e-08
3.365900051e-07
2.69361321e-08
3.594473815e-07
2.35649901e-08
3.802140088e-07
2.087941975e-08
3.991905259e-07
1.870088537e-08
4.166244583e-07
1.690277262e-08
4.327184053e-07
1.53940379e-08
4.476378042e-07
1.41081949e-08
4.615176508e-07
1.299588174e-08
4.744680578e-07
1.201981905e-08
4.865787352e-07
1.11513596e-08
4.979225561e-07
1.036810183e-08
5.085583741e-07
9.652220702e-09
5.185332457e-07
8.989286987e-09
5.278841846e-07
8.367422378e-09
5.36639549e-07
7.776688113e-09
5.448201442e-07
7.208637663e-09
5.524401017e-07
6.655985806e-09
5.595075838e-07
6.112360941e-09
5.660253487e-07
5.572117269e-09
5.719912056e-07
5.03019006e-09
5.773983784e-07
4.481981705e-09
5.822357921e-07
3.923269234e-09
5.864882934e-07
3.350125883e-09
5.901368066e-07
2.75885045e-09
5.931584281e-07
2.145898624e-09
5.955264522e-07
1.507810448e-09
5.972103183e-07
8.411280437e-10
5.981754575e-07
1.422995353e-10
5.983830266e-07
-5.924295192e-10
5.977894816e-07
-1.367240572e-09
5.963459385e-07
-2.186955216e-09
5.939971687e-07
-3.057394216e-09
5.906801494e-07
-3.98584657e-09
5.86321995e-07
-4.981743688e-09
5.808369826e-07
-6.057631495e-09
5.741222592e-07
-7.230596252e-09
5.660516215e-07
-8.524385274e-09
5.564664499e-07
-9.972618132e-09
5.451624148e-07
-1.16237469e-08
5.318698807e-07
-1.354888167e-08
5.162249503e-07
-1.585440699e-08
4.977268486e-07
-1.870275828e-08
4.756761797e-07
-2.234730122e-08
4.490889171e-07
-2.719177045e-08
4.165871007e-07
-3.389220962e-08
3.762909724e-07
-4.352998938e-08
3.25808103e-07
-5.789239489e-08
2.625945994e-07
-7.986815935e-08
1.853406877e-07
-1.137567511e-07
9.764490213e-08
-1.645142756e-07
1.563371951e-08
-2.329193428e-07
-2.41165891e-08
-2.960620011e-07
-2.340410368e-07
-1.848585725e-08
1.857778358e-07
4.119510253e-08
1.569000904e-07
1.222098e-07
1.025840231e-07
1.97412702e-07
6.96685557e-08
2.616806043e-07
4.79107123e-08
3.150847712e-07
3.340241548e-08
3.590967073e-07
2.403286183e-08
3.955102499e-07
1.794477093e-08
4.259461136e-07
1.388300662e-08
4.517147376e-07
1.109738113e-08
4.738307463e-07
9.131598905e-09
4.930651587e-07
7.701719754e-09
5.10000054e-07
6.630094806e-09
5.250753232e-07
5.804150517e-09
5.386252305e-07
5.150978087e-09
5.509057805e-07
4.622222594e-09
5.62114788e-07
4.185030368e-09
5.72406465e-07
3.816517941e-09
5.819020027e-07
3.50034401e-09
5.906972696e-07
3.22455213e-09
5.988684422e-07
2.980187031e-09
6.064761548e-07
2.760389224e-09
6.135685845e-07
2.559790954e-09
6.201837659e-07
2.374105604e-09
6.263513447e-07
2.199843598e-09
6.320939203e-07
2.034112551e-09
6.374280834e-07
1.874474505e-09
6.423652268e-07
1.718842438e-09
6.469121836e-07
1.565404166e-09
6.510717353e-07
1.412565506e-09
6.548430183e-07
1.258907078e-09
6.582218493e-07
1.103150686e-09
6.612009862e-07
9.441322886e-10
6.637703329e-07
7.807792143e-10
6.659170937e-07
6.120896829e-10
6.676258795e-07
4.371128303e-10
6.688787625e-07
2.549274476e-10
6.696552722e-07
6.461831278e-11
6.699323136e-07
-1.347418872e-10
6.696840381e-07
-3.441540597e-10
6.688815398e-07
-5.647422362e-10
6.674924026e-07
-7.978179676e-10
6.65479994e-07
-1.044985698e-09
6.628024375e-07
-1.308290047e-09
6.594111143e-07
-1.590420486e-09
6.552484889e-07
-1.895006081e-09
6.502449417e-07
-2.22704909e-09
6.443141303e-07
-2.593573815e-09
6.373461315e-07
-3.004619351e-09
6.291971832e-07
-3.474798666e-09
6.196741213e-07
-4.025819776e-09
6.085104096e-07
-4.690695298e-09
5.953286652e-07
-5.521013808e-09
5.795813073e-07
-6.59994332e-09
5.604558173e-07
-8.066280458e-09
5.367238698e-07
-1.016026214e-08
5.065065977e-07
-1.331271732e-08
4.669342659e-07
-1.832006306e-08
4.137469241e-07
-2.668081762e-08
3.411574778e-07
-4.11673048e-08
2.431648309e-07
-6.652162861e-08
1.206361533e-07
-1.103906652e-07
7.824674278e-09
-1.832505222e-07
-2.262163625e-07
1.857778358e-07
3.426779262e-07
4.452619493e-07
5.14930505e-07
5.628412173e-07
5.962436328e-07
6.202764946e-07
6.382212656e-07
6.521042722e-07
6.632016533e-07
6.723332522e-07
6.80034972e-07
6.866650668e-07
6.924692173e-07
6.976201954e-07
7.02242418e-07
7.064274483e-07
7.102439663e-07
7.137443103e-07
7.169688624e-07
7.199490494e-07
7.227094387e-07
7.252692296e-07
7.276433352e-07
7.298431788e-07
7.318772914e-07
7.337517659e-07
7.354706083e-07
7.370360125e-07
7.38448578e-07
7.397074851e-07
7.408106357e-07
7.41754768e-07
7.425355473e-07
7.431476369e-07
7.435847498e-07
7.438396772e-07
7.439042955e-07
7.437695536e-07
7.434253996e-07
7.428606573e-07
7.420628394e-07
7.410178537e-07
7.397095636e-07
7.381191431e-07
7.36224137e-07
7.33997088e-07
7.314035141e-07
7.283988948e-07
7.249240961e-07
7.208982763e-07
7.16207581e-07
7.106865672e-07
7.040866239e-07
6.960203435e-07
6.858600813e-07
6.72547364e-07
6.542273009e-07
6.275464833e-07
5.863791785e-07
5.198575499e-07
4.094668847e-07
2.262163625e-07
)
;

boundaryField
{
    movingWall
    {
        type            calculated;
        value           uniform 0;
    }
    fixedWalls
    {
        type            calculated;
        value           uniform 0;
    }
    frontAndBack
    {
        type            empty;
    }
}


// ************************************************************************* //
