/*--------------------------------*- C++ -*----------------------------------*\
  =========                 |
  \\      /  F ield         | OpenFOAM: The Open Source CFD Toolbox
   \\    /   O peration     | Website:  https://openfoam.org
    \\  /    A nd           | Version:  11
     \\/     M anipulation  |
\*---------------------------------------------------------------------------*/
FoamFile
{
    format      ascii;
    class       surfaceScalarField;
    location    "1100";
    object      phi;
}
// * * * * * * * * * * * * * * * * * * * * * * * * * * * * * * * * * * * * * //

dimensions      [0 3 -1 0 0 0 0];

internalField   nonuniform List<scalar> 
8064
(
2.663873682e-11
-2.663929728e-11
6.021586341e-11
-3.357714674e-11
7.570813742e-11
-1.549230305e-11
6.140041682e-11
1.430769099e-11
1.335934285e-11
4.804104659e-11
-6.825332675e-11
8.161264449e-11
-1.811309554e-10
1.128776052e-10
-3.219425067e-10
1.40811529e-10
-4.869675209e-10
1.650249926e-10
-6.724484756e-10
1.854809336e-10
-8.747794677e-10
2.023309715e-10
-1.090597794e-09
2.158183055e-10
-1.316816561e-09
2.262187473e-10
-1.550621231e-09
2.338046503e-10
-1.789444524e-09
2.388232733e-10
-2.030929241e-09
2.414846981e-10
-2.272885606e-09
2.419563456e-10
-2.513247815e-09
2.4036219e-10
-2.750033196e-09
2.367853627e-10
-2.98130641e-09
2.312731953e-10
-3.205150402e-09
2.238439742e-10
-3.419645251e-09
2.144948303e-10
-3.62285557e-09
2.032103015e-10
-3.812826773e-09
1.899711848e-10
-3.987590152e-09
1.747633616e-10
-4.145176501e-09
1.57586331e-10
-4.283637738e-09
1.384612197e-10
-4.401075822e-09
1.174380671e-10
-4.49567804e-09
9.460220114e-11
-4.56575759e-09
7.007953257e-11
-4.60979821e-09
4.404060362e-11
-4.626501459e-09
1.670323179e-11
-4.614834968e-09
-1.166650672e-11
-4.574080047e-09
-4.075493755e-11
-4.503877297e-09
-7.020276579e-11
-4.404267955e-09
-9.960935742e-11
-4.275729053e-09
-1.285389178e-10
-4.119200755e-09
-1.565283139e-10
-3.936104191e-09
-1.830965783e-10
-3.728348309e-09
-2.077558973e-10
-3.498324521e-09
-2.300238032e-10
-3.24888832e-09
-2.494362152e-10
-2.983327434e-09
-2.65560901e-10
-2.705316569e-09
-2.780108789e-10
-2.418859335e-09
-2.864572479e-10
-2.128218414e-09
-2.906409354e-10
-1.837835537e-09
-2.903828903e-10
-1.552243218e-09
-2.855923329e-10
-1.275970423e-09
-2.762728086e-10
-1.013444447e-09
-2.625259892e-10
-7.688910264e-10
-2.445534339e-10
-5.462341466e-10
-2.226568927e-10
-3.489959177e-10
-1.972382416e-10
-1.801950604e-10
-1.688008698e-10
-4.223963817e-11
-1.379554344e-10
6.319517435e-11
-1.054348246e-10
1.353204073e-10
-7.212524492e-11
1.744462613e-10
-3.912586596e-11
1.823024577e-10
-7.85620832e-12
1.625380302e-10
1.976441601e-11
1.214956727e-10
4.104234661e-11
6.938132065e-11
5.211434064e-11
2.20142577e-11
4.736705136e-11
2.2014254e-11
3.396546788e-11
-6.060477388e-11
6.22313662e-11
-6.184308489e-11
4.029010818e-11
6.448906323e-12
-5.42549342e-11
1.088526839e-10
-2.306260754e-10
2.244121406e-10
-4.897094541e-10
3.40695979e-10
-8.273686693e-10
4.505367785e-10
-1.236631039e-09
5.500738582e-10
-1.709095909e-09
6.374898237e-10
-2.235822739e-09
7.122077258e-10
-2.80787373e-09
7.743819249e-10
-3.416625823e-09
8.245703609e-10
-4.053928286e-09
8.635211739e-10
-4.712157542e-09
8.920338701e-10
-5.384205081e-09
9.108707768e-10
-6.063423991e-09
9.207035733e-10
-6.743552669e-09
9.220849892e-10
-7.418629421e-09
9.15438908e-10
-8.082908124e-09
9.010640308e-10
-8.73078243e-09
8.791474682e-10
-9.356723921e-09
8.497854319e-10
-9.955237889e-09
8.130087655e-10
-1.052083909e-08
7.688114713e-10
-1.104804865e-08
7.171807091e-10
-1.153141232e-08
6.581269982e-10
-1.196553957e-08
5.917135499e-10
-1.234516219e-08
5.180838145e-10
-1.26652106e-08
4.374864444e-10
-1.29209054e-08
3.502969628e-10
-1.310786139e-08
2.57035495e-10
-1.322220079e-08
1.583799731e-10
-1.326067185e-08
5.517425977e-11
-1.322076903e-08
-5.15693502e-11
-1.310085046e-08
-1.606735427e-10
-1.290024831e-08
-2.708049448e-10
-1.261936747e-08
-3.804902242e-10
-1.225976794e-08
-4.881384779e-10
-1.182422674e-08
-5.920695438e-10
-1.131677541e-08
-6.905479312e-10
-1.074270966e-08
-7.81821677e-10
-1.010856833e-08
-8.641651615e-10
-9.422079889e-09
-9.359246795e-10
-8.692075471e-09
-9.955653451e-10
-7.928368625e-09
-1.041717751e-09
-7.141603174e-09
-1.073222725e-09
-6.343071595e-09
-1.08917254e-09
-5.544507415e-09
-1.088947095e-09
-4.757855931e-09
-1.072243842e-09
-3.995028034e-09
-1.03910073e-09
-3.267641997e-09
-9.899120501e-10
-2.586757487e-09
-9.254379688e-10
-1.962604717e-09
-8.468096857e-10
-1.404309284e-09
-7.555336984e-10
-9.196094313e-10
-6.535007449e-10
-5.145570065e-10
-5.430078816e-10
-1.931856e-10
-4.268062532e-10
4.288195067e-11
-3.081928176e-10
1.949285441e-10
-1.911724813e-10
2.67797826e-10
-8.072551188e-11
2.707839555e-10
1.677826536e-11
2.188313802e-10
9.299490123e-11
1.340624495e-10
1.368832515e-10
4.728630588e-11
1.341431764e-10
6.930055475e-11
1.620322007e-11
-7.680800539e-11
-5.846766913e-12
-3.979312726e-11
-1.113040682e-10
1.119061679e-10
-3.247218855e-10
3.222704579e-10
-6.568710271e-10
5.565612393e-10
-1.108924312e-09
7.927492221e-10
-1.675671421e-09
1.017283847e-09
-2.347916902e-09
1.2223193e-09
-3.114190563e-09
1.403763446e-09
-3.961926068e-09
1.559943194e-09
-4.878242897e-09
1.690698716e-09
-5.85043739e-09
1.796764817e-09
-6.866263791e-09
1.879347539e-09
-7.914066583e-09
1.939836626e-09
-8.982810512e-09
1.979614671e-09
-1.006204359e-08
1.999936616e-09
-1.114182003e-08
2.001861392e-09
-1.221260378e-08
1.986222622e-09
-1.326516844e-08
1.953628661e-09
-1.429050544e-08
1.90448444e-09
-1.527974919e-08
1.839029145e-09
-1.622412531e-08
1.757384854e-09
-1.711492601e-08
1.659612137e-09
-1.794351461e-08
1.545769278e-09
-1.870135995e-08
1.415972303e-09
-1.938009989e-08
1.27045346e-09
-1.997163223e-08
1.109616127e-09
-2.046823021e-08
9.340843935e-10
-2.086267908e-08
7.447458015e-10
-2.11484295e-08
5.427858794e-10
-2.131976283e-08
3.297132744e-10
-2.1371963e-08
1.073744033e-10
-2.130148913e-08
-1.220432538e-10
-2.110614272e-08
-3.560199729e-10
-2.078522305e-08
-5.917246519e-10
-2.033966413e-08
-8.260491698e-10
-1.977214738e-08
-1.055655248e-09
-1.908718375e-08
-1.277033204e-09
-1.829115997e-08
-1.486571745e-09
-1.739234428e-08
-1.680637386e-09
-1.640084793e-08
-1.855661542e-09
-1.532853968e-08
-2.008232951e-09
-1.418891241e-08
-2.135192648e-09
-1.299690171e-08
-2.233728471e-09
-1.176865854e-08
-2.30146592e-09
-1.052127886e-08
-2.336552246e-09
-9.272495011e-09
-2.33773097e-09
-8.040334346e-09
-2.304404532e-09
-6.842751409e-09
-2.236683692e-09
-5.697239985e-09
-2.135423498e-09
-4.620430733e-09
-2.002247244e-09
-3.627678467e-09
-1.839561975e-09
-2.732640469e-09
-1.650571719e-09
-1.946843176e-09
-1.43929806e-09
-1.279229047e-09
-1.210622032e-09
-7.356684585e-10
-9.703668639e-10
-3.184133037e-10
-7.25447994e-10
-2.546120861e-11
-4.84124598e-10
1.502069922e-10
-2.563937341e-10
2.215519013e-10
-5.45666644e-11
2.085849137e-10
1.059618696e-10
1.396336361e-10
2.058345078e-10
5.281517769e-11
2.209616157e-10
1.221157282e-10
-1.409952889e-11
-6.270848428e-11
-1.112863626e-10
5.739367667e-11
-3.287619382e-10
3.293817076e-10
-6.875732263e-10
6.810817069e-10
-1.196617052e-09
1.065605025e-09
-1.855663789e-09
1.45179592e-09
-2.657956793e-09
1.819576813e-09
-3.592359061e-09
2.15672153e-09
-4.645023133e-09
2.456427481e-09
-5.800629991e-09
2.715550016e-09
-7.043266905e-09
2.933335594e-09
-8.357015628e-09
3.110513504e-09
-9.726316139e-09
3.248648015e-09
-1.113616205e-08
3.349682502e-09
-1.257217441e-08
3.415626995e-09
-1.402059212e-08
3.448354293e-09
-1.546820985e-08
3.449479088e-09
-1.690228809e-08
3.420300827e-09
-1.831045481e-08
3.361795347e-09
-1.968061373e-08
3.274643336e-09
-2.10008705e-08
3.159285878e-09
-2.22594847e-08
3.015999023e-09
-2.344485321e-08
2.84498062e-09
-2.454552771e-08
2.646443741e-09
-2.555026733e-08
2.42071189e-09
-2.644812582e-08
2.168311923e-09
-2.722857096e-08
1.890061231e-09
-2.788163278e-08
1.58714619e-09
-2.839807633e-08
1.261189322e-09
-2.87695934e-08
9.143029206e-10
-2.898900737e-08
5.49127212e-10
-2.905048436e-08
1.688513653e-10
-2.894974379e-08
-2.227838499e-10
-2.868426059e-08
-6.215032042e-10
-2.825345133e-08
-1.022533938e-09
-2.765883676e-08
-1.420663772e-09
-2.690417325e-08
-1.81031878e-09
-2.599554632e-08
-2.185660165e-09
-2.494141963e-08
-2.540698464e-09
-2.375263419e-08
-2.869422851e-09
-2.244235326e-08
-3.165942493e-09
-2.102594996e-08
-3.424636279e-09
-1.952083602e-08
-3.640306612e-09
-1.794623191e-08
-3.808332605e-09
-1.632288005e-08
-3.924817799e-09
-1.467270472e-08
-3.986727604e-09
-1.30184236e-08
-3.992012117e-09
-1.138311735e-08
-3.939710798e-09
-9.789764317e-09
-3.830036754e-09
-8.260747646e-09
-3.664440192e-09
-6.817341984e-09
-3.445652929e-09
-5.479185184e-09
-3.177718798e-09
-4.263738506e-09
-2.866018419e-09
-3.185735405e-09
-2.517301184e-09
-2.256614938e-09
-2.13974252e-09
-1.483931315e-09
-1.743050509e-09
-8.707268825e-10
-1.338652447e-09
-4.148535015e-10
-9.399980002e-10
-1.082278996e-10
-5.630193568e-10
6.399129001e-11
-2.267858742e-10
1.243138681e-10
4.563927126e-11
1.039349378e-10
2.262134193e-10
4.41504594e-11
2.807460763e-10
1.662661824e-10
-4.992199498e-11
-1.278650406e-11
-2.356181171e-10
2.430897717e-10
-5.822652937e-10
6.760288512e-10
-1.103839276e-09
1.202655654e-09
-1.804764393e-09
1.766530105e-09
-2.68173636e-09
2.32876785e-09
-3.725578089e-09
2.863418505e-09
-4.922942779e-09
3.354086183e-09
-6.257751273e-09
3.791235939e-09
-7.712331541e-09
4.170130248e-09
-9.268272899e-09
4.489276916e-09
-1.090702891e-08
4.749269481e-09
-1.261031134e-08
4.951930415e-09
-1.436031857e-08
5.099689695e-09
-1.613983893e-08
5.195147318e-09
-1.793226502e-08
5.240780349e-09
-1.97215498e-08
5.238763835e-09
-2.149213028e-08
5.190881277e-09
-2.322883987e-08
5.098504901e-09
-2.491682601e-08
4.962629451e-09
-2.654148599e-08
4.783945827e-09
-2.808843001e-08
4.562943011e-09
-2.954347789e-08
4.300028463e-09
-3.089269278e-08
3.995658607e-09
-3.212245324e-08
3.650472314e-09
-3.321956265e-08
3.265421308e-09
-3.41713938e-08
2.841892344e-09
-3.496606441e-08
2.381816774e-09
-3.559263883e-08
1.887763714e-09
-3.604134955e-08
1.363013611e-09
-3.630383181e-08
8.116094452e-10
-3.637336376e-08
2.383832803e-10
-3.624510426e-08
-3.510433733e-10
-3.591631986e-08
-9.502876326e-10
-3.538659224e-08
-1.552261581e-09
-3.465799801e-08
-2.149258031e-09
-3.373525254e-08
-2.733064276e-09
-3.262581036e-08
-3.295102377e-09
-3.133991497e-08
-3.826593875e-09
-2.989059219e-08
-4.318745655e-09
-2.829358196e-08
-4.762952752e-09
-2.656720525e-08
-5.151013007e-09
-2.473216419e-08
-5.475347704e-09
-2.281127504e-08
-5.729221778e-09
-2.082913596e-08
-5.906956904e-09
-1.881173272e-08
-6.004130865e-09
-1.67859877e-08
-6.017757156e-09
-1.47792587e-08
-5.946439822e-09
-1.281879529e-08
-5.790500194e-09
-1.093116104e-08
-5.552074461e-09
-9.141630043e-09
-5.235183946e-09
-7.473565228e-09
-4.845783635e-09
-5.947784861e-09
-4.391798808e-09
-4.581921436e-09
-3.88316463e-09
-3.389774873e-09
-3.331889104e-09
-2.380659752e-09
-2.75216565e-09
-1.558745038e-09
-2.160567182e-09
-9.223851543e-10
-1.576357904e-09
-4.634432137e-10
-1.021961318e-09
-1.666073276e-10
-5.236217798e-10
-8.69395245e-12
-1.122741215e-10
4.210086885e-11
1.754185772e-10
2.722347799e-11
2.956234487e-10
1.934896566e-10
-8.773645696e-11
7.494994064e-11
-3.682941378e-10
5.236474214e-10
-8.534849915e-10
1.161219672e-09
-1.548226713e-09
1.897397341e-09
-2.450672409e-09
2.668975766e-09
-3.55306047e-09
3.431155876e-09
-4.842876157e-09
4.153234156e-09
-6.304070199e-09
4.815280189e-09
-7.918180527e-09
5.405346233e-09
-9.665280385e-09
5.917230071e-09
-1.152472601e-08
6.348722504e-09
-1.347570749e-08
6.700250931e-09
-1.549762353e-08
6.973846417e-09
-1.757030883e-08
7.17237497e-09
-1.967414571e-08
7.298984162e-09
-2.179009036e-08
7.356724967e-09
-2.389964217e-08
7.348315606e-09
-2.598478054e-08
7.276019619e-09
-2.802789026e-08
7.141614588e-09
-3.001169217e-08
6.946431332e-09
-3.191919254e-08
6.691446171e-09
-3.373366076e-08
6.377411201e-09
-3.54386419e-08
6.005009573e-09
-3.701800794e-08
5.575024607e-09
-3.845604876e-08
5.088513111e-09
-3.973760221e-08
4.546974727e-09
-4.084822023e-08
3.952510336e-09
-4.177436706e-08
3.307963572e-09
-4.250364382e-08
2.617040452e-09
-4.302503308e-08
1.884402838e-09
-4.332915583e-08
1.115732174e-09
-4.340853317e-08
3.177605893e-10
-4.325784411e-08
-5.017324655e-10
-4.28741706e-08
-1.333961162e-09
-4.225722081e-08
-2.169211403e-09
-4.14095218e-08
-2.996957064e-09
-4.033657328e-08
-3.806012818e-09
-3.904695414e-08
-4.584721546e-09
-3.755237443e-08
-5.321173615e-09
-3.586766625e-08
-6.00345386e-09
-3.401070809e-08
-6.619910932e-09
-3.200227859e-08
-7.159442532e-09
-2.986583721e-08
-7.611789107e-09
-2.762723118e-08
-7.967827827e-09
-2.531432983e-08
-8.219858281e-09
-2.295658936e-08
-8.361871356e-09
-2.058455317e-08
-8.389793366e-09
-1.822929432e-08
-8.301698695e-09
-1.592180842e-08
-8.097986122e-09
-1.369236621e-08
-7.781516686e-09
-1.156983585e-08
-7.357714329e-09
-9.580984758e-09
-6.834634748e-09
-7.749770881e-09
-6.223012706e-09
-6.096632136e-09
-5.536303395e-09
-4.637782181e-09
-4.790739079e-09
-3.3845201e-09
-4.00542775e-09
-2.342561991e-09
-3.202525312e-09
-1.511403923e-09
-2.407515992e-09
-8.837276963e-10
-1.649637564e-09
-4.448603085e-10
-9.624891863e-10
-1.722918385e-10
-3.848426109e-10
-3.523937e-11
3.836609184e-11
5.827862335e-12
2.545562e-10
1.99317514e-10
-1.257460835e-10
2.006960057e-10
-5.033438299e-10
9.012451388e-10
-1.131251658e-09
1.789127469e-09
-2.004431763e-09
2.770577413e-09
-3.113660457e-09
3.778204426e-09
-4.445703901e-09
4.763199287e-09
-5.98391788e-09
5.691448101e-09
-7.709022245e-09
6.54038452e-09
-9.599893246e-09
7.296217201e-09
-1.163428e-08
7.951616795e-09
-1.378939709e-08
8.503839554e-09
-1.604237681e-08
8.953230627e-09
-1.837058523e-08
9.302054799e-09
-2.075181764e-08
9.553607348e-09
-2.316439581e-08
9.711562296e-09
-2.558719099e-08
9.779520118e-09
-2.799959681e-08
9.760721401e-09
-3.038147401e-08
9.657896784e-09
-3.27130863e-08
9.473226847e-09
-3.497504357e-08
9.208388574e-09
-3.714826506e-08
8.864667626e-09
-3.921397199e-08
8.443118099e-09
-4.115371612e-08
7.944753677e-09
-4.294944772e-08
7.370756175e-09
-4.4583624e-08
6.722689366e-09
-4.603935703e-08
6.002707733e-09
-4.730059806e-08
5.213751334e-09
-4.835235383e-08
4.359719317e-09
-4.91809292e-08
3.445615793e-09
-4.97741892e-08
2.47766281e-09
-5.012183311e-08
1.46337605e-09
-5.021567229e-08
4.115997507e-10
-5.004990357e-08
-6.675012195e-10
-4.962136858e-08
-1.762496173e-09
-4.892979038e-08
-2.860789627e-09
-4.797797817e-08
-3.948769298e-09
-4.677199142e-08
-5.0119996e-09
-4.532125493e-08
-6.035458055e-09
-4.363861711e-08
-7.003811455e-09
-4.174034414e-08
-7.901726853e-09
-3.964604411e-08
-8.714210987e-09
-3.737851626e-08
-9.426970409e-09
-3.496352202e-08
-1.002678337e-08
-3.242947634e-08
-1.050187353e-08
-2.980705968e-08
-1.084227496e-08
-2.712875314e-08
-1.104017792e-08
-2.442830134e-08
-1.109024519e-08
-2.174010978e-08
-1.098989028e-08
-1.909858531e-08
-1.073951061e-08
-1.653743004e-08
-1.034267198e-08
-1.408890034e-08
-9.806244051e-09
-1.178304365e-08
-9.140491462e-09
-9.646926276e-09
-8.359130098e-09
-7.703865812e-09
-7.479363878e-09
-5.972682047e-09
-6.521922862e-09
-4.466980968e-09
-5.511128849e-09
-3.194487541e-09
-4.475018757e-09
-2.156444941e-09
-3.445558611e-09
-1.347099981e-09
-2.458982542e-09
-7.532956644e-10
-1.55629352e-09
-3.541916348e-10
-7.839466561e-10
-1.211360825e-10
-1.946894802e-10
-1.771126176e-11
1.51131362e-10
1.816062489e-10
-1.63075374e-10
3.637713656e-10
-6.374641554e-10
1.375633887e-09
-1.408873163e-09
2.560536445e-09
-2.462085606e-09
3.823789824e-09
-3.77992635e-09
5.096045137e-09
-5.343027075e-09
6.32629998e-09
-7.13001429e-09
7.478435284e-09
-9.117915163e-09
8.528285361e-09
-1.128264557e-08
9.46094757e-09
-1.359948933e-08
1.026846053e-08
-1.604351418e-08
1.094786438e-08
-1.858989784e-08
1.149961426e-08
-2.121415749e-08
1.192631442e-08
-2.389228885e-08
1.223173868e-08
-2.660082886e-08
1.242010227e-08
-2.931685994e-08
1.249555117e-08
-3.201797518e-08
1.24618366e-08
-3.468222298e-08
1.232214455e-08
-3.728804825e-08
1.207905209e-08
-3.981424444e-08
1.173458473e-08
-4.223992801e-08
1.129035117e-08
-4.454454405e-08
1.074773411e-08
-4.670790868e-08
1.010811828e-08
-4.871029152e-08
9.373138981e-09
-5.053253875e-08
8.544936572e-09
-5.215623563e-08
7.626404588e-09
-5.356390515e-08
6.621420819e-09
-5.473923832e-08
5.535052461e-09
-5.566735043e-08
4.373727875e-09
-5.633505636e-08
3.145368714e-09
-5.673115767e-08
1.859477337e-09
-5.684673338e-08
5.271754366e-10
-5.667542621e-08
-8.38808413e-10
-5.621371517e-08
-2.224207239e-09
-5.54611654e-08
-3.613339419e-09
-5.442064656e-08
-4.989288166e-09
-5.309851047e-08
-6.334135719e-09
-5.150471952e-08
-7.629249027e-09
-4.965291739e-08
-8.855613608e-09
-4.756043423e-08
-9.994210032e-09
-4.52482194e-08
-1.102642584e-08
-4.274069582e-08
-1.193449401e-08
-4.006553161e-08
-1.27019476e-08
-3.725332623e-08
-1.331407893e-08
-3.433721045e-08
-1.375839076e-08
-3.135236177e-08
-1.402502662e-08
-2.833543924e-08
-1.410716774e-08
-2.532394429e-08
-1.400138524e-08
-2.235551659e-08
-1.370793833e-08
-1.946717627e-08
-1.323101231e-08
-1.669452626e-08
-1.257889408e-08
-1.407092985e-08
-1.176408789e-08
-1.162668053e-08
-1.080337944e-08
-9.388182186e-09
-9.71786224e-09
-7.37715896e-09
-8.532946107e-09
-5.609915268e-09
-7.278372559e-09
-4.096668138e-09
-5.988265904e-09
-2.840975975e-09
-4.701250793e-09
-1.83929042e-09
-3.460668115e-09
-1.080661091e-09
-2.314922866e-09
-5.466283138e-10
-1.317979451e-09
-2.113528781e-10
-5.299649307e-10
-4.206333547e-11
-1.815819504e-11
1.395429087e-10
-1.993216084e-10
5.630929544e-10
-7.68859514e-10
1.945171764e-09
-1.6823704e-09
3.4740473e-09
-2.914617423e-09
5.056036817e-09
-4.440271953e-09
6.621699636e-09
-6.233463923e-09
8.119491919e-09
-8.267690999e-09
9.512662328e-09
-1.051593792e-08
1.077653225e-08
-1.295090283e-08
1.189591245e-08
-1.554525414e-08
1.28628118e-08
-1.827186697e-08
1.367447718e-08
-2.110401056e-08
1.433175781e-08
-2.401547446e-08
1.483777829e-08
-2.698063379e-08
1.519689797e-08
-2.99744613e-08
1.541392976e-08
-3.297249927e-08
1.549358911e-08
-3.595080567e-08
1.544014297e-08
-3.888589004e-08
1.52572289e-08
-4.175465309e-08
1.494781511e-08
-4.453434216e-08
1.451427378e-08
-4.720253266e-08
1.395854164e-08
-4.973714272e-08
1.328234414e-08
-5.211648597e-08
1.24874615e-08
-5.431936479e-08
1.157601777e-08
-5.632520433e-08
1.055077608e-08
-5.811422559e-08
9.415425825e-09
-5.966765442e-08
8.174849627e-09
-6.096796172e-08
6.835359733e-09
-6.199912932e-08
5.40489545e-09
-6.274693512e-08
3.893174485e-09
-6.319925026e-08
2.31179245e-09
-6.334634081e-08
6.742659614e-10
-6.318116604e-08
-1.003983203e-09
-6.269966465e-08
-2.705708657e-09
-6.19010198e-08
-4.411984287e-09
-6.078789465e-08
-6.102413341e-09
-5.936662864e-08
-7.755401752e-09
-5.764738584e-08
-9.348491847e-09
-5.564424618e-08
-1.085875329e-08
-5.337523083e-08
-1.22632254e-08
-5.086225363e-08
-1.353940307e-08
-4.813099124e-08
-1.466575642e-08
-4.521066621e-08
-1.562227265e-08
-4.213373855e-08
-1.639100661e-08
-3.893550378e-08
-1.695662554e-08
-3.56535978e-08
-1.730693262e-08
-3.232741162e-08
-1.743335395e-08
-2.899742231e-08
-1.733137457e-08
-2.570444943e-08
-1.700091123e-08
-2.248884943e-08
-1.644661232e-08
-1.938966353e-08
-1.567808e-08
-1.644373713e-08
-1.471001431e-08
-1.368483141e-08
-1.356228517e-08
-1.114274956e-08
-1.225994411e-08
-8.842501891e-09
-1.08331938e-08
-6.803535765e-09
-9.317338701e-09
-5.03905778e-09
-7.752743906e-09
-3.555477589e-09
-6.184831001e-09
-2.352005368e-09
-4.664140353e-09
-1.420438961e-09
-3.246489289e-09
-7.451843595e-10
-1.993234066e-09
-3.035698076e-10
-9.715795007e-10
-6.65503217e-11
-2.551776968e-10
7.299258433e-11
-2.343124348e-10
7.974053756e-10
-8.96558983e-10
2.60741828e-09
-1.949362399e-09
4.526850686e-09
-3.357822147e-09
6.464496534e-09
-5.088499553e-09
8.352377012e-09
-7.108882991e-09
1.013987533e-08
-9.387121294e-09
1.17909006e-08
-1.189193028e-08
1.328134121e-08
-1.459260384e-08
1.459658597e-08
-1.745907284e-08
1.572928078e-08
-2.046197097e-08
1.667737527e-08
-2.357268152e-08
1.744246834e-08
-2.676335266e-08
1.80284494e-08
-3.000687797e-08
1.844042325e-08
-3.327684661e-08
1.868389837e-08
-3.654747158e-08
1.876421405e-08
-3.979350718e-08
1.868617854e-08
-4.299016742e-08
1.845388912e-08
-4.611305665e-08
1.807070431e-08
-4.913812222e-08
1.753933932e-08
-5.204163731e-08
1.686205671e-08
-5.480021967e-08
1.604092647e-08
-5.739088992e-08
1.507813173e-08
-5.979117114e-08
1.397629897e-08
-6.197922923e-08
1.273883414e-08
-6.39340522e-08
1.137024877e-08
-6.563566513e-08
9.876462524e-09
-6.706537615e-08
8.265070737e-09
-6.82060485e-08
6.545567771e-09
-6.904239227e-08
4.729518233e-09
-6.956126966e-08
2.830669818e-09
-6.975200644e-08
8.650027118e-10
-6.96067024e-08
-1.14928726e-09
-6.912053301e-08
-3.191878077e-09
-6.829203281e-08
-5.240484508e-09
-6.712335298e-08
-7.271093192e-09
-6.56204828e-08
-9.258271948e-09
-6.379342594e-08
-1.117554873e-08
-6.165632157e-08
-1.299585768e-08
-5.922750042e-08
-1.469204657e-08
-5.652946618e-08
-1.623743733e-08
-5.358879311e-08
-1.760642951e-08
-5.043593216e-08
-1.877513362e-08
-4.710491915e-08
-1.972201963e-08
-4.363298122e-08
-2.042856349e-08
-4.006003997e-08
-2.087987389e-08
-3.642811354e-08
-2.106528039e-08
-3.278062298e-08
-2.097886515e-08
-2.916161254e-08
-2.061992169e-08
-2.561489732e-08
-1.999332756e-08
-2.218315565e-08
-1.910982168e-08
-1.89069872e-08
-1.798618278e-08
-1.582396099e-08
-1.66453114e-08
-1.296768022e-08
-1.51162249e-08
-1.03668929e-08
-1.343398112e-08
-8.044679223e-09
-1.16395524e-08
-6.017747568e-09
-9.779675576e-09
-4.295873139e-09
-7.906705445e-09
-2.881514609e-09
-6.078498898e-09
-1.769648078e-09
-4.358355836e-09
-9.478642624e-10
-2.815017898e-09
-3.967887779e-10
-1.522654997e-09
-9.091340974e-11
-5.610530773e-10
-1.792082974e-11
-2.67979574e-10
1.065384931e-09
-1.020023911e-09
3.359462591e-09
-2.208378521e-09
5.715205267e-09
-3.788924804e-09
8.045042787e-09
-5.720311567e-09
1.028376375e-08
-7.963412263e-09
1.238297599e-08
-1.048095543e-08
1.430844374e-08
-1.323727761e-08
1.603766336e-08
-1.619816191e-08
1.755747025e-08
-1.933072647e-08
1.886184531e-08
-2.26033341e-08
1.994998288e-08
-2.598550393e-08
2.082463814e-08
-2.944781429e-08
2.149075973e-08
-3.296179356e-08
2.195440248e-08
-3.649980089e-08
2.222190568e-08
-4.003490298e-08
2.229931611e-08
-4.354075455e-08
2.219203008e-08
-4.699149168e-08
2.190462622e-08
-5.036164634e-08
2.144085895e-08
-5.362608973e-08
2.080378268e-08
-5.676001036e-08
1.999597732e-08
-5.973893122e-08
1.90198473e-08
-6.25387682e-08
1.787796869e-08
-6.513593076e-08
1.65734615e-08
-6.750746356e-08
1.511036691e-08
-6.963122716e-08
1.349401235e-08
-7.148611431e-08
1.173134965e-08
-7.305229773e-08
9.831254131e-09
-7.431150461e-08
7.804774629e-09
-7.524731248e-08
5.665326082e-09
-7.584546064e-08
3.428817958e-09
-7.609417094e-08
1.113712987e-09
-7.598447122e-08
-1.258986998e-09
-7.551051483e-08
-3.665834494e-09
-7.466988637e-08
-6.081112983e-09
-7.346388707e-08
-8.477092519e-09
-7.189778876e-08
-1.082437028e-08
-6.998104712e-08
-1.309229039e-08
-6.772746302e-08
-1.52494418e-08
-6.515528082e-08
-1.726422879e-08
-6.228721195e-08
-1.910550622e-08
-5.915037278e-08
-2.07432687e-08
-5.577612633e-08
-2.214938009e-08
-5.219981924e-08
-2.329832674e-08
-4.846040739e-08
-2.416797536e-08
-4.459996688e-08
-2.474031442e-08
-4.066309053e-08
-2.500215676e-08
-3.669617461e-08
-2.494578109e-08
-3.274660507e-08
-2.456949125e-08
-2.886185764e-08
-2.387807501e-08
-2.508853095e-08
-2.288314838e-08
-2.147133668e-08
-2.160337707e-08
-1.805207443e-08
-2.006457366e-08
-1.486862296e-08
-1.829967638e-08
-1.195398141e-08
-1.634862269e-08
-9.33539614e-09
-1.425813768e-08
-7.033609893e-09
-1.208146184e-08
-5.062270253e-09
-9.878045099e-09
-3.427535488e-09
-7.713233678e-09
-2.127917257e-09
-5.657974079e-09
-1.154403765e-09
-3.788531401e-09
-4.909156359e-10
-2.186143143e-09
-1.151621604e-10
-9.368065669e-10
-1.330829922e-10
-3.002936753e-10
1.365678594e-09
-1.138923937e-09
4.198092823e-09
-2.458437672e-09
7.034718973e-09
-4.205975702e-09
9.79258079e-09
-6.332565252e-09
1.241035327e-08
-8.792609424e-09
1.484302014e-08
-1.154346193e-08
1.705929622e-08
-1.454507044e-08
1.903927184e-08
-1.775967849e-08
2.077207827e-08
-2.115156952e-08
2.225373631e-08
-2.468683736e-08
2.348525069e-08
-2.833317173e-08
2.447097248e-08
-3.205965207e-08
2.521724005e-08
-3.583654756e-08
2.573129794e-08
-3.963512485e-08
2.602048295e-08
-4.342746784e-08
2.609165907e-08
-4.718631515e-08
2.595087737e-08
-5.088492185e-08
2.56032329e-08
-5.449695147e-08
2.505288854e-08
-5.799640363e-08
2.430323481e-08
-6.13575813e-08
2.335715497e-08
-6.455510038e-08
2.221736635e-08
-6.756394249e-08
2.088681078e-08
-7.035955102e-08
1.936907001e-08
-7.291796874e-08
1.766878461e-08
-7.521601467e-08
1.579205826e-08
-7.723149705e-08
1.374683201e-08
-7.894345863e-08
1.154321569e-08
-8.033245017e-08
9.193766143e-09
-8.138082764e-08
6.713703535e-09
-8.207306836e-08
4.121058657e-09
-8.239610065e-08
1.436745254e-09
-8.233964128e-08
-1.31544639e-09
-8.189653563e-08
-4.10894017e-09
-8.106308995e-08
-6.914558678e-09
-7.983939065e-08
-9.70079184e-09
-7.822959868e-08
-1.243416227e-08
-7.624220913e-08
-1.507967995e-08
-7.389026392e-08
-1.760138703e-08
-7.119150446e-08
-1.996298826e-08
-6.81684509e-08
-2.212855981e-08
-6.484839382e-08
-2.406332579e-08
-6.126328558e-08
-2.573448835e-08
-5.744951915e-08
-2.711209318e-08
-5.344758527e-08
-2.816990926e-08
-4.930160142e-08
-2.888629828e-08
-4.505871093e-08
-2.924504727e-08
-4.076835504e-08
-2.9236137e-08
-3.648142688e-08
-2.885641942e-08
-3.224932214e-08
-2.811017977e-08
-2.81229073e-08
-2.700956323e-08
-2.415143237e-08
-2.557485202e-08
-2.038141975e-08
-2.38345863e-08
-1.685556546e-08
-2.182553068e-08
-1.361169149e-08
-1.959249667e-08
-1.068178999e-08
-1.718803919e-08
-8.091200254e-09
-1.467205159e-08
-5.857958949e-09
-1.211128642e-08
-3.992362948e-09
-9.578829692e-09
-2.496783021e-09
-7.153554018e-09
-1.365766772e-09
-4.919547664e-09
-5.86472507e-10
-2.965437418e-09
-1.394780696e-10
-1.383801014e-09
-2.725610656e-10
-3.312313e-10
1.696909876e-09
-1.25301041e-09
5.119871909e-09
-2.698793757e-09
8.480502295e-09
-4.607464629e-09
1.170125164e-08
-6.922775594e-09
1.472566421e-08
-9.592886276e-09
1.75131308e-08
-1.256991036e-08
2.003632027e-08
-1.580948018e-08
2.227884164e-08
-1.92703402e-08
2.423293828e-08
-2.291396964e-08
2.589736572e-08
-2.670423058e-08
2.727551159e-08
-3.060703831e-08
2.837378019e-08
-3.459005211e-08
2.920025383e-08
-3.862238641e-08
2.976363222e-08
-4.267434462e-08
3.007244113e-08
-4.671717892e-08
3.013449335e-08
-5.072288051e-08
2.995657894e-08
-5.466400454e-08
2.954435691e-08
-5.851353408e-08
2.890241805e-08
-6.224478618e-08
2.803448689e-08
-6.583136246e-08
2.694373123e-08
-6.924714506e-08
2.563314892e-08
-7.246633802e-08
2.410600372e-08
-7.546355291e-08
2.236628488e-08
-7.82139368e-08
2.041916848e-08
-8.069334006e-08
1.82714615e-08
-8.287852109e-08
1.593201301e-08
-8.474738472e-08
1.34120793e-08
-8.62792511e-08
1.07256325e-08
-8.745515144e-08
7.889603862e-09
-8.825814707e-08
4.924054259e-09
-8.867366744e-08
1.852265611e-09
-8.868986241e-08
-1.299251445e-09
-8.829796557e-08
-4.50083702e-09
-8.749265702e-08
-7.719867251e-09
-8.627242248e-08
-1.092102639e-08
-8.463989594e-08
-1.406668882e-08
-8.260217515e-08
-1.711740075e-08
-8.017109689e-08
-2.003246531e-08
-7.736345699e-08
-2.277062819e-08
-7.420115906e-08
-2.529085775e-08
-7.071127522e-08
-2.755320966e-08
-6.692600198e-08
-2.95197616e-08
-6.288249613e-08
-3.115559904e-08
-5.862257708e-08
-3.242982833e-08
-5.419228606e-08
-3.331658931e-08
-4.964129725e-08
-3.379603609e-08
-4.502218147e-08
-3.385525278e-08
-4.038953023e-08
-3.348907068e-08
-3.579895485e-08
-3.270075517e-08
-3.130598328e-08
-3.150253481e-08
-2.696488411e-08
-2.991595121e-08
-2.282745362e-08
-2.797201679e-08
-1.894180729e-08
-2.571117703e-08
-1.535121989e-08
-2.318308408e-08
-1.209306076e-08
-2.044619834e-08
-9.197869869e-09
-1.756724249e-08
-6.688618884e-09
-1.462053741e-08
-4.580197792e-09
-1.16872508e-08
-2.879163517e-09
-8.854588304e-09
-1.583782872e-09
-6.214928317e-09
-6.844005752e-10
-3.864819729e-09
-1.64153479e-10
-1.904048122e-09
-4.367145459e-10
-3.607588544e-10
2.05766872e-09
-1.362046603e-09
6.12115963e-09
-2.928784942e-09
1.004724061e-08
-4.992079844e-09
1.376454651e-08
-7.488790842e-09
1.722237518e-08
-1.036111856e-08
2.038545849e-08
-1.355613859e-08
2.323134027e-08
-1.702530776e-08
2.574801078e-08
-2.07239706e-08
2.79316011e-08
-2.461087975e-08
2.978427485e-08
-2.864773744e-08
3.131236926e-08
-3.279876216e-08
3.252480489e-08
-3.70302838e-08
3.343177544e-08
-4.131037009e-08
3.404371849e-08
-4.560848761e-08
3.437055863e-08
-4.989520072e-08
3.442120644e-08
-5.414191173e-08
3.420328993e-08
-5.832064546e-08
3.372309062e-08
-6.240388042e-08
3.298565299e-08
-6.636442829e-08
3.199503473e-08
-7.017536221e-08
3.075466513e-08
-7.380999361e-08
2.92677803e-08
-7.724189628e-08
2.753790637e-08
-8.044497594e-08
2.556936452e-08
-8.339358293e-08
2.336777544e-08
-8.606266555e-08
2.094054411e-08
-8.842796156e-08
1.8297309e-08
-9.046622517e-08
1.545034289e-08
-9.215548739e-08
1.24148947e-08
-9.347534723e-08
9.209463682e-09
-9.440729149e-08
5.8559985e-09
-9.493504025e-08
2.380014362e-09
-9.504491403e-08
-1.189377684e-09
-9.472622235e-08
-4.819528717e-09
-9.397166005e-08
-8.474429564e-09
-9.277771189e-08
-1.211497457e-08
-9.114505045e-08
-1.569935028e-08
-8.907891684e-08
-1.918353438e-08
-8.65894697e-08
-2.252191247e-08
-8.369208559e-08
-2.566801231e-08
-8.040759206e-08
-2.857535129e-08
-7.676241319e-08
-3.119838855e-08
-7.278860701e-08
-3.349356779e-08
-6.85237751e-08
-3.542043096e-08
-6.401082634e-08
-3.69427771e-08
-5.929758084e-08
-3.802983483e-08
-5.443620491e-08
-3.865741204e-08
-4.948247478e-08
-3.880898293e-08
-4.449487457e-08
-3.84766709e-08
-3.953354284e-08
-3.766208691e-08
-3.46590912e-08
-3.637698646e-08
-2.993132726e-08
-3.464371516e-08
-2.540792226e-08
-3.24954218e-08
-2.114307e-08
-2.99760293e-08
-1.718618806e-08
-2.713996603e-08
-1.358071403e-08
-2.405167238e-08
-1.036304862e-08
-2.078490791e-08
-7.561694119e-09
-1.742189193e-08
-5.196630877e-09
-1.405231405e-08
-3.278966931e-09
-1.077225226e-08
-1.810887475e-09
-7.683007784e-09
-7.859252338e-10
-4.889781977e-09
-1.895525622e-10
-2.500420801e-09
-6.262671113e-10
-3.888256961e-10
2.4464944e-09
-1.465771312e-09
7.198105225e-09
-3.147747971e-09
1.172921724e-08
-5.358562827e-09
1.597536135e-08
-8.028587784e-09
1.989240012e-08
-1.109439023e-08
2.345126092e-08
-1.449825976e-08
2.663520978e-08
-1.818766912e-08
2.943742012e-08
-2.211470953e-08
3.185864149e-08
-2.623552485e-08
3.390509015e-08
-3.050976036e-08
3.558660475e-08
-3.490003711e-08
3.691508162e-08
-3.93714597e-08
3.7903198e-08
-4.389116321e-08
3.856342198e-08
-4.842790422e-08
3.890729962e-08
-5.295169925e-08
3.894500145e-08
-5.743351382e-08
3.868510447e-08
-6.184500383e-08
3.813458062e-08
-6.615831054e-08
3.729895968e-08
-7.034590896e-08
3.618263313e-08
-7.438050907e-08
3.478926522e-08
-7.823500821e-08
3.312227942e-08
-8.18824924e-08
3.118539054e-08
-8.529628431e-08
2.898315641e-08
-8.845003518e-08
2.65215263e-08
-9.13178584e-08
2.38083673e-08
-9.387450253e-08
2.085395312e-08
-9.609556233e-08
1.767140268e-08
-9.795772626e-08
1.427705862e-08
-9.943905961e-08
1.069079702e-08
-1.005193223e-07
6.936261198e-09
-1.011803202e-07
3.041012184e-09
-1.014062861e-07
-9.634117644e-10
-1.011842948e-07
-5.041519998e-09
-1.005046948e-07
-9.154029595e-09
-9.936156257e-08
-1.325810683e-08
-9.775316207e-08
-1.730775079e-08
-9.568239894e-08
-2.125429752e-08
-9.31572538e-08
-2.504705763e-08
-9.019117598e-08
-2.863409014e-08
-8.680341597e-08
-3.196311131e-08
-8.301927283e-08
-3.49825317e-08
-7.887023151e-08
-3.764260912e-08
-7.439396519e-08
-3.989669729e-08
-6.963417942e-08
-4.170256289e-08
-6.464027828e-08
-4.302373597e-08
-5.946683853e-08
-4.38308518e-08
-5.417288468e-08
-4.410293679e-08
-4.882096769e-08
-4.38285879e-08
-4.347605972e-08
-4.300699489e-08
-3.820428898e-08
-4.164875721e-08
-3.307154929e-08
-3.977645485e-08
-2.814202922e-08
-3.742494188e-08
-2.347671359e-08
-3.464134494e-08
-1.913191576e-08
-3.148476387e-08
-1.515790136e-08
-2.802568678e-08
-1.159766281e-08
-2.434514647e-08
-8.485899095e-09
-2.053365565e-08
-5.848247235e-09
-1.668996592e-08
-3.700800386e-09
-1.291969912e-08
-2.04993542e-09
-9.333872756e-09
-8.924633124e-10
-6.047254095e-09
-2.160856084e-10
-3.176798514e-09
-8.423527203e-10
-4.153621377e-10
2.861856529e-09
-1.563882389e-09
8.346625452e-09
-3.354973706e-09
1.352030854e-08
-5.705626726e-09
1.832601434e-08
-8.540150308e-09
2.272692368e-08
-1.178983522e-08
2.670094581e-08
-1.539247466e-08
3.023784919e-08
-1.929178805e-08
3.333673349e-08
-2.343679714e-08
3.600365056e-08
-2.778118704e-08
3.824948003e-08
-3.228267485e-08
4.008809254e-08
-3.690240251e-08
4.153480926e-08
-4.160436566e-08
4.260516113e-08
-4.635488732e-08
4.331394363e-08
-5.112214254e-08
4.367455482e-08
-5.587573821e-08
4.36985971e-08
-6.058635081e-08
4.339571706e-08
-6.522542329e-08
4.277365307e-08
-6.976492096e-08
4.183845734e-08
-7.417714545e-08
4.05948576e-08
-7.843460451e-08
3.904672427e-08
-8.250993528e-08
3.719761017e-08
-8.637587789e-08
3.505133314e-08
-9.000529657e-08
3.261257507e-08
-9.337124552e-08
2.988747523e-08
-9.644707743e-08
2.68841992e-08
-9.920659306e-08
2.361346874e-08
-1.016242313e-07
2.008904085e-08
-1.036752991e-07
1.632812642e-08
-1.053362428e-07
1.235174072e-08
-1.065849601e-07
8.184978505e-09
-1.074011543e-07
3.857206404e-09
-1.077667285e-07
-5.978376342e-10
-1.07666224e-07
-5.14202454e-09
-1.0708729e-07
-9.732963611e-09
-1.060211896e-07
-1.432420715e-08
-1.044633256e-07
-1.886561485e-08
-1.024137744e-07
-2.330384873e-08
-9.98778139e-08
-2.758301814e-08
-9.686642252e-08
-3.164548154e-08
-9.339672623e-08
-3.54328076e-08
-8.949236557e-08
-3.888689237e-08
-8.518375277e-08
-4.195122193e-08
-8.050818845e-08
-4.457226162e-08
-7.550980815e-08
-4.670094319e-08
-7.023933226e-08
-4.829421187e-08
-6.475359857e-08
-4.93165855e-08
-5.911486474e-08
-4.974167063e-08
-5.338987819e-08
-4.955357446e-08
-4.764872346e-08
-4.874814963e-08
-4.196346994e-08
-4.733401074e-08
-3.640665684e-08
-4.533326796e-08
-3.104966453e-08
-4.278193419e-08
-2.596103197e-08
-3.972997752e-08
-2.120478728e-08
-3.624100856e-08
-1.683886188e-08
-3.239161219e-08
-1.291365692e-08
-2.827035144e-08
-9.470825208e-09
-2.397648737e-08
-6.542320646e-09
-1.961847048e-08
-4.14975273e-09
-1.531226704e-08
-2.304066906e-09
-1.117955859e-08
-1.005559036e-09
-7.345761968e-09
-2.441923639e-10
-3.93816519e-09
-1.086545087e-09
-4.402803037e-10
3.302136818e-09
-1.656032456e-09
9.562377588e-09
-3.549689233e-09
1.54139653e-08
-6.031917797e-09
2.080824289e-08
-9.021406514e-09
2.571641237e-08
-1.24445504e-08
3.012408968e-08
-1.623496407e-08
3.402826285e-08
-2.033287371e-08
3.743464311e-08
-2.468444335e-08
4.035522018e-08
-2.924107396e-08
4.280611062e-08
-3.395870328e-08
4.480572184e-08
-3.879712737e-08
4.637323333e-08
-4.371935924e-08
4.752739299e-08
-4.869103582e-08
4.828562019e-08
-5.367988079e-08
4.866339977e-08
-5.865522843e-08
4.867394472e-08
-6.3587611e-08
4.832809961e-08
-6.844841045e-08
4.76344525e-08
-7.32095736e-08
4.659962048e-08
-7.78433888e-08
4.522867278e-08
-8.232232088e-08
4.352565633e-08
-8.661890119e-08
4.149419047e-08
-9.070566902e-08
3.913810095e-08
-9.455516104e-08
3.646206708e-08
-9.813994623e-08
3.347226041e-08
-1.014327042e-07
3.017695719e-08
-1.044063464e-07
2.658711093e-08
-1.070341799e-07
2.27168743e-08
-1.092901153e-07
1.858406182e-08
-1.111489209e-07
1.421054635e-08
-1.125865249e-07
9.62258247e-09
-1.135803681e-07
4.851049535e-09
-1.141098098e-07
-6.839594314e-11
-1.141565821e-07
-5.095252217e-09
-1.137053034e-07
-1.018424234e-08
-1.12744031e-07
-1.528547957e-08
-1.112648569e-07
-2.034478893e-08
-1.092645276e-07
-2.530417799e-08
-1.067450731e-07
-3.010247266e-08
-1.037144228e-07
-3.467613192e-08
-1.001869815e-07
-3.89602489e-08
-9.618413449e-08
-4.288973937e-08
-9.173464561e-08
-4.640071083e-08
-8.68749122e-08
-4.943199503e-08
-8.164903977e-08
-5.192681563e-08
-7.610870154e-08
-5.383455011e-08
-7.031275404e-08
-5.5112533e-08
-6.432658817e-08
-5.572783651e-08
-5.822120655e-08
-5.565895608e-08
-5.207203247e-08
-5.489732372e-08
-4.595747125e-08
-5.344857196e-08
-3.995726179e-08
-5.133347742e-08
-3.415067158e-08
-4.858852441e-08
-2.86146025e-08
-4.52660466e-08
-2.342168443e-08
-4.143392663e-08
-1.863843879e-08
-3.717485784e-08
-1.432359333e-08
-3.25851969e-08
-1.052662255e-08
-2.777345816e-08
-7.28657511e-09
-2.285851793e-08
-4.63123099e-09
-1.796761116e-08
-2.576610316e-09
-1.323417926e-08
-1.126839598e-09
-8.795532693e-09
-2.743311629e-10
-4.790673632e-09
-1.360876249e-09
-4.634765569e-10
3.765613369e-09
-1.741832333e-09
1.084073334e-08
-3.731057587e-09
1.740319054e-08
-6.336006456e-09
2.341319174e-08
-9.470207649e-09
2.885061355e-08
-1.305556129e-08
3.370944331e-08
-1.70218424e-08
3.799454393e-08
-2.130606516e-08
4.171886586e-08
-2.585176751e-08
4.490092252e-08
-3.060825828e-08
4.756260137e-08
-3.552985873e-08
4.972732228e-08
-4.057516269e-08
5.141853728e-08
-4.570633363e-08
5.265856391e-08
-5.088845168e-08
5.346773823e-08
-5.608892001e-08
5.386386809e-08
-6.127693587e-08
5.386196057e-08
-6.642302938e-08
5.34741931e-08
-7.149867038e-08
5.271009349e-08
-7.647594195e-08
5.157689203e-08
-8.132727773e-08
5.008000855e-08
-8.602525941e-08
4.822363799e-08
-9.054247007e-08
4.601140112e-08
-9.485139956e-08
4.344703043e-08
-9.89243981e-08
4.053506561e-08
-1.027336757e-07
3.728153796e-08
-1.062513455e-07
3.369462701e-08
-1.094495117e-07
2.978527714e-08
-1.123004021e-07
2.556776465e-08
-1.147765485e-07
2.10602082e-08
-1.168510185e-07
1.628501638e-08
-1.184977025e-07
1.126926642e-08
-1.196916596e-07
6.04500661e-09
-1.204095287e-07
6.494731915e-10
-1.206299969e-07
-4.874784019e-09
-1.203343525e-07
-1.047988674e-08
-1.1950708e-07
-1.611275205e-08
-1.18136527e-07
-2.171534198e-08
-1.162156111e-07
-2.722509386e-08
-1.137425565e-07
-3.257552728e-08
-1.107216355e-07
-3.769705301e-08
-1.07163887e-07
-4.251799737e-08
-1.030877773e-07
-4.696584906e-08
-9.851976149e-08
-5.096872665e-08
-9.349470304e-08
-5.445705349e-08
-8.805610573e-08
-5.736541294e-08
-8.225611383e-08
-5.963454202e-08
-7.615524127e-08
-6.121340557e-08
-6.982179938e-08
-6.20612784e-08
-6.333100487e-08
-6.21497506e-08
-5.676376607e-08
-6.146456252e-08
-5.020516428e-08
-6.000717375e-08
-4.37426671e-08
-5.779597461e-08
-3.746413095e-08
-5.486706056e-08
-3.145566764e-08
-5.127450991e-08
-2.579946358e-08
-4.709013071e-08
-2.057164805e-08
-4.240267337e-08
-1.584030758e-08
-3.731653737e-08
-1.166373596e-08
-3.195002978e-08
-8.088994577e-09
-2.643325932e-08
-5.150835084e-09
-2.090577066e-08
-2.871010973e-09
-1.551400338e-08
-1.257984118e-09
-1.040855955e-08
-3.069718337e-10
-5.741685917e-09
-1.667848085e-09
-4.848350395e-10
4.250448396e-09
-1.820859601e-09
1.217675789e-08
-3.898189592e-09
1.948052051e-08
-6.616399363e-09
2.61314015e-08
-9.884337696e-09
3.211855187e-08
-1.361982756e-08
3.744493316e-08
-1.774915897e-08
4.212387533e-08
-2.220642981e-08
4.617613669e-08
-2.693279636e-08
4.962728905e-08
-3.187567811e-08
5.250548311e-08
-3.698795106e-08
5.483959521e-08
-4.222715623e-08
5.665774244e-08
-4.755474368e-08
5.798615134e-08
-5.293536697e-08
5.884836151e-08
-5.833623838e-08
5.926473949e-08
-6.372655129e-08
5.925227347e-08
-6.907697268e-08
5.882461448e-08
-7.435920614e-08
5.799232694e-08
-7.954562353e-08
5.676330941e-08
-8.460896186e-08
5.514334687e-08
-8.952208123e-08
5.313675735e-08
-9.425777895e-08
5.074709884e-08
-9.878865566e-08
4.797790712e-08
-1.030870295e-07
4.483343941e-08
-1.071248959e-07
4.131940438e-08
-1.108739322e-07
3.744366329e-08
-1.143055467e-07
3.321689164e-08
-1.173909755e-07
2.865319341e-08
-1.201014297e-07
2.377066243e-08
-1.224082992e-07
1.859188582e-08
-1.242834173e-07
1.314438455e-08
-1.256993945e-07
7.460983855e-09
-1.266300254e-07
1.580104097e-09
-1.270507699e-07
-4.454039587e-09
-1.269393311e-07
-1.059132551e-08
-1.262762943e-07
-1.677578887e-08
-1.25045858e-07
-2.294577827e-08
-1.232366282e-07
-2.903432369e-08
-1.208424635e-07
-3.496969195e-08
-1.178633496e-07
-4.067616698e-08
-1.143062711e-07
-4.607507582e-08
-1.10186045e-07
-5.10860752e-08
-1.055260677e-07
-5.56287039e-08
-1.00358928e-07
-5.962419325e-08
-9.472682826e-08
-6.299751266e-08
-8.868176202e-08
-6.567960826e-08
-8.228539391e-08
-6.760977369e-08
-7.560860017e-08
-6.873807215e-08
-6.873063901e-08
-6.902771176e-08
-6.173793858e-08
-6.845726295e-08
-5.47225122e-08
-6.702260014e-08
-4.778003511e-08
-6.47384517e-08
-4.10076421e-08
-6.163945358e-08
-3.450152856e-08
-5.778062345e-08
-2.835445659e-08
-5.323720268e-08
-2.26532794e-08
-4.810385056e-08
-1.747660063e-08
-4.249321615e-08
-1.289267828e-08
-3.653395212e-08
-8.957666175e-09
-3.036827143e-08
-5.714259168e-09
-2.414917767e-08
-3.190777702e-09
-1.803748485e-08
-1.400701724e-09
-1.219863553e-08
-3.425911725e-10
-6.799796472e-09
-2.010439256e-09
-5.042318668e-10
4.75468026e-09
-1.892670795e-09
1.35651968e-08
-4.05016442e-09
2.163801412e-08
-6.871566982e-09
2.895280405e-08
-1.026154603e-08
3.55085309e-08
-1.413427925e-08
4.131766637e-08
-1.84129372e-08
4.640253326e-08
-2.302900576e-08
5.079220524e-08
-2.79215107e-08
5.451979399e-08
-3.303618981e-08
5.762016221e-08
-3.83246481e-08
6.012805349e-08
-4.374352432e-08
6.207661866e-08
-4.925369075e-08
6.349631777e-08
-5.48195024e-08
6.441417314e-08
-6.040810711e-08
6.485334419e-08
-6.598882356e-08
6.483298991e-08
-7.153259052e-08
6.436838143e-08
-7.701148763e-08
6.347122404e-08
-8.239832578e-08
6.215014754e-08
-8.766630313e-08
6.041132422e-08
-9.278872226e-08
5.825917648e-08
-9.773876325e-08
5.569713982e-08
-1.024893081e-07
5.272845194e-08
-1.070128126e-07
4.935694391e-08
-1.112812235e-07
4.558781528e-08
-1.152659398e-07
4.142837962e-08
-1.189378197e-07
3.688877155e-08
-1.22267236e-07
3.198260966e-08
-1.252241848e-07
2.672761121e-08
-1.277784545e-07
2.114615552e-08
-1.298998619e-07
1.526579196e-08
-1.315585645e-07
9.119686409e-09
-1.32725456e-07
2.746995618e-09
-1.333726492e-07
-3.80684636e-09
-1.334740721e-07
-1.048990263e-08
-1.330061393e-07
-1.724372163e-08
-1.31948542e-07
-2.400337556e-08
-1.30285123e-07
-3.069774275e-08
-1.280048293e-07
-3.724998561e-08
-1.251027216e-07
-4.357827472e-08
-1.21581008e-07
-4.959678942e-08
-1.174500641e-07
-5.521701906e-08
-1.127293888e-07
-6.034937925e-08
-1.074484377e-07
-6.490514431e-08
-1.016472719e-07
-6.879867851e-08
-9.537695225e-08
-7.19499279e-08
-8.869961611e-08
-7.428710983e-08
-8.16881754e-08
-7.574951286e-08
-7.442559147e-08
-7.629029568e-08
-6.700369985e-08
-7.587915456e-08
-5.952158368e-08
-7.450471631e-08
-5.208352398e-08
-7.217651139e-08
-4.479658631e-08
-6.892639126e-08
-3.776793315e-08
-6.48092766e-08
-3.110197778e-08
-5.990315805e-08
-2.489751247e-08
-5.430831588e-08
-1.92449518e-08
-4.814577681e-08
-1.422382649e-08
-4.155507743e-08
-9.900645097e-09
-3.469145282e-08
-6.327210558e-09
-2.77226122e-08
-3.539441359e-09
-2.082525405e-08
-1.556715701e-09
-1.418136118e-08
-3.816700588e-10
-7.974842112e-09
-2.392109316e-09
-5.215399578e-10
5.276220207e-09
-1.956816319e-09
1.500047316e-08
-4.186056735e-09
2.386725453e-08
-7.099982946e-09
3.186673025e-08
-1.059959802e-08
3.900814597e-08
-1.459587742e-08
4.531394576e-08
-1.900924436e-08
5.081590018e-08
-2.376888047e-08
5.555184134e-08
-2.88119334e-08
5.956284691e-08
-3.408266643e-08
6.289089523e-08
-3.953158596e-08
6.5576973e-08
-4.511457594e-08
6.765960864e-08
-5.07920623e-08
6.917380411e-08
-5.652822451e-08
7.015033535e-08
-6.229026683e-08
7.06153865e-08
-6.80477567e-08
7.059047978e-08
-7.37720342e-08
7.009265892e-08
-7.943569286e-08
6.91348827e-08
-8.501212994e-08
6.772658462e-08
-9.04751619e-08
6.587435617e-08
-9.579870032e-08
6.358271489e-08
-1.009564829e-07
6.085492238e-08
-1.059218546e-07
5.769382362e-08
-1.106675953e-07
5.41026846e-08
-1.151657914e-07
5.008601144e-08
-1.193877514e-07
4.565033957e-08
-1.233039659e-07
4.08049861e-08
-1.26884118e-07
3.556276179e-08
-1.300971476e-07
2.994064075e-08
-1.329113787e-07
2.396038662e-08
-1.352947193e-07
1.764913257e-08
-1.372149431e-07
1.103991015e-08
-1.386400639e-07
4.172116444e-09
-1.395388078e-07
-2.908102485e-09
-1.398812148e-07
-1.014749556e-08
-1.39639332e-07
-1.748560449e-08
-1.38788049e-07
-2.485465853e-08
-1.373060452e-07
-3.217974658e-08
-1.351768425e-07
-3.937918826e-08
-1.323899473e-07
-4.636517e-08
-1.289420497e-07
-5.304468701e-08
-1.248382422e-07
-5.932082657e-08
-1.200932023e-07
-6.509441907e-08
-1.147322777e-07
-7.026606899e-08
-1.087923975e-07
-7.473855865e-08
-1.023227326e-07
-7.841959284e-08
-9.538501901e-08
-8.12248234e-08
-8.805347006e-08
-8.308106182e-08
-8.041420926e-08
-8.392955648e-08
-7.25641801e-08
-8.372918371e-08
-6.460951492e-08
-8.245938149e-08
-5.666338054e-08
-8.012264577e-08
-4.884335683e-08
-7.674641497e-08
-4.126844295e-08
-7.238419048e-08
-3.405582099e-08
-6.711578001e-08
-2.731753268e-08
-6.104660418e-08
-2.115723879e-08
-5.430607071e-08
-1.56672289e-08
-4.704508731e-08
-1.092583148e-08
-3.943285024e-08
-6.995339171e-09
-3.165310451e-08
-3.920520701e-09
-2.390007251e-08
-1.727751501e-09
-1.637413038e-08
-4.246916836e-10
-9.277901929e-09
-2.816800998e-09
-5.366342516e-10
5.812854459e-09
-2.012857547e-09
1.647669644e-08
-4.304969027e-09
2.6159366e-08
-7.300172794e-09
3.486193401e-08
-1.089633996e-08
4.260431312e-08
-1.500169451e-08
4.941930031e-08
-1.953428659e-08
5.534849226e-08
-2.442129994e-08
6.043885469e-08
-2.959825277e-08
6.473979973e-08
-3.500813581e-08
6.830077826e-08
-4.060052299e-08
7.116936018e-08
-4.633068398e-08
7.338976962e-08
-5.215872228e-08
7.500184241e-08
-5.804875711e-08
7.604037017e-08
-6.396816215e-08
7.653479153e-08
-6.988686948e-08
7.650918711e-08
-7.577674312e-08
7.598253256e-08
-8.161102268e-08
7.496916226e-08
-8.736383519e-08
7.347939712e-08
-9.300977111e-08
7.152029209e-08
-9.852351936e-08
6.909646313e-08
-1.038795559e-07
6.621095894e-08
-1.090518812e-07
6.286614888e-08
-1.14013802e-07
5.90646054e-08
-1.187377562e-07
5.480996568e-08
-1.231951798e-07
5.010776315e-08
-1.273564179e-07
4.496622415e-08
-1.311906847e-07
3.939702861e-08
-1.346660791e-07
3.341603514e-08
-1.377496638e-07
2.704397134e-08
-1.404076199e-07
2.030708873e-08
-1.426054885e-07
1.323777874e-08
-1.443085125e-07
5.875140381e-09
-1.454820856e-07
-1.734529314e-09
-1.460923398e-07
-9.537241386e-09
-1.461068493e-07
-1.747109497e-08
-1.454954942e-07
-2.546601367e-08
-1.442314629e-07
-3.344377783e-08
-1.422923942e-07
-4.131825699e-08
-1.396616423e-07
-4.89959219e-08
-1.363296407e-07
-5.637668862e-08
-1.322953239e-07
-6.335514335e-08
-1.275675541e-07
-6.982218884e-08
-1.221664833e-07
-7.566713985e-08
-1.161247678e-07
-8.078027414e-08
-1.094885422e-07
-8.505581843e-08
-1.023180508e-07
-8.839531473e-08
-9.468783834e-08
-9.071127432e-08
-8.668640859e-08
-9.193098622e-08
-7.84152829e-08
-9.20003094e-08
-6.998741757e-08
-9.088724682e-08
-6.152498205e-08
-8.858508129e-08
-5.315654508e-08
-8.511485193e-08
-4.501376584e-08
-8.052696971e-08
-3.72277332e-08
-7.490181264e-08
-2.992513377e-08
-6.834920361e-08
-2.322445239e-08
-6.100675208e-08
-1.7232413e-08
-5.30371267e-08
-1.204085119e-08
-4.462441204e-08
-7.72417166e-09
-3.596978404e-08
-4.337492131e-09
-2.728675204e-08
-1.915526895e-09
-1.879609561e-08
-4.721403768e-10
-1.072128844e-08
-3.288941374e-09
-5.493974053e-10
6.362251856e-09
-2.060385706e-09
1.798768474e-08
-4.406068178e-09
2.850504847e-08
-7.470770313e-09
3.792663614e-08
-1.114977572e-08
4.628331853e-08
-1.534901097e-08
5.361853554e-08
-1.998452492e-08
5.998400621e-08
-2.49818036e-08
6.543613337e-08
-3.027497612e-08
7.003297225e-08
-3.580595317e-08
7.38317553e-08
-4.152353226e-08
7.688693926e-08
-4.738249891e-08
7.924873627e-08
-5.334274784e-08
8.096209133e-08
-5.936844305e-08
8.206606538e-08
-6.54272308e-08
8.259357927e-08
-7.148951447e-08
8.257147078e-08
-7.752779632e-08
8.202081441e-08
-8.351608716e-08
8.095745309e-08
-8.942938212e-08
7.939269209e-08
-9.524319878e-08
7.733410875e-08
-1.009331723e-07
7.478643668e-08
-1.064747025e-07
7.17524891e-08
-1.118426471e-07
6.823409344e-08
-1.170110582e-07
6.423301653e-08
-1.219529593e-07
5.975186677e-08
-1.266401621e-07
5.479496595e-08
-1.310431264e-07
4.93691885e-08
-1.351308671e-07
4.348476933e-08
-1.388709153e-07
3.71560833e-08
-1.422293435e-07
3.040239955e-08
-1.451708668e-07
2.324861206e-08
-1.476590332e-07
1.572594507e-08
-1.496565187e-07
7.87262596e-09
-1.511255499e-07
-2.654981057e-10
-1.520284286e-07
-8.634362672e-09
-1.523282682e-07
-1.717125545e-08
-1.519898358e-07
-2.580444603e-08
-1.509805992e-07
-3.445301439e-08
-1.492719372e-07
-4.302691901e-08
-1.468405139e-07
-5.142734516e-08
-1.436697966e-07
-5.954740593e-08
-1.397516804e-07
-6.727325961e-08
-1.350881676e-07
-7.448570161e-08
-1.296930305e-07
-8.106227697e-08
-1.235933655e-07
-8.687993907e-08
-1.168309332e-07
-9.181825074e-08
-1.094631625e-07
-9.576308543e-08
-1.015636962e-07
-9.861074065e-08
-9.322235753e-08
-1.002723249e-07
-8.454443795e-08
-1.00678229e-07
-7.564923593e-08
-9.978244883e-08
-6.666782402e-08
-9.756649319e-08
-5.774007549e-08
-9.404260045e-08
-4.901104433e-08
-8.925600086e-08
-4.062685308e-08
-8.328600389e-08
-3.273029528e-08
-7.62457614e-08
-2.545639572e-08
-6.828065164e-08
-1.892818516e-08
-5.956533726e-08
-1.325293358e-08
-5.029966361e-08
-8.519045411e-09
-4.07036722e-08
-4.793760268e-09
-3.101203717e-08
-2.12174291e-09
-2.146811297e-08
-5.245007519e-10
-1.23185306e-08
-3.813442123e-09
-5.597257565e-10
6.921977615e-09
-2.099042277e-09
1.952700126e-08
-4.488625551e-09
3.089463174e-08
-7.610580187e-09
4.104859077e-08
-1.135815317e-08
5.003089151e-08
-1.563542551e-08
5.789580788e-08
-2.035680893e-08
6.470538963e-08
-2.544638096e-08
7.052570539e-08
-3.083710926e-08
7.542370055e-08
-3.647000358e-08
7.946464962e-08
-4.229322765e-08
8.271016333e-08
-4.826119987e-08
8.521670849e-08
-5.433370712e-08
8.703459858e-08
-6.047505115e-08
8.820740941e-08
-6.66532425e-08
8.877177063e-08
-7.283925188e-08
8.875748016e-08
-7.900632452e-08
8.818788705e-08
-8.512935937e-08
8.708048795e-08
-9.118435167e-08
8.544768439e-08
-9.714789524e-08
8.329765233e-08
-1.029967396e-07
8.063528108e-08
-1.087073967e-07
7.746314612e-08
-1.142557912e-07
7.3782488e-08
-1.196169526e-07
6.959417793e-08
-1.247647438e-07
6.489965795e-08
-1.296716285e-07
5.970185063e-08
-1.343084781e-07
5.400603816e-08
-1.386444236e-07
4.782071479e-08
-1.426467586e-07
4.115841829e-08
-1.462809051e-07
3.403654607e-08
-1.495104532e-07
2.647816023e-08
-1.522972903e-07
1.851278215e-08
-1.54601836e-07
1.017717168e-08
-1.563834097e-07
1.516075524e-09
-1.576007e-07
-7.417072356e-09
-1.582124939e-07
-1.655946147e-08
-1.581784699e-07
-2.583847008e-08
-1.574602664e-07
-3.517121787e-08
-1.560227365e-07
-4.446444889e-08
-1.538354075e-07
-5.361467414e-08
-1.508741342e-07
-6.250867923e-08
-1.471229166e-07
-7.102447724e-08
-1.425758335e-07
-7.903278466e-08
-1.372390211e-07
-8.639908937e-08
-1.311325998e-07
-9.29863604e-08
-1.242924309e-07
-9.86584196e-08
-1.167715638e-07
-1.032839526e-07
-1.086412208e-07
-1.067410836e-07
-9.999116858e-08
-1.089223771e-07
-9.092933495e-08
-1.097400626e-07
-8.15805651e-08
-1.091312187e-07
-7.208445751e-08
-1.070626008e-07
-6.259228635e-08
-1.035347716e-07
-5.32630927e-08
-9.858519451e-08
-4.425910557e-08
-9.228999101e-08
-3.574072559e-08
-8.476414137e-08
-2.786135861e-08
-7.61600186e-08
-2.076241439e-08
-6.666428147e-08
-1.456878018e-08
-5.649329781e-08
-9.38503816e-09
-4.588741421e-08
-5.292626941e-09
-3.510444839e-08
-2.348074377e-09
-2.441266552e-08
-5.822568027e-10
-1.408434816e-08
-4.395698925e-09
-5.67535665e-10
7.489513275e-09
-2.128540652e-09
2.108800625e-08
-4.552060001e-09
3.331815109e-08
-7.718645887e-09
4.421517666e-08
-1.152005857e-08
5.383230419e-08
-1.585897666e-08
6.223472597e-08
-2.064852527e-08
6.949493824e-08
-2.581164662e-08
7.568882674e-08
-3.128035769e-08
8.089241162e-08
-3.699492952e-08
8.517922146e-08
-4.290301849e-08
8.86182523e-08
-4.895877763e-08
9.127246763e-08
-5.512197254e-08
9.31977935e-08
-6.135712231e-08
9.444255919e-08
-6.763268108e-08
9.50473294e-08
-7.392027138e-08
9.504507047e-08
-8.019397582e-08
9.446159149e-08
-8.642968939e-08
9.331620153e-08
-9.260453196e-08
9.162252697e-08
-9.869631749e-08
8.938943786e-08
-1.046830754e-07
8.662203898e-08
-1.105426188e-07
8.332268952e-08
-1.162521546e-07
7.949202382e-08
-1.217879314e-07
7.51299547e-08
-1.271249223e-07
7.023664891e-08
-1.322365432e-07
6.481347153e-08
-1.370944066e-07
5.886390155e-08
-1.41668117e-07
5.239442525e-08
-1.459251143e-07
4.541541559e-08
-1.498305744e-07
3.79420062e-08
-1.533473812e-07
2.999496705e-08
-1.564361843e-07
2.160158521e-08
-1.590555615e-07
1.279654891e-08
-1.611623085e-07
3.622822552e-09
-1.627118584e-07
-5.867522502e-09
-1.636589284e-07
-1.561239147e-08
-1.639582809e-07
-2.553911754e-08
-1.635657657e-07
-3.556373306e-08
-1.624395858e-07
-4.559062873e-08
-1.605418116e-07
-5.551244837e-08
-1.578401414e-07
-6.521034945e-08
-1.543098914e-07
-7.455472724e-08
-1.499361737e-07
-8.340650235e-08
-1.447161959e-07
-9.161906709e-08
-1.386615857e-07
-9.904097067e-08
-1.318006108e-07
-1.055193945e-07
-1.241801389e-07
-1.109044245e-07
-1.158671549e-07
-1.150540676e-07
-1.069496462e-07
-1.178398857e-07
-9.753667079e-08
-1.19153038e-07
-8.775745092e-08
-1.189104385e-07
-7.775938708e-08
-1.170606646e-07
-6.770496008e-08
-1.135891986e-07
-5.776758074e-08
-1.085225738e-07
-4.812654679e-08
-1.01931025e-07
-3.896136304e-08
-9.392932511e-08
-3.044575988e-08
-8.467562175e-08
-2.274179351e-08
-7.436824784e-08
-1.599441912e-08
-6.324067219e-08
-1.032688962e-08
-5.15549437e-08
-5.837256302e-09
-3.95940817e-08
-2.596159074e-09
-2.765376274e-08
-6.458907564e-10
-1.603461647e-08
-5.041589678e-09
-5.727700141e-10
8.062283295e-09
-2.148688855e-09
2.266392509e-08
-4.595983335e-09
3.576544557e-08
-7.794321952e-09
4.741351528e-08
-1.16345179e-08
5.767250014e-08
-1.601827372e-08
6.661848179e-08
-2.085775833e-08
7.433442286e-08
-2.60750304e-08
8.090609881e-08
-3.160134585e-08
8.641872708e-08
-3.73763793e-08
9.095425491e-08
-4.334738773e-08
9.458926074e-08
-4.946834372e-08
9.739342363e-08
-5.569906297e-08
9.942851275e-08
-6.200434759e-08
1.007478438e-07
-6.835316191e-08
1.013961437e-07
-7.471785332e-08
1.014097619e-07
-8.107342554e-08
1.008171637e-07
-8.739686812e-08
9.963964411e-08
-9.366654201e-08
9.789220087e-08
-9.986161878e-08
9.558451463e-08
-1.05961569e-07
9.272198922e-08
-1.11945695e-07
8.930681552e-08
-1.177927027e-07
8.533903153e-08
-1.234803087e-07
8.081756068e-08
-1.289848793e-07
7.574121954e-08
-1.342811011e-07
7.01096934e-08
-1.39341684e-07
6.392448442e-08
-1.441370998e-07
5.718984109e-08
-1.486353645e-07
4.991368022e-08
-1.528018711e-07
4.21085129e-08
-1.565992885e-07
3.379238441e-08
-1.599875384e-07
2.498983512e-08
-1.629238736e-07
1.573288413e-08
-1.653630778e-07
6.062026781e-09
-1.672578034e-07
-3.972796866e-09
-1.685591154e-07
-1.431107951e-08
-1.692171931e-07
-2.488103978e-08
-1.691823069e-07
-3.559861931e-08
-1.68406056e-07
-4.636687958e-08
-1.668428968e-07
-5.707560758e-08
-1.644519723e-07
-6.760127389e-08
-1.611992408e-07
-7.780745874e-08
-1.570598744e-07
-8.75458687e-08
-1.520208723e-07
-9.665806916e-08
-1.460837944e-07
-1.049780486e-07
-1.392674836e-07
-1.123357053e-07
-1.316106039e-07
-1.185613042e-07
-1.231737857e-07
-1.234908857e-07
-1.140411476e-07
-1.269725239e-07
-1.043209555e-07
-1.2887323e-07
-9.414520394e-08
-1.290861901e-07
-8.366794975e-08
-1.275379188e-07
-7.306231342e-08
-1.241948349e-07
-6.251616738e-08
-1.190687199e-07
-5.222665756e-08
-1.122205348e-07
-4.239383078e-08
-1.037621519e-07
-3.321375188e-08
-9.385570064e-08
-2.48715725e-08
-8.271042721e-08
-1.753504088e-08
-7.05772038e-08
-1.134891195e-08
-5.774107262e-08
-6.430634261e-09
-4.451235937e-08
-2.867584565e-09
-3.121681242e-08
-7.158813783e-10
-1.818631964e-08
-5.757471054e-09
-5.754049899e-10
8.637688283e-09
-2.159413115e-09
2.424793322e-08
-4.62024782e-09
3.822628028e-08
-7.837349916e-09
5.063061738e-08
-1.170110362e-08
6.153625385e-08
-1.611263556e-08
7.103001374e-08
-2.098346103e-08
7.920524833e-08
-2.623497975e-08
8.615761753e-08
-3.179785079e-08
9.198159813e-08
-3.761127181e-08
9.676767593e-08
-4.362218826e-08
1.006001772e-07
-4.978445961e-08
1.03555695e-07
-5.605800772e-08
1.057020609e-07
-6.240796996e-08
1.070978061e-07
-6.880387555e-08
1.077920493e-07
-7.521885878e-08
1.078247451e-07
-8.162891841e-08
1.072272234e-07
-8.801222793e-08
1.060229536e-07
-9.434849771e-08
1.042284707e-07
-1.006183873e-07
1.018544043e-07
-1.068029642e-07
9.890656614e-08
-1.128832042e-07
9.538705547e-08
-1.188395282e-07
9.129535554e-08
-1.246513721e-07
8.662940458e-08
-1.30296785e-07
8.138663252e-08
-1.357520558e-07
7.556496414e-08
-1.409913665e-07
6.916379515e-08
-1.459864777e-07
6.21849523e-08
-1.507064487e-07
5.463365126e-08
-1.551174026e-07
4.651946682e-08
-1.591823467e-07
3.78573285e-08
-1.628610637e-07
2.866855217e-08
-1.661100937e-07
1.898191408e-08
-1.688828305e-07
8.834763666e-09
-1.711297621e-07
-1.725865291e-09
-1.727988623e-07
-1.264197932e-08
-1.738362388e-07
-2.384366325e-08
-1.741869784e-07
-3.524787967e-08
-1.737963199e-07
-4.675753807e-08
-1.726111473e-07
-5.82607802e-08
-1.705818392e-07
-6.963058195e-08
-1.676644886e-07
-8.072480932e-08
-1.638234832e-07
-9.138687408e-08
-1.590344061e-07
-1.014471462e-07
-1.532871747e-07
-1.1072528e-07
-1.465892879e-07
-1.190335921e-07
-1.389689996e-07
-1.261815925e-07
-1.304781854e-07
-1.319816999e-07
-1.211946296e-07
-1.362560796e-07
-1.112234358e-07
-1.388444239e-07
-1.006972721e-07
-1.396123538e-07
-8.977520635e-08
-1.384599845e-07
-7.863996726e-08
-1.35330074e-07
-6.749359433e-08
-1.302150928e-07
-5.655158901e-08
-1.231625401e-07
-4.603584439e-08
-1.142778965e-07
-3.61667844e-08
-1.037247606e-07
-2.715526031e-08
-9.172195129e-08
-1.919481205e-08
-7.853765204e-08
-1.245488655e-08
-6.448099811e-08
-7.075520571e-09
-4.989172533e-08
-3.163871977e-09
-3.512846101e-08
-7.927015822e-10
-2.055749003e-08
-6.550172632e-09
-5.754569328e-10
9.213145224e-09
-2.16078219e-09
2.583325848e-08
-4.624995426e-09
4.069049352e-08
-7.847937382e-09
5.385355934e-08
-1.172004634e-08
6.540836282e-08
-1.614223587e-08
7.545220328e-08
-2.102563377e-08
8.408864624e-08
-2.629117176e-08
9.142315553e-08
-3.186904667e-08
9.755947304e-08
-3.769807319e-08
1.025967025e-07
-4.372495192e-08
1.066270559e-07
-4.99034791e-08
1.097342222e-07
-5.61937244e-08
1.119923062e-07
-6.256120073e-08
1.134652824e-07
-6.897604657e-08
1.142068952e-07
-7.54122362e-08
1.142609348e-07
-8.184682904e-08
1.136618162e-07
-8.825926411e-08
1.124353887e-07
-9.463070202e-08
1.105999086e-07
-1.009434138e-07
1.08167116e-07
-1.071802129e-07
1.051433653e-07
-1.133239274e-07
1.0153077e-07
-1.193569053e-07
9.732833349e-08
-1.252605511e-07
9.253305039e-08
-1.310148876e-07
8.714096896e-08
-1.365981417e-07
8.11482183e-08
-1.41986354e-07
7.455200747e-08
-1.471530118e-07
6.735161015e-08
-1.520687114e-07
5.954935087e-08
-1.567008547e-07
5.115161014e-08
-1.610133912e-07
4.2169865e-08
-1.649666184e-07
3.26217794e-08
-1.685170595e-07
2.253235519e-08
-1.71617443e-07
1.193514713e-08
-1.742168311e-07
8.735228476e-10
-1.76260819e-07
-1.059799134e-08
-1.776921338e-07
-2.241234844e-08
-1.784512721e-07
-3.448874142e-08
-1.784775724e-07
-4.673123774e-08
-1.77710619e-07
-5.902773353e-08
-1.760920505e-07
-7.124915043e-08
-1.735678095e-07
-8.324905034e-08
-1.700908476e-07
-9.486383591e-08
-1.656242683e-07
-1.059137255e-07
-1.601448442e-07
-1.16204704e-07
-1.53646792e-07
-1.255316443e-07
-1.46145621e-07
-1.336827635e-07
-1.376818055e-07
-1.404455154e-07
-1.283239666e-07
-1.456139185e-07
-1.181712075e-07
-1.48997183e-07
-1.073542296e-07
-1.504293317e-07
-9.603488803e-08
-1.49779326e-07
-8.440392543e-08
-1.469610366e-07
-7.2676758e-08
-1.419422602e-07
-6.108736959e-08
-1.347519285e-07
-4.988057589e-08
-1.254846902e-07
-3.930312771e-08
-1.143022088e-07
-2.959429339e-08
-1.014307856e-07
-2.097666506e-08
-8.715528036e-08
-1.364794548e-08
-7.180971767e-08
-7.774392497e-09
-5.57652783e-08
-3.486456127e-09
-3.941639736e-08
-8.768151152e-10
-2.316713102e-08
-7.426987744e-09
-5.729894069e-10
9.786134632e-09
-2.153032352e-09
2.741330144e-08
-4.610708704e-09
4.314816989e-08
-7.826839936e-09
5.706969058e-08
-1.16923506e-08
6.92738735e-08
-1.610825391e-08
7.98681066e-08
-2.098550993e-08
8.896590228e-08
-2.624473265e-08
9.668237827e-08
-3.181575702e-08
1.031304974e-07
-3.763708119e-08
1.084180266e-07
-4.365520584e-08
1.126451806e-07
-4.982389732e-08
1.159029137e-07
-5.610340233e-08
1.182718112e-07
-6.245964026e-08
1.198215203e-07
-6.886339595e-08
1.206106509e-07
-7.528953073e-08
1.206870696e-07
-8.171622475e-08
1.200885102e-07
-8.812425867e-08
1.188434227e-07
-9.449633849e-08
1.169719884e-07
-1.008164637e-07
1.144872413e-07
-1.070693368e-07
1.113962384e-07
-1.132398095e-07
1.077012427e-07
-1.193123624e-07
1.034008865e-07
-1.252706118e-07
9.849129973e-08
-1.310968398e-07
9.296719697e-08
-1.367715456e-07
8.682292417e-08
-1.422730145e-07
8.005347637e-08
-1.475769047e-07
7.265550043e-08
-1.526558552e-07
6.462830133e-08
-1.57479117e-07
5.597487197e-08
-1.620122181e-07
4.670296616e-08
-1.66216672e-07
3.682623331e-08
-1.700497471e-07
2.636543024e-08
-1.734643202e-07
1.534972029e-08
-1.764088541e-07
3.818056823e-09
-1.788274596e-07
-8.179385872e-09
-1.806603168e-07
-2.057949119e-08
-1.81844129e-07
-3.330492925e-08
-1.823130267e-07
-4.626233997e-08
-1.819998234e-07
-5.934093683e-08
-1.808377144e-07
-7.241125939e-08
-1.787624829e-07
-8.532428184e-08
-1.757152542e-07
-9.791106463e-08
-1.716458114e-07
-1.099831683e-07
-1.665164399e-07
-1.213340756e-07
-1.603062039e-07
-1.317418802e-07
-1.53015486e-07
-1.409734814e-07
-1.446705285e-07
-1.487904729e-07
-1.353276336e-07
-1.549568134e-07
-1.250766025e-07
-1.592482142e-07
-1.14042952e-07
-1.614629821e-07
-1.02388453e-07
-1.61433825e-07
-9.030960269e-08
-1.590398868e-07
-7.803378642e-08
-1.542180764e-07
-6.581309003e-08
-1.469726248e-07
-5.391598256e-08
-1.373817976e-07
-4.261735851e-08
-1.256008328e-07
-3.218767196e-08
-1.118604721e-07
-2.288206339e-08
-9.646088891e-08
-1.493043674e-08
-7.97613443e-08
-8.529379362e-09
-6.216633567e-08
-3.836661645e-09
-4.410911506e-08
-9.686722623e-10
-2.603512039e-08
-8.395660002e-09
-5.681203461e-10
1.035425499e-08
-2.136593134e-09
2.898177424e-08
-4.57826339e-09
4.558984015e-08
-7.775446013e-09
6.026687322e-08
-1.161991487e-08
7.311834236e-08
-1.601303037e-08
8.426122211e-08
-2.086574699e-08
9.381861891e-08
-2.609846269e-08
1.01915094e-07
-3.164071198e-08
1.086727467e-07
-3.743071313e-08
1.142080278e-07
-4.341479043e-08
1.186292579e-07
-4.954669905e-08
1.220348223e-07
-5.578688266e-08
1.245119948e-07
-6.210169259e-08
1.261363303e-07
-6.846259422e-08
1.269715525e-07
-7.48453812e-08
1.270698566e-07
-8.122941309e-08
1.264725421e-07
-8.75968864e-08
1.25210896e-07
-9.39321446e-08
1.233072466e-07
-1.002210286e-07
1.207761252e-07
-1.064502662e-07
1.176254761e-07
-1.126068978e-07
1.138578743e-07
-1.186777327e-07
1.094717213e-07
-1.24648832e-07
1.04462399e-07
-1.305050128e-07
9.882337785e-08
-1.3622937e-07
9.254728135e-08
-1.418028107e-07
8.56269171e-08
-1.472036017e-07
7.805629144e-08
-1.524069276e-07
6.983162729e-08
-1.573844633e-07
6.095240766e-08
-1.621039646e-07
5.142246747e-08
-1.665288873e-07
4.125115602e-08
-1.706180477e-07
3.045459067e-08
-1.743253464e-07
1.905701905e-08
-1.775995835e-07
7.092293894e-09
-1.803843886e-07
-5.394580726e-09
-1.826183712e-07
-1.834550852e-08
-1.842354343e-07
-3.16878662e-08
-1.85165427e-07
-4.533234719e-08
-1.853351921e-07
-5.917117177e-08
-1.846700818e-07
-7.307636959e-08
-1.830960349e-07
-8.689832873e-08
-1.805422872e-07
-1.004648123e-07
-1.769447687e-07
-1.135806868e-07
-1.722501913e-07
-1.26028653e-07
-1.664207708e-07
-1.375713007e-07
-1.594394357e-07
-1.479548164e-07
-1.513152742e-07
-1.569146344e-07
-1.420888535e-07
-1.641832341e-07
-1.318369391e-07
-1.695001285e-07
-1.206760578e-07
-1.726238634e-07
-1.087643189e-07
-1.733455639e-07
-9.630095227e-08
-1.715032534e-07
-8.352315763e-08
-1.669958711e-07
-7.070009006e-08
-1.597956924e-07
-5.812411539e-08
-1.499577723e-07
-4.609981674e-08
-1.376251314e-07
-3.493156754e-08
-1.230287213e-07
-2.491074395e-08
-1.064817125e-07
-1.630377393e-08
-8.83683143e-08
-9.342188169e-09
-6.912792141e-08
-4.215675085e-09
-4.923562813e-08
-1.068704488e-09
-2.918209097e-08
-9.464364485e-09
-5.610295018e-10
1.091528449e-08
-2.11211407e-09
3.053285882e-08
-4.528983203e-09
4.80067093e-08
-7.695865271e-09
6.34337553e-08
-1.150565608e-08
7.692813318e-08
-1.586022855e-08
8.86157946e-08
-2.067062294e-08
9.862901332e-08
-2.585706554e-08
1.071015366e-07
-3.134880793e-08
1.141644891e-07
-3.708379378e-08
1.199430137e-07
-4.300817392e-08
1.245536381e-07
-4.907569944e-08
1.281023479e-07
-5.524702611e-08
1.306833215e-07
-6.148896257e-08
1.323782668e-07
-6.777369165e-08
1.332562816e-07
-7.407798871e-08
1.333741536e-07
-8.038245537e-08
1.327770088e-07
-8.667078108e-08
1.314992217e-07
-9.292903995e-08
1.295655055e-07
-9.914502562e-08
1.269921109e-07
-1.05307624e-07
1.237880745e-07
-1.114062211e-07
1.199564714e-07
-1.17430141e-07
1.154956413e-07
-1.233681102e-07
1.104003681e-07
-1.292077404e-07
1.046630082e-07
-1.349350278e-07
9.827456871e-08
-1.4053386e-07
9.122574932e-08
-1.459855305e-07
8.350796199e-08
-1.512682556e-07
7.511435243e-08
-1.563566941e-07
6.604084613e-08
-1.612214714e-07
5.628724487e-08
-1.658287148e-07
4.585839945e-08
-1.701396082e-07
3.476548404e-08
-1.741099858e-07
2.302739671e-08
-1.776899915e-07
1.067229957e-08
-1.808238437e-07
-2.260728504e-09
-1.834497013e-07
-1.571965085e-08
-1.854998368e-07
-2.963773067e-08
-1.869009641e-07
-4.393121994e-08
-1.875750262e-07
-5.849710959e-08
-1.874404533e-07
-7.321094251e-08
-1.864140152e-07
-8.79247668e-08
-1.844133825e-07
-1.024654449e-07
-1.813604884e-07
-1.16633581e-07
-1.771857468e-07
-1.302033946e-07
-1.718331212e-07
-1.429239263e-07
-1.652659416e-07
-1.54521996e-07
-1.574732489e-07
-1.64707327e-07
-1.484763016e-07
-1.731801813e-07
-1.383347313e-07
-1.796416988e-07
-1.271517019e-07
-1.838068929e-07
-1.150773456e-07
-1.854199201e-07
-1.023097529e-07
-1.842708462e-07
-8.909290411e-08
-1.802127198e-07
-7.571117826e-08
-1.731774182e-07
-6.248042728e-08
-1.631885232e-07
-4.973604549e-08
-1.503695132e-07
-3.781890923e-08
-1.349458576e-07
-2.706044043e-08
-1.172401813e-07
-1.776827226e-08
-9.766048244e-08
-1.021402118e-08
-7.668217247e-08
-4.624513386e-09
-5.48251359e-08
-1.17731814e-09
-3.26292862e-08
-1.064168262e-08
-5.519661967e-10
1.14672507e-08
-2.080492952e-09
3.206138559e-08
-4.46469777e-09
5.039091414e-08
-7.591021752e-09
6.65600793e-08
-1.135364031e-08
8.069075176e-08
-1.565500193e-08
9.291715624e-08
-2.040623849e-08
1.033802499e-07
-2.552738161e-08
1.122226797e-07
-3.094736823e-08
1.195844758e-07
-3.660383989e-08
1.255994854e-07
-4.244275825e-08
1.303925564e-07
-4.841787003e-08
1.340774597e-07
-5.449005926e-08
1.367555107e-07
-6.062662409e-08
1.385148316e-07
-6.680051185e-08
1.394301694e-07
-7.298954031e-08
1.395631821e-07
-7.917562667e-08
1.389630952e-07
-8.534403952e-08
1.376676346e-07
-9.148268298e-08
1.35704149e-07
-9.758141753e-08
1.330908455e-07
-1.036314182e-07
1.298380752e-07
-1.096245679e-07
1.259496211e-07
-1.155528814e-07
1.214239549e-07
-1.214079551e-07
1.162554419e-07
-1.271804357e-07
1.104354887e-07
-1.328595018e-07
1.039536348e-07
-1.384323523e-07
9.679859986e-08
-1.43883695e-07
8.895930475e-08
-1.491952312e-07
8.042588859e-08
-1.543451317e-07
7.119074669e-08
-1.593075045e-07
6.124961774e-08
-1.640518541e-07
5.060274901e-08
-1.685425395e-07
3.925616944e-08
-1.72738244e-07
2.722310127e-08
-1.765914795e-07
1.452553507e-08
-1.800481821e-07
1.195974171e-09
-1.830472788e-07
-1.272055412e-08
-1.855207223e-07
-2.716428713e-08
-1.873934319e-07
-4.205851036e-08
-1.885837796e-07
-5.73067618e-08
-1.890045148e-07
-7.279020729e-08
-1.885642975e-07
-8.836498413e-08
-1.871699903e-07
-1.03859752e-07
-1.847298499e-07
-1.190737214e-07
-1.811577309e-07
-1.337755135e-07
-1.763783622e-07
-1.47703295e-07
-1.703336586e-07
-1.605666996e-07
-1.629899009e-07
-1.720510846e-07
-1.543454468e-07
-1.818246354e-07
-1.444384409e-07
-1.895487046e-07
-1.333538062e-07
-1.948915276e-07
-1.21228645e-07
-1.975450813e-07
-1.082551203e-07
-1.972443708e-07
-9.467995504e-08
-1.937878851e-07
-8.079992309e-08
-1.870574502e-07
-6.695310739e-08
-1.770353389e-07
-5.350623134e-08
-1.638163892e-07
-4.083895904e-08
-1.476131298e-07
-2.932659403e-08
-1.287525463e-07
-1.932297481e-08
-1.076641016e-07
-1.114548755e-08
-8.48596597e-08
-5.063989589e-09
-6.090663385e-08
-1.294887403e-09
-3.639838837e-08
-1.193657002e-08
-5.412577815e-10
1.200850849e-08
-2.042906448e-09
3.356303428e-08
-4.387805234e-09
5.273581294e-08
-7.464753959e-09
6.963702805e-08
-1.116922185e-08
8.439521967e-08
-1.540417055e-08
9.715210496e-08
-2.008072668e-08
1.08056806e-07
-2.511862588e-08
1.17260579e-07
-3.044640383e-08
1.249122537e-07
-3.600133881e-08
1.311544204e-07
-4.17291718e-08
1.361203895e-07
-4.758364319e-08
1.399319311e-07
-5.352589009e-08
1.426977577e-07
-5.952374778e-08
1.445126893e-07
-6.555099427e-08
1.454574159e-07
-7.158657065e-08
1.455987585e-07
-7.761380249e-08
1.449903271e-07
-8.361964023e-08
1.436734724e-07
-8.959393001e-08
1.416784388e-07
-9.552872105e-08
1.390256366e-07
-1.014176109e-07
1.35726965e-07
-1.072551269e-07
1.317871372e-07
-1.130361403e-07
1.272049682e-07
-1.187553058e-07
1.219746074e-07
-1.244065218e-07
1.160867048e-07
-1.299824018e-07
1.095295149e-07
-1.354737505e-07
1.022899486e-07
-1.408690363e-07
9.435459052e-08
-1.461538523e-07
8.571070468e-08
-1.513103609e-07
7.634725528e-08
-1.563167144e-07
6.625597127e-08
-1.611464522e-07
5.543248683e-08
-1.65767874e-07
4.387759126e-08
-1.701433972e-07
3.159862449e-08
-1.74228916e-07
1.86110539e-08
-1.779732007e-07
4.940258948e-09
-1.813172751e-07
-9.376479752e-09
-1.841941392e-07
-2.4287423e-08
-1.865284194e-07
-3.972423018e-08
-1.882364722e-07
-5.55987089e-08
-1.892269115e-07
-7.179976802e-08
-1.894017296e-07
-8.819016597e-08
-1.886581993e-07
-1.046032824e-07
-1.868917432e-07
-1.208401774e-07
-1.839999523e-07
-1.366673044e-07
-1.798878875e-07
-1.518153598e-07
-1.744747176e-07
-1.659798694e-07
-1.677016075e-07
-1.788241947e-07
-1.595405802e-07
-1.899856627e-07
-1.500038422e-07
-1.990854426e-07
-1.391528038e-07
-2.05742566e-07
-1.271057932e-07
-2.095920919e-07
-1.140433117e-07
-2.103068523e-07
-1.002096719e-07
-2.076215248e-07
-8.59100578e-08
-2.013570642e-07
-7.150247236e-08
-1.914429243e-07
-5.738466596e-08
-1.779341956e-07
-4.397689039e-08
-1.610209054e-07
-3.170206057e-08
-1.410273761e-07
-2.096547438e-08
-1.184006878e-07
-1.213651215e-08
-9.368862191e-08
-5.534677289e-09
-6.750846868e-08
-1.421746916e-09
-4.051131872e-08
-1.335831693e-08
-5.29319064e-10
1.253782757e-08
-2.000844405e-09
3.503455964e-08
-4.301341933e-09
5.503631049e-08
-7.32192514e-09
7.265761128e-08
-1.095919438e-08
8.803248893e-08
-1.511640965e-08
1.013093203e-07
-1.970447305e-08
1.126448695e-07
-2.464263204e-08
1.22198738e-07
-2.985887398e-08
1.301284957e-07
-3.529001897e-08
1.365855654e-07
-4.088154439e-08
1.417119149e-07
-4.65871881e-08
1.456375748e-07
-5.23683833e-08
1.484789529e-07
-5.8193576e-08
1.503378821e-07
-6.403747104e-08
1.51301311e-07
-6.98802445e-08
1.51441532e-07
-7.570675202e-08
1.508168346e-07
-8.150575383e-08
1.494724742e-07
-8.726917025e-08
1.474418553e-07
-9.299137492e-08
1.447478413e-07
-9.866852815e-08
1.414041183e-07
-1.04297949e-07
1.374165581e-07
-1.09877522e-07
1.327845412e-07
-1.154051322e-07
1.275022176e-07
-1.208781214e-07
1.21559694e-07
-1.262927564e-07
1.149441499e-07
-1.316437005e-07
1.076408927e-07
-1.369234783e-07
9.963436834e-08
-1.421219245e-07
9.090915094e-08
-1.472256068e-07
8.145093764e-08
-1.522172148e-07
7.124757926e-08
-1.570749081e-07
6.029018017e-08
-1.61771621e-07
4.857430417e-08
-1.66274324e-07
3.610132749e-08
-1.705432536e-07
2.287998358e-08
-1.745311279e-07
8.928133293e-09
-1.781823718e-07
-5.725235805e-09
-1.814324465e-07
-2.103734833e-08
-1.84207293e-07
-3.694938363e-08
-1.864229855e-07
-5.338301634e-08
-1.879858108e-07
-7.023694272e-08
-1.887928969e-07
-8.738307984e-08
-1.887336058e-07
-1.046625735e-07
-1.876919257e-07
-1.218818574e-07
-1.8555011e-07
-1.388091201e-07
-1.821937856e-07
-1.551716841e-07
-1.775186906e-07
-1.706549644e-07
-1.714390679e-07
-1.849038174e-07
-1.638975428e-07
-1.975271878e-07
-1.548760375e-07
-2.081069479e-07
-1.444069523e-07
-2.162116512e-07
-1.32583509e-07
-2.214155352e-07
-1.195678833e-07
-2.23322478e-07
-1.055956322e-07
-2.215937759e-07
-9.097504336e-08
-2.159776531e-07
-7.608044781e-08
-2.063375199e-07
-6.133925318e-08
-1.926753902e-07
-4.721338635e-08
-1.751467722e-07
-3.417682531e-08
-1.540639371e-07
-2.26917386e-08
-1.298857745e-07
-1.318624604e-08
-1.031941145e-07
-6.036875992e-09
-7.465783871e-08
-1.558184646e-09
-4.499001005e-08
-1.491650157e-08
-5.166634289e-10
1.305449101e-08
-1.956149743e-09
3.647404598e-08
-4.20906259e-09
5.728922336e-08
-7.168548476e-09
7.561709719e-08
-1.073195984e-08
9.159590031e-08
-1.480245614e-08
1.053798166e-07
-1.929035054e-08
1.171327639e-07
-2.411410577e-08
1.270224932e-07
-2.920094758e-08
1.352153375e-07
-3.44871105e-08
1.418717283e-07
-3.991776004e-08
1.471425645e-07
-4.544665095e-08
1.511664657e-07
-5.10355854e-08
1.540678874e-07
-5.665373251e-08
1.559560292e-07
-6.227686281e-08
1.569244413e-07
-6.788654194e-08
1.570512112e-07
-7.346931735e-08
1.5639961e-07
-7.901592202e-08
1.550190789e-07
-8.452051091e-08
1.529464442e-07
-8.997993843e-08
1.502072688e-07
-9.539308004e-08
1.468172599e-07
-1.007601965e-07
1.427836746e-07
-1.060823366e-07
1.381066813e-07
-1.113607713e-07
1.327806524e-07
-1.165964516e-07
1.267953744e-07
-1.217894797e-07
1.20137178e-07
-1.269385834e-07
1.127899965e-07
-1.320405827e-07
1.047363676e-07
-1.370898355e-07
9.59584038e-08
-1.420776524e-07
8.643875456e-08
-1.469916669e-07
7.616159376e-08
-1.51815152e-07
6.511366527e-08
-1.565262741e-07
5.328542638e-08
-1.610972803e-07
4.067233363e-08
-1.65493619e-07
2.727632231e-08
-1.696730094e-07
1.310752374e-08
-1.735844965e-07
-1.813748613e-09
-1.771674229e-07
-1.745442192e-08
-1.803506987e-07
-3.37661078e-08
-1.830519573e-07
-5.06817577e-08
-1.851771693e-07
-6.81117307e-08
-1.86620713e-07
-8.593953619e-08
-1.872661525e-07
-1.040171339e-07
-1.86988001e-07
-1.221600089e-07
-1.856547761e-07
-1.40142345e-07
-1.83133667e-07
-1.576927932e-07
-1.792970915e-07
-1.744915399e-07
-1.740313154e-07
-1.901695934e-07
-1.672471093e-07
-2.043113939e-07
-1.588921195e-07
-2.164619376e-07
-1.489642414e-07
-2.261395292e-07
-1.375248408e-07
-2.328549358e-07
-1.247102527e-07
-2.36137066e-07
-1.107397093e-07
-2.355643193e-07
-9.591783112e-08
-2.307995312e-07
-8.063017316e-08
-2.216251778e-07
-6.533108621e-08
-2.079744771e-07
-5.052427599e-08
-1.899535824e-07
-3.673773857e-08
-1.678504745e-07
-2.449594727e-08
-1.421275658e-07
-1.42929845e-08
-1.133970772e-07
-6.570580298e-09
-8.238024289e-08
-1.704435862e-09
-4.985615446e-08
-1.662093743e-08
-5.039163753e-10
1.35584074e-08
-1.911066623e-09
3.788119625e-08
-4.115535786e-09
5.949369255e-08
-7.011933656e-09
7.851349508e-08
-1.049772212e-08
9.50816888e-08
-1.447533974e-08
1.093574342e-07
-1.885397529e-08
1.215113995e-07
-2.355089092e-08
1.317194089e-07
-2.849226655e-08
1.401567132e-07
-3.361359406e-08
1.469930558e-07
-3.885968251e-08
1.523886529e-07
-4.418435094e-08
1.564911342e-07
-4.954988802e-08
1.594334245e-07
-5.49263523e-08
1.613324935e-07
-6.029077649e-08
1.622888655e-07
-6.5626327e-08
1.623867617e-07
-7.092145715e-08
1.616947402e-07
-7.616908121e-08
1.60266703e-07
-8.136578636e-08
1.581431494e-07
-8.651109184e-08
1.553525743e-07
-9.160675816e-08
1.519129262e-07
-9.665614489e-08
1.478330613e-07
-1.01663612e-07
1.431141484e-07
-1.066339571e-07
1.377509976e-07
-1.115718801e-07
1.317332973e-07
-1.164814627e-07
1.250467607e-07
-1.213656542e-07
1.17674188e-07
-1.262257467e-07
1.095964602e-07
-1.310608298e-07
1.007934869e-07
-1.35867208e-07
9.124513288e-08
-1.406377683e-07
8.093215401e-08
-1.453612813e-07
6.983717833e-08
-1.500216265e-07
5.794577158e-08
-1.545969273e-07
4.524763448e-08
-1.590585922e-07
3.173798723e-08
-1.633702664e-07
1.741919796e-08
-1.674867274e-07
2.302712471e-09
-1.713525819e-07
-1.35885674e-08
-1.749013085e-07
-3.021738117e-08
-1.780539804e-07
-4.75290858e-08
-1.807183886e-07
-6.544732239e-08
-1.82788515e-07
-8.386940977e-08
-1.841446137e-07
-1.026610352e-07
-1.84654208e-07
-1.216504145e-07
-1.841743649e-07
-1.406221881e-07
-1.825556546e-07
-1.593115036e-07
-1.796482045e-07
-1.773989899e-07
-1.75310189e-07
-1.945076089e-07
-1.694189225e-07
-2.102026603e-07
-1.618844241e-07
-2.23996436e-07
-1.52664879e-07
-2.353590743e-07
-1.417828736e-07
-2.437369411e-07
-1.29340693e-07
-2.485792466e-07
-1.15532483e-07
-2.493725293e-07
-1.006508584e-07
-2.456811558e-07
-8.508575838e-08
-2.371902778e-07
-6.931411831e-08
-2.237461172e-07
-5.388022682e-08
-2.053874738e-07
-3.936828648e-08
-1.823624148e-07
-2.637035271e-08
-1.551254995e-07
-1.545409954e-08
-1.243133304e-07
-7.135456697e-09
-9.069888571e-08
-1.860679353e-09
-5.513093178e-08
-1.848161677e-08
-4.918327556e-10
1.405024017e-08
-1.868300573e-09
3.925766409e-08
-4.026261176e-09
6.165165318e-08
-6.860863444e-09
8.134809737e-08
-1.02687153e-08
9.848954067e-08
-1.415064826e-08
1.132393672e-07
-1.841399065e-08
1.257747419e-07
-2.297425341e-08
1.362796717e-07
-2.775621197e-08
1.449386718e-07
-3.269443493e-08
1.519312788e-07
-3.773334627e-08
1.574275643e-07
-4.282692124e-08
1.615847092e-07
-4.79381151e-08
1.645446184e-07
-5.303811428e-08
1.664324927e-07
-5.810548487e-08
1.673562361e-07
-6.312527725e-08
1.674065541e-07
-6.80881303e-08
1.666575933e-07
-7.298940471e-08
1.651679774e-07
-7.782836364e-08
1.629821083e-07
-8.260740979e-08
1.601316205e-07
-8.733138144e-08
1.566368979e-07
-9.200690477e-08
1.525085847e-07
-9.664179651e-08
1.477490402e-07
-1.012445083e-07
1.423537094e-07
-1.058236023e-07
1.363123913e-07
-1.103872466e-07
1.296104051e-07
-1.149427171e-07
1.222296585e-07
-1.194958916e-07
1.141496347e-07
-1.24050722e-07
1.053483173e-07
-1.286086669e-07
9.58030778e-08
-1.3316807e-07
8.549155721e-08
-1.377234654e-07
7.439257378e-08
-1.422647933e-07
6.248709945e-08
-1.467765102e-07
4.97593514e-08
-1.512365802e-07
3.619805728e-08
-1.556153432e-07
2.179796101e-08
-1.598742642e-07
6.561633483e-09
-1.639644999e-07
-9.498331668e-09
-1.6782557e-07
-2.635631103e-08
-1.713838262e-07
-4.39708296e-08
-1.745510525e-07
-6.228009607e-08
-1.772233311e-07
-8.119713109e-08
-1.792803785e-07
-1.006039878e-07
-1.805856688e-07
-1.203451242e-07
-1.809877481e-07
-1.402201088e-07
-1.803232229e-07
-1.599760288e-07
-1.784219622e-07
-1.793002505e-07
-1.751150381e-07
-1.97814533e-07
-1.702458064e-07
-2.150718919e-07
-1.636842562e-07
-2.305579863e-07
-1.553442866e-07
-2.436990439e-07
-1.452029288e-07
-2.538782989e-07
-1.333197573e-07
-2.604624181e-07
-1.198539934e-07
-2.628382932e-07
-1.050762956e-07
-2.604588536e-07
-8.937221189e-08
-2.528943615e-07
-7.323494429e-08
-2.398833848e-07
-5.724650921e-08
-2.213759089e-07
-4.204841043e-08
-1.975605136e-07
-2.83051744e-08
-1.688687355e-07
-1.666599538e-08
-1.359525094e-07
-7.730832633e-09
-9.963404843e-08
-2.027037349e-09
-6.083472705e-08
-2.050865412e-08
-4.81319228e-10
1.453155941e-08
-1.831095536e-09
4.060744043e-08
-3.947816993e-09
6.376837466e-08
-6.725811412e-09
8.412609182e-08
-1.005947841e-08
1.018232077e-07
-1.384683798e-08
1.170267268e-07
-1.799238779e-08
1.299202917e-07
-2.240918692e-08
1.406964708e-07
-2.702017271e-08
1.495496576e-07
-3.175879664e-08
1.566699028e-07
-3.656910258e-08
1.622378703e-07
-4.140537954e-08
1.664209862e-07
-4.623151444e-08
1.693707533e-07
-5.102015372e-08
1.71221132e-07
-5.575176221e-08
1.720878446e-07
-6.041364638e-08
1.720684383e-07
-6.49989899e-08
1.712429368e-07
-6.950593283e-08
1.696749204e-07
-7.393671263e-08
1.674128881e-07
-7.829687518e-08
1.644917831e-07
-8.259455646e-08
1.609345792e-07
-8.683983081e-08
1.567538591e-07
-9.104411785e-08
1.519533273e-07
-9.521963793e-08
1.465292295e-07
-9.937890445e-08
1.404716579e-07
-1.035342399e-07
1.337657406e-07
-1.076973015e-07
1.263927202e-07
-1.118786018e-07
1.183309351e-07
-1.160870071e-07
1.095567226e-07
-1.203291973e-07
1.00045268e-07
-1.246090685e-07
8.977142844e-08
-1.289270586e-07
7.871056383e-08
-1.332793756e-07
6.68394165e-08
-1.376571091e-07
5.413708494e-08
-1.420452032e-07
4.058615138e-08
-1.464212771e-07
2.6174035e-08
-1.507542789e-07
1.089463531e-08
-1.550029654e-07
-5.249645146e-09
-1.591142406e-07
-2.224503579e-08
-1.630214442e-07
-4.006362601e-08
-1.666424602e-07
-5.865907999e-08
-1.698780016e-07
-7.796158967e-08
-1.726101882e-07
-9.787180115e-08
-1.747017316e-07
-1.182535808e-07
-1.759961454e-07
-1.389256949e-07
-1.763195235e-07
-1.596526507e-07
-1.754845375e-07
-1.801352366e-07
-1.732973652e-07
-2.000017053e-07
-1.695682166e-07
-2.188010405e-07
-1.641259067e-07
-2.360002961e-07
-1.568364804e-07
-2.509884702e-07
-1.476251784e-07
-2.630896008e-07
-1.365000935e-07
-2.71587503e-07
-1.235748228e-07
-2.757635638e-07
-1.090865431e-07
-2.749471333e-07
-9.340554389e-08
-2.685753607e-07
-7.703270074e-08
-2.562562279e-07
-6.058284275e-08
-2.378257669e-07
-4.475438697e-08
-2.133889693e-07
-3.028853964e-08
-1.833345828e-07
-1.79240963e-08
-1.483169527e-07
-8.355703591e-09
-1.092024411e-07
-2.203581054e-09
-6.698684956e-08
-2.271223517e-08
-4.73464203e-10
1.500502363e-08
-1.803334435e-09
4.193731069e-08
-3.888048982e-09
6.585308923e-08
-6.619214987e-09
8.685725785e-08
-9.887191643e-09
1.050911844e-07
-1.358560188e-08
1.207251371e-07
-1.761487155e-08
1.339495614e-07
-2.188474332e-08
1.449663426e-07
-2.631581236e-08
1.539807266e-07
-3.084022323e-08
1.611943137e-07
-3.540170275e-08
1.667993498e-07
-3.995510471e-08
1.709743881e-07
-4.446562532e-08
1.738812739e-07
-4.890782226e-08
1.75663329e-07
-5.326454073e-08
1.764445631e-07
-5.752582245e-08
1.7632972e-07
-6.168784891e-08
1.754049633e-07
-6.575195093e-08
1.737390224e-07
-6.97237009e-08
1.713846382e-07
-7.361209356e-08
1.683801757e-07
-7.742881295e-08
1.647512986e-07
-8.118757857e-08
1.605126247e-07
-8.490356038e-08
1.556693091e-07
-8.859285027e-08
1.502185194e-07
-9.227197649e-08
1.441507841e-07
-9.595744661e-08
1.374512107e-07
-9.966530394e-08
1.301005775e-07
-1.034106812e-07
1.220763124e-07
-1.07207335e-07
1.133533763e-07
-1.11067142e-07
1.039050751e-07
-1.149995393e-07
9.370382576e-08
-1.190108854e-07
8.272190998e-08
-1.231037219e-07
7.093225298e-08
-1.272759097e-07
5.830927278e-08
-1.315196161e-07
4.482985785e-08
-1.358201266e-07
3.047454544e-08
-1.401544625e-07
1.522897124e-08
-1.444897965e-07
-9.143111206e-10
-1.487815425e-07
-1.795328976e-08
-1.529715424e-07
-3.587362602e-08
-1.569857261e-07
-5.46448963e-08
-1.607318832e-07
-7.421543256e-08
-1.640975146e-07
-9.450616965e-08
-1.669480611e-07
-1.154030342e-07
-1.691259201e-07
-1.367478359e-07
-1.704508188e-07
-1.58327752e-07
-1.707222805e-07
-1.798637748e-07
-1.697250667e-07
-2.009989191e-07
-1.672385317e-07
-2.212875755e-07
-1.6305072e-07
-2.401881078e-07
-1.569776553e-07
-2.570615349e-07
-1.488875488e-07
-2.711797073e-07
-1.387285678e-07
-2.81746484e-07
-1.265574551e-07
-2.879346764e-07
-1.125649474e-07
-2.88939641e-07
-9.709302833e-08
-2.840472797e-07
-8.063907748e-08
-2.727101787e-07
-6.384332512e-08
-2.546215192e-07
-4.745877522e-08
-2.297735192e-07
-3.23064809e-08
-1.984868771e-07
-1.922287734e-08
-1.614005562e-07
-9.008765065e-09
-1.194165534e-07
-2.390344205e-09
-7.36052704e-08
-2.510257937e-08
-4.695781724e-10
1.547460181e-08
-1.789672009e-09
4.325740455e-08
-3.856315109e-09
6.791973236e-08
-6.555821398e-09
8.955676416e-08
-9.772091192e-09
1.083074542e-07
-1.339230936e-08
1.243453553e-07
-1.731127827e-08
1.378685303e-07
-2.143438595e-08
1.490894503e-07
-2.567932351e-08
1.582256642e-07
-2.997676974e-08
1.654917599e-07
-3.427028998e-08
1.710928701e-07
-3.851568329e-08
1.752197815e-07
-4.267997963e-08
1.780455703e-07
-4.674024816e-08
1.797235975e-07
-5.068233704e-08
1.80386652e-07
-5.449962851e-08
1.801470115e-07
-5.819186277e-08
1.790971976e-07
-6.176406071e-08
1.773112204e-07
-6.522555838e-08
1.748461359e-07
-6.858915418e-08
1.717437716e-07
-7.187036194e-08
1.680325064e-07
-7.508675859e-08
1.637290214e-07
-7.825741244e-08
1.58839963e-07
-8.140237667e-08
1.533634837e-07
-8.454223255e-08
1.4729064e-07
-8.769766608e-08
1.406066443e-07
-9.088906192e-08
1.332919734e-07
-9.413609795e-08
1.253233484e-07
-9.745732318e-08
1.166746016e-07
-1.008697006e-07
1.073174526e-07
-1.043880951e-07
9.722222032e-08
-1.080246854e-07
8.635850031e-08
-1.117882754e-07
7.469584297e-08
-1.156834794e-07
6.220447686e-08
-1.19709752e-07
4.885613049e-08
-1.238602291e-07
3.462502256e-08
-1.281203583e-07
1.948910046e-08
-1.324662916e-07
3.431622214e-09
-1.368628708e-07
-1.355671054e-08
-1.412616445e-07
-3.147485236e-08
-1.455982938e-07
-5.030824694e-08
-1.497899381e-07
-7.002378823e-08
-1.537323332e-07
-9.056377448e-08
-1.572971843e-07
-1.118381832e-07
-1.603299447e-07
-1.337150754e-07
-1.626486585e-07
-1.560090382e-07
-1.640446249e-07
-1.784678083e-07
-1.642859026e-07
-2.007576413e-07
-1.631248478e-07
-2.224486302e-07
-1.60310919e-07
-2.430020366e-07
-1.556097368e-07
-2.617627171e-07
-1.488287343e-07
-2.779607097e-07
-1.39848568e-07
-2.907266503e-07
-1.286578222e-07
-2.991254223e-07
-1.153866735e-07
-3.022107897e-07
-1.003335797e-07
-2.991003735e-07
-8.397841232e-08
-2.890653462e-07
-6.697643023e-08
-2.716235013e-07
-5.013043139e-08
-2.46619518e-07
-3.434299818e-08
-2.142743103e-07
-2.055594882e-08
-1.751876056e-07
-9.688477775e-09
-1.302840244e-07
-2.5873478e-09
-8.070640036e-08
-2.768992716e-08
-4.712485124e-10
1.594585034e-08
-1.795711434e-09
4.45818675e-08
-3.863804311e-09
6.998782526e-08
-6.553127801e-09
9.224608768e-08
-9.737982118e-09
1.114923085e-07
-1.329653005e-08
1.279039032e-07
-1.711604789e-08
1.416880482e-07
-2.109635556e-08
1.53069758e-07
-2.515164575e-08
1.622809544e-07
-2.921104474e-08
1.69551159e-07
-3.321825187e-08
1.751000773e-07
-3.713056851e-08
1.791320982e-07
-4.091757164e-08
1.818325734e-07
-4.45596262e-08
1.833656521e-07
-4.804637387e-08
1.838733997e-07
-5.137528847e-08
1.834759262e-07
-5.455035043e-08
1.822722596e-07
-5.758086549e-08
1.803417354e-07
-6.048043334e-08
1.777457037e-07
-6.326606017e-08
1.745293984e-07
-6.595740103e-08
1.707238473e-07
-6.857611506e-08
1.663477354e-07
-7.114531431e-08
1.614091623e-07
-7.368908741e-08
1.559072568e-07
-7.623207946e-08
1.498336321e-07
-7.879911014e-08
1.43173675e-07
-8.141481278e-08
1.35907676e-07
-8.410327716e-08
1.280118128e-07
-8.68876787e-08
1.194590032e-07
-8.978987591e-08
1.102196498e-07
-9.282995653e-08
1.00262301e-07
-9.602571127e-08
8.955425507e-08
-9.939201107e-08
7.80621428e-08
-1.029400609e-07
6.575252668e-08
-1.066764982e-07
5.259256785e-08
-1.106023005e-07
3.855082485e-08
-1.14711467e-07
2.359826698e-08
-1.189894268e-07
7.70958207e-09
-1.234110797e-07
-9.135057659e-09
-1.279385992e-07
-2.694733275e-08
-1.325188063e-07
-4.572803988e-08
-1.370801037e-07
-6.546249076e-08
-1.41529135e-07
-8.611474314e-08
-1.457472769e-07
-1.076200413e-07
-1.495872694e-07
-1.298750829e-07
-1.528704856e-07
-1.52725822e-07
-1.553856126e-07
-1.759526813e-07
-1.568898343e-07
-1.992534197e-07
-1.571139231e-07
-2.222245414e-07
-1.557728678e-07
-2.443430919e-07
-1.525836255e-07
-2.649519594e-07
-1.472910998e-07
-2.832532354e-07
-1.397023155e-07
-2.983154345e-07
-1.297269082e-07
-3.091008296e-07
-1.174196352e-07
-3.145180627e-07
-1.030181687e-07
-3.1350184e-07
-8.696781374e-08
-3.051157011e-07
-6.992504208e-08
-2.886662729e-07
-5.273457827e-08
-2.638099818e-07
-3.63801907e-08
-2.306286979e-07
-2.191620662e-08
-1.896515896e-07
-1.039317623e-08
-1.418070548e-07
-2.794640059e-09
-8.830493651e-08
-3.048456722e-08
-4.80414181e-10
1.642626454e-08
-1.828239899e-09
4.592969324e-08
-3.923952328e-09
7.208353772e-08
-6.631940726e-09
9.49540761e-08
-9.812869321e-09
1.146732372e-07
-1.333265009e-08
1.31423684e-07
-1.706874271e-08
1.454241408e-07
-2.091402281e-08
1.569150381e-07
-2.477860275e-08
1.661455344e-07
-2.859010283e-08
1.733626591e-07
-3.22928568e-08
1.788028312e-07
-3.584646249e-08
1.826857039e-07
-3.922399747e-08
1.852101085e-07
-4.2410131e-08
1.865517857e-07
-4.539928598e-08
1.868625547e-07
-4.819394364e-08
1.862705839e-07
-5.080313766e-08
1.848814537e-07
-5.324115293e-08
1.827797507e-07
-5.552642373e-08
1.800309746e-07
-5.768061387e-08
1.766835886e-07
-5.97278555e-08
1.72771089e-07
-6.169412119e-08
1.683140012e-07
-6.360670396e-08
1.633217451e-07
-6.549378148e-08
1.577943343e-07
-6.738404266e-08
1.517238933e-07
-6.930635659e-08
1.450959889e-07
-7.128946503e-08
1.378907845e-07
-7.336168131e-08
1.300840291e-07
-7.555057834e-08
1.216479002e-07
-7.788264817e-08
1.125517196e-07
-8.038291472e-08
1.027625675e-07
-8.307447935e-08
9.224581973e-08
-8.59779763e-08
8.096563976e-08
-8.911091107e-08
6.888546148e-08
-9.248685006e-08
5.596850687e-08
-9.61144228e-08
4.217839761e-08
-9.999609392e-08
2.747993812e-08
-1.041266514e-07
1.184013958e-08
-1.08491338e-07
-4.770371022e-09
-1.130635757e-07
-2.237509505e-08
-1.178023538e-07
-4.098926174e-08
-1.226489362e-07
-6.061590832e-08
-1.275231266e-07
-8.12405528e-08
-1.323190876e-07
-1.028240803e-07
-1.369009244e-07
-1.252932461e-07
-1.410984383e-07
-1.485283081e-07
-1.447037531e-07
-1.723473664e-07
-1.474699043e-07
-1.964872685e-07
-1.491129316e-07
-2.205815141e-07
-1.493194411e-07
-2.441365823e-07
-1.477618374e-07
-2.665095631e-07
-1.441232185e-07
-2.868918543e-07
-1.381329797e-07
-3.043056733e-07
-1.296122441e-07
-3.176215652e-07
-1.185253442e-07
-3.256049625e-07
-1.050301618e-07
-3.269970223e-07
-8.951722263e-08
-3.206286403e-07
-7.262646477e-08
-3.055570308e-07
-5.52329013e-08
-2.812035453e-07
-3.839845548e-08
-2.474631437e-07
-2.329605965e-08
-2.047539854e-07
-1.112123324e-08
-1.539818812e-07
-3.012357134e-09
-9.64138126e-08
-3.349692435e-08
-4.994678893e-10
1.692573244e-08
-1.895543161e-09
4.732576854e-08
-4.052983435e-09
7.424097802e-08
-6.817083446e-09
9.771817614e-08
-1.002972463e-08
1.178858784e-07
-1.35405799e-08
1.349345393e-07
-1.721458687e-08
1.490981479e-07
-2.093617466e-08
1.60636626e-07
-2.461087965e-08
1.698202394e-07
-2.816508481e-08
1.769168643e-07
-3.154455177e-08
1.821822982e-07
-3.471228336e-08
1.858534355e-07
-3.764611355e-08
1.881439387e-07
-4.033629421e-08
1.892419663e-07
-4.278324443e-08
1.89309505e-07
-4.499555065e-08
1.884828901e-07
-4.698825117e-08
1.868741542e-07
-4.878140366e-08
1.845729033e-07
-5.039891329e-08
1.816484842e-07
-5.186758879e-08
1.781522641e-07
-5.321639002e-08
1.741198902e-07
-5.447583113e-08
1.695734423e-07
-5.567750617e-08
1.645234201e-07
-5.685370759e-08
1.589705358e-07
-5.803711214e-08
1.529072979e-07
-5.926051154e-08
1.463193883e-07
-6.055656808e-08
1.391868411e-07
-6.195757793e-08
1.31485039e-07
-6.349522547e-08
1.231855478e-07
-6.520031209e-08
1.142568063e-07
-6.710244241e-08
1.046646979e-07
-6.922964953e-08
9.437302688e-08
-7.160793809e-08
8.334392834e-08
-7.426071977e-08
7.153824318e-08
-7.720811048e-08
5.891589761e-08
-8.046605062e-08
4.543633777e-08
-8.404520015e-08
3.105908768e-08
-8.794955997e-08
1.574449942e-08
-9.217473732e-08
-5.451936509e-10
-9.670568989e-08
-1.784414246e-08
-1.015142295e-07
-3.618072213e-08
-1.06555633e-07
-5.557450479e-08
-1.117646846e-07
-7.603150118e-08
-1.17051011e-07
-9.753775387e-08
-1.222938067e-07
-1.200504503e-07
-1.27336228e-07
-1.434858868e-07
-1.319800236e-07
-1.677035708e-07
-1.359814069e-07
-1.924858851e-07
-1.390497343e-07
-2.175131867e-07
-1.408511907e-07
-2.423351259e-07
-1.41020239e-07
-2.663405148e-07
-1.391817762e-07
-2.88730317e-07
-1.349863606e-07
-3.085010889e-07
-1.281590914e-07
-3.244488344e-07
-1.185595032e-07
-3.352045507e-07
-1.062454322e-07
-3.393110933e-07
-9.152928229e-08
-3.353447902e-07
-7.50123127e-08
-3.220740004e-07
-5.758361839e-08
-2.986322396e-07
-4.037673995e-08
-2.646700221e-07
-2.468774621e-08
-2.204429792e-07
-1.187129619e-08
-1.667983312e-07
-3.240812028e-09
-1.050442968e-07
-3.673773637e-08
-5.313961941e-10
1.745712865e-08
-2.007825669e-09
4.880219804e-08
-4.270613776e-09
7.650376615e-08
-7.138282077e-09
1.005858445e-07
-1.04274011e-08
1.211749974e-07
-1.396653305e-08
1.384736713e-07
-1.760496886e-08
1.527365837e-07
-2.121713786e-08
1.64248795e-07
-2.470370718e-08
1.733068088e-07
-2.799044016e-08
1.802035973e-07
-3.102573013e-08
1.852175882e-07
-3.377750522e-08
1.886052106e-07
-3.622998699e-08
1.905964205e-07
-3.838060771e-08
1.913925871e-07
-4.023725424e-08
1.911661516e-07
-4.181591115e-08
1.90061547e-07
-4.313871238e-08
1.881969555e-07
-4.423237419e-08
1.856665651e-07
-4.512696259e-08
1.825430726e-07
-4.585494172e-08
1.788802433e-07
-4.645044973e-08
1.747153983e-07
-4.694875333e-08
1.700717459e-07
-4.738583837e-08
1.649605052e-07
-4.779810013e-08
1.593827976e-07
-4.822210385e-08
1.533313016e-07
-4.869439056e-08
1.467916751e-07
-4.925130643e-08
1.39743757e-07
-4.992883953e-08
1.321625721e-07
-5.076244838e-08
1.240191566e-07
-5.178686636e-08
1.152812243e-07
-5.303586737e-08
1.059136989e-07
-5.454197665e-08
9.587913618e-08
-5.633610819e-08
8.513805991e-08
-5.844710581e-08
7.364924082e-08
-6.090115954e-08
6.136995135e-08
-6.372106026e-08
4.825623851e-08
-6.692524406e-08
3.42632715e-08
-7.052657866e-08
1.934583404e-08
-7.453081041e-08
3.459038118e-09
-7.893445182e-08
-1.344050104e-08
-8.372239075e-08
-3.139278318e-08
-8.886462719e-08
-5.043226834e-08
-9.431223965e-08
-7.058388871e-08
-9.999244907e-08
-9.185754443e-08
-1.058027321e-07
-1.142401672e-07
-1.11604102e-07
-1.37684517e-07
-1.17213939e-07
-1.620937337e-07
-1.223991974e-07
-1.873006267e-07
-1.268714496e-07
-2.130409344e-07
-1.302860522e-07
-2.389205234e-07
-1.322486069e-07
-2.643779601e-07
-1.32332577e-07
-2.88646347e-07
-1.301118992e-07
-3.107217668e-07
-1.252110953e-07
-3.293496383e-07
-1.173721347e-07
-3.430435112e-07
-1.06532039e-07
-3.50151189e-07
-9.289883559e-08
-3.489779936e-07
-7.70081381e-08
-3.379646978e-07
-5.974143642e-08
-3.158989412e-07
-4.229281919e-08
-2.821186393e-07
-2.608374893e-08
-2.366520494e-07
-1.264261581e-08
-1.802394643e-07
-3.480622373e-09
-1.142062902e-07
-4.021835874e-08
-5.799724203e-10
1.803710108e-08
-2.177771918e-09
5.039999756e-08
-4.600960038e-09
7.89269543e-08
-7.631260475e-09
1.036161449e-07
-1.105168964e-08
1.245954266e-07
-1.466382177e-08
1.420858034e-07
-1.829779545e-08
1.563705574e-07
-2.181657169e-08
1.677675713e-07
-2.511603408e-08
1.766062712e-07
-2.812247036e-08
1.832100335e-07
-3.078867391e-08
1.878837918e-07
-3.308954997e-08
1.909060867e-07
-3.501779839e-08
1.925246689e-07
-3.658000082e-08
1.929547895e-07
-3.779326574e-08
1.923794165e-07
-3.868246984e-08
1.909507511e-07
-3.927806587e-08
1.887925515e-07
-3.961439101e-08
1.860028903e-07
-3.972839561e-08
1.826570773e-07
-3.965871142e-08
1.788105591e-07
-3.944498473e-08
1.745016716e-07
-3.912740991e-08
1.697541711e-07
-3.874641014e-08
1.645795054e-07
-3.834242114e-08
1.589788086e-07
-3.795574495e-08
1.529446254e-07
-3.762644628e-08
1.464623764e-07
-3.739426771e-08
1.395115784e-07
-3.729854958e-08
1.32066854e-07
-3.737814068e-08
1.240987478e-07
-3.767128465e-08
1.155743683e-07
-3.821546959e-08
1.064578839e-07
-3.90472289e-08
9.67108955e-08
-4.020187711e-08
8.629270813e-08
-4.17131615e-08
7.516052523e-08
-4.361280436e-08
6.326959423e-08
-4.592990248e-08
5.057333664e-08
-4.869013877e-08
3.702350782e-08
-5.191475266e-08
2.257044794e-08
-5.561918943e-08
7.163474904e-09
-5.981126153e-08
-9.248428928e-09
-6.448887337e-08
-2.671517132e-08
-6.963701976e-08
-4.528412194e-08
-7.52238556e-08
-6.499705285e-08
-8.119570869e-08
-8.588569133e-08
-8.747086081e-08
-1.079650151e-07
-9.393203689e-08
-1.312233409e-07
-1.004177568e-07
-1.556080138e-07
-1.067131146e-07
-1.810052689e-07
-1.125412112e-07
-2.072128378e-07
-1.175574083e-07
-2.339043262e-07
-1.213497862e-07
-2.605855821e-07
-1.234504132e-07
-2.865457199e-07
-1.233627775e-07
-3.108094025e-07
-1.20610173e-07
-3.321022428e-07
-1.148070076e-07
-3.488466766e-07
-1.057492313e-07
-3.592089653e-07
-9.351180584e-08
-3.612154191e-07
-7.853258794e-08
-3.529439157e-07
-6.165725665e-08
-3.327742725e-07
-4.412354238e-08
-2.996523536e-07
-2.747731469e-08
-2.532982771e-07
-1.343549454e-08
-1.942812844e-07
-3.73289238e-09
-1.239088923e-07
-4.395125112e-08
-6.500240034e-10
1.86871251e-08
-2.421297428e-09
5.217127101e-08
-5.073706253e-09
8.157936314e-08
-8.339067209e-09
1.068815059e-07
-1.195648136e-08
1.282128408e-07
-1.56935533e-08
1.458228754e-07
-1.935749709e-08
1.600345012e-07
-2.279864947e-08
1.712087236e-07
-2.590883723e-08
1.79716459e-07
-2.861678624e-08
1.859179826e-07
-3.088222062e-08
1.901492262e-07
-3.268974997e-08
1.92713616e-07
-3.404319493e-08
1.938781139e-07
-3.496067648e-08
1.938722711e-07
-3.547057773e-08
1.928893178e-07
-3.560835704e-08
1.910885305e-07
-3.541412145e-08
1.885983159e-07
-3.493084039e-08
1.855196092e-07
-3.420307514e-08
1.81929312e-07
-3.327610891e-08
1.778835929e-07
-3.219537759e-08
1.734209403e-07
-3.100611842e-08
1.68564912e-07
-2.975317244e-08
1.633265595e-07
-2.848088747e-08
1.577065236e-07
-2.723308674e-08
1.516968247e-07
-2.605307413e-08
1.452823638e-07
-2.4983647e-08
1.384421513e-07
-2.406710918e-08
1.311503162e-07
-2.334527342e-08
1.23376912e-07
-2.285943487e-08
1.150885297e-07
-2.265030801e-08
1.06248757e-07
-2.275792023e-08
9.681850774e-08
-2.322144823e-08
8.675623614e-08
-2.407898176e-08
7.601805877e-08
-2.5367194e-08
6.455780649e-08
-2.712088983e-08
5.232703248e-08
-2.937239163e-08
3.927500962e-08
-3.21507086e-08
2.534876493e-08
-3.54804196e-08
1.049318591e-08
-3.938013275e-08
-5.348715766e-09
-4.386042234e-08
-2.223488172e-08
-4.892115975e-08
-4.022338452e-08
-5.45478426e-08
-5.937036999e-08
-6.070677711e-08
-7.972675681e-08
-6.733881878e-08
-1.013329734e-07
-7.435143863e-08
-1.24210721e-07
-8.160902035e-08
-1.483504321e-07
-8.892163053e-08
-1.736926587e-07
-9.603312541e-08
-2.001013429e-07
-1.026104307e-07
-2.273270209e-07
-1.082372985e-07
-2.549587143e-07
-1.124176083e-07
-2.823654102e-07
-1.145948991e-07
-3.086321117e-07
-1.141954116e-07
-3.325017302e-07
-1.107001055e-07
-3.523419827e-07
-1.037454791e-07
-3.661635917e-07
-9.324314138e-08
-3.717177567e-07
-7.949579401e-08
-3.666912631e-07
-6.327741536e-08
-3.489926512e-07
-4.584495021e-08
-3.170848188e-07
-2.886307743e-08
-2.702801499e-07
-1.42518913e-08
-2.088924706e-07
-3.999471889e-09
-1.341613117e-07
-4.795072301e-08
-7.478065283e-10
1.943493164e-08
-2.758556206e-09
5.418202071e-08
-5.725590799e-09
8.454639776e-08
-9.313639158e-09
1.104695543e-07
-1.320493973e-08
1.321041414e-07
-1.712500869e-08
1.497429444e-07
-2.085434017e-08
1.637638327e-07
-2.423017051e-08
1.74584554e-07
-2.714201674e-08
1.826283052e-07
-2.952405347e-08
1.883000193e-07
-3.134647635e-08
1.919716491e-07
-3.260716799e-08
1.939743077e-07
-3.332435944e-08
1.945953054e-07
-3.353056183e-08
1.940784735e-07
-3.326778655e-08
1.926265425e-07
-3.258393524e-08
1.904046792e-07
-3.153017976e-08
1.875445605e-07
-3.015913903e-08
1.841485685e-07
-2.852367152e-08
1.802938446e-07
-2.667612689e-08
1.760360483e-07
-2.466792814e-08
1.714127416e-07
-2.254938051e-08
1.664463643e-07
-2.036963477e-08
1.611468138e-07
-1.817673717e-08
1.55513626e-07
-1.601773774e-08
1.495378253e-07
-1.393882776e-08
1.432034539e-07
-1.198545869e-08
1.364887823e-07
-1.020245849e-08
1.29367316e-07
-8.634137702e-09
1.218085913e-07
-7.324352644e-09
1.137787447e-07
-6.316531205e-09
1.052409356e-07
-5.653661599e-09
9.615563815e-08
-5.378229094e-09
8.648080365e-08
-5.532090755e-09
7.617192044e-08
-6.15627225e-09
6.5181988e-08
-7.290663344e-09
5.346142359e-08
-8.97357772e-09
4.095792401e-08
-1.12411273e-08
2.761631452e-08
-1.41263512e-08
1.337840983e-08
-1.765799135e-08
-1.817075615e-09
-2.185869434e-08
-1.803417872e-08
-2.674275169e-08
-3.533932715e-08
-3.231280749e-08
-5.380031418e-08
-3.855539773e-08
-7.348416657e-08
-4.543493612e-08
-9.4453435e-08
-5.288574342e-08
-1.167599137e-07
-6.080177804e-08
-1.404343975e-07
-6.902397449e-08
-1.654704623e-07
-7.732557438e-08
-1.91799743e-07
-8.539673583e-08
-2.192558595e-07
-9.283134327e-08
-2.475241068e-07
-9.91211062e-08
-2.760756473e-07
-1.036645779e-07
-3.040886399e-07
-1.058007624e-07
-3.303655457e-07
-1.048768666e-07
-3.532658785e-07
-1.003551824e-07
-3.706852758e-07
-9.195340703e-08
-3.801195322e-07
-7.979657446e-08
-3.788480957e-07
-6.454212942e-08
-3.642470962e-07
-4.743209263e-08
-3.341948555e-07
-3.023776362e-08
-2.874744789e-07
-1.509623219e-08
-2.24034002e-07
-4.283327392e-09
-1.449742165e-07
-5.22340504e-08
-8.815341644e-10
2.031646581e-08
-3.215298556e-09
5.651578512e-08
-6.602283018e-09
8.793338224e-08
-1.06175645e-08
1.144848358e-07
-1.487047949e-08
1.363570564e-07
-1.90353102e-08
1.539077751e-07
-2.286246862e-08
1.675909911e-07
-2.617686627e-08
1.778989517e-07
-2.886901522e-08
1.853204542e-07
-3.088307523e-08
1.903140793e-07
-3.220456428e-08
1.932931382e-07
-3.284922935e-08
1.946189728e-07
-3.285373523e-08
1.945998113e-07
-3.226831378e-08
1.934930521e-07
-3.115123372e-08
1.915094625e-07
-2.956482344e-08
1.888182689e-07
-2.757274382e-08
1.855524809e-07
-2.523822294e-08
1.818140476e-07
-2.262300228e-08
1.776786239e-07
-1.978679086e-08
1.731998368e-07
-1.678706716e-08
1.684130179e-07
-1.36791003e-08
1.633383975e-07
-1.05161251e-08
1.579838386e-07
-7.349563016e-09
1.52347064e-07
-4.229297982e-09
1.464175603e-07
-1.203966483e-09
1.401781224e-07
1.678785515e-09
1.336060303e-07
4.37207185e-09
1.266740297e-07
6.829595171e-09
1.19351068e-07
9.005471047e-09
1.116028688e-07
1.085409476e-08
1.033923119e-07
1.233006425e-08
9.467966867e-08
1.33881463e-08
8.542272161e-08
1.398329474e-08
7.557677201e-08
1.407073226e-08
6.509455049e-08
1.360611345e-08
5.392604241e-08
1.254579718e-08
4.201824029e-08
1.084727101e-08
2.93148407e-08
8.469778207e-09
1.575590263e-08
5.375228025e-09
1.277474573e-09
1.529663428e-09
-1.418861411e-08
-3.094894691e-09
-3.071476903e-08
-8.517629768e-09
-4.83775791e-08
-1.474499294e-08
-6.72568034e-08
-2.176516953e-08
-8.743325841e-08
-2.954045613e-08
-1.089846271e-07
-3.799694875e-08
-1.319779049e-07
-4.701112005e-08
-1.56456291e-07
-5.639314251e-08
-1.824177205e-07
-6.586751367e-08
-2.097814883e-07
-7.505323413e-08
-2.383383864e-07
-8.344806089e-08
-2.676808205e-07
-9.04248206e-08
-2.971118802e-07
-9.525135326e-08
-3.255390131e-07
-9.714792477e-08
-3.51369307e-07
-9.539365782e-08
-3.724395428e-07
-8.948348286e-08
-3.860297071e-07
-7.931784828e-08
-3.890137303e-07
-6.538263579e-08
-3.781823087e-07
-4.885825363e-08
-3.507192377e-07
-3.160092108e-08
-3.047318114e-07
-1.597649329e-08
-2.396584298e-07
-4.589079593e-09
-1.563616302e-07
-5.682312999e-08
-1.062145504e-09
2.137861133e-08
-3.824713261e-09
5.92783529e-08
-7.760718335e-09
9.186938733e-08
-1.232592151e-08
1.19050039e-07
-1.703715661e-08
1.410682915e-07
-2.150768996e-08
1.583783085e-07
-2.545572098e-08
1.715390222e-07
-2.869673086e-08
1.811399616e-07
-3.112783307e-08
1.877515564e-07
-3.270978003e-08
1.918960263e-07
-3.344991869e-08
1.940332769e-07
-3.33876544e-08
1.945567085e-07
-3.25829011e-08
1.93795058e-07
-3.110740054e-08
1.920175515e-07
-2.903851575e-08
1.894405777e-07
-2.645501781e-08
1.86234771e-07
-2.343439931e-08
1.825318624e-07
-2.005130857e-08
1.784309569e-07
-1.637677406e-08
1.740040894e-07
-1.247796313e-08
1.693010259e-07
-8.418291392e-09
1.643533462e-07
-4.257704668e-09
1.591778108e-07
-5.310347331e-11
1.537792374e-07
4.141122542e-09
1.48152838e-07
8.272712039e-09
1.422859708e-07
1.229112976e-08
1.361597047e-07
1.614711025e-08
1.297500498e-07
1.979230918e-08
1.230288308e-07
2.317899185e-08
1.159643853e-07
2.625978147e-08
1.085220792e-07
2.898744634e-08
1.00664647e-07
3.131472622e-08
9.23523888e-08
3.319420331e-08
8.354324453e-08
3.457821857e-08
7.419275676e-08
3.541883935e-08
6.425392972e-08
3.566789028e-08
5.367699148e-08
3.527706798e-08
4.240906259e-08
3.419817336e-08
3.039373532e-08
3.238350697e-08
1.757056903e-08
2.978649923e-08
3.87448232e-09
2.636278423e-08
-1.076489911e-08
2.207165143e-08
-2.642363622e-08
1.687830889e-08
-4.318423656e-08
1.075719548e-08
-6.113568998e-08
3.69682332e-09
-8.037288625e-08
-4.29323425e-09
-1.009945695e-07
-1.317251332e-08
-1.230986258e-07
-2.285625393e-08
-1.467725504e-07
-3.319763504e-08
-1.720763394e-07
-4.396542813e-08
-1.990136952e-07
-5.481842246e-08
-2.27485392e-07
-6.527995339e-08
-2.572192896e-07
-7.472014229e-08
-2.876716913e-07
-8.235827822e-08
-3.179008771e-07
-8.730308985e-08
-3.464244954e-07
-8.864994179e-08
-3.710926909e-07
-8.564667705e-08
-3.890329719e-07
-7.791941181e-08
-3.967409955e-07
-6.57162288e-08
-3.903854917e-07
-5.009307494e-08
-3.663423916e-07
-3.295553061e-08
-3.218693558e-07
-1.690564087e-08
-2.557083195e-07
-4.923794218e-09
-1.683434769e-07
-6.174692421e-08
-1.30443421e-09
2.268304555e-08
-4.629947045e-09
6.260386575e-08
-9.271937661e-09
9.651137797e-08
-1.452789583e-08
1.243059972e-07
-1.979872926e-08
1.463391249e-07
-2.462717658e-08
1.632067558e-07
-2.869966189e-08
1.756115075e-07
-3.182853165e-08
1.842688313e-07
-3.392640854e-08
1.898494333e-07
-3.497998122e-08
1.92949599e-07
-3.502695672e-08
1.940802524e-07
-3.413754118e-08
1.93667293e-07
-3.240050238e-08
1.920580192e-07
-2.991324899e-08
1.895302982e-07
-2.677514985e-08
1.863024786e-07
-2.308332032e-08
1.825429415e-07
-1.893020316e-08
1.783787452e-07
-1.440240029e-08
1.739031541e-07
-9.58033788e-09
1.69182027e-07
-4.538441481e-09
1.642591296e-07
6.543505631e-10
1.591605541e-07
5.933849692e-09
1.538983117e-07
1.123998633e-08
1.484731008e-07
1.651616467e-08
1.428766596e-07
2.170848071e-08
1.370936548e-07
2.676510836e-08
1.31103077e-07
3.163577783e-08
1.248793803e-07
3.627128717e-08
1.183933215e-07
4.06230826e-08
1.116125899e-07
4.464290381e-08
1.04502258e-07
4.828248042e-08
9.702507044e-08
5.149327297e-08
8.914159626e-08
5.422625583e-08
8.081026167e-08
5.643173995e-08
7.198727264e-08
5.805923658e-08
6.262643309e-08
5.905736845e-08
5.267885961e-08
5.937384189e-08
4.209258916e-08
5.895550457e-08
3.081207265e-08
5.774852769e-08
1.877754591e-08
5.569876646e-08
5.924243549e-09
5.275244084e-08
-7.818573496e-09
4.885721034e-08
-2.252840572e-08
4.396386699e-08
-3.829089321e-08
3.802895749e-08
-5.520078048e-08
3.101881762e-08
-7.336274639e-08
2.291561602e-08
-9.289136794e-08
1.372619372e-08
-1.139092035e-07
3.494838076e-09
-1.365411947e-07
-7.678789646e-09
-1.609027117e-07
-1.961585492e-08
-1.8707663e-07
-3.202845658e-08
-2.150727904e-07
-4.448537763e-08
-2.447623685e-07
-5.637991709e-08
-2.757771519e-07
-6.691176446e-08
-3.073690298e-07
-7.510332254e-08
-3.382329373e-07
-7.987690588e-08
-3.663191075e-07
-8.021737182e-08
-3.886925059e-07
-7.542687159e-08
-4.015314957e-07
-6.543795249e-08
-4.003744108e-07
-5.109869727e-08
-3.806816468e-07
-3.430819067e-08
-3.386598624e-07
-1.790352833e-08
-2.721129819e-07
-5.298166186e-09
-1.80948839e-07
-6.70450904e-08
-1.628761529e-09
2.431180709e-08
-5.687577108e-09
6.666268134e-08
-1.122439459e-08
1.020481955e-07
-1.73275322e-08
1.304091348e-07
-2.325502976e-08
1.522666225e-07
-2.847167656e-08
1.684234027e-07
-3.263728531e-08
1.797771163e-07
-3.557260768e-08
1.872041537e-07
-3.72192799e-08
1.914961055e-07
-3.760276521e-08
1.933330844e-07
-3.680202422e-08
1.932795114e-07
-3.492660631e-08
1.917918751e-07
-3.210040749e-08
1.892318204e-07
-2.845082328e-08
1.85880714e-07
-2.410197931e-08
1.819536346e-07
-1.917089081e-08
1.77611853e-07
-1.376563394e-08
1.729734884e-07
-7.984838089e-09
1.681223582e-07
-1.917945073e-09
1.63115134e-07
4.353890565e-09
1.579872939e-07
1.075682817e-08
1.527576165e-07
1.722341508e-08
1.474317248e-07
2.369141603e-08
1.420050998e-07
3.010277249e-08
1.364653032e-07
3.640272031e-08
1.30793707e-07
4.253897481e-08
1.249668225e-07
4.846103392e-08
1.189573212e-07
5.411956873e-08
1.127347867e-07
5.946589833e-08
1.062662603e-07
6.445153984e-08
9.951661652e-08
6.902781961e-08
9.244879068e-08
7.314553488e-08
8.502388099e-08
7.67546575e-08
7.720113905e-08
7.98040736e-08
6.893785655e-08
8.224135595e-08
6.018915073e-08
8.401257033e-08
5.090764523e-08
8.506212277e-08
4.104303672e-08
8.533266384e-08
3.054153157e-08
8.476507835e-08
1.93451314e-08
8.329859983e-08
7.390722066e-09
8.087114053e-08
-5.391114199e-09
7.741998278e-08
-1.907724797e-08
7.288291436e-08
-3.37538248e-08
6.720013578e-08
-4.95180019e-08
6.0317374e-08
-6.647998462e-08
5.219080362e-08
-8.476479756e-08
4.27946439e-08
-1.045130438e-07
3.213267164e-08
-1.258792225e-07
2.02550791e-08
-1.490251192e-07
7.282333756e-09
-1.741038846e-07
-6.562274122e-09
-2.012281825e-07
-2.091186163e-08
-2.30412781e-07
-3.521039199e-08
-2.614786215e-07
-4.867266939e-08
-2.939067524e-07
-6.027048586e-08
-3.266351209e-07
-6.877813716e-08
-3.578114562e-07
-7.291510784e-08
-3.845555353e-07
-7.16150424e-08
-4.028315612e-07
-6.440700868e-08
-4.075824445e-07
-5.182238171e-08
-3.932662738e-07
-3.566821839e-08
-3.548140257e-07
-1.899933547e-08
-2.887818648e-07
-5.728324007e-09
-1.942198505e-07
-7.277341441e-08
-2.063720595e-09
2.637552769e-08
-7.072415545e-09
7.167137631e-08
-1.372746469e-08
1.087032446e-07
-2.084228174e-08
1.375239518e-07
-2.750315989e-08
1.589275007e-07
-3.309499354e-08
1.740152363e-07
-3.726425429e-08
1.83946377e-07
-3.985944265e-08
1.897993421e-07
-4.087089405e-08
1.925075569e-07
-4.037994721e-08
1.928421375e-07
-3.852026916e-08
1.914198334e-07
-3.545054621e-08
1.887221521e-07
-3.133642132e-08
1.851176955e-07
-2.633936853e-08
1.808836612e-07
-2.061047021e-08
1.762247363e-07
-1.428749475e-08
1.712888776e-07
-7.494091602e-09
1.661800852e-07
-3.402061229e-10
1.609684728e-07
7.076515206e-09
1.556984127e-07
1.466935975e-08
1.503944494e-07
2.236109651e-08
1.450658798e-07
3.008219117e-08
1.397106301e-07
3.776936408e-08
1.343179269e-07
4.536428265e-08
1.288703846e-07
5.281240911e-08
1.233455805e-07
6.006200055e-08
1.177172311e-07
6.706325516e-08
1.119560666e-07
7.376758133e-08
1.060304605e-07
8.012697307e-08
9.990686853e-08
8.609347504e-08
9.355011456e-08
9.161871895e-08
8.692354677e-08
9.665351638e-08
7.998908356e-08
1.01147495e-07
7.270716038e-08
1.050487686e-07
6.503658299e-08
1.083036326e-07
5.693428672e-08
1.108562832e-07
4.83549946e-08
1.126485597e-07
3.925076025e-08
1.136197185e-07
2.95703728e-08
1.13706257e-07
1.925859288e-08
1.128418128e-07
8.255166257e-09
1.109571878e-07
-3.506489179e-09
1.079806707e-07
-1.610073094e-08
1.038386468e-07
-2.961180093e-08
9.845680137e-08
-4.413615644e-08
9.176228602e-08
-5.978546928e-08
8.368740082e-08
-7.668991237e-08
7.417564661e-08
-9.500128958e-08
6.319141828e-08
-1.148949941e-07
5.073505497e-08
-1.365687559e-07
3.686548923e-08
-1.602343189e-07
2.173290066e-08
-1.86095594e-07
5.62317088e-09
-2.143030512e-07
-1.098561299e-08
-2.448698376e-07
-2.736238707e-08
-2.775299783e-07
-4.247471708e-08
-3.115227909e-07
-5.499103023e-08
-3.452951431e-07
-6.338279511e-08
-3.761637704e-07
-6.618348414e-08
-4.000308722e-07
-6.242487391e-08
-4.113410548e-07
-5.218292897e-08
-4.035082187e-07
-3.70442994e-08
-3.699526553e-07
-2.023453055e-08
-3.055916337e-07
-6.238621154e-09
-2.082157599e-07
-7.901203556e-08
-2.6503855e-09
2.90259132e-08
-8.884108919e-09
7.790509974e-08
-1.691430478e-08
1.167334405e-07
-2.519660183e-08
1.458062489e-07
-3.261895028e-08
1.663498491e-07
-3.849586346e-08
1.798921495e-07
-4.248695713e-08
1.879374707e-07
-4.449900868e-08
1.918113937e-07
-4.459867676e-08
1.92607225e-07
-4.294511285e-08
1.911885736e-07
-3.974254792e-08
1.882172684e-07
-3.520931873e-08
1.84188923e-07
-2.955910057e-08
1.794674774e-07
-2.299062249e-08
1.743151831e-07
-1.568294449e-08
1.689170583e-07
-7.794190547e-09
1.634001236e-07
5.377359565e-10
1.578481587e-07
9.193031623e-09
1.523131771e-07
1.806791222e-08
1.468235321e-07
2.707235682e-08
1.413900048e-07
3.61274868e-08
1.360107498e-07
4.516349828e-08
1.306746186e-07
5.411777272e-08
1.253636525e-07
6.293324252e-08
1.200549148e-07
7.155699596e-08
1.147218271e-07
7.993909518e-08
1.093351319e-07
8.803158211e-08
1.038635797e-07
9.578764035e-08
9.827440225e-08
1.031608862e-07
9.25336227e-08
1.101047642e-07
8.660623657e-08
1.165720244e-07
8.045628654e-08
1.225142617e-07
7.404684623e-08
1.278815005e-07
6.733992156e-08
1.326218112e-07
6.029627233e-08
1.366809475e-07
5.287515045e-08
1.400019972e-07
4.503394488e-08
1.425250421e-07
3.672771532e-08
1.441868276e-07
2.790858725e-08
1.449204503e-07
1.852497018e-08
1.44655076e-07
8.520540617e-09
1.43315708e-07
-2.167121176e-09
1.408231659e-07
-1.360818886e-08
1.370942166e-07
-2.588285164e-08
1.320421183e-07
-3.908405819e-08
1.255778573e-07
-5.332120821e-08
1.176125477e-07
-6.872460283e-08
1.080617662e-07
-8.545050813e-08
9.685303136e-08
-1.036862593e-07
8.393823609e-08
-1.236539606e-07
6.931364243e-08
-1.456097252e-07
5.305079089e-08
-1.698327424e-07
3.534195171e-08
-1.965942121e-07
1.656242435e-08
-2.260903103e-07
-2.65132097e-09
-2.58316233e-07
-2.131944496e-08
-2.928546669e-07
-3.806560853e-08
-3.285489795e-07
-5.115756881e-08
-3.630718101e-07
-5.872108559e-08
-3.924673554e-07
-5.920053598e-08
-4.108616044e-07
-5.204623353e-08
-4.106625212e-07
-3.843587813e-08
-3.835630107e-07
-2.166597885e-08
-3.22361533e-07
-6.865999195e-09
-2.230157396e-07
-8.587803476e-08
-3.449215166e-09
3.247512837e-08
-1.125590952e-08
8.57117941e-08
-2.094176655e-08
1.264192975e-07
-3.050500025e-08
1.553694826e-07
-3.862027597e-08
1.744651249e-07
-4.456282223e-08
1.858346958e-07
-4.805247508e-08
1.914271235e-07
-4.91001107e-08
1.928590293e-07
-4.788583317e-08
1.913929475e-07
-4.467333073e-08
1.879760712e-07
-3.975476947e-08
1.832987072e-07
-3.341814757e-08
1.778523011e-07
-2.592986469e-08
1.719791945e-07
-1.752701616e-08
1.659123346e-07
-8.415483602e-09
1.598055257e-07
1.228746493e-09
1.537558935e-07
1.125627707e-08
1.478206282e-07
2.154097931e-08
1.420284749e-07
3.197646261e-08
1.363880488e-07
4.247223301e-08
1.308942344e-07
5.295064739e-08
1.255323354e-07
6.334420431e-08
1.202810617e-07
7.359323491e-08
1.151146219e-07
8.364396452e-08
1.100041852e-07
9.344689998e-08
1.049188916e-07
1.02955493e-07
9.982653892e-08
1.121250342e-07
9.469403842e-08
1.209117356e-07
8.948770092e-08
1.292719619e-07
8.41733964e-08
1.371615817e-07
7.871661676e-08
1.445354078e-07
7.30824604e-08
1.513467047e-07
6.723554931e-08
1.575467425e-07
6.113988383e-08
1.630843807e-07
5.475863415e-08
1.679056687e-07
4.805386242e-08
1.71953451e-07
4.098616256e-08
1.751669688e-07
3.35141975e-08
1.774814529e-07
2.559410318e-08
1.788277063e-07
1.717871675e-08
1.791316788e-07
8.216568141e-09
1.783140293e-07
-1.349471696e-09
1.762897973e-07
-1.158395686e-08
1.729681111e-07
-2.256116551e-08
1.682521388e-07
-3.436808593e-08
1.620394517e-07
-4.710852104e-08
1.542231647e-07
-6.090831585e-08
1.446944875e-07
-7.592183099e-08
1.333477466e-07
-9.233951835e-08
1.200896047e-07
-1.103958187e-07
1.048551849e-07
-1.303753055e-07
8.763503128e-08
-1.526125888e-07
6.851807108e-08
-1.774772519e-07
4.77561254e-08
-2.053283646e-07
2.585339343e-08
-2.36413501e-07
3.675627895e-09
-2.706769014e-07
-1.743891395e-08
-3.074344377e-07
-3.56327921e-08
-3.44877932e-07
-4.86558079e-08
-3.794443396e-07
-5.429604689e-08
-4.052213654e-07
-5.118197043e-08
-4.137765976e-07
-3.981359989e-08
-3.949313812e-07
-2.336780052e-08
-3.388073323e-07
-7.666783584e-09
-2.387167565e-07
-9.354481835e-08
-4.551335677e-09
3.702646405e-08
-1.436523762e-08
9.552569604e-08
-2.598157866e-08
1.380356386e-07
-3.683301017e-08
1.662209141e-07
-4.539661223e-08
1.830287269e-07
-5.097734935e-08
1.914154329e-07
-5.343285916e-08
1.938826334e-07
-5.294344001e-08
1.923696101e-07
-4.984972625e-08
1.882992337e-07
-4.454993559e-08
1.826762805e-07
-3.744074669e-08
1.761895183e-07
-2.888691509e-08
1.692984695e-07
-1.920847034e-08
1.623007498e-07
-8.678037136e-09
1.553819014e-07
2.476471449e-09
1.486510172e-07
1.406645325e-08
1.421659117e-07
2.593713181e-08
1.359499496e-07
3.796186621e-08
1.300037405e-07
5.003642443e-08
1.243134906e-07
6.207444831e-08
1.188562105e-07
7.400353318e-08
1.136032506e-07
8.576196577e-08
1.085226291e-07
9.729604286e-08
1.035805448e-07
1.085578859e-07
9.874234214e-08
1.19503668e-07
9.397310955e-08
1.300921761e-07
8.923803081e-08
1.402836438e-07
8.450257076e-08
1.500387972e-07
7.973254749e-08
1.593180682e-07
7.489412544e-08
1.680809345e-07
6.995375045e-08
1.76285356e-07
6.487803892e-08
1.838872787e-07
5.963362659e-08
1.908401852e-07
5.418697731e-08
1.970946719e-07
4.850414746e-08
2.025980374e-07
4.255049693e-08
2.072938682e-07
3.629033172e-08
2.111216097e-07
2.968645599e-08
2.140161113e-07
2.269960159e-08
2.159071375e-07
1.528769051e-08
2.167188367e-07
7.404868927e-09
2.163691479e-07
-9.997828633e-10
2.147692106e-07
-9.984019578e-09
2.118227129e-07
-1.961466778e-08
2.07425327e-07
-2.997070006e-08
2.014642855e-07
-4.114747962e-08
1.938183397e-07
-5.326236998e-08
1.843585607e-07
-6.646205209e-08
1.729508205e-07
-8.093177807e-08
1.594614312e-07
-9.690642945e-08
1.437684769e-07
-1.146823513e-07
1.257829112e-07
-1.346270231e-07
1.054855358e-07
-1.571798765e-07
8.298801707e-08
-1.828308459e-07
5.862673754e-08
-2.120522215e-07
3.309373101e-08
-2.451438949e-07
7.593840527e-09
-2.819345472e-07
-1.601040702e-08
-3.212736844e-07
-3.518509e-08
-3.602696566e-07
-4.704271739e-08
-3.93363738e-07
-4.918789195e-08
-4.116314231e-07
-4.10773236e-08
-4.030419496e-07
-2.542779235e-08
-3.544568636e-07
-8.726852274e-09
-2.554176966e-07
-1.022716706e-07
-6.09662454e-09
4.312308859e-08
-1.84427313e-08
1.078718028e-07
-3.218863209e-08
1.517815394e-07
-4.411230922e-08
1.781445913e-07
-5.257565929e-08
1.91492077e-07
-5.704507034e-08
1.95884844e-07
-5.76356904e-08
1.944732534e-07
-5.47844619e-08
1.895183817e-07
-4.904702422e-08
1.825617961e-07
-4.098482423e-08
1.746140806e-07
-3.110997536e-08
1.663146694e-07
-1.986381581e-08
1.580523099e-07
-7.613428303e-09
1.500503623e-07
5.342383403e-09
1.424260897e-07
1.876373304e-08
1.352296675e-07
3.246028153e-08
1.284693632e-07
4.628167656e-08
1.221285546e-07
6.010886342e-08
1.161765536e-07
7.384722528e-08
1.105751287e-07
8.742085989e-08
1.052825759e-07
1.007679569e-07
1.002561535e-07
1.138371051e-07
9.545348097e-08
1.265843613e-07
9.08332886e-08
1.389709338e-07
8.635576959e-08
1.509613522e-07
8.198269113e-08
1.62522019e-07
7.767736403e-08
1.736200582e-07
7.34045316e-08
1.842223919e-07
6.913021378e-08
1.942949904e-07
6.482152691e-08
2.038022513e-07
6.044648956e-08
2.127064726e-07
5.597381759e-08
2.209673914e-07
5.137270781e-08
2.285417636e-07
4.661260504e-08
2.353829662e-07
4.166294487e-08
2.414406031e-07
3.649286004e-08
2.466601008e-07
3.107083401e-08
2.509822781e-07
2.536427868e-08
2.543428755e-07
1.933900422e-08
2.566720288e-07
1.29585372e-08
2.578936707e-07
6.18322704e-09
2.579248295e-07
-1.030941683e-09
2.566748344e-07
-8.734024508e-09
2.540443708e-07
-1.698420423e-08
2.499244857e-07
-2.5850815e-08
2.441954802e-07
-3.541847409e-08
2.367258058e-07
-4.579269558e-08
2.273712363e-07
-5.710748259e-08
2.159748707e-07
-6.953541255e-08
2.023690798e-07
-8.330063854e-08
1.863814953e-07
-9.869476682e-08
1.67848791e-07
-1.160943187e-07
1.466445458e-07
-1.359756314e-07
1.227309255e-07
-1.589172256e-07
9.624750103e-08
-1.85568797e-07
6.765137281e-08
-2.165477666e-07
3.791450737e-08
-2.521976818e-07
8.754516485e-09
-2.921136936e-07
-1.718305708e-08
-3.343320831e-07
-3.641491432e-08
-3.741318808e-07
-4.53593706e-08
-4.026869668e-07
-4.196857925e-08
-4.06432741e-07
-2.792694239e-08
-3.684985005e-07
-1.017542402e-08
-2.73169215e-07
-1.124470947e-07
-8.301024659e-09
5.142411325e-08
-2.376729036e-08
1.233380685e-07
-3.961216519e-08
1.676264142e-07
-5.196054363e-08
1.904929697e-07
-5.927247565e-08
1.98804009e-07
-6.140359085e-08
1.980159592e-07
-5.889768096e-08
1.919673435e-07
-5.255333139e-08
1.831740321e-07
-4.319357407e-08
1.732020388e-07
-3.1560144e-08
1.629806505e-07
-1.82767436e-08
1.53031269e-07
-3.846329849e-09
1.436218962e-07
1.133559397e-08
1.348684384e-07
2.696369241e-08
1.267979912e-07
4.28059364e-08
1.193874235e-07
5.868698262e-08
1.12588317e-07
7.447477307e-08
1.063407641e-07
9.006997158e-08
1.005813551e-07
1.053975472e-07
9.524755316e-08
1.204002324e-07
9.027989068e-08
1.350334849e-07
8.562290104e-08
1.492616278e-07
8.122533805e-08
1.630549013e-07
7.704001513e-08
1.763872106e-07
7.30234602e-08
1.892344038e-07
6.913549801e-08
2.01572947e-07
6.533882077e-08
2.133789007e-07
6.159857791e-08
2.246271169e-07
5.788199762e-08
2.352906008e-07
5.415804298e-08
2.453399909e-07
5.039709941e-08
2.547431215e-07
4.6570687e-08
2.634646399e-07
4.265118943e-08
2.714656556e-07
3.861158935e-08
2.787034019e-07
3.442519854e-08
2.851308931e-07
3.006536882e-08
2.906965612e-07
2.550516594e-08
2.953438561e-07
2.071698376e-08
2.990107922e-07
1.567206811e-08
3.016294201e-07
1.03399093e-08
3.031251996e-07
4.687447517e-09
3.034162346e-07
-1.321976744e-09
3.024123403e-07
-7.730130228e-09
3.000138831e-07
-1.458574705e-08
2.961104415e-07
-2.194737337e-08
2.905791326e-07
-2.988716516e-08
2.832826024e-07
-3.849616543e-08
2.740667574e-07
-4.789163765e-08
2.627584927e-07
-5.82271478e-08
2.491640783e-07
-6.970622416e-08
2.330696769e-07
-8.260036542e-08
2.142469757e-07
-9.727161757e-08
1.924695708e-07
-1.141982265e-07
1.675500145e-07
-1.339976694e-07
1.394134899e-07
-1.574322725e-07
1.082305637e-07
-1.853648405e-07
7.463329065e-08
-2.186004087e-07
4.0022645e-08
-2.575030479e-07
6.914895286e-09
-3.012243334e-07
-2.084634824e-08
-3.463706373e-07
-3.846951813e-08
-3.85063797e-07
-4.1893254e-08
-4.030090051e-07
-3.087406645e-08
-3.79517688e-07
-1.220068665e-08
-2.918425948e-07
-1.246477813e-07
-1.149252293e-08
6.291663618e-08
-3.060764817e-08
1.424531938e-07
-4.796769031e-08
1.849864563e-07
-5.930294655e-08
2.018282259e-07
-6.36200882e-08
2.031211507e-07
-6.152220134e-08
1.959180723e-07
-5.419915606e-08
1.846442982e-07
-4.291294742e-08
1.718878234e-07
-2.878092941e-08
1.590700207e-07
-1.271014581e-08
1.469098669e-07
4.598070603e-09
1.357230526e-07
2.26176627e-08
1.256023041e-07
4.096433269e-08
1.165217684e-07
5.936259549e-08
1.083997284e-07
7.761710168e-08
1.011329173e-07
9.559133794e-08
9.461408077e-08
1.131911614e-07
8.874094062e-08
1.303524362e-07
8.342008038e-08
1.47031891e-07
7.856809835e-08
1.632004122e-07
7.411136944e-08
1.788381465e-07
6.998516673e-08
1.93930934e-07
6.613255061e-08
2.084677109e-07
6.25032382e-08
2.224386164e-07
5.905255463e-08
2.358336075e-07
5.574050693e-08
2.486414398e-07
5.253098851e-08
2.608489113e-07
4.93911064e-08
2.724402929e-07
4.629061599e-08
2.833968898e-07
4.320144606e-08
2.936966928e-07
4.009729637e-08
3.033140883e-07
3.695329152e-08
3.122196023e-07
3.374567542e-08
3.203796599e-07
3.04515318e-08
3.277563425e-07
2.704851595e-08
3.343071291e-07
2.351458222e-08
3.399846056e-07
1.982768935e-08
3.447361272e-07
1.596546221e-08
3.485034131e-07
1.190478212e-08
3.512220527e-07
7.621269694e-09
3.528208887e-07
3.08861157e-09
3.532212291e-07
-1.722317211e-09
3.523358494e-07
-6.84475052e-09
3.50067705e-07
-1.231760266e-08
3.463083357e-07
-1.818800408e-08
3.409357575e-07
-2.451458698e-08
3.338117341e-07
-3.137214204e-08
3.247783224e-07
-3.885822596e-08
3.136536533e-07
-4.710247867e-08
3.002271332e-07
-5.627970407e-08
2.842547945e-07
-6.662802672e-08
2.654566878e-07
-7.847351094e-08
2.435205399e-07
-9.226207861e-08
2.181202291e-07
-1.085973586e-07
1.889650149e-07
-1.282770583e-07
1.559064908e-07
-1.523063164e-07
1.191429326e-07
-1.818368506e-07
7.956504377e-08
-2.179251591e-07
3.925466208e-08
-2.609139517e-07
2.020689314e-09
-3.091366645e-07
-2.641147958e-08
-3.566316281e-07
-3.957544682e-08
-3.898450379e-07
-3.403338905e-08
-3.850597458e-07
-1.505712145e-08
-3.108188624e-07
-1.397049028e-07
-1.613024263e-08
7.904687881e-08
-3.89871994e-08
1.653101505e-07
-5.607137257e-08
2.020706295e-07
-6.35833881e-08
2.093402415e-07
-6.190080748e-08
2.014385701e-07
-5.28644566e-08
1.868817214e-07
-3.852439235e-08
1.70304234e-07
-2.064695695e-08
1.540103881e-07
-5.963499938e-10
1.390194138e-07
2.063325723e-08
1.256802597e-07
4.23476408e-08
1.14008669e-07
6.407925526e-08
1.038706896e-07
8.552099754e-08
9.508002616e-08
1.06477877e-07
8.744284897e-08
1.268317457e-07
8.077904867e-08
1.465158522e-07
7.492997428e-08
1.654970491e-07
6.975974367e-08
1.837634952e-07
6.51536343e-08
2.013162336e-07
6.101535995e-08
2.181634651e-07
5.726413788e-08
2.343166759e-07
5.383195592e-08
2.497880316e-07
5.066119489e-08
2.645886325e-07
4.770263733e-08
2.787273506e-07
4.491383653e-08
2.92210059e-07
4.22577985e-08
3.050391234e-07
3.970192417e-08
3.172130667e-07
3.721716308e-08
3.287263473e-07
3.477733537e-08
3.395692073e-07
3.235858604e-08
3.497275622e-07
2.993894143e-08
3.591829105e-07
2.749794324e-08
3.679122467e-07
2.501633922e-08
3.758879657e-07
2.247581282e-08
3.830777462e-07
1.985873539e-08
3.894444032e-07
1.714792526e-08
3.949456956e-07
1.432639693e-08
3.995340765e-07
1.137708121e-08
4.031563659e-07
8.282492775e-09
4.0575332e-07
5.024315561e-09
4.072590646e-07
1.582867003e-09
4.076003284e-07
-2.063581105e-09
4.066954453e-07
-5.939867368e-09
4.044530387e-07
-1.007519614e-08
4.007702641e-07
-1.450522942e-08
3.955304147e-07
-1.927473761e-08
3.885996975e-07
-2.444142489e-08
3.798229117e-07
-3.00814402e-08
3.69017732e-07
-3.629729898e-08
3.559673341e-07
-4.322930618e-08
3.404113274e-07
-5.107202e-08
3.220356312e-07
-6.009781475e-08
3.004635621e-07
-7.069000959e-08
2.75253955e-07
-8.338775146e-08
2.459192717e-07
-9.894237494e-08
2.119897258e-07
-1.183767705e-07
1.731705533e-07
-1.430176781e-07
1.296661501e-07
-1.744207558e-07
8.275738814e-08
-2.140051898e-07
3.565395646e-08
-2.620332329e-07
-5.64136611e-09
-3.153363055e-07
-3.238731533e-08
-3.630990887e-07
-3.6477513e-08
-3.809695482e-07
-1.899476072e-08
-3.283016147e-07
-1.586996635e-07
-2.262556945e-08
1.016724483e-07
-4.78830016e-08
1.905675827e-07
-6.045718031e-08
2.146448082e-07
-5.913838893e-08
2.080214501e-07
-4.697993352e-08
1.892801147e-07
-2.75534063e-08
1.674551942e-07
-3.820106129e-09
1.465709338e-07
2.20876081e-08
1.281026738e-07
4.875533447e-08
1.123516874e-07
7.530057696e-08
9.913501717e-08
1.012000474e-07
8.810919859e-08
1.261649181e-07
7.890581888e-08
1.500555909e-07
7.118935341e-08
1.728235324e-07
6.467490741e-08
1.944736346e-07
5.912894656e-08
2.150402451e-07
5.436336371e-08
2.345722087e-07
5.022778005e-08
2.531237244e-07
4.660211866e-08
2.707488925e-07
4.339019177e-08
2.874985686e-07
4.051446179e-08
3.034186367e-07
3.791188783e-08
3.185491438e-07
3.553068774e-08
3.329239442e-07
3.332783698e-08
3.465706354e-07
3.126714529e-08
3.595106546e-07
2.931777936e-08
3.71759452e-07
2.745312671e-08
3.83326696e-07
2.564991911e-08
3.942164784e-07
2.388755295e-08
4.044275062e-07
2.214755821e-08
4.139532683e-07
2.041317933e-08
4.227821723e-07
1.866903926e-08
4.308976472e-07
1.690086427e-08
4.382782089e-07
1.509525111e-08
4.448974832e-07
1.323946112e-08
4.507241817e-07
1.132122678e-08
4.55722022e-07
9.328556569e-09
4.598495805e-07
7.249522686e-09
4.630600599e-07
5.07201342e-09
4.653009473e-07
2.783428106e-09
4.665135229e-07
3.702914231e-10
4.666321854e-07
-2.182243576e-09
4.655834828e-07
-4.891164793e-09
4.632848822e-07
-7.776595535e-09
4.596429497e-07
-1.086329699e-08
4.545508502e-07
-1.418263812e-08
4.478848891e-07
-1.77754638e-08
4.394997136e-07
-2.169626469e-08
4.292216752e-07
-2.601926057e-08
4.168397246e-07
-3.084735563e-08
4.020931271e-07
-3.632542253e-08
3.84655408e-07
-4.266009564e-08
3.641146367e-07
-5.014923827e-08
3.3995226e-07
-5.922537481e-08
3.115279317e-07
-7.051804671e-08
2.780894595e-07
-8.493829828e-08
2.388506186e-07
-1.037788373e-07
1.932218456e-07
-1.287919828e-07
1.413394205e-07
-1.621227648e-07
8.508080303e-08
-2.057746154e-07
2.962351478e-08
-2.598790173e-07
-1.506519604e-08
-3.184103779e-07
-3.537698443e-08
-3.606577598e-07
-2.379751875e-08
-3.398810804e-07
-1.824971822e-07
-3.036614537e-08
1.320385936e-07
-5.278259309e-08
2.129840304e-07
-5.205823241e-08
2.139204475e-07
-3.393480483e-08
1.898980225e-07
-5.633817572e-09
1.609791274e-07
2.754645893e-08
1.342749177e-07
6.219688087e-08
1.119205119e-07
9.636266582e-08
9.393688887e-08
1.290382129e-07
7.967614033e-08
1.597798223e-07
6.839340781e-08
1.884615643e-07
5.942745652e-08
2.151260915e-07
5.224129166e-08
2.398973232e-07
4.641812175e-08
2.6293088e-07
4.164135058e-08
2.843874353e-07
3.767239124e-08
3.04419287e-07
3.43315121e-08
3.231643301e-07
3.148273687e-08
3.407440415e-07
2.902240731e-08
3.572635235e-07
2.687070971e-08
3.728125159e-07
2.49654694e-08
3.874667791e-07
2.32576246e-08
4.012895427e-07
2.170792421e-08
4.14332868e-07
2.028451166e-08
4.266388646e-07
1.896114871e-08
4.382407416e-07
1.771590234e-08
4.49163701e-07
1.653016733e-08
4.594256865e-07
1.538793352e-08
4.690380076e-07
1.427523189e-08
4.780058539e-07
1.317971189e-08
4.863287181e-07
1.209031508e-08
4.94000738e-07
1.099701937e-08
5.010109681e-07
9.890634178e-09
5.073435878e-07
8.76263136e-09
5.129780496e-07
7.604999394e-09
5.178891664e-07
6.410109921e-09
5.220471367e-07
5.170586269e-09
5.254174963e-07
3.879163077e-09
5.279609847e-07
2.528524952e-09
5.296333028e-07
1.111110092e-09
5.303847052e-07
-3.811110106e-10
5.301594818e-07
-1.957020249e-09
5.288950954e-07
-3.62677841e-09
5.265210487e-07
-5.402548798e-09
5.229571634e-07
-7.299411724e-09
5.181111828e-07
-9.336657519e-09
5.118753834e-07
-1.153966437e-08
5.041217611e-07
-1.394264243e-08
4.946951828e-07
-1.659268232e-08
4.834036384e-07
-1.955581118e-08
4.700043968e-07
-2.292618099e-08
4.54184498e-07
-2.684019681e-08
4.355337512e-07
-3.149849154e-08
4.135087404e-07
-3.720036402e-08
3.87388478e-07
-4.439778432e-08
3.562292798e-07
-5.377910009e-08
3.188447132e-07
-6.639427074e-08
2.738791791e-07
-8.382644872e-08
2.201319927e-07
-1.083755784e-07
1.57439232e-07
-1.430818546e-07
8.857085399e-08
-1.910106393e-07
2.237024273e-08
-2.522097666e-07
-2.335753088e-08
-3.149299862e-07
-2.742691778e-08
-3.358116935e-07
-2.099241e-07
-3.525361911e-08
1.672922127e-07
-3.885145127e-08
2.165818625e-07
-8.530949668e-09
1.835999459e-07
3.649424606e-08
1.448728268e-07
8.529349759e-08
1.121798759e-07
1.327608807e-07
8.68075346e-08
1.766360805e-07
6.80453121e-08
2.162146454e-07
5.435832395e-08
2.515724225e-07
4.431836325e-08
2.831008264e-07
3.686500391e-08
3.112821214e-07
3.124616142e-08
3.365891077e-07
2.69343054e-08
3.594443736e-07
2.356285586e-08
3.802086703e-07
2.087705381e-08
3.991826988e-07
1.869836281e-08
4.166140456e-07
1.690016527e-08
4.327053698e-07
1.539141267e-08
4.476221643e-07
1.410561279e-08
4.614994768e-07
1.299339722e-08
4.744474663e-07
1.201747985e-08
4.865558843e-07
1.114920662e-08
4.978976393e-07
1.036616919e-08
5.08531615e-07
9.650535935e-09
5.185048925e-07
8.987871282e-09
5.27854504e-07
8.366290836e-09
5.366088212e-07
7.775850053e-09
5.447886578e-07
7.208096939e-09
5.524081485e-07
6.655741142e-09
5.594754542e-07
6.112406278e-09
5.659933271e-07
5.572442128e-09
5.719595665e-07
5.030779916e-09
5.773673823e-07
4.482818376e-09
5.822056824e-07
3.924331285e-09
5.864592927e-07
3.351389048e-09
5.901091146e-07
2.760288068e-09
5.931322188e-07
2.147482088e-09
5.955018722e-07
1.509509668e-09
5.971874852e-07
8.429119143e-10
5.981544589e-07
1.441363883e-10
5.983639192e-07
-5.905713878e-10
5.977722915e-07
-1.36539255e-09
5.963306609e-07
-2.185147798e-09
5.939837687e-07
-3.05565659e-09
5.906685631e-07
-3.984206126e-09
5.863121311e-07
-4.980225517e-09
5.808287245e-07
-6.056257851e-09
5.741154681e-07
-7.229386012e-09
5.660461391e-07
-8.523353374e-09
5.564621029e-07
-9.971774992e-09
5.451590198e-07
-1.162309781e-08
5.318672491e-07
-1.354842616e-08
5.162228956e-07
-1.585413811e-08
4.977251936e-07
-1.870266195e-08
4.756747647e-07
-2.234735552e-08
4.490876098e-07
-2.719194518e-08
4.165858054e-07
-3.389246636e-08
3.762896391e-07
-4.353028243e-08
3.258067345e-07
-5.78926737e-08
2.625932528e-07
-7.9868373e-08
1.853394685e-07
-1.13756855e-07
9.76439429e-08
-1.645142411e-07
1.563313222e-08
-2.329191755e-07
-2.4116791e-08
-2.960617703e-07
-2.34040891e-07
-1.848564132e-08
1.857778541e-07
4.119590033e-08
1.569003209e-07
1.222114105e-07
1.025844358e-07
1.974151979e-07
6.966903937e-08
2.616839057e-07
4.791116803e-08
3.15088674e-07
3.34027663e-08
3.591009248e-07
2.403306128e-08
3.955144495e-07
1.794479924e-08
4.259499494e-07
1.388286341e-08
4.517178745e-07
1.109707878e-08
4.738328784e-07
9.13115747e-09
4.930660205e-07
7.701163318e-09
5.099994274e-07
6.629448954e-09
5.250730406e-07
5.803440693e-09
5.386211748e-07
5.150228579e-09
5.508998841e-07
4.621455921e-09
5.621070299e-07
4.184266933e-09
5.723968668e-07
3.815775864e-09
5.818906249e-07
3.49963908e-09
5.906842069e-07
3.223897821e-09
5.98853819e-07
2.979594569e-09
6.064601205e-07
2.759867676e-09
6.135513091e-07
2.559347335e-09
6.201654354e-07
2.373744985e-09
6.26332157e-07
2.199569224e-09
6.320740811e-07
2.033925957e-09
6.374078024e-07
1.874375633e-09
6.423447138e-07
1.718829755e-09
6.468916453e-07
1.565474777e-09
6.510513721e-07
1.412715278e-09
6.548230212e-07
1.259130761e-09
6.582023976e-07
1.103442034e-09
6.611822447e-07
9.444841906e-10
6.637524499e-07
7.811838267e-10
6.659001994e-07
6.125385638e-10
6.676100844e-07
4.375970799e-10
6.688641562e-07
2.554378507e-10
6.696419226e-07
6.514548014e-11
6.699202664e-07
-1.342074121e-10
6.696733165e-07
-3.436215441e-10
6.688721447e-07
-5.642207296e-10
6.674843131e-07
-7.973161415e-10
6.654731682e-07
-1.044511705e-09
6.627968134e-07
-1.30785137e-09
6.594066117e-07
-1.590023798e-09
6.552450109e-07
-1.894657089e-09
6.502423773e-07
-2.226752389e-09
6.443123566e-07
-2.593332737e-09
6.373450174e-07
-3.004435815e-09
6.291965926e-07
-3.474673027e-09
6.196739171e-07
-4.025750666e-09
6.085104585e-07
-4.690679469e-09
5.953288425e-07
-5.521045968e-09
5.79581503e-07
-6.600016001e-09
5.604559417e-07
-8.066383944e-09
5.367238599e-07
-1.016038456e-08
5.065064225e-07
-1.331284503e-08
4.669339302e-07
-1.832018146e-08
4.137464698e-07
-2.668091261e-08
3.411569795e-07
-4.116736471e-08
2.43164385e-07
-6.652164654e-08
1.206358523e-07
-1.103906429e-07
7.824559015e-09
-1.832504771e-07
-2.26216332e-07
1.857778541e-07
3.426781749e-07
4.452626107e-07
5.149316501e-07
5.628428181e-07
5.962455844e-07
6.202786457e-07
6.382234449e-07
6.521063084e-07
6.632033871e-07
6.723345446e-07
6.800357079e-07
6.866651569e-07
6.924685976e-07
6.976188261e-07
7.022402821e-07
7.06424549e-07
7.102403249e-07
7.137399639e-07
7.169638618e-07
7.199434563e-07
7.22703324e-07
7.252626713e-07
7.276364163e-07
7.298359855e-07
7.318699115e-07
7.337442871e-07
7.354631169e-07
7.370285917e-07
7.384413069e-07
7.397004377e-07
7.408038797e-07
7.417483639e-07
7.425295477e-07
7.431420863e-07
7.435796834e-07
7.438351212e-07
7.439002667e-07
7.437660593e-07
7.434224377e-07
7.42858217e-07
7.420609009e-07
7.410163892e-07
7.397085378e-07
7.38118514e-07
7.362238569e-07
7.339971045e-07
7.314037718e-07
7.283993359e-07
7.249246629e-07
7.208989122e-07
7.162082328e-07
7.106871868e-07
7.040871708e-07
6.960207869e-07
6.858604023e-07
6.725475573e-07
6.542273758e-07
6.275464632e-07
5.863790985e-07
5.198574519e-07
4.094668091e-07
2.26216332e-07
)
;

boundaryField
{
    movingWall
    {
        type            calculated;
        value           uniform 0;
    }
    fixedWalls
    {
        type            calculated;
        value           uniform 0;
    }
    frontAndBack
    {
        type            empty;
    }
}


// ************************************************************************* //
