/*--------------------------------*- C++ -*----------------------------------*\
  =========                 |
  \\      /  F ield         | OpenFOAM: The Open Source CFD Toolbox
   \\    /   O peration     | Website:  https://openfoam.org
    \\  /    A nd           | Version:  11
     \\/     M anipulation  |
\*---------------------------------------------------------------------------*/
FoamFile
{
    format      ascii;
    class       volVectorField;
    location    "1100";
    object      U;
}
// * * * * * * * * * * * * * * * * * * * * * * * * * * * * * * * * * * * * * //

dimensions      [0 1 -1 0 0 0 0];

internalField   nonuniform List<vector> 
4096
(
(1.427806968e-05 -1.425571329e-05 0)
(5.938208354e-05 -1.798332697e-05 0)
(9.39671657e-05 -1.36398879e-05 0)
(9.708169604e-05 -6.35977722e-06 0)
(5.783036845e-05 1.396407395e-06 0)
(-2.546505351e-05 8.732639815e-06 0)
(-0.0001507246103 1.523848498e-05 0)
(-0.0003140932942 2.078479182e-05 0)
(-0.0005109179701 2.538720899e-05 0)
(-0.0007363305936 2.912323313e-05 0)
(-0.0009855736226 3.20919856e-05 0)
(-0.001254165496 3.439488715e-05 0)
(-0.001537971356 3.612603911e-05 0)
(-0.001833216255 3.736756155e-05 0)
(-0.002136463289 3.81876125e-05 0)
(-0.00244457127 3.863993483e-05 0)
(-0.002754641874 3.876433358e-05 0)
(-0.003063963249 3.858775285e-05 0)
(-0.003369955143 3.81257506e-05 0)
(-0.003670119182 3.738423611e-05 0)
(-0.003961996909 3.636137189e-05 0)
(-0.004243137348 3.50495647e-05 0)
(-0.004511075246 3.34374867e-05 0)
(-0.004763320561 3.15120793e-05 0)
(-0.004997359363 2.926050109e-05 0)
(-0.005210665919 2.667198752e-05 0)
(-0.005400725437 2.373959397e-05 0)
(-0.00556506666 2.046179501e-05 0)
(-0.00570130326 1.684391313e-05 0)
(-0.005807182741 1.2899347e-05 0)
(-0.005880641391 8.650568978e-06 0)
(-0.005919863602 4.129872614e-06 0)
(-0.005923343329 -6.20265633e-07 0)
(-0.005889946068 -5.547127733e-06 0)
(-0.005818969181 -1.0587871e-05 0)
(-0.005710197801 -1.567023631e-05 0)
(-0.005563954558 -2.071370362e-05 0)
(-0.005381140018 -2.563094597e-05 0)
(-0.00516326205 -3.032969813e-05 0)
(-0.004912452006 -3.471498009e-05 0)
(-0.004631465982 -3.869161644e-05 0)
(-0.004323669811 -4.216697308e-05 0)
(-0.003993006955 -4.505381049e-05 0)
(-0.003643949073 -4.727313654e-05 0)
(-0.003281429651 -4.875693023e-05 0)
(-0.002910761753 -4.945060422e-05 0)
(-0.002537541625 -4.931507936e-05 0)
(-0.002167540392 -4.832836165e-05 0)
(-0.001806586563 -4.64865411e-05 0)
(-0.001460442262 -4.380417711e-05 0)
(-0.001134676005 -4.031409874e-05 0)
(-0.0008345343985 -3.606673926e-05 0)
(-0.0005648141009 -3.112926001e-05 0)
(-0.0003297335885 -2.558493049e-05 0)
(-0.0001328013646 -1.953358506e-05 0)
(2.332752961e-05 -1.309466215e-05 0)
(0.0001370217561 -6.415626232e-06 0)
(0.0002078988405 3.099892149e-07 0)
(0.0002371552176 6.805110708e-06 0)
(0.0002280633679 1.263802373e-05 0)
(0.000186694953 1.712533428e-05 0)
(0.0001233120455 1.921369622e-05 0)
(5.61225455e-05 1.68141311e-05 0)
(8.075568838e-06 8.07979545e-06 0)
(1.823522258e-05 -5.953930618e-05 0)
(7.368982763e-05 -7.305028987e-05 0)
(8.502681343e-05 -2.741317162e-05 0)
(1.532038489e-05 4.616289098e-05 0)
(-0.0001565267958 0.0001297981871 0)
(-0.0004357798483 0.0002135028909 0)
(-0.0008194437986 0.0002918850186 0)
(-0.001299867966 0.0003622635573 0)
(-0.001866872704 0.0004235330183 0)
(-0.002509142734 0.0004754887194 0)
(-0.003215104494 0.0005184241255 0)
(-0.003973445927 0.0005528855161 0)
(-0.004773397979 0.0005795198646 0)
(-0.0056048574 0.0005989801049 0)
(-0.0064584048 0.0006118672657 0)
(-0.007325255942 0.0006186973384 0)
(-0.008197173708 0.0006198853741 0)
(-0.009066360891 0.0006157419081 0)
(-0.009925348808 0.0006064783141 0)
(-0.01076689278 0.0005922186023 0)
(-0.0115838826 0.0005730157579 0)
(-0.01236927371 0.0005488711185 0)
(-0.01311604282 0.0005197555719 0)
(-0.01381717016 0.0004856315797 0)
(-0.01446564926 0.000446475197 0)
(-0.01505452393 0.0004022973915 0)
(-0.01557695131 0.0003531640622 0)
(-0.01602628879 0.0002992142317 0)
(-0.01639620237 0.0002406759372 0)
(-0.01668079272 0.0001778793759 0)
(-0.01687473533 0.0001112668916 0)
(-0.01697343023 4.139938612e-05 0)
(-0.01697315553 -3.104133865e-05 0)
(-0.01687122154 -0.0001052542942 0)
(-0.01666611791 -0.000180324895 0)
(-0.01635764825 -0.0002552358958 0)
(-0.0159470479 -0.0003288829205 0)
(-0.01543707738 -0.0004000942752 0)
(-0.01483208718 -0.0004676549046 0)
(-0.01413804884 -0.0005303340119 0)
(-0.0133625484 -0.0005869156461 0)
(-0.01251473915 -0.0006362313694 0)
(-0.01160525177 -0.0006771939492 0)
(-0.01064606156 -0.0007088308887 0)
(-0.009650313442 -0.0007303165413 0)
(-0.008632107522 -0.0007410015584 0)
(-0.007606248742 -0.0007404385233 0)
(-0.006587965897 -0.0007284028329 0)
(-0.005592605867 -0.0007049082284 0)
(-0.004635309406 -0.0006702168697 0)
(-0.003730674528 -0.0006248445138 0)
(-0.002892412374 -0.0005695622723 0)
(-0.002132998106 -0.0005053976643 0)
(-0.001463315552 -0.000433639444 0)
(-0.000892288526 -0.0003558532617 0)
(-0.000426483446 -0.0002739191708 0)
(-6.965590537e-05 -0.0001901082262 0)
(0.0001778033699 -0.0001072240493 0)
(0.0003195905847 -2.884793042e-05 0)
(0.0003644405539 4.026335433e-05 0)
(0.0003273325653 9.358163272e-05 0)
(0.0002314767062 0.0001220231661 0)
(0.0001135215309 0.0001134257923 0)
(1.666970876e-05 5.59721541e-05 0)
(1.417984619e-05 -9.498678323e-05 0)
(2.858984305e-05 -8.482746066e-05 0)
(-4.413794556e-05 4.438062215e-05 0)
(-0.0002428238244 0.0002333244081 0)
(-0.000590224194 0.0004461067995 0)
(-0.001092872267 0.000660765896 0)
(-0.001747255281 0.0008642709405 0)
(-0.002543517012 0.001049374442 0)
(-0.003467990805 0.001212501269 0)
(-0.004504992304 0.001352363635 0)
(-0.005638039409 0.00146905655 0)
(-0.006850639165 0.001563460959 0)
(-0.008126760169 0.001636847303 0)
(-0.00945108064 0.001690613253 0)
(-0.01080907978 0.001726113827 0)
(-0.01218702368 0.001744556963 0)
(-0.01357188497 0.001746946545 0)
(-0.01495122601 0.00173406043 0)
(-0.01631306881 0.0017064544 0)
(-0.01764576896 0.001664485182 0)
(-0.01893790664 0.00160834718 0)
(-0.02017820396 0.001538118605 0)
(-0.02135547515 0.001453813485 0)
(-0.02245861325 0.001355436638 0)
(-0.02347661504 0.001243039174 0)
(-0.0243986441 0.001116772466 0)
(-0.02521413037 0.000976938847 0)
(-0.02591290326 0.0008240374964 0)
(-0.02648535422 0.0006588041742 0)
(-0.02692262376 0.0004822435924 0)
(-0.02721680707 0.0002956533249 0)
(-0.02736117171 0.0001006382478 0)
(-0.02735037929 -0.0001008854366 0)
(-0.02718070601 -0.0003066969479 0)
(-0.02685025054 -0.0005142886286 0)
(-0.02635912285 -0.000720896341 0)
(-0.02570960636 -0.0009235413078 0)
(-0.02490628419 -0.00111908296 0)
(-0.02395612292 -0.001304282058 0)
(-0.02286850719 -0.00147587278 0)
(-0.02165521969 -0.001630642013 0)
(-0.02033036234 -0.00176551363 0)
(-0.01891021642 -0.001877635167 0)
(-0.01741304076 -0.001964464039 0)
(-0.01585880935 -0.002023850289 0)
(-0.01426889159 -0.00205411292 0)
(-0.0126656802 -0.002054107128 0)
(-0.01107217331 -0.002023280279 0)
(-0.009511518639 -0.001961715304 0)
(-0.00800652789 -0.001870161373 0)
(-0.006579169406 -0.001750053283 0)
(-0.005250045594 -0.001603523063 0)
(-0.004037859023 -0.001433410031 0)
(-0.002958866791 -0.001243279113 0)
(-0.002026316657 -0.00103746203 0)
(-0.001249850521 -0.0008211424819 0)
(-0.0006348509629 -0.0006005150612 0)
(-0.0001816943277 -0.0003830585955 0)
(0.0001151379622 -0.0001779751633 0)
(0.0002681134956 3.151074619e-06 0)
(0.0002978130631 0.0001454560337 0)
(0.0002346670013 0.0002297490437 0)
(0.0001242021526 0.000231735921 0)
(1.913694917e-05 0.0001231876579 0)
(7.070092665e-06 -9.906179298e-05 0)
(-4.660307083e-05 -1.440383911e-05 0)
(-0.0002392568846 0.0002440085911 0)
(-0.0006036425431 0.0005928631193 0)
(-0.001157856087 0.0009791436259 0)
(-0.001906663902 0.001368470934 0)
(-0.00284485369 0.001739216779 0)
(-0.003960368995 0.002078549235 0)
(-0.00523676531 0.0023795607 0)
(-0.006655046863 0.002639243823 0)
(-0.00819499751 0.002857081149 0)
(-0.009836097742 0.00303406022 0)
(-0.01155811505 0.003171987027 0)
(-0.01334144573 0.003273012487 0)
(-0.01516727394 0.003339313754 0)
(-0.01701760201 0.003372890055 0)
(-0.01887519584 0.003375444456 0)
(-0.02072348076 0.003348330637 0)
(-0.0225464155 0.00329254882 0)
(-0.02432836653 0.003208778455 0)
(-0.02605399895 0.003097437727 0)
(-0.02770819651 0.002958761746 0)
(-0.02927601892 0.002792892688 0)
(-0.03074270177 0.002599976235 0)
(-0.03209370146 0.002380259598 0)
(-0.03331478512 0.002134187091 0)
(-0.03439216373 0.001862489855 0)
(-0.03531266468 0.001566266779 0)
(-0.03606393876 0.001247054064 0)
(-0.03663469523 0.0009068811666 0)
(-0.03701495769 0.0005483111434 0)
(-0.0371963327 0.0001744636635 0)
(-0.03717228114 -0.0002109807726 0)
(-0.03693838627 -0.0006037962114 0)
(-0.03649260358 -0.0009992472352 0)
(-0.03583548637 -0.001392146637 0)
(-0.03497037659 -0.001776933315 0)
(-0.03390355073 -0.002147769702 0)
(-0.03264431287 -0.002498657175 0)
(-0.03120502711 -0.002823567071 0)
(-0.02960108292 -0.003116584157 0)
(-0.02785078869 -0.003372058715 0)
(-0.02597519037 -0.003584762772 0)
(-0.02399781449 -0.00375004558 0)
(-0.02194433661 -0.003863983247 0)
(-0.01984217878 -0.003923517496 0)
(-0.01772004153 -0.003926579041 0)
(-0.01560737765 -0.003872191911 0)
(-0.01353381664 -0.003760556484 0)
(-0.01152854921 -0.003593110912 0)
(-0.009619681368 -0.003372573169 0)
(-0.007833566301 -0.003102969245 0)
(-0.006194120207 -0.0027896571 0)
(-0.004722124601 -0.002439361084 0)
(-0.003434512816 -0.002060237879 0)
(-0.002343632878 -0.001662002646 0)
(-0.001456473069 -0.001256152946 0)
(-0.0007738304978 -0.000856337043 0)
(-0.0002893992155 -0.0004789195727 0)
(1.121459269e-05 -0.0001437931858 0)
(0.0001514797403 0.0001245557287 0)
(0.0001653419989 0.0002958337308 0)
(0.0001018352197 0.0003326553836 0)
(1.754840268e-05 0.0001884934947 0)
(-8.323555467e-07 -5.930302421e-05 0)
(-0.000135848632 0.0001635862592 0)
(-0.000468950693 0.0006009602274 0)
(-0.001022163698 0.001152038021 0)
(-0.001804578202 0.001749767064 0)
(-0.002816513076 0.002348773567 0)
(-0.004049504413 0.002919293317 0)
(-0.005488629756 0.003442857106 0)
(-0.007114644609 0.003908951233 0)
(-0.008905634871 0.004312524258 0)
(-0.01083827933 0.004652155788 0)
(-0.01288876964 0.004928717081 0)
(-0.01503343483 0.005144399581 0)
(-0.01724912633 0.00530202156 0)
(-0.01951341819 0.005404546924 0)
(-0.02180467185 0.005454767344 0)
(-0.02410200824 0.005455110906 0)
(-0.02638522342 0.005407548922 0)
(-0.02863467773 0.005313578435 0)
(-0.0308311823 0.005174262252 0)
(-0.03295590178 0.004990311513 0)
(-0.0349902872 0.004762198274 0)
(-0.03691604868 0.004490287565 0)
(-0.03871517421 0.004174980006 0)
(-0.04036999725 0.003816857446 0)
(-0.04186331351 0.003416825193 0)
(-0.04317854445 0.002976245397 0)
(-0.04429994371 0.002497056909 0)
(-0.04521284023 0.001981877594 0)
(-0.04590391123 0.001434085632 0)
(-0.04636147645 0.0008578768099 0)
(-0.04657580457 0.0002582952838 0)
(-0.04653942104 -0.0003587641915 0)
(-0.04624740966 -0.0009865838737 0)
(-0.04569769187 -0.001617682131 0)
(-0.04489127759 -0.002243904505 0)
(-0.04383247514 -0.002856544912 0)
(-0.04252904969 -0.003446495907 0)
(-0.04099232139 -0.004004425562 0)
(-0.03923719472 -0.004520977382 0)
(-0.03728211189 -0.004986988634 0)
(-0.03514892492 -0.00539372144 0)
(-0.03286268273 -0.005733100173 0)
(-0.03045133223 -0.005997948059 0)
(-0.02794533389 -0.006182215614 0)
(-0.02537719547 -0.006281193665 0)
(-0.02278092917 -0.006291704359 0)
(-0.02019144 -0.006212264777 0)
(-0.01764385453 -0.0060432197 0)
(-0.01517280062 -0.005786842673 0)
(-0.01281164885 -0.005447407978 0)
(-0.0105917262 -0.005031240371 0)
(-0.00854151115 -0.004546754635 0)
(-0.006685816884 -0.004004503084 0)
(-0.005044966833 -0.003417256161 0)
(-0.003633963342 -0.002800148996 0)
(-0.002461648085 -0.002170934595 0)
(-0.001529851014 -0.001550390841 0)
(-0.0008325250016 -0.000962931966 0)
(-0.000354887156 -0.0004374717968 0)
(-7.262115548e-05 -8.552223095e-06 0)
(4.918009284e-05 0.0002823265993 0)
(5.931763136e-05 0.0003849422513 0)
(1.409348595e-05 0.0002360836971 0)
(-8.76660286e-06 2.841760031e-05 0)
(-0.0002305510139 0.0004606983704 0)
(-0.0007146866733 0.0011312965 0)
(-0.001470031084 0.001928089911 0)
(-0.002493989981 0.002773625167 0)
(-0.003780374079 0.003613732634 0)
(-0.005316006426 0.004411745698 0)
(-0.007082219519 0.005144158512 0)
(-0.009056586441 0.00579707128 0)
(-0.01121426957 0.006363402073 0)
(-0.01352909897 0.006840745516 0)
(-0.01597439862 0.007229744197 0)
(-0.01852357109 0.007532867123 0)
(-0.02115047325 0.007753512417 0)
(-0.02382962329 0.007895368612 0)
(-0.02653627954 0.007961982552 0)
(-0.02924642932 0.007956492237 0)
(-0.03193672157 0.007881490716 0)
(-0.03458437266 0.007738992999 0)
(-0.03716706949 0.007530482428 0)
(-0.03966288908 0.007257016536 0)
(-0.0420502493 0.006919375306 0)
(-0.04430790103 0.006518237238 0)
(-0.04641496824 0.006054370722 0)
(-0.04835103898 0.005528830037 0)
(-0.05009630747 0.004943146905 0)
(-0.05163176476 0.004299509836 0)
(-0.05293943355 0.003600924703 0)
(-0.05400264068 0.002851350907 0)
(-0.05480631962 0.002055808367 0)
(-0.05533733395 0.001220451278 0)
(-0.05558481196 0.000352605304 0)
(-0.05554048147 -0.0005392343063 0)
(-0.05519899564 -0.001445445479 0)
(-0.05455823404 -0.00235536533 0)
(-0.05361957214 -0.003257419024 0)
(-0.05238810601 -0.004139289389 0)
(-0.05087282103 -0.00498812575 0)
(-0.04908669556 -0.005790788654 0)
(-0.04704673033 -0.006534125706 0)
(-0.04477389555 -0.007205272363 0)
(-0.04229298997 -0.007791970286 0)
(-0.03963240741 -0.008282894717 0)
(-0.03682380875 -0.008667981549 0)
(-0.03390169967 -0.008938744347 0)
(-0.03090291685 -0.009088571685 0)
(-0.02786602777 -0.009112995908 0)
(-0.02483065178 -0.009009925919 0)
(-0.02183671197 -0.0087798389 0)
(-0.01892362932 -0.008425929066 0)
(-0.01612947141 -0.007954215694 0)
(-0.01349006883 -0.007373617682 0)
(-0.01103811186 -0.006696007846 0)
(-0.008802239477 -0.005936266807 0)
(-0.006806131466 -0.00511236354 0)
(-0.00506761354 -0.004245496926 0)
(-0.003597785157 -0.00336033925 0)
(-0.002400180365 -0.002485427268 0)
(-0.001469974553 -0.001653748995 0)
(-0.0007932630184 -0.0009035746823 0)
(-0.0003464380015 -0.0002795565537 0)
(-9.549475361e-05 0.0001659328314 0)
(5.53449485e-06 0.0003708409884 0)
(9.827935588e-06 0.0002582375948 0)
(-1.639552994e-05 0.0001650597295 0)
(-0.0003261874915 0.000881619389 0)
(-0.0009656325306 0.001842952799 0)
(-0.001929502667 0.002930541864 0)
(-0.003202095157 0.004060034911 0)
(-0.004769298482 0.005170921501 0)
(-0.00661204319 0.006221271441 0)
(-0.008707070031 0.007183569594 0)
(-0.0110282635 0.008041128093 0)
(-0.01354765484 0.008785148279 0)
(-0.01623625509 0.009412376259 0)
(-0.01906472453 0.0099232596 0)
(-0.02200386151 0.01032052495 0)
(-0.02502492371 0.01060810766 0)
(-0.0280998079 0.01079037396 0)
(-0.03120111915 0.01087158504 0)
(-0.03430216089 0.01085555965 0)
(-0.03737687552 0.01074549801 0)
(-0.04039976237 0.01054393479 0)
(-0.04334579572 0.01025279304 0)
(-0.04619036133 0.009873514407 0)
(-0.04890922565 0.009407244319 0)
(-0.05147854782 0.008855053392 0)
(-0.05387494074 0.008218178885 0)
(-0.05607558397 0.007498272349 0)
(-0.05805838855 0.006697641552 0)
(-0.05980221074 0.005819476572 0)
(-0.06128711018 0.004868051486 0)
(-0.06249464558 0.003848894389 0)
(-0.06340820003 0.002768919652 0)
(-0.06401332664 0.001636517306 0)
(-0.06429810439 0.000461595459 0)
(-0.0642534937 -0.0007444273105 0)
(-0.06387368094 -0.001968681762 0)
(-0.06315639731 -0.003196963204 0)
(-0.0621032048 -0.004413900795 0)
(-0.06071973526 -0.005603178608 0)
(-0.05901587141 -0.006747806505 0)
(-0.05700586005 -0.007830436711 0)
(-0.05470834774 -0.008833720204 0)
(-0.0521463302 -0.00974069537 0)
(-0.04934700857 -0.0105351998 0)
(-0.0463415471 -0.01120229473 0)
(-0.04316472928 -0.01172869048 0)
(-0.03985451152 -0.01210316079 0)
(-0.03645147618 -0.0123169338 0)
(-0.0329981886 -0.01236404826 0)
(-0.02953846521 -0.01224166511 0)
(-0.02611656283 -0.01195032723 0)
(-0.02277630123 -0.0114941636 0)
(-0.01956013317 -0.01088103906 0)
(-0.01650817771 -0.01012265604 0)
(-0.01365723336 -0.009234621413 0)
(-0.01103978831 -0.008236498605 0)
(-0.008683045281 -0.007151871996 0)
(-0.006607979176 -0.006008457931 0)
(-0.004828446458 -0.004838301967 0)
(-0.003350367499 -0.003678105724 0)
(-0.002171007336 -0.002569728948 0)
(-0.001278382402 -0.001560915259 0)
(-0.0006507892306 -0.0007062704277 0)
(-0.0002564667749 -6.846867062e-05 0)
(-5.39185495e-05 0.0002799002828 0)
(5.366703706e-06 0.0002511219447 0)
(-2.361185802e-05 0.0003501181054 0)
(-0.0004204615971 0.00142716906 0)
(-0.001215586371 0.002738637756 0)
(-0.002389649528 0.004163384623 0)
(-0.003913272835 0.005613248278 0)
(-0.005763569312 0.007023794971 0)
(-0.0079147334 0.008349628327 0)
(-0.01033822022 0.009560495836 0)
(-0.01300373732 0.01063777968 0)
(-0.01587990855 0.0115715141 0)
(-0.01893484066 0.01235792684 0)
(-0.02213660205 0.01299745124 0)
(-0.02545357899 0.01349315574 0)
(-0.02885470813 0.01384953824 0)
(-0.03230960039 0.01407163559 0)
(-0.03578857774 0.01416440178 0)
(-0.03926264749 0.01413231233 0)
(-0.04270343892 0.01397915618 0)
(-0.04608312516 0.01370798006 0)
(-0.0493743507 0.01332115343 0)
(-0.05255018112 0.01282052565 0)
(-0.05558408808 0.0122076497 0)
(-0.05844997864 0.01148405007 0)
(-0.0611222746 0.01065151512 0)
(-0.06357604418 0.009712396786 0)
(-0.06578718554 0.008669902973 0)
(-0.06773265915 0.0075283703 0)
(-0.06939076407 0.006293506553 0)
(-0.07074145132 0.004972594069 0)
(-0.07176666636 0.003574646666 0)
(-0.07245071154 0.00211051402 0)
(-0.07278061833 0.0005929286509 0)
(-0.07274651999 -0.000963507994 0)
(-0.07234201199 -0.002542403004 0)
(-0.07156448807 -0.004125716939 0)
(-0.07041544351 -0.005693974391 0)
(-0.06890073174 -0.007226537469 0)
(-0.06703076253 -0.008701940072 0)
(-0.06482063199 -0.01009827825 0)
(-0.06229017347 -0.01139364989 0)
(-0.05946391984 -0.01256663491 0)
(-0.05637096884 -0.01359680537 0)
(-0.05304474484 -0.014465253 0)
(-0.04952265238 -0.0151551204 0)
(-0.04584561912 -0.01565212113 0)
(-0.04205752888 -0.01594503387 0)
(-0.03820454816 -0.01602615607 0)
(-0.03433435294 -0.01589170455 0)
(-0.03049526579 -0.01554215287 0)
(-0.02673531639 -0.01498249928 0)
(-0.02310124152 -0.01422246402 0)
(-0.01963744312 -0.0132766208 0)
(-0.01638492522 -0.01216447409 0)
(-0.01338023201 -0.01091050124 0)
(-0.01065441126 -0.009544185646 0)
(-0.008232028251 -0.008100073646 0)
(-0.006130257348 -0.00661789317 0)
(-0.004358080981 -0.005142774758 0)
(-0.002915632245 -0.003725617563 0)
(-0.001793708364 -0.00242364588 0)
(-0.0009734168772 -0.001301180683 0)
(-0.0004261499209 -0.0004305871432 0)
(-0.0001157641511 0.0001062212878 0)
(1.024232435e-06 0.0002130692216 0)
(-3.041436219e-05 0.0005823654776 0)
(-0.0005122525211 0.002095899425 0)
(-0.001461044807 0.003817659953 0)
(-0.002843781703 0.005626712233 0)
(-0.004617384215 0.007433693076 0)
(-0.006749773066 0.009172477337 0)
(-0.009207879153 0.0107960015 0)
(-0.01195737335 0.01227265663 0)
(-0.01496338961 0.01358291084 0)
(-0.01819088241 0.01471634853 0)
(-0.02160493177 0.01566916368 0)
(-0.02517101943 0.0164420865 0)
(-0.02885523228 0.01703871359 0)
(-0.03262438353 0.01746420613 0)
(-0.03644605874 0.01772431648 0)
(-0.04028860106 0.01782470274 0)
(-0.04412105387 0.01777049121 0)
(-0.04791308067 0.01756604799 0)
(-0.05163488101 0.01721492287 0)
(-0.05525711987 0.01671993117 0)
(-0.05875088444 0.01608334143 0)
(-0.06208767972 0.01530714024 0)
(-0.06523947051 0.014393348 0)
(-0.06817877448 0.01334436271 0)
(-0.0708788079 0.01216331184 0)
(-0.07331368296 0.01085439496 0)
(-0.07545865364 0.009423202561 0)
(-0.0772904048 0.00787699875 0)
(-0.07878737808 0.006224957526 0)
(-0.07993012674 0.004478344093 0)
(-0.08070169065 0.00265063423 0)
(-0.08108798171 0.0007575661955 0)
(-0.08107817181 -0.001182878812 0)
(-0.08066506867 -0.003150570767 0)
(-0.07984547061 -0.005123404111 0)
(-0.07862049058 -0.00707754846 0)
(-0.0769958358 -0.008987773455 0)
(-0.07498203077 -0.01082784579 0)
(-0.07259457339 -0.01257099345 0)
(-0.06985401223 -0.01419042985 0)
(-0.06678593414 -0.01565992798 0)
(-0.06342085213 -0.01695443282 0)
(-0.05979398503 -0.01805069762 0)
(-0.05594492229 -0.01892792817 0)
(-0.05191716968 -0.01956841775 0)
(-0.04775757461 -0.01995815461 0)
(-0.04351563329 -0.02008738441 0)
(-0.03924268558 -0.01995111139 0)
(-0.03499100754 -0.01954952435 0)
(-0.03081281559 -0.01888833806 0)
(-0.02675920034 -0.01797904536 0)
(-0.02287901162 -0.01683908205 0)
(-0.01921771959 -0.01549191369 0)
(-0.01581627947 -0.01396706109 0)
(-0.01271003019 -0.01230008886 0)
(-0.009927658662 -0.01053258796 0)
(-0.007490263694 -0.008712187851 0)
(-0.005410556652 -0.006892636423 0)
(-0.003692243934 -0.005133986832 0)
(-0.002329616119 -0.003502931649 0)
(-0.001307266334 -0.002073299409 0)
(-0.0006003064341 -0.0009266521865 0)
(-0.0001782847412 -0.0001533149903 0)
(-3.071645377e-06 0.0001436191699 0)
(-3.683698236e-05 0.000860253746 0)
(-0.000601035948 0.002885059414 0)
(-0.001700029645 0.005077136159 0)
(-0.003287773425 0.00731788195 0)
(-0.005307782795 0.0095188997 0)
(-0.007718685142 0.01161436863 0)
(-0.01047988575 0.01355727322 0)
(-0.01355096662 0.01531604794 0)
(-0.01689221313 0.01687134169 0)
(-0.02046470798 0.01821311321 0)
(-0.02423039436 0.01933812022 0)
(-0.02815215229 0.02024780571 0)
(-0.03219384207 0.02094657092 0)
(-0.03632030132 0.02144041335 0)
(-0.04049729849 0.02173590044 0)
(-0.04469145178 0.02183944447 0)
(-0.0488701267 0.02175684151 0)
(-0.05300132727 0.02149303678 0)
(-0.05705359601 0.02105207844 0)
(-0.06099593635 0.02043722345 0)
(-0.06479776913 0.01965116099 0)
(-0.06842893205 0.0186963214 0)
(-0.07185972821 0.01757524154 0)
(-0.07506102694 0.01629096087 0)
(-0.07800441779 0.01484742545 0)
(-0.08066241598 0.0132498805 0)
(-0.08300871598 0.01150523481 0)
(-0.08501848814 0.009622383356 0)
(-0.08666871198 0.007612476334 0)
(-0.08793853919 0.005489125303 0)
(-0.08880967773 0.003268538521 0)
(-0.08926678829 0.000969579378 0)
(-0.08929788689 -0.001386256529 0)
(-0.08889473757 -0.003774949338 0)
(-0.08805322857 -0.006170153214 0)
(-0.0867737225 -0.008543484054 0)
(-0.08506136638 -0.01086489261 0)
(-0.08292634875 -0.01310312168 0)
(-0.08038409308 -0.01522624264 0)
(-0.07745537429 -0.01720226363 0)
(-0.07416634562 -0.01899979921 0)
(-0.0705484639 -0.02058878835 0)
(-0.06663830218 -0.02194124513 0)
(-0.06247724049 -0.02303202396 0)
(-0.05811102817 -0.02383957923 0)
(-0.05358921389 -0.02434669802 0)
(-0.04896444394 -0.02454118438 0)
(-0.04429163331 -0.02441647457 0)
(-0.03962701919 -0.02397216515 0)
(-0.03502711173 -0.02321443973 0)
(-0.0305475616 -0.02215638541 0)
(-0.02624196924 -0.02081819701 0)
(-0.02216066477 -0.01922727454 0)
(-0.01834949132 -0.01741822781 0)
(-0.01484862785 -0.01543280994 0)
(-0.01169148982 -0.01331980844 0)
(-0.008903747474 -0.01113492767 0)
(-0.006502505326 -0.008940698365 0)
(-0.004495695389 -0.0068064502 0)
(-0.002881703895 -0.004808382614 0)
(-0.001649109413 -0.003029738778 0)
(-0.0007770608404 -0.001561000414 0)
(-0.0002407906257 -0.0005003905201 0)
(-6.895993425e-06 4.28636402e-05 0)
(-4.291873464e-05 0.001182108101 0)
(-0.0006865718983 0.003791148122 0)
(-0.001931391882 0.006512758397 0)
(-0.003719000931 0.009232315593 0)
(-0.005979982091 0.01186419721 0)
(-0.008663785769 0.01434465006 0)
(-0.01172223779 0.01662830065 0)
(-0.01510869859 0.01868499126 0)
(-0.01877845533 0.02049666991 0)
(-0.02268859622 0.02205455206 0)
(-0.02679785766 0.02335663125 0)
(-0.03106651273 0.02440555731 0)
(-0.03545625601 0.02520688538 0)
(-0.03993007193 0.02576768548 0)
(-0.04445208708 0.02609549107 0)
(-0.04898741276 0.02619755764 0)
(-0.05350198682 0.02608039753 0)
(-0.05796242611 0.02574955392 0)
(-0.06233590087 0.025209576 0)
(-0.0665900416 0.02446415731 0)
(-0.0706928871 0.02351640052 0)
(-0.07461288041 0.02236917426 0)
(-0.07831891669 0.02102553031 0)
(-0.08178044512 0.01948915283 0)
(-0.08496762449 0.01776481481 0)
(-0.0878515304 0.01585882037 0)
(-0.09040441059 0.01377941466 0)
(-0.09259998337 0.0115371464 0)
(-0.09441377355 0.009145170356 0)
(-0.09582347934 0.006619479667 0)
(-0.09680936279 0.0039790593 0)
(-0.09735465569 0.001245954117 0)
(-0.09744597688 -0.001554753489 0)
(-0.09707374422 -0.004395060607 0)
(-0.09623257577 -0.007244261617 0)
(-0.09492167247 -0.01006926766 0)
(-0.09314516719 -0.01283502282 0)
(-0.09091242628 -0.01550501699 0)
(-0.08823829282 -0.01804189124 0)
(-0.08514325641 -0.02040812845 0)
(-0.08165353474 -0.0225668188 0)
(-0.07780105234 -0.0244824864 0)
(-0.07362330252 -0.02612196007 0)
(-0.0691630802 -0.02745526806 0)
(-0.06446807557 -0.02845653372 0)
(-0.05959032209 -0.02910484712 0)
(-0.05458549664 -0.02938508661 0)
(-0.04951207462 -0.02928866466 0)
(-0.04443034908 -0.02881417442 0)
(-0.0394013287 -0.02796791702 0)
(-0.03448553638 -0.02676429522 0)
(-0.02974173593 -0.02522606601 0)
(-0.02522562039 -0.02338445322 0)
(-0.02098849996 -0.02127913007 0)
(-0.01707603177 -0.01895809033 0)
(-0.01352703582 -0.01647743465 0)
(-0.01037244317 -0.01390110416 0)
(-0.00763442528 -0.01130059572 0)
(-0.005325763447 -0.008754692605 0)
(-0.00344947089 -0.006349242444 0)
(-0.001998496082 -0.004176979771 0)
(-0.0009561852099 -0.002337296016 0)
(-0.0003032647661 -0.00093621556 0)
(-1.047951026e-05 -8.897952266e-05 0)
(-4.869230621e-05 0.001546206155 0)
(-0.0007687379558 0.004810208859 0)
(-0.002154402258 0.008119255099 0)
(-0.004135675629 0.01136402895 0)
(-0.006630774468 0.01446321603 0)
(-0.00958023349 0.01735668932 0)
(-0.01292840189 0.02000218151 0)
(-0.01662242849 0.02237224311 0)
(-0.02061256798 0.02445122611 0)
(-0.0248518748 0.02623250698 0)
(-0.02929586176 0.0277160301 0)
(-0.03390221655 0.02890619894 0)
(-0.03863053554 0.02981012672 0)
(-0.04344206403 0.03043624335 0)
(-0.04829944415 0.03079324357 0)
(-0.05316647483 0.03088935113 0)
(-0.05800789039 0.03073186784 0)
(-0.06278916603 0.03032697136 0)
(-0.0674763583 0.02967972347 0)
(-0.0720359882 0.02879424967 0)
(-0.07643497283 0.02767405157 0)
(-0.08064060997 0.02632241568 0)
(-0.08462061787 0.0247428848 0)
(-0.08834323083 0.02293976176 0)
(-0.09177734937 0.02091861876 0)
(-0.09489274245 0.01868678957 0)
(-0.09766029807 0.01625382531 0)
(-0.1000523179 0.01363189755 0)
(-0.1020428506 0.01083613584 0)
(-0.1036080588 0.007884888444 0)
(-0.104726613 0.004799897635 0)
(-0.1053801056 0.001606381979 0)
(-0.1055534832 -0.001666979727 0)
(-0.1052354806 -0.004988167725 0)
(-0.1044190509 -0.00832205102 0)
(-0.1031017873 -0.01163073114 0)
(-0.1012863205 -0.01487399405 0)
(-0.09898067562 -0.01800987203 0)
(-0.09619857819 -0.02099531274 0)
(-0.09295969263 -0.02378694904 0)
(-0.08928977477 -0.02634195968 0)
(-0.08522072157 -0.02861900696 0)
(-0.08079050029 -0.03057923337 0)
(-0.07604294079 -0.03218729515 0)
(-0.07102737716 -0.03341240681 0)
(-0.06579812821 -0.03422936747 0)
(-0.06041381142 -0.03461953807 0)
(-0.0549364907 -0.03457173778 0)
(-0.04943066547 -0.03408302925 0)
(-0.04396211603 -0.03315936597 0)
(-0.03859662827 -0.03181608005 0)
(-0.0333986282 -0.03007819675 0)
(-0.0284297643 -0.02798057063 0)
(-0.02374748123 -0.02556784872 0)
(-0.01940363346 -0.02289427584 0)
(-0.01544318992 -0.02002336645 0)
(-0.01190308164 -0.01702747415 0)
(-0.00881124702 -0.01398729319 0)
(-0.006185939285 -0.01099132581 0)
(-0.004035300029 -0.008135346597 0)
(-0.002356975027 -0.005521858562 0)
(-0.001138593743 -0.003259435964 0)
(-0.0003661303785 -0.001462201373 0)
(-1.388315358e-05 -0.0002518370413 0)
(-5.418039825e-05 0.001950799523 0)
(-0.0008474415601 0.005937970475 0)
(-0.002368513115 0.009890651638 0)
(-0.004536430776 0.013705963 0)
(-0.007257656824 0.01730822957 0)
(-0.01046416693 0.02064233921 0)
(-0.01409305153 0.02367047119 0)
(-0.01808537146 0.02636910787 0)
(-0.02238641381 0.02872607439 0)
(-0.02694523835 0.03073780835 0)
(-0.03171417316 0.03240693799 0)
(-0.036648377 0.0337401988 0)
(-0.04170543242 0.03474670388 0)
(-0.04684496274 0.03543656924 0)
(-0.05202827591 0.03581988219 0)
(-0.05721803912 0.03590599059 0)
(-0.06237798935 0.03570308315 0)
(-0.06747268573 0.03521802533 0)
(-0.07246730918 0.03445641213 0)
(-0.07732751435 0.03342279759 0)
(-0.08201933737 0.03212106109 0)
(-0.08650916147 0.0305548723 0)
(-0.09076374107 0.02872821934 0)
(-0.09475028361 0.02664596845 0)
(-0.09843658696 0.02431442699 0)
(-0.1017912297 0.02174188623 0)
(-0.1047838103 0.01893912365 0)
(-0.1073852323 0.01591984821 0)
(-0.1095680295 0.0127010751 0)
(-0.1113067288 0.00930341871 0)
(-0.1125782451 0.005751294491 0)
(-0.1133623014 0.002073021773 0)
(-0.1136418758 -0.001699178485 0)
(-0.1134036616 -0.005529296338 0)
(-0.1126385279 -0.009377764772 0)
(-0.1113419887 -0.01320181792 0)
(-0.1095146564 -0.01695596909 0)
(-0.1071626654 -0.02059261289 0)
(-0.1042980551 -0.02406275066 0)
(-0.1009390915 -0.02731683454 0)
(-0.09711050856 -0.0303057213 0)
(-0.09284364729 -0.03298172262 0)
(-0.08817647183 -0.03529973323 0)
(-0.08315344069 -0.03721841324 0)
(-0.07782521491 -0.03870139566 0)
(-0.07224818793 -0.0397184858 0)
(-0.06648382743 -0.04024681564 0)
(-0.060597826 -0.04027191465 0)
(-0.05465906585 -0.03978865881 0)
(-0.04873841188 -0.03880206239 0)
(-0.04290735695 -0.03732788245 0)
(-0.03723655286 -0.03539301386 0)
(-0.03179426921 -0.03303566273 0)
(-0.02664483008 -0.03030529757 0)
(-0.02184708372 -0.02726238942 0)
(-0.017452964 -0.02397796316 0)
(-0.01350620211 -0.02053299114 0)
(-0.0100412496 -0.01701766486 0)
(-0.007082482856 -0.01353058147 0)
(-0.004643684251 -0.01017787944 0)
(-0.002727521399 -0.00707232069 0)
(-0.001325988915 -0.004332213306 0)
(-0.0004300992942 -0.002080427299 0)
(-1.71841058e-05 -0.0004459535254 0)
(-5.939529612e-05 0.00239410723 0)
(-0.0009225755008 0.007169900447 0)
(-0.002573223096 0.01182040281 0)
(-0.004920070719 0.01625017682 0)
(-0.007858464245 0.02039037203 0)
(-0.01131224048 0.02419214252 0)
(-0.01521153265 0.02762334265 0)
(-0.01949152537 0.0306655302 0)
(-0.02409268457 0.03331102398 0)
(-0.02896018285 0.0355602012 0)
(-0.03404325498 0.03741910643 0)
(-0.03929462346 0.03889739953 0)
(-0.04466996299 0.04000665836 0)
(-0.05012740144 0.04075903831 0)
(-0.05562706266 0.04116627807 0)
(-0.06113065572 0.04123903053 0)
(-0.0666011149 0.04098648949 0)
(-0.07200229463 0.04041627657 0)
(-0.07729872289 0.03953454912 0)
(-0.08245541567 0.03834628782 0)
(-0.08743775398 0.03685572278 0)
(-0.09221142331 0.03506685876 0)
(-0.09674241473 0.03298406265 0)
(-0.1009970856 0.03061268055 0)
(-0.1049422767 0.02795965553 0)
(-0.108545484 0.02503412181 0)
(-0.1117750793 0.02184795498 0)
(-0.1146005798 0.01841626149 0)
(-0.1169929599 0.01475779396 0)
(-0.1189250057 0.01089528094 0)
(-0.1203717065 0.006855661631 0)
(-0.12131068 0.002670216999 0)
(-0.1217226322 -0.001625409435 0)
(-0.1215918468 -0.005991306778 0)
(-0.1209066782 -0.01038351899 0)
(-0.1196600726 -0.01475440523 0)
(-0.1178500872 -0.01905313214 0)
(-0.115480391 -0.0232263049 0)
(-0.1125607364 -0.02721873943 0)
(-0.1091073807 -0.03097437356 0)
(-0.1051434336 -0.0344373102 0)
(-0.1006991061 -0.03755298046 0)
(-0.09581183416 -0.04026940829 0)
(-0.09052625039 -0.04253855171 0)
(-0.08489398064 -0.04431768881 0)
(-0.07897324297 -0.04557081063 0)
(-0.07282823448 -0.04626997759 0)
(-0.06652829817 -0.04639659308 0)
(-0.06014687144 -0.0459425465 0)
(-0.05376022873 -0.04491118009 0)
(-0.0474460425 -0.04331803897 0)
(-0.04128179837 -0.04119137197 0)
(-0.03534311129 -0.03857236219 0)
(-0.029701999 -0.03551507926 0)
(-0.02442517589 -0.03208615977 0)
(-0.01957243455 -0.02836423594 0)
(-0.01519518151 -0.02443914438 0)
(-0.01133519578 -0.02041095414 0)
(-0.008023687279 -0.01638885663 0)
(-0.005280641946 -0.01248995922 0)
(-0.003114119478 -0.008837987873 0)
(-0.001520614615 -0.005561797805 0)
(-0.0004960723574 -0.002793963863 0)
(-2.046776001e-05 -0.0006720034205 0)
(-6.43397773e-05 0.002874296136 0)
(-0.0009939973133 0.008501208358 0)
(-0.002768003911 0.01390144584 0)
(-0.005285424503 0.0189879474 0)
(-0.008431144332 0.02369976602 0)
(-0.01212132575 0.02799546198 0)
(-0.01627950744 0.03184969386 0)
(-0.02083527673 0.03525015958 0)
(-0.02572448977 0.0381946365 0)
(-0.03088859628 0.04068828683 0)
(-0.03627387489 0.0427412897 0)
(-0.04183073817 0.0443668223 0)
(-0.04751308108 0.04557940295 0)
(-0.05327767439 0.04639359671 0)
(-0.05908361155 0.0468230721 0)
(-0.06489181446 0.04687998743 0)
(-0.07066460227 0.0465746768 0)
(-0.07636532637 0.04591559937 0)
(-0.08195807348 0.04490951176 0)
(-0.0874074375 0.04356182102 0)
(-0.09267835971 0.04187707601 0)
(-0.09773603561 0.03985955646 0)
(-0.1025458861 0.03751392222 0)
(-0.10707359 0.03484588924 0)
(-0.1112851741 0.03186290319 0)
(-0.1151471584 0.02857478616 0)
(-0.1186267531 0.02499433654 0)
(-0.1216921046 0.02113786548 0)
(-0.1243125897 0.01702565667 0)
(-0.1264591551 0.01268233857 0)
(-0.1281047031 0.008137159272 0)
(-0.1292245178 0.003424155242 0)
(-0.1297967361 -0.00141779418 0)
(-0.1298028683 -0.006345032077 0)
(-0.1292283228 -0.01130932208 0)
(-0.1280629845 -0.01625819634 0)
(-0.1263018064 -0.02113544753 0)
(-0.1239453962 -0.02588177502 0)
(-0.1210005892 -0.03043559155 0)
(-0.1174809846 -0.03473399155 0)
(-0.113407417 -0.03871387752 0)
(-0.108808336 -0.04231323423 0)
(-0.1037200595 -0.04547253354 0)
(-0.09818687147 -0.04813624422 0)
(-0.0922609305 -0.05025441255 0)
(-0.08600196178 -0.05178427101 0)
(-0.07947671052 -0.05269182508 0)
(-0.07275814235 -0.05295336254 0)
(-0.06592438752 -0.05255682676 0)
(-0.0590574383 -0.05150299617 0)
(-0.05224162274 -0.0498064163 0)
(-0.04556189253 -0.04749603967 0)
(-0.0391019763 -0.04461554097 0)
(-0.03294246142 -0.04122329044 0)
(-0.0271588766 -0.0373919858 0)
(-0.02181985235 -0.0332079604 0)
(-0.01698543611 -0.0287702008 0)
(-0.0127056398 -0.02418911843 0)
(-0.009019306529 -0.01958512666 0)
(-0.005953276025 -0.01508707732 0)
(-0.003521458655 -0.01083057522 0)
(-0.001725083559 -0.006956079294 0)
(-0.0005650737946 -0.003607094542 0)
(-2.382344997e-05 -0.000931163266 0)
(-6.90084126e-05 0.003389456592 0)
(-0.001061522012 0.009926823421 0)
(-0.002952265059 0.01612620658 0)
(-0.005631267048 0.02190980994 0)
(-0.00897362708 0.02722558793 0)
(-0.01288833073 0.03204055444 0)
(-0.01729273006 0.03633721217 0)
(-0.02211114478 0.04011038748 0)
(-0.02727508255 0.04336422218 0)
(-0.03272247976 0.04610946806 0)
(-0.0383968335 0.04836113327 0)
(-0.04424640148 0.05013649567 0)
(-0.05022344674 0.05145349096 0)
(-0.05628353306 0.05232947279 0)
(-0.06238488205 0.05278033087 0)
(-0.06848779887 0.05281994376 0)
(-0.07455417084 0.05245993477 0)
(-0.08054704141 0.0517096931 0)
(-0.08643026012 0.05057661864 0)
(-0.09216820777 0.04906654666 0)
(-0.09772559484 0.04718430892 0)
(-0.1030673299 0.04493438983 0)
(-0.1081584548 0.04232163944 0)
(-0.1129641417 0.03935200973 0)
(-0.1174497502 0.03603328495 0)
(-0.1215809392 0.03237578244 0)
(-0.1253238325 0.02839300393 0)
(-0.1286452362 0.02410222209 0)
(-0.131512908 0.01952498944 0)
(-0.1338958773 0.01468755922 0)
(-0.1357648189 0.009621208854 0)
(-0.1370924774 0.004362456577 0)
(-0.1378541441 -0.001046838004 0)
(-0.138028211 -0.00655949658 0)
(-0.1375967233 -0.01212317793 0)
(-0.1365460179 -0.01768069763 0)
(-0.1348673929 -0.02317050271 0)
(-0.1325577863 -0.028527316 0)
(-0.1296204611 -0.03368296173 0)
(-0.1260656702 -0.03856737814 0)
(-0.1219112699 -0.04310981747 0)
(-0.11718325 -0.04724022682 0)
(-0.1119161431 -0.05089079448 0)
(-0.1061532733 -0.05399763677 0)
(-0.09994680584 -0.05650258904 0)
(-0.09335756063 -0.05835505399 0)
(-0.08645455837 -0.05951384997 0)
(-0.07931427772 -0.05994899373 0)
(-0.07201961259 -0.05964334662 0)
(-0.06465853422 -0.05859405206 0)
(-0.05732247864 -0.05681369508 0)
(-0.05010449809 -0.05433112387 0)
(-0.04309723167 -0.05119188632 0)
(-0.03639076595 -0.04745825303 0)
(-0.03007046771 -0.04320881893 0)
(-0.02421487793 -0.03853769801 0)
(-0.01889375659 -0.03355334606 0)
(-0.01416636822 -0.02837706318 0)
(-0.0100801075 -0.02314123954 0)
(-0.006669440068 -0.01798741506 0)
(-0.003954711418 -0.01306418985 0)
(-0.001942256329 -0.008524908451 0)
(-0.0006382077081 -0.004525466408 0)
(-2.734220492e-05 -0.00122515797 0)
(-7.338899858e-05 0.003937577867 0)
(-0.001124922572 0.01144136077 0)
(-0.003125342216 0.01848658074 0)
(-0.005956284699 0.02500556264 0)
(-0.009483760399 0.03095609342 0)
(-0.01361010311 0.03631460658 0)
(-0.01824692049 0.04107240654 0)
(-0.02331363196 0.04523236208 0)
(-0.02873769549 0.04880582429 0)
(-0.03445377768 0.05180989342 0)
(-0.04040279756 0.05426507045 0)
(-0.04653103545 0.05619330009 0)
(-0.05278928618 0.0576164062 0)
(-0.05913206623 0.058554912 0)
(-0.06551688816 0.05902722721 0)
(-0.07190361086 0.05904917581 0)
(-0.07825387019 0.05863383016 0)
(-0.08453059199 0.05779161167 0)
(-0.09069758737 0.05653061436 0)
(-0.09671922832 0.0548571063 0)
(-0.1025602002 0.05277616421 0)
(-0.1081853268 0.05029239909 0)
(-0.1135594638 0.04741073458 0)
(-0.1186474554 0.04413720439 0)
(-0.1234141506 0.04047974062 0)
(-0.1278244764 0.03644892955 0)
(-0.1318435653 0.03205871674 0)
(-0.1354369378 0.0273270468 0)
(-0.1385707397 0.02227642624 0)
(-0.1412120372 0.01693439982 0)
(-0.1433291725 0.01133393135 0)
(-0.144892181 0.005513679497 0)
(-0.1458732696 -0.0004818417346 0)
(-0.1462473989 -0.00660222976 0)
(-0.1459928634 -0.01279128792 0)
(-0.1450919876 -0.01898729655 0)
(-0.1435318749 -0.02512345169 0)
(-0.1413051834 -0.03112848758 0)
(-0.1384109315 -0.03692750206 0)
(-0.1348553026 -0.0424429965 0)
(-0.1306524177 -0.04759613606 0)
(-0.1258250371 -0.05230822866 0)
(-0.1204051501 -0.05650241096 0)
(-0.1144344051 -0.06010551778 0)
(-0.1079643319 -0.06305009824 0)
(-0.1010563096 -0.06527652768 0)
(-0.09378123941 -0.06673515097 0)
(-0.08621888801 -0.06738838085 0)
(-0.07845688247 -0.06721266647 0)
(-0.0705893538 -0.06620024274 0)
(-0.06271524477 -0.06436057327 0)
(-0.05493631981 -0.06172140707 0)
(-0.0473549356 -0.05832938469 0)
(-0.04007165058 -0.0542501496 0)
(-0.03318276703 -0.04956794649 0)
(-0.0267779092 -0.0443847158 0)
(-0.02093774253 -0.03881872112 0)
(-0.01573194048 -0.0330027695 0)
(-0.01121751473 -0.02708210353 0)
(-0.007437483043 -0.02121205702 0)
(-0.004419370007 -0.01555553524 0)
(-0.002175156116 -0.01028026067 0)
(-0.0007166292056 -0.005556190481 0)
(-3.111568962e-05 -0.00155629014 0)
(-7.74639185e-05 0.004516525954 0)
(-0.001183935 0.0130390859 0)
(-0.003286500862 0.02097390516 0)
(-0.006259070694 0.02826425395 0)
(-0.009959291618 0.03487862048 0)
(-0.0142833948 0.04080374731 0)
(-0.0191377121 0.04604061903 0)
(-0.0244371576 0.05060098738 0)
(-0.030105465 0.05450419489 0)
(-0.03607429884 0.0577743998 0)
(-0.04228222392 0.06043822431 0)
(-0.04867373632 0.06252282353 0)
(-0.05519833731 0.06405436861 0)
(-0.06180966206 0.06505693039 0)
(-0.06846467927 0.06555174079 0)
(-0.07512297129 0.06555680156 0)
(-0.08174609992 0.0650868029 0)
(-0.08829705975 0.06415330935 0)
(-0.09473981829 0.06276516702 0)
(-0.10103894 0.06092908547 0)
(-0.1071592899 0.05865034847 0)
(-0.1130658112 0.0559336108 0)
(-0.1187233725 0.05278374292 0)
(-0.1240966785 0.04920669025 0)
(-0.1291502403 0.04521031985 0)
(-0.1338484035 0.04080523246 0)
(-0.1381554318 0.0360055232 0)
(-0.1420356478 0.03082947776 0)
(-0.1454536318 0.02530019407 0)
(-0.1483744853 0.01944612089 0)
(-0.1507641615 0.0133015049 0)
(-0.1525898679 0.006906736994 0)
(-0.1538205421 0.0003085864036 0)
(-0.154427443 -0.006439687931 0)
(-0.1543847808 -0.01327836661 0)
(-0.1536704389 -0.02014145647 0)
(-0.1522668129 -0.02695707596 0)
(-0.1501616832 -0.0336480328 0)
(-0.147349145 -0.040132626 0)
(-0.1438305628 -0.04632569163 0)
(-0.1396155151 -0.05213990501 0)
(-0.1347226888 -0.05748734428 0)
(-0.1291806751 -0.06228130905 0)
(-0.1230286115 -0.06643837414 0)
(-0.116316613 -0.06988064252 0)
(-0.1091059342 -0.07253814374 0)
(-0.1014688077 -0.07435130692 0)
(-0.09348791225 -0.07527342079 0)
(-0.08525543936 -0.07527298031 0)
(-0.07687174346 -0.07433581148 0)
(-0.06844358495 -0.07246686461 0)
(-0.06008199988 -0.06969157312 0)
(-0.05189985721 -0.06605669074 0)
(-0.04400918884 -0.06163054307 0)
(-0.03651839883 -0.0565026605 0)
(-0.02952947218 -0.05078279396 0)
(-0.02313530754 -0.04459935046 0)
(-0.01741730146 -0.03809731813 0)
(-0.01244332218 -0.0314357773 0)
(-0.008266050457 -0.02478511591 0)
(-0.004921124592 -0.01832403979 0)
(-0.002426908177 -0.01223634178 0)
(-0.0008015252525 -0.006707906369 0)
(-3.523582368e-05 -0.001927458392 0)
(-8.121150145e-05 0.005124025348 0)
(-0.001238266425 0.01471388346 0)
(-0.003434950158 0.0235789296 0)
(-0.006538141422 0.03167416524 0)
(-0.01039788204 0.03897958386 0)
(-0.01490487177 0.04549304953 0)
(-0.01996065581 0.05122602616 0)
(-0.02547605708 0.05619991469 0)
(-0.0313714281 0.06044276681 0)
(-0.03757571438 0.0639864562 0)
(-0.04402536259 0.0668643156 0)
(-0.05066328686 0.0691092275 0)
(-0.05743787508 0.07075215394 0)
(-0.06430204958 0.07182108495 0)
(-0.07121239995 0.07234037716 0)
(-0.07812839924 0.07233044751 0)
(-0.08501170884 0.07180778058 0)
(-0.0918255743 0.07078520353 0)
(-0.09853431073 0.06927238038 0)
(-0.1051028744 0.06727647676 0)
(-0.1114965151 0.06480294843 0)
(-0.1176805041 0.06185641016 0)
(-0.1236199305 0.05844154695 0)
(-0.1292795619 0.05456403527 0)
(-0.1346237641 0.05023144827 0)
(-0.1396164788 0.0454541248 0)
(-0.1442212574 0.04024598715 0)
(-0.1484013533 0.03462529661 0)
(-0.1521198768 0.02861533841 0)
(-0.1553400182 0.02224502897 0)
(-0.158025346 0.01554943813 0)
(-0.1601401872 0.008570217187 0)
(-0.16165009 0.001355920625 0)
(-0.1625224172 -0.00603779031 0)
(-0.1627270166 -0.01354808244 0)
(-0.1622369612 -0.02110504349 0)
(-0.1610294711 -0.02863198067 0)
(-0.1590868808 -0.03604592876 0)
(-0.1563976938 -0.04325840187 0)
(-0.1529576916 -0.05017641848 0)
(-0.1487710625 -0.05670382132 0)
(-0.1438515061 -0.06274290561 0)
(-0.1382232598 -0.06819635708 0)
(-0.1319219864 -0.07296948559 0)
(-0.1249954532 -0.07697272171 0)
(-0.1175039329 -0.08012432162 0)
(-0.1095202552 -0.08235320402 0)
(-0.1011294483 -0.0836018204 0)
(-0.09242792099 -0.08382894192 0)
(-0.08352215664 -0.08301223245 0)
(-0.07452691671 -0.08115047212 0)
(-0.06556298094 -0.07826530009 0)
(-0.05675448435 -0.07440236044 0)
(-0.04822594301 -0.06963176177 0)
(-0.04009908822 -0.06404779672 0)
(-0.03248964879 -0.05776791096 0)
(-0.02550422993 -0.05093095685 0)
(-0.01923744273 -0.0436948104 0)
(-0.01376945143 -0.03623346899 0)
(-0.009163924827 -0.02873377947 0)
(-0.005465770212 -0.02139192288 0)
(-0.002700696159 -0.01440964883 0)
(-0.0008941020768 -0.007990821225 0)
(-3.979486168e-05 -0.002342168526 0)
(-8.460729901e-05 0.005757645856 0)
(-0.001287605207 0.01645923463 0)
(-0.003569864087 0.02629179639 0)
(-0.00679196777 0.03522279858 0)
(-0.01079714603 0.04324447169 0)
(-0.01547115854 0.05036653202 0)
(-0.02071126832 0.05661163963 0)
(-0.02642463374 0.06201153434 0)
(-0.03252857893 0.06660362801 0)
(-0.03894962078 0.07042811266 0)
(-0.04562232905 0.07352557916 0)
(-0.05248824079 0.07593512501 0)
(-0.05949481111 0.07769292849 0)
(-0.06659441605 0.07883126144 0)
(-0.0737434274 0.07937790615 0)
(-0.08090137126 0.07935593601 0)
(-0.08803017697 0.07878381372 0)
(-0.0950935181 0.07767575759 0)
(-0.1020562446 0.07604232456 0)
(-0.108883902 0.07389115917 0)
(-0.1155423315 0.07122786029 0)
(-0.1219973458 0.06805692217 0)
(-0.1282144722 0.06438271181 0)
(-0.1341587603 0.06021045163 0)
(-0.1397946465 0.05554718293 0)
(-0.1450858768 0.05040269186 0)
(-0.1499954857 0.04479038538 0)
(-0.1544858346 0.03872810825 0)
(-0.1585187155 0.03223889503 0)
(-0.1620555263 0.02535165173 0)
(-0.1650575277 0.01810176116 0)
(-0.1674861918 0.01053160338 0)
(-0.1693036422 0.002690978339 0)
(-0.1704732338 -0.005362583291 0)
(-0.170960257 -0.01356363559 0)
(-0.1707326834 -0.02183879956 0)
(-0.1697621555 -0.03010694345 0)
(-0.1680250448 -0.03827959245 0)
(-0.1655036249 -0.04626159901 0)
(-0.1621873346 -0.05395211496 0)
(-0.1580740976 -0.06124589815 0)
(-0.1531716513 -0.06803497767 0)
(-0.1474988274 -0.0742106896 0)
(-0.1410867174 -0.07966607812 0)
(-0.133979642 -0.08429863513 0)
(-0.1262358396 -0.08801332622 0)
(-0.1179277886 -0.09072582272 0)
(-0.1091420798 -0.09236583188 0)
(-0.09997877163 -0.09288039079 0)
(-0.09055017811 -0.09223697012 0)
(-0.08097907234 -0.09042622143 0)
(-0.07139631988 -0.08746420267 0)
(-0.0619379987 -0.08339393002 0)
(-0.05274210194 -0.07828613259 0)
(-0.04394495647 -0.07223912875 0)
(-0.03567751912 -0.06537779497 0)
(-0.02806172752 -0.05785165619 0)
(-0.02120709289 -0.04983218467 0)
(-0.01520773939 -0.04150944717 0)
(-0.010139892 -0.03308828656 0)
(-0.006059132926 -0.02478420753 0)
(-0.002999729749 -0.01681899519 0)
(-0.0009955768826 -0.009416729859 0)
(-4.48857332e-05 -0.002804540191 0)
(-8.762539831e-05 0.006414795238 0)
(-0.00133163267 0.01826820635 0)
(-0.003690408053 0.02910203362 0)
(-0.007019017884 0.03889687735 0)
(-0.01115470899 0.04765785298 0)
(-0.01597890969 0.05540717039 0)
(-0.0213851158 0.06217931513 0)
(-0.02727725382 0.06801697535 0)
(-0.03356997512 0.07296750476 0)
(-0.04018765877 0.07707995976 0)
(-0.04706323722 0.08040269318 0)
(-0.05413707217 0.0829814739 0)
(-0.06135586176 0.08485810176 0)
(-0.06867159641 0.08606948261 0)
(-0.07604058438 0.08664712277 0)
(-0.08342255995 0.08661699657 0)
(-0.09077988136 0.08599973603 0)
(-0.09807682085 0.08481108907 0)
(-0.1052789455 0.0830625917 0)
(-0.112352585 0.08076240113 0)
(-0.1192643792 0.07791624048 0)
(-0.1259809012 0.07452841103 0)
(-0.1324683456 0.07060283481 0)
(-0.1386922799 0.06614409751 0)
(-0.1446174518 0.06115846912 0)
(-0.1502076536 0.05565488654 0)
(-0.1554256411 0.04964588772 0)
(-0.1602331135 0.04314849152 0)
(-0.1645907589 0.03618501944 0)
(-0.1684583743 0.02878385613 0)
(-0.1717950723 0.02098014454 0)
(-0.1745595862 0.01281640817 0)
(-0.1767106772 0.00434308695 0)
(-0.178207681 -0.004381029399 0)
(-0.1790112392 -0.01328847828 0)
(-0.1790840284 -0.02230297218 0)
(-0.1783918017 -0.03133943088 0)
(-0.1769045264 -0.04030426125 0)
(-0.1745976622 -0.04909591049 0)
(-0.1714535742 -0.05760574748 0)
(-0.167463042 -0.0657193176 0)
(-0.1626268224 -0.07331800833 0)
(-0.1569572042 -0.08028115111 0)
(-0.1504794818 -0.08648856677 0)
(-0.1432332576 -0.0918235378 0)
(-0.1352734739 -0.09617616104 0)
(-0.126671068 -0.09944700067 0)
(-0.1175131466 -0.1015509256 0)
(-0.1079025848 -0.1024209807 0)
(-0.09795697583 -0.1020121119 0)
(-0.08780688975 -0.1003045447 0)
(-0.07759343973 -0.09730661092 0)
(-0.06746520158 -0.09305682501 0)
(-0.05757458423 -0.08762504589 0)
(-0.0480737968 -0.08111260275 0)
(-0.03911059792 -0.07365132953 0)
(-0.03082403763 -0.06540152417 0)
(-0.02334042049 -0.05654892447 0)
(-0.01676974169 -0.04730086395 0)
(-0.01120262255 -0.03788183569 0)
(-0.006707007725 -0.02852868516 0)
(-0.003327219424 -0.01948550565 0)
(-0.001107172373 -0.01099902045 0)
(-5.060259471e-05 -0.003319310724 0)
(-9.023969158e-05 0.007092718307 0)
(-0.001370036057 0.02013345461 0)
(-0.003795769786 0.03199856609 0)
(-0.007217808931 0.04268236532 0)
(-0.01146828027 0.05220340297 0)
(-0.01642490307 0.06059692463 0)
(-0.02197792629 0.06790977649 0)
(-0.02802847723 0.07419611995 0)
(-0.03448888655 0.07951375983 0)
(-0.04128168035 0.08392110413 0)
(-0.04833838602 0.08747472614 0)
(-0.05559838302 0.09022748992 0)
(-0.06300777906 0.09222720117 0)
(-0.07051832976 0.09351574089 0)
(-0.07808642411 0.09412863481 0)
(-0.08567214961 0.09409500611 0)
(-0.09323844506 0.09343785544 0)
(-0.1007503437 0.09217461012 0)
(-0.1081743057 0.09031788458 0)
(-0.1154776361 0.08787639662 0)
(-0.122627981 0.08485598873 0)
(-0.1295928972 0.08126071007 0)
(-0.1363394858 0.07709392246 0)
(-0.1428340854 0.07235940184 0)
(-0.1490420215 0.06706241447 0)
(-0.1549274082 0.06121075473 0)
(-0.1604530057 0.05481573695 0)
(-0.1655801356 0.04789313813 0)
(-0.1702686633 0.0404640907 0)
(-0.1744770549 0.03255592486 0)
(-0.1781625238 0.02420295823 0)
(-0.1812812817 0.01544722736 0)
(-0.1837888986 0.006339147832 0)
(-0.1856407975 -0.003061915916 0)
(-0.1867929982 -0.01268717656 0)
(-0.1872028105 -0.02245810559 0)
(-0.1868299007 -0.03228629359 0)
(-0.1856374936 -0.04207356513 0)
(-0.1835937362 -0.0517123755 0)
(-0.1806732454 -0.06108655763 0)
(-0.1768588011 -0.07007247867 0)
(-0.1721431436 -0.07854065938 0)
(-0.1665308159 -0.08635789864 0)
(-0.160039973 -0.09338992705 0)
(-0.1527040585 -0.09950458796 0)
(-0.1445732371 -0.1045755106 0)
(-0.1357154539 -0.1084861995 0)
(-0.1262169913 -0.1111344217 0)
(-0.1161823988 -0.1124367243 0)
(-0.1057336899 -0.1123328792 0)
(-0.0950087336 -0.110790014 0)
(-0.08415881265 -0.1078061778 0)
(-0.0733453777 -0.1034130879 0)
(-0.06273609085 -0.0976778386 0)
(-0.05250031329 -0.09070339824 0)
(-0.04280424794 -0.08262780078 0)
(-0.03380598592 -0.07362202488 0)
(-0.02565073482 -0.06388665164 0)
(-0.0184665398 -0.05364748748 0)
(-0.01236055933 -0.04315042657 0)
(-0.00741510233 -0.0326558349 0)
(-0.003686355147 -0.02243258486 0)
(-0.001230112874 -0.01275266851 0)
(-5.704148459e-05 -0.003891837225 0)
(-9.242521675e-05 0.007788503032 0)
(-0.001402522613 0.02204724398 0)
(-0.003885193785 0.03496974749 0)
(-0.007386966166 0.04656450919 0)
(-0.01173573829 0.05686395212 0)
(-0.01680615094 0.06591678955 0)
(-0.02248572602 0.07378266193 0)
(-0.02867321822 0.08052763945 0)
(-0.03527897989 0.08622041201 0)
(-0.04222395742 0.09092916579 0)
(-0.04943849263 0.09471910658 0)
(-0.05686116274 0.09765058437 0)
(-0.06443763827 0.09977777366 0)
(-0.07211957767 0.1011478606 0)
(-0.07986358198 0.1018006828 0)
(-0.08763022471 0.1017687644 0)
(-0.09538316545 0.1010776829 0)
(-0.1030883508 0.09974670805 0)
(-0.1107133021 0.09778964756 0)
(-0.1182264857 0.09521584512 0)
(-0.12559676 0.09203127594 0)
(-0.1327928921 0.08823969635 0)
(-0.1397831373 0.08384381091 0)
(-0.1465348751 0.07884642997 0)
(-0.1530142981 0.07325159926 0)
(-0.1591861518 0.0670656907 0)
(-0.1650135268 0.06029845018 0)
(-0.1704577078 0.05296400192 0)
(-0.175478086 0.04508181203 0)
(-0.1800321475 0.03667761331 0)
(-0.1840755502 0.02778429213 0)
(-0.1875623075 0.01844273359 0)
(-0.1904450884 0.008702614488 0)
(-0.1926756433 -0.001376876496 0)
(-0.1942055265 -0.01172640813 0)
(-0.1949867537 -0.02226599212 0)
(-0.194972849 -0.03290464474 0)
(-0.1941200877 -0.04354030275 0)
(-0.1923889214 -0.05406002134 0)
(-0.1897456379 -0.06434053774 0)
(-0.1861642205 -0.07424927535 0)
(-0.1816283738 -0.08364585971 0)
(-0.1761336575 -0.09238420868 0)
(-0.1696896511 -0.1003152427 0)
(-0.1623220443 -0.1072902341 0)
(-0.1540745256 -0.1131647772 0)
(-0.1450103218 -0.1178033167 0)
(-0.1352132292 -0.1210841141 0)
(-0.1247879772 -0.1229044793 0)
(-0.113859779 -0.1231860343 0)
(-0.102572956 -0.1218797311 0)
(-0.09108857378 -0.118970315 0)
(-0.07958108993 -0.1144799175 0)
(-0.06823409543 -0.1084704841 0)
(-0.05723530828 -0.1010448021 0)
(-0.04677105477 -0.09234597324 0)
(-0.03702052968 -0.08255528992 0)
(-0.02815017221 -0.07188859616 0)
(-0.02030854172 -0.06059133839 0)
(-0.01362180369 -0.04893263209 0)
(-0.008188981908 -0.03719869725 0)
(-0.004080286332 -0.02568586019 0)
(-0.001365621189 -0.01469422039 0)
(-6.430108141e-05 -0.004528097444 0)
(-9.415947155e-05 0.008499094129 0)
(-0.001428834547 0.0240014848 0)
(-0.003958018702 0.03800341668 0)
(-0.007525288067 0.05052790835 0)
(-0.01195522575 0.06162156343 0)
(-0.01712002585 0.07134687346 0)
(-0.02290499565 0.07977659782 0)
(-0.02920693132 0.08698905702 0)
(-0.03593453376 0.09306418221 0)
(-0.04300742597 0.09808030231 0)
(-0.0503549664 0.1021116209 0)
(-0.05791509297 0.1052263315 0)
(-0.06563317572 0.1074853192 0)
(-0.07346089761 0.1089413946 0)
(-0.08135518801 0.1096389979 0)
(-0.08927722499 0.1096143107 0)
(-0.09719151616 0.1088957067 0)
(-0.1050650624 0.107504475 0)
(-0.1128666047 0.1054557503 0)
(-0.1205659502 0.1027595875 0)
(-0.1281333718 0.09942213051 0)
(-0.135539075 0.09544682562 0)
(-0.1427527238 0.09083564747 0)
(-0.1497430206 0.08559030972 0)
(-0.1564773364 0.07971344509 0)
(-0.1629213875 0.0732097464 0)
(-0.1690389624 0.06608706731 0)
(-0.1747917013 0.05835748586 0)
(-0.1801389364 0.0500383365 0)
(-0.1850376046 0.04115321612 0)
(-0.1894422467 0.03173296764 0)
(-0.1933051121 0.02181664043 0)
(-0.1965763835 0.0114524197 0)
(-0.1992045269 0.000698505594 0)
(-0.2011369026 -0.01037607753 0)
(-0.202320502 -0.02169077211 0)
(-0.2027028042 -0.03315291791 0)
(-0.2022330891 -0.04465742584 0)
(-0.2008638819 -0.05608673869 0)
(-0.1985526915 -0.06731115872 0)
(-0.1952640104 -0.07818963797 0)
(-0.1909715475 -0.08857112264 0)
(-0.1856606486 -0.09829653785 0)
(-0.1793308254 -0.1072014851 0)
(-0.1719982901 -0.115119699 0)
(-0.1636983534 -0.121887271 0)
(-0.154487522 -0.1273475961 0)
(-0.1444451042 -0.1313569355 0)
(-0.1336741249 -0.1337904158 0)
(-0.1223013589 -0.1345482116 0)
(-0.1104763171 -0.133561593 0)
(-0.09836907514 -0.1307984668 0)
(-0.0861669049 -0.12626802 0)
(-0.07406976544 -0.1200240824 0)
(-0.06228480795 -0.1121668849 0)
(-0.0510201511 -0.1028429812 0)
(-0.04047826323 -0.09224323572 0)
(-0.03084935677 -0.08059893203 0)
(-0.02230526738 -0.06817622244 0)
(-0.01499399377 -0.05526929581 0)
(-0.00903401054 -0.04219269962 0)
(-0.004512100919 -0.02927309802 0)
(-0.001514915369 -0.01684176623 0)
(-7.248347927e-05 -0.005234689625 0)
(-9.542380441e-05 0.00922131454 0)
(-0.001448764825 0.02598778958 0)
(-0.004013717193 0.04108698023 0)
(-0.007631816503 0.05455661515 0)
(-0.01212525325 0.06645764216 0)
(-0.01736439885 0.07686650972 0)
(-0.02323284318 0.08586930492 0)
(-0.02962581847 0.09355684246 0)
(-0.03645067954 0.1000205712 0)
(-0.04362596043 0.1053492649 0)
(-0.05108021721 0.1096264438 0)
(-0.05875089119 0.1129284699 0)
(-0.06658316962 0.115323261 0)
(-0.07452886399 0.1168695615 0)
(-0.08254533171 0.1176167035 0)
(-0.09059445868 0.117604789 0)
(-0.0986417137 0.1168652187 0)
(-0.1066552804 0.1154214955 0)
(-0.1146052671 0.1132902339 0)
(-0.1224629928 0.1104823098 0)
(-0.1302003424 0.1070040972 0)
(-0.1377891859 0.1028587439 0)
(-0.1452008542 0.09804745193 0)
(-0.1524056648 0.09257073906 0)
(-0.1593724947 0.08642966528 0)
(-0.1660683963 0.07962702065 0)
(-0.172458259 0.07216847513 0)
(-0.1785045189 0.06406369719 0)
(-0.1841669245 0.05532745026 0)
(-0.1894023698 0.04598067603 0)
(-0.1941648079 0.03605157161 0)
(-0.1984052667 0.02557666322 0)
(-0.202071982 0.0146018717 0)
(-0.2051106534 0.003183552729 0)
(-0.2074649352 -0.008610507522 0)
(-0.2090771773 -0.02070015465 0)
(-0.2098891161 -0.03299208768 0)
(-0.2098431769 -0.04537922564 0)
(-0.2088839152 -0.05774039479 0)
(-0.2069597867 -0.06994036633 0)
(-0.2040252475 -0.08183036566 0)
(-0.2000431639 -0.09324916719 0)
(-0.1949874955 -0.1040248878 0)
(-0.1888461877 -0.113977583 0)
(-0.1816241656 -0.1229227269 0)
(-0.1733462889 -0.1306756191 0)
(-0.1640600807 -0.1370567053 0)
(-0.1538380124 -0.141897726 0)
(-0.1427791022 -0.1450485204 0)
(-0.1310095812 -0.1463842189 0)
(-0.1186823995 -0.1458124664 0)
(-0.1059753994 -0.1432802401 0)
(-0.09308805798 -0.138779781 0)
(-0.08023681443 -0.1323531501 0)
(-0.06764912016 -0.1240949715 0)
(-0.05555648137 -0.1141530247 0)
(-0.04418687572 -0.1027265062 0)
(-0.03375702629 -0.09006196722 0)
(-0.02446511094 -0.07644714951 0)
(-0.01648416913 -0.06220314802 0)
(-0.009955285701 -0.04767542939 0)
(-0.004984801558 -0.03322409135 0)
(-0.001679204751 -0.01921490153 0)
(-8.169498637e-05 -0.00601883112 0)
(-9.62047714e-05 0.009951895148 0)
(-0.001462173561 0.02799754947 0)
(-0.004051937832 0.04420752331 0)
(-0.007705911123 0.05863426835 0)
(-0.01224480985 0.07135308127 0)
(-0.01753778804 0.08245440467 0)
(-0.02346719076 0.09203774109 0)
(-0.02992705368 0.1002065429 0)
(-0.03682366338 0.1070639727 0)
(-0.0440746729 0.1127094901 0)
(-0.05160799216 0.1172362051 0)
(-0.05936068604 0.1207289427 0)
(-0.06727785622 0.1232629565 0)
(-0.07531152814 0.1249032259 0)
(-0.08341957004 0.1257042649 0)
(-0.0915646634 0.1257103663 0)
(-0.09971333725 0.1249562014 0)
(-0.1078350734 0.1234676994 0)
(-0.1159014843 0.1212631303 0)
(-0.1238855622 0.1183543262 0)
(-0.1317609944 0.1147479822 0)
(-0.1395015381 0.1104469913 0)
(-0.1470804492 0.105451776 0)
(-0.1544699577 0.09976159662 0)
(-0.1616407863 0.09337582125 0)
(-0.168561708 0.08629515564 0)
(-0.1751991447 0.07852283747 0)
(-0.1815168083 0.0700658046 0)
(-0.1874753916 0.06093584989 0)
(-0.1930323186 0.05115077537 0)
(-0.1981415678 0.04073555661 0)
(-0.2027535891 0.02972352371 0)
(-0.2068153334 0.01815755897 0)
(-0.2102703979 0.00609129667 0)
(-0.2130593736 -0.006409695705 0)
(-0.2151205364 -0.01926673589 0)
(-0.2163903842 -0.03238702977 0)
(-0.2168048424 -0.04566270426 0)
(-0.2163006727 -0.05897017717 0)
(-0.2148172198 -0.0721698506 0)
(-0.2122985596 -0.08510626858 0)
(-0.2086960378 -0.09760887613 0)
(-0.2039711798 -0.1094935217 0)
(-0.1980989214 -0.1205648435 0)
(-0.1910710668 -0.1306196631 0)
(-0.1828998281 -0.1394514744 0)
(-0.173621253 -0.14685606 0)
(-0.1632982926 -0.1526381835 0)
(-0.1520232239 -0.1566192075 0)
(-0.1399191197 -0.1586453687 0)
(-0.1271400652 -0.1585963181 0)
(-0.1138698665 -0.1563934275 0)
(-0.1003190769 -0.152007278 0)
(-0.08672029342 -0.1454637178 0)
(-0.07332182492 -0.1368479051 0)
(-0.06038000238 -0.1263058609 0)
(-0.04815055446 -0.1140432288 0)
(-0.0368796162 -0.100321175 0)
(-0.02679507376 -0.08544962763 0)
(-0.01809861704 -0.06977833119 0)
(-0.01095756263 -0.05368634794 0)
(-0.005501277274 -0.0375705147 0)
(-0.001859684613 -0.02183467529 0)
(-9.2046863e-05 -0.006888355246 0)
(-9.649555437e-05 0.010687513 0)
(-0.001469004982 0.03002203204 0)
(-0.004072548717 0.04735195055 0)
(-0.007747327258 0.06274426202 0)
(-0.01231347955 0.07628844519 0)
(-0.01763951558 0.08808882536 0)
(-0.02360697279 0.09825828364 0)
(-0.03010902202 0.1069129527 0)
(-0.03705112542 0.1141678263 0)
(-0.04435023201 0.1201332305 0)
(-0.05193373437 0.1249120964 0)
(-0.05973841704 0.1285979781 0)
(-0.06770937251 0.1312737519 0)
(-0.07579890727 0.1330109274 0)
(-0.08396546702 0.1338694923 0)
(-0.09217260206 0.1338982091 0)
(-0.1003879874 0.1331352787 0)
(-0.1085825065 0.1316092878 0)
(-0.1167294012 0.1293403616 0)
(-0.1248034892 0.1263414512 0)
(-0.1327804419 0.1226196961 0)
(-0.1406361203 0.1181778131 0)
(-0.1483459607 0.1130154777 0)
(-0.1558844035 0.1071306749 0)
(-0.1632243621 0.100521008 0)
(-0.1703367266 0.09318496714 0)
(-0.1771899029 0.08512316157 0)
(-0.1837493882 0.07633953124 0)
(-0.1899773883 0.06684255214 0)
(-0.1958324849 0.05664645256 0)
(-0.2012693663 0.04577245497 0)
(-0.2062386382 0.03425005463 0)
(-0.2106867387 0.02211834003 0)
(-0.2145559614 0.009427346338 0)
(-0.2177846319 -0.003760579444 0)
(-0.2203077052 -0.01736936946 0)
(-0.2220571524 -0.03130798014 0)
(-0.222962988 -0.04546909765 0)
(-0.2229546036 -0.05972814454 0)
(-0.2219624308 -0.07394257791 0)
(-0.2199200741 -0.08795162445 0)
(-0.216766914 -0.1015766121 0)
(-0.212451187 -0.1146220703 0)
(-0.206933512 -0.1268777786 0)
(-0.2001907886 -0.1381219372 0)
(-0.192220333 -0.1481256034 0)
(-0.1830440537 -0.1566584837 0)
(-0.1727123979 -0.1634960873 0)
(-0.161307741 -0.1684281276 0)
(-0.1489468486 -0.1712679203 0)
(-0.1357820229 -0.1718623685 0)
(-0.122000582 -0.170101971 0)
(-0.1078223959 -0.1659301671 0)
(-0.09349533963 -0.1593512523 0)
(-0.07928870531 -0.1504361087 0)
(-0.06548482065 -0.139325087 0)
(-0.05236933051 -0.1262275737 0)
(-0.04022079671 -0.1114180544 0)
(-0.02930046325 -0.09522881973 0)
(-0.01984269635 -0.07803982473 0)
(-0.01204516592 -0.06026643842 0)
(-0.006064269108 -0.04234574141 0)
(-0.002057528962 -0.02472352218 0)
(-0.0001036560009 -0.007851705592 0)
(-9.629732751e-05 0.01142483829 0)
(-0.001469304771 0.03205250097 0)
(-0.004075682545 0.05050715812 0)
(-0.007756296863 0.0668699518 0)
(-0.01233156279 0.08124419439 0)
(-0.01766987198 0.09374782922 0)
(-0.0236523436 0.1045069539 0)
(-0.03017157001 0.1136503251 0)
(-0.03713239209 0.1213048098 0)
(-0.04445119653 0.1275917261 0)
(-0.05205495763 0.132624019 0)
(-0.05988025113 0.1365042135 0)
(-0.06787221644 0.1393230828 0)
(-0.07598349162 0.1411589584 0)
(-0.08417315239 0.1420775974 0)
(-0.09240567893 0.1421325217 0)
(-0.1006499671 0.1413657357 0)
(-0.1088783949 0.1398087357 0)
(-0.1170659498 0.1374837263 0)
(-0.1251894167 0.1344049693 0)
(-0.133226625 0.1305802042 0)
(-0.1411557483 0.1260120888 0)
(-0.1489546517 0.1206996258 0)
(-0.1566002802 0.1146395531 0)
(-0.1640680822 0.107827689 0)
(-0.1713314651 0.1002602325 0)
(-0.1783612797 0.09193502861 0)
(-0.1851253349 0.08285281577 0)
(-0.1915879452 0.07301847209 0)
(-0.1977095176 0.062442283 0)
(-0.2034461884 0.05114124802 0)
(-0.2087495259 0.03914044324 0)
(-0.2135663216 0.02647444998 0)
(-0.2178384802 0.01318884937 0)
(-0.2215030177 -0.0006582342054 0)
(-0.2244924688 -0.01499452197 0)
(-0.2267352224 -0.02973203348 0)
(-0.2281562081 -0.04476549806 0)
(-0.228678137 -0.05997094246 0)
(-0.2282230156 -0.07520455572 0)
(-0.2267141859 -0.09030193469 0)
(-0.2240789161 -0.1050778955 0)
(-0.2202515711 -0.119327052 0)
(-0.215177367 -0.1328253827 0)
(-0.208816661 -0.1453330148 0)
(-0.2011496658 -0.1565984356 0)
(-0.192181397 -0.1663642976 0)
(-0.181946576 -0.174374896 0)
(-0.1705141246 -0.1803852713 0)
(-0.1579908132 -0.1841717268 0)
(-0.144523586 -0.1855433513 0)
(-0.1303000903 -0.1843539369 0)
(-0.1155470058 -0.1805134946 0)
(-0.1005259122 -0.1739984372 0)
(-0.08552663563 -0.1648594593 0)
(-0.07085827402 -0.1532262167 0)
(-0.05683836833 -0.1393081103 0)
(-0.04378096167 -0.1233908082 0)
(-0.03198455488 -0.105828551 0)
(-0.02172063657 -0.08703275787 0)
(-0.01322188649 -0.06745777824 0)
(-0.006676328713 -0.04758461749 0)
(-0.00227388097 -0.02790517531 0)
(-0.0001166454647 -0.00891792671 0)
(-9.562066789e-05 0.0121605902 0)
(-0.001463237853 0.03408035831 0)
(-0.00406178304 0.05366023839 0)
(-0.00773361224 0.07099490009 0)
(-0.01230020233 0.0862009525 0)
(-0.01763028658 0.09940953786 0)
(-0.02360489279 0.1107596858 0)
(-0.03011626516 0.1203926273 0)
(-0.03706877837 0.1284470751 0)
(-0.04437835898 0.1350554173 0)
(-0.05197163073 0.140340773 0)
(-0.05978500794 0.1444148614 0)
(-0.06776371488 0.1473766191 0)
(-0.075860758 0.1493114905 0)
(-0.08403588533 0.1502913047 0)
(-0.09225455968 0.1503746443 0)
(-0.1004869653 0.1496076078 0)
(-0.1087070611 0.1480248739 0)
(-0.1168916886 0.145650975 0)
(-0.125019735 0.1425017045 0)
(-0.1330713527 0.1385855911 0)
(-0.1410272277 0.1339053879 0)
(-0.1488678942 0.1284595423 0)
(-0.1565730871 0.122243623 0)
(-0.1641211271 0.1152516964 0)
(-0.1714883335 0.1074776555 0)
(-0.1786484616 0.09891651176 0)
(-0.1855721621 0.08956566923 0)
(-0.1922264651 0.07942620267 0)
(-0.1985742905 0.06850416319 0)
(-0.2045739952 0.05681193525 0)
(-0.2101789668 0.04436966562 0)
(-0.2153372882 0.03120678139 0)
(-0.2199914827 0.0173636054 0)
(-0.2240783391 0.002893060589 0)
(-0.227529038 -0.01213753737 0)
(-0.2302695208 -0.02764460815 0)
(-0.2322207 -0.04352650767 0)
(-0.2332995685 -0.05966162214 0)
(-0.2334205099 -0.07590677845 0)
(-0.2324971557 -0.0920959431 0)
(-0.2304448697 -0.1080394247 0)
(-0.227183913 -0.1235238086 0)
(-0.2226433311 -0.1383128864 0)
(-0.2167655548 -0.1521498657 0)
(-0.2095116396 -0.1647611485 0)
(-0.2008669747 -0.1758619347 0)
(-0.1908471909 -0.1851638271 0)
(-0.1795038767 -0.1923844869 0)
(-0.1669296095 -0.1972592007 0)
(-0.153261724 -0.1995539845 0)
(-0.1386842134 -0.1990795877 0)
(-0.1234272014 -0.195705501 0)
(-0.1077635573 -0.1893728569 0)
(-0.09200245373 -0.180105004 0)
(-0.07647997261 -0.1680145616 0)
(-0.0615472063 -0.1533059586 0)
(-0.04755667135 -0.136272831 0)
(-0.03484821729 -0.1172901556 0)
(-0.02373531104 -0.09680159962 0)
(-0.0144908629 -0.07530302744 0)
(-0.007339769212 -0.05332318554 0)
(-0.002509840828 -0.03140455588 0)
(-0.0001311449019 -0.01009664996 0)
(-9.448691088e-05 0.01289160186 0)
(-0.001451106568 0.0360973102 0)
(-0.004031652868 0.05679871833 0)
(-0.007680712738 0.0751031618 0)
(-0.01222151388 0.09113981763 0)
(-0.01752350408 0.1050524563 0)
(-0.02346786769 0.1169926396 0)
(-0.02994666275 0.1271138385 0)
(-0.0368638968 0.1355665258 0)
(-0.04413509484 0.142494198 0)
(-0.05168656537 0.1480302868 0)
(-0.05945458606 0.1522959176 0)
(-0.06738448913 0.1553984535 0)
(-0.07542967733 0.1574307484 0)
(-0.08355060824 0.1584710151 0)
(-0.09171377743 0.1585832112 0)
(-0.09989072336 0.1578178375 0)
(-0.1080570703 0.1562130476 0)
(-0.1161916191 0.1537959747 0)
(-0.1242754899 0.1505841922 0)
(-0.1322913162 0.1465872386 0)
(-0.1402224883 0.1418081543 0)
(-0.1480524387 0.136244991 0)
(-0.1557639656 0.1298922739 0)
(-0.1633385855 0.1227424063 0)
(-0.1707559114 0.1147870222 0)
(-0.1779930493 0.1060182988 0)
(-0.1850240115 0.09643024946 0)
(-0.1918191437 0.08602002242 0)
(-0.1983445672 0.07478923075 0)
(-0.2045616414 0.0627453427 0)
(-0.2104264541 0.04990315726 0)
(-0.2158893586 0.03628638858 0)
(-0.2208945707 0.02192937664 0)
(-0.2253798146 0.006878924009 0)
(-0.2292761944 -0.008803743073 0)
(-0.2325084191 -0.02504080099 0)
(-0.2349947063 -0.04173584364 0)
(-0.2366475634 -0.05877148374 0)
(-0.2373748773 -0.07600728164 0)
(-0.237081491 -0.09327785454 0)
(-0.2356714781 -0.1103913925 0)
(-0.233051187 -0.1271288322 0)
(-0.2291331394 -0.1432439873 0)
(-0.2238408272 -0.15846498 0)
(-0.2171143813 -0.1724973436 0)
(-0.2089169887 -0.1850291589 0)
(-0.1992418087 -0.1957385225 0)
(-0.188118997 -0.2043035265 0)
(-0.1756222949 -0.2104147218 0)
(-0.1618745147 -0.2137897703 0)
(-0.1470511696 -0.2141896598 0)
(-0.1313814994 -0.2114355058 0)
(-0.1151462573 -0.205424651 0)
(-0.09867185505 -0.1961445576 0)
(-0.08232082274 -0.183682939 0)
(-0.06647896178 -0.1682327439 0)
(-0.05154005596 -0.1500910028 0)
(-0.0378895034 -0.1296511537 0)
(-0.02588798544 -0.1073892156 0)
(-0.01585444743 -0.08384482383 0)
(-0.008056608374 -0.05959835218 0)
(-0.002766450929 -0.03524763594 0)
(-0.0001472907625 -0.01139807315 0)
(-9.292956065e-05 0.01361489462 0)
(-0.001433369527 0.03809555668 0)
(-0.003986503509 0.05991083289 0)
(-0.007599775102 0.07917961215 0)
(-0.01209872193 0.09604271931 0)
(-0.01735376759 0.1106558385 0)
(-0.02324640277 0.1231825602 0)
(-0.02966857908 0.1337882912 0)
(-0.03652397131 0.1426351343 0)
(-0.04372771361 0.1498777081 0)
(-0.05120580199 0.1556598839 0)
(-0.05889438224 0.1601124043 0)
(-0.06673890782 0.1633513286 0)
(-0.07469320312 0.1654772251 0)
(-0.08271847483 0.1665750153 0)
(-0.0907823062 0.1667143619 0)
(-0.09885766129 0.1659504924 0)
(-0.1069219187 0.1643253481 0)
(-0.114955947 0.1618689573 0)
(-0.1229432292 0.158600947 0)
(-0.1308690353 0.1545321162 0)
(-0.1387196438 0.1496660176 0)
(-0.146481604 0.144000507 0)
(-0.1541410356 0.1375292375 0)
(-0.1616829565 0.130243091 0)
(-0.1690906328 0.1221315504 0)
(-0.1763449445 0.1131840271 0)
(-0.1834237601 0.1033911652 0)
(-0.1903013171 0.09274614927 0)
(-0.1969476057 0.08124604486 0)
(-0.203327755 0.06889320409 0)
(-0.2094014289 0.05569676562 0)
(-0.2151222412 0.04167427974 0)
(-0.2204372073 0.02685348471 0)
(-0.2252862196 0.01127424481 0)
(-0.229601641 -0.005009348701 0)
(-0.2333083349 -0.02192656228 0)
(-0.2363233251 -0.0393878087 0)
(-0.2385561254 -0.05728185067 0)
(-0.2399095651 -0.07547320983 0)
(-0.2402810006 -0.09379966513 0)
(-0.2395642693 -0.1120700227 0)
(-0.2376524826 -0.1300624249 0)
(-0.2344417912 -0.1475235251 0)
(-0.2298362266 -0.1641689277 0)
(-0.2237536601 -0.1796853456 0)
(-0.2161328179 -0.1937349551 0)
(-0.2069411559 -0.2059623931 0)
(-0.1961832235 -0.2160047384 0)
(-0.1839089518 -0.2235046155 0)
(-0.1702211165 -0.2281262576 0)
(-0.155281074 -0.2295739697 0)
(-0.1393118139 -0.2276119796 0)
(-0.1225974313 -0.2220842222 0)
(-0.1054783566 -0.2129322429 0)
(-0.08834206626 -0.2002092414 0)
(-0.07160952078 -0.184088368 0)
(-0.05571819171 -0.1648637906 0)
(-0.04110321414 -0.142943753 0)
(-0.02817804488 -0.1188357831 0)
(-0.01731405839 -0.09312507691 0)
(-0.00882850478 -0.06644749288 0)
(-0.003044678601 -0.03946127028 0)
(-0.000165226361 -0.01283293269 0)
(-9.099569283e-05 0.014327762 0)
(-0.001410661443 0.04006800686 0)
(-0.003928008008 0.06298583527 0)
(-0.007493808962 0.08321031835 0)
(-0.01193630272 0.1008928226 0)
(-0.01712701009 0.1162001002 0)
(-0.02294775732 0.1293071817 0)
(-0.0292903714 0.1403910547 0)
(-0.03605815447 0.1496252973 0)
(-0.0431658087 0.1571756582 0)
(-0.05053898823 0.1631965801 0)
(-0.05811369602 0.1678286453 0)
(-0.06583551687 0.1711968936 0)
(-0.07365872804 0.1734099304 0)
(-0.08154533636 0.1745597266 0)
(-0.08946408207 0.1747219969 0)
(-0.0973894409 0.1739570373 0)
(-0.1053006478 0.1723109064 0)
(-0.1131807578 0.1698168419 0)
(-0.1210157525 0.1664968189 0)
(-0.1287936945 0.1623631722 0)
(-0.13650393 0.1574202217 0)
(-0.144136333 0.1516658611 0)
(-0.1516805865 0.1450930844 0)
(-0.1591254924 0.137691442 0)
(-0.1664583018 0.1294484303 0)
(-0.1736640577 0.1203508294 0)
(-0.1807249418 0.1103860111 0)
(-0.187619619 0.09954324535 0)
(-0.1943225732 0.08781503785 0)
(-0.200803431 0.07519853174 0)
(-0.2070262732 0.06169700969 0)
(-0.2129489406 0.04732153145 0)
(-0.2185223485 0.03209274238 0)
(-0.2236897999 0.01604287708 0)
(-0.2283863127 -0.0007820298241 0)
(-0.2325383709 -0.01831958964 0)
(-0.2360634616 -0.0364885241 0)
(-0.2388698151 -0.05518566599 0)
(-0.2408569258 -0.0742827854 0)
(-0.2419163361 -0.09362349069 0)
(-0.2419331535 -0.1130202189 0)
(-0.2407884551 -0.1322515986 0)
(-0.2383627558 -0.1510605294 0)
(-0.2345407107 -0.1691534197 0)
(-0.2292171767 -0.1862011158 0)
(-0.2223046576 -0.2018421201 0)
(-0.2137420165 -0.2156887113 0)
(-0.2035041414 -0.2273365077 0)
(-0.1916120134 -0.2363778301 0)
(-0.1781423702 -0.2424189049 0)
(-0.1632359294 -0.2451004877 0)
(-0.1471029817 -0.2441209297 0)
(-0.1300251617 -0.2392601012 0)
(-0.1123523876 -0.2304020493 0)
(-0.09449437538 -0.2175539181 0)
(-0.07690673907 -0.2008586266 0)
(-0.06007246629 -0.1805991673 0)
(-0.04448044492 -0.1571931747 0)
(-0.03060270577 -0.1311775599 0)
(-0.01887002237 -0.1031841542 0)
(-0.009656688748 -0.07390798919 0)
(-0.003345396963 -0.04407299456 0)
(-0.000185101772 -0.01441246709 0)
(-8.87474971e-05 0.01502786384 0)
(-0.001383814657 0.04200852115 0)
(-0.003858358155 0.06601434628 0)
(-0.007366759873 0.08718295765 0)
(-0.01174013746 0.1056749809 0)
(-0.01685105713 0.1216672796 0)
(-0.02258156394 0.1353456741 0)
(-0.02882322603 0.1468983552 0)
(-0.0354788482 0.1565102237 0)
(-0.04246260393 0.1643581831 0)
(-0.04969974556 0.1706074045 0)
(-0.05712611237 0.175408561 0)
(-0.0646874362 0.1788959838 0)
(-0.07233849484 0.181186662 0)
(-0.0800421694 0.182379979 0)
(-0.08776845229 0.182558066 0)
(-0.0954934428 0.1817866454 0)
(-0.1031983578 0.1801162376 0)
(-0.110868576 0.1775836181 0)
(-0.1184927271 0.1742134217 0)
(-0.126061829 0.1700198125 0)
(-0.1335684742 0.1650081551 0)
(-0.1410060606 0.1591766426 0)
(-0.1483680597 0.1525178565 0)
(-0.1556473147 0.1450202472 0)
(-0.1628353596 0.136669539 0)
(-0.1699217477 0.1274500745 0)
(-0.1768933813 0.1173461204 0)
(-0.1837338317 0.1063431636 0)
(-0.1904226401 0.09442923215 0)
(-0.1969345929 0.08159627619 0)
(-0.203238965 0.06784164904 0)
(-0.2092987315 0.05316972886 0)
(-0.2150697592 0.03759372417 0)
(-0.220499967 0.02113770234 0)
(-0.2255284261 0.003838866893 0)
(-0.2300847737 -0.01424984654 0)
(-0.2340886716 -0.03305682332 0)
(-0.2374489554 -0.05248879859 0)
(-0.2400637413 -0.07242705429 0)
(-0.2418207667 -0.09272376183 0)
(-0.2425983553 -0.1131981929 0)
(-0.2422672964 -0.1336330877 0)
(-0.2406938389 -0.1537715285 0)
(-0.237744047 -0.1733147852 0)
(-0.2332897325 -0.191921731 0)
(-0.2272160971 -0.2092105446 0)
(-0.2194310823 -0.2247634863 0)
(-0.209876211 -0.238135521 0)
(-0.198538429 -0.2488674221 0)
(-0.1854621279 -0.2565036778 0)
(-0.170760203 -0.2606150213 0)
(-0.1546227299 -0.2608247348 0)
(-0.1373217262 -0.2568370883 0)
(-0.1192105705 -0.2484655036 0)
(-0.1007170497 -0.2356574337 0)
(-0.08232968708 -0.2185127095 0)
(-0.06457795556 -0.1972923677 0)
(-0.04800812917 -0.1724158088 0)
(-0.03315672141 -0.1444455032 0)
(-0.02052141159 -0.1140599567 0)
(-0.01054189074 -0.0820166951 0)
(-0.003669364897 -0.0491107875 0)
(-0.0002070736465 -0.01614837108 0)
(-8.626396688e-05 0.01571333189 0)
(-0.00135388332 0.0439121833 0)
(-0.003780328469 0.06898874647 0)
(-0.007223623654 0.09108728494 0)
(-0.01151768017 0.11037624 0)
(-0.01653584604 0.1270415448 0)
(-0.02216009237 0.1412791329 0)
(-0.02828145781 0.1532880315 0)
(-0.03480202914 0.1632643479 0)
(-0.04163529534 0.1713962127 0)
(-0.04870601978 0.1778597338 0)
(-0.05594985509 0.1828159729 0)
(-0.06331271271 0.1864089059 0)
(-0.07074994824 0.1887642859 0)
(-0.07822542809 0.1899892976 0)
(-0.08571053178 0.1901728735 0)
(-0.09318313299 0.1893865337 0)
(-0.1006265911 0.1876856164 0)
(-0.1080287756 0.1851107722 0)
(-0.1153811354 0.1816896159 0)
(-0.1226778197 0.1774384456 0)
(-0.1299148507 0.1723639616 0)
(-0.1370893433 0.1664649368 0)
(-0.1441987664 0.1597338112 0)
(-0.1512402355 0.1521581981 0)
(-0.1582098276 0.1437223043 0)
(-0.1651019054 0.1344082788 0)
(-0.1719084399 0.1241975116 0)
(-0.1786183179 0.1130719122 0)
(-0.185216623 0.1010152021 0)
(-0.1916838774 0.08801425872 0)
(-0.1979952351 0.07406055474 0)
(-0.2041196197 0.05915173573 0)
(-0.2100188117 0.04329338784 0)
(-0.2156464735 0.02650104645 0)
(-0.2209470664 0.008802482994 0)
(-0.2258549458 -0.009759678667 0)
(-0.2302936151 -0.02912473945 0)
(-0.2341745204 -0.04921096207 0)
(-0.2373965314 -0.06991128787 0)
(-0.2398458664 -0.0910891453 0)
(-0.2413964095 -0.1125739186 0)
(-0.2419109335 -0.1341563157 0)
(-0.2412434475 -0.1555839681 0)
(-0.2392429796 -0.1765577303 0)
(-0.2357591109 -0.1967293212 0)
(-0.2306495228 -0.2157011243 0)
(-0.2237896982 -0.2330291074 0)
(-0.2150847079 -0.2482298922 0)
(-0.2044827064 -0.2607929331 0)
(-0.1919893705 -0.2701985006 0)
(-0.1776820723 -0.2759416488 0)
(-0.161722169 -0.2775615755 0)
(-0.1443635121 -0.2746748051 0)
(-0.1259552551 -0.2670095631 0)
(-0.1069373651 -0.2544377843 0)
(-0.08782797495 -0.2370006369 0)
(-0.06920283656 -0.2149235085 0)
(-0.05166859603 -0.1886172102 0)
(-0.03583209294 -0.1586637444 0)
(-0.02226588388 -0.1257868822 0)
(-0.01148427135 -0.09080933187 0)
(-0.004017207679 -0.05460279692 0)
(-0.0002313050335 -0.01805274023 0)
(-8.364295995e-05 0.01638288823 0)
(-0.001322171754 0.04577560627 0)
(-0.003697350411 0.07190361615 0)
(-0.007070577368 0.09491565479 0)
(-0.01127814723 0.1149863955 0)
(-0.01619366851 0.132309751 0)
(-0.02169853505 0.1470911063 0)
(-0.02768282586 0.1595400171 0)
(-0.034047581 0.1698637598 0)
(-0.04070538783 0.1782618506 0)
(-0.04758041141 0.1849216243 0)
(-0.05460810342 0.1900149017 0)
(-0.06173461848 0.1936957149 0)
(-0.06891601284 0.1960990062 0)
(-0.07611730276 0.1973401819 0)
(-0.08331144573 0.1975153801 0)
(-0.09047829444 0.1967023024 0)
(-0.09760356023 0.1949614651 0)
(-0.1046778109 0.1923377333 0)
(-0.1116955176 0.188862022 0)
(-0.1186541584 0.184553069 0)
(-0.1255533776 0.1794192046 0)
(-0.1323941988 0.1734600694 0)
(-0.1391782829 0.1666682458 0)
(-0.1459072214 0.1590307926 0)
(-0.152581855 0.1505306818 0)
(-0.1592016015 0.1411481504 0)
(-0.1657637823 0.1308619896 0)
(-0.1722629296 0.1196507995 0)
(-0.1786900614 0.1074942437 0)
(-0.1850319072 0.0943743436 0)
(-0.1912700704 0.08027685544 0)
(-0.1973801153 0.06519277939 0)
(-0.2033305738 0.04912005604 0)
(-0.2090818638 0.03206551175 0)
(-0.214585068 0.01404710189 0)
(-0.219780706 -0.004903493484 0)
(-0.2245977891 -0.02473753381 0)
(-0.2289523626 -0.04538616358 0)
(-0.2327462901 -0.06675592882 0)
(-0.2358667482 -0.08872405288 0)
(-0.238185848 -0.1111332503 0)
(-0.2395610922 -0.133786139 0)
(-0.2398369124 -0.1564395535 0)
(-0.2388476515 -0.1787992008 0)
(-0.2364224081 -0.2005153125 0)
(-0.2323921426 -0.2211801787 0)
(-0.2265993601 -0.2403286836 0)
(-0.2189104942 -0.2574431321 0)
(-0.2092308021 -0.2719636986 0)
(-0.1975211334 -0.2833056516 0)
(-0.1838153847 -0.2908840288 0)
(-0.1682368731 -0.2941456011 0)
(-0.1510113771 -0.292606794 0)
(-0.1324743647 -0.2858948512 0)
(-0.1130701214 -0.2737881645 0)
(-0.0933411942 -0.2562506947 0)
(-0.07390786425 -0.2334551101 0)
(-0.05543916223 -0.205789956 0)
(-0.03861779965 -0.1738479267 0)
(-0.02409953455 -0.1383946826 0)
(-0.01248335815 -0.100319814 0)
(-0.004389400353 -0.06057703151 0)
(-0.0002579653917 -0.02013800685 0)
(-8.100376331e-05 0.01703597924 0)
(-0.001290269042 0.04759727803 0)
(-0.003613601639 0.07475623076 0)
(-0.006915134362 0.09866360436 0)
(-0.01103273735 0.1194986088 0)
(-0.01583944623 0.1374620441 0)
(-0.02121532316 0.1527681581 0)
(-0.02704887203 0.1656368424 0)
(-0.03323963745 0.1762866392 0)
(-0.03969902616 0.1849287429 0)
(-0.04635048162 0.1917621259 0)
(-0.05312926325 0.1969698395 0)
(-0.05998188129 0.2007164619 0)
(-0.06686528064 0.203146606 0)
(-0.07374586497 0.2043843566 0)
(-0.0805984349 0.2045334816 0)
(-0.08740509752 0.2036782547 0)
(-0.09415418863 0.2018847289 0)
(-0.1008392355 0.1992023147 0)
(-0.1074579765 0.1956655372 0)
(-0.1140114445 0.1912958681 0)
(-0.1205031149 0.1861035534 0)
(-0.1269381133 0.1800893831 0)
(-0.1333224753 0.1732463655 0)
(-0.1396624463 0.1655612941 0)
(-0.14596381 0.1570162022 0)
(-0.1522312296 0.1475897202 0)
(-0.1584675875 0.1372583527 0)
(-0.1646733044 0.1259977064 0)
(-0.1708456225 0.1137837001 0)
(-0.1769778323 0.1005937976 0)
(-0.1830584246 0.08640830771 0)
(-0.189070151 0.07121180236 0)
(-0.1949889791 0.05499471226 0)
(-0.2007829344 0.03775516855 0)
(-0.2064107795 0.01950115546 0)
(-0.2118205153 0.0002530406076 0)
(-0.2169482271 -0.01995320704 0)
(-0.2217164433 -0.04106261318 0)
(-0.2260322861 -0.06299698684 0)
(-0.229786452 -0.08564961214 0)
(-0.2328521716 -0.1088795471 0)
(-0.2350848099 -0.1325051802 0)
(-0.2363224563 -0.1562973098 0)
(-0.2363878951 -0.1799721333 0)
(-0.2350924625 -0.203184765 0)
(-0.2322423309 -0.2255241969 0)
(-0.2276477277 -0.2465109407 0)
(-0.2211354523 -0.2655988823 0)
(-0.2125647591 -0.2821830726 0)
(-0.2018461948 -0.2956151465 0)
(-0.188962332 -0.3052276799 0)
(-0.1739885777 -0.310367959 0)
(-0.157111499 -0.3104403045 0)
(-0.1386416002 -0.3049543622 0)
(-0.1190174311 -0.2935748874 0)
(-0.09879850926 -0.276166941 0)
(-0.07864593799 -0.2528295656 0)
(-0.05929177844 -0.2239113872 0)
(-0.04149956468 -0.1900034186 0)
(-0.02601677176 -0.1519072207 0)
(-0.01353799635 -0.1105795128 0)
(-0.00478625671 -0.06706102349 0)
(-0.0002872310291 -0.02241686924 0)
(-7.849053246e-05 0.01767292888 0)
(-0.001260092818 0.04937795621 0)
(-0.003534116832 0.07754712207 0)
(-0.006766333287 0.1023305063 0)
(-0.01079489442 0.1239100854 0)
(-0.01549105207 0.1424925135 0)
(-0.02073248413 0.1583004579 0)
(-0.02640529015 0.1715641437 0)
(-0.03240693919 0.1825136787 0)
(-0.03864731904 0.1913724198 0)
(-0.04504902709 0.1983515551 0)
(-0.05154718124 0.2036459723 0)
(-0.05808883133 0.2074313866 0)
(-0.06463208758 0.2098626318 0)
(-0.07114507452 0.2110729683 0)
(-0.07760479638 0.2111742365 0)
(-0.08399597903 0.2102576726 0)
(-0.09030993418 0.2083952125 0)
(-0.09654347595 0.2056411237 0)
(-0.1026979063 0.2020338268 0)
(-0.1087780763 0.1975977967 0)
(-0.1147915223 0.1923454571 0)
(-0.1207476717 0.1862790087 0)
(-0.1266571079 0.1793921542 0)
(-0.1325308827 0.171671701 0)
(-0.1383798616 0.1630990393 0)
(-0.1442140867 0.153651505 0)
(-0.1500421382 0.1433036473 0)
(-0.1558704784 0.1320284267 0)
(-0.1617027557 0.1197983767 0)
(-0.1675390489 0.106586768 0)
(-0.1733750307 0.09236881917 0)
(-0.1792010249 0.07712300701 0)
(-0.1850009417 0.06083253587 0)
(-0.1907510753 0.04348704087 0)
(-0.1964187163 0.02508460475 0)
(-0.2019604841 0.005634164442 0)
(-0.2073209426 -0.01484151692 0)
(-0.212430786 -0.03630207681 0)
(-0.2172045906 -0.05868583064 0)
(-0.2215391103 -0.08190400584 0)
(-0.2253116915 -0.1058346681 0)
(-0.2283789582 -0.130315575 0)
(-0.2305763579 -0.1551361482 0)
(-0.2317189426 -0.1800288579 0)
(-0.2316039578 -0.2046605611 0)
(-0.230015911 -0.2286246742 0)
(-0.2267348264 -0.2514354746 0)
(-0.2215483226 -0.2725262618 0)
(-0.2142679068 -0.2912534823 0)
(-0.2047494123 -0.3069090978 0)
(-0.1929167832 -0.3187432827 0)
(-0.1787874771 -0.3259987874 0)
(-0.1624967264 -0.3279568867 0)
(-0.1443170226 -0.3239927592 0)
(-0.1246687719 -0.3136356626 0)
(-0.1041184227 -0.2966268612 0)
(-0.08336177903 -0.2729666065 0)
(-0.06319274914 -0.2429412652 0)
(-0.04445967222 -0.207123422 0)
(-0.02801022803 -0.1663411424 0)
(-0.01464632155 -0.1216164698 0)
(-0.005207927495 -0.07408147077 0)
(-0.000319286329 -0.024902218 0)
(-7.627696596e-05 0.01829511682 0)
(-0.001233946162 0.05112112382 0)
(-0.003464928868 0.08028071981 0)
(-0.006634974188 0.1059203035 0)
(-0.01058062847 0.1282228227 0)
(-0.01516969217 0.1473998914 0)
(-0.02027605354 0.1636823915 0)
(-0.02578233441 0.1773111646 0)
(-0.03158320782 0.1885284725 0)
(-0.03758665258 0.1975705823 0)
(-0.04371431331 0.2046616981 0)
(-0.04990128507 0.2100093238 0)
(-0.0560954414 0.2138010275 0)
(-0.06225645172 0.2162024944 0)
(-0.06835461727 0.2173567014 0)
(-0.07436962512 0.2173840162 0)
(-0.08028929306 0.2163830188 0)
(-0.08610835507 0.2144318496 0)
(-0.09182731796 0.2115899089 0)
(-0.09745140525 0.2078997586 0)
(-0.102989593 0.2033891049 0)
(-0.1084537349 0.1980727703 0)
(-0.1138577686 0.1919545919 0)
(-0.1192169909 0.1850292031 0)
(-0.1245473882 0.1772836797 0)
(-0.1298650068 0.1686990457 0)
(-0.1351853435 0.1592516466 0)
(-0.1405227405 0.1489144078 0)
(-0.1458897629 0.1376580044 0)
(-0.1512965377 0.1254519725 0)
(-0.1567500318 0.1122658004 0)
(-0.1622532442 0.09807004298 0)
(-0.1678042867 0.08283751094 0)
(-0.1733953279 0.06654459581 0)
(-0.179011381 0.04917280661 0)
(-0.1846288892 0.0307106078 0)
(-0.1902139954 0.01115563877 0)
(-0.1957208797 -0.009482563668 0)
(-0.2010898884 -0.03117870709 0)
(-0.2062450355 -0.05388836923 0)
(-0.2110915495 -0.07754212907 0)
(-0.2155138549 -0.1020392398 0)
(-0.2193733482 -0.1272399846 0)
(-0.2225068522 -0.1529567384 0)
(-0.2247260816 -0.1789439104 0)
(-0.2258187257 -0.2048871735 0)
(-0.2255519242 -0.23039276 0)
(-0.2236790325 -0.2549780939 0)
(-0.2199506022 -0.278065605 0)
(-0.2141303532 -0.298982157 0)
(-0.2060165121 -0.316966969 0)
(-0.195468148 -0.3311909995 0)
(-0.1824350548 -0.3407902291 0)
(-0.1669883964 -0.3449138937 0)
(-0.1493480074 -0.3427863763 0)
(-0.1299013082 -0.3337783338 0)
(-0.1092087221 -0.31747925 0)
(-0.08799173071 -0.2937608156 0)
(-0.06710254034 -0.2628193733 0)
(-0.04747685208 -0.225186994 0)
(-0.03007072234 -0.1817044785 0)
(-0.01580576467 -0.1334545738 0)
(-0.005654412505 -0.08166387197 0)
(-0.0003543262574 -0.02760706525 0)
(-7.457287115e-05 0.01890518939 0)
(-0.001214593032 0.05283352382 0)
(-0.003413251943 0.08296609344 0)
(-0.006533918486 0.1094423425 0)
(-0.01040891413 0.132444435 0)
(-0.01490036743 0.1521882959 0)
(-0.01987655581 0.1689131781 0)
(-0.02521527464 0.1828712277 0)
(-0.03080753592 0.1943178439 0)
(-0.03655898327 0.2035033026 0)
(-0.04239024796 0.2106659108 0)
(-0.04823662343 0.2160267852 0)
(-0.05404722733 0.2197862126 0)
(-0.05978383394 0.2221214516 0)
(-0.06541953013 0.2231857778 0)
(-0.07093730952 0.2231085459 0)
(-0.0763286845 0.2219960371 0)
(-0.08159236828 0.2199328753 0)
(-0.0867330565 0.2169838166 0)
(-0.09176032128 0.2131957504 0)
(-0.0966876193 0.2085997818 0)
(-0.1015314069 0.203213296 0)
(-0.1063103509 0.197041937 0)
(-0.1110446201 0.1900814569 0)
(-0.1157552404 0.1823194128 0)
(-0.1204634968 0.1737367055 0)
(-0.1251903615 0.1643089677 0)
(-0.1299559298 0.1540078173 0)
(-0.134778842 0.142802 0)
(-0.1396756692 0.1306584516 0)
(-0.1446602385 0.1175433152 0)
(-0.1497428736 0.1034229555 0)
(-0.1549295196 0.08826502035 0)
(-0.1602207255 0.07203960885 0)
(-0.1656104562 0.05472062203 0)
(-0.1710846958 0.03628738789 0)
(-0.1766197305 0.01672664707 0)
(-0.1821802234 -0.003964991507 0)
(-0.1877173987 -0.02577739839 0)
(-0.1931663747 -0.04868365046 0)
(-0.1984430557 -0.072634559 0)
(-0.2034417335 -0.09755214633 0)
(-0.2080320456 -0.1233217666 0)
(-0.2120563453 -0.1497825245 0)
(-0.2153277938 -0.1767160334 0)
(-0.2176297643 -0.2038337394 0)
(-0.2187174001 -0.2307634124 0)
(-0.2183223794 -0.2570359442 0)
(-0.2161620912 -0.2820743024 0)
(-0.2119544207 -0.3051872935 0)
(-0.2054390598 -0.325571563 0)
(-0.1964055776 -0.3423257386 0)
(-0.1847273132 -0.3544804715 0)
(-0.1703985404 -0.3610469532 0)
(-0.1535705202 -0.3610840142 0)
(-0.1345804518 -0.3537801636 0)
(-0.1139665943 -0.3385423862 0)
(-0.09246367738 -0.3150792301 0)
(-0.07097568075 -0.2834630866 0)
(-0.0505262441 -0.2441569992 0)
(-0.03218728753 -0.1979951956 0)
(-0.01701310085 -0.1461127253 0)
(-0.006125592463 -0.08983217283 0)
(-0.000392560835 -0.03054448529 0)
(-7.363341145e-05 0.01950731461 0)
(-0.001205359425 0.05452579606 0)
(-0.003387721827 0.08561782031 0)
(-0.006478474256 0.1129123232 0)
(-0.01030219011 0.1365890628 0)
(-0.0147124351 0.1568680125 0)
(-0.01956956729 0.1739974739 0)
(-0.02474490208 0.1882421445 0)
(-0.03012478515 0.1998720724 0)
(-0.03561209041 0.2091530949 0)
(-0.04112646246 0.2163390692 0)
(-0.04660376335 0.2216659857 0)
(-0.05199495765 0.22534789 0)
(-0.05726466336 0.227574433 0)
(-0.06238955015 0.2285098073 0)
(-0.06735671434 0.2282928031 0)
(-0.07216211609 0.2270377175 0)
(-0.07680913038 0.2248358721 0)
(-0.08130723742 0.2217575251 0)
(-0.08567085972 0.2178539986 0)
(-0.08991834114 0.2131598825 0)
(-0.09407105542 0.2076952098 0)
(-0.09815262738 0.2014675298 0)
(-0.1021882478 0.1944738356 0)
(-0.1062040621 0.1867023196 0)
(-0.1102266118 0.1781339527 0)
(-0.1142823095 0.168743891 0)
(-0.1183969244 0.1585027289 0)
(-0.1225950588 0.1473776175 0)
(-0.1268995909 0.1353332808 0)
(-0.1313310615 0.12233296 0)
(-0.1359069769 0.1083393288 0)
(-0.1406409995 0.09331542511 0)
(-0.1455419936 0.07722565735 0)
(-0.1506128952 0.06003695681 0)
(-0.1558493724 0.04172016839 0)
(-0.1612381717 0.02225177677 0)
(-0.1667550365 0.001616076894 0)
(-0.1723630084 -0.02019174426 0)
(-0.1780095395 -0.04316194913 0)
(-0.1836231428 -0.0672658849 0)
(-0.1891104535 -0.09244924755 0)
(-0.1943526105 -0.1186242609 0)
(-0.1992015955 -0.1456597739 0)
(-0.2034769701 -0.1733691844 0)
(-0.2069635187 -0.2014961968 0)
(-0.2094106485 -0.2296987585 0)
(-0.2105347024 -0.2575320757 0)
(-0.2100256279 -0.2844324083 0)
(-0.2075596212 -0.3097043609 0)
(-0.2028192762 -0.3325155141 0)
(-0.1955222383 -0.3519032169 0)
(-0.1854582118 -0.3667987584 0)
(-0.1725323402 -0.3760734253 0)
(-0.156810621 -0.3786085891 0)
(-0.138560595 -0.373387734 0)
(-0.1182788609 -0.3596025549 0)
(-0.09669705565 -0.3367590666 0)
(-0.0747607485 -0.3047649265 0)
(-0.05357944932 -0.2639780036 0)
(-0.03434727764 -0.2151997132 0)
(-0.01826455619 -0.1596040112 0)
(-0.006621288221 -0.09860844869 0)
(-0.0004342225475 -0.03372757885 0)
(-7.377227053e-05 0.02010749679 0)
(-0.001210270051 0.05621324893 0)
(-0.003398713075 0.08825701415 0)
(-0.006486893561 0.1163533918 0)
(-0.01028698731 0.1406783745 0)
(-0.01464029232 0.1614563018 0)
(-0.01939637231 0.1789459339 0)
(-0.0244180809 0.1934265223 0)
(-0.02958597082 0.2051849676 0)
(-0.03479974928 0.2145047983 0)
(-0.03997824739 0.2216573137 0)
(-0.04505847738 0.2268949505 0)
(-0.04999409375 0.2304467472 0)
(-0.05475354014 0.2325156625 0)
(-0.05931809411 0.2332774456 0)
(-0.06367995302 0.2328807374 0)
(-0.06784044889 0.2314480942 0)
(-0.0718084391 0.2290776573 0)
(-0.07559889037 0.2258452286 0)
(-0.07923165379 0.2218065599 0)
(-0.08273041685 0.2169997071 0)
(-0.0861218117 0.211447336 0)
(-0.0894346556 0.2051589079 0)
(-0.09269929942 0.1981326959 0)
(-0.09594705959 0.1903576083 0)
(-0.0992097105 0.1818148139 0)
(-0.1025190146 0.1724791736 0)
(-0.1059062681 0.1623204956 0)
(-0.109401841 0.1513046354 0)
(-0.1130346879 0.1393944683 0)
(-0.1168318062 0.1265507659 0)
(-0.1208176163 0.1127330155 0)
(-0.125013234 0.09790022464 0)
(-0.1294356027 0.08201176666 0)
(-0.1340964507 0.06502833176 0)
(-0.1390010399 0.0469130725 0)
(-0.1441466127 0.02763304836 0)
(-0.1495203404 0.007161072685 0)
(-0.1550975596 -0.01452180238 0)
(-0.1608389902 -0.03742249067 0)
(-0.1666872745 -0.06153250763 0)
(-0.1725634636 -0.08682139814 0)
(-0.1783630967 -0.1132292089 0)
(-0.1839516255 -0.1406566159 0)
(-0.1891598955 -0.1689524356 0)
(-0.1937800488 -0.1978982812 0)
(-0.1975626419 -0.2271903834 0)
(-0.2002161614 -0.2564191225 0)
(-0.2014105489 -0.2850476533 0)
(-0.2007867297 -0.3123921872 0)
(-0.1979743093 -0.3376079791 0)
(-0.1926193398 -0.3596866031 0)
(-0.1844230648 -0.3774712496 0)
(-0.1731906475 -0.3896968124 0)
(-0.1588860513 -0.3950596537 0)
(-0.1416859063 -0.3923175009 0)
(-0.1220222501 -0.3804129458 0)
(-0.1006029009 -0.3586055709 0)
(-0.07840041525 -0.3265900889 0)
(-0.05660466547 -0.2845741047 0)
(-0.03653656855 -0.2332913977 0)
(-0.01955598862 -0.1739349186 0)
(-0.007141356987 -0.1080126551 0)
(-0.0004795780369 -0.03716947753 0)
(-7.538039465e-05 0.02071397226 0)
(-0.001234233649 0.05791680885 0)
(-0.003458758901 0.0909125576 0)
(-0.006581014827 0.1197974019 0)
(-0.01039471656 0.1447426619 0)
(-0.01472420168 0.1659782084 0)
(-0.01940471379 0.1837756827 0)
(-0.02428832434 0.1984319025 0)
(-0.02924858736 0.2102537169 0)
(-0.03418175624 0.2195451982 0)
(-0.03900625232 0.2265975136 0)
(-0.04366111315 0.2316814761 0)
(-0.0481038392 0.2350425567 0)
(-0.05230798358 0.2368980227 0)
(-0.05626072899 0.237435814 0)
(-0.05996060468 0.2368147691 0)
(-0.06341542806 0.2351658406 0)
(-0.06664050663 0.2325939812 0)
(-0.0696571036 0.2291804401 0)
(-0.0724911503 0.2249852588 0)
(-0.07517217807 0.2200498074 0)
(-0.07773243718 0.2143992482 0)
(-0.08020616987 0.2080448498 0)
(-0.0826290059 0.2009861046 0)
(-0.0850374513 0.1932126293 0)
(-0.08746844361 0.1847058413 0)
(-0.08995894896 0.1754404199 0)
(-0.09254557799 0.1653855674 0)
(-0.095264199 0.1545060945 0)
(-0.09814952607 0.1427633532 0)
(-0.1012346595 0.1301160517 0)
(-0.1045505538 0.116520983 0)
(-0.1081253864 0.1019337097 0)
(-0.111983794 0.0863092547 0)
(-0.1161459417 0.06960285566 0)
(-0.1206263886 0.05177086611 0)
(-0.1254326726 0.03277190411 0)
(-0.1305634149 0.01256834259 0)
(-0.1360064016 -0.008871720436 0)
(-0.1417361869 -0.03157093638 0)
(-0.1477105779 -0.05554004086 0)
(-0.1538666573 -0.08077188295 0)
(-0.1601167794 -0.1072343923 0)
(-0.1663432694 -0.1348611033 0)
(-0.1723928281 -0.1635387251 0)
(-0.1780708266 -0.1930912617 0)
(-0.1831361538 -0.2232603342 0)
(-0.1872977414 -0.2536817918 0)
(-0.1902144405 -0.2838594978 0)
(-0.1915005218 -0.31313845 0)
(-0.1907395586 -0.3406811739 0)
(-0.1875095636 -0.3654534574 0)
(-0.1814216031 -0.3862275442 0)
(-0.1721723275 -0.4016120291 0)
(-0.1596077117 -0.4101167726 0)
(-0.1437910261 -0.4102570113 0)
(-0.1250635754 -0.4006929243 0)
(-0.1040838322 -0.3803899705 0)
(-0.08183149119 -0.348773907 0)
(-0.05956689007 -0.3058466665 0)
(-0.03873986262 -0.252229033 0)
(-0.02088316226 -0.1891046165 0)
(-0.007685838494 -0.1180624867 0)
(-0.0005289460462 -0.04088341109 0)
(-7.895280101e-05 0.02133771601 0)
(-0.001283294919 0.05966420469 0)
(-0.003583107111 0.0936225929 0)
(-0.006787090181 0.1232863752 0)
(-0.01066264913 0.1488220253 0)
(-0.01501127174 0.1704673308 0)
(-0.01964962216 0.1885106268 0)
(-0.02441634534 0.2032706411 0)
(-0.02917679006 0.2150784087 0)
(-0.03382368883 0.2242622841 0)
(-0.03827580471 0.2311363557 0)
(-0.04247547735 0.2359921371 0)
(-0.04638561211 0.2390931741 0)
(-0.04998652608 0.2406720983 0)
(-0.05327292426 0.240929626 0)
(-0.05625116059 0.2400350248 0)
(-0.05893685539 0.2381276233 0)
(-0.06135288452 0.2353190036 0)
(-0.06352772123 0.231695588 0)
(-0.06549409288 0.2273213949 0)
(-0.06728790664 0.2222407976 0)
(-0.06894739675 0.2164811728 0)
(-0.0705124488 0.2100553614 0)
(-0.07202406066 0.2029639008 0)
(-0.07352390487 0.1951970081 0)
(-0.07505396193 0.1867363129 0)
(-0.0766561975 0.1775563504 0)
(-0.07837225973 0.1676258319 0)
(-0.08024317589 0.1569087177 0)
(-0.08230902689 0.1453651159 0)
(-0.08460857847 0.13295204 0)
(-0.0871788467 0.1196240552 0)
(-0.09005457312 0.1053338531 0)
(-0.09326757933 0.09003279724 0)
(-0.09684596607 0.07367149299 0)
(-0.1008131196 0.05620045321 0)
(-0.1051864675 0.0375709522 0)
(-0.1099758083 0.01773615594 0)
(-0.1151812591 -0.003347373743 0)
(-0.1207913914 -0.02571676445 0)
(-0.1267797272 -0.04940046368 0)
(-0.1331005025 -0.07441342199 0)
(-0.1396847241 -0.1007506271 0)
(-0.1464344091 -0.1283783984 0)
(-0.1532161535 -0.1572225039 0)
(-0.1598540546 -0.1871523769 0)
(-0.1661224502 -0.2179607031 0)
(-0.1717394438 -0.249337927 0)
(-0.1763628238 -0.2808419055 0)
(-0.1795907803 -0.3118641893 0)
(-0.1809706524 -0.3415963728 0)
(-0.1800195241 -0.3690026351 0)
(-0.1762603815 -0.3928076259 0)
(-0.1692761545 -0.4115113991 0)
(-0.1587807936 -0.4234436945 0)
(-0.1447014526 -0.4268667604 0)
(-0.1272596326 -0.4201276418 0)
(-0.1070338262 -0.4018474569 0)
(-0.08498487487 -0.3711191594 0)
(-0.0624281522 -0.327671887 0)
(-0.04094110285 -0.2719552406 0)
(-0.02224213852 -0.2051043328 0)
(-0.008255168509 -0.1287733947 0)
(-0.0005827244435 -0.04488286827 0)
(-8.512704466e-05 0.02199310014 0)
(-0.001364977742 0.06149146223 0)
(-0.003790455464 0.09643633705 0)
(-0.007136845113 0.1268741878 0)
(-0.01113512093 0.1529676227 0)
(-0.01555658963 0.1749664794 0)
(-0.02019427405 0.1931814951 0)
(-0.02487048246 0.2079594001 0)
(-0.02944128443 0.2196610888 0)
(-0.0337962079 0.2286440066 0)
(-0.03785561783 0.2352489322 0)
(-0.04156697404 0.2397908157 0)
(-0.04490065806 0.2425530939 0)
(-0.04784585409 0.2437848206 0)
(-0.05040677592 0.2436999602 0)
(-0.0525993828 0.2424782565 0)
(-0.05444862741 0.2402671756 0)
(-0.05598621786 0.237184517 0)
(-0.05724884171 0.2333213776 0)
(-0.05827678482 0.2287452302 0)
(-0.05911287493 0.2235029505 0)
(-0.05980168337 0.2176236792 0)
(-0.06038892641 0.2111214486 0)
(-0.06092101528 0.203997539 0)
(-0.06144471328 0.1962425507 0)
(-0.06200686563 0.1878381957 0)
(-0.062654172 0.1787588219 0)
(-0.06343297777 0.1689726947 0)
(-0.06438906486 0.1584430588 0)
(-0.06556742167 0.1471290062 0)
(-0.06701197272 0.1349861814 0)
(-0.06876524899 0.1219673545 0)
(-0.07086797737 0.1080228956 0)
(-0.07335856265 0.09310118946 0)
(-0.0762724294 0.07714903649 0)
(-0.07964118733 0.06011210009 0)
(-0.08349157638 0.04193548028 0)
(-0.08784404909 0.02256450391 0)
(-0.09271073728 0.001945813965 0)
(-0.09809404501 -0.01997069223 0)
(-0.1039832548 -0.04322918546 0)
(-0.1103504332 -0.06786491882 0)
(-0.1171464381 -0.09389829083 0)
(-0.1242951075 -0.1213272451 0)
(-0.1316862595 -0.1501164025 0)
(-0.1391675674 -0.1801820302 0)
(-0.1465354967 -0.2113717555 0)
(-0.1535260231 -0.2434380001 0)
(-0.1598065336 -0.2760045792 0)
(-0.1649712582 -0.3085270017 0)
(-0.168543731 -0.3402489882 0)
(-0.1699909111 -0.3701607954 0)
(-0.168754203 -0.3969689511 0)
(-0.1643019632 -0.4190912024 0)
(-0.1562052901 -0.4346932398 0)
(-0.1442333544 -0.4417826458 0)
(-0.1284565677 -0.438367921 0)
(-0.1093375654 -0.4226750853 0)
(-0.08778525602 -0.3933930732 0)
(-0.06514770164 -0.3498980664 0)
(-0.04312399279 -0.2923947875 0)
(-0.02362981253 -0.2219168412 0)
(-0.008850483961 -0.1401588247 0)
(-0.0006414306304 -0.04918189331 0)
(-9.473880513e-05 0.02269876085 0)
(-0.001488754289 0.06344480738 0)
(-0.004103923039 0.09941629898 0)
(-0.007668824775 0.1306284991 0)
(-0.01186498236 0.1572429269 0)
(-0.01642447078 0.1795280994 0)
(-0.02111077505 0.1978254422 0)
(-0.02572682134 0.2125180565 0)
(-0.03011867374 0.2240041582 0)
(-0.0341735918 0.2326763536 0)
(-0.03781552865 0.2389066652 0)
(-0.04099960048 0.243036613 0)
(-0.04370637879 0.24537145 0)
(-0.0459365518 0.2461776222 0)
(-0.04770624546 0.2456826048 0)
(-0.04904311094 0.2440763908 0)
(-0.04998317189 0.2415140471 0)
(-0.05056836203 0.2381188836 0)
(-0.05084465414 0.2339858955 0)
(-0.05086067443 0.2291852383 0)
(-0.05066670115 0.2237655697 0)
(-0.05031395762 0.2177571548 0)
(-0.04985412458 0.2111746752 0)
(-0.04933900957 0.2040197162 0)
(-0.04882032423 0.1962829301 0)
(-0.04834953276 0.1879458848 0)
(-0.04797773711 0.1789826168 0)
(-0.04775557572 0.169360921 0)
(-0.04773311986 0.1590434023 0)
(-0.04795974814 0.1479883138 0)
(-0.04848398133 0.1361502127 0)
(-0.04935326298 0.1234804686 0)
(-0.05061366851 0.1099276487 0)
(-0.05230951996 0.0954378172 0)
(-0.05448287825 0.07995478621 0)
(-0.05717287892 0.06342036706 0)
(-0.06041487445 0.04577468779 0)
(-0.0642392717 0.0269566619 0)
(-0.06866974531 0.006904677777 0)
(-0.07372191016 -0.01444230541 0)
(-0.07940058745 -0.0371421825 0)
(-0.08569583747 -0.06124812913 0)
(-0.09257895096 -0.0868035785 0)
(-0.09999697287 -0.1138359311 0)
(-0.1078654308 -0.1423471055 0)
(-0.1160595499 -0.1722998886 0)
(-0.1244038192 -0.2035986722 0)
(-0.1326602939 -0.2360629978 0)
(-0.1405166981 -0.2693925014 0)
(-0.1475764027 -0.3031226447 0)
(-0.1533537676 -0.3365723849 0)
(-0.1572800135 -0.36878816 0)
(-0.1587262569 -0.3984933836 0)
(-0.1570507597 -0.4240585849 0)
(-0.1516755911 -0.4435128134 0)
(-0.1421925008 -0.454618971 0)
(-0.1284883924 -0.4550303331 0)
(-0.1108690588 -0.4425294227 0)
(-0.09015034084 -0.4153237888 0)
(-0.06768203264 -0.3723423527 0)
(-0.0452726024 -0.3134526552 0)
(-0.02504462972 -0.239516061 0)
(-0.00947405431 -0.152230751 0)
(-0.0007057618609 -0.05379557637 0)
(-0.000108902997 0.02347875354 0)
(-0.001666689438 0.06558310683 0)
(-0.00455233182 0.1026409859 0)
(-0.008430086172 0.1346329163 0)
(-0.01291529322 0.1617248771 0)
(-0.01768973243 0.1842142595 0)
(-0.02248066466 0.2024849595 0)
(-0.02706870144 0.2169677571 0)
(-0.03128985688 0.2281078415 0)
(-0.0350310137 0.2363404972 0)
(-0.03822271298 0.2420743558 0)
(-0.04083120098 0.2456809684 0)
(-0.04285074446 0.2474893191 0)
(-0.04429679438 0.2477839917 0)
(-0.04520024842 0.2468058924 0)
(-0.04560284671 0.2447546457 0)
(-0.04555361309 0.2417919874 0)
(-0.04510619758 0.2380456577 0)
(-0.04431695745 0.2336134402 0)
(-0.0432436209 0.2285671103 0)
(-0.04194439449 0.22295614 0)
(-0.04047739667 0.2168110723 0)
(-0.03890032507 0.2101465251 0)
(-0.03727028141 0.2029638102 0)
(-0.03564369941 0.195253186 0)
(-0.03407633733 0.1869957577 0)
(-0.03262329511 0.1781650485 0)
(-0.03133903394 0.1687282942 0)
(-0.03027739061 0.1586474828 0)
(-0.02949156601 0.1478801585 0)
(-0.02903407036 0.1363800326 0)
(-0.02895661778 0.124097432 0)
(-0.02930995799 0.1109796074 0)
(-0.03014362604 0.09697093215 0)
(-0.03150558716 0.08201302372 0)
(-0.03344174715 0.06604482494 0)
(-0.03599529564 0.04900269634 0)
(-0.03920580072 0.03082058924 0)
(-0.04310776646 0.01143035112 0)
(-0.04772926585 -0.009237802515 0)
(-0.05309010542 -0.03125326382 0)
(-0.05919801316 -0.05468438516 0)
(-0.06604474436 -0.07959467862 0)
(-0.0736011987 -0.1060379695 0)
(-0.08181019739 -0.1340506826 0)
(-0.09057746306 -0.1636401213 0)
(-0.09976033413 -0.1947670908 0)
(-0.1091542176 -0.2273207917 0)
(-0.1184773995 -0.2610837471 0)
(-0.1273557921 -0.2956848812 0)
(-0.1353107699 -0.330540153 0)
(-0.1417553961 -0.3647831985 0)
(-0.1460067083 -0.3971936907 0)
(-0.1473235132 -0.426138646 0)
(-0.1449788575 -0.4495504727 0)
(-0.1383719537 -0.464971981 0)
(-0.1271742417 -0.4696973948 0)
(-0.1114891194 -0.4610237384 0)
(-0.09198925464 -0.4365959579 0)
(-0.06998453949 -0.3947866246 0)
(-0.04737201022 -0.3350116486 0)
(-0.02648752558 -0.2578667297 0)
(-0.01012988988 -0.1650006003 0)
(-0.0007766858615 -0.05874081964 0)
(-0.0001291338256 0.02436410855 0)
(-0.001914332942 0.06798101383 0)
(-0.005171896466 0.1062081881 0)
(-0.009478294546 0.1389893345 0)
(-0.0143612145 0.166504715 0)
(-0.019438793 0.1890958822 0)
(-0.02439478122 0.2072057084 0)
(-0.02898508911 0.2213277177 0)
(-0.03303682287 0.2319663533 0)
(-0.03643980093 0.2396086849 0)
(-0.03913553753 0.2447060842 0)
(-0.04110608304 0.2476637686 0)
(-0.04236385911 0.2488361604 0)
(-0.04294304116 0.248526304 0)
(-0.0428926362 0.2469879366 0)
(-0.04227116268 0.2444291563 0)
(-0.04114272267 0.2410169251 0)
(-0.03957421703 0.2368818761 0)
(-0.03763345848 0.2321230771 0)
(-0.03538796412 0.2268125298 0)
(-0.03290424535 0.220999282 0)
(-0.03024744509 0.2147130888 0)
(-0.02748121425 0.2079676177 0)
(-0.02466773404 0.2007631904 0)
(-0.02186782879 0.1930891172 0)
(-0.01914113182 0.1849256409 0)
(-0.01654625476 0.1762455097 0)
(-0.01414094239 0.1670152627 0)
(-0.01198221598 0.1571962421 0)
(-0.01012648456 0.1467453683 0)
(-0.008629604996 0.1356157113 0)
(-0.007546892291 0.1237568811 0)
(-0.006933075213 0.1111152673 0)
(-0.006842179836 0.0976341514 0)
(-0.007327324977 0.08325371869 0)
(-0.008440405452 0.0679109969 0)
(-0.0102316346 0.05153975712 0)
(-0.0127488925 0.03407042804 0)
(-0.01603665758 0.01543006038 0)
(-0.0201345952 -0.004457689361 0)
(-0.02507666648 -0.0256713146 0)
(-0.03088755844 -0.04829131437 0)
(-0.03757903473 -0.07239789699 0)
(-0.0451458107 -0.09806761853 0)
(-0.05355868465 -0.1253675816 0)
(-0.06275571021 -0.1543460492 0)
(-0.0726306254 -0.1850177264 0)
(-0.08301814996 -0.2173412211 0)
(-0.09367627259 -0.2511856869 0)
(-0.1042663993 -0.2862835433 0)
(-0.1143338433 -0.3221666748 0)
(-0.1232936043 -0.3580859885 0)
(-0.1304295444 -0.3929193533 0)
(-0.1349183885 -0.4250815574 0)
(-0.1358918753 -0.4524615368 0)
(-0.132548134 -0.4724239815 0)
(-0.1243138731 -0.4819178624 0)
(-0.1110411317 -0.4777245082 0)
(-0.09319960819 -0.4568450283 0)
(-0.07200447121 -0.4169719923 0)
(-0.04940887704 -0.3569291716 0)
(-0.0279631387 -0.2769240519 0)
(-0.01082460299 -0.1784806773 0)
(-0.0008555785042 -0.06403749712 0)
(-0.0001575258928 0.02539495106 0)
(-0.002251968355 0.07073303738 0)
(-0.006008452111 0.1102389168 0)
(-0.01088426763 0.1438202985 0)
(-0.01629195623 0.1716881331 0)
(-0.02177021774 0.1942506995 0)
(-0.02695185942 0.2120326984 0)
(-0.03156696617 0.2256102024 0)
(-0.03543680865 0.2355622494 0)
(-0.03845950644 0.2424384425 0)
(-0.04059378431 0.2467396144 0)
(-0.04184367305 0.2489081787 0)
(-0.0422453262 0.2493251955 0)
(-0.04185636798 0.2483117912 0)
(-0.04074771939 0.2461331813 0)
(-0.0389976057 0.2430040601 0)
(-0.03668735901 0.2390945289 0)
(-0.03389862737 0.2345360278 0)
(-0.03071164109 0.229426951 0)
(-0.02720424516 0.2238377692 0)
(-0.02345146814 0.2178155811 0)
(-0.01952543887 0.2113880667 0)
(-0.01549553871 0.2045668935 0)
(-0.01142866476 0.1973505636 0)
(-0.007389571998 0.1897267884 0)
(-0.003441229194 0.1816744555 0)
(0.0003548288665 0.1731652069 0)
(0.003938169441 0.1641646894 0)
(0.007249212347 0.1546335464 0)
(0.01022900679 0.1445281553 0)
(0.0128190312 0.1338011367 0)
(0.01496106198 0.1224016932 0)
(0.01659709811 0.110275789 0)
(0.01766934873 0.09736618973 0)
(0.01812029305 0.08361238453 0)
(0.01789283112 0.06895040825 0)
(0.01693054873 0.05331258594 0)
(0.01517812971 0.03662723104 0)
(0.01258206464 0.018818324 0)
(0.009091992248 -0.0001948691482 0)
(0.004660942674 -0.02049754761 0)
(-0.0007517315544 -0.04217925152 0)
(-0.007177006518 -0.06533338448 0)
(-0.01463279543 -0.09005501851 0)
(-0.02311768846 -0.1164372157 0)
(-0.03260275993 -0.1445642696 0)
(-0.04302032461 -0.1745002428 0)
(-0.05424881021 -0.2062701286 0)
(-0.06609347428 -0.2398298181 0)
(-0.07826296279 -0.2750209514 0)
(-0.09034323715 -0.3115059764 0)
(-0.1017728833 -0.3486801178 0)
(-0.1118275685 -0.3855615226 0)
(-0.1196262355 -0.4206696299 0)
(-0.1241761198 -0.4519158136 0)
(-0.1244748411 -0.4765482273 0)
(-0.1196807923 -0.4912072257 0)
(-0.1093443405 -0.492147037 0)
(-0.09366246242 -0.4756496516 0)
(-0.07368463957 -0.4385911642 0)
(-0.05137174291 -0.3790325643 0)
(-0.02948134931 -0.2966331083 0)
(-0.01156863725 -0.1926862222 0)
(-0.0009444365755 -0.06971018092 0)
(-0.0001970340156 0.02662342719 0)
(-0.00270638742 0.07395881713 0)
(-0.00712039157 0.1148820232 0)
(-0.01273496607 0.1492710532 0)
(-0.0188124639 0.1773941019 0)
(-0.02479401511 0.199759122 0)
(-0.03025479681 0.217003955 0)
(-0.03490035715 0.2298128771 0)
(-0.03855220371 0.2388582712 0)
(-0.04112501 0.2447645291 0)
(-0.04260336445 0.2480888763 0)
(-0.04302128015 0.249313891 0)
(-0.04244547568 0.2488475228 0)
(-0.04096252277 0.2470275291 0)
(-0.03866946259 0.244128207 0)
(-0.03566728813 0.2403680369 0)
(-0.03205666514 0.2359173852 0)
(-0.02793532552 0.2309057725 0)
(-0.02339665936 0.2254284579 0)
(-0.01852913211 0.2195522376 0)
(-0.01341625432 0.2133204552 0)
(-0.008136860996 0.2067572264 0)
(-0.002765618644 0.1998709985 0)
(0.002626423435 0.1926574895 0)
(0.00797113566 0.1851020651 0)
(0.01320288 0.1771817327 0)
(0.01825788639 0.1688666779 0)
(0.02307378809 0.1601214708 0)
(0.02758918445 0.1509059995 0)
(0.03174328076 0.1411761528 0)
(0.03547559019 0.1308842795 0)
(0.03872568772 0.1199794727 0)
(0.04143301588 0.1084076921 0)
(0.04353674749 0.0961117435 0)
(0.04497570877 0.08303112791 0)
(0.04568837453 0.06910177177 0)
(0.04561295194 0.05425564878 0)
(0.04468757361 0.03842030623 0)
(0.0428506963 0.0215183106 0)
(0.04004214469 0.003466580236 0)
(0.03620315157 -0.01582427137 0)
(0.03127824036 -0.03644985327 0)
(0.02521850931 -0.05851300164 0)
(0.01798414248 -0.08212283068 0)
(0.009549682515 -0.1073931595 0)
(-8.861465734e-05 -0.1344385362 0)
(-0.01090250309 -0.1633664062 0)
(-0.02281683434 -0.1942624226 0)
(-0.03568973773 -0.227165337 0)
(-0.04928696555 -0.2620268233 0)
(-0.06325065916 -0.2986489651 0)
(-0.07706501591 -0.3365931379 0)
(-0.09002550959 -0.375057077 0)
(-0.1012242108 -0.412724353 0)
(-0.1095707925 -0.4476056609 0)
(-0.113874794 -0.4769149664 0)
(-0.1130122719 -0.4970487283 0)
(-0.10618362 -0.5037501213 0)
(-0.09323404998 -0.4925215436 0)
(-0.07495698124 -0.4592776038 0)
(-0.05325064337 -0.4011120278 0)
(-0.03105918043 -0.316927604 0)
(-0.01237804294 -0.2076382469 0)
(-0.001046213599 -0.07579069486 0)
(-0.0002519180177 0.02811780622 0)
(-0.003313457275 0.07780996555 0)
(-0.008582532697 0.1203194055 0)
(-0.015136816 0.1555106336 0)
(-0.02204419348 0.1837513035 0)
(-0.02862844023 0.2056967567 0)
(-0.03440280592 0.2221404144 0)
(-0.03905378449 0.2339074163 0)
(-0.04241369196 0.2417857646 0)
(-0.04442595949 0.2464879438 0)
(-0.04511274978 0.2486340291 0)
(-0.04454819085 0.2487484666 0)
(-0.04283772553 0.2472647876 0)
(-0.04010307003 0.244534374 0)
(-0.03647183851 0.2408368144 0)
(-0.03207079849 0.2363903965 0)
(-0.02702181551 0.2313619414 0)
(-0.02143970689 0.2258756038 0)
(-0.01543138892 0.2200205086 0)
(-0.009095855596 0.213857254 0)
(-0.002524701658 0.2074233361 0)
(0.004197120391 0.2007376099 0)
(0.01099030137 0.1938039466 0)
(0.01778042351 0.1866142318 0)
(0.02449693725 0.179150753 0)
(0.03107236297 0.1713881021 0)
(0.03744151997 0.1632946629 0)
(0.043540889 0.1548337327 0)
(0.0493080293 0.1459643786 0)
(0.05468108502 0.136642059 0)
(0.05959836699 0.1268190303 0)
(0.06399799437 0.1164445718 0)
(0.06781759063 0.105465054 0)
(0.0709940315 0.09382386333 0)
(0.0734632433 0.08146119317 0)
(0.07516005664 0.06831370393 0)
(0.07601812591 0.05431405312 0)
(0.07596992658 0.03939029232 0)
(0.0749468921 0.02346512908 0)
(0.07288007437 0.006455014632 0)
(0.06970015525 -0.01173105416 0)
(0.0653382983 -0.03119187314 0)
(0.05972902059 -0.05203599238 0)
(0.05281213505 -0.07438211113 0)
(0.04453674856 -0.09835935626 0)
(0.03486762517 -0.1241060527 0)
(0.02379439206 -0.1517654317 0)
(0.01134518992 -0.1814758271 0)
(-0.002394451837 -0.2133520242 0)
(-0.01725507261 -0.2474518324 0)
(-0.03294847241 -0.2837190803 0)
(-0.04902559581 -0.3218955702 0)
(-0.06483132603 -0.3613918215 0)
(-0.07946746217 -0.4011135684 0)
(-0.09178363872 -0.4392552926 0)
(-0.100428263 -0.473099326 0)
(-0.1039953971 -0.4988956153 0)
(-0.1012943353 -0.5119299576 0)
(-0.09173255329 -0.5068920895 0)
(-0.07573448711 -0.4785899835 0)
(-0.05503526835 -0.4229095891 0)
(-0.03272303326 -0.337727165 0)
(-0.01327707355 -0.2233672786 0)
(-0.001165363189 -0.08232189672 0)
(-0.0003284722438 0.02996834081 0)
(-0.004121911556 0.0824789266 0)
(-0.0104911796 0.1267714556 0)
(-0.01821899032 0.1627307814 0)
(-0.02612369612 0.190890402 0)
(-0.03339210473 0.212121624 0)
(-0.03947647742 0.2274302203 0)
(-0.04405662019 0.2378228308 0)
(-0.04699276096 0.2442284994 0)
(-0.04827453175 0.2474611632 0)
(-0.04797709751 0.2482085923 0)
(-0.04622717385 0.24703651 0)
(-0.04317833851 0.2444003426 0)
(-0.03899411789 0.2406599389 0)
(-0.03383710347 0.2360945945 0)
(-0.02786248398 0.2309170089 0)
(-0.02121466675 0.2252855791 0)
(-0.01402596676 0.2193148699 0)
(-0.006416593246 0.2130843348 0)
(0.001504566029 0.206645479 0)
(0.009638648389 0.2000276188 0)
(0.01789559688 0.1932424801 0)
(0.02619271264 0.1862879677 0)
(0.03445330216 0.1791511121 0)
(0.04260542637 0.17181036 0)
(0.05058081159 0.1642373523 0)
(0.05831387941 0.1563983188 0)
(0.06574091739 0.1482551064 0)
(0.07279935392 0.1397659375 0)
(0.07942713763 0.1308859437 0)
(0.0855622048 0.1215674998 0)
(0.09114201701 0.1117603889 0)
(0.09610315721 0.1014118166 0)
(0.1003809751 0.09046628894 0)
(0.1039092754 0.07886535572 0)
(0.1066200474 0.06654722017 0)
(0.1084432407 0.05344620438 0)
(0.1093065904 0.03949205608 0)
(0.1091355298 0.02460907665 0)
(0.1078534836 0.008715017928 0)
(0.1053818555 -0.008280430581 0)
(0.1016399951 -0.02647658487 0)
(0.0965475361 -0.04598422904 0)
(0.09002582451 -0.06692722662 0)
(0.0820006412 -0.08944445366 0)
(0.07240730611 -0.1136909951 0)
(0.06119836021 -0.1398374813 0)
(0.04835537812 -0.1680654812 0)
(0.03390657905 -0.1985556605 0)
(0.01795252335 -0.2314624916 0)
(0.0007014729234 -0.2668673355 0)
(-0.01748338189 -0.304698588 0)
(-0.03602606662 -0.3446027899 0)
(-0.05407893712 -0.3857589644 0)
(-0.07047940047 -0.4266319421 0)
(-0.08375836989 -0.4646921326 0)
(-0.09224815937 -0.4961758937 0)
(-0.09434047791 -0.516014045 0)
(-0.0889174288 -0.5180951141 0)
(-0.07589703838 -0.4959899304 0)
(-0.05671017922 -0.4441016619 0)
(-0.03451104039 -0.3589317105 0)
(-0.01430202458 -0.239918054 0)
(-0.001308740567 -0.08936331713 0)
(-0.0004362610079 0.03229582725 0)
(-0.005199064382 0.08821036922 0)
(-0.01297062731 0.1345018499 0)
(-0.0221356948 0.1711404753 0)
(-0.03119653768 0.1989292385 0)
(-0.03918750644 0.2190531034 0)
(-0.04551079803 0.2328048256 0)
(-0.04986270983 0.241421497 0)
(-0.05215765189 0.2460004821 0)
(-0.05245557434 0.2474687537 0)
(-0.05090433057 0.2465832456 0)
(-0.0476980055 0.2439466378 0)
(-0.04304862734 0.2400291364 0)
(-0.03716818181 0.235191047 0)
(-0.0302580786 0.2297035659 0)
(-0.02250372936 0.2237667659 0)
(-0.01407247276 0.2175245785 0)
(-0.005113578366 0.2110769704 0)
(0.004240571698 0.2044896955 0)
(0.01387247071 0.1978019789 0)
(0.02367775278 0.1910323875 0)
(0.03356291798 0.18418367 0)
(0.04344339863 0.1772463785 0)
(0.05324174994 0.1702016546 0)
(0.06288607134 0.1630233757 0)
(0.07230863426 0.1556797754 0)
(0.08144469921 0.1481346706 0)
(0.09023150844 0.1403483564 0)
(0.09860742323 0.1322782432 0)
(0.1065111871 0.1238792847 0)
(0.1138812922 0.1151042271 0)
(0.1206554261 0.1059037058 0)
(0.1267699825 0.09622620567 0)
(0.1321596193 0.08601789446 0)
(0.1367568553 0.07522232942 0)
(0.1404916959 0.06378003116 0)
(0.1432912878 0.05162790865 0)
(0.1450796003 0.03869851042 0)
(0.1457771484 0.02491906742 0)
(0.1453009675 0.01021026325 0)
(0.1435645446 -0.005515463771 0)
(0.1404770943 -0.02235541011 0)
(0.135945276 -0.04041935596 0)
(0.129874151 -0.05983216982 0)
(0.1221686727 -0.0807371153 0)
(0.112737433 -0.1032991934 0)
(0.1014985845 -0.1277077578 0)
(0.08838944053 -0.1541768176 0)
(0.07338166761 -0.1829400822 0)
(0.05650465216 -0.2142353579 0)
(0.0378801163 -0.2482698354 0)
(0.01777135688 -0.2851530942 0)
(-0.003352790443 -0.3247803921 0)
(-0.0247376707 -0.3666440065 0)
(-0.04526595573 -0.4095595157 0)
(-0.06341271164 -0.4513152035 0)
(-0.07729452933 -0.4883017544 0)
(-0.08488377122 -0.5152568152 0)
(-0.08445763017 -0.5253457364 0)
(-0.07526709669 -0.5108105288 0)
(-0.05824425429 -0.4642713886 0)
(-0.0364748339 -0.3804101939 0)
(-0.01550693988 -0.2573549311 0)
(-0.001487134299 -0.09699965307 0)
(-0.0005902750982 0.03526442951 0)
(-0.006639566494 0.09531559887 0)
(-0.01618113641 0.1438196762 0)
(-0.02706521851 0.180952102 0)
(-0.03740177646 0.2079462256 0)
(-0.04606909814 0.2264381682 0)
(-0.05244785694 0.23810333 0)
(-0.0562903401 0.2444653835 0)
(-0.05760375434 0.246816273 0)
(-0.05655050146 0.2462027265 0)
(-0.05337520825 0.2434463356 0)
(-0.04835589121 0.2391767739 0)
(-0.04177342018 0.2338672109 0)
(-0.03389396908 0.2278667822 0)
(-0.02496018793 0.2214281576 0)
(-0.01518791443 0.2147299417 0)
(-0.004766222031 0.2078943878 0)
(0.006140684532 0.2010011809 0)
(0.01739044469 0.1940979699 0)
(0.02885984092 0.1872081611 0)
(0.04044141773 0.1803371436 0)
(0.05204064259 0.1734768633 0)
(0.0635733167 0.1666092026 0)
(0.07496331455 0.1597085232 0)
(0.08614065278 0.1527435572 0)
(0.0970398493 0.1456787951 0)
(0.1075985391 0.1384754993 0)
(0.1177563108 0.1310924204 0)
(0.1274537243 0.1234862838 0)
(0.1366314779 0.1156120937 0)
(0.1452296932 0.1074232836 0)
(0.1531872915 0.09887173739 0)
(0.160441438 0.08990769312 0)
(0.1669270346 0.08047953422 0)
(0.1725762454 0.07053346658 0)
(0.1773180429 0.06001306987 0)
(0.1810777686 0.04885870229 0)
(0.1837766993 0.0370067262 0)
(0.1853316187 0.02438850944 0)
(0.1856545321 0.01092912966 0)
(0.1846525004 -0.003454407475 0)
(0.1822264414 -0.01885508695 0)
(0.1782721527 -0.03537875966 0)
(0.1726808626 -0.05314748881 0)
(0.165339578 -0.07230389738 0)
(0.1561334546 -0.09301624181 0)
(0.1449498422 -0.1154838158 0)
(0.1316853661 -0.1399416641 0)
(0.1162579789 -0.1666623405 0)
(0.09862676416 -0.1959502147 0)
(0.07882333689 -0.2281203699 0)
(0.0569996252 -0.2634488347 0)
(0.03349630605 -0.3020743391 0)
(0.008934510438 -0.343824045 0)
(-0.01567847173 -0.3879355067 0)
(-0.03884128895 -0.4326428774 0)
(-0.05853251935 -0.4746868813 0)
(-0.07234096152 -0.5088403709 0)
(-0.07788357497 -0.5277164582 0)
(-0.07356865363 -0.5222127292 0)
(-0.0595690076 -0.4828649511 0)
(-0.03867885126 -0.4019788187 0)
(-0.01697204267 -0.2757671343 0)
(-0.001717937459 -0.10535376 0)
(-0.0008147951224 0.03910139982 0)
(-0.008578918344 0.104190085 0)
(-0.02032755143 0.1550746139 0)
(-0.03320066359 0.1923521849 0)
(-0.04483774936 0.217934357 0)
(-0.05398365088 0.2340984332 0)
(-0.06005543814 0.2430204037 0)
(-0.06292444947 0.246569724 0)
(-0.06274498197 0.2462527025 0)
(-0.05982273059 0.2432328147 0)
(-0.05452677996 0.238382199 0)
(-0.04723594751 0.2323395158 0)
(-0.03830875765 0.2255629557 0)
(-0.02806880906 0.2183745161 0)
(-0.01679962247 0.2109950228 0)
(-0.004744925749 0.2035709673 0)
(0.007888175056 0.1961947406 0)
(0.02092448836 0.1889195422 0)
(0.03421642027 0.1817700848 0)
(0.04763892463 0.174750764 0)
(0.06108529836 0.167851468 0)
(0.07446343221 0.1610517274 0)
(0.08769260049 0.1543237019 0)
(0.1007007544 0.1476343276 0)
(0.1134222646 0.1409468466 0)
(0.1257960483 0.1342218838 0)
(0.1377640193 0.1274181909 0)
(0.1492698056 0.1204931426 0)
(0.1602576809 0.1134030436 0)
(0.1706716669 0.1061032889 0)
(0.1804547676 0.09854840374 0)
(0.189548303 0.0906919821 0)
(0.1978913141 0.08248653064 0)
(0.2054200159 0.07388322063 0)
(0.2120672795 0.06483154119 0)
(0.2177621269 0.05527883921 0)
(0.2224292263 0.04516972108 0)
(0.225988376 0.03444527862 0)
(0.2283539641 0.02304208684 0)
(0.2294344869 0.01089089611 0)
(0.2291322446 -0.002085151025 0)
(0.2273418837 -0.0159727218 0)
(0.2239506848 -0.03087117046 0)
(0.2188387681 -0.04689637365 0)
(0.2118784346 -0.06418576668 0)
(0.2029352048 -0.08290466575 0)
(0.1918699792 -0.1032538321 0)
(0.1785434474 -0.1254778302 0)
(0.1628245262 -0.14987275 0)
(0.1446055496 -0.1767899661 0)
(0.1238283854 -0.2066292719 0)
(0.1005273834 -0.239809137 0)
(0.07489639878 -0.2766935295 0)
(0.04738706078 -0.3174437312 0)
(0.01883924976 -0.3617546066 0)
(-0.009371056624 -0.4084321916 0)
(-0.03519478281 -0.4547759084 0)
(-0.0559263263 -0.4958862015 0)
(-0.06851589592 -0.5241142663 0)
(-0.07035895579 -0.5291273072 0)
(-0.06053577261 -0.499123293 0)
(-0.04119256545 -0.4233598245 0)
(-0.01881580353 -0.2952712118 0)
(-0.002029924906 -0.1146067876 0)
(-0.001150422154 0.04412809008 0)
(-0.01121406886 0.1153327969 0)
(-0.02566512683 0.1686362489 0)
(-0.04072097111 0.2054441553 0)
(-0.0534911419 0.2287238973 0)
(-0.06266101951 0.2416490063 0)
(-0.06778848541 0.2470323721 0)
(-0.06895905514 0.2471419822 0)
(-0.0665464605 0.243702404 0)
(-0.06104810438 0.2379739142 0)
(-0.05298608314 0.2308507287 0)
(-0.04285402366 0.2229516837 0)
(-0.03109232551 0.2146945592 0)
(-0.01808015359 0.206353444 0)
(-0.004136620261 0.1981011501 0)
(0.01047355935 0.1900399752 0)
(0.0255324718 0.1822235452 0)
(0.04086185793 0.1746720102 0)
(0.05631541861 0.1673829682 0)
(0.07177250065 0.160338934 0)
(0.08713261481 0.1535124214 0)
(0.102310852 0.1468694241 0)
(0.1172341053 0.1403717822 0)
(0.1318379816 0.1339787759 0)
(0.1460642926 0.1276481819 0)
(0.1598590224 0.1213369563 0)
(0.1731706786 0.1150016565 0)
(0.1859489508 0.1085986776 0)
(0.1981436096 0.1020843548 0)
(0.2097035918 0.09541496423 0)
(0.2205762271 0.08854664324 0)
(0.2307065667 0.08143524062 0)
(0.2400367854 0.07403610083 0)
(0.2485056285 0.06630377882 0)
(0.2560478829 0.05819167545 0)
(0.2625938521 0.04965157604 0)
(0.2680688216 0.04063306417 0)
(0.2723924941 0.03108277035 0)
(0.2754783788 0.02094339919 0)
(0.2772331779 0.010152456 0)
(0.2775563176 -0.001359472732 0)
(0.2763384091 -0.01367104082 0)
(0.2734608316 -0.02687293056 0)
(0.2687956189 -0.04107193594 0)
(0.2622039658 -0.05639633788 0)
(0.2535360311 -0.07300296582 0)
(0.2426312956 -0.09108621028 0)
(0.2293203056 -0.1108890643 0)
(0.2134292707 -0.1327156297 0)
(0.1947899312 -0.1569431007 0)
(0.1732587388 -0.184028403 0)
(0.1487517452 -0.2144994046 0)
(0.1213044263 -0.2489117047 0)
(0.09116815732 -0.2877383559 0)
(0.05895388824 -0.331142779 0)
(0.0258230898 -0.3785694581 0)
(-0.006302085448 -0.4280921665 0)
(-0.03457713618 -0.4754870497 0)
(-0.05536235279 -0.5132674906 0)
(-0.06491686156 -0.5301825661 0)
(-0.06083324322 -0.5119772598 0)
(-0.0440646706 -0.4441043707 0)
(-0.02121067871 -0.3160031689 0)
(-0.002471700667 -0.1250287615 0)
(-0.001666849081 0.05080950597 0)
(-0.01483319837 0.1293620023 0)
(-0.03249179052 0.1848391837 0)
(-0.04971685824 0.2201412471 0)
(-0.06309399345 0.2398555644 0)
(-0.07141609401 0.248377659 0)
(-0.07455536853 0.2492966952 0)
(-0.07294625775 0.2453067336 0)
(-0.06727106571 0.238323556 0)
(-0.05826961884 0.229657408 0)
(-0.04664006012 0.2201761191 0)
(-0.03299592421 0.2104364414 0)
(-0.01785397596 0.2007820141 0)
(-0.001637948982 0.1914136212 0)
(0.0153105448 0.1824377505 0)
(0.03271929156 0.1738994952 0)
(0.05037308365 0.1658048679 0)
(0.06810177786 0.1581355977 0)
(0.08577058756 0.1508587953 0)
(0.1032719882 0.1439331388 0)
(0.1205191373 0.1373128195 0)
(0.1374406049 0.1309500135 0)
(0.1539761835 0.1247963865 0)
(0.170073572 0.1188039723 0)
(0.1856857574 0.1129256473 0)
(0.2007689452 0.1071153488 0)
(0.2152809203 0.1013281287 0)
(0.2291797371 0.09552010255 0)
(0.242422665 0.08964833041 0)
(0.2549653223 0.08367065015 0)
(0.2667609524 0.07754547401 0)
(0.2777597994 0.07123155154 0)
(0.2879085507 0.06468769624 0)
(0.2971498189 0.05787246815 0)
(0.3054216412 0.05074379871 0)
(0.3126569721 0.04325853774 0)
(0.318783155 0.03537189334 0)
(0.3237213493 0.02703672312 0)
(0.3273858891 0.01820261979 0)
(0.3296836009 0.008814712717 0)
(0.3305131696 -0.001187937867 0)
(0.329763632 -0.0118746156 0)
(0.3273133793 -0.02332558195 0)
(0.3230297073 -0.03563618291 0)
(0.316766681 -0.04892223292 0)
(0.3083638376 -0.06332731355 0)
(0.2976448989 -0.07903249492 0)
(0.2844169916 -0.09626898798 0)
(0.2684714297 -0.1153339551 0)
(0.2495879411 -0.1366088366 0)
(0.2275458237 -0.1605774926 0)
(0.2021481433 -0.1878371268 0)
(0.1732689629 -0.2190866489 0)
(0.140938549 -0.2550625875 0)
(0.105485591 -0.2963701626 0)
(0.06775350207 -0.3431278183 0)
(0.02938826662 -0.3943200103 0)
(-0.006861599038 -0.446772839 0)
(-0.03697387267 -0.493739209 0)
(-0.0560641649 -0.5236251756 0)
(-0.05983165749 -0.5198919323 0)
(-0.04725377658 -0.4634513579 0)
(-0.02439863418 -0.3380839052 0)
(-0.003125892829 -0.1370237928 0)
(-0.002485979955 0.05983484196 0)
(-0.01985270919 0.147011986 0)
(-0.04109640658 0.2038568363 0)
(-0.06001506311 0.2359720026 0)
(-0.07283905569 0.2503782807 0)
(-0.0787920528 0.2530725388 0)
(-0.07832730269 0.2485249927 0)
(-0.07240283306 0.2398248951 0)
(-0.06210485683 0.2289991488 0)
(-0.04845498475 0.2173220062 0)
(-0.03233212257 0.2055610413 0)
(-0.01445534198 0.1941537513 0)
(0.004605516019 0.1833282156 0)
(0.02440742047 0.1731834166 0)
(0.04461207395 0.1637403027 0)
(0.0649631297 0.1549750997 0)
(0.08526750034 0.1468395993 0)
(0.1053800422 0.13927358 0)
(0.1251914755 0.132212153 0)
(0.1446189261 0.125589968 0)
(0.1635986189 0.1193434918 0)
(0.1820802745 0.1134121168 0)
(0.200022826 0.1077385785 0)
(0.2173911497 0.1022689793 0)
(0.2341535667 0.0969526001 0)
(0.2502799288 0.09174160617 0)
(0.2657401424 0.08659071037 0)
(0.2805030205 0.08145682608 0)
(0.2945353766 0.0762987262 0)
(0.3078012962 0.0710767132 0)
(0.3202615335 0.06575229896 0)
(0.3318729949 0.06028788817 0)
(0.3425882763 0.05464645601 0)
(0.3523552271 0.04879120736 0)
(0.3611165197 0.04268520067 0)
(0.3688092028 0.03629091451 0)
(0.3753642186 0.02956972706 0)
(0.3807058616 0.02248126822 0)
(0.3847511509 0.01498258913 0)
(0.3874091351 0.007027074562 0)
(0.3885801272 -0.001437007763 0)
(0.3881542656 -0.01046859062 0)
(0.386010167 -0.02013623471 0)
(0.3820140768 -0.03052205061 0)
(0.3760172991 -0.04172679528 0)
(0.367853967 -0.05387694154 0)
(0.3573383246 -0.06713439107 0)
(0.3442616881 -0.08170963989 0)
(0.3283896653 -0.09787925327 0)
(0.3094608328 -0.1160081936 0)
(0.2871894366 -0.1365763991 0)
(0.2612771995 -0.1602060447 0)
(0.2314435968 -0.1876793126 0)
(0.1974906288 -0.2199232246 0)
(0.159426875 -0.2579139685 0)
(0.1176834068 -0.302414223 0)
(0.07345071079 -0.3534059427 0)
(0.02912608067 -0.4090425181 0)
(-0.01125351149 -0.4639961362 0)
(-0.04188915941 -0.5072581487 0)
(-0.05629597373 -0.5206513754 0)
(-0.05046046418 -0.4800808744 0)
(-0.02869052277 -0.3615319907 0)
(-0.004135042172 -0.1512059947 0)
(-0.0038239952 0.07224616612 0)
(-0.02684167922 0.1690676391 0)
(-0.05158090483 0.2254305294 0)
(-0.07077477321 0.2517380537 0)
(-0.08081716106 0.2585406238 0)
(-0.08192301931 0.2537951767 0)
(-0.07549606558 0.2428458074 0)
(-0.06321020183 0.2290345941 0)
(-0.04662605693 0.2143377827 0)
(-0.02704601016 0.1998567714 0)
(-0.00549353799 0.1861567818 0)
(0.01725697646 0.1734859947 0)
(0.04063349591 0.1619113474 0)
(0.06422358962 0.1514021658 0)
(0.0877331494 0.1418791331 0)
(0.1109556411 0.1332423974 0)
(0.1337478966 0.1253870142 0)
(0.1560119333 0.1182110836 0)
(0.1776814611 0.1116195767 0)
(0.1987119529 0.1055257484 0)
(0.2190733859 0.0998512479 0)
(0.2387449535 0.09452557809 0)
(0.2577112156 0.08948527135 0)
(0.2759592963 0.08467298665 0)
(0.2934768365 0.0800366327 0)
(0.3102504939 0.07552856549 0)
(0.3262648345 0.07110487737 0)
(0.341501504 0.06672477702 0)
(0.3559385978 0.0623500514 0)
(0.3695501689 0.05794459644 0)
(0.3823058272 0.0534740018 0)
(0.3941703977 0.04890517385 0)
(0.4051036075 0.04420598113 0)
(0.4150597821 0.03934490479 0)
(0.423987529 0.0342906749 0)
(0.4318293908 0.02901186956 0)
(0.4385214487 0.02347644807 0)
(0.4439928527 0.01765118056 0)
(0.4481652497 0.01150092387 0)
(0.4509521251 0.004987676327 0)
(0.4522579715 -0.001930677708 0)
(0.4519768933 -0.00930216226 0)
(0.4499912008 -0.01718287968 0)
(0.446170098 -0.02564055273 0)
(0.4403668786 -0.03475908379 0)
(0.4324159642 -0.04464498987 0)
(0.4221290252 -0.05543645638 0)
(0.4092900556 -0.06731597431 0)
(0.3936494942 -0.08052782712 0)
(0.3749178424 -0.09540185798 0)
(0.3527601946 -0.1123846889 0)
(0.3267951268 -0.1320781475 0)
(0.2966053404 -0.1552805095 0)
(0.2617746033 -0.1830161705 0)
(0.2219772577 -0.2165180005 0)
(0.1771630146 -0.2570854373 0)
(0.1278956574 -0.3056715966 0)
(0.07589843622 -0.3619570938 0)
(0.02477713284 -0.4225964494 0)
(-0.01934237362 -0.478452959 0)
(-0.04787945063 -0.5110968767 0)
(-0.05274802367 -0.4916917968 0)
(-0.03439759863 -0.386038555 0)
(-0.005756830444 -0.1685198024 0)
(-0.006049446196 0.08959615743 0)
(-0.0364417223 0.1961081713 0)
(-0.06333472092 0.2483079836 0)
(-0.07957595669 0.2649367812 0)
(-0.08291540113 0.2613575642 0)
(-0.07541527906 0.2476307561 0)
(-0.05985094394 0.2297170807 0)
(-0.0387448067 0.2108848137 0)
(-0.0141080286 0.1927866398 0)
(0.01257062099 0.1761586949 0)
(0.04023250609 0.1612405291 0)
(0.06815762067 0.148017242 0)
(0.09586622464 0.1363566883 0)
(0.1230499236 0.126081696 0)
(0.1495176262 0.1170076993 0)
(0.1751576086 0.1089605384 0)
(0.1999105573 0.1017837754 0)
(0.2237508702 0.09534051445 0)
(0.246673823 0.08951253923 0)
(0.2686868213 0.08419830866 0)
(0.2898034746 0.07931061317 0)
(0.3100396019 0.07477428608 0)
(0.3294105517 0.07052414365 0)
(0.3479294135 0.06650321154 0)
(0.3656058293 0.0626612367 0)
(0.3824452085 0.05895345754 0)
(0.3984482115 0.05533959564 0)
(0.4136104089 0.05178303101 0)
(0.4279220536 0.04825012556 0)
(0.4413679209 0.04470966345 0)
(0.4539271867 0.04113238092 0)
(0.4655733175 0.03749056173 0)
(0.4762739581 0.03375767663 0)
(0.4859907994 0.02990804653 0)
(0.4946794121 0.0259165088 0)
(0.5022890344 0.02175806428 0)
(0.5087622937 0.01740747841 0)
(0.5140348431 0.01283880348 0)
(0.518034881 0.008024779325 0)
(0.5206825731 0.002936055809 0)
(0.5218892279 -0.002459826819 0)
(0.5215559315 -0.008199901174 0)
(0.5195723219 -0.0143276359 0)
(0.5158148277 -0.02089591673 0)
(0.51014381 -0.02797087538 0)
(0.5024001039 -0.03563736892 0)
(0.492400309 -0.04400682884 0)
(0.4799304571 -0.05322846106 0)
(0.4647377045 -0.06350522628 0)
(0.4465197743 -0.07511652928 0)
(0.4249123392 -0.08844999653 0)
(0.3994758025 -0.1040447333 0)
(0.3696858675 -0.122646969 0)
(0.3349384873 -0.1452735492 0)
(0.2945918698 -0.1732639735 0)
(0.2480895911 -0.2082670933 0)
(0.1952414751 -0.2520363081 0)
(0.1367737662 -0.3057746705 0)
(0.075252418 -0.3685759607 0)
(0.01631262323 -0.4343540481 0)
(-0.03026513308 -0.4868815862 0)
(-0.05169885693 -0.4942744976 0)
(-0.04151054641 -0.4102887766 0)
(-0.008412323727 -0.1901829649 0)
(-0.009624700448 0.1140280852 0)
(-0.04880541723 0.2277281175 0)
(-0.07355552704 0.2690829213 0)
(-0.08038307211 0.2708212625 0)
(-0.07070216424 0.2540841912 0)
(-0.04945819088 0.2305389173 0)
(-0.02105316696 0.2060451176 0)
(0.01125641509 0.183211909 0)
(0.04525106772 0.1629816325 0)
(0.07952149506 0.145498797 0)
(0.1132100156 0.1305641554 0)
(0.1458287184 0.1178533407 0)
(0.1771251512 0.107022993 0)
(0.206993432 0.09775573962 0)
(0.2354149993 0.08977636747 0)
(0.2624209067 0.08285383652 0)
(0.2880680934 0.07679740208 0)
(0.3124247578 0.07145073966 0)
(0.3355615465 0.06668589267 0)
(0.3575463946 0.06239781354 0)
(0.378441627 0.05849974415 0)
(0.398302439 0.0549194412 0)
(0.4171762013 0.05159615437 0)
(0.4351022454 0.04847823568 0)
(0.4521119181 0.04552126055 0)
(0.4682287737 0.04268655469 0)
(0.4834688289 0.03994003887 0)
(0.497840832 0.03725132013 0)
(0.5113465217 0.03459297252 0)
(0.5239808586 0.03193996229 0)
(0.5357322215 0.02926918161 0)
(0.5465825616 0.02655906178 0)
(0.5565075117 0.02378924179 0)
(0.5654764437 0.02094027108 0)
(0.5734524711 0.01799332658 0)
(0.5803923847 0.01492992391 0)
(0.5862465119 0.01173159996 0)
(0.5909584795 0.008379540149 0)
(0.5944648498 0.004854116607 0)
(0.596694658 0.001134294819 0)
(0.5975686415 -0.002803122756 0)
(0.596997998 -0.006984622913 0)
(0.5948833825 -0.01144149994 0)
(0.5911128696 -0.01621212479 0)
(0.5855591895 -0.02134492094 0)
(0.5780760493 -0.02690266955 0)
(0.5684929938 -0.03296875223 0)
(0.5566082604 -0.03965620961 0)
(0.5421789207 -0.04712097287 0)
(0.5249074258 -0.05558127653 0)
(0.5044236209 -0.06534613722 0)
(0.4802616696 -0.07685681824 0)
(0.4518327696 -0.09074597441 0)
(0.4183985295 -0.1079183325 0)
(0.3790593796 -0.1296506128 0)
(0.332792911 -0.1576878093 0)
(0.278617244 -0.1942574351 0)
(0.2160222367 -0.2417925825 0)
(0.1458934936 -0.3018862959 0)
(0.07217466208 -0.3725530564 0)
(0.004225387777 -0.4424343504 0)
(-0.04155151678 -0.4810712449 0)
(-0.04852160741 -0.430622146 0)
(-0.01243675396 -0.2171629253 0)
(-0.01461383071 0.1488109134 0)
(-0.0613473797 0.2607989102 0)
(-0.07325442326 0.2799487401 0)
(-0.05909437502 0.261047003 0)
(-0.02754169431 0.2298519269 0)
(0.01310910626 0.1976554432 0)
(0.05731590272 0.1688371523 0)
(0.1017997157 0.1445104273 0)
(0.1447943963 0.1244984124 0)
(0.1854662524 0.1082001195 0)
(0.2235092072 0.09494295394 0)
(0.2589051189 0.08411440938 0)
(0.2917810946 0.07520355836 0)
(0.3223275616 0.06780154075 0)
(0.3507530458 0.06158775526 0)
(0.3772608349 0.05631297789 0)
(0.4020379115 0.05178378888 0)
(0.4252506048 0.04784961004 0)
(0.4470437887 0.04439245584 0)
(0.4675418143 0.04131905537 0)
(0.4868501818 0.03855488601 0)
(0.5050574236 0.03603968816 0)
(0.5222369371 0.03372410218 0)
(0.5384486483 0.0315671462 0)
(0.5537404656 0.02953431963 0)
(0.5681495218 0.02759617166 0)
(0.5817032206 0.02572721483 0)
(0.5944201098 0.02390509509 0)
(0.6063106053 0.02210995244 0)
(0.6173775868 0.02032392311 0)
(0.6276168836 0.01853074592 0)
(0.6370176652 0.01671544467 0)
(0.6455627468 0.01486406356 0)
(0.6532288167 0.01296343723 0)
(0.6599865875 0.0110009785 0)
(0.6658008698 0.008964467802 0)
(0.6706305609 0.00684182706 0)
(0.6744285327 0.004620858665 0)
(0.677141394 0.002288926195 0)
(0.6787091762 -0.0001674376722 0)
(0.6790645338 -0.002763044939 0)
(0.6781320378 -0.005514877696 0)
(0.6758270131 -0.008443157859 0)
(0.6720536486 -0.01157287737 0)
(0.6667024465 -0.01493587621 0)
(0.6596466403 -0.0185738671 0)
(0.6507371022 -0.02254285163 0)
(0.6397950984 -0.0269196102 0)
(0.6266019794 -0.03181135584 0)
(0.6108845075 -0.03737026322 0)
(0.5922940551 -0.04381555448 0)
(0.5703774298 -0.05146729803 0)
(0.5445369152 -0.06079817305 0)
(0.5139781657 -0.07251199001 0)
(0.477649146 -0.08765943181 0)
(0.4341867667 -0.1077974424 0)
(0.3819218457 -0.1351741697 0)
(0.319068742 -0.1728366153 0)
(0.2443738556 -0.2243181253 0)
(0.1587472441 -0.2919744675 0)
(0.06857704053 -0.3718584328 0)
(-0.009733371839 -0.4417328191 0)
(-0.04930694028 -0.4399930518 0)
(-0.01775337054 -0.2519583145 0)
(-0.01998239601 0.2003038353 0)
(-0.06154439348 0.2856787506 0)
(-0.0371495076 0.2654370946 0)
(0.01553661468 0.223061037 0)
(0.07769859689 0.1808219052 0)
(0.1403360048 0.1451361183 0)
(0.1992285652 0.1170814172 0)
(0.2527312533 0.09560234375 0)
(0.300618895 0.07924623502 0)
(0.343294155 0.06674260446 0)
(0.3813644181 0.05709474922 0)
(0.4154614203 0.04955442107 0)
(0.4461661351 0.04357410953 0)
(0.4739816388 0.03875722439 0)
(0.4993301074 0.03481647078 0)
(0.5225602621 0.03154259235 0)
(0.5439579227 0.02878182485 0)
(0.5637565625 0.02641988977 0)
(0.5821466947 0.02437072988 0)
(0.5992837433 0.02256860281 0)
(0.6152944362 0.02096251749 0)
(0.6302819078 0.01951229762 0)
(0.6443297377 0.01818577657 0)
(0.6575051361 0.01695678231 0)
(0.6698614543 0.01580367709 0)
(0.6814401685 0.01470828966 0)
(0.6922724525 0.01365512707 0)
(0.7023804293 0.01263078721 0)
(0.711778172 0.01162351632 0)
(0.7204725074 0.01062287152 0)
(0.7284636622 0.009619459451 0)
(0.7357457812 0.008604729573 0)
(0.7423073411 0.007570805725 0)
(0.7481314732 0.006510342773 0)
(0.7531962031 0.005416397195 0)
(0.7574746135 0.004282301112 0)
(0.7609349227 0.003101529148 0)
(0.7635404714 0.00186754682 0)
(0.7652496041 0.000573627935 0)
(0.766015452 -0.0007873380727 0)
(0.765785305 -0.002223224291 0)
(0.7645002552 -0.003743097208 0)
(0.7620939976 -0.005357855607 0)
(0.7584913275 -0.007081094561 0)
(0.7536059672 -0.008930323251 0)
(0.7473374388 -0.01092873561 0)
(0.7395665619 -0.01310780419 0)
(0.7301489468 -0.01551112812 0)
(0.7189055455 -0.01820023771 0)
(0.7056088429 -0.02126350891 0)
(0.6899625554 -0.02483010691 0)
(0.6715716427 -0.02909219139 0)
(0.6498979879 -0.03434085614 0)
(0.6241953667 -0.04102502682 0)
(0.5934161502 -0.04984850261 0)
(0.5560844428 -0.06192855535 0)
(0.5101444437 -0.07904614981 0)
(0.4528403506 -0.1040036356 0)
(0.3808222768 -0.1409981419 0)
(0.2910454582 -0.1954841906 0)
(0.1836458314 -0.2716661444 0)
(0.06795194359 -0.362763277 0)
(-0.02696865181 -0.4234284866 0)
(-0.02430423814 -0.3009374634 0)
(-0.008719757072 0.2514898625 0)
(0.0004601425126 0.2721048093 0)
(0.1010441256 0.2051346012 0)
(0.2069145665 0.149049513 0)
(0.2971149125 0.1073202298 0)
(0.3720737928 0.07776028864 0)
(0.4339717665 0.05761367986 0)
(0.484981712 0.04393283859 0)
(0.5273408909 0.03449691588 0)
(0.5629682198 0.02785489816 0)
(0.5933491861 0.02307101651 0)
(0.6196102189 0.0195378844 0)
(0.6426030258 0.01686108753 0)
(0.662970238 0.01478256037 0)
(0.681198226 0.01313078893 0)
(0.6976578995 0.01178964113 0)
(0.7126346761 0.01067890129 0)
(0.7263501892 0.009741979674 0)
(0.7389780245 0.00893807835 0)
(0.7506551471 0.008237140587 0)
(0.761490231 0.007616546028 0)
(0.7715697734 0.007058912933 0)
(0.7809626208 0.006550612675 0)
(0.7897233502 0.006080749498 0)
(0.7978948203 0.005640448834 0)
(0.8055101148 0.00522235352 0)
(0.8125940382 0.004820262133 0)
(0.819164279 0.00442886583 0)
(0.8252323228 0.004043554251 0)
(0.8308041756 0.003660270256 0)
(0.8358809415 0.003275399329 0)
(0.8404592859 0.00288568346 0)
(0.8445318077 0.002488151938 0)
(0.8480873346 0.002080063165 0)
(0.8511111527 0.00165885255 0)
(0.8535851733 0.001222082036 0)
(0.8554880379 0.0007673868989 0)
(0.8567951513 0.0002924162325 0)
(0.8574786648 -0.0002052264869 0)
(0.8575072383 -0.0007280861256 0)
(0.8568459233 -0.001279019144 0)
(0.8554556225 -0.001861356803 0)
(0.8532923624 -0.002479154085 0)
(0.8503062336 -0.003137545913 0)
(0.846439823 -0.003843251483 0)
(0.8416259367 -0.004605300468 0)
(0.8357842935 -0.005436098944 0)
(0.8288167018 -0.006353022218 0)
(0.8205999711 -0.00738084599 0)
(0.8109753836 -0.008555548003 0)
(0.7997328551 -0.009930414214 0)
(0.7865867481 -0.01158613375 0)
(0.7711383648 -0.01364799833 0)
(0.7528169201 -0.01631610227 0)
(0.7307855527 -0.01991989212 0)
(0.7037909053 -0.02501902547 0)
(0.669924102 -0.03259232295 0)
(0.6262531216 -0.04438940913 0)
(0.5683195571 -0.06355196485 0)
(0.489700412 -0.09552727066 0)
(0.3821561579 -0.1486635072 0)
(0.2376492673 -0.2317164325 0)
(0.06801011408 -0.3350694623 0)
(-0.004353893398 -0.3209819771 0)
(0.2405304417 0.124167851 0)
(0.3465005677 0.1052016783 0)
(0.5044743959 0.05686401696 0)
(0.6213944193 0.03140726364 0)
(0.69507447 0.01854939236 0)
(0.7449480991 0.01112525858 0)
(0.7806496833 0.006836186968 0)
(0.8068791594 0.004409286268 0)
(0.8268009204 0.003005866311 0)
(0.8424934027 0.002164067865 0)
(0.8552486282 0.00164086451 0)
(0.8658932718 0.001302237758 0)
(0.874976622 0.001072785872 0)
(0.8828716899 0.0009099471296 0)
(0.8898375435 0.0007892268581 0)
(0.8960587702 0.0006960990182 0)
(0.9016700092 0.0006216787609 0)
(0.9067714677 0.0005603489916 0)
(0.9114390245 0.000508427277 0)
(0.9157309491 0.0004634075491 0)
(0.9196924552 0.0004235206939 0)
(0.9233588533 0.0003874733858 0)
(0.9267577752 0.0003542887741 0)
(0.9299107751 0.0003232067875 0)
(0.9328345007 0.0002936201249 0)
(0.935541565 0.0002650321196 0)
(0.9380412046 0.0002370283424 0)
(0.9403397859 0.0002092570367 0)
(0.9424411982 0.0001814153426 0)
(0.9443471646 0.0001532393761 0)
(0.9460574897 0.0001244968918 0)
(0.9475702598 9.498166337e-05 0)
(0.9488820046 6.450895948e-05 0)
(0.9499878276 3.291163568e-05 0)
(0.95088151 3.643999441e-08 0)
(0.9515555888 -3.425985771e-05 0)
(0.9520014086 -7.011505183e-05 0)
(0.9522091489 -0.0001076665971 0)
(0.9521678092 -0.0001470550457 0)
(0.9518651779 -0.0001884329868 0)
(0.9512877036 -0.0002319926669 0)
(0.9504202949 -0.0002779738773 0)
(0.9492460293 -0.0003266881488 0)
(0.9477456985 -0.0003785574143 0)
(0.9458971339 -0.0004341661267 0)
(0.9436742228 -0.0004943352513 0)
(0.9410454762 -0.0005602315541 0)
(0.9379719296 -0.0006335326522 0)
(0.9344040381 -0.0007166836537 0)
(0.9302770153 -0.0008133106054 0)
(0.9255036979 -0.000928913919 0)
(0.9199633515 -0.001072083698 0)
(0.9134835959 -0.001256729704 0)
(0.9058102482 -0.001506363373 0)
(0.8965551955 -0.001862676742 0)
(0.8851029904 -0.002403355045 0)
(0.8704374102 -0.0032801185 0)
(0.8508089022 -0.004802384606 0)
(0.8230978998 -0.007622293442 0)
(0.7816713096 -0.01308696617 0)
(0.7159172067 -0.02385929728 0)
(0.6034537435 -0.04685818509 0)
(0.4186021368 -0.1003910069 0)
(0.2837429241 -0.1401605926 0)
)
;

boundaryField
{
    movingWall
    {
        type            fixedValue;
        value           uniform (1 0 0);
    }
    fixedWalls
    {
        type            noSlip;
    }
    frontAndBack
    {
        type            empty;
    }
}


// ************************************************************************* //
