/*--------------------------------*- C++ -*----------------------------------*\
  =========                 |
  \\      /  F ield         | OpenFOAM: The Open Source CFD Toolbox
   \\    /   O peration     | Website:  https://openfoam.org
    \\  /    A nd           | Version:  11
     \\/     M anipulation  |
\*---------------------------------------------------------------------------*/
FoamFile
{
    format      ascii;
    class       volVectorField;
    location    "300";
    object      U;
}
// * * * * * * * * * * * * * * * * * * * * * * * * * * * * * * * * * * * * * //

dimensions      [0 1 -1 0 0 0 0];

internalField   nonuniform List<vector> 
4096
(
(1.150529779e-05 -1.159396065e-05 0)
(4.477645361e-05 -1.36992773e-05 0)
(6.609980451e-05 -9.503437744e-06 0)
(5.986837081e-05 -3.280724459e-06 0)
(1.863144922e-05 3.114667691e-06 0)
(-5.814149185e-05 9.045852094e-06 0)
(-0.0001682766723 1.424150736e-05 0)
(-0.0003083901781 1.863414455e-05 0)
(-0.0004746008897 2.22556049e-05 0)
(-0.0006629407487 2.517657719e-05 0)
(-0.0008695753709 2.747882583e-05 0)
(-0.001090911421 2.924269815e-05 0)
(-0.001323639279 3.05414271e-05 0)
(-0.001564737769 3.143866271e-05 0)
(-0.001811456436 3.198766732e-05 0)
(-0.002061284987 3.223133576e-05 0)
(-0.002311916208 3.220272863e-05 0)
(-0.00256120663 3.192586338e-05 0)
(-0.002807137999 3.141672944e-05 0)
(-0.003047781731 3.068439401e-05 0)
(-0.003281267955 2.973222961e-05 0)
(-0.003505760294 2.855915817e-05 0)
(-0.003719437191 2.716096222e-05 0)
(-0.003920480288 2.553156556e-05 0)
(-0.004107070154 2.36643417e-05 0)
(-0.004277389412 2.155335359e-05 0)
(-0.004429633144 1.919458458e-05 0)
(-0.004562026272 1.658706192e-05 0)
(-0.00467284742 1.373392979e-05 0)
(-0.004760458593 1.064336818e-05 0)
(-0.004823339848 7.329410744e-06 0)
(-0.004860127959 3.812560709e-06 0)
(-0.004869657762 1.201946637e-07 0)
(-0.004851004682 -3.713334591e-06 0)
(-0.00480352878 -7.646177374e-06 0)
(-0.004726917987 -1.162897444e-05 0)
(-0.004621229073 -1.560566681e-05 0)
(-0.004486922982 -1.951436229e-05 0)
(-0.004324893549 -2.32884726e-05 0)
(-0.004136487937 -2.685815865e-05 0)
(-0.003923517304 -3.015198396e-05 0)
(-0.003688256466 -3.309879856e-05 0)
(-0.003433431628 -3.562973074e-05 0)
(-0.003162195598 -3.768027362e-05 0)
(-0.002878090373 -3.919232166e-05 0)
(-0.002584997394 -4.011612117e-05 0)
(-0.0022870763 -4.041198606e-05 0)
(-0.001988693391 -4.005174182e-05 0)
(-0.001694341457 -3.901977446e-05 0)
(-0.001408552806 -3.73136801e-05 0)
(-0.001135807469 -3.494446157e-05 0)
(-0.0008804382869 -3.193635723e-05 0)
(-0.0006465340466 -2.832640688e-05 0)
(-0.0004378406267 -2.416407474e-05 0)
(-0.0002576580794 -1.951146558e-05 0)
(-0.0001087281101 -1.444521027e-05 0)
(6.899446081e-06 -9.061968441e-06 0)
(8.804292859e-05 -3.491434554e-06 0)
(0.0001346479716 2.075485935e-06 0)
(0.0001481847653 7.330644462e-06 0)
(0.0001322477746 1.176592442e-05 0)
(9.374947682e-05 1.456359789e-05 0)
(4.619430341e-05 1.398836078e-05 0)
(7.884575798e-06 7.885341068e-06 0)
(1.381202735e-05 -4.50344872e-05 0)
(4.936537966e-05 -4.903224979e-05 0)
(4.282610823e-05 -7.158102147e-06 0)
(-3.307223168e-05 5.487455634e-05 0)
(-0.0001928166535 0.0001231837165 0)
(-0.0004390037704 0.000190319647 0)
(-0.0007681299813 0.0002524190533 0)
(-0.001173363779 0.0003076617498 0)
(-0.001646146344 0.0003553751251 0)
(-0.002177207904 0.0003955209476 0)
(-0.00275719256 0.0004284001655 0)
(-0.003377021113 0.000454479293 0)
(-0.004028083981 0.0004742862882 0)
(-0.0047023237 0.0004883475637 0)
(-0.005392245893 0.0004971503848 0)
(-0.006090885039 0.0005011215838 0)
(-0.00679174345 0.0005006172785 0)
(-0.00748871658 0.0004959202264 0)
(-0.008176014284 0.0004872426853 0)
(-0.008848085082 0.000474733234 0)
(-0.009499548684 0.0004584865101 0)
(-0.01012514062 0.0004385549848 0)
(-0.01071967171 0.0004149621639 0)
(-0.01127800417 0.0003877166172 0)
(-0.01179504552 0.0003568264193 0)
(-0.01226576057 0.0003223135311 0)
(-0.01268520144 0.0002842277915 0)
(-0.01304855472 0.0002426600985 0)
(-0.01335120474 0.0001977544769 0)
(-0.01358881094 0.0001497186294 0)
(-0.01375739745 9.883268247e-05 0)
(-0.01385345207 4.545572698e-05 0)
(-0.01387403132 -9.970256997e-06 0)
(-0.01381686812 -6.691876054e-05 0)
(-0.01368048221 -0.0001247774988 0)
(-0.01346428553 -0.000182851491 0)
(-0.01316868185 -0.0002403718076 0)
(-0.01279515134 -0.0002965072295 0)
(-0.01234631786 -0.0003503790764 0)
(-0.01182599486 -0.0004010790762 0)
(-0.01123920614 -0.0004476898456 0)
(-0.01059217865 -0.0004893075046 0)
(-0.009892305145 -0.0005250657255 0)
(-0.009148075172 -0.0005541604795 0)
(-0.008368974266 -0.0005758745789 0)
(-0.007565351934 -0.0005896011483 0)
(-0.006748260272 -0.0005948651124 0)
(-0.005929265941 -0.0005913419525 0)
(-0.005120239059 -0.0005788731125 0)
(-0.004333123031 -0.0005574778026 0)
(-0.003579689357 -0.0005273613386 0)
(-0.002871280877 -0.0004889208563 0)
(-0.002218545407 -0.000442750118 0)
(-0.001631159064 -0.0003896465556 0)
(-0.001117534189 -0.0003306257821 0)
(-0.0006845001497 -0.0002669522139 0)
(-0.0003369352664 -0.000200199905 0)
(-7.731239351e-05 -0.0001323666342 0)
(9.490068606e-05 -6.607747138e-05 0)
(0.000184051519 -4.932145366e-06 0)
(0.0001993868638 4.593437939e-05 0)
(0.0001568779725 7.902449714e-05 0)
(8.365827439e-05 8.350822965e-05 0)
(1.388564898e-05 4.607186779e-05 0)
(9.851343452e-06 -6.687936493e-05 0)
(7.998764817e-06 -4.280068665e-05 0)
(-7.177195918e-05 7.207826631e-05 0)
(-0.0002574589267 0.0002299482725 0)
(-0.000564310759 0.0004029998163 0)
(-0.0009956057235 0.0005747532448 0)
(-0.001547157159 0.0007357309121 0)
(-0.002210162204 0.0008808540228 0)
(-0.002973130544 0.001007760242 0)
(-0.003823213374 0.001115736421 0)
(-0.004747091786 0.001205043975 0)
(-0.005731542983 0.001276487146 0)
(-0.006763777771 0.001331133938 0)
(-0.007831618007 0.001370135562 0)
(-0.008923563758 0.001394611186 0)
(-0.01002878654 0.0014055773 0)
(-0.01113707553 0.001403908414 0)
(-0.01223875686 0.00139032035 0)
(-0.01332460117 0.001365370069 0)
(-0.0143857309 0.001329467745 0)
(-0.01541353603 0.001282897835 0)
(-0.01639960464 0.001225846683 0)
(-0.01733567321 0.001158434642 0)
(-0.01821359955 0.001080751063 0)
(-0.01902536057 0.0009928907302 0)
(-0.01976307568 0.0008949904949 0)
(-0.02041905564 0.0007872649572 0)
(-0.02098587596 0.000670040155 0)
(-0.02145647293 0.0005437842359 0)
(-0.02182425984 0.0004091341632 0)
(-0.02208325997 0.0002669175386 0)
(-0.0222282527 0.0001181686601 0)
(-0.02225492738 -3.586222865e-05 0)
(-0.02216004002 -0.0001937056336 0)
(-0.02194157351 -0.000353672446 0)
(-0.02159888699 -0.0005138641284 0)
(-0.02113285739 -0.0006721960421 0)
(-0.02054599767 -0.0008264286781 0)
(-0.01984254919 -0.00097420708 0)
(-0.01902854239 -0.001113107889 0)
(-0.01811182054 -0.001240693007 0)
(-0.01710202254 -0.001354568532 0)
(-0.0160105215 -0.001452447318 0)
(-0.01485031741 -0.001532213248 0)
(-0.01363588309 -0.001591985104 0)
(-0.01238296459 -0.001630177877 0)
(-0.01110833809 -0.001645559435 0)
(-0.009829526997 -0.001637300719 0)
(-0.008564483838 -0.001605018169 0)
(-0.00733124214 -0.001548807815 0)
(-0.006147543572 -0.001469271587 0)
(-0.005030444849 -0.00136753791 0)
(-0.00399590706 -0.001245280775 0)
(-0.003058367003 -0.001104744418 0)
(-0.002230285295 -0.000948784884 0)
(-0.001521659291 -0.0007809458014 0)
(-0.0009394798858 -0.000605594291 0)
(-0.0004870991104 -0.0004281550922 0)
(-0.0001634623384 -0.0002554969409 0)
(3.783096412e-05 -9.65416169e-05 0)
(0.000129649157 3.683416754e-05 0)
(0.0001329921233 0.0001285908187 0)
(8.107683059e-05 0.0001570778843 0)
(1.455033051e-05 9.372651541e-05 0)
(3.775759494e-06 -6.137082331e-05 0)
(-5.48448149e-05 3.336767331e-05 0)
(-0.0002332000873 0.0002582735522 0)
(-0.00055383397 0.0005475374844 0)
(-0.001027966328 0.0008604270027 0)
(-0.001657355727 0.001171181267 0)
(-0.002436399727 0.001463995686 0)
(-0.003354496992 0.001729761249 0)
(-0.004397912266 0.001963775566 0)
(-0.00555114322 0.002164178423 0)
(-0.006797899564 0.002330893339 0)
(-0.008121774112 0.002464908256 0)
(-0.009506674614 0.002567785773 0)
(-0.01093707599 0.002641331421 0)
(-0.0123981416 0.002687372704 0)
(-0.01387575211 0.002707617335 0)
(-0.01535647252 0.002703569193 0)
(-0.0168274812 0.002676487065 0)
(-0.01827647991 0.002627375415 0)
(-0.01969159936 0.002556999255 0)
(-0.02106131178 0.002465917009 0)
(-0.02237435916 0.002354526578 0)
(-0.0236197035 0.00222312068 0)
(-0.02478650353 0.002071948207 0)
(-0.02586412071 0.001901278784 0)
(-0.02684215588 0.001711468038 0)
(-0.02771051647 0.001503021364 0)
(-0.02845951329 0.001276654103 0)
(-0.02907998449 0.001033346203 0)
(-0.02956344357 0.0007743895718 0)
(-0.02990224744 0.0005014264109 0)
(-0.03008977968 0.0002164769271 0)
(-0.03012064194 -7.804539347e-05 0)
(-0.0299908477 -0.0003793294844 0)
(-0.02969802117 -0.0006841690883 0)
(-0.02924157686 -0.0009889837091 0)
(-0.02862289282 -0.001289862246 0)
(-0.02784545205 -0.001582621037 0)
(-0.02691495169 -0.001862876568 0)
(-0.02583937246 -0.00212613178 0)
(-0.02462900202 -0.002367874125 0)
(-0.02329640735 -0.002583682984 0)
(-0.02185635226 -0.002769343547 0)
(-0.02032565769 -0.002920963818 0)
(-0.01872300388 -0.003035091093 0)
(-0.01706867541 -0.003108824204 0)
(-0.01538425134 -0.003139917948 0)
(-0.01369224471 -0.003126876632 0)
(-0.01201569629 -0.003069034487 0)
(-0.01037772893 -0.002966622033 0)
(-0.008801068358 -0.002820819276 0)
(-0.007307536338 -0.00263379908 0)
(-0.005917520116 -0.002408767364 0)
(-0.004649419606 -0.002150011053 0)
(-0.003519069868 -0.001862970468 0)
(-0.002539131455 -0.00155436037 0)
(-0.001718435424 -0.001232373687 0)
(-0.001061263346 -0.0009070139935 0)
(-0.0005665384535 -0.0005906168984 0)
(-0.0002269204465 -0.0002986329602 0)
(-2.781688044e-05 -5.073319862e-05 0)
(5.395125811e-05 0.0001277636564 0)
(5.323551508e-05 0.0002040084517 0)
(1.22179094e-05 0.0001340184498 0)
(-2.673447993e-06 -2.006742159e-05 0)
(-0.0001265199132 0.0001966549054 0)
(-0.0004167387609 0.0005709823554 0)
(-0.0008870173857 0.00102476714 0)
(-0.001541335508 0.001507053022 0)
(-0.002377941362 0.001984023197 0)
(-0.00338871737 0.00243393741 0)
(-0.004560854795 0.002843615957 0)
(-0.005878453107 0.003205798057 0)
(-0.007323742934 0.003517222102 0)
(-0.008878017063 0.003777251799 0)
(-0.01052231022 0.003986894944 0)
(-0.01223786329 0.004148105782 0)
(-0.0140064138 0.004263294228 0)
(-0.01581035239 0.004334987474 0)
(-0.01763278045 0.004365605257 0)
(-0.01945749847 0.004357320874 0)
(-0.02126894997 0.004311987564 0)
(-0.02305214129 0.004231114933 0)
(-0.02479255377 0.004115883679 0)
(-0.02647606128 0.003967189366 0)
(-0.02808886331 0.003785707753 0)
(-0.02961744128 0.003571975477 0)
(-0.0310485435 0.00332648086 0)
(-0.03236920219 0.003049760275 0)
(-0.03356678437 0.002742496073 0)
(-0.03462907674 0.002405612443 0)
(-0.03554440341 0.002040365887 0)
(-0.03630177388 0.001648427251 0)
(-0.03689105759 0.001231952438 0)
(-0.03730318042 0.0007936392065 0)
(-0.03753033812 0.0003367675395 0)
(-0.03756621683 -0.0001347791764 0)
(-0.03740621561 -0.000616510089 0)
(-0.0370476769 -0.001103333784 0)
(-0.0364900865 -0.001589592855 0)
(-0.0357352728 -0.002069132524 0)
(-0.03478756538 -0.002535391033 0)
(-0.03365391681 -0.002981512184 0)
(-0.0323439785 -0.003400478374 0)
(-0.03087012358 -0.003785261347 0)
(-0.02924741083 -0.004128987107 0)
(-0.02749348544 -0.004425110696 0)
(-0.02562841359 -0.004667595897 0)
(-0.0236744496 -0.004851094547 0)
(-0.02165573622 -0.004971119975 0)
(-0.01959794067 -0.005024209337 0)
(-0.0175278302 -0.005008070292 0)
(-0.01547279316 -0.004921708661 0)
(-0.01346031189 -0.004765535507 0)
(-0.01151739492 -0.004541454563 0)
(-0.009669975447 -0.004252934195 0)
(-0.007942282383 -0.003905072313 0)
(-0.00635618857 -0.00350466788 0)
(-0.004930538344 -0.00306031926 0)
(-0.003680453968 -0.002582577573 0)
(-0.002616617889 -0.002084192657 0)
(-0.001744526138 -0.001580499605 0)
(-0.001063710214 -0.001090004913 0)
(-0.0005669383998 -0.0006352413348 0)
(-0.0002394062492 -0.0002439473266 0)
(-5.777964966e-05 4.942354551e-05 0)
(1.144227544e-05 0.000201565646 0)
(8.693443449e-06 0.0001554278556 0)
(-8.950231409e-06 5.914798605e-05 0)
(-0.0002005630595 0.0004537721555 0)
(-0.0006083745369 0.001019782482 0)
(-0.001235630991 0.001671715104 0)
(-0.002077211515 0.002351412014 0)
(-0.003126349894 0.003018806316 0)
(-0.004371357698 0.003647210808 0)
(-0.005796610341 0.004219838953 0)
(-0.007383812059 0.00472702877 0)
(-0.009112980621 0.005164114964 0)
(-0.0109632399 0.005529830658 0)
(-0.01291343386 0.005825116072 0)
(-0.01494256701 0.006052239377 0)
(-0.01703009371 0.006214157743 0)
(-0.01915608419 0.006314063748 0)
(-0.02130129567 0.006355075622 0)
(-0.02344717438 0.006340039682 0)
(-0.02557581173 0.006271420616 0)
(-0.02766987469 0.006151260548 0)
(-0.02971252696 0.00598119169 0)
(-0.03168735492 0.005762490215 0)
(-0.03357830901 0.005496161119 0)
(-0.03536966911 0.005183045418 0)
(-0.03704603983 0.00482394225 0)
(-0.03859237974 0.00441973939 0)
(-0.03999406651 0.003971546413 0)
(-0.04123699834 0.003480825282 0)
(-0.04230773027 0.002949513632 0)
(-0.04319364296 0.002380136356 0)
(-0.04388313961 0.001775901446 0)
(-0.04436586619 0.001140776436 0)
(-0.04463294983 0.0004795419466 0)
(-0.04467724292 -0.000202181536 0)
(-0.04449356874 -0.0008979311574 0)
(-0.04407898018 -0.00160041462 0)
(-0.04343297306 -0.002301560294 0)
(-0.04255770967 -0.002992614425 0)
(-0.04145819203 -0.003664268105 0)
(-0.04014239556 -0.004306814608 0)
(-0.03862135228 -0.004910334883 0)
(-0.03690917543 -0.005464907459 0)
(-0.03502301926 -0.005960837981 0)
(-0.03298296867 -0.006388902602 0)
(-0.03081185518 -0.006740598657 0)
(-0.02853499755 -0.007008395432 0)
(-0.026179867 -0.007185977685 0)
(-0.02377567955 -0.007268474821 0)
(-0.02135291916 -0.007252669455 0)
(-0.01894279795 -0.007137180573 0)
(-0.01657666061 -0.006922618702 0)
(-0.0142853416 -0.006611713545 0)
(-0.01209848403 -0.006209418394 0)
(-0.01004382928 -0.005723000516 0)
(-0.008146485986 -0.005162132497 0)
(-0.006428185898 -0.004539006334 0)
(-0.004906533928 -0.003868499811 0)
(-0.003594259199 -0.003168432947 0)
(-0.00249847582 -0.002459960645 0)
(-0.001619968059 -0.001768156047 0)
(-0.000952521468 -0.001122847433 0)
(-0.0004822940184 -0.0005597583681 0)
(-0.0001872396876 -0.000121956062 0)
(-3.7117291e-05 0.0001380366402 0)
(4.781057466e-06 0.0001530644978 0)
(-1.483993418e-05 0.0001761113877 0)
(-0.0002737851108 0.0008063683321 0)
(-0.0008003591487 0.001608251301 0)
(-0.001586971947 0.002492863221 0)
(-0.00261853355 0.003397641646 0)
(-0.003882275016 0.004278220673 0)
(-0.005362094887 0.005104247826 0)
(-0.007038953135 0.005856114817 0)
(-0.0088918135 0.006522201888 0)
(-0.0108983598 0.007096663681 0)
(-0.01303560341 0.007577694467 0)
(-0.01528038308 0.007966186183 0)
(-0.01760973883 0.008264705618 0)
(-0.02000116554 0.008476729832 0)
(-0.02243276285 0.008606089776 0)
(-0.02488330147 0.008656581594 0)
(-0.02733222688 0.008631712914 0)
(-0.02975962051 0.00853455761 0)
(-0.03214613662 0.008367697341 0)
(-0.03447293097 0.008133231862 0)
(-0.0367215946 0.007832843027 0)
(-0.0388741039 0.007467899618 0)
(-0.0409127953 0.007039591929 0)
(-0.0428203711 0.006549086438 0)
(-0.04457994049 0.005997692022 0)
(-0.04617509795 0.00538703007 0)
(-0.04759003941 0.004719201588 0)
(-0.04880971507 0.003996944986 0)
(-0.0498200159 0.003223778742 0)
(-0.05060798967 0.002404123625 0)
(-0.05116208151 0.001543399666 0)
(-0.05147239381 0.0006480933259 0)
(-0.05153095042 -0.0002742102208 0)
(-0.05133196179 -0.001214827371 0)
(-0.050872112 -0.002163995997 0)
(-0.05015078033 -0.003110941811 0)
(-0.04917029075 -0.004044006713 0)
(-0.04793610029 -0.004950815294 0)
(-0.04645694656 -0.005818480581 0)
(-0.04474494172 -0.006633846304 0)
(-0.04281560371 -0.00738376102 0)
(-0.04068781765 -0.008055378086 0)
(-0.03838372135 -0.008636474235 0)
(-0.03592851049 -0.009115778431 0)
(-0.03335016109 -0.009483301928 0)
(-0.03067906866 -0.009730660114 0)
(-0.02794760578 -0.009851376961 0)
(-0.02518960225 -0.009841163815 0)
(-0.02243975375 -0.009698165866 0)
(-0.01973296732 -0.009423172213 0)
(-0.01710365343 -0.009019788791 0)
(-0.01458497586 -0.008494577798 0)
(-0.01220807156 -0.0078571725 0)
(-0.01000125323 -0.007120382361 0)
(-0.007989208262 -0.006300310221 0)
(-0.006192208079 -0.005416510382 0)
(-0.004625343881 -0.004492223522 0)
(-0.003297808292 -0.003554730692 0)
(-0.002212251225 -0.00263587459 0)
(-0.001364236438 -0.001772802475 0)
(-0.0007417705717 -0.001008969868 0)
(-0.0003250733786 -0.0003953958451 0)
(-8.821856511e-05 7.492850233e-06 0)
(9.169275286e-07 0.0001250277889 0)
(-2.029802143e-05 0.0003297098902 0)
(-0.000344743288 0.001253439661 0)
(-0.0009886416132 0.00233632797 0)
(-0.00193382448 0.003488880363 0)
(-0.00315501496 0.004646504062 0)
(-0.004632892151 0.005762395779 0)
(-0.006346357805 0.006803910239 0)
(-0.008272466545 0.00774957528 0)
(-0.01038709771 0.008586448718 0)
(-0.01266541343 0.009307904852 0)
(-0.01508226703 0.009911835427 0)
(-0.01761256355 0.01039921258 0)
(-0.02023153909 0.01077296266 0)
(-0.02291495276 0.01103710389 0)
(-0.02563919819 0.01119610562 0)
(-0.02838134754 0.01125443248 0)
(-0.03111914363 0.01121624176 0)
(-0.03383095642 0.01108520694 0)
(-0.03649571987 0.01086444433 0)
(-0.03909286338 0.01055652265 0)
(-0.04160225047 0.0101635383 0)
(-0.04400413517 0.009687241221 0)
(-0.04627914446 0.009129197863 0)
(-0.04840829287 0.008490979572 0)
(-0.05037303363 0.007774365714 0)
(-0.05215534827 0.006981552046 0)
(-0.05373787551 0.006115355666 0)
(-0.05510407779 0.005179408625 0)
(-0.05623844303 0.00417833293 0)
(-0.0571267171 0.003117890286 0)
(-0.05775616198 0.002005100544 0)
(-0.05811583529 0.0008483232638 0)
(-0.05819687291 -0.0003427040483 0)
(-0.05799277102 -0.001556869964 0)
(-0.05749970511 -0.002781716245 0)
(-0.05671675545 -0.00400351983 0)
(-0.05564618735 -0.005207453702 0)
(-0.05429365706 -0.006377794652 0)
(-0.05266837769 -0.00749817979 0)
(-0.05078322952 -0.008551908723 0)
(-0.04865480447 -0.009522285894 0)
(-0.04630337669 -0.01039299591 0)
(-0.043752792 -0.01114850315 0)
(-0.04103027098 -0.0117744656 0)
(-0.03816612178 -0.01225815175 0)
(-0.03519336171 -0.01258884901 0)
(-0.03214724836 -0.01275825198 0)
(-0.02906472419 -0.01276082002 0)
(-0.02598378089 -0.012594095 0)
(-0.02294275247 -0.01225897316 0)
(-0.0199795484 -0.01175992823 0)
(-0.01713084051 -0.0111051881 0)
(-0.0144312191 -0.01030687225 0)
(-0.01191233538 -0.009381104053 0)
(-0.009602049325 -0.008348117999 0)
(-0.007523603665 -0.007232388895 0)
(-0.005694847345 -0.006062815905 0)
(-0.00412753654 -0.004872998854 0)
(-0.002826751863 -0.003701647965 0)
(-0.001790459179 -0.002593171477 0)
(-0.001009158248 -0.001598466442 0)
(-0.0004659326562 -0.0007758817473 0)
(-0.0001395964107 -0.0001926432835 0)
(-2.699645193e-06 7.095123792e-05 0)
(-2.535680326e-05 0.0005184521981 0)
(-0.0004128979999 0.001792607899 0)
(-0.001171287241 0.003201808652 0)
(-0.002272337982 0.004657980255 0)
(-0.003680752515 0.006096425155 0)
(-0.005370437571 0.007469566524 0)
(-0.007314953149 0.008743806193 0)
(-0.009487102146 0.009896830528 0)
(-0.0118593973 0.0109151208 0)
(-0.01440429214 0.01179179328 0)
(-0.01709439751 0.01252478819 0)
(-0.01990269513 0.0131153833 0)
(-0.02280270774 0.01356700129 0)
(-0.02576861205 0.01388427804 0)
(-0.02877529507 0.0140723585 0)
(-0.03179836091 0.01413638858 0)
(-0.03481409866 0.01408117401 0)
(-0.03779942423 0.01391097989 0)
(-0.04073180905 0.01362944719 0)
(-0.04358920819 0.013239605 0)
(-0.04634999906 0.01274395945 0)
(-0.0489929402 0.01214464234 0)
(-0.05149715804 0.01144360398 0)
(-0.05384216744 0.01064283654 0)
(-0.0560079299 0.00974461532 0)
(-0.05797495187 0.00875174659 0)
(-0.05972442322 0.007667811626 0)
(-0.06123839509 0.006497397438 0)
(-0.06249999416 0.005246305439 0)
(-0.06349366924 0.00392173005 0)
(-0.06420546519 0.002532399991 0)
(-0.06462332081 0.001088675614 0)
(-0.06473737017 -0.0003974056142 0)
(-0.0645402387 -0.001912137327 0)
(-0.06402740198 -0.003440178019 0)
(-0.06319741035 -0.004964646533 0)
(-0.06205220732 -0.006467315538 0)
(-0.06059735748 -0.007928861048 0)
(-0.05884223697 -0.009329170862 0)
(-0.05680016767 -0.01064770876 0)
(-0.0544884833 -0.01186392819 0)
(-0.05192851813 -0.0129577273 0)
(-0.04914550985 -0.01390993506 0)
(-0.04616840982 -0.01470281689 0)
(-0.04302959552 -0.01532058622 0)
(-0.03976448288 -0.01574990817 0)
(-0.03641103863 -0.01598038102 0)
(-0.03300919582 -0.01600498183 0)
(-0.02960017909 -0.01582046447 0)
(-0.02622574936 -0.01542770085 0)
(-0.02292738092 -0.01483196001 0)
(-0.01974538705 -0.01404312457 0)
(-0.01671801303 -0.01307584984 0)
(-0.01388051805 -0.01194967714 0)
(-0.01126427036 -0.01068911927 0)
(-0.008895881995 -0.009323742579 0)
(-0.00679641286 -0.007888274796 0)
(-0.004980678722 -0.006422771322 0)
(-0.003456709321 -0.0049728742 0)
(-0.002225381142 -0.003590198415 0)
(-0.001280136611 -0.002332856892 0)
(-0.000607236635 -0.001266071754 0)
(-0.0001902434043 -0.0004631128027 0)
(-6.010043489e-06 -8.774103068e-06 0)
(-3.006893345e-05 0.0007407664915 0)
(-0.0004781527738 0.002420870621 0)
(-0.001347534593 0.004201310922 0)
(-0.002600665775 0.005996862142 0)
(-0.004192597968 0.007744254047 0)
(-0.0060904703 0.009396574465 0)
(-0.008262349378 0.01092051718 0)
(-0.01067658049 0.01229394463 0)
(-0.01330211284 0.01350355666 0)
(-0.01610854214 0.0145428093 0)
(-0.01906615367 0.01541012497 0)
(-0.0221459931 0.01610739047 0)
(-0.02531992256 0.01663872868 0)
(-0.02856064516 0.01700952324 0)
(-0.03184169478 0.01722567172 0)
(-0.03513739394 0.01729304136 0)
(-0.03842278682 0.01721710153 0)
(-0.04167355682 0.01700270815 0)
(-0.0448659391 0.0166540166 0)
(-0.04797663837 0.01617450131 0)
(-0.05098276177 0.01556706183 0)
(-0.05386177506 0.01483419669 0)
(-0.05659148925 0.01397822816 0)
(-0.05915008296 0.0130015621 0)
(-0.0615161642 0.01190696886 0)
(-0.06366887356 0.01069787191 0)
(-0.06558802933 0.009378632408 0)
(-0.06725431345 0.007954818539 0)
(-0.06864949573 0.006433449504 0)
(-0.06975669243 0.004823204826 0)
(-0.07056065435 0.003134590486 0)
(-0.07104808245 0.001380054257 0)
(-0.07120794959 -0.0004259591749 0)
(-0.07103180697 -0.002267020279 0)
(-0.07051419486 -0.00412475378 0)
(-0.06965286018 -0.005978944035 0)
(-0.06844912269 -0.007807759659 0)
(-0.06690813081 -0.009588043979 0)
(-0.06503908443 -0.01129567543 0)
(-0.06285540198 -0.01290599484 0)
(-0.06037481804 -0.01439429297 0)
(-0.05761940065 -0.01573634903 0)
(-0.05461547828 -0.01690900892 0)
(-0.05139346766 -0.01789078954 0)
(-0.04798759574 -0.01866249365 0)
(-0.04443551169 -0.01920781852 0)
(-0.04077778781 -0.01951394109 0)
(-0.03705731191 -0.01957206262 0)
(-0.03331857731 -0.01937789739 0)
(-0.02960688107 -0.01893209265 0)
(-0.02596744488 -0.01824057084 0)
(-0.02244447718 -0.01731479026 0)
(-0.01908019891 -0.01617192612 0)
(-0.01591385876 -0.01483498059 0)
(-0.01298076691 -0.01333283703 0)
(-0.01031137938 -0.01170027966 0)
(-0.007930467487 -0.009978004532 0)
(-0.005856412528 -0.008212650072 0)
(-0.004100676831 -0.00645687582 0)
(-0.002667470501 -0.004769515766 0)
(-0.001553489453 -0.003215806306 0)
(-0.0007482891288 -0.001867619973 0)
(-0.0002399463708 -0.0008039095732 0)
(-9.027514643e-06 -0.000113507148 0)
(-3.448938196e-05 0.0009951387101 0)
(-0.0005406161889 0.003135021928 0)
(-0.001517242941 0.005330874214 0)
(-0.002918109631 0.007501348802 0)
(-0.004689074811 0.00958582271 0)
(-0.006790656712 0.01153927589 0)
(-0.009185420878 0.01332982156 0)
(-0.01183716976 0.01493647213 0)
(-0.01471117954 0.01634694875 0)
(-0.0177740925 0.01755568369 0)
(-0.0209938096 0.01856206915 0)
(-0.02433942928 0.01936896225 0)
(-0.02778119148 0.01998144439 0)
(-0.03129041032 0.02040582413 0)
(-0.03483939057 0.02064886651 0)
(-0.03840132849 0.02071722821 0)
(-0.04195020148 0.02061707608 0)
(-0.04546065307 0.02035386626 0)
(-0.0489078816 0.01993226092 0)
(-0.05226754085 0.0193561609 0)
(-0.05551566075 0.01862883303 0)
(-0.05862859538 0.01775311254 0)
(-0.06158300433 0.01673166211 0)
(-0.06435587218 0.01556727032 0)
(-0.06692456936 0.01426317381 0)
(-0.06926695635 0.01282338849 0)
(-0.07136153158 0.01125303628 0)
(-0.07318762222 0.009558655017 0)
(-0.07472561565 0.007748479957 0)
(-0.07595722773 0.005832686242 0)
(-0.07686580367 0.003823582725 0)
(-0.07743665101 0.00173574855 0)
(-0.07765738469 -0.000413898422 0)
(-0.07751823805 -0.00260611581 0)
(-0.07701254336 -0.004819379397 0)
(-0.07613693277 -0.007029993604 0)
(-0.07489176447 -0.009212343536 0)
(-0.07328141314 -0.01133922427 0)
(-0.07131453422 -0.013382252 0)
(-0.06900427416 -0.01531235455 0)
(-0.06636841083 -0.01710033437 0)
(-0.0634294113 -0.01871749423 0)
(-0.06021439485 -0.02013631296 0)
(-0.05675499023 -0.02133115611 0)
(-0.05308707801 -0.02227900342 0)
(-0.04925041191 -0.02296017373 0)
(-0.04528811622 -0.02335902606 0)
(-0.04124606058 -0.02346461629 0)
(-0.03717211792 -0.02327128928 0)
(-0.03311531652 -0.02277918931 0)
(-0.02912490217 -0.02199467522 0)
(-0.02524933126 -0.02093063189 0)
(-0.02153522092 -0.01960667622 0)
(-0.01802628613 -0.01804926224 0)
(-0.01476229793 -0.01629169737 0)
(-0.01177809961 -0.014374088 0)
(-0.009102720312 -0.0123432373 0)
(-0.006758630206 -0.01025252051 0)
(-0.004761192277 -0.008161762137 0)
(-0.003118322364 -0.006137136412 0)
(-0.001830194406 -0.004251083882 0)
(-0.000889667444 -0.002582165586 0)
(-0.000288996471 -0.001215038353 0)
(-1.180344421e-05 -0.0002426745975 0)
(-3.866393464e-05 0.001280164621 0)
(-0.0006004709865 0.003931868588 0)
(-0.001680571182 0.006586312052 0)
(-0.003224587159 0.009166798902 0)
(-0.005169664844 0.01161634109 0)
(-0.007469930832 0.01389286033 0)
(-0.01008254241 0.0159669003 0)
(-0.01296676957 0.01781953614 0)
(-0.01608418454 0.01944029518 0)
(-0.01939843721 0.02082523477 0)
(-0.02287502039 0.02197523509 0)
(-0.02648109007 0.02289452422 0)
(-0.03018530372 0.02358944172 0)
(-0.03395766163 0.02406743675 0)
(-0.03776934722 0.02433628961 0)
(-0.04159256578 0.02440354053 0)
(-0.04540038425 0.02427610631 0)
(-0.04916657706 0.02396006383 0)
(-0.05286548409 0.02346057859 0)
(-0.05647188758 0.02278195637 0)
(-0.05996091451 0.02192779666 0)
(-0.06330797051 0.02090122723 0)
(-0.0664887105 0.01970520029 0)
(-0.06947905008 0.01834283198 0)
(-0.07225522071 0.01681776789 0)
(-0.07479387032 0.01513455883 0)
(-0.07707220997 0.01329903192 0)
(-0.07906820585 0.01131864355 0)
(-0.08076081484 0.009202801099 0)
(-0.08213026033 0.006963141932 0)
(-0.08315834417 0.004613758619 0)
(-0.08382879652 0.002171361067 0)
(-0.08412764815 -0.0003446368287 0)
(-0.08404353745 -0.002912128994 0)
(-0.08356828466 -0.005506362144 0)
(-0.08269706265 -0.008100046292 0)
(-0.0814288964 -0.01066362665 0)
(-0.07976699637 -0.01316564852 0)
(-0.07771907388 -0.01557321675 0)
(-0.07529760607 -0.0178525484 0)
(-0.07252003154 -0.01996961219 0)
(-0.06940886188 -0.02189084434 0)
(-0.06599169428 -0.02358392754 0)
(-0.06230111141 -0.02501861591 0)
(-0.05837445669 -0.02616758591 0)
(-0.05425347582 -0.02700729006 0)
(-0.04998381954 -0.02751878873 0)
(-0.045614407 -0.0276885343 0)
(-0.04119665465 -0.02750908262 0)
(-0.03678358161 -0.02697970884 0)
(-0.03242880874 -0.02610690854 0)
(-0.02818547459 -0.0249047703 0)
(-0.02410509792 -0.02339521269 0)
(-0.020236421 -0.02160808614 0)
(-0.01662427289 -0.01958114788 0)
(-0.01330849478 -0.01735992526 0)
(-0.0103229713 -0.01499748837 0)
(-0.007694815826 -0.01255415513 0)
(-0.005443768148 -0.01009715208 0)
(-0.003581807602 -0.007700250278 0)
(-0.002112779211 -0.005443366902 0)
(-0.001032813545 -0.003412050644 0)
(-0.0003380028918 -0.001697029093 0)
(-1.440648999e-05 -0.0003959661398 0)
(-4.263111734e-05 0.001594558502 0)
(-0.0006579116693 0.004808326593 0)
(-0.001837790645 0.007963402119 0)
(-0.003520300719 0.01098835499 0)
(-0.005634341843 0.01383065522 0)
(-0.008127920648 0.01645207495 0)
(-0.01095294532 0.01882649539 0)
(-0.01406423531 0.02093790181 0)
(-0.01741969317 0.02277838124 0)
(-0.02097998992 0.02434625993 0)
(-0.02470822383 0.02564443743 0)
(-0.0285696363 0.02667893763 0)
(-0.03253135238 0.02745768695 0)
(-0.03656213432 0.02798952043 0)
(-0.04063214542 0.02828340851 0)
(-0.04471272389 0.02834789164 0)
(-0.04877616858 0.02819070594 0)
(-0.05279554028 0.02781858042 0)
(-0.05674448329 0.02723718492 0)
(-0.06059707269 0.02645120709 0)
(-0.06432769247 0.0254645368 0)
(-0.06791094963 0.02428053677 0)
(-0.07132162843 0.02290237911 0)
(-0.07453468839 0.02133342834 0)
(-0.07752530858 0.01957765278 0)
(-0.08026897988 0.01764004724 0)
(-0.08274164589 0.01552705116 0)
(-0.08491989213 0.0132469474 0)
(-0.08678118241 0.01081022789 0)
(-0.08830413943 0.008229913091 0)
(-0.08946886608 0.005521813503 0)
(-0.09025731144 0.002704722466 0)
(-0.09065367376 -0.000199473066 0)
(-0.09064469377 -0.003165792312 0)
(-0.09022034913 -0.006166208756 0)
(-0.08937398068 -0.009169756608 0)
(-0.08810287696 -0.0121428087 0)
(-0.08640866083 -0.01504947324 0)
(-0.08429766596 -0.01785209759 0)
(-0.08178126862 -0.02051188093 0)
(-0.07887615225 -0.02298958979 0)
(-0.07560448734 -0.02524636672 0)
(-0.07199400881 -0.02724461783 0)
(-0.06807797364 -0.02894896086 0)
(-0.06389498326 -0.03032721113 0)
(-0.05948865816 -0.03135137896 0)
(-0.05490715639 -0.03199864921 0)
(-0.05020253299 -0.03225231168 0)
(-0.0454299434 -0.03210261144 0)
(-0.04064670164 -0.0315474891 0)
(-0.03591121092 -0.03059318529 0)
(-0.03128179251 -0.0292546887 0)
(-0.02681544566 -0.0275560146 0)
(-0.02256657776 -0.02553030903 0)
(-0.0185857492 -0.02321978285 0)
(-0.01491848042 -0.02067548827 0)
(-0.01160417041 -0.01795695739 0)
(-0.008675178675 -0.01513172601 0)
(-0.006156132435 -0.01227476691 0)
(-0.004063453809 -0.009467853929 0)
(-0.002404864082 -0.006798850033 0)
(-0.001179754457 -0.004360839156 0)
(-0.0003877809484 -0.002251287532 0)
(-1.691532371e-05 -0.000573455919 0)
(-4.641797204e-05 0.001937141564 0)
(-0.0007131066023 0.005761448081 0)
(-0.001989179004 0.009457972106 0)
(-0.003805535904 0.01296107604 0)
(-0.006083271458 0.01622339911 0)
(-0.008764562096 0.01921136572 0)
(-0.01179626731 0.02190301424 0)
(-0.01512888897 0.02428602552 0)
(-0.01871674526 0.02635576282 0)
(-0.02251758669 0.0281134497 0)
(-0.02649216586 0.02956453762 0)
(-0.03060386218 0.03071728342 0)
(-0.03481833339 0.03158154799 0)
(-0.03910318599 0.03216781903 0)
(-0.04342766433 0.03248645308 0)
(-0.04776235871 0.03254712606 0)
(-0.05207893435 0.03235847736 0)
(-0.05634988428 0.03192792922 0)
(-0.06054830985 0.03126166124 0)
(-0.06464773319 0.0303647186 0)
(-0.06862194569 0.02924123232 0)
(-0.0724448968 0.02789472997 0)
(-0.07609062634 0.02632851575 0)
(-0.07953324369 0.0245461 0)
(-0.08274695592 0.02255165899 0)
(-0.08570614661 0.02035050735 0)
(-0.0883855062 0.01794956612 0)
(-0.09076021411 0.01535781102 0)
(-0.09280617197 0.01258668605 0)
(-0.09450028601 0.009650468502 0)
(-0.09582079545 0.006566572389 0)
(-0.09674765349 0.003355778295 0)
(-0.09726296107 4.237500661e-05 0)
(-0.09735125034 -0.003345813577 0)
(-0.09700029507 -0.006777483544 0)
(-0.0962012116 -0.01021794728 0)
(-0.09494911978 -0.01362939948 0)
(-0.09324359948 -0.01697134068 0)
(-0.09108913737 -0.02020111986 0)
(-0.08849553824 -0.02327460287 0)
(-0.08547827314 -0.02614696272 0)
(-0.08205874356 -0.02877358247 0)
(-0.07826444054 -0.03111105659 0)
(-0.07412897718 -0.03311827102 0)
(-0.06969197479 -0.03475753719 0)
(-0.06499878581 -0.03599574968 0)
(-0.06010004087 -0.03680553343 0)
(-0.05505101372 -0.03716634295 0)
(-0.04991080454 -0.03706547517 0)
(-0.04474135098 -0.03649895812 0)
(-0.03960628517 -0.03547228134 0)
(-0.03456966428 -0.03400093909 0)
(-0.02969461097 -0.03211076595 0)
(-0.02504190798 -0.02983805371 0)
(-0.02066859724 -0.02722944907 0)
(-0.01662663745 -0.02434164229 0)
(-0.01296167528 -0.02124086577 0)
(-0.009711987563 -0.01800222746 0)
(-0.006907660676 -0.01470890714 0)
(-0.004569994317 -0.01145124253 0)
(-0.002710847061 -0.008325705126 0)
(-0.001332921359 -0.005433691501 0)
(-0.0004392771525 -0.002880335082 0)
(-1.941102861e-05 -0.0007756794999 0)
(-5.004543932e-05 0.002306820064 0)
(-0.0007661862688 0.006788408792 0)
(-0.002134960121 0.01106592025 0)
(-0.004080539554 0.01507999138 0)
(-0.006516621027 0.01878906857 0)
(-0.009379844131 0.02216495137 0)
(-0.01261224407 0.02519058444 0)
(-0.01616017287 0.0278580742 0)
(-0.01997448779 0.03016673911 0)
(-0.02401011308 0.03212130753 0)
(-0.02822553506 0.0337303086 0)
(-0.03258234713 0.03500467309 0)
(-0.03704482085 0.0359565548 0)
(-0.04157949875 0.03659837552 0)
(-0.04615481128 0.03694208954 0)
(-0.05074071961 0.03699865825 0)
(-0.05530838653 0.03677772042 0)
(-0.05982987818 0.03628744104 0)
(-0.06427789982 0.03553451882 0)
(-0.0686255691 0.03452433113 0)
(-0.07284623013 0.03326119476 0)
(-0.07691331172 0.03174872038 0)
(-0.08080023264 0.02999023951 0)
(-0.08448035655 0.02798928329 0)
(-0.08792699863 0.02575009355 0)
(-0.09111348571 0.02327814779 0)
(-0.09401327106 0.0205806805 0)
(-0.09660010461 0.01766718484 0)
(-0.09884825878 0.01454987895 0)
(-0.1007328089 0.01124412217 0)
(-0.1022299658 0.007768767229 0)
(-0.1033174702 0.004146434778 0)
(-0.1039750527 0.0004036950565 0)
(-0.1041847289 -0.003428867193 0)
(-0.1039316809 -0.007316710255 0)
(-0.1032043952 -0.01122141701 0)
(-0.101995366 -0.01510092996 0)
(-0.1003016446 -0.0189099935 0)
(-0.09812536474 -0.02260072741 0)
(-0.09547424616 -0.02612334491 0)
(-0.09236204173 -0.02942701434 0)
(-0.08880890326 -0.03246085655 0)
(-0.08484164096 -0.03517506423 0)
(-0.08049385037 -0.03752212303 0)
(-0.0758058817 -0.0394581073 0)
(-0.07082462921 -0.04094401658 0)
(-0.06560312301 -0.0419471133 0)
(-0.0601999119 -0.0424422171 0)
(-0.05467823445 -0.04241290901 0)
(-0.04910498521 -0.0418525982 0)
(-0.04354949373 -0.04076540687 0)
(-0.03808214558 -0.03916683489 0)
(-0.03277288522 -0.03708417413 0)
(-0.02768965021 -0.03455665393 0)
(-0.02289679399 -0.03163531192 0)
(-0.01845355896 -0.02838259723 0)
(-0.01441266228 -0.02487172539 0)
(-0.01081905879 -0.02118581338 0)
(-0.007708953771 -0.01741682877 0)
(-0.005109046332 -0.01366438966 0)
(-0.003035680638 -0.01003442588 0)
(-0.001495023432 -0.006637636136 0)
(-0.0004935278083 -0.003587975553 0)
(-2.197751437e-05 -0.001003683385 0)
(-5.352465408e-05 0.002702560109 0)
(-0.0008172321094 0.007886473624 0)
(-0.002275273777 0.01278319572 0)
(-0.004345451099 0.01734010263 0)
(-0.006934444264 0.02152203928 0)
(-0.009973646301 0.02530684597 0)
(-0.01340050502 0.02868306657 0)
(-0.01715741271 0.03164791542 0)
(-0.02119191606 0.03420530923 0)
(-0.02545623455 0.03636406568 0)
(-0.02990669203 0.03813630584 0)
(-0.03450319196 0.0395360734 0)
(-0.03920871581 0.04057817842 0)
(-0.04398884392 0.04127726741 0)
(-0.04881130356 0.04164711551 0)
(-0.05364554783 0.0417001309 0)
(-0.0584623681 0.04144705779 0)
(-0.06323354285 0.04089686069 0)
(-0.06793152597 0.04005677043 0)
(-0.07252917715 0.03893247068 0)
(-0.07699953738 0.03752840324 0)
(-0.08131565206 0.03584816986 0)
(-0.08545044414 0.03389500903 0)
(-0.08937663965 0.03167232688 0)
(-0.09306674759 0.02918426222 0)
(-0.09649309605 0.02643626703 0)
(-0.09962792606 0.02343568468 0)
(-0.1024435449 0.0201923091 0)
(-0.1049125395 0.01671890905 0)
(-0.1070080508 0.01303170197 0)
(-0.1087041067 0.009150762398 0)
(-0.1099760265 0.005100350398 0)
(-0.110800903 0.0009091443245 0)
(-0.1111579263 -0.003389646803 0)
(-0.1110292948 -0.007758333376 0)
(-0.1104004504 -0.01215480496 0)
(-0.109260786 -0.01653271646 0)
(-0.1076043123 -0.02084193742 0)
(-0.1054302681 -0.02502914558 0)
(-0.1027437294 -0.02903858586 0)
(-0.09955617081 -0.03281299771 0)
(-0.09588595144 -0.03629470513 0)
(-0.09175869532 -0.03942685697 0)
(-0.08720753459 -0.04215479727 0)
(-0.08227318458 -0.04442753688 0)
(-0.07700382178 -0.04619928886 0)
(-0.0714547403 -0.04743102226 0)
(-0.06568776935 -0.04809198225 0)
(-0.05977044378 -0.04816111966 0)
(-0.05377493081 -0.04762837182 0)
(-0.04777672916 -0.04649573815 0)
(-0.04185317036 -0.04477809959 0)
(-0.03608176548 -0.04250374092 0)
(-0.03053845252 -0.03971454756 0)
(-0.02529580953 -0.03646586426 0)
(-0.02042130432 -0.0328260194 0)
(-0.01597565272 -0.02887553476 0)
(-0.0120113592 -0.02470605388 0)
(-0.008571521453 -0.02041903196 0)
(-0.005688876175 -0.01612423691 0)
(-0.003384722855 -0.0119380864 0)
(-0.001668971311 -0.007981767408 0)
(-0.0005516281559 -0.004379412308 0)
(-2.469759477e-05 -0.00125905807 0)
(-5.686292591e-05 0.003123361138 0)
(-0.0008662802187 0.009052951525 0)
(-0.002410161358 0.01460575605 0)
(-0.004600265834 0.01973635285 0)
(-0.007336615765 0.02441654734 0)
(-0.01054564157 0.02863084414 0)
(-0.01416044583 0.03237403447 0)
(-0.01811966439 0.03564908212 0)
(-0.02236770153 0.03846511236 0)
(-0.02685421256 0.04083559321 0)
(-0.03153348085 0.04277673805 0)
(-0.03636383163 0.04430613676 0)
(-0.04130706483 0.0454416198 0)
(-0.04632790929 0.04620035448 0)
(-0.05139350573 0.04659816774 0)
(-0.0564729236 0.04664908481 0)
(-0.06153671543 0.04636506964 0)
(-0.06655651194 0.04575594947 0)
(-0.07150466079 0.04482950389 0)
(-0.07635391133 0.04359169706 0)
(-0.0810771479 0.04204703102 0)
(-0.08564717365 0.04019899793 0)
(-0.09003654713 0.03805060941 0)
(-0.09421747349 0.03560498207 0)
(-0.09816175249 0.03286595911 0)
(-0.1018407852 0.02983874934 0)
(-0.1052256416 0.0265305657 0)
(-0.1082871915 0.02295124634 0)
(-0.1109963 0.01911384234 0)
(-0.1133240908 0.01503515588 0)
(-0.1152422748 0.01073621328 0)
(-0.1167235595 0.006242657167 0)
(-0.1177421493 0.001585042543 0)
(-0.1182741089 -0.003200991364 0)
(-0.1182982672 -0.00807475271 0)
(-0.1177966071 -0.01299052607 0)
(-0.1167549345 -0.0178976912 0)
(-0.115163686 -0.02274116386 0)
(-0.1130186314 -0.02746199566 0)
(-0.1103215984 -0.03199816208 0)
(-0.1070811656 -0.0362855467 0)
(-0.1033132865 -0.04025911925 0)
(-0.09904181319 -0.04385429753 0)
(-0.09429888035 -0.04700847381 0)
(-0.08912511217 -0.04966267605 0)
(-0.08356961511 -0.05176332315 0)
(-0.07768972414 -0.05326402321 0)
(-0.07155047675 -0.05412735391 0)
(-0.06522379986 -0.05432655761 0)
(-0.05878740727 -0.05384707953 0)
(-0.0523234206 -0.05268787826 0)
(-0.04591674322 -0.05086244269 0)
(-0.03965323314 -0.0483994603 0)
(-0.03361773636 -0.04534309611 0)
(-0.02789205437 -0.04175286098 0)
(-0.02255292794 -0.0377030682 0)
(-0.01767012113 -0.03328189886 0)
(-0.01330469196 -0.02859011469 0)
(-0.009507543724 -0.02373947307 0)
(-0.006318232888 -0.01885090983 0)
(-0.003763629177 -0.01405253356 0)
(-0.0018578204 -0.009477391928 0)
(-0.0006147195302 -0.005261333618 0)
(-2.765585406e-05 -0.001543961251 0)
(-6.005950795e-05 0.003568230898 0)
(-0.0009133183312 0.01028514641 0)
(-0.002539564234 0.01652951284 0)
(-0.004844822405 0.02226357679 0)
(-0.007722801462 0.0274666462 0)
(-0.0110952469 0.03213048123 0)
(-0.01489115885 0.03625673196 0)
(-0.01904562642 0.03985471802 0)
(-0.02350008978 0.04293935358 0)
(-0.02820179267 0.04552929548 0)
(-0.03310311196 0.04764533476 0)
(-0.0381609172 0.049309033 0)
(-0.04333594428 0.05054160346 0)
(-0.04859218815 0.05136303301 0)
(-0.05389632444 0.05179143705 0)
(-0.05921716658 0.05184263528 0)
(-0.06452516307 0.05152993289 0)
(-0.0697919386 0.05086408918 0)
(-0.07498988196 0.04985345328 0)
(-0.08009178297 0.04850424516 0)
(-0.08507052064 0.04682096002 0)
(-0.08989880425 0.04480687335 0)
(-0.09454896921 0.04246462511 0)
(-0.09899282953 0.03979686204 0)
(-0.103201589 0.03680691824 0)
(-0.1071458132 0.03349951526 0)
(-0.1107954655 0.02988146432 0)
(-0.1141200095 0.02596235371 0)
(-0.1170885813 0.02175520526 0)
(-0.119670235 0.01727708396 0)
(-0.1218342618 0.01254964414 0)
(-0.1235505979 0.007599595962 0)
(-0.1247903365 0.002459077502 0)
(-0.1255261423 -0.002834099093 0)
(-0.1257331028 -0.008236446631 0)
(-0.1253893413 -0.0136987932 0)
(-0.1244765907 -0.01916631491 0)
(-0.1229811689 -0.0245789472 0)
(-0.1208947751 -0.02987197391 0)
(-0.1182153427 -0.03497682882 0)
(-0.1149478773 -0.03982212418 0)
(-0.111105239 -0.04433490864 0)
(-0.1067088318 -0.04844214801 0)
(-0.101789156 -0.05207241204 0)
(-0.09638617622 -0.05515773754 0)
(-0.09054946054 -0.05763562464 0)
(-0.08433804702 -0.05945110945 0)
(-0.07782000293 -0.06055884352 0)
(-0.07107165165 -0.06092510029 0)
(-0.06417645737 -0.06052962196 0)
(-0.05722357522 -0.05936721864 0)
(-0.05030609425 -0.05744903596 0)
(-0.04351902117 -0.05480341796 0)
(-0.03695707235 -0.05147630924 0)
(-0.03071235801 -0.04753116292 0)
(-0.02487205358 -0.04304834688 0)
(-0.01951615767 -0.03812406822 0)
(-0.01471543911 -0.03286886131 0)
(-0.01052968418 -0.02740570761 0)
(-0.007006222234 -0.02186787307 0)
(-0.004178283503 -0.0163965295 0)
(-0.002064741712 -0.01113813764 0)
(-0.0006839765606 -0.006241976575 0)
(-3.093572467e-05 -0.001861135632 0)
(-6.311180349e-05 0.004036161947 0)
(-0.0009582951319 0.01158030874 0)
(-0.00266332807 0.01855027379 0)
(-0.005078804274 0.02491644242 0)
(-0.008092453853 0.03066615086 0)
(-0.01162160904 0.03579897877 0)
(-0.01559140804 0.04032401489 0)
(-0.01993360425 0.04425750983 0)
(-0.02458685602 0.04762071969 0)
(-0.0294961537 0.05043800702 0)
(-0.03461210784 0.05273521085 0)
(-0.03989026081 0.05453828124 0)
(-0.04529040702 0.05587217343 0)
(-0.05077592912 0.05675999385 0)
(-0.05631316209 0.05722238747 0)
(-0.06187079319 0.05727715197 0)
(-0.06741930359 0.05693906221 0)
(-0.0729304558 0.05621988533 0)
(-0.07837683005 0.05512856568 0)
(-0.08373141197 0.05367155729 0)
(-0.08896723327 0.05185328123 0)
(-0.09405706718 0.04967668561 0)
(-0.09897318009 0.04714388629 0)
(-0.1036871412 0.04425686763 0)
(-0.1081696924 0.04101822388 0)
(-0.1123906806 0.03743192278 0)
(-0.1163190566 0.0335040744 0)
(-0.1199229431 0.0292436888 0)
(-0.1231697772 0.02466340667 0)
(-0.1260265321 0.01978018705 0)
(-0.1284600196 0.0146159354 0)
(-0.1304372883 0.009198055048 0)
(-0.1319261392 0.003559908265 0)
(-0.1328956011 -0.002258846936 0)
(-0.1333166764 -0.008212201868 0)
(-0.1331632551 -0.01424774397 0)
(-0.1324125268 -0.02030658974 0)
(-0.1310461443 -0.02632373475 0)
(-0.1290511187 -0.03222861227 0)
(-0.1264208075 -0.03794588886 0)
(-0.1231559105 -0.04339652016 0)
(-0.1192654294 -0.04849907554 0)
(-0.1147675471 -0.05317133069 0)
(-0.1096903768 -0.05733211501 0)
(-0.1040725248 -0.06090338617 0)
(-0.09796341222 -0.06381248723 0)
(-0.09142329983 -0.06599452468 0)
(-0.08452296822 -0.06739478883 0)
(-0.07734301705 -0.06797112345 0)
(-0.06997276201 -0.06769614102 0)
(-0.06250872909 -0.06655917505 0)
(-0.05505276931 -0.06456786353 0)
(-0.04770984204 -0.06174926812 0)
(-0.04058554013 -0.05815045292 0)
(-0.03378345158 -0.05383847295 0)
(-0.02740246839 -0.04889975534 0)
(-0.02153416054 -0.0434388907 0)
(-0.01626033865 -0.0375768869 0)
(-0.01165093892 -0.03144896861 0)
(-0.007762214414 -0.02520203276 0)
(-0.004634743619 -0.0189918537 0)
(-0.002292996057 -0.01298003676 0)
(-0.0007606063289 -0.007331177969 0)
(-3.46232817e-05 -0.002213924031 0)
(-6.601065463e-05 0.004526111307 0)
(-0.001001120415 0.01293559098 0)
(-0.002781214281 0.02066368683 0)
(-0.005301754731 0.02768939166 0)
(-0.008444827397 0.0340085784 0)
(-0.01212361824 0.03962918406 0)
(-0.0162596397 0.04456828635 0)
(-0.02078151752 0.04884961311 0)
(-0.02562530926 0.05250128986 0)
(-0.03073391 0.05555388125 0)
(-0.03605630498 0.05803873 0)
(-0.04154683888 0.05998658255 0)
(-0.04716448819 0.06142649162 0)
(-0.05287214565 0.06238498387 0)
(-0.05863593048 0.0628854787 0)
(-0.06442453411 0.0629479415 0)
(-0.07020860784 0.06258875226 0)
(-0.07596019742 0.06182076898 0)
(-0.08165222786 0.06065356346 0)
(-0.08725804084 0.05909380682 0)
(-0.09275098645 0.05714578145 0)
(-0.09810407065 0.05481199708 0)
(-0.1032896599 0.05209388921 0)
(-0.1082792443 0.04899257949 0)
(-0.1130432623 0.04550967918 0)
(-0.1175509889 0.04164811806 0)
(-0.1217704913 0.03741298232 0)
(-0.1256686575 0.03281234593 0)
(-0.129211302 0.02785808019 0)
(-0.1323633561 0.02256662596 0)
(-0.1350891465 0.0169597119 0)
(-0.1373527745 0.01106500129 0)
(-0.1391186251 0.004916653953 0)
(-0.1403519084 -0.001444230382 0)
(-0.1410192445 -0.007969466423 0)
(-0.1410899575 -0.01460369055 0)
(-0.140536256 -0.02128419194 0)
(-0.139334596 -0.02794114978 0)
(-0.1374666804 -0.0344981415 0)
(-0.1349205845 -0.04087290889 0)
(-0.1316919218 -0.04697841857 0)
(-0.1277849969 -0.05272423454 0)
(-0.1232138977 -0.05801820929 0)
(-0.1180034724 -0.06276848666 0)
(-0.1121901234 -0.06688579267 0)
(-0.1058223538 -0.07028597039 0)
(-0.09896099406 -0.07289269362 0)
(-0.09167904997 -0.07464027229 0)
(-0.08406111559 -0.07547644246 0)
(-0.07620231845 -0.07536501828 0)
(-0.06820678314 -0.07428827365 0)
(-0.06018562926 -0.07224892089 0)
(-0.05225454951 -0.06927156331 0)
(-0.04453104577 -0.06540351916 0)
(-0.03713142921 -0.06071494571 0)
(-0.03016771277 -0.05529823116 0)
(-0.02374453686 -0.04926666732 0)
(-0.01795627796 -0.04275246052 0)
(-0.01288450293 -0.03590418123 0)
(-0.008595764802 -0.02888379081 0)
(-0.00513920715 -0.02186337209 0)
(-0.002545925505 -0.01502158831 0)
(-0.0008458430854 -0.008540416235 0)
(-3.880460904e-05 -0.002606283615 0)
(-6.874680054e-05 0.005036983057 0)
(-0.001041677459 0.01434800926 0)
(-0.002892914257 0.02286519084 0)
(-0.005513099434 0.03057658629 0)
(-0.008779008762 0.03748709164 0)
(-0.01259994434 0.04361351119 0)
(-0.01689402268 0.0489814323 0)
(-0.02158694349 0.05362257807 0)
(-0.02661233856 0.05757244643 0)
(-0.03191116084 0.06086828108 0)
(-0.03743090686 0.06354737011 0)
(-0.04312484956 0.06564565576 0)
(-0.04895126798 0.06719664021 0)
(-0.05487268451 0.06823057171 0)
(-0.06085512526 0.0687738932 0)
(-0.06686741435 0.06884893383 0)
(-0.07288050981 0.0684738223 0)
(-0.07886688644 0.067662599 0)
(-0.08479996953 0.06642550384 0)
(-0.09065362176 0.06476941555 0)
(-0.096401685 0.06269841912 0)
(-0.1020175783 0.06021447857 0)
(-0.107473953 0.05731819356 0)
(-0.1127424076 0.05400962 0)
(-0.1177932624 0.05028913624 0)
(-0.1225954001 0.04615833828 0)
(-0.127116174 0.04162094853 0)
(-0.1313213899 0.0366837235 0)
(-0.1351753693 0.0313573462 0)
(-0.1386411006 0.02565728844 0)
(-0.1416804842 0.01960462691 0)
(-0.144254684 0.01322679508 0)
(-0.1463246189 0.00655825582 0)
(-0.1478515598 -0.000358935355 0)
(-0.1487975373 -0.007474837445 0)
(-0.1491270089 -0.01473150866 0)
(-0.1488068277 -0.02206274448 0)
(-0.1478077531 -0.02939413049 0)
(-0.1461055756 -0.03664348117 0)
(-0.1436823759 -0.04372154832 0)
(-0.1405278652 -0.05053305735 0)
(-0.136640746 -0.0569781016 0)
(-0.1320300401 -0.0629539112 0)
(-0.1267163222 -0.06835699859 0)
(-0.120732786 -0.07308566373 0)
(-0.1141260601 -0.07704281838 0)
(-0.1069566917 -0.08013906284 0)
(-0.09929921501 -0.08229592074 0)
(-0.09124173406 -0.08344911086 0)
(-0.08288496389 -0.08355171262 0)
(-0.07434070226 -0.08257706567 0)
(-0.06572973399 -0.08052123917 0)
(-0.05717920865 -0.07740491295 0)
(-0.04881957137 -0.07327453454 0)
(-0.04078116388 -0.06820265108 0)
(-0.03319064427 -0.06228736282 0)
(-0.02616739287 -0.05565090067 0)
(-0.01982008689 -0.04843738892 0)
(-0.01424364384 -0.04080991146 0)
(-0.009516547296 -0.03294705211 0)
(-0.005697977273 -0.02503907546 0)
(-0.00282693968 -0.01728380496 0)
(-0.0009409522563 -0.009882848147 0)
(-4.357002492e-05 -0.003042800394 0)
(-7.130589526e-05 0.005567615082 0)
(-0.00107982532 0.01581441348 0)
(-0.002998069148 0.02514997655 0)
(-0.005712178867 0.0335718642 0)
(-0.009093961216 0.04109445233 0)
(-0.01304909243 0.04774389025 0)
(-0.01749251437 0.053554764 0)
(-0.0223471923 0.05856728135 0)
(-0.02754449698 0.06282479149 0)
(-0.03302358243 0.0663716753 0)
(-0.03873058423 0.06925159483 0)
(-0.04461782145 0.07150607973 0)
(-0.05064298898 0.0731734309 0)
(-0.05676835225 0.07428792097 0)
(-0.06295996153 0.07487927026 0)
(-0.06918689793 0.07497237537 0)
(-0.07542055979 0.07458726643 0)
(-0.08163399547 0.07373926825 0)
(-0.08780128692 0.07243934012 0)
(-0.09389698634 0.07069456938 0)
(-0.09989560785 0.06850879442 0)
(-0.1057711751 0.06588333423 0)
(-0.1114968259 0.06281780313 0)
(-0.1170444755 0.05931099137 0)
(-0.1223845404 0.05536179411 0)
(-0.1274857267 0.05097017315 0)
(-0.1323148858 0.04613813732 0)
(-0.1368369461 0.04087072819 0)
(-0.1410149253 0.03517699811 0)
(-0.1448100347 0.02907096706 0)
(-0.1481818826 0.0225725428 0)
(-0.1510887872 0.01570838666 0)
(-0.1534882382 0.008512706665 0)
(-0.1553375136 0.001027953126 0)
(-0.1565940075 -0.006694693196 0)
(-0.1572170115 -0.01459518175 0)
(-0.1571677485 -0.02260425001 0)
(-0.1564108379 -0.03064322886 0)
(-0.1549155943 -0.03862438353 0)
(-0.1526574059 -0.04645153026 0)
(-0.149619251 -0.05402101257 0)
(-0.1457932745 -0.06122308299 0)
(-0.1411823711 -0.06794371967 0)
(-0.1358017055 -0.07406689212 0)
(-0.1296800893 -0.07947726943 0)
(-0.1228611193 -0.08406333752 0)
(-0.1154039767 -0.08772086067 0)
(-0.1073837831 -0.09035658788 0)
(-0.09889142013 -0.09189207044 0)
(-0.09003273196 -0.09226742504 0)
(-0.08092705918 -0.09144485297 0)
(-0.07170508896 -0.0894117129 0)
(-0.06250605028 -0.08618294743 0)
(-0.05347433256 -0.08180268395 0)
(-0.04475565476 -0.07634486962 0)
(-0.03649295435 -0.06991285643 0)
(-0.02882219505 -0.06263792134 0)
(-0.02186831595 -0.05467678185 0)
(-0.01574156862 -0.04620824293 0)
(-0.01053428266 -0.03742918245 0)
(-0.006317437659 -0.02855008839 0)
(-0.003139513799 -0.01979024482 0)
(-0.001047227865 -0.01137334116 0)
(-4.901158728e-05 -0.003528704571 0)
(-7.367524611e-05 0.006116769969 0)
(-0.001115413783 0.01733146748 0)
(-0.003096291597 0.02751296094 0)
(-0.005898286232 0.0366687103 0)
(-0.00938858022 0.04482298889 0)
(-0.01346947558 0.05201173031 0)
(-0.01805294963 0.05827897334 0)
(-0.02305941094 0.06367386971 0)
(-0.02841811949 0.06824807446 0)
(-0.03406655937 0.07205354563 0)
(-0.03994961949 0.07514073555 0)
(-0.04601877078 0.07755714634 0)
(-0.0522312264 0.07934622509 0)
(-0.05854909856 0.08054657416 0)
(-0.06493857068 0.08119145123 0)
(-0.07136909826 0.08130853278 0)
(-0.07781264826 0.08091991415 0)
(-0.08424298379 0.08004231889 0)
(-0.09063499884 0.07868749037 0)
(-0.09696410573 0.07686273917 0)
(-0.1032056769 0.0745716214 0)
(-0.1093345423 0.07181472447 0)
(-0.1153245427 0.06859053933 0)
(-0.1211481408 0.06489640024 0)
(-0.1267760917 0.06072947574 0)
(-0.1321771767 0.05608779628 0)
(-0.1373180036 0.05097130598 0)
(-0.1421628817 0.04538292676 0)
(-0.1466737788 0.0393296235 0)
(-0.1508103699 0.03282345808 0)
(-0.1545301886 0.0258826185 0)
(-0.1577888921 0.01853240554 0)
(-0.1605406778 0.01080615759 0)
(-0.1627388762 0.002746095128 0)
(-0.164336328 -0.005595993429 0)
(-0.1652869338 -0.01415852194 0)
(-0.1655461209 -0.02286970628 0)
(-0.165072011 -0.03164709454 0)
(-0.1638269476 -0.0403977603 0)
(-0.1617789725 -0.04901878725 0)
(-0.1589035101 -0.05739814235 0)
(-0.1551851653 -0.06541600171 0)
(-0.1506195726 -0.0729465741 0)
(-0.1452152302 -0.07986045237 0)
(-0.1389952268 -0.0860275011 0)
(-0.1319987561 -0.09132025876 0)
(-0.1242822974 -0.0956177963 0)
(-0.1159203374 -0.09880993173 0)
(-0.1070055091 -0.1008016564 0)
(-0.09764803737 -0.1015175858 0)
(-0.08797441087 -0.1009062123 0)
(-0.07812523649 -0.09894371359 0)
(-0.06825228837 -0.09563706553 0)
(-0.05851482154 -0.09102622605 0)
(-0.04907528401 -0.08518519667 0)
(-0.04009461803 -0.07822183499 0)
(-0.03172738513 -0.07027637503 0)
(-0.02411698532 -0.06151870763 0)
(-0.01739127551 -0.05214457292 0)
(-0.01165866413 -0.04237091186 0)
(-0.007004017383 -0.03243064526 0)
(-0.003487176254 -0.02256702832 0)
(-0.001165997616 -0.01302850221 0)
(-5.522753057e-05 -0.004069887139 0)
(-7.583876021e-05 0.006683131036 0)
(-0.001148287852 0.01889564143 0)
(-0.003187192695 0.02994877807 0)
(-0.006070714212 0.03986024621 0)
(-0.009661761042 0.04866458357 0)
(-0.013859504 0.05640790157 0)
(-0.01857315097 0.06314410636 0)
(-0.02372071377 0.06893172094 0)
(-0.02922947287 0.07383113609 0)
(-0.03503535281 0.07790230939 0)
(-0.04108209267 0.08120288876 0)
(-0.04732040493 0.08378672854 0)
(-0.05370710906 0.08570276928 0)
(-0.06020425511 0.08699425245 0)
(-0.06677825757 0.08769824063 0)
(-0.07339905431 0.08784541314 0)
(-0.08003930166 0.08746010712 0)
(-0.08667361316 0.08656057394 0)
(-0.09327784725 0.08515942173 0)
(-0.09982844687 0.08326421601 0)
(-0.1063018326 0.08087821252 0)
(-0.1126738505 0.07800119829 0)
(-0.1189192744 0.07463042021 0)
(-0.1250113649 0.07076158259 0)
(-0.1309214856 0.06638989857 0)
(-0.1366187808 0.06151118208 0)
(-0.1420699177 0.05612296966 0)
(-0.1472389014 0.05022566195 0)
(-0.1520869702 0.04382367578 0)
(-0.1565725824 0.03692659633 0)
(-0.1606515058 0.02955031768 0)
(-0.1642770236 0.02171815531 0)
(-0.1674002899 0.01346191201 0)
(-0.1699708729 0.004822884566 0)
(-0.1719371994 -0.004147256516 0)
(-0.1732477491 -0.01338607745 0)
(-0.1738520917 -0.02281991805 0)
(-0.1737016148 -0.03236316411 0)
(-0.1727512944 -0.04191821972 0)
(-0.1709612475 -0.0513758158 0)
(-0.1682985697 -0.06061573046 0)
(-0.1647393464 -0.06950800577 0)
(-0.1602707746 -0.07791472505 0)
(-0.1548933293 -0.08569240121 0)
(-0.1486228768 -0.09269500457 0)
(-0.1414926188 -0.09877762628 0)
(-0.1335547267 -0.1038007323 0)
(-0.124881516 -0.1076349124 0)
(-0.1155660026 -0.1101659732 0)
(-0.1057216954 -0.1113001693 0)
(-0.09548150348 -0.1109693143 0)
(-0.08499567972 -0.1091354763 0)
(-0.07442878337 -0.1057949465 0)
(-0.06395571558 -0.1009811775 0)
(-0.05375696259 -0.09476643098 0)
(-0.04401325721 -0.08726194691 0)
(-0.03489993206 -0.0786165495 0)
(-0.0265812914 -0.06901372219 0)
(-0.01920537812 -0.05866731523 0)
(-0.01289926349 -0.04781617526 0)
(-0.0077641563 -0.03671802977 0)
(-0.003873503845 -0.02564283748 0)
(-0.001298620124 -0.01486670178 0)
(-6.231990647e-05 -0.00467291751 0)
(-7.778393208e-05 0.007265303863 0)
(-0.00117830529 0.02050321767 0)
(-0.003270410846 0.03245178897 0)
(-0.006228806628 0.04313924222 0)
(-0.009912476359 0.05261068341 0)
(-0.0142176891 0.06092274129 0)
(-0.01905105883 0.06813956008 0)
(-0.02432833792 0.07432942706 0)
(-0.02997493517 0.07956187366 0)
(-0.03592530309 0.08390526267 0)
(-0.04212210643 0.08742483328 0)
(-0.04851536947 0.09018116826 0)
(-0.05506158866 0.0922290505 0)
(-0.06172282759 0.09361667583 0)
(-0.06846581622 0.09438518861 0)
(-0.07526107125 0.09456850633 0)
(-0.08208204946 0.09419339936 0)
(-0.08890434291 0.09327979291 0)
(-0.09570492171 0.0918412594 0)
(-0.1024614277 0.08988567137 0)
(-0.1091515207 0.08741598775 0)
(-0.1157522783 0.08443114908 0)
(-0.1222396484 0.08092706071 0)
(-0.1285879573 0.07689764641 0)
(-0.1347694717 0.07233595786 0)
(-0.1407540201 0.06723532864 0)
(-0.1465086754 0.06159056334 0)
(-0.1519975081 0.0553991542 0)
(-0.1571814145 0.04866251796 0)
(-0.1620180356 0.04138724506 0)
(-0.1664617765 0.03358635144 0)
(-0.1704639413 0.0252805191 0)
(-0.1739730117 0.01649930815 0)
(-0.1769351177 0.007282329858 0)
(-0.1792945414 -0.002319675514 0)
(-0.1809944803 -0.01224421128 0)
(-0.1819787187 -0.02241650592 0)
(-0.1821918323 -0.03274856825 0)
(-0.1815811666 -0.04313883671 0)
(-0.1800984523 -0.05347227243 0)
(-0.1777017677 -0.06362087103 0)
(-0.1743577445 -0.07344470706 0)
(-0.1700439583 -0.08279359854 0)
(-0.164751436 -0.09150946697 0)
(-0.158487185 -0.09942944697 0)
(-0.1512766174 -0.1063897675 0)
(-0.1431657123 -0.1122303799 0)
(-0.1342227374 -0.116800251 0)
(-0.1245393376 -0.1199631713 0)
(-0.1142307982 -0.121603855 0)
(-0.103435314 -0.1216340425 0)
(-0.09231213657 -0.1199982543 0)
(-0.08103854055 -0.1166788127 0)
(-0.06980563525 -0.1116997458 0)
(-0.05881314719 -0.1051292239 0)
(-0.04826339995 -0.09708025889 0)
(-0.03835480525 -0.08770951841 0)
(-0.02927525745 -0.07721425184 0)
(-0.02119589467 -0.06582749405 0)
(-0.01426542068 -0.0538118789 0)
(-0.008604252137 -0.04145246938 0)
(-0.004302102293 -0.02904889361 0)
(-0.001446488218 -0.0169080918 0)
(-7.039904473e-05 -0.00534506203 0)
(-7.949689905e-05 0.007861824022 0)
(-0.001205343608 0.02215031245 0)
(-0.003345645855 0.03501611378 0)
(-0.006372018778 0.04649815523 0)
(-0.01013986522 0.05665233896 0)
(-0.01454276262 0.06554608822 0)
(-0.01948488096 0.07325410719 0)
(-0.02487982233 0.07985480449 0)
(-0.03065120328 0.0854272322 0)
(-0.03673206475 0.09004854854 0)
(-0.04306404773 0.09379197199 0)
(-0.04959653618 0.09672518873 0)
(-0.05628575442 0.09890917666 0)
(-0.06309383775 0.1003974091 0)
(-0.06998790091 0.1012354006 0)
(-0.07693912257 0.1014605564 0)
(-0.08392185975 0.1011022883 0)
(-0.09091280178 0.1001823607 0)
(-0.09789017057 0.09871543105 0)
(-0.1048329707 0.09670975458 0)
(-0.111720291 0.09416802247 0)
(-0.1185306585 0.09108830995 0)
(-0.1252414444 0.0874651124 0)
(-0.1318283215 0.08329045259 0)
(-0.1382647751 0.0785550456 0)
(-0.1445216685 0.07324951136 0)
(-0.1505668668 0.0673656276 0)
(-0.1563649253 0.06089761761 0)
(-0.1618768502 0.05384346792 0)
(-0.1670599432 0.04620627091 0)
(-0.171867743 0.03799558515 0)
(-0.1762500787 0.02922880267 0)
(-0.1801532583 0.01993250764 0)
(-0.183520447 0.01014381407 0)
(-0.1862921848 -8.835711779e-05 0)
(-0.1884067706 -0.01070233016 0)
(-0.1898023719 -0.02162310457 0)
(-0.1904168837 -0.03276126187 0)
(-0.190189927 -0.04401217339 0)
(-0.1890645465 -0.05525583982 0)
(-0.1869892494 -0.06635713433 0)
(-0.1839203767 -0.07716660162 0)
(-0.1798247416 -0.0875219296 0)
(-0.1746824756 -0.09725019754 0)
(-0.1684899909 -0.1061709875 0)
(-0.1612629274 -0.1141004146 0)
(-0.1530389147 -0.120856083 0)
(-0.1438799419 -0.126262909 0)
(-0.1338741052 -0.1301596727 0)
(-0.123136489 -0.1324060689 0)
(-0.1118089531 -0.1328899349 0)
(-0.1000586334 -0.1315342491 0)
(-0.08807504175 -0.1283034371 0)
(-0.07606574299 -0.1232084944 0)
(-0.06425071445 -0.1163104666 0)
(-0.05285562023 -0.1077219081 0)
(-0.04210435416 -0.09760607677 0)
(-0.03221131624 -0.08617380696 0)
(-0.02337398978 -0.07367821045 0)
(-0.01576610036 -0.06040757883 0)
(-0.0095305996 -0.04667697634 0)
(-0.004776590308 -0.03281890772 0)
(-0.0016110234 -0.01917461418 0)
(-7.958132415e-05 -0.006094302423 0)
(-8.096959934e-05 0.008471171803 0)
(-0.001229320287 0.02383291463 0)
(-0.003412695136 0.03763568828 0)
(-0.006499982735 0.04992919599 0)
(-0.01034333171 0.06078027481 0)
(-0.01483380995 0.07026734934 0)
(-0.01987326033 0.07847595293 0)
(-0.02537320929 0.08549493541 0)
(-0.03125552689 0.09141322567 0)
(-0.03745187165 0.09631715423 0)
(-0.04390288328 0.1002883021 0)
(-0.05055732861 0.1034018353 0)
(-0.05737118906 0.105725286 0)
(-0.06430671132 0.1073177387 0)
(-0.07133144788 0.1082293799 0)
(-0.07841730854 0.1085013685 0)
(-0.08553963806 0.1081659848 0)
(-0.09267633139 0.1072470187 0)
(-0.09980699374 0.1057603574 0)
(-0.1069121497 0.1037147404 0)
(-0.1139725033 0.1011126492 0)
(-0.1209682488 0.09795130633 0)
(-0.1278784329 0.09422376302 0)
(-0.1346803655 0.08992005715 0)
(-0.1413490819 0.08502843055 0)
(-0.1478568548 0.07953659617 0)
(-0.1541727606 0.07343305005 0)
(-0.1602623047 0.06670842485 0)
(-0.1660871127 0.05935688262 0)
(-0.1716046976 0.05137754467 0)
(-0.1767683178 0.0427759545 0)
(-0.181526939 0.03356556664 0)
(-0.1858253222 0.02376924839 0)
(-0.1896042905 0.01342077999 0)
(-0.1928011828 0.002566330848 0)
(-0.1953500818 -0.00873425374 0)
(-0.1971837845 -0.02040674286 0)
(-0.1982338837 -0.03236137636 0)
(-0.1984323909 -0.04449155859 0)
(-0.1977135723 -0.05667338439 0)
(-0.1960159996 -0.06876554869 0)
(-0.1932850406 -0.08060982019 0)
(-0.1894757103 -0.09203222682 0)
(-0.1845558358 -0.1028450899 0)
(-0.1785094519 -0.112850033 0)
(-0.1713403018 -0.1218420634 0)
(-0.1630752608 -0.1296147769 0)
(-0.1537674559 -0.1359666655 0)
(-0.1434988084 -0.1407084139 0)
(-0.132381702 -0.1436709612 0)
(-0.1205594743 -0.1447139833 0)
(-0.1082054648 -0.1437343358 0)
(-0.09552042166 -0.1406739009 0)
(-0.08272818172 -0.1355262328 0)
(-0.07006968471 -0.1283413981 0)
(-0.05779554695 -0.1192284893 0)
(-0.04615758213 -0.1083554419 0)
(-0.03539981293 -0.09594600182 0)
(-0.02574966273 -0.08227395987 0)
(-0.01740971871 -0.06765505445 0)
(-0.01054930341 -0.05243712218 0)
(-0.005300564982 -0.03698899599 0)
(-0.001793674498 -0.02168999645 0)
(-8.999341831e-05 -0.006929353419 0)
(-8.219509931e-05 0.009091794318 0)
(-0.001250202628 0.02554694404 0)
(-0.003471495285 0.04030434816 0)
(-0.006612581474 0.05342442904 0)
(-0.01052265499 0.06498499561 0)
(-0.01509041801 0.07507560312 0)
(-0.02021546104 0.08379282781 0)
(-0.02580726746 0.09123624393 0)
(-0.03178596712 0.09750499164 0)
(-0.03808182987 0.1026949409 0)
(-0.04463448568 0.1068964171 0)
(-0.05139208099 0.1101924482 0)
(-0.0583103614 0.1126574896 0)
(-0.06535170566 0.114356584 0)
(-0.07248414105 0.1153449077 0)
(-0.07968036368 0.1156676572 0)
(-0.08691678146 0.115360229 0)
(-0.09417259253 0.1144486475 0)
(-0.1014289076 0.1129501998 0)
(-0.1086679209 0.1108742398 0)
(-0.1158721315 0.1082231285 0)
(-0.1230236155 0.1049932838 0)
(-0.1301033474 0.1011763168 0)
(-0.1370905694 0.09676023887 0)
(-0.1439622075 0.0917307275 0)
(-0.1506923355 0.08607244361 0)
(-0.1572516865 0.0797703971 0)
(-0.1636072174 0.07281135942 0)
(-0.1697217316 0.06518532378 0)
(-0.1755535685 0.05688701378 0)
(-0.1810563735 0.04791743991 0)
(-0.1861789623 0.03828550071 0)
(-0.1908652982 0.02800961956 0)
(-0.1950546307 0.0171194043 0)
(-0.1986818247 0.005657320959 0)
(-0.201677583 -0.006319723387 0)
(-0.2039698322 -0.01873939347 0)
(-0.2054844576 -0.03151278036 0)
(-0.20614623 -0.04453262127 0)
(-0.2058807934 -0.05767241281 0)
(-0.2046166621 -0.07078592208 0)
(-0.2022877677 -0.08370724998 0)
(-0.1988364692 -0.09625162653 0)
(-0.1942169932 -0.1082171109 0)
(-0.1883992438 -0.1193873669 0)
(-0.1813728644 -0.1295356655 0)
(-0.1731513727 -0.1384302206 0)
(-0.1637761214 -0.1458408939 0)
(-0.1533197774 -0.1515471972 0)
(-0.1418889605 -0.1553473955 0)
(-0.1296256605 -0.1570683543 0)
(-0.1167070676 -0.1565756255 0)
(-0.1033435168 -0.1537831217 0)
(-0.08977436572 -0.1486616343 0)
(-0.07626179652 -0.1412454213 0)
(-0.06308273621 -0.131636157 0)
(-0.05051930546 -0.1200036946 0)
(-0.0388484196 -0.1065833545 0)
(-0.02833137131 -0.09166977717 0)
(-0.01920392504 -0.07560775801 0)
(-0.01166617511 -0.05878073286 0)
(-0.005877566407 -0.04159755134 0)
(-0.001995906666 -0.02447972947 0)
(-0.0001017701448 -0.007859677818 0)
(-8.317481683e-05 0.009722136254 0)
(-0.001268030818 0.02728833049 0)
(-0.00352216624 0.04301594332 0)
(-0.006710028506 0.05697590874 0)
(-0.01067810937 0.06925693101 0)
(-0.01531283724 0.07995974255 0)
(-0.02051157187 0.0891921198 0)
(-0.02618173547 0.09706461021 0)
(-0.03224167831 0.1036868824 0)
(-0.03862023572 0.109164708 0)
(-0.04525598637 0.1135975433 0)
(-0.05209642595 0.1170766699 0)
(-0.0590970493 0.1196838498 0)
(-0.06622037022 0.1214904473 0)
(-0.07343491312 0.1225569651 0)
(-0.08071420333 0.1229329416 0)
(-0.08803577649 0.1226571588 0)
(-0.09538022174 0.121758109 0)
(-0.1027302684 0.1202546753 0)
(-0.1100699215 0.118156986 0)
(-0.1173836481 0.1154674045 0)
(-0.1246556147 0.1121816289 0)
(-0.1318689721 0.1082898765 0)
(-0.1390051887 0.1037781369 0)
(-0.1460434263 0.09862948351 0)
(-0.1529599603 0.09282543579 0)
(-0.1597276423 0.08634737257 0)
(-0.166315408 0.07917799581 0)
(-0.1726878344 0.07130284908 0)
(-0.1788047538 0.06271189419 0)
(-0.184620935 0.05340114934 0)
(-0.1900858449 0.04337438963 0)
(-0.1951435099 0.0326449061 0)
(-0.1997325117 0.02123731498 0)
(-0.2037861642 0.009189415809 0)
(-0.2072327142 -0.003445971657 0)
(-0.2099960643 -0.01659963205 0)
(-0.2119971798 -0.03018480409 0)
(-0.2131542511 -0.04409504738 0)
(-0.2133847423 -0.05820281437 0)
(-0.212607285 -0.07235850892 0)
(-0.2107442 -0.08639005397 0)
(-0.2077245892 -0.1001031846 0)
(-0.2034879863 -0.1132826779 0)
(-0.1979885315 -0.1256947393 0)
(-0.1911995774 -0.1370907594 0)
(-0.1831185569 -0.1472126193 0)
(-0.173771862 -0.1557996525 0)
(-0.1632193929 -0.1625972645 0)
(-0.1515583626 -0.1673670558 0)
(-0.1389258872 -0.1698981138 0)
(-0.125499882 -0.1700189283 0)
(-0.1114978357 -0.1676091938 0)
(-0.09717315251 -0.1626105996 0)
(-0.08280894494 -0.1550356298 0)
(-0.06870940978 -0.1449734274 0)
(-0.05518919456 -0.1325919381 0)
(-0.04256145492 -0.118135841 0)
(-0.0311255882 -0.1019201846 0)
(-0.02115534273 -0.08432011936 0)
(-0.01288659743 -0.06575748762 0)
(-0.00651102039 -0.04668506037 0)
(-0.002219192475 -0.02757102132 0)
(-0.0001150581945 -0.008895497635 0)
(-8.391429399e-05 0.01036067936 0)
(-0.001282931183 0.0290531166 0)
(-0.003565061231 0.04576448571 0)
(-0.006792957043 0.06057585477 0)
(-0.01081059655 0.07358662336 0)
(-0.01550215859 0.08490866143 0)
(-0.02076272746 0.09466104855 0)
(-0.02649758537 0.1029655248 0)
(-0.03262321107 0.109942594 0)
(-0.03906691604 0.1157082946 0)
(-0.04576615143 0.1203716113 0)
(-0.05266770503 0.1240324876 0)
(-0.05972678576 0.126780395 0)
(-0.06690603034 0.1286934036 0)
(-0.07417447119 0.1298376999 0)
(-0.08150649658 0.1302674909 0)
(-0.08888082653 0.1300252362 0)
(-0.09627952156 0.1291421539 0)
(-0.1036870354 0.1276389469 0)
(-0.1110893175 0.1255267072 0)
(-0.118472968 0.1228079573 0)
(-0.1258244442 0.1194777993 0)
(-0.1331293155 0.1155251465 0)
(-0.1403715647 0.1109340213 0)
(-0.1475329313 0.1056849082 0)
(-0.1545922937 0.09975615739 0)
(-0.1615250897 0.09312543865 0)
(-0.1683027745 0.08577124807 0)
(-0.1748923178 0.07767447437 0)
(-0.1812557465 0.06882003105 0)
(-0.1873497391 0.05919856154 0)
(-0.1931252856 0.04880822268 0)
(-0.1985274266 0.03765654838 0)
(-0.2034951008 0.02576239069 0)
(-0.2079611514 0.01315793823 0)
(-0.2118524412 -0.0001092233554 0)
(-0.2150900194 -0.01397430048 0)
(-0.2175908779 -0.02835405051 0)
(-0.2192676114 -0.04314450403 0)
(-0.2200302636 -0.05821885077 0)
(-0.219788105 -0.07342600408 0)
(-0.2184520252 -0.08858959248 0)
(-0.2159376111 -0.1035076358 0)
(-0.2121689133 -0.1179531572 0)
(-0.207082907 -0.1316760018 0)
(-0.2006345875 -0.1444061458 0)
(-0.1928025603 -0.1558587592 0)
(-0.1835948828 -0.1657412277 0)
(-0.1730548006 -0.1737622296 0)
(-0.161265911 -0.1796427969 0)
(-0.1483561938 -0.1831290717 0)
(-0.1345003021 -0.1840062087 0)
(-0.119919525 -0.1821126061 0)
(-0.1048789441 -0.1773534068 0)
(-0.08968151177 -0.1697120567 0)
(-0.07465907285 -0.1592586775 0)
(-0.06016070088 -0.1461541571 0)
(-0.04653910847 -0.1306491809 0)
(-0.03413628405 -0.113077918 0)
(-0.02326925728 -0.09384668379 0)
(-0.01421536612 -0.07341840539 0)
(-0.007204176666 -0.05229385427 0)
(-0.002464993051 -0.0309927211 0)
(-0.0001300139779 -0.01004779878 0)
(-8.443039837e-05 0.01100599243 0)
(-0.001295142583 0.03083758559 0)
(-0.003600820372 0.04854433325 0)
(-0.006862516137 0.06421687063 0)
(-0.01092178941 0.0779649612 0)
(-0.01566050579 0.08991148682 0)
(-0.02097134733 0.100186884 0)
(-0.0267573053 0.1089242846 0)
(-0.03293283502 0.1162553342 0)
(-0.0394235876 0.1223067163 0)
(-0.04616577512 0.1271973623 0)
(-0.05310539531 0.1310363112 0)
(-0.06019731925 0.1339211716 0)
(-0.0674042838 0.1359371293 0)
(-0.07469583376 0.1371564371 0)
(-0.08204724995 0.1376383204 0)
(-0.08943849031 0.1374292328 0)
(-0.0968531639 0.1365634001 0)
(-0.1042775503 0.1350635949 0)
(-0.1116996718 0.1329420919 0)
(-0.1191084195 0.1302017628 0)
(-0.126492734 0.1268372755 0)
(-0.1338408356 0.122836373 0)
(-0.1411395007 0.1181812153 0)
(-0.1483733783 0.1128497713 0)
(-0.1555243439 0.1068172587 0)
(-0.1625708845 0.1000576322 0)
(-0.1694875152 0.09254512508 0)
(-0.1762442243 0.08425585129 0)
(-0.1828059511 0.07516947976 0)
(-0.1891321001 0.06527098954 0)
(-0.1951761011 0.05455251686 0)
(-0.2008850268 0.04301530119 0)
(-0.206199291 0.03067173424 0)
(-0.2110524727 0.01754751385 0)
(-0.2153712605 0.003683896139 0)
(-0.2190753385 -0.0108601149 0)
(-0.2220788106 -0.02600622233 0)
(-0.2242899859 -0.04165466103 0)
(-0.2256125866 -0.0576813329 0)
(-0.225947428 -0.0739358189 0)
(-0.2251945632 -0.09023972329 0)
(-0.2232562294 -0.1063856235 0)
(-0.2200406122 -0.1221369118 0)
(-0.2154664758 -0.1372288512 0)
(-0.2094686537 -0.1513712014 0)
(-0.2020043043 -0.164252778 0)
(-0.1930597177 -0.1755482676 0)
(-0.1826573204 -0.1849275234 0)
(-0.1708623745 -0.1920673939 0)
(-0.1577887242 -0.196665887 0)
(-0.1436028464 -0.1984581547 0)
(-0.1285254291 -0.197233431 0)
(-0.112829788 -0.1928517099 0)
(-0.09683663349 -0.1852586842 0)
(-0.08090503785 -0.1744973499 0)
(-0.06541988305 -0.1607147704 0)
(-0.05077657435 -0.1441628341 0)
(-0.03736434088 -0.1251924088 0)
(-0.02554925976 -0.1042410616 0)
(-0.01565649704 -0.08181520054 0)
(-0.007960024058 -0.05846778097 0)
(-0.002734739472 -0.03477520501 0)
(-0.0001468065294 -0.01132832755 0)
(-8.474775995e-05 0.01165679185 0)
(-0.001305034188 0.03263841778 0)
(-0.003630431279 0.05135041417 0)
(-0.006920478348 0.06789220913 0)
(-0.01101429043 0.08238346237 0)
(-0.01579124481 0.09495786018 0)
(-0.02114139381 0.1057572112 0)
(-0.02696520134 0.1149262311 0)
(-0.03317487957 0.1226080283 0)
(-0.03969423218 0.128940337 0)
(-0.04645808586 0.1340524874 0)
(-0.05341154448 0.138063082 0)
(-0.06050907807 0.1410783286 0)
(-0.06771349686 0.1431909692 0)
(-0.07499486321 0.1444797329 0)
(-0.08232938327 0.145009239 0)
(-0.08969831014 0.1448302751 0)
(-0.09708688132 0.1439803808 0)
(-0.1044833048 0.1424846724 0)
(-0.1118778019 0.140356854 0)
(-0.1192617082 0.1376003671 0)
(-0.1266266326 0.1342096434 0)
(-0.1339636682 0.1301714323 0)
(-0.1412626503 0.1254661853 0)
(-0.1485114557 0.1200694861 0)
(-0.1556953341 0.1139535226 0)
(-0.1627962694 0.1070886035 0)
(-0.1697923628 0.09944472517 0)
(-0.1766572367 0.09099319949 0)
(-0.1833594566 0.08170835429 0)
(-0.1898619743 0.07156932095 0)
(-0.1961215949 0.06056192278 0)
(-0.2020884786 0.04868067792 0)
(-0.2077056927 0.03593092724 0)
(-0.2129088491 0.0223310964 0)
(-0.2176258354 0.007915102467 0)
(-0.2217765533 -0.007265177706 0)
(-0.2252736203 -0.02313789229 0)
(-0.2280226106 -0.03960922229 0)
(-0.2299223801 -0.05655989695 0)
(-0.2308665965 -0.07384256198 0)
(-0.2307455265 -0.09127942174 0)
(-0.2294487195 -0.1086603667 0)
(-0.226868623 -0.1257418981 0)
(-0.2229052311 -0.142247217 0)
(-0.2174718281 -0.1578679073 0)
(-0.2105017973 -0.1722676813 0)
(-0.2019563376 -0.1850886515 0)
(-0.1918327657 -0.1959605132 0)
(-0.1801728872 -0.2045128632 0)
(-0.1670707233 -0.2103906036 0)
(-0.1526787078 -0.213272013 0)
(-0.1372113734 -0.212888612 0)
(-0.1209455737 -0.2090454809 0)
(-0.1042164727 -0.2016402706 0)
(-0.08740889611 -0.1906788934 0)
(-0.07094415653 -0.1762858797 0)
(-0.05526310725 -0.1587076994 0)
(-0.04080689944 -0.1383080022 0)
(-0.02799683967 -0.1155546693 0)
(-0.01721300985 -0.09099949142 0)
(-0.008781199828 -0.06525178679 0)
(-0.003029805064 -0.03895021822 0)
(-0.0001656153196 -0.01274957582 0)
(-8.490594688e-05 0.01231201504 0)
(-0.001313136573 0.03445287788 0)
(-0.00365529564 0.05417849511 0)
(-0.006969357837 0.07159608882 0)
(-0.01109180557 0.08683460999 0)
(-0.01589921216 0.1000382696 0)
(-0.02127865 0.1113602411 0)
(-0.02712771872 0.1209570288 0)
(-0.03335609124 0.12898356 0)
(-0.03988548371 0.1355890714 0)
(-0.04664915832 0.1409137939 0)
(-0.05359120522 0.1450864094 0)
(-0.0606656267 0.1482222305 0)
(-0.06783528496 0.1504220332 0)
(-0.07507077566 0.151771465 0)
(-0.08234927594 0.1523409411 0)
(-0.08965340415 0.1521859464 0)
(-0.09697011715 0.1513476616 0)
(-0.1042896617 0.1498538433 0)
(-0.1116045883 0.1477198946 0)
(-0.1189088299 0.1449500754 0)
(-0.1261968427 0.1415388115 0)
(-0.133462804 0.1374720733 0)
(-0.1406998593 0.1327288046 0)
(-0.1478994106 0.1272823887 0)
(-0.1550504372 0.1211021504 0)
(-0.1621388406 0.114154895 0)
(-0.1691468073 0.1064064933 0)
(-0.1760521809 0.09782352227 0)
(-0.1828278419 0.08837497825 0)
(-0.1894410894 0.0780340773 0)
(-0.1958530285 0.06678016195 0)
(-0.2020179647 0.05460073255 0)
(-0.2078828186 0.04149362156 0)
(-0.213386583 0.02746932825 0)
(-0.2184598386 0.01255353325 0)
(-0.2230243026 -0.003210238758 0)
(-0.2269928464 -0.01975808158 0)
(-0.2302700325 -0.03700383855 0)
(-0.2327516545 -0.05483525635 0)
(-0.2343259363 -0.07311061018 0)
(-0.234874888 -0.0916556213 0)
(-0.2342765828 -0.110260689 0)
(-0.2324084562 -0.1286787675 0)
(-0.2291517881 -0.1466242886 0)
(-0.2243975075 -0.1637736274 0)
(-0.2180533803 -0.1797676866 0)
(-0.2100525078 -0.1942172174 0)
(-0.2003628806 -0.206711458 0)
(-0.1889974964 -0.2168305363 0)
(-0.1760242895 -0.2241618064 0)
(-0.161574862 -0.2283198737 0)
(-0.1458508182 -0.2289695074 0)
(-0.12912644 -0.2258500203 0)
(-0.1117465778 -0.2187990825 0)
(-0.09411899517 -0.2077734892 0)
(-0.07670100332 -0.1928642373 0)
(-0.05998102247 -0.1743035134 0)
(-0.04445665504 -0.1524619004 0)
(-0.03061094196 -0.1278352459 0)
(-0.01888668248 -0.1010218459 0)
(-0.009669879025 -0.07269139554 0)
(-0.003351477218 -0.04355066489 0)
(-0.0001866321386 -0.01432475348 0)
(-8.495690902e-05 0.01297090716 0)
(-0.001320166424 0.03627903807 0)
(-0.003677305782 0.05702549877 0)
(-0.007012544611 0.07532406658 0)
(-0.01115933845 0.09131224526 0)
(-0.01599096603 0.1051444351 0)
(-0.02139102078 0.1169851684 0)
(-0.02725378338 0.1270029831 0)
(-0.03348600635 0.1353650434 0)
(-0.0400070234 0.1422326114 0)
(-0.0467483245 0.1477573909 0)
(-0.05365285829 0.1520787239 0)
(-0.06067410002 0.1553215879 0)
(-0.06777496007 0.1575953163 0)
(-0.07492660637 0.1589929519 0)
(-0.08210725811 0.1595911359 0)
(-0.08930099339 0.1594504354 0)
(-0.09649660078 0.1586160184 0)
(-0.1036864928 0.1571185955 0)
(-0.1108656907 0.1549755577 0)
(-0.1180308821 0.1521922528 0)
(-0.1251795479 0.1487633578 0)
(-0.1323091523 0.1446743121 0)
(-0.1394163858 0.1399027921 0)
(-0.1464964513 0.1344202153 0)
(-0.153542383 0.1281932692 0)
(-0.1605443866 0.1211854687 0)
(-0.1674891918 0.1133587514 0)
(-0.1743594073 0.1046751214 0)
(-0.1811328693 0.09509835996 0)
(-0.1877819788 0.08459582066 0)
(-0.1942730217 0.07314033047 0)
(-0.200565472 0.0607122206 0)
(-0.2066112817 0.04730151172 0)
(-0.2123541729 0.03291028017 0)
(-0.2177289456 0.0175552321 0)
(-0.2226607793 0.001270496288 0)
(-0.2270647804 -0.01588947044 0)
(-0.2308463351 -0.0338477467 0)
(-0.2339002842 -0.05250128033 0)
(-0.2361114793 -0.07171662324 0)
(-0.2373556815 -0.09132613598 0)
(-0.2375012773 -0.1111242859 0)
(-0.2364120837 -0.1308643753 0)
(-0.2339514502 -0.1502561201 0)
(-0.2299878881 -0.1689646252 0)
(-0.2244023962 -0.1866114361 0)
(-0.2170975302 -0.2027784426 0)
(-0.2080080673 -0.2170154394 0)
(-0.1971128527 -0.2288520665 0)
(-0.1844470822 -0.2378145978 0)
(-0.1701139214 -0.2434476047 0)
(-0.15429405 -0.2453398783 0)
(-0.1372515305 -0.2431531931 0)
(-0.1193344351 -0.2366516535 0)
(-0.100968995 -0.2257286412 0)
(-0.08264669065 -0.2104279716 0)
(-0.06490467104 -0.1909559624 0)
(-0.04830111875 -0.1676818259 0)
(-0.03338749208 -0.1411251327 0)
(-0.02067779096 -0.1119306526 0)
(-0.01062766149 -0.08083207677 0)
(-0.003700923075 -0.04861034186 0)
(-0.000210059035 -0.01606774532 0)
(-8.497232579e-05 0.01363312465 0)
(-0.001327065571 0.03811604062 0)
(-0.003698931952 0.05988987656 0)
(-0.007054456341 0.07907347184 0)
(-0.01122340835 0.09581202089 0)
(-0.01607506429 0.1102697474 0)
(-0.02148886 0.1226225727 0)
(-0.02735516539 0.1330513905 0)
(-0.03357733753 0.1417361177 0)
(-0.04007197812 0.1488506671 0)
(-0.04676857524 0.1545588843 0)
(-0.05360881186 0.1590114364 0)
(-0.06054559871 0.162343595 0)
(-0.06754192386 0.1646738272 0)
(-0.07456960585 0.1661030877 0)
(-0.08160801754 0.1667147013 0)
(-0.08864282996 0.1665747219 0)
(-0.09566480964 0.1657326649 0)
(-0.1026686897 0.1642225203 0)
(-0.1096521235 0.1620639668 0)
(-0.1166147224 0.1592637251 0)
(-0.1235571726 0.1558169983 0)
(-0.1304804217 0.1517089673 0)
(-0.1373849249 0.1469163148 0)
(-0.1442699372 0.1414087679 0)
(-0.1511328397 0.1351506542 0)
(-0.1579684859 0.1281024737 0)
(-0.1647685561 0.1202224986 0)
(-0.1715209073 0.1114684108 0)
(-0.1782089073 0.1017989968 0)
(-0.1848107411 0.09117591968 0)
(-0.1912986835 0.07956559214 0)
(-0.1976383274 0.06694117746 0)
(-0.2037877693 0.05328474973 0)
(-0.2096967573 0.03858964787 0)
(-0.2153058048 0.02286306123 0)
(-0.2205452311 0.006128881143 0)
(-0.2253344097 -0.01156920729 0)
(-0.2295815474 -0.03016502791 0)
(-0.2331828348 -0.04956675589 0)
(-0.2360221459 -0.06965183977 0)
(-0.237971439 -0.09026249371 0)
(-0.2388917732 -0.1112010631 0)
(-0.2386354397 -0.1322255475 0)
(-0.2370494541 -0.1530456948 0)
(-0.2339807352 -0.1733202411 0)
(-0.2292832637 -0.1926560544 0)
(-0.2228274201 -0.2106101143 0)
(-0.2145115088 -0.2266953704 0)
(-0.2042751915 -0.2403915247 0)
(-0.1921141594 -0.251161591 0)
(-0.178094916 -0.2584746542 0)
(-0.1623680779 -0.2618345333 0)
(-0.1451782396 -0.2608130797 0)
(-0.1268683266 -0.2550857148 0)
(-0.107876589 -0.2444657346 0)
(-0.08872505845 -0.2289331356 0)
(-0.06999942954 -0.2086535382 0)
(-0.05232187134 -0.1839834124 0)
(-0.03631891194 -0.1554593136 0)
(-0.02258483742 -0.1237708098 0)
(-0.01165544861 -0.08971849589 0)
(-0.004079156177 -0.05416361125 0)
(-0.0002361092864 -0.01799305195 0)
(-8.504265682e-05 0.01429885673 0)
(-0.001335037587 0.0399644079 0)
(-0.003723325807 0.06277204502 0)
(-0.007100715797 0.08284390974 0)
(-0.01129229986 0.1003319197 0)
(-0.01616237629 0.1154097629 0)
(-0.02158532892 0.1282648621 0)
(-0.02744686632 0.1390909157 0)
(-0.03364637271 0.1480812537 0)
(-0.04009731603 0.1554232077 0)
(-0.0467269414 0.1612935634 0)
(-0.05347556138 0.1658550856 0)
(-0.06029552524 0.1692540541 0)
(-0.06714998149 0.1716187083 0)
(-0.07401153646 0.1730584743 0)
(-0.08086088748 0.1736638451 0)
(-0.08768548688 0.1735067812 0)
(-0.09447827417 0.1726415129 0)
(-0.1012364977 0.1711056384 0)
(-0.107960635 0.1689214277 0)
(-0.1146534102 0.1660972625 0)
(-0.1213189041 0.1626291568 0)
(-0.1279617421 0.1585023199 0)
(-0.1345863506 0.1536927363 0)
(-0.141196263 0.1481687492 0)
(-0.1477934626 0.1418926442 0)
(-0.1543777457 0.1348222349 0)
(-0.1609460903 0.1269124606 0)
(-0.167492014 0.118117011 0)
(-0.1740049077 0.1083899932 0)
(-0.1804693305 0.09768766473 0)
(-0.1868642513 0.08597025756 0)
(-0.1931622264 0.07320392167 0)
(-0.1993285022 0.05936282539 0)
(-0.2053200453 0.04443145347 0)
(-0.2110844912 0.02840715223 0)
(-0.2165589619 0.01130296582 0)
(-0.2216689794 -0.006849216382 0)
(-0.2263277794 -0.02599537123 0)
(-0.2304352552 -0.04605668633 0)
(-0.2338769559 -0.06692397898 0)
(-0.236523847 -0.08845248497 0)
(-0.2382325391 -0.1104563404 0)
(-0.238846578 -0.1327028992 0)
(-0.2381990962 -0.1549072616 0)
(-0.2361172404 -0.1767275809 0)
(-0.2324288057 -0.1977619547 0)
(-0.2269714493 -0.2175479617 0)
(-0.2196046989 -0.2355661237 0)
(-0.2102246808 -0.2512486939 0)
(-0.1987810637 -0.2639950905 0)
(-0.1852951466 -0.2731949279 0)
(-0.1698773876 -0.2782588517 0)
(-0.1527420924 -0.2786562508 0)
(-0.1342166152 -0.2739574794 0)
(-0.1147424813 -0.2638766976 0)
(-0.0948664426 -0.2483101629 0)
(-0.07522075153 -0.2273641833 0)
(-0.05649384039 -0.2013673429 0)
(-0.03939364203 -0.1708632192 0)
(-0.02460428519 -0.136582232 0)
(-0.01275332857 -0.09939364657 0)
(-0.004487003179 -0.06024501291 0)
(-0.0002650060413 -0.020115714 0)
(-8.52852645e-05 0.01496897051 0)
(-0.001345601534 0.04182640714 0)
(-0.003754443794 0.06567489524 0)
(-0.007158359334 0.08663784165 0)
(-0.01137635189 0.104872843 0)
(-0.01626643637 0.1205627513 0)
(-0.02169679196 0.1339067498 0)
(-0.02754753282 0.1451119823 0)
(-0.03371338378 0.1543860565 0)
(-0.04010423127 0.1619306852 0)
(-0.04664484064 0.1679365599 0)
(-0.05327408991 0.1725794519 0)
(-0.05994383465 0.1760174663 0)
(-0.06661754443 0.1783893251 0)
(-0.07326883313 0.1798135304 0)
(-0.07987997408 0.1803882522 0)
(-0.08644046377 0.1801917862 0)
(-0.09294567467 0.1792834442 0)
(-0.09939561913 0.1777047545 0)
(-0.1057938318 0.1754808729 0)
(-0.1121463679 0.1726221242 0)
(-0.1184609072 0.1691256139 0)
(-0.1247459502 0.1649768693 0)
(-0.1310100896 0.1601514813 0)
(-0.1372613389 0.1546167344 0)
(-0.143506501 0.1483332184 0)
(-0.1497505579 0.1412564271 0)
(-0.1559960652 0.1333383521 0)
(-0.1622425313 0.1245290864 0)
(-0.1684857662 0.1147784551 0)
(-0.1747171809 0.1040376965 0)
(-0.1809230193 0.09226121716 0)
(-0.1870835074 0.079408455 0)
(-0.1931719012 0.0654458872 0)
(-0.1991534277 0.05034923086 0)
(-0.2049841067 0.03410589407 0)
(-0.2106093955 0.01671773085 0)
(-0.2159627343 -0.001795845562 0)
(-0.2209646044 -0.02139419536 0)
(-0.2255209362 -0.04201297104 0)
(-0.2295217545 -0.06355856907 0)
(-0.2328401009 -0.08590221867 0)
(-0.2353314456 -0.1088736876 0)
(-0.236833996 -0.1322544608 0)
(-0.2371702928 -0.1557706984 0)
(-0.236150582 -0.17908649 0)
(-0.2335785294 -0.2017982111 0)
(-0.2292598419 -0.2234311275 0)
(-0.2230142563 -0.2434397366 0)
(-0.2146911026 -0.2612136087 0)
(-0.2041882012 -0.2760905814 0)
(-0.1914732021 -0.287378926 0)
(-0.1766056719 -0.294389404 0)
(-0.1597573796 -0.29647689 0)
(-0.1412275643 -0.2930894766 0)
(-0.1214497116 -0.2838209209 0)
(-0.1009868028 -0.2684603418 0)
(-0.0805133304 -0.2470317917 0)
(-0.06078463746 -0.2198162686 0)
(-0.04259570012 -0.1873503101 0)
(-0.02673031401 -0.1503981801 0)
(-0.01392047008 -0.1098978679 0)
(-0.004925076518 -0.06688881889 0)
(-0.0002969830911 -0.02245122189 0)
(-8.584619515e-05 0.01564518305 0)
(-0.001360650165 0.04370648291 0)
(-0.003797198709 0.06860438964 0)
(-0.007236088586 0.09046125395 0)
(-0.01148829847 0.1094392739 0)
(-0.01640384983 0.1257302971 0)
(-0.02184325667 0.1395457575 0)
(-0.02767989822 0.1511071625 0)
(-0.03380304016 0.1606375438 0)
(-0.04011850558 0.1683542132 0)
(-0.04654836988 0.1744629497 0)
(-0.05303008172 0.1791536086 0)
(-0.05951516605 0.1825970591 0)
(-0.0659676823 0.1849432964 0)
(-0.07236258224 0.1863205489 0)
(-0.07868407244 0.186835191 0)
(-0.08492405216 0.1865722819 0)
(-0.09108066973 0.1855965682 0)
(-0.09715701832 0.1839538105 0)
(-0.1031599761 0.1816723228 0)
(-0.1090991842 0.178764633 0)
(-0.1149861487 0.1752292015 0)
(-0.1208334486 0.1710521511 0)
(-0.12665403 0.1662089797 0)
(-0.1324605645 0.1606662409 0)
(-0.1382648528 0.1543831883 0)
(-0.1440772508 0.1473133868 0)
(-0.1499061004 0.1394063003 0)
(-0.1557571429 0.1306088707 0)
(-0.1616328968 0.1208671044 0)
(-0.1675319782 0.1101276901 0)
(-0.1734483439 0.09833967104 0)
(-0.179370435 0.08545620668 0)
(-0.1852801997 0.07143646058 0)
(-0.191151978 0.05624766684 0)
(-0.1969512366 0.03986743893 0)
(-0.2026330863 0.02228639097 0)
(-0.2081405133 0.003511145724 0)
(-0.213403273 -0.01643206937 0)
(-0.2183356423 -0.03749436433 0)
(-0.2228349038 -0.05959955526 0)
(-0.2267793701 -0.08263749311 0)
(-0.2300269783 -0.1064571575 0)
(-0.2324145174 -0.1308588384 0)
(-0.2337579907 -0.1555856111 0)
(-0.2338546512 -0.1803145213 0)
(-0.2324873915 -0.2046482282 0)
(-0.2294322476 -0.2281082643 0)
(-0.2244697538 -0.2501315541 0)
(-0.2174007013 -0.2700722885 0)
(-0.2080664372 -0.287211575 0)
(-0.196373147 -0.3007772707 0)
(-0.1823185908 -0.30997586 0)
(-0.166018628 -0.3140369793 0)
(-0.1477297806 -0.3122691466 0)
(-0.1278634031 -0.3041226118 0)
(-0.1069871167 -0.2892524328 0)
(-0.08581042186 -0.2675726444 0)
(-0.06515399141 -0.2392915513 0)
(-0.04590430063 -0.204919462 0)
(-0.02895461797 -0.1652434304 0)
(-0.01515504491 -0.1212677609 0)
(-0.005393757926 -0.07412854112 0)
(-0.0003322855769 -0.02501541429 0)
(-8.691046851e-05 0.01633026967 0)
(-0.001382531662 0.04561177144 0)
(-0.003857647966 0.07157026231 0)
(-0.00734457708 0.09432442795 0)
(-0.01164367519 0.1140400207 0)
(-0.01659476356 0.1309179469 0)
(-0.02204886546 0.1451827282 0)
(-0.02787125196 0.1570715423 0)
(-0.03394481793 0.1668243683 0)
(-0.04017082753 0.174675669 0)
(-0.04646851489 0.1808477642 0)
(-0.05277401139 0.1855458752 0)
(-0.05903880876 0.1889547154 0)
(-0.06522797003 0.191236431 0)
(-0.07131825871 0.1925296695 0)
(-0.07729630565 0.1929495469 0)
(-0.0831568905 0.1925883 0)
(-0.08890138164 0.1915164345 0)
(-0.09453635252 0.1897842092 0)
(-0.1000723748 0.1874233286 0)
(-0.1055229759 0.1844487464 0)
(-0.1109037426 0.1808605071 0)
(-0.1162315463 0.1766455787 0)
(-0.1215238669 0.1717796451 0)
(-0.1267981897 0.1662288453 0)
(-0.1320714518 0.1599514527 0)
(-0.1373595149 0.1528995009 0)
(-0.1426766421 0.1450203647 0)
(-0.1480349572 0.136258311 0)
(-0.1534438643 0.1265560369 0)
(-0.1589094058 0.1158562152 0)
(-0.1644335342 0.104103074 0)
(-0.1700132746 0.09124403981 0)
(-0.1756397501 0.07723148465 0)
(-0.181297047 0.06202462774 0)
(-0.1869609011 0.04559166062 0)
(-0.1925971372 0.02791217949 0)
(-0.1981597289 0.00897999959 0)
(-0.2035892895 -0.01119350308 0)
(-0.2088108066 -0.0325756866 0)
(-0.2137313739 -0.05510909448 0)
(-0.2182377585 -0.07870432761 0)
(-0.2221941059 -0.1032327013 0)
(-0.2254400537 -0.1285176394 0)
(-0.2277897432 -0.1543248502 0)
(-0.2290322835 -0.1803515529 0)
(-0.2289344367 -0.2062153649 0)
(-0.2272464614 -0.231443941 0)
(-0.2237121312 -0.2554670584 0)
(-0.2180838819 -0.2776135088 0)
(-0.2101437106 -0.2971157613 0)
(-0.1997297731 -0.3131256806 0)
(-0.1867675382 -0.3247443275 0)
(-0.1713029294 -0.3310677429 0)
(-0.1535333215 -0.3312483995 0)
(-0.133830983 -0.3245687631 0)
(-0.1127530851 -0.3105195678 0)
(-0.09103336387 -0.2888718699 0)
(-0.06955331142 -0.2597298834 0)
(-0.04929356657 -0.2235521839 0)
(-0.03126626888 -0.181132304 0)
(-0.0164541888 -0.1335350208 0)
(-0.005893198185 -0.08199640607 0)
(-0.0003711724042 -0.02782437322 0)
(-8.870876818e-05 0.01702831618 0)
(-0.001414147925 0.04755271914 0)
(-0.003943232079 0.07458684616 0)
(-0.007496850676 0.0982428269 0)
(-0.01186131006 0.1186890438 0)
(-0.01686341592 0.1361358959 0)
(-0.02234244526 0.1508223278 0)
(-0.0281539322 0.1630030276 0)
(-0.03417338734 0.1729369455 0)
(-0.04029703935 0.1808776737 0)
(-0.04644123377 0.1870658621 0)
(-0.05254105377 0.1917236245 0)
(-0.05854843836 0.1950507586 0)
(-0.06443005723 0.1972225287 0)
(-0.07016514107 0.1983887284 0)
(-0.07574340088 0.1986737467 0)
(-0.08116311765 0.1981773792 0)
(-0.08642944374 0.196976166 0)
(-0.09155292821 0.1951250713 0)
(-0.09654825888 0.192659364 0)
(-0.1014332012 0.1895965878 0)
(-0.1062277077 0.1859385482 0)
(-0.110953168 0.1816732619 0)
(-0.1156317708 0.1767768409 0)
(-0.120285947 0.1712152957 0)
(-0.124937869 0.1649462553 0)
(-0.1296089783 0.1579206089 0)
(-0.1343195191 0.1500840804 0)
(-0.1390880531 0.1413787498 0)
(-0.1439309335 0.1317445384 0)
(-0.1488617134 0.1211206793 0)
(-0.1538904644 0.109447195 0)
(-0.1590229794 0.09666641245 0)
(-0.1642598272 0.08272455326 0)
(-0.1695952328 0.06757344885 0)
(-0.1750157546 0.05117244898 0)
(-0.1804987041 0.03349061307 0)
(-0.1860101431 0.01450925671 0)
(-0.1915029054 -0.005775017154 0)
(-0.1969146979 -0.02734626278 0)
(-0.2021647053 -0.05016648643 0)
(-0.2071511764 -0.07416855118 0)
(-0.2117481576 -0.09924859726 0)
(-0.2158025481 -0.1252569213 0)
(-0.2191317192 -0.1519871375 0)
(-0.221522249 -0.1791636892 0)
(-0.2227305875 -0.206428112 0)
(-0.2224867197 -0.2333249626 0)
(-0.2205021086 -0.2592890312 0)
(-0.2164832889 -0.283636333 0)
(-0.210152315 -0.3055623004 0)
(-0.2012746893 -0.3241513471 0)
(-0.1896942811 -0.338402186 0)
(-0.1753730681 -0.3472724927 0)
(-0.1584314535 -0.3497443201 0)
(-0.1391828794 -0.3449079106 0)
(-0.1181551608 -0.3320565678 0)
(-0.09609131222 -0.3107800209 0)
(-0.07392540219 -0.2810398379 0)
(-0.05273235784 -0.2432097027 0)
(-0.03365166861 -0.1980665853 0)
(-0.01781402247 -0.146725218 0)
(-0.006423345074 -0.09052282333 0)
(-0.0004139218558 -0.03089432578 0)
(-9.153287232e-05 0.01774503125 0)
(-0.001459089597 0.04954383198 0)
(-0.004063079935 0.07767405486 0)
(-0.007708763129 0.1022381184 0)
(-0.01216392019 0.1234063691 0)
(-0.01723878062 0.1413996946 0)
(-0.02275811792 0.1564735012 0)
(-0.02856582828 0.1689025471 0)
(-0.03452894768 0.1789674299 0)
(-0.04053826237 0.1869433889 0)
(-0.04650734932 0.1930916032 0)
(-0.05237073494 0.1976528885 0)
(-0.05808153035 0.2008435413 0)
(-0.06360885731 0.2028529958 0)
(-0.06893529385 0.2038429376 0)
(-0.07405448546 0.2039475308 0)
(-0.07896900336 0.2032744519 0)
(-0.08368848455 0.2019064741 0)
(-0.0882280558 0.1999033916 0)
(-0.09260702289 0.197304126 0)
(-0.09684779472 0.1941288965 0)
(-0.1009750061 0.1903813727 0)
(-0.1050148018 0.1860507592 0)
(-0.1089942459 0.1811137815 0)
(-0.1129408221 0.1755365618 0)
(-0.1168819944 0.1692763827 0)
(-0.1208447996 0.162283348 0)
(-0.1248554467 0.1545019499 0)
(-0.1289388968 0.1458725611 0)
(-0.1331184015 0.136332866 0)
(-0.1374149748 0.1258192522 0)
(-0.1418467726 0.1142681829 0)
(-0.1464283543 0.1016175787 0)
(-0.1511697923 0.08780824146 0)
(-0.1560755973 0.07278536907 0)
(-0.161143428 0.05650022482 0)
(-0.166362541 0.03891205073 0)
(-0.1717118122 0.0199903092 0)
(-0.1771573698 -0.0002826313847 0)
(-0.1826511636 -0.02190765749 0)
(-0.1881264456 -0.04486626685 0)
(-0.193495641 -0.06911441827 0)
(-0.1986461478 -0.09457479076 0)
(-0.2034364602 -0.1211274827 0)
(-0.2076924365 -0.1485985316 0)
(-0.2112042484 -0.1767460941 0)
(-0.2137248092 -0.2052444064 0)
(-0.2149708174 -0.2336661483 0)
(-0.2146279047 -0.2614645971 0)
(-0.2123616605 -0.2879580134 0)
(-0.2078363631 -0.312319963 0)
(-0.2007428864 -0.3335805507 0)
(-0.1908362292 -0.3506443883 0)
(-0.177981294 -0.3623309564 0)
(-0.1622029675 -0.3674411595 0)
(-0.1437336409 -0.3648498319 0)
(-0.1230488695 -0.3536178039 0)
(-0.1008811775 -0.3331098475 0)
(-0.07820433434 -0.3030983935 0)
(-0.05618423488 -0.2638299422 0)
(-0.03609461847 -0.2160333599 0)
(-0.01922975343 -0.1608565586 0)
(-0.006984006046 -0.09973587916 0)
(-0.0004608396402 -0.03424156982 0)
(-9.575165192e-05 0.01848813542 0)
(-0.00152180951 0.05160459437 0)
(-0.004228403949 0.08085855679 0)
(-0.007999596303 0.1063393533 0)
(-0.01257884037 0.1282190836 0)
(-0.01775531848 0.1467309484 0)
(-0.02333596585 0.1621498317 0)
(-0.02915086436 0.1747740831 0)
(-0.0350574559 0.1849094657 0)
(-0.04094082361 0.1928560546 0)
(-0.04671215061 0.1988982457 0)
(-0.05230620596 0.2032976873 0)
(-0.05767831788 0.2062887684 0)
(-0.06280121043 0.2080762153 0)
(-0.06766196231 0.2088343414 0)
(-0.07225924117 0.2087075254 0)
(-0.07660088882 0.2078115524 0)
(-0.08070187857 0.2062355167 0)
(-0.08458263078 0.2040440512 0)
(-0.08826765191 0.2012797071 0)
(-0.09178445194 0.1979653579 0)
(-0.09516269201 0.1941065456 0)
(-0.09843351475 0.1896937168 0)
(-0.1016290136 0.1847043222 0)
(-0.1047818015 0.1791047715 0)
(-0.1079246446 0.1728522457 0)
(-0.1110901292 0.1658963766 0)
(-0.1143103356 0.1581808093 0)
(-0.1176164924 0.1496446629 0)
(-0.1210385886 0.1402239072 0)
(-0.1246049184 0.1298526755 0)
(-0.1283415357 0.1184645311 0)
(-0.1322715887 0.1059937135 0)
(-0.1364145056 0.09237639401 0)
(-0.1407849941 0.07755198467 0)
(-0.1453918199 0.0614645573 0)
(-0.1502363267 0.04406445886 0)
(-0.1553105439 0.02531022328 0)
(-0.160594675 0.005170879287 0)
(-0.1660557139 -0.01637089985 0)
(-0.1716427967 -0.03931557922 0)
(-0.1772846735 -0.06364230814 0)
(-0.1828851302 -0.08930113648 0)
(-0.1883182809 -0.1162038997 0)
(-0.1934236161 -0.1442125392 0)
(-0.1980012245 -0.173124456 0)
(-0.2018079018 -0.2026546825 0)
(-0.2045552675 -0.2324150939 0)
(-0.2059114953 -0.2618916439 0)
(-0.2055087566 -0.2904217719 0)
(-0.2029588308 -0.3171757085 0)
(-0.1978792974 -0.341147231 0)
(-0.1899319748 -0.3611610872 0)
(-0.1788734857 -0.375905078 0)
(-0.1646148752 -0.3839936954 0)
(-0.1472833505 -0.3840663011 0)
(-0.1272753305 -0.3749156981 0)
(-0.1052877024 -0.3556333232 0)
(-0.08231544322 -0.3257474562 0)
(-0.05960756136 -0.2853244077 0)
(-0.03857652378 -0.2350027934 0)
(-0.02069588243 -0.1759386716 0)
(-0.007574966851 -0.1096609036 0)
(-0.0005122752166 -0.0378824459 0)
(-0.0001018379913 0.01926785556 0)
(-0.00160785962 0.0537606067 0)
(-0.004453015681 0.08417518624 0)
(-0.008392820442 0.1105843211 0)
(-0.01313891148 0.1331624 0)
(-0.01845384495 0.1521579615 0)
(-0.02412273167 0.1678697285 0)
(-0.0299594089 0.1806244363 0)
(-0.03581065876 0.1907576057 0)
(-0.04155586035 0.1985981586 0)
(-0.04710455213 0.2044569665 0)
(-0.05239296375 0.20861899 0)
(-0.05738009883 0.2113384747 0)
(-0.06204381139 0.2128365992 0)
(-0.06637715975 0.2133009871 0)
(-0.07038518971 0.212886561 0)
(-0.07408220595 0.2117173002 0)
(-0.07748953003 0.2098885543 0)
(-0.08063370693 0.2074696502 0)
(-0.08354510317 0.2045065991 0)
(-0.08625683222 0.2010247754 0)
(-0.08880394367 0.1970314817 0)
(-0.09122281679 0.1925183554 0)
(-0.09355070588 0.1874635921 0)
(-0.09582539175 0.1818339857 0)
(-0.09808490041 0.1755867905 0)
(-0.1003672556 0.1686714217 0)
(-0.1027102365 0.1610310108 0)
(-0.1051511151 0.1526038351 0)
(-0.1077263495 0.14332464 0)
(-0.110471211 0.1331258729 0)
(-0.113419322 0.1219388467 0)
(-0.116602079 0.1096948521 0)
(-0.1200479295 0.09632624849 0)
(-0.1237814684 0.0817675682 0)
(-0.1278223177 0.06595668677 0)
(-0.1321837521 0.04883613373 0)
(-0.1368709424 0.03035464834 0)
(-0.1418785403 0.01046905809 0)
(-0.147188869 -0.0108532863 0)
(-0.1527683645 -0.03363095548 0)
(-0.1585636392 -0.05786562684 0)
(-0.1644973553 -0.08353461554 0)
(-0.1704627597 -0.1105823126 0)
(-0.1763177306 -0.1389087807 0)
(-0.1818784521 -0.1683548793 0)
(-0.186913277 -0.1986833329 0)
(-0.1911377883 -0.2295554772 0)
(-0.1942126608 -0.2605040923 0)
(-0.1957466228 -0.2909039103 0)
(-0.1953075066 -0.3199431883 0)
(-0.1924447778 -0.3466021042 0)
(-0.1867266431 -0.3696463319 0)
(-0.1777933532 -0.3876461896 0)
(-0.1654252161 -0.3990319751 0)
(-0.1496191226 -0.4021929645 0)
(-0.1306618072 -0.3956199211 0)
(-0.1091835555 -0.3780789391 0)
(-0.08617538244 -0.3487903568 0)
(-0.06295572437 -0.3075749551 0)
(-0.04107675734 -0.2549258632 0)
(-0.02220654764 -0.1919714637 0)
(-0.008196177623 -0.1203201657 0)
(-0.0005686438938 -0.04183338851 0)
(-0.0001104035148 0.02009755939 0)
(-0.001724207813 0.0560450092 0)
(-0.004754002879 0.08766864921 0)
(-0.008917059663 0.1150211022 0)
(-0.01388355783 0.1382807597 0)
(-0.01938250877 0.1577162472 0)
(-0.02517250213 0.1736563273 0)
(-0.03104851007 0.1864625882 0)
(-0.03684577966 0.1965062554 0)
(-0.04243840954 0.2041500999 0)
(-0.04773557955 0.2097353747 0)
(-0.05267675795 0.2135731913 0)
(-0.05722660794 0.2159395551 0)
(-0.06137010098 0.2170732385 0)
(-0.06510813461 0.2171757393 0)
(-0.06845378927 0.2164126764 0)
(-0.07142925133 0.2149161064 0)
(-0.07406336471 0.2127873614 0)
(-0.07638973833 0.210100118 0)
(-0.07844532269 0.2069034956 0)
(-0.08026936675 0.2032250511 0)
(-0.08190267285 0.1990735927 0)
(-0.08338707628 0.1944417716 0)
(-0.08476508706 0.1893084398 0)
(-0.08607964167 0.1836407777 0)
(-0.08737392158 0.177396207 0)
(-0.08869120312 0.17052411 0)
(-0.09007470961 0.1629673763 0)
(-0.09156743971 0.1546637994 0)
(-0.09321194925 0.1455473433 0)
(-0.09505006733 0.1355493005 0)
(-0.09712252692 0.1245993549 0)
(-0.09946848488 0.1126265664 0)
(-0.1021249029 0.09956030212 0)
(-0.1051257581 0.08533114721 0)
(-0.1085010479 0.06987183466 0)
(-0.1122755505 0.05311825817 0)
(-0.1164672514 0.03501066123 0)
(-0.12108515 0.01549506763 0)
(-0.1261269933 -0.005474914675 0)
(-0.1315771582 -0.0279346959 0)
(-0.1374011155 -0.05190710125 0)
(-0.1435422472 -0.07739569109 0)
(-0.1499157681 -0.1043770704 0)
(-0.1564020607 -0.1327902355 0)
(-0.1628390942 -0.1625221165 0)
(-0.1690142773 -0.193388359 0)
(-0.1746565504 -0.2251085446 0)
(-0.1794301665 -0.2572755325 0)
(-0.1829324892 -0.2893196836 0)
(-0.1846991565 -0.3204706013 0)
(-0.1842208799 -0.3497218263 0)
(-0.1809765237 -0.3758074698 0)
(-0.1744862453 -0.3972033558 0)
(-0.1643856215 -0.4121673821 0)
(-0.1505163828 -0.4188323538 0)
(-0.1330220309 -0.4153572981 0)
(-0.1124292323 -0.4001292262 0)
(-0.08969209597 -0.371988243 0)
(-0.06617741675 -0.3304303646 0)
(-0.04357318059 -0.2757320126 0)
(-0.02375603481 -0.2089440847 0)
(-0.008848042176 -0.1317327736 0)
(-0.0006304661725 -0.04611110071 0)
(-0.0001222512459 0.02099458411 0)
(-0.001879673719 0.05850028104 0)
(-0.005152624114 0.09139559126 0)
(-0.009607317024 0.1197098233 0)
(-0.01486007695 0.1436289101 0)
(-0.02059785078 0.1634487772 0)
(-0.0265472764 0.179536933 0)
(-0.03248178493 0.1922984673 0)
(-0.03822461898 0.202147945 0)
(-0.04364568104 0.2094881566 0)
(-0.04865583236 0.2146953482 0)
(-0.05320029636 0.2181099589 0)
(-0.05725203912 0.2200317259 0)
(-0.0608056873 0.2207180506 0)
(-0.06387227195 0.2203846553 0)
(-0.06647489079 0.2192077435 0)
(-0.06864526221 0.2173270524 0)
(-0.07042107957 0.2148493508 0)
(-0.07184404554 0.2118520703 0)
(-0.07295846055 0.2083868616 0)
(-0.07381024652 0.2044829508 0)
(-0.07444630099 0.2001502274 0)
(-0.07491409284 0.1953820361 0)
(-0.0752614262 0.1901576733 0)
(-0.07553631377 0.1844446029 0)
(-0.07578691232 0.178200417 0)
(-0.07606148355 0.1713745691 0)
(-0.07640835161 0.1639099093 0)
(-0.07687583142 0.1557440426 0)
(-0.07751210513 0.1468105389 0)
(-0.07836503275 0.1370400173 0)
(-0.07948188208 0.1263611136 0)
(-0.08090895412 0.1147013429 0)
(-0.08269107613 0.1019878812 0)
(-0.0848709374 0.08814829566 0)
(-0.08748823706 0.07311125289 0)
(-0.09057860584 0.05680725059 0)
(-0.09417224093 0.03916945168 0)
(-0.09829200536 0.02013469304 0)
(-0.1029508949 -0.0003552603057 0)
(-0.1081511164 -0.02235110685 0)
(-0.1138775554 -0.04589470571 0)
(-0.1200954375 -0.07101403009 0)
(-0.1267439822 -0.09771643594 0)
(-0.1337293512 -0.1259792141 0)
(-0.1409161889 -0.155736195 0)
(-0.1481178533 -0.1868591368 0)
(-0.155085846 -0.2191325507 0)
(-0.1614995932 -0.2522208369 0)
(-0.1669587205 -0.2856274171 0)
(-0.1709812742 -0.3186473147 0)
(-0.173012803 -0.3503176382 0)
(-0.1724524196 -0.3793748042 0)
(-0.1687020777 -0.4042326083 0)
(-0.1612432128 -0.4229999067 0)
(-0.1497395452 -0.4335580036 0)
(-0.1341559383 -0.4337123863 0)
(-0.114872453 -0.4214184008 0)
(-0.09276447902 -0.3950561936 0)
(-0.06921686378 -0.3537025531 0)
(-0.04604281959 -0.2973266476 0)
(-0.02533950163 -0.2268340265 0)
(-0.00953183652 -0.1439148655 0)
(-0.0006984224713 -0.05073291457 0)
(-0.0001384509964 0.02198133132 0)
(-0.002085528919 0.06118053502 0)
(-0.005675496312 0.09542710653 0)
(-0.01050652324 0.1247246041 0)
(-0.01612515021 0.1492728397 0)
(-0.02216586241 0.1694057679 0)
(-0.02831723375 0.1855417484 0)
(-0.0343286715 0.1981408413 0)
(-0.04001168218 0.2076706558 0)
(-0.04523404946 0.2145815097 0)
(-0.04991139619 0.2192899784 0)
(-0.05399817635 0.2221692682 0)
(-0.05747911449 0.2235447707 0)
(-0.06036167464 0.2236933076 0)
(-0.06266979778 0.2228448341 0)
(-0.06443892074 0.2211856463 0)
(-0.06571216547 0.2188623894 0)
(-0.06653753027 0.2159863753 0)
(-0.06696589939 0.2126378854 0)
(-0.06704969567 0.2088702574 0)
(-0.06684202135 0.2047136453 0)
(-0.06639615647 0.2001784042 0)
(-0.0657653092 0.1952580919 0)
(-0.06500253367 0.1899321035 0)
(-0.06416075025 0.1841679704 0)
(-0.06329281796 0.1779233609 0)
(-0.06245162105 0.1711478207 0)
(-0.06169014424 0.1637842889 0)
(-0.06106151088 0.155770412 0)
(-0.06061895923 0.1470396919 0)
(-0.06041575129 0.1375225007 0)
(-0.06050500812 0.1271469589 0)
(-0.0609394469 0.1158396817 0)
(-0.06177099182 0.1035264202 0)
(-0.06305024081 0.09013263067 0)
(-0.06482576856 0.07558398426 0)
(-0.06714322849 0.05980684449 0)
(-0.07004420688 0.04272877502 0)
(-0.07356463398 0.02427915735 0)
(-0.07773235037 0.00438996209 0)
(-0.08256649336 -0.01700279111 0)
(-0.08807167498 -0.0399574413 0)
(-0.09423531335 -0.06452384082 0)
(-0.1010218196 -0.09073761202 0)
(-0.108365439 -0.1186122991 0)
(-0.1161613389 -0.1481276273 0)
(-0.1242547265 -0.1792123827 0)
(-0.1324281351 -0.2117200876 0)
(-0.1403875947 -0.2453955101 0)
(-0.1477494297 -0.2798304544 0)
(-0.1540309156 -0.3144087111 0)
(-0.1586499687 -0.3482429208 0)
(-0.160941175 -0.3801110109 0)
(-0.1601968781 -0.4084067372 0)
(-0.1557413649 -0.4311264606 0)
(-0.1470416247 -0.445919625 0)
(-0.1338483521 -0.4502286615 0)
(-0.1163466061 -0.4415299622 0)
(-0.09528137381 -0.4176587762 0)
(-0.07201379589 -0.3771621302 0)
(-0.04846263986 -0.3195882901 0)
(-0.02695395236 -0.245606353 0)
(-0.01025032071 -0.1568802043 0)
(-0.0007734437795 -0.05571742354 0)
(-0.0001604526979 0.02308673779 0)
(-0.00235633806 0.06415446799 0)
(-0.006356179977 0.09985177199 0)
(-0.01166748016 0.1301556332 0)
(-0.01774654604 0.1552903625 0)
(-0.02416287299 0.1756436836 0)
(-0.03056037114 0.1917015059 0)
(-0.03666256339 0.2039939397 0)
(-0.04227072441 0.2130538287 0)
(-0.04725404973 0.2193879936 0)
(-0.05153741379 0.223459345 0)
(-0.05508919991 0.2256774054 0)
(-0.05791032706 0.2263948981 0)
(-0.06002501279 0.2259084189 0)
(-0.0614733977 0.2244616456 0)
(-0.06230591049 0.2222499498 0)
(-0.06257913654 0.2194256215 0)
(-0.06235291666 0.2161031864 0)
(-0.06168841066 0.212364498 0)
(-0.06064689064 0.2082634239 0)
(-0.05928906725 0.2038300473 0)
(-0.05767479064 0.1990743635 0)
(-0.05586300311 0.1939894913 0)
(-0.053911849 0.1885544383 0)
(-0.0518788716 0.1827364718 0)
(-0.04982124463 0.1764931448 0)
(-0.04779599964 0.1697740313 0)
(-0.04586023207 0.1625222173 0)
(-0.04407126106 0.154675557 0)
(-0.04248671066 0.14616775 0)
(-0.04116451827 0.1369292906 0)
(-0.0401628786 0.1268882676 0)
(-0.03954009683 0.1159709958 0)
(-0.03935432468 0.1041025258 0)
(-0.03966315887 0.09120707474 0)
(-0.04052310545 0.07720836478 0)
(-0.04198887273 0.06202987932 0)
(-0.04411244935 0.0455950821 0)
(-0.04694182819 0.02782766968 0)
(-0.05051893345 0.00865187764 0)
(-0.05487869106 -0.01200701499 0)
(-0.0600451885 -0.03422112279 0)
(-0.06602773368 -0.05805906385 0)
(-0.0728162973 -0.08358138121 0)
(-0.08037449543 -0.1108345786 0)
(-0.08863067061 -0.1398415131 0)
(-0.09746648444 -0.1705865693 0)
(-0.1067027472 -0.202993433 0)
(-0.1160826601 -0.2368927319 0)
(-0.1252536321 -0.2719766907 0)
(-0.1337503172 -0.3077388385 0)
(-0.1409838045 -0.3433991365 0)
(-0.1462449132 -0.3778198156 0)
(-0.1487324766 -0.4094252806 0)
(-0.1476188553 -0.4361500755 0)
(-0.1421622627 -0.4554493049 0)
(-0.1318660185 -0.4644102637 0)
(-0.1166676249 -0.4599940235 0)
(-0.09711936024 -0.4394046315 0)
(-0.07450282192 -0.4005328202 0)
(-0.05081032707 -0.342365059 0)
(-0.02859952746 -0.2652129824 0)
(-0.01100860872 -0.1706413006 0)
(-0.000856843926 -0.0610855104 0)
(-0.0001902593102 0.02434827949 0)
(-0.002711152989 0.06750918289 0)
(-0.007237303805 0.1047792851 0)
(-0.0131552662 0.1361112284 0)
(-0.01980491041 0.1617709904 0)
(-0.02667593273 0.18222295 0)
(-0.03336093985 0.1980434371 0)
(-0.03955703991 0.2098522483 0)
(-0.04505874916 0.2182625477 0)
(-0.04974228372 0.223848143 0)
(-0.05354813403 0.2271247781 0)
(-0.05646484037 0.2285416734 0)
(-0.05851510324 0.2284800208 0)
(-0.05974461347 0.2272558344 0)
(-0.06021351487 0.2251252585 0)
(-0.0599901689 0.2222910182 0)
(-0.05914680611 0.2189091606 0)
(-0.05775665296 0.215095566 0)
(-0.05589216747 0.2109319443 0)
(-0.05362407873 0.206471183 0)
(-0.0510209883 0.201742014 0)
(-0.04814934609 0.196753024 0)
(-0.04507366311 0.191496065 0)
(-0.04185685716 0.1859491308 0)
(-0.03856065948 0.1800787812 0)
(-0.03524602993 0.1738421704 0)
(-0.03197353968 0.167188757 0)
(-0.02880371672 0.1600617685 0)
(-0.02579734272 0.1523993785 0)
(-0.02301565132 0.1441356948 0)
(-0.02052043757 0.1352016573 0)
(-0.0183740984 0.1255257591 0)
(-0.01663959553 0.1150345612 0)
(-0.01538034912 0.103653089 0)
(-0.01465996022 0.09130515199 0)
(-0.01454183496 0.07791353512 0)
(-0.01508867032 0.06340006553 0)
(-0.01636175584 0.04768558586 0)
(-0.01842000653 0.03068988111 0)
(-0.02131833948 0.01233155788 0)
(-0.02510636717 -0.007472154392 0)
(-0.02982669249 -0.02880424126 0)
(-0.03550974032 -0.05174855808 0)
(-0.0421706704 -0.07638658049 0)
(-0.04980275352 -0.1027934735 0)
(-0.05836890538 -0.1310309071 0)
(-0.06779036291 -0.1611351782 0)
(-0.07793184707 -0.1930982403 0)
(-0.08858279079 -0.2268382753 0)
(-0.09943511607 -0.2621556739 0)
(-0.1100592522 -0.2986706264 0)
(-0.119882507 -0.3357397558 0)
(-0.1281776425 -0.3723534906 0)
(-0.134073939 -0.4070243919 0)
(-0.1366069437 -0.4376898729 0)
(-0.1348236084 -0.4616687854 0)
(-0.1279522884 -0.475724332 0)
(-0.1156284612 -0.4762841533 0)
(-0.0981385439 -0.4598395266 0)
(-0.07661164804 -0.4234840217 0)
(-0.05306484914 -0.365469897 0)
(-0.03028114684 -0.2855918446 0)
(-0.01181542572 -0.1852112193 0)
(-0.0009505340869 -0.06686194966 0)
(-0.0002306967227 0.02581475163 0)
(-0.003175236961 0.07135517058 0)
(-0.008373423908 0.1103447465 0)
(-0.01505014272 0.1427195684 0)
(-0.02239538493 0.1688144839 0)
(-0.02980206931 0.1892035921 0)
(-0.03680570399 0.2045847421 0)
(-0.04307891355 0.2156926858 0)
(-0.04841595402 0.2232392197 0)
(-0.05270857566 0.2278769898 0)
(-0.0559216876 0.2301811901 0)
(-0.05807207323 0.2306435053 0)
(-0.05921110258 0.2296737619 0)
(-0.05941148804 0.2276059614 0)
(-0.05875764057 0.2247064248 0)
(-0.05733898686 0.2211825922 0)
(-0.05524559108 0.2171916067 0)
(-0.0525654957 0.2128482156 0)
(-0.04938329586 0.2082317723 0)
(-0.04577956489 0.203392287 0)
(-0.04183084368 0.1983555641 0)
(-0.03760997856 0.193127507 0)
(-0.03318666079 0.1876977029 0)
(-0.02862805654 0.1820423763 0)
(-0.02399945658 0.1761268393 0)
(-0.01936490175 0.169907492 0)
(-0.01478774472 0.1633334756 0)
(-0.01033111573 0.1563480953 0)
(-0.006058363965 0.1488898963 0)
(-0.002033427168 0.1408935641 0)
(0.001678918636 0.1322907535 0)
(0.005013008393 0.1230107181 0)
(0.007902308651 0.1129807699 0)
(0.0102791855 0.1021265742 0)
(0.01207509778 0.09037235008 0)
(0.01322082976 0.07764092843 0)
(0.01364682193 0.06385366532 0)
(0.01328365335 0.04893021913 0)
(0.01206271694 0.03278820972 0)
(0.00991737235 0.01534274903 0)
(0.006784538235 -0.003494274707 0)
(0.002604504834 -0.02381378149 0)
(-0.002673179003 -0.04571112398 0)
(-0.009087871567 -0.06928438288 0)
(-0.01666181296 -0.09463228382 0)
(-0.02539264692 -0.1218496965 0)
(-0.035242761 -0.1510191156 0)
(-0.04612459291 -0.1821959365 0)
(-0.05788083488 -0.2153836396 0)
(-0.07025953393 -0.2504934913 0)
(-0.0828843594 -0.2872836756 0)
(-0.09522277918 -0.3252719623 0)
(-0.1065590479 -0.363618857 0)
(-0.1159844493 -0.4009863401 0)
(-0.1224239877 -0.4353917969 0)
(-0.1247234921 -0.4640980498 0)
(-0.1218186106 -0.483604151 0)
(-0.1129900507 -0.4898135966 0)
(-0.0981751555 -0.4784371896 0)
(-0.0782572157 -0.4456204372 0)
(-0.05520640144 -0.3886735985 0)
(-0.03201055841 -0.3066655076 0)
(-0.01268491783 -0.2006062249 0)
(-0.001057354355 -0.0730778517 0)
(-0.0002858499589 0.02755019734 0)
(-0.003782602308 0.07583283321 0)
(-0.009834873831 0.1167135313 0)
(-0.0174509083 0.1501294906 0)
(-0.02562848753 0.176527054 0)
(-0.0336452807 0.1966375697 0)
(-0.04097636268 0.2113223346 0)
(-0.04727602565 0.2214630742 0)
(-0.05234927128 0.2278918576 0)
(-0.05611586079 0.231352935 0)
(-0.05857700888 0.2324870101 0)
(-0.05978800338 0.2318296926 0)
(-0.0598371572 0.2298180392 0)
(-0.05883051924 0.2268010578 0)
(-0.05688134916 0.2230515744 0)
(-0.05410328427 0.2187779469 0)
(-0.05060623094 0.2141348259 0)
(-0.04649418781 0.2092326172 0)
(-0.04186438253 0.2041455593 0)
(-0.03680726025 0.1989184838 0)
(-0.03140699806 0.193572398 0)
(-0.02574230392 0.1881090366 0)
(-0.0198873563 0.1825145826 0)
(-0.01391277219 0.1767626429 0)
(-0.007886521038 0.1708166714 0)
(-0.001874770766 0.1646318867 0)
(0.004057223081 0.1581567929 0)
(0.009844698573 0.1513345923 0)
(0.01542292612 0.1441042415 0)
(0.0207263667 0.1364012003 0)
(0.02568848166 0.1281581305 0)
(0.03024146507 0.1193054252 0)
(0.03431606029 0.1097716255 0)
(0.03784141559 0.09948366688 0)
(0.04074509919 0.08836695938 0)
(0.04295317352 0.07634532739 0)
(0.04439035449 0.0633408017 0)
(0.04498028782 0.04927324485 0)
(0.04464595979 0.03405980253 0)
(0.04331042326 0.01761416386 0)
(0.04089834596 -0.0001544952485 0)
(0.0373348275 -0.01934216235 0)
(0.03255106173 -0.04005197504 0)
(0.02648526654 -0.06239394215 0)
(0.01908739883 -0.08648469394 0)
(0.01032594422 -0.1124457486 0)
(0.0001972530455 -0.1403986589 0)
(-0.01126075835 -0.1704551285 0)
(-0.02394862693 -0.2026977297 0)
(-0.03767960226 -0.2371457055 0)
(-0.05214601339 -0.2736997707 0)
(-0.06687879266 -0.3120561358 0)
(-0.08120547006 -0.3515816697 0)
(-0.09421747516 -0.39114856 0)
(-0.1047672911 -0.4289402769 0)
(-0.1115253546 -0.4622657034 0)
(-0.1131318858 -0.4874536782 0)
(-0.1084673172 -0.4999309986 0)
(-0.0970292224 -0.4945871774 0)
(-0.07933825555 -0.4664672699 0)
(-0.0572149359 -0.4116940952 0)
(-0.03380874477 -0.3283385083 0)
(-0.01363930313 -0.2168494205 0)
(-0.001181621086 -0.07977435696 0)
(-0.0003617848931 0.02963958202 0)
(-0.00457981386 0.08112104084 0)
(-0.01171292486 0.1240864612 0)
(-0.02047841621 0.1585092122 0)
(-0.02962909613 0.1850135127 0)
(-0.03830920892 0.2045559255 0)
(-0.04593532971 0.2182170902 0)
(-0.05215644917 0.2270654178 0)
(-0.05680584657 0.2320778428 0)
(-0.05984902293 0.2341029202 0)
(-0.06133914075 0.2338512504 0)
(-0.06138265457 0.2319015136 0)
(-0.06011442143 0.2287142142 0)
(-0.05768069315 0.2246482433 0)
(-0.0542281904 0.2199774736 0)
(-0.04989761544 0.2149059709 0)
(-0.04482025549 0.2095812276 0)
(-0.03911665411 0.2041053077 0)
(-0.03289659748 0.1985440102 0)
(-0.0262598785 0.1929342936 0)
(-0.01929749477 0.187290243 0)
(-0.01209301705 0.1816077846 0)
(-0.004723990989 0.175868447 0)
(0.002736636828 0.1700422128 0)
(0.01021935204 0.1640898994 0)
(0.01765730888 0.1579650956 0)
(0.02498490286 0.1516154838 0)
(0.03213706583 0.1449840533 0)
(0.03904858593 0.1380101273 0)
(0.04565344281 0.1306300909 0)
(0.05188438219 0.1227779178 0)
(0.0576725222 0.1143855876 0)
(0.06294705317 0.1053834059 0)
(0.06763503054 0.09570018338 0)
(0.0716612563 0.08526324814 0)
(0.074948217 0.07399830433 0)
(0.07741608959 0.06182913133 0)
(0.0789828307 0.0486770956 0)
(0.07956435482 0.03446044827 0)
(0.07907491361 0.01909338028 0)
(0.07742828579 0.002484730994 0)
(0.07453652577 -0.0154635465 0)
(0.07031394797 -0.03485845443 0)
(0.06467824534 -0.05581731148 0)
(0.05755374015 -0.0784690097 0)
(0.04887687957 -0.1029547705 0)
(0.03860434306 -0.1294270752 0)
(0.02672515553 -0.158044457 0)
(0.01327883295 -0.1889586298 0)
(-0.001619620689 -0.2222890048 0)
(-0.01774375609 -0.2580763841 0)
(-0.0347090223 -0.2962031564 0)
(-0.05191833533 -0.3362693394 0)
(-0.06850619849 -0.3774123134 0)
(-0.08330197348 -0.4180712195 0)
(-0.09484445443 -0.4557220343 0)
(-0.1014966478 -0.4866545839 0)
(-0.101708351 -0.5059162848 0)
(-0.09444476241 -0.5075791422 0)
(-0.07972176655 -0.4854489589 0)
(-0.05906579322 -0.4341795635 0)
(-0.03570848772 -0.3504919236 0)
(-0.01471277199 -0.2339754315 0)
(-0.001330026262 -0.08700821537 0)
(-0.0004677844844 0.03219718298 0)
(-0.005631795035 0.08744831388 0)
(-0.01412658081 0.1327044831 0)
(-0.02427841736 0.1680408686 0)
(-0.03453121226 0.1943625637 0)
(-0.04388179069 0.2129478671 0)
(-0.05170012461 0.225170086 0)
(-0.05765371201 0.2323320505 0)
(-0.06163079482 0.2355818302 0)
(-0.06366703871 0.2358831181 0)
(-0.06388751149 0.2340173885 0)
(-0.06246488738 0.2306018049 0)
(-0.05959116681 0.2261131189 0)
(-0.05545974633 0.2209121364 0)
(-0.05025493628 0.2152660948 0)
(-0.04414657507 0.2093679003 0)
(-0.03728795797 0.2033520319 0)
(-0.02981583022 0.1973073941 0)
(-0.02185157197 0.1912874873 0)
(-0.01350297891 0.1853183794 0)
(-0.004866306789 0.1794049055 0)
(0.003971591511 0.1735353194 0)
(0.01293139787 0.1676850558 0)
(0.02193996639 0.1618195803 0)
(0.03092818395 0.1558964339 0)
(0.03982982622 0.1498670371 0)
(0.04858027119 0.1436780169 0)
(0.0571155074 0.1372721915 0)
(0.06537128147 0.1305893963 0)
(0.07328238575 0.1235671133 0)
(0.08078209006 0.1161409046 0)
(0.08780165376 0.1082447333 0)
(0.09426993418 0.09981118642 0)
(0.1001130868 0.09077157222 0)
(0.1052543362 0.08105587169 0)
(0.1096137974 0.07059253893 0)
(0.1131083473 0.05930813592 0)
(0.1156515496 0.04712676783 0)
(0.1171536321 0.03396927829 0)
(0.1175215816 0.01975215872 0)
(0.1166598931 0.004386067319 0)
(0.1144694604 -0.0122262175 0)
(0.1108498282 -0.0301921643 0)
(0.1057004683 -0.0496319764 0)
(0.09892269236 -0.07068115604 0)
(0.09042369603 -0.09349347364 0)
(0.08012294166 -0.1182431123 0)
(0.06796215586 -0.1451243788 0)
(0.05392099176 -0.1743459196 0)
(0.03804067348 -0.2061147067 0)
(0.02045894708 -0.2406007599 0)
(0.001458126299 -0.277870457 0)
(-0.01847070963 -0.3177720806 0)
(-0.03855051296 -0.3597509776 0)
(-0.05764681664 -0.4025868768 0)
(-0.07422996522 -0.4440561209 0)
(-0.08643099244 -0.4805777852 0)
(-0.09226443862 -0.5069783191 0)
(-0.0900788333 -0.5165833491 0)
(-0.07921935741 -0.5018588823 0)
(-0.06071958711 -0.4556815192 0)
(-0.03775636755 -0.3729724908 0)
(-0.01595727536 -0.2520359218 0)
(-0.001513175928 -0.09486025619 0)
(-0.0006185168514 0.0353793098 0)
(-0.007030800238 0.09510723169 0)
(-0.01723113236 0.1428509927 0)
(-0.02902163129 0.1789070436 0)
(-0.0404639066 0.2046206431 0)
(-0.05040521249 0.2217274637 0)
(-0.05819834526 0.2319873721 0)
(-0.06356937795 0.236992251 0)
(-0.06650053496 0.238086416 0)
(-0.06713013089 0.2363546184 0)
(-0.0656795779 0.2326442057 0)
(-0.06240470518 0.2276006099 0)
(-0.05756543485 0.221704938 0)
(-0.0514084208 0.2153083219 0)
(-0.04415833974 0.2086610364 0)
(-0.03601468208 0.2019361235 0)
(-0.02715180548 0.1952479737 0)
(-0.01772083031 0.1886667669 0)
(-0.00785241446 0.1822294093 0)
(0.002340112403 0.1759477343 0)
(0.01275770823 0.1698147678 0)
(0.023313174 0.1638093389 0)
(0.03392826702 0.1578995023 0)
(0.04453150118 0.152045184 0)
(0.05505615626 0.1462001486 0)
(0.06543866216 0.1403134452 0)
(0.07561718696 0.1343305189 0)
(0.08553046396 0.1281940288 0)
(0.0951168102 0.1218444871 0)
(0.1043133195 0.1152207392 0)
(0.1130551965 0.1082602915 0)
(0.1212751926 0.1008995342 0)
(0.1289031405 0.09307387063 0)
(0.1358655713 0.08471773854 0)
(0.1420853969 0.07576450576 0)
(0.1474816353 0.06614622626 0)
(0.1519691696 0.05579323309 0)
(0.1554585379 0.04463352982 0)
(0.1578557407 0.03259192993 0)
(0.1590621036 0.01958888182 0)
(0.1589746242 0.005538864919 0)
(0.1574849443 -0.009651895398 0)
(0.1544802576 -0.02608816508 0)
(0.1498444197 -0.043888895 0)
(0.1434587356 -0.0631908454 0)
(0.1352045112 -0.08415334811 0)
(0.1249675596 -0.106963267 0)
(0.1126457397 -0.131839121 0)
(0.09816153362 -0.159032064 0)
(0.08148236242 -0.1888194908 0)
(0.06265241409 -0.2214833392 0)
(0.04184038352 -0.2572604283 0)
(0.01940793879 -0.2962451193 0)
(-0.004002172996 -0.3382186537 0)
(-0.02735743188 -0.3823730839 0)
(-0.04914283547 -0.4269187164 0)
(-0.06733525098 -0.4686025846 0)
(-0.07954818606 -0.5022576085 0)
(-0.0834542859 -0.5206285335 0)
(-0.07754683923 -0.5148171433 0)
(-0.0621009922 -0.4756120838 0)
(-0.04001234013 -0.3955713791 0)
(-0.01745104724 -0.2711050655 0)
(-0.001748262061 -0.1034484007 0)
(-0.0008379356893 0.03940406863 0)
(-0.008910333753 0.1044723338 0)
(-0.02122775545 0.1548477143 0)
(-0.03489611016 0.1912623975 0)
(-0.04751937355 0.2157468938 0)
(-0.05781912307 0.2306816342 0)
(-0.06518963798 0.2383287677 0)
(-0.06947912651 0.240626716 0)
(-0.07081850571 0.2391346015 0)
(-0.06949000534 0.2350544254 0)
(-0.06583952979 0.22928483 0)
(-0.0602234191 0.2224812711 0)
(-0.05297881629 0.2151111952 0)
(-0.04440932619 0.2075000996 0)
(-0.03478001154 0.1998680233 0)
(-0.0243177947 0.1923575854 0)
(-0.01321460473 0.1850549311 0)
(-0.00163190047 0.1780053172 0)
(0.01029453543 0.1712243948 0)
(0.02245014192 0.1647064095 0)
(0.03473760868 0.1584302122 0)
(0.04707277649 0.1523634765 0)
(0.05938156406 0.1464658515 0)
(0.07159724143 0.1406911816 0)
(0.08365816311 0.1349890973 0)
(0.09550587615 0.1293061547 0)
(0.1070835469 0.1235866689 0)
(0.1183346604 0.1177733122 0)
(0.1292019445 0.1118075561 0)
(0.1396264854 0.1056299846 0)
(0.1495469958 0.09918049696 0)
(0.1588991995 0.09239842478 0)
(0.1676153141 0.08522257088 0)
(0.1756236121 0.07759115993 0)
(0.1828480398 0.06944168495 0)
(0.1892078718 0.06071062976 0)
(0.1946173877 0.05133303893 0)
(0.1989855554 0.04124189305 0)
(0.2022157085 0.03036723224 0)
(0.204205224 0.01863495419 0)
(0.2048455363 0.00596516529 0)
(0.2040211088 -0.00773018034 0)
(0.2016094154 -0.02255029324 0)
(0.1974815875 -0.0386091336 0)
(0.191502318 -0.05603980088 0)
(0.183530964 -0.07500059142 0)
(0.1734241557 -0.09568217918 0)
(0.1610406805 -0.11831544 0)
(0.1462504707 -0.1431784816 0)
(0.1289504099 -0.1705996575 0)
(0.1090910649 -0.2009499755 0)
(0.08672008177 -0.2346129731 0)
(0.06204943221 -0.2719119094 0)
(0.03555248932 -0.3129641074 0)
(0.008093021937 -0.3574208542 0)
(-0.01892978126 -0.4040528281 0)
(-0.04345284485 -0.4501476965 0)
(-0.06277676956 -0.4908398983 0)
(-0.07388930133 -0.5185808328 0)
(-0.07425660176 -0.5232140544 0)
(-0.06305641154 -0.4931768357 0)
(-0.04254225963 -0.41798372 0)
(-0.01931078636 -0.2912823744 0)
(-0.002063849064 -0.1129478715 0)
(-0.001166381742 0.04458268532 0)
(-0.01146640687 0.1160204312 0)
(-0.02637082366 0.169035461 0)
(-0.04208063201 0.2051780911 0)
(-0.05568518715 0.2275375257 0)
(-0.06585532261 0.2393905832 0)
(-0.07213176037 0.2436354148 0)
(-0.07458041256 0.2426078934 0)
(-0.07355369776 0.238084623 0)
(-0.06952670779 0.2313641563 0)
(-0.06299898367 0.2233675312 0)
(-0.05444197576 0.2147311753 0)
(-0.04427482944 0.205883345 0)
(-0.03285673202 0.1971030737 0)
(-0.02048821578 0.1885639736 0)
(-0.007416958501 0.1803660583 0)
(0.00615483114 0.1725582458 0)
(0.02006243289 0.1651544152 0)
(0.03417246319 0.1581445147 0)
(0.04837561842 0.1515021787 0)
(0.06258153963 0.1451901225 0)
(0.07671415038 0.1391637982 0)
(0.09070792006 0.1333738421 0)
(0.1045047472 0.1277677576 0)
(0.1180514271 0.1222910404 0)
(0.1312975852 0.1168879351 0)
(0.1441939935 0.1115019428 0)
(0.1566911996 0.1060761573 0)
(0.1687384058 0.1005534846 0)
(0.1802825538 0.09487677761 0)
(0.1912675698 0.08898890041 0)
(0.2016337328 0.0828327348 0)
(0.2113171402 0.07635113144 0)
(0.2202492462 0.06948679563 0)
(0.2283564508 0.06218209109 0)
(0.2355597165 0.05437873897 0)
(0.2417741941 0.04601738078 0)
(0.246908839 0.03703696086 0)
(0.2508659963 0.02737386813 0)
(0.2535409449 0.01696075744 0)
(0.2548216589 0.005724927274 0)
(0.2545877139 -0.006413998699 0)
(0.2527096979 -0.01954721177 0)
(0.2490492219 -0.03378042611 0)
(0.2434581443 -0.04923873815 0)
(0.2357783507 -0.06607345858 0)
(0.225842537 -0.08447080778 0)
(0.2134764173 -0.104662509 0)
(0.1985038652 -0.1269377097 0)
(0.1807574321 -0.1516542815 0)
(0.1600982605 -0.1792447291 0)
(0.136451692 -0.2102068236 0)
(0.1098676668 -0.2450603052 0)
(0.08061705907 -0.2842378116 0)
(0.04933438333 -0.3278606236 0)
(0.01720674902 -0.375336389 0)
(-0.01382371739 -0.4247197417 0)
(-0.0408979307 -0.4717898639 0)
(-0.06039507377 -0.5091325243 0)
(-0.0686266412 -0.5256394901 0)
(-0.0632720269 -0.5072712445 0)
(-0.04539239981 -0.4397324115 0)
(-0.02170752398 -0.3126853551 0)
(-0.002508325802 -0.1236219156 0)
(-0.001673479825 0.0513698016 0)
(-0.01498829141 0.1303482488 0)
(-0.03296221024 0.1857216821 0)
(-0.05067373989 0.2205372905 0)
(-0.06470535174 0.2395015392 0)
(-0.07384459453 0.247109348 0)
(-0.07795249222 0.247031464 0)
(-0.07744783786 0.2420269333 0)
(-0.07299424677 0.2340616631 0)
(-0.06531104897 0.2244832485 0)
(-0.05507517339 0.2141862639 0)
(-0.04287892776 0.2037455554 0)
(-0.02921854579 0.193516302 0)
(-0.01449821917 0.1837055168 0)
(0.0009589773536 0.1744217674 0)
(0.01689780297 0.1657093624 0)
(0.03311871534 0.1575711229 0)
(0.04946629043 0.1499837702 0)
(0.06581925275 0.1429079025 0)
(0.08208236951 0.1362945644 0)
(0.09817994176 0.13008938 0)
(0.1140505028 0.1242352117 0)
(0.129642609 0.1186737672 0)
(0.1449114809 0.1133465746 0)
(0.1598163386 0.1081955392 0)
(0.1743182814 0.1031632394 0)
(0.188378597 0.09819306366 0)
(0.2019574091 0.09322925082 0)
(0.21501259 0.08821687343 0)
(0.2274988818 0.08310178593 0)
(0.2393671767 0.07783054536 0)
(0.2505639209 0.07235030792 0)
(0.261030607 0.06660869704 0)
(0.270703333 0.06055363111 0)
(0.2795124022 0.05413309247 0)
(0.2873819408 0.04729481335 0)
(0.2942295131 0.03998584603 0)
(0.2999657104 0.03215197266 0)
(0.3044936889 0.02373689443 0)
(0.3077086328 0.01468111911 0)
(0.309497342 0.004920427329 0)
(0.3097370476 -0.005616314178 0)
(0.3082945066 -0.0170102481 0)
(0.3050253598 -0.02935614517 0)
(0.2997728104 -0.04276743889 0)
(0.2923662721 -0.05738332467 0)
(0.282620477 -0.07337822455 0)
(0.2703351399 -0.09097408384 0)
(0.2552962563 -0.1104557134 0)
(0.2372809713 -0.1321885433 0)
(0.2160695025 -0.1566361181 0)
(0.1914701846 -0.184370419 0)
(0.16336753 -0.2160599057 0)
(0.1318079267 -0.2524058966 0)
(0.09714171966 -0.2939754396 0)
(0.06023825818 -0.3408504679 0)
(0.02276906345 -0.3919899645 0)
(-0.01249821142 -0.4442180821 0)
(-0.04153251531 -0.4908173653 0)
(-0.05948261133 -0.5203055091 0)
(-0.06211852564 -0.516326453 0)
(-0.04852051735 -0.4600280437 0)
(-0.02488230655 -0.3354156347 0)
(-0.003164113769 -0.1358672351 0)
(-0.002481445796 0.06044537781 0)
(-0.01989678426 0.1481721157 0)
(-0.04130203234 0.2050578813 0)
(-0.06052155669 0.2368443518 0)
(-0.07380013288 0.2506619552 0)
(-0.08036520797 0.2525987278 0)
(-0.08066501014 0.2472000823 0)
(-0.07564635767 0.2376157119 0)
(-0.06638008875 0.2259197483 0)
(-0.05386991163 0.2134222581 0)
(-0.03897566745 0.2009170709 0)
(-0.02239673723 0.1888599925 0)
(-0.004683825107 0.1774912536 0)
(0.01373939991 0.1669169159 0)
(0.03255191368 0.157161231 0)
(0.05151483736 0.1482007009 0)
(0.07045131952 0.1399849907 0)
(0.08923162568 0.1324498832 0)
(0.1077608841 0.1255250515 0)
(0.1259696355 0.1191385955 0)
(0.1438064908 0.1132195318 0)
(0.1612324672 0.1076990803 0)
(0.1782166436 0.1025112092 0)
(0.1947328215 0.09759276297 0)
(0.2107569558 0.09288335971 0)
(0.2262651695 0.08832517547 0)
(0.2412322127 0.08386268394 0)
(0.2556302589 0.07944239019 0)
(0.2694279571 0.07501257722 0)
(0.282589679 0.07052307214 0)
(0.2950749121 0.06592502959 0)
(0.3068377595 0.0611707263 0)
(0.3178265181 0.05621335601 0)
(0.3279833072 0.05100680941 0)
(0.337243726 0.04550541879 0)
(0.3455365166 0.03966364244 0)
(0.352783212 0.03343565577 0)
(0.3588977429 0.02677480641 0)
(0.3637859746 0.01963287542 0)
(0.3673451423 0.0119590674 0)
(0.3694633414 0.003698617834 0)
(0.3700182691 -0.005209192136 0)
(0.3688761507 -0.01483391718 0)
(0.3658905806 -0.02525731867 0)
(0.3609007211 -0.03657828362 0)
(0.3537290546 -0.04891972397 0)
(0.3441790333 -0.06243808428 0)
(0.3320324574 -0.07733623934 0)
(0.3170471777 -0.09388061548 0)
(0.2989563792 -0.1124230744 0)
(0.2774720263 -0.1334269714 0)
(0.2522975405 -0.1574938879 0)
(0.2231590184 -0.1853810195 0)
(0.1898708366 -0.2179860989 0)
(0.1524601641 -0.256252754 0)
(0.1113824729 -0.3009107868 0)
(0.06785585938 -0.3519151551 0)
(0.02430333845 -0.4074077771 0)
(-0.01522189566 -0.4620812653 0)
(-0.04492220409 -0.5049864041 0)
(-0.05836488101 -0.5180957273 0)
(-0.05162830618 -0.4775236553 0)
(-0.0291457492 -0.3594725883 0)
(-0.004173554788 -0.1502901859 0)
(-0.003807400283 0.07284556091 0)
(-0.02677008342 0.1702667941 0)
(-0.05151325149 0.226773488 0)
(-0.0708174558 0.2528872266 0)
(-0.08110720605 0.2592515202 0)
(-0.08260977839 0.2539021707 0)
(-0.07673018445 0.2422497915 0)
(-0.06513616693 0.2276910378 0)
(-0.04937712951 0.2122456832 0)
(-0.03074100568 0.1970488572 0)
(-0.01023511147 0.1826909378 0)
(0.01138408809 0.1694380113 0)
(0.03356161544 0.1573693437 0)
(0.05590319 0.146461816 0)
(0.07813225007 0.1366399973 0)
(0.1000597089 0.1278048805 0)
(0.1215592139 0.1198501284 0)
(0.1425490261 0.1126706331 0)
(0.162978367 0.1061667944 0)
(0.1828173931 0.100246245 0)
(0.2020498332 0.09482419016 0)
(0.220667595 0.08982304543 0)
(0.2386668148 0.08517174641 0)
(0.2560449555 0.08080494959 0)
(0.2727986681 0.0766622388 0)
(0.2889222052 0.07268739458 0)
(0.304406238 0.06882775042 0)
(0.3192369656 0.06503364038 0)
(0.3333954382 0.06125793248 0)
(0.3468570359 0.05745563645 0)
(0.3595910596 0.05358357151 0)
(0.3715604008 0.04960007847 0)
(0.3827212633 0.04546475933 0)
(0.3930229166 0.04113822516 0)
(0.4024074585 0.03658183094 0)
(0.4108095699 0.03175737158 0)
(0.4181562382 0.0266267083 0)
(0.4243664271 0.02115128496 0)
(0.4293506601 0.01529148242 0)
(0.4330104804 0.00900574067 0)
(0.4352379105 0.002249351348 0)
(0.4359141789 -0.005027270725 0)
(0.4349085434 -0.01288110942 0)
(0.4320768506 -0.02137956337 0)
(0.4272592953 -0.03060496151 0)
(0.4202775342 -0.04066085909 0)
(0.4109311503 -0.0516809307 0)
(0.3989931173 -0.06384141722 0)
(0.3842043699 -0.07737836263 0)
(0.3662679807 -0.09261106271 0)
(0.3448443795 -0.1099729014 0)
(0.3195510662 -0.1300493682 0)
(0.2899741912 -0.1536189604 0)
(0.2557064457 -0.1816827929 0)
(0.2164373414 -0.2154475086 0)
(0.172138226 -0.2561851769 0)
(0.1233998303 -0.3048243534 0)
(0.07197438556 -0.3610307208 0)
(0.02149173306 -0.4214650964 0)
(-0.02191161323 -0.4770331776 0)
(-0.04967252711 -0.509394602 0)
(-0.0537824491 -0.4898938135 0)
(-0.03480972736 -0.3845292997 0)
(-0.00579413959 -0.1678274904 0)
(-0.006021722857 0.09012350825 0)
(-0.03626473013 0.1972145042 0)
(-0.06301749125 0.2496198329 0)
(-0.07919161528 0.2661651172 0)
(-0.08258071368 0.2622838859 0)
(-0.07526700394 0.2481000331 0)
(-0.06003372204 0.2296306059 0)
(-0.03940294116 0.2101917102 0)
(-0.01537965056 0.1914751281 0)
(0.01055745112 0.1742478044 0)
(0.03736276557 0.1587725857 0)
(0.06433079774 0.1450516305 0)
(0.09099793289 0.1329644503 0)
(0.1170727777 0.122341134 0)
(0.1423816377 0.1130009706 0)
(0.1668304351 0.1047708133 0)
(0.1903773752 0.09749316185 0)
(0.2130140563 0.09102844163 0)
(0.2347524107 0.08525454387 0)
(0.2556157713 0.08006512384 0)
(0.2756327797 0.07536748163 0)
(0.2948332423 0.07108044278 0)
(0.3132453179 0.06713242327 0)
(0.3308936103 0.06345974978 0)
(0.3477978767 0.06000524442 0)
(0.3639721517 0.0567170548 0)
(0.3794241554 0.05354769951 0)
(0.3941548917 0.0504532957 0)
(0.4081583766 0.04739293678 0)
(0.421421452 0.04432819089 0)
(0.4339236559 0.04122269374 0)
(0.4456371261 0.03804181188 0)
(0.456526521 0.03475235448 0)
(0.4665489418 0.03132231204 0)
(0.4756538434 0.02772059971 0)
(0.4837829171 0.02391678106 0)
(0.4908699293 0.01988074367 0)
(0.496840492 0.01558229162 0)
(0.5016117341 0.01099060964 0)
(0.5050918347 0.006073540238 0)
(0.5071795081 0.0007965965915 0)
(0.5077627906 -0.004878473689 0)
(0.5067178264 -0.0109957332 0)
(0.5039073518 -0.01760766305 0)
(0.4991781181 -0.02477899683 0)
(0.4923576191 -0.0325920944 0)
(0.4832497051 -0.04115467448 0)
(0.4716286109 -0.05061088909 0)
(0.4572310641 -0.06115714108 0)
(0.4397462318 -0.07306456397 0)
(0.4188037191 -0.08671054406 0)
(0.3939610866 -0.1026216948 0)
(0.3646952727 -0.1215292509 0)
(0.3304084595 -0.1444324703 0)
(0.290470933 -0.1726509712 0)
(0.2443447329 -0.2078125131 0)
(0.1918642365 -0.2516506273 0)
(0.1337845307 -0.3053541643 0)
(0.07270007815 -0.3680161585 0)
(0.01426409696 -0.4335755209 0)
(-0.03173728988 -0.4858573579 0)
(-0.05257131908 -0.4931088221 0)
(-0.04186667228 -0.4092552059 0)
(-0.008446816398 -0.1896898963 0)
(-0.00958962247 0.1144330216 0)
(-0.04855368553 0.228631299 0)
(-0.07305395252 0.2702146694 0)
(-0.07967097365 0.2719525542 0)
(-0.06987073451 0.255030893 0)
(-0.0486254974 0.2311637233 0)
(-0.02035235679 0.2062561516 0)
(0.01168590502 0.1829577088 0)
(0.04526978472 0.1622446754 0)
(0.07899532328 0.1442885624 0)
(0.1120139352 0.1289107738 0)
(0.1438498939 0.1158019937 0)
(0.1742653258 0.1046289835 0)
(0.2031705708 0.09508054166 0)
(0.2305644075 0.08688460327 0)
(0.2564958855 0.07981088054 0)
(0.2810401322 0.07366760771 0)
(0.3042833703 0.06829611527 0)
(0.3263137968 0.06356513427 0)
(0.3472161681 0.05936560571 0)
(0.3670686902 0.05560625726 0)
(0.3859413242 0.0522099717 0)
(0.4038949461 0.04911086763 0)
(0.4209810125 0.04625198329 0)
(0.437241514 0.04358345265 0)
(0.4527090873 0.041061076 0)
(0.4674072038 0.03864520215 0)
(0.4813503905 0.0362998557 0)
(0.4945444551 0.03399205466 0)
(0.5069867015 0.031691276 0)
(0.5186661258 0.02936903322 0)
(0.5295635906 0.02699853808 0)
(0.5396519706 0.02455442094 0)
(0.5488962686 0.0220124889 0)
(0.5572536933 0.01934949938 0)
(0.5646736917 0.01654292876 0)
(0.571097923 0.0135707108 0)
(0.576460154 0.01041091712 0)
(0.5806860477 0.007041342944 0)
(0.5836928095 0.003438953027 0)
(0.5853887397 -0.0004208610521 0)
(0.5856720991 -0.004565386542 0)
(0.5844301168 -0.009026165041 0)
(0.5815373274 -0.01384106382 0)
(0.5768529579 -0.01905725371 0)
(0.5702174971 -0.02473544044 0)
(0.5614478584 -0.03095603424 0)
(0.5503305634 -0.03782813394 0)
(0.5366122624 -0.04550266395 0)
(0.5199867232 -0.05419166433 0)
(0.5000773755 -0.06419661826 0)
(0.4764148597 -0.07594974482 0)
(0.4484104655 -0.09007298645 0)
(0.4153303026 -0.107458625 0)
(0.3762844957 -0.1293693782 0)
(0.3302661271 -0.1575353326 0)
(0.2763147054 -0.1941696562 0)
(0.2139464924 -0.2416943376 0)
(0.1440756717 -0.3016991457 0)
(0.07066974729 -0.3722103736 0)
(0.003100944151 -0.4419060611 0)
(-0.04224269392 -0.4803976072 0)
(-0.04881218355 -0.429977386 0)
(-0.01246683383 -0.2168389768 0)
(-0.01457859785 0.1490665736 0)
(-0.06107349291 0.2614315743 0)
(-0.07267619945 0.2807976361 0)
(-0.0582157322 0.26194736 0)
(-0.0264217075 0.2306597307 0)
(0.01437794975 0.1982579859 0)
(0.05861722543 0.1691568679 0)
(0.1030043964 0.1445017858 0)
(0.1457668083 0.124143906 0)
(0.1860713261 0.1075043522 0)
(0.2236176676 0.09392711377 0)
(0.2583978359 0.08281138297 0)
(0.2905523928 0.07365383262 0)
(0.3202875489 0.06605000835 0)
(0.347829143 0.05968130815 0)
(0.3733986243 0.054298696 0)
(0.3972014032 0.04970763241 0)
(0.4194220481 0.04575548743 0)
(0.4402231203 0.04232157433 0)
(0.4597458259 0.03930947708 0)
(0.4781114694 0.03664123002 0)
(0.4954231697 0.03425293433 0)
(0.5117675631 0.03209146517 0)
(0.5272163675 0.03011199746 0)
(0.541827759 0.02827614336 0)
(0.5556475559 0.02655054595 0)
(0.5687102217 0.02490581417 0)
(0.5810397095 0.02331571311 0)
(0.5926501709 0.02175654644 0)
(0.6035465497 0.02020668265 0)
(0.6137250814 0.01864618913 0)
(0.6231737114 0.01705654524 0)
(0.6318724455 0.01542041209 0)
(0.6397936382 0.01372143891 0)
(0.6469022232 0.01194408923 0)
(0.6531558836 0.01007346889 0)
(0.658505154 0.008095138501 0)
(0.6628934398 0.005994888264 0)
(0.6662569289 0.003758451156 0)
(0.6685243731 0.001371122163 0)
(0.6696167174 -0.001182721026 0)
(0.6694461591 -0.00392045599 0)
(0.6679154233 -0.00686224882 0)
(0.6649160257 -0.01003254963 0)
(0.6603258999 -0.01346214002 0)
(0.654006068 -0.01719111302 0)
(0.6457958179 -0.02127325259 0)
(0.6355057532 -0.02578248747 0)
(0.622907812 -0.03082249879 0)
(0.6077209682 -0.03654118943 0)
(0.5895908609 -0.04315269396 0)
(0.5680611161 -0.05097109009 0)
(0.5425339559 -0.06046208186 0)
(0.5122187163 -0.07232149149 0)
(0.4760714135 -0.08759111081 0)
(0.4327418936 -0.1078184814 0)
(0.3805789814 -0.1352426982 0)
(0.3178196552 -0.1729035934 0)
(0.2432358783 -0.2243317077 0)
(0.1577622516 -0.2918880667 0)
(0.06780444941 -0.3716439222 0)
(-0.01023540529 -0.4414068828 0)
(-0.04952700125 -0.4396431522 0)
(-0.01777741515 -0.2517687671 0)
(-0.01995675239 0.2004193349 0)
(-0.06131419327 0.286033894 0)
(-0.03662740275 0.2659622484 0)
(0.01638311045 0.2236525563 0)
(0.07884557617 0.1813813409 0)
(0.1417209796 0.1455823915 0)
(0.2007577727 0.1173588086 0)
(0.2542908527 0.09567889483 0)
(0.3020839332 0.07911003394 0)
(0.3445370704 0.06639701992 0)
(0.3822616554 0.05655413513 0)
(0.4158985417 0.04884047334 0)
(0.4460415229 0.04271297289 0)
(0.4732089497 0.03777733396 0)
(0.4978397247 0.03374699952 0)
(0.5202999599 0.03041235192 0)
(0.5408929195 0.02761851517 0)
(0.5598691194 0.02524959926 0)
(0.5774353804 0.02321761339 0)
(0.5937624581 0.02145468255 0)
(0.6089912646 0.01990756674 0)
(0.6232378502 0.0185337786 0)
(0.6365973588 0.01729881313 0)
(0.6491471541 0.01617415426 0)
(0.6609492912 0.01513582856 0)
(0.6720524746 0.01416334686 0)
(0.6824936159 0.01323892419 0)
(0.6922990807 0.01234690032 0)
(0.7014856941 0.01147330709 0)
(0.710061558 0.01060554252 0)
(0.7180267221 0.00973212393 0)
(0.7253737394 0.008842497708 0)
(0.7320881291 0.007926889974 0)
(0.7381487618 0.006976183674 0)
(0.7435281787 0.005981811187 0)
(0.7481928455 0.004935650414 0)
(0.7521033401 0.003829913841 0)
(0.7552144623 0.002657017012 0)
(0.7574752459 0.00140941338 0)
(0.7588288751 7.938230077e-05 0)
(0.7592123374 -0.001341246085 0)
(0.7585559406 -0.002861625344 0)
(0.7567825555 -0.004492461468 0)
(0.7538061746 -0.006246881342 0)
(0.7495299349 -0.008141623381 0)
(0.7438432083 -0.01019878958 0)
(0.7366173256 -0.01244842697 0)
(0.7276993132 -0.01493236341 0)
(0.7169027064 -0.01770999636 0)
(0.7039940296 -0.02086718641 0)
(0.6886728143 -0.02453017273 0)
(0.6705419701 -0.02888774479 0)
(0.6490638638 -0.03422715136 0)
(0.6234957224 -0.04099299421 0)
(0.5927967672 -0.04988433679 0)
(0.5555017027 -0.06201351655 0)
(0.5095692036 -0.07915682071 0)
(0.4522614977 -0.1041129669 0)
(0.3802492088 -0.1410776903 0)
(0.2905082828 -0.1955079688 0)
(0.1831918918 -0.2716166874 0)
(0.06763475623 -0.362643314 0)
(-0.0271182177 -0.4232799302 0)
(-0.02432135219 -0.3008468532 0)
(-0.008711997859 0.2515113224 0)
(0.0005914651518 0.272236967 0)
(0.1013911058 0.2053650684 0)
(0.2075378689 0.1493254771 0)
(0.2980225795 0.1075903857 0)
(0.3732295297 0.07798239274 0)
(0.4353060018 0.05775973887 0)
(0.4864034105 0.04398819464 0)
(0.5287479989 0.03445745445 0)
(0.564256447 0.02772396177 0)
(0.5944184526 0.02285684256 0)
(0.620369162 0.01925162724 0)
(0.6429719458 0.0165153843 0)
(0.6628828011 0.01439055099 0)
(0.6806022479 0.01270547329 0)
(0.6965154747 0.01134346879 0)
(0.7109218465 0.01022352209 0)
(0.7240562997 0.009288101209 0)
(0.7361048707 0.008495392454 0)
(0.7472159908 0.007814293307 0)
(0.7575087339 0.007221133645 0)
(0.7670788835 0.006697492765 0)
(0.7760034338 0.006228721336 0)
(0.7843439607 0.005802924503 0)
(0.7921491711 0.005410251153 0)
(0.799456851 0.005042390486 0)
(0.8062953703 0.004692210632 0)
(0.8126848588 0.004353496837 0)
(0.818638137 0.004020759601 0)
(0.8241614625 0.00368909329 0)
(0.8292551365 0.003354070468 0)
(0.8339140046 0.003011662301 0)
(0.8381278738 0.002658176616 0)
(0.8418818642 0.002290208139 0)
(0.8451567041 0.001904594985 0)
(0.8479289743 0.001498377299 0)
(0.8501713004 0.0010687525 0)
(0.8518524871 0.0006130228805 0)
(0.8529375816 0.0001285305869 0)
(0.8533878695 -0.0003874097535 0)
(0.8531606267 -0.0009376821482 0)
(0.8522089778 -0.001525550439 0)
(0.8504811606 -0.002154901458 0)
(0.8479196106 -0.002830586222 0)
(0.8444595469 -0.003558915064 0)
(0.840026849 -0.004348381903 0)
(0.8345349119 -0.005210729657 0)
(0.8278799913 -0.006162542041 0)
(0.8199342913 -0.007227673492 0)
(0.8105356212 -0.008441047936 0)
(0.799471754 -0.009854760225 0)
(0.7864564536 -0.01154816436 0)
(0.7710921992 -0.01364506781 0)
(0.7528114029 -0.01634393619 0)
(0.7307826547 -0.01997247509 0)
(0.7037604791 -0.02508857651 0)
(0.669846333 -0.03266945022 0)
(0.6261207053 -0.04446356366 0)
(0.5681391314 -0.06361231474 0)
(0.4894926044 -0.09556407143 0)
(0.3819535862 -0.148670072 0)
(0.2374912221 -0.2316928501 0)
(0.06792796302 -0.3350289383 0)
(-0.004364517061 -0.3209548616 0)
(0.2405235162 0.1241588029 0)
(0.3465254777 0.10520876 0)
(0.5045948358 0.05688828572 0)
(0.6216583294 0.03143915681 0)
(0.6954942147 0.01858073454 0)
(0.7455064115 0.01115009115 0)
(0.7813098043 0.006851149534 0)
(0.8075932799 0.004413256982 0)
(0.8275171622 0.002999238434 0)
(0.8431608525 0.00214808218 0)
(0.8558204594 0.001617166756 0)
(0.866328565 0.001272596292 0)
(0.875241303 0.001038922734 0)
(0.8829388557 0.0008734507765 0)
(0.8896873962 0.0007515148343 0)
(0.8956783128 0.0006584075534 0)
(0.9010526009 0.0005850671339 0)
(0.9059163021 0.0005257108675 0)
(0.9103505706 0.0004765044889 0)
(0.9144183807 0.0004348040029 0)
(0.9181690824 0.0003987151737 0)
(0.9216415631 0.0003668308204 0)
(0.9248664868 0.0003380698199 0)
(0.9278679087 0.0003115759169 0)
(0.930664461 0.0002866523959 0)
(0.9332702384 0.0002627189942 0)
(0.9356954705 0.0002392827865 0)
(0.9379470405 0.0002159182905 0)
(0.940028893 0.000192253555 0)
(0.9419423601 0.0001679604511 0)
(0.9436864274 0.0001427476568 0)
(0.9452579545 0.0001163556367 0)
(0.9466518614 8.855272564e-05 0)
(0.947861288 5.913202352e-05 0)
(0.9488777309 2.790840518e-05 0)
(0.9496911591 -5.2845263e-06 0)
(0.9502901096 -4.059824623e-05 0)
(0.9506617574 -7.817427014e-05 0)
(0.9507919622 -0.0001181497694 0)
(0.950665259 -0.0001606646754 0)
(0.9502648382 -0.0002058748658 0)
(0.9495723693 -0.0002539871868 0)
(0.9485677602 -0.0003052710102 0)
(0.9472287658 -0.0003600938306 0)
(0.9455303773 -0.0004189745448 0)
(0.943443904 -0.0004826587063 0)
(0.9409356062 -0.0005522287873 0)
(0.9379646619 -0.0006292700844 0)
(0.9344801279 -0.0007161284052 0)
(0.9304163441 -0.0008163244341 0)
(0.9256858658 -0.0009352480543 0)
(0.9201683395 -0.001081374411 0)
(0.9136925012 -0.001268494917 0)
(0.9060060923 -0.001520001322 0)
(0.8967237983 -0.001877469467 0)
(0.8852338776 -0.002418481887 0)
(0.8705246839 -0.003294687235 0)
(0.8508519401 -0.004815486744 0)
(0.8231016815 -0.007633082057 0)
(0.7816461254 -0.01309473386 0)
(0.7158775366 -0.02386351872 0)
(0.6034160588 -0.04685869783 0)
(0.4185803818 -0.1003887889 0)
(0.2837399817 -0.1401583159 0)
)
;

boundaryField
{
    movingWall
    {
        type            fixedValue;
        value           uniform (1 0 0);
    }
    fixedWalls
    {
        type            noSlip;
    }
    frontAndBack
    {
        type            empty;
    }
}


// ************************************************************************* //
