/*--------------------------------*- C++ -*----------------------------------*\
  =========                 |
  \\      /  F ield         | OpenFOAM: The Open Source CFD Toolbox
   \\    /   O peration     | Website:  https://openfoam.org
    \\  /    A nd           | Version:  11
     \\/     M anipulation  |
\*---------------------------------------------------------------------------*/
FoamFile
{
    format      ascii;
    class       surfaceScalarField;
    location    "200";
    object      phi;
}
// * * * * * * * * * * * * * * * * * * * * * * * * * * * * * * * * * * * * * //

dimensions      [0 3 -1 0 0 0 0];

internalField   nonuniform List<scalar> 
8064
(
1.661756629e-11
-1.772150502e-11
3.431460606e-11
-1.770641207e-11
3.588120894e-11
-1.564669131e-12
1.486380933e-11
2.101852232e-11
-3.023198528e-11
4.509291523e-11
-9.846038521e-11
6.822213151e-11
-1.877007095e-10
8.923213654e-11
-2.953418907e-10
1.07632053e-10
-4.186437229e-10
1.232923429e-10
-5.549237085e-10
1.362703403e-10
-7.016496518e-10
1.467162588e-10
-8.564803299e-10
1.548209561e-10
-1.017276423e-09
1.607863758e-10
-1.182094602e-09
1.648084498e-10
-1.349171789e-09
1.670674879e-10
-1.516904389e-09
1.677229159e-10
-1.683825054e-09
1.669110343e-10
-1.848579222e-09
1.647445734e-10
-2.009902486e-09
1.613137411e-10
-2.166600055e-09
1.566880927e-10
-2.3175287e-09
1.509192476e-10
-2.461582009e-09
1.440439631e-10
-2.597678986e-09
1.360877124e-10
-2.724756542e-09
1.270683455e-10
-2.841765701e-09
1.170000306e-10
-2.947671857e-09
1.0589708e-10
-3.04145873e-09
9.377788145e-11
-3.122136209e-09
8.066854051e-11
-3.188751525e-09
6.660646333e-11
-3.240403804e-09
5.164348093e-11
-3.276261257e-09
3.584874211e-11
-3.295580889e-09
1.93109805e-11
-3.2977298e-09
2.140349329e-12
-3.282207569e-09
-1.553073105e-11
-3.248670016e-09
-3.354596093e-11
-3.196953943e-09
-5.172441695e-11
-3.127100238e-09
-6.986195595e-11
-3.039374966e-09
-8.773345908e-11
-2.934287263e-09
-1.050958002e-10
-2.812603455e-09
-1.216918437e-10
-2.675356259e-09
-1.372551472e-10
-2.523848621e-09
-1.515155322e-10
-2.359651302e-09
-1.642051378e-10
-2.184594045e-09
-1.75065026e-10
-2.000749852e-09
-1.838518958e-10
-1.810412612e-09
-1.903448995e-10
-1.616068109e-09
-1.943521008e-10
-1.420359122e-09
-1.957165406e-10
-1.226045098e-09
-1.943215122e-10
-1.035957447e-09
-1.900950799e-10
-8.529511532e-10
-1.830136395e-10
-6.798536089e-10
-1.731048044e-10
-5.194108712e-10
-1.604498917e-10
-3.742309482e-10
-1.451869753e-10
-2.467218961e-10
-1.275159996e-10
-1.390198331e-10
-1.077089441e-10
-5.289656045e-11
-8.613012257e-11
1.037263661e-11
-6.327605151e-11
5.021743063e-11
-3.985163946e-11
6.712279742e-11
-1.691202172e-11
6.323149533e-11
3.885011199e-12
4.337421181e-11
1.985070471e-11
1.696035246e-11
2.640716631e-11
1.69582233e-11
1.734891669e-11
-3.509792131e-11
2.181885661e-11
-2.219122076e-11
-1.489203998e-11
3.514386962e-11
-1.054767577e-10
1.116006635e-10
-2.53949847e-10
1.935586275e-10
-4.591799022e-10
2.734403665e-10
-7.171148567e-10
3.471523565e-10
-1.022169879e-09
4.126708118e-10
-1.368078056e-09
4.691835e-10
-1.748402343e-09
5.165772836e-10
-2.156835895e-09
5.551322916e-10
-2.587368606e-09
5.85336078e-10
-3.034368611e-09
6.077687368e-10
-3.492609262e-09
6.230314619e-10
-3.957261764e-09
6.317023564e-10
-4.423866515e-09
6.34310093e-10
-4.888292501e-09
6.31319502e-10
-5.346690912e-09
6.231255653e-10
-5.79544781e-09
6.100533046e-10
-6.231138997e-09
5.923620693e-10
-6.650489797e-09
5.702529366e-10
-7.050341314e-09
5.43878503e-10
-7.42762474e-09
5.133542662e-10
-7.779344332e-09
4.787712021e-10
-8.102569876e-09
4.402089466e-10
-8.394438615e-09
3.977493283e-10
-8.652166867e-09
3.514897514e-10
-8.8730708e-09
3.015562308e-10
-9.054596077e-09
2.481156081e-10
-9.19435535e-09
1.913867641e-10
-9.290172855e-09
1.316503737e-10
-9.340134639e-09
6.925703723e-11
-9.342643159e-09
4.63326265e-12
-9.296474271e-09
-6.171507246e-11
-9.200837138e-09
-1.291984228e-10
-9.055434746e-09
-1.971419831e-10
-8.860520907e-09
-2.647908428e-10
-8.61695137e-09
-3.31317893e-10
-8.326227026e-09
-3.958349186e-10
-7.990526747e-09
-4.574067528e-10
-7.612728005e-09
-5.150684048e-10
-7.196413228e-09
-5.678446949e-10
-6.745860604e-09
-6.147720472e-10
-6.266018063e-09
-6.549217372e-10
-5.762460033e-09
-6.874240095e-10
-5.241326717e-09
-7.114921991e-10
-4.709246548e-09
-7.264461715e-10
-4.173242646e-09
-7.317342446e-10
-3.640624797e-09
-7.269530681e-10
-3.118868454e-09
-7.118650053e-10
-2.615482429e-09
-6.864131128e-10
-2.137866244e-09
-6.507342732e-10
-1.693157156e-09
-6.051720862e-10
-1.288064629e-09
-5.502924174e-10
-9.286865728e-10
-4.869068107e-10
-6.202957792e-10
-4.161123797e-10
-3.670759767e-10
-3.393625375e-10
-1.717726392e-10
-2.585920115e-10
-3.520230361e-11
-1.764344777e-10
4.446711957e-11
-9.659364738e-11
7.279132704e-11
-2.445118139e-11
6.063937308e-11
3.19911832e-11
2.640417734e-11
6.063159633e-11
4.335942484e-11
1.7136505e-12
-3.683642962e-11
-3.506808781e-11
1.456414997e-11
-1.369856931e-10
1.370499642e-10
-3.17400675e-10
2.920083692e-10
-5.808823991e-10
4.570316491e-10
-9.260804365e-10
6.186268044e-10
-1.347863547e-09
7.689214712e-10
-1.838853969e-09
9.03645679e-10
-2.390483091e-09
1.020796201e-09
-2.993695789e-09
1.119773088e-09
-3.639405553e-09
1.200824916e-09
-4.318775352e-09
1.264688594e-09
-5.023377634e-09
1.312353665e-09
-5.745271365e-09
1.344907803e-09
-6.47702292e-09
1.36343653e-09
-7.211690074e-09
1.368959896e-09
-7.942782968e-09
1.362395107e-09
-8.664212303e-09
1.344537685e-09
-9.370232336e-09
1.316056221e-09
-1.005538441e-08
1.277497128e-09
-1.071444527e-08
1.229296894e-09
-1.134238337e-08
1.171799811e-09
-1.193432552e-08
1.105279751e-09
-1.248553553e-08
1.02996466e-09
-1.299140582e-08
9.460628178e-10
-1.344746267e-08
8.537898767e-10
-1.384938504e-08
7.533959433e-10
-1.419303671e-08
6.451918504e-10
-1.447451101e-08
5.295739822e-10
-1.46901869e-08
4.070468622e-10
-1.483679511e-08
2.782429189e-10
-1.491149231e-08
1.439387073e-10
-1.491194133e-08
5.066889426e-12
-1.483639462e-08
-1.372770327e-10
-1.468378109e-08
-2.818270622e-10
-1.445379313e-08
-4.271449126e-10
-1.4146968e-08
-5.716308051e-10
-1.376476039e-08
-7.135401916e-10
-1.3309603e-08
-8.510068644e-10
-1.278495172e-08
-9.82072467e-10
-1.219531255e-08
-1.104721874e-09
-1.154624761e-08
-1.216923814e-09
-1.084435802e-08
-1.316675717e-09
-1.009724203e-08
-1.402051703e-09
-9.313427637e-09
-1.47125228e-09
-8.502279277e-09
-1.522654355e-09
-7.673879174e-09
-1.554859981e-09
-6.838884511e-09
-1.566742528e-09
-6.008362013e-09
-1.557489086e-09
-5.193601894e-09
-1.526638534e-09
-4.405912901e-09
-1.474115379e-09
-3.656399575e-09
-1.40026072e-09
-2.955721294e-09
-1.305863311e-09
-2.313830213e-09
-1.192196265e-09
-1.739681119e-09
-1.061068516e-09
-1.240900391e-09
-9.149056192e-10
-8.233929548e-10
-7.568824536e-10
-4.908552884e-10
-5.911421739e-10
-2.441492578e-10
-4.231529432e-10
-8.047695223e-11
-2.602779658e-10
7.712077438e-12
-1.126514428e-10
3.413167393e-11
5.559137045e-12
2.047403039e-11
7.427812089e-11
6.383097001e-11
-2.087436588e-11
-1.598724625e-11
-1.124890718e-10
1.061537602e-10
-2.94630573e-10
3.191776246e-10
-5.776337676e-10
5.750019464e-10
-9.645113347e-10
8.438993091e-10
-1.452798485e-09
1.106902167e-09
-2.03619135e-09
1.352300641e-09
-2.705889254e-09
1.573328515e-09
-3.451622491e-09
1.766513493e-09
-4.262402107e-09
1.930536255e-09
-5.127044472e-09
2.065450529e-09
-6.034521111e-09
2.172148314e-09
-6.974177105e-09
2.251992637e-09
-7.935852772e-09
2.306566406e-09
-8.90993603e-09
2.337502712e-09
-9.887366472e-09
2.346373291e-09
-1.085960753e-08
2.334619168e-09
-1.181859925e-08
2.303512478e-09
-1.275670142e-08
2.254141553e-09
-1.366663462e-08
2.187413588e-09
-1.454142491e-08
2.104070552e-09
-1.537435669e-08
2.004715065e-09
-1.615893689e-08
1.889843555e-09
-1.688887308e-08
1.759884566e-09
-1.755806677e-08
1.615240345e-09
-1.816062306e-08
1.456330135e-09
-1.869087672e-08
1.283633686e-09
-1.914343435e-08
1.0977337e-09
-1.951323192e-08
8.993558856e-10
-1.979560606e-08
6.894054814e-10
-1.998637759e-08
4.689990493e-10
-2.008194467e-08
2.394905286e-10
-2.007938308e-08
2.490175066e-12
-1.997655008e-08
-2.401250119e-10
-1.977219173e-08
-4.862002524e-10
-1.946605004e-08
-7.33301291e-10
-1.905896257e-08
-9.787328283e-10
-1.855295069e-08
-1.219566481e-09
-1.795129255e-08
-1.452679286e-09
-1.725857663e-08
-1.67480253e-09
-1.648073229e-08
-1.88258024e-09
-1.562503391e-08
-2.072636104e-09
-1.4700076e-08
-2.241647425e-09
-1.371571723e-08
-2.386424172e-09
-1.268299203e-08
-2.503991086e-09
-1.161398944e-08
-2.59167047e-09
-1.052169946e-08
-2.647163399e-09
-9.419828193e-09
-2.66862715e-09
-8.322583359e-09
-2.654747182e-09
-7.244432362e-09
-2.604802679e-09
-6.199834847e-09
-2.518725916e-09
-5.202951094e-09
-2.397157343e-09
-4.267326339e-09
-2.241500769e-09
-3.405548804e-09
-2.053986333e-09
-2.62887606e-09
-1.837753649e-09
-1.946820019e-09
-1.596973951e-09
-1.366675824e-09
-1.337038927e-09
-8.929745866e-10
-1.0648557e-09
-5.268361279e-10
-7.893035324e-10
-2.651975428e-10
-5.219283694e-10
-9.990201758e-11
-2.779588525e-10
-1.665139953e-11
-7.770246305e-11
6.227161192e-12
5.138915637e-11
7.005511208e-11
-4.5709751e-11
2.97051088e-11
-1.980758975e-10
2.584964512e-10
-4.679854323e-10
5.890711065e-10
-8.606212004e-10
9.676255987e-10
-1.375854951e-09
1.359121689e-09
-2.009135508e-09
1.740170465e-09
-2.752544385e-09
2.095695973e-09
-3.595806631e-09
2.416576087e-09
-4.527155287e-09
2.697846678e-09
-5.534019054e-09
2.937384024e-09
-6.603539226e-09
3.13495438e-09
-7.722937806e-09
3.291530367e-09
-8.879763278e-09
3.408801465e-09
-1.006204005e-08
3.488826468e-09
-1.125834463e-08
3.533790568e-09
-1.245782828e-08
3.545840214e-09
-1.365020229e-08
3.526976507e-09
-1.482569947e-08
3.478993044e-09
-1.597502228e-08
3.403447833e-09
-1.708928653e-08
3.301661394e-09
-1.815996729e-08
3.174734977e-09
-1.917885253e-08
3.023584069e-09
-2.013800839e-08
2.848983297e-09
-2.102975927e-08
2.651619447e-09
-2.184668462e-08
2.43214982e-09
-2.258163371e-08
2.191263471e-09
-2.322775878e-08
1.929743124e-09
-2.377856629e-08
1.648525711e-09
-2.422798542e-08
1.348759644e-09
-2.457045217e-08
1.031856981e-09
-2.480100704e-08
6.995388155e-10
-2.491540375e-08
3.538722619e-10
-2.491022551e-08
-2.702904454e-12
-2.478300512e-08
-3.673600948e-10
-2.453234843e-08
-7.368714841e-10
-2.415805742e-08
-1.107606695e-09
-2.366124419e-08
-1.475560319e-09
-2.304443156e-08
-1.836393223e-09
-2.231163579e-08
-2.185489021e-09
-2.146842663e-08
-2.518025537e-09
-2.052196042e-08
-2.829060164e-09
-1.948098258e-08
-3.113627545e-09
-1.835579605e-08
-3.366847452e-09
-1.715819333e-08
-3.584040289e-09
-1.590135048e-08
-3.760847235e-09
-1.459968233e-08
-3.893351834e-09
-1.326865912e-08
-3.978199745e-09
-1.192458565e-08
-4.012713675e-09
-1.058434477e-08
-3.995001024e-09
-9.26510747e-09
-3.924052824e-09
-7.984012058e-09
-3.799834051e-09
-6.757814448e-09
-3.623367528e-09
-5.602511003e-09
-3.396816626e-09
-4.532933761e-09
-3.123575825e-09
-3.562316125e-09
-2.808383395e-09
-2.701825003e-09
-2.457477099e-09
-1.960053691e-09
-2.078822241e-09
-1.342469648e-09
-1.682451754e-09
-8.50814274e-10
-1.280970872e-09
-4.824598123e-10
-8.902943389e-10
-2.297446684e-10
-5.306844384e-10
-7.93332847e-11
-2.281261356e-10
-1.163146851e-11
-1.63236049e-11
5.842136329e-11
-7.064150591e-11
1.003310674e-10
-2.852765792e-10
4.731098309e-10
-6.456373266e-10
9.494155548e-10
-1.15075646e-09
1.472731589e-09
-1.796345756e-09
2.00469877e-09
-2.574971389e-09
2.518783468e-09
-3.476593173e-09
2.997304226e-09
-4.489224374e-09
3.429192876e-09
-5.599577599e-09
3.808184794e-09
-6.793628342e-09
4.131419172e-09
-8.05706976e-09
4.398379873e-09
-9.375656256e-09
4.610100729e-09
-1.073544587e-08
4.76857481e-09
-1.21229567e-08
4.876320961e-09
-1.352525412e-08
4.936071614e-09
-1.492998476e-08
4.950554492e-09
-1.632537196e-08
4.922347369e-09
-1.77001852e-08
4.853789995e-09
-1.904369443e-08
4.746940854e-09
-2.034561828e-08
4.603569117e-09
-2.15960734e-08
4.42517407e-09
-2.278553101e-08
4.213025761e-09
-2.390478516e-08
3.96822163e-09
-2.494493615e-08
3.691754736e-09
-2.589739163e-08
3.384589726e-09
-2.67538868e-08
3.047743174e-09
-2.750652421e-08
2.6823652e-09
-2.814783325e-08
2.289819546e-09
-2.867084814e-08
1.871759456e-09
-2.906920294e-08
1.430196837e-09
-2.933724131e-08
9.675623691e-10
-2.947013811e-08
4.867543799e-10
-2.946402925e-08
-8.826298453e-12
-2.931614537e-08
-5.152583716e-10
-2.902494867e-08
-1.028082417e-09
-2.859026966e-08
-1.542299797e-09
-2.80134336e-08
-2.052410327e-09
-2.729737215e-08
-2.552468466e-09
-2.644671501e-08
-3.036159821e-09
-2.546785629e-08
-3.496897781e-09
-2.436899096e-08
-3.927938895e-09
-2.316011686e-08
-4.322514925e-09
-2.185299866e-08
-4.673978823e-09
-2.046109073e-08
-4.975961281e-09
-1.899941698e-08
-5.222533962e-09
-1.748440651e-08
-5.408375202e-09
-1.593368517e-08
-5.528933888e-09
-1.436582409e-08
-5.580587482e-09
-1.280004691e-08
-5.560790835e-09
-1.125589865e-08
-5.468213598e-09
-9.752879261e-09
-5.302865835e-09
-8.310045168e-09
-5.066213868e-09
-6.945582212e-09
-4.761291671e-09
-5.676352701e-09
-4.392817264e-09
-4.517419131e-09
-3.96732876e-09
-3.481546967e-09
-3.493360978e-09
-2.578690075e-09
-2.981690838e-09
-1.815465656e-09
-2.445687894e-09
-1.194632507e-09
-1.901815553e-09
-7.145993658e-10
-1.370338697e-09
-3.690095702e-10
-8.762858149e-10
-1.464711649e-10
-4.506747143e-10
-3.054756137e-11
-1.322569632e-10
2.787080453e-11
-9.469830624e-11
1.950171218e-10
-3.707430053e-10
7.491355795e-10
-8.212482021e-10
1.399904395e-09
-1.438828219e-09
2.090297473e-09
-2.214495589e-09
2.780352985e-09
-3.137383593e-09
3.441658324e-09
-4.194892566e-09
4.054799565e-09
-5.373041752e-09
4.607327814e-09
-6.656893657e-09
5.09202191e-09
-8.030969039e-09
5.50547934e-09
-9.479608373e-09
5.847003693e-09
-1.098726116e-08
6.117737786e-09
-1.25386998e-08
6.319997588e-09
-1.411916367e-08
6.456768894e-09
-1.571444325e-08
6.531335209e-09
-1.731091591e-08
6.547011151e-09
-1.889554526e-08
6.506960752e-09
-2.045585521e-08
6.414084024e-09
-2.197988862e-08
6.270958401e-09
-2.345615937e-08
6.079824087e-09
-2.487360529e-08
5.842604298e-09
-2.622154793e-08
5.560952802e-09
-2.748966415e-08
5.236322362e-09
-2.866797327e-08
4.870048485e-09
-2.974684243e-08
4.463443622e-09
-3.071701182e-08
4.017897424e-09
-3.156964071e-08
3.534979069e-09
-3.229637403e-08
3.016537974e-09
-3.288942877e-08
2.464799429e-09
-3.334169844e-08
1.882451867e-09
-3.364687332e-08
1.272722748e-09
-3.379957349e-08
6.394401817e-10
-3.379549072e-08
-1.292329428e-11
-3.363153429e-08
-6.792288742e-10
-3.330598007e-08
-1.353650551e-09
-3.281861988e-08
-2.029673755e-09
-3.217090026e-08
-2.700143567e-09
-3.136604538e-08
-3.35733682e-09
-3.04091584e-08
-3.993060127e-09
-2.930729569e-08
-4.598773675e-09
-2.806950849e-08
-5.165739161e-09
-2.670684703e-08
-5.685189319e-09
-2.523232301e-08
-6.148515664e-09
-2.366082673e-08
-6.547470291e-09
-2.200899645e-08
-6.87437687e-09
-2.029503865e-08
-7.122345539e-09
-1.853849878e-08
-7.28548621e-09
-1.675998357e-08
-7.359115055e-09
-1.498083705e-08
-7.339949631e-09
-1.322277343e-08
-7.226289376e-09
-1.150747117e-08
-7.018180124e-09
-9.856132999e-09
-6.717563926e-09
-8.28901758e-09
-6.328418817e-09
-6.824949009e-09
-5.856897403e-09
-5.480811206e-09
-5.311478008e-09
-4.271035837e-09
-4.703147715e-09
-3.207095423e-09
-4.045642599e-09
-2.297018484e-09
-3.355776195e-09
-1.544952517e-09
-2.653892851e-09
-9.508144559e-10
-1.964487616e-09
-5.100878539e-10
-1.317021932e-09
-2.138547888e-10
-7.469196819e-10
-4.918672071e-11
-2.969355984e-10
-2.131794714e-11
-1.175134516e-10
3.125198227e-10
-4.529325645e-10
1.084535766e-09
-9.9156733e-10
1.938522687e-09
-1.719760219e-09
2.81847575e-09
-2.62363354e-09
3.684212683e-09
-3.688569598e-09
4.506580961e-09
-4.899091056e-09
5.265307357e-09
-6.238971948e-09
5.947194628e-09
-7.691466335e-09
6.544501799e-09
-9.239575578e-09
7.053573738e-09
-1.086630462e-08
7.473717622e-09
-1.255488007e-08
7.806297923e-09
-1.428891826e-08
8.054020331e-09
-1.605254142e-08
8.220376532e-09
-1.783044601e-08
8.30922422e-09
-1.960793042e-08
8.324479975e-09
-2.137089103e-08
8.269905784e-09
-2.310579553e-08
8.148972994e-09
-2.479964248e-08
7.964789866e-09
-2.643991487e-08
7.720081076e-09
-2.801453504e-08
7.417209137e-09
-2.95118266e-08
7.05822914e-09
-3.092048866e-08
6.644969286e-09
-3.22295858e-08
6.17913061e-09
-3.342855707e-08
5.662399978e-09
-3.450724544e-08
5.096571004e-09
-3.545594901e-08
4.483667964e-09
-3.626549374e-08
3.826068155e-09
-3.692732709e-08
3.126618355e-09
-3.743363085e-08
2.388741335e-09
-3.777745088e-08
1.61652861e-09
-3.795284058e-08
8.148158608e-10
-3.795501427e-08
-1.076348418e-11
-3.778050494e-08
-8.537519345e-10
-3.742732532e-08
-1.706843738e-09
-3.689513011e-08
-2.561882387e-09
-3.618536818e-08
-3.409918762e-09
-3.530141841e-08
-4.241299701e-09
-3.424870302e-08
-5.04578848e-09
-3.303477229e-08
-5.812717234e-09
-3.166935462e-08
-6.531169513e-09
-3.016436652e-08
-7.190189991e-09
-2.853387728e-08
-7.779017351e-09
-2.679402456e-08
-8.287335353e-09
-2.496287747e-08
-8.705536211e-09
-2.30602454e-08
-9.024989762e-09
-2.110743207e-08
-9.2383116e-09
-1.91269356e-08
-9.339623491e-09
-1.714209709e-08
-9.324800018e-09
-1.517670152e-08
-9.191696704e-09
-1.325453644e-08
-8.94035683e-09
-1.139891504e-08
-8.573196814e-09
-9.632171709e-09
-8.095173465e-09
-7.975139831e-09
-7.513940451e-09
-6.446623003e-09
-6.84000588e-09
-5.06287394e-09
-6.086907744e-09
-3.837098973e-09
-5.271428537e-09
-2.779012088e-09
-4.413874067e-09
-1.894471459e-09
-3.538444253e-09
-1.185244853e-09
-2.673724701e-09
-6.489677507e-10
-1.853310171e-09
-2.793743659e-10
-1.116522278e-09
-6.693972311e-11
-5.093791825e-10
-8.826060097e-11
-1.390165628e-10
4.515259531e-10
-5.312878735e-10
1.476790572e-09
-1.15516734e-09
2.562386228e-09
-1.991072381e-09
3.65436602e-09
-3.020269144e-09
4.713395466e-09
-4.224255281e-09
5.71055344e-09
-5.584480815e-09
6.625519186e-09
-7.082286796e-09
7.444986672e-09
-8.698975739e-09
8.161176525e-09
-1.041594659e-08
8.770530103e-09
-1.221484713e-08
9.272603457e-09
-1.407771442e-08
9.669150342e-09
-1.598708711e-08
9.963378024e-09
-1.79260829e-08
1.015935724e-08
-1.987844088e-08
1.026156707e-08
-2.182853242e-08
1.027455637e-08
-2.376134659e-08
1.020270482e-08
-2.566245713e-08
1.005006843e-08
-2.751797826e-08
9.820295944e-09
-2.931451647e-08
9.516604289e-09
-3.103912457e-08
9.141802321e-09
-3.267926385e-08
8.698353593e-09
-3.422277896e-08
8.188469665e-09
-3.565788942e-08
7.614226451e-09
-3.697320068e-08
6.977696717e-09
-3.815773656e-08
6.281092475e-09
-3.920099431e-08
5.526911432e-09
-4.009302238e-08
4.71808205e-09
-4.082452011e-08
3.858102045e-09
-4.138695809e-08
2.951165413e-09
-4.177271665e-08
2.002273389e-09
-4.197523947e-08
1.017325031e-09
-4.198919833e-08
3.181872548e-12
-4.181066352e-08
-1.032300097e-09
-4.143727767e-08
-2.080242773e-09
-4.086843178e-08
-3.130741311e-09
-4.010543323e-08
-4.172930183e-09
-3.915165732e-08
-5.195088323e-09
-3.801267595e-08
-6.184782412e-09
-3.669635673e-08
-7.129048877e-09
-3.521292583e-08
-8.014612702e-09
-3.357498825e-08
-8.828139723e-09
-3.179749975e-08
-9.556517878e-09
-2.989768546e-08
-1.018716157e-08
-2.789490132e-08
-1.070833218e-08
-2.581043587e-08
-1.110946693e-08
-2.366725143e-08
-1.138150767e-08
-2.148966536e-08
-1.15172211e-08
-1.930297408e-08
-1.151150273e-08
-1.713302453e-08
-1.136165756e-08
-1.500573952e-08
-1.106765302e-08
-1.294660556e-08
-1.06323418e-08
-1.098013393e-08
-1.006165597e-08
-9.129307634e-09
-9.364777464e-09
-7.415029709e-09
-8.554294398e-09
-5.855591324e-09
-7.646356656e-09
-4.46618239e-09
-6.660847981e-09
-3.258473161e-09
-5.621593816e-09
-2.240303247e-09
-4.55662469e-09
-1.415525136e-09
-3.498512861e-09
-7.840624396e-10
-2.48478131e-09
-3.422610488e-10
-1.558335012e-09
-8.362709497e-11
-7.680231642e-10
-1.718894428e-10
-1.592718784e-10
6.107892612e-10
-6.057747933e-10
1.923276197e-09
-1.311670107e-09
3.268265611e-09
-2.251873022e-09
4.594554111e-09
-3.402956849e-09
5.864465252e-09
-4.742531758e-09
7.050114678e-09
-6.248885145e-09
8.131858972e-09
-7.900807094e-09
9.096894909e-09
-9.677541248e-09
9.937896779e-09
-1.155880907e-08
1.065178383e-08
-1.352486761e-08
1.123864772e-08
-1.555657316e-08
1.170084147e-08
-1.763543384e-08
1.204222417e-08
-1.974364195e-08
1.226755075e-08
-2.186408316e-08
1.238199362e-08
-2.398032335e-08
1.239078189e-08
-2.607657703e-08
1.229894384e-08
-2.813766225e-08
1.211113901e-08
-3.0148948e-08
1.18315671e-08
-3.209630007e-08
1.146394183e-08
-3.39660311e-08
1.10115189e-08
-3.574485996e-08
1.047716807e-08
-3.741988494e-08
9.863480363e-09
-3.897857459e-08
9.17290191e-09
-4.040877888e-08
8.407886934e-09
-4.169876297e-08
7.57106259e-09
-4.283726446e-08
6.665399066e-09
-4.381357476e-08
5.694378617e-09
-4.461764384e-08
4.662157518e-09
-4.524020712e-08
3.573715204e-09
-4.567293225e-08
2.434985164e-09
-4.590858291e-08
1.252962471e-09
-4.594119545e-08
3.57813326e-11
-4.576626305e-08
-1.207245411e-09
-4.538092386e-08
-2.465594723e-09
-4.478415254e-08
-3.727525236e-09
-4.39769473e-08
-4.980147851e-09
-4.296250096e-08
-6.209546942e-09
-4.174634928e-08
-7.400946215e-09
-4.033648946e-08
-8.538920667e-09
-3.874346113e-08
-9.607652865e-09
-3.698038256e-08
-1.059122998e-08
-3.506293546e-08
-1.147397655e-08
-3.300929219e-08
-1.224081629e-08
-3.08399808e-08
-1.287765491e-08
-2.85776844e-08
-1.337177458e-08
-2.624697331e-08
-1.371222989e-08
-2.387397062e-08
-1.389023484e-08
-2.148595374e-08
-1.389953055e-08
-1.911089736e-08
-1.373672475e-08
-1.677696563e-08
-1.340159543e-08
-1.451196376e-08
-1.28973542e-08
-1.234276243e-08
-1.223086766e-08
-1.029471061e-08
-1.141283949e-08
-8.391055662e-09
-1.045795943e-08
-6.652392821e-09
-9.385029518e-09
-5.096170066e-09
-8.217080759e-09
-3.736279394e-09
-6.981494536e-09
-2.582771445e-09
-5.71014246e-09
-1.641738831e-09
-4.439555026e-09
-9.154221597e-10
-3.211108494e-09
-4.025943485e-10
-2.071170916e-09
-9.931451958e-11
-1.071310963e-09
-2.712067769e-10
-1.784036317e-10
7.891832351e-10
-6.766212913e-10
2.42147905e-09
-1.461278944e-09
4.052908208e-09
-2.502211924e-09
5.635472608e-09
-3.771527162e-09
7.133766564e-09
-5.243028523e-09
8.521602472e-09
-6.891830887e-09
9.7806479e-09
-8.694118411e-09
1.089916898e-08
-1.062701017e-08
1.187077498e-08
-1.266849634e-08
1.269325631e-08
-1.479741404e-08
1.33675516e-08
-1.699343966e-08
1.389685316e-08
-1.923708193e-08
1.428585242e-08
-2.15096664e-08
1.454012113e-08
-2.379330678e-08
1.466561987e-08
-2.607086267e-08
1.466832363e-08
-2.832588543e-08
1.455395247e-08
-3.05425561e-08
1.432779556e-08
-3.270561967e-08
1.399461659e-08
-3.480032095e-08
1.355862909e-08
-3.681234685e-08
1.302353084e-08
-3.872777973e-08
1.239258707e-08
-4.053306603e-08
1.166875288e-08
-4.221500375e-08
1.085482593e-08
-4.37607514e-08
9.953620997e-09
-4.515786084e-08
8.96815855e-09
-4.639433498e-08
7.901859834e-09
-4.745871105e-08
6.758741425e-09
-4.834016908e-08
5.543602416e-09
-4.902866452e-08
4.262197639e-09
-4.951508293e-08
2.921390699e-09
-4.979141404e-08
1.529280835e-09
-4.985094128e-08
9.529596392e-11
-4.968844115e-08
-1.369757989e-09
-4.930038754e-08
-2.853660616e-09
-4.868516136e-08
-4.34276353e-09
-4.784326042e-08
-5.822060735e-09
-4.677749448e-08
-7.275324668e-09
-4.549315866e-08
-8.685293666e-09
-4.399817713e-08
-1.003391367e-08
-4.230320863e-08
-1.13026327e-08
-4.042170527e-08
-1.247274452e-08
-3.836991685e-08
-1.352577603e-08
-3.616683316e-08
-1.444391091e-08
-3.38340585e-08
-1.521044039e-08
-3.139561378e-08
-1.581023001e-08
-2.887766383e-08
-1.623019045e-08
-2.630816999e-08
-1.645973918e-08
-2.371647066e-08
-1.649124026e-08
-2.113279568e-08
-1.632040998e-08
-1.858772338e-08
-1.594667784e-08
-1.611159262e-08
-1.537349492e-08
-1.373388509e-08
-1.460858499e-08
-1.14825967e-08
-1.366413752e-08
-9.383619859e-09
-1.25569458e-08
-7.460161577e-09
-1.130849726e-08
-5.732226152e-09
-9.945025631e-09
-4.216194365e-09
-8.497535786e-09
-2.924535589e-09
-7.001810728e-09
-1.865693446e-09
-5.498406202e-09
-1.044189493e-09
-4.032619646e-09
-4.609961226e-10
-2.654374855e-09
-1.142170276e-10
-1.418099361e-09
-3.854252288e-10
-1.965495566e-10
9.857255566e-10
-7.441756124e-10
2.969089149e-09
-1.604499757e-09
4.913217405e-09
-2.74266916e-09
6.773627778e-09
-4.126571169e-09
8.517654909e-09
-5.726332673e-09
1.012135066e-08
-7.513941899e-09
1.156824399e-08
-9.462972921e-09
1.284818689e-08
-1.154839387e-08
1.395618277e-08
-1.374643566e-08
1.489128487e-08
-1.603449945e-08
1.565560207e-08
-1.839108512e-08
1.625342542e-08
-2.07957279e-08
1.669048172e-08
-2.322893456e-08
1.697331425e-08
-2.567211468e-08
1.710878643e-08
-2.810750552e-08
1.710370088e-08
-3.051809134e-08
1.696452471e-08
-3.288751987e-08
1.669721053e-08
-3.520001929e-08
1.630710249e-08
-3.744031999e-08
1.579891634e-08
-3.959358537e-08
1.517678282e-08
-4.164535565e-08
1.444434403e-08
-4.358150874e-08
1.360489273e-08
-4.538824132e-08
1.266154536e-08
-4.705207299e-08
1.161743962e-08
-4.85598756e-08
1.047594822e-08
-4.989892921e-08
9.240900614e-09
-5.105700546e-08
7.916804949e-09
-5.202247825e-08
6.509062609e-09
-5.278446108e-08
5.024167999e-09
-5.333296921e-08
3.469886476e-09
-5.365910418e-08
1.855403593e-09
-5.375525723e-08
1.914369377e-10
-5.361532581e-08
-1.509701334e-09
-5.323493628e-08
-3.234061898e-09
-5.261167434e-08
-4.966037049e-09
-5.17453222e-08
-6.688424285e-09
-5.063808289e-08
-8.382575225e-09
-4.929478473e-08
-1.002860291e-08
-4.772305708e-08
-1.160565224e-08
-4.593346763e-08
-1.309223291e-08
-4.393961161e-08
-1.446661116e-08
-4.175814325e-08
-1.570725488e-08
-3.940874075e-08
-1.679332377e-08
-3.691399711e-08
-1.770519427e-08
-3.429923083e-08
-1.842500641e-08
-3.159221302e-08
-1.893721828e-08
-2.88228099e-08
-1.922915219e-08
-2.602254345e-08
-1.929151649e-08
-2.322407602e-08
-1.911888706e-08
-2.046062904e-08
-1.871013432e-08
-1.776534961e-08
-1.806878369e-08
-1.517064271e-08
-1.720330106e-08
-1.270749044e-08
-1.612729882e-08
-1.040478296e-08
-1.485966219e-08
-8.288689093e-09
-1.342459996e-08
-6.382096942e-09
-1.185162663e-08
-4.704157352e-09
-1.017548425e-08
-3.2699649e-09
-8.436011814e-09
-2.090413008e-09
-6.677966501e-09
-1.172260314e-09
-4.950782e-09
-5.18436387e-10
-3.308205564e-09
-1.286322909e-10
-1.80791028e-09
-5.140601622e-10
-2.138503719e-10
1.199566829e-09
-8.088244524e-10
3.564049957e-09
-1.741972583e-09
5.846351648e-09
-2.974093496e-09
8.005735067e-09
-4.469097058e-09
1.001264522e-08
-6.193585003e-09
1.184582566e-08
-8.116500251e-09
1.349114646e-08
-1.020884026e-08
1.494051421e-08
-1.2443429e-08
1.619075881e-08
-1.479473547e-08
1.72425786e-08
-1.723872537e-08
1.809957917e-08
-1.975273394e-08
1.876742114e-08
-2.23153504e-08
1.925308527e-08
-2.490630731e-08
1.956425821e-08
-2.750637094e-08
1.970883709e-08
-3.00972311e-08
1.969454807e-08
-3.266139087e-08
1.952867152e-08
-3.518205796e-08
1.921786468e-08
-3.764304072e-08
1.876807235e-08
-4.002865202e-08
1.818451478e-08
-4.232362478e-08
1.74717428e-08
-4.451304285e-08
1.663374938e-08
-4.658229056e-08
1.567412781e-08
-4.851702438e-08
1.459626663e-08
-5.03031691e-08
1.340357189e-08
-5.192694102e-08
1.209970779e-08
-5.337489964e-08
1.0688847e-08
-5.463402894e-08
9.175922126e-09
-5.56918486e-08
7.56687026e-09
-5.653655473e-08
5.868862235e-09
-5.715718885e-08
4.090508845e-09
-5.754383313e-08
2.242036236e-09
-5.768782853e-08
3.354208405e-10
-5.758201054e-08
-1.615530658e-09
-5.722095262e-08
-3.595130985e-09
-5.660122035e-08
-5.585780317e-09
-5.57216407e-08
-7.568014754e-09
-5.458356134e-08
-9.520665235e-09
-5.319109284e-08
-1.142108188e-08
-5.155132407e-08
-1.324543133e-08
-4.967449964e-08
-1.49690675e-08
-4.757414823e-08
-1.656697259e-08
-4.526715022e-08
-1.801426275e-08
-4.2773734e-08
-1.928674972e-08
-4.011739113e-08
-2.036154673e-08
-3.732470267e-08
-2.121770434e-08
-3.442507134e-08
-2.183685897e-08
-3.145035745e-08
-2.220387531e-08
-2.843442056e-08
-2.230746249e-08
-2.541257275e-08
-2.214074384e-08
-2.242095444e-08
-2.170176145e-08
-1.949584804e-08
-2.099389874e-08
-1.667294951e-08
-2.002620808e-08
-1.398662192e-08
-1.881363476e-08
-1.146915873e-08
-1.73771336e-08
-9.150087491e-09
-1.574367936e-08
-7.055546407e-09
-1.394617586e-08
-5.207767333e-09
-1.202327148e-08
-3.624698771e-09
-1.00190886e-08
-2.319800712e-09
-7.982872348e-09
-1.302040148e-09
-5.968548314e-09
-5.761167488e-10
-4.034138524e-09
-1.429151641e-10
-2.241120236e-09
-6.569763872e-10
-2.304305709e-10
1.429991227e-09
-8.709511674e-10
4.204555883e-09
-1.874373361e-09
6.849760112e-09
-3.197438994e-09
9.328787502e-09
-4.800304001e-09
1.161549745e-08
-6.646202367e-09
1.369171154e-08
-8.701132713e-09
1.554606451e-08
-1.093357502e-08
1.71729443e-08
-1.331424152e-08
1.857141314e-08
-1.581585868e-08
1.974418358e-08
-1.8412974e-08
2.069668227e-08
-2.108178086e-08
2.143621575e-08
-2.379995568e-08
2.197124781e-08
-2.654650266e-08
2.231079288e-08
-2.93016036e-08
2.246392571e-08
-3.204647151e-08
2.243940367e-08
-3.476320851e-08
2.224539621e-08
-3.743466935e-08
2.188931324e-08
-4.004433307e-08
2.137772383e-08
-4.257618565e-08
2.071635517e-08
-4.501461675e-08
1.991016177e-08
-4.734433402e-08
1.89634546e-08
-4.955029812e-08
1.788007994e-08
-5.161768136e-08
1.666363798e-08
-5.353185289e-08
1.531773164e-08
-5.527839268e-08
1.384623589e-08
-5.68431361e-08
1.225357883e-08
-5.821225072e-08
1.054502527e-08
-5.937234588e-08
8.726954066e-09
-6.031061536e-08
6.807120479e-09
-6.101501226e-08
4.794894624e-09
-6.147445459e-08
2.701467579e-09
-6.16790592e-08
5.400145985e-10
-6.162039865e-08
-1.674201901e-09
-6.129176758e-08
-3.92377258e-09
-6.068846383e-08
-6.18909442e-09
-5.980809465e-08
-8.448394105e-09
-5.865087697e-08
-1.067789291e-08
-5.72199246e-08
-1.285204408e-08
-5.552151156e-08
-1.494385403e-08
-5.356529907e-08
-1.692528948e-08
-5.136451288e-08
-1.876776812e-08
-4.893605735e-08
-2.044272746e-08
-4.630055325e-08
-2.192226287e-08
-4.348228677e-08
-2.317982212e-08
-4.050905979e-08
-2.41909401e-08
-3.741193373e-08
-2.493399369e-08
-3.422486316e-08
-2.53909544e-08
-3.098421997e-08
-2.554811406e-08
-2.772821356e-08
-2.539675848e-08
-2.449621855e-08
-2.493376454e-08
-2.132802665e-08
-2.416209857e-08
-1.826304504e-08
-2.309119744e-08
-1.533946841e-08
-2.173721898e-08
-1.259345553e-08
-2.012315397e-08
-1.005834429e-08
-1.827879803e-08
-7.763940332e-09
-1.624058725e-08
-5.735914219e-09
-1.405130506e-08
-3.995339885e-09
-1.175967015e-08
-2.558404162e-09
-9.419815101e-09
-1.436311749e-09
-7.090649295e-09
-6.35395731e-10
-4.835059819e-09
-1.574497618e-10
-2.719071691e-09
-8.144285574e-10
-2.464059315e-10
1.676388616e-09
-9.309104492e-10
4.88904865e-09
-2.002354835e-09
7.921191956e-09
-3.413662448e-09
1.074008267e-08
-5.121434244e-09
1.332325707e-08
-7.085688726e-09
1.565595409e-08
-9.269589545e-09
1.772995357e-08
-1.163917402e-08
1.954251713e-08
-1.416309345e-08
2.109532097e-08
-1.681236882e-08
2.239344735e-08
-1.956016153e-08
2.344446339e-08
-2.238155726e-08
2.425759988e-08
-2.525336034e-08
2.484303928e-08
-2.815389667e-08
2.521131758e-08
-3.106282378e-08
2.537284119e-08
-3.396094789e-08
2.533751617e-08
-3.683004838e-08
2.511448511e-08
-3.96527113e-08
2.47119646e-08
-4.241217388e-08
2.41371749e-08
-4.509218284e-08
2.339635266e-08
-4.767686908e-08
2.249483661e-08
-5.015064207e-08
2.143721625e-08
-5.249810669e-08
2.02275333e-08
-5.470400568e-08
1.886952582e-08
-5.675319035e-08
1.736690523e-08
-5.863062202e-08
1.572365658e-08
-6.032140658e-08
1.394435252e-08
-6.181086383e-08
1.203447176e-08
-6.308463309e-08
1.000071267e-08
-6.412881563e-08
7.851292493e-09
-6.493015418e-08
5.596222771e-09
-6.547624833e-08
3.247551445e-09
-6.575580462e-08
8.195607337e-10
-6.575891643e-08
-1.671100083e-09
-6.547735518e-08
-4.205343659e-09
-6.490488186e-08
-6.761577389e-09
-6.403759463e-08
-9.315690796e-09
-6.287427617e-08
-1.184122066e-08
-6.141673345e-08
-1.430959592e-08
-5.967011804e-08
-1.669047837e-08
-5.764321284e-08
-1.895220345e-08
-5.534866954e-08
-2.106232003e-08
-5.280318098e-08
-2.298822447e-08
-5.002757208e-08
-2.469788006e-08
-4.704679415e-08
-2.616060821e-08
-4.388980916e-08
-2.734793311e-08
-4.058935359e-08
-2.823445714e-08
-3.718157549e-08
-2.879874023e-08
-3.370554363e-08
-2.902415352e-08
-3.02026334e-08
-2.889967616e-08
-2.671580099e-08
-2.842060423e-08
-2.328876382e-08
-2.758914286e-08
-1.996511178e-08
-2.641485643e-08
-1.678737976e-08
-2.491495781e-08
-1.379611612e-08
-2.311442429e-08
-1.102898513e-08
-2.104593565e-08
-8.519941853e-09
-1.874963714e-08
-6.298517129e-09
-1.627273641e-08
-4.389246446e-09
-1.366894756e-08
-2.811270359e-09
-1.09977975e-08
-1.578125986e-09
-8.32379778e-09
-6.977479489e-10
-5.715446156e-09
-1.726486796e-10
-3.244178181e-09
-9.870778937e-10
-2.618697903e-10
1.938253221e-09
-9.89018514e-10
5.616184047e-09
-2.126514699e-09
9.05867579e-09
-3.623662017e-09
1.223721809e-08
-5.433678791e-09
1.513326228e-08
-7.513509071e-09
1.773577305e-08
-9.823591122e-09
2.004002447e-08
-1.23276023e-08
2.204651727e-08
-1.499219556e-08
2.375990326e-08
-1.778673639e-08
2.518797725e-08
-2.068304445e-08
2.634076054e-08
-2.36551421e-08
2.722968663e-08
-2.667901026e-08
2.786689653e-08
-2.973235206e-08
2.82646485e-08
-3.279436453e-08
2.843484279e-08
-3.584551892e-08
2.83886597e-08
-3.886735086e-08
2.813630621e-08
-4.184226198e-08
2.768686493e-08
-4.475333511e-08
2.704823728e-08
-4.758416529e-08
2.622717215e-08
-5.031870951e-08
2.52293702e-08
-5.294115779e-08
2.405965398e-08
-5.543582864e-08
2.272219368e-08
-5.778709168e-08
2.122077847e-08
-5.997932038e-08
1.955912364e-08
-6.199687769e-08
1.774120369e-08
-6.382413696e-08
1.57716017e-08
-6.544554085e-08
1.365586567e-08
-6.684569984e-08
1.140086178e-08
-6.800953214e-08
9.015115037e-09
-6.892244571e-08
6.509126699e-09
-6.957056232e-08
3.89565855e-09
-6.99409837e-08
1.189972737e-09
-7.002209592e-08
-1.5899971e-09
-6.980388708e-08
-4.423561557e-09
-6.927829286e-08
-7.287180494e-09
-6.843958888e-08
-1.015440348e-08
-6.728479116e-08
-1.29960269e-08
-6.581405637e-08
-1.578033905e-08
-6.403106864e-08
-1.847347427e-08
-6.194339697e-08
-2.103988311e-08
-5.956280536e-08
-2.344291946e-08
-5.690549651e-08
-2.564554097e-08
-5.399226977e-08
-2.761111431e-08
-5.084857401e-08
-2.930431132e-08
-4.750443844e-08
-3.069207587e-08
-4.399426697e-08
-3.174463567e-08
-4.03564865e-08
-3.243652762e-08
-3.66330453e-08
-3.274760148e-08
-3.286876462e-08
-3.266396344e-08
-2.911055442e-08
-3.217882087e-08
-2.540651235e-08
-3.129319119e-08
-2.180493288e-08
-3.001644199e-08
-1.835326058e-08
-2.836663604e-08
-1.509702702e-08
-2.637066368e-08
-1.207881403e-08
-2.406415441e-08
-9.337287101e-09
-2.149116985e-08
-6.906340375e-09
-1.870368895e-08
-4.814389616e-09
-1.576090388e-08
-3.083842013e-09
-1.272835054e-08
-1.730762269e-09
-9.676884755e-09
-7.64737259e-10
-6.681474741e-09
-1.889377698e-10
-3.819981633e-09
-1.176017774e-09
-2.769064977e-10
2.215151804e-09
-1.045545979e-09
6.384813368e-09
-2.247377046e-09
1.026049581e-08
-3.8282405e-09
1.381807052e-08
-5.738118591e-09
1.704312953e-08
-7.931007383e-09
1.992865121e-08
-1.036472434e-08
2.247373096e-08
-1.300067144e-08
2.468245402e-08
-1.580357222e-08
2.656279377e-08
-1.874119514e-08
2.812558995e-08
-2.178407154e-08
2.938362676e-08
-2.490521328e-08
3.035081822e-08
-2.807983384e-08
3.104150695e-08
-3.128507506e-08
3.14698796e-08
-3.449974169e-08
3.164949933e-08
-3.770404527e-08
3.159295322e-08
-4.087935932e-08
3.131161025e-08
-4.400798768e-08
3.081548332e-08
-4.707294827e-08
3.011318795e-08
-5.005777458e-08
2.921198861e-08
-5.29463375e-08
2.811792333e-08
-5.572269009e-08
2.683599686e-08
-5.837093827e-08
2.537043223e-08
-6.087514026e-08
2.372497091e-08
-6.321923775e-08
2.190321168e-08
-6.538702196e-08
1.990897854e-08
-6.736213749e-08
1.774670798e-08
-6.912812697e-08
1.542184601e-08
-7.066851931e-08
1.294124509e-08
-7.196696384e-08
1.031355066e-08
-7.300741227e-08
7.549566335e-09
-7.377434938e-08
4.662586988e-09
-7.425307414e-08
1.668688932e-09
-7.443002942e-08
-1.413050227e-09
-7.429314809e-08
-4.56045112e-09
-7.383223606e-08
-7.748100581e-09
-7.30394108e-08
-1.094723662e-08
-7.190956086e-08
-1.412588453e-08
-7.044081443e-08
-1.7249093e-08
-6.863500247e-08
-2.027929356e-08
-6.649809866e-08
-2.317679407e-08
-6.404061553e-08
-2.590040957e-08
-6.127793453e-08
-2.840822878e-08
-5.823054658e-08
-3.065850891e-08
-5.492417958e-08
-3.26106848e-08
-5.138979082e-08
-3.422647096e-08
-4.766340538e-08
-3.547102729e-08
-4.378578625e-08
-3.631415276e-08
-3.980192882e-08
-3.673146478e-08
-3.576038e-08
-3.670551796e-08
-3.171239201e-08
-3.622681438e-08
-2.771093032e-08
-3.529465824e-08
-2.380956503e-08
-3.391781246e-08
-2.006128387e-08
-3.211492223e-08
-1.651727166e-08
-2.991468082e-08
-1.322570544e-08
-2.735572549e-08
-1.023061573e-08
-2.448626441e-08
-7.570861416e-09
-2.136344813e-08
-5.279259832e-09
-1.805251045e-08
-3.381902763e-09
-1.462571222e-08
-1.897677096e-09
-1.116111271e-08
-8.380061793e-10
-7.741152449e-09
-2.067646955e-10
-4.451228968e-09
-1.382782684e-09
-2.915778873e-10
2.506725505e-09
-1.100718762e-09
7.193942398e-09
-2.365385828e-09
1.152515206e-08
-4.028087084e-09
1.548076139e-08
-6.035691168e-09
1.905072351e-08
-8.339356684e-09
2.223230683e-08
-1.089437625e-08
2.502874079e-08
-1.365995847e-08
2.744802663e-08
-1.65989681e-08
2.950179387e-08
-1.967763957e-08
3.120425198e-08
-2.286527507e-08
3.257125287e-08
-2.613393512e-08
3.361946891e-08
-2.945812767e-08
3.436569019e-08
-3.281450018e-08
3.482624283e-08
-3.618153812e-08
3.501652803e-08
-3.95392728e-08
3.495067871e-08
-4.28690011e-08
3.46413294e-08
-4.615301941e-08
3.409949254e-08
-4.937437432e-08
3.333453383e-08
-5.251663236e-08
3.235423768e-08
-5.556367136e-08
3.116495343e-08
-5.849949609e-08
2.977181277e-08
-6.1308081e-08
2.81790084e-08
-6.3973243e-08
2.639012427e-08
-6.647854755e-08
2.440850769e-08
-6.880725129e-08
2.223767385e-08
-7.094228495e-08
1.988173329e-08
-7.286627985e-08
1.734583267e-08
-7.456164189e-08
1.463659901e-08
-7.601067628e-08
1.176257705e-08
-7.7195766e-08
8.734648158e-09
-7.809960614e-08
5.566419358e-09
-7.870549753e-08
2.274572692e-09
-7.899770122e-08
-1.120854048e-09
-7.896181628e-08
-4.596343409e-09
-7.858520367e-08
-8.12472036e-09
-7.78574683e-08
-1.167497898e-08
-7.677098381e-08
-1.521237581e-08
-7.532143717e-08
-1.869864625e-08
-7.350837801e-08
-2.209235915e-08
-7.13357531e-08
-2.534942523e-08
-6.8812403e-08
-2.842376574e-08
-6.595249495e-08
-3.126814274e-08
-6.277586397e-08
-3.383514561e-08
-5.930823365e-08
-3.607832068e-08
-5.558128868e-08
-3.795342133e-08
-5.163257422e-08
-3.941974698e-08
-4.750520233e-08
-4.044152973e-08
-4.324735264e-08
-4.098931937e-08
-3.891156416e-08
-4.104131118e-08
-3.455382559e-08
-4.058455751e-08
-3.023248394e-08
-3.961600427e-08
-2.600700272e-08
-3.81432979e-08
-2.193661233e-08
-3.618531669e-08
-1.807890417e-08
-3.377239294e-08
-1.448842562e-08
-3.094620795e-08
-1.121533509e-08
-2.775935885e-08
-8.304173406e-09
-2.427461376e-08
-5.79280009e-09
-2.056388746e-08
-3.711531614e-09
-1.670698432e-08
-2.082504751e-09
-1.279014523e-08
-9.192678932e-10
-8.904391005e-09
-2.265875724e-10
-5.143911546e-09
-1.609372002e-09
-3.059394031e-10
2.812657737e-09
-1.154717309e-09
8.042711856e-09
-2.480902485e-09
1.285132785e-08
-4.223769591e-09
1.722361907e-08
-6.327174437e-09
2.115411909e-08
-8.739532251e-09
2.464465556e-08
-1.141369589e-08
2.770289549e-08
-1.430675659e-08
3.034107853e-08
-1.737978894e-08
3.257481752e-08
-2.059755721e-08
3.442201161e-08
-2.392819642e-08
3.590188352e-08
-2.734287869e-08
3.703414268e-08
-3.081547272e-08
3.783827577e-08
-3.432220286e-08
3.833296458e-08
-3.78413127e-08
3.853562953e-08
-4.135273712e-08
3.846209484e-08
-4.483778618e-08
3.812637024e-08
-4.827884387e-08
3.754054206e-08
-5.165908418e-08
3.671476604e-08
-5.49622072e-08
3.565735269e-08
-5.817219781e-08
3.43749361e-08
-6.127310942e-08
3.287271653e-08
-6.424887581e-08
3.115476703e-08
-6.708315397e-08
2.922439477e-08
-6.975920146e-08
2.70845476e-08
-7.225979183e-08
2.473825675e-08
-7.456717236e-08
2.218910646e-08
-7.666306825e-08
1.944172131e-08
-7.852873797e-08
1.65022616e-08
-8.014508416e-08
1.337891621e-08
-8.149282439e-08
1.008238148e-08
-8.255272535e-08
6.626313539e-09
-8.330590457e-08
3.027745221e-09
-8.373420582e-08
-6.925593399e-10
-8.382061601e-08
-4.5099396e-09
-8.354973249e-08
-8.39561009e-09
-8.290827929e-08
-1.23164382e-08
-8.188570496e-08
-1.623495599e-08
-8.047481023e-08
-2.010954664e-08
-7.867239272e-08
-2.389478213e-08
-7.647988814e-08
-2.75419351e-08
-7.39039825e-08
-3.09996765e-08
-7.095716559e-08
-3.421496458e-08
-6.765819296e-08
-3.7134123e-08
-6.403242158e-08
-3.970409664e-08
-6.011198477e-08
-4.187386256e-08
-5.593577392e-08
-4.359596207e-08
-5.154920003e-08
-4.482810768e-08
-4.700371563e-08
-4.553480766e-08
-4.235608824e-08
-4.56889423e-08
-3.766742944e-08
-4.527321984e-08
-3.300199803e-08
-4.428143904e-08
-2.842581037e-08
-4.271948875e-08
-2.400510538e-08
-4.060602472e-08
-1.980472317e-08
-3.79727781e-08
-1.588646444e-08
-3.486446958e-08
-1.230750104e-08
-3.133832513e-08
-9.118905634e-09
-2.746321205e-08
-6.364359903e-09
-2.331843623e-08
-4.079085968e-09
-1.899226097e-08
-2.289028167e-09
-1.458020332e-08
-1.010307188e-09
-1.018311701e-08
-2.488873101e-10
-5.905335685e-09
-1.85825905e-09
-3.200257572e-10
3.132680353e-09
-1.207681765e-09
8.930357678e-09
-2.594210484e-09
1.423784747e-08
-4.415736633e-09
1.904513653e-08
-6.613184347e-09
2.335155837e-08
-9.132303142e-09
2.716376611e-08
-1.192357856e-08
3.049416283e-08
-1.494205181e-08
3.335954382e-08
-1.814707076e-08
3.577982862e-08
-2.150199099e-08
3.777692409e-08
-2.497384222e-08
3.937372708e-08
-2.853297247e-08
4.059326533e-08
-3.215267982e-08
4.145797558e-08
-3.580883986e-08
4.198911716e-08
-3.947953515e-08
4.220631743e-08
-4.314469179e-08
4.212724416e-08
-4.678572727e-08
4.176739847e-08
-5.038521312e-08
4.114002073e-08
-5.392655522e-08
4.025610106e-08
-5.739369471e-08
3.912448517e-08
-6.077083177e-08
3.775206624e-08
-6.404217524e-08
3.614405317e-08
-6.71917207e-08
3.430430576e-08
-7.02030603e-08
3.223572773e-08
-7.305922779e-08
2.994070857e-08
-7.574258296e-08
2.74216055e-08
-7.823473992e-08
2.468125711e-08
-8.051654444e-08
2.172351963e-08
-8.256810581e-08
1.855381688e-08
-8.436888893e-08
1.517969337e-08
-8.589787252e-08
1.161135922e-08
-8.713377837e-08
7.862213643e-09
-8.805537562e-08
3.949336869e-09
-8.864186719e-08
-1.060732654e-10
-8.887335819e-08
-4.278453949e-09
-8.873136825e-08
-8.537605205e-09
-8.81993649e-08
-1.284844656e-08
-8.726344514e-08
-1.717088057e-08
-8.591305126e-08
-2.145994515e-08
-8.414171856e-08
-2.566611929e-08
-8.194783475e-08
-2.973582318e-08
-7.933538306e-08
-3.361213226e-08
-7.631463537e-08
-3.723571616e-08
-7.290275719e-08
-4.05460049e-08
-6.912428323e-08
-4.348257414e-08
-6.501142099e-08
-4.598672817e-08
-6.060414126e-08
-4.800324499e-08
-5.595001941e-08
-4.948223254e-08
-5.11037992e-08
-5.038103071e-08
-4.612666271e-08
-5.066608143e-08
-4.10852052e-08
-5.031467982e-08
-3.605013025e-08
-4.931651627e-08
-3.109469978e-08
-4.767492134e-08
-2.629299075e-08
-4.540773573e-08
-2.171802631e-08
-4.254774443e-08
-1.743986042e-08
-3.914263729e-08
-1.352370059e-08
-3.52544868e-08
-1.002815163e-08
-3.095876288e-08
-7.003654334e-09
-2.634293515e-08
-4.491176662e-09
-2.150474025e-08
-2.521195201e-09
-1.655018863e-08
-1.112979251e-09
-1.159133262e-08
-2.741570483e-10
-6.744158273e-09
-2.132417413e-09
-3.338687972e-10
3.466542844e-09
-1.259714193e-09
9.856196474e-09
-2.705521037e-09
1.568364675e-08
-4.60432517e-09
2.094393305e-08
-6.894182485e-09
2.564140819e-08
-9.518237994e-09
2.978781429e-08
-1.242466848e-08
3.340058613e-08
-1.556652149e-08
3.650138979e-08
-1.890147367e-08
3.911477387e-08
-2.239152821e-08
4.12669718e-08
-2.600266843e-08
4.298486057e-08
-2.970448145e-08
4.429507171e-08
-3.346976367e-08
4.522325125e-08
-3.727411764e-08
4.579346466e-08
-4.109554799e-08
4.602774138e-08
-4.491406271e-08
4.594575256e-08
-4.871128469e-08
4.556461422e-08
-5.247007767e-08
4.489880759e-08
-5.617418984e-08
4.396020718e-08
-5.980791792e-08
4.27582073e-08
-6.335579458e-08
4.129993706e-08
-6.680230166e-08
3.959055451e-08
-7.01316121e-08
3.763361057e-08
-7.332736381e-08
3.543147391e-08
-7.637246912e-08
3.298580846e-08
-7.924896437e-08
3.029809545e-08
-8.19379046e-08
2.737019214e-08
-8.441930914e-08
2.42049191e-08
-8.667216484e-08
2.080666761e-08
-8.867449372e-08
1.71820174e-08
-9.04034926e-08
1.334035338e-08
-9.183575159e-08
9.294468049e-09
-9.294755578e-08
5.06113656e-09
-9.371527711e-08
6.616436805e-10
-9.411589162e-08
-3.877843679e-09
-9.412752561e-08
-8.525975288e-09
-9.373002046e-08
-1.324595561e-08
-9.290569041e-08
-1.799521434e-08
-9.164012854e-08
-2.272551055e-08
-8.992306379e-08
-2.738318739e-08
-8.774924912e-08
-3.190964103e-08
-8.511935038e-08
-3.624203399e-08
-8.204079869e-08
-4.031427066e-08
-7.852856254e-08
-4.405824367e-08
-7.460579123e-08
-4.740534789e-08
-7.030427791e-08
-5.028824375e-08
-6.566469101e-08
-5.264283397e-08
-6.073652649e-08
-5.441039895e-08
-5.557774155e-08
-5.553981736e-08
-5.025404329e-08
-5.598978121e-08
-4.483782274e-08
-5.573090171e-08
-3.940674523e-08
-5.474759495e-08
-3.404203071e-08
-5.303963685e-08
-2.882648057e-08
-5.062328674e-08
-2.384232785e-08
-4.753189793e-08
-1.916900395e-08
-4.381596192e-08
-1.4880924e-08
-3.954256746e-08
-1.104539315e-08
-3.479429444e-08
-7.720727233e-09
-2.966760196e-08
-4.95466133e-09
-2.427080677e-08
-2.783095332e-09
-1.872175279e-08
-1.229214154e-09
-1.314521683e-08
-3.029161197e-10
-7.670458766e-09
-2.435332765e-09
-3.474825168e-10
3.814023314e-09
-1.31088639e-09
1.081959201e-08
-2.814984359e-09
1.718773751e-08
-4.7897752e-09
2.291871708e-08
-7.170493287e-09
2.802211971e-08
-9.897723671e-09
3.251503828e-08
-1.291737757e-08
3.642023379e-08
-1.61805522e-08
3.976455832e-08
-1.964329794e-08
4.257751363e-08
-2.326631399e-08
4.488998198e-08
-2.70145906e-08
4.673313142e-08
-3.085701367e-08
4.813748913e-08
-3.476594503e-08
4.913217706e-08
-3.87167894e-08
4.974430358e-08
-4.268755729e-08
4.999850393e-08
-4.665843101e-08
4.991662103e-08
-5.061133968e-08
4.951751775e-08
-5.452954791e-08
4.881701078e-08
-5.839726179e-08
4.782791613e-08
-6.219925522e-08
4.65601959e-08
-6.592051936e-08
4.502119648e-08
-6.954593779e-08
4.321596833e-08
-7.305999014e-08
4.114765843e-08
-7.644648749e-08
3.881796689e-08
-7.968834327e-08
3.622765999e-08
-8.27673844e-08
3.337713246e-08
-8.566420818e-08
3.026701191e-08
-8.835809147e-08
2.689879851e-08
-9.08269597e-08
2.327553207e-08
-9.304742393e-08
1.940247799e-08
-9.499489513e-08
1.528782106e-08
-9.664378433e-08
1.094335384e-08
-9.796779609e-08
6.385145053e-09
-9.894032884e-08
1.63417327e-09
-9.95350133e-08
-3.283162271e-09
-9.972628033e-08
-8.334711152e-09
-9.948999646e-08
-1.348224221e-08
-9.880427014e-08
-1.868094321e-08
-9.765034736e-08
-2.387943571e-08
-9.601358241e-08
-2.901995453e-08
-9.388446335e-08
-3.40387621e-08
-9.125966037e-08
-3.886683879e-08
-8.814305669e-08
-4.343087599e-08
-8.454671305e-08
-4.765458878e-08
-8.049170965e-08
-5.146035257e-08
-7.60088041e-08
-5.47711504e-08
-7.113884196e-08
-5.751279701e-08
-6.593285904e-08
-5.96163826e-08
-6.045182183e-08
-6.102085511e-08
-5.47659662e-08
-6.167563719e-08
-4.895371317e-08
-6.154315491e-08
-4.3100165e-08
-6.060114311e-08
-3.729521235e-08
-5.884458935e-08
-3.163131198e-08
-5.628718681e-08
-2.620102212e-08
-5.296218741e-08
-2.109440423e-08
-4.892257937e-08
-1.639641473e-08
-4.424055654e-08
-1.218441331e-08
-3.900629548e-08
-8.525905926e-09
-3.332610871e-08
-5.476619805e-09
-2.73200923e-08
-3.078979286e-09
-2.111939513e-08
-1.361017299e-09
-1.486317629e-08
-3.356993289e-10
-8.695775094e-09
-2.771032908e-09
-3.608823602e-10
4.174900358e-09
-1.361244554e-09
1.181994957e-08
-2.922701445e-09
1.874918881e-08
-4.972248457e-09
2.496825843e-08
-7.442328946e-09
3.049219465e-08
-1.027099509e-08
3.534369903e-08
-1.340191893e-08
3.955115238e-08
-1.67842754e-08
4.314690968e-08
-2.037252069e-08
4.616575394e-08
-2.412608786e-08
4.864354431e-08
-2.800901937e-08
5.06160582e-08
-3.198955368e-08
5.211801883e-08
-3.603968108e-08
5.318229997e-08
-4.013468134e-08
5.383929946e-08
-4.425265362e-08
5.411647195e-08
-4.837404721e-08
5.403801048e-08
-5.248119977e-08
5.362466628e-08
-5.655788823e-08
5.289369534e-08
-6.058889654e-08
5.185892066e-08
-6.45596034e-08
5.053089911e-08
-6.845559271e-08
4.891718227e-08
-7.226228933e-08
4.702266156e-08
-7.596462278e-08
4.484998861e-08
-7.954672205e-08
4.240006302e-08
-8.29916454e-08
3.967258033e-08
-8.62811499e-08
3.666663408e-08
-8.939550671e-08
3.338136598e-08
-9.231336917e-08
2.981665834e-08
-9.501170211e-08
2.597386252e-08
-9.746578204e-08
2.185655555e-08
-9.964927868e-08
1.747131546e-08
-1.015344289e-07
1.282850199e-08
-1.030923138e-07
7.94302792e-09
-1.042932558e-07
2.835113359e-09
-1.051073645e-07
-2.469055337e-09
-1.055051296e-07
-7.936947643e-09
-1.05458129e-07
-1.352924434e-08
-1.049398639e-07
-1.919920958e-08
-1.039267428e-07
-2.489255794e-08
-1.023991663e-07
-3.054753204e-08
-1.00342695e-07
-3.609523414e-08
-9.774926879e-08
-4.146026561e-08
-9.461843374e-08
-4.656171146e-08
-9.095852443e-08
-5.131449833e-08
-8.67877371e-08
-5.563113996e-08
-8.2135022e-08
-5.942386537e-08
-7.704071794e-08
-6.260710076e-08
-7.155685222e-08
-6.510024782e-08
-6.574703503e-08
-6.683067161e-08
-5.968589091e-08
-6.773678043e-08
-5.345799035e-08
-6.777105443e-08
-4.715627253e-08
-6.69028597e-08
-4.087998383e-08
-6.512087667e-08
-3.473219243e-08
-6.243497672e-08
-2.881697554e-08
-5.887740273e-08
-2.323640596e-08
-5.450314735e-08
-1.808748643e-08
-4.938947443e-08
-1.345918886e-08
-4.363459141e-08
-9.429748808e-09
-3.735554732e-08
-6.06434173e-09
-3.068549774e-08
-3.413233293e-09
-2.377049949e-08
-1.510473853e-09
-1.676593652e-08
-3.730716171e-10
-9.833177776e-09
-3.144103228e-09
-3.740700818e-10
4.548969519e-09
-1.410819718e-09
1.285669287e-08
-3.028741372e-09
2.036710529e-08
-5.151853821e-09
2.709136609e-08
-7.709822975e-09
3.305015924e-08
-1.063817642e-08
3.827204808e-08
-1.387835446e-08
4.27913262e-08
-1.73776203e-08
4.664617143e-08
-2.108885249e-08
4.987698219e-08
-2.497024285e-08
5.252493086e-08
-2.898492072e-08
5.463073241e-08
-3.310052268e-08
5.623361726e-08
-3.728872444e-08
5.737049833e-08
-4.152474925e-08
5.8075321e-08
-4.578686488e-08
5.837858445e-08
-5.005587885e-08
5.830702146e-08
-5.43146395e-08
5.788342407e-08
-5.854754879e-08
5.712660191e-08
-6.274009136e-08
5.605146065e-08
-6.687838306e-08
5.466918837e-08
-7.094874182e-08
5.298753873e-08
-7.493728309e-08
5.101120068e-08
-7.882954252e-08
4.874224605e-08
-8.261012876e-08
4.61806474e-08
-8.626241011e-08
4.332485997e-08
-8.976823994e-08
4.017246234e-08
-9.310772698e-08
3.672085158e-08
-9.625905808e-08
3.296798815e-08
-9.919838269e-08
2.891318598e-08
-1.018997697e-07
2.455794151e-08
-1.043352486e-07
1.990679355e-08
-1.06474949e-07
1.496820156e-08
-1.082873493e-07
9.755427652e-09
-1.097396554e-07
4.287418979e-09
-1.107983392e-07
-1.41037196e-09
-1.114297673e-07
-7.30551992e-09
-1.116009738e-07
-1.335803801e-08
-1.112804937e-07
-1.951968963e-08
-1.104394345e-07
-2.573361693e-08
-1.090526725e-07
-3.193429367e-08
-1.071001634e-07
-3.804774271e-08
-1.045683386e-07
-4.399208978e-08
-1.014515434e-07
-4.967850574e-08
-9.775346133e-08
-5.501257937e-08
-9.348845158e-08
-5.989614848e-08
-8.868271906e-08
-6.422959649e-08
-8.337522401e-08
-6.791459422e-08
-7.761823651e-08
-7.085723355e-08
-7.147744402e-08
-7.297146214e-08
-6.503153206e-08
-7.418269025e-08
-5.837118009e-08
-7.443140408e-08
-5.159744594e-08
-7.367659136e-08
-4.481955175e-08
-7.189876825e-08
-3.81521294e-08
-6.910239634e-08
-3.17120297e-08
-6.531749962e-08
-2.561484111e-08
-6.06003331e-08
-1.997129558e-08
-5.503301713e-08
-1.488375566e-08
-4.872212851e-08
-1.044297351e-08
-4.179632643e-08
-6.725288964e-09
-3.440317935e-08
-3.790394699e-09
-2.670539334e-08
-1.679748341e-09
-1.887657806e-08
-4.156170193e-10
-1.109730529e-08
-3.559720494e-09
-3.870543257e-10
4.936019622e-09
-1.459635275e-09
1.392927124e-08
-3.133159391e-09
2.20406259e-08
-5.328676912e-09
2.928688003e-08
-7.973071382e-09
3.569455023e-08
-1.099933299e-08
4.129830636e-08
-1.434665648e-08
4.61386465e-08
-1.796038357e-08
5.02598955e-08
-2.179181369e-08
5.370840943e-08
-2.57979067e-08
5.653102115e-08
-2.994090069e-08
5.877372382e-08
-3.41878655e-08
6.048057965e-08
-3.851021098e-08
6.169284152e-08
-4.288316605e-08
6.244827395e-08
-4.728524243e-08
6.278065886e-08
-5.169769385e-08
6.271947107e-08
-5.610397959e-08
6.228970816e-08
-6.048923887e-08
6.15118597e-08
-6.483978086e-08
6.04020013e-08
-6.914259386e-08
5.89720002e-08
-7.338487627e-08
5.722982014e-08
-7.755359155e-08
5.517991511e-08
-8.163504931e-08
5.282370312e-08
-8.561451533e-08
5.01601129e-08
-8.947585391e-08
4.718619818e-08
-9.320120728e-08
4.389781552e-08
-9.677071836e-08
4.029036261e-08
-1.001623045e-07
3.635957443e-08
-1.033514926e-07
3.210237426e-08
-1.06311326e-07
2.751777528e-08
-1.090123584e-07
2.26078265e-08
-1.114227485e-07
1.737859234e-08
-1.135084712e-07
1.184115123e-08
-1.152336592e-07
6.012607849e-09
-1.165611076e-07
-8.292257714e-11
-1.174529576e-07
-6.413668783e-09
-1.178715237e-07
-1.293947061e-08
-1.177800788e-07
-1.961113312e-08
-1.171440189e-07
-2.636967525e-08
-1.159321594e-07
-3.314615146e-08
-1.141181816e-07
-3.986171861e-08
-1.116822073e-07
-4.642806201e-08
-1.086124586e-07
-5.274825227e-08
-1.049069435e-07
-5.871809203e-08
-1.005750921e-07
-6.422799733e-08
-9.563924814e-08
-6.916543772e-08
-9.013591099e-08
-7.341792845e-08
-8.411661119e-08
-7.687653026e-08
-7.764830311e-08
-7.943976694e-08
-7.081316766e-08
-8.101782224e-08
-6.370773886e-08
-8.153682926e-08
-5.64413027e-08
-8.094302375e-08
-4.9133563e-08
-7.920650405e-08
-4.191162376e-08
-7.632433158e-08
-3.490639694e-08
-7.232272237e-08
-2.824860064e-08
-6.725812532e-08
-2.206455814e-08
-6.121705552e-08
-1.647203656e-08
-5.431464596e-08
-1.157636708e-08
-4.669199199e-08
-7.467064453e-09
-3.851247792e-08
-4.215117936e-09
-2.995733343e-08
-1.871086693e-09
-2.122060764e-08
-4.639534211e-10
-1.25044368e-08
-4.023672071e-09
-3.998359599e-10
5.335855796e-09
-1.507720582e-09
1.503715166e-08
-3.236021042e-09
2.376892332e-08
-5.50281695e-09
3.155367328e-08
-8.232183018e-09
3.842391385e-08
-1.135453504e-08
4.44206561e-08
-1.480678361e-08
4.959089297e-08
-1.85323161e-08
5.398542602e-08
-2.248083027e-08
5.765692181e-08
-2.660804532e-08
6.065823457e-08
-3.08753147e-08
6.304099174e-08
-3.524916428e-08
6.485442792e-08
-3.970077673e-08
6.614445285e-08
-4.42054409e-08
6.695293716e-08
-4.874198137e-08
6.731719854e-08
-5.329218114e-08
6.726967023e-08
-5.784020707e-08
6.683773365e-08
-6.237204538e-08
6.604369776e-08
-6.687495264e-08
6.490490849e-08
-7.133692559e-08
6.343397327e-08
-7.574619257e-08
6.163908741e-08
-8.009072813e-08
5.952445116e-08
-8.435779298e-08
5.709076864e-08
-8.853350117e-08
5.433582194e-08
-9.260241788e-08
5.125511591e-08
-9.654719194e-08
4.784259078e-08
-1.003482293e-07
4.409140139e-08
-1.039834155e-07
3.999476213e-08
-1.074278964e-07
3.554685689e-08
-1.10653931e-07
3.074381179e-08
-1.136308295e-07
2.558472693e-08
-1.163249934e-07
2.007275849e-08
-1.187000777e-07
1.421623781e-08
-1.207172834e-07
8.029815963e-09
-1.223358137e-07
1.535610235e-09
-1.235135974e-07
-5.235882385e-09
-1.242081041e-07
-1.22449612e-08
-1.243771496e-07
-1.94420847e-08
-1.239800951e-07
-2.676672672e-08
-1.229792245e-07
-3.414701893e-08
-1.213413144e-07
-4.149962541e-08
-1.190393809e-07
-4.872999201e-08
-1.160545638e-07
-5.573306577e-08
-1.123780895e-07
-6.239456249e-08
-1.080132338e-07
-6.859284907e-08
-1.029771811e-07
-7.42014863e-08
-9.730265916e-08
-7.90924461e-08
-9.103921095e-08
-8.3139974e-08
-8.425395872e-08
-8.622501453e-08
-7.703171944e-08
-8.824005672e-08
-6.947434999e-08
-8.909419375e-08
-6.169923629e-08
-8.871813236e-08
-5.38368929e-08
-8.706884223e-08
-4.602770631e-08
-8.413351289e-08
-3.841792936e-08
-7.993249398e-08
-3.115510936e-08
-7.452093995e-08
-2.438319658e-08
-6.798896293e-08
-1.823762411e-08
-6.046021308e-08
-1.284066449e-08
-5.208894602e-08
-8.297348192e-09
-4.305578881e-08
-4.692178862e-09
-3.356249993e-08
-2.086812626e-09
-2.382596669e-08
-5.187211095e-10
-1.407252224e-08
-4.542392792e-09
-4.124298018e-10
5.748282554e-09
-1.555122128e-09
1.61798435e-08
-3.337427778e-09
2.555122761e-08
-5.67442869e-09
3.389067275e-08
-8.487338477e-09
4.12368223e-08
-1.170393291e-08
4.763724934e-08
-1.525877139e-08
5.314573041e-08
-1.909322704e-08
5.781988081e-08
-2.315534964e-08
6.17190437e-08
-2.739958826e-08
6.490247268e-08
-3.178640118e-08
6.742780431e-08
-3.628177879e-08
6.934980537e-08
-4.085670383e-08
7.071937791e-08
-4.548656977e-08
7.158280332e-08
-5.015057533e-08
7.198120451e-08
-5.483110939e-08
7.195020491e-08
-5.951313762e-08
7.151976269e-08
-6.418359874e-08
7.07141599e-08
-6.883081642e-08
6.95521274e-08
-7.344393026e-08
6.804708855e-08
-7.801234821e-08
6.6207507e-08
-8.252522203e-08
6.403732683e-08
-8.697094693e-08
6.153649559e-08
-9.133668707e-08
5.870156436e-08
-9.560792946e-08
5.552636076e-08
-9.976806987e-08
5.200273386e-08
-1.037980367e-07
4.812137108e-08
-1.076759601e-07
4.387268861e-08
-1.113768968e-07
3.924779678e-08
-1.148726226e-07
3.423954096e-08
-1.181315085e-07
2.884361638e-08
-1.211184979e-07
2.305975159e-08
-1.237952045e-07
1.689294832e-08
-1.261201487e-07
1.035476424e-08
-1.280491687e-07
3.464634266e-09
-1.295361054e-07
-3.748941475e-09
-1.305335618e-07
-1.124750048e-08
-1.309938331e-07
-1.898180903e-08
-1.308700393e-07
-2.689051591e-08
-1.301175624e-07
-3.489949118e-08
-1.286957192e-07
-4.292146378e-08
-1.26569665e-07
-5.085604121e-08
-1.237124955e-07
-5.859023016e-08
-1.201074934e-07
-6.599955936e-08
-1.157504402e-07
-7.294989687e-08
-1.10651885e-07
-7.930003591e-08
-1.048392344e-07
-8.490509097e-08
-9.835850318e-08
-8.962069937e-08
-9.127554928e-08
-9.33079624e-08
-8.367661305e-08
-9.583898677e-08
-7.566799387e-08
-9.71028066e-08
-6.737473337e-08
-9.701138642e-08
-5.893823112e-08
-9.550533794e-08
-5.051279759e-08
-9.255893981e-08
-4.226124148e-08
-8.818404344e-08
-3.434968671e-08
-8.243248806e-08
-2.694190347e-08
-7.539673948e-08
-2.019350525e-08
-6.720860459e-08
-1.424639526e-08
-5.803604949e-08
-9.223831498e-09
-4.807834601e-08
-5.226425037e-09
-3.75598976e-08
-2.329324195e-09
-2.672306321e-08
-5.805967422e-10
-1.582124555e-08
-5.122987135e-09
-4.248511181e-10
6.173134996e-09
-1.601921123e-09
1.73569115e-08
-3.43754936e-09
2.738685499e-08
-5.843772701e-09
3.62968956e-08
-8.738859408e-09
4.413190872e-08
-1.204784541e-08
5.094623521e-08
-1.570283813e-08
5.680072318e-08
-1.964310576e-08
6.176014866e-08
-2.381497635e-08
6.589091469e-08
-2.817157641e-08
6.925907332e-08
-3.267243926e-08
7.192866795e-08
-3.728301286e-08
7.396037996e-08
-4.197409454e-08
7.541046078e-08
-4.672121683e-08
7.632992701e-08
-5.150400509e-08
7.676399439e-08
-5.63055232e-08
7.675172487e-08
-6.111162018e-08
7.632586175e-08
-6.591028683e-08
7.551282884e-08
-7.069102849e-08
7.43328716e-08
-7.54442579e-08
7.280032071e-08
-8.01607099e-08
7.0923962e-08
-8.483087925e-08
6.870749941e-08
-8.944448198e-08
6.615010178e-08
-9.398994114e-08
6.324702721e-08
-9.845389873e-08
5.999032227e-08
-1.028207567e-07
5.636959599e-08
-1.070722521e-07
5.237287081e-08
-1.11187073e-07
4.798751407e-08
-1.151405257e-07
4.320125423e-08
-1.189042646e-07
3.800328484e-08
-1.224461012e-07
3.238545808e-08
-1.257299096e-07
2.634356536e-08
-1.287156517e-07
1.987869585e-08
-1.313595417e-07
1.299865988e-08
-1.336143847e-07
5.719483034e-09
-1.354301755e-07
-1.933144842e-09
-1.367548348e-07
-9.922835307e-09
-1.375352223e-07
-1.820141543e-08
-1.377181545e-07
-2.670757764e-08
-1.372518765e-07
-3.53657629e-08
-1.360878079e-07
-4.408552598e-08
-1.341825737e-07
-5.276126888e-08
-1.315003046e-07
-6.12724926e-08
-1.280151612e-07
-6.948469599e-08
-1.237140069e-07
-7.725104431e-08
-1.1859912e-07
-8.441491577e-08
-1.12690799e-07
-9.081340485e-08
-1.060296786e-07
-9.628181245e-08
-9.867854787e-08
-1.006590856e-07
-9.072344411e-08
-1.037940829e-07
-8.227380207e-08
-1.055524409e-07
-7.346146883e-08
-1.058237119e-07
-6.443845387e-08
-1.04528345e-07
-5.537337425e-08
-1.016240115e-07
-4.644666805e-08
-9.711074169e-08
-3.784477496e-08
-9.103437318e-08
-2.975360533e-08
-8.348790115e-08
-2.235171768e-08
-7.461048425e-08
-1.580368226e-08
-6.458407673e-08
-1.025410821e-08
-5.362791209e-08
-5.822758453e-09
-4.199124194e-08
-2.601083121e-09
-2.994472895e-08
-6.502809898e-10
-1.777203926e-08
-5.773267042e-09
-4.371383944e-10
6.610271575e-09
-1.648249383e-09
1.856802405e-08
-3.536658841e-09
2.927526522e-08
-6.011272123e-09
3.87715096e-08
-8.987287979e-09
4.710792537e-08
-1.238686119e-08
5.434580937e-08
-1.613950692e-08
6.055337002e-08
-2.018226187e-08
6.580290491e-08
-2.445962802e-08
7.016828234e-08
-2.892333128e-08
7.372277828e-08
-3.353192975e-08
7.653726831e-08
-3.825030552e-08
7.867875786e-08
-4.3049072e-08
8.02092296e-08
-4.790392462e-08
8.118478221e-08
-5.279495891e-08
8.165503151e-08
-5.770597486e-08
8.166274389e-08
-6.2623782e-08
8.12436722e-08
-6.753751554e-08
8.042656596e-08
-7.243797032e-08
7.92333302e-08
-7.731695623e-08
7.767931072e-08
-8.216667706e-08
7.577368718e-08
-8.697913282e-08
7.351995978e-08
-9.174554564e-08
7.091651947e-08
-9.645580889e-08
6.795729559e-08
-1.010979603e-07
6.46324791e-08
-1.056576812e-07
6.092932246e-08
-1.10117825e-07
5.683302049e-08
-1.144579826e-07
5.23276778e-08
-1.186540919e-07
4.739736984e-08
-1.226781041e-07
4.202730363e-08
-1.264977223e-07
3.620508298e-08
-1.300762296e-07
2.992207958e-08
-1.333724313e-07
2.317490467e-08
-1.36340734e-07
1.596696998e-08
-1.389313837e-07
8.310140099e-09
-1.410909394e-07
2.264184116e-10
-1.42763002e-07
-8.250765154e-09
-1.438892583e-07
-1.707515146e-08
-1.444103387e-07
-2.618648946e-08
-1.442672989e-07
-3.550879483e-08
-1.434033907e-07
-4.494942618e-08
-1.417661788e-07
-5.439847264e-08
-1.393100046e-07
-6.372865859e-08
-1.359987655e-07
-7.279592682e-08
-1.318089456e-07
-8.144085578e-08
-1.267327929e-07
-8.94910599e-08
-1.207814915e-07
-9.676469766e-08
-1.139881292e-07
-1.030751659e-07
-1.064102192e-07
-1.082369867e-07
-9.813149903e-08
-1.120727941e-07
-8.926272397e-08
-1.144212069e-07
-7.994118985e-08
-1.151452368e-07
-7.032878017e-08
-1.141407455e-07
-6.060843075e-08
-1.113443517e-07
-5.097904076e-08
-1.067401224e-07
-4.164901816e-08
-1.003643865e-07
-3.282881162e-08
-9.230809839e-08
-2.472292307e-08
-8.271636344e-08
-1.752199037e-08
-7.178500028e-08
-1.139555234e-08
-5.9754341e-08
-6.486058864e-09
-4.690072428e-08
-2.904600682e-09
-3.352618001e-08
-7.285101659e-10
-1.994812311e-08
-6.501774261e-09
-4.49341801e-10
7.059615748e-09
-1.694312039e-09
1.981299449e-08
-3.635175384e-09
3.121612987e-08
-6.177579353e-09
4.13139152e-08
-9.233478629e-09
5.016382648e-08
-1.272195511e-08
5.783428785e-08
-1.656974441e-08
6.440116149e-08
-2.071148413e-08
6.9944647e-08
-2.508971134e-08
7.454651211e-08
-2.965464569e-08
7.82877154e-08
-3.436379816e-08
8.124642379e-08
-3.918144516e-08
8.34964081e-08
-4.407800502e-08
8.510579295e-08
-4.902934996e-08
8.613613088e-08
-5.401608093e-08
8.664176649e-08
-5.902278757e-08
8.66694548e-08
-6.403730962e-08
8.62581988e-08
-6.905001153e-08
8.54392727e-08
-7.405307747e-08
8.423640126e-08
-7.903983062e-08
8.266606928e-08
-8.400407798e-08
8.073794023e-08
-8.893948037e-08
7.845536816e-08
-9.383894641e-08
7.581599179e-08
-9.869404923e-08
7.281240497e-08
-1.034944652e-07
6.943290194e-08
-1.082274358e-07
6.566230016e-08
-1.128772544e-07
6.148284645e-08
-1.174247838e-07
5.68752148e-08
-1.218470113e-07
5.181960523e-08
-1.261166527e-07
4.629695316e-08
-1.302018187e-07
4.029025738e-08
-1.340657623e-07
3.378603172e-08
-1.376667289e-07
2.677588006e-08
-1.40957936e-07
1.925818601e-08
-1.438876982e-07
1.123991142e-08
-1.463997597e-07
2.738489177e-09
-1.484339868e-07
-6.216528777e-09
-1.499272784e-07
-1.558185048e-08
-1.508144298e-07
-2.529932864e-08
-1.510294848e-07
-3.52937303e-08
-1.505074785e-07
-4.547142286e-08
-1.491865853e-07
-5.571935614e-08
-1.470106949e-07
-6.590453917e-08
-1.439324059e-07
-7.587420599e-08
-1.399163901e-07
-8.545686163e-08
-1.349430371e-07
-9.446440279e-08
-1.290122305e-07
-1.026954941e-07
-1.221470456e-07
-1.099403406e-07
-1.143970972e-07
-1.159869248e-07
-1.058412107e-07
-1.206286702e-07
-9.658906031e-08
-1.236733468e-07
-8.678142035e-08
-1.249528662e-07
-7.658872469e-08
-1.243334306e-07
-6.620773506e-08
-1.217253308e-07
-5.585627404e-08
-1.170915729e-07
-4.576617713e-08
-1.104544729e-07
-3.617483354e-08
-1.018994314e-07
-2.731588598e-08
-9.15753004e-08
-1.940980806e-08
-7.969106741e-08
-1.265514011e-08
-6.650899843e-08
-7.221130296e-09
-5.233472603e-08
-3.242413917e-09
-3.750488443e-08
-8.160417909e-10
-2.237448446e-08
-7.317814229e-09
-4.615470223e-10
7.521162193e-09
-1.740409648e-09
2.109186063e-08
-3.733711314e-09
3.320943436e-08
-6.343651333e-09
4.3923858e-08
-9.478702357e-09
5.329888037e-08
-1.305462004e-08
6.141020855e-08
-1.699511754e-08
6.834166219e-08
-2.123221846e-08
7.418175131e-08
-2.570631793e-08
7.902061518e-08
-3.036599424e-08
8.294739555e-08
-3.516761767e-08
8.60480513e-08
-4.007480346e-08
8.840359822e-08
-4.50577528e-08
9.008874688e-08
-5.009252051e-08
9.117090346e-08
-5.516024177e-08
9.17094929e-08
-6.024634344e-08
9.175556192e-08
-6.533975892e-08
9.135162003e-08
-7.043215961e-08
9.053167944e-08
-7.551721082e-08
8.932145885e-08
-8.058985607e-08
8.773872122e-08
-8.564563041e-08
8.579372157e-08
-9.068000151e-08
8.348974659e-08
-9.568773628e-08
8.08237342e-08
-1.006622902e-07
7.77869669e-08
-1.055952179e-07
7.436583784e-08
-1.104756028e-07
7.054269366e-08
-1.152895091e-07
6.629676161e-08
-1.200194567e-07
6.160517155e-08
-1.246439269e-07
5.644408492e-08
-1.291369074e-07
5.078994336e-08
-1.334674884e-07
4.462084833e-08
-1.375995274e-07
3.791808085e-08
-1.414914026e-07
3.066776565e-08
-1.450958811e-07
2.286267524e-08
-1.483601259e-07
1.450416697e-08
-1.512258889e-07
5.604263089e-09
-1.536300607e-07
-3.812345928e-09
-1.555053666e-07
-1.370653349e-08
-1.567813697e-07
-2.402331446e-08
-1.573855424e-07
-3.468954641e-08
-1.572449229e-07
-4.561203112e-08
-1.562882269e-07
-5.667604079e-08
-1.54448466e-07
-6.774428862e-08
-1.516660907e-07
-7.86565699e-08
-1.478926393e-07
-8.923030153e-08
-1.43094826e-07
-9.926220448e-08
-1.372589342e-07
-1.085313743e-07
-1.303953053e-07
-1.168039578e-07
-1.225426297e-07
-1.238395886e-07
-1.137716656e-07
-1.293996225e-07
-1.041879502e-07
-1.332570504e-07
-9.393304392e-08
-1.352077606e-07
-8.318388035e-08
-1.350825823e-07
-7.214989188e-08
-1.327593074e-07
-6.106775964e-08
-1.281736934e-07
-5.019387274e-08
-1.21328348e-07
-3.979486153e-08
-1.122984308e-07
-3.01368453e-08
-1.012333047e-07
-2.14742591e-08
-8.835364186e-08
-1.403924429e-08
-7.394400162e-08
-8.032582766e-09
-5.834137418e-08
-3.617053709e-09
-4.19204035e-08
-9.13661618e-10
-2.50778673e-08
-8.23147238e-09
-4.738666789e-10
7.995032191e-09
-1.78696782e-09
2.240496409e-08
-3.833128672e-09
3.525559856e-08
-6.510837257e-09
4.660157024e-08
-9.724766181e-09
5.651281313e-08
-1.33870162e-08
6.507246256e-08
-1.741796921e-08
7.237261938e-08
-2.17467656e-08
7.851055207e-08
-2.631143957e-08
8.358529376e-08
-3.105876236e-08
8.769472318e-08
-3.594384904e-08
9.093314307e-08
-4.092958494e-08
9.338933949e-08
-4.598592403e-08
9.514509163e-08
-5.108910503e-08
9.62740904e-08
-5.622082307e-08
9.68412172e-08
-6.136738695e-08
9.690213238e-08
-6.651888338e-08
9.650312337e-08
-7.166836312e-08
9.568116642e-08
-7.681105734e-08
9.446416064e-08
-8.194362805e-08
9.287129986e-08
-8.706345267e-08
9.091355446e-08
-9.216794028e-08
8.859424281e-08
-9.725387602e-08
8.590967891e-08
-1.023167895e-07
8.284988965e-08
-1.073503432e-07
7.939940123e-08
-1.123457392e-07
7.553809968e-08
-1.172911421e-07
7.124217478e-08
-1.2217112e-07
6.648516012e-08
-1.269661082e-07
6.123908405e-08
-1.316519007e-07
5.547574708e-08
-1.361991815e-07
4.91681406e-08
-1.405731087e-07
4.229201986e-08
-1.447329711e-07
3.482764006e-08
-1.486319405e-07
2.676165683e-08
-1.52216948e-07
1.808918693e-08
-1.554287157e-07
8.816043408e-09
-1.582020816e-07
-1.038967288e-09
-1.604665418e-07
-1.144206051e-08
-1.621472838e-07
-2.234255974e-08
-1.631659307e-07
-3.367088667e-08
-1.634420554e-07
-4.533589348e-08
-1.628951703e-07
-5.7222913e-08
-1.614472958e-07
-6.919215009e-08
-1.590261639e-07
-8.107768876e-08
-1.555690721e-07
-9.26873803e-08
-1.510273573e-07
-1.038039063e-07
-1.453713858e-07
-1.141873327e-07
-1.385958657e-07
-1.235794647e-07
-1.307251795e-07
-1.317102617e-07
-1.21818323e-07
-1.383064659e-07
-1.119729375e-07
-1.431024228e-07
-1.013278571e-07
-1.458528279e-07
-9.006359122e-08
-1.463468351e-07
-7.840024784e-08
-1.444226377e-07
-6.659258458e-08
-1.399813436e-07
-5.492215859e-08
-1.32998761e-07
-4.368689555e-08
-1.235336808e-07
-3.318877179e-08
-1.117314154e-07
-2.372063039e-08
-9.782177001e-08
-1.555336137e-08
-8.211125766e-08
-8.924726251e-09
-6.49699986e-08
-4.031000582e-09
-4.681411501e-08
-1.022165505e-09
-2.808668935e-08
-9.253635302e-09
-4.864655231e-10
8.481498338e-09
-1.834568007e-09
2.375307185e-08
-3.934602695e-09
3.735563797e-08
-6.680978321e-09
4.934795055e-08
-9.974148908e-09
5.980598849e-08
-1.372213965e-08
6.882045823e-08
-1.784161423e-08
7.649209907e-08
-2.225849874e-08
8.29274419e-08
-2.690820186e-08
8.823500243e-08
-3.17354912e-08
9.252201833e-08
-3.669409346e-08
9.58917514e-08
-4.174608598e-08
9.844133837e-08
-4.686114256e-08
1.002601549e-07
-5.201568773e-08
1.014286426e-07
-5.719200463e-08
1.020175414e-07
-6.237733062e-08
1.02087466e-07
-6.756296583e-08
1.016887666e-07
-7.274341085e-08
1.008616198e-07
-7.791554267e-08
9.963630118e-08
-8.307783239e-08
9.803359868e-08
-8.822960386e-08
9.60653354e-08
-9.337032963e-08
9.373497843e-08
-9.849895897e-08
9.103831848e-08
-1.036132722e-07
8.796421346e-08
-1.087092556e-07
8.449539557e-08
-1.137804925e-07
8.060934798e-08
-1.18817568e-07
7.627926193e-08
-1.238074848e-07
7.147508894e-08
-1.287330939e-07
6.616470548e-08
-1.335725423e-07
6.031520824e-08
-1.382987471e-07
5.38943583e-08
-1.428789045e-07
4.687219061e-08
-1.472740531e-07
3.922280213e-08
-1.514387087e-07
3.092632624e-08
-1.553206012e-07
2.19710935e-08
-1.588605303e-07
1.235598673e-08
-1.61992446e-07
2.092962778e-09
-1.646438292e-07
-8.790662882e-09
-1.667365497e-07
-2.024982488e-08
-1.681874271e-07
-3.221999474e-08
-1.689094583e-07
-4.461384783e-08
-1.688135892e-07
-5.731876762e-08
-1.678111287e-07
-7.019459606e-08
-1.658168974e-07
-8.307190553e-08
-1.627531747e-07
-9.575108851e-08
-1.585544613e-07
-1.080026051e-07
-1.531730026e-07
-1.195687769e-07
-1.465849128e-07
-1.3016754e-07
-1.387966134e-07
-1.394985467e-07
-1.298511473e-07
-1.472519175e-07
-1.198337858e-07
-1.531197698e-07
-1.088762241e-07
-1.568103754e-07
-9.715861015e-08
-1.580644347e-07
-8.490869982e-08
-1.566725339e-07
-7.239760716e-08
-1.524924222e-07
-5.993193892e-08
-1.454644151e-07
-4.784253218e-08
-1.356230734e-07
-3.647050788e-08
-1.231034254e-07
-2.615181779e-08
-1.081404459e-07
-1.720180024e-08
-9.106126127e-08
-9.901397579e-09
-7.227038593e-08
-4.486628046e-09
-5.222887175e-08
-1.142359426e-09
-3.143094619e-08
-1.03959908e-08
-4.995562177e-10
8.981058677e-09
-1.883987164e-09
2.513750706e-08
-4.039697795e-09
3.951135379e-08
-6.856524133e-09
5.216478235e-08
-1.023015683e-08
6.317962681e-08
-1.406401253e-08
7.265431971e-08
-1.827055726e-08
8.069864978e-08
-2.277210146e-08
8.742899228e-08
-2.750111483e-08
9.296402223e-08
-3.240013496e-08
9.742104514e-08
-3.742135251e-08
1.009129759e-07
-4.252595561e-08
1.035459488e-07
-4.768330917e-08
1.05417516e-07
-5.287003407e-08
1.066153754e-07
-5.80690391e-08
1.072165547e-07
-6.326854579e-08
1.072869813e-07
-6.846113429e-08
1.068813641e-07
-7.364282872e-08
1.060433236e-07
-7.881223118e-08
1.048057134e-07
-8.396970773e-08
1.031910854e-07
-8.91166241e-08
1.012122624e-07
-9.425462613e-08
9.887299144e-08
-9.938495787e-08
9.61686616e-08
-1.045078095e-07
9.308707683e-08
-1.096216873e-07
8.960928561e-08
-1.147227999e-07
8.571047311e-08
-1.198044536e-07
8.13609286e-08
-1.248564559e-07
7.652710454e-08
-1.298645235e-07
7.117278683e-08
-1.348096984e-07
6.526039716e-08
-1.39667774e-07
5.875244824e-08
-1.444087406e-07
5.161317188e-08
-1.489962607e-07
4.38103372e-08
-1.533871914e-07
3.531727223e-08
-1.57531177e-07
2.61150946e-08
-1.613703322e-07
1.619515767e-08
-1.648390807e-07
5.561727192e-09
-1.678643219e-07
-5.765405727e-09
-1.703659051e-07
-1.774822571e-08
-1.722572168e-07
-3.032866711e-08
-1.734459412e-07
-4.342510747e-08
-1.738355186e-07
-5.692917416e-08
-1.733272858e-07
-7.070281295e-08
-1.718234333e-07
-8.457574203e-08
-1.692309e-07
-9.834360592e-08
-1.654662827e-07
-1.117672065e-07
-1.604617749e-07
-1.245732689e-07
-1.541720357e-07
-1.364572635e-07
-1.465817434e-07
-1.470888233e-07
-1.377134003e-07
-1.561202448e-07
-1.276347536e-07
-1.63198401e-07
-1.164650069e-07
-1.679801065e-07
-1.04378873e-07
-1.701505533e-07
-9.160749939e-08
-1.694438923e-07
-7.84354506e-08
-1.656644558e-07
-6.519326551e-08
-1.587065851e-07
-5.224562462e-08
-1.48570699e-07
-3.997579725e-08
-1.353732374e-07
-2.876768533e-08
-1.193485424e-07
-1.898730045e-08
-1.00841631e-07
-1.09657912e-08
-8.029188201e-08
-4.986132918e-09
-5.820851396e-08
-1.275036503e-09
-3.514202757e-08
-1.167102398e-08
-5.134268307e-10
9.494487246e-09
-1.936241548e-09
2.656032855e-08
-4.15045509e-09
4.172557369e-08
-7.040667093e-09
5.50550007e-08
-1.049710201e-08
6.663606816e-08
-1.441789791e-08
7.657512219e-08
-1.871073456e-08
8.499149318e-08
-2.329382598e-08
9.201209069e-08
-2.809633837e-08
9.776654185e-08
-3.305832588e-08
1.023830402e-07
-3.81302876e-08
1.059849454e-07
-4.327244706e-08
1.086881163e-07
-4.845384613e-08
1.105989235e-07
-5.365133138e-08
1.118128694e-07
-5.884849491e-08
1.124137274e-07
-6.403461616e-08
1.124731121e-07
-6.920363679e-08
1.120503947e-07
-7.435318839e-08
1.111928855e-07
-7.948368266e-08
1.099362184e-07
-8.459746626e-08
1.083048802e-07
-8.969803681e-08
1.063128445e-07
-9.478931283e-08
1.039642795e-07
-9.987494869e-08
1.012543099e-07
-1.049576844e-07
9.816982539e-08
-1.100387204e-07
9.46903349e-08
-1.151171086e-07
9.078887498e-08
-1.201891514e-07
8.643298551e-08
-1.252478035e-07
8.158577119e-08
-1.302820719e-07
7.620707009e-08
-1.352764118e-07
7.025475234e-08
-1.402101203e-07
6.368617231e-08
-1.450567294e-07
5.645979691e-08
-1.497834067e-07
4.853703083e-08
-1.543503744e-07
3.988425646e-08
-1.58710364e-07
3.047510111e-08
-1.628081305e-07
2.029294126e-08
-1.665800545e-07
9.333668576e-09
-1.699540147e-07
-2.391428123e-09
-1.728494695e-07
-1.485275355e-08
-1.751780314e-07
-2.800008778e-08
-1.768436985e-07
-4.175942299e-08
-1.777439075e-07
-5.602894778e-08
-1.77771272e-07
-7.067543111e-08
-1.768161938e-07
-8.55308029e-08
-1.747705264e-07
-1.003892562e-07
-1.715324445e-07
-1.150052712e-07
-1.670126205e-07
-1.290930758e-07
-1.611416986e-07
-1.423281684e-07
-1.538788987e-07
-1.543516063e-07
-1.452213609e-07
-1.647777659e-07
-1.352135768e-07
-1.732061685e-07
-1.239559827e-07
-1.792376842e-07
-1.116115606e-07
-1.824949591e-07
-9.840918097e-08
-1.826462557e-07
-8.464250204e-08
-1.794311186e-07
-7.066356927e-08
-1.726855018e-07
-5.687084798e-08
-1.623634042e-07
-4.369221983e-08
-1.485518493e-07
-3.156435119e-08
-1.314763949e-07
-2.091061341e-08
-1.114953529e-07
-1.212022924e-08
-8.90822493e-08
-5.531451875e-09
-6.4797276e-08
-1.420968766e-09
-3.925249659e-08
-1.309198847e-08
-5.284431899e-10
1.002293518e-08
-1.992642202e-09
2.802453351e-08
-4.269497988e-09
4.400243622e-08
-7.237500912e-09
5.802301061e-08
-1.078050861e-08
7.017908298e-08
-1.479054345e-08
8.05851643e-08
-1.916978176e-08
8.937073896e-08
-2.383177168e-08
9.667408829e-08
-2.870195914e-08
1.026367373e-07
-3.371764005e-08
1.073987293e-07
-3.882746845e-08
1.110947824e-07
-4.399064621e-08
1.138513029e-07
-4.917590633e-08
1.157841928e-07
-5.436038312e-08
1.169973557e-07
-5.952844252e-08
1.175817967e-07
-6.467052593e-08
1.176152058e-07
-6.97820434e-08
1.171619229e-07
-7.48623374e-08
1.162731907e-07
-7.991372651e-08
1.149876191e-07
-8.49406297e-08
1.133317954e-07
-8.994876567e-08
1.113209929e-07
-9.494441779e-08
1.089599445e-07
-9.993375292e-08
1.062436584e-07
-1.049221818e-07
1.03158268e-07
-1.099137482e-07
9.968191556e-08
-1.149105364e-07
9.578567792e-08
-1.199120858e-07
9.143454996e-08
-1.249148039e-07
8.658850483e-08
-1.299113722e-07
8.120365438e-08
-1.348901381e-07
7.523353447e-08
-1.398344896e-07
6.863054052e-08
-1.447222138e-07
6.134753815e-08
-1.495248377e-07
5.333967211e-08
-1.54206959e-07
4.456639555e-08
-1.587255776e-07
3.499373773e-08
-1.630294442e-07
2.459682619e-08
-1.670584422e-07
1.33626851e-08
-1.707431356e-07
1.293283975e-09
-1.740044721e-07
-1.159139835e-08
-1.7675417e-07
-2.525037131e-08
-1.788945125e-07
-3.961906184e-08
-1.803188754e-07
-5.460456619e-08
-1.809129351e-07
-7.008135297e-08
-1.805567684e-07
-8.588695104e-08
-1.791280854e-07
-1.018179208e-07
-1.765068284e-07
-1.1762651e-07
-1.725813445e-07
-1.330185415e-07
-1.672562439e-07
-1.476532511e-07
-1.604618928e-07
-1.611459395e-07
-1.521652502e-07
-1.730743908e-07
-1.42381428e-07
-1.829899732e-07
-1.311849908e-07
-1.904341041e-07
-1.187196522e-07
-1.949602806e-07
-1.052047738e-07
-1.961611172e-07
-9.093703385e-08
-1.936988417e-07
-7.62859052e-08
-1.873366136e-07
-6.168221934e-08
-1.769670732e-07
-4.760006302e-08
-1.626339886e-07
-3.453341295e-08
-1.445430278e-07
-2.297002863e-08
-1.230587204e-07
-1.336593578e-08
-9.868632691e-08
-6.124169208e-09
-7.203902509e-08
-1.580880326e-09
-4.379576886e-08
-1.467286481e-08
-5.450808615e-10
1.056801875e-08
-2.05485973e-09
2.953432031e-08
-4.400157539e-09
4.634774169e-08
-7.452207407e-09
6.107506815e-08
-1.108735223e-08
7.381423555e-08
-1.519045819e-08
8.468827814e-08
-1.965733008e-08
9.383761892e-08
-2.439618259e-08
1.014129491e-07
-2.932827387e-08
1.075688371e-07
-3.438785447e-08
1.124583187e-07
-3.952159626e-08
1.162285333e-07
-4.468765794e-08
1.190173741e-07
-4.985452396e-08
1.209510687e-07
-5.499972879e-08
1.221425708e-07
-6.010855223e-08
1.226906308e-07
-6.517274666e-08
1.226794113e-07
-7.018933584e-08
1.221785235e-07
-7.515950715e-08
1.212433738e-07
-8.008760553e-08
1.199157298e-07
-8.498022767e-08
1.182244303e-07
-8.984540805e-08
1.161861865e-07
-9.469188438e-08
1.138064345e-07
-9.952842781e-08
1.110802159e-07
-1.043632226e-07
1.079930774e-07
-1.092032803e-07
1.045219883e-07
-1.140538743e-07
1.006362874e-07
-1.189179824e-07
9.629867396e-08
-1.237957252e-07
9.146626399e-08
-1.286837916e-07
8.609173767e-08
-1.335748425e-07
8.012460255e-08
-1.384568845e-07
7.351260011e-08
-1.433126102e-07
6.620328183e-08
-1.481186996e-07
5.814577984e-08
-1.528450821e-07
4.929279667e-08
-1.574541623e-07
3.960283699e-08
-1.619000197e-07
2.904270288e-08
-1.661275921e-07
1.759027702e-08
-1.700719143e-07
5.237625947e-09
-1.736574797e-07
-8.005813217e-09
-1.767981438e-07
-2.210968741e-08
-1.793967437e-07
-3.702044222e-08
-1.81344941e-07
-5.265634929e-08
-1.825237852e-07
-6.890248919e-08
-1.828051448e-07
-8.560557201e-08
-1.82054294e-07
-1.025687523e-07
-1.801339796e-07
-1.195468052e-07
-1.769102889e-07
-1.36242213e-07
-1.722605809e-07
-1.523029403e-07
-1.660835959e-07
-1.673229058e-07
-1.583116082e-07
-1.808463601e-07
-1.489241115e-07
-1.923774516e-07
-1.379620628e-07
-2.013961348e-07
-1.255411961e-07
-2.073811294e-07
-1.118624835e-07
-2.098398123e-07
-9.721758906e-08
-2.083437187e-07
-8.198731195e-08
-2.025668733e-07
-6.663164021e-08
-1.923227274e-07
-5.167117102e-08
-1.775944401e-07
-3.766114274e-08
-1.585530384e-07
-2.51608864e-08
-1.355589595e-07
-1.470277199e-08
-1.091444235e-07
-6.765416035e-09
-7.997636368e-08
-1.755432797e-09
-4.880573613e-08
-1.642829313e-08
-5.639379324e-10
1.113196182e-08
-2.125006443e-09
3.10953961e-08
-4.54662612e-09
4.87693693e-08
-7.691280604e-09
6.421973075e-08
-1.142634076e-08
7.754930396e-08
-1.56282286e-08
8.889017436e-08
-2.018533318e-08
9.839473207e-08
-2.499976166e-08
1.062273864e-07
-2.998807103e-08
1.125571555e-07
-3.508118143e-08
1.175514384e-07
-4.022368191e-08
1.213710434e-07
-4.537272467e-08
1.241664268e-07
-5.049667544e-08
1.260750298e-07
-5.55736537e-08
1.272195598e-07
-6.059006263e-08
1.277070508e-07
-6.553917745e-08
1.276285376e-07
-7.041983472e-08
1.270591927e-07
-7.523524429e-08
1.260587958e-07
-7.999193007e-08
1.246724284e-07
-8.469879459e-08
1.229313081e-07
-8.936629544e-08
1.208537011e-07
-9.40057172e-08
1.184458705e-07
-9.862852075e-08
1.157030342e-07
-1.032457515e-07
1.126103233e-07
-1.078674883e-07
1.091437408e-07
-1.125023171e-07
1.052711324e-07
-1.171568129e-07
1.009531864e-07
-1.218350173e-07
9.614448536e-08
-1.26537898e-07
9.079463581e-08
-1.312627797e-07
8.484950217e-08
-1.360027351e-07
7.82525738e-08
-1.407459259e-07
7.094649128e-08
-1.454748858e-07
6.287475871e-08
-1.501657369e-07
5.398366722e-08
-1.547873361e-07
4.422445585e-08
-1.593003496e-07
3.355573642e-08
-1.636562653e-07
2.194621301e-08
-1.677963488e-07
9.377730068e-09
-1.716506896e-07
-4.151451808e-09
-1.751375218e-07
-1.862283459e-08
-1.781626959e-07
-3.399524766e-08
-1.806188262e-07
-5.020019853e-08
-1.823851163e-07
-6.713617869e-08
-1.833279751e-07
-8.466269293e-08
-1.833027499e-07
-1.025939575e-07
-1.821569783e-07
-1.206925569e-07
-1.797356036e-07
-1.386635679e-07
-1.758885842e-07
-1.561499402e-07
-1.704812211e-07
-1.727302495e-07
-1.634072967e-07
-1.879202654e-07
-1.546047133e-07
-2.011800162e-07
-1.440727686e-07
-2.11928061e-07
-1.31889523e-07
-2.195643568e-07
-1.182270404e-07
-2.235022769e-07
-1.033617889e-07
-2.232089523e-07
-8.76774033e-08
-2.182512411e-07
-7.165754327e-08
-2.083425696e-07
-5.586782822e-08
-1.933841371e-07
-4.092768518e-08
-1.734931633e-07
-2.747507751e-08
-1.490115493e-07
-1.612899091e-08
-1.204904934e-07
-7.455773342e-09
-8.864956305e-08
-1.945199875e-09
-5.431629209e-08
-1.83734885e-08
-5.85776099e-10
1.171774141e-08
-2.205737023e-09
3.27153657e-08
-4.714145509e-09
5.127778634e-08
-7.962796809e-09
6.746839062e-08
-1.180824517e-08
8.139476096e-08
-1.611687989e-08
9.319881785e-08
-2.076842604e-08
1.030462872e-07
-2.565799651e-08
1.11116966e-07
-3.069689837e-08
1.175960668e-07
-3.581245996e-08
1.226670097e-07
-4.0947151e-08
1.265057445e-07
-4.605724212e-08
1.292765283e-07
-5.111120898e-08
1.311290074e-07
-5.608804055e-08
1.321964024e-07
-6.097556656e-08
1.325945883e-07
-6.576888037e-08
1.324218634e-07
-7.046890155e-08
1.317592262e-07
-7.508109807e-08
1.306710051e-07
-7.96143703e-08
1.292057139e-07
-8.408008715e-08
1.273970387e-07
-8.84912571e-08
1.252648853e-07
-9.286181331e-08
1.228164414e-07
-9.720599025e-08
1.200472263e-07
-1.015377697e-07
1.169421184e-07
-1.058703751e-07
1.134763622e-07
-1.102157942e-07
1.09616568e-07
-1.145843135e-07
1.053217226e-07
-1.189840464e-07
1.005442357e-07
-1.234204416e-07
9.523104884e-08
-1.27895756e-07
8.932483489e-08
-1.324084797e-07
8.276531628e-08
-1.369526983e-07
7.549072892e-08
-1.415173785e-07
6.743945838e-08
-1.460855654e-07
5.855187398e-08
-1.506334769e-07
4.877238752e-08
-1.551294869e-07
3.805176695e-08
-1.595329937e-07
2.634974062e-08
-1.637931667e-07
1.363792408e-08
-1.678476753e-07
-9.692202572e-11
-1.716214086e-07
-1.484908008e-08
-1.750257958e-07
-3.059083932e-08
-1.779572874e-07
-4.726868594e-08
-1.802963953e-07
-6.479704986e-08
-1.819073819e-07
-8.305168558e-08
-1.826389528e-07
-1.01862366e-07
-1.823264179e-07
-1.210050714e-07
-1.80795878e-07
-1.401940876e-07
-1.778710471e-07
-1.590747512e-07
-1.733832786e-07
-1.772179983e-07
-1.67185183e-07
-1.941183417e-07
-1.591678364e-07
-2.091973436e-07
-1.492809584e-07
-2.218149201e-07
-1.375545964e-07
-2.312907004e-07
-1.241199005e-07
-2.369369545e-07
-1.092257214e-07
-2.381031133e-07
-9.324731519e-08
-2.342296294e-07
-7.668373368e-08
-2.24906133e-07
-6.014173926e-08
-2.099261132e-07
-4.43063045e-08
-1.893285798e-07
-2.990058014e-08
-1.634172559e-07
-1.764099458e-08
-1.327500611e-07
-8.195181871e-09
-9.809535712e-08
-2.150653979e-09
-6.03608028e-08
-2.052413802e-08
-6.115509859e-10
1.232929769e-08
-2.300377716e-09
3.440420061e-08
-4.909242097e-09
5.388665939e-08
-8.276744513e-09
7.083590185e-08
-1.224629245e-08
8.536431781e-08
-1.667228979e-08
9.762482422e-08
-2.14243154e-08
1.07798322e-07
-2.638948696e-08
1.16082147e-07
-3.147329638e-08
1.226798859e-07
-3.659927413e-08
1.277929974e-07
-4.170783614e-08
1.316143167e-07
-4.675462349e-08
1.343233262e-07
-5.170858615e-08
1.36082981e-07
-5.654999952e-08
1.370378271e-07
-6.126854485e-08
1.373131454e-07
-6.586153581e-08
1.370148665e-07
-7.033233537e-08
1.362300384e-07
-7.468897852e-08
1.350276613e-07
-7.894299673e-08
1.334597456e-07
-8.310842774e-08
1.315624836e-07
-8.720098681e-08
1.293574587e-07
-9.123737253e-08
1.26852842e-07
-9.523467976e-08
1.240445489e-07
-9.920989315e-08
1.209173476e-07
-1.031794367e-07
1.17445922e-07
-1.071587571e-07
1.135959052e-07
-1.111619203e-07
1.093249031e-07
-1.152012032e-07
1.045835363e-07
-1.19286663e-07
9.931652665e-08
-1.234256666e-07
9.346385705e-08
-1.276223659e-07
8.696203444e-08
-1.318770987e-07
7.974548103e-08
-1.361857008e-07
7.174808014e-08
-1.405387083e-07
6.290490142e-08
-1.449204317e-07
5.315413132e-08
-1.493078834e-07
4.243923936e-08
-1.536695407e-07
3.071141888e-08
-1.579639407e-07
1.793234533e-08
-1.621381577e-07
4.077316368e-09
-1.661260086e-07
-1.086120771e-08
-1.698469726e-07
-2.686985389e-08
-1.732043122e-07
-4.391132514e-08
-1.760832422e-07
-6.191809868e-08
-1.783496308e-07
-8.078527595e-08
-1.798495135e-07
-1.003624624e-07
-1.80409918e-07
-1.204446464e-07
-1.798416507e-07
-1.407623345e-07
-1.779448244e-07
-1.609715574e-07
-1.745179574e-07
-1.806448455e-07
-1.693713872e-07
-1.992648924e-07
-1.623454166e-07
-2.162232951e-07
-1.533329789e-07
-2.308273391e-07
-1.42305632e-07
-2.423180288e-07
-1.293404461e-07
-2.499021223e-07
-1.146440481e-07
-2.527994933e-07
-9.856912245e-08
-2.503045372e-07
-8.161851221e-08
-2.418567252e-07
-6.44331709e-08
-2.271114364e-07
-4.776272741e-08
-2.059990051e-07
-3.242105215e-08
-1.787589132e-07
-1.923314511e-08
-1.459379508e-07
-8.982879996e-09
-1.083456043e-07
-2.372154385e-09
-6.697151089e-08
-2.289628761e-08
-6.424717938e-10
1.297177351e-08
-2.413090944e-09
3.617482871e-08
-5.140022467e-09
5.661359987e-08
-8.645429704e-09
7.434131809e-08
-1.275663373e-08
8.947553088e-08
-1.731366052e-08
1.021818602e-07
-2.217419679e-08
1.126588676e-07
-2.721625639e-08
1.211242161e-07
-3.233896596e-08
1.278026052e-07
-3.746195313e-08
1.329159947e-07
-4.252379856e-08
1.366761725e-07
-4.747994317e-08
1.392794816e-07
-5.23003569e-08
1.409034058e-07
-5.696719019e-08
1.417046719e-07
-6.147255469e-08
1.418185217e-07
-6.581651904e-08
1.413588431e-07
-7.000536012e-08
1.404188921e-07
-7.405007728e-08
1.390723916e-07
-7.796515625e-08
1.373748381e-07
-8.176755667e-08
1.35364898e-07
-8.547589089e-08
1.330658074e-07
-8.910975976e-08
1.304867258e-07
-9.268921179e-08
1.276240163e-07
-9.623429454e-08
1.244624462e-07
-9.976466986e-08
1.209763137e-07
-1.032992677e-07
1.171305198e-07
-1.068559561e-07
1.128816086e-07
-1.104512059e-07
1.081788038e-07
-1.140997329e-07
1.029650717e-07
-1.178140968e-07
9.717823937e-08
-1.216042397e-07
9.075219611e-08
-1.254769441e-07
8.361820463e-08
-1.294351904e-07
7.570634599e-08
-1.334773902e-07
6.694712115e-08
-1.375964716e-07
5.727323299e-08
-1.41778789e-07
4.662157721e-08
-1.46002831e-07
3.493548175e-08
-1.502377107e-07
2.216724617e-08
-1.544413959e-07
8.281022864e-09
-1.585586883e-07
-6.743893912e-09
-1.625195547e-07
-2.290896612e-08
-1.662369419e-07
-4.019391676e-08
-1.69604217e-07
-5.855080252e-08
-1.724928654e-07
-7.789660662e-08
-1.747507473e-07
-9.810455984e-08
-1.762014007e-07
-1.189939724e-07
-1.766450971e-07
-1.403186179e-07
-1.75862565e-07
-1.617540695e-07
-1.736224688e-07
-1.828849221e-07
-1.69693774e-07
-2.031935679e-07
-1.63863939e-07
-2.220531112e-07
-1.559633041e-07
-2.387279554e-07
-1.458950105e-07
-2.523863042e-07
-1.336682601e-07
-2.621288549e-07
-1.194309197e-07
-2.67036816e-07
-1.034958089e-07
-2.662396303e-07
-8.635414935e-08
-2.589983671e-07
-6.867031083e-08
-2.44795257e-07
-5.125462778e-08
-2.234146703e-07
-3.50155305e-08
-1.949979931e-07
-2.089763994e-08
-1.600558244e-07
-9.817377198e-09
-1.194258481e-07
-2.609951288e-09
-7.417891933e-08
-2.55062347e-08
-6.800629144e-10
1.36518416e-08
-2.5490902e-09
3.804386457e-08
-5.416549987e-09
5.948106857e-08
-9.083977953e-09
7.800875505e-08
-1.33589029e-08
9.375046489e-08
-1.806405256e-08
1.06887019e-07
-2.304318537e-08
1.176380097e-07
-2.816401557e-08
1.262450559e-07
-3.331881998e-08
1.329574194e-07
-3.84233846e-08
1.380205693e-07
-4.341489472e-08
1.41667693e-07
-4.824926198e-08
1.441138595e-07
-5.289825894e-08
1.455524137e-07
-5.734671699e-08
1.461531413e-07
-6.158994684e-08
1.460617633e-07
-6.563146634e-08
1.454003747e-07
-6.948106652e-08
1.442685049e-07
-7.315321079e-08
1.427445489e-07
-7.666574031e-08
1.408873811e-07
-8.003884652e-08
1.387380181e-07
-8.329426771e-08
1.363212429e-07
-8.645466614e-08
1.33647139e-07
-8.954314518e-08
1.307125105e-07
-9.258286979e-08
1.275021864e-07
-9.559675811e-08
1.239902181e-07
-9.860721583e-08
1.20140994e-07
-1.016358887e-07
1.159102983e-07
-1.047034107e-07
1.112463431e-07
-1.078291278e-07
1.060908065e-07
-1.11030777e-07
1.003799067e-07
-1.143241009e-07
9.404553843e-08
-1.177223762e-07
8.701649873e-08
-1.212358347e-07
7.921982369e-08
-1.248709506e-07
7.058225658e-08
-1.286295654e-07
6.103186757e-08
-1.325078175e-07
5.049984944e-08
-1.364948416e-07
3.892252626e-08
-1.405712027e-07
2.624362789e-08
-1.44707018e-07
1.241685907e-08
-1.488597419e-07
-2.591148995e-09
-1.529719598e-07
-1.879672728e-08
-1.569689612e-07
-3.619689455e-08
-1.607555968e-07
-5.476414627e-08
-1.642130306e-07
-7.443915228e-08
-1.671957431e-07
-9.512182699e-08
-1.695292175e-07
-1.166604781e-07
-1.710090134e-07
-1.388388022e-07
-1.714022305e-07
-1.613608329e-07
-1.704526593e-07
-1.83834474e-07
-1.678911417e-07
-2.057550667e-07
-1.634526682e-07
-2.264915662e-07
-1.569013456e-07
-2.452792599e-07
-1.480633713e-07
-2.612242608e-07
-1.368664447e-07
-2.73325764e-07
-1.233817127e-07
-2.805215309e-07
-1.078618199e-07
-2.817595062e-07
-9.076674116e-08
-2.760934287e-07
-7.276887467e-08
-2.627931062e-07
-5.47312876e-08
-2.414522401e-07
-3.765826321e-08
-2.120710005e-07
-2.262449165e-08
-1.75089579e-07
-1.069649389e-08
-1.313538291e-07
-2.864210123e-09
-8.20111866e-08
-2.837044002e-08
-7.262614784e-10
1.437810737e-08
-2.714922112e-09
4.003253393e-08
-5.751327763e-09
6.251748307e-08
-9.61095841e-09
8.186839459e-08
-1.407688098e-08
9.821639641e-08
-1.895097672e-08
1.117611238e-07
-2.406073312e-08
1.227477753e-07
-2.926232521e-08
1.314466573e-07
-3.444083893e-08
1.381359427e-07
-3.950853782e-08
1.430882781e-07
-4.4401964e-08
1.465611293e-07
-4.907849311e-08
1.48790399e-07
-5.351278701e-08
1.499867184e-07
-5.769343357e-08
1.50333799e-07
-6.161993971e-08
1.49988281e-07
-6.530015324e-08
1.490806002e-07
-6.874812722e-08
1.477164912e-07
-7.198240212e-08
1.459788365e-07
-7.502465955e-08
1.439296517e-07
-7.789869194e-08
1.416120641e-07
-8.062963101e-08
1.39052196e-07
-8.324338089e-08
1.362609032e-07
-8.576620709e-08
1.332353516e-07
-8.822443878e-08
1.299604334e-07
-9.064424797e-08
1.264100429e-07
-9.305147451e-08
1.225482366e-07
-9.547147009e-08
1.183303103e-07
-9.792893789e-08
1.137038277e-07
-1.004477464e-07
1.086096322e-07
-1.030506969e-07
1.029828747e-07
-1.057592231e-07
9.675408258e-08
-1.085930028e-07
8.985029655e-08
-1.115694557e-07
8.219629514e-08
-1.147031045e-07
7.371592425e-08
-1.18004765e-07
6.433354715e-08
-1.214805297e-07
5.397563345e-08
-1.251305018e-07
4.257251808e-08
-1.289472335e-07
3.006037939e-08
-1.329138314e-07
1.63834771e-08
-1.370016869e-07
1.496726773e-09
-1.411677139e-07
-1.463068005e-08
-1.453518369e-07
-3.201275155e-08
-1.494734116e-07
-5.064255155e-08
-1.534271565e-07
-7.048538767e-08
-1.570789986e-07
-9.14699653e-08
-1.602621578e-07
-1.134772996e-07
-1.627741095e-07
-1.363268313e-07
-1.643754385e-07
-1.597594851e-07
-1.647920156e-07
-1.834178785e-07
-1.637223569e-07
-2.068247073e-07
-1.608522985e-07
-2.29361607e-07
-1.558790126e-07
-2.502525285e-07
-1.485456087e-07
-2.685576477e-07
-1.386858204e-07
-2.831855358e-07
-1.262754993e-07
-2.929318357e-07
-1.114841453e-07
-2.96550844e-07
-9.471641679e-08
-2.928611409e-07
-7.66319499e-08
-2.808775567e-07
-5.813344237e-08
-2.599507312e-07
-4.031870795e-08
-2.29885719e-07
-2.440164723e-08
-1.910066248e-07
-1.16174822e-08
-1.441379762e-07
-3.135062742e-09
-9.049358937e-08
-3.15054991e-08
-7.835382778e-10
1.516165044e-08
-2.918841585e-09
4.216784567e-08
-6.159922959e-09
6.575857305e-08
-1.024916078e-08
8.595764106e-08
-1.493927899e-08
1.029065233e-07
-2.000702794e-08
1.168288815e-07
-2.526097987e-08
1.280017361e-07
-3.054456694e-08
1.367302535e-07
-3.573560474e-08
1.433269898e-07
-4.074353949e-08
1.480962224e-07
-4.550545403e-08
1.513230537e-07
-4.998160483e-08
1.5326656e-07
-5.415101304e-08
1.541561371e-07
-5.800742628e-08
1.54190223e-07
-6.155581304e-08
1.535366789e-07
-6.480944343e-08
1.523342421e-07
-6.778754182e-08
1.506946014e-07
-7.051345764e-08
1.487047646e-07
-7.301328218e-08
1.464294889e-07
-7.531483405e-08
1.43913629e-07
-7.744693942e-08
1.411843148e-07
-7.943893977e-08
1.382529175e-07
-8.13203697e-08
1.351167957e-07
-8.31207556e-08
1.317608339e-07
-8.486949474e-08
1.28158797e-07
-8.659578098e-08
1.242745382e-07
-8.832854898e-08
1.200630941e-07
-9.009641227e-08
1.154717071e-07
-9.192757398e-08
1.104408104e-07
-9.384968926e-08
1.049050067e-07
-9.588965774e-08
9.87940681e-08
-9.807332476e-08
9.203398091e-08
-1.004250694e-07
8.454805734e-08
-1.029672529e-07
7.625812568e-08
-1.057194966e-07
6.708580901e-08
-1.086977489e-07
5.695390404e-08
-1.119130949e-07
4.578788269e-08
-1.153702572e-07
3.351756051e-08
-1.190657476e-07
2.007898647e-08
-1.229856026e-07
5.416600921e-09
-1.27102356e-07
-1.051390746e-08
-1.31372415e-07
-2.774267356e-08
-1.357321594e-07
-4.628278822e-08
-1.400933137e-07
-6.612421469e-08
-1.443378172e-07
-8.722544328e-08
-1.483124353e-07
-1.095026632e-07
-1.5182363e-07
-1.328156186e-07
-1.546336174e-07
-1.5694948e-07
-1.564590665e-07
-1.81592412e-07
-1.569745244e-07
-2.063092323e-07
-1.558232464e-07
-2.305128683e-07
-1.526384111e-07
-2.534373475e-07
-1.470773246e-07
-2.741187184e-07
-1.388696948e-07
-2.913931501e-07
-1.278780313e-07
-3.039234839e-07
-1.14163777e-07
-3.102650831e-07
-9.80477806e-08
-3.08977122e-07
-8.014999849e-08
-2.987753235e-07
-6.139328022e-08
-2.787074343e-07
-4.296170303e-08
-2.483172813e-07
-2.621526765e-08
-2.077530447e-07
-1.25772693e-08
-1.577759601e-07
-3.422707889e-09
-9.964813647e-08
-3.492820251e-08
-8.55074176e-10
1.601672887e-08
-3.17131585e-09
4.448409534e-08
-6.661778186e-09
6.924904359e-08
-1.102656024e-08
9.032243137e-08
-1.598064296e-08
1.078606143e-07
-2.127051832e-08
1.221187652e-07
-2.668294238e-08
1.334141687e-07
-3.204757354e-08
1.420948933e-07
-3.723531487e-08
1.485147401e-07
-4.2154063e-08
1.530149796e-07
-4.674321224e-08
1.559122123e-07
-5.096786439e-08
1.574912218e-07
-5.481334463e-08
1.580016273e-07
-5.828035354e-08
1.576572422e-07
-6.13808927e-08
1.566372287e-07
-6.413497815e-08
1.550883385e-07
-6.656808279e-08
1.531277174e-07
-6.870921359e-08
1.508459071e-07
-7.058951692e-08
1.483098042e-07
-7.224130787e-08
1.455654324e-07
-7.369742887e-08
1.426404486e-07
-7.49908566e-08
1.395463583e-07
-7.615448907e-08
1.362804417e-07
-7.722105787e-08
1.328274165e-07
-7.822312074e-08
1.291608741e-07
-7.919309886e-08
1.252445309e-07
-8.016332923e-08
1.210333393e-07
-8.116610775e-08
1.164745007e-07
-8.223370211e-08
1.115084202e-07
-8.339831445e-08
1.060696348e-07
-8.469197112e-08
1.000877408e-07
-8.614631912e-08
9.348834514e-08
-8.779231062e-08
8.619406532e-08
-8.965975159e-08
7.812558334e-08
-9.177668326e-08
6.920275759e-08
-9.41685568e-08
5.934579468e-08
-9.685715306e-08
4.847649622e-08
-9.985919417e-08
3.651961904e-08
-1.031845916e-07
2.340440147e-08
-1.068342294e-07
9.066256524e-09
-1.107970226e-07
-6.55109642e-09
-1.150471421e-07
-2.349253646e-08
-1.195398815e-07
-4.179003127e-08
-1.242068077e-07
-6.145727117e-08
-1.289499018e-07
-8.248233198e-08
-1.33634941e-07
-1.048176071e-07
-1.380844582e-07
-1.283660847e-07
-1.420710242e-07
-1.529628976e-07
-1.453121865e-07
-1.783512336e-07
-1.474692098e-07
-2.041521933e-07
-1.481526903e-07
-2.298293723e-07
-1.469389214e-07
-2.546511014e-07
-1.434011316e-07
-2.776564936e-07
-1.371587432e-07
-2.976355242e-07
-1.279448925e-07
-3.131373205e-07
-1.156872602e-07
-3.225227016e-07
-1.0059036e-07
-3.240740083e-07
-8.320084735e-08
-3.161648223e-07
-6.443449346e-08
-2.974737742e-07
-4.554778673e-08
-2.672039747e-07
-2.805021543e-08
-2.25250604e-07
-1.357284938e-08
-1.722533105e-07
-3.727563379e-09
-1.094934077e-07
-3.865576305e-08
-9.450009911e-10
1.696173401e-08
-3.485707889e-09
4.702480997e-08
-7.281269709e-09
7.304461318e-08
-1.197750685e-08
9.501867628e-08
-1.724236449e-08
1.131254798e-07
-2.278602019e-08
1.276624288e-07
-2.837037299e-08
1.389985295e-07
-3.381067418e-08
1.475352026e-07
-3.897196658e-08
1.536760408e-07
-4.376266804e-08
1.578056896e-07
-4.812704083e-08
1.602765939e-07
-5.203769305e-08
1.61401883e-07
-5.548877537e-08
1.614527189e-07
-5.849018641e-08
1.606586629e-07
-6.106287042e-08
1.592099226e-07
-6.323515394e-08
1.572606323e-07
-6.503999859e-08
1.549325726e-07
-6.651301988e-08
1.523189393e-07
-6.769112173e-08
1.494879173e-07
-6.86116093e-08
1.464859315e-07
-6.931166228e-08
1.433405135e-07
-6.982807142e-08
1.400627797e-07
-7.019716036e-08
1.366495432e-07
-7.045483127e-08
1.330851003e-07
-7.063668637e-08
1.293427424e-07
-7.077818801e-08
1.25386046e-07
-7.091482774e-08
1.211699928e-07
-7.108227934e-08
1.166419664e-07
-7.131651844e-08
1.117426736e-07
-7.165389002e-08
1.064070209e-07
-7.213109802e-08
1.005649635e-07
-7.278509875e-08
9.414236083e-08
-7.365288583e-08
8.706186755e-08
-7.477114618e-08
7.924385901e-08
-7.617575801e-08
7.060738489e-08
-7.790108995e-08
6.107114225e-08
-7.997905391e-08
5.055447594e-08
-8.243786181e-08
3.897844283e-08
-8.530042241e-08
2.626697809e-08
-8.858229706e-08
1.234814727e-08
-9.228897879e-08
-2.84439852e-09
-9.641295302e-08
-1.936854616e-08
-1.009296369e-07
-3.727333148e-08
-1.057925298e-07
-5.659436252e-08
-1.109269179e-07
-7.734792836e-08
-1.162223712e-07
-9.952213837e-08
-1.215241363e-07
-1.230643044e-07
-1.266238923e-07
-1.478631267e-07
-1.312509354e-07
-1.737241759e-07
-1.350657838e-07
-2.003373307e-07
-1.376594306e-07
-2.272357117e-07
-1.385628094e-07
-2.53747709e-07
-1.372720951e-07
-2.789471949e-07
-1.332954202e-07
-3.016121863e-07
-1.262243389e-07
-3.202083894e-07
-1.158279257e-07
-3.329191024e-07
-1.021586939e-07
-3.377432278e-07
-8.5649367e-08
-3.326741368e-07
-6.717219072e-08
-3.159509384e-07
-4.803359279e-08
-2.863425606e-07
-2.989073511e-08
-2.433934487e-07
-1.460188036e-08
-1.87542154e-07
-4.050517039e-09
-1.2004476e-07
-4.270627627e-08
-1.058748969e-09
1.802048687e-08
-3.879213867e-09
4.984528166e-08
-8.049090279e-09
7.721449665e-08
-1.314416963e-08
1.001137627e-07
-1.877373694e-08
1.187550542e-07
-2.460464624e-08
1.334933453e-07
-3.037099791e-08
1.447648885e-07
-3.587375814e-08
1.530379703e-07
-4.097422693e-08
1.587765172e-07
-4.558453993e-08
1.624160105e-07
-4.965741847e-08
1.643494805e-07
-5.317650784e-08
1.649209807e-07
-5.614798922e-08
1.644242089e-07
-5.859371188e-08
1.631043944e-07
-6.054582798e-08
1.611620478e-07
-6.204277311e-08
1.587575868e-07
-6.312637812e-08
1.560161874e-07
-6.383988953e-08
1.530324607e-07
-6.422669347e-08
1.498747316e-07
-6.432956699e-08
1.465888157e-07
-6.419031302e-08
1.432012705e-07
-6.384966509e-08
1.39722143e-07
-6.334737408e-08
1.361472637e-07
-6.272241076e-08
1.324601488e-07
-6.201323298e-08
1.286335767e-07
-6.125808118e-08
1.246309065e-07
-6.049527228e-08
1.204071965e-07
-5.976346655e-08
1.159101735e-07
-5.910189703e-08
1.110811171e-07
-5.855054708e-08
1.058556842e-07
-5.815024093e-08
1.001646707e-07
-5.794263218e-08
9.393476558e-08
-5.797009014e-08
8.708933916e-08
-5.827546729e-08
7.954924992e-08
-5.890172243e-08
7.123365391e-08
-5.989135576e-08
6.206078954e-08
-6.128560864e-08
5.194874286e-08
-6.312339117e-08
4.081623946e-08
-6.543987523e-08
2.858347629e-08
-6.826469315e-08
1.517297946e-08
-7.161958078e-08
5.105033914e-10
-7.551524572e-08
-1.547286705e-08
-7.994774275e-08
-3.284082043e-08
-8.489375673e-08
-5.164833468e-08
-9.030420082e-08
-7.193747059e-08
-9.609624552e-08
-9.373008017e-08
-1.021436195e-07
-1.170169172e-07
-1.082653137e-07
-1.417414194e-07
-1.142133364e-07
-1.677761404e-07
-1.196611321e-07
-1.948895226e-07
-1.241957357e-07
-2.22701096e-07
-1.273185415e-07
-2.506248915e-07
-1.284615513e-07
-2.778041735e-07
-1.270272392e-07
-3.030464873e-07
-1.224592437e-07
-3.247763741e-07
-1.143462581e-07
-3.410320774e-07
-1.025515378e-07
-3.495379375e-07
-8.734637361e-08
-3.478792904e-07
-6.951232639e-08
-3.33784975e-07
-5.037215189e-08
-3.054827252e-07
-3.172135532e-08
-2.62044237e-07
-1.566353228e-08
-2.035999647e-07
-4.393286183e-09
-1.313149943e-07
-4.709956066e-08
-1.20354958e-09
1.922403975e-08
-4.374159812e-09
5.301589842e-08
-9.004052268e-09
8.184439554e-08
-1.457824065e-08
1.056879575e-07
-2.063291256e-08
1.248097325e-07
-2.678374569e-08
1.396441849e-07
-3.273464227e-08
1.507157916e-07
-3.827371656e-08
1.585770513e-07
-4.326223378e-08
1.637650413e-07
-4.762079374e-08
1.667745775e-07
-5.13155058e-08
1.680441998e-07
-5.434564467e-08
1.679511271e-07
-5.673341279e-08
1.668119847e-07
-5.851590659e-08
1.648868962e-07
-5.973910016e-08
1.623852497e-07
-6.045353644e-08
1.594720316e-07
-6.071138783e-08
1.562740475e-07
-6.056457097e-08
1.528856529e-07
-6.006364548e-08
1.493738155e-07
-5.925727709e-08
1.457824569e-07
-5.819209398e-08
1.421360972e-07
-5.691280667e-08
1.384428659e-07
-5.546249558e-08
1.34696963e-07
-5.388299689e-08
1.308806608e-07
-5.221533393e-08
1.269659246e-07
-5.050016138e-08
1.229157451e-07
-4.877819319e-08
1.186852396e-07
-4.709058352e-08
1.142225752e-07
-4.547926709e-08
1.094698122e-07
-4.398725435e-08
1.043636832e-07
-4.265882297e-08
9.883625121e-08
-4.153959611e-08
9.281555069e-08
-4.067652998e-08
8.622628507e-08
-4.011779275e-08
7.899052479e-08
-3.991251827e-08
7.102839159e-08
-4.011038291e-08
6.225866637e-08
-4.076095908e-08
5.259933123e-08
-4.191283365e-08
4.196812624e-08
-4.361243527e-08
3.028309015e-08
-4.590250257e-08
1.746305899e-08
-4.882009389e-08
3.428106951e-09
-5.239354989e-08
-1.189939889e-08
-5.663945634e-08
-2.859490197e-08
-6.155806694e-08
-4.672971223e-08
-6.712720758e-08
-6.636831827e-08
-7.329428252e-08
-8.756299371e-08
-7.996604428e-08
-1.103451441e-07
-8.69959022e-08
-1.347115504e-07
-9.416888561e-08
-1.606031461e-07
-1.011852852e-07
-1.878731124e-07
-1.076455456e-07
-2.162408253e-07
-1.1304108e-07
-2.452293472e-07
-1.167585774e-07
-2.740866666e-07
-1.181082395e-07
-3.016968159e-07
-1.163875028e-07
-3.264971017e-07
-1.109887407e-07
-3.464308306e-07
-1.015494885e-07
-3.58977181e-07
-8.812606868e-08
-3.613027015e-07
-7.13501061e-08
-3.505609292e-07
-5.251280934e-08
-3.243200137e-07
-3.352791135e-08
-2.810291254e-07
-1.675966673e-08
-2.203682021e-07
-4.758974949e-09
-1.433156791e-07
-5.185853273e-08
-1.389179076e-09
2.061322208e-08
-4.999815393e-09
5.662653995e-08
-1.01954243e-08
8.704000995e-08
-1.634284232e-08
1.118353811e-07
-2.28874529e-08
1.313543487e-07
-2.938543613e-08
1.461421738e-07
-3.550941219e-08
1.568397734e-07
-4.103823223e-08
1.641058772e-07
-4.58391549e-08
1.6856597e-07
-4.984808274e-08
1.707835115e-07
-5.305113297e-08
1.712472564e-07
-5.546905811e-08
1.703690588e-07
-5.71449357e-08
1.684878691e-07
-5.813494836e-08
1.658769158e-07
-5.850180505e-08
1.627521136e-07
-5.831027859e-08
1.592805126e-07
-5.762436052e-08
1.555881372e-07
-5.650560548e-08
1.517669058e-07
-5.501232077e-08
1.47880539e-07
-5.31993357e-08
1.439694803e-07
-5.111815326e-08
1.400549235e-07
-4.881734097e-08
1.361420625e-07
-4.634305999e-08
1.322226912e-07
-4.373966434e-08
1.282772745e-07
-4.105031399e-08
1.242765838e-07
-3.83175828e-08
1.201830236e-07
-3.558403168e-08
1.159516983e-07
-3.289269898e-08
1.115312525e-07
-3.028754495e-08
1.068646683e-07
-2.781387615e-08
1.018900245e-07
-2.551863904e-08
9.654102438e-08
-2.34505813e-08
9.074750326e-08
-2.166034508e-08
8.443605922e-08
-2.020045013e-08
7.753064021e-08
-1.912517044e-08
6.995312228e-08
-1.849025184e-08
6.162375813e-08
-1.835242854e-08
5.246151827e-08
-1.876875232e-08
4.238446029e-08
-1.979567398e-08
3.131002202e-08
-2.148779425e-08
1.915518945e-08
-2.389618847e-08
5.836511341e-09
-2.706584373e-08
-8.729733615e-09
-3.103311607e-08
-2.462761976e-08
-3.582141178e-08
-4.194140684e-08
-4.143572019e-08
-6.075400036e-08
-4.785505403e-08
-8.114365056e-08
-5.502227476e-08
-1.031779143e-07
-6.283077657e-08
-1.269030397e-07
-7.110755281e-08
-1.523263612e-07
-7.959293025e-08
-1.793877266e-07
-8.791872596e-08
-2.079150214e-07
-9.558866086e-08
-2.375594043e-07
-1.019685139e-07
-2.677068059e-07
-1.062980143e-07
-2.973673081e-07
-1.077402418e-07
-3.250548671e-07
-1.054844291e-07
-3.486866362e-07
-9.89101393e-08
-3.65551464e-07
-8.780104988e-08
-3.724117841e-07
-7.256650565e-08
-3.657954666e-07
-5.440021382e-08
-3.424862994e-07
-3.529859613e-08
-3.001307388e-07
-1.789642798e-08
-2.377703621e-07
-5.152879827e-09
-1.560592192e-07
-5.701141192e-08
-1.62908555e-09
2.224230994e-08
-5.794949756e-09
6.079240908e-08
-1.168591076e-08
9.293097571e-08
-1.851443556e-08
1.186639106e-07
-2.561385597e-08
1.384537738e-07
-3.247293591e-08
1.530012585e-07
-3.873454311e-08
1.631013854e-07
-4.417526413e-08
1.695466032e-07
-4.867768653e-08
1.730683974e-07
-5.220261311e-08
1.743084433e-07
-5.476486179e-08
1.738095105e-07
-5.641393316e-08
1.720181358e-07
-5.721951587e-08
1.692934576e-07
-5.726118945e-08
1.659185954e-07
-5.662149089e-08
1.621124212e-07
-5.538153092e-08
1.580405591e-07
-5.361846181e-08
1.538250747e-07
-5.140423869e-08
1.495526896e-07
-4.880525172e-08
1.452815591e-07
-4.588251917e-08
1.41046755e-07
-4.269222286e-08
1.368646347e-07
-3.928643364e-08
1.32736281e-07
-3.571392668e-08
1.286501921e-07
-3.202102723e-08
1.24584383e-07
-2.825241834e-08
1.20507983e-07
-2.445192504e-08
1.163825386e-07
-2.066325466e-08
1.121630363e-07
-1.693059115e-08
1.077985975e-07
-1.329911195e-08
1.032331976e-07
-9.815544386e-09
9.840646554e-08
-6.528574568e-09
9.325406314e-08
-3.489097116e-09
8.77080344e-08
-7.504438221e-10
8.169741449e-08
1.631533089e-09
7.514867183e-08
3.598564818e-09
6.7986099e-08
5.090139428e-09
6.013219191e-08
6.043709336e-09
5.150795664e-08
6.395120638e-09
4.203305716e-08
6.07931063e-09
3.162584009e-08
5.031266834e-09
2.020324119e-08
3.187326748e-09
7.680459237e-09
4.871357103e-10
-6.02953485e-09
-3.124081829e-09
-2.101639471e-08
-7.691702204e-09
-3.737377914e-08
-1.324716191e-08
-5.519853355e-08
-1.980123107e-08
-7.458957448e-08
-2.733442334e-08
-9.564471525e-08
-3.578387465e-08
-1.184535818e-07
-4.502553066e-08
-1.430846988e-07
-5.485124032e-08
-1.695620107e-07
-6.49414649e-08
-1.978247908e-07
-7.483584918e-08
-2.276650142e-07
-8.390814543e-08
-2.586345039e-07
-9.135779557e-08
-2.899176525e-07
-9.623722605e-08
-3.201754313e-07
-9.753846604e-08
-3.473853911e-07
-9.435968375e-08
-3.687302414e-07
-8.615355196e-08
-3.806179111e-07
-7.302159019e-08
-3.78927424e-07
-5.597147736e-08
-3.59536408e-07
-3.702466187e-08
-3.190775485e-07
-1.90863492e-08
-2.557086717e-07
-5.583726607e-09
-1.695618393e-07
-6.259513679e-08
-1.942126347e-09
2.41844387e-08
-6.811457805e-09
6.566174396e-08
-1.355532952e-08
9.967485112e-08
-2.118421452e-08
1.262927994e-07
-2.88948631e-08
1.461644262e-07
-3.610286626e-08
1.602092655e-07
-4.24275908e-08
1.694261139e-07
-4.765558077e-08
1.747745972e-07
-5.169868299e-08
1.771115038e-07
-5.455572613e-08
1.771654908e-07
-5.628135334e-08
1.755351421e-07
-5.696258171e-08
1.726993687e-07
-5.67022319e-08
1.690331126e-07
-5.560787345e-08
1.648242419e-07
-5.378491704e-08
1.6028947e-07
-5.133267172e-08
1.55588319e-07
-4.834243586e-08
1.508348444e-07
-4.489692388e-08
1.461071833e-07
-4.107053176e-08
1.414551728e-07
-3.693009418e-08
1.369063235e-07
-3.253590567e-08
1.324704524e-07
-2.794285011e-08
1.281432317e-07
-2.320154383e-08
1.239088923e-07
-1.835947188e-08
1.197423176e-07
-1.346199007e-08
1.156105079e-07
-8.553272677e-09
1.114738279e-07
-3.677263497e-09
1.072870339e-07
1.121564707e-09
1.029997761e-07
5.797640464e-09
9.855712872e-08
1.030388642e-08
9.390022639e-08
1.459112212e-08
8.896683421e-08
1.860749213e-08
8.369167108e-08
2.229821111e-08
7.800670213e-08
2.560539552e-08
7.184149393e-08
2.846798463e-08
6.512351629e-08
3.082177046e-08
5.777841233e-08
3.259954876e-08
4.973018446e-08
3.373139278e-08
4.090121909e-08
3.4145093e-08
3.121214562e-08
3.376682442e-08
2.058151535e-08
3.252209397e-08
8.925195134e-09
3.033716596e-08
-3.844601616e-09
2.714085397e-08
-1.782007768e-08
2.286741865e-08
-3.310033898e-08
1.74602878e-08
-4.979139803e-08
1.087779707e-08
-6.800707925e-08
3.101597004e-09
-8.786851082e-08
-5.850901172e-09
-1.095010794e-07
-1.590897784e-08
-1.330266181e-07
-2.692495835e-08
-1.585460262e-07
-3.86433509e-08
-1.861063944e-07
-5.066303773e-08
-2.156453237e-07
-6.239740196e-08
-2.469001361e-07
-7.30432691e-08
-2.792717819e-07
-8.157898262e-08
-3.116397145e-07
-8.682175695e-08
-3.421426136e-07
-8.757969184e-08
-3.679723035e-07
-8.292110072e-08
-3.852764994e-07
-7.254260504e-08
-3.893059169e-07
-5.714990711e-08
-3.749291037e-07
-3.870016203e-08
-3.375272934e-07
-2.035105541e-08
-2.740577747e-07
-6.065520626e-09
-1.838473702e-07
-6.866065795e-08
-2.355317793e-09
2.653975776e-08
-8.119502049e-09
7.142593133e-08
-1.5904839e-08
1.07460191e-07
-2.44578103e-08
1.348457735e-07
-3.2812256e-08
1.545188748e-07
-4.031029569e-08
1.67707308e-07
-4.656208946e-08
1.756779106e-07
-5.138411917e-08
1.795966299e-07
-5.473760459e-08
1.804649924e-07
-5.667684276e-08
1.791047322e-07
-5.731008329e-08
1.761683861e-07
-5.677200303e-08
1.721612921e-07
-5.52055525e-08
1.674666658e-07
-5.275078161e-08
1.623694749e-07
-4.953857645e-08
1.570772688e-07
-4.568768451e-08
1.517374313e-07
-4.130384749e-08
1.464510117e-07
-3.648020748e-08
1.412835478e-07
-3.129843599e-08
1.36273406e-07
-2.583021186e-08
1.314381042e-07
-2.013884005e-08
1.267790855e-07
-1.428085904e-08
1.222852557e-07
-8.307524835e-09
1.179355631e-07
-2.26630454e-09
1.137011025e-07
3.797821227e-09
1.095463873e-07
9.841451985e-09
1.054302023e-07
1.582182918e-08
1.013066619e-07
2.169576724e-08
9.712584321e-08
2.741878345e-08
9.28341176e-08
3.29444615e-08
8.837455338e-08
3.82239286e-08
8.368737206e-08
4.320537484e-08
7.871022969e-08
4.783364304e-08
7.337843864e-08
5.204993701e-08
6.762520455e-08
5.579162465e-08
6.138183308e-08
5.89921475e-08
5.457789373e-08
6.158103881e-08
4.714129721e-08
6.348403859e-08
3.899822315e-08
6.462332604e-08
3.007286179e-08
6.491791443e-08
2.028693037e-08
6.428424444e-08
9.558868246e-09
6.263708296e-08
-2.197437171e-09
5.98908259e-08
-1.507381789e-08
5.596156427e-08
-2.917107482e-08
5.076991182e-08
-4.459974325e-08
4.424555235e-08
-6.148271762e-08
3.633426866e-08
-7.995722515e-08
2.700865597e-08
-1.001754649e-07
1.628386073e-08
-1.223018211e-07
4.240584508e-09
-1.465027484e-07
-8.94201705e-09
-1.729237913e-07
-2.294302149e-08
-2.016443177e-07
-3.724777561e-08
-2.325953806e-07
-5.109400997e-08
-2.654255462e-07
-6.343529294e-08
-2.992984302e-07
-7.295610168e-08
-3.326218036e-07
-7.818762302e-08
-3.627407809e-07
-7.777415446e-08
-3.85689967e-07
-7.090376826e-08
-3.961763026e-07
-5.783260592e-08
-3.880002656e-07
-4.031928553e-08
-3.550406118e-07
-2.172453995e-08
-2.926525212e-07
-6.6204262e-09
-1.989514857e-07
-7.528108364e-08
-2.908251689e-09
2.944801091e-08
-9.814723534e-09
7.833240479e-08
-1.886100469e-08
1.16506474e-07
-2.845074384e-08
1.444355146e-07
-3.743079941e-08
1.634989323e-07
-4.508084654e-08
1.753573571e-07
-5.102922529e-08
1.816262914e-07
-5.515346318e-08
1.837208699e-07
-5.749222578e-08
1.828037572e-07
-5.817764357e-08
1.797901523e-07
-5.738788653e-08
1.753786315e-07
-5.53162973e-08
1.700897054e-07
-5.215275832e-08
1.643031295e-07
-4.807348951e-08
1.582902089e-07
-4.323635816e-08
1.522401405e-07
-3.777959568e-08
1.462806719e-07
-3.18225094e-08
1.404939287e-07
-2.546724038e-08
1.349282821e-07
-1.880102278e-08
1.296071918e-07
-1.189853761e-08
1.245356225e-07
-4.824223749e-09
1.197047751e-07
2.365478519e-09
1.15095557e-07
9.620317072e-09
1.106807282e-07
1.689475655e-08
1.064266666e-07
2.414635598e-08
1.022947914e-07
3.133424053e-08
9.82423213e-08
3.841801635e-08
9.422288958e-08
4.535680622e-08
9.01870568e-08
5.210833446e-08
8.608259276e-08
5.862814999e-08
8.185474114e-08
6.486901803e-08
7.744650723e-08
7.078038582e-08
7.279886496e-08
7.630791606e-08
6.785091131e-08
8.139311283e-08
6.254001051e-08
8.597303446e-08
5.6801914e-08
8.998009631e-08
5.057083421e-08
9.33419615e-08
4.377943413e-08
9.598150815e-08
3.635867838e-08
9.781687683e-08
2.823749472e-08
9.876162029e-08
1.934218822e-08
9.8724973e-08
9.59551665e-09
9.7612282e-08
-1.084745364e-09
9.532584167e-08
-1.278737697e-08
9.176613947e-08
-2.561137226e-08
8.683376401e-08
-3.966736764e-08
8.043263152e-08
-5.508158518e-08
7.247529702e-08
-7.199989089e-08
6.289148577e-08
-9.059165403e-08
5.164155163e-08
-1.110518876e-07
3.873746499e-08
-1.335986625e-07
2.427430303e-08
-1.584606301e-07
8.475143094e-09
-1.858451586e-07
-8.247888391e-09
-2.158723499e-07
-2.521979332e-08
-2.48453642e-07
-4.14299326e-08
-2.830882916e-07
-5.549420777e-08
-3.185575291e-07
-6.570954581e-08
-3.525254436e-07
-7.028260125e-08
-3.811169124e-07
-6.779312716e-08
-3.986657776e-07
-5.786722324e-08
-3.979261709e-07
-4.186852449e-08
-3.710393139e-07
-2.325663973e-08
-3.112644067e-07
-7.283210401e-09
-2.149249154e-07
-8.256429564e-08
-3.660301424e-09
3.310831262e-08
-1.202799536e-08
8.670009997e-08
-2.257755225e-08
1.270560319e-07
-3.327418878e-08
1.551321521e-07
-4.276510463e-08
1.729898491e-07
-5.029987395e-08
1.828921275e-07
-5.557282611e-08
1.868992447e-07
-5.856888869e-08
1.867169337e-07
-5.944179997e-08
1.836766698e-07
-5.842879904e-08
1.787771528e-07
-5.579595585e-08
1.727457898e-07
-5.180592826e-08
1.660996794e-07
-4.670086022e-08
1.591980632e-07
-4.069484635e-08
1.522841969e-07
-3.397212034e-08
1.455174164e-07
-2.668838831e-08
1.389969419e-07
-1.897377949e-08
1.327793219e-07
-1.093634896e-08
1.268908536e-07
-2.665721196e-09
1.213365661e-07
5.763336102e-09
1.161065673e-07
1.428811242e-08
1.111800009e-07
2.285539228e-08
1.065282793e-07
3.141889259e-08
1.0211723e-07
3.993715412e-08
9.790840712e-08
4.837187479e-08
9.386007281e-08
5.668641096e-08
8.992778715e-08
6.484449509e-08
8.60648074e-08
7.280916431e-08
8.222238946e-08
8.054180088e-08
7.834995798e-08
8.800130524e-08
7.439523846e-08
9.514341635e-08
7.030439764e-08
1.019201294e-07
6.602215333e-08
1.082791882e-07
6.149185364e-08
1.141636569e-07
5.66555428e-08
1.195115661e-07
5.145400558e-08
1.242556323e-07
4.582676859e-08
1.283230436e-07
3.971202317e-08
1.316353004e-07
3.304642164e-08
1.341081041e-07
2.576469072e-08
1.35651297e-07
1.779899478e-08
1.361688546e-07
9.077958219e-09
1.355589265e-07
-4.748183922e-10
1.337142116e-07
-1.094266337e-08
1.305224297e-07
-2.241959196e-08
1.258673397e-07
-3.50122795e-08
1.19630636e-07
-4.884488356e-08
1.116954181e-07
-6.406467516e-08
1.019522674e-07
-8.084850575e-08
9.030965863e-08
-9.940928143e-08
7.671138758e-08
-1.200003941e-07
6.116467091e-08
-1.429139162e-07
4.378366344e-08
-1.684641539e-07
2.485331057e-08
-1.969419998e-07
4.916094979e-09
-2.285164291e-07
-1.512198639e-08
-2.630502128e-07
-3.389430223e-08
-2.997852158e-07
-4.954358058e-08
-3.368761678e-07
-5.986724731e-08
-3.707932483e-07
-6.275968537e-08
-3.957733425e-07
-5.700986437e-08
-4.036759949e-07
-4.330791158e-08
-3.847412683e-07
-2.501530436e-08
-3.295570185e-07
-8.1081653e-09
-2.318320602e-07
-9.067246165e-08
-4.702373771e-09
3.781068686e-08
-1.493743123e-08
9.69351573e-08
-2.722912439e-08
1.393477251e-07
-3.899961639e-08
1.669026442e-07
-4.8713855e-08
1.827040878e-07
-5.566118854e-08
1.898394612e-07
-5.96800644e-08
1.909181208e-07
-6.092865392e-08
1.879655235e-07
-5.972345905e-08
1.824714753e-07
-5.643752608e-08
1.754912203e-07
-5.144216818e-08
1.677504325e-07
-4.507721246e-08
1.597347244e-07
-3.763868825e-08
1.517595397e-07
-2.937637462e-08
1.440218841e-07
-2.049659761e-08
1.366376402e-07
-1.116725155e-08
1.296675967e-07
-1.523660261e-09
1.231357314e-07
8.325424309e-09
1.170417699e-07
1.829301771e-08
1.113689736e-07
2.830951169e-08
1.060900741e-07
3.831844606e-08
1.011710674e-07
4.827321829e-08
9.657350783e-08
5.813439597e-08
9.225605303e-08
6.786742014e-08
8.817538365e-08
7.744071361e-08
8.428678e-08
8.682407715e-08
8.054442419e-08
9.598733744e-08
7.690154762e-08
1.04899217e-07
7.331051027e-08
1.135263586e-07
6.972281673e-08
1.218324848e-07
6.608911242e-08
1.297776906e-07
6.235919184e-08
1.373178376e-07
5.848200607e-08
1.444040276e-07
5.440566333e-08
1.509821455e-07
5.007742433e-08
1.569924671e-07
4.544368309e-08
1.623693232e-07
4.044991145e-08
1.670408099e-07
3.504053518e-08
1.709285329e-07
2.9158697e-08
1.73947371e-07
2.274585073e-08
1.760052474e-07
1.574111608e-08
1.770028991e-07
8.080304048e-09
1.768336074e-07
-3.055295086e-10
1.753831397e-07
-9.492198819e-09
1.725295314e-07
-1.956598698e-08
1.681432837e-07
-3.062603539e-08
1.620880022e-07
-4.278960585e-08
1.54222036e-07
-5.619871293e-08
1.444019695e-07
-7.102844349e-08
1.324894849e-07
-8.74968012e-08
1.183641279e-07
-1.058750416e-07
1.019458993e-07
-1.264956922e-07
8.323353743e-08
-1.497517966e-07
6.236613249e-08
-1.760745994e-07
3.971598485e-08
-2.05866286e-07
1.601556884e-08
-2.393498013e-07
-7.489747236e-09
-2.762799041e-07
-2.891298012e-08
-3.154529393e-07
-4.573190355e-08
-3.539743292e-07
-5.513116654e-08
-3.863740838e-07
-5.485062374e-08
-4.039565422e-07
-4.452990539e-08
-3.950619929e-07
-2.708348516e-08
-3.470034435e-07
-9.179403865e-09
-2.497361456e-07
-9.985186799e-08
-6.175680066e-09
4.398636633e-08
-1.877937583e-08
1.095388525e-07
-3.29828404e-08
1.535511889e-07
-4.557839978e-08
1.794982028e-07
-5.493197818e-08
1.920576656e-07
-6.050475587e-08
1.954122383e-07
-6.23993933e-08
1.928127577e-07
-6.103509298e-08
1.866012228e-07
-5.694634648e-08
1.783827285e-07
-5.067157521e-08
1.692164487e-07
-4.269916416e-08
1.597780212e-07
-3.344673397e-08
1.50482294e-07
-2.325846924e-08
1.415712748e-07
-1.241086649e-08
1.331742811e-07
-1.122088086e-09
1.253488615e-07
1.043756309e-08
1.181079453e-07
2.213682996e-08
1.114364643e-07
3.387557624e-08
1.053030234e-07
4.557737367e-08
9.966717583e-08
5.718381831e-08
9.448362917e-08
6.864997575e-08
8.970490956e-08
7.994063377e-08
8.528284941e-08
9.102729281e-08
8.116939353e-08
1.018857221e-07
7.731695388e-08
1.124939858e-07
7.367851569e-08
1.228308217e-07
7.020758766e-08
1.328742967e-07
6.685807185e-08
1.426006923e-07
6.358411369e-08
1.519835618e-07
6.033994621e-08
1.609929246e-07
5.707974849e-08
1.695945816e-07
5.375753343e-08
1.777495275e-07
5.032705864e-08
1.85413437e-07
4.674175207e-08
1.925362138e-07
4.295464554e-08
1.99061591e-07
3.891830371e-08
2.049267727e-07
3.458472725e-08
2.100621053e-07
2.990519985e-08
2.143907607e-07
2.483003852e-08
2.178284144e-07
1.930819377e-08
2.202828955e-07
1.328663131e-08
2.216537885e-07
6.709407089e-09
2.218319337e-07
-4.836790205e-10
2.206989855e-07
-8.359255158e-09
2.181266181e-07
-1.699362434e-08
2.139760012e-07
-2.647542362e-08
2.080973107e-07
-3.691092058e-08
2.003296518e-07
-4.843105958e-08
1.905019987e-07
-6.120079599e-08
1.784363107e-07
-7.543111907e-08
1.639549621e-07
-9.139369904e-08
1.468961787e-07
-1.094369149e-07
1.271436345e-07
-1.299992586e-07
1.046795757e-07
-1.536105468e-07
7.967412765e-08
-1.808608442e-07
5.262376846e-08
-2.122994482e-07
2.454378938e-08
-2.481999311e-07
-2.809500591e-09
-2.880996553e-07
-2.677184263e-08
-3.300119932e-07
-4.388952202e-08
-3.692564105e-07
-5.068444747e-08
-3.971616228e-07
-4.527273587e-08
-4.004737092e-07
-2.953915428e-08
-3.627370325e-07
-1.062482103e-08
-2.686504876e-07
-1.104766908e-07
-8.299937879e-09
5.228630376e-08
-2.384575877e-08
1.250846719e-07
-3.99131117e-08
1.696185404e-07
-5.266634839e-08
1.922514382e-07
-6.058537312e-08
1.99976689e-07
-6.35308834e-08
1.983577474e-07
-6.204118436e-08
1.913230575e-07
-5.690218822e-08
1.814622255e-07
-4.891968705e-08
1.704002262e-07
-3.881552463e-08
1.591122853e-07
-2.719231399e-08
1.481548095e-07
-1.453150266e-08
1.378214816e-07
-1.206554587e-09
1.282463256e-07
1.249837592e-08
1.194693495e-07
2.63713854e-08
1.114758509e-07
4.025745187e-08
1.042218777e-07
5.404442166e-08
9.764949334e-08
6.765234671e-08
9.169509713e-08
8.10251899e-08
8.629433139e-08
9.41242383e-08
8.13845795e-08
1.069230174e-07
7.690612916e-08
1.194033408e-07
7.280252466e-08
1.315522447e-07
6.902048822e-08
1.433595866e-07
6.550961041e-08
1.548161554e-07
6.22219453e-08
1.659121619e-07
5.911157946e-08
1.766360158e-07
5.613421619e-08
1.869733238e-07
5.324680369e-08
1.969060554e-07
5.040721248e-08
2.064118361e-07
4.757396557e-08
2.154633451e-07
4.470602203e-08
2.240277956e-07
4.176260545e-08
2.320664787e-07
3.870306614e-08
2.39534356e-07
3.548676517e-08
2.46379691e-07
3.207296539e-08
2.525437064e-07
2.842070824e-08
2.579602538e-07
2.448864856e-08
2.625554778e-07
2.023481039e-08
2.662474517e-07
1.561621541e-08
2.689457579e-07
1.058832033e-08
2.705509788e-07
5.104181119e-09
2.709540428e-07
-8.867484733e-10
2.700354745e-07
-7.440692461e-09
2.67664162e-07
-1.462231779e-08
2.63696226e-07
-2.250749378e-08
2.579735716e-07
-3.118827258e-08
2.50322297e-07
-4.07797916e-08
2.405512724e-07
-5.142977828e-08
2.284516083e-07
-6.333146188e-08
2.137985353e-07
-7.674063324e-08
1.963586927e-07
-9.19970795e-08
1.759084034e-07
-1.095489767e-07
1.522726345e-07
-1.299747852e-07
1.25400141e-07
-1.539883581e-07
9.549633808e-08
-1.823956527e-07
6.323696639e-08
-2.159405668e-07
3.006851713e-08
-2.549312135e-07
-1.457662172e-09
-2.984858214e-07
-2.74889805e-08
-3.432250995e-07
-4.329266338e-08
-3.81357947e-07
-4.494400829e-08
-3.988223727e-07
-3.239046609e-08
-3.752905826e-07
-1.263187321e-08
-2.884090876e-07
-1.231085669e-07
-1.141033544e-08
6.369663797e-08
-3.042786871e-08
1.441022033e-07
-4.777661209e-08
1.869672819e-07
-5.924885466e-08
2.037236789e-07
-6.388532661e-08
2.046131592e-07
-6.230390916e-08
1.967763282e-07
-5.569632451e-08
1.847154711e-07
-4.531781149e-08
1.710837109e-07
-3.227347871e-08
1.573558918e-07
-1.745482861e-08
1.442936335e-07
-1.545197978e-09
1.322451772e-07
1.494848017e-08
1.213278017e-07
3.166108075e-08
1.115337233e-07
4.833697802e-08
1.027934505e-07
6.480110589e-08
9.501172122e-08
8.093718899e-08
8.808579277e-08
9.667137054e-08
8.19153099e-08
1.119597201e-07
7.640674569e-08
1.267790133e-07
7.147503624e-08
1.411199156e-07
6.704367529e-08
1.549819649e-07
6.304407779e-08
1.683698631e-07
5.941462435e-08
1.81290722e-07
5.609962712e-08
1.937519968e-07
5.304833342e-08
2.057599163e-07
5.021402344e-08
2.173182708e-07
4.755322243e-08
2.284274558e-07
4.502502857e-08
2.390837033e-07
4.259055351e-08
2.492784497e-07
4.021246316e-08
2.589978049e-07
3.785460731e-08
2.682220976e-07
3.548172603e-08
2.769254801e-07
3.305921953e-08
2.850755761e-07
3.055296648e-08
2.926331612e-07
2.792917615e-08
2.995518646e-07
2.515425786e-08
3.05777881e-07
2.219468738e-08
3.112496795e-07
1.901684535e-08
3.158976902e-07
1.558679476e-08
3.196439443e-07
1.186995605e-08
3.224016357e-07
7.830623387e-09
3.240745615e-07
3.431249433e-09
3.245563831e-07
-1.368576252e-09
3.237296634e-07
-6.613979129e-09
3.214643525e-07
-1.235701361e-08
3.176161806e-07
-1.865932879e-08
3.120244514e-07
-2.559655059e-08
3.045092069e-07
-3.326455443e-08
2.948677811e-07
-4.178836002e-08
2.828709837e-07
-5.13346722e-08
2.682596964e-07
-6.212935392e-08
2.50743816e-07
-7.448120703e-08
2.300077646e-07
-8.881293339e-08
2.057310179e-07
-1.056980467e-07
1.776392967e-07
-1.258966452e-07
1.456127661e-07
-1.503691304e-07
1.098898814e-07
-1.802176904e-07
7.140911235e-08
-2.164504528e-07
3.229793618e-08
-2.593746537e-07
-3.605897474e-09
-3.073212744e-07
-3.058684553e-08
-3.543770072e-07
-4.227552779e-08
-3.871336975e-07
-3.540386166e-08
-3.821622577e-07
-1.545513043e-08
-3.08357829e-07
-1.385636997e-07
-1.597734397e-08
7.96739809e-08
-3.858215251e-08
1.667070096e-07
-5.544716301e-08
2.038322902e-07
-6.285160906e-08
2.111281228e-07
-6.121857009e-08
2.029801182e-07
-5.241262414e-08
1.879703802e-07
-3.849357267e-08
1.707964177e-07
-2.122795112e-08
1.538180872e-07
-1.973888728e-09
1.381018274e-07
1.828510483e-08
1.240346378e-07
3.886833466e-08
1.116619453e-07
5.932384677e-08
1.008722874e-07
7.936211354e-08
9.149545438e-08
9.880694082e-08
8.334862093e-08
1.175599861e-07
7.625867382e-08
1.35574978e-07
7.007079849e-08
1.528397072e-07
6.46505785e-08
1.693634937e-07
5.988295685e-08
1.851685593e-07
5.566996837e-08
2.002840994e-07
5.192813275e-08
2.147422206e-07
4.858595412e-08
2.28575146e-07
4.558169632e-08
2.418132832e-07
4.286148737e-08
2.544838721e-07
4.037774175e-08
2.666100249e-07
3.808786787e-08
2.782100255e-07
3.59532188e-08
2.892968039e-07
3.393824715e-08
2.998775249e-07
3.200982928e-08
3.099532556e-07
3.0136729e-08
3.195186843e-07
2.828917511e-08
3.285618745e-07
2.643853202e-08
3.370640454e-07
2.45570447e-08
3.449993672e-07
2.261764049e-08
3.523347672e-07
2.059377175e-08
3.590297378e-07
1.84592826e-08
3.650361388e-07
1.618828158e-08
3.702979811e-07
1.375499789e-08
3.747511757e-07
1.113359476e-08
3.783232216e-07
8.297904505e-09
3.809327982e-07
5.22104085e-09
3.824892148e-07
1.874826611e-09
3.828916552e-07
-1.771023196e-09
3.820281041e-07
-5.750434779e-09
3.797737197e-07
-1.010263614e-08
3.759888987e-07
-1.487451512e-08
3.705165419e-07
-2.012420121e-08
3.631783082e-07
-2.592632838e-08
3.537696065e-07
-3.237966612e-08
3.420531065e-07
-3.961818023e-08
3.277507849e-07
-4.782704042e-08
3.105351907e-07
-5.726562105e-08
2.90022223e-07
-6.829997397e-08
2.657712067e-07
-8.144703883e-08
2.373050592e-07
-9.743050608e-08
2.041761761e-07
-1.172402559e-07
1.661244197e-07
-1.421659428e-07
1.233995768e-07
-1.737256188e-07
7.73324969e-08
-2.133075829e-07
3.117382209e-08
-2.611626086e-07
-9.054524327e-09
-3.141486694e-07
-3.465463399e-08
-3.61533597e-07
-3.765773321e-08
-3.791591676e-07
-1.934587614e-08
-3.266696943e-07
-1.579095787e-07
-2.242747922e-08
1.021014587e-07
-4.732676973e-08
1.916062979e-07
-5.952749628e-08
2.160330145e-07
-5.790619206e-08
2.095068164e-07
-4.556991816e-08
1.906438421e-07
-2.612227166e-08
1.685227315e-07
-2.542897211e-09
1.47217041e-07
2.302714786e-08
1.282480399e-07
4.917252488e-08
1.119564481e-07
7.501550306e-08
9.819165734e-08
1.000418217e-07
8.663562437e-08
1.239754398e-07
7.693866696e-08
1.466924651e-07
6.877842678e-08
1.68162349e-07
6.187873464e-08
1.884096836e-07
5.601133687e-08
2.074897046e-07
5.099077517e-08
2.254728978e-07
4.666738286e-08
2.424354743e-07
4.292037793e-08
2.584535946e-07
3.965184557e-08
2.73599944e-07
3.67817808e-08
2.879417646e-07
3.424413082e-08
3.015397744e-07
3.198368384e-08
3.144476133e-07
2.995364566e-08
3.267115946e-07
2.811375754e-08
3.383706222e-07
2.642883721e-08
3.494561915e-07
2.486764632e-08
3.599924236e-07
2.340201179e-08
3.699961057e-07
2.200614375e-08
3.794767233e-07
2.065610772e-08
3.884364777e-07
1.932941697e-08
3.968702858e-07
1.80047199e-08
4.047657653e-07
1.666156112e-08
4.121032026e-07
1.528019881e-08
4.188555071e-07
1.384146271e-08
4.249881471e-07
1.232663775e-08
4.304590656e-07
1.071735813e-08
4.352185643e-07
8.995493873e-09
4.39209144e-07
7.143009556e-09
4.423652745e-07
5.141768287e-09
4.446130614e-07
2.973248034e-09
4.458697545e-07
6.181272531e-10
4.460430568e-07
-1.944332005e-09
4.450300242e-07
-4.737408847e-09
4.427154979e-07
-7.788116801e-09
4.389700106e-07
-1.112903494e-08
4.336467872e-07
-1.480098505e-08
4.265774867e-07
-1.885703546e-08
4.175662153e-07
-2.33684023e-08
4.063812119e-07
-2.843318463e-08
3.927435383e-07
-3.418937477e-08
3.763122239e-07
-4.083431462e-08
3.566660062e-07
-4.865376436e-08
3.332838751e-07
-5.806491589e-08
3.055317808e-07
-6.967841999e-08
2.726743847e-07
-8.43828682e-08
2.339541055e-07
-1.034456722e-07
1.888215409e-07
-1.285930631e-07
1.374613274e-07
-1.619473785e-07
8.179877405e-08
-2.055000643e-07
2.704270464e-08
-2.593926088e-07
-1.684202392e-08
-3.176488762e-07
-3.633279214e-08
-3.596684081e-07
-2.409052771e-08
-3.389119681e-07
-1.820001088e-07
-3.016415196e-08
1.322656095e-07
-5.218895556e-08
2.136310993e-07
-5.101472903e-08
2.148587857e-07
-3.246651602e-08
1.909586012e-07
-3.824496212e-09
1.6200182e-07
2.957139765e-08
1.351268355e-07
6.428436596e-08
1.125040704e-07
9.834316281e-08
9.418924093e-08
1.307335587e-07
7.956604982e-08
1.610107323e-07
6.791448155e-08
1.890541193e-07
5.859223494e-08
2.149169138e-07
5.107587028e-08
2.387376178e-07
4.495772031e-08
2.606894639e-07
3.992688633e-08
2.809528823e-07
3.574791593e-08
2.997013158e-07
3.224233938e-08
3.170945803e-07
2.927411575e-08
3.332763561e-07
2.673859966e-08
3.483738405e-07
2.455435833e-08
3.624984497e-07
2.265716895e-08
3.757469518e-07
2.099562585e-08
3.8820271e-07
1.952792273e-08
3.999368694e-07
1.82194831e-08
4.110094165e-07
1.704120723e-08
4.214700854e-07
1.596816489e-08
4.313591124e-07
1.497861583e-08
4.407078502e-07
1.405327031e-08
4.495392601e-07
1.317473004e-08
4.578683002e-07
1.232706359e-08
4.657022278e-07
1.149548509e-08
4.730408322e-07
1.066611117e-08
4.798766105e-07
9.825778183e-09
4.861948999e-07
8.961904681e-09
4.919739711e-07
8.062386458e-09
4.971850904e-07
7.115513319e-09
5.017925477e-07
6.109895355e-09
5.057536483e-07
5.034387779e-09
5.090186534e-07
3.877998529e-09
5.115306525e-07
2.629763304e-09
5.1322533e-07
1.278564159e-09
5.140305721e-07
-1.871211381e-10
5.138659122e-07
-1.779678859e-09
5.126415011e-07
-3.513004507e-09
5.102567175e-07
-5.403340188e-09
5.065981207e-07
-7.470445264e-09
5.015364905e-07
-9.739362182e-09
4.94922514e-07
-1.22430663e-08
4.865805209e-07
-1.502641691e-08
4.762994265e-07
-1.815209771e-08
4.6381971e-07
-2.170966615e-08
4.488148969e-07
-2.582950917e-08
4.308657385e-07
-3.070461382e-08
4.094256014e-07
-3.662478669e-08
3.837776611e-07
-4.403048772e-08
3.529913241e-07
-5.35965392e-08
3.159034066e-07
-6.635776307e-08
2.711920305e-07
-8.388169568e-08
2.176990933e-07
-1.084544501e-07
1.553069928e-07
-1.431079727e-07
8.682504276e-08
-1.909106672e-07
2.111018364e-08
-2.519340254e-07
-2.406880971e-08
-3.144894235e-07
-2.765402046e-08
-3.353267657e-07
-2.096541319e-07
-3.509733067e-08
1.673629391e-07
-3.835277812e-08
2.168865447e-07
-7.59466019e-09
1.841006657e-07
3.78893314e-08
1.454746074e-07
8.710690332e-08
1.12784246e-07
1.349048065e-07
8.732893011e-08
1.789861323e-07
6.842274252e-08
2.186212108e-07
5.45541601e-08
2.538721395e-07
4.431511906e-08
2.851260366e-07
3.666058223e-08
3.12868736e-07
3.084953342e-08
3.375827113e-07
2.636189264e-08
3.59704707e-07
2.283572237e-08
3.796127374e-07
2.00188535e-08
3.976267587e-07
1.773389232e-08
4.140147256e-07
1.585436986e-08
4.290001123e-07
1.428872659e-08
4.427691758e-07
1.29695333e-08
4.554773131e-07
1.184621834e-08
4.67254349e-07
1.088013008e-08
4.782088202e-07
1.004115163e-08
4.884313888e-07
9.305350804e-09
4.979975397e-07
8.653328859e-09
5.069696988e-07
8.069044521e-09
5.153988931e-07
7.538966846e-09
5.233260476e-07
7.05145744e-09
5.307829977e-07
6.596316148e-09
5.377932792e-07
6.164444161e-09
5.443727449e-07
5.747593433e-09
5.505300455e-07
5.338179875e-09
5.562670072e-07
4.929144501e-09
5.615789297e-07
4.513850635e-09
5.664548213e-07
4.086007859e-09
5.708775869e-07
3.639615442e-09
5.748241763e-07
3.168918207e-09
5.782656969e-07
2.668369019e-09
5.81167488e-07
2.132590527e-09
5.834891511e-07
1.556329338e-09
5.851845149e-07
9.343930117e-10
5.862015109e-07
2.615617057e-10
5.864819146e-07
-4.675316094e-10
5.859609199e-07
-1.258690897e-09
5.845663443e-07
-2.118436023e-09
5.822174503e-07
-3.054453217e-09
5.788231926e-07
-4.076194866e-09
5.742796273e-07
-5.1958041e-09
5.68466054e-07
-6.429500476e-09
5.612392898e-07
-7.799660125e-09
5.524251668e-07
-9.337982306e-09
5.418058888e-07
-1.10903957e-08
5.291011898e-07
-1.312481784e-08
5.139402598e-07
-1.554369135e-08
4.958201406e-07
-1.850467516e-08
4.740451049e-07
-2.225545968e-08
4.476417812e-07
-2.719322341e-08
4.152507895e-07
-3.396677941e-08
3.750192298e-07
-4.365014441e-08
3.245889637e-07
-5.802419254e-08
2.614548638e-07
-7.997388145e-08
1.843440358e-07
-1.137998475e-07
9.687782616e-08
-1.644678235e-07
1.51701677e-08
-2.327817736e-07
-2.427490144e-08
-2.958817054e-07
-2.339290357e-07
-1.84121817e-08
1.857751199e-07
4.149407059e-08
1.569802909e-07
1.228477214e-07
1.027470133e-07
1.984467772e-07
6.987555005e-08
2.631080973e-07
4.812292431e-08
3.168501811e-07
3.358684472e-08
3.611057815e-07
2.416714064e-08
3.97643264e-07
1.801667598e-08
4.280702036e-07
1.388817788e-08
4.536938563e-07
1.103692793e-08
4.755331961e-07
9.010191962e-09
4.943689301e-07
7.526157041e-09
5.107963613e-07
6.40828935e-09
5.252707541e-07
5.544458965e-09
5.381428721e-07
4.861772478e-09
5.496856135e-07
4.311626471e-09
5.601135729e-07
3.860765175e-09
5.695972841e-07
3.485819999e-09
5.78273575e-07
3.169925205e-09
5.862531168e-07
2.900585889e-09
5.936259583e-07
2.668307635e-09
6.004656101e-07
2.465696386e-09
6.068320813e-07
2.286854828e-09
6.127741537e-07
2.126969226e-09
6.18331096e-07
1.982021439e-09
6.235339655e-07
1.84858473e-09
6.284066011e-07
1.723677116e-09
6.329663868e-07
1.604654897e-09
6.372248415e-07
1.489134949e-09
6.411880796e-07
1.37493788e-09
6.448571734e-07
1.260046586e-09
6.482284436e-07
1.142576242e-09
6.512936944e-07
1.020752658e-09
6.540404086e-07
8.928966458e-10
6.5645191e-07
7.57412164e-10
6.585074977e-07
6.127763885e-10
6.601825538e-07
4.575294278e-10
6.614486165e-07
2.902615781e-10
6.622734086e-07
1.09595624e-10
6.626207977e-07
-8.583281507e-11
6.624506903e-07
-2.974297189e-10
6.617187196e-07
-5.267257739e-10
6.603757358e-07
-7.754579435e-10
6.583669768e-07
-1.045700028e-09
6.556308261e-07
-1.340050104e-09
6.520969303e-07
-1.661914231e-09
6.476833551e-07
-2.015931223e-09
6.422923021e-07
-2.408613195e-09
6.358036435e-07
-2.849329753e-09
6.280650984e-07
-3.351856706e-09
6.188771586e-07
-3.936884065e-09
6.079696702e-07
-4.636208979e-09
5.949649784e-07
-5.499989427e-09
5.793192491e-07
-6.609736525e-09
5.602283965e-07
-8.102377017e-09
5.364777456e-07
-1.021613486e-08
5.062074512e-07
-1.337985662e-08
4.665715857e-07
-1.838833384e-08
4.133370104e-07
-2.673931295e-08
3.407429589e-07
-4.120580242e-08
2.428078959e-07
-6.653276661e-08
1.203996196e-07
-1.103735045e-07
7.734868668e-09
-1.832169616e-07
-2.261941689e-07
1.857751196e-07
3.427554102e-07
4.455024231e-07
5.153779728e-07
5.635008968e-07
5.970877411e-07
6.212548814e-07
6.392715571e-07
6.531597346e-07
6.641966621e-07
6.732068537e-07
6.807330104e-07
6.871412993e-07
6.926857579e-07
6.975475299e-07
7.018591559e-07
7.057199206e-07
7.0920574e-07
7.123756647e-07
7.1527625e-07
7.17944557e-07
7.204102527e-07
7.226971068e-07
7.248240753e-07
7.26806096e-07
7.286546799e-07
7.303783561e-07
7.319830101e-07
7.334721441e-07
7.348470809e-07
7.361071265e-07
7.372497016e-07
7.382704531e-07
7.391633486e-07
7.399207595e-07
7.405335346e-07
7.409910628e-07
7.41281323e-07
7.413909173e-07
7.413050831e-07
7.410076519e-07
7.404809247e-07
7.397054653e-07
7.386597637e-07
7.373197121e-07
7.356577964e-07
7.336418636e-07
7.312332489e-07
7.283839176e-07
7.250320593e-07
7.210951737e-07
7.164589632e-07
7.109589723e-07
7.043492342e-07
6.962468556e-07
6.860307191e-07
6.726508609e-07
6.542625253e-07
6.275232108e-07
5.863174069e-07
5.197846388e-07
4.094111323e-07
2.261941689e-07
)
;

boundaryField
{
    movingWall
    {
        type            calculated;
        value           uniform 0;
    }
    fixedWalls
    {
        type            calculated;
        value           uniform 0;
    }
    frontAndBack
    {
        type            empty;
    }
}


// ************************************************************************* //
