/*--------------------------------*- C++ -*----------------------------------*\
  =========                 |
  \\      /  F ield         | OpenFOAM: The Open Source CFD Toolbox
   \\    /   O peration     | Website:  https://openfoam.org
    \\  /    A nd           | Version:  11
     \\/     M anipulation  |
\*---------------------------------------------------------------------------*/
FoamFile
{
    format      ascii;
    class       surfaceScalarField;
    location    "1000";
    object      phi;
}
// * * * * * * * * * * * * * * * * * * * * * * * * * * * * * * * * * * * * * //

dimensions      [0 3 -1 0 0 0 0];

internalField   nonuniform List<scalar> 
8064
(
2.660838124e-11
-2.660950068e-11
6.013449478e-11
-3.352615378e-11
7.558248312e-11
-1.544804632e-11
6.125366276e-11
1.432876123e-11
1.322217898e-11
4.803142909e-11
-6.8348035e-11
8.157016384e-11
-1.811512876e-10
1.128032058e-10
-3.218591875e-10
1.407078553e-10
-4.867547248e-10
1.648954942e-10
-6.720840852e-10
1.853293183e-10
-8.742450132e-10
2.021608867e-10
-1.089878223e-09
2.15633169e-10
-1.315899939e-09
2.260216759e-10
-1.549498432e-09
2.335984533e-10
-1.788108957e-09
2.386104862e-10
-2.029376634e-09
2.412676388e-10
-2.271113854e-09
2.417371814e-10
-2.511256895e-09
2.401430039e-10
-2.747825147e-09
2.365682145e-10
-2.978885354e-09
2.310601704e-10
-3.202522609e-09
2.236372186e-10
-3.416819216e-09
2.142965703e-10
-3.619842099e-09
2.030228472e-10
-3.809639053e-09
1.897969176e-10
-3.984243796e-09
1.746047082e-10
-4.141689555e-09
1.574457244e-10
-4.28003064e-09
1.383410496e-10
-4.397371296e-09
1.173406221e-10
-4.491900935e-09
9.452960471e-11
-4.561934644e-09
7.003367498e-11
-4.60595775e-09
4.402307262e-11
-4.622673027e-09
1.671524385e-11
-4.611048887e-09
-1.162417211e-11
-4.570366925e-09
-4.068199423e-11
-4.500267495e-09
-7.009946206e-11
-4.400791023e-09
-9.94765037e-11
-4.272413151e-09
-1.283779033e-10
-4.116072072e-09
-1.563411096e-10
-3.933186378e-09
-1.828857245e-10
-3.725661932e-09
-2.075244752e-10
-3.495886573e-09
-2.297753892e-10
-3.246711783e-09
-2.49174819e-10
-2.981420924e-09
-2.652908878e-10
-2.703684075e-09
-2.777368775e-10
-2.417500056e-09
-2.861840471e-10
-2.127126713e-09
-2.903733714e-10
-1.837001012e-09
-2.901257284e-10
-1.551650892e-09
-2.853501473e-10
-1.275601056e-09
-2.760498635e-10
-1.013274958e-09
-2.623261241e-10
-7.688950276e-10
-2.443799568e-10
-5.463825727e-10
-2.225124807e-10
-3.492577486e-10
-1.971248494e-10
-1.80538131e-10
-1.687196425e-10
-4.263153763e-11
-1.379066178e-10
6.278609918e-11
-1.054176609e-10
1.349239152e-10
-7.213783995e-11
1.740888874e-10
-3.916499601e-11
1.820058984e-10
-7.917034764e-12
1.623171227e-10
1.968875264e-11
1.213558485e-10
4.096125247e-11
6.931549356e-11
5.204033217e-11
2.199952702e-11
4.731594338e-11
2.199951964e-11
3.391355829e-11
-6.052307637e-11
6.210455419e-11
-6.171722925e-11
4.011712552e-11
6.539285185e-12
-5.441456176e-11
1.088603496e-10
-2.30696756e-10
2.243135292e-10
-4.896099063e-10
3.404832258e-10
-8.270187363e-10
4.502119522e-10
-1.235955876e-09
5.496449147e-10
-1.708028325e-09
6.369678653e-10
-2.234304286e-09
7.116052025e-10
-2.805854979e-09
7.73711505e-10
-3.414066157e-09
8.238442731e-10
-4.050795435e-09
8.62750881e-10
-4.708427023e-09
8.9122997e-10
-5.379859661e-09
9.100430532e-10
-6.05845323e-09
9.198611373e-10
-6.737952583e-09
9.212364656e-10
-7.41240228e-09
9.145926324e-10
-8.076062365e-09
9.002282314e-10
-8.723332677e-09
8.783304149e-10
-9.348691065e-09
8.489955403e-10
-9.946649211e-09
8.122546501e-10
-1.051172837e-08
7.681019452e-10
-1.103845625e-08
7.165247324e-10
-1.152138519e-08
6.575335777e-10
-1.195513112e-08
5.911915969e-10
-1.233443211e-08
5.176419673e-10
-1.265422441e-08
4.371328636e-10
-1.290973397e-08
3.500391065e-10
-1.309658024e-08
2.568798843e-10
-1.321088919e-08
1.583319541e-10
-1.324941177e-08
5.523777254e-11
-1.320964402e-08
-5.139199027e-11
-1.308994424e-08
-1.603818278e-10
-1.288964345e-08
-2.704003063e-10
-1.26091439e-08
-3.799761177e-10
-1.225000143e-08
-4.875204274e-10
-1.181498746e-08
-5.913551363e-10
-1.130812648e-08
-6.897467592e-10
-1.073470578e-08
-7.809452242e-10
-1.01012546e-08
-8.632266322e-10
-9.415490696e-09
-9.349387721e-10
-8.686233663e-09
-9.945479732e-10
-7.923284875e-09
-1.040685718e-09
-7.137275614e-09
-1.072193359e-09
-6.339485738e-09
-1.088163299e-09
-5.541636364e-09
-1.087975152e-09
-4.755660896e-09
-1.071325665e-09
-3.993459151e-09
-1.038251658e-09
-3.266639434e-09
-9.891458905e-10
-2.586252828e-09
-9.247666106e-10
-1.962522618e-09
-8.462427372e-10
-1.404569365e-09
-7.550781486e-10
-9.201284143e-10
-6.531606391e-10
-5.152510831e-10
-5.427839936e-10
-1.939730629e-10
-4.266957253e-10
4.207778031e-11
-3.081887271e-10
1.941760209e-10
-1.912632805e-10
2.671532306e-10
-8.089428777e-11
2.70287193e-10
1.655474813e-11
2.185011294e-10
9.274727471e-11
1.338910168e-10
1.366504053e-10
4.723540885e-11
1.339715142e-10
6.923491823e-11
1.615790728e-11
-7.668100649e-11
-5.937520874e-12
-3.962185971e-11
-1.113821355e-10
1.119838204e-10
-3.246939764e-10
3.221721042e-10
-6.566249588e-10
5.562444257e-10
-1.108341002e-09
7.921991854e-10
-1.674633341e-09
1.016504211e-09
-2.346313674e-09
1.22132517e-09
-3.111922373e-09
1.402576487e-09
-3.958905486e-09
1.558588241e-09
-4.874395601e-09
1.689201546e-09
-5.84570218e-09
1.79515078e-09
-6.860592189e-09
1.877640818e-09
-7.907422242e-09
1.938059952e-09
-8.975168598e-09
1.97778934e-09
-1.005339023e-08
1.9980827e-09
-1.113215188e-08
1.999998049e-09
-1.220192776e-08
1.984368439e-09
-1.325350157e-08
1.951801979e-09
-1.427787484e-08
1.902703615e-09
-1.526619209e-08
1.837312724e-09
-1.620968916e-08
1.755751661e-09
-1.709966853e-08
1.658081246e-09
-1.792750375e-08
1.544359891e-09
-1.868467377e-08
1.41470353e-09
-1.936282626e-08
1.269344023e-09
-1.995386834e-08
1.108683987e-09
-2.045008187e-08
9.333463341e-10
-2.08442598e-08
7.442169736e-10
-2.11298593e-08
5.424793298e-10
-2.130116688e-08
3.296394745e-10
-2.135346996e-08
1.075407952e-10
-2.128322933e-08
-1.216326802e-10
-2.108824619e-08
-3.553650288e-10
-2.076781736e-08
-5.908291931e-10
-2.032287229e-08
-8.249212475e-10
-1.975608559e-08
-1.054307174e-09
-1.907195927e-08
-1.275481515e-09
-1.827686902e-08
-1.484837063e-09
-1.737907014e-08
-1.678744164e-09
-1.638865912e-08
-1.853637701e-09
-1.531748854e-08
-2.006109407e-09
-1.417903382e-08
-2.133002739e-09
-1.29882123e-08
-2.231507289e-09
-1.176115614e-08
-2.299249568e-09
-1.051494245e-08
-2.33437704e-09
-9.267285059e-09
-2.335632594e-09
-8.036193589e-09
-2.302417184e-09
-6.839606066e-09
-2.234839229e-09
-5.695001405e-09
-2.133750599e-09
-4.618997447e-09
-2.000770616e-09
-3.62693863e-09
-1.838301601e-09
-2.732474679e-09
-1.649542145e-09
-1.947127642e-09
-1.438507721e-09
-1.279839101e-09
-1.210072578e-09
-7.364824213e-10
-9.700524487e-10
-3.19316716e-10
-7.253544756e-10
-2.635146095e-11
-4.842285787e-10
1.494156005e-10
-2.566613921e-10
2.209226894e-10
-5.495238197e-11
2.081530107e-10
1.05516915e-10
1.394000836e-10
2.054032895e-10
5.274124718e-11
2.206303125e-10
1.219761569e-10
-1.412008628e-11
-6.256093576e-11
-1.112871315e-10
5.754512613e-11
-3.286482078e-10
3.293448248e-10
-6.872171741e-10
6.807409927e-10
-1.195873431e-09
1.064900604e-09
-1.854381815e-09
1.45070749e-09
-2.655988869e-09
1.818111187e-09
-3.589566827e-09
2.154903053e-09
-4.64128137e-09
2.454290955e-09
-5.795828867e-09
2.713135665e-09
-7.03731303e-09
2.930685636e-09
-8.349832288e-09
3.107669967e-09
-9.717843039e-09
3.245651498e-09
-1.112635479e-08
3.346571634e-09
-1.256100389e-08
3.412438367e-09
-1.400804397e-08
3.44512271e-09
-1.545428397e-08
3.446237986e-09
-1.688699835e-08
3.417082753e-09
-1.829382885e-08
3.358632409e-09
-1.966269287e-08
3.271567572e-09
-2.09817097e-08
3.156329492e-09
-2.223915258e-08
3.013194474e-09
-2.342343194e-08
2.842360547e-09
-2.452311284e-08
2.64404073e-09
-2.552696747e-08
2.418558094e-09
-2.642406207e-08
2.166438565e-09
-2.720387614e-08
1.888497989e-09
-2.785645038e-08
1.585920519e-09
-2.837255918e-08
1.260325716e-09
-2.874390208e-08
9.13822167e-10
-2.896330831e-08
5.490456423e-10
-2.902494772e-08
1.691801485e-10
-2.892454109e-08
-2.220393613e-10
-2.865956218e-08
-6.203440023e-10
-2.822942371e-08
-1.020967718e-09
-2.763563987e-08
-1.418705141e-09
-2.688195777e-08
-1.807989325e-09
-2.597445098e-08
-2.18298836e-09
-2.492156868e-08
-2.537719411e-09
-2.373413506e-08
-2.866177837e-09
-2.242529443e-08
-3.162478388e-09
-2.101039914e-08
-3.421004746e-09
-1.950683876e-08
-3.636563168e-09
-1.793381055e-08
-3.804535544e-09
-1.631203319e-08
-3.921026985e-09
-1.46634071e-08
-3.983003176e-09
-1.30106266e-08
-3.988413138e-09
-1.137674998e-08
-3.936293858e-09
-9.784734664e-09
-3.826854588e-09
-8.25694499e-09
-3.661540319e-09
-6.814639305e-09
-3.443076347e-09
-5.47744221e-09
-3.175498741e-09
-4.262805212e-09
-2.864179187e-09
-3.185455945e-09
-2.515857031e-09
-2.256832001e-09
-2.138696565e-09
-1.48449086e-09
-1.742393631e-09
-8.714832761e-10
-1.338362102e-09
-4.156750029e-10
-9.40036894e-10
-1.090025013e-10
-5.633339352e-10
6.334972652e-11
-2.273046502e-10
1.238592219e-10
4.500737909e-11
1.036822068e-10
2.255802673e-10
4.40683398e-11
2.80244144e-10
1.660444864e-10
-4.990724566e-11
-1.265371959e-11
-2.354945573e-10
2.431323836e-10
-5.818949415e-10
6.757451433e-10
-1.103057729e-09
1.201903708e-09
-1.803394599e-09
1.7652374e-09
-2.67959937e-09
2.326912187e-09
-3.722501166e-09
2.86101291e-09
-4.9187652e-09
3.351167014e-09
-6.252328197e-09
3.78785388e-09
-7.705536339e-09
4.166343736e-09
-9.259998337e-09
4.485147563e-09
-1.089718751e-08
4.744859075e-09
-1.259883525e-08
4.947299163e-09
-1.434715908e-08
5.094895397e-09
-1.612496597e-08
5.190245193e-09
-1.791566662e-08
5.235823294e-09
-1.970323163e-08
5.233802926e-09
-2.14721153e-08
5.18596636e-09
-2.320716811e-08
5.09368515e-09
-2.489355441e-08
4.957953816e-09
-2.651668828e-08
4.779463299e-09
-2.806219656e-08
4.558702685e-09
-2.951591545e-08
4.296079376e-09
-3.086392414e-08
3.992049362e-09
-3.209261661e-08
3.647250506e-09
-3.318881088e-08
3.262632772e-09
-3.413989323e-08
2.83958028e-09
-3.493399353e-08
2.380020756e-09
-3.556018653e-08
1.88651866e-09
-3.600871314e-08
1.362348719e-09
-3.627121472e-08
8.115471615e-10
-3.634097295e-08
2.38938325e-10
-3.621314747e-08
-3.498648957e-10
-3.588500259e-08
-9.484889388e-10
-3.535611469e-08
-1.549855671e-09
-3.462855194e-08
-2.146267939e-09
-3.370701821e-08
-2.729523114e-09
-3.259895346e-08
-3.291053163e-09
-3.131458381e-08
-3.822089114e-09
-2.986691501e-08
-4.313846682e-09
-2.827166461e-08
-4.757728835e-09
-2.65471292e-08
-5.145540207e-09
-2.471398489e-08
-5.469707528e-09
-2.279502085e-08
-5.723499628e-09
-2.081480752e-08
-5.901240363e-09
-1.879930289e-08
-5.998507852e-09
-1.677540209e-08
-6.012313989e-09
-1.477043676e-08
-5.941259234e-09
-1.281163204e-08
-5.785659349e-09
-1.092552942e-08
-5.547642993e-09
-9.137383732e-09
-5.231222075e-09
-7.470542148e-09
-4.842340367e-09
-5.94581114e-09
-4.388910238e-09
-4.580815881e-09
-3.880852331e-09
-3.389353902e-09
-3.330158587e-09
-2.380742737e-09
-2.751004837e-09
-1.559160027e-09
-2.159944852e-09
-9.229749264e-10
-1.576222036e-09
-4.640716006e-10
-1.022237302e-09
-1.67165783e-10
-5.242105066e-10
-9.108370817e-12
-1.130500682e-10
4.186289064e-11
1.746089643e-10
2.714422493e-11
2.949627728e-10
1.931887037e-10
-8.768032691e-11
7.502658282e-11
-3.680249317e-10
5.234769261e-10
-8.528158245e-10
1.160535971e-09
-1.546954182e-09
1.896041997e-09
-2.448587776e-09
2.666870924e-09
-3.549958648e-09
3.428282989e-09
-4.838562625e-09
4.149616816e-09
-6.29836604e-09
4.81097036e-09
-7.910925852e-09
5.400413622e-09
-9.656336426e-09
5.911754242e-09
-1.151397621e-08
6.342787277e-09
-1.346305786e-08
6.693940657e-09
-1.548300251e-08
6.967243749e-09
-1.755366694e-08
7.165559758e-09
-1.965545499e-08
7.292033175e-09
-2.176934391e-08
7.349712149e-09
-2.387685368e-08
7.341312636e-09
-2.595998397e-08
7.26909659e-09
-2.800113953e-08
7.13484064e-09
-2.998306092e-08
6.939875147e-09
-3.188877392e-08
6.685176233e-09
-3.370156709e-08
6.371495793e-09
-3.540500427e-08
5.999516497e-09
-3.698297559e-08
5.570020626e-09
-3.841978829e-08
5.08406314e-09
-3.970029639e-08
4.543140817e-09
-4.081006665e-08
3.949350488e-09
-4.173557639e-08
3.305530438e-09
-4.246443777e-08
2.615379977e-09
-4.2985642e-08
1.88355289e-09
-4.328981611e-08
1.115721218e-09
-4.336948429e-08
3.186064558e-10
-4.321932554e-08
-5.000236992e-10
-4.28364185e-08
-1.331396039e-09
-4.222046458e-08
-2.165809636e-09
-4.137398077e-08
-2.992751803e-09
-4.030245328e-08
-3.801050657e-09
-3.901444426e-08
-4.579062232e-09
-3.752164397e-08
-5.314889457e-09
-3.583886187e-08
-5.996628825e-09
-3.398395132e-08
-6.612639432e-09
-3.197766367e-08
-7.151827911e-09
-2.984342939e-08
-7.60394185e-09
-2.760706555e-08
-7.959863517e-09
-2.529641062e-08
-8.211895341e-09
-2.294088989e-08
-8.354028622e-09
-2.057101639e-08
-8.382187533e-09
-1.821783397e-08
-8.294441698e-09
-1.591231086e-08
-8.091182503e-09
-1.368469291e-08
-7.775260989e-09
-1.156382645e-08
-7.352088581e-09
-9.576460806e-09
-6.82970605e-09
-7.746540127e-09
-6.218830959e-09
-6.094493345e-09
-5.532899154e-09
-4.636530448e-09
-4.788121523e-09
-3.383952592e-09
-4.003582733e-09
-2.342484052e-09
-3.201413432e-09
-1.511635488e-09
-2.40707064e-09
-8.841099369e-10
-1.649762891e-09
-4.452624955e-10
-9.630579855e-10
-1.726184531e-10
-3.856941492e-10
-3.54376859e-11
3.742816336e-11
5.759150274e-12
2.537659041e-10
1.98947844e-10
-1.256452589e-10
2.00671805e-10
-5.029164135e-10
9.00748023e-10
-1.130257675e-09
1.787877169e-09
-2.002626663e-09
2.768410921e-09
-3.110803508e-09
3.775047702e-09
-4.441565074e-09
4.759044488e-09
-5.978283207e-09
5.686334882e-09
-7.701697744e-09
6.534384829e-09
-9.590707575e-09
7.289423385e-09
-1.162308606e-08
7.944132663e-09
-1.377607281e-08
8.495773955e-09
-1.602682535e-08
8.944693134e-09
-1.835273476e-08
9.29315309e-09
-2.073162095e-08
9.54444589e-09
-2.314182981e-08
9.702241973e-09
-2.556225622e-08
9.770138493e-09
-2.797231697e-08
9.751373327e-09
-3.035189559e-08
9.648675141e-09
-3.268127824e-08
9.464223229e-09
-3.494109694e-08
9.199693787e-09
-3.711229268e-08
8.85637191e-09
-3.917610797e-08
8.435311028e-09
-4.111411525e-08
7.93752372e-09
-4.290828461e-08
7.364189922e-09
-4.454109199e-08
6.716870466e-09
-4.599566681e-08
5.99771558e-09
-4.725597595e-08
5.209659571e-09
-4.830703978e-08
4.35659421e-09
-4.913517441e-08
3.443514554e-09
-4.972825349e-08
2.476631922e-09
-5.007598199e-08
1.463449665e-09
-5.017017381e-08
4.127982146e-10
-5.000502487e-08
-6.651726877e-10
-4.957737246e-08
-1.759048496e-09
-4.888693166e-08
-2.856250488e-09
-4.793650011e-08
-3.943183404e-09
-4.67321222e-08
-5.005428622e-09
-4.528320426e-08
-6.027980212e-09
-4.360257303e-08
-6.995520733e-09
-4.170647007e-08
-7.892731839e-09
-3.961447621e-08
-8.704633332e-09
-3.734936124e-08
-9.416942934e-09
-3.493685531e-08
-1.001644782e-08
-3.240534083e-08
-1.049137804e-08
-2.978546497e-08
-1.083177124e-08
-2.710967541e-08
-1.102981822e-08
-2.441168387e-08
-1.108017912e-08
-2.172586411e-08
-1.098026151e-08
-1.908659305e-08
-1.07304536e-08
-1.652754543e-08
-1.033430866e-08
-1.40809534e-08
-9.798680647e-09
-1.177684407e-08
-9.133815423e-09
-9.642267851e-09
-8.353407215e-09
-7.70053148e-09
-7.474635563e-09
-5.970449429e-09
-6.518203612e-09
-4.465628351e-09
-5.508403848e-09
-3.193800236e-09
-4.473241585e-09
-2.156221915e-09
-3.444648998e-09
-1.347160724e-09
-2.458824119e-09
-7.534872231e-10
-1.556731522e-09
-3.543958635e-10
-7.847855399e-10
-1.212772521e-10
-1.956904873e-10
-1.77643575e-11
1.502529748e-10
1.8118348e-10
-1.629282905e-10
3.636000671e-10
-6.368720213e-10
1.374691688e-09
-1.407540228e-09
2.558545311e-09
-2.45972468e-09
3.820595309e-09
-3.776264437e-09
5.091587394e-09
-5.337810032e-09
6.320590018e-09
-7.123010432e-09
7.471535217e-09
-9.108917839e-09
8.520292171e-09
-1.127147482e-08
9.451980304e-09
-1.358599282e-08
1.025865059e-08
-1.602756747e-08
1.093734854e-08
-1.857140428e-08
1.148852989e-08
-2.119304789e-08
1.191479663e-08
-2.386852091e-08
1.221991885e-08
-2.657438667e-08
1.240810766e-08
-2.928775342e-08
1.248350518e-08
-3.198623961e-08
1.244985945e-08
-3.464791857e-08
1.231035404e-08
-3.725125974e-08
1.206756434e-08
-3.977508065e-08
1.172351464e-08
-4.219852134e-08
1.127981255e-08
-4.450104985e-08
1.073783948e-08
-4.666250441e-08
1.009897823e-08
-4.866317569e-08
9.364861142e-09
-5.048392958e-08
8.537624304e-09
-5.21063694e-08
7.620155346e-09
-5.351303422e-08
6.616324338e-09
-5.468762889e-08
5.531188818e-09
-5.561527988e-08
4.371165499e-09
-5.628281045e-08
3.144162432e-09
-5.667902735e-08
1.859666515e-09
-5.679501147e-08
5.287822885e-10
-5.662440389e-08
-8.357803215e-10
-5.616367831e-08
-2.219774131e-09
-5.541239086e-08
-3.607537979e-09
-5.437339853e-08
-4.982175781e-09
-5.305303686e-08
-6.32579034e-09
-5.14612485e-08
-7.619768621e-09
-4.96116541e-08
-8.845115176e-09
-4.752155779e-08
-9.982828195e-09
-4.521188019e-08
-1.101431098e-08
-4.270701317e-08
-1.192181e-08
-4.003459192e-08
-1.268886912e-08
-3.722518157e-08
-1.330078843e-08
-3.431187775e-08
-1.374507511e-08
-3.132982253e-08
-1.401187348e-08
-2.831563998e-08
-1.409436171e-08
-2.530679759e-08
-1.398910394e-08
-2.234090286e-08
-1.369634837e-08
-1.945494625e-08
-1.32202653e-08
-1.668450419e-08
-1.256912275e-08
-1.406291732e-08
-1.175540233e-08
-1.162046102e-08
-1.079586355e-08
-9.383526187e-09
-9.711570435e-09
-7.373829622e-09
-8.527900213e-09
-5.607674532e-09
-7.274558974e-09
-4.095283228e-09
-5.985632924e-09
-2.840226179e-09
-4.699706083e-09
-1.838974074e-09
-3.46007626e-09
-1.080602704e-09
-2.315102926e-09
-5.466858255e-10
-1.318702454e-09
-2.114250841e-10
-5.309512582e-10
-4.209760014e-11
-1.907453799e-11
1.390858704e-10
-1.991279022e-10
5.627279303e-10
-7.681005687e-10
1.943664297e-09
-1.680693448e-09
3.471138129e-09
-2.911691955e-09
5.051593754e-09
-4.435792754e-09
6.615688131e-09
-6.22715351e-09
8.111950712e-09
-8.259301374e-09
9.503683018e-09
-1.050525167e-08
1.076624241e-08
-1.293773367e-08
1.188446224e-08
-1.552944693e-08
1.285036379e-08
-1.825329746e-08
1.3661199e-08
-2.108258482e-08
1.431781719e-08
-2.399112826e-08
1.482334001e-08
-2.695333189e-08
1.518212242e-08
-2.994419683e-08
1.539897254e-08
-3.293929306e-08
1.547860135e-08
-3.591470574e-08
1.542527208e-08
-3.884697112e-08
1.524261936e-08
-4.171301607e-08
1.493360923e-08
-4.449011355e-08
1.450061207e-08
-4.715586396e-08
1.39455629e-08
-4.96882096e-08
1.327018506e-08
-5.206548722e-08
1.247625579e-08
-5.426652105e-08
1.156589492e-08
-5.627075651e-08
1.054185972e-08
-5.805843303e-08
9.407831814e-09
-5.961079267e-08
8.168683921e-09
-6.091032004e-08
6.830716139e-09
-6.194100795e-08
5.401853353e-09
-6.26886422e-08
3.891796638e-09
-6.314109863e-08
2.312122895e-09
-6.328864455e-08
6.763281559e-10
-6.312423689e-08
-1.000188028e-09
-6.264380832e-08
-2.700202746e-09
-6.184653228e-08
-4.404814073e-09
-6.073505845e-08
-6.093649653e-09
-5.931570924e-08
-7.745139596e-09
-5.759862818e-08
-9.336849725e-09
-5.559787137e-08
-1.084587203e-08
-5.333143309e-08
-1.224926652e-08
-5.082119752e-08
-1.352454659e-08
-4.809280929e-08
-1.465019827e-08
-4.517545689e-08
-1.560622156e-08
-4.210156474e-08
-1.637468061e-08
-3.890639182e-08
-1.694024807e-08
-3.562753702e-08
-1.729072832e-08
-3.230435461e-08
-1.741754416e-08
-2.89772858e-08
-1.731617278e-08
-2.568711593e-08
-1.698651828e-08
-2.247416955e-08
-1.643321172e-08
-1.937745904e-08
-1.566583329e-08
-1.643380479e-08
-1.469905662e-08
-1.367694744e-08
-1.355272093e-08
-1.113667476e-08
-1.225184315e-08
-8.837987323e-09
-1.082658768e-08
-6.800328959e-09
-9.312217372e-09
-5.036909287e-09
-7.74905263e-09
-3.554147844e-09
-6.18246756e-09
-2.351271735e-09
-4.662952402e-09
-1.420102882e-09
-3.246271811e-09
-7.450785312e-10
-1.993726831e-09
-3.035653445e-10
-9.724644811e-10
-6.656381988e-11
-2.560760944e-10
7.252204514e-11
-2.34072628e-10
7.968005309e-10
-8.956345741e-10
2.605226179e-09
-1.947343655e-09
4.522847148e-09
-3.354335426e-09
6.458585464e-09
-5.083207931e-09
8.344560577e-09
-7.101486536e-09
1.013022926e-08
-9.37735697e-09
1.177955339e-08
-1.187957152e-08
1.32684569e-08
-1.457745984e-08
1.45823505e-08
-1.744098768e-08
1.571389158e-08
-2.044082259e-08
1.666103385e-08
-2.354838068e-08
1.742537523e-08
-2.673584195e-08
1.801080122e-08
-2.997613086e-08
1.842241128e-08
-3.324286663e-08
1.866570826e-08
-3.651029159e-08
1.874602625e-08
-3.975318869e-08
1.866816913e-08
-4.294680003e-08
1.843623064e-08
-4.606675738e-08
1.805356652e-08
-4.908903487e-08
1.75228895e-08
-5.198993163e-08
1.684645962e-08
-5.474609037e-08
1.602634374e-08
-5.733455547e-08
1.506472083e-08
-5.973287224e-08
1.396421164e-08
-6.191922708e-08
1.272821451e-08
-6.387262644e-08
1.136123113e-08
-6.557311144e-08
9.86916887e-09
-6.700200366e-08
8.25960831e-09
-6.814217685e-08
6.542026494e-09
-6.897834855e-08
4.727968286e-09
-6.949738508e-08
2.831159379e-09
-6.968861291e-08
8.675559371e-10
-6.954412899e-08
-1.144671989e-09
-6.905910229e-08
-3.185229497e-09
-6.823205718e-08
-5.231859227e-09
-6.706513102e-08
-7.260575852e-09
-6.556429573e-08
-9.245974935e-09
-6.373953412e-08
-1.116161137e-08
-6.160496126e-08
-1.298044493e-08
-5.917888069e-08
-1.467534713e-08
-5.648376606e-08
-1.621966125e-08
-5.354615913e-08
-1.758780524e-08
-5.039647617e-08
-1.875590456e-08
-4.706871665e-08
-1.970244017e-08
-4.360007011e-08
-2.040889465e-08
-4.003041997e-08
-2.086037849e-08
-3.640174612e-08
-2.104621805e-08
-3.275743203e-08
-2.096048691e-08
-2.914148574e-08
-2.060246461e-08
-2.559768825e-08
-1.997700924e-08
-2.216868669e-08
-1.909483489e-08
-1.889505315e-08
-1.797269019e-08
-1.581433344e-08
-1.663344068e-08
-1.296011261e-08
-1.510606402e-08
-1.036112617e-08
-1.342557414e-08
-8.040448e-09
-1.163289558e-08
-6.014786762e-09
-9.7747139e-09
-4.293924833e-09
-7.90332952e-09
-2.880335137e-09
-6.076542128e-09
-1.769015154e-09
-4.357591824e-09
-9.475840576e-10
-2.81515796e-09
-3.967028026e-10
-1.523345761e-09
-9.090504307e-11
-5.618738784e-10
-1.838300659e-11
-2.676949277e-10
1.064495421e-09
-1.018938251e-09
3.356469449e-09
-2.206026374e-09
5.709935214e-09
-3.784890426e-09
8.037449458e-09
-5.714227345e-09
1.027389744e-08
-7.954956938e-09
1.237095879e-08
-1.04698522e-08
1.429444859e-08
-1.322329215e-08
1.60218968e-08
-1.618110044e-08
1.754015873e-08
-1.931043384e-08
1.884322492e-08
-2.257969202e-08
1.993029198e-08
-2.595842937e-08
2.080411252e-08
-2.941725803e-08
2.146962983e-08
-3.292773896e-08
2.193289215e-08
-3.646226285e-08
2.22002321e-08
-3.999392701e-08
2.227769036e-08
-4.349641601e-08
2.217065807e-08
-4.694389502e-08
2.18837096e-08
-5.031092434e-08
2.142059579e-08
-5.357240268e-08
2.078436779e-08
-5.67035451e-08
1.997760198e-08
-5.967989993e-08
1.900269852e-08
-6.247740707e-08
1.786222792e-08
-6.507249827e-08
1.655930279e-08
-6.744223857e-08
1.509795475e-08
-6.956450667e-08
1.348349918e-08
-7.1418211e-08
1.172287315e-08
-7.298353722e-08
9.824934485e-09
-7.424222254e-08
7.800711762e-09
-7.517785136e-08
5.663597065e-09
-7.577616663e-08
3.429474605e-09
-7.602539047e-08
1.116779726e-09
-7.591654755e-08
-1.253514951e-09
-7.544378453e-08
-3.65799256e-09
-7.460467577e-08
-6.07096802e-09
-7.340050872e-08
-8.464742951e-09
-7.183653796e-08
-1.080994574e-08
-6.992219853e-08
-1.307595083e-08
-6.767126744e-08
-1.523137606e-08
-6.510196206e-08
-1.724465256e-08
-6.223696396e-08
-1.908465939e-08
-5.910335702e-08
-2.072141222e-08
-5.573246948e-08
-2.212679214e-08
-5.215961125e-08
-2.327529844e-08
-4.842370002e-08
-2.414480591e-08
-4.456677276e-08
-2.471730579e-08
-4.063338279e-08
-2.497960805e-08
-3.666988723e-08
-2.49239825e-08
-3.272363389e-08
-2.454871798e-08
-2.884206218e-08
-2.385858098e-08
-2.507173705e-08
-2.286516006e-08
-2.145733982e-08
-2.158708745e-08
-1.804064398e-08
-2.005013654e-08
-1.485950707e-08
-1.828720096e-08
-1.194691257e-08
-1.633816868e-08
-9.330097339e-09
-1.424971084e-08
-7.029801189e-09
-1.207501008e-08
-5.059675691e-09
-9.873455046e-09
-3.425890181e-09
-7.710327667e-09
-2.126974503e-09
-5.656507529e-09
-1.153942025e-09
-3.788190459e-09
-4.907452207e-10
-2.186542597e-09
-1.151313581e-10
-9.37487769e-10
-1.335143687e-10
-2.999660923e-10
1.364461489e-09
-1.137683762e-09
4.194187058e-09
-2.455765951e-09
7.028017347e-09
-4.201416404e-09
9.783099856e-09
-6.325721616e-09
1.23982026e-08
-8.783140263e-09
1.482837738e-08
-1.153107799e-08
1.704238627e-08
-1.452953096e-08
1.902034971e-08
-1.774078797e-08
2.075141569e-08
-2.112917485e-08
2.223161174e-08
-2.466082522e-08
2.346194229e-08
-2.830346637e-08
2.444675362e-08
-3.202621343e-08
2.519237683e-08
-3.579936964e-08
2.570604831e-08
-3.959423445e-08
2.599509686e-08
-4.338292341e-08
2.606637926e-08
-4.713820583e-08
2.592594044e-08
-5.083336658e-08
2.55788703e-08
-5.444209806e-08
2.502932722e-08
-5.793842777e-08
2.428069746e-08
-6.129668545e-08
2.333585962e-08
-6.44915124e-08
2.219752542e-08
-6.749791409e-08
2.086862957e-08
-7.029135595e-08
1.93527446e-08
-7.28479007e-08
1.765449946e-08
-7.5144385e-08
1.577998343e-08
-7.715863216e-08
1.373712027e-08
-7.886969724e-08
1.153599953e-08
-8.025814041e-08
9.189154885e-09
-8.130632399e-08
6.711780601e-09
-8.199872848e-08
4.121879057e-09
-8.23222822e-08
1.440333403e-09
-8.226669865e-08
-1.309098541e-09
-8.182481662e-08
-4.099874633e-09
-8.099293239e-08
-6.902852291e-09
-7.977111901e-08
-9.686556365e-09
-7.816352079e-08
-1.2417544e-08
-7.617861286e-08
-1.506085879e-08
-7.382941401e-08
-1.758057495e-08
-7.113363943e-08
-1.994042717e-08
-6.811378007e-08
-2.210451879e-08
-6.479709458e-08
-2.403809774e-08
-6.121550084e-08
-2.570838591e-08
-5.740535521e-08
-2.708544411e-08
-5.340710994e-08
-2.814305121e-08
-4.926484278e-08
-2.885957299e-08
-4.502565652e-08
-2.921879434e-08
-4.07389518e-08
-2.921068725e-08
-3.645558177e-08
-2.883208804e-08
-3.222690353e-08
-2.808725926e-08
-2.810374721e-08
-2.69883164e-08
-2.413532957e-08
-2.555550512e-08
-2.036814367e-08
-2.381732247e-08
-1.68448609e-08
-2.181048376e-08
-1.360328407e-08
-1.957974554e-08
-1.067539219e-08
-1.717760274e-08
-8.086517978e-09
-1.466388431e-08
-5.854698454e-09
-1.21052746e-08
-3.990237925e-09
-9.574788221e-09
-2.495521715e-09
-7.151223764e-09
-1.365118929e-09
-4.918593274e-09
-5.862159322e-10
-2.965445614e-09
-1.394245626e-10
-1.384279158e-09
-2.729389391e-10
-3.308632933e-10
1.695324746e-09
-1.251624764e-09
5.114948481e-09
-2.69582124e-09
8.472213771e-09
-4.602411455e-09
1.168969002e-08
-6.915217893e-09
1.471100898e-08
-9.582464606e-09
1.749562405e-08
-1.255632444e-08
2.001624605e-08
-1.579248404e-08
2.225650926e-08
-1.924973777e-08
2.420866937e-08
-2.28896108e-08
2.587148472e-08
-2.667600785e-08
2.724833929e-08
-3.057488397e-08
2.834562969e-08
-3.45539358e-08
2.917142862e-08
-3.858231319e-08
2.973442565e-08
-4.263035333e-08
3.004313695e-08
-4.666934087e-08
3.010536675e-08
-5.067129824e-08
2.992789777e-08
-5.460881079e-08
2.95163828e-08
-5.845489067e-08
2.887540705e-08
-6.218288287e-08
2.800868961e-08
-6.576641561e-08
2.691939232e-08
-6.917939617e-08
2.561050593e-08
-7.239605198e-08
2.408528534e-08
-7.539101608e-08
2.234770866e-08
-7.81394548e-08
2.040293814e-08
-8.061723541e-08
1.8257764e-08
-8.28011306e-08
1.592101541e-08
-8.466905679e-08
1.340392567e-08
-8.620034285e-08
1.072044091e-08
-8.737602582e-08
7.887463524e-09
-8.817916982e-08
4.925023018e-09
-8.859520418e-08
1.856367724e-09
-8.861227557e-08
-1.292027184e-09
-8.82216114e-08
-4.490538845e-09
-8.741788236e-08
-7.706581367e-09
-8.619956168e-08
-1.090487707e-08
-8.45692677e-08
-1.404783801e-08
-8.25340794e-08
-1.709604713e-08
-8.010581165e-08
-2.000884274e-08
-7.73012353e-08
-2.274500355e-08
-7.414222599e-08
-2.526352813e-08
-7.06558249e-08
-2.752449886e-08
-6.687419493e-08
-2.949001591e-08
-6.283445671e-08
-3.112518236e-08
-5.857839133e-08
-3.239911662e-08
-5.415199995e-08
-3.32859644e-08
-4.960491545e-08
-3.376587887e-08
-4.498966675e-08
-3.382593598e-08
-4.036080355e-08
-3.346095126e-08
-3.577389633e-08
-3.267416651e-08
-3.128443395e-08
-3.14777788e-08
-2.694664857e-08
-2.989329052e-08
-2.281230369e-08
-2.795166737e-08
-1.89294864e-08
-2.569330108e-08
-1.534144835e-08
-2.31677836e-08
-1.208554173e-08
-2.043350939e-08
-9.192295841e-09
-1.755713022e-08
-6.684678618e-09
-1.461289184e-08
-4.577583441e-09
-1.168188342e-08
-2.877577782e-09
-8.851229444e-09
-1.582945977e-09
-6.213225095e-09
-6.840568267e-10
-3.864334791e-09
-1.640771578e-10
-1.904258851e-09
-4.370160994e-10
-3.603535035e-10
2.055678229e-09
-1.360526691e-09
6.115121614e-09
-2.925534991e-09
1.003722202e-08
-4.9865715e-09
1.375072648e-08
-7.480575614e-09
1.720501305e-08
-1.03498207e-08
2.036486908e-08
-1.354144832e-08
2.320787363e-08
-1.700697512e-08
2.572203601e-08
-2.070179987e-08
2.790349407e-08
-2.458472462e-08
2.975440943e-08
-2.861749685e-08
3.128111147e-08
-3.276437684e-08
3.249250963e-08
-3.699173337e-08
3.33987851e-08
-4.12676707e-08
3.401036293e-08
-4.556169e-08
3.433715621e-08
-4.984438862e-08
3.438806532e-08
-5.408720045e-08
3.417070956e-08
-5.826218059e-08
3.369136289e-08
-6.234183654e-08
3.295506297e-08
-6.629900764e-08
3.196586066e-08
-7.010679321e-08
3.072717784e-08
-7.373852919e-08
2.924224187e-08
-7.716781204e-08
2.751456815e-08
-8.036856808e-08
2.554846466e-08
-8.331516602e-08
2.334953603e-08
-8.598257009e-08
2.092516804e-08
-8.834653143e-08
1.828497671e-08
-9.038381499e-08
1.544120919e-08
-9.207245977e-08
1.240908566e-08
-9.339207007e-08
9.207073783e-09
-9.43241352e-08
5.857088122e-09
-9.485237509e-08
2.384607578e-09
-9.496310737e-08
-1.181294945e-09
-9.464563595e-08
-4.808010298e-09
-9.389264723e-08
-8.459570121e-09
-9.270061464e-08
-1.20969097e-08
-9.107019653e-08
-1.567825615e-08
-8.900661685e-08
-1.915962684e-08
-8.652001404e-08
-2.249544558e-08
-8.362574144e-08
-2.563927618e-08
-8.034460029e-08
-2.854466931e-08
-7.670298531e-08
-3.116611387e-08
-7.273292221e-08
-3.346007904e-08
-6.847197738e-08
-3.538612722e-08
-6.396302193e-08
-3.69080721e-08
-5.925383594e-08
-3.79951504e-08
-5.439654394e-08
-3.862317089e-08
-4.944687915e-08
-3.877560079e-08
-4.446328223e-08
-3.844454821e-08
-3.950584858e-08
-3.763160018e-08
-3.463514791e-08
-3.63484795e-08
-2.991094811e-08
-3.461749035e-08
-2.539088386e-08
-3.247173164e-08
-2.112911653e-08
-2.995506843e-08
-1.717503629e-08
-2.712186387e-08
-1.357205909e-08
-2.403648661e-08
-1.03565705e-08
-2.077261883e-08
-7.557064555e-09
-1.741239781e-08
-5.193520551e-09
-1.404542745e-08
-3.277052725e-09
-1.076769729e-08
-1.809859541e-09
-7.680418303e-09
-7.854936533e-10
-4.888700692e-09
-1.894533666e-10
-2.500299151e-09
-6.264694725e-10
-3.883866392e-10
2.444064835e-09
-1.464130373e-09
7.190865307e-09
-3.14424823e-09
1.171733983e-08
-5.352645122e-09
1.595912333e-08
-8.0197819e-09
1.987214978e-08
-1.10823063e-08
2.342739344e-08
-1.448258015e-08
2.660814744e-08
-1.816814107e-08
2.940759688e-08
-2.209113855e-08
3.18264915e-08
-2.6207769e-08
3.387103984e-08
-3.047772539e-08
3.555106781e-08
-3.486367236e-08
3.687845656e-08
-3.933075472e-08
3.786586742e-08
-4.384614505e-08
3.852575322e-08
-4.837863509e-08
3.88696462e-08
-5.289827467e-08
3.890770486e-08
-5.737606093e-08
3.864849578e-08
-6.178367994e-08
3.809898186e-08
-6.609330155e-08
3.726468454e-08
-7.027742788e-08
3.614998696e-08
-7.430879437e-08
3.475854429e-08
-7.816032198e-08
3.309376944e-08
-8.18051184e-08
3.115936454e-08
-8.521652583e-08
2.895987206e-08
-8.836821273e-08
2.65012229e-08
-9.123430727e-08
2.379126255e-08
-9.378957036e-08
2.084023977e-08
-9.600960652e-08
1.766124532e-08
-9.787111144e-08
1.427059054e-08
-9.935215514e-08
1.068811745e-08
-1.004324998e-07
6.937432788e-09
-1.010939512e-07
3.046058878e-09
-1.013207397e-07
-9.545064767e-10
-1.010999352e-07
-5.028814753e-09
-1.004218791e-07
-9.137626321e-09
-9.928063785e-08
-1.323815095e-08
-9.76744631e-08
-1.728443093e-08
-9.560624526e-08
-2.122784471e-08
-9.308394691e-08
-2.501774395e-08
-9.012099639e-08
-2.860222673e-08
-8.673662008e-08
-3.192904565e-08
-8.295608974e-08
-3.494664423e-08
-7.88108598e-08
-3.7605309e-08
-7.433856974e-08
-3.985841729e-08
-6.958288835e-08
-4.166375351e-08
-6.45931802e-08
-4.298485859e-08
-5.942398005e-08
-4.379237106e-08
-5.413426865e-08
-4.406531221e-08
-4.878655196e-08
-4.379226491e-08
-4.344575683e-08
-4.297239533e-08
-3.817796669e-08
-4.161626965e-08
-3.304903221e-08
-3.974642484e-08
-2.812310144e-08
-3.739766243e-08
-2.346112241e-08
-3.461704748e-08
-1.911937638e-08
-3.146360991e-08
-1.514810253e-08
-2.800776048e-08
-1.159027315e-08
-2.433044823e-08
-8.480574081e-09
-2.05220969e-08
-5.844636433e-09
-1.668136511e-08
-3.69855486e-09
-1.291377888e-08
-2.048714977e-09
-9.330258195e-09
-8.919433784e-10
-6.045472312e-09
-2.159634733e-10
-3.176279075e-09
-8.424329469e-10
-4.148935295e-10
2.858958349e-09
-1.562135578e-09
8.338107307e-09
-3.351255806e-09
1.350646002e-08
-5.699352048e-09
1.830721952e-08
-8.530830162e-09
2.270362785e-08
-1.177706802e-08
2.667363126e-08
-1.537593665e-08
3.020701603e-08
-1.927122486e-08
3.330288504e-08
-2.341201627e-08
3.596728288e-08
-2.775205137e-08
3.82110749e-08
-3.224909711e-08
4.004811351e-08
-3.686434061e-08
4.149370002e-08
-4.156181885e-08
4.256334563e-08
-4.630789308e-08
4.327182741e-08
-5.107077391e-08
4.3632527e-08
-5.582010164e-08
4.365703255e-08
-6.052658424e-08
4.335497835e-08
-6.516169439e-08
4.273409197e-08
-6.969742543e-08
4.180041554e-08
-7.410610526e-08
4.055866676e-08
-7.836026613e-08
3.901270513e-08
-8.243256767e-08
3.716607095e-08
-8.629577045e-08
3.502256728e-08
-8.992275689e-08
3.258685847e-08
-9.328659711e-08
2.986506308e-08
-9.636065728e-08
2.686532269e-08
-9.91187493e-08
2.359833175e-08
-1.015353207e-07
2.007781668e-08
-1.035856849e-07
1.632095475e-08
-1.052462924e-07
1.234872493e-08
-1.064950429e-07
8.186183243e-09
-1.073116397e-07
3.862655597e-09
-1.076779837e-07
-5.881624331e-10
-1.075786127e-07
-5.128185824e-09
-1.070011698e-07
-9.7150692e-09
-1.059369102e-07
-1.430241056e-08
-1.043812261e-07
-1.88401151e-08
-1.023341811e-07
-2.32748897e-08
-9.980103772e-08
-2.755088739e-08
-9.679275592e-08
-3.161050854e-08
-9.332644032e-08
-3.539536128e-08
-8.942570671e-08
-3.884737786e-08
-8.51209392e-08
-4.191007653e-08
-8.044940672e-08
-4.452994979e-08
-7.545520961e-08
-4.665795063e-08
-7.01890297e-08
-4.825103852e-08
-6.470766315e-08
-4.927373763e-08
-5.907332338e-08
-4.9699652e-08
-5.335271164e-08
-4.951287668e-08
-4.761586509e-08
-4.870924189e-08
-4.193480561e-08
-4.729732916e-08
-3.638202573e-08
-4.529920473e-08
-3.102886121e-08
-4.275082697e-08
-2.594380955e-08
-3.970209915e-08
-2.119086182e-08
-3.621655766e-08
-1.682791769e-08
-3.237070463e-08
-1.290535284e-08
-2.825301308e-08
-9.46480156e-09
-2.39626482e-08
-6.538206601e-09
-1.960796008e-08
-4.147173886e-09
-1.530481161e-08
-2.302652785e-09
-1.117477931e-08
-1.004950243e-09
-7.343174861e-09
-2.440471778e-10
-3.937182148e-09
-1.08648013e-09
-4.397868023e-10
3.298745122e-09
-1.654196705e-09
9.552517177e-09
-3.545788483e-09
1.539805176e-08
-6.025344558e-09
2.078677556e-08
-9.011657181e-09
2.568994044e-08
-1.243121427e-08
3.00931883e-08
-1.621771305e-08
3.399351477e-08
-2.031145299e-08
3.739662495e-08
-2.465866314e-08
4.031449299e-08
-2.921080228e-08
4.276321401e-08
-3.392385986e-08
4.476117105e-08
-3.875767846e-08
4.632751859e-08
-4.367531338e-08
4.748098051e-08
-4.864244027e-08
4.823895427e-08
-5.362681863e-08
4.861690533e-08
-5.859781605e-08
4.862802994e-08
-6.352599593e-08
4.828315819e-08
-6.838276934e-08
4.759086535e-08
-7.314011033e-08
4.65577565e-08
-7.777033249e-08
4.518888889e-08
-8.224592394e-08
4.348829654e-08
-8.653943719e-08
4.145958418e-08
-9.062343052e-08
3.910656058e-08
-9.447045731e-08
3.643388523e-08
-9.805310092e-08
3.344770666e-08
-1.01344053e-07
3.015627479e-08
-1.043162348e-07
2.657051351e-08
-1.069429609e-07
2.270454269e-08
-1.091981473e-07
1.857614117e-08
-1.110565659e-07
1.420714353e-08
-1.124941465e-07
9.623763837e-09
-1.1348833e-07
4.856839063e-09
-1.140184743e-07
-5.801812827e-11
-1.140663087e-07
-5.080351507e-09
-1.13616447e-07
-1.016493093e-08
-1.126569404e-07
-1.52619172e-08
-1.111798727e-07
-2.031718274e-08
-1.091819804e-07
-2.527278209e-08
-1.066652806e-07
-3.006758721e-08
-1.036376875e-07
-3.463810167e-08
-1.001135877e-07
-3.891946104e-08
-9.611434495e-08
-4.284662064e-08
-9.166869777e-08
-4.635572373e-08
-8.68130145e-08
-4.938563308e-08
-8.159136761e-08
-5.187959754e-08
-7.605539334e-08
-5.378701279e-08
-7.02639075e-08
-5.506522348e-08
-6.42822568e-08
-5.568130271e-08
-5.818139687e-08
-5.561373662e-08
-5.203670195e-08
-5.485393683e-08
-4.592652721e-08
-5.340750391e-08
-3.993056143e-08
-5.129517052e-08
-3.412802328e-08
-4.855336513e-08
-2.859576838e-08
-4.523435405e-08
-2.340638422e-08
-4.140594183e-08
-1.862635484e-08
-3.715073401e-08
-1.431437675e-08
-3.256499118e-08
-1.051990011e-08
-2.775712485e-08
-7.281956752e-09
-2.284590345e-08
-4.628317608e-09
-1.795845076e-08
-2.575001567e-09
-1.322809536e-08
-1.126141419e-09
-8.792035024e-09
-2.741627661e-10
-4.789160814e-09
-1.360642895e-09
-4.62963267e-10
3.761708378e-09
-1.739926203e-09
1.082948007e-08
-3.727012633e-09
1.738513815e-08
-6.329198506e-09
2.33889614e-08
-9.460122005e-09
2.88208639e-08
-1.304178086e-08
3.367484713e-08
-1.700403662e-08
3.79557705e-08
-2.128397999e-08
4.167656828e-08
-2.582521648e-08
4.485572945e-08
-3.057711477e-08
4.751511227e-08
-3.549404935e-08
4.96781056e-08
-4.05346617e-08
5.13681309e-08
-4.566115825e-08
5.260747703e-08
-5.083865825e-08
5.341645424e-08
-5.60346007e-08
5.381284775e-08
-6.121821592e-08
5.381164513e-08
-6.636006465e-08
5.342500689e-08
-7.143164508e-08
5.266244576e-08
-7.640506651e-08
5.15311779e-08
-8.125278664e-08
5.0036609e-08
-8.594740903e-08
4.818291891e-08
-9.046153644e-08
4.597371156e-08
-9.476767605e-08
4.341270017e-08
-9.883819313e-08
4.050440229e-08
-1.026453104e-07
3.725482388e-08
-1.061611515e-07
3.367211586e-08
-1.093578288e-07
2.976719081e-08
-1.122075764e-07
2.555429022e-08
-1.146829304e-07
2.105149519e-08
-1.167569613e-07
1.628117441e-08
-1.184035606e-07
1.127036314e-08
-1.195977876e-07
6.051066037e-09
-1.203162802e-07
6.604744054e-10
-1.205377233e-07
-4.858908334e-09
-1.202434026e-07
-1.045925169e-08
-1.194177982e-07
-1.608752164e-08
-1.180492518e-07
-2.16857291e-08
-1.161306739e-07
-2.719136005e-08
-1.136602789e-07
-3.253798217e-08
-1.106423274e-07
-3.765605321e-08
-1.070878437e-07
-4.247394476e-08
-1.03015276e-07
-4.691918834e-08
-9.845105773e-08
-5.091994201e-08
-9.343002662e-08
-5.440666421e-08
-8.799565631e-08
-5.731396786e-08
-8.220005638e-08
-5.958261274e-08
-7.610370158e-08
-6.116157828e-08
-6.977485981e-08
-6.201014449e-08
-6.328870052e-08
-6.209989591e-08
-5.672608175e-08
-6.141655562e-08
-5.017203234e-08
-5.996155333e-08
-4.371396652e-08
-5.775323635e-08
-3.74396877e-08
-5.482764395e-08
-3.143525648e-08
-5.123878528e-08
-2.578281131e-08
-4.705838702e-08
-2.055843813e-08
-4.237510719e-08
-1.583018599e-08
-3.729324333e-08
-1.165631809e-08
-3.193099276e-08
-8.083872807e-09
-2.641834874e-08
-5.147586868e-09
-2.08947367e-08
-2.869206948e-09
-1.550647529e-08
-1.257196035e-09
-1.040404594e-08
-3.067800186e-10
-5.739576832e-09
-1.667422918e-09
-4.843074848e-10
4.246015837e-09
-1.818903098e-09
1.216407566e-08
-3.89404203e-09
1.946027705e-08
-6.609425339e-09
2.610434468e-08
-9.874015451e-09
3.208545398e-08
-1.360573648e-08
3.740656813e-08
-1.773096795e-08
4.208100194e-08
-2.218388671e-08
4.612948702e-08
-2.690571863e-08
4.957756134e-08
-3.184394462e-08
5.245333824e-08
-3.695149512e-08
5.478565607e-08
-4.218595961e-08
5.660259537e-08
-4.750883164e-08
5.793034903e-08
-5.288480406e-08
5.879242663e-08
-5.828112488e-08
5.920916855e-08
-6.366702015e-08
5.919754038e-08
-6.901318681e-08
5.877117353e-08
-7.429135589e-08
5.794061482e-08
-7.947392431e-08
5.67137463e-08
-8.453365181e-08
5.509633647e-08
-8.944341882e-08
5.30926859e-08
-9.417604066e-08
5.070633338e-08
-9.870413353e-08
4.794079302e-08
-1.030000288e-07
4.480029752e-08
-1.070357328e-07
4.12905279e-08
-1.107829316e-07
3.741931461e-08
-1.142130401e-07
3.319729928e-08
-1.172972991e-07
2.863854922e-08
-1.20006923e-07
2.37611191e-08
-1.223133034e-07
1.858755478e-08
-1.241882744e-07
1.314533415e-08
-1.256044464e-07
7.467238e-09
-1.265356131e-07
1.591641091e-09
-1.269572333e-07
-4.437288154e-09
-1.268470086e-07
-1.056947638e-08
-1.261855218e-07
-1.674900843e-08
-1.249569682e-07
-2.291428276e-08
-1.231499491e-07
-2.899837922e-08
-1.207583169e-07
-3.49296143e-08
-1.177820492e-07
-4.063232094e-08
-1.1422812e-07
-4.602787399e-08
-1.101113322e-07
-5.103597614e-08
-1.054550649e-07
-5.557620932e-08
-1.002918849e-07
-5.956984424e-08
-9.46639682e-08
-6.294188455e-08
-8.862327675e-08
-6.56233042e-08
-8.223143838e-08
-6.755341666e-08
-7.555928742e-08
-6.868229545e-08
-6.868603534e-08
-6.8973148e-08
-6.169805933e-08
-6.840453163e-08
-5.468731849e-08
-6.697229417e-08
-4.774943173e-08
-6.469112312e-08
-4.098147679e-08
-6.159559889e-08
-3.447959292e-08
-5.774066916e-08
-2.833648849e-08
-5.320149145e-08
-2.263896708e-08
-4.80726286e-08
-1.746558824e-08
-4.246662217e-08
-1.288457263e-08
-3.651200837e-08
-8.952044409e-09
-3.035087696e-08
-5.710677082e-09
-2.413610403e-08
-3.188778228e-09
-1.802837414e-08
-1.399823313e-09
-1.219300086e-08
-3.423757143e-10
-6.797024437e-09
-2.00979863e-09
-5.036959141e-10
4.749711745e-09
-1.890685168e-09
1.355106488e-08
-4.045958368e-09
2.161555023e-08
-6.864499586e-09
2.892288587e-08
-1.025109268e-08
3.547204706e-08
-1.412001878e-08
4.12754942e-08
-1.839453989e-08
4.635552303e-08
-2.300622254e-08
5.074116965e-08
-2.789416348e-08
5.446550226e-08
-3.300416303e-08
5.756333777e-08
-3.828788147e-08
6.006937448e-08
-4.37020066e-08
6.201672049e-08
-4.920745448e-08
6.343579689e-08
-5.476861943e-08
6.435359156e-08
-6.03526848e-08
6.47932339e-08
-6.592900143e-08
6.477385699e-08
-7.146853726e-08
6.431070934e-08
-7.694339837e-08
6.341547591e-08
-8.232641944e-08
6.209676735e-08
-8.759081989e-08
6.036073691e-08
-9.270992102e-08
5.821178702e-08
-9.76569191e-08
5.565333144e-08
-1.024047098e-07
5.268858372e-08
-1.069257603e-07
4.932134798e-08
-1.111920262e-07
4.55567938e-08
-1.151749134e-07
4.140220176e-08
-1.188452848e-07
3.68676707e-08
-1.221735164e-07
3.196678082e-08
-1.251296061e-07
2.671720883e-08
-1.276833431e-07
2.114129168e-08
-1.298045439e-07
1.526653494e-08
-1.314633654e-07
9.126059561e-09
-1.326307009e-07
2.758976522e-09
-1.332786623e-07
-3.789326722e-09
-1.333811772e-07
-1.046696152e-08
-1.329146595e-07
-1.721552614e-08
-1.318587992e-07
-2.3970143e-08
-1.301974375e-07
-3.065974099e-08
-1.279195186e-07
-3.720753321e-08
-1.250200987e-07
-4.353174079e-08
-1.215013797e-07
-4.954659305e-08
-1.173737277e-07
-5.516362808e-08
-1.126566288e-07
-6.029330822e-08
-1.073795217e-07
-6.484695138e-08
-1.015824452e-07
-6.873896106e-08
-9.531643278e-08
-7.188931659e-08
-8.864358838e-08
-7.422626106e-08
-8.163678446e-08
-7.568909938e-08
-7.437893704e-08
-7.623099541e-08
-6.696183091e-08
-7.582163776e-08
-5.948449385e-08
-7.444963123e-08
-5.205114815e-08
-7.212446881e-08
-4.476879861e-08
-6.887794842e-08
-3.774454672e-08
-6.476492105e-08
-3.108274621e-08
-5.986329196e-08
-2.488213319e-08
-5.427324162e-08
-1.923307113e-08
-4.811568423e-08
-1.421504617e-08
-4.153003333e-08
-9.894530031e-09
-3.46713931e-08
-6.32329731e-09
-2.770733675e-08
-3.537247032e-09
-2.081442442e-08
-1.555746758e-09
-1.417450113e-08
-3.814307421e-10
-7.971340448e-09
-2.391229374e-09
-5.210017729e-10
5.270713497e-09
-1.954823822e-09
1.498488692e-08
-4.181838344e-09
2.384256473e-08
-7.092898159e-09
3.183394567e-08
-1.058912372e-08
3.89682726e-08
-1.458159491e-08
4.526796537e-08
-1.899082729e-08
5.076475539e-08
-2.374608398e-08
5.549642632e-08
-2.878458435e-08
5.950400261e-08
-3.405065485e-08
6.282940825e-08
-3.949485763e-08
6.551357724e-08
-4.507312601e-08
6.759498885e-08
-5.074592979e-08
6.910860066e-08
-5.647748767e-08
7.008514943e-08
-6.223503904e-08
7.055078525e-08
-6.79881829e-08
7.052700084e-08
-7.370828765e-08
7.003081408e-08
-7.936797218e-08
6.907516043e-08
-8.494065621e-08
6.766945137e-08
-9.040017591e-08
6.582025661e-08
-9.572045988e-08
6.353207097e-08
-1.008752601e-07
6.080813167e-08
-1.058379333e-07
5.765125695e-08
-1.105812687e-07
5.406468334e-08
-1.150773596e-07
5.005288465e-08
-1.19297519e-07
4.562236121e-08
-1.232122408e-07
4.078239246e-08
-1.267912092e-07
3.554574922e-08
-1.300033642e-07
2.992936386e-08
-1.328170293e-07
2.395495679e-08
-1.352001113e-07
1.764961689e-08
-1.371203824e-07
1.104633069e-08
-1.385458556e-07
4.184449734e-09
-1.394452565e-07
-2.889925923e-09
-1.397886252e-07
-1.012359277e-08
-1.395480095e-07
-1.745614188e-08
-1.386983e-07
-2.481985248e-08
-1.372181769e-07
-3.213986406e-08
-1.350911628e-07
-3.933454734e-08
-1.323067633e-07
-4.631614023e-08
-1.288616669e-07
-5.299168949e-08
-1.247609614e-07
-5.926433352e-08
-1.200193171e-07
-6.503495261e-08
-1.146620695e-07
-7.020419897e-08
-1.087261314e-07
-7.467489913e-08
-1.02260651e-07
-7.8354797e-08
-9.532733546e-08
-8.115957658e-08
-8.800036224e-08
-8.30160726e-08
-8.036581206e-08
-8.386554559e-08
-7.25205789e-08
-8.366687092e-08
-6.457073957e-08
-8.239947056e-08
-5.662940043e-08
-8.006580795e-08
-4.881407743e-08
-7.669327142e-08
-4.124370416e-08
-7.233529432e-08
-3.403539742e-08
-6.707159869e-08
-2.730113609e-08
-6.100750295e-08
-2.114452245e-08
-5.427229787e-08
-1.565779382e-08
-4.701676195e-08
-1.091923405e-08
-3.940995287e-08
-6.991099844e-09
-3.163547095e-08
-3.918133227e-09
-2.388739103e-08
-1.726692207e-09
-1.636594215e-08
-4.244283549e-10
-9.2736043e-09
-2.815657725e-09
-5.361002063e-10
5.806813703e-09
-2.010881187e-09
1.645966788e-08
-4.30078596e-09
2.613246948e-08
-7.293149017e-09
3.482630871e-08
-1.088595828e-08
4.256108185e-08
-1.498754178e-08
4.936954885e-08
-1.951604183e-08
5.529325543e-08
-2.439872362e-08
6.03791081e-08
-2.957117717e-08
6.467645615e-08
-3.497645653e-08
6.82346876e-08
-4.056419151e-08
7.110131221e-08
-4.628970118e-08
7.332049851e-08
-5.211313288e-08
7.493203235e-08
-5.799864479e-08
7.597066132e-08
-6.391364526e-08
7.646578572e-08
-6.982809731e-08
7.644145288e-08
-7.571389236e-08
7.591660912e-08
-8.154429422e-08
7.490556228e-08
-8.729345104e-08
7.341860819e-08
-9.293597143e-08
7.146277699e-08
-9.844655955e-08
6.904265908e-08
-1.037997038e-07
6.616127593e-08
-1.089694143e-07
6.282096746e-08
-1.139290051e-07
5.902427408e-08
-1.186509187e-07
5.47747983e-08
-1.231065938e-07
5.007803631e-08
-1.272663764e-07
4.494217499e-08
-1.3109948e-07
3.937885285e-08
-1.345740018e-07
3.340388568e-08
-1.376570022e-07
2.70379572e-08
-1.403146598e-07
2.030727444e-08
-1.425125131e-07
1.324418397e-08
-1.442158032e-07
5.887739861e-09
-1.453899233e-07
-1.715805848e-09
-1.460010055e-07
-9.512510514e-09
-1.46016626e-07
-1.744052143e-08
-1.454066671e-07
-2.542981131e-08
-1.441443208e-07
-3.34022104e-08
-1.422072291e-07
-4.127163903e-08
-1.395787497e-07
-4.89446196e-08
-1.362493186e-07
-5.632112059e-08
-1.322178711e-07
-6.3295781e-08
-1.274932675e-07
-6.97595562e-08
-1.220956541e-07
-7.56018124e-08
-1.160576768e-07
-8.071287645e-08
-1.094254537e-07
-8.49870201e-08
-1.022592058e-07
-8.832582445e-08
-9.46334468e-08
-9.064183158e-08
-8.663664164e-08
-9.186235074e-08
-7.837026463e-08
-9.193324793e-08
-6.994721749e-08
-9.082251769e-08
-6.14896085e-08
-8.852341693e-08
-5.312594006e-08
-8.505693985e-08
-4.498780169e-08
-8.047343268e-08
-3.720621146e-08
-7.485318891e-08
-2.990778638e-08
-6.830592802e-08
-2.321094519e-08
-6.096913904e-08
-1.722235141e-08
-5.300535572e-08
-1.203378766e-08
-4.459851662e-08
-7.719614418e-09
-3.594964418e-08
-4.334914758e-09
-2.727209068e-08
-1.914378012e-09
-1.878647888e-08
-4.71852988e-10
-1.071612931e-08
-3.287510712e-09
-5.48874018e-10
6.355687705e-09
-2.058448959e-09
1.796924281e-08
-4.401969041e-09
2.847598956e-08
-7.463887455e-09
3.788822711e-08
-1.113960238e-08
4.623679676e-08
-1.533514262e-08
5.356508908e-08
-1.996664795e-08
5.992476075e-08
-2.495968494e-08
6.537214508e-08
-3.024845393e-08
6.996522513e-08
-3.577492857e-08
7.376116223e-08
-4.1487962e-08
7.681434564e-08
-4.734238897e-08
7.917492548e-08
-5.329814777e-08
8.088779114e-08
-5.931944101e-08
8.199195456e-08
-6.537394914e-08
8.252029384e-08
-7.143210572e-08
8.249960946e-08
-7.746643953e-08
8.195094293e-08
-8.345098441e-08
8.089010716e-08
-8.936075527e-08
7.932837905e-08
-9.517128625e-08
7.727330797e-08
-1.00858226e-07
7.472959886e-08
-1.063969848e-07
7.170003474e-08
-1.117624281e-07
6.818641077e-08
-1.169286131e-07
6.419045907e-08
-1.218685658e-07
5.971475094e-08
-1.265540983e-07
5.47635688e-08
-1.30955669e-07
4.934374578e-08
-1.350422902e-07
4.346547398e-08
-1.387814889e-07
3.714308446e-08
-1.421393337e-07
3.039580194e-08
-1.450805351e-07
2.324847588e-08
-1.475686372e-07
1.573228608e-08
-1.495663132e-07
7.885415843e-09
-1.510357878e-07
-2.463312138e-10
-1.51939363e-07
-8.608935313e-09
-1.522401543e-07
-1.713973016e-08
-1.519029325e-07
-2.576703308e-08
-1.508951704e-07
-3.440997248e-08
-1.491882529e-07
-4.297855648e-08
-1.467588512e-07
-5.137402132e-08
-1.435904393e-07
-5.948953249e-08
-1.396749183e-07
-6.721130195e-08
-1.350142949e-07
-7.442017963e-08
-1.296223421e-07
-8.099376519e-08
-1.23526153e-07
-8.680906556e-08
-1.167674786e-07
-9.174569444e-08
-1.094037316e-07
-9.568957147e-08
-1.0150853e-07
-9.853703321e-08
-9.31716634e-08
-1.001992173e-07
-8.449838028e-08
-1.00606531e-07
-7.560792689e-08
-9.971297106e-08
-6.663131515e-08
-9.750002866e-08
-5.770835057e-08
-9.397990441e-08
-4.898401418e-08
-8.919776906e-08
-4.060435261e-08
-8.323285047e-08
-3.27120832e-08
-7.619819742e-08
-2.544215685e-08
-6.823906537e-08
-1.891753534e-08
-5.952997722e-08
-1.324542674e-08
-5.027062521e-08
-8.514182303e-09
-4.06808886e-08
-4.790998237e-09
-3.099527473e-08
-2.120505997e-09
-2.145697111e-08
-5.241894259e-10
-1.231244588e-08
-3.811700133e-09
-5.59219586e-10
6.914907296e-09
-2.097168789e-09
1.9507192e-08
-4.484659288e-09
3.086348005e-08
-7.603918692e-09
4.100748651e-08
-1.13483046e-08
4.998118267e-08
-1.562199713e-08
5.78387816e-08
-2.033949646e-08
6.464226008e-08
-2.542495888e-08
7.04576075e-08
-3.081142205e-08
7.53516883e-08
-3.64399578e-08
7.938969798e-08
-4.225878491e-08
8.263317275e-08
-4.822237056e-08
8.513851113e-08
-5.429054478e-08
8.695596536e-08
-6.042764748e-08
8.812905726e-08
-6.660172282e-08
8.869436919e-08
-7.278377097e-08
8.868165761e-08
-7.894706274e-08
8.811423471e-08
-8.506651903e-08
8.700956345e-08
-9.111815347e-08
8.538001349e-08
-9.707857492e-08
8.323372943e-08
-1.029245447e-07
8.057556866e-08
-1.086325833e-07
7.74080733e-08
-1.141786211e-07
7.373244865e-08
-1.195376905e-07
6.954952845e-08
-1.246836547e-07
6.486071513e-08
-1.295889755e-07
5.966888966e-08
-1.342245208e-07
5.397929111e-08
-1.385594164e-07
4.780036951e-08
-1.425609497e-07
4.114461785e-08
-1.461945365e-07
3.402938871e-08
-1.494237603e-07
2.647769969e-08
-1.522105026e-07
1.851902835e-08
-1.545151783e-07
1.019009156e-08
-1.562971035e-07
1.53559402e-09
-1.575149662e-07
-7.391072553e-09
-1.581275554e-07
-1.652714099e-08
-1.580945533e-07
-2.580003518e-08
-1.573776048e-07
-3.512692099e-08
-1.559415712e-07
-4.441459007e-08
-1.537559897e-07
-5.355960272e-08
-1.507967263e-07
-6.244879591e-08
-1.47047792e-07
-7.096023621e-08
-1.425032761e-07
-7.896469557e-08
-1.371693225e-07
-8.632771875e-08
-1.310660559e-07
-9.291233216e-08
-1.242293364e-07
-9.858241394e-08
-1.167122049e-07
-1.03206703e-07
-1.085858669e-07
-1.066633712e-07
-9.994006227e-08
-1.088450219e-07
-9.088268153e-08
-1.096639118e-07
-8.15385217e-08
-1.090571309e-07
-7.204712269e-08
-1.069914277e-07
-6.255969083e-08
-1.034673363e-07
-5.323519192e-08
-9.852226795e-08
-4.423577469e-08
-9.223226769e-08
-3.572175727e-08
-8.471221483e-08
-2.784646386e-08
-7.611435877e-08
-2.075122636e-08
-6.66252147e-08
-1.456086062e-08
-5.646099092e-08
-9.379885956e-09
-4.586186325e-08
-5.289687995e-09
-3.508547268e-08
-2.346752018e-09
-2.439990707e-08
-5.819218881e-10
-1.407727599e-08
-4.393622019e-09
-5.670532409e-10
7.481960528e-09
-2.12675393e-09
2.10668927e-08
-4.548275267e-09
3.328500139e-08
-7.712285741e-09
4.417149698e-08
-1.15106506e-08
5.377954753e-08
-1.584614297e-08
6.217427398e-08
-2.063197292e-08
6.942809003e-08
-2.579115874e-08
7.561679332e-08
-3.125578548e-08
8.081631504e-08
-3.696618491e-08
8.510009742e-08
-4.28700675e-08
8.853705534e-08
-4.892163434e-08
9.119007798e-08
-5.508069364e-08
9.311502467e-08
-6.131180209e-08
9.436016571e-08
-6.758344683e-08
9.496601393e-08
-7.386727914e-08
9.496548992e-08
-8.013740629e-08
9.438436187e-08
-8.636974414e-08
9.324190131e-08
-9.254142968e-08
9.155169904e-08
-9.863029041e-08
8.932259018e-08
-1.046143659e-07
8.655964412e-08
-1.10471476e-07
8.326518342e-08
-1.161788313e-07
7.9439804e-08
-1.217126812e-07
7.508337834e-08
-1.27047997e-07
7.019603095e-08
-1.321581903e-07
6.4779083e-08
-1.370148677e-07
5.883596846e-08
-1.41587626e-07
5.237312792e-08
-1.458438967e-07
4.540088856e-08
-1.497488467e-07
3.793433872e-08
-1.53265351e-07
2.999420397e-08
-1.563540509e-07
2.160772823e-08
-1.589735173e-07
1.280955803e-08
-1.610805408e-07
3.642617534e-09
-1.626305521e-07
-5.841061225e-09
-1.635782692e-07
-1.557942393e-08
-1.638784581e-07
-2.549984622e-08
-1.634869754e-07
-3.551840367e-08
-1.623620339e-07
-4.553953158e-08
-1.604657162e-07
-5.545592039e-08
-1.577657353e-07
-6.514877671e-08
-1.542374236e-07
-7.448854792e-08
-1.498659094e-07
-8.333620978e-08
-1.446484155e-07
-9.154521265e-08
-1.385965817e-07
-9.89641659e-08
-1.317386836e-07
-1.05440312e-07
-1.241215898e-07
-1.108237968e-07
-1.158122774e-07
-1.149726835e-07
-1.068987158e-07
-1.177585835e-07
-9.748993298e-08
-1.190726945e-07
-8.771510907e-08
-1.188319548e-07
-7.772158987e-08
-1.169849468e-07
-6.767178992e-08
-1.135171362e-07
-5.773904382e-08
-1.08455014e-07
-4.810256559e-08
-1.018687459e-07
-3.894177187e-08
-9.387300852e-08
-3.043030382e-08
-8.46258268e-08
-2.273013075e-08
-7.432538775e-08
-1.59861265e-08
-6.320499516e-08
-1.032147068e-08
-5.152651904e-08
-5.834151184e-09
-3.957279216e-08
-2.594755124e-09
-2.763930311e-08
-6.455329008e-10
-1.60264982e-08
-5.039154913e-09
-5.72317724e-10
8.054278262e-09
-2.147011944e-09
2.264158692e-08
-4.592427861e-09
3.573041731e-08
-7.788341655e-09
4.736741078e-08
-1.162566422e-08
5.76168701e-08
-1.600618672e-08
6.655479649e-08
-2.084215833e-08
7.426406164e-08
-2.605571028e-08
8.083034528e-08
-3.157816394e-08
8.633876871e-08
-3.734925279e-08
9.087118627e-08
-4.331628658e-08
9.450408914e-08
-4.943328499e-08
9.73070764e-08
-5.566010561e-08
9.93418453e-08
-6.196158749e-08
1.006616476e-07
-6.830672737e-08
1.013111538e-07
-7.46679006e-08
1.013266632e-07
-8.102013474e-08
1.00736596e-07
-8.734043916e-08
9.956220573e-08
-9.360719073e-08
9.781845063e-08
-9.979957317e-08
9.551497264e-08
-1.058970656e-07
9.265713657e-08
-1.118789754e-07
8.924709321e-08
-1.177240102e-07
8.528483887e-08
-1.234098854e-07
8.076925358e-08
-1.289129634e-07
7.56991089e-08
-1.342079242e-07
7.007404382e-08
-1.392674691e-07
6.389551344e-08
-1.440620602e-07
5.716771897e-08
-1.48559702e-07
4.989853038e-08
-1.527257761e-07
4.210041291e-08
-1.565229396e-07
3.37913675e-08
-1.599111034e-07
2.499589205e-08
-1.628475106e-07
1.574596526e-08
-1.652869373e-07
6.082044246e-09
-1.671820312e-07
-3.945967333e-09
-1.684838559e-07
-1.427759915e-08
-1.691425937e-07
-2.484110846e-08
-1.69108521e-07
-3.555247635e-08
-1.683332475e-07
-4.631480501e-08
-1.667712436e-07
-5.701792425e-08
-1.6438167e-07
-6.753835036e-08
-1.61130505e-07
-7.77397129e-08
-1.569929428e-07
-8.747377189e-08
-1.51956005e-07
-9.658215048e-08
-1.46021272e-07
-1.048988988e-07
-1.392076041e-07
-1.122539798e-07
-1.315536764e-07
-1.184777245e-07
-1.231201221e-07
-1.234062378e-07
-1.13991052e-07
-1.268876536e-07
-1.042747117e-07
-1.287890348e-07
-9.410306146e-08
-1.29003605e-07
-8.363010945e-08
-1.274578988e-07
-7.302891341e-08
-1.241183322e-07
-6.248727032e-08
-1.189966571e-07
-5.220224035e-08
-1.121537758e-07
-4.237377737e-08
-1.037014715e-07
-3.319784988e-08
-9.380175426e-08
-2.485951362e-08
-8.266372399e-08
-1.752642515e-08
-7.05380836e-08
-1.134325508e-08
-5.770968909e-08
-6.427377248e-09
-4.448866997e-08
-2.866104396e-09
-3.120057594e-08
-7.15501588e-10
-1.817710098e-08
-5.754656497e-09
-5.749890065e-10
8.629267265e-09
-2.15786828e-09
2.422446621e-08
-4.616967766e-09
3.818951681e-08
-7.831825467e-09
5.05822685e-08
-1.169291443e-08
6.147795907e-08
-1.610144264e-08
7.096332471e-08
-2.096899992e-08
7.913161893e-08
-2.621705413e-08
8.60783995e-08
-3.177632653e-08
9.189804112e-08
-3.758607123e-08
9.668093098e-08
-4.359328477e-08
1.005113027e-07
-4.975187253e-08
1.034656642e-07
-5.602179732e-08
1.056117701e-07
-6.236823278e-08
1.070080831e-07
-6.876073979e-08
1.077036608e-07
-7.517247992e-08
1.077384033e-07
-8.157947496e-08
1.071435911e-07
-8.795991722e-08
1.05942648e-07
-9.429353189e-08
1.041520653e-07
-1.005609894e-07
1.017824302e-07
-1.067433643e-07
9.883951149e-08
-1.128216357e-07
9.532536466e-08
-1.187762247e-07
9.123942789e-08
-1.245865639e-07
8.657959279e-08
-1.302306964e-07
8.134324138e-08
-1.356849021e-07
7.552824958e-08
-1.409233525e-07
6.913396386e-08
-1.459177954e-07
6.216216194e-08
-1.506372765e-07
5.461801146e-08
-1.550479042e-07
4.651104066e-08
-1.591126713e-07
3.785613465e-08
-1.627913467e-07
2.867456743e-08
-1.660404575e-07
1.899507611e-08
-1.688133871e-07
8.854973918e-09
-1.710606158e-07
-1.698738657e-09
-1.727301133e-07
-1.260810161e-08
-1.737679883e-07
-2.380323345e-08
-1.741193326e-07
-3.5201132e-08
-1.737293949e-07
-4.67047427e-08
-1.725450739e-07
-5.82022452e-08
-1.705167678e-07
-6.95666564e-08
-1.676005933e-07
-8.065588739e-08
-1.637609651e-07
-9.131340008e-08
-1.589734953e-07
-1.013696203e-07
-1.532281303e-07
-1.106442637e-07
-1.465323961e-07
-1.189497141e-07
-1.389145686e-07
-1.26095552e-07
-1.304265381e-07
-1.318942682e-07
-1.21146093e-07
-1.361680987e-07
-1.111783278e-07
-1.387567999e-07
-1.006558869e-07
-1.395260459e-07
-8.97377976e-08
-1.383759881e-07
-7.860673166e-08
-1.352493981e-07
-6.746465603e-08
-1.301387327e-07
-5.652698602e-08
-1.230914458e-07
-4.601551838e-08
-1.142129391e-07
-3.615057429e-08
-1.036666983e-07
-2.714290044e-08
-9.167139782e-08
-1.918593461e-08
-7.849504941e-08
-1.24490278e-08
-6.444659587e-08
-7.072129956e-09
-4.986556778e-08
-3.162322719e-09
-3.511038315e-08
-7.923012979e-10
-2.054712238e-08
-6.546957786e-09
-5.750831032e-10
9.204350384e-09
-2.159390599e-09
2.580877371e-08
-4.622034759e-09
4.065216098e-08
-7.842941273e-09
5.380317503e-08
-1.171262688e-08
6.534764469e-08
-1.613207798e-08
7.538277583e-08
-2.10124901e-08
8.401203107e-08
-2.627485786e-08
9.134076728e-08
-3.18494363e-08
9.747261957e-08
-3.76750937e-08
1.025065884e-07
-4.369857966e-08
1.065347887e-07
-4.987373484e-08
1.096408194e-07
-5.61606688e-08
1.118987041e-07
-6.252492988e-08
1.133723442e-07
-6.89366875e-08
1.141154185e-07
-7.536994251e-08
1.141716584e-07
-8.180177654e-08
1.135754251e-07
-8.821164658e-08
1.123525181e-07
-9.458072701e-08
1.105211458e-07
-1.008912985e-07
1.080930017e-07
-1.071261804e-07
1.050743934e-07
-1.132682025e-07
1.014673868e-07
-1.192997112e-07
9.72709367e-08
-1.252021061e-07
9.24819877e-08
-1.309554018e-07
8.70965371e-08
-1.365378146e-07
8.111066239e-08
-1.419253717e-07
7.452152105e-08
-1.470915456e-07
6.732833586e-08
-1.52006916e-07
5.953338184e-08
-1.566388674e-07
5.114299212e-08
-1.609513318e-07
4.216859906e-08
-1.649045895e-07
3.262782515e-08
-1.684551476e-07
2.254563431e-08
-1.715557207e-07
1.195554699e-08
-1.741553595e-07
9.009002385e-10
-1.761996523e-07
-1.056380877e-08
-1.776313241e-07
-2.237156161e-08
-1.783908745e-07
-3.444158162e-08
-1.784176505e-07
-4.667796666e-08
-1.776512508e-07
-5.896864488e-08
-1.760333342e-07
-7.118457291e-08
-1.735098695e-07
-8.317935205e-08
-1.700338395e-07
-9.478943006e-08
-1.655683824e-07
-1.058350773e-07
-1.600903079e-07
-1.161223382e-07
-1.535938693e-07
-1.254461527e-07
-1.460946094e-07
-1.335948118e-07
-1.376330297e-07
-1.403558479e-07
-1.282777686e-07
-1.455233597e-07
-1.181279338e-07
-1.489066347e-07
-1.073142151e-07
-1.503397646e-07
-9.599843808e-08
-1.496917651e-07
-8.437129678e-08
-1.468765394e-07
-7.264814011e-08
-1.418618893e-07
-6.106286765e-08
-1.346767182e-07
-4.986019696e-08
-1.254156098e-07
-3.928677099e-08
-1.142401243e-07
-2.958174539e-08
-1.013764234e-07
-2.096759971e-08
-8.710919505e-08
-1.364192888e-08
-7.177226668e-08
-7.770891067e-09
-5.573660556e-08
-3.484846903e-09
-3.939642728e-08
-8.763962719e-10
-2.315557298e-08
-7.423354052e-09
-5.72663186e-10
9.777013573e-09
-2.15181378e-09
2.738792433e-08
-4.608108594e-09
4.310845582e-08
-7.822440198e-09
5.701750665e-08
-1.168579982e-08
6.921100434e-08
-1.609926378e-08
7.979623981e-08
-2.097385208e-08
8.888661939e-08
-2.623023553e-08
9.659715074e-08
-3.179830265e-08
1.030406867e-07
-3.761660179e-08
1.083248876e-07
-4.363168015e-08
1.125498671e-07
-4.979734675e-08
1.15806486e-07
-5.607388692e-08
1.181752443e-07
-6.242725449e-08
1.197257118e-07
-6.882826448e-08
1.205164285e-07
-7.525180404e-08
1.205951979e-07
-8.16760748e-08
1.199996959e-07
-8.808187454e-08
1.187583179e-07
-9.445192209e-08
1.168911934e-07
-1.007702256e-07
1.144113052e-07
-1.070214919e-07
1.113256598e-07
-1.131905736e-07
1.076364685e-07
-1.192619479e-07
1.033423111e-07
-1.252192246e-07
9.843926434e-08
-1.310446758e-07
9.29219884e-08
-1.367187882e-07
8.67847748e-08
-1.422198316e-07
8.002256445e-08
-1.475234469e-07
7.263195121e-08
-1.526022539e-07
6.461218891e-08
-1.574254837e-07
5.596622195e-08
-1.619586436e-07
4.670175899e-08
-1.661632266e-07
3.683240817e-08
-1.699964815e-07
2.63788893e-08
-1.734112677e-07
1.537033322e-08
-1.763560326e-07
3.845665223e-09
-1.787748764e-07
-8.144964944e-09
-1.806079735e-07
-2.053846449e-08
-1.81792027e-07
-3.325752808e-08
-1.822611737e-07
-4.62088199e-08
-1.819482398e-07
-5.928157871e-08
-1.807864408e-07
-7.234637192e-08
-1.787115869e-07
-8.525420593e-08
-1.756648373e-07
-9.783617959e-08
-1.71596015e-07
-1.099038996e-07
-1.664674491e-07
-1.212509041e-07
-1.602582497e-07
-1.31655352e-07
-1.529688441e-07
-1.408842174e-07
-1.446255147e-07
-1.486991772e-07
-1.352845956e-07
-1.548642789e-07
-1.25035907e-07
-1.591553233e-07
-1.14004969e-07
-1.613707025e-07
-1.023535362e-07
-1.613431978e-07
-9.027806836e-08
-1.589520072e-07
-7.800589161e-08
-1.541340661e-07
-6.578901195e-08
-1.468935979e-07
-5.389580069e-08
-1.37308821e-07
-4.260104099e-08
-1.255348839e-07
-3.217506714e-08
-1.118023972e-07
-2.287289711e-08
-9.641136505e-08
-1.492431489e-08
-7.972084886e-08
-8.525794788e-09
-6.213512563e-08
-3.835003781e-09
-4.408721826e-08
-9.682373592e-10
-2.602233937e-08
-8.391591401e-09
-5.678466972e-10
1.034486029e-08
-2.135565686e-09
2.895564334e-08
-4.576061655e-09
4.554895181e-08
-7.771705316e-09
6.021315034e-08
-1.161432415e-08
7.30536232e-08
-1.600533087e-08
8.418724655e-08
-2.08557311e-08
9.373701965e-08
-2.608597274e-08
1.018273924e-07
-3.162563865e-08
1.085803527e-07
-3.741299332e-08
1.141122423e-07
-4.33944047e-08
1.185312785e-07
-4.952366857e-08
1.219357499e-07
-5.576126573e-08
1.244128415e-07
-6.207358086e-08
1.260380269e-07
-6.843210863e-08
1.268749563e-07
-7.481266776e-08
1.269757571e-07
-8.119463854e-08
1.263816667e-07
-8.756023381e-08
1.251239132e-07
-9.389380901e-08
1.232247686e-07
-1.001812127e-07
1.206987089e-07
-1.064091761e-07
1.175536233e-07
-1.125647391e-07
1.137920315e-07
-1.186347064e-07
1.094122784e-07
-1.24605131e-07
1.04409689e-07
-1.304608189e-07
9.877767626e-08
-1.3618485e-07
9.250880601e-08
-1.417581146e-07
8.559582907e-08
-1.471588598e-07
7.803269642e-08
-1.523622488e-07
6.981557801e-08
-1.573399338e-07
6.094390698e-08
-1.620596472e-07
5.142147234e-08
-1.66484821e-07
4.125758203e-08
-1.705742487e-07
3.046831705e-08
-1.742818094e-07
1.907789403e-08
-1.775562843e-07
7.120140138e-09
-1.80341288e-07
-5.359961196e-09
-1.825754201e-07
-1.830433236e-08
-1.841925797e-07
-3.164036843e-08
-1.85122619e-07
-4.527878058e-08
-1.852923907e-07
-5.911180691e-08
-1.846272658e-07
-7.301149682e-08
-1.830532095e-07
-8.682826218e-08
-1.80499493e-07
-1.00389896e-07
-1.769020893e-07
-1.135013033e-07
-1.722077597e-07
-1.259452336e-07
-1.663787739e-07
-1.374843378e-07
-1.593981158e-07
-1.478648755e-07
-1.512749264e-07
-1.568223666e-07
-1.420498196e-07
-1.640893856e-07
-1.317995964e-07
-1.694055465e-07
-1.206408028e-07
-1.72529496e-07
-1.08731548e-07
-1.732524526e-07
-9.627103846e-08
-1.714125167e-07
-8.34964257e-08
-1.669086788e-07
-7.067679241e-08
-1.597132311e-07
-5.81044098e-08
-1.498812036e-07
-4.608374827e-08
-1.375555454e-07
-3.491905592e-08
-1.229670895e-07
-2.490157726e-08
-1.064288437e-07
-1.629760841e-08
-8.832481767e-08
-9.338553338e-09
-6.909418068e-08
-4.21398229e-09
-4.921178927e-08
-1.06825664e-09
-2.916806498e-08
-9.459848033e-09
-5.608128452e-10
1.090567314e-08
-2.111293931e-09
3.050612446e-08
-4.527213805e-09
4.796487172e-08
-7.692840115e-09
6.337877668e-08
-1.15011081e-08
7.686189122e-08
-1.585393113e-08
8.854006961e-08
-2.066239098e-08
9.854547954e-08
-2.584675625e-08
1.070117577e-07
-3.133632093e-08
1.140699174e-07
-3.706907048e-08
1.198449919e-07
-4.29911961e-08
1.244534041e-07
-4.905648707e-08
1.280010409e-07
-5.522563457e-08
1.30581989e-07
-6.146547931e-08
1.322778717e-07
-6.774823242e-08
1.331577094e-07
-7.405069349e-08
1.332782182e-07
-8.035348409e-08
1.326844574e-07
-8.664030928e-08
1.314107384e-07
-9.289725429e-08
1.294817136e-07
-9.911211955e-08
1.269135742e-07
-1.052737935e-07
1.237152973e-07
-1.113716604e-07
1.198898984e-07
-1.173950389e-07
1.15435657e-07
-1.23332646e-07
1.103472962e-07
-1.291720809e-07
1.046171112e-07
-1.348993234e-07
9.82360486e-08
-1.404982426e-07
9.11947483e-08
-1.459501106e-07
8.348456443e-08
-1.512331201e-07
7.509858762e-08
-1.56321905e-07
6.603269191e-08
-1.611870648e-07
5.628663212e-08
-1.657946999e-07
4.586521725e-08
-1.701059683e-07
3.477958548e-08
-1.740766793e-07
2.304860507e-08
-1.776569538e-07
1.070041465e-08
-1.80790991e-07
-2.225923879e-09
-1.834169353e-07
-1.567838802e-08
-1.854670513e-07
-2.959025246e-08
-1.868680514e-07
-4.387778037e-08
-1.875418856e-07
-5.843797266e-08
-1.874069993e-07
-7.314638316e-08
-1.863801872e-07
-8.785507418e-08
-1.843791549e-07
-1.023909283e-07
-1.813258799e-07
-1.165545783e-07
-1.771508295e-07
-1.30120284e-07
-1.717980274e-07
-1.428371398e-07
-1.652308682e-07
-1.544320347e-07
-1.574384579e-07
-1.646147768e-07
-1.484421163e-07
-1.730857271e-07
-1.383015271e-07
-1.795461357e-07
-1.271198916e-07
-1.837111315e-07
-1.150473599e-07
-1.853249843e-07
-1.022820157e-07
-1.841778609e-07
-8.906780577e-08
-1.801228886e-07
-7.568904737e-08
-1.730919895e-07
-6.246150407e-08
-1.631087468e-07
-4.972045881e-08
-1.502965907e-07
-3.78066591e-08
-1.348808892e-07
-2.705138741e-08
-1.171841153e-07
-1.776213384e-08
-9.761407121e-08
-1.021037438e-08
-7.664594009e-08
-4.622801886e-09
-5.479936173e-08
-1.176861133e-09
-3.26140057e-08
-1.063670916e-08
-5.518103331e-10
1.14574835e-08
-2.079894183e-09
3.203420834e-08
-4.463390386e-09
5.034836795e-08
-7.588761759e-09
6.650414808e-08
-1.1350208e-08
8.062333749e-08
-1.565020528e-08
9.284006692e-08
-2.039991655e-08
1.032951908e-07
-2.551940741e-08
1.121312486e-07
-3.093765065e-08
1.194881607e-07
-3.659232464e-08
1.254996659e-07
-4.242942765e-08
1.302905072e-07
-4.840274186e-08
1.339743552e-07
-5.44731847e-08
1.366524319e-07
-6.060808488e-08
1.384127719e-07
-6.678041688e-08
1.393300415e-07
-7.296802178e-08
1.394658231e-07
-7.915283593e-08
1.388692716e-07
-8.532014271e-08
1.375780452e-07
-9.145785661e-08
1.356194276e-07
-9.755584411e-08
1.330115617e-07
-1.036052819e-07
1.297647351e-07
-1.095980503e-07
1.258826669e-07
-1.155261576e-07
1.213637644e-07
-1.213811899e-07
1.162023285e-07
-1.271537799e-07
1.103897012e-07
-1.328330892e-07
1.039153579e-07
-1.384062965e-07
9.676795562e-08
-1.438580867e-07
8.893635477e-08
-1.491701362e-07
8.041063709e-08
-1.543205888e-07
7.118314462e-08
-1.592835244e-07
6.124956776e-08
-1.640284184e-07
5.061011129e-08
-1.68519601e-07
3.927076814e-08
-1.727157274e-07
2.724473153e-08
-1.76569283e-07
1.455397028e-08
-1.800261803e-07
1.230973485e-09
-1.830253274e-07
-1.267924082e-08
-1.854986646e-07
-2.711691525e-08
-1.873711051e-07
-4.200533978e-08
-1.885610233e-07
-5.724805442e-08
-1.889811797e-07
-7.272622672e-08
-1.885402559e-07
-8.829599791e-08
-1.871451474e-07
-1.037860368e-07
-1.847041546e-07
-1.189955711e-07
-1.811311871e-07
-1.336932514e-07
-1.763510384e-07
-1.476172885e-07
-1.703056951e-07
-1.60477378e-07
-1.629615139e-07
-1.71958958e-07
-1.543169273e-07
-1.817303136e-07
-1.44410149e-07
-1.894529139e-07
-1.33326158e-07
-1.947951224e-07
-1.212020943e-07
-1.974490479e-07
-1.082301338e-07
-1.971498214e-07
-9.465698313e-08
-1.936960392e-07
-8.077936896e-08
-1.869696036e-07
-6.693529561e-08
-1.769528201e-07
-5.349137973e-08
-1.637405065e-07
-4.082715574e-08
-1.475451131e-07
-2.931778183e-08
-1.286934892e-07
-1.931694327e-08
-1.076149097e-07
-1.114187253e-08
-8.482101081e-08
-5.062278203e-09
-6.087895601e-08
-1.294425724e-09
-3.638185814e-08
-1.193113487e-08
-5.411658635e-10
1.199864938e-08
-2.042540813e-09
3.353558333e-08
-4.386984903e-09
5.269281208e-08
-7.463301287e-09
6.958046451e-08
-1.116696751e-08
8.432700376e-08
-1.540095941e-08
9.707405885e-08
-2.00764235e-08
1.07970655e-07
-2.511312035e-08
1.171679455e-07
-3.043961441e-08
1.248146548e-07
-3.599321525e-08
1.310532667e-07
-4.171969629e-08
1.360169882e-07
-4.757283024e-08
1.398274892e-07
-5.351378529e-08
1.42593387e-07
-5.951042553e-08
1.444094122e-07
-6.553655479e-08
1.453561708e-07
-7.157113637e-08
1.455004048e-07
-7.759751409e-08
1.448956493e-07
-8.360265234e-08
1.435831835e-07
-8.95764069e-08
1.415931822e-07
-9.551083217e-08
1.389459871e-07
-1.013995266e-07
1.356534296e-07
-1.072370143e-07
1.317201547e-07
-1.130181592e-07
1.271449093e-07
-1.187376049e-07
1.219217742e-07
-1.243892351e-07
1.160413315e-07
-1.299656453e-07
1.094917682e-07
-1.354576191e-07
1.022599295e-07
-1.408536012e-07
9.433233686e-08
-1.461391585e-07
8.569619446e-08
-1.512964251e-07
7.634041124e-08
-1.563035236e-07
6.625666631e-08
-1.611339626e-07
5.544055035e-08
-1.657560106e-07
4.389281626e-08
-1.701320544e-07
3.162077537e-08
-1.742179587e-07
1.863987459e-08
-1.779624664e-07
4.975481229e-09
-1.813065784e-07
-9.335128752e-09
-1.841832773e-07
-2.424021628e-08
-1.865171787e-07
-3.967143832e-08
-1.882246364e-07
-5.554059672e-08
-1.892142702e-07
-7.173659281e-08
-1.893880897e-07
-8.812217835e-08
-1.886433963e-07
-1.045307302e-07
-1.86875654e-07
-1.207633133e-07
-1.839825077e-07
-1.365863976e-07
-1.798690849e-07
-1.517307113e-07
-1.74454631e-07
-1.658918319e-07
-1.676803949e-07
-1.787331941e-07
-1.595184868e-07
-1.898922217e-07
-1.499811978e-07
-1.989902029e-07
-1.391300132e-07
-2.056463069e-07
-1.270833195e-07
-2.094957415e-07
-1.140216528e-07
-2.102114881e-07
-1.0018933e-07
-2.07528362e-07
-8.589150579e-08
-2.012674278e-07
-7.148611834e-08
-1.913582075e-07
-5.737081962e-08
-1.778558052e-07
-4.396573418e-08
-1.609501985e-07
-3.169362826e-08
-1.409655951e-07
-2.095963811e-08
-1.183488998e-07
-1.213297795e-08
-9.364767092e-08
-5.532987424e-09
-6.74789465e-08
-1.421285777e-09
-4.049355975e-08
-1.335242064e-08
-5.292935499e-10
1.252794296e-08
-2.000721256e-09
3.500701107e-08
-4.301028791e-09
5.499311966e-08
-7.321314022e-09
7.260074978e-08
-1.095816904e-08
8.796385882e-08
-1.511485389e-08
1.012307437e-07
-1.970227875e-08
1.125580799e-07
-2.46397064e-08
1.221053732e-07
-2.985514526e-08
1.300300937e-07
-3.528544072e-08
1.364835623e-07
-4.087609795e-08
1.416076455e-07
-4.658088362e-08
1.455322749e-07
-5.236125929e-08
1.483737627e-07
-5.818569777e-08
1.502338507e-07
-6.40289281e-08
1.511994012e-07
-6.987114735e-08
1.513426241e-07
-7.569722832e-08
1.507217303e-07
-8.149594431e-08
1.493818995e-07
-8.725922443e-08
1.473564624e-07
-9.298144681e-08
1.446682095e-07
-9.865877195e-08
1.413307548e-07
-1.04288515e-07
1.373498978e-07
-1.098685526e-07
1.327249469e-07
-1.153967582e-07
1.274499799e-07
-1.208704584e-07
1.215150317e-07
-1.262859014e-07
1.149072113e-07
-1.316377291e-07
1.076117573e-07
-1.369184418e-07
9.961304959e-08
-1.421178474e-07
9.089560012e-08
-1.472224847e-07
8.144504859e-08
-1.522150125e-07
7.124919424e-08
-1.570735588e-07
6.029909669e-08
-1.617710252e-07
4.859028267e-08
-1.662743495e-07
3.612409978e-08
-1.705437367e-07
2.29092618e-08
-1.745318745e-07
8.963619146e-09
-1.781831612e-07
-5.683842039e-09
-1.814330359e-07
-2.099034149e-08
-1.842074244e-07
-3.689704979e-08
-1.864223925e-07
-5.332562854e-08
-1.879842277e-07
-7.017475761e-08
-1.887900691e-07
-8.731633687e-08
-1.88729302e-07
-1.045914972e-07
-1.876859513e-07
-1.218066639e-07
-1.855423213e-07
-1.387300276e-07
-1.821841039e-07
-1.550889286e-07
-1.775071158e-07
-1.705688199e-07
-1.714256894e-07
-1.848146204e-07
-1.638825466e-07
-1.974353644e-07
-1.548597081e-07
-2.080130414e-07
-1.443896669e-07
-2.161163481e-07
-1.325657245e-07
-2.213196839e-07
-1.19550114e-07
-2.232270986e-07
-1.055784205e-07
-2.215000554e-07
-9.09589237e-08
-2.158869245e-07
-7.606590766e-08
-2.062512235e-07
-6.132669417e-08
-1.925950186e-07
-4.720308927e-08
-1.750738034e-07
-3.416892211e-08
-1.539997622e-07
-2.268619363e-08
-1.298316283e-07
-1.31828467e-08
-1.031510178e-07
-6.035231553e-09
-7.46265616e-08
-1.557729976e-09
-4.497106129e-08
-1.49101506e-08
-5.167060831e-10
1.304464906e-08
-1.956275948e-09
3.644658099e-08
-4.209271701e-09
5.724611546e-08
-7.168804901e-09
7.556028302e-08
-1.073220271e-08
9.152725667e-08
-1.480260997e-08
1.05301151e-07
-1.929033564e-08
1.170458056e-07
-2.411384757e-08
1.269288852e-07
-2.92003844e-08
1.351166305e-07
-3.44861994e-08
1.417693773e-07
-3.99164808e-08
1.47037927e-07
-4.544500817e-08
1.510608023e-07
-5.103360901e-08
1.539623636e-07
-5.665147683e-08
1.558517186e-07
-6.227440452e-08
1.568223289e-07
-6.788397719e-08
1.569521968e-07
-7.346675823e-08
1.563045114e-07
-7.901349264e-08
1.54928634e-07
-8.451834328e-08
1.528613131e-07
-8.997816828e-08
1.501280345e-07
-9.539184265e-08
1.467444292e-07
-1.007596227e-07
1.427176779e-07
-1.060825489e-07
1.380478732e-07
-1.113618803e-07
1.327293113e-07
-1.165985525e-07
1.267517039e-07
-1.217926491e-07
1.201013079e-07
-1.269428764e-07
1.127619846e-07
-1.3204603e-07
1.047162032e-07
-1.370964412e-07
9.594601139e-08
-1.420853916e-07
8.643399907e-08
-1.47000484e-07
7.616428672e-08
-1.518249593e-07
6.512357204e-08
-1.565369509e-07
5.330227428e-08
-1.61108672e-07
4.0695821e-08
-1.655055383e-07
2.73061281e-08
-1.696852367e-07
1.314331761e-08
-1.735967827e-07
-1.772295945e-09
-1.771794929e-07
-1.740763126e-08
-1.803622577e-07
-3.37142849e-08
-1.830626971e-07
-5.062518904e-08
-1.851867765e-07
-6.805067822e-08
-1.866288787e-07
-8.587423464e-08
-1.872725845e-07
-1.039477913e-07
-1.869924371e-07
-1.220868113e-07
-1.856569992e-07
-1.400654654e-07
-1.831335213e-07
-1.576124065e-07
-1.792944979e-07
-1.744078432e-07
-1.740262865e-07
-1.900828318e-07
-1.672397602e-07
-2.042218906e-07
-1.588826746e-07
-2.16370127e-07
-1.489530339e-07
-2.260459887e-07
-1.375123036e-07
-2.327604142e-07
-1.246969001e-07
-2.360425021e-07
-1.107261085e-07
-2.35470847e-07
-9.590456631e-08
-2.307084667e-07
-8.061780347e-08
-2.215379863e-07
-6.532010203e-08
-2.0789272e-07
-5.051505762e-08
-1.898788477e-07
-3.673052133e-08
-1.677842984e-07
-2.449079597e-08
-1.420713536e-07
-1.428977836e-08
-1.133520354e-07
-6.56900748e-09
-8.234733243e-08
-1.703994285e-09
-4.983607444e-08
-1.661414488e-08
-5.040282559e-10
1.354867735e-08
-1.911446546e-09
3.785399932e-08
-4.116277058e-09
5.945094602e-08
-7.013075178e-09
7.845708119e-08
-1.049926025e-08
9.501344179e-08
-1.447724123e-08
1.092791321e-07
-1.885618996e-08
1.214247544e-07
-2.355336312e-08
1.316260584e-07
-2.849494483e-08
1.400582123e-07
-3.361643875e-08
1.468908713e-07
-3.886267108e-08
1.522841593e-07
-4.41874813e-08
1.563856126e-07
-4.955317994e-08
1.593280623e-07
-5.492984719e-08
1.612283859e-07
-6.029453593e-08
1.621870177e-07
-6.563043024e-08
1.622880912e-07
-7.092599792e-08
1.616000792e-07
-7.617416403e-08
1.601768002e-07
-8.137152269e-08
1.580586718e-07
-8.651759599e-08
1.552741079e-07
-9.16141434e-08
1.518409766e-07
-9.666451957e-08
1.477680541e-07
-1.016730759e-07
1.430564295e-07
-1.06644598e-07
1.377008335e-07
-1.115837703e-07
1.316908763e-07
-1.164946566e-07
1.250121942e-07
-1.213801847e-07
1.176475128e-07
-1.262416231e-07
1.095776418e-07
-1.310780355e-07
1.007824238e-07
-1.358856983e-07
9.124166192e-08
-1.406574682e-07
8.093605669e-08
-1.453820846e-07
6.984818848e-08
-1.500433941e-07
5.796358387e-08
-1.54619487e-07
4.527191389e-08
-1.590817381e-07
3.176837926e-08
-1.633937598e-07
1.745533935e-08
-1.67510298e-07
2.344242404e-09
-1.713759312e-07
-1.35419981e-08
-1.749241141e-07
-3.016610192e-08
-1.780759019e-07
-4.747340118e-08
-1.807390747e-07
-6.538750536e-08
-1.828076121e-07
-8.380569719e-08
-1.841617772e-07
-1.025936262e-07
-1.846691155e-07
-1.215794729e-07
-1.841867312e-07
-1.405478496e-07
-1.825652487e-07
-1.59233889e-07
-1.796548675e-07
-1.773182244e-07
-1.753138511e-07
-1.944238482e-07
-1.694196188e-07
-2.101161228e-07
-1.61882306e-07
-2.239074397e-07
-1.526602195e-07
-2.352680752e-07
-1.417760634e-07
-2.436445701e-07
-1.293322272e-07
-2.484863383e-07
-1.15522936e-07
-2.492801381e-07
-1.006408487e-07
-2.455905539e-07
-8.507590529e-08
-2.371029297e-07
-6.930499398e-08
-2.236636313e-07
-5.387230901e-08
-2.053115327e-07
-3.936191636e-08
-1.82294691e-07
-2.636570189e-08
-1.55067568e-07
-1.54511484e-08
-1.242665888e-07
-7.133983661e-09
-9.066449712e-08
-1.860258124e-09
-5.510979994e-08
-1.847440299e-08
-4.920142432e-10
1.404069161e-08
-1.868936101e-09
3.923092123e-08
-4.027539361e-09
6.160954933e-08
-6.86289911e-09
8.129244099e-08
-1.027156339e-08
9.842210612e-08
-1.415431895e-08
1.131618877e-07
-1.841846417e-08
1.256888997e-07
-2.297949359e-08
1.361870878e-07
-2.776217779e-08
1.448408965e-07
-3.270108972e-08
1.518297832e-07
-3.774066452e-08
1.573237342e-07
-4.283489303e-08
1.614798411e-07
-4.794674847e-08
1.644399178e-07
-5.304743578e-08
1.663290733e-07
-5.811553863e-08
1.672551206e-07
-6.313612297e-08
1.673086756e-07
-6.809984043e-08
1.665637967e-07
-7.300206108e-08
1.650790209e-07
-7.784205381e-08
1.628986645e-07
-8.262222333e-08
1.600542775e-07
-8.73474062e-08
1.565661596e-07
-9.202422332e-08
1.524448713e-07
-9.666048268e-08
1.476926889e-07
-1.01264624e-07
1.423049749e-07
-1.058451947e-07
1.36271447e-07
-1.104103451e-07
1.295773447e-07
-1.149673309e-07
1.222044986e-07
-1.195220075e-07
1.141323184e-07
-1.240783019e-07
1.053387183e-07
-1.286376462e-07
9.580100631e-08
-1.331983558e-07
8.549676631e-08
-1.377549346e-07
7.440476737e-08
-1.422972917e-07
6.250594102e-08
-1.468098516e-07
4.978447382e-08
-1.512705457e-07
3.622907345e-08
-1.556496814e-07
2.18344751e-08
-1.599086914e-07
6.603252513e-09
-1.639987029e-07
-9.451986555e-09
-1.678592089e-07
-2.630559584e-08
-1.714165393e-07
-4.391607078e-08
-1.745824618e-07
-6.222158282e-08
-1.7725305e-07
-8.113510891e-08
-1.793080213e-07
-1.005386548e-07
-1.806108632e-07
-1.20276631e-07
-1.810101493e-07
-1.401485634e-07
-1.803425309e-07
-1.599015073e-07
-1.784379407e-07
-1.792228146e-07
-1.751275338e-07
-1.97734255e-07
-1.702547687e-07
-2.149888879e-07
-1.63689753e-07
-2.304724553e-07
-1.55346516e-07
-2.436113122e-07
-1.452022215e-07
-2.537888645e-07
-1.333165694e-07
-2.603719904e-07
-1.198488862e-07
-2.627478213e-07
-1.050699034e-07
-2.603695366e-07
-8.936519876e-08
-2.528076343e-07
-7.322795328e-08
-2.398008767e-07
-5.724010974e-08
-2.212993762e-07
-4.204304881e-08
-1.974917519e-07
-2.830113295e-08
-1.688094838e-07
-1.666336327e-08
-1.359043585e-07
-7.72948904e-09
-9.959837131e-08
-2.026644262e-09
-6.081264467e-08
-2.050104724e-08
-4.815700433e-10
1.452226169e-08
-1.831986138e-09
4.058133737e-08
-3.949631751e-09
6.372719499e-08
-6.72874178e-09
8.407155107e-08
-1.006363875e-08
1.017570031e-07
-1.385228269e-08
1.169505317e-07
-1.79991282e-08
1.298357452e-07
-2.24172068e-08
1.406051665e-07
-2.70294416e-08
1.494531314e-07
-3.176928068e-08
1.565696224e-07
-3.658077264e-08
1.621352262e-07
-4.141821682e-08
1.663172854e-07
-4.624551377e-08
1.692672147e-07
-5.103532484e-08
1.711188844e-07
-5.57681295e-08
1.719879253e-07
-6.04312473e-08
1.719717934e-07
-6.501787262e-08
1.71150422e-07
-6.95261532e-08
1.695873015e-07
-7.395833095e-08
1.673308423e-07
-7.831995273e-08
1.644158993e-07
-8.261915214e-08
1.60865359e-07
-8.686599786e-08
1.566917171e-07
-9.107190081e-08
1.518985919e-07
-9.524906978e-08
1.464821439e-07
-9.941000399e-08
1.404323813e-07
-1.035670093e-07
1.337343501e-07
-1.077317243e-07
1.263692136e-07
-1.119146405e-07
1.183152347e-07
-1.161246015e-07
1.095486794e-07
-1.20368263e-07
1.000446678e-07
-1.246494948e-07
8.977799824e-08
-1.289687075e-07
7.872398011e-08
-1.333220805e-07
6.685931406e-08
-1.377006735e-07
5.416306691e-08
-1.420894001e-07
4.06178001e-08
-1.464658486e-07
2.621092363e-08
-1.507989358e-07
1.09363398e-08
-1.550473884e-07
-5.203533941e-09
-1.591580824e-07
-2.21949017e-08
-1.630643331e-07
-4.000982006e-08
-1.66684004e-07
-5.860191182e-08
-1.699177935e-07
-7.790131937e-08
-1.726478148e-07
-9.780863346e-08
-1.747367832e-07
-1.181876625e-07
-1.760282296e-07
-1.38857117e-07
-1.763482809e-07
-1.595814559e-07
-1.755096612e-07
-1.800614343e-07
-1.733186217e-07
-1.999252944e-07
-1.695854677e-07
-2.187220419e-07
-1.641391303e-07
-2.359187926e-07
-1.568457876e-07
-2.509046549e-07
-1.476308236e-07
-2.630038285e-07
-1.365024738e-07
-2.715003401e-07
-1.235744652e-07
-2.756758299e-07
-1.090840764e-07
-2.748599254e-07
-9.3401658e-08
-2.684900527e-07
-7.702809482e-08
-2.561744399e-07
-6.057816807e-08
-2.377493029e-07
-4.475019067e-08
-2.133197293e-07
-3.028521566e-08
-1.832744588e-07
-1.792184804e-08
-1.482677261e-07
-8.354519999e-09
-1.091656993e-07
-2.20322431e-09
-6.696394032e-08
-2.270427154e-08
-4.737834542e-10
1.499604517e-08
-1.804477248e-09
4.191203122e-08
-3.890394981e-09
6.581311278e-08
-6.623032195e-09
8.680418834e-08
-9.892654066e-09
1.050266251e-07
-1.359280854e-08
1.206506862e-07
-1.762386532e-08
1.33866802e-07
-2.189552824e-08
1.448768295e-07
-2.632836868e-08
1.538859719e-07
-3.085451973e-08
1.610957735e-07
-3.54177062e-08
1.666984127e-07
-3.997278648e-08
1.708723657e-07
-4.448496566e-08
1.73779394e-07
-4.892881229e-08
1.755627311e-07
-5.328718281e-08
1.763462959e-07
-5.755012919e-08
1.762347398e-07
-6.171384121e-08
1.753141341e-07
-6.577965546e-08
1.736531158e-07
-6.975314724e-08
1.713043342e-07
-7.364331113e-08
1.683060632e-07
-7.746182807e-08
1.64683876e-07
-8.122241161e-08
1.604523007e-07
-8.494022312e-08
1.556164035e-07
-8.863134346e-08
1.501732643e-07
-9.231228768e-08
1.441133255e-07
-9.599954819e-08
1.374216106e-07
-9.97091513e-08
1.300788168e-07
-1.034562112e-07
1.220622946e-07
-1.072544642e-07
1.133469325e-07
-1.111157657e-07
1.039059694e-07
-1.150495298e-07
9.371176241e-08
-1.190620911e-07
8.27365414e-08
-1.231559656e-07
7.095318869e-08
-1.273289882e-07
5.833608956e-08
-1.315732988e-07
4.486211069e-08
-1.358741544e-07
3.051177927e-08
-1.402085477e-07
1.527073322e-08
-1.445436226e-07
-8.684590485e-10
-1.488347646e-07
-1.790375964e-08
-1.530237899e-07
-3.582079464e-08
-1.57036605e-07
-5.458909668e-08
-1.607809801e-07
-7.415694419e-08
-1.641444027e-07
-9.444521082e-08
-1.669923082e-07
-1.15339757e-07
-1.691671e-07
-1.366823252e-07
-1.704885261e-07
-1.582600298e-07
-1.707561485e-07
-1.797938117e-07
-1.697547888e-07
-2.009266541e-07
-1.672638851e-07
-2.212129455e-07
-1.630715904e-07
-2.401110873e-07
-1.56994059e-07
-2.569821862e-07
-1.488996501e-07
-2.710982374e-07
-1.387366866e-07
-2.816633035e-07
-1.265620621e-07
-2.878504543e-07
-1.125666433e-07
-2.888553441e-07
-9.709250725e-08
-2.839641887e-07
-8.063707598e-08
-2.726298711e-07
-6.384056247e-08
-2.545458164e-07
-4.745589111e-08
-2.297044006e-07
-3.230397834e-08
-1.984263715e-07
-1.922107666e-08
-1.613506277e-07
-9.007772183e-09
-1.193790037e-07
-2.39003224e-09
-7.358168023e-08
-2.509430377e-08
-4.699643866e-10
1.546600958e-08
-1.791061924e-09
4.323312881e-08
-3.859182125e-09
6.788123303e-08
-6.56050922e-09
8.950551549e-08
-9.778833065e-09
1.08244949e-07
-1.340124888e-08
1.242731021e-07
-1.732248999e-08
1.377880432e-07
-2.144789441e-08
1.490022339e-07
-2.569511982e-08
1.581331973e-07
-2.999482528e-08
1.65395479e-07
-3.4290567e-08
1.709941545e-07
-3.853814264e-08
1.751199414e-07
-4.270458577e-08
1.779458372e-07
-4.676697198e-08
1.796251173e-07
-5.071115682e-08
1.802904808e-07
-5.453052951e-08
1.800541126e-07
-5.822483582e-08
1.790084405e-07
-6.179910017e-08
1.772273802e-07
-6.526265974e-08
1.747678938e-07
-6.862831155e-08
1.716717151e-07
-7.191156554e-08
1.679671301e-07
-7.512999242e-08
1.636707276e-07
-7.830265213e-08
1.587890633e-07
-8.144958757e-08
1.533201998e-07
-8.459136807e-08
1.472551061e-07
-8.774866618e-08
1.405789088e-07
-9.094185182e-08
1.332720025e-07
-9.419058701e-08
1.253110299e-07
-9.751340379e-08
1.166697493e-07
-1.009272472e-07
1.073198128e-07
-1.044469632e-07
9.723147844e-08
-1.080847104e-07
8.637428872e-08
-1.118492719e-07
7.471775024e-08
-1.1574524e-07
6.223205773e-08
-1.197720461e-07
4.888891681e-08
-1.239228017e-07
3.466253495e-08
-1.281829292e-07
1.953086072e-08
-1.325285542e-07
3.477166078e-09
-1.369244921e-07
-1.350782171e-08
-1.413222654e-07
-3.142302133e-08
-1.456575305e-07
-5.025383149e-08
-1.49847384e-07
-6.996709067e-08
-1.537875625e-07
-9.050503227e-08
-1.573497577e-07
-1.117775618e-07
-1.603794185e-07
-1.336526642e-07
-1.626945965e-07
-1.559448518e-07
-1.640866149e-07
-1.784017933e-07
-1.643235765e-07
-2.006896925e-07
-1.631579062e-07
-2.223786157e-07
-1.603391577e-07
-2.429298358e-07
-1.556330742e-07
-2.616882697e-07
-1.488472351e-07
-2.778840765e-07
-1.398624593e-07
-2.906480793e-07
-1.286674981e-07
-2.990454154e-07
-1.153926834e-07
-3.021301589e-07
-1.00336598e-07
-2.990202741e-07
-8.397919122e-08
-2.889872778e-07
-6.697573924e-08
-2.715492683e-07
-5.012899048e-08
-2.465511493e-07
-3.434141312e-08
-2.142139489e-07
-2.055465639e-08
-1.751373844e-07
-9.687705579e-09
-1.302459545e-07
-2.587089077e-09
-8.068229669e-08
-2.768139284e-08
-4.71699677e-10
1.593770929e-08
-1.79734116e-09
4.455877035e-08
-3.867177269e-09
6.995106919e-08
-6.558661609e-09
9.219699988e-08
-9.745968162e-09
1.114322556e-07
-1.330715595e-08
1.278342899e-07
-1.712941975e-08
1.416103071e-07
-2.111251851e-08
1.529853328e-07
-2.517060194e-08
1.621912808e-07
-2.923276821e-08
1.694576453e-07
-3.324270024e-08
1.750040866e-07
-3.715769156e-08
1.790349328e-07
-4.094731718e-08
1.817354628e-07
-4.459194351e-08
1.832697437e-07
-4.808121535e-08
1.837797527e-07
-5.141260982e-08
1.833855071e-07
-5.459010983e-08
1.821859405e-07
-5.76230221e-08
1.802602925e-07
-6.052494551e-08
1.776698173e-07
-6.331288344e-08
1.744596531e-07
-6.600648627e-08
1.706607329e-07
-6.862740664e-08
1.66291648e-07
-7.119874859e-08
1.613604053e-07
-7.374459141e-08
1.558660427e-07
-7.628956971e-08
1.498000844e-07
-7.885849182e-08
1.43147831e-07
-8.147597897e-08
1.358894897e-07
-8.416610817e-08
1.280011591e-07
-8.695204154e-08
1.194556827e-07
-8.985562369e-08
1.10223395e-07
-9.289692787e-08
1.002727827e-07
-9.609372963e-08
8.957109054e-08
-9.946088395e-08
7.808490461e-08
-1.030095788e-07
6.578075266e-08
-1.067464338e-07
5.262577179e-08
-1.106724068e-07
3.858850804e-08
-1.147814764e-07
2.363993038e-08
-1.190590491e-07
7.754738801e-09
-1.234800009e-07
-9.08686986e-09
-1.280064812e-07
-2.689654093e-08
-1.325852862e-07
-4.56750265e-08
-1.371447941e-07
-6.540758274e-08
-1.415916251e-07
-8.605820118e-08
-1.45807136e-07
-1.075620509e-07
-1.496440525e-07
-1.298157477e-07
-1.529237429e-07
-1.526651614e-07
-1.554349028e-07
-1.758906334e-07
-1.569347431e-07
-1.991898521e-07
-1.571540867e-07
-2.221592721e-07
-1.558080004e-07
-2.44275922e-07
-1.526135495e-07
-2.648827206e-07
-1.473157756e-07
-2.831818503e-07
-1.397218663e-07
-2.982419885e-07
-1.297416339e-07
-3.090256478e-07
-1.174300114e-07
-3.144417813e-07
-1.030248256e-07
-3.134254598e-07
-8.697149517e-08
-3.050406083e-07
-6.992654654e-08
-2.885942169e-07
-5.27346897e-08
-2.637430062e-07
-3.637960738e-08
-2.305690311e-07
-2.191547776e-08
-1.89601514e-07
-1.039265297e-08
-1.417687793e-07
-2.794442816e-09
-8.828050681e-08
-3.047583564e-08
-4.809277558e-10
1.641863707e-08
-1.83009996e-09
4.590794261e-08
-3.927811219e-09
7.204878051e-08
-6.638287265e-09
9.490747598e-08
-9.822051188e-09
1.146160195e-07
-1.334489788e-08
1.313571367e-07
-1.708419362e-08
1.453496029e-07
-2.093274258e-08
1.568338818e-07
-2.480060478e-08
1.660591431e-07
-2.861536408e-08
1.732724047e-07
-3.232133035e-08
1.787100529e-07
-3.587808689e-08
1.825916894e-07
-3.925870329e-08
1.851160793e-07
-4.244784494e-08
1.864588854e-07
-4.543993315e-08
1.867718409e-07
-4.823744834e-08
1.861830224e-07
-5.084942321e-08
1.847979155e-07
-5.329014083e-08
1.827010102e-07
-5.557803248e-08
1.79957709e-07
-5.773475764e-08
1.766163783e-07
-5.978444293e-08
1.727104183e-07
-6.175305423e-08
1.682602594e-07
-6.3667877e-08
1.632752281e-07
-6.555708063e-08
1.577552464e-07
-6.744934533e-08
1.516923492e-07
-6.937353117e-08
1.450720168e-07
-7.135837075e-08
1.378743293e-07
-7.343216815e-08
1.300749566e-07
-7.562248699e-08
1.216460016e-07
-7.795580993e-08
1.12556718e-07
-8.045715135e-08
1.027741241e-07
-8.31496027e-08
9.226354193e-08
-8.605378777e-08
8.098908973e-08
-8.918720087e-08
6.891416581e-08
-9.256339607e-08
5.600196704e-08
-9.619098919e-08
4.221610121e-08
-1.000724294e-07
2.752137063e-08
-1.042024871e-07
1.188479656e-08
-1.085663852e-07
-4.722971676e-09
-1.131375246e-07
-2.232540154e-08
-1.178748714e-07
-4.093767963e-08
-1.227196649e-07
-6.056278921e-08
-1.275916831e-07
-8.11861829e-08
-1.323850641e-07
-1.027686699e-07
-1.369638907e-07
-1.25236921e-07
-1.411579483e-07
-1.484711038e-07
-1.447593547e-07
-1.722892269e-07
-1.475211547e-07
-1.964280521e-07
-1.491594185e-07
-2.205210082e-07
-1.493608098e-07
-2.440745307e-07
-1.477978223e-07
-2.664457081e-07
-1.441536773e-07
-2.868259953e-07
-1.381579253e-07
-3.042377406e-07
-1.296318688e-07
-3.175517042e-07
-1.185400302e-07
-3.255336199e-07
-1.050404713e-07
-3.269250188e-07
-8.952386535e-08
-3.205572141e-07
-7.263024458e-08
-3.054878376e-07
-5.523464628e-08
-2.811386044e-07
-3.83989422e-08
-2.474047352e-07
-2.329594194e-08
-2.047045142e-07
-1.112098432e-08
-1.539437369e-07
-3.012229106e-09
-9.638926199e-08
-3.348806474e-08
-5.000407964e-10
1.69186779e-08
-1.897621789e-09
4.730552365e-08
-4.057303028e-09
7.42084618e-08
-6.824200287e-09
9.767437329e-08
-1.004004006e-08
1.178318594e-07
-1.355436587e-08
1.348714625e-07
-1.723201099e-08
1.49027248e-07
-2.095732319e-08
1.60559194e-07
-2.463577755e-08
1.697375975e-07
-2.819371246e-08
1.768303396e-07
-3.157685812e-08
1.820931986e-07
-3.474819593e-08
1.857630272e-07
-3.768554553e-08
1.880534289e-07
-4.037914919e-08
1.891524891e-07
-4.282941928e-08
1.892221111e-07
-4.504493694e-08
1.883985401e-07
-4.704073571e-08
1.867937143e-07
-4.883686833e-08
1.844971429e-07
-5.04572346e-08
1.815780753e-07
-5.192863733e-08
1.780877811e-07
-5.328002993e-08
1.740618109e-07
-5.454191972e-08
1.695221492e-07
-5.574589375e-08
1.644792022e-07
-5.692423749e-08
1.589335902e-07
-5.810962091e-08
1.528777327e-07
-5.933482931e-08
1.462972253e-07
-6.063251903e-08
1.391720191e-07
-6.20349808e-08
1.314774184e-07
-6.357389401e-08
1.231849149e-07
-6.52800555e-08
1.142628796e-07
-6.718306553e-08
1.046771342e-07
-6.931095293e-08
9.439142937e-08
-7.168971774e-08
8.336785459e-08
-7.434276651e-08
7.156721462e-08
-7.729020902e-08
5.894940959e-08
-8.054797805e-08
4.547387029e-08
-8.412672409e-08
3.110011671e-08
-8.803043614e-08
1.578850865e-08
-9.225470683e-08
-4.987009464e-10
-9.678447645e-08
-1.779563187e-08
-1.015915368e-07
-3.613061925e-08
-1.066311416e-07
-5.552318435e-08
-1.118380492e-07
-7.597927527e-08
-1.171218586e-07
-9.748486045e-08
-1.223617367e-07
-1.199970429e-07
-1.274008143e-07
-1.434320261e-07
-1.320408216e-07
-1.676492196e-07
-1.360379646e-07
-1.924309091e-07
-1.391016098e-07
-2.174573629e-07
-1.408979772e-07
-2.422781632e-07
-1.410615961e-07
-2.662820892e-07
-1.392174663e-07
-2.88670125e-07
-1.350162866e-07
-3.084389203e-07
-1.281833302e-07
-3.243846606e-07
-1.185783278e-07
-3.351386223e-07
-1.062593148e-07
-3.392440317e-07
-9.153887391e-08
-3.35277655e-07
-7.501839686e-08
-3.220083147e-07
-5.758704449e-08
-2.985699568e-07
-4.037834501e-08
-2.646134347e-07
-2.468827704e-08
-2.203945822e-07
-1.187134305e-08
-1.667606708e-07
-3.240760132e-09
-1.050198449e-07
-3.672882487e-08
-5.320247522e-10
1.745070268e-08
-2.010108535e-09
4.878360749e-08
-4.275363018e-09
7.647371633e-08
-7.146116614e-09
1.005451269e-07
-1.043877248e-08
1.211245153e-07
-1.398175249e-08
1.384144426e-07
-1.762423335e-08
1.526697289e-07
-2.124055408e-08
1.641755148e-07
-2.473131215e-08
1.732283556e-07
-2.80222184e-08
1.801212459e-07
-3.10616273e-08
1.851326076e-07
-3.381743844e-08
1.885188384e-07
-3.627385246e-08
1.90509843e-07
-3.842828591e-08
1.913069226e-07
-4.028861344e-08
1.910824386e-07
-4.187080949e-08
1.899807362e-07
-4.319699911e-08
1.881199039e-07
-4.429389034e-08
1.855940342e-07
-4.51915413e-08
1.824757263e-07
-4.592240851e-08
1.788186483e-07
-4.652062278e-08
1.746600253e-07
-4.702144391e-08
1.700229704e-07
-4.746085143e-08
1.649186097e-07
-4.787523505e-08
1.593479738e-07
-4.830115538e-08
1.53303653e-07
-4.87751498e-08
1.467712198e-07
-4.933356194e-08
1.397304313e-07
-5.001237842e-08
1.321562349e-07
-5.084705727e-08
1.240195938e-07
-5.187233228e-08
1.152881546e-07
-5.312197837e-08
1.059267804e-07
-5.462852222e-08
9.589797326e-08
-5.642287927e-08
8.516221168e-08
-5.853389438e-08
7.367822977e-08
-6.098775778e-08
6.140327303e-08
-6.380725916e-08
4.829337171e-08
-6.701083137e-08
3.430368896e-08
-7.061133633e-08
1.938901364e-08
-7.461451158e-08
3.504474341e-09
-7.901685717e-08
-1.339328625e-08
-8.380324491e-08
-3.134423148e-08
-8.894365464e-08
-5.038277458e-08
-9.438914044e-08
-7.053378944e-08
-1.000668949e-07
-9.180710592e-08
-1.058743638e-07
-1.14189574e-07
-1.116725283e-07
-1.376338615e-07
-1.172787398e-07
-1.620430081e-07
-1.224599303e-07
-1.872497186e-07
-1.269276637e-07
-2.129896295e-07
-1.303373086e-07
-2.388685183e-07
-1.322945083e-07
-2.643248894e-07
-1.323728038e-07
-2.885918296e-07
-1.30146251e-07
-3.10665473e-07
-1.252395321e-07
-3.292913794e-07
-1.173948105e-07
-3.42983344e-07
-1.065493183e-07
-3.500895239e-07
-9.291128685e-08
-3.489156864e-07
-7.701649883e-08
-3.379031027e-07
-5.974655255e-08
-3.15839903e-07
-4.229556711e-08
-2.820644201e-07
-2.608495307e-08
-2.366051962e-07
-1.264297472e-08
-1.802026492e-07
-3.480652394e-09
-1.141821672e-07
-4.020947726e-08
-5.806522127e-10
1.803135492e-08
-2.180241637e-09
5.038319696e-08
-4.606101043e-09
7.889957579e-08
-7.639748325e-09
1.035787743e-07
-1.106402183e-08
1.245487888e-07
-1.468034611e-08
1.420307669e-07
-1.831873716e-08
1.5630812e-07
-2.184205779e-08
1.676988355e-07
-2.514611432e-08
1.765324122e-07
-2.815713453e-08
1.831322662e-07
-3.082786558e-08
1.878033387e-07
-3.313317706e-08
1.908241499e-07
-3.506574102e-08
1.92442407e-07
-3.663211704e-08
1.928732987e-07
-3.784939552e-08
1.922997172e-07
-3.874243793e-08
1.908737786e-07
-3.934168378e-08
1.887191498e-07
-3.968145853e-08
1.85933809e-07
-3.979870203e-08
1.825929698e-07
-3.973203665e-08
1.78751983e-07
-3.952110053e-08
1.744490892e-07
-3.920608108e-08
1.69707951e-07
-3.882739595e-08
1.645399246e-07
-3.842547687e-08
1.589460548e-07
-3.804062349e-08
1.529187997e-07
-3.77128998e-08
1.464434961e-07
-3.748204936e-08
1.394995809e-07
-3.738741509e-08
1.320616007e-07
-3.746784984e-08
1.241000286e-07
-3.776160259e-08
1.155819074e-07
-3.830616786e-08
1.064713457e-07
-3.913808611e-08
9.672989155e-08
-4.029267924e-08
8.631680485e-08
-4.180370174e-08
7.51892523e-08
-4.370288236e-08
6.330245368e-08
-4.601932301e-08
5.060981239e-08
-4.877870978e-08
3.706307576e-08
-5.200228252e-08
2.261258641e-08
-5.570548346e-08
7.207675311e-09
-5.989611815e-08
-9.202651527e-09
-6.457208009e-08
-2.666826951e-08
-6.971834803e-08
-4.523650661e-08
-7.530305535e-08
-6.494908209e-08
-8.127250284e-08
-8.58376584e-08
-8.754494039e-08
-1.079171364e-07
-9.400305745e-08
-1.311757444e-07
-1.004853373e-07
-1.555607283e-07
-1.067768402e-07
-1.809582157e-07
-1.126006419e-07
-2.071658277e-07
-1.176120952e-07
-2.33857065e-07
-1.213992959e-07
-2.605376886e-07
-1.234943628e-07
-2.864967626e-07
-1.234008767e-07
-3.107589591e-07
-1.206422707e-07
-3.320499854e-07
-1.148331351e-07
-3.487924796e-07
-1.057696331e-07
-3.591530259e-07
-9.352694769e-08
-3.611583718e-07
-7.854313671e-08
-3.528869136e-07
-6.166402901e-08
-3.327190107e-07
-4.412743061e-08
-2.996010185e-07
-2.74792021e-08
-2.532534247e-07
-1.343617546e-08
-1.942456758e-07
-3.733008626e-09
-1.23885334e-07
-4.394248588e-08
-6.507496516e-10
1.86821046e-08
-2.423932776e-09
5.215638013e-08
-5.079192774e-09
8.155483583e-08
-8.348129867e-09
1.068477114e-07
-1.196965848e-08
1.281703175e-07
-1.571122628e-08
1.457723347e-07
-1.937991805e-08
1.599768118e-07
-2.282596579e-08
1.711448832e-07
-2.594111236e-08
1.796475588e-07
-2.865401672e-08
1.858451706e-07
-3.09243497e-08
1.900736717e-07
-3.273667808e-08
1.926364784e-07
-3.409478773e-08
1.938005167e-07
-3.501677092e-08
1.937952819e-07
-3.553098664e-08
1.928139329e-07
-3.567287271e-08
1.910156647e-07
-3.548251841e-08
1.885287956e-07
-3.500287783e-08
1.854541684e-07
-3.427849912e-08
1.818685912e-07
-3.335465439e-08
1.778281383e-07
-3.227677058e-08
1.733712054e-07
-3.109007802e-08
1.685212585e-07
-2.983941311e-08
1.632892598e-07
-2.856912135e-08
1.576757631e-07
-2.732302594e-08
1.516727043e-07
-2.614443289e-08
1.452649031e-07
-2.507614411e-08
1.384312922e-07
-2.416047004e-08
1.311459266e-07
-2.343923181e-08
1.233787904e-07
-2.295373471e-08
1.150964103e-07
-2.274470475e-08
1.062623157e-07
-2.285218178e-08
9.683736861e-08
-2.33153555e-08
8.67799786e-08
-2.417232867e-08
7.604622551e-08
-2.545978692e-08
6.458991195e-08
-2.721254628e-08
5.236257178e-08
-2.94629384e-08
3.931346791e-08
-3.223997902e-08
2.538962705e-08
-3.556824997e-08
1.053594629e-08
-3.946635817e-08
-5.304543303e-09
-4.394487251e-08
-2.218975515e-08
-4.900365327e-08
-4.017772582e-08
-5.462818061e-08
-5.932455472e-08
-6.078473691e-08
-7.968110208e-08
-6.741414717e-08
-1.012877262e-07
-7.442384602e-08
-1.241660455e-07
-8.167817648e-08
-1.483063978e-07
-8.898716331e-08
-1.736492288e-07
-9.609462462e-08
-2.000583664e-07
-1.026674585e-07
-2.272842311e-07
-1.082894091e-07
-2.549157381e-07
-1.124643777e-07
-2.82321794e-07
-1.146359664e-07
-3.085873704e-07
-1.142305272e-07
-3.324554245e-07
-1.107291822e-07
-3.522938246e-07
-1.037686351e-07
-3.66113573e-07
-9.326072511e-08
-3.716662818e-07
-7.950837946e-08
-3.666392593e-07
-6.328576458e-08
-3.489416256e-07
-4.584994642e-08
-3.170368366e-07
-2.886564128e-08
-2.702377298e-07
-1.425289682e-08
-2.088584202e-07
-3.999676873e-09
-1.341385539e-07
-4.794216275e-08
-7.485713481e-10
1.943067597e-08
-2.761330997e-09
5.416913982e-08
-5.731366107e-09
8.452487099e-08
-9.323180825e-09
1.104395262e-07
-1.321882108e-08
1.320659578e-07
-1.71436413e-08
1.49697155e-07
-2.087800174e-08
1.637111723e-07
-2.425902904e-08
1.745259106e-07
-2.717615066e-08
1.825646804e-07
-2.956346806e-08
1.88232488e-07
-3.139111678e-08
1.919013204e-07
-3.265692957e-08
1.939022912e-07
-3.337909568e-08
1.945226829e-07
-3.359009078e-08
1.940062771e-07
-3.333189598e-08
1.925557382e-07
-3.26523869e-08
1.903361557e-07
-3.160271311e-08
1.874791218e-07
-3.023547458e-08
1.840869299e-07
-2.860351399e-08
1.802366306e-07
-2.675916829e-08
1.759837926e-07
-2.47538508e-08
1.713658879e-07
-2.263786001e-08
1.664052677e-07
-2.046034297e-08
1.611117428e-07
-1.826934532e-08
1.554847655e-07
-1.611191942e-08
1.495152785e-07
-1.403426139e-08
1.431872451e-07
-1.208183072e-08
1.364788615e-07
-1.02994658e-08
1.293635618e-07
-8.731489383e-09
1.21810814e-07
-7.421772423e-09
1.137866934e-07
-6.413758993e-09
1.052543023e-07
-5.750454693e-09
9.617406434e-08
-5.474362907e-09
8.650388684e-08
-5.627359001e-09
7.619922162e-08
-6.250486501e-09
6.521303947e-08
-7.38365192e-09
5.349573723e-08
-9.065183835e-09
4.099499985e-08
-1.13312064e-08
2.765564964e-08
-1.421476751e-08
1.341950741e-08
-1.774461377e-08
-1.774697028e-09
-2.194339175e-08
-1.799097715e-08
-2.682538758e-08
-3.529572997e-08
-3.239323282e-08
-5.375670948e-08
-3.863344405e-08
-7.344089083e-08
-4.551040786e-08
-9.441076233e-08
-5.295841037e-08
-1.16718043e-07
-6.087136845e-08
-1.403934397e-07
-6.909017068e-08
-1.654304266e-07
-7.738801182e-08
-1.917605252e-07
-8.545500797e-08
-2.192172349e-07
-9.288501483e-08
-2.474857312e-07
-9.916973732e-08
-2.760370715e-07
-1.037077604e-07
-3.040493473e-07
-1.058381677e-07
-3.303250172e-07
-1.049083004e-07
-3.532236918e-07
-1.003806387e-07
-3.706412347e-07
-9.197310755e-08
-3.800738129e-07
-7.981098269e-08
-3.788013841e-07
-6.455192929e-08
-3.64200679e-07
-4.743813293e-08
-3.34150633e-07
-3.024097873e-08
-2.87434884e-07
-1.509755659e-08
-2.240018424e-07
-4.283621515e-09
-1.44952489e-07
-5.222578426e-08
-8.82329691e-10
2.031300568e-08
-3.21818014e-09
5.650499031e-08
-6.608277148e-09
8.791496804e-08
-1.062746809e-08
1.144587171e-07
-1.488489435e-08
1.363233841e-07
-1.905467452e-08
1.538669352e-07
-2.288708447e-08
1.675435823e-07
-2.620692278e-08
1.778457489e-07
-2.890460756e-08
1.852623653e-07
-3.092421986e-08
1.902521004e-07
-3.225121117e-08
1.932283118e-07
-3.290127171e-08
1.945523518e-07
-3.291101751e-08
1.945324287e-07
-3.233063825e-08
1.934258978e-07
-3.121836622e-08
1.914434662e-07
-2.963649837e-08
1.887542879e-07
-2.76486688e-08
1.854912923e-07
-2.531808311e-08
1.817563443e-07
-2.270646446e-08
1.77625012e-07
-1.987350764e-08
1.731508359e-07
-1.687668091e-08
1.683690612e-07
-1.377124684e-08
1.632998337e-07
-1.06104373e-08
1.579509333e-07
-7.445675079e-09
1.523200033e-07
-4.326848695e-09
1.463964521e-07
-1.302602272e-09
1.401629987e-07
1.579408299e-09
1.33596851e-07
4.272283219e-09
1.266706869e-07
6.729708217e-09
1.19353389e-07
8.905780917e-09
1.116106207e-07
1.075487651e-08
1.034052068e-07
1.223157136e-08
9.469736951e-08
1.329060969e-08
8.544484853e-08
1.388692245e-08
7.560290888e-08
1.397570971e-08
6.512425223e-08
1.351260444e-08
5.395884251e-08
1.245394557e-08
4.205365873e-08
1.075720321e-08
2.935239201e-08
8.381606475e-09
1.579510417e-08
5.289054546e-09
1.317854912e-09
1.445584653e-09
-1.414750724e-08
-3.176782486e-09
-3.067336282e-08
-8.597223548e-09
-4.83362684e-08
-1.48221756e-08
-6.721593877e-08
-2.183980155e-08
-8.739313637e-08
-2.961236752e-08
-1.089454771e-07
-3.806593017e-08
-1.319398771e-07
-4.707691592e-08
-1.564194408e-07
-5.64554461e-08
-1.82381995e-07
-6.59259667e-08
-2.097467143e-07
-7.510743367e-08
-2.383042642e-07
-8.349757626e-08
-2.676469289e-07
-9.046922299e-08
-2.970777006e-07
-9.529025948e-08
-3.255039807e-07
-9.71810525e-08
-3.513328988e-07
-9.542088598e-08
-3.724014012e-07
-8.950490525e-08
-3.859897937e-07
-7.93338056e-08
-3.889724838e-07
-6.539371354e-08
-3.78140771e-07
-4.88652417e-08
-3.506791048e-07
-3.160474285e-08
-3.046953828e-07
-1.597812177e-08
-2.396284635e-07
-4.589460877e-09
-1.563411499e-07
-5.681524514e-08
-1.062960873e-09
2.137596658e-08
-3.827660667e-09
5.926969014e-08
-7.766844802e-09
9.185415221e-08
-1.233604396e-08
1.190279163e-07
-1.705189836e-08
1.410392385e-07
-2.152751224e-08
1.583425491e-07
-2.548094925e-08
1.714970194e-07
-2.872757632e-08
1.81092376e-07
-3.116440978e-08
1.876991988e-07
-3.275211863e-08
1.918398092e-07
-3.34979774e-08
1.939741706e-07
-3.344132811e-08
1.944957025e-07
-3.264202919e-08
1.937331298e-07
-3.117177367e-08
1.919556424e-07
-2.910788215e-08
1.893795747e-07
-2.652908912e-08
1.861754949e-07
-2.351285608e-08
1.824750593e-07
-2.013380554e-08
1.783772938e-07
-1.646294533e-08
1.739541518e-07
-1.256742714e-08
1.692553177e-07
-8.510656117e-09
1.643122903e-07
-4.352571812e-09
1.591417494e-07
-1.500730676e-10
1.537484345e-07
4.042449062e-09
1.481274812e-07
8.172727198e-09
1.42266174e-07
1.219021561e-08
1.361455103e-07
1.60456358e-08
1.297414308e-07
1.969062763e-08
1.23025695e-07
2.307743768e-08
1.15966579e-07
2.615866761e-08
1.085293908e-07
2.888706218e-08
1.006768122e-07
3.121533604e-08
9.236909566e-08
3.30960452e-08
8.356413939e-08
3.44815039e-08
7.42174502e-08
3.532375292e-08
6.428200322e-08
3.557459114e-08
5.37080043e-08
3.518569096e-08
4.244255892e-08
3.410883133e-08
3.042925164e-08
3.229629393e-08
1.760764157e-08
2.97014942e-08
3.912654649e-09
2.62800556e-08
-1.072606864e-08
2.199126232e-08
-2.638456954e-08
1.68003229e-08
-4.314532898e-08
1.068168436e-08
-6.109730023e-08
3.623874563e-09
-8.033532657e-08
-4.363508055e-09
-1.009580944e-07
-1.323996544e-08
-1.230634197e-07
-2.292069456e-08
-1.467387117e-07
-3.325882323e-08
-1.720438664e-07
-4.402306692e-08
-1.989824706e-07
-5.487215976e-08
-2.274551714e-07
-6.532939138e-08
-2.571896973e-07
-7.476485879e-08
-2.876422332e-07
-8.239786356e-08
-3.17870976e-07
-8.733719828e-08
-3.463935641e-07
-8.867835446e-08
-3.71060245e-07
-8.566936618e-08
-3.889987819e-07
-7.793658991e-08
-3.9670526e-07
-6.572836725e-08
-3.903489937e-07
-5.010088241e-08
-3.663065897e-07
-3.29598946e-08
-3.218363707e-07
-1.690754907e-08
-2.55680809e-07
-4.924258076e-09
-1.683244409e-07
-6.173950322e-08
-1.305255423e-09
2.268122202e-08
-4.63290887e-09
6.259734363e-08
-9.278089868e-09
9.649933324e-08
-1.453806323e-08
1.242878897e-07
-1.981354941e-08
1.463147247e-07
-2.464713031e-08
1.631761301e-07
-2.872509748e-08
1.755749866e-07
-3.185968369e-08
1.842269623e-07
-3.396341267e-08
1.898029278e-07
-3.502288574e-08
1.928992823e-07
-3.50757322e-08
1.940270171e-07
-3.419208877e-08
1.936120591e-07
-3.246066131e-08
1.920017024e-07
-2.997880369e-08
1.894737848e-07
-2.684583673e-08
1.862466078e-07
-2.315883441e-08
1.824884926e-07
-1.90102045e-08
1.783264294e-07
-1.448652007e-08
1.738536094e-07
-9.668184594e-09
1.691358164e-07
-4.629607603e-09
1.642167407e-07
5.602852363e-10
1.591223974e-07
5.837311731e-09
1.538647229e-07
1.114140259e-08
1.484443437e-07
1.641595916e-08
1.428529246e-07
2.160707064e-08
1.370750625e-07
2.666290031e-08
1.310896807e-07
3.153316344e-08
1.248711677e-07
3.616864016e-08
1.183902184e-07
4.052075566e-08
1.116144635e-07
4.454122589e-08
1.045089206e-07
4.818175447e-08
9.703628364e-08
5.139377419e-08
8.915707595e-08
5.412823049e-08
8.08296831e-08
5.63354047e-08
7.201027601e-08
5.796477843e-08
6.265262949e-08
5.896494542e-08
5.270783732e-08
5.928358428e-08
4.212392006e-08
5.886751705e-08
3.084531888e-08
5.766289204e-08
1.881226659e-08
5.561554508e-08
5.960001601e-09
5.267168103e-08
-7.782204588e-09
4.877894877e-08
-2.249183728e-08
4.388813533e-08
-3.825451554e-08
3.795578927e-08
-5.516495418e-08
3.094825593e-08
-7.332779323e-08
2.2847722e-08
-9.285756051e-08
1.366105542e-08
-1.138767531e-07
3.432580546e-09
-1.365102368e-07
-7.737994251e-09
-1.608732916e-07
-1.967177949e-08
-1.870486854e-07
-3.208081436e-08
-2.150461365e-07
-4.453382426e-08
-2.447366874e-07
-5.642406271e-08
-2.757519947e-07
-6.695120215e-08
-3.073438365e-07
-7.513767217e-08
-3.382070941e-07
-7.990587467e-08
-3.662920426e-07
-8.024082473e-08
-3.886638319e-07
-7.544489509e-08
-4.015011897e-07
-6.5450894e-08
-4.003429948e-07
-5.110716521e-08
-3.806503184e-07
-3.431301281e-08
-3.386305231e-07
-1.790568212e-08
-2.720881397e-07
-5.298705269e-09
-1.809314178e-07
-6.703820849e-08
-1.629570653e-09
2.431079269e-08
-5.690489402e-09
6.665826241e-08
-1.123044246e-08
1.020392863e-07
-1.73375354e-08
1.303949827e-07
-2.326963285e-08
1.522468222e-07
-2.849137689e-08
1.683978741e-07
-3.266245379e-08
1.797460635e-07
-3.560350409e-08
1.871680126e-07
-3.725606451e-08
1.914554882e-07
-3.764550799e-08
1.932887258e-07
-3.685071285e-08
1.93232222e-07
-3.498115358e-08
1.917424999e-07
-3.216065862e-08
1.891812074e-07
-2.851656316e-08
1.858296893e-07
-2.417293989e-08
1.819029845e-07
-1.924675841e-08
1.775623111e-07
-1.384605657e-08
1.729257276e-07
-8.069432144e-09
1.68076985e-07
-2.006303233e-09
1.630726875e-07
4.262195198e-09
1.579482423e-07
1.066223464e-08
1.52722358e-07
1.712636782e-08
1.474005898e-07
2.35923621e-08
1.419783494e-07
3.000215578e-08
1.364431309e-07
3.630097736e-08
1.30776241e-07
4.243653064e-08
1.249541274e-07
4.835829804e-08
1.189494003e-07
5.401693161e-08
1.127315848e-07
5.936372826e-08
1.062676669e-07
6.435018002e-08
9.952246884e-08
6.892758583e-08
9.245887784e-08
7.30467136e-08
8.503794818e-08
7.665750449e-08
7.721889221e-08
7.970881308e-08
6.895896742e-08
8.214818039e-08
6.021326219e-08
8.392164082e-08
5.093437689e-08
8.497357011e-08
4.107199077e-08
8.524659024e-08
3.057229876e-08
8.468155979e-08
1.937729703e-08
8.321768922e-08
7.42387217e-09
8.079287144e-08
-5.357386815e-09
7.734437332e-08
-1.904333916e-08
7.280997228e-08
-3.372011452e-08
6.712986456e-08
-4.948484646e-08
6.024977976e-08
-6.644770845e-08
5.212590301e-08
-8.473368377e-08
4.273247288e-08
-1.04483323e-07
3.207329552e-08
-1.258510595e-07
2.019860248e-08
-1.489985986e-07
7.22891061e-09
-1.740789936e-07
-6.612430949e-09
-2.01204795e-07
-2.095847685e-08
-2.303906415e-07
-3.525313072e-08
-2.614573409e-07
-4.871115546e-08
-2.938858118e-07
-6.030433563e-08
-3.266139139e-07
-6.88070127e-08
-3.577893655e-07
-7.293878853e-08
-3.845320561e-07
-7.163349866e-08
-4.028064796e-07
-6.442046082e-08
-4.075560327e-07
-5.183132351e-08
-3.932394558e-07
-3.567339604e-08
-3.547884506e-07
-1.900169109e-08
-2.887598446e-07
-5.728928124e-09
-1.942041808e-07
-7.276713662e-08
-2.064495034e-09
2.637528774e-08
-7.075200137e-09
7.166896754e-08
-1.373325239e-08
1.086973386e-07
-2.085187393e-08
1.375136043e-07
-2.751720116e-08
1.589121495e-07
-3.311399514e-08
1.739946681e-07
-3.728860995e-08
1.839206783e-07
-3.988943946e-08
1.897688421e-07
-4.090672029e-08
1.924727691e-07
-4.042169901e-08
1.928037046e-07
-3.85679567e-08
1.913784797e-07
-3.550410034e-08
1.886786435e-07
-3.139570051e-08
1.850728076e-07
-2.64041664e-08
1.808381552e-07
-2.068052333e-08
1.761793415e-07
-1.436249048e-08
1.712442783e-07
-7.57367644e-09
1.661369136e-07
-4.239930923e-10
1.609273016e-07
6.988941285e-09
1.556597531e-07
1.457843326e-08
1.503587504e-07
2.226726403e-08
1.450335273e-07
2.998590818e-08
1.396819457e-07
3.767108883e-08
1.342931688e-07
4.526447104e-08
1.288497487e-07
5.27115101e-08
1.233292019e-07
5.996045185e-08
1.177051857e-07
6.696147919e-08
1.11948373e-07
7.366598152e-08
1.060270825e-07
8.002593059e-08
9.99077178e-08
8.599334578e-08
9.355505366e-08
9.151983104e-08
8.693239258e-08
9.655616809e-08
8.000161113e-08
1.010519532e-07
7.272310707e-08
1.049552677e-07
6.5055653e-08
1.08212374e-07
5.695615586e-08
1.107674355e-07
4.837931535e-08
1.125622593e-07
3.927716694e-08
1.135360711e-07
2.959848699e-08
1.136253394e-07
1.928802874e-08
1.127636754e-07
8.285536093e-09
1.108818581e-07
-3.475569438e-09
1.079081562e-07
-1.606963734e-08
1.037689396e-07
-2.958089796e-08
9.838988327e-08
-4.41057901e-08
9.169813452e-08
-5.975595971e-08
8.362599613e-08
-7.666154539e-08
7.411697975e-08
-9.497430662e-08
6.313550056e-08
-1.148695803e-07
5.068192824e-08
-1.365450263e-07
3.681523696e-08
-1.602123023e-07
2.168565804e-08
-1.860752161e-07
5.57913423e-09
-2.142841177e-07
-1.102618165e-08
-2.44852025e-07
-2.739916577e-08
-2.775128277e-07
-4.250734914e-08
-3.115057306e-07
-5.501916376e-08
-3.452775509e-07
-6.340615143e-08
-3.761450684e-07
-6.620193522e-08
-4.000106958e-07
-6.243851711e-08
-4.113194508e-07
-5.21921345e-08
-4.034858384e-07
-3.704971322e-08
-3.699308719e-07
-2.023703516e-08
-3.055725227e-07
-6.239277308e-09
-2.082019386e-07
-7.900641393e-08
-2.651097561e-09
2.902638531e-08
-8.886672923e-09
7.790454292e-08
-1.691965091e-08
1.167303166e-07
-2.520549994e-08
1.457994533e-07
-3.263203854e-08
1.663386881e-07
-3.851366482e-08
1.798762944e-07
-4.250988862e-08
1.879169022e-07
-4.452738685e-08
1.917863404e-07
-4.463272152e-08
1.925781037e-07
-4.298495129e-08
1.911559344e-07
-3.978821887e-08
1.881817473e-07
-3.526077844e-08
1.841512031e-07
-2.961622949e-08
1.794282587e-07
-2.305323285e-08
1.742751586e-07
-1.575078837e-08
1.68876897e-07
-7.866968923e-09
1.633604588e-07
4.603676065e-10
1.57809577e-07
9.111454074e-09
1.522762152e-07
1.798253288e-08
1.467886743e-07
2.698360535e-08
1.413576779e-07
3.603580912e-08
1.359813235e-07
4.506935025e-08
1.306484045e-07
5.402161468e-08
1.253409044e-07
6.283553414e-08
1.200358293e-07
7.145819149e-08
1.147065446e-07
7.983963907e-08
1.093237381e-07
8.793190487e-08
1.038561072e-07
9.568815474e-08
9.827083259e-08
1.030619838e-07
9.253388876e-08
1.100068122e-07
8.661022522e-08
1.164753631e-07
8.046384169e-08
1.22419202e-07
7.405777224e-08
1.277883221e-07
6.735398693e-08
1.325307614e-07
6.031321374e-08
1.365922402e-07
5.289467701e-08
1.39915813e-07
4.505574262e-08
1.424415281e-07
3.675145183e-08
1.441060986e-07
2.793391649e-08
1.4484259e-07
1.85515373e-08
1.445801391e-07
8.547986934e-09
1.432437229e-07
-2.139153233e-09
1.407541371e-07
-1.358005159e-08
1.370281284e-07
-2.585488923e-08
1.319789388e-07
-3.905660056e-08
1.255175435e-07
-5.329456442e-08
1.175550517e-07
-6.869905359e-08
1.08007042e-07
-8.542629693e-08
9.680104351e-08
-1.036635818e-07
8.388896968e-08
-1.236329524e-07
6.926711416e-08
-1.455904468e-07
5.3007061e-08
-1.698151629e-07
3.53011356e-08
-1.965781923e-07
1.652469993e-08
-2.260755894e-07
-2.685706612e-09
-2.583024212e-07
-2.135018788e-08
-2.928412493e-07
-3.809237419e-08
-3.285353646e-07
-5.11800511e-08
-3.630573915e-07
-5.873908214e-08
-3.924516648e-07
-5.921403287e-08
-4.108445001e-07
-5.205547475e-08
-4.106443965e-07
-3.844139491e-08
-3.835449517e-07
-2.166857155e-08
-3.223453461e-07
-6.866691741e-09
-2.230038185e-07
-8.587310568e-08
-3.449832272e-09
3.247621759e-08
-1.12581471e-08
8.571285776e-08
-2.094646867e-08
1.264186382e-07
-3.05128929e-08
1.553658776e-07
-3.863198508e-08
1.744577803e-07
-4.457888046e-08
1.858231898e-07
-4.807332308e-08
1.914113448e-07
-4.912609652e-08
1.928391138e-07
-4.791721185e-08
1.913692191e-07
-4.471026543e-08
1.87948988e-07
-3.979733442e-08
1.832688163e-07
-3.346633285e-08
1.778202016e-07
-2.598358268e-08
1.719455085e-07
-1.7586109e-08
1.65877685e-07
-8.479732002e-09
1.5977052e-07
1.159617811e-09
1.53721109e-07
1.118258923e-08
1.477866056e-07
2.146308997e-08
1.419957144e-07
3.189476167e-08
1.363570026e-07
4.238713496e-08
1.308653046e-07
5.286258538e-08
1.255058731e-07
6.32536243e-08
1.202573656e-07
7.350059012e-08
1.150939386e-07
8.354971032e-08
1.099867091e-07
9.335148911e-08
1.049047658e-07
1.02859371e-07
9.981585619e-08
1.120286354e-07
9.468684281e-08
1.208154786e-07
8.948398932e-08
1.291762468e-07
8.417312064e-08
1.370667859e-07
7.871968603e-08
1.444418838e-07
7.308874387e-08
1.512547768e-07
6.72448792e-08
1.574567051e-07
6.115205864e-08
1.629964965e-07
5.477342227e-08
1.678201677e-07
4.807100587e-08
1.718705293e-07
4.1005381e-08
1.750867887e-07
3.353519236e-08
1.774041433e-07
2.561656194e-08
1.787533633e-07
1.720231726e-08
1.790603672e-07
8.240983041e-09
1.782457843e-07
-1.324570429e-09
1.762246269e-07
-1.155889414e-08
1.729059983e-07
-2.25362607e-08
1.681930451e-07
-3.434364739e-08
1.61983321e-07
-4.708484028e-08
1.541699283e-07
-6.088566095e-08
1.446440703e-07
-7.590043889e-08
1.333000741e-07
-9.231958567e-08
1.200446125e-07
-1.103774909e-07
1.048128295e-07
-1.303586638e-07
8.759530202e-08
-1.525976355e-07
6.848100375e-08
-1.774638941e-07
4.7721814e-08
-2.053163996e-07
2.58219982e-08
-2.364026054e-07
3.647379007e-09
-2.706666302e-07
-1.746373148e-08
-3.074242541e-07
-3.565387364e-08
-3.448672494e-07
-4.867290512e-08
-3.794326333e-07
-5.430905348e-08
-4.052083517e-07
-5.119100851e-08
-4.137624415e-07
-3.981907639e-08
-3.949168839e-07
-2.337041395e-08
-3.387940086e-07
-7.667494554e-09
-2.387067379e-07
-9.354060024e-08
-4.551821758e-09
3.702803936e-08
-1.436703548e-08
9.552807149e-08
-2.598542458e-08
1.380370273e-07
-3.683957536e-08
1.662200283e-07
-4.540650513e-08
1.830247101e-07
-5.099111004e-08
1.914077947e-07
-5.345095159e-08
1.938711863e-07
-5.296624506e-08
1.923544073e-07
-4.987753728e-08
1.882805113e-07
-4.458295698e-08
1.826544077e-07
-3.747909529e-08
1.761649546e-07
-2.893062404e-08
1.692717303e-07
-1.925749487e-08
1.622723794e-07
-8.732262374e-09
1.553524525e-07
2.417225757e-09
1.486210319e-07
1.400242307e-08
1.421359117e-07
2.586859947e-08
1.359204292e-07
3.788915626e-08
1.299751577e-07
4.995989616e-08
1.242862627e-07
6.199448922e-08
1.188307116e-07
7.392055307e-08
1.135798092e-07
8.567639112e-08
1.085015276e-07
9.72083114e-08
1.035620183e-07
1.084684416e-07
9.872657893e-08
1.194129559e-07
9.396025143e-08
1.300006382e-07
8.922817395e-08
1.401917141e-07
8.449576688e-08
1.49946898e-07
7.972880536e-08
1.59226606e-07
7.489341269e-08
1.679902964e-07
6.995599564e-08
1.761959063e-07
6.488313394e-08
1.837993562e-07
5.96414293e-08
1.907541004e-07
5.419731442e-08
1.97010705e-07
4.851681771e-08
2.025164364e-07
4.256527439e-08
2.072148481e-07
3.630696933e-08
2.110453512e-07
2.970468923e-08
2.139427609e-07
2.271915226e-08
2.158368075e-07
1.530827057e-08
2.166516061e-07
7.426184456e-09
2.163050632e-07
-9.780275879e-10
2.147082878e-07
-9.962118698e-09
2.117649387e-07
-1.959291161e-08
2.073706616e-07
-2.99493703e-08
2.014126655e-07
-4.11268442e-08
1.937696818e-07
-5.324267735e-08
1.843127675e-07
-6.644352457e-08
1.729077859e-07
-8.091460409e-08
1.594210492e-07
-9.689075427e-08
1.437306514e-07
-1.14668266e-07
1.257475677e-07
-1.346145518e-07
1.054526355e-07
-1.57168962e-07
8.295757148e-08
-1.828213356e-07
5.859882106e-08
-2.12043855e-07
3.306849036e-08
-2.451362995e-07
7.5714882e-09
-2.81927252e-07
-1.602960437e-08
-3.212661569e-07
-3.520086557e-08
-3.602613721e-07
-4.70548963e-08
-3.93354321e-07
-4.919648588e-08
-4.11620852e-07
-4.108261155e-08
-4.030307582e-07
-2.54303549e-08
-3.544462652e-07
-8.727561888e-09
-2.554095309e-07
-1.022681621e-07
-6.096943279e-09
4.312498264e-08
-1.844397963e-08
1.078751079e-07
-3.219142067e-08
1.517844684e-07
-4.411724532e-08
1.78145853e-07
-5.258332859e-08
1.914907933e-07
-5.705601701e-08
1.958804832e-07
-5.765039992e-08
1.944655693e-07
-5.480334815e-08
1.895073555e-07
-4.907042121e-08
1.825475844e-07
-4.101298236e-08
1.745969688e-07
-3.114306137e-08
1.662950336e-07
-1.990191522e-08
1.580305842e-07
-7.656550992e-09
1.500270151e-07
5.294299829e-09
1.424016017e-07
1.871081507e-08
1.352045166e-07
3.24027113e-08
1.284440155e-07
4.62196881e-08
1.221034524e-07
6.004273569e-08
1.161521101e-07
7.377727592e-08
1.105517225e-07
8.734743926e-08
1.052605482e-07
1.006914425e-07
1.00235806e-07
1.13757896e-07
9.543507412e-08
1.265028729e-07
9.081704132e-08
1.388875929e-07
8.634185894e-08
1.508765917e-07
8.197125266e-08
1.624362732e-07
7.766849247e-08
1.735337582e-07
7.339828187e-08
1.841359612e-07
6.91266023e-08
1.942088407e-07
6.482053323e-08
2.037167782e-07
6.044805814e-08
2.126220522e-07
5.597785994e-08
2.208843767e-07
5.137910478e-08
2.284604817e-07
4.662120941e-08
2.353037153e-07
4.167358406e-08
2.413636506e-07
3.650533905e-08
2.465856814e-07
3.108493852e-08
2.509105924e-07
2.537977825e-08
2.54274089e-07
1.935565562e-08
2.566062718e-07
1.297608779e-08
2.578310379e-07
6.201418247e-09
2.578653811e-07
-1.012370741e-09
2.566185964e-07
-8.715334056e-09
2.539913364e-07
-1.696565166e-08
2.498746168e-07
-2.58326507e-08
2.441487096e-07
-3.540093699e-08
2.366820405e-07
-4.577600826e-08
2.273303615e-07
-5.709184566e-08
2.159367556e-07
-6.952099818e-08
2.023335841e-07
-8.328758278e-08
1.863484786e-07
-9.86831606e-08
1.67818124e-07
-1.160841972e-07
1.466161242e-07
-1.359669622e-07
1.227046847e-07
-1.589098961e-07
9.622343262e-08
-1.855626029e-07
6.762953824e-08
-2.165424051e-07
3.789504277e-08
-2.521927565e-07
8.737624096e-09
-2.921087382e-07
-1.719713081e-08
-3.343266173e-07
-3.642595047e-08
-3.741255014e-07
-4.536728767e-08
-4.026795148e-07
-4.19735316e-08
-4.064245143e-07
-2.792938113e-08
-3.684904157e-07
-1.017611145e-08
-2.731628006e-07
-1.124442736e-07
-8.301145363e-09
5.142612801e-08
-2.376790091e-08
1.233418634e-07
-3.96137387e-08
1.676303062e-07
-5.196361594e-08
1.904957302e-07
-5.92776033e-08
1.988047807e-07
-6.141131658e-08
1.980141965e-07
-5.890850771e-08
1.919627604e-07
-5.256770414e-08
1.83166552e-07
-4.321186831e-08
1.731917486e-07
-3.158265969e-08
1.629677602e-07
-1.830370373e-08
1.530160777e-07
-3.877881208e-09
1.436047616e-07
1.129937999e-08
1.348497539e-07
2.692281335e-08
1.267781683e-07
4.276045292e-08
1.193668771e-07
5.863701572e-08
1.125674527e-07
7.442049816e-08
1.0631997e-07
9.001161306e-08
1.005609952e-07
1.05335373e-07
9.522796258e-08
1.203345487e-07
9.026137254e-08
1.349646305e-07
8.56057241e-08
1.491899693e-07
8.120973537e-08
1.629808272e-07
7.702618338e-08
1.763111267e-07
7.301155946e-08
1.891567273e-07
6.912565203e-08
2.014941022e-07
6.533111759e-08
2.132993133e-07
6.159307072e-08
2.245472096e-07
5.787870599e-08
2.352107886e-07
5.415695424e-08
2.452606765e-07
5.039817026e-08
2.54664691e-07
4.657384536e-08
2.633874593e-07
4.265633648e-08
2.71390067e-07
3.861860171e-08
2.786297203e-07
3.443393069e-08
2.850594038e-07
3.007565558e-08
2.906275171e-07
2.551682518e-08
2.952774762e-07
2.072981914e-08
2.989472598e-07
1.568587197e-08
3.01568882e-07
1.035446559e-08
3.030677655e-07
4.702534774e-09
3.03361977e-07
-1.306582262e-09
3.023612949e-07
-7.714652003e-09
2.999660493e-07
-1.457040613e-08
2.960657835e-07
-2.193238484e-08
2.905375808e-07
-2.98727344e-08
2.832440565e-07
-3.848248396e-08
2.740310893e-07
-4.787887854e-08
2.627255515e-07
-5.821546038e-08
2.491336966e-07
-6.96957279e-08
2.330416788e-07
-8.259114282e-08
2.142211873e-07
-9.726370577e-08
1.924458329e-07
-1.141916078e-07
1.67528198e-07
-1.339922613e-07
1.393935127e-07
-1.574279177e-07
1.082124075e-07
-1.853612999e-07
7.461701288e-08
-2.18597362e-07
4.000838135e-08
-2.575001067e-07
6.902842806e-09
-3.012210787e-07
-2.085596652e-08
-3.463666921e-07
-3.847654643e-08
-3.850589349e-07
-4.189773249e-08
-4.030033283e-07
-3.087631088e-08
-3.795118374e-07
-1.220133103e-08
-2.918377805e-07
-1.246456046e-07
-1.149242965e-08
6.291855766e-08
-3.06075802e-08
1.424570139e-07
-4.796797867e-08
1.849907046e-07
-5.93040487e-08
2.018318003e-07
-6.362252258e-08
2.031232546e-07
-6.152650007e-08
1.959181739e-07
-5.420583195e-08
1.846420923e-07
-4.29224717e-08
1.718831917e-07
-2.879371731e-08
1.590629942e-07
-1.272654871e-08
1.469005916e-07
4.577771312e-09
1.357117576e-07
2.259325628e-08
1.255892767e-07
4.093567671e-08
1.165073335e-07
5.932961578e-08
1.083842292e-07
7.757978996e-08
1.011167029e-07
9.554974798e-08
9.459749468e-08
1.131454052e-07
8.872431279e-08
1.303026793e-07
8.340372102e-08
1.469783483e-07
7.855229355e-08
1.631433427e-07
7.409637815e-08
1.787778481e-07
6.997121872e-08
1.938677382e-07
6.611984527e-08
2.084019776e-07
6.249194393e-08
2.223707284e-07
5.904280872e-08
2.357639645e-07
5.573241585e-08
2.485704536e-07
5.252462849e-08
2.607770001e-07
4.938652422e-08
2.72367876e-07
4.62878301e-08
2.833243825e-07
4.320044777e-08
2.936245014e-07
4.009805131e-08
3.032426055e-07
3.695574119e-08
3.121492031e-07
3.374973895e-08
3.20310697e-07
3.04571078e-08
3.276891431e-07
2.705548456e-08
3.342419914e-07
2.352280719e-08
3.399217963e-07
1.983702034e-08
3.446758783e-07
1.597573707e-08
3.484459209e-07
1.191582932e-08
3.511674757e-07
7.632910816e-09
3.527693467e-07
3.100663764e-09
3.53172803e-07
-1.710038644e-09
3.52290581e-07
-6.83243001e-09
3.500255971e-07
-1.230542223e-08
3.462693527e-07
-1.817614046e-08
3.408998268e-07
-2.450320858e-08
3.337787484e-07
-3.136140557e-08
3.247481426e-07
-3.884827278e-08
3.136261128e-07
-4.709343064e-08
3.002020438e-07
-5.627165886e-08
2.842319533e-07
-6.662105241e-08
2.654358873e-07
-7.846763975e-08
2.435015793e-07
-9.225729989e-08
2.181029291e-07
-1.085936111e-07
1.889492341e-07
-1.282742227e-07
1.558921436e-07
-1.523042094e-07
1.191300051e-07
-1.818352235e-07
7.955360341e-08
-2.179237051e-07
3.924485387e-08
-2.609123292e-07
2.012707534e-09
-3.091345458e-07
-2.641744301e-08
-3.566287844e-07
-3.957933074e-08
-3.898414406e-07
-3.403537525e-08
-3.850557929e-07
-1.50577031e-08
-3.108154527e-07
-1.397033077e-07
-1.612994632e-08
7.904850398e-08
-3.898649154e-08
1.653135592e-07
-5.607044478e-08
2.020746579e-07
-6.358261093e-08
2.093439664e-07
-6.190064777e-08
2.014412914e-07
-5.286542155e-08
1.868829477e-07
-3.852699243e-08
1.703036632e-07
-2.065168056e-08
1.540078798e-07
-6.036464538e-10
1.390149601e-07
2.062299034e-08
1.256739548e-07
4.233406407e-08
1.140006839e-07
6.406209181e-08
1.038612489e-07
8.550003695e-08
9.506938837e-08
1.064529757e-07
8.743129046e-08
1.268028268e-07
8.076685176e-08
1.46482904e-07
7.491741754e-08
1.65460122e-07
6.97470947e-08
1.837226985e-07
6.514114452e-08
2.012717312e-07
6.100326086e-08
2.181154708e-07
5.725263856e-08
2.342654481e-07
5.382124144e-08
2.49733868e-07
5.06514254e-08
2.645318642e-07
4.769394767e-08
2.786683366e-07
4.490633628e-08
2.921491802e-07
4.225157228e-08
3.049767764e-07
3.969703225e-08
3.171496585e-07
3.721364214e-08
3.286622891e-07
3.477519944e-08
3.395049093e-07
3.235782755e-08
3.496634282e-07
2.993953245e-08
3.591193326e-07
2.749983678e-08
3.678496008e-07
2.501947068e-08
3.758266071e-07
2.248010149e-08
3.830180056e-07
1.98640861e-08
3.893865826e-07
1.715423011e-08
3.948900659e-07
1.433353709e-08
3.994808741e-07
1.138492878e-08
4.031057907e-07
8.29091276e-09
4.057055337e-07
5.033167804e-09
4.072141892e-07
1.592008207e-09
4.075584459e-07
-2.054295388e-09
4.06656597e-07
-5.930581108e-09
4.044172255e-07
-1.006605077e-08
4.007374467e-07
-1.449636165e-08
3.955005151e-07
-1.926627707e-08
3.885726011e-07
-2.443349157e-08
3.7979847e-07
-3.007414167e-08
3.689957666e-07
-3.629072732e-08
3.559476423e-07
-4.322353454e-08
3.403936886e-07
-5.106709877e-08
3.22019816e-07
-6.009376719e-08
3.00449343e-07
-7.068682689e-08
2.752411192e-07
-8.338538743e-08
2.459076372e-07
-9.894074072e-08
2.119791581e-07
-1.183757303e-07
1.731609823e-07
-1.430170477e-07
1.296575837e-07
-1.744203066e-07
8.274991719e-08
-2.140046628e-07
3.564774045e-08
-2.620323691e-07
-5.646140285e-09
-3.153349037e-07
-3.23905108e-08
-3.630970701e-07
-3.64791884e-08
-3.809671153e-07
-1.899526275e-08
-3.282993784e-07
-1.586985705e-07
-2.262512102e-08
1.01673625e-07
-4.788180205e-08
1.905702402e-07
-6.045528923e-08
2.146481451e-07
-5.913607746e-08
2.080247547e-07
-4.697759764e-08
1.892828116e-07
-2.75515083e-08
1.674568584e-07
-3.819136736e-09
1.465712916e-07
2.208715735e-08
1.281015858e-07
4.875299237e-08
1.12349125e-07
7.529590791e-08
9.913103927e-08
1.011926633e-07
8.810392854e-08
1.261544875e-07
7.88994247e-08
1.500418451e-07
7.118203079e-08
1.728062691e-07
6.466686639e-08
1.944527194e-07
5.912040143e-08
2.150156117e-07
5.435452526e-08
2.345438565e-07
5.021884995e-08
2.530917155e-07
4.659328543e-08
2.707133483e-07
4.338162811e-08
2.874596641e-07
4.050632277e-08
3.033765956e-07
3.790430989e-08
3.185042328e-07
3.552378815e-08
3.328764668e-07
3.332171373e-08
3.465209257e-07
3.12618773e-08
3.594590712e-07
2.931342682e-08
3.717063718e-07
2.744973168e-08
3.832725077e-07
2.564750619e-08
3.941615771e-07
2.388613006e-08
4.043722871e-07
2.214711748e-08
4.138981215e-07
2.041369805e-08
4.227274773e-07
1.867048091e-08
4.308437684e-07
1.690317962e-08
4.382254904e-07
1.509837942e-08
4.448462452e-07
1.324333134e-08
4.506747164e-07
1.132575887e-08
4.556745906e-07
9.333662836e-09
4.598044102e-07
7.255109211e-09
4.630173414e-07
5.077981486e-09
4.652608335e-07
2.789675673e-09
4.664761272e-07
3.767145504e-10
4.665975808e-07
-2.175749073e-09
4.655517022e-07
-4.884702519e-09
4.632559179e-07
-7.770266461e-09
4.596167543e-07
-1.085719804e-08
4.545273377e-07
-1.417686053e-08
4.478639374e-07
-1.777009126e-08
4.394811671e-07
-2.169137139e-08
4.292053488e-07
-2.60149091e-08
4.16825409e-07
-3.084359473e-08
4.020805947e-07
-3.632228452e-08
3.846444211e-07
-4.265759365e-08
3.641049573e-07
-5.01473631e-08
3.399436615e-07
-5.922409161e-08
3.115202124e-07
-7.051729169e-08
2.780824581e-07
-8.493797601e-08
2.388442302e-07
-1.037788198e-07
1.932160358e-07
-1.287921122e-07
1.413342343e-07
-1.621228613e-07
8.507636088e-08
-2.057744957e-07
2.961998327e-08
-2.598785261e-07
-1.506764977e-08
-3.184094371e-07
-3.537831438e-08
-3.606564507e-07
-2.379792901e-08
-3.398797638e-07
-1.824964995e-07
-3.036564269e-08
1.320392677e-07
-5.278117003e-08
2.129857675e-07
-5.205582552e-08
2.139228005e-07
-3.393156879e-08
1.899004979e-07
-5.630053107e-09
1.609812959e-07
2.755035561e-08
1.342764497e-07
6.220045833e-08
1.119211889e-07
9.636544924e-08
9.393659484e-08
1.290397276e-07
7.967484668e-08
1.597796148e-07
6.839115205e-08
1.884592196e-07
5.94243237e-08
2.151212459e-07
5.223739848e-08
2.398896731e-07
4.641360357e-08
2.629201879e-07
4.163635155e-08
2.843735323e-07
3.7667057e-08
3.04402073e-07
3.432598454e-08
3.231437726e-07
3.147715041e-08
3.407201716e-07
2.901688639e-08
3.572364325e-07
2.686536723e-08
3.727823495e-07
2.496040575e-08
3.874337322e-07
2.325292717e-08
4.01253853e-07
2.17036673e-08
4.142948103e-07
2.028075652e-08
4.265987437e-07
1.895794386e-08
4.381988866e-07
1.771328392e-08
4.491204586e-07
1.65281596e-08
4.593814154e-07
1.53865494e-08
4.689930719e-07
1.427447354e-08
4.779606181e-07
1.317957134e-08
4.862835412e-07
1.209077494e-08
4.939559685e-07
1.099805351e-08
5.009669396e-07
9.892208524e-09
5.073006144e-07
8.764704657e-09
5.129364216e-07
7.60752405e-09
5.178491476e-07
6.413032874e-09
5.220089605e-07
5.173849887e-09
5.253813636e-07
3.882706095e-09
5.279270617e-07
2.532283425e-09
5.29601719e-07
1.115018375e-09
5.30355553e-07
-3.771195254e-10
5.301328157e-07
-1.953011759e-09
5.288709313e-07
-3.622818179e-09
5.264993648e-07
-5.398699947e-09
5.22937901e-07
-7.295734286e-09
5.180942478e-07
-9.333207368e-09
5.118606486e-07
-1.153649208e-08
5.041090692e-07
-1.393979205e-08
4.946843502e-07
-1.659019015e-08
4.833944599e-07
-1.955370444e-08
4.699966517e-07
-2.292447633e-08
4.541779568e-07
-2.683889878e-08
4.355281845e-07
-3.149759086e-08
4.135039287e-07
-3.71998358e-08
3.873842233e-07
-4.439758629e-08
3.562254185e-07
-5.377917127e-08
3.188411298e-07
-6.639453112e-08
2.738758185e-07
-8.382680091e-08
2.201288697e-07
-1.083759126e-07
1.574364324e-07
-1.430820584e-07
8.856852028e-08
-1.91010614e-07
2.236853589e-08
-2.522094527e-07
-2.335850323e-08
-3.149294117e-07
-2.742723006e-08
-3.35811037e-07
-2.099237296e-07
-3.525319439e-08
1.672924621e-07
-3.885015416e-08
2.165827273e-07
-8.52860402e-09
1.836012504e-07
3.649760972e-08
1.448742842e-07
8.529768714e-08
1.121812185e-07
1.327655885e-07
8.680854833e-08
1.766409179e-07
6.804585947e-08
2.162191775e-07
5.435833522e-08
2.515762006e-07
4.431782354e-08
2.831034143e-07
3.686393831e-08
3.11283116e-07
3.124462206e-08
3.365881534e-07
2.693236107e-08
3.594411728e-07
2.356058416e-08
3.802029889e-07
2.087453546e-08
3.991743681e-07
1.869567772e-08
4.166029628e-07
1.689738989e-08
4.32691495e-07
1.53886182e-08
4.476055172e-07
1.410286415e-08
4.61480132e-07
1.299075242e-08
4.744255481e-07
1.201498968e-08
4.865315606e-07
1.114691459e-08
4.978711163e-07
1.036411164e-08
5.085031306e-07
9.648742182e-09
5.184747106e-07
8.986363885e-09
5.278229086e-07
8.365085881e-09
5.365761107e-07
7.774957471e-09
5.447551392e-07
7.207520845e-09
5.523741326e-07
6.655480193e-09
5.594412498e-07
6.112454041e-09
5.659592373e-07
5.572787464e-09
5.719258834e-07
5.031407375e-09
5.773343833e-07
4.483708616e-09
5.821736264e-07
3.9254615e-09
5.864284171e-07
3.352733415e-09
5.900796317e-07
2.761818211e-09
5.93104314e-07
2.149167558e-09
5.954757017e-07
1.511318434e-09
5.971631742e-07
8.448108629e-10
5.981321007e-07
1.460918031e-10
5.983435745e-07
-5.885932629e-10
5.977539878e-07
-1.363425135e-09
5.963143932e-07
-2.183223566e-09
5.939694998e-07
-3.053806619e-09
5.906562251e-07
-3.982459585e-09
5.863016268e-07
-4.978609125e-09
5.8081993e-07
-6.054795309e-09
5.741082354e-07
-7.228097422e-09
5.660402999e-07
-8.522254645e-09
5.564574726e-07
-9.970877222e-09
5.451554029e-07
-1.162240664e-08
5.318644452e-07
-1.354794108e-08
5.16220706e-07
-1.585385175e-08
4.977234295e-07
-1.870255929e-08
4.756732564e-07
-2.234741323e-08
4.490862163e-07
-2.719213113e-08
4.165844248e-07
-3.389273963e-08
3.762882182e-07
-4.353059436e-08
3.25805276e-07
-5.789297048e-08
2.62591818e-07
-7.986860039e-08
1.853381695e-07
-1.137569655e-07
9.764292092e-08
-1.645142042e-07
1.563250653e-08
-2.329189973e-07
-2.411700609e-08
-2.960615244e-07
-2.340407357e-07
-1.848541144e-08
1.857778735e-07
4.119674963e-08
1.569005662e-07
1.222131249e-07
1.025848751e-07
1.974178548e-07
6.966955425e-08
2.616874201e-07
4.791165317e-08
3.150928287e-07
3.340313976e-08
3.591054145e-07
2.403327362e-08
3.955189204e-07
1.79448294e-08
4.259540329e-07
1.3882711e-08
4.517212142e-07
1.109675696e-08
4.738351487e-07
9.130687613e-09
4.930669387e-07
7.700571049e-09
5.099987613e-07
6.628761502e-09
5.250706116e-07
5.802685141e-09
5.386168586e-07
5.14943078e-09
5.508936086e-07
4.62063984e-09
5.620987725e-07
4.183454284e-09
5.723866507e-07
3.814985934e-09
5.818785145e-07
3.498888673e-09
5.906703029e-07
3.223201279e-09
5.988382536e-07
2.978963841e-09
6.064430528e-07
2.759312414e-09
6.1353292e-07
2.558875006e-09
6.201459229e-07
2.373360992e-09
6.263117317e-07
2.199277025e-09
6.32052962e-07
2.03372719e-09
6.373862126e-07
1.874270241e-09
6.423228766e-07
1.718816108e-09
6.468697809e-07
1.565549801e-09
6.510296937e-07
1.412874577e-09
6.548017324e-07
1.259368749e-09
6.581816889e-07
1.103752068e-09
6.611622917e-07
9.448587033e-10
6.637334106e-07
7.816144704e-10
6.658822124e-07
6.130163537e-10
6.675932674e-07
4.381125426e-10
6.688486047e-07
2.55981176e-10
6.696277089e-07
6.570667195e-11
6.699074391e-07
-1.336384221e-10
6.696619004e-07
-3.430546236e-10
6.688621408e-07
-5.636655148e-10
6.674756991e-07
-7.967818661e-10
6.654658995e-07
-1.04400705e-09
6.627908242e-07
-1.307384306e-09
6.594018165e-07
-1.589601429e-09
6.552413066e-07
-1.894285496e-09
6.502396456e-07
-2.226436465e-09
6.44310467e-07
-2.593076031e-09
6.373438301e-07
-3.004240373e-09
6.291959627e-07
-3.474539226e-09
6.196736987e-07
-4.025677052e-09
6.085105095e-07
-4.690662584e-09
5.953290303e-07
-5.52108018e-09
5.795817105e-07
-6.600093358e-09
5.604560734e-07
-8.066494103e-09
5.367238486e-07
-1.016051488e-08
5.065062352e-07
-1.331298098e-08
4.669335722e-07
-1.832030751e-08
4.137459856e-07
-2.668101374e-08
3.411564485e-07
-4.116742849e-08
2.431639099e-07
-6.652166561e-08
1.206355316e-07
-1.10390619e-07
7.824436207e-09
-1.83250429e-07
-2.262162995e-07
1.857778735e-07
3.426784397e-07
4.452633148e-07
5.149328691e-07
5.628445223e-07
5.96247662e-07
6.202809356e-07
6.38225765e-07
6.52108476e-07
6.63205233e-07
6.723359206e-07
6.800364917e-07
6.866652532e-07
6.924679383e-07
6.976173691e-07
7.022380089e-07
7.064214632e-07
7.102364491e-07
7.137353378e-07
7.169585391e-07
7.199375029e-07
7.226968153e-07
7.252556903e-07
7.276290513e-07
7.298283283e-07
7.318620555e-07
7.337363258e-07
7.354551419e-07
7.370206917e-07
7.384335662e-07
7.39692935e-07
7.407966871e-07
7.417415458e-07
7.425231602e-07
7.431361766e-07
7.435742891e-07
7.438302703e-07
7.438959769e-07
7.437623385e-07
7.434192839e-07
7.428556184e-07
7.420588365e-07
7.410148294e-07
7.397074451e-07
7.381178437e-07
7.362235582e-07
7.339971217e-07
7.314040457e-07
7.283998053e-07
7.249252661e-07
7.20899589e-07
7.162089264e-07
7.106878462e-07
7.040877529e-07
6.960212588e-07
6.858607439e-07
6.725477629e-07
6.542274554e-07
6.275464416e-07
5.863790131e-07
5.198573475e-07
4.094667285e-07
2.262162995e-07
)
;

boundaryField
{
    movingWall
    {
        type            calculated;
        value           uniform 0;
    }
    fixedWalls
    {
        type            calculated;
        value           uniform 0;
    }
    frontAndBack
    {
        type            empty;
    }
}


// ************************************************************************* //
