/*--------------------------------*- C++ -*----------------------------------*\
  =========                 |
  \\      /  F ield         | OpenFOAM: The Open Source CFD Toolbox
   \\    /   O peration     | Website:  https://openfoam.org
    \\  /    A nd           | Version:  11
     \\/     M anipulation  |
\*---------------------------------------------------------------------------*/
FoamFile
{
    format      ascii;
    class       volVectorField;
    location    "1000";
    object      U;
}
// * * * * * * * * * * * * * * * * * * * * * * * * * * * * * * * * * * * * * //

dimensions      [0 1 -1 0 0 0 0];

internalField   nonuniform List<vector> 
4096
(
(1.426435436e-05 -1.424246015e-05 0)
(5.93097439e-05 -1.796213003e-05 0)
(9.382927543e-05 -1.361948602e-05 0)
(9.689794534e-05 -6.344621715e-06 0)
(5.763739132e-05 1.404867276e-06 0)
(-2.562518112e-05 8.734234452e-06 0)
(-0.000150809634 1.523372949e-05 0)
(-0.0003140635972 2.077449996e-05 0)
(-0.0005107380552 2.537226589e-05 0)
(-0.0007359696872 2.910448062e-05 0)
(-0.0009850057456 3.20701701e-05 0)
(-0.001253369238 3.437064193e-05 0)
(-0.001536929511 3.609988645e-05 0)
(-0.00183191541 3.733992596e-05 0)
(-0.002134893443 3.815883975e-05 0)
(-0.002442725514 3.861031323e-05 0)
(-0.002752516149 3.873411526e-05 0)
(-0.003061556199 3.855717328e-05 0)
(-0.003367268047 3.809504556e-05 0)
(-0.003667155962 3.735365523e-05 0)
(-0.003958764184 3.633118857e-05 0)
(-0.004239644536 3.502008221e-05 0)
(-0.004507334672 3.340904079e-05 0)
(-0.004759347561 3.148503715e-05 0)
(-0.004993172362 2.923525737e-05 0)
(-0.005206286469 2.664895756e-05 0)
(-0.0053961782 2.371920464e-05 0)
(-0.005560379314 2.044447363e-05 0)
(-0.005696506331 1.683007486e-05 0)
(-0.005802309351 1.288938099e-05 0)
(-0.005875726914 8.644823886e-06 0)
(-0.00591494523 4.12864159e-06 0)
(-0.005918459556 -6.167602037e-07 0)
(-0.005885136085 -5.538747972e-06 0)
(-0.005814272218 -1.057457327e-05 0)
(-0.005705652417 -1.565207821e-05 0)
(-0.005559597909 -2.069084975e-05 0)
(-0.005377007106 -2.560367113e-05 0)
(-0.005159384979 -3.029838742e-05 0)
(-0.00490885927 -3.468012562e-05 0)
(-0.004628181792 -3.865381042e-05 0)
(-0.004320713493 -4.212689724e-05 0)
(-0.003990392445 -4.501222189e-05 0)
(-0.003641684512 -4.723085032e-05 0)
(-0.003279517109 -4.871479953e-05 0)
(-0.002909197099 -4.940949817e-05 0)
(-0.002536314537 -4.927585981e-05 0)
(-0.002166634522 -4.829185967e-05 0)
(-0.001805979867 -4.645353398e-05 0)
(-0.001460107463 -4.377536691e-05 0)
(-0.001134581215 -4.029009286e-05 0)
(-0.0008346438628 -3.604803353e-05 0)
(-0.0005650890676 -3.111622396e-05 0)
(-0.000330133291 -2.557779398e-05 0)
(-0.0001332841146 -1.953242419e-05 0)
(2.280312831e-05 -1.309938035e-05 0)
(0.0001364954481 -6.425922565e-06 0)
(0.0002074071565 2.946723764e-07 0)
(0.0002367296085 6.785681394e-06 0)
(0.0002277279021 1.261590157e-05 0)
(0.0001864634546 1.71026782e-05 0)
(0.0001231843165 1.919367748e-05 0)
(5.607828225e-05 1.680150538e-05 0)
(8.074077004e-06 8.078287845e-06 0)
(1.821335924e-05 -5.946731111e-05 0)
(7.356968168e-05 -7.293159575e-05 0)
(8.481891614e-05 -2.731358912e-05 0)
(1.508307051e-05 4.62050191e-05 0)
(-0.0001567027849 0.0001297645088 0)
(-0.0004357911467 0.0002133877574 0)
(-0.0008191852358 0.0002916904124 0)
(-0.001299239198 0.0003619957292 0)
(-0.001865782177 0.000423200323 0)
(-0.002507509731 0.0004751002648 0)
(-0.003212859888 0.0005179889644 0)
(-0.003970532137 0.0005524122047 0)
(-0.004769768469 0.000579016266 0)
(-0.005600475982 0.0005984533553 0)
(-0.006453244899 0.0006113238448 0)
(-0.007319299941 0.0006181431986 0)
(-0.00819041243 0.0006193260978 0)
(-0.009058793257 0.0006151828677 0)
(-0.009916981653 0.0006059248178 0)
(-0.01075774082 0.0005916760127 0)
(-0.01157396851 0.0005724895771 0)
(-0.01235862826 0.000548367034 0)
(-0.01310470503 0.0005192794637 0)
(-0.01380518747 0.0004851894886 0)
(-0.01445307755 0.0004460732586 0)
(-0.0150414275 0.0004019417376 0)
(-0.01556340263 0.0003528606972 0)
(-0.01601236817 0.0002989688884 0)
(-0.01638199734 0.0002404939163 0)
(-0.01666639727 0.0001777653773 0)
(-0.01686024887 0.0001112248424 0)
(-0.01695895638 4.143227071e-05 0)
(-0.01695880069 -3.093164076e-05 0)
(-0.01685709328 -0.0001050671467 0)
(-0.0166523232 -0.0001800610049 0)
(-0.01634429165 -0.0002548973811 0)
(-0.01593422961 -0.0003284733495 0)
(-0.01542489137 -0.0003996186709 0)
(-0.01482061928 -0.000467119712 0)
(-0.01412737493 -0.0005297470241 0)
(-0.0133527328 -0.0005862858888 0)
(-0.01250583307 -0.0006355689448 0)
(-0.01159729213 -0.0006765098412 0)
(-0.01063906998 -0.000708136733 0)
(-0.009644295644 -0.0007296243667 0)
(-0.008627052996 -0.0007403235063 0)
(-0.007602130847 -0.0007397865526 0)
(-0.006584742327 -0.0007277884197 0)
(-0.005590219502 -0.0007043420693 0)
(-0.00463368955 -0.0006697085951 0)
(-0.003729738513 -0.0006244024184 0)
(-0.002892067511 -0.0005691930645 0)
(-0.002133143961 -0.0005051062341 0)
(-0.001463846531 -0.0004334286402 0)
(-0.0008930967611 -0.0003557236641 0)
(-0.0004274619904 -0.0002738688302 0)
(-7.070227769e-05 -0.0001901323312 0)
(0.0001767832203 -0.0001073144663 0)
(0.0003186777798 -2.899254982e-05 0)
(0.0003636981418 4.008152403e-05 0)
(0.0003267997693 9.338557835e-05 0)
(0.0002311623355 0.0001218429045 0)
(0.0001133937553 0.0001132977296 0)
(1.665726096e-05 5.592800372e-05 0)
(1.415846869e-05 -9.48475632e-05 0)
(2.848870759e-05 -8.4620364e-05 0)
(-4.427235708e-05 4.451568199e-05 0)
(-0.0002428917539 0.000233305044 0)
(-0.0005900893491 0.0004458911315 0)
(-0.001092383155 0.0006603395167 0)
(-0.001746258155 0.000863637217 0)
(-0.002541864504 0.001048547521 0)
(-0.003465547485 0.001211501228 0)
(-0.004501637866 0.001351213234 0)
(-0.005633670162 0.001467779151 0)
(-0.006845168392 0.001562079284 0)
(-0.008120117793 0.0016353828 0)
(-0.009443212531 0.001689085876 0)
(-0.01079994694 0.0017245421 0)
(-0.01217660146 0.001742958212 0)
(-0.01356016244 0.00174533722 0)
(-0.01493820548 0.001732456452 0)
(-0.01629876561 0.00170487148 0)
(-0.01763021131 0.001662939085 0)
(-0.01892113566 0.001606853907 0)
(-0.02016027382 0.001536694484 0)
(-0.02133645312 0.001452475167 0)
(-0.02243857978 0.001354200991 0)
(-0.02345566362 0.001241923095 0)
(-0.02437688105 0.001115792619 0)
(-0.02519167434 0.0009761113279 0)
(-0.02588988444 0.0008233774568 0)
(-0.02646191334 0.0006583254053 0)
(-0.02689891073 0.0004819580925 0)
(-0.02719297934 0.0002955708639 0)
(-0.02733739234 0.000100765944 0)
(-0.02732681471 -0.0001005435134 0)
(-0.02715752357 -0.0003061401091 0)
(-0.02682761587 -0.0005135198021 0)
(-0.0263371971 -0.0007199222218 0)
(-0.0256885434 -0.0009223724324 0)
(-0.02488622779 -0.00111773369 0)
(-0.02393720404 -0.001302770463 0)
(-0.02285084136 -0.001474220423 0)
(-0.02163890464 -0.001628873628 0)
(-0.0203154759 -0.001763656701 0)
(-0.01889681479 -0.001875719408 0)
(-0.01740115714 -0.001962520791 0)
(-0.01584845307 -0.002021911844 0)
(-0.01426004777 -0.002052211794 0)
(-0.01265830987 -0.002052275294 0)
(-0.01106621415 -0.002021548387 0)
(-0.009506886248 -0.001960111905 0)
(-0.008003117645 -0.001868712164 0)
(-0.006576858815 -0.001748780389 0)
(-0.00524869719 -0.001602444362 0)
(-0.004037323738 -0.001432538522 0)
(-0.002958987794 -0.001242622305 0)
(-0.002026933638 -0.001037021335 0)
(-0.001250804409 -0.0008209125502 0)
(-0.0006359891052 -0.0006004830078 0)
(-0.0001828761565 -0.0003832030264 0)
(0.0001140347216 -0.0001782649342 0)
(0.0002671860635 2.758390106e-06 0)
(0.0002971265647 0.0001450157712 0)
(0.0002342469321 0.0002293305883 0)
(0.0001240216917 0.0002314213187 0)
(1.911722991e-05 0.0001230604221 0)
(7.053847836e-06 -9.887561916e-05 0)
(-4.664235966e-05 -1.416988128e-05 0)
(-0.000239222756 0.0002440748061 0)
(-0.0006033886726 0.0005926336056 0)
(-0.001157203184 0.0009785519744 0)
(-0.001905419054 0.001367493967 0)
(-0.002842823504 0.001737860474 0)
(-0.003957368814 0.002076838089 0)
(-0.00523262541 0.002377530012 0)
(-0.00664961624 0.002636934291 0)
(-0.008188145858 0.002854535263 0)
(-0.009827716167 0.003031320007 0)
(-0.01154811596 0.003169092806 0)
(-0.01332976228 0.003270002354 0)
(-0.01515385924 0.003336223568 0)
(-0.01700242837 0.003369753742 0)
(-0.01885825411 0.003372294483 0)
(-0.02070477979 0.003345198549 0)
(-0.02252598188 0.003289465738 0)
(-0.02430624436 0.003205775486 0)
(-0.02603024985 0.00309454624 0)
(-0.02768289955 0.002956013488 0)
(-0.02924927061 0.002790319731 0)
(-0.03071461593 0.002597610762 0)
(-0.03206440888 0.002378133532 0)
(-0.03328443302 0.002132331599 0)
(-0.03436091491 0.001860934735 0)
(-0.03528069637 0.001565039769 0)
(-0.03603144109 0.001246180094 0)
(-0.03660186938 0.0009063815868 0)
(-0.03698201362 0.0005482029568 0)
(-0.03716348661 0.0001747587874 0)
(-0.03713975256 -0.0002102761897 0)
(-0.03690639487 -0.0006026823519 0)
(-0.03646136589 -0.0009977309981 0)
(-0.03580521226 -0.001390241873 0)
(-0.0349412658 -0.001774660917 0)
(-0.03387578938 -0.002145157536 0)
(-0.03261807013 -0.002495739833 0)
(-0.03118045203 -0.002820385443 0)
(-0.02957830156 -0.003113184826 0)
(-0.02782990158 -0.003368493169 0)
(-0.02595627043 -0.003581086455 0)
(-0.02398090544 -0.003746316795 0)
(-0.02192945195 -0.003860261932 0)
(-0.01982930138 -0.003919863908 0)
(-0.01770912385 -0.003923052375 0)
(-0.01559834268 -0.003868848887 0)
(-0.01352655949 -0.003757449941 0)
(-0.01152293941 -0.003590288429 0)
(-0.009615565768 -0.00337007575 0)
(-0.007830772691 -0.003100830071 0)
(-0.006192461504 -0.002787900349 0)
(-0.004721403615 -0.002438000811 0)
(-0.003434527562 -0.002059276903 0)
(-0.002344182407 -0.001661431404 0)
(-0.001457363789 -0.001255948221 0)
(-0.0007748829824 -0.0008564604913 0)
(-0.0002904554774 -0.0004793159828 0)
(1.028342181e-05 -0.0001443885057 0)
(0.000150765627 0.0001238563703 0)
(0.0001648918124 0.0002951473205 0)
(0.0001016360415 0.0003321201653 0)
(1.752597135e-05 0.0001882622413 0)
(-8.414004477e-07 -5.911020564e-05 0)
(-0.0001358001272 0.0001637448094 0)
(-0.0004686861351 0.0006008039509 0)
(-0.001021484431 0.001151399589 0)
(-0.001803261892 0.001748559875 0)
(-0.002814328806 0.002346969009 0)
(-0.004046224815 0.002916902953 0)
(-0.005484039829 0.003439918797 0)
(-0.007108547765 0.003905518765 0)
(-0.008897856781 0.00430865986 0)
(-0.01082867005 0.004647924974 0)
(-0.01287720451 0.004924185329 0)
(-0.0150198145 0.005139630412 0)
(-0.01723337634 0.005297075663 0)
(-0.01949548828 0.005399482014 0)
(-0.02178453524 0.005449638493 0)
(-0.02407966099 0.005449971143 0)
(-0.02636068392 0.005402449923 0)
(-0.02860798632 0.005308571183 0)
(-0.03080240106 0.005169397567 0)
(-0.03292511435 0.004985640386 0)
(-0.03495759862 0.004757771974 0)
(-0.03688158519 0.004486157499 0)
(-0.03867908285 0.004171197345 0)
(-0.04033244527 0.003813472523 0)
(-0.04182448747 0.003413886717 0)
(-0.04313864904 0.002973799506 0)
(-0.04425920011 0.002495146116 0)
(-0.04517148418 0.001980539659 0)
(-0.04586219062 0.001433352408 0)
(-0.04631964856 0.0008577731078 0)
(-0.04653413297 0.0002588377955 0)
(-0.04649817211 -0.0003575678805 0)
(-0.04620684889 -0.0009847360805 0)
(-0.04565807998 -0.001615195604 0)
(-0.04485286651 -0.002240802724 0)
(-0.04379550402 -0.002852862172 0)
(-0.04249374093 -0.003442277152 0)
(-0.04095887691 -0.003999725963 0)
(-0.03920579237 -0.00451586165 0)
(-0.03725290227 -0.004981530062 0)
(-0.0351220285 -0.005388000688 0)
(-0.03283818763 -0.005727203813 0)
(-0.03042929237 -0.005991966905 0)
(-0.02792576795 -0.006176242869 0)
(-0.02536008641 -0.006275322926 0)
(-0.02276622451 -0.006286027525 0)
(-0.02017905289 -0.00620686991 0)
(-0.01763366554 -0.006038188881 0)
(-0.01516466033 -0.0057822499 0)
(-0.01280538119 -0.00544331714 0)
(-0.01058713253 -0.005027703327 0)
(-0.00853837501 -0.004543809395 0)
(-0.006683909425 -0.00400217208 0)
(-0.005044052853 -0.003415544575 0)
(-0.003633807876 -0.00279904309 0)
(-0.002462023501 -0.002170399947 0)
(-0.001530544569 -0.001550370428 0)
(-0.0008333467903 -0.0009633440376 0)
(-0.0003556783692 -0.0004382075674 0)
(-7.326238076e-05 -9.473583534e-06 0)
(4.876006303e-05 0.000281388855 0)
(5.912614961e-05 0.0003841889909 0)
(1.407118136e-05 0.0002357459859 0)
(-8.767442163e-06 2.856675454e-05 0)
(-0.0002303994345 0.0004606552355 0)
(-0.0007141524754 0.001130732068 0)
(-0.001468857941 0.001926808588 0)
(-0.002491911311 0.002771528158 0)
(-0.003777122547 0.00361079191 0)
(-0.005311324312 0.004407983166 0)
(-0.00707586644 0.005139629453 0)
(-0.00904834466 0.005791851679 0)
(-0.01120394742 0.006357579285 0)
(-0.01351653282 0.006834411703 0)
(-0.01595945366 0.007222991989 0)
(-0.01850614144 0.007525787053 0)
(-0.02113048157 0.007746191671 0)
(-0.02380702016 0.00788789074 0)
(-0.02651104279 0.007954427801 0)
(-0.02921856339 0.00794893824 0)
(-0.03190625704 0.007874013308 0)
(-0.03455136581 0.007731666996 0)
(-0.037131602 0.007523382237 0)
(-0.03962506774 0.007250216507 0)
(-0.04201020569 0.006912949784 0)
(-0.04426579107 0.00651226029 0)
(-0.04637097156 0.00604891555 0)
(-0.04830535799 0.005523968105 0)
(-0.05004916615 0.004938946815 0)
(-0.05158340706 0.004296036014 0)
(-0.05289012135 0.003598235942 0)
(-0.05395265141 0.002849498835 0)
(-0.05475594343 0.002054835893 0)
(-0.05528687046 0.001220391079 0)
(-0.05553456677 0.0003534784087 0)
(-0.05549076218 -0.0005374198056 0)
(-0.05515010776 -0.001442695444 0)
(-0.05451047669 -0.002351700231 0)
(-0.05357323368 -0.003252874275 0)
(-0.05234345965 -0.004133915388 0)
(-0.0508301206 -0.004981987594 0)
(-0.04904617146 -0.005783965498 0)
(-0.04700858569 -0.00652670977 0)
(-0.04473830281 -0.007197367587 0)
(-0.04226008787 -0.007783690643 0)
(-0.03960229854 -0.008274362205 0)
(-0.03679655764 -0.008659323901 0)
(-0.03387733161 -0.008930092493 0)
(-0.0308814174 -0.009080057027 0)
(-0.02784734304 -0.009104747454 0)
(-0.02481468953 -0.009002067353 0)
(-0.02182334354 -0.008772485627 0)
(-0.01891269235 -0.008419185317 0)
(-0.01612077344 -0.007948171714 0)
(-0.01348339166 -0.007368347054 0)
(-0.01103321669 -0.006691564961 0)
(-0.00879887276 -0.005932684475 0)
(-0.006804031406 -0.005109650711 0)
(-0.005066517192 -0.004243636474 0)
(-0.003597436033 -0.003359285738 0)
(-0.002400336465 -0.002485104632 0)
(-0.001470416754 -0.001654048091 0)
(-0.0007938037164 -0.0009043506965 0)
(-0.0003469298058 -0.0002806263798 0)
(-9.583971458e-05 0.0001647929944 0)
(5.369453348e-06 0.0003698977086 0)
(9.807502069e-06 0.0002578028941 0)
(-1.638776642e-05 0.0001651093668 0)
(-0.0003259242972 0.0008812333971 0)
(-0.0009648051404 0.001841773309 0)
(-0.001927792846 0.002928359307 0)
(-0.003199190634 0.004056749045 0)
(-0.004764896194 0.005166513069 0)
(-0.006605857441 0.00621577907 0)
(-0.008698838663 0.007177071109 0)
(-0.01101775203 0.008033725994 0)
(-0.01353465907 0.008776958888 0)
(-0.01622060261 0.009403521957 0)
(-0.01904627523 0.009913863635 0)
(-0.02198250755 0.0103107083 0)
(-0.02500058904 0.01059798747 0)
(-0.02807244766 0.01078006312 0)
(-0.03117071905 0.01086119251 0)
(-0.03426873654 0.01084519119 0)
(-0.03734047193 0.01073525713 0)
(-0.04036045349 0.0105339236 0)
(-0.04330368403 0.01024311286 0)
(-0.04614557741 0.009864266137 0)
(-0.04886192768 0.009398528361 0)
(-0.05142892089 0.008846969198 0)
(-0.05382319592 0.008210824123 0)
(-0.05602195714 0.007491741709 0)
(-0.05800313875 0.006692025262 0)
(-0.05974561825 0.005814858683 0)
(-0.06122947411 0.004864508 0)
(-0.06243628108 0.003846491314 0)
(-0.06334943506 0.002767711051 0)
(-0.06395449841 0.001636543418 0)
(-0.06423955548 0.0004628809498 0)
(-0.06419556776 -0.0007418749038 0)
(-0.06381671833 -0.001964873257 0)
(-0.06310073052 -0.003191928523 0)
(-0.06204915381 -0.00440768931 0)
(-0.06066760297 -0.005595859113 0)
(-0.0589659392 -0.006739466772 0)
(-0.05695838353 -0.00782118261 0)
(-0.05466355279 -0.008823674384 0)
(-0.05210440941 -0.009729995501 0)
(-0.04930811805 -0.0105239964 0)
(-0.04630580396 -0.01119074855 0)
(-0.0431322096 -0.01171696963 0)
(-0.03982524903 -0.01209143743 0)
(-0.03642546173 -0.0123053807 0)
(-0.03297537035 -0.01235283511 0)
(-0.02951874973 -0.01223095476 0)
(-0.02609981699 -0.01194027185 0)
(-0.02276235499 -0.01148490099 0)
(-0.01954878326 -0.01087268896 0)
(-0.01649919215 -0.01011531664 0)
(-0.01365035677 -0.009228366091 0)
(-0.011034748 -0.008231372798 0)
(-0.008679558086 -0.007147890294 0)
(-0.006605758806 -0.006005601299 0)
(-0.004827211446 -0.004836515046 0)
(-0.00334984954 -0.00367729414 0)
(-0.002170959949 -0.002569756567 0)
(-0.001278589828 -0.001561601349 0)
(-0.0006510753806 -0.0007073867191 0)
(-0.0002567046368 -6.973640685e-05 0)
(-5.404450622e-05 0.0002788135685 0)
(5.349115334e-06 0.0002506076462 0)
(-2.359541277e-05 0.0003500094668 0)
(-0.0004200826375 0.00142629037 0)
(-0.001214453329 0.002736623252 0)
(-0.002387379431 0.004160027029 0)
(-0.003909506628 0.005608458574 0)
(-0.005757968627 0.007017572529 0)
(-0.00790698627 0.008342036182 0)
(-0.01032804543 0.009551640435 0)
(-0.01299088705 0.01062779497 0)
(-0.01586416994 0.01156054952 0)
(-0.01891603657 0.01234613861 0)
(-0.02211459107 0.01298499658 0)
(-0.02542825511 0.01348018925 0)
(-0.02882600019 0.01383621012 0)
(-0.03227747129 0.01405809113 0)
(-0.03575302378 0.0141507817 0)
(-0.03922369772 0.01411875358 0)
(-0.04266115457 0.01396579294 0)
(-0.04603759909 0.01369494462 0)
(-0.04932570688 0.01330857685 0)
(-0.05249857408 0.01280853798 0)
(-0.05552970218 0.01219637979 0)
(-0.05839302713 0.0114736249 0)
(-0.06106299845 0.01064205868 0)
(-0.06351471055 0.009704028488 0)
(-0.06572408585 0.008662735841 0)
(-0.0676681068 0.007522508816 0)
(-0.06932509171 0.006289044377 0)
(-0.07067500771 0.004969611688 0)
(-0.07169981289 0.003573209061 0)
(-0.07238381836 0.002110668442 0)
(-0.07271406022 0.0005947025871 0)
(-0.07268067186 -0.0009601086311 0)
(-0.07227724437 -0.002537395275 0)
(-0.07150116238 -0.004119141705 0)
(-0.07035390725 -0.005685896639 0)
(-0.06884131386 -0.007217046191 0)
(-0.06697376887 -0.008691147651 0)
(-0.06476634094 -0.01008631933 0)
(-0.06223883194 -0.01138067972 0)
(-0.05941573957 -0.01255282716 0)
(-0.05632612317 -0.01358234949 0)
(-0.05300336602 -0.01445035103 0)
(-0.0494848294 -0.0151399834 0)
(-0.04581139634 -0.01563696527 0)
(-0.04202690526 -0.0159300761 0)
(-0.03817747739 -0.01601160967 0)
(-0.03431074435 -0.0158777745 0)
(-0.03047498619 -0.01552903118 0)
(-0.02671819275 -0.01497036031 0)
(-0.02308706461 -0.01421145998 0)
(-0.01962597207 -0.01326687738 0)
(-0.01637589283 -0.01215608637 0)
(-0.01337335102 -0.01090352986 0)
(-0.01064938123 -0.009538653166 0)
(-0.008228543125 -0.008095961243 0)
(-0.006128013579 -0.006615137438 0)
(-0.004356786053 -0.005141264663 0)
(-0.002915013511 -0.003725191426 0)
(-0.001793522083 -0.002424088328 0)
(-0.0009734572966 -0.001302219491 0)
(-0.0004262586626 -0.0004318899321 0)
(-0.0001158428504 0.0001050508814 0)
(1.009969578e-06 0.0002124978549 0)
(-3.038933139e-05 0.0005820386926 0)
(-0.0005117566997 0.002094374186 0)
(-0.001459601891 0.003814583988 0)
(-0.002840942648 0.00562189789 0)
(-0.004612742765 0.007427076442 0)
(-0.006742956085 0.009164087421 0)
(-0.009198549835 0.01078593442 0)
(-0.01194523359 0.0122610543 0)
(-0.01494818098 0.0135699441 0)
(-0.01817238646 0.01470220437 0)
(-0.02158296987 0.01565403594 0)
(-0.02514545214 0.0164261696 0)
(-0.0288259586 0.01702219873 0)
(-0.03259134003 0.01744727937 0)
(-0.03640921866 0.01770715821 0)
(-0.04024797348 0.01780748806 0)
(-0.04407668303 0.01775339083 0)
(-0.04786504523 0.01754922922 0)
(-0.05158329351 0.01719855061 0)
(-0.05520212599 0.0167041684 0)
(-0.0586926623 0.01606834944 0)
(-0.06202643894 0.01529307817 0)
(-0.06517545107 0.01438037192 0)
(-0.06811224524 0.01333262419 0)
(-0.07081006476 0.01215295603 0)
(-0.07324304671 0.01084555832 0)
(-0.07538646731 0.009416010364 0)
(-0.07721703071 0.007871562367 0)
(-0.07871319443 0.0062213717 0)
(-0.0798555239 0.00447668426 0)
(-0.08062706714 0.002650953989 0)
(-0.08101373997 0.0007598950144 0)
(-0.08100471349 -0.001178537609 0)
(-0.08059279017 -0.00314424155 0)
(-0.07977475831 -0.005115139835 0)
(-0.07855171594 -0.007067430946 0)
(-0.07692935075 -0.008975913165 0)
(-0.07491816313 -0.01081438104 0)
(-0.07253362252 -0.01255608903 0)
(-0.06979624494 -0.01417427505 0)
(-0.06673158096 -0.01564273402 0)
(-0.06337010396 -0.01693642971 0)
(-0.05974699031 -0.01803213043 0)
(-0.05590178472 -0.01890905288 0)
(-0.0518779466 -0.01954949656 0)
(-0.04772227609 -0.01993945091 0)
(-0.04348422198 -0.02006915753 0)
(-0.03921507742 -0.01993361103 0)
(-0.03496707337 -0.01953298507 0)
(-0.03079238367 -0.01887297365 0)
(-0.02674205984 -0.01796504343 0)
(-0.02286491701 -0.01682659878 0)
(-0.01920639595 -0.01548106883 0)
(-0.01580742868 -0.01395793336 0)
(-0.01270333785 -0.01229271165 0)
(-0.00992280174 -0.01052694535 0)
(-0.007486918732 -0.008708210956 0)
(-0.005408408375 -0.00689019999 0)
(-0.003690994191 -0.005132905966 0)
(-0.002328992987 -0.00350295861 0)
(-0.001307033243 -0.002074120344 0)
(-0.0006002714204 -0.0009278837493 0)
(-0.0001783111371 -0.0001545004075 0)
(-3.082396451e-06 0.0001430164234 0)
(-3.680356686e-05 0.0008596491192 0)
(-0.0006004244667 0.002882733367 0)
(-0.001698279128 0.005072771157 0)
(-0.003284368854 0.007311327696 0)
(-0.005302271119 0.009510131919 0)
(-0.007710659343 0.01160345767 0)
(-0.01046898558 0.0135443576 0)
(-0.01353687895 0.0153013124 0)
(-0.01687467115 0.01685499984 0)
(-0.02044349014 0.01819539425 0)
(-0.02420532311 0.0193192594 0)
(-0.02812309277 0.02022803792 0)
(-0.03216070074 0.02092612675 0)
(-0.03628302475 0.02141951725 0)
(-0.04045587221 0.02171477025 0)
(-0.04464589928 0.0218182919 0)
(-0.04882050854 0.02173587312 0)
(-0.05294774033 0.02147245505 0)
(-0.05699617269 0.02103208269 0)
(-0.06093484377 0.02041801034 0)
(-0.06473320819 0.01963292454 0)
(-0.0683611363 0.01867925231 0)
(-0.07178896246 0.01755952602 0)
(-0.07498758554 0.01627677883 0)
(-0.07792862252 0.01483494826 0)
(-0.08058461366 0.0132392683 0)
(-0.08292927558 0.01149663361 0)
(-0.08493779759 0.009615921976 0)
(-0.08658717466 0.007608263323 0)
(-0.08785657001 0.005487245949 0)
(-0.0887276991 0.003269052062 0)
(-0.08918522583 0.0009725164983 0)
(-0.08921716473 -0.001380895872 0)
(-0.08881527396 -0.003767197599 0)
(-0.08797543118 -0.006160076199 0)
(-0.08669798356 -0.008531181152 0)
(-0.08498805815 -0.01085049646 0)
(-0.082855819 -0.01308679722 0)
(-0.08031666076 -0.01520818551 0)
(-0.07739132541 -0.01718269792 0)
(-0.0741059295 -0.01897897449 0)
(-0.07049188971 -0.02056697611 0)
(-0.06658573593 -0.02191873458 0)
(-0.0624288026 -0.02300911727 0)
(-0.05806679154 -0.02381658616 0)
(-0.05354920273 -0.02432393022 0)
(-0.0489286333 -0.02451894923 0)
(-0.04425994948 -0.02439506884 0)
(-0.03959934099 -0.02395186851 0)
(-0.03500327271 -0.02319550822 0)
(-0.03052735327 -0.02213904503 0)
(-0.02622514525 -0.02080263755 0)
(-0.02214694603 -0.01921364369 0)
(-0.01833857203 -0.01740662568 0)
(-0.01484018245 -0.01542328402 0)
(-0.01168518054 -0.013312349 0)
(-0.008899232573 -0.01112946357 0)
(-0.006499447763 -0.008937093266 0)
(-0.004493771804 -0.006804499092 0)
(-0.00288061373 -0.004807808491 0)
(-0.001648584044 -0.003030189396 0)
(-0.0007768726698 -0.001562045061 0)
(-0.000240761762 -0.000501516402 0)
(-6.903206695e-06 4.225703606e-05 0)
(-4.287722585e-05 0.00118116712 0)
(-0.0006858478565 0.003787869536 0)
(-0.001929341465 0.006506880166 0)
(-0.003715044597 0.00922374244 0)
(-0.00597362125 0.01185295921 0)
(-0.008654580866 0.0143308709 0)
(-0.01170980667 0.01661217088 0)
(-0.0150927148 0.01866674616 0)
(-0.01875864558 0.02047657187 0)
(-0.02266473783 0.02203287733 0)
(-0.02676977624 0.02333366037 0)
(-0.03103407995 0.02438156873 0)
(-0.03541938768 0.02518215176 0)
(-0.03988872628 0.02574247194 0)
(-0.0444062633 0.02607005494 0)
(-0.04893714977 0.02617214908 0)
(-0.05344736219 0.02605526065 0)
(-0.05790355511 0.02572492789 0)
(-0.06227293554 0.02518569596 0)
(-0.06652316974 0.02444125477 0)
(-0.07062233115 0.02349470321 0)
(-0.0745388961 0.02234890523 0)
(-0.07824179141 0.02100690643 0)
(-0.08170049598 0.01947238266 0)
(-0.08488519598 0.01775009596 0)
(-0.0877669918 0.01584633648 0)
(-0.09031815288 0.01376933213 0)
(-0.09251241595 0.01152961097 0)
(-0.09432532057 0.009140303773 0)
(-0.09573457583 0.00661737639 0)
(-0.09672045057 0.003979783529 0)
(-0.09726617919 0.001249537124 0)
(-0.09735837858 -0.001548315653 0)
(-0.09698746036 -0.004385808912 0)
(-0.09614803187 -0.007232275045 0)
(-0.09483927858 -0.01005466338 0)
(-0.0930653135 -0.01281795579 0)
(-0.09083547871 -0.01548567882 0)
(-0.08816458877 -0.01802050845 0)
(-0.08507310065 -0.02038495994 0)
(-0.0815871956 -0.02254215265 0)
(-0.07773875815 -0.02445663587 0)
(-0.07356523843 -0.02609525897 0)
(-0.06910938544 -0.02742806546 0)
(-0.06441884126 -0.02842918799 0)
(-0.05954558968 -0.02907771951 0)
(-0.05454525701 -0.02935853431 0)
(-0.04947626811 -0.02926303362 0)
(-0.04439886628 -0.02878979189 0)
(-0.03937401231 -0.02794508411 0)
(-0.03446218399 -0.02674327946 0)
(-0.02972210392 -0.02520709416 0)
(-0.02520942874 -0.02336770449 0)
(-0.02097543812 -0.02126472969 0)
(-0.01706576538 -0.01894610367 0)
(-0.01351921428 -0.01646786197 0)
(-0.01036670777 -0.01389387589 0)
(-0.007630417934 -0.01129556823 0)
(-0.005323135664 -0.008751644542 0)
(-0.003447892911 -0.006347871332 0)
(-0.001997666024 -0.004176898916 0)
(-0.0009558380314 -0.0023380316 0)
(-0.0003031790267 -0.0009372036343 0)
(-1.048324401e-05 -8.956147403e-05 0)
(-4.864307274e-05 0.001544872361 0)
(-0.0007679061183 0.00480583106 0)
(-0.002152064425 0.008111646767 0)
(-0.004131190394 0.01135316707 0)
(-0.006623599791 0.01444919952 0)
(-0.009569899121 0.01733970719 0)
(-0.01291450547 0.01998248606 0)
(-0.01660463195 0.02235012783 0)
(-0.02059059318 0.02442700835 0)
(-0.0248254996 0.02620651485 0)
(-0.02926491645 0.02768859322 0)
(-0.03386658084 0.02887764241 0)
(-0.03859013589 0.0297807677 0)
(-0.04339687144 0.0304063897 0)
(-0.04824947233 0.03076319383 0)
(-0.05311177864 0.03085939543 0)
(-0.05794856455 0.0307022891 0)
(-0.06272534396 0.03029804655 0)
(-0.06740821098 0.02965172445 0)
(-0.07196372295 0.02876744354 0)
(-0.076358832 0.02764870025 0)
(-0.08056086935 0.02629877485 0)
(-0.08453758487 0.02472120205 0)
(-0.0882572423 0.02292027413 0)
(-0.09168876912 0.02090154975 0)
(-0.09480195843 0.01867234583 0)
(-0.09756771925 0.01624219295 0)
(-0.09995837081 0.01362323856 0)
(-0.1019479758 0.01083058439 0)
(-0.1035127069 0.007882547474 0)
(-0.1046312408 0.004800835702 0)
(-0.1052851721 0.001610630482 0)
(-0.1054594451 -0.001659428909 0)
(-0.1051427883 -0.004977364136 0)
(-0.1043281444 -0.008308086694 0)
(-0.1030130917 -0.01161374073 0)
(-0.1012002416 -0.01485415433 0)
(-0.09889759571 -0.01798740074 0)
(-0.09611885207 -0.02097046664 0)
(-0.09288364344 -0.02376002125 0)
(-0.08921769012 -0.02631327621 0)
(-0.08515284988 -0.02858892247 0)
(-0.08072704737 -0.03054812614 0)
(-0.07598406684 -0.03215556134 0)
(-0.07097319415 -0.03338045395 0)
(-0.06574869788 -0.0341976074 0)
(-0.06036914391 -0.03458837926 0)
(-0.05489654401 -0.03454157728 0)
(-0.04939534574 -0.03405424435 0)
(-0.04393127886 -0.03313230568 0)
(-0.03857008099 -0.03179105672 0)
(-0.03337613336 -0.03005547778 0)
(-0.02841104408 -0.02796037063 0)
(-0.02373222304 -0.02555032217 0)
(-0.01939149645 -0.02287951031 0)
(-0.01543381236 -0.02001137656 0)
(-0.01189608905 -0.01701819627 0)
(-0.008806260873 -0.0139805808 0)
(-0.006182585979 -0.01098694557 0)
(-0.004033220057 -0.008132974962 0)
(-0.002355832169 -0.005521078864 0)
(-0.001138083999 -0.003259735975 0)
(-0.0003659869424 -0.001462971065 0)
(-1.388349548e-05 -0.0002523653507 0)
(-5.412389695e-05 0.001949019298 0)
(-0.0008465082387 0.005932354119 0)
(-0.002365904712 0.009881107187 0)
(-0.00453144778 0.01369255623 0)
(-0.007249716608 0.01729114225 0)
(-0.01045277088 0.02062183728 0)
(-0.01407777906 0.02364687816 0)
(-0.01806587453 0.02634278309 0)
(-0.02236241095 0.02869739617 0)
(-0.02691650924 0.03070716138 0)
(-0.03168055403 0.03237470469 0)
(-0.03660975661 0.0337067538 0)
(-0.04166174872 0.03471241114 0)
(-0.04679620013 0.03540178115 0)
(-0.05197446296 0.03578493997 0)
(-0.05715924669 0.03587122546 0)
(-0.06231432904 0.03566881778 0)
(-0.06740430842 0.03518457516 0)
(-0.07239440369 0.03442408623 0)
(-0.07725030602 0.03339189888 0)
(-0.08193808651 0.03209188575 0)
(-0.08642416153 0.03052770846 0)
(-0.09067531666 0.02870334494 0)
(-0.09465878811 0.02662364844 0)
(-0.09834239991 0.02429491008 0)
(-0.1016947538 0.02172540122 0)
(-0.1046854684 0.01892587552 0)
(-0.1072854637 0.01591001427 0)
(-0.1094672867 0.01269480115 0)
(-0.1112054736 0.009300815483 0)
(-0.1124769447 0.005752434378 0)
(-0.113261425 0.002077936025 0)
(-0.1135418903 -0.00169050215 0)
(-0.1133050278 -0.005516915736 0)
(-0.112541697 -0.009361784416 0)
(-0.1112473978 -0.01318238911 0)
(-0.1094227243 -0.01693328942 0)
(-0.1070737893 -0.02056692501 0)
(-0.104212606 -0.0240343403 0)
(-0.1008574103 -0.02728602774 0)
(-0.09703290225 -0.03027288082 0)
(-0.09277038517 -0.0329472435 0)
(-0.08810778181 -0.03526403749 0)
(-0.0830895059 -0.03718194374 0)
(-0.07776617069 -0.03866460921 0)
(-0.0721941193 -0.03968184543 0)
(-0.06643476712 -0.04021078227 0)
(-0.06055375325 -0.04023693821 0)
(-0.05461990608 -0.03975516893 0)
(-0.04870403734 -0.03877045896 0)
(-0.0428775884 -0.03729852604 0)
(-0.03721116246 -0.03536621642 0)
(-0.03177298451 -0.03301167858 0)
(-0.02662733919 -0.03028431501 0)
(-0.02183304158 -0.02724452297 0)
(-0.01744199954 -0.02396324673 0)
(-0.01349792632 -0.02052137198 0)
(-0.01003526413 -0.0170089985 0)
(-0.007078389127 -0.01352462752 0)
(-0.004641092594 -0.01017429817 0)
(-0.002726060402 -0.007070670377 0)
(-0.00132531442 -0.004331948298 0)
(-0.0004298977638 -0.002080896625 0)
(-1.718114467e-05 -0.0004463990023 0)
(-5.933206588e-05 0.002391830551 0)
(-0.0009215484629 0.007162915616 0)
(-0.002570365027 0.0118087303 0)
(-0.004914628756 0.01623398674 0)
(-0.00784981873 0.02036994226 0)
(-0.01129986722 0.02416782696 0)
(-0.015194995 0.02759554505 0)
(-0.01947046707 0.03063468305 0)
(-0.02406682219 0.03327757231 0)
(-0.02892929903 0.03552459085 0)
(-0.03400719271 0.03738177609 0)
(-0.0392532812 0.03885877607 0)
(-0.04462329064 0.03996715461 0)
(-0.05007539699 0.04071905276 0)
(-0.05556976948 0.04112619576 0)
(-0.06106816034 0.04119922464 0)
(-0.0665335451 0.04094732299 0)
(-0.07192981773 0.04037810367 0)
(-0.07722154415 0.03949771617 0)
(-0.08237377666 0.03831113339 0)
(-0.08735193073 0.03682257696 0)
(-0.09212172435 0.03503604153 0)
(-0.09664917888 0.03295588152 0)
(-0.1009006794 0.03058742749 0)
(-0.1048430918 0.0279376034 0)
(-0.1084439338 0.02501552049 0)
(-0.1116715964 0.02183302721 0)
(-0.1144956119 0.0184051989 0)
(-0.1168869669 0.01475075308 0)
(-0.1188184559 0.01089237959 0)
(-0.1202650734 0.006856975633 0)
(-0.1212044384 0.002675777354 0)
(-0.1216172552 -0.001615618906 0)
(-0.1214878018 -0.005977351515 0)
(-0.120804424 -0.01036551499 0)
(-0.1195600551 -0.01473251915 0)
(-0.1177527361 -0.0190275808 0)
(-0.1153861159 -0.02319735408 0)
(-0.1124699229 -0.02718670194 0)
(-0.1090203868 -0.03093960644 0)
(-0.1050605856 -0.03440021111 0)
(-0.1006206946 -0.03751398316 0)
(-0.09573811008 -0.04022897718 0)
(-0.0904574216 -0.04249717545 0)
(-0.08483020815 -0.04427587304 0)
(-0.07891463783 -0.04552906975 0)
(-0.07277485521 -0.04622882582 0)
(-0.06648014879 -0.04635653475 0)
(-0.06010390036 -0.04590406587 0)
(-0.05372232864 -0.04487473083 0)
(-0.04741305135 -0.04328403348 0)
(-0.04125350153 -0.04116017088 0)
(-0.03531924499 -0.03854426415 0)
(-0.029682255 -0.03549031138 0)
(-0.02440920739 -0.03206486883 0)
(-0.0195598631 -0.02834648053 0)
(-0.01518560498 -0.02442488816 0)
(-0.01132819691 -0.02040006018 0)
(-0.008018842809 -0.01638108293 0)
(-0.005277531906 -0.01248495522 0)
(-0.003112336699 -0.008835292074 0)
(-0.001519773925 -0.005560836329 0)
(-0.0004958124985 -0.002794049946 0)
(-2.046156159e-05 -0.0006723367927 0)
(-6.427045191e-05 0.002871477295 0)
(-0.0009928857242 0.008492736524 0)
(-0.002764920892 0.01388747041 0)
(-0.005279569488 0.01896875714 0)
(-0.008421864812 0.02367574714 0)
(-0.01210807514 0.02796706659 0)
(-0.01626183545 0.03181741437 0)
(-0.02081282068 0.0352145084 0)
(-0.02569696551 0.03815613079 0)
(-0.03085579033 0.04064743776 0)
(-0.03623563761 0.04269859553 0)
(-0.04178697807 0.04432276458 0)
(-0.04746376008 0.04553444523 0)
(-0.05322280392 0.04634818488 0)
(-0.0590232494 0.04677763594 0)
(-0.06482606211 0.04683494259 0)
(-0.07059360269 0.04653042678 0)
(-0.07628926203 0.04587253713 0)
(-0.08187716444 0.0448680206 0)
(-0.0873219395 0.04352227466 0)
(-0.09258856216 0.04183983765 0)
(-0.09764225939 0.03982497698 0)
(-0.1024484812 0.03748233758 0)
(-0.1069729326 0.03481761719 0)
(-0.1111816641 0.03183823941 0)
(-0.1150412163 0.02855400025 0)
(-0.1185188167 0.02497766777 0)
(-0.1215826259 0.02112551861 0)
(-0.1242020315 0.01701779803 0)
(-0.126347988 0.01267909237 0)
(-0.1279934021 0.008138604415 0)
(-0.1291135592 0.003430322518 0)
(-0.1296865948 -0.001406924373 0)
(-0.1296940141 -0.006329531866 0)
(-0.1291212184 -0.01128931759 0)
(-0.1279580815 -0.01623386783 0)
(-0.1261995422 -0.021107029 0)
(-0.1238461904 -0.02584955309 0)
(-0.1209048403 -0.03039990358 0)
(-0.1173890662 -0.03469522305 0)
(-0.1133196739 -0.03867245856 0)
(-0.1087250799 -0.04226963496 0)
(-0.1036415653 -0.04542725875 0)
(-0.09811337302 -0.04808982683 0)
(-0.09219261626 -0.05020740605 0)
(-0.08593897134 -0.05173724087 0)
(-0.07941913117 -0.05264533923 0)
(-0.07270600627 -0.05290798096 0)
(-0.06587766983 -0.05251309041 0)
(-0.059016056 -0.05146141538 0)
(-0.05220543486 -0.04976745895 0)
(-0.04553070148 -0.04746011941 0)
(-0.03907553056 -0.04458300572 0)
(-0.03292045966 -0.04119441155 0)
(-0.02714097309 -0.03736694802 0)
(-0.02180566361 -0.03318685298 0)
(-0.01697454862 -0.02875300986 0)
(-0.01269761863 -0.02417572062 0)
(-0.009013704435 -0.01957528429 0)
(-0.005949642937 -0.01508043483 0)
(-0.003519351448 -0.01082665692 0)
(-0.001724075558 -0.0069542885 0)
(-0.0005647553844 -0.00360671387 0)
(-2.381405133e-05 -0.0009313551976 0)
(-6.89337107e-05 0.003386054884 0)
(-0.001060336355 0.009916759289 0)
(-0.002948985381 0.0161097732 0)
(-0.005625051508 0.02188742763 0)
(-0.008963795051 0.02719776224 0)
(-0.0128743168 0.03200784493 0)
(-0.01727407288 0.03630020752 0)
(-0.02208747703 0.04006968618 0)
(-0.02724612066 0.04332041843 0)
(-0.03268801483 0.04606314222 0)
(-0.03835672365 0.04831284609 0)
(-0.04420056532 0.05008678559 0)
(-0.05017185804 0.05140287379 0)
(-0.05622621626 0.05227844291 0)
(-0.06232190863 0.05272936341 0)
(-0.06841928433 0.05276949712 0)
(-0.07448027213 0.05241045291 0)
(-0.0804679546 0.05166160737 0)
(-0.08634621823 0.05053034869 0)
(-0.0920794786 0.04902250042 0)
(-0.09763247871 0.04714288162 0)
(-0.1029701573 0.04489596197 0)
(-0.1080575835 0.042286574 0)
(-0.1128599545 0.03932064863 0)
(-0.1173426517 0.03600594517 0)
(-0.1214713527 0.03235275173 0)
(-0.1252121972 0.02837453659 0)
(-0.128532004 0.02408853477 0)
(-0.1313985403 0.01951625721 0)
(-0.1337808424 0.01468391201 0)
(-0.1356495889 0.009622728299 0)
(-0.1369775258 0.004369173378 0)
(-0.1377399432 -0.001034946256 0)
(-0.1379152289 -0.006542507551 0)
(-0.1374854225 -0.01210122621 0)
(-0.1364368519 -0.01765397501 0)
(-0.1347608033 -0.02313925787 0)
(-0.1324541998 -0.02849185358 0)
(-0.1295202866 -0.03364364066 0)
(-0.125969295 -0.03852460923 0)
(-0.1218190557 -0.04306406007 0)
(-0.1170955293 -0.04719198453 0)
(-0.1118332144 -0.05084060981 0)
(-0.1060753969 -0.05394608465 0)
(-0.09987419921 -0.05645026917 0)
(-0.09329039396 -0.05830258201 0)
(-0.08639295037 -0.05946184746 0)
(-0.07925829194 -0.05989807715 0)
(-0.07196925448 -0.05959411539 0)
(-0.06461374905 -0.05854707589 0)
(-0.0572831506 -0.05676950098 0)
(-0.0500704507 -0.05429018297 0)
(-0.04306822965 -0.05115460101 0)
(-0.03636651855 -0.04742494465 0)
(-0.03005063356 -0.04317971643 0)
(-0.0241990713 -0.03851292777 0)
(-0.0188815549 -0.03353292322 0)
(-0.01415732053 -0.02836088457 0)
(-0.01007374378 -0.02312907826 0)
(-0.006665280808 -0.01797891674 0)
(-0.00395227777 -0.01305887062 0)
(-0.001941080017 -0.008522154477 0)
(-0.0006378304435 -0.004524534942 0)
(-2.732960398e-05 -0.001225179019 0)
(-7.330973314e-05 0.003933558247 0)
(-0.001123674577 0.01142961399 0)
(-0.003121897477 0.01846755674 0)
(-0.005949767247 0.02497982456 0)
(-0.009473466692 0.03092427575 0)
(-0.01359545276 0.0362773844 0)
(-0.01822744385 0.04103047145 0)
(-0.02328895896 0.0451864041 0)
(-0.02870754424 0.04875651898 0)
(-0.03441794452 0.05175789369 0)
(-0.04036114857 0.05421100212 0)
(-0.04648349922 0.05613776039 0)
(-0.05273584787 0.05755996452 0)
(-0.0590727626 0.05849811201 0)
(-0.06545180348 0.05897058979 0)
(-0.0718328735 0.05899320211 0)
(-0.07817764968 0.0585790043 0)
(-0.08444909635 0.05773840269 0)
(-0.09061106067 0.05647947734 0)
(-0.09662794821 0.05480848224 0)
(-0.1024644754 0.05273047895 0)
(-0.1080854945 0.05025006115 0)
(-0.113455887 0.0473721322 0)
(-0.1185405199 0.04410270194 0)
(-0.123304262 0.04044967447 0)
(-0.1277120574 0.03642360389 0)
(-0.1317290525 0.03203839926 0)
(-0.1353207787 0.02731196459 0)
(-0.1384533903 0.02226676199 0)
(-0.1410939591 0.01693028838 0)
(-0.1432108306 0.01133545677 0)
(-0.1447740412 0.005520872513 0)
(-0.1457557975 -0.0004690056933 0)
(-0.1461310561 -0.006583832611 0)
(-0.1458781081 -0.01276747085 0)
(-0.1449792709 -0.01895826055 0)
(-0.1434216388 -0.02508945731 0)
(-0.141197858 -0.03108985429 0)
(-0.1383069327 -0.03688460687 0)
(-0.1347550286 -0.04239627183 0)
(-0.1305562451 -0.0475460668 0)
(-0.1257333173 -0.0522553482 0)
(-0.1203182044 -0.05644729613 0)
(-0.1143525204 -0.06004878257 0)
(-0.107887755 -0.06299238622 0)
(-0.1009852429 -0.06521850303 0)
(-0.09371583529 -0.06667748818 0)
(-0.08615924425 -0.06733175314 0)
(-0.07840303835 -0.06715773304 0)
(-0.07054128681 -0.06614763515 0)
(-0.06267286855 -0.0643108811 0)
(-0.05489948342 -0.06167516344 0)
(-0.04732342436 -0.05828705179 0)
(-0.04004518853 -0.05421210485 0)
(-0.03316102105 -0.04953446963 0)
(-0.02676049474 -0.04435597734 0)
(-0.02092423082 -0.03879477237 0)
(-0.01572186694 -0.0329835346 0)
(-0.01121038827 -0.02706737334 0)
(-0.007432795937 -0.02120148515 0)
(-0.004416608426 -0.01554863596 0)
(-0.002173810529 -0.01027640896 0)
(-0.000716192683 -0.005554623697 0)
(-3.109984969e-05 -0.001556110693 0)
(-7.738098098e-05 0.004511859648 0)
(-0.001182637532 0.01302558266 0)
(-0.003282925679 0.0209521826 0)
(-0.006252315449 0.02823502742 0)
(-0.009948635467 0.03484266143 0)
(-0.01426824649 0.04076185309 0)
(-0.01911759659 0.04599358978 0)
(-0.02441170393 0.05054960919 0)
(-0.0300743941 0.05444922836 0)
(-0.0360374128 0.05771657328 0)
(-0.04223939679 0.06037823087 0)
(-0.04862490638 0.06246132075 0)
(-0.0551435005 0.0639919805 0)
(-0.06174886662 0.06499425049 0)
(-0.06839802119 0.06548933589 0)
(-0.07505059051 0.06549521533 0)
(-0.08166817703 0.06502655902 0)
(-0.08821381302 0.06409491373 0)
(-0.09465150089 0.06270910895 0)
(-0.1009458373 0.06087583759 0)
(-0.1070617165 0.05860036555 0)
(-0.1129641085 0.05588732756 0)
(-0.1186179056 0.05274157092 0)
(-0.1239878331 0.04916901421 0)
(-0.12903842 0.04517749354 0)
(-0.1337340266 0.04077757451 0)
(-0.1380389287 0.03598331288 0)
(-0.1419174578 0.03081295103 0)
(-0.1453342014 0.02528953996 0)
(-0.1482542652 0.01944147829 0)
(-0.1506436049 0.01330295982 0)
(-0.1524694291 0.006914320274 0)
(-0.1537006748 0.0003222718759 0)
(-0.1543085981 -0.006419985113 0)
(-0.1542674072 -0.0132527923 0)
(-0.1535549808 -0.02011021836 0)
(-0.152153708 -0.02692044349 0)
(-0.1500513609 -0.03360633678 0)
(-0.147242024 -0.04008625762 0)
(-0.1437270483 -0.04627510076 0)
(-0.1395159954 -0.05208559776 0)
(-0.1346275317 -0.0574298795 0)
(-0.1290902229 -0.06222129376 0)
(-0.1229431763 -0.06637645763 0)
(-0.1162364712 -0.06981750899 0)
(-0.1090313208 -0.07247450346 0)
(-0.1013999103 -0.07428788578 0)
(-0.09342486543 -0.07521094829 0)
(-0.08519831949 -0.07521217618 0)
(-0.07682056418 -0.07427737104 0)
(-0.06839829374 -0.07241144323 0)
(-0.06004247611 -0.06963977023 0)
(-0.05186591166 -0.06600903374 0)
(-0.04398056512 -0.06158747175 0)
(-0.03649477661 -0.05646451239 0)
(-0.02951047224 -0.05074979109 0)
(-0.02312049858 -0.04457158805 0)
(-0.01740620832 -0.03807475532 0)
(-0.01243543519 -0.0314182303 0)
(-0.008260835529 -0.02477225354 0)
(-0.004918034243 -0.01831538135 0)
(-0.002425392455 -0.01223125738 0)
(-0.0008010289806 -0.006705619292 0)
(-3.521666978e-05 -0.001927048591 0)
(-8.112586698e-05 0.005118690408 0)
(-0.001236933379 0.01469856788 0)
(-0.003431281826 0.02355442728 0)
(-0.006531217363 0.03164135109 0)
(-0.01038697006 0.03893937259 0)
(-0.01488937408 0.04544636606 0)
(-0.01994009494 0.0511737836 0)
(-0.02545006313 0.05614299885 0)
(-0.03133972587 0.06038202629 0)
(-0.03753811211 0.0639226971 0)
(-0.04398174227 0.06679829997 0)
(-0.05061359596 0.06904167452 0)
(-0.05738211963 0.07068374302 0)
(-0.06424028827 0.07175245985 0)
(-0.07114473933 0.07227215051 0)
(-0.07805498945 0.07226320511 0)
(-0.08493274 0.07174208489 0)
(-0.09174127318 0.07072159623 0)
(-0.09844493768 0.06921138361 0)
(-0.1050087203 0.06721859312 0)
(-0.1113978985 0.06474865978 0)
(-0.1175777679 0.06180617534 0)
(-0.1235134392 0.05839579865 0)
(-0.1291696984 0.05452317633 0)
(-0.1345109268 0.05019584763 0)
(-0.1395010785 0.04542411337 0)
(-0.1441037146 0.04022185379 0)
(-0.1482820958 0.03460728438 0)
(-0.1519993376 0.02860364123 0)
(-0.1552186332 0.02223978869 0)
(-0.1579035526 0.01555074211 0)
(-0.1600184233 0.008578096304 0)
(-0.1615287932 0.001370347634 0)
(-0.1624020229 -0.006016902188 0)
(-0.1626079592 -0.01352088184 0)
(-0.1621196728 -0.02107174231 0)
(-0.16091438 -0.02859285414 0)
(-0.1589744103 -0.03600131538 0)
(-0.1562882605 -0.04320870283 0)
(-0.1528517033 -0.05012209654 0)
(-0.1486689149 -0.05664539895 0)
(-0.1437535793 -0.06268096218 0)
(-0.1381299141 -0.06813152487 0)
(-0.131833557 -0.07290244454 0)
(-0.1249122447 -0.07690419251 0)
(-0.1174262128 -0.08005505721 0)
(-0.1094482471 -0.08228397916 0)
(-0.1010633255 -0.08353341952 0)
(-0.09236779973 -0.08376214516 0)
(-0.08346809049 -0.08294780015 0)
(-0.07447889154 -0.08108912811 0)
(-0.06552091138 -0.07820771415 0)
(-0.056718212 -0.07434913049 0)
(-0.04819523647 -0.06958339634 0)
(-0.04007364523 -0.06400469835 0)
(-0.03246910044 -0.05773036114 0)
(-0.02548814687 -0.05089910288 0)
(-0.01922534312 -0.04366865477 0)
(-0.01376081029 -0.03621286145 0)
(-0.009158184342 -0.02871841191 0)
(-0.005462351221 -0.02138132704 0)
(-0.002699009691 -0.01440319685 0)
(-0.0008935455401 -0.007987728525 0)
(-3.97722905e-05 -0.002341498229 0)
(-8.452000479e-05 0.005751627655 0)
(-0.001286251351 0.01644207004 0)
(-0.003566142195 0.02626446167 0)
(-0.006784948018 0.0351863334 0)
(-0.0107860911 0.04319993839 0)
(-0.0154554686 0.05031498685 0)
(-0.02069046654 0.05655411185 0)
(-0.02639835317 0.06194901214 0)
(-0.0324965493 0.06653705015 0)
(-0.03891165685 0.07035836472 0)
(-0.04557832053 0.0734534935 0)
(-0.05243814383 0.0758614833 0)
(-0.05943864094 0.07761846605 0)
(-0.06653224082 0.07875667238 0)
(-0.07367536291 0.07930384874 0)
(-0.08082757648 0.07928303755 0)
(-0.08795084997 0.07871267455 0)
(-0.0950088925 0.07760695389 0)
(-0.1019665862 0.07597640978 0)
(-0.1087895051 0.07382866408 0)
(-0.1154435164 0.07116929178 0)
(-0.1218944547 0.06800276098 0)
(-0.1281078668 0.06433340941 0)
(-0.1340488181 0.06016642659 0)
(-0.1396817578 0.05550881691 0)
(-0.1449704421 0.05037032574 0)
(-0.1498779128 0.0447643154 0)
(-0.1543665364 0.03870858262 0)
(-0.158398108 0.03222611086 0)
(-0.1619340267 0.02534575256 0)
(-0.1649355538 0.01810283482 0)
(-0.1673641608 0.0105396804 0)
(-0.1691819708 0.002706030635 0)
(-0.1703523369 -0.005340643522 0)
(-0.1708405495 -0.0135349582 0)
(-0.1706145795 -0.02180359834 0)
(-0.1696460683 -0.03006549641 0)
(-0.1679113859 -0.03823224208 0)
(-0.1653928027 -0.0462087522 0)
(-0.1620797535 -0.05389424251 0)
(-0.1579701553 -0.06118353361 0)
(-0.1530717354 -0.06796871532 0)
(-0.1474033119 -0.07414118133 0)
(-0.1409959572 -0.07959402895 0)
(-0.1338939671 -0.08422479709 0)
(-0.1261555487 -0.08793849034 0)
(-0.1178531412 -0.09065080901 0)
(-0.1090732889 -0.09229147716 0)
(-0.09991599583 -0.09280753445 0)
(-0.09049351427 -0.09216643787 0)
(-0.08092854911 -0.09035880747 0)
(-0.0713518924 -0.08740065065 0)
(-0.06189954512 -0.08333491335 0)
(-0.05270942189 -0.07823223489 0)
(-0.04391777181 -0.07219082504 0)
(-0.03565547707 -0.06533543438 0)
(-0.02804440612 -0.05781544686 0)
(-0.02119400848 -0.04980218139 0)
(-0.01519835585 -0.04148554206 0)
(-0.01013363124 -0.03307020315 0)
(-0.006055386864 -0.02477149807 0)
(-0.002997872426 -0.01681104132 0)
(-0.0009949596219 -0.009412746043 0)
(-4.485961324e-05 -0.002803578957 0)
(-8.753754461e-05 0.006408086882 0)
(-0.001330273499 0.01824917628 0)
(-0.003686674047 0.0290718439 0)
(-0.007011978903 0.0388567352 0)
(-0.01114362902 0.04760897082 0)
(-0.01596319147 0.0553507379 0)
(-0.02136428628 0.06211647955 0)
(-0.02725095094 0.06794882888 0)
(-0.03353793451 0.07289507768 0)
(-0.04014970197 0.07700421826 0)
(-0.04701926148 0.08032454078 0)
(-0.05408704166 0.08290175534 0)
(-0.06129980001 0.08477760851 0)
(-0.06860957989 0.08598895907 0)
(-0.0759727369 0.08656727245 0)
(-0.08334904787 0.08653848758 0)
(-0.09070090925 0.08592320554 0)
(-0.09799262753 0.08473714641 0)
(-0.1051898004 0.08299181994 0)
(-0.1122587843 0.08069535728 0)
(-0.1191662429 0.07785345429 0)
(-0.1258787691 0.07447038281 0)
(-0.1323625742 0.07055003235 0)
(-0.138583239 0.06609695251 0)
(-0.1445055217 0.06111737346 0)
(-0.1500932218 0.05562018852 0)
(-0.1553091 0.0496178886 0)
(-0.1601148583 0.04312744245 0)
(-0.1644711854 0.03617111882 0)
(-0.168337878 0.02877724755 0)
(-0.1716740473 0.02098091513 0)
(-0.174438425 0.01282458739 0)
(-0.176589771 0.004358645712 0)
(-0.1780874194 -0.00435817946 0)
(-0.1788920117 -0.01325848703 0)
(-0.1789662259 -0.0222660533 0)
(-0.1782758156 -0.03129586237 0)
(-0.1767907497 -0.04025438605 0)
(-0.1744864889 -0.0490401369 0)
(-0.1713453983 -0.05754454933 0)
(-0.1673582565 -0.06565323391 0)
(-0.1625258163 -0.0732476422 0)
(-0.1568603593 -0.08020716765 0)
(-0.1503871678 -0.08641168962 0)
(-0.1431458262 -0.09174454403 0)
(-0.135191252 -0.096095874 0)
(-0.1265943498 -0.09936628064 0)
(-0.1174421849 -0.101470658 0)
(-0.107837582 -0.1023420616 0)
(-0.09789807498 -0.1019354316 0)
(-0.08775416652 -0.1002309687 0)
(-0.07754689507 -0.09723695936 0)
(-0.06742475624 -0.09299185133 0)
(-0.05754007546 -0.08756541486 0)
(-0.0480449774 -0.08105886929 0)
(-0.039087138 -0.07360391895 0)
(-0.03080552899 -0.06536071467 0)
(-0.02332638351 -0.05651483266 0)
(-0.01675963431 -0.04727343394 0)
(-0.01119585081 -0.03786083194 0)
(-0.006702938198 -0.02851368928 0)
(-0.003325191938 -0.019475917 0)
(-0.001106494103 -0.01099406019 0)
(-5.057277935e-05 -0.003318027857 0)
(-9.015241526e-05 0.007085320959 0)
(-0.001368687593 0.02011256363 0)
(-0.003792066496 0.03196552994 0)
(-0.00721082966 0.04263855918 0)
(-0.0114572969 0.05215018966 0)
(-0.01640932562 0.06053562764 0)
(-0.02195728863 0.06784166154 0)
(-0.02800242412 0.07412238375 0)
(-0.03445716047 0.07943552472 0)
(-0.04124410989 0.08383941743 0)
(-0.04829487566 0.08739056288 0)
(-0.05554890427 0.09014175816 0)
(-0.06295236281 0.09214074857 0)
(-0.07045705965 0.09342936191 0)
(-0.07801943068 0.09404307768 0)
(-0.08559960525 0.09401097893 0)
(-0.09316055936 0.09335603107 0)
(-0.1006673592 0.09209562959 0)
(-0.108086494 0.09024235887 0)
(-0.1153852936 0.08780490698 0)
(-0.1225314258 0.08478908556 0)
(-0.1294924648 0.0811989108 0)
(-0.1362355258 0.07703770862 0)
(-0.1427269585 0.07230921564 0)
(-0.1489320955 0.06701865528 0)
(-0.1548150559 0.06117377565 0)
(-0.1603386019 0.05478584169 0)
(-0.1654640552 0.04787057834 0)
(-0.1701512794 0.04044906387 0)
(-0.1743587381 0.0325485727 0)
(-0.1780436414 0.02420336557 0)
(-0.1811621975 0.01545542144 0)
(-0.1836699741 0.00635509789 0)
(-0.1855223921 -0.00303829891 0)
(-0.1866754705 -0.01265604181 0)
(-0.1870865217 -0.02241966512 0)
(-0.1867152143 -0.03224082302 0)
(-0.1855247768 -0.04202140463 0)
(-0.1834833608 -0.05165393069 0)
(-0.1805655877 -0.06102230041 0)
(-0.1767542415 -0.07000294773 0)
(-0.172042065 -0.07846646018 0)
(-0.1664336008 -0.08627970244 0)
(-0.1599469993 -0.09330846878 0)
(-0.1526156942 -0.09942066234 0)
(-0.1444898334 -0.1044899662 0)
(-0.1356373368 -0.1083999305 0)
(-0.1261444521 -0.1110483566 0)
(-0.1161156841 -0.112351812 0)
(-0.1056729914 -0.1122500721 0)
(-0.09495417758 -0.1107102485 0)
(-0.08411045093 -0.1077303522 0)
(-0.07330317992 -0.1033420394 0)
(-0.06269993891 -0.09761231862 0)
(-0.05246999843 -0.09064404893 0)
(-0.04277947076 -0.08257513225 0)
(-0.03378635943 -0.07357639497 0)
(-0.02563579037 -0.06384824899 0)
(-0.01845573562 -0.0536163185 0)
(-0.01235329104 -0.04312630679 0)
(-0.007410715688 -0.03263838497 0)
(-0.003684159368 -0.02242123105 0)
(-0.001229373607 -0.01274664718 0)
(-5.700781464e-05 -0.003890201878 0)
(-9.233968863e-05 0.007780426145 0)
(-0.001401201224 0.02202451825 0)
(-0.003881564902 0.0349339055 0)
(-0.007380127085 0.04651709188 0)
(-0.01172497546 0.05680647093 0)
(-0.01679088641 0.06585070042 0)
(-0.02246550377 0.07370934809 0)
(-0.02864769173 0.08044840155 0)
(-0.03524789947 0.08613646417 0)
(-0.04218715889 0.09084163627 0)
(-0.04939588734 0.09462904192 0)
(-0.05681272886 0.09755895581 0)
(-0.06438341307 0.09968548485 0)
(-0.07205965077 0.1010557556 0)
(-0.07979808942 0.1017095541 0)
(-0.08755934356 0.1016793591 0)
(-0.09530710894 0.1009907085 0)
(-0.1030073638 0.09966283563 0)
(-0.1106276569 0.09770951435 0)
(-0.1181364777 0.09514005456 0)
(-0.1255027037 0.09196039683 0)
(-0.1326951176 0.0881742608 0)
(-0.139681986 0.08378431158 0)
(-0.1464306966 0.07879331686 0)
(-0.1529074467 0.07320527645 0)
(-0.1590769838 0.06702651329 0)
(-0.1649023976 0.06026672157 0)
(-0.1703449701 0.05293997164 0)
(-0.1753640881 0.04506567412 0)
(-0.1799172326 0.03666950534 0)
(-0.1839600557 0.0277842946 0)
(-0.1874465653 0.01845086985 0)
(-0.1903294262 0.008718850816 0)
(-0.1925603858 -0.001352630574 0)
(-0.194090996 -0.01169430111 0)
(-0.1948732755 -0.02222623339 0)
(-0.1948607518 -0.03285750583 0)
(-0.1940097056 -0.04348611837 0)
(-0.1922805961 -0.05399919072 0)
(-0.1896397195 -0.0642735261 0)
(-0.1860610682 -0.07417661531 0)
(-0.1815283555 -0.08356815234 0)
(-0.1760371479 -0.09230212391 0)
(-0.1695970287 -0.1002295186 0)
(-0.1622336863 -0.1072016745 0)
(-0.1539908015 -0.1130742476 0)
(-0.1449315848 -0.117711737 0)
(-0.1351398067 -0.1209924489 0)
(-0.1247201594 -0.1228137244 0)
(-0.1137978069 -0.1230972003 0)
(-0.1025170097 -0.1217938231 0)
(-0.09103876059 -0.1188883099 0)
(-0.07953743458 -0.1144027383 0)
(-0.06819653181 -0.1083989741 0)
(-0.05720367415 -0.1009796975 0)
(-0.04674508967 -0.09228787741 0)
(-0.03699987619 -0.08250465034 0)
(-0.02813438071 -0.07184568419 0)
(-0.02029707811 -0.06055623378 0)
(-0.01361405968 -0.04890521249 0)
(-0.00818428802 -0.03717863303 0)
(-0.004077925699 -0.02567261466 0)
(-0.00136482139 -0.0146870547 0)
(-6.426340012e-05 -0.004526078795 0)
(-9.407686632e-05 0.008490355564 0)
(-0.001427556716 0.02397697238 0)
(-0.00395450823 0.03796484181 0)
(-0.007518670208 0.05047697303 0)
(-0.01194480823 0.06155992374 0)
(-0.01710524751 0.07127611464 0)
(-0.02288541376 0.07969821823 0)
(-0.02918221 0.08690445955 0)
(-0.03590443205 0.09297467156 0)
(-0.0429717871 0.09798708694 0)
(-0.05031370827 0.1020158183 0)
(-0.05786819963 0.1051289757 0)
(-0.06558068981 0.1073873694 0)
(-0.0734029136 0.1088437441 0)
(-0.08129184614 0.1095424825 0)
(-0.08920870572 0.1095197156 0)
(-0.09711803507 0.1088037727 0)
(-0.1049868654 0.1074159023 0)
(-0.1127839635 0.1053712002 0)
(-0.1204791578 0.1026796839 0)
(-0.1280427384 0.09934745823 0)
(-0.1354449236 0.09537792903 0)
(-0.1426553866 0.09077302772 0)
(-0.1496428353 0.08553442186 0)
(-0.1563746425 0.0796646951 0)
(-0.1628165235 0.07316848849 0)
(-0.1689322632 0.06605360166 0)
(-0.1746834959 0.058332057 0)
(-0.1800295467 0.05002113226 0)
(-0.1849273442 0.04114436723 0)
(-0.1893314208 0.03173254783 0)
(-0.1931940179 0.02182466694 0)
(-0.1964653112 0.01146885396 0)
(-0.1990937624 0.0007232541147 0)
(-0.2010267269 -0.01034316328 0)
(-0.2022111988 -0.02164989872 0)
(-0.2025946606 -0.0331043518 0)
(-0.2021263988 -0.04460149428 0)
(-0.2007589479 -0.05602383142 0)
(-0.1984498289 -0.06724173003 0)
(-0.1951635477 -0.07811420888 0)
(-0.1908738281 -0.08849028311 0)
(-0.1855660297 -0.09821094861 0)
(-0.1792396767 -0.1071118786 0)
(-0.1719109893 -0.1150268789 0)
(-0.1636152807 -0.1217921097 0)
(-0.154409052 -0.1272510298 0)
(-0.1443715956 -0.1312599559 0)
(-0.133605909 -0.133694058 0)
(-0.1222387261 -0.134453538 0)
(-0.110419503 -0.1334696735 0)
(-0.09831824661 -0.1307103551 0)
(-0.08612214751 -0.1261847265 0)
(-0.07403107242 -0.1199465454 0)
(-0.06225207207 -0.1120959409 0)
(-0.05099315993 -0.1027793355 0)
(-0.04045669825 -0.09218743517 0)
(-0.03083279647 -0.08055134194 0)
(-0.02229319389 -0.06813700773 0)
(-0.01498580258 -0.0552384082 0)
(-0.009029023629 -0.04216987092 0)
(-0.00450958089 -0.02925783979 0)
(-0.001514056102 -0.0168333752 0)
(-7.244163685e-05 -0.005232257128 0)
(-9.534529547e-05 0.009211940573 0)
(-0.001447546941 0.02596156041 0)
(-0.004010368874 0.04104577786 0)
(-0.007625500425 0.05450229534 0)
(-0.01211530509 0.06639199949 0)
(-0.017350279 0.07679125377 0)
(-0.02321412538 0.08578604538 0)
(-0.02960217935 0.0934670816 0)
(-0.03642188778 0.09992570223 0)
(-0.04359186686 0.1052505751 0)
(-0.05104074585 0.1095251207 0)
(-0.05870603122 0.1128256095 0)
(-0.06653296803 0.1152198774 0)
(-0.07447341891 0.1167665965 0)
(-0.08248478633 0.1175150355 0)
(-0.09052899555 0.1175052407 0)
(-0.0985715495 0.116768563 0)
(-0.1065806608 0.1153284598 0)
(-0.1145264622 0.1132015023 0)
(-0.122380292 0.1103985244 0)
(-0.1301140504 0.1069258569 0)
(-0.1376996181 0.1027866028 0)
(-0.1451083326 0.09798191726 0)
(-0.1523105142 0.09251226812 0)
(-0.159275039 0.0863786631 0)
(-0.1659689557 0.07958383758 0)
(-0.1723571468 0.07213340515 0)
(-0.1784020396 0.06403697677 0)
(-0.1840633722 0.05530925795 0)
(-0.1892980273 0.04597113272 0)
(-0.1940599464 0.03605074131 0)
(-0.1983001461 0.0255845543 0)
(-0.2019668524 0.01461843827 0)
(-0.2050057576 0.003208696159 0)
(-0.2073605098 -0.008576937682 0)
(-0.2089734585 -0.02065836296 0)
(-0.2097863431 -0.03294233535 0)
(-0.2097415956 -0.04532183136 0)
(-0.2087837819 -0.05767573653 0)
(-0.2068613722 -0.06986888381 0)
(-0.2039288402 -0.08175256331 0)
(-0.1999490719 -0.09316561743 0)
(-0.1948960482 -0.1039362343 0)
(-0.1887577351 -0.1138845434 0)
(-0.1815390759 -0.1228260943 0)
(-0.1732649439 -0.1305762622 0)
(-0.163982868 -0.1369555654 0)
(-0.1537653161 -0.1417958109 0)
(-0.1427112903 -0.1449468944 0)
(-0.1309469911 -0.146283988 0)
(-0.1186253229 -0.1457147591 0)
(-0.1059240657 -0.1431861831 0)
(-0.09304261876 -0.1386904711 0)
(-0.08019732923 -0.1322696232 0)
(-0.06761554531 -0.1240181692 0)
(-0.05552866207 -0.1140837617 0)
(-0.0441645425 -0.102665439 0)
(-0.03373979583 -0.09000956645 0)
(-0.02445249124 -0.07640367779 0)
(-0.0164755684 -0.06216864397 0)
(-0.009950025198 -0.04764969906 0)
(-0.004982130054 -0.03320670704 0)
(-0.001678287854 -0.01920520757 0)
(-8.164885639e-05 -0.006015954838 0)
(-9.613149895e-05 0.009941920364 0)
(-0.001461031675 0.02796969513 0)
(-0.004048794555 0.04416383085 0)
(-0.007699975864 0.05857673746 0)
(-0.01223545283 0.07128363674 0)
(-0.0175244959 0.08237487374 0)
(-0.02344955684 0.0919498395 0)
(-0.02990476903 0.1001118683 0)
(-0.03679650719 0.1069640041 0)
(-0.04404250372 0.1126055913 0)
(-0.05157073975 0.1171296321 0)
(-0.05931834391 0.1206208526 0)
(-0.06723047466 0.1231544176 0)
(-0.07525920776 0.1247952276 0)
(-0.08336245567 0.1255977276 0)
(-0.09150293842 0.1256061488 0)
(-0.09964721814 0.1248551078 0)
(-0.1077648044 0.123370483 0)
(-0.1158273327 0.1211704965 0)
(-0.123807813 0.1182669333 0)
(-0.1316799458 0.1146664412 0)
(-0.1394174969 0.1103718638 0)
(-0.1469937267 0.1053835725 0)
(-0.1543808653 0.0997007743 0)
(-0.1615496318 0.09332278128 0)
(-0.1684687926 0.08625024158 0)
(-0.1751047598 0.07848633399 0)
(-0.1814212333 0.07003793692 0)
(-0.1873788924 0.06091678403 0)
(-0.192935146 0.05114061904 0)
(-0.1980439577 0.04073436077 0)
(-0.2026557628 0.02973128456 0)
(-0.2067174988 0.01817422016 0)
(-0.210172752 0.006116751607 0)
(-0.2129621046 -0.006375601907 0)
(-0.2150238286 -0.01922420781 0)
(-0.2162944235 -0.03233632427 0)
(-0.2167098201 -0.04560413135 0)
(-0.2162067909 -0.05890410175 0)
(-0.2147246961 -0.07209669514 0)
(-0.2122076323 -0.08502651669 0)
(-0.2086069694 -0.09752307677 0)
(-0.2038842603 -0.1094022939 0)
(-0.19801447 -0.1204688808 0)
(-0.1909894305 -0.1305197374 0)
(-0.1828213793 -0.1393484388 0)
(-0.1735463826 -0.1467508483 0)
(-0.1632274015 -0.152531807 0)
(-0.1519567104 -0.1565127477 0)
(-0.1398573646 -0.1585399643 0)
(-0.1270834147 -0.1584931471 0)
(-0.1138186136 -0.1562936834 0)
(-0.1002734432 -0.1519121409 0)
(-0.08668041113 -0.1453743212 0)
(-0.07328772231 -0.1367652997 0)
(-0.0603515921 -0.1262309775 0)
(-0.04812762672 -0.1139768429 0)
(-0.03686183688 -0.1002638743 0)
(-0.02678198749 -0.08540178542 0)
(-0.01808965478 -0.06974008675 0)
(-0.01095205404 -0.05365759548 0)
(-0.00549846515 -0.03755090095 0)
(-0.001858712863 -0.02182360561 0)
(-9.1996349e-05 -0.006885006275 0)
(-9.64286193e-05 0.01067698007 0)
(-0.001467954591 0.02999266517 0)
(-0.00406965193 0.04730593661 0)
(-0.007741849289 0.06268373239 0)
(-0.01230483162 0.07621544451 0)
(-0.01762721518 0.08800529006 0)
(-0.02359063597 0.09816602885 0)
(-0.03008835607 0.1068136664 0)
(-0.03702592096 0.1140630694 0)
(-0.04432035542 0.1200244408 0)
(-0.05189912072 0.1248005965 0)
(-0.05969906336 0.1284849846 0)
(-0.0676653313 0.1311603862 0)
(-0.07575028035 0.1328982259 0)
(-0.08391239957 0.1337584163 0)
(-0.09211527693 0.1337896528 0)
(-0.1003266196 0.1330300761 0)
(-0.1085173376 0.131508217 0)
(-0.1166606945 0.1292441476 0)
(-0.1247315242 0.1262507671 0)
(-0.1327055095 0.1225351626 0)
(-0.1405585182 0.1180999974 0)
(-0.1482659886 0.1129448915 0)
(-0.1558023589 0.1070677722 0)
(-0.1631405366 0.1004661837 0)
(-0.1702514022 0.09313855495 0)
(-0.1771033489 0.08508543381 0)
(-0.1836618588 0.07631069864 0)
(-0.1898891205 0.06682276476 0)
(-0.1957436977 0.05663580141 0)
(-0.2011802597 0.04577097429 0)
(-0.206149394 0.03425772475 0)
(-0.2105975211 0.0221350904 0)
(-0.21446692 0.009453058809 0)
(-0.2176959039 -0.003726067623 0)
(-0.2202194193 -0.01732626571 0)
(-0.2219694367 -0.03125653895 0)
(-0.2228759738 -0.04540962139 0)
(-0.2228684317 -0.05966098492 0)
(-0.2218772579 -0.07386813862 0)
(-0.2198360788 -0.08787036509 0)
(-0.216684303 -0.1014890532 0)
(-0.2123701998 -0.1145287992 0)
(-0.2068544245 -0.1267794559 0)
(-0.2001139144 -0.138019303 0)
(-0.1921460226 -0.1480194822 0)
(-0.1829726898 -0.1565497884 0)
(-0.1726443876 -0.1633858184 0)
(-0.1612435045 -0.1683173693 0)
(-0.1488868034 -0.1711578307 0)
(-0.1357265662 -0.1717541635 0)
(-0.12195007 -0.169996902 0)
(-0.1077771223 -0.1658294915 0)
(-0.09345551461 -0.159256199 0)
(-0.07925443663 -0.1503478389 0)
(-0.06545609802 -0.1392446533 0)
(-0.05234601479 -0.1261558793 0)
(-0.04020261458 -0.1113558153 0)
(-0.02928700766 -0.09517653339 0)
(-0.01983343224 -0.07799774561 0)
(-0.01203944164 -0.06023456386 0)
(-0.006061330596 -0.04232380761 0)
(-0.002056506251 -0.02471101034 0)
(-0.0001036010539 -0.007847856565 0)
(-9.623776008e-05 0.0114137976 0)
(-0.001468360576 0.03202175439 0)
(-0.004073071682 0.05045902133 0)
(-0.007751349058 0.06680667325 0)
(-0.01232373649 0.08116792624 0)
(-0.01765872007 0.09366060698 0)
(-0.02363750785 0.1044106841 0)
(-0.03015277581 0.1135467798 0)
(-0.03710944231 0.1211956271 0)
(-0.04442396551 0.1274784145 0)
(-0.05202338531 0.1325079652 0)
(-0.05984433718 0.1363866921 0)
(-0.06783201444 0.139205267 0)
(-0.07593910328 0.1410419304 0)
(-0.08412472184 0.1419623587 0)
(-0.09235338706 0.142020001 0)
(-0.1005940259 0.1412567958 0)
(-0.1088190422 0.1397041784 0)
(-0.1170034435 0.1373842947 0)
(-0.1251240299 0.1343113497 0)
(-0.1331586403 0.1304930255 0)
(-0.1410854533 0.1259319215 0)
(-0.1488823341 0.1206269804 0)
(-0.1565262233 0.1145748785 0)
(-0.163992561 0.1077713708 0)
(-0.1712547422 0.100212592 0)
(-0.1782836023 0.09189632278 0)
(-0.1850469321 0.08282323758 0)
(-0.1915090258 0.07299815221 0)
(-0.1976302684 0.06243129204 0)
(-0.2033667738 0.05113959969 0)
(-0.2086700878 0.03914809795 0)
(-0.2134869805 0.02649131889 0)
(-0.2177593372 0.01321479856 0)
(-0.2214241578 -0.0006233796571 0)
(-0.2244139629 -0.01495097616 0)
(-0.2266571375 -0.02968005138 0)
(-0.2280786114 -0.04470537663 0)
(-0.2286011026 -0.05990302136 0)
(-0.2281466323 -0.07512921965 0)
(-0.2266385649 -0.09021961741 0)
(-0.2240041982 -0.1049890853 0)
(-0.2201779344 -0.1192322986 0)
(-0.2151050321 -0.1327253056 0)
(-0.2087458952 -0.1452283115 0)
(-0.2010807845 -0.1564898901 0)
(-0.1921147615 -0.166252787 0)
(-0.1818825874 -0.1742613942 0)
(-0.1704532136 -0.1802708492 0)
(-0.1579334255 -0.184057546 0)
(-0.1444701636 -0.1854306511 0)
(-0.1302510491 -0.1842440143 0)
(-0.1155027121 -0.1804076753 0)
(-0.1004866574 -0.1738980404 0)
(-0.08549261356 -0.1647657561 0)
(-0.07082956039 -0.1531403847 0)
(-0.05681490546 -0.1392311878 0)
(-0.04376254908 -0.1233236508 0)
(-0.03197084626 -0.1057717934 0)
(-0.02171114303 -0.08698678496 0)
(-0.01321598656 -0.0674227065 0)
(-0.006673281857 -0.04756028883 0)
(-0.002272812464 -0.02789116305 0)
(-0.0001165860925 -0.008913552395 0)
(-9.55694225e-05 0.01214909941 0)
(-0.001462413557 0.03404838392 0)
(-0.004059494963 0.05361020578 0)
(-0.007729262897 0.07092915804 0)
(-0.01229330339 0.08612174647 0)
(-0.01762043065 0.09931899073 0)
(-0.02359175033 0.1106597861 0)
(-0.03009958145 0.120285224 0)
(-0.03704836938 0.1283338781 0)
(-0.04435410711 0.1349380015 0)
(-0.0519434803 0.1402205865 0)
(-0.05975296036 0.1442932347 0)
(-0.0677278236 0.1472547755 0)
(-0.07582112322 0.1491905572 0)
(-0.08399264859 0.1501723223 0)
(-0.09220789834 0.1502585749 0)
(-0.1004370869 0.1494953424 0)
(-0.1086541981 0.1479172364 0)
(-0.1168360922 0.1455487257 0)
(-0.1249616704 0.1424055414 0)
(-0.1330110932 0.1384961495 0)
(-0.14096505 0.13382324 0)
(-0.1488040733 0.1283851955 0)
(-0.1565078915 0.1221775186 0)
(-0.1640548146 0.1151942085 0)
(-0.1714211476 0.1074290903 0)
(-0.1785806275 0.09887710788 0)
(-0.1855038841 0.08953559889 0)
(-0.1921579239 0.07940557375 0)
(-0.1985056417 0.06849302229 0)
(-0.204505368 0.05681027157 0)
(-0.2101104641 0.0443774155 0)
(-0.2152689867 0.03122383329 0)
(-0.2199234356 0.01738980508 0)
(-0.2240105785 0.00292821625 0)
(-0.2274615777 -0.0120936512 0)
(-0.2302023646 -0.02759225104 0)
(-0.2321538484 -0.04346597447 0)
(-0.2332330253 -0.05959324288 0)
(-0.233354291 -0.07583092007 0)
(-0.232431298 -0.09201301311 0)
(-0.2303794403 -0.1079498768 0)
(-0.2271190185 -0.1234281507 0)
(-0.2225791255 -0.1382116897 0)
(-0.2167022464 -0.1520437756 0)
(-0.2094494948 -0.164650896 0)
(-0.2008063191 -0.1757483467 0)
(-0.1907884054 -0.1850478345 0)
(-0.1794473898 -0.1922671295 0)
(-0.1668758834 -0.1971416253 0)
(-0.1532112363 -0.1994374364 0)
(-0.1386374342 -0.198965394 0)
(-0.1233845667 -0.1955950434 0)
(-0.1077254411 -0.1892675364 0)
(-0.09196914056 -0.1800061977 0)
(-0.07645163187 -0.1679235731 0)
(-0.06152387206 -0.1532239672 0)
(-0.04753822792 -0.1362008413 0)
(-0.03483439195 -0.1172289531 0)
(-0.02372567414 -0.09675171484 0)
(-0.01448483569 -0.07526471292 0)
(-0.007336636252 -0.05329640635 0)
(-0.002508733137 -0.03138899513 0)
(-0.000131081187 -0.01009172793 0)
(-9.444483812e-05 0.01287972533 0)
(-0.001450414668 0.03606427754 0)
(-0.004029721364 0.05674704333 0)
(-0.00767702466 0.07503527488 0)
(-0.01221563979 0.09105804161 0)
(-0.01751508047 0.1049589882 0)
(-0.02345659659 0.1168895394 0)
(-0.02993231106 0.1270030237 0)
(-0.03684629442 0.1354497718 0)
(-0.04411413231 0.1423731417 0)
(-0.05166219087 0.147906434 0)
(-0.05942680178 0.152170652 0)
(-0.06735334709 0.1552730474 0)
(-0.07539527469 0.1573063722 0)
(-0.08351308231 0.1583487473 0)
(-0.09167330031 0.1584640468 0)
(-0.09984749644 0.1577026943 0)
(-0.1080113187 0.1561027711 0)
(-0.116143586 0.1536913411 0)
(-0.1242254309 0.1504859096 0)
(-0.1322394941 0.1464959476 0)
(-0.1401691675 0.1417244269 0)
(-0.1479978805 0.1361693297 0)
(-0.1557084229 0.1298251106 0)
(-0.1632822989 0.1226841013 0)
(-0.1706991046 0.1147378642 0)
(-0.1779359258 0.1059785056 0)
(-0.184966751 0.09639996958 0)
(-0.1917618995 0.08599933776 0)
(-0.1982874645 0.07477816041 0)
(-0.2045047753 0.06274384755 0)
(-0.2103698896 0.04991114539 0)
(-0.2158331306 0.03630372125 0)
(-0.2208386854 0.02195587455 0)
(-0.2253242525 0.006914373624 0)
(-0.2292209131 -0.008759583872 0)
(-0.2324533597 -0.02498820153 0)
(-0.234939802 -0.04167510098 0)
(-0.2365927461 -0.05870292195 0)
(-0.2373200872 -0.07593125252 0)
(-0.2370266863 -0.09319474067 0)
(-0.2356166461 -0.1103016126 0)
(-0.2329963546 -0.1270328494 0)
(-0.229078384 -0.1431423194 0)
(-0.223786286 -0.1583582121 0)
(-0.2170602585 -0.1723861426 0)
(-0.2088635592 -0.1849142872 0)
(-0.1991894183 -0.1956208515 0)
(-0.1880680566 -0.2041840457 0)
(-0.1755732694 -0.2102945433 0)
(-0.1618279056 -0.2136701258 0)
(-0.1470074917 -0.2140718875 0)
(-0.1313412532 -0.2113210272 0)
(-0.1151098975 -0.2053149369 0)
(-0.09863975891 -0.1960410834 0)
(-0.08229325948 -0.1835871324 0)
(-0.06645606624 -0.1681459283 0)
(-0.05152180866 -0.1500143402 0)
(-0.03787571819 -0.1295855926 0)
(-0.02587830545 -0.1073354477 0)
(-0.01584835008 -0.08380325524 0)
(-0.008053416072 -0.05956908948 0)
(-0.002765312237 -0.03523049102 0)
(-0.000147222874 -0.01139258457 0)
(-9.289740511e-05 0.01360270276 0)
(-0.001432821151 0.03806165131 0)
(-0.003984958828 0.05985779303 0)
(-0.007596804775 0.07910992942 0)
(-0.01209396069 0.09595877643 0)
(-0.0173468998 0.1105598921 0)
(-0.02323716474 0.1230767299 0)
(-0.02965676103 0.1336745539 0)
(-0.03650941787 0.1425153234 0)
(-0.04371032351 0.1497535172 0)
(-0.05118552672 0.1555328727 0)
(-0.05887122375 0.1599840071 0)
(-0.06671291531 0.1632228639 0)
(-0.07466446908 0.1653499056 0)
(-0.08268713046 0.1664499563 0)
(-0.09074851637 0.1665925899 0)
(-0.09882161918 0.1658329514 0)
(-0.1068838402 0.1642129038 0)
(-0.1149160652 0.1617624009 0)
(-0.1229017884 0.1585009957 0)
(-0.1308262859 0.1544394143 0)
(-0.1386758366 0.1495811358 0)
(-0.1464369851 0.1439239412 0)
(-0.1540958414 0.1374614084 0)
(-0.1616374093 0.1301843434 0)
(-0.1690449364 0.1220821534 0)
(-0.1762992802 0.1131441753 0)
(-0.1833782834 0.1033609808 0)
(-0.1902561548 0.09272568537 0)
(-0.1969028533 0.08123528992 0)
(-0.2032834753 0.06889208712 0)
(-0.2093576507 0.05570516254 0)
(-0.2150789594 0.04169202029 0)
(-0.2203943839 0.0268803598 0)
(-0.225243786 0.01131001411 0)
(-0.2295595009 -0.004964949475 0)
(-0.2332663692 -0.02187381779 0)
(-0.2362814012 -0.0393270234 0)
(-0.2385141043 -0.05721334745 0)
(-0.2398673108 -0.07539732944 0)
(-0.240238391 -0.09371676815 0)
(-0.2395212081 -0.1119804943 0)
(-0.2376089117 -0.1299666828 0)
(-0.2343977034 -0.1474220305 0)
(-0.2297916778 -0.1640621995 0)
(-0.2237087795 -0.1795739769 0)
(-0.2160878157 -0.1936196313 0)
(-0.2068963267 -0.2058439094 0)
(-0.1961389443 -0.2158840152 0)
(-0.1838656741 -0.2233827091 0)
(-0.1701793507 -0.2280043634 0)
(-0.1552413676 -0.2294534155 0)
(-0.1392747224 -0.2274942072 0)
(-0.1225634852 -0.2219707554 0)
(-0.1054480251 -0.2128246441 0)
(-0.08831572178 -0.2001090565 0)
(-0.07158740617 -0.1839970647 0)
(-0.05570039399 -0.1647826943 0)
(-0.04108964623 -0.1428739862 0)
(-0.02816843647 -0.1187782139 0)
(-0.01730795713 -0.0930802821 0)
(-0.008825284644 -0.06641574007 0)
(-0.003043518792 -0.03944252021 0)
(-0.0001651545729 -0.0128268631 0)
(-9.09740712e-05 0.01431533047 0)
(-0.001410266185 0.04003342848 0)
(-0.003926876476 0.06293172952 0)
(-0.007491605841 0.08313921616 0)
(-0.0119327318 0.1008071478 0)
(-0.01712180723 0.1161021533 0)
(-0.02294069576 0.1291991289 0)
(-0.02928126628 0.1402749219 0)
(-0.03604686592 0.1495029684 0)
(-0.04315224366 0.1570488772 0)
(-0.05052310092 0.163066956 0)
(-0.05809548707 0.1676976599 0)
(-0.06581503117 0.1710659095 0)
(-0.07363605159 0.1732802002 0)
(-0.08152059223 0.1744324014 0)
(-0.08943742571 0.1745981337 0)
(-0.09736105496 0.173837605 0)
(-0.1052707367 0.1721967903 0)
(-0.113149542 0.1697088467 0)
(-0.1209834629 0.1663956702 0)
(-0.128760567 0.1622695169 0)
(-0.1364701996 0.1573346277 0)
(-0.144102229 0.1515888166 0)
(-0.1516463273 0.1450249974 0)
(-0.1590912808 0.13763264 0)
(-0.1664243208 0.1293991613 0)
(-0.1736304661 0.1203112628 0)
(-0.180691871 0.1103562408 0)
(-0.1875871696 0.09952329333 0)
(-0.1942908124 0.08780485911 0)
(-0.2007723907 0.07519802041 0)
(-0.2069959483 0.06170600605 0)
(-0.212919289 0.04733982983 0)
(-0.2184932911 0.03212009954 0)
(-0.2236612228 0.01607902103 0)
(-0.2283580697 -0.0007373910362 0)
(-0.2325102867 -0.01826676209 0)
(-0.2360353418 -0.03642782522 0)
(-0.238841453 -0.05511742311 0)
(-0.240828112 -0.0742073335 0)
(-0.2418868694 -0.09354117295 0)
(-0.2419028533 -0.1129313903 0)
(-0.2407571757 -0.132156633 0)
(-0.2383304003 -0.1509598308 0)
(-0.234507246 -0.1690474371 0)
(-0.2291826466 -0.1860903618 0)
(-0.2222691942 -0.201727192 0)
(-0.2137058478 -0.2155703135 0)
(-0.2034675934 -0.2272154729 0)
(-0.1915755063 -0.2362551372 0)
(-0.1781064063 -0.2422956893 0)
(-0.1632010728 -0.2449780425 0)
(-0.1470698307 -0.2440006932 0)
(-0.1299943133 -0.2391436302 0)
(-0.1123243986 -0.2302909771 0)
(-0.09446972152 -0.2174498986 0)
(-0.0768857759 -0.2007632682 0)
(-0.06005539595 -0.1805139617 0)
(-0.04446729088 -0.1571194273 0)
(-0.03059329768 -0.1311163289 0)
(-0.01886399253 -0.103136205 0)
(-0.009653477153 -0.07387376975 0)
(-0.003344227698 -0.04405263549 0)
(-0.0001850264761 -0.01440580733 0)
(-8.873690105e-05 0.0150152728 0)
(-0.001383580482 0.0419734816 0)
(-0.003857661862 0.06595949216 0)
(-0.007365365793 0.08711083615 0)
(-0.01173782279 0.1055880369 0)
(-0.01684761265 0.1215678407 0)
(-0.02257680222 0.1352359394 0)
(-0.02881698867 0.1467803884 0)
(-0.03547101155 0.1563859503 0)
(-0.04245308314 0.1642293908 0)
(-0.04968849698 0.1704757468 0)
(-0.05711313415 0.175275563 0)
(-0.06467276733 0.1787630497 0)
(-0.07232221288 0.1810550824 0)
(-0.08002438706 0.182250939 0)
(-0.08774931314 0.1824326517 0)
(-0.09547311637 0.1816658497 0)
(-0.1031770343 0.1800009643 0)
(-0.1108464607 0.1774746846 0)
(-0.1184700346 0.1741115608 0)
(-0.126038778 0.1699256728 0)
(-0.1335452817 0.1649223006 0)
(-0.1409829368 0.1590995526 0)
(-0.1483452028 0.1524499253 0)
(-0.1556249066 0.1449617839 0)
(-0.1628135609 0.1366207689 0)
(-0.1699006942 0.1274111407 0)
(-0.1768731799 0.1173170867 0)
(-0.183714557 0.1063240191 0)
(-0.1904043321 0.09441989633 0)
(-0.1969172543 0.0815966059 0)
(-0.2032225594 0.06785144614 0)
(-0.2092831828 0.053188749 0)
(-0.2150549514 0.03762168623 0)
(-0.2204857453 0.02117429833 0)
(-0.2255145997 0.003883771986 0)
(-0.2300711178 -0.01419696526 0)
(-0.2340749355 -0.03299630255 0)
(-0.2374348708 -0.05242097626 0)
(-0.2400490303 -0.0723522658 0)
(-0.2418051532 -0.09264233885 0)
(-0.2425815778 -0.1131104654 0)
(-0.2422491221 -0.1335393897 0)
(-0.2406740798 -0.1536722088 0)
(-0.2377225765 -0.1732102223 0)
(-0.2332665011 -0.1918123528 0)
(-0.2271911479 -0.2090968525 0)
(-0.2194045624 -0.2246460816 0)
(-0.2098483788 -0.2380151319 0)
(-0.1985096547 -0.2487449289 0)
(-0.1854328863 -0.2563801318 0)
(-0.1707310566 -0.2604916544 0)
(-0.1545943028 -0.2607029555 0)
(-0.1372946693 -0.2567184617 0)
(-0.1191855196 -0.2483517133 0)
(-0.1006945801 -0.2355502264 0)
(-0.08231026846 -0.2184138264 0)
(-0.06456191121 -0.1972034658 0)
(-0.04799560297 -0.1723383827 0)
(-0.03314765558 -0.1443808132 0)
(-0.02051553729 -0.1140089732 0)
(-0.01053872889 -0.08198006623 0)
(-0.003668199662 -0.04908883513 0)
(-0.0002069953693 -0.0161411182 0)
(-8.626474947e-05 0.01570066508 0)
(-0.001353816471 0.04387690436 0)
(-0.003780085041 0.06893347694 0)
(-0.007223072387 0.09101456431 0)
(-0.0115166755 0.1102885133 0)
(-0.01653423669 0.1269411491 0)
(-0.02215773245 0.1411682852 0)
(-0.02827821682 0.1531688216 0)
(-0.03479780029 0.1631387333 0)
(-0.04163000201 0.1712660175 0)
(-0.0486996198 0.1777266502 0)
(-0.05594234293 0.1826815653 0)
(-0.0633041198 0.1862746165 0)
(-0.07074034162 0.1886314412 0)
(-0.07821490767 0.1898591147 0)
(-0.08569922655 0.1900464662 0)
(-0.09317119645 0.1892649176 0)
(-0.1006141962 0.1875697127 0)
(-0.1080161092 0.1850014102 0)
(-0.1153683928 0.1815875345 0)
(-0.1226651993 0.1773442941 0)
(-0.1299025484 0.1722782993 0)
(-0.1370775473 0.1663882333 0)
(-0.1441876524 0.1596664461 0)
(-0.1512299621 0.1521004614 0)
(-0.1582005315 0.1436743978 0)
(-0.1650936978 0.1343703181 0)
(-0.1719014025 0.1241695297 0)
(-0.1786124998 0.1130538641 0)
(-0.1852120375 0.1010069704 0)
(-0.1916804994 0.0880156615 0)
(-0.1979929995 0.07407135347 0)
(-0.2041184201 0.05917164502 0)
(-0.2100184996 0.04332208576 0)
(-0.2156468589 0.02653818554 0)
(-0.22094792 0.008847701512 0)
(-0.2258560006 -0.009706745982 0)
(-0.2302945722 -0.02906445457 0)
(-0.2341750576 -0.04914367973 0)
(-0.2373963106 -0.06983735064 0)
(-0.2398445441 -0.09100888026 0)
(-0.2413936492 -0.1124876374 0)
(-0.2419064204 -0.1340643189 0)
(-0.2412369048 -0.1554865538 0)
(-0.2392341863 -0.176455209 0)
(-0.2357479205 -0.1966220359 0)
(-0.2306358813 -0.215589476 0)
(-0.2237736599 -0.2329135853 0)
(-0.215066448 -0.2481111059 0)
(-0.204462527 -0.2606716452 0)
(-0.1919676984 -0.2700756544 0)
(-0.1776594475 -0.2758183877 0)
(-0.1616992218 -0.2774392496 0)
(-0.1443409301 -0.2745549592 0)
(-0.1259337398 -0.2668939059 0)
(-0.1069175837 -0.2543281353 0)
(-0.08781050868 -0.2368988564 0)
(-0.06918813259 -0.2148314137 0)
(-0.0516569261 -0.1885364872 0)
(-0.03582352289 -0.158595865 0)
(-0.02226025731 -0.1257330368 0)
(-0.01148120505 -0.09077038783 0)
(-0.004016061759 -0.05457928886 0)
(-0.0002312244475 -0.01804489839 0)
(-8.365534503e-05 0.01637023211 0)
(-0.001322276724 0.0457403174 0)
(-0.003697572872 0.07184827637 0)
(-0.007070894318 0.09484277128 0)
(-0.01127849356 0.114898392 0)
(-0.01619395351 0.1322089552 0)
(-0.02169865636 0.1469797381 0)
(-0.02768268216 0.1594201794 0)
(-0.03404708301 0.169737432 0)
(-0.0407044671 0.1781308852 0)
(-0.04757902659 0.1847877459 0)
(-0.0546062441 0.1898797093 0)
(-0.06173230679 0.1935606852 0)
(-0.06891330311 0.1959654985 0)
(-0.07611427951 0.1972094432 0)
(-0.08330822045 0.1973885501 0)
(-0.0904750014 0.1965804181 0)
(-0.09760035167 0.1948454637 0)
(-0.1046748518 0.1922284548 0)
(-0.1116929804 0.1887602107 0)
(-0.1186522176 0.1844593738 0)
(-0.1255522044 0.1793341798 0)
(-0.1323939563 0.1733841739 0)
(-0.1391791211 0.166601844 0)
(-0.1459092728 0.158974155 0)
(-0.1525852302 0.1504839863 0)
(-0.1592063854 0.1411114849 0)
(-0.1657700303 0.1308353558 0)
(-0.1722706646 0.1196341179 0)
(-0.1786992706 0.1074873599 0)
(-0.1850425394 0.09437703596 0)
(-0.1912820341 0.08028884423 0)
(-0.1973932771 0.06521373687 0)
(-0.2033447575 0.04914961768 0)
(-0.2090968503 0.03210328817 0)
(-0.2146005968 0.01409269127 0)
(-0.2197964758 -0.00485049302 0)
(-0.2246134625 -0.02467751488 0)
(-0.2289675733 -0.04531950373 0)
(-0.2327606502 -0.06668298459 0)
(-0.2358798569 -0.08864515436 0)
(-0.2381973037 -0.1110486989 0)
(-0.2395705064 -0.1336962094 0)
(-0.2398439258 -0.1563445006 0)
(-0.2388519527 -0.178699273 0)
(-0.2364237535 -0.2004107711 0)
(-0.2323903773 -0.2210713241 0)
(-0.2265944374 -0.240215888 0)
(-0.2189024932 -0.2573268766 0)
(-0.2092199394 -0.2718446117 0)
(-0.1975077678 -0.2831845466 0)
(-0.1838000113 -0.2907619342 0)
(-0.1682201061 -0.2940237778 0)
(-0.1509939194 -0.2924867357 0)
(-0.1324569666 -0.2857782615 0)
(-0.1130535288 -0.2736769104 0)
(-0.09332609291 -0.2561467368 0)
(-0.07389482421 -0.2333604148 0)
(-0.0554285873 -0.2057063987 0)
(-0.03860988821 -0.1737771966 0)
(-0.02409425487 -0.138338203 0)
(-0.0124804374 -0.100278689 0)
(-0.004388290757 -0.06055202948 0)
(-0.0002578833281 -0.02012958828 0)
(-8.102784149e-05 0.01702342207 0)
(-0.001290548564 0.04756221411 0)
(-0.003614298359 0.07470117467 0)
(-0.00691633641 0.09859100612 0)
(-0.01103446262 0.1194108488 0)
(-0.01584166677 0.1373614218 0)
(-0.02121798181 0.15265688 0)
(-0.02705189779 0.1655170115 0)
(-0.0332429591 0.1761602458 0)
(-0.03970258338 0.1847976592 0)
(-0.04635423326 0.1916281023 0)
(-0.0531331928 0.1968345039 0)
(-0.05998599982 0.2005813214 0)
(-0.06686962751 0.2030130495 0)
(-0.07375050662 0.2042536585 0)
(-0.08060346221 0.2044068055 0)
(-0.08741062211 0.2035566571 0)
(-0.09416033837 0.2017691616 0)
(-0.1008461497 0.1990936273 0)
(-0.1074658006 0.1955644782 0)
(-0.114020325 0.1912030855 0)
(-0.1205131946 0.1860195953 0)
(-0.1269495263 0.1800146977 0)
(-0.1333353422 0.1731813019 0)
(-0.1396768705 0.1655061029 0)
(-0.145979873 0.1569710376 0)
(-0.152248988 0.1475546426 0)
(-0.1584870688 0.1372333331 0)
(-0.1646945044 0.1259826312 0)
(-0.1708685024 0.1137783782 0)
(-0.1770023158 0.1005979682 0)
(-0.1830843961 0.08642165004 0)
(-0.1890974537 0.07123394628 0)
(-0.1950174137 0.05502525015 0)
(-0.2008122588 0.03779366799 0)
(-0.2064407093 0.01954717273 0)
(-0.2118507239 0.000306134444 0)
(-0.2169783492 -0.01989346482 0)
(-0.2217460798 -0.04099662799 0)
(-0.2260610111 -0.06292513561 0)
(-0.2298138204 -0.08557223555 0)
(-0.2328777293 -0.1087969449 0)
(-0.2351081064 -0.1324176106 0)
(-0.2363430604 -0.156204994 0)
(-0.2364054129 -0.1798752663 0)
(-0.2351065583 -0.2030835334 0)
(-0.2322527497 -0.2254188049 0)
(-0.2276543178 -0.2464016436 0)
(-0.2211381875 -0.2654860268 0)
(-0.2125637563 -0.2820671416 0)
(-0.2018417256 -0.2954968049 0)
(-0.1889548242 -0.305107816 0)
(-0.1739786049 -0.3102477146 0)
(-0.1570997559 -0.3103210886 0)
(-0.1386288635 -0.3048378401 0)
(-0.1190045082 -0.2934629427 0)
(-0.09878617852 -0.2760616098 0)
(-0.0786348863 -0.2527329469 0)
(-0.05928254223 -0.2238255378 0)
(-0.04149248079 -0.1899302468 0)
(-0.02601194346 -0.1518483921 0)
(-0.01353527466 -0.1105363836 0)
(-0.004785202004 -0.06703461522 0)
(-0.0002871484845 -0.02240789508 0)
(-7.852627728e-05 0.01766055983 0)
(-0.001260547908 0.04934335515 0)
(-0.003535291556 0.077492709 0)
(-0.006768428758 0.1022586491 0)
(-0.01079801337 0.123823099 0)
(-0.01549523092 0.1423926498 0)
(-0.02073771232 0.1581898934 0)
(-0.02641152795 0.1714449675 0)
(-0.03241413394 0.182387881 0)
(-0.0386554185 0.191241883 0)
(-0.0450579897 0.198218048 0)
(-0.05155698323 0.2035111461 0)
(-0.05809947101 0.2072967739 0)
(-0.06464358707 0.2097296474 0)
(-0.07115747939 0.2109429109 0)
(-0.07761817373 0.211048291 0)
(-0.08401041422 0.210136913 0)
(-0.09032552683 0.2082806037 0)
(-0.09656033539 0.2055335233 0)
(-0.1027161468 0.2019339865 0)
(-0.1087978123 0.1975063628 0)
(-0.1148128636 0.1922629711 0)
(-0.1207707192 0.1862059077 0)
(-0.1266819491 0.1793287719 0)
(-0.132557588 0.1716182687 0)
(-0.1384084805 0.1630556879 0)
(-0.1442446444 0.1536182686 0)
(-0.1500746327 0.1432804669 0)
(-0.1559048773 0.1320151561 0)
(-0.1617389935 0.1197947895 0)
(-0.1675770253 0.1065925657 0)
(-0.1734146076 0.09238364152 0)
(-0.1792420253 0.07714644262 0)
(-0.1850431478 0.06086413487 0)
(-0.1907942279 0.0435263282 0)
(-0.1964625144 0.02513109431 0)
(-0.2020045852 0.005687373719 0)
(-0.207364964 -0.01478205351 0)
(-0.2124743078 -0.03623679735 0)
(-0.2172471626 -0.058615138 0)
(-0.2215802574 -0.0818282584 0)
(-0.2253509216 -0.1057541726 0)
(-0.228415774 -0.1302305835 0)
(-0.23061027 -0.1550468589 0)
(-0.2317494872 -0.1799354238 0)
(-0.2316307167 -0.204563105 0)
(-0.2300385349 -0.2285233125 0)
(-0.2267530597 -0.2513303508 0)
(-0.2215620294 -0.2724175887 0)
(-0.2142770939 -0.2911415907 0)
(-0.2047542478 -0.3067944904 0)
(-0.1929176065 -0.3186266858 0)
(-0.1787847965 -0.3258811953 0)
(-0.1624912019 -0.3278395899 0)
(-0.1443094322 -0.3238773483 0)
(-0.1246599621 -0.3135240027 0)
(-0.1041092474 -0.2965210332 0)
(-0.08335303127 -0.2728688184 0)
(-0.06318509387 -0.2428537419 0)
(-0.044453587 -0.2070482866 0)
(-0.02800595881 -0.1662803077 0)
(-0.01464385502 -0.1215715567 0)
(-0.005206947548 -0.07405377151 0)
(-0.000319204468 -0.02489271908 0)
(-7.632423922e-05 0.01828302511 0)
(-0.001234576175 0.05108722435 0)
(-0.003466580812 0.08022731104 0)
(-0.006637962923 0.1058496466 0)
(-0.01058514257 0.1281371447 0)
(-0.01517583357 0.1473013773 0)
(-0.02028385922 0.1635731711 0)
(-0.02579179668 0.1771932989 0)
(-0.03159429298 0.1884039396 0)
(-0.03759931647 0.1974412654 0)
(-0.04372851343 0.2045293763 0)
(-0.04991698935 0.209875665 0)
(-0.05611263371 0.2136675846 0)
(-0.06227513476 0.2160707038 0)
(-0.06837481305 0.2172278824 0)
(-0.07439137369 0.2172593724 0)
(-0.08031264989 0.2162636392 0)
(-0.0861333875 0.21431871 0)
(-0.09185410115 0.2114838737 0)
(-0.09748001779 0.2078015813 0)
(-0.1030201125 0.2032994291 0)
(-0.108486234 0.1979921306 0)
(-0.1138923103 0.1918834143 0)
(-0.1192536253 0.184967806 0)
(-0.1245861491 0.1772322757 0)
(-0.1299059079 0.1686577439 0)
(-0.1352283759 0.1592204559 0)
(-0.1405678701 0.1488932413 0)
(-0.1459369277 0.1376466854 0)
(-0.1513456453 0.1254502416 0)
(-0.1568009577 0.1122733241 0)
(-0.1623058296 0.09808642396 0)
(-0.167858337 0.08286229921 0)
(-0.1734506109 0.06657730159 0)
(-0.1790676258 0.04921291405 0)
(-0.1846857856 0.03075758972 0)
(-0.1902711938 0.0112089718 0)
(-0.1957779899 -0.009423384135 0)
(-0.2011464827 -0.03111415435 0)
(-0.2063006532 -0.0538188763 0)
(-0.2111457002 -0.07746807818 0)
(-0.2155660252 -0.101960953 0)
(-0.2194230105 -0.1271577174 0)
(-0.2225534761 -0.1528706784 0)
(-0.2247691493 -0.1788541817 0)
(-0.2258577506 -0.2047938483 0)
(-0.2255864735 -0.23029588 0)
(-0.2237087536 -0.2548777013 0)
(-0.2199752503 -0.2779617843 0)
(-0.2141498197 -0.2988750871 0)
(-0.2060308497 -0.3168569825 0)
(-0.1954775892 -0.3310786445 0)
(-0.182440019 -0.3406763271 0)
(-0.1669894819 -0.3447995839 0)
(-0.1493459654 -0.3426731372 0)
(-0.1298969983 -0.333667973 0)
(-0.1092030515 -0.3173738571 0)
(-0.08798558264 -0.2936626778 0)
(-0.06709669918 -0.2627308626 0)
(-0.04747193411 -0.2251104383 0)
(-0.0300671205 -0.1816420376 0)
(-0.01580361081 -0.1334081414 0)
(-0.005653528145 -0.08163502549 0)
(-0.0003542464104 -0.02759708268 0)
(-7.463144394e-05 0.01889346349 0)
(-0.001215395756 0.05280056322 0)
(-0.003415375925 0.08291404878 0)
(-0.006537791963 0.1093733439 0)
(-0.01041481168 0.1323605999 0)
(-0.01490845694 0.1520917228 0)
(-0.01988692239 0.1688059334 0)
(-0.02522794317 0.1827553299 0)
(-0.03082249199 0.1941952469 0)
(-0.03657619082 0.2033758802 0)
(-0.04240966317 0.2105354437 0)
(-0.04825820497 0.2158949512 0)
(-0.05407094322 0.2196545792 0)
(-0.0598096654 0.2219914717 0)
(-0.06544747299 0.2230587875 0)
(-0.07096737367 0.2229857637 0)
(-0.0763608919 0.2218785644 0)
(-0.08162675002 0.2198216967 0)
(-0.08676964923 0.216879801 0)
(-0.09179916342 0.213099652 0)
(-0.09672874712 0.2085122408 0)
(-0.1015748508 0.2031348394 0)
(-0.106356132 0.1969729797 0)
(-0.1110927466 0.1900223028 0)
(-0.1158057053 0.182270257 0)
(-0.1205162746 0.1736976365 0)
(-0.1252454063 0.1642799715 0)
(-0.1300131729 0.1539887815 0)
(-0.1348381898 0.1427927204 0)
(-0.1397370014 0.1306586391 0)
(-0.1447234067 0.117552605 0)
(-0.1498076992 0.1034409169 0)
(-0.1549957926 0.08829116858 0)
(-0.1602882029 0.07207341791 0)
(-0.1656788604 0.05476153869 0)
(-0.1711537138 0.03633484667 0)
(-0.1766890133 0.01678008585 0)
(-0.1822493835 -0.003906115619 0)
(-0.1877860128 -0.02571359515 0)
(-0.1932339843 -0.04861538553 0)
(-0.1985091708 -0.07256224311 0)
(-0.2035058361 -0.09747612367 0)
(-0.2080935959 -0.1232423061 0)
(-0.2121147905 -0.1496998148 0)
(-0.2153825808 -0.1766301837 0)
(-0.2176803558 -0.2037447874 0)
(-0.2187632957 -0.2306713408 0)
(-0.2183631409 -0.2569407087 0)
(-0.2161973724 -0.2819758717 0)
(-0.2119839981 -0.3050857013 0)
(-0.2054628643 -0.325466971 0)
(-0.1964237207 -0.3422185067 0)
(-0.1847401044 -0.3543712284 0)
(-0.1704064902 -0.3609366574 0)
(-0.1535743238 -0.3609739952 0)
(-0.1345809526 -0.3536721301 0)
(-0.1139647265 -0.3384383955 0)
(-0.09246039304 -0.3149816128 0)
(-0.07097186943 -0.2833743337 0)
(-0.05052265398 -0.244079626 0)
(-0.03218445883 -0.1979316024 0)
(-0.01701131712 -0.1460650818 0)
(-0.006124825029 -0.08980235168 0)
(-0.0003924844864 -0.0305340709 0)
(-7.370297581e-05 0.01949604147 0)
(-0.001206331163 0.05449400798 0)
(-0.0033903084 0.0855674947 0)
(-0.00648321571 0.1128454356 0)
(-0.01030944627 0.1365075996 0)
(-0.01472243951 0.1567739668 0)
(-0.01958245332 0.1738928318 0)
(-0.02476072747 0.1881288676 0)
(-0.03014355506 0.199752078 0)
(-0.03563377698 0.2090282368 0)
(-0.0411510203 0.2162111213 0)
(-0.04663114121 0.2215366279 0)
(-0.05202510647 0.2252186979 0)
(-0.05729754109 0.2274468707 0)
(-0.06242512406 0.228385223 0)
(-0.06739496125 0.2281724265 0)
(-0.07220302104 0.2269226588 0)
(-0.07685268436 0.224727122 0)
(-0.08135343445 0.2216559552 0)
(-0.08571969361 0.2177603621 0)
(-0.0899698023 0.2130748152 0)
(-0.09412512771 0.2076192308 0)
(-0.09820928523 0.2014010431 0)
(-0.1022474537 0.1944171316 0)
(-0.106265764 0.1866555771 0)
(-0.1102907417 0.1780972417 0)
(-0.1143487812 0.1687171771 0)
(-0.1184656321 0.1584858776 0)
(-0.1226658756 0.1473704007 0)
(-0.1269723677 0.1353353839 0)
(-0.1314056256 0.1223439912 0)
(-0.1359831307 0.1083588291 0)
(-0.1407185194 0.09334287998 0)
(-0.1456206285 0.07726050946 0)
(-0.1506923651 0.06007862033 0)
(-0.1559293671 0.04176804391 0)
(-0.1613183495 0.02230526722 0)
(-0.1668350216 0.001674604114 0)
(-0.1724423926 -0.02012872658 0)
(-0.1780878789 -0.04309493987 0)
(-0.1836999621 -0.06719532604 0)
(-0.1891852463 -0.0923755108 0)
(-0.1944248427 -0.1185476365 0)
(-0.1992707115 -0.145580463 0)
(-0.2035424018 -0.1732872955 0)
(-0.2070246985 -0.2014117494 0)
(-0.2094670276 -0.229611695 0)
(-0.2105857743 -0.2574422845 0)
(-0.2100709573 -0.2843397595 0)
(-0.2075988771 -0.3096087562 0)
(-0.2028522673 -0.3324169514 0)
(-0.1955489472 -0.3518018659 0)
(-0.1854788218 -0.3666950419 0)
(-0.1725472504 -0.3759680968 0)
(-0.1568204421 -0.3785027943 0)
(-0.138566123 -0.3732830415 0)
(-0.1182810269 -0.3595009453 0)
(-0.09669685502 -0.3366628715 0)
(-0.07475915631 -0.3046767214 0)
(-0.05357733364 -0.2639004661 0)
(-0.03434532177 -0.2151354705 0)
(-0.01826319827 -0.1595555058 0)
(-0.006620659017 -0.09857785371 0)
(-0.0004341513196 -0.0337167954 0)
(-7.385246038e-05 0.02009676109 0)
(-0.001211405696 0.05618286131 0)
(-0.00340174861 0.08820875429 0)
(-0.006492478009 0.1162890578 0)
(-0.01029556392 0.1405998012 0)
(-0.01465215934 0.1613653582 0)
(-0.01941171095 0.1788445097 0)
(-0.02443698179 0.193316508 0)
(-0.02960845895 0.2050682315 0)
(-0.03482580517 0.2143831638 0)
(-0.0400078241 0.2215325382 0)
(-0.04509151334 0.2267687082 0)
(-0.05003052192 0.2303206148 0)
(-0.05479329379 0.2323911094 0)
(-0.05936110994 0.2331558268 0)
(-0.06372617218 0.2327632891 0)
(-0.06788981642 0.2313359321 0)
(-0.0718609024 0.2289717751 0)
(-0.07565439694 0.225746498 0)
(-0.07929014881 0.2217157316 0)
(-0.08279184066 0.2169174112 0)
(-0.08618609739 0.2113740837 0)
(-0.08950172692 0.2050950926 0)
(-0.09276906892 0.1980785953 0)
(-0.09601942707 0.1903133867 0)
(-0.09928456175 0.1817805256 0)
(-0.1025962203 0.1724547667 0)
(-0.1059856833 0.1623058172 0)
(-0.1094833038 0.1512994379 0)
(-0.1131180191 0.1393984166 0)
(-0.1169168086 0.1265634466 0)
(-0.1209040737 0.1127539469 0)
(-0.1251009105 0.09792886841 0)
(-0.1295242414 0.08204754035 0)
(-0.1341857725 0.06507062293 0)
(-0.1390907419 0.04696125356 0)
(-0.1442363662 0.02768649231 0)
(-0.1496097893 0.007219169556 0)
(-0.1551863181 -0.01445963082 0)
(-0.1609266405 -0.03735677627 0)
(-0.1667733689 -0.06146372461 0)
(-0.1726475219 -0.08674994905 0)
(-0.1784446077 -0.1131554118 0)
(-0.1840300496 -0.1405806936 0)
(-0.18923467 -0.1688745094 0)
(-0.1938505977 -0.197818369 0)
(-0.19762839 -0.227108407 0)
(-0.2002765545 -0.2563349245 0)
(-0.2014650808 -0.2849610267 0)
(-0.2008349751 -0.3123029217 0)
(-0.1980159619 -0.3375159233 0)
(-0.1926542516 -0.3595917426 0)
(-0.1844512829 -0.3773737968 0)
(-0.1732124404 -0.3895972985 0)
(-0.158901919 -0.3949590112 0)
(-0.1416965669 -0.3922171183 0)
(-0.1220285996 -0.3803146809 0)
(-0.1006059478 -0.3585117102 0)
(-0.0784011958 -0.3265032501 0)
(-0.05660415051 -0.2844970952 0)
(-0.03653557528 -0.2332270502 0)
(-0.01955510852 -0.1738859381 0)
(-0.007140886637 -0.107981514 0)
(-0.0004795136592 -0.03715839858 0)
(-7.547079623e-05 0.02070385578 0)
(-0.001235526715 0.05788804184 0)
(-0.003462225559 0.09086669848 0)
(-0.006587408883 0.1197360497 0)
(-0.01040456182 0.1446674801 0)
(-0.01473785926 0.1658909245 0)
(-0.01942241184 0.1836780742 0)
(-0.02431018617 0.1983257748 0)
(-0.02927465799 0.2101408775 0)
(-0.03421202496 0.2194274291 0)
(-0.03904067091 0.2264765465 0)
(-0.04369960973 0.2315589707 0)
(-0.04814632829 0.2349200837 0)
(-0.05235437279 0.23677705 0)
(-0.05631092291 0.2373176976 0)
(-0.0600145067 0.2367007472 0)
(-0.06347294063 0.2350570297 0)
(-0.06670153051 0.2324913745 0)
(-0.06972153647 0.2290849071 0)
(-0.07255888514 0.2248975455 0)
(-0.07524310149 0.2199705375 0)
(-0.07780642786 0.2143289244 0)
(-0.08028309731 0.2079838554 0)
(-0.08270872939 0.200934706 0)
(-0.0851198192 0.1931709785 0)
(-0.08755329291 0.1846739795 0)
(-0.09004610501 0.1754182814 0)
(-0.09263485439 0.1653729853 0)
(-0.09535539751 0.1545028063 0)
(-0.0982424366 0.1427690091 0)
(-0.1013290599 0.1301302227 0)
(-0.1046462097 0.1165431712 0)
(-0.1082220504 0.1019633598 0)
(-0.112081205 0.08634576602 0)
(-0.1162438239 0.06964559622 0)
(-0.1207244494 0.05181918698 0)
(-0.1255306012 0.03282515483 0)
(-0.13066088 0.01262588706 0)
(-0.1361030466 -0.008810488319 0)
(-0.1418316297 -0.03150657813 0)
(-0.1478044081 -0.05547306172 0)
(-0.1539584337 -0.08070271756 0)
(-0.1602060283 -0.1071633905 0)
(-0.1664294843 -0.1347885174 0)
(-0.1724754715 -0.1634647 0)
(-0.1781493355 -0.1930158295 0)
(-0.1832099494 -0.2231834154 0)
(-0.1873662452 -0.2536032057 0)
(-0.1902770977 -0.2837789855 0)
(-0.1915568319 -0.3130557137 0)
(-0.1907891139 -0.3405959343 0)
(-0.187552092 -0.3653655311 0)
(-0.1814570123 -0.3861369377 0)
(-0.172200743 -0.4015190432 0)
(-0.159629501 -0.4100221036 0)
(-0.1438068004 -0.410161832 0)
(-0.1250741631 -0.4005989247 0)
(-0.1040902228 -0.3802993418 0)
(-0.08183475341 -0.3486892621 0)
(-0.05956807528 -0.305770902 0)
(-0.03873990777 -0.2521651577 0)
(-0.0208828062 -0.1890555796 0)
(-0.007685546231 -0.1180310517 0)
(-0.0005288903215 -0.04087212051 0)
(-7.905296306e-05 0.02132829696 0)
(-0.001284737492 0.05963726847 0)
(-0.003586982615 0.09357945425 0)
(-0.006794251544 0.1232284136 0)
(-0.01067369667 0.1487507145 0)
(-0.01502662677 0.1703842401 0)
(-0.01966955836 0.1884174069 0)
(-0.02444101826 0.2031689996 0)
(-0.029206265 0.21497008 0)
(-0.03385796444 0.2241489982 0)
(-0.03831483211 0.2310198091 0)
(-0.04251917482 0.2358739666 0)
(-0.04643387582 0.238974936 0)
(-0.05003923756 0.240555252 0)
(-0.05332995504 0.2408155224 0)
(-0.05631237483 0.2399248983 0)
(-0.059002111 0.2380225867 0)
(-0.0614220333 0.235220046 0)
(-0.0636006084 0.2316035735 0)
(-0.0655705564 0.227237063 0)
(-0.06736777648 0.2221647643 0)
(-0.06903049431 0.216413932 0)
(-0.07059858654 0.2099972872 0)
(-0.07211304204 0.2029152498 0)
(-0.07361552446 0.1951579222 0)
(-0.07514800588 0.1867068233 0)
(-0.07675244402 0.1775363818 0)
(-0.07847047979 0.1676152078 0)
(-0.08034313386 0.1569071666 0)
(-0.08241048113 0.1453722788 0)
(-0.08471128174 0.132967479 0)
(-0.08728254641 0.1196472633 0)
(-0.09015901115 0.1053642652 0)
(-0.09337249156 0.09006980225 0)
(-0.09695108134 0.07371444698 0)
(-0.1009181582 0.05624869353 0)
(-0.105291139 0.03762381228 0)
(-0.1100798094 0.01779298064 0)
(-0.1152842679 -0.00328721251 0)
(-0.1208930674 -0.02565385373 0)
(-0.1268797051 -0.04933533645 0)
(-0.1331983897 -0.07434654401 0)
(-0.1397800962 -0.1006823816 0)
(-0.1465268072 -0.1283090721 0)
(-0.1533050824 -0.1571522743 0)
(-0.1599389842 -0.1870813032 0)
(-0.1662028207 -0.2178887224 0)
(-0.1718146767 -0.2492648577 0)
(-0.1764323402 -0.280767463 0)
(-0.1796540281 -0.311788016 0)
(-0.1810271423 -0.3415180891 0)
(-0.1800688738 -0.3689219112 0)
(-0.1763023648 -0.392724277 0)
(-0.1693107491 -0.411425497 0)
(-0.1588082188 -0.4233556862 0)
(-0.1447221882 -0.4267775736 0)
(-0.1272744085 -0.4200387562 0)
(-0.1070435793 -0.4017609184 0)
(-0.08499067467 -0.3710375237 0)
(-0.06243110399 -0.3275980931 0)
(-0.04094224413 -0.2718924352 0)
(-0.0222423448 -0.205055683 0)
(-0.008255071382 -0.1287419388 0)
(-0.0005826791963 -0.04487145944 0)
(-8.523647311e-05 0.0219844524 0)
(-0.001366560307 0.06146655467 0)
(-0.003794712573 0.09639621938 0)
(-0.007144721563 0.126820001 0)
(-0.01114728826 0.1529006337 0)
(-0.01557352585 0.1748880845 0)
(-0.02021629645 0.1930932047 0)
(-0.02489777822 0.2078628117 0)
(-0.02947393944 0.2195578529 0)
(-0.03383423108 0.2285357909 0)
(-0.03789896073 0.2351373881 0)
(-0.04161554604 0.2396775482 0)
(-0.04495433772 0.2424396367 0)
(-0.04790449708 0.243672617 0)
(-0.05047022051 0.2435903491 0)
(-0.05266745323 0.2423724625 0)
(-0.05452113592 0.2401663028 0)
(-0.05606296582 0.2370895461 0)
(-0.05732962017 0.2332331642 0)
(-0.05836137485 0.2286645052 0)
(-0.05920104795 0.2234303211 0)
(-0.05989320165 0.2175596305 0)
(-0.06048354362 0.2110663461 0)
(-0.06101847746 0.2039516311 0)
(-0.0615447599 0.1962059722 0)
(-0.06210923086 0.1878109711 0)
(-0.06275858608 0.1787408705 0)
(-0.06353916844 0.1689638355 0)
(-0.06449675869 0.1584430167 0)
(-0.06567634531 0.1471374195 0)
(-0.06712185388 0.1350026102 0)
(-0.06887581713 0.12199129 0)
(-0.070978964 0.1080537706 0)
(-0.07346970109 0.09313839028 0)
(-0.07638345403 0.07719191538 0)
(-0.07975183209 0.06015998876 0)
(-0.08360157268 0.04198770397 0)
(-0.08795312328 0.02262039619 0)
(-0.09281860515 0.002004732282 0)
(-0.0982004111 -0.01990935559 0)
(-0.104087803 -0.04316598636 0)
(-0.1104528262 -0.06780035106 0)
(-0.1172463093 -0.0938327704 0)
(-0.1243920563 -0.1212610951 0)
(-0.131779847 -0.1500498387 0)
(-0.1392573133 -0.1801151493 0)
(-0.1466208806 -0.2113045262 0)
(-0.1536064898 -0.2433702606 0)
(-0.1598815059 -0.2759360442 0)
(-0.1650401587 -0.3084572838 0)
(-0.1686060138 -0.3401776383 0)
(-0.1700461043 -0.370087367 0)
(-0.1688019601 -0.3968930913 0)
(-0.1643421177 -0.4190127666 0)
(-0.156237906 -0.4346124226 0)
(-0.1442587617 -0.4417001096 0)
(-0.1284753702 -0.4382848988 0)
(-0.1093506148 -0.4225934289 0)
(-0.08779358911 -0.3933152268 0)
(-0.06515244759 -0.3498269583 0)
(-0.04312626587 -0.292333657 0)
(-0.02363060927 -0.2218690383 0)
(-0.008850596017 -0.1401276374 0)
(-0.0006413976543 -0.04917046791 0)
(-9.485694346e-05 0.02269095321 0)
(-0.001490465384 0.06342211138 0)
(-0.004108528627 0.09937947918 0)
(-0.007677352511 0.1305784407 0)
(-0.01187816845 0.1571806751 0)
(-0.01644284556 0.1794548644 0)
(-0.02113469706 0.1977425825 0)
(-0.02575650872 0.2124270485 0)
(-0.03015423348 0.2239065579 0)
(-0.03421504431 0.2325737569 0)
(-0.03786282749 0.2388006688 0)
(-0.04105264779 0.2429287808 0)
(-0.04376503684 0.2452632847 0)
(-0.04600065149 0.2460705429 0)
(-0.0477755924 0.2455779311 0)
(-0.04911748967 0.243975331 0)
(-0.05006234888 0.2414176915 0)
(-0.05065208781 0.2380281999 0)
(-0.05093266499 0.2339017276 0)
(-0.05095269389 0.2291083062 0)
(-0.05076244145 0.2236964707 0)
(-0.05041312124 0.217696365 0)
(-0.04995640598 0.2111225525 0)
(-0.04944409704 0.2039765029 0)
(-0.04892790201 0.1962487564 0)
(-0.04845928307 0.1879207726 0)
(-0.04808934239 0.1789664842 0)
(-0.04786872078 0.1693535876 0)
(-0.04784749387 0.1590445956 0)
(-0.04807504641 0.1479976757 0)
(-0.04859990688 0.1361673081 0)
(-0.04946952764 0.1235047941 0)
(-0.05072999358 0.1099586428 0)
(-0.05242563633 0.09547487166 0)
(-0.0545985258 0.07999725759 0)
(-0.05728780522 0.06346758965 0)
(-0.06052883266 0.04582598684 0)
(-0.06435201766 0.02701136749 0)
(-0.06878103375 0.006962139352 0)
(-0.07383148948 -0.01438270697 0)
(-0.07950819362 -0.0370810211 0)
(-0.08580119102 -0.0611859221 0)
(-0.0926817479 -0.08674077171 0)
(-0.100096878 -0.1137728835 0)
(-0.1079620708 -0.1422840741 0)
(-0.1161525078 -0.1722370139 0)
(-0.1244926308 -0.203535966 0)
(-0.1327444482 -0.2360003351 0)
(-0.1405956443 -0.2693296195 0)
(-0.1476495654 -0.3030591549 0)
(-0.1534205723 -0.3365078018 0)
(-0.157339925 -0.3687219547 0)
(-0.1587788296 -0.3984250661 0)
(-0.1570956958 -0.4239878166 0)
(-0.1517128011 -0.4434395453 0)
(-0.142222154 -0.4545435913 0)
(-0.1285109453 -0.4549537999 0)
(-0.1108852482 -0.4424533493 0)
(-0.09016113722 -0.4152504533 0)
(-0.06768855657 -0.372274616 0)
(-0.04527601732 -0.313393797 0)
(-0.02504603276 -0.2394695704 0)
(-0.009474385749 -0.1522001324 0)
(-0.0007057428471 -0.05378424264 0)
(-0.0001090291806 0.02347184858 0)
(-0.001668515089 0.06556278706 0)
(-0.004557245439 0.102607712 0)
(-0.008439187344 0.1345873025 0)
(-0.01292937496 0.1616677347 0)
(-0.01770937226 0.1841466015 0)
(-0.02250625971 0.2024079829 0)
(-0.0271005001 0.2168828078 0)
(-0.03132798802 0.2280163722 0)
(-0.03507551091 0.2362440222 0)
(-0.03827353403 0.2419744081 0)
(-0.04088824301 0.2455790618 0)
(-0.04291385565 0.247386916 0)
(-0.04436578277 0.2476824789 0)
(-0.04527488857 0.2467065625 0)
(-0.04568288478 0.2446586842 0)
(-0.04563877082 0.2417004646 0)
(-0.04519617553 0.2379595241 0)
(-0.04441143796 0.2335335246 0)
(-0.04334227074 0.2284941195 0)
(-0.04204686752 0.2228906603 0)
(-0.04058333658 0.216753571 0)
(-0.03900936808 0.2100973535 0)
(-0.03738205927 0.2029232066 0)
(-0.03575784239 0.1952212789 0)
(-0.03419247707 0.18697257 0)
(-0.03274106758 0.1781505019 0)
(-0.03145808241 0.1687222144 0)
(-0.03039736803 0.158649605 0)
(-0.02961213734 0.1478901348 0)
(-0.02915491462 0.1363974393 0)
(-0.02907742957 0.1241217785 0)
(-0.02943044845 0.1110103454 0)
(-0.03026352322 0.09700746634 0)
(-0.03162463567 0.08205472295 0)
(-0.03355970704 0.06609103409 0)
(-0.03611194029 0.04905274873 0)
(-0.03932091399 0.0308738195 0)
(-0.04322113933 0.01148610838 0)
(-0.04784068928 -0.009180141848 0)
(-0.05319936682 -0.03119428464 0)
(-0.05930489026 -0.05462462228 0)
(-0.06614899649 -0.07953460317 0)
(-0.07370255867 -0.1059779735 0)
(-0.08190836314 -0.1339910636 0)
(-0.09067208934 -0.1635810668 0)
(-0.09985102552 -0.1947086631 0)
(-0.1092405245 -0.2272629152 0)
(-0.1185588192 -0.2610262008 0)
(-0.1274317771 -0.2956273013 0)
(-0.1353807465 -0.3304820499 0)
(-0.1418187961 -0.364723997 0)
(-0.1460630144 -0.3971328006 0)
(-0.1473723176 -0.4260755666 0)
(-0.1450199285 -0.4494849318 0)
(-0.1384052993 -0.4649040957 0)
(-0.1272001566 -0.469627831 0)
(-0.1115082007 -0.460953834 0)
(-0.09200237511 -0.4365277735 0)
(-0.06999277773 -0.3947228948 0)
(-0.04737654823 -0.3349556358 0)
(-0.02648953656 -0.2578220111 0)
(-0.01013044626 -0.1649708545 0)
(-0.0007766823302 -0.05872969032 0)
(-0.0001292672024 0.02435816125 0)
(-0.001916255808 0.06796321261 0)
(-0.005177068314 0.1061786728 0)
(-0.009487873868 0.1389484363 0)
(-0.01437604199 0.1664530015 0)
(-0.01945948757 0.1890341619 0)
(-0.02442177572 0.207135009 0)
(-0.02901866166 0.2212492474 0)
(-0.03307712535 0.2318814535 0)
(-0.03648688235 0.23951878 0)
(-0.03918936266 0.2446126345 0)
(-0.04116654707 0.2475682283 0)
(-0.04243079915 0.2487399431 0)
(-0.04301624528 0.2484307554 0)
(-0.04297185064 0.2468943143 0)
(-0.04235609777 0.2443386162 0)
(-0.04123305787 0.2409305117 0)
(-0.0396696054 0.236800518 0)
(-0.03773353079 0.2320475845 0)
(-0.03549233284 0.2267435944 0)
(-0.03301250861 0.220937478 0)
(-0.03035919048 0.2146588747 0)
(-0.02759602255 0.2079213396 0)
(-0.02478518332 0.2007250846 0)
(-0.0219874983 0.1930593137 0)
(-0.01926260541 0.184904167 0)
(-0.01666912466 0.1762322947 0)
(-0.01426481266 0.1670101432 0)
(-0.01210670548 0.1571989672 0)
(-0.01025122939 0.1467556062 0)
(-0.008754261213 0.1356330562 0)
(-0.007671137677 0.1237808616 0)
(-0.007056610524 0.1111453553 0)
(-0.006964729417 0.09766977181 0)
(-0.007448636616 0.08329425998 0)
(-0.0085602494 0.06795582203 0)
(-0.01034980166 0.05158821506 0)
(-0.01286519118 0.03412186564 0)
(-0.0161509111 0.01548383445 0)
(-0.0202466335 -0.00440219953 0)
(-0.0251863244 -0.02561469803 0)
(-0.03099466726 -0.04823411539 0)
(-0.03768341488 -0.07234060591 0)
(-0.04524726188 -0.0980106565 0)
(-0.05365697675 -0.1253112838 0)
(-0.0628505736 -0.1542906491 0)
(-0.07272174117 -0.18496334 0)
(-0.08310514209 -0.2172878304 0)
(-0.09375870411 -0.2511331268 0)
(-0.104343774 -0.2862314958 0)
(-0.1144056164 -0.322114675 0)
(-0.1233592058 -0.3580334511 0)
(-0.1304884175 -0.3928656275 0)
(-0.1349700441 -0.4250260193 0)
(-0.1359359602 -0.4524037222 0)
(-0.1325845037 -0.4723637525 0)
(-0.1243426558 -0.4818555882 0)
(-0.1110627669 -0.4776612247 0)
(-0.09321484326 -0.4567825323 0)
(-0.07201431023 -0.4169128347 0)
(-0.04941448828 -0.3568765362 0)
(-0.02796574333 -0.276881547 0)
(-0.01082538442 -0.1784521046 0)
(-0.0008555917183 -0.06402668693 0)
(-0.0001576653035 0.02539000687 0)
(-0.002253966567 0.07071786939 0)
(-0.006013820351 0.11021333 0)
(-0.01089420804 0.1437843322 0)
(-0.01630734687 0.1716421057 0)
(-0.02179171267 0.1941952103 0)
(-0.02697992431 0.2119686016 0)
(-0.03160190863 0.2255385631 0)
(-0.03547880519 0.2354842912 0)
(-0.03850862432 0.2423554923 0)
(-0.04064999878 0.2466530513 0)
(-0.0419068812 0.2488193886 0)
(-0.04231535804 0.2492355339 0)
(-0.04193299557 0.2482225541 0)
(-0.04083066466 0.2460455836 0)
(-0.03908654717 0.2429192207 0)
(-0.03678193797 0.239013461 0)
(-0.03399845351 0.2344596334 0)
(-0.03081629796 0.2293560184 0)
(-0.0273132954 0.2237729727 0)
(-0.02356445878 0.2177574823 0)
(-0.01964190617 0.2113371156 0)
(-0.01561501278 0.2045234317 0)
(-0.01155067484 0.1973148275 0)
(-0.007513651098 0.1896989125 0)
(-0.003566918078 0.1816544757 0)
(0.0002279772894 0.1731530644 0)
(0.003810588107 0.164160237 0)
(0.007121313601 0.1546365513 0)
(0.01010118114 0.1445383068 0)
(0.0126916443 0.1338180523 0)
(0.01483445258 0.1224249268 0)
(0.01647157646 0.1103048388 0)
(0.01754519573 0.09740050712 0)
(0.01799776016 0.08365138414 0)
(0.01777214117 0.06899347782 0)
(0.01681189765 0.05335909692 0)
(0.01506168918 0.03667654944 0)
(0.01246798528 0.01886982152 0)
(0.008980409641 -0.0001418030797 0)
(0.00455198284 -0.02044349941 0)
(-0.0008579472649 -0.04212476878 0)
(-0.007280356686 -0.06527897063 0)
(-0.01473314224 -0.09000111489 0)
(-0.02321486957 -0.1163841893 0)
(-0.03269658054 -0.1445123955 0)
(-0.04311054524 -0.1744496895 0)
(-0.0543351356 -0.2062209393 0)
(-0.06617554563 -0.2397818919 0)
(-0.07834035376 -0.2749740319 0)
(-0.09041545687 -0.3114596476 0)
(-0.1018393907 -0.3486338163 0)
(-0.1118878012 -0.3855145769 0)
(-0.1196796571 -0.4206213358 0)
(-0.1242222845 -0.4518655548 0)
(-0.1245134709 -0.4764956397 0)
(-0.1197118544 -0.4911523916 0)
(-0.1093681073 -0.492090676 0)
(-0.09367953388 -0.47559326 0)
(-0.07369591536 -0.4385370549 0)
(-0.05137834496 -0.3789837805 0)
(-0.02948451616 -0.2965932271 0)
(-0.01156963779 -0.1926591111 0)
(-0.0009444674623 -0.06969980368 0)
(-0.0001971778208 0.02661951937 0)
(-0.002708433092 0.0739463627 0)
(-0.007125879061 0.114860482 0)
(-0.0127451236 0.149240169 0)
(-0.01882819561 0.1773539429 0)
(-0.02481600366 0.199710078 0)
(-0.03028353806 0.2169467053 0)
(-0.03493618838 0.229748341 0)
(-0.03859532826 0.2387875493 0)
(-0.04117551677 0.2446888444 0)
(-0.04266124343 0.2480095186 0)
(-0.04308643499 0.2492321694 0)
(-0.04251773426 0.2487647259 0)
(-0.04104164639 0.2469448945 0)
(-0.03875515429 0.244046899 0)
(-0.03575920033 0.2402891309 0)
(-0.03215440693 0.2358418571 0)
(-0.0280384695 0.2308344934 0)
(-0.0235047483 0.2253621911 0)
(-0.01864168552 0.2194916383 0)
(-0.01353277513 0.213266071 0)
(-0.008256841288 0.2067094994 0)
(-0.002888545056 0.1998302677 0)
(0.002501063205 0.1926239936 0)
(0.007843849872 0.1850759457 0)
(0.01307416579 0.1771630372 0)
(0.01812822628 0.1688553634 0)
(0.02294364583 0.1601174085 0)
(0.02745900129 0.1509089794 0)
(0.03161347211 0.1411858895 0)
(0.03534654233 0.1309004189 0)
(0.03859775556 0.1200015985 0)
(0.04130652123 0.108435334 0)
(0.04341197798 0.09614438512 0)
(0.04485291765 0.08306821552 0)
(0.04556778125 0.06914272372 0)
(0.04549474364 0.05429986506 0)
(0.04457190762 0.03846717836 0)
(0.04273770341 0.02156723162 0)
(0.03993193321 0.003516955356 0)
(0.03609581352 -0.01577301679 0)
(0.03117385885 -0.03639826529 0)
(0.02511716151 -0.05846158772 0)
(0.01788591196 -0.08207204601 0)
(0.009454669426 -0.1073433957 0)
(-0.0001802863135 -0.1343901049 0)
(-0.01099067317 -0.1633195242 0)
(-0.02290129062 -0.1942171897 0)
(-0.03577020588 -0.2271217181 0)
(-0.04936310213 -0.2619846325 0)
(-0.06332204763 -0.298607853 0)
(-0.07713117111 -0.3365525902 0)
(-0.09008589723 -0.3750164383 0)
(-0.1012782835 -0.4126828825 0)
(-0.1096180474 -0.4475626361 0)
(-0.1139148474 -0.4768698368 0)
(-0.1130449459 -0.4970013132 0)
(-0.1062090205 -0.5037008245 0)
(-0.09325261506 -0.4924715358 0)
(-0.07496948043 -0.4592289126 0)
(-0.05325812083 -0.4010674955 0)
(-0.03106286007 -0.3168907117 0)
(-0.01237925002 -0.2076128652 0)
(-0.001046262659 -0.07578086027 0)
(-0.0002520638748 0.0281149523 0)
(-0.003315514758 0.07780026216 0)
(-0.008588043341 0.1203019632 0)
(-0.01514701429 0.1554849028 0)
(-0.02205999761 0.1837171073 0)
(-0.02865055504 0.2056542795 0)
(-0.03443175515 0.2220901629 0)
(-0.03908993584 0.2338501631 0)
(-0.04245727834 0.2417224845 0)
(-0.04447709553 0.2464197502 0)
(-0.04517144513 0.2485621155 0)
(-0.04461436129 0.2486740569 0)
(-0.04291120291 0.247189095 0)
(-0.0401836115 0.2444585696 0)
(-0.03655913535 0.2407620047 0)
(-0.03216448467 0.2363176066 0)
(-0.02712147605 0.2312921049 0)
(-0.02154488588 0.2258095565 0)
(-0.01554159732 0.2199589862 0)
(-0.009210579238 0.2138008908 0)
(-0.002643408925 0.2073726657 0)
(0.004074973732 0.2006930663 0)
(0.01086526304 0.1937658677 0)
(0.01765304064 0.1865828599 0)
(0.02436775026 0.179126238 0)
(0.03094190083 0.1713705047 0)
(0.03731029524 0.1632839574 0)
(0.04340939296 0.1548298124 0)
(0.04917672817 0.1459670595 0)
(0.05455041618 0.1366510852 0)
(0.05946873569 0.1268340796 0)
(0.06386977123 0.1164652622 0)
(0.06769110973 0.1054909506 0)
(0.07086958915 0.09385448614 0)
(0.07334109758 0.08149602472 0)
(0.07504042783 0.0683521979 0)
(0.07590119766 0.054355643 0)
(0.07585584814 0.03943440032 0)
(0.07483578135 0.0235111752 0)
(0.07277202107 0.006502425944 0)
(0.06959522784 -0.01168283467 0)
(0.06523654914 -0.03114338057 0)
(0.05963048996 -0.05198773124 0)
(0.05271686164 -0.07433454374 0)
(0.04444477833 -0.09831289071 0)
(0.03477902131 -0.1240610299 0)
(0.02370924629 -0.1517221072 0)
(0.01126363653 -0.1814343525 0)
(-0.002472227591 -0.2133124293 0)
(-0.01732881798 -0.2474140037 0)
(-0.03301786056 -0.2836827415 0)
(-0.04909021885 -0.3218602754 0)
(-0.06489070792 -0.3613569627 0)
(-0.07952108048 -0.4010784095 0)
(-0.09183097211 -0.4392190535 0)
(-0.100468858 -0.4730613179 0)
(-0.1040289562 -0.4988554314 0)
(-0.1013208087 -0.5118877025 0)
(-0.09175221169 -0.506848597 0)
(-0.07574795013 -0.4785469594 0)
(-0.05504347369 -0.4228696189 0)
(-0.03272715804 -0.3376935693 0)
(-0.01327846763 -0.2233438643 0)
(-0.001165430419 -0.08231270687 0)
(-0.0003286168328 0.02996653808 0)
(-0.004123935598 0.08247195863 0)
(-0.01049659478 0.1267580878 0)
(-0.01822901557 0.1627101817 0)
(-0.02613925141 0.1908621597 0)
(-0.03341391093 0.2120857278 0)
(-0.03950508444 0.2273870101 0)
(-0.04409242744 0.2377729347 0)
(-0.04703603417 0.2441727647 0)
(-0.04832541593 0.2474005892 0)
(-0.04803562763 0.2481442699 0)
(-0.04629328434 0.2469695703 0)
(-0.04325187257 0.2443319158 0)
(-0.0390748367 0.2405911222 0)
(-0.03392469557 0.2360264293 0)
(-0.02795657464 0.2308504645 0)
(-0.02131482752 0.2252215421 0)
(-0.01413172418 0.2192541374 0)
(-0.006527437869 0.2130276122 0)
(0.001389170111 0.2065933785 0)
(0.009519257719 0.1999806586 0)
(0.01777277882 0.1932010871 0)
(0.02606704056 0.1862524775 0)
(0.03432534851 0.1791217705 0)
(0.0424757566 0.1717873262 0)
(0.05044997902 0.1642207017 0)
(0.0581824199 0.1563880457 0)
(0.06560934448 0.148251128 0)
(0.07266815456 0.1397680979 0)
(0.07929676833 0.1308940185 0)
(0.08543308823 0.1215812013 0)
(0.09101453925 0.1117793719 0)
(0.09597766568 0.1014356849 0)
(0.1002577771 0.09049460182 0)
(0.1037886374 0.07889763534 0)
(0.1065021953 0.0665829591 0)
(0.1083283604 0.05348487349 0)
(0.1091948301 0.03953311253 0)
(0.1090270022 0.0246519721 0)
(0.1077482686 0.008759206737 0)
(0.1052800074 -0.008235483128 0)
(0.1015415452 -0.02643139706 0)
(0.09645249802 -0.04593929546 0)
(0.08993420261 -0.066883008 0)
(0.08191243864 -0.08940136572 0)
(0.07232253414 -0.1136493959 0)
(0.06111704878 -0.1397976565 0)
(0.04827758841 -0.1680276257 0)
(0.03383241594 -0.1985198612 0)
(0.01788215047 -0.2314287033 0)
(0.0006351198643 -0.2668353605 0)
(-0.01754540147 -0.3046680583 0)
(-0.03608336139 -0.3445731648 0)
(-0.05413104123 -0.3857295476 0)
(-0.0705258133 -0.4266019436 0)
(-0.08379860793 -0.4646607783 0)
(-0.09228183934 -0.4961425989 0)
(-0.09436741599 -0.5159786468 0)
(-0.08893773227 -0.5180581151 0)
(-0.0759111646 -0.4959526905 0)
(-0.05671893488 -0.4440664621 0)
(-0.03451552495 -0.3589016488 0)
(-0.01430357899 -0.2398968063 0)
(-0.001308825378 -0.08935486292 0)
(-0.0004363997389 0.03229504714 0)
(-0.005200998516 0.08820605606 0)
(-0.01297580324 0.1344924401 0)
(-0.02214529266 0.1711248755 0)
(-0.03121146709 0.1989068233 0)
(-0.03920849878 0.2190236805 0)
(-0.04553842824 0.2327685779 0)
(-0.04989741073 0.2413789127 0)
(-0.05219972572 0.2459522811 0)
(-0.0525052016 0.2474158181 0)
(-0.05096157784 0.2465265582 0)
(-0.04776283347 0.2438872307 0)
(-0.04312089928 0.2399680497 0)
(-0.03724767293 0.2351292975 0)
(-0.03034448581 0.2296421244 0)
(-0.02259668133 0.2237065407 0)
(-0.01417154061 0.2174664051 0)
(-0.005218284348 0.2110216042 0)
(0.004130742847 0.2044378094 0)
(0.01375806541 0.1977541605 0)
(0.02355933693 0.1909891394 0)
(0.03344107192 0.1841454096 0)
(0.04331870962 0.1772134385 0)
(0.05311480531 0.1701742846 0)
(0.06275745228 0.1630017445 0)
(0.07217891024 0.1556639732 0)
(0.08131442249 0.1481247119 0)
(0.09010120918 0.1403441829 0)
(0.09847760497 0.132279728 0)
(0.1063823228 0.1238862358 0)
(0.1137538205 0.1151163926 0)
(0.1205297487 0.1059207786 0)
(0.1266464614 0.09624782962 0)
(0.1320385756 0.08604367011 0)
(0.1366385678 0.07525182064 0)
(0.140376401 0.06381277186 0)
(0.1431791801 0.05166340989 0)
(0.1449708339 0.03873626759 0)
(0.1456718389 0.0249585676 0)
(0.1451991939 0.01025099257 0)
(0.1434663561 -0.005474012663 0)
(0.1403825115 -0.02231373283 0)
(0.1358542959 -0.04037793047 0)
(0.1297867545 -0.05979144741 0)
(0.1220848311 -0.08069751064 0)
(0.112657116 -0.1032610731 0)
(0.1014217704 -0.1276714267 0)
(0.088316127 -0.1541425027 0)
(0.07331188472 -0.1829079143 0)
(0.05643847635 -0.2142053504 0)
(0.0378176837 -0.2482418633 0)
(0.0177128792 -0.285126872 0)
(-0.003407023812 -0.3247554641 0)
(-0.02478727836 -0.3666197392 0)
(-0.04531049394 -0.4095351486 0)
(-0.06345170802 -0.4512899317 0)
(-0.07732755388 -0.4882748709 0)
(-0.08491053657 -0.5152279356 0)
(-0.08447809475 -0.525315055 0)
(-0.07528155164 -0.5107790513 0)
(-0.05825335628 -0.4642410548 0)
(-0.03647957633 -0.3803838233 0)
(-0.01550862095 -0.2573360019 0)
(-0.001487235456 -0.0969920105 0)
(-0.0005904018455 0.03526461119 0)
(-0.006641342224 0.09531378223 0)
(-0.01618590375 0.1438140011 0)
(-0.02707409496 0.1809412465 0)
(-0.03741564991 0.2079293776 0)
(-0.04608870564 0.2264149749 0)
(-0.05247379772 0.2380738307 0)
(-0.05632308232 0.244429933 0)
(-0.05764364055 0.2467754658 0)
(-0.05659775304 0.2461573258 0)
(-0.05342993044 0.2433972122 0)
(-0.04841807953 0.2391248558 0)
(-0.04184296833 0.2338134429 0)
(-0.03397067819 0.2278120956 0)
(-0.02504377663 0.2213734478 0)
(-0.01527802936 0.2146760523 0)
(-0.004862449038 0.2078420995 0)
(0.006038812944 0.2009512043 0)
(0.01728343449 0.194050943 0)
(0.02874823168 0.1871646454 0)
(0.04032577231 0.180297623 0)
(0.05192154077 0.1734417437 0)
(0.06345134733 0.1665788124 0)
(0.07483906876 0.1596831145 0)
(0.08601471763 0.1527233068 0)
(0.09691280198 0.1456638072 0)
(0.1074709414 0.1384658074 0)
(0.1176287041 0.1310879902 0)
(0.1273266248 0.1234870166 0)
(0.1365053725 0.1156178294 0)
(0.1451050357 0.1074338057 0)
(0.1530644994 0.09888677716 0)
(0.1603208899 0.08992693462 0)
(0.166809068 0.08050261984 0)
(0.1724611555 0.0705600028 0)
(0.1772060819 0.06004263332 0)
(0.1809691457 0.04889084605 0)
(0.1836715813 0.0370409863 0)
(0.1852301319 0.02442441138 0)
(0.1855567629 0.0109661951 0)
(0.1845585015 -0.003416653976 0)
(0.1821362322 -0.01881711301 0)
(0.1781857236 -0.03534102024 0)
(0.1725981811 -0.05311041821 0)
(0.1652605939 -0.07226790035 0)
(0.1560581067 -0.09298168333 0)
(0.1448780674 -0.115451009 0)
(0.1316171087 -0.1399108558 0)
(0.1161932029 -0.1666336944 0)
(0.09856546646 -0.1959237914 0)
(0.07876556247 -0.2280961052 0)
(0.05694548324 -0.2634265177 0)
(0.03344598297 -0.3020535976 0)
(0.008888275164 -0.3438043387 0)
(-0.01572025549 -0.3879161309 0)
(-0.0388782027 -0.4326230438 0)
(-0.05856412668 -0.4746658196 0)
(-0.07236690872 -0.5088175329 0)
(-0.07790369571 -0.5276917695 0)
(-0.07358307832 -0.5221868514 0)
(-0.0595782306 -0.4828394595 0)
(-0.03868373529 -0.4019562064 0)
(-0.0169738102 -0.2757506209 0)
(-0.001718053023 -0.1053469867 0)
(-0.0008149020975 0.03910244349 0)
(-0.008580456002 0.1041905169 0)
(-0.02033171897 0.15507233 0)
(-0.03320849279 0.1923456815 0)
(-0.04485009614 0.2179226719 0)
(-0.05400125373 0.2340810789 0)
(-0.06007891981 0.2429972922 0)
(-0.06295431512 0.2465410859 0)
(-0.062781618 0.2462190104 0)
(-0.05986640477 0.2431947129 0)
(-0.05457764376 0.2383404445 0)
(-0.04729404104 0.2322949291 0)
(-0.03837401681 0.225516383 0)
(-0.02814107457 0.2183267997 0)
(-0.01687864985 0.2109469797 0)
(-0.004830396265 0.2035233729 0)
(0.00779664623 0.196148317 0)
(0.02082733747 0.1888749538 0)
(0.03411412932 0.1817279316 0)
(0.04753201135 0.1747115774 0)
(0.06097430786 0.1678157102 0)
(0.07434892976 0.1610197903 0)
(0.08757516406 0.1542959067 0)
(0.1005809679 0.1476109256 0)
(0.1133007114 0.1409280205 0)
(0.1256733052 0.1342077488 0)
(0.1376406514 0.1274087971 0)
(0.1491463605 0.1204884773 0)
(0.1601346841 0.113403034 0)
(0.1705496172 0.1061078052 0)
(0.1803341334 0.09855726313 0)
(0.1894295182 0.09070495268 0)
(0.1977747753 0.08250333585 0)
(0.2053060802 0.07390354415 0)
(0.2119562623 0.06485503204 0)
(0.2176543007 0.05530511716 0)
(0.2223248202 0.04519838229 0)
(0.2258875758 0.03447590141 0)
(0.2282569131 0.02307423756 0)
(0.2293412861 0.01092413509 0)
(0.2290429579 -0.002051263205 0)
(0.2272565373 -0.01593861993 0)
(0.2238692709 -0.03083728053 0)
(0.2187612493 -0.04686310576 0)
(0.2118047483 -0.06415350712 0)
(0.2028652689 -0.08287376799 0)
(0.1918036986 -0.1032246062 0)
(0.1784807234 -0.1254505303 0)
(0.1627652661 -0.1498475592 0)
(0.1445496803 -0.1767669787 0)
(0.1237758676 -0.2066084731 0)
(0.1004782289 -0.2397903815 0)
(0.07485068702 -0.2766765228 0)
(0.04734495205 -0.3174280175 0)
(0.01880099821 -0.361739572 0)
(-0.009405119133 -0.408417111 0)
(-0.03522425364 -0.4547599964 0)
(-0.05595082539 -0.4958688101 0)
(-0.06853516426 -0.5240951079 0)
(-0.07037297822 -0.5291067274 0)
(-0.06054487671 -0.4991024965 0)
(-0.04119746357 -0.4233409423 0)
(-0.01881761157 -0.2952571503 0)
(-0.002030052215 -0.1146009194 0)
(-0.001150500074 0.04412985119 0)
(-0.01121528136 0.1153351307 0)
(-0.0256684919 0.1686368847 0)
(-0.04072741393 0.205441469 0)
(-0.05350147753 0.2287168207 0)
(-0.0626759837 0.2416369479 0)
(-0.06780872299 0.2470151355 0)
(-0.06898510892 0.2471196851 0)
(-0.0665787636 0.2436754027 0)
(-0.06108697623 0.2379427367 0)
(-0.05303172941 0.2308160182 0)
(-0.04290653961 0.2229141528 0)
(-0.03115170218 0.2146549538 0)
(-0.01814628617 0.2063125159 0)
(-0.004209318153 0.1980596355 0)
(0.01039456556 0.1899985779 0)
(0.02544751542 0.1821829283 0)
(0.0407713308 0.1746327876 0)
(0.05621976134 0.1673456975 0)
(0.07167219394 0.1603041131 0)
(0.08702817159 0.1534804867 0)
(0.1022028101 0.1468407489 0)
(0.1171230203 0.1403466762 0)
(0.1317244201 0.1339574855 0)
(0.1459488258 0.127630891 0)
(0.1597422202 0.1213237872 0)
(0.1730531035 0.1149926719 0)
(0.1858311527 0.1085938823 0)
(0.1980261204 0.1020836985 0)
(0.2095869209 0.09541834427 0)
(0.2204608565 0.0885539076 0)
(0.2305929475 0.08144619178 0)
(0.2399253338 0.07405049967 0)
(0.2483967232 0.06632134881 0)
(0.2559418622 0.05821210731 0)
(0.2624910125 0.04967453245 0)
(0.267969416 0.04065818479 0)
(0.2722967317 0.03110967698 0)
(0.2753864247 0.02097170098 0)
(0.2771451529 0.01018175478 0)
(0.2774723018 -0.001329576739 0)
(0.2762584416 -0.01364094508 0)
(0.2733849122 -0.02684302647 0)
(0.2687237122 -0.04104260262 0)
(0.262136004 -0.05636793512 0)
(0.2534719182 -0.07297582622 0)
(0.2425709137 -0.09106063014 0)
(0.2292635214 -0.1108652927 0)
(0.2133759454 -0.1326938558 0)
(0.1947399312 -0.1569234381 0)
(0.1732119504 -0.1840108721 0)
(0.1487080912 -0.214483913 0)
(0.1212638843 -0.2488980278 0)
(0.09113077839 -0.287726122 0)
(0.05891981343 -0.3311314649 0)
(0.02579255322 -0.3785584151 0)
(-0.006328770969 -0.4280806789 0)
(-0.03459959786 -0.4754744179 0)
(-0.05538027659 -0.5132532794 0)
(-0.06493011055 -0.5301668524 0)
(-0.0608419825 -0.5119608898 0)
(-0.04406944835 -0.4440890917 0)
(-0.02121247689 -0.3159915301 0)
(-0.002471836325 -0.12502381 0)
(-0.001666887892 0.05081179208 0)
(-0.01483399939 0.1293657917 0)
(-0.03249415879 0.184842142 0)
(-0.04972159537 0.220141704 0)
(-0.06310186572 0.2398523968 0)
(-0.07142782927 0.2483702047 0)
(-0.07457163044 0.249284671 0)
(-0.07296762563 0.2452901577 0)
(-0.06729802091 0.2383026767 0)
(-0.05830253701 0.229632642 0)
(-0.04667920889 0.2201479994 0)
(-0.03304146465 0.2104055741 0)
(-0.01790596733 0.2007490463 0)
(-0.001696356692 0.1913792138 0)
(0.01524584411 0.1824025566 0)
(0.03264849668 0.1738641473 0)
(0.05029646405 0.1657699662 0)
(0.06801966461 0.1581017006 0)
(0.08568336518 0.1508264138 0)
(0.1031800869 0.1439027322 0)
(0.1204230255 0.1372847928 0)
(0.1373407821 0.1309247158 0)
(0.1538731736 0.1247741102 0)
(0.1699679164 0.118784953 0)
(0.1855780083 0.1129100642 0)
(0.20065966 0.1071033258 0)
(0.2151706548 0.1013197356 0)
(0.2290690403 0.09551535689 0)
(0.2423120729 0.08964719971 0)
(0.2548553531 0.08367305435 0)
(0.2666521014 0.07755128833 0)
(0.2776525344 0.07124060966 0)
(0.2878033077 0.06469979379 0)
(0.297046999 0.05788736644 0)
(0.3053216068 0.05076122876 0)
(0.3125600448 0.04327820452 0)
(0.3186896135 0.03539348011 0)
(0.3236314276 0.02705989602 0)
(0.3272997763 0.01822703248 0)
(0.3296014399 0.00884001108 0)
(0.3304350591 -0.001162110593 0)
(0.3296896266 -0.01184861535 0)
(0.3272434898 -0.02329976035 0)
(0.3229639036 -0.03561088181 0)
(0.3167048944 -0.04889777822 0)
(0.3083059637 -0.06330400844 0)
(0.2975908028 -0.07901061208 0)
(0.2843665134 -0.09624876045 0)
(0.2684243929 -0.1153155655 0)
(0.2495441624 -0.1365924042 0)
(0.2275051263 -0.1605630586 0)
(0.2021103724 -0.1878246371 0)
(0.1732340053 -0.2190759371 0)
(0.1409063528 -0.2550533589 0)
(0.1054561869 -0.2963619864 0)
(0.06772701688 -0.3431201379 0)
(0.02936492329 -0.3943121815 0)
(-0.006881502252 -0.4467642179 0)
(-0.03698999921 -0.4937292649 0)
(-0.05607628684 -0.5236137794 0)
(-0.05983979053 -0.5198796043 0)
(-0.04725829829 -0.4634394574 0)
(-0.02440036957 -0.3380745922 0)
(-0.003126032751 -0.1370197431 0)
(-0.002485970423 0.05983741543 0)
(-0.0198530275 0.1470166958 0)
(-0.04109762402 0.2038614112 0)
(-0.06001784577 0.2359748097 0)
(-0.07284411294 0.2503781966 0)
(-0.07880009692 0.2530688658 0)
(-0.07833900973 0.2485173842 0)
(-0.07241881485 0.2398132855 0)
(-0.0621256422 0.2289836899 0)
(-0.04848100837 0.217303012 0)
(-0.03236372058 0.2055389408 0)
(-0.01449275026 0.1941290496 0)
(0.004562157368 0.1833014632 0)
(0.02435806582 0.1731551837 0)
(0.04455676122 0.163711161 0)
(0.06490197764 0.1549456072 0)
(0.085200701 0.1468102887 0)
(0.1053078539 0.1392449498 0)
(0.1251142159 0.1321846618 0)
(0.1445369651 0.12556403 0)
(0.1635123719 0.1193194739 0)
(0.1819901955 0.1133903368 0)
(0.1999294008 0.1077193043 0)
(0.217294889 0.1022524287 0)
(0.2340549996 0.09693894075 0)
(0.2501795961 0.09173095675 0)
(0.2656385902 0.08658314167 0)
(0.2804007937 0.0814523626 0)
(0.2944330133 0.076297348 0)
(0.3076993212 0.0710783582 0)
(0.3201604532 0.06575686539 0)
(0.3317732921 0.06029523736 0)
(0.3424904051 0.05465641547 0)
(0.3522596089 0.04880357402 0)
(0.3610235394 0.04269974437 0)
(0.3687192054 0.03630738171 0)
(0.3752775063 0.02958784464 0)
(0.3806226918 0.02250074746 0)
(0.3846717349 0.01500312977 0)
(0.387333636 0.007048368899 0)
(0.3885086613 -0.001415270361 0)
(0.3880869019 -0.01044672069 0)
(0.3859469268 -0.02011453937 0)
(0.3819549356 -0.03050082883 0)
(0.3759621884 -0.04170633262 0)
(0.3678027765 -0.05385750437 0)
(0.3572909061 -0.06711622005 0)
(0.3442178608 -0.08169294248 0)
(0.3283492229 -0.09786419493 0)
(0.3094235521 -0.1159948875 0)
(0.2871550898 -0.136564894 0)
(0.2612455685 -0.1601963113 0)
(0.2314144918 -0.187671229 0)
(0.1974639089 -0.2199165624 0)
(0.1594024709 -0.2579083832 0)
(0.117661341 -0.3024092566 0)
(0.07343110906 -0.3534010458 0)
(0.02910916592 -0.4090371083 0)
(-0.01126745258 -0.463989712 0)
(-0.04189983765 -0.5072504266 0)
(-0.05630327638 -0.5206426013 0)
(-0.0504646 -0.4800720357 0)
(-0.02869214241 -0.3615248408 0)
(-0.004135181632 -0.1512028049 0)
(-0.003823931692 0.07224875631 0)
(-0.02684148005 0.1690726754 0)
(-0.05158090243 0.2254359459 0)
(-0.07077549121 0.2517423403 0)
(-0.0808192414 0.2585427107 0)
(-0.08192714634 0.2537943663 0)
(-0.0755029165 0.2428417148 0)
(-0.0632204128 0.2290270891 0)
(-0.04664019997 0.2143269358 0)
(-0.02706457875 0.1998428061 0)
(-0.005516939991 0.1861400331 0)
(0.01722842597 0.173466873 0)
(0.04059956915 0.161890311 0)
(0.0641841493 0.1513796971 0)
(0.08768814366 0.141855721 0)
(0.1109051007 0.1332185221 0)
(0.1336919295 0.1253631364 0)
(0.1559507195 0.1181876363 0)
(0.1776152464 0.1115969593 0)
(0.198641043 0.1055043224 0)
(0.2189981397 0.09983133438 0)
(0.2386657764 0.09450745571 0)
(0.2576285527 0.08946917559 0)
(0.2758736253 0.0846591096 0)
(0.2933886606 0.08002512334 0)
(0.3101603351 0.07551953046 0)
(0.326173226 0.07109838206 0)
(0.3414089839 0.06672084698 0)
(0.3558457022 0.06234867404 0)
(0.3694574255 0.05794572301 0)
(0.3822137491 0.05347754952 0)
(0.3940794775 0.04891102837 0)
(0.4050143122 0.04421399914 0)
(0.4149725479 0.03935491681 0)
(0.4239027571 0.03430248829 0)
(0.4317474433 0.02902527164 0)
(0.438442645 0.02349120942 0)
(0.4439174672 0.01766705835 0)
(0.4480935095 0.0115176654 0)
(0.4508842078 0.005005022485 0)
(0.4521940051 -0.001912988681 0)
(0.4519169562 -0.009284392124 0)
(0.4499353206 -0.01716528703 0)
(0.4461182527 -0.02562338904 0)
(0.440318998 -0.03474258904 0)
(0.4323719316 -0.04462938776 0)
(0.4220886813 -0.05542194905 0)
(0.4092532027 -0.06730273634 0)
(0.3936159026 -0.08051599863 0)
(0.3748872589 -0.09539153668 0)
(0.3527323527 -0.1123759208 0)
(0.3267697607 -0.1320709165 0)
(0.2965822018 -0.1552747257 0)
(0.2617534812 -0.1830116596 0)
(0.2219580012 -0.2165144948 0)
(0.1771455555 -0.2570825745 0)
(0.1278800286 -0.3056689323 0)
(0.07588477883 -0.3619541378 0)
(0.02476567941 -0.4225927416 0)
(-0.01935135048 -0.4784482022 0)
(-0.04788573092 -0.5110910839 0)
(-0.05275165782 -0.491685622 0)
(-0.03439905263 -0.386033344 0)
(-0.005756964131 -0.1685174042 0)
(-0.006049330792 0.08959848715 0)
(-0.03644103494 0.1961129366 0)
(-0.06333356822 0.2483134618 0)
(-0.07957471609 0.2649416631 0)
(-0.08291463102 0.2613608826 0)
(-0.07541561661 0.2476318482 0)
(-0.05985304994 0.2297155504 0)
(-0.03874932782 0.2108804892 0)
(-0.01411557041 0.1927795297 0)
(0.01255951152 0.1761489482 0)
(0.04021735412 0.1612283981 0)
(0.06813802911 0.1480030519 0)
(0.0958418806 0.1363408107 0)
(0.1230206005 0.1260645269 0)
(0.1494831834 0.1169896431 0)
(0.1751179906 0.1089419941 0)
(0.1998657905 0.1017651266 0)
(0.2237010588 0.09532212208 0)
(0.2466191441 0.08949473612 0)
(0.2686275189 0.08418139595 0)
(0.2897398536 0.07929485797 0)
(0.3099720206 0.07475992 0)
(0.3293394153 0.07051136218 0)
(0.3478551664 0.06649217398 0)
(0.3655289474 0.06265206653 0)
(0.3823661919 0.05894624316 0)
(0.398367577 0.05533439141 0)
(0.4135286822 0.0517798585 0)
(0.4278397625 0.04824897509 0)
(0.4412855883 0.04471049572 0)
(0.4538453236 0.04113512892 0)
(0.4654924172 0.03749513275 0)
(0.47619449 0.03376395445 0)
(0.4859132034 0.02991589377 0)
(0.4946040943 0.02592576938 0)
(0.5022163621 0.02176856601 0)
(0.5086925921 0.0174190357 0)
(0.5139683917 0.01285122014 0)
(0.5179719114 0.008037851385 0)
(0.5206232665 0.002949574432 0)
(0.5218337144 -0.002446072377 0)
(0.5215042901 -0.008186121373 0)
(0.5195245786 -0.01431403793 0)
(0.5157709571 -0.02088270138 0)
(0.5101037361 -0.02795823356 0)
(0.502363702 -0.03562547789 0)
(0.492367409 -0.04399584808 0)
(0.4799008479 -0.05321852769 0)
(0.4647111398 -0.06349644994 0)
(0.4464959806 -0.07510898621 0)
(0.424891025 -0.08844372291 0)
(0.3994566713 -0.1040397177 0)
(0.3696686329 -0.1226431441 0)
(0.3349228913 -0.1452707836 0)
(0.2945777042 -0.1732620654 0)
(0.2480767197 -0.2082657681 0)
(0.1952298548 -0.2520352252 0)
(0.1367634612 -0.3057734458 0)
(0.07524359883 -0.3685742153 0)
(0.01630552657 -0.4343515002 0)
(-0.0302702471 -0.486878142 0)
(-0.05170189663 -0.4942705234 0)
(-0.04151179194 -0.4102852285 0)
(-0.008412446006 -0.1901812662 0)
(-0.009624547895 0.1140299147 0)
(-0.04880436275 0.227732092 0)
(-0.07355348101 0.2690877674 0)
(-0.08038026108 0.2708259286 0)
(-0.07069903869 0.2540878537 0)
(-0.04945531365 0.230540982 0)
(-0.02105115827 0.2060452076 0)
(0.01125691836 0.1832098373 0)
(0.04524944188 0.162977369 0)
(0.07951715344 0.1454924345 0)
(0.1132024263 0.1305558785 0)
(0.1458174174 0.1178433985 0)
(0.1771097526 0.1070116748 0)
(0.2069736335 0.0977433566 0)
(0.2353905855 0.0897632377 0)
(0.2623917498 0.08284027381 0)
(0.288034152 0.0767837076 0)
(0.3123860733 0.07143719587 0)
(0.3355182385 0.06667275916 0)
(0.3574986551 0.06238532422 0)
(0.378389714 0.05848810554 0)
(0.3982466689 0.05490883151 0)
(0.4171169417 0.05158672318 0)
(0.4350399071 0.04847010408 0)
(0.452046947 0.04551452161 0)
(0.4681616432 0.04268127421 0)
(0.4834000313 0.03993625631 0)
(0.4977708712 0.03724904975 0)
(0.5112759057 0.03459220462 0)
(0.523910092 0.03194066463 0)
(0.5356617986 0.02927130088 0)
(0.5465129602 0.02656252529 0)
(0.5564391865 0.02379395916 0)
(0.5654098213 0.0209461361 0)
(0.5733879442 0.01800021917 0)
(0.5803303084 0.01493771209 0)
(0.5861871992 0.01174014202 0)
(0.5909021983 0.008388686766 0)
(0.5944118202 0.00486371308 0)
(0.59664505 0.001144183287 0)
(0.5975225742 -0.002793101065 0)
(0.5969555391 -0.00697462608 0)
(0.5948445471 -0.01143168264 0)
(0.5910776216 -0.01620263602 0)
(0.5855274425 -0.02133590143 0)
(0.5780476687 -0.026894249 0)
(0.5684678005 -0.0329610463 0)
(0.5565860344 -0.03964931659 0)
(0.5421594074 -0.04711497016 0)
(0.5248903429 -0.05557621659 0)
(0.5044086676 -0.06534204309 0)
(0.4802485379 -0.07685367849 0)
(0.4518211579 -0.09074373778 0)
(0.418388159 -0.1079169025 0)
(0.379050013 -0.1296498433 0)
(0.3327843729 -0.157687503 0)
(0.2786094411 -0.1942573476 0)
(0.2160151746 -0.2417924353 0)
(0.1458872829 -0.3018858062 0)
(0.07216949967 -0.3725519904 0)
(0.00422151659 -0.442432606 0)
(-0.04155390393 -0.4810689678 0)
(-0.04852261456 -0.4306199453 0)
(-0.01243685941 -0.2171618149 0)
(-0.01461367182 0.1488121002 0)
(-0.06134618326 0.2608017513 0)
(-0.07325194301 0.2799524489 0)
(-0.05909067705 0.2610508119 0)
(-0.02753709034 0.229855186 0)
(0.01311415972 0.1976576605 0)
(0.05732085103 0.1688380044 0)
(0.1018039573 0.1445097422 0)
(0.1447973132 0.1244961474 0)
(0.1854672425 0.1081963322 0)
(0.2235077087 0.09493777496 0)
(0.2589006289 0.08410801946 0)
(0.2917731834 0.07519616851 0)
(0.3223158817 0.06779337719 0)
(0.3507373369 0.06157904804 0)
(0.3772409257 0.05630395246 0)
(0.4020137183 0.05177466002 0)
(0.4252221286 0.04784057763 0)
(0.4470111102 0.04438370216 0)
(0.4675050876 0.04131074329 0)
(0.4868096276 0.03854715811 0)
(0.5050133216 0.0360326663 0)
(0.5221896179 0.03371788756 0)
(0.5383984855 0.03156181962 0)
(0.5536878676 0.02952994208 0)
(0.5680949236 0.02759278495 0)
(0.5816470761 0.02572484241 0)
(0.5943628838 0.02390374297 0)
(0.6062527663 0.02210961015 0)
(0.6173195997 0.02032456477 0)
(0.627559203 0.01853233137 0)
(0.6369607293 0.01671792064 0)
(0.6455069714 0.01486736497 0)
(0.6531745898 0.01296748848 0)
(0.6599342646 0.01100569487 0)
(0.6657507699 0.008969756878 0)
(0.6705829624 0.006847590257 0)
(0.6743836709 0.004626992737 0)
(0.6770994582 0.002295324798 0)
(0.6786703079 -0.000160882566 0)
(0.6790288272 -0.002756441344 0)
(0.6780995373 -0.00550833236 0)
(0.6757977141 -0.008436774419 0)
(0.6720274988 -0.0115667548 0)
(0.666679347 -0.0149301071 0)
(0.6596264481 -0.01856853576 0)
(0.6507196336 -0.02253803213 0)
(0.6397801335 -0.02691536427 0)
(0.6265892673 -0.03180773057 0)
(0.6108737732 -0.03736728868 0)
(0.5922850078 -0.04381324097 0)
(0.5703697726 -0.05146563316 0)
(0.5445303573 -0.06079711857 0)
(0.513972436 -0.07251147876 0)
(0.4776440089 -0.08765936527 0)
(0.4341820394 -0.1077976899 0)
(0.3819174154 -0.1351745712 0)
(0.3190645807 -0.1728369892 0)
(0.2443700291 -0.2243182855 0)
(0.1587439062 -0.291974252 0)
(0.06857440679 -0.3718577478 0)
(-0.009735090588 -0.4417317286 0)
(-0.04930769631 -0.4399918636 0)
(-0.0177534539 -0.2519576673 0)
(-0.01998227474 0.2003043951 0)
(-0.06154335183 0.2856803803 0)
(-0.0371471882 0.2654394295 0)
(0.015540314 0.2230635876 0)
(0.0777035205 0.1808242239 0)
(0.1403418261 0.1451378488 0)
(0.1992348245 0.1170823256 0)
(0.2527374108 0.09560230764 0)
(0.3006243735 0.07924522394 0)
(0.3432983789 0.06674065671 0)
(0.3813668431 0.05709195116 0)
(0.4154615562 0.04955089001 0)
(0.4461635613 0.04356998009 0)
(0.4739760136 0.03875263848 0)
(0.4993211732 0.03481157043 0)
(0.5225478459 0.03153751465 0)
(0.5439419346 0.02877669853 0)
(0.5637369917 0.02641483305 0)
(0.5821236038 0.0243658491 0)
(0.5992572621 0.02256399173 0)
(0.6152647543 0.02095825703 0)
(0.6302492672 0.01950845587 0)
(0.6442944253 0.01818240903 0)
(0.6574674756 0.01695393224 0)
(0.6698217988 0.015801376 0)
(0.6813988931 0.01470655782 0)
(0.6922299469 0.01365397408 0)
(0.7023370909 0.01263021265 0)
(0.7117343993 0.01162351037 0)
(0.7204286938 0.01062341563 0)
(0.72842019 0.009620527064 0)
(0.7357030163 0.00860628687 0)
(0.7422656281 0.007572812384 0)
(0.7480911305 0.006512752778 0)
(0.7531575194 0.005419159667 0)
(0.7574378438 0.004285361176 0)
(0.760900286 0.003104828825 0)
(0.7635081479 0.001871025936 0)
(0.7652197337 0.0005772250328 0)
(0.7659881329 -0.0007836849943 0)
(0.7657605933 -0.002219576593 0)
(0.7644781647 -0.00373951489 0)
(0.7620745006 -0.005354396336 0)
(0.7584743557 -0.007077812757 0)
(0.7535914138 -0.008927269092 0)
(0.747325161 -0.01092595398 0)
(0.7395563841 -0.01310533359 0)
(0.730140665 -0.01550899956 0)
(0.7188989319 -0.01819847353 0)
(0.7056036523 -0.02126212154 0)
(0.689958532 -0.02482909754 0)
(0.6715685286 -0.02909154857 0)
(0.6498955322 -0.03434055425 0)
(0.624193337 -0.04102502473 0)
(0.5934143445 -0.04984874258 0)
(0.5560827025 -0.06192896296 0)
(0.5101426669 -0.07904663562 0)
(0.4528385035 -0.1040040997 0)
(0.3808204004 -0.1409984828 0)
(0.2910436672 -0.1954843188 0)
(0.1836443 -0.2716660028 0)
(0.06795086594 -0.3627628803 0)
(-0.02696916208 -0.4234279834 0)
(-0.02430429691 -0.3009371542 0)
(-0.008719713924 0.2514899847 0)
(0.0004607643114 0.2721054343 0)
(0.1010457201 0.2051356446 0)
(0.2069173725 0.1490507227 0)
(0.2971189224 0.1073213715 0)
(0.3720788007 0.07776117637 0)
(0.4339774235 0.0576141964 0)
(0.4849875824 0.04393292872 0)
(0.5273465002 0.03449657214 0)
(0.5629730952 0.02785414609 0)
(0.593352885 0.02306990264 0)
(0.6196123482 0.01953646707 0)
(0.6426032541 0.01685943035 0)
(0.6629683019 0.0147807278 0)
(0.681193932 0.01312884331 0)
(0.6976511229 0.01178764094 0)
(0.712625358 0.0106769 0)
(0.726338332 0.0097400252 0)
(0.7389636863 0.008936212779 0)
(0.7506384356 0.008235400137 0)
(0.7614712978 0.007614961153 0)
(0.7715488072 0.007057508501 0)
(0.7809398412 0.006549408208 0)
(0.789699002 0.00607975943 0)
(0.7978691669 0.005639682796 0)
(0.8054834331 0.005221816628 0)
(0.8125666129 0.004819955276 0)
(0.8191363975 0.00442878597 0)
(0.8252042703 0.004043694722 0)
(0.8307762308 0.003660621073 0)
(0.8358533723 0.003275947496 0)
(0.8404323456 0.002886413294 0)
(0.8445057315 0.002489045399 0)
(0.8480623366 0.002081100199 0)
(0.8510874231 0.001660011441 0)
(0.8535628766 0.001223339766 0)
(0.8554673105 0.0007687195205 0)
(0.8567761006 0.0002937992367 0)
(0.857461368 -0.0002038178534 0)
(0.8574917421 -0.0007266763369 0)
(0.8568322436 -0.001277632143 0)
(0.8554437451 -0.001860015636 0)
(0.8532822437 -0.002477880533 0)
(0.8502978019 -0.003136360113 0)
(0.8464329805 -0.003842171544 0)
(0.8416205615 -0.004604342065 0)
(0.8357802427 -0.005435274916 0)
(0.8288138147 -0.00635234217 0)
(0.8205980731 -0.007380315882 0)
(0.8109742909 -0.008555169731 0)
(0.7997323799 -0.009930185185 0)
(0.7865867043 -0.01158604644 0)
(0.7711385748 -0.01364803981 0)
(0.7528172219 -0.01631625384 0)
(0.7307858083 -0.01992012907 0)
(0.7037910088 -0.02501931721 0)
(0.6699239877 -0.03259263388 0)
(0.6262527711 -0.04438970062 0)
(0.5683190026 -0.06355219861 0)
(0.4896997349 -0.09552741375 0)
(0.3821554802 -0.1486635386 0)
(0.2376487319 -0.2317163552 0)
(0.0680098341 -0.3350693241 0)
(-0.004353929841 -0.3209818838 0)
(0.2405304157 0.1241678163 0)
(0.3465007045 0.1052017184 0)
(0.5044749764 0.05686413111 0)
(0.6213956419 0.03140740647 0)
(0.6950763657 0.01854952711 0)
(0.7449505667 0.01112535953 0)
(0.7806525386 0.006836240553 0)
(0.8068821745 0.004409289098 0)
(0.8268038554 0.003005821608 0)
(0.842496028 0.002163982394 0)
(0.8552507381 0.001640746579 0)
(0.8658946919 0.001302095975 0)
(0.8749772126 0.001072628418 0)
(0.8828713464 0.0009097813978 0)
(0.8898361958 0.0007890593105 0)
(0.8960563804 0.0006959351617 0)
(0.9016665687 0.000621523183 0)
(0.9067669942 0.000560205427 0)
(0.9114335589 0.0005082986849 0)
(0.9157245522 0.00046329619 0)
(0.9196852047 0.0004234282031 0)
(0.9233508406 0.0003874008398 0)
(0.9267491027 0.0003542367505 0)
(0.9299015533 0.0003231754187 0)
(0.9328248459 0.0002936091453 0)
(0.9355315964 0.000265040909 0)
(0.9380310426 0.0002370559651 0)
(0.9403295496 0.0002093022784 0)
(0.9424310038 0.0001814767449 0)
(0.9443371232 0.00015331527 0)
(0.9460477062 0.0001245854306 0)
(0.947560831 9.508085585e-05 0)
(0.9488730182 6.461670238e-05 0)
(0.949979361 3.302574739e-05 0)
(0.9508736295 1.546940726e-07 0)
(0.9515483487 -3.413969825e-05 0)
(0.9519948509 -6.999519991e-05 0)
(0.9522033027 -0.0001075492088 0)
(0.9521626909 -0.0001469421982 0)
(0.9518607908 -0.000188326636 0)
(0.9512840386 -0.0002318945949 0)
(0.9504173309 -0.0002778856992 0)
(0.9492437335 -0.0003266112781 0)
(0.9477440273 -0.0003784930263 0)
(0.9458960341 -0.0004341151291 0)
(0.9436736329 -0.0004942982557 0)
(0.9410453274 -0.000560208851 0)
(0.9379721477 -0.0006335241884 0)
(0.9344045453 -0.0007166890134 0)
(0.9302777323 -0.0008133289938 0)
(0.9255045459 -0.000928944149 0)
(0.919964255 -0.001072124179 0)
(0.9134844852 -0.001256778439 0)
(0.9058110622 -0.001506417961 0)
(0.8965558848 -0.001862734404 0)
(0.8851035206 -0.002403412695 0)
(0.8704377643 -0.003280172883 0)
(0.8508090829 -0.004802432527 0)
(0.8230979299 -0.007622332071 0)
(0.7816712301 -0.01308699332 0)
(0.715917072 -0.02385931154 0)
(0.6034536135 -0.0468581863 0)
(0.4186020612 -0.1003909987 0)
(0.2837429136 -0.1401605844 0)
)
;

boundaryField
{
    movingWall
    {
        type            fixedValue;
        value           uniform (1 0 0);
    }
    fixedWalls
    {
        type            noSlip;
    }
    frontAndBack
    {
        type            empty;
    }
}


// ************************************************************************* //
