/*--------------------------------*- C++ -*----------------------------------*\
  =========                 |
  \\      /  F ield         | OpenFOAM: The Open Source CFD Toolbox
   \\    /   O peration     | Website:  https://openfoam.org
    \\  /    A nd           | Version:  11
     \\/     M anipulation  |
\*---------------------------------------------------------------------------*/
FoamFile
{
    format      ascii;
    class       surfaceScalarField;
    location    "1700";
    object      phi;
}
// * * * * * * * * * * * * * * * * * * * * * * * * * * * * * * * * * * * * * //

dimensions      [0 3 -1 0 0 0 0];

internalField   nonuniform List<scalar> 
8064
(
2.666864973e-11
-2.666875513e-11
6.029614552e-11
-3.36275e-11
7.583213214e-11
-1.55359988e-11
6.154523944e-11
1.428688068e-11
1.349470693e-11
4.805052311e-11
-6.81598533e-11
8.165455324e-11
-1.811108716e-10
1.129510129e-10
-3.220247009e-10
1.409138248e-10
-4.87177477e-10
1.651527722e-10
-6.728080185e-10
1.85630538e-10
-8.753068234e-10
2.024988016e-10
-1.091307816e-09
2.160009896e-10
-1.31772103e-09
2.264132107e-10
-1.551729154e-09
2.34008122e-10
-1.79076241e-09
2.390332525e-10
-2.032461311e-09
2.416988983e-10
-2.274633942e-09
2.42172629e-10
-2.515212446e-09
2.405785015e-10
-2.752212119e-09
2.3699967e-10
-2.983695562e-09
2.314834405e-10
-3.207743604e-09
2.240480389e-10
-3.422434123e-09
2.146905169e-10
-3.625829456e-09
2.033953296e-10
-3.815972662e-09
1.90143203e-10
-3.990892639e-09
1.749199741e-10
-4.148617778e-09
1.577251355e-10
-4.287197638e-09
1.385798566e-10
-4.404731918e-09
1.175342765e-10
-4.499405808e-09
9.467388662e-11
-4.56953064e-09
7.012482765e-11
-4.613588584e-09
4.405794062e-11
-4.630279998e-09
1.669140961e-11
-4.618571745e-09
-1.170825768e-11
-4.577744849e-09
-4.082689988e-11
-4.507440159e-09
-7.030469448e-11
-4.407699711e-09
-9.974045257e-11
-4.279001908e-09
-1.286978083e-10
-4.122288858e-09
-1.567130543e-10
-3.938984202e-09
-1.833046613e-10
-3.730999925e-09
-2.079842818e-10
-3.500730971e-09
-2.302689593e-10
-3.25103679e-09
-2.496941856e-10
-2.985209417e-09
-2.658273775e-10
-2.706928129e-09
-2.782812933e-10
-2.42020126e-09
-2.867268741e-10
-2.129296264e-09
-2.909050006e-10
-1.838659577e-09
-2.906366919e-10
-1.552828224e-09
-2.858313569e-10
-1.276335381e-09
-2.764928473e-10
-1.013612132e-09
-2.627232536e-10
-7.688874761e-10
-2.447246598e-10
-5.460880415e-10
-2.227994385e-10
-3.487378669e-10
-1.973501783e-10
-1.798568028e-10
-1.688810676e-10
-4.185315559e-11
-1.380036505e-10
6.359864755e-11
-1.054518064e-10
1.357115053e-10
-7.211286082e-11
1.747987983e-10
-3.908729605e-11
1.825950212e-10
-7.796225771e-12
1.627559742e-10
1.983904432e-11
1.216336305e-10
4.112234113e-11
6.944627528e-11
5.218735265e-11
2.202879616e-11
4.741747661e-11
2.202879535e-11
3.40166825e-11
-6.068542992e-11
6.235650173e-11
-6.196732833e-11
4.046081035e-11
6.359674809e-12
-5.409740805e-11
1.088450811e-10
-2.305563199e-10
2.245094199e-10
-4.898076774e-10
3.409058989e-10
-8.277139693e-10
4.50857295e-10
-1.237297271e-09
5.504971179e-10
-1.710149376e-09
6.380048699e-10
-2.237321117e-09
7.128022729e-10
-2.809865796e-09
7.750434735e-10
-3.419151658e-09
8.252868463e-10
-4.057019741e-09
8.642812879e-10
-4.715838784e-09
8.928271585e-10
-5.388493125e-09
9.116875886e-10
-6.068329153e-09
9.21534921e-10
-6.749078894e-09
9.229223644e-10
-7.424774484e-09
9.162740866e-10
-8.089663713e-09
9.018888937e-10
-8.738134132e-09
8.799538542e-10
-9.364651133e-09
8.505650346e-10
-9.963713704e-09
8.137530816e-10
-1.052983018e-08
7.695118004e-10
-1.105751519e-08
7.178282053e-10
-1.154130799e-08
6.587127692e-10
-1.197581166e-08
5.922287971e-10
-1.235575182e-08
5.18520009e-10
-1.267605308e-08
4.37835529e-10
-1.293193077e-08
3.505515736e-10
-1.311899514e-08
2.571891938e-10
-1.323336469e-08
1.584274814e-10
-1.327178498e-08
5.511168757e-11
-1.323174895e-08
-5.174428891e-11
-1.311161451e-08
-1.609613494e-10
-1.291071501e-08
-2.712042068e-10
-1.262945794e-08
-3.809975307e-10
-1.226940738e-08
-4.887483768e-10
-1.183334589e-08
-5.927745463e-10
-1.132531199e-08
-6.913385699e-10
-1.075060967e-08
-7.826866177e-10
-1.011578726e-08
-8.650913722e-10
-9.428583802e-09
-9.368976539e-10
-8.69784181e-09
-9.965693778e-10
-7.933386852e-09
-1.042736259e-09
-7.145875127e-09
-1.074238607e-09
-6.346611568e-09
-1.090168569e-09
-5.547341945e-09
-1.089906322e-09
-4.760023291e-09
-1.073150018e-09
-3.996577429e-09
-1.039938718e-09
-3.268632466e-09
-9.906682239e-10
-2.587256535e-09
-9.261005976e-10
-1.962686692e-09
-8.473692884e-10
-1.404053498e-09
-7.559833785e-10
-9.190980615e-10
-6.538365103e-10
-5.138727502e-10
-5.432289678e-10
-1.924090839e-10
-4.269154785e-10
4.36750603e-11
-3.081970107e-10
1.956707924e-10
-1.910830337e-10
2.684336691e-10
-8.055910776e-11
2.712740046e-10
1.699870377e-11
2.191571871e-10
9.323915371e-11
1.342315857e-10
1.371129494e-10
4.733652451e-11
1.343125336e-10
6.936531871e-11
1.62479357e-11
-7.693335969e-11
-5.757209295e-12
-3.996218402e-11
-1.112270345e-10
1.118294894e-10
-3.24749437e-10
3.223674699e-10
-6.571138669e-10
5.568738367e-10
-1.10949995e-09
7.932919709e-10
-1.676695832e-09
1.018053167e-09
-2.349499005e-09
1.223300282e-09
-3.116428854e-09
1.404934711e-09
-3.964906822e-09
1.561280233e-09
-4.882039453e-09
1.692176098e-09
-5.855110145e-09
1.798357531e-09
-6.871860591e-09
1.881031727e-09
-7.920623304e-09
1.941589865e-09
-8.990351673e-09
1.981415952e-09
-1.00705829e-08
2.00176614e-09
-1.11513608e-08
2.003700258e-09
-1.222313921e-08
1.98805249e-09
-1.327668175e-08
1.955431433e-09
-1.430296991e-08
1.906242003e-09
-1.529312807e-08
1.840723191e-09
-1.62383718e-08
1.758996802e-09
-1.712998316e-08
1.661123159e-09
-1.795931538e-08
1.547160416e-09
-1.871782731e-08
1.417224689e-09
-1.939714713e-08
1.271548612e-09
-1.998916344e-08
1.110536311e-09
-2.048614096e-08
9.348130405e-10
-2.088085734e-08
7.452679521e-10
-2.116675681e-08
5.430886527e-10
-2.133811567e-08
3.297863322e-10
-2.139021438e-08
1.072103983e-10
-2.131951042e-08
-1.224482605e-10
-2.112380561e-08
-3.566661679e-10
-2.080240159e-08
-5.926082294e-10
-2.035623695e-08
-8.271621827e-10
-1.978799979e-08
-1.056985545e-09
-1.910220988e-08
-1.278564462e-09
-1.830526485e-08
-1.488283612e-09
-1.740544574e-08
-1.682505728e-09
-1.641287832e-08
-1.857658802e-09
-1.533944737e-08
-2.010328616e-09
-1.419866293e-08
-2.137353818e-09
-1.300547868e-08
-2.235920517e-09
-1.177606409e-08
-2.30365321e-09
-1.052753372e-08
-2.338698946e-09
-9.277638184e-09
-2.339801863e-09
-8.044422338e-09
-2.306365872e-09
-6.845857018e-09
-2.238504044e-09
-5.699450686e-09
-2.137074562e-09
-4.621846651e-09
-2.003704639e-09
-3.628409961e-09
-1.840805985e-09
-2.732805357e-09
-1.651587988e-09
-1.946563609e-09
-1.440078264e-09
-1.278628041e-09
-1.211164542e-09
-7.348660813e-10
-9.706774437e-10
-3.175225031e-10
-7.255405944e-10
-2.458324269e-11
-4.840222996e-10
1.509875463e-10
-2.561299021e-10
2.221725465e-10
-5.418630161e-11
2.090109643e-10
1.06400731e-10
1.39864037e-10
2.062598717e-10
5.288811448e-11
2.212884516e-10
1.222534321e-10
-1.407924152e-11
-6.285411115e-11
-1.112856104e-10
5.724418382e-11
-3.288741918e-10
3.294180627e-10
-6.879246266e-10
6.814178936e-10
-1.197350931e-09
1.066300129e-09
-1.85692894e-09
1.452869969e-09
-2.659898864e-09
1.821023081e-09
-3.59511458e-09
2.15851599e-09
-4.648715664e-09
2.458535787e-09
-5.805367914e-09
2.717932476e-09
-7.049142378e-09
2.935950554e-09
-8.364104354e-09
3.1133195e-09
-9.734677625e-09
3.251604992e-09
-1.114584012e-08
3.352752353e-09
-1.25831978e-08
3.418773623e-09
-1.403297503e-08
3.451543361e-09
-1.548195238e-08
3.452677608e-09
-1.691737659e-08
3.423476688e-09
-1.832686203e-08
3.364916865e-09
-1.969829892e-08
3.277678893e-09
-2.101977943e-08
3.162203687e-09
-2.227954968e-08
3.018767045e-09
-2.346599316e-08
2.847566636e-09
-2.456764834e-08
2.648815583e-09
-2.557326146e-08
2.422837812e-09
-2.647187396e-08
2.170161103e-09
-2.725294203e-08
1.891604368e-09
-2.790648517e-08
1.588356179e-09
-2.842325921e-08
1.262041979e-09
-2.879494829e-08
9.147777265e-10
-2.901437001e-08
5.49208043e-10
-2.907568681e-08
1.685271956e-10
-2.897461677e-08
-2.235183039e-10
-2.870863599e-08
-6.226469628e-10
-2.827716482e-08
-1.024079406e-09
-2.768173048e-08
-1.42259653e-09
-2.692609851e-08
-1.812617522e-09
-2.601636619e-08
-2.188296787e-09
-2.496101149e-08
-2.543638323e-09
-2.377089203e-08
-2.872625195e-09
-2.245918977e-08
-3.16936107e-09
-2.104129829e-08
-3.428220102e-09
-1.953465122e-08
-3.64400089e-09
-1.795849193e-08
-3.812079813e-09
-1.633358629e-08
-3.928558861e-09
-1.468188207e-08
-3.990403171e-09
-1.302612003e-08
-3.995563909e-09
-1.138940294e-08
-3.94308297e-09
-9.794729721e-09
-3.833177269e-09
-8.264502128e-09
-3.66730216e-09
-6.820010876e-09
-3.448195897e-09
-5.480906895e-09
-3.179909972e-09
-4.264661071e-09
-2.867833818e-09
-3.186012598e-09
-2.518726742e-09
-2.256401988e-09
-2.140775157e-09
-1.483380219e-09
-1.743699219e-09
-8.699813514e-10
-1.338939467e-09
-4.140435368e-10
-9.399601196e-10
-1.07464038e-10
-5.627094061e-10
6.462403284e-11
-2.262743776e-10
1.247623019e-10
4.626245684e-11
1.041842325e-10
2.268379364e-10
4.423146712e-11
2.812412126e-10
1.66484898e-10
-4.9936554e-11
-1.291755571e-11
-2.357400705e-10
2.430476988e-10
-5.826308168e-10
6.763088024e-10
-1.104610611e-09
1.203397679e-09
-1.806116258e-09
1.767805766e-09
-2.683845343e-09
2.330599044e-09
-3.728614641e-09
2.86579237e-09
-4.927065496e-09
3.356966836e-09
-6.263103081e-09
3.794573363e-09
-7.719037391e-09
4.173866778e-09
-9.276438608e-09
4.493351763e-09
-1.09167408e-08
4.753621685e-09
-1.262163639e-08
4.956500576e-09
-1.437330484e-08
5.104420793e-09
-1.61545161e-08
5.199984878e-09
-1.794864493e-08
5.245672184e-09
-1.973962688e-08
5.243659553e-09
-2.15118819e-08
5.195731695e-09
-2.325022653e-08
5.103261493e-09
-2.493979156e-08
4.967243909e-09
-2.656595767e-08
4.788369797e-09
-2.811431867e-08
4.567128035e-09
-2.957067817e-08
4.303926132e-09
-3.092108354e-08
3.999220943e-09
-3.215189807e-08
3.653652333e-09
-3.324991073e-08
3.268173757e-09
-3.420248095e-08
2.844174579e-09
-3.49977145e-08
2.383589724e-09
-3.562466544e-08
1.888992909e-09
-3.607355795e-08
1.363670228e-09
-3.633602124e-08
8.116713254e-10
-3.640532995e-08
2.37835894e-10
-3.627664221e-08
-3.522060505e-10
-3.594722675e-08
-9.520624243e-10
-3.541667051e-08
-1.554635654e-09
-3.46870584e-08
-2.15220865e-09
-3.376311717e-08
-2.736558757e-09
-3.26523157e-08
-3.299098263e-09
-3.136491469e-08
-3.831039346e-09
-2.991395971e-08
-4.323580177e-09
-2.831521282e-08
-4.768107966e-09
-2.658701908e-08
-5.156413848e-09
-2.475010624e-08
-5.480913737e-09
-2.282731733e-08
-5.734868726e-09
-2.084327786e-08
-5.912598339e-09
-1.882400101e-08
-6.00968003e-09
-1.679643605e-08
-6.023128873e-09
-1.478796658e-08
-5.951552451e-09
-1.282586626e-08
-5.795277595e-09
-1.09367205e-08
-5.556447922e-09
-9.145822359e-09
-5.239094045e-09
-7.476550321e-09
-4.849182015e-09
-5.949734291e-09
-4.394649853e-09
-4.58301399e-09
-3.885447049e-09
-3.390191697e-09
-3.333597455e-09
-2.380579078e-09
-2.753311843e-09
-1.558336539e-09
-2.161182012e-09
-9.218039762e-10
-1.576492687e-09
-4.628237312e-10
-1.021689656e-09
-1.66056667e-10
-5.230414469e-10
-8.285262631e-12
-1.115089521e-10
4.233558001e-11
1.762170885e-10
2.730164889e-11
2.962751391e-10
1.937865459e-10
-8.77918578e-11
7.487430282e-11
-3.685598392e-10
5.238156764e-10
-8.541454309e-10
1.161894387e-09
-1.549482621e-09
1.89873486e-09
-2.452729772e-09
2.671052908e-09
-3.556121668e-09
3.43399093e-09
-4.847133136e-09
4.156803829e-09
-6.309699504e-09
4.819533196e-09
-7.925339932e-09
5.410213782e-09
-9.674106816e-09
5.922633653e-09
-1.153533448e-08
6.354579417e-09
-1.348819075e-08
6.706477951e-09
-1.551205219e-08
6.980362002e-09
-1.758673174e-08
7.179100343e-09
-1.969259046e-08
7.305843587e-09
-2.181056378e-08
7.363645492e-09
-2.392213074e-08
7.355226509e-09
-2.600925079e-08
7.282851737e-09
-2.8054289e-08
7.148299692e-09
-3.003994674e-08
6.952901642e-09
-3.194921104e-08
6.697634096e-09
-3.376533236e-08
6.38324934e-09
-3.547183723e-08
6.010430999e-09
-3.705257971e-08
5.579963415e-09
-3.84918326e-08
5.092905218e-09
-3.977441773e-08
4.55075888e-09
-4.088587244e-08
3.955629275e-09
-4.181264804e-08
3.310365322e-09
-4.25423348e-08
2.618679659e-09
-4.30639067e-08
1.885242123e-09
-4.336797882e-08
1.115743439e-09
-4.344706917e-08
3.16926238e-10
-4.32958568e-08
-5.034184295e-10
-4.291142696e-08
-1.336492277e-09
-4.229349441e-08
-2.172568209e-09
-4.144459623e-08
-3.001106838e-09
-4.037024542e-08
-3.810909572e-09
-3.907903738e-08
-4.590306311e-09
-3.758270171e-08
-5.327375026e-09
-3.589609284e-08
-6.010189049e-09
-3.403711409e-08
-6.627086727e-09
-3.202657099e-08
-7.166956946e-09
-2.988795163e-08
-7.619533111e-09
-2.7647133e-08
-7.975687362e-09
-2.533201486e-08
-8.227716487e-09
-2.297208392e-08
-8.369610969e-09
-2.059791356e-08
-8.397299236e-09
-1.824060565e-08
-8.308860369e-09
-1.593118281e-08
-8.104700447e-09
-1.369994036e-08
-7.787690372e-09
-1.157576797e-08
-7.363266437e-09
-9.585450928e-09
-6.839499066e-09
-7.752960792e-09
-6.227139994e-09
-6.098744345e-09
-5.539663501e-09
-4.639018869e-09
-4.793322937e-09
-3.385081406e-09
-4.00724931e-09
-2.342639988e-09
-3.203623436e-09
-1.511176293e-09
-2.407956387e-09
-8.833511712e-10
-1.649514783e-09
-4.444639012e-10
-9.619287217e-10
-1.719698266e-10
-3.840030318e-10
-3.504381562e-11
3.929107305e-11
5.895625713e-12
2.553356936e-10
1.996821704e-10
-1.258455984e-10
2.007198985e-10
-5.037656814e-10
9.017357542e-10
-1.132232679e-09
1.790361378e-09
-2.006213289e-09
2.772715461e-09
-3.116480045e-09
3.781319656e-09
-4.449788544e-09
4.767299419e-09
-5.989478709e-09
5.696493985e-09
-7.71625067e-09
6.546305148e-09
-9.608958334e-09
7.302921437e-09
-1.16453269e-08
7.959002208e-09
-1.380254623e-08
8.511798746e-09
-1.605772378e-08
8.961655489e-09
-1.838820088e-08
9.310839098e-09
-2.077174857e-08
9.56264802e-09
-2.31866648e-08
9.720759811e-09
-2.561179754e-08
9.788778219e-09
-2.802651754e-08
9.769946501e-09
-3.041066304e-08
9.666997234e-09
-3.274447562e-08
9.482112261e-09
-3.500854332e-08
9.216969337e-09
-3.718376391e-08
8.872854673e-09
-3.925133759e-08
8.450823016e-09
-4.119279574e-08
7.95188914e-09
-4.299006904e-08
7.37723671e-09
-4.462559623e-08
6.7284324e-09
-4.608247225e-08
6.007634893e-09
-4.734463291e-08
5.217789925e-09
-4.839707152e-08
4.362803928e-09
-4.922608182e-08
3.447689951e-09
-4.981952035e-08
2.478680637e-09
-5.016708075e-08
1.463303838e-09
-5.026057195e-08
4.104174224e-10
-5.009419157e-08
-6.697988088e-10
-4.966478562e-08
-1.765898235e-09
-4.897208501e-08
-2.865268833e-09
-4.801891033e-08
-3.954281519e-09
-4.681133595e-08
-5.018483966e-09
-4.53588049e-08
-6.042837364e-09
-4.367418698e-08
-7.011992952e-09
-4.177377266e-08
-7.910603374e-09
-3.967719692e-08
-8.723662478e-09
-3.740728807e-08
-9.4368658e-09
-3.498983841e-08
-1.003698278e-08
-3.245329499e-08
-1.051223078e-08
-2.982837112e-08
-1.085264036e-08
-2.714758086e-08
-1.105040124e-08
-2.44447013e-08
-1.11001788e-08
-2.175416929e-08
-1.099939239e-08
-1.911042117e-08
-1.074844857e-08
-1.654718607e-08
-1.035092548e-08
-1.409674424e-08
-9.813708276e-09
-1.178916319e-08
-9.14708012e-09
-9.651524916e-09
-8.364778273e-09
-7.707157721e-09
-7.4840307e-09
-5.974886644e-09
-6.525594019e-09
-4.468317012e-09
-5.513818947e-09
-3.195166872e-09
-4.476773581e-09
-2.15666592e-09
-3.446457343e-09
-1.347040733e-09
-2.459139976e-09
-7.531071279e-10
-1.555862331e-09
-3.539904108e-10
-7.83119753e-10
-1.209969304e-10
-1.937024124e-10
-1.76589121e-11
1.51997671e-10
1.820232575e-10
-1.632205465e-10
3.639404423e-10
-6.3804858e-10
1.376563781e-09
-1.410188716e-09
2.562501506e-09
-2.464415702e-09
3.826942439e-09
-3.783540384e-09
5.100444329e-09
-5.348175827e-09
6.331934854e-09
-7.136926373e-09
7.485244522e-09
-9.126794482e-09
8.536173247e-09
-1.129366968e-08
9.469796622e-09
-1.361280855e-08
1.027814108e-08
-1.60592513e-08
1.095824148e-08
-1.860814819e-08
1.151055238e-08
-2.123498936e-08
1.193768026e-08
-2.391574397e-08
1.224340262e-08
-2.662692292e-08
1.243193876e-08
-2.934558317e-08
1.250743846e-08
-3.204929275e-08
1.247365608e-08
-3.471607548e-08
1.233377996e-08
-3.732435208e-08
1.209038885e-08
-3.985289221e-08
1.174550946e-08
-4.228078907e-08
1.130075152e-08
-4.458746509e-08
1.075749903e-08
-4.675271458e-08
1.011713862e-08
-4.875678637e-08
9.381308489e-09
-5.05805072e-08
8.552153229e-09
-5.220544452e-08
7.632572199e-09
-5.361410541e-08
6.626450807e-09
-5.479016728e-08
5.538865788e-09
-5.571873433e-08
4.376257e-09
-5.638661323e-08
3.146559529e-09
-5.678260039e-08
1.859290993e-09
-5.6897773e-08
5.255900169e-10
-5.67257754e-08
-8.417964163e-10
-5.626309184e-08
-2.228581802e-09
-5.550929635e-08
-3.619064325e-09
-5.446727111e-08
-4.99630677e-09
-5.3143384e-08
-6.342371083e-09
-5.154761691e-08
-7.638604462e-09
-4.969363623e-08
-8.865973642e-09
-4.759879779e-08
-1.000544182e-08
-4.528407931e-08
-1.103838097e-08
-4.277393434e-08
-1.194701078e-08
-4.00960635e-08
-1.271485363e-08
-3.728110011e-08
-1.332719418e-08
-3.436220963e-08
-1.377153084e-08
-3.13746045e-08
-1.403800638e-08
-2.835497829e-08
-1.411980501e-08
-2.534086592e-08
-1.401350477e-08
-2.236993877e-08
-1.371937573e-08
-1.947924628e-08
-1.324161797e-08
-1.670441752e-08
-1.258853704e-08
-1.407883811e-08
-1.177265954e-08
-1.163281941e-08
-1.081079698e-08
-9.392778135e-09
-9.724071977e-09
-7.380445667e-09
-8.537926492e-09
-5.612127619e-09
-7.282136999e-09
-4.098035808e-09
-5.990865396e-09
-2.84171674e-09
-4.702776416e-09
-1.83960327e-09
-3.46125345e-09
-1.080719198e-09
-2.314746408e-09
-5.465718723e-10
-1.317267084e-09
-2.11281782e-10
-5.289925066e-10
-4.202956947e-11
-1.725454536e-11
1.399936869e-10
-1.995127977e-10
5.634532355e-10
-7.696085767e-10
1.946659553e-09
-1.684025482e-09
3.476918404e-09
-2.917504685e-09
5.060421634e-09
-4.444692579e-09
6.627632214e-09
-6.239691724e-09
8.12693399e-09
-8.275970677e-09
9.521523467e-09
-1.052648399e-08
1.078668655e-08
-1.29638991e-08
1.190721172e-08
-1.556085365e-08
1.287509562e-08
-1.829019233e-08
1.368758015e-08
-2.112515442e-08
1.434551446e-08
-2.40395002e-08
1.485202603e-08
-2.700757614e-08
1.521147856e-08
-3.000432708e-08
1.542868969e-08
-3.300526789e-08
1.550837926e-08
-3.598642972e-08
1.54548179e-08
-3.892429581e-08
1.527164604e-08
-4.179574101e-08
1.496183404e-08
-4.457798736e-08
1.452775581e-08
-4.724858564e-08
1.397134979e-08
-4.978543013e-08
1.329434351e-08
-5.216681163e-08
1.249852011e-08
-5.437151095e-08
1.158600781e-08
-5.637893324e-08
1.05595755e-08
-5.816928133e-08
9.422920288e-09
-5.972376509e-08
8.180934549e-09
-6.102484184e-08
6.839942532e-09
-6.205648262e-08
5.407897779e-09
-6.280445752e-08
3.894534417e-09
-6.325663307e-08
2.31146653e-09
-6.340327411e-08
6.722310507e-10
-6.323734223e-08
-1.007728301e-09
-6.275478207e-08
-2.711141973e-09
-6.195478642e-08
-4.419059977e-09
-6.084003171e-08
-6.11106149e-09
-5.941687421e-08
-7.765528591e-09
-5.769549826e-08
-9.35998042e-09
-5.56900073e-08
-1.087146461e-08
-5.341844903e-08
-1.227700009e-08
-5.090276653e-08
-1.355406347e-08
-4.816866812e-08
-1.46811092e-08
-4.524540992e-08
-1.563811183e-08
-4.216548705e-08
-1.640711705e-08
-3.896423111e-08
-1.697278678e-08
-3.567931448e-08
-1.732292302e-08
-3.235016442e-08
-1.744895508e-08
-2.901729339e-08
-1.734637581e-08
-2.572155471e-08
-1.701511441e-08
-2.250333631e-08
-1.645983637e-08
-1.940170783e-08
-1.569016552e-08
-1.645353938e-08
-1.4720828e-08
-1.36926124e-08
-1.357172396e-08
-1.114874529e-08
-1.226793909e-08
-8.846957951e-09
-1.083971383e-08
-6.806701261e-09
-9.322393694e-09
-5.041178831e-09
-7.756387831e-09
-3.556790567e-09
-6.187164685e-09
-2.352729946e-09
-4.665314075e-09
-1.420771066e-09
-3.246705293e-09
-7.452890882e-10
-1.992749065e-09
-3.035743639e-10
-9.707072356e-10
-6.653704736e-11
-2.542918658e-10
7.345663876e-11
-2.345491246e-10
7.980023561e-10
-8.974713512e-10
2.609581771e-09
-1.951354807e-09
4.530801851e-09
-3.361263317e-09
6.470330135e-09
-5.093721957e-09
8.360090846e-09
-7.116182583e-09
1.014939461e-08
-9.396757607e-09
1.180209848e-08
-1.190412686e-08
1.329405579e-08
-1.460754892e-08
1.461063377e-08
-1.747692026e-08
1.574446696e-08
-2.048284114e-08
1.669350102e-08
-2.359666246e-08
1.745933578e-08
-2.6790501e-08
1.804586455e-08
-3.003721986e-08
1.845819741e-08
-3.331037855e-08
1.870184837e-08
-3.658416114e-08
1.878216184e-08
-3.983329364e-08
1.870395039e-08
-4.303296236e-08
1.847131475e-08
-4.615874456e-08
1.808761623e-08
-4.918656119e-08
1.755557243e-08
-5.209265982e-08
1.687744842e-08
-5.485363356e-08
1.605531724e-08
-5.744647961e-08
1.509136615e-08
-5.984869907e-08
1.398822726e-08
-6.203843762e-08
1.274931405e-08
-6.399466512e-08
1.137914778e-08
-6.569739077e-08
9.883660196e-09
-6.71279095e-08
8.270461251e-09
-6.826907412e-08
6.54906239e-09
-6.910558742e-08
4.731047709e-09
-6.962430752e-08
2.830186622e-09
-6.98145595e-08
8.624830259e-10
-6.9668446e-08
-1.153841813e-09
-6.918114886e-08
-3.198439115e-09
-6.835121271e-08
-5.248996144e-09
-6.718080233e-08
-7.281471874e-09
-6.567592418e-08
-9.270406751e-09
-6.384660246e-08
-1.118930214e-08
-6.170700015e-08
-1.301106693e-08
-5.927547481e-08
-1.470852544e-08
-5.657455975e-08
-1.625497854e-08
-5.363086133e-08
-1.762480763e-08
-5.047486467e-08
-1.879410849e-08
-4.714064151e-08
-1.974134023e-08
-4.366545601e-08
-2.044797229e-08
-4.008926748e-08
-2.089911155e-08
-3.645413179e-08
-2.108409077e-08
-3.280350706e-08
-2.099700055e-08
-2.918147325e-08
-2.063714822e-08
-2.563187912e-08
-2.000943051e-08
-2.219743379e-08
-1.912461087e-08
-1.891876411e-08
-1.799949767e-08
-1.583346202e-08
-1.665702606e-08
-1.297514862e-08
-1.51262525e-08
-1.037258426e-08
-1.344227819e-08
-8.048855355e-09
-1.164612261e-08
-6.020670019e-09
-9.784573171e-09
-4.297796378e-09
-7.910038331e-09
-2.882679053e-09
-6.080431405e-09
-1.770273055e-09
-4.359111294e-09
-9.481410377e-10
-2.814881087e-09
-3.968737586e-10
-1.521974518e-09
-9.092170876e-11
-5.60243919e-10
-1.746507104e-11
-2.682605188e-10
1.06626287e-09
-1.021095423e-09
3.362416667e-09
-2.210699966e-09
5.720406385e-09
-3.792906448e-09
8.052536608e-09
-5.726316159e-09
1.029350055e-08
-7.971756792e-09
1.239483523e-08
-1.049191301e-08
1.432225469e-08
-1.325107942e-08
1.605322219e-08
-1.621499913e-08
1.757455347e-08
-1.935075214e-08
1.888021996e-08
-2.262666491e-08
1.996941377e-08
-2.601222177e-08
2.084489263e-08
-2.947796769e-08
2.151161047e-08
-3.29953989e-08
2.197562861e-08
-3.653684345e-08
2.224329292e-08
-4.007533781e-08
2.232065619e-08
-4.358450727e-08
2.221311984e-08
-4.703845919e-08
2.192526667e-08
-5.04116976e-08
2.146085462e-08
-5.367906653e-08
2.082294135e-08
-5.681572832e-08
2.00141102e-08
-5.979718091e-08
1.903676982e-08
-6.259931656e-08
1.789350179e-08
-6.519852269e-08
1.658743338e-08
-6.757182389e-08
1.512261523e-08
-6.969706279e-08
1.350438667e-08
-7.155311669e-08
1.173971409e-08
-7.312014555e-08
9.837490103e-09
-7.43798667e-08
7.808783529e-09
-7.531585087e-08
5.667031873e-09
-7.591383379e-08
3.428169536e-09
-7.616203705e-08
1.110686273e-09
-7.605149162e-08
-1.264387249e-09
-7.557635744e-08
-3.673573296e-09
-7.473422927e-08
-6.091124325e-09
-7.35264219e-08
-8.489279248e-09
-7.195822422e-08
-1.083860445e-08
-7.003911223e-08
-1.310841413e-08
-6.778291039e-08
-1.526726878e-08
-6.520788966e-08
-1.728354617e-08
-6.233679094e-08
-1.912607727e-08
-5.919676263e-08
-2.076483594e-08
-5.581920209e-08
-2.217166903e-08
-5.223949218e-08
-2.332105014e-08
-4.849662646e-08
-2.419083802e-08
-4.463271962e-08
-2.476301839e-08
-4.069240346e-08
-2.502440695e-08
-3.672211286e-08
-2.496729116e-08
-3.276927139e-08
-2.458998969e-08
-2.888139061e-08
-2.38973113e-08
-2.510510242e-08
-2.290089906e-08
-2.148514838e-08
-2.161945172e-08
-1.80633539e-08
-2.007882055e-08
-1.487761866e-08
-1.831198774e-08
-1.196095725e-08
-1.635893961e-08
-9.340625419e-09
-1.426645444e-08
-7.037368794e-09
-1.20878298e-08
-5.064831034e-09
-9.882576094e-09
-3.429159491e-09
-7.716102952e-09
-2.128847897e-09
-5.659422891e-09
-1.154859635e-09
-3.788869352e-09
-4.910839234e-10
-2.185750234e-09
-1.151925945e-10
-9.361352515e-10
-1.326576661e-10
-3.006169951e-10
1.36687986e-09
-1.140147939e-09
4.201947602e-09
-2.461074493e-09
7.04133293e-09
-4.210475359e-09
9.801937465e-09
-6.339319247e-09
1.242234443e-08
-8.801954405e-09
1.485747038e-08
-1.155568328e-08
1.707598355e-08
-1.456040568e-08
1.905794459e-08
-1.777832048e-08
2.079246826e-08
-2.117366928e-08
2.227556876e-08
-2.471250666e-08
2.350825114e-08
-2.836248527e-08
2.449487122e-08
-3.209264933e-08
2.524177453e-08
-3.587323441e-08
2.575621367e-08
-3.967547481e-08
2.604553331e-08
-4.347142319e-08
2.611660456e-08
-4.723378788e-08
2.597548453e-08
-5.093579457e-08
2.562727335e-08
-5.455107829e-08
2.507613833e-08
-5.805361113e-08
2.432547418e-08
-6.141766968e-08
2.337816875e-08
-6.461784476e-08
2.223694489e-08
-6.762909446e-08
2.090475148e-08
-7.042684043e-08
1.938517935e-08
-7.298710576e-08
1.768288055e-08
-7.528669209e-08
1.580397299e-08
-7.730339278e-08
1.375641477e-08
-7.901623844e-08
1.155033575e-08
-8.040577056e-08
9.198315642e-09
-8.145433887e-08
6.715600182e-09
-8.214641755e-08
4.120248206e-09
-8.246893494e-08
1.433203652e-09
-8.241161104e-08
-1.321711157e-09
-8.196729774e-08
-4.117886602e-09
-8.113231116e-08
-6.926110913e-09
-7.990675086e-08
-9.714839557e-09
-7.829479424e-08
-1.245056107e-08
-7.630495607e-08
-1.509825231e-08
-7.395030108e-08
-1.762192377e-08
-7.124859658e-08
-1.998525068e-08
-6.822239149e-08
-2.215228237e-08
-6.489900792e-08
-2.408821952e-08
-6.13104322e-08
-2.576024476e-08
-5.749309347e-08
-2.713838888e-08
-5.348752038e-08
-2.819641112e-08
-4.933786964e-08
-2.891266913e-08
-4.509132453e-08
-2.927095206e-08
-4.079736637e-08
-2.926124932e-08
-3.650692774e-08
-2.888042832e-08
-3.227144237e-08
-2.813279667e-08
-2.814181261e-08
-2.703052883e-08
-2.416732126e-08
-2.559394307e-08
-2.039451969e-08
-2.385162212e-08
-1.68661282e-08
-2.184037924e-08
-1.361998772e-08
-1.960508009e-08
-1.068810335e-08
-1.719833881e-08
-8.095820876e-09
-1.468011228e-08
-5.861176638e-09
-1.211722034e-08
-3.994460175e-09
-9.582819418e-09
-2.498027907e-09
-7.155855164e-09
-1.366406234e-09
-4.920491029e-09
-5.867257915e-10
-2.965430679e-09
-1.395309022e-10
-1.383330144e-09
-2.721885692e-10
-3.315945127e-10
1.698474367e-09
-1.254377967e-09
5.124731047e-09
-2.701727407e-09
8.488682361e-09
-4.612451634e-09
1.171266168e-08
-6.9302342e-09
1.474012698e-08
-9.603171131e-09
1.75304073e-08
-1.25833177e-08
2.005613012e-08
-1.582625267e-08
2.230087954e-08
-1.929067128e-08
2.425688685e-08
-2.293800734e-08
2.592290481e-08
-2.673208088e-08
2.730232467e-08
-3.063876799e-08
2.840155832e-08
-3.462569105e-08
2.922869758e-08
-3.866192956e-08
2.979245217e-08
-4.271775359e-08
3.010135733e-08
-4.676438332e-08
3.016323428e-08
-5.077377909e-08
2.998488028e-08
-5.471846627e-08
2.957196052e-08
-5.857139922e-08
2.892907127e-08
-6.230586746e-08
2.805994241e-08
-6.589544632e-08
2.696774761e-08
-6.931399318e-08
2.565549174e-08
-7.253568898e-08
2.412644728e-08
-7.553512413e-08
2.238461449e-08
-7.828742668e-08
2.04351831e-08
-8.076843037e-08
1.828497667e-08
-8.295487947e-08
1.594286387e-08
-8.482466743e-08
1.34201237e-08
-8.635710578e-08
1.073075399e-08
-8.753322003e-08
7.891714428e-09
-8.833606871e-08
4.923096878e-09
-8.875108147e-08
1.848216401e-09
-8.876641126e-08
-1.306381371e-09
-8.837329786e-08
-4.511000014e-09
-8.756643058e-08
-7.732978198e-09
-8.634430752e-08
-1.093696263e-08
-8.470957808e-08
-1.408529051e-08
-8.266935857e-08
-1.713847183e-08
-8.023550734e-08
-2.005577501e-08
-7.742484488e-08
-2.279591315e-08
-7.425930242e-08
-2.531782484e-08
-7.076598254e-08
-2.758153941e-08
-6.697711495e-08
-2.954911236e-08
-6.292989208e-08
-3.118561175e-08
-5.866617114e-08
-3.246013207e-08
-5.423203289e-08
-3.334680739e-08
-4.967719223e-08
-3.382579272e-08
-4.505426135e-08
-3.388418022e-08
-4.041787294e-08
-3.351681674e-08
-3.582367865e-08
-3.272699096e-08
-3.1327245e-08
-3.152696248e-08
-2.698287647e-08
-2.993831161e-08
-2.284240173e-08
-2.799209686e-08
-1.895396424e-08
-2.572881673e-08
-1.536086159e-08
-2.319818275e-08
-1.210048004e-08
-2.045872036e-08
-9.203370088e-09
-1.757722224e-08
-6.69250709e-09
-1.462808334e-08
-4.582777694e-09
-1.169254882e-08
-2.880728425e-09
-8.857904436e-09
-1.584608821e-09
-6.216610635e-09
-6.847398519e-10
-3.865299652e-09
-1.642288171e-10
-1.903841181e-09
-4.364173868e-10
-3.611589181e-10
2.05963328e-09
-1.363546648e-09
6.127118767e-09
-2.931992344e-09
1.005712805e-08
-4.997515969e-09
1.37781853e-08
-7.496898217e-09
1.723950922e-08
-1.037226792e-08
2.040577699e-08
-1.357063552e-08
2.325449771e-08
-1.704339885e-08
2.577364287e-08
-2.074584891e-08
2.79593369e-08
-2.463668956e-08
2.981374546e-08
-2.867757838e-08
3.134321349e-08
-3.283269265e-08
3.255667258e-08
-3.706832388e-08
3.34643288e-08
-4.135250374e-08
3.407663203e-08
-4.565466469e-08
3.440351828e-08
-4.994533854e-08
3.445390812e-08
-5.419589646e-08
3.423543819e-08
-5.837833338e-08
3.375439743e-08
-6.246509919e-08
3.301583708e-08
-6.64289783e-08
3.202382151e-08
-7.024301802e-08
3.078178733e-08
-7.388050561e-08
2.929297931e-08
-7.731499249e-08
2.756093415e-08
-8.052036405e-08
2.558998604e-08
-8.347095253e-08
2.338577157e-08
-8.614169054e-08
2.095571467e-08
-8.850830263e-08
1.830947595e-08
-9.054753246e-08
1.545935352e-08
-9.223740314e-08
1.242062466e-08
-9.35575085e-08
9.211819781e-09
-9.448933286e-08
5.854921231e-09
-9.501659651e-08
2.375480039e-09
-9.512562278e-08
-1.197355109e-09
-9.480572675e-08
-4.830896052e-09
-9.40496116e-08
-8.489093351e-09
-9.285377327e-08
-1.213280097e-08
-9.121889837e-08
-1.572016542e-08
-8.915024497e-08
-1.920712524e-08
-8.665799161e-08
-2.254802837e-08
-8.375753778e-08
-2.569636699e-08
-8.046973695e-08
-2.860562567e-08
-7.682104215e-08
-3.123023422e-08
-7.284354332e-08
-3.352661119e-08
-6.857487672e-08
-3.545427835e-08
-6.40579885e-08
-3.697702031e-08
-5.934073821e-08
-3.806405768e-08
-5.447533342e-08
-3.869119752e-08
-4.951759275e-08
-3.884192089e-08
-4.45260432e-08
-3.850836629e-08
-3.95608659e-08
-3.769216827e-08
-3.468271379e-08
-3.640511459e-08
-2.995143367e-08
-3.466959174e-08
-2.542473283e-08
-3.25187977e-08
-2.115683707e-08
-2.999671249e-08
-1.719719104e-08
-2.715782879e-08
-1.358925364e-08
-2.406665777e-08
-1.036944055e-08
-2.079703533e-08
-7.566262196e-09
-1.74312617e-08
-5.199699978e-09
-1.405911104e-08
-3.280855828e-09
-1.077674859e-08
-1.811901859e-09
-7.685564608e-09
-7.863511464e-10
-4.890850367e-09
-1.896504633e-10
-2.500541867e-09
-6.260678509e-10
-3.892590175e-10
2.448892292e-09
-1.467390769e-09
7.205250509e-09
-3.151201823e-09
1.174093909e-08
-5.364402826e-09
1.599138629e-08
-8.037277883e-09
1.991238427e-08
-1.110631508e-08
2.347481418e-08
-1.451373269e-08
2.666191531e-08
-1.820693947e-08
2.946684964e-08
-2.213796913e-08
3.189036654e-08
-2.626291365e-08
3.393868997e-08
-3.054137126e-08
3.56216711e-08
-3.493592003e-08
3.695122133e-08
-3.941162482e-08
3.794003359e-08
-4.39355838e-08
3.8600591e-08
-4.847651879e-08
3.894445326e-08
-5.300441347e-08
3.89818028e-08
-5.749020214e-08
3.872122686e-08
-6.1905511e-08
3.816970628e-08
-6.622245303e-08
3.73327791e-08
-7.041347652e-08
3.621484498e-08
-7.445126635e-08
3.481957715e-08
-7.830869653e-08
3.315040949e-08
-8.195883174e-08
3.121106934e-08
-8.537497539e-08
2.900612969e-08
-8.853076175e-08
2.654155793e-08
-9.140028961e-08
2.382524251e-08
-9.39582954e-08
2.086748174e-08
-9.618036427e-08
1.768142238e-08
-9.804317754e-08
1.428343793e-08
-9.952479587e-08
1.06934381e-08
-1.00604977e-07
6.935102327e-09
-1.012655268e-07
3.036029809e-09
-1.014906806e-07
-9.72201273e-10
-1.012675179e-07
-5.054058707e-09
-1.005863944e-07
-9.170216864e-09
-9.94413963e-08
-1.327779912e-08
-9.783079978e-08
-1.733076194e-08
-9.575752549e-08
-2.128039954e-08
-9.322957182e-08
-2.507598204e-08
-9.026040884e-08
-2.866552998e-08
-8.68693108e-08
-3.199672372e-08
-8.308160368e-08
-3.501794135e-08
-7.892880251e-08
-3.767941236e-08
-7.444861372e-08
-3.993446715e-08
-6.968477909e-08
-4.174085494e-08
-6.468674173e-08
-4.306209505e-08
-5.950911973e-08
-4.386881952e-08
-5.421098082e-08
-4.41400598e-08
-4.885492032e-08
-4.38644268e-08
-4.35059551e-08
-4.304113349e-08
-3.823025753e-08
-4.168081217e-08
-3.3093764e-08
-3.980608527e-08
-2.816070303e-08
-3.745185867e-08
-2.349209576e-08
-3.466531976e-08
-1.914428721e-08
-3.150563735e-08
-1.516756912e-08
-2.804337586e-08
-1.160495374e-08
-2.435965071e-08
-8.49115307e-09
-2.054506237e-08
-5.851809947e-09
-1.669845417e-08
-3.703016063e-09
-1.292554248e-08
-2.051139676e-09
-9.337440997e-09
-8.929763706e-10
-6.049013676e-09
-2.162061359e-10
-3.177312104e-09
-8.422739871e-10
-4.158246127e-10
2.8647169e-09
-1.565606291e-09
8.355032177e-09
-3.358642769e-09
1.353397556e-08
-5.711818866e-09
1.834456238e-08
-8.549347691e-09
2.274991309e-08
-1.180243404e-08
2.672790052e-08
-1.540879429e-08
3.026827555e-08
-1.93120794e-08
3.337013474e-08
-2.346125005e-08
3.603953718e-08
-2.780993669e-08
3.82873766e-08
-3.231580726e-08
4.012754166e-08
-3.69399591e-08
4.157537317e-08
-4.164634706e-08
4.264642153e-08
-4.640125648e-08
4.33555004e-08
-5.117282727e-08
4.371602404e-08
-5.593063337e-08
4.37396089e-08
-6.064532022e-08
4.34359137e-08
-6.528830142e-08
4.281268747e-08
-6.983151463e-08
4.187599231e-08
-7.424723555e-08
4.06305659e-08
-7.85079478e-08
3.90802894e-08
-8.258626632e-08
3.7228728e-08
-8.645491109e-08
3.507971411e-08
-9.00867284e-08
3.263794699e-08
-9.345475678e-08
2.990958631e-08
-9.653233562e-08
2.690282134e-08
-9.929325475e-08
2.362840087e-08
-1.017119444e-07
2.010011204e-08
-1.037637054e-07
1.633519892e-08
-1.054249799e-07
1.235471262e-08
-1.066736637e-07
8.183786113e-09
-1.074894601e-07
3.851826214e-09
-1.078542741e-07
-6.073873266e-10
-1.077526508e-07
-5.155681986e-09
-1.071722453e-07
-9.750622346e-09
-1.061043288e-07
-1.434571565e-08
-1.045443141e-07
-1.889077669e-08
-1.024922904e-07
-2.333242326e-08
-9.995355078e-08
-2.761472163e-08
-9.693909186e-08
-3.167998891e-08
-9.34660607e-08
-3.546975489e-08
-8.955812218e-08
-3.892587988e-08
-8.524571629e-08
-4.199181825e-08
-8.05661749e-08
-4.461400854e-08
-7.556366824e-08
-4.67433616e-08
-7.028895473e-08
-4.833680857e-08
-6.479891322e-08
-4.935886104e-08
-5.915584497e-08
-4.978312805e-08
-5.342654299e-08
-4.959372878e-08
-4.76811385e-08
-4.878653798e-08
-4.199174778e-08
-4.737020289e-08
-3.643095608e-08
-4.536687698e-08
-3.107018779e-08
-4.281262697e-08
-2.597802271e-08
-3.975748484e-08
-2.12185256e-08
-3.626513446e-08
-1.684965915e-08
-3.241224232e-08
-1.292184964e-08
-2.828746022e-08
-9.476768179e-09
-2.399014383e-08
-6.546379669e-09
-1.962884268e-08
-4.152297139e-09
-1.531962501e-08
-2.305462178e-09
-1.118427596e-08
-1.006159734e-09
-7.348316121e-09
-2.443356262e-10
-3.939136214e-09
-1.086609614e-09
-4.407673324e-10
3.305484226e-09
-1.657844079e-09
9.572108915e-09
-3.553538638e-09
1.542967011e-08
-6.038404392e-09
2.082942812e-08
-9.031027167e-09
2.574253585e-08
-1.245771029e-08
3.015458363e-08
-1.625198684e-08
3.40625521e-08
-2.035401068e-08
3.747215857e-08
-2.470988167e-08
4.039540817e-08
-2.927094374e-08
4.284843866e-08
-3.399308362e-08
4.484968153e-08
-3.883605144e-08
4.641834098e-08
-4.376281851e-08
4.75731886e-08
-4.873898353e-08
4.833166542e-08
-5.373223486e-08
4.870927536e-08
-5.871187392e-08
4.871924795e-08
-6.364840223e-08
4.8372442e-08
-6.851317301e-08
4.767745825e-08
-7.327810627e-08
4.664092556e-08
-7.791546539e-08
4.526792501e-08
-8.239769229e-08
4.356251628e-08
-8.669729743e-08
4.152833313e-08
-9.078680138e-08
3.916921805e-08
-9.463872436e-08
3.648986996e-08
-9.822562117e-08
3.349648311e-08
-1.015201596e-07
3.019735976e-08
-1.044952414e-07
2.660348267e-08
-1.071241663e-07
2.272903688e-08
-1.093808395e-07
1.859187213e-08
-1.112400259e-07
1.421389906e-08
-1.12677652e-07
9.621412227e-09
-1.136711586e-07
4.845332798e-09
-1.141999065e-07
-7.863945377e-11
-1.142456306e-07
-5.10995788e-09
-1.137929536e-07
-1.020329936e-08
-1.12829939e-07
-1.530873029e-08
-1.113486868e-07
-2.037202892e-08
-1.093459535e-07
-2.53351565e-08
-1.068237816e-07
-3.013689353e-08
-1.037901155e-07
-3.471365503e-08
-1.002593782e-07
-3.900049225e-08
-9.625297604e-08
-4.2932282e-08
-9.179969783e-08
-4.644509647e-08
-8.693596955e-08
-4.947773683e-08
-8.170592923e-08
-5.197340193e-08
-7.616128655e-08
-5.388145125e-08
-7.036093825e-08
-5.515920935e-08
-6.437031874e-08
-5.577374756e-08
-5.826047702e-08
-5.570357051e-08
-5.210688475e-08
-5.494013026e-08
-4.598799673e-08
-5.348909092e-08
-3.998360125e-08
-5.137127246e-08
-3.417301398e-08
-4.862321424e-08
-2.863318245e-08
-4.529731638e-08
-2.343677835e-08
-4.146153856e-08
-1.865035996e-08
-3.719866071e-08
-1.433268588e-08
-3.26051343e-08
-1.053325462e-08
-2.778957509e-08
-7.291131468e-09
-2.287096584e-08
-4.634105314e-09
-1.797665116e-08
-2.578197531e-09
-1.324018374e-08
-1.12752845e-09
-8.798985205e-09
-2.744973167e-10
-4.792167349e-09
-1.361106931e-09
-4.639830971e-10
3.769467318e-09
-1.743713349e-09
1.085183916e-08
-3.73504917e-09
1.742100592e-08
-6.342724456e-09
2.34371034e-08
-9.480159868e-09
2.887997125e-08
-1.30691592e-08
3.374358295e-08
-1.703941204e-08
3.803280493e-08
-2.132785711e-08
4.176060363e-08
-2.587796563e-08
4.494551667e-08
-3.063898737e-08
4.760946039e-08
-3.556519108e-08
4.977588523e-08
-4.061512358e-08
5.146827347e-08
-4.575090592e-08
5.270897093e-08
-5.093757968e-08
5.351833917e-08
-5.614251264e-08
5.391420831e-08
-6.133486943e-08
5.391160473e-08
-6.648514998e-08
5.352272255e-08
-7.156479615e-08
5.275710441e-08
-7.654586517e-08
5.162199457e-08
-8.140076695e-08
5.012282679e-08
-8.61020616e-08
4.826381092e-08
-9.062231283e-08
4.604858435e-08
-9.493399337e-08
4.348089859e-08
-9.900943864e-08
4.056531522e-08
-1.028208461e-07
3.730789055e-08
-1.063403187e-07
3.371683235e-08
-1.095399524e-07
2.98031164e-08
-1.123919689e-07
2.558105337e-08
-1.148688958e-07
2.106879897e-08
-1.169437979e-07
1.62888012e-08
-1.185905644e-07
1.126817869e-08
-1.197842543e-07
6.039022753e-09
-1.205015078e-07
6.386139788e-10
-1.207210136e-07
-4.890452054e-09
-1.20424063e-07
-1.050024993e-08
-1.195951448e-07
-1.61376485e-08
-1.182226121e-07
-2.174456161e-08
-1.162993901e-07
-2.725837859e-08
-1.13823712e-07
-3.261257161e-08
-1.107998619e-07
-3.773750514e-08
-1.072388933e-07
-4.256146084e-08
-1.031592901e-07
-4.701188518e-08
-9.858752878e-08
-5.101685781e-08
-9.355849818e-08
-5.450676744e-08
-8.811573182e-08
-5.741616829e-08
-8.231140813e-08
-5.968577494e-08
-7.620607969e-08
-6.12645378e-08
-6.986810065e-08
-6.21117266e-08
-6.337273431e-08
-6.219893685e-08
-5.680093862e-08
-6.151192595e-08
-5.023784659e-08
-6.005218296e-08
-4.377097848e-08
-5.783814057e-08
-3.7488243e-08
-5.490594972e-08
-3.147580246e-08
-5.130975692e-08
-2.581589059e-08
-4.712145044e-08
-2.058467945e-08
-4.242987186e-08
-1.585029252e-08
-3.733952123e-08
-1.16710538e-08
-3.196881382e-08
-8.094047351e-09
-2.644797229e-08
-5.154039599e-09
-2.091665892e-08
-2.872790761e-09
-1.552143258e-08
-1.25876163e-09
-1.041301434e-08
-3.071610825e-10
-5.743767898e-09
-1.668268014e-09
-4.853556374e-10
4.254822949e-09
-1.822790255e-09
1.218927377e-08
-3.90228228e-09
1.950049794e-08
-6.623281001e-09
2.615810211e-08
-9.894523031e-09
3.215121328e-08
-1.363373152e-08
3.748279143e-08
-1.776710814e-08
4.216618154e-08
-2.222867286e-08
4.622216834e-08
-2.695951328e-08
4.967635709e-08
-3.190698827e-08
5.255693537e-08
-3.702392014e-08
5.489281709e-08
-4.226780207e-08
5.67121554e-08
-4.760004121e-08
5.804121007e-08
-5.298525237e-08
5.890355032e-08
-5.839061258e-08
5.931956851e-08
-6.378528297e-08
5.930627512e-08
-6.913990099e-08
5.887734055e-08
-7.442614314e-08
5.804334655e-08
-7.961635655e-08
5.681220798e-08
-8.468325588e-08
5.518972611e-08
-8.959968113e-08
5.318023616e-08
-9.43384119e-08
5.078731512e-08
-9.887203345e-08
4.801452013e-08
-1.031728509e-07
4.486613267e-08
-1.07212849e-07
4.134788867e-08
-1.109636965e-07
3.746767985e-08
-1.143967953e-07
3.323621512e-08
-1.174833766e-07
2.866763468e-08
-1.201946486e-07
2.378007097e-08
-1.225019993e-07
1.85961519e-08
-1.243772614e-07
1.314344085e-08
-1.257930457e-07
7.454806976e-09
-1.267231473e-07
1.568715583e-09
-1.271430272e-07
-4.470572112e-09
-1.270303904e-07
-1.061288676e-08
-1.263658243e-07
-1.680221459e-08
-1.251335309e-07
-2.297685508e-08
-1.233221205e-07
-2.906978899e-08
-1.209254579e-07
-3.500923422e-08
-1.179435367e-07
-4.071942634e-08
-1.143833523e-07
-4.612164524e-08
-1.102597351e-07
-5.113550236e-08
-1.05596099e-07
-5.568049389e-08
-1.004250541e-07
-5.967781238e-08
-9.478882896e-08
-6.305239342e-08
-8.873944819e-08
-6.573515571e-08
-8.233861267e-08
-6.766537333e-08
-7.565723999e-08
-6.879309929e-08
-6.877463445e-08
-6.908154239e-08
-6.177727443e-08
-6.850928597e-08
-5.475722673e-08
-6.707223066e-08
-4.781022215e-08
-6.478514515e-08
-4.103345173e-08
-6.168272014e-08
-3.452316629e-08
-5.782004236e-08
-2.837218088e-08
-5.327243584e-08
-2.266739769e-08
-4.813465505e-08
-1.748746387e-08
-4.251945505e-08
-1.290067427e-08
-3.655560341e-08
-8.963211966e-09
-3.038543459e-08
-5.717792903e-09
-2.416207798e-08
-3.192750221e-09
-1.804647527e-08
-1.401568312e-09
-1.220419625e-08
-3.428037373e-10
-6.802532473e-09
-2.011071751e-09
-5.047607284e-10
4.759583673e-09
-1.894630107e-09
1.357914313e-08
-4.054314656e-09
2.166018248e-08
-6.878540476e-09
2.898232792e-08
-1.027186033e-08
3.554453312e-08
-1.414834982e-08
4.135928092e-08
-1.843108923e-08
4.644892095e-08
-2.305148489e-08
5.084256399e-08
-2.794849252e-08
5.457336471e-08
-3.306778818e-08
5.767623102e-08
-3.836092237e-08
6.018595126e-08
-4.378448543e-08
6.213571846e-08
-4.929930645e-08
6.355603108e-08
-5.486970163e-08
6.447394549e-08
-6.046278381e-08
6.491265069e-08
-6.604783994e-08
6.489133124e-08
-7.159577999e-08
6.44252806e-08
-7.707865755e-08
6.352622411e-08
-8.246926003e-08
6.220281045e-08
-8.774076464e-08
6.046123072e-08
-9.286645551e-08
5.830592703e-08
-9.781949676e-08
5.574035636e-08
-1.025727569e-07
5.276778024e-08
-1.070986806e-07
4.939205637e-08
-1.113692058e-07
4.56184139e-08
-1.153557249e-07
4.145419894e-08
-1.190290913e-07
3.690958149e-08
-1.223596746e-07
3.199821799e-08
-1.253174694e-07
2.673786573e-08
-1.278722633e-07
2.115094583e-08
-1.299938734e-07
1.52650509e-08
-1.316524575e-07
9.113391123e-09
-1.328189103e-07
2.735168386e-09
-1.334653451e-07
-3.824137301e-09
-1.335656904e-07
-1.051254147e-08
-1.330963616e-07
-1.727154342e-08
-1.320370508e-07
-2.403616584e-08
-1.303716026e-07
-3.073523722e-08
-1.280889668e-07
-3.729186999e-08
-1.251842083e-07
-4.362418488e-08
-1.216595416e-07
-4.964631198e-08
-1.175253514e-07
-5.526969255e-08
-1.128011491e-07
-6.040469614e-08
-1.075164074e-07
-6.496255408e-08
-1.017112089e-07
-6.885759195e-08
-9.543664165e-08
-7.200972296e-08
-8.875487591e-08
-7.434713907e-08
-8.173886249e-08
-7.580911271e-08
-7.447160744e-08
-7.634879745e-08
-6.704499631e-08
-7.59358971e-08
-5.95581668e-08
-7.455906017e-08
-5.21154579e-08
-7.222785405e-08
-4.482399505e-08
-6.897418299e-08
-3.779100096e-08
-6.485303646e-08
-3.112094759e-08
-5.994248922e-08
-2.491268262e-08
-5.434292002e-08
-1.925667108e-08
-4.817546659e-08
-1.423248766e-08
-4.157978684e-08
-9.906677267e-09
-3.471124499e-08
-6.331070819e-09
-2.773768443e-08
-3.541606012e-09
-2.083594008e-08
-1.557671561e-09
-1.41881307e-08
-3.819061506e-10
-7.978297884e-09
-2.392977902e-09
-5.220709962e-10
5.281654664e-09
-1.958782316e-09
1.501585445e-08
-4.190218955e-09
2.38916191e-08
-7.106973289e-09
3.189908225e-08
-1.060993254e-08
3.904749236e-08
-1.460996914e-08
4.535931751e-08
-1.902741514e-08
5.086636693e-08
-2.379137178e-08
5.560652062e-08
-2.883891593e-08
5.962090885e-08
-3.411424853e-08
6.295156362e-08
-3.956782097e-08
6.56395237e-08
-4.515546851e-08
6.772336599e-08
-5.083757374e-08
6.923813631e-08
-5.657827748e-08
7.021464923e-08
-6.234474932e-08
7.067912251e-08
-6.810652555e-08
7.065310747e-08
-7.383491829e-08
7.015367334e-08
-7.950249613e-08
6.919380194e-08
-8.508263414e-08
6.778294845e-08
-9.054912933e-08
6.592772591e-08
-9.587587655e-08
6.363267424e-08
-1.010365994e-07
6.090107916e-08
-1.060046312e-07
5.773581206e-08
-1.107527428e-07
5.4140168e-08
-1.152530139e-07
5.011868501e-08
-1.194767482e-07
4.567793317e-08
-1.233944335e-07
4.082726681e-08
-1.269757516e-07
3.557953608e-08
-1.301896422e-07
2.995175633e-08
-1.330044301e-07
2.396573381e-08
-1.353880246e-07
1.764864539e-08
-1.373082005e-07
1.103356703e-08
-1.387329729e-07
4.159940727e-09
-1.396310681e-07
-2.92604209e-09
-1.399725261e-07
-1.017108344e-08
-1.397293932e-07
-1.751467638e-08
-1.388765581e-07
-2.488900086e-08
-1.373926994e-07
-3.221909596e-08
-1.352613385e-07
-3.94232309e-08
-1.32471982e-07
-4.641354136e-08
-1.290213223e-07
-5.309697172e-08
-1.24914456e-07
-5.93765589e-08
-1.201660681e-07
-6.515308403e-08
-1.148015176e-07
-7.032710455e-08
-1.088577504e-07
-7.480135918e-08
-1.023839592e-07
-7.848351412e-08
-9.544190881e-08
-8.128918948e-08
-8.810584772e-08
-8.314517381e-08
-8.046194167e-08
-8.39927035e-08
-7.260718297e-08
-8.379065581e-08
-6.464775868e-08
-8.251848446e-08
-5.669689526e-08
-8.017871747e-08
-4.887223562e-08
-7.679884264e-08
-4.129284361e-08
-7.243242847e-08
-3.407596569e-08
-6.715936714e-08
-2.733370562e-08
-6.108518009e-08
-2.116978185e-08
-5.433939036e-08
-1.567653556e-08
-4.707303314e-08
-1.093233921e-08
-3.945544133e-08
-6.999520926e-09
-3.167050272e-08
-3.922875792e-09
-2.391258521e-08
-1.728796448e-09
-1.638221004e-08
-4.24951453e-10
-9.28214288e-09
-2.817929355e-09
-5.371611753e-10
5.818815835e-09
-2.014807518e-09
1.649350078e-08
-4.309096178e-09
2.618590776e-08
-7.307102594e-09
3.489708865e-08
-1.090658259e-08
4.264697235e-08
-1.501565752e-08
4.946839243e-08
-1.955228654e-08
5.540299594e-08
-2.444357303e-08
6.049780711e-08
-2.962496432e-08
6.480230013e-08
-3.503938867e-08
6.836598797e-08
-4.06363649e-08
7.123649991e-08
-4.637111389e-08
7.345811497e-08
-5.220369592e-08
7.507071833e-08
-5.809819176e-08
7.610914506e-08
-6.402194085e-08
7.66028716e-08
-6.994484481e-08
7.657601143e-08
-7.58387406e-08
7.604756913e-08
-8.167684396e-08
7.50319053e-08
-8.74332611e-08
7.353936559e-08
-9.30825646e-08
7.157702941e-08
-9.859942836e-08
6.9149538e-08
-1.039583161e-07
6.625996693e-08
-1.091332187e-07
6.291071466e-08
-1.14097436e-07
5.910438526e-08
-1.188234011e-07
5.484465014e-08
-1.232825475e-07
5.01370795e-08
-1.274452193e-07
4.498993869e-08
-1.312806317e-07
3.941494846e-08
-1.347568851e-07
3.342800971e-08
-1.378410446e-07
2.704989331e-08
-1.404992939e-07
2.03068947e-08
-1.426971764e-07
1.323144954e-08
-1.443999368e-07
5.862701144e-09
-1.455729698e-07
-1.753009091e-09
-1.461824067e-07
-9.561646536e-09
-1.461958203e-07
-1.750126286e-08
-1.455830879e-07
-2.550173324e-08
-1.44317395e-07
-3.348478884e-08
-1.423763767e-07
-4.136424917e-08
-1.397433841e-07
-4.904653402e-08
-1.36408848e-07
-5.643150781e-08
-1.323717022e-07
-6.341370465e-08
-1.276408108e-07
-6.988397546e-08
-1.222363311e-07
-7.573158422e-08
-1.1619093e-07
-8.084676032e-08
-1.095507581e-07
-8.512368603e-08
-1.023760827e-07
-8.846386482e-08
-9.474147902e-08
-9.077977754e-08
-8.673548924e-08
-9.199869328e-08
-7.845968103e-08
-9.206646402e-08
-7.00270645e-08
-9.0951101e-08
-6.155986941e-08
-8.864591257e-08
-5.318672993e-08
-8.517198212e-08
-4.503937393e-08
-8.057978446e-08
-3.724896013e-08
-7.494978094e-08
-2.99422438e-08
-6.839189642e-08
-2.323777498e-08
-6.104385919e-08
-1.724233722e-08
-5.306847089e-08
-1.204781841e-08
-4.464996015e-08
-7.728666834e-09
-3.598965429e-08
-4.340034445e-09
-2.73012176e-08
-1.916660172e-09
-1.880558432e-08
-4.724238697e-10
-1.072637918e-08
-3.290353225e-09
-5.499137807e-10
6.36872961e-09
-2.062296478e-09
1.800588347e-08
-4.410112287e-09
2.853372356e-08
-7.477560701e-09
3.796453706e-08
-1.115981228e-08
4.632922393e-08
-1.536269268e-08
5.367127282e-08
-2.00021611e-08
6.004246435e-08
-2.500362407e-08
6.549927007e-08
-3.030114042e-08
7.009981647e-08
-3.583655869e-08
7.390140624e-08
-4.155862151e-08
7.695856273e-08
-4.742206583e-08
7.932155929e-08
-5.338674337e-08
8.103539586e-08
-5.941678005e-08
8.213918174e-08
-6.547978839e-08
8.266587993e-08
-7.1546142e-08
8.264236503e-08
-7.7588317e-08
8.208974412e-08
-8.358030144e-08
8.102388974e-08
-8.9497071e-08
7.945613515e-08
-9.531412693e-08
7.739408533e-08
-1.010070911e-07
7.484250219e-08
-1.06551353e-07
7.180422876e-08
-1.119217627e-07
6.828112438e-08
-1.170923675e-07
6.427499012e-08
-1.220361884e-07
5.978847103e-08
-1.267250367e-07
5.482592778e-08
-1.311293736e-07
4.939427557e-08
-1.352182167e-07
4.350379156e-08
-1.389591008e-07
3.716889385e-08
-1.423181029e-07
3.040889537e-08
-1.452599422e-07
2.324873405e-08
-1.477481706e-07
1.571967794e-08
-1.497454674e-07
7.859997889e-09
-1.512140604e-07
-2.844160292e-10
-1.521162517e-07
-8.659455305e-09
-1.524151522e-07
-1.72023623e-08
-1.520755259e-07
-2.58413596e-08
-1.510648353e-07
-3.44954794e-08
-1.493544532e-07
-4.30746313e-08
-1.469210369e-07
-5.147995032e-08
-1.437480468e-07
-5.96044979e-08
-1.39827372e-07
-6.733437944e-08
-1.351610109e-07
-7.455033658e-08
-1.297627346e-07
-8.112986051e-08
-1.236596431e-07
-8.694985182e-08
-1.16893506e-07
-9.188982314e-08
-1.095217684e-07
-9.583560237e-08
-1.016180975e-07
-9.868344849e-08
-9.327234963e-08
-1.003444411e-07
-8.45898586e-08
-1.007489551e-07
-7.568997435e-08
-9.985098525e-08
-6.670382922e-08
-9.76320577e-08
-5.777136329e-08
-9.410444805e-08
-4.903770252e-08
-8.931344523e-08
-4.06490443e-08
-8.333843916e-08
-3.274825737e-08
-7.629268335e-08
-2.547043938e-08
-6.832167718e-08
-1.893868915e-08
-5.960022112e-08
-1.326033776e-08
-5.032831154e-08
-8.523842095e-09
-4.072614995e-08
-4.796484622e-09
-3.102857507e-08
-2.122962975e-09
-2.147910596e-08
-5.248078459e-10
-1.232453431e-08
-3.81516107e-09
-5.602251092e-10
6.928954716e-09
-2.10089051e-09
1.954654886e-08
-4.492538314e-09
3.092537136e-08
-7.61715177e-09
4.108915051e-08
-1.136786872e-08
5.007994087e-08
-1.56486724e-08
5.79520765e-08
-2.037388725e-08
6.476767919e-08
-2.546751307e-08
7.059289588e-08
-3.086244847e-08
7.549475187e-08
-3.649964191e-08
7.953859968e-08
-4.232720282e-08
8.278612363e-08
-4.829950148e-08
8.529385795e-08
-5.437628217e-08
8.711217655e-08
-6.052180899e-08
8.828470856e-08
-6.670405934e-08
8.884813027e-08
-7.289397483e-08
8.883228052e-08
-7.906477547e-08
8.826054476e-08
-8.519133861e-08
8.715045287e-08
-9.12496413e-08
8.551443784e-08
-9.721626257e-08
8.33607066e-08
-1.030679404e-07
8.069418e-08
-1.087811781e-07
7.751746644e-08
-1.14331895e-07
7.38318413e-08
-1.196951176e-07
6.963821276e-08
-1.248447086e-07
6.493806203e-08
-1.297531336e-07
5.973435271e-08
-1.343912676e-07
5.403240958e-08
-1.387282466e-07
4.784077054e-08
-1.427313702e-07
4.117201753e-08
-1.463660671e-07
3.404359221e-08
-1.495959336e-07
2.647860057e-08
-1.523828628e-07
1.850660718e-08
-1.546872792e-07
1.016441428e-08
-1.564685052e-07
1.496809968e-09
-1.576852304e-07
-7.44273015e-09
-1.582962398e-07
-1.659135288e-08
-1.582612078e-07
-2.587639155e-08
-1.575417669e-07
-3.521492031e-08
-1.561027619e-07
-4.451363632e-08
-1.539137102e-07
-5.3669002e-08
-1.509504558e-07
-6.256775234e-08
-1.471969875e-07
-7.10878477e-08
-1.426473742e-07
-7.909994991e-08
-1.373077439e-07
-8.646949075e-08
-1.311982131e-07
-9.30593827e-08
-1.243546441e-07
-9.873339206e-08
-1.168300946e-07
-1.033601519e-07
-1.086958036e-07
-1.068177395e-07
-1.000415639e-07
-1.089986808e-07
-9.09753403e-08
-1.098151787e-07
-8.162202533e-08
-1.092043002e-07
-7.212127523e-08
-1.071328078e-07
-6.262443107e-08
-1.036012922e-07
-5.329060815e-08
-9.864726815e-08
-4.428211469e-08
-9.234693262e-08
-3.575943267e-08
-8.481536537e-08
-2.787604851e-08
-7.620506134e-08
-2.077344875e-08
-6.670282088e-08
-1.457659111e-08
-5.652516919e-08
-9.390119787e-09
-4.591262127e-08
-5.295525685e-09
-3.512316917e-08
-2.349378675e-09
-2.442525297e-08
-5.825871521e-10
-1.409132583e-08
-4.397748222e-09
-5.680115519e-10
7.496966263e-09
-2.13030315e-09
2.110884045e-08
-4.555793402e-09
3.33508616e-08
-7.724919739e-09
4.425827684e-08
-1.152933885e-08
5.388435997e-08
-1.587163606e-08
6.22943737e-08
-2.066485271e-08
6.956089584e-08
-2.583185592e-08
7.575989909e-08
-3.130459552e-08
8.096749146e-08
-3.702328263e-08
8.525728679e-08
-4.293552025e-08
8.869836125e-08
-4.899541398e-08
9.135375168e-08
-5.51626874e-08
9.327944996e-08
-6.140182248e-08
9.452384364e-08
-6.768124079e-08
9.512754858e-08
-7.397253654e-08
9.512357628e-08
-8.024976797e-08
9.453777619e-08
-8.648880954e-08
9.338949443e-08
-9.266676422e-08
9.169239252e-08
-9.876143261e-08
8.945537499e-08
-1.047508342e-07
8.668358159e-08
-1.106127754e-07
8.337940766e-08
-1.163244596e-07
7.954352547e-08
-1.218621345e-07
7.517588771e-08
-1.272007753e-07
7.027670286e-08
-1.323138019e-07
6.484737929e-08
-1.371728328e-07
5.889144049e-08
-1.417474801e-07
5.241541783e-08
-1.46005192e-07
4.542972941e-08
-1.499111534e-07
3.794955359e-08
-1.534282569e-07
2.999570409e-08
-1.565171602e-07
2.159551054e-08
-1.591364482e-07
1.278370229e-08
-1.612429217e-07
3.603283394e-09
-1.627920158e-07
-5.893636043e-09
-1.637384473e-07
-1.564492137e-08
-1.640369749e-07
-2.557786392e-08
-1.636434417e-07
-3.560845348e-08
-1.625160412e-07
-4.564103679e-08
-1.606168315e-07
-5.556821178e-08
-1.579134963e-07
-6.527108747e-08
-1.543813362e-07
-7.462000779e-08
-1.500054472e-07
-8.347583899e-08
-1.447830217e-07
-9.169191617e-08
-1.387256752e-07
-9.91167292e-08
-1.31861668e-07
-1.055973993e-07
-1.242378667e-07
-1.109839532e-07
-1.159212638e-07
-1.151343424e-07
-1.069998646e-07
-1.1792008e-07
-9.758275631e-08
-1.19232287e-07
-8.779920283e-08
-1.189878537e-07
-7.779665856e-08
-1.171353521e-07
-6.773766964e-08
-1.136602811e-07
-5.779572204e-08
-1.085892157e-07
-4.815019606e-08
-1.019924586e-07
-3.898068346e-08
-9.398487797e-08
-3.046100265e-08
-8.472474214e-08
-2.275329556e-08
-7.441052797e-08
-1.600259765e-08
-6.32758671e-08
-1.033223411e-08
-5.15829848e-08
-5.840318822e-09
-3.961508446e-08
-2.597543795e-09
-2.7668028e-08
-6.462437213e-10
-1.60426259e-08
-5.043991943e-09
-5.732161316e-10
8.070182392e-09
-2.150342879e-09
2.268596719e-08
-4.599490283e-09
3.5800009e-08
-7.80022062e-09
4.745900717e-08
-1.164325071e-08
5.772739006e-08
-1.603019567e-08
6.668131865e-08
-2.087314523e-08
7.44038454e-08
-2.609408647e-08
8.098084033e-08
-3.162421074e-08
8.649761572e-08
-3.740313455e-08
9.103621061e-08
-4.337806286e-08
9.467328955e-08
-4.950292172e-08
9.747861053e-08
-5.573748553e-08
9.951401377e-08
-6.204651991e-08
1.00832878e-07
-6.839895729e-08
1.01479986e-07
-7.476711741e-08
1.014917364e-07
-8.112598049e-08
1.008966393e-07
-8.745251656e-08
9.97160305e-08
-9.372507088e-08
9.796494684e-08
-9.992280303e-08
9.565310715e-08
-1.060251752e-07
9.278595376e-08
-1.120114847e-07
8.93657172e-08
-1.178604359e-07
8.53924766e-08
-1.235497464e-07
8.086519827e-08
-1.290557868e-07
7.578274323e-08
-1.3435325e-07
7.014484248e-08
-1.394148541e-07
6.395304463e-08
-1.442110811e-07
5.721164484e-08
-1.487099579e-07
4.992860615e-08
-1.528768891e-07
4.211648487e-08
-1.56674555e-07
3.379337001e-08
-1.600628883e-07
2.498384382e-08
-1.629991512e-07
1.571996522e-08
-1.654381351e-07
6.042267217e-09
-1.673324968e-07
-3.999274269e-09
-1.686333027e-07
-1.434411549e-08
-1.692907295e-07
-2.492043707e-08
-1.692550412e-07
-3.564414175e-08
-1.684778271e-07
-4.641825092e-08
-1.669135295e-07
-5.71325094e-08
-1.645212742e-07
-6.766334274e-08
-1.612669994e-07
-7.787428259e-08
-1.571258556e-07
-8.761698282e-08
-1.520848198e-07
-9.673295191e-08
-1.461454315e-07
-1.050561175e-07
-1.393265167e-07
-1.124163141e-07
-1.316667281e-07
-1.186437417e-07
-1.232266936e-07
-1.23574377e-07
-1.14090539e-07
-1.270562345e-07
-1.043665506e-07
-1.289562754e-07
-9.418675641e-08
-1.291676479e-07
-8.37052613e-08
-1.276168472e-07
-7.309524761e-08
-1.242702948e-07
-6.254466217e-08
-1.191398012e-07
-5.225073549e-08
-1.122863853e-07
-4.241360602e-08
-1.038220074e-07
-3.322943368e-08
-9.390891448e-08
-2.488346467e-08
-8.275649698e-08
-1.754353769e-08
-7.061579408e-08
-1.135449086e-08
-5.777203163e-08
-6.433846463e-09
-4.453572886e-08
-2.869044405e-09
-3.123283005e-08
-7.162559638e-10
-1.819541434e-08
-5.760247906e-09
-5.758152492e-10
8.645997637e-09
-2.160936703e-09
2.427108864e-08
-4.623482774e-09
3.826255507e-08
-7.842798429e-09
5.067832282e-08
-1.170918027e-08
6.159377189e-08
-1.612367466e-08
7.109581305e-08
-2.09977234e-08
7.927789412e-08
-2.625265893e-08
8.623577586e-08
-3.181907903e-08
9.206403581e-08
-3.763612558e-08
9.685325716e-08
-4.365069367e-08
1.006878576e-07
-4.981659746e-08
1.036445143e-07
-5.609371838e-08
1.057911347e-07
-6.244715805e-08
1.071863177e-07
-6.884641441e-08
1.078792423e-07
-7.526459485e-08
1.079099168e-07
-8.167767546e-08
1.073097199e-07
-8.806381111e-08
1.061021662e-07
-9.440269761e-08
1.043038333e-07
-1.006749838e-07
1.019253934e-07
-1.068617303e-07
9.897270021e-08
-1.129439093e-07
9.544789624e-08
-1.18901942e-07
9.135050932e-08
-1.247152674e-07
8.667852369e-08
-1.303619408e-07
8.142941659e-08
-1.358182594e-07
7.560116105e-08
-1.410584161e-07
6.91932014e-08
-1.46054184e-07
6.220741273e-08
-1.50774636e-07
5.464905818e-08
-1.551859096e-07
4.652775841e-08
-1.592510263e-07
3.785848675e-08
-1.629297828e-07
2.866260036e-08
-1.661787316e-07
1.896891403e-08
-1.689512773e-07
8.814812922e-09
-1.711979151e-07
-1.752636429e-09
-1.728666231e-07
-1.267540758e-08
-1.739035079e-07
-2.388355218e-08
-1.742536515e-07
-3.529399815e-08
-1.738622829e-07
-4.680961958e-08
-1.726762714e-07
-5.831852088e-08
-1.706459765e-07
-6.96936376e-08
-1.677274678e-07
-8.07927913e-08
-1.638851062e-07
-9.145934435e-08
-1.590944464e-07
-1.015236118e-07
-1.533453768e-07
-1.108051871e-07
-1.466453698e-07
-1.191163211e-07
-1.390226573e-07
-1.262664542e-07
-1.305291006e-07
-1.320679336e-07
-1.212424799e-07
-1.363428553e-07
-1.112679073e-07
-1.38930848e-07
-1.007380747e-07
-1.396974805e-07
-8.981208974e-08
-1.385428322e-07
-7.867273714e-08
-1.354096474e-07
-6.752212802e-08
-1.302904103e-07
-5.657584871e-08
-1.232326646e-07
-4.605588737e-08
-1.143419688e-07
-3.618276922e-08
-1.037820326e-07
-2.71674487e-08
-9.177181749e-08
-1.920356656e-08
-7.857967622e-08
-1.24606643e-08
-6.451493388e-08
-7.078864395e-09
-4.991752876e-08
-3.165399895e-09
-3.514629455e-08
-7.930963656e-10
-2.056771787e-08
-6.553344271e-09
-5.758255653e-10
9.221823201e-09
-2.16215446e-09
2.585741753e-08
-4.627915023e-09
4.072831562e-08
-7.852864238e-09
5.390327203e-08
-1.172736302e-08
6.546827067e-08
-1.615225311e-08
7.552070313e-08
-2.10385955e-08
8.416423651e-08
-2.630725984e-08
9.15044402e-08
-3.188838553e-08
9.76451615e-08
-3.772073439e-08
1.02685606e-07
-4.375095868e-08
1.067180819e-07
-4.993281079e-08
1.098263664e-07
-5.622632101e-08
1.120846449e-07
-6.259696733e-08
1.13556964e-07
-6.901485768e-08
1.142971327e-07
-7.545394014e-08
1.143489993e-07
-8.189125221e-08
1.13747032e-07
-8.83062152e-08
1.125171292e-07
-9.467997617e-08
1.106775943e-07
-1.009947966e-07
1.082402137e-07
-1.072334843e-07
1.05211388e-07
-1.133788655e-07
1.015932774e-07
-1.194132899e-07
9.738493369e-08
-1.253181668e-07
9.258340063e-08
-1.31073527e-07
8.718477686e-08
-1.366576084e-07
8.118524242e-08
-1.420464643e-07
7.45820573e-08
-1.47213597e-07
6.737454544e-08
-1.52129619e-07
5.95650802e-08
-1.567619494e-07
5.116008884e-08
-1.610745551e-07
4.217109244e-08
-1.650277506e-07
3.261579583e-08
-1.685780748e-07
2.251923827e-08
-1.716782701e-07
1.191500828e-08
-1.742774102e-07
8.46503626e-10
-1.76321097e-07
-1.06317207e-08
-1.777520596e-07
-2.245258956e-08
-1.785107917e-07
-3.453526606e-08
-1.785366236e-07
-4.678378772e-08
-1.777691253e-07
-5.908601918e-08
-1.761499153e-07
-7.131284761e-08
-1.736249104e-07
-8.331779617e-08
-1.701470317e-07
-9.493722305e-08
-1.65679348e-07
-1.059912954e-07
-1.601985956e-07
-1.162859395e-07
-1.536989549e-07
-1.256159618e-07
-1.461959022e-07
-1.337695069e-07
-1.377298849e-07
-1.40533951e-07
-1.283695068e-07
-1.457032334e-07
-1.182138667e-07
-1.490864881e-07
-1.073936774e-07
-1.505176697e-07
-9.607082321e-08
-1.498656864e-07
-8.443609449e-08
-1.470443761e-07
-7.270497381e-08
-1.42021531e-07
-6.111152809e-08
-1.348261103e-07
-4.990066983e-08
-1.25552827e-07
-3.931925618e-08
-1.143634463e-07
-2.960666667e-08
-1.01484407e-07
-2.098560442e-08
-8.720073847e-08
-1.365387863e-08
-7.184665967e-08
-7.777845454e-09
-5.579356193e-08
-3.488043117e-09
-3.943609688e-08
-8.772281857e-10
-2.31785328e-08
-7.430572455e-09
-5.733110349e-10
9.795134233e-09
-2.154233804e-09
2.74383403e-08
-4.613272343e-09
4.318735416e-08
-7.83117805e-09
5.712117774e-08
-1.169880975e-08
6.933590236e-08
-1.611711839e-08
7.993901178e-08
-2.099700497e-08
8.904412308e-08
-2.625902741e-08
9.676646264e-08
-3.183296778e-08
1.032191019e-07
-3.765727473e-08
1.08509913e-07
-4.367840301e-08
1.127392102e-07
-4.985007689e-08
1.159980403e-07
-5.613250493e-08
1.183670729e-07
-6.249157254e-08
1.199160316e-07
-6.889803479e-08
1.207035949e-07
-7.532672753e-08
1.207776921e-07
-8.175580974e-08
1.201761142e-07
-8.816604519e-08
1.189273646e-07
-9.454012724e-08
1.170516764e-07
-1.008620469e-07
1.145621334e-07
-1.071165022e-07
1.114658433e-07
-1.132883444e-07
1.077651196e-07
-1.193620571e-07
1.034586465e-07
-1.253212632e-07
9.854260669e-08
-1.311482546e-07
9.301176828e-08
-1.368235432e-07
8.6860531e-08
-1.423254292e-07
8.008394332e-08
-1.476295881e-07
7.267870443e-08
-1.527086777e-07
6.464416978e-08
-1.57531969e-07
5.598338008e-08
-1.620650102e-07
4.670413369e-08
-1.662693351e-07
3.682012071e-08
-1.701022312e-07
2.63521344e-08
-1.73516593e-07
1.532937016e-08
-1.764608984e-07
3.790808949e-09
-1.788792683e-07
-8.213350784e-09
-1.807118888e-07
-2.0619969e-08
-1.818954632e-07
-3.335169168e-08
-1.82364116e-07
-4.631513486e-08
-1.82050648e-07
-5.93994872e-08
-1.808882347e-07
-7.247526085e-08
-1.788126326e-07
-8.539339829e-08
-1.757649334e-07
-9.798492221e-08
-1.716948813e-07
-1.100613476e-07
-1.665647179e-07
-1.214161028e-07
-1.603534627e-07
-1.31827217e-07
-1.530614538e-07
-1.410615158e-07
-1.447148939e-07
-1.488805108e-07
-1.353700539e-07
-1.550480735e-07
-1.251167157e-07
-1.593398262e-07
-1.140803934e-07
-1.615539921e-07
-1.024228735e-07
-1.615232062e-07
-9.034069024e-08
-1.591265594e-07
-7.806128719e-08
-1.54300934e-07
-6.583682895e-08
-1.470505686e-07
-5.39358809e-08
-1.374537751e-07
-4.263344737e-08
-1.256658798e-07
-3.220010055e-08
-1.119177538e-07
-2.28911018e-08
-9.650973722e-08
-1.493647338e-08
-7.980128808e-08
-8.532914144e-09
-6.219712116e-08
-3.83829653e-09
-4.413071449e-08
-9.691011533e-10
-2.604772817e-08
-8.399673607e-09
-5.683900751e-10
1.036352431e-08
-2.137605919e-09
2.900755614e-08
-4.580433788e-09
4.563018203e-08
-7.779133598e-09
6.031987755e-08
-1.162542637e-08
7.318219513e-08
-1.602062097e-08
8.433420639e-08
-2.087562142e-08
9.389912352e-08
-2.61107764e-08
1.020016176e-07
-3.165557277e-08
1.087638982e-07
-3.744818317e-08
1.143025234e-07
-4.343488878e-08
1.187259158e-07
-4.956940474e-08
1.221325563e-07
-5.581213804e-08
1.246098063e-07
-6.212940714e-08
1.262333007e-07
-6.849264849e-08
1.270668363e-07
-7.487763103e-08
1.271626746e-07
-8.126369386e-08
1.26562177e-07
-8.763301741e-08
1.252966882e-07
-9.396993334e-08
1.233885923e-07
-1.00260275e-07
1.208524751e-07
-1.064907669e-07
1.176963352e-07
-1.1264845e-07
1.139228027e-07
-1.18720138e-07
1.095303344e-07
-1.246919e-07
1.045143687e-07
-1.305485645e-07
9.886843282e-08
-1.362732406e-07
9.258520712e-08
-1.418468526e-07
8.565755527e-08
-1.472476863e-07
7.807953822e-08
-1.524509477e-07
6.98474312e-08
-1.57428334e-07
6.096076637e-08
-1.621476243e-07
5.142342395e-08
-1.665722976e-07
4.124479403e-08
-1.706611929e-07
3.044102976e-08
-1.743682321e-07
1.903640932e-08
-1.776422337e-07
7.0648106e-09
-1.804268424e-07
-5.42874203e-09
-1.826606775e-07
-1.838613392e-08
-1.842776454e-07
-3.173472371e-08
-1.852075929e-07
-4.538518744e-08
-1.853773522e-07
-5.922972786e-08
-1.847122578e-07
-7.314035521e-08
-1.831382218e-07
-8.696743425e-08
-1.805844454e-07
-1.005386986e-07
-1.769868161e-07
-1.13658977e-07
-1.72291997e-07
-1.261109218e-07
-1.664621508e-07
-1.376570632e-07
-1.594801514e-07
-1.480435152e-07
-1.513550345e-07
-1.570056277e-07
-1.421273215e-07
-1.642757865e-07
-1.318737429e-07
-1.695934048e-07
-1.20710806e-07
-1.727169289e-07
-1.087966205e-07
-1.734373917e-07
-9.633043942e-08
-1.715927405e-07
-8.354950965e-08
-1.670818638e-07
-7.072305771e-08
-1.598770205e-07
-5.814354273e-08
-1.5003329e-07
-4.611565897e-08
-1.376937635e-07
-3.494390347e-08
-1.230895093e-07
-2.491978224e-08
-1.065338584e-07
-1.630985329e-08
-8.841121703e-08
-9.345772331e-09
-6.916120212e-08
-4.217344338e-09
-4.925914248e-08
-1.069146124e-09
-2.919592638e-08
-9.46881973e-09
-5.612429767e-10
1.092476728e-08
-2.112922235e-09
3.05592354e-08
-4.530726886e-09
4.804798668e-08
-7.698846637e-09
6.34879973e-08
-1.151013845e-08
7.699348694e-08
-1.586643541e-08
8.869050335e-08
-2.067873682e-08
9.871142493e-08
-2.586722724e-08
1.07190108e-07
-3.136111641e-08
1.142577874e-07
-3.709830678e-08
1.200397137e-07
-4.302490935e-08
1.246525184e-07
-4.909463752e-08
1.282022844e-07
-5.526811209e-08
1.307832808e-07
-6.151211009e-08
1.324772987e-07
-6.779878641e-08
1.333535126e-07
-7.410489252e-08
1.334687807e-07
-8.041101033e-08
1.328682948e-07
-8.670081395e-08
1.315864918e-07
-9.296036649e-08
1.296481449e-07
-9.917745492e-08
1.270695635e-07
-1.053409627e-07
1.23859843e-07
-1.114402775e-07
1.200221175e-07
-1.17464729e-07
1.155547859e-07
-1.234030526e-07
1.104526924e-07
-1.292428732e-07
1.047082534e-07
-1.349702022e-07
9.831253619e-08
-1.405689462e-07
9.125629929e-08
-1.460204197e-07
8.353101174e-08
-1.513028621e-07
7.51298736e-08
-1.563909569e-07
6.604886112e-08
-1.612553553e-07
5.628782241e-08
-1.658622107e-07
4.585164943e-08
-1.701727327e-07
3.475155183e-08
-1.741427805e-07
2.300645706e-08
-1.777225201e-07
1.064455029e-08
-1.808561892e-07
-2.295072906e-09
-1.834819612e-07
-1.576036197e-08
-1.855321161e-07
-2.96845688e-08
-1.86933369e-07
-4.398393444e-08
-1.876076568e-07
-5.855544006e-08
-1.874733942e-07
-7.327461784e-08
-1.864473264e-07
-8.799350197e-08
-1.844470899e-07
-1.025389351e-07
-1.813945736e-07
-1.167114932e-07
-1.772201391e-07
-1.302853563e-07
-1.718676905e-07
-1.430095118e-07
-1.653004941e-07
-1.546107116e-07
-1.575075263e-07
-1.647985955e-07
-1.485099852e-07
-1.732733275e-07
-1.38367451e-07
-1.797359391e-07
-1.271830504e-07
-1.839013296e-07
-1.151068983e-07
-1.855135438e-07
-1.023370913e-07
-1.843625474e-07
-8.911764323e-08
-1.803013119e-07
-7.573299367e-08
-1.7326167e-07
-6.249908174e-08
-1.63267202e-07
-4.975141157e-08
-1.504414337e-07
-3.783098652e-08
-1.350099344e-07
-2.706936608e-08
-1.172954789e-07
-1.777432456e-08
-9.770625854e-08
-1.021761695e-08
-7.671790972e-08
-4.626200997e-09
-5.485055843e-08
-1.177768787e-09
-3.264435858e-08
-1.064658852e-08
-5.521196722e-10
1.147688696e-08
-2.081082646e-09
3.208819837e-08
-4.465985498e-09
5.043288953e-08
-7.593248006e-09
6.661525981e-08
-1.13570217e-08
8.075726064e-08
-1.565972781e-08
9.299320945e-08
-2.041246755e-08
1.034641647e-07
-2.553523909e-08
1.123128796e-07
-3.095694397e-08
1.196794923e-07
-3.661518742e-08
1.256979572e-07
-4.245589495e-08
1.304932259e-07
-4.843277829e-08
1.341791678e-07
-5.450668852e-08
1.368571911e-07
-6.064489365e-08
1.386155039e-07
-6.682031418e-08
1.395289332e-07
-7.301074491e-08
1.396592114e-07
-7.919808417e-08
1.390556341e-07
-8.536758594e-08
1.377559936e-07
-9.150714411e-08
1.35787703e-07
-9.76066133e-08
1.331690327e-07
-1.036571669e-07
1.299103967e-07
-1.096506903e-07
1.260156409e-07
-1.155792049e-07
1.214833005e-07
-1.214343171e-07
1.163078046e-07
-1.272066874e-07
1.104806236e-07
-1.328855113e-07
1.039913602e-07
-1.384580078e-07
9.682879574e-08
-1.43908907e-07
8.898191097e-08
-1.492199349e-07
8.044090152e-08
-1.54369289e-07
7.119821527e-08
-1.593311051e-07
6.124963853e-08
-1.640749162e-07
5.059546048e-08
-1.685651098e-07
3.924174551e-08
-1.727603972e-07
2.720174446e-08
-1.766133161e-07
1.449746924e-08
-1.800698262e-07
1.16143721e-09
-1.830688729e-07
-1.276131526e-08
-1.855424213e-07
-2.721102036e-08
-1.874153965e-07
-4.211095922e-08
-1.886061686e-07
-5.736466796e-08
-1.890274757e-07
-7.285331079e-08
-1.885879563e-07
-8.843302126e-08
-1.871944412e-07
-1.039324502e-07
-1.847551435e-07
-1.19150791e-07
-1.811838637e-07
-1.338566361e-07
-1.76405267e-07
-1.477881085e-07
-1.703611973e-07
-1.606547813e-07
-1.630178606e-07
-1.721419321e-07
-1.543735405e-07
-1.819176476e-07
-1.444663139e-07
-1.896431657e-07
-1.333810478e-07
-1.949865956e-07
-1.212548079e-07
-1.976397837e-07
-1.082797442e-07
-1.973376111e-07
-9.470259537e-08
-1.938784607e-07
-8.082018204e-08
-1.871440834e-07
-6.697066451e-08
-1.771167195e-07
-5.352087149e-08
-1.638912267e-07
-4.08505949e-08
-1.476802109e-07
-2.933528164e-08
-1.288107921e-07
-1.932892133e-08
-1.077126189e-07
-1.114905178e-08
-8.489777927e-08
-5.065676995e-09
-6.093393321e-08
-1.295342633e-09
-3.641469294e-08
-1.194193115e-08
-5.413481552e-10
1.201823511e-08
-2.043266086e-09
3.35901163e-08
-4.38861235e-09
5.27782358e-08
-7.466183583e-09
6.969283104e-08
-1.117144088e-08
8.446251794e-08
-1.540733195e-08
9.722910053e-08
-2.008496382e-08
1.081417965e-07
-2.512404755e-08
1.173519633e-07
-3.045309046e-08
1.250085352e-07
-3.600933995e-08
1.312542067e-07
-4.173850499e-08
1.36222391e-07
-4.759429405e-08
1.400349568e-07
-5.353781363e-08
1.428007106e-07
-5.953687054e-08
1.446145608e-07
-6.556521732e-08
1.455572799e-07
-7.160177315e-08
1.456957673e-07
-7.762984562e-08
1.450837066e-07
-8.363637136e-08
1.437625193e-07
-8.961118708e-08
1.417625188e-07
-9.554633683e-08
1.391041825e-07
-1.014354173e-07
1.357994771e-07
-1.072729591e-07
1.318531828e-07
-1.130538407e-07
1.27264182e-07
-1.187727277e-07
1.220266917e-07
-1.244235332e-07
1.161314291e-07
-1.299988882e-07
1.095667153e-07
-1.354896184e-07
1.023195259e-07
-1.408842155e-07
9.437650809e-08
-1.461682987e-07
8.572498473e-08
-1.51324058e-07
7.635397459e-08
-1.563296753e-07
6.625525579e-08
-1.611587201e-07
5.542450538e-08
-1.657795231e-07
4.386254849e-08
-1.701545319e-07
3.157675325e-08
-1.742396698e-07
1.858260715e-08
-1.779837341e-07
4.90550157e-09
-1.81327771e-07
-9.417278358e-09
-1.84204798e-07
-2.433399336e-08
-1.865394519e-07
-3.977630529e-08
-1.882480923e-07
-5.565602753e-08
-1.892393266e-07
-7.186207643e-08
-1.894151308e-07
-8.825721711e-08
-1.886727489e-07
-1.04674832e-07
-1.869075632e-07
-1.209159767e-07
-1.84017111e-07
-1.367470882e-07
-1.79906388e-07
-1.518988316e-07
-1.744944872e-07
-1.660666821e-07
-1.677224906e-07
-1.789139287e-07
-1.595623352e-07
-1.90077803e-07
-1.500261441e-07
-1.991793568e-07
-1.391752534e-07
-2.058374862e-07
-1.271279338e-07
-2.096871033e-07
-1.140646523e-07
-2.104008925e-07
-1.002297171e-07
-2.07713396e-07
-8.592834094e-08
-2.014454595e-07
-7.15185907e-08
-1.915264697e-07
-5.739831378e-08
-1.780115036e-07
-4.398788736e-08
-1.610906373e-07
-3.171037301e-08
-1.410883065e-07
-2.097122798e-08
-1.184517639e-07
-1.213999645e-08
-9.37290108e-08
-5.536343374e-09
-6.753758627e-08
-1.42220159e-09
-4.052883472e-08
-1.336413273e-08
-5.293439166e-10
1.254757903e-08
-2.000964788e-09
3.506173718e-08
-4.301648621e-09
5.507891963e-08
-7.322524438e-09
7.271370686e-08
-1.096020082e-08
8.810019432e-08
-1.511793782e-08
1.013868375e-07
-1.970662954e-08
1.127304883e-07
-2.46455084e-08
1.222908422e-07
-2.986254097e-08
1.302255678e-07
-3.529452244e-08
1.366861882e-07
-4.088690272e-08
1.418147713e-07
-4.659339128e-08
1.457414454e-07
-5.237539332e-08
1.485827127e-07
-5.820132841e-08
1.504404959e-07
-6.404587748e-08
1.51401829e-07
-6.988919595e-08
1.515390858e-07
-7.57161225e-08
1.509106331e-07
-8.151540449e-08
1.495618013e-07
-8.727895356e-08
1.475260679e-07
-9.300113896e-08
1.448263679e-07
-9.867812078e-08
1.41476459e-07
-1.04307222e-07
1.37482284e-07
-1.098863349e-07
1.328432949e-07
-1.15413356e-07
1.275537129e-07
-1.208856423e-07
1.216037153e-07
-1.262994786e-07
1.149805516e-07
-1.316495495e-07
1.076695969e-07
-1.369284036e-07
9.965536226e-08
-1.421259022e-07
9.092248329e-08
-1.472286413e-07
8.145671372e-08
-1.522193407e-07
7.124595524e-08
-1.570761916e-07
6.028135633e-08
-1.617721604e-07
4.85585173e-08
-1.662742497e-07
3.607884258e-08
-1.705427275e-07
2.285108497e-08
-1.745303415e-07
8.893115515e-09
-1.781815429e-07
-5.766076855e-09
-1.814318146e-07
-2.108372163e-08
-1.84207113e-07
-3.700100689e-08
-1.864235203e-07
-5.34396202e-08
-1.879873227e-07
-7.029827406e-08
-1.887956372e-07
-8.744890262e-08
-1.887378028e-07
-1.047326664e-07
-1.876977718e-07
-1.219560076e-07
-1.855577472e-07
-1.388871128e-07
-1.822032917e-07
-1.55253287e-07
-1.775300661e-07
-1.707399077e-07
-1.714522249e-07
-1.849917698e-07
-1.639122981e-07
-1.976177298e-07
-1.548921108e-07
-2.081995441e-07
-1.444239717e-07
-2.163056253e-07
-1.326010241e-07
-2.215100509e-07
-1.195853868e-07
-2.234165298e-07
-1.056125892e-07
-2.216861936e-07
-9.099092662e-08
-2.160671221e-07
-7.609477634e-08
-2.0642262e-07
-6.135163059e-08
-1.927546494e-07
-4.722353539e-08
-1.752187325e-07
-3.418461542e-08
-1.541272264e-07
-2.269720457e-08
-1.299391747e-07
-1.318959714e-08
-1.032366182e-07
-6.038497181e-09
-7.468868623e-08
-1.558632913e-09
-4.500869898e-08
-1.492276565e-08
-5.166210287e-10
1.306420006e-08
-1.956024121e-09
3.650114027e-08
-4.208854041e-09
5.733174955e-08
-7.168291893e-09
7.567314472e-08
-1.073171513e-08
9.166361756e-08
-1.480229771e-08
1.054574201e-07
-1.929035699e-08
1.172185475e-07
-2.411435065e-08
1.271148359e-07
-2.920149178e-08
1.353127089e-07
-3.448799638e-08
1.419726928e-07
-3.99190076e-08
1.472457825e-07
-4.544825564e-08
1.512706935e-07
-5.103751772e-08
1.541719748e-07
-5.665593886e-08
1.56058917e-07
-6.227926754e-08
1.570251577e-07
-6.78890502e-08
1.571488684e-07
-7.347181856e-08
1.564934015e-07
-7.901829375e-08
1.551082765e-07
-8.452262293e-08
1.53030397e-07
-8.998165687e-08
1.502854019e-07
-9.539427145e-08
1.468890736e-07
-1.007607319e-07
1.428487444e-07
-1.060820951e-07
1.381646581e-07
-1.113596439e-07
1.328312617e-07
-1.165943445e-07
1.268384159e-07
-1.217863173e-07
1.201725245e-07
-1.269343116e-07
1.128175912e-07
-1.320351712e-07
1.047562218e-07
-1.370832804e-07
9.597059252e-08
-1.420699783e-07
8.644341162e-08
-1.469829286e-07
7.615890564e-08
-1.518054363e-07
6.510386397e-08
-1.565157003e-07
5.326878135e-08
-1.610860005e-07
4.064914288e-08
-1.654818185e-07
2.724690291e-08
-1.696609048e-07
1.307220183e-08
-1.735723336e-07
-1.85464797e-09
-1.771554731e-07
-1.750058209e-08
-1.803392529e-07
-3.381722708e-08
-1.830413196e-07
-5.073755347e-08
-1.851676491e-07
-6.81719446e-08
-1.866126149e-07
-8.600393678e-08
-1.872597651e-07
-1.040855161e-07
-1.869835831e-07
-1.222321897e-07
-1.856525419e-07
-1.40218154e-07
-1.831337705e-07
-1.577720584e-07
-1.79299611e-07
-1.745740673e-07
-1.740362389e-07
-1.902551419e-07
-1.672543235e-07
-2.043996452e-07
-1.589014034e-07
-2.165524642e-07
-1.489752666e-07
-2.262317621e-07
-1.375371805e-07
-2.329481371e-07
-1.247233999e-07
-2.362303104e-07
-1.107531045e-07
-2.356564889e-07
-9.593089814e-08
-2.308893284e-07
-8.064236041e-08
-2.217111577e-07
-6.534190984e-08
-2.080550999e-07
-5.053336061e-08
-1.900272817e-07
-3.674485174e-08
-1.679157353e-07
-2.45010247e-08
-1.421830017e-07
-1.429614487e-08
-1.13441498e-07
-6.57213076e-09
-8.241270033e-08
-1.704871191e-09
-4.987595854e-08
-1.662763683e-08
-5.038056856e-10
1.356800575e-08
-1.910690717e-09
3.790802531e-08
-4.114802282e-09
5.953586112e-08
-7.010803961e-09
7.85691464e-08
-1.04961997e-08
9.51490133e-08
-1.447345733e-08
1.094346778e-07
-1.88517824e-08
1.215968726e-07
-2.354844246e-08
1.318114959e-07
-2.848961331e-08
1.402538798e-07
-3.361077522e-08
1.470938547e-07
-3.885672035e-08
1.524917276e-07
-4.418124755e-08
1.565952207e-07
-4.954662396e-08
1.595373512e-07
-5.492288672e-08
1.614351798e-07
-6.028704869e-08
1.623893197e-07
-6.562225881e-08
1.624840786e-07
-7.091695614e-08
1.617880988e-07
-7.616404428e-08
1.603553647e-07
-8.136010362e-08
1.582264564e-07
-8.650465053e-08
1.554299488e-07
-9.15994466e-08
1.519838696e-07
-9.664785624e-08
1.478971541e-07
-1.016542479e-07
1.431710498e-07
-1.066234311e-07
1.37800445e-07
-1.115601207e-07
1.317751055e-07
-1.164684167e-07
1.250808205e-07
-1.21351289e-07
1.177004635e-07
-1.262100531e-07
1.09614986e-07
-1.310438243e-07
1.008043638e-07
-1.358489351e-07
9.124852238e-08
-1.406183016e-07
8.092827221e-08
-1.453407259e-07
6.98262883e-08
-1.500001195e-07
5.792817498e-08
-1.545746388e-07
4.522366221e-08
-1.590357253e-07
3.170798936e-08
-1.633470565e-07
1.73835331e-08
-1.674634412e-07
2.261736778e-09
-1.71329514e-07
-1.363450933e-08
-1.748787768e-07
-3.026796428e-08
-1.780323206e-07
-4.758400961e-08
-1.806979475e-07
-6.550631765e-08
-1.827696413e-07
-8.393224297e-08
-1.841276474e-07
-1.027275101e-07
-1.846394672e-07
-1.217203698e-07
-1.841621311e-07
-1.406954901e-07
-1.825461558e-07
-1.593880337e-07
-1.796415979e-07
-1.774786251e-07
-1.753065436e-07
-1.945901961e-07
-1.69418204e-07
-2.102879848e-07
-1.618864834e-07
-2.240841848e-07
-1.526694473e-07
-2.354487981e-07
-1.417895657e-07
-2.438280187e-07
-1.293490208e-07
-2.486708553e-07
-1.1554188e-07
-2.494636296e-07
-1.006607147e-07
-2.457704937e-07
-8.509546326e-08
-2.372764092e-07
-6.932310724e-08
-2.23827456e-07
-5.388802836e-08
-2.054623606e-07
-3.937456385e-08
-1.824291998e-07
-2.637493628e-08
-1.551826293e-07
-1.545700825e-08
-1.243594261e-07
-7.136908666e-09
-9.073279991e-08
-1.86109459e-09
-5.515177261e-08
-1.848873142e-08
-4.916534101e-10
1.405965916e-08
-1.867672551e-09
3.928404445e-08
-4.024998086e-09
6.169318666e-08
-6.858851802e-09
8.140300012e-08
-1.026590078e-08
9.855606229e-08
-1.414702079e-08
1.133157978e-07
-1.840956972e-08
1.258594216e-07
-2.296907474e-08
1.36371001e-07
-2.775031609e-08
1.450351211e-07
-3.268785808e-08
1.520313967e-07
-3.772611369e-08
1.575299832e-07
-4.281904277e-08
1.616881498e-07
-4.792958287e-08
1.646478913e-07
-5.302890217e-08
1.665344991e-07
-5.80955494e-08
1.674559669e-07
-6.311455957e-08
1.675030887e-07
-6.807655901e-08
1.667500983e-07
-7.297689915e-08
1.652557048e-07
-7.781483747e-08
1.630643947e-07
-8.259277472e-08
1.60207886e-07
-8.731555086e-08
1.567066458e-07
-9.198979732e-08
1.525714005e-07
-9.662333941e-08
1.478045919e-07
-1.012246405e-07
1.424017461e-07
-1.058022775e-07
1.363527425e-07
-1.103644359e-07
1.296429789e-07
-1.149184113e-07
1.22254439e-07
-1.19470104e-07
1.141666787e-07
-1.2402349e-07
1.053577498e-07
-1.285800544e-07
9.580508678e-08
-1.331381689e-07
8.548638671e-08
-1.37692397e-07
7.438051641e-08
-1.422327096e-07
6.246848761e-08
-1.46743595e-07
4.973454763e-08
-1.512030494e-07
3.616744379e-08
-1.555814448e-07
2.176192854e-08
-1.598402779e-07
6.520569892e-09
-1.639307347e-07
-9.544052521e-09
-1.67792361e-07
-2.640633786e-08
-1.713515303e-07
-4.402484035e-08
-1.745200424e-07
-6.233780549e-08
-1.771939883e-07
-8.125829709e-08
-1.792530832e-07
-1.006684151e-07
-1.805607885e-07
-1.204126645e-07
-1.809656228e-07
-1.402906557e-07
-1.803041487e-07
-1.600495078e-07
-1.784061726e-07
-1.793766012e-07
-1.751026842e-07
-1.978936845e-07
-1.702369387e-07
-2.151537303e-07
-1.636788077e-07
-2.306423157e-07
-1.553420625e-07
-2.437855433e-07
-1.452036031e-07
-2.53966478e-07
-1.333228805e-07
-2.605515779e-07
-1.198590121e-07
-2.62927498e-07
-1.050825844e-07
-2.605469215e-07
-8.937911583e-08
-2.529798777e-07
-7.324182906e-08
-2.399647427e-07
-5.725281307e-08
-2.214513766e-07
-4.205369293e-08
-1.976283199e-07
-2.830915678e-08
-1.689271655e-07
-1.666858931e-08
-1.359999935e-07
-7.732156868e-09
-9.966923234e-08
-2.027424809e-09
-6.085650466e-08
-2.051615623e-08
-4.810715097e-10
1.454073067e-08
-1.83021595e-09
4.06331889e-08
-3.946024708e-09
6.380899543e-08
-6.72291736e-09
8.417989278e-08
-1.005536967e-08
1.018885146e-07
-1.384146085e-08
1.17101889e-07
-1.798573109e-08
1.300036918e-07
-2.240126672e-08
1.407865366e-07
-2.701101912e-08
1.496448735e-07
-3.174844317e-08
1.567688207e-07
-3.655757805e-08
1.623391181e-07
-4.139270258e-08
1.665232743e-07
-4.621769024e-08
1.69472879e-07
-5.100517276e-08
1.713219816e-07
-5.573560054e-08
1.721863947e-07
-6.039626712e-08
1.721637553e-07
-6.498034562e-08
1.713341768e-07
-6.948596849e-08
1.697613277e-07
-7.391536885e-08
1.674937951e-07
-7.827409158e-08
1.645666088e-07
-8.257027503e-08
1.610028293e-07
-8.681399912e-08
1.568151247e-07
-9.101669205e-08
1.520072849e-07
-9.519058559e-08
1.465756396e-07
-9.93482071e-08
1.405103641e-07
-1.035018954e-07
1.337966672e-07
-1.076633264e-07
1.264158699e-07
-1.11843033e-07
1.183463853e-07
-1.16049904e-07
1.095646208e-07
-1.202906433e-07
1.000458261e-07
-1.245691727e-07
8.976491612e-08
-1.28885957e-07
7.869730076e-08
-1.332372328e-07
6.681976338e-08
-1.376141188e-07
5.411143365e-08
-1.420015892e-07
4.055491421e-08
-1.463772939e-07
2.61376333e-08
-1.507102115e-07
1.085348753e-08
-1.549591287e-07
-5.295135257e-09
-1.59070977e-07
-2.229448954e-08
-1.629791203e-07
-4.011669707e-08
-1.666014628e-07
-5.871546297e-08
-1.698387318e-07
-7.802102807e-08
-1.725730537e-07
-9.793409316e-08
-1.746671364e-07
-1.183185817e-07
-1.759644768e-07
-1.389933154e-07
-1.762911358e-07
-1.597228488e-07
-1.754597336e-07
-1.802080035e-07
-1.732763757e-07
-2.000770423e-07
-1.69551178e-07
-2.188789279e-07
-1.641128412e-07
-2.360806526e-07
-1.568272785e-07
-2.51071106e-07
-1.476195897e-07
-2.631741668e-07
-1.364977266e-07
-2.71673441e-07
-1.235751584e-07
-2.758500662e-07
-1.090889611e-07
-2.750331188e-07
-9.340936391e-08
-2.686594748e-07
-7.703723331e-08
-2.563368733e-07
-6.058744548e-08
-2.379011644e-07
-4.475852006e-08
-2.134572453e-07
-3.02918143e-08
-1.833938712e-07
-1.792631158e-08
-1.483654962e-07
-8.356869967e-09
-1.092386739e-07
-2.203932652e-09
-6.700944196e-08
-2.272008888e-08
-4.731490006e-10
1.501387968e-08
-1.802206137e-09
4.196224604e-08
-3.885732815e-09
6.589252211e-08
-6.615446366e-09
8.690960634e-08
-9.881798816e-09
1.051548671e-07
-1.357848712e-08
1.207985773e-07
-1.76059926e-08
1.340311973e-07
-2.187409626e-08
1.450546403e-07
-2.630341673e-08
1.54074194e-07
-3.082610994e-08
1.61291514e-07
-3.538590473e-08
1.668989129e-07
-3.993765028e-08
1.710750199e-07
-4.444653409e-08
1.739817628e-07
-4.888710309e-08
1.757625507e-07
-5.324219142e-08
1.76541483e-07
-5.750183067e-08
1.764233946e-07
-6.166219414e-08
1.754945403e-07
-6.572460695e-08
1.738237405e-07
-6.969463867e-08
1.714638268e-07
-7.358128415e-08
1.684532543e-07
-7.73962305e-08
1.648177756e-07
-8.115320309e-08
1.605720973e-07
-8.486738036e-08
1.557214621e-07
-8.855486506e-08
1.502631244e-07
-9.223219844e-08
1.441876975e-07
-9.591590307e-08
1.374803719e-07
-9.962203897e-08
1.301220059e-07
-1.033657572e-07
1.220901036e-07
-1.071608341e-07
1.133596977e-07
-1.110191678e-07
1.039041598e-07
-1.149502175e-07
9.369596592e-08
-1.189603658e-07
8.270744904e-08
-1.230521789e-07
7.091157651e-08
-1.272235439e-07
5.828279863e-08
-1.314666549e-07
4.47980253e-08
-1.357668252e-07
3.043780363e-08
-1.401011047e-07
1.518776703e-08
-1.444366944e-07
-9.595455177e-10
-1.487290361e-07
-1.800214782e-08
-1.529199971e-07
-3.592573604e-08
-1.569355303e-07
-5.469992981e-08
-1.606834444e-07
-7.427311389e-08
-1.640512539e-07
-9.456628363e-08
-1.669044046e-07
-1.15465431e-07
-1.69085288e-07
-1.36812432e-07
-1.704136109e-07
-1.583945258e-07
-1.706888588e-07
-1.799327556e-07
-1.696957336e-07
-2.010701676e-07
-1.67213507e-07
-2.213611544e-07
-1.630301169e-07
-2.402640427e-07
-1.56961458e-07
-2.571397649e-07
-1.488755957e-07
-2.712600291e-07
-1.387205436e-07
-2.818284931e-07
-1.265528959e-07
-2.880177138e-07
-1.12563261e-07
-2.890227537e-07
-9.70935305e-08
-2.841292053e-07
-8.064104184e-08
-2.72789362e-07
-6.38460423e-08
-2.546961639e-07
-4.746161422e-08
-2.298416734e-07
-3.230894541e-08
-1.9854654e-07
-1.922465114e-08
-1.614497905e-07
-9.009743317e-09
-1.194535818e-07
-2.390651625e-09
-7.362853365e-08
-2.51107405e-08
-4.691969458e-10
1.548307662e-08
-1.788300065e-09
4.328134917e-08
-3.853485198e-09
6.795770725e-08
-6.551194296e-09
8.960731544e-08
-9.765436718e-09
1.083691095e-07
-1.338348583e-08
1.244166264e-07
-1.730021217e-08
1.379479236e-07
-2.142105315e-08
1.491754813e-07
-2.566373286e-08
1.583168737e-07
-2.995894961e-08
1.655867307e-07
-3.425027772e-08
1.71190241e-07
-3.849351767e-08
1.753182598e-07
-4.265569583e-08
1.78143941e-07
-4.671387503e-08
1.798207299e-07
-5.065389616e-08
1.804815042e-07
-5.446913455e-08
1.80238633e-07
-5.81593249e-08
1.791847307e-07
-6.172948463e-08
1.773939003e-07
-6.518894867e-08
1.749232909e-07
-6.855051676e-08
1.718148224e-07
-7.182970658e-08
1.680969655e-07
-7.504410119e-08
1.637864919e-07
-7.821277714e-08
1.588901381e-07
-8.135579776e-08
1.53406145e-07
-8.449375609e-08
1.473256558e-07
-8.764735137e-08
1.406339672e-07
-9.083698277e-08
1.333116373e-07
-9.408234383e-08
1.253354647e-07
-9.740200026e-08
1.166793541e-07
-1.008129327e-07
1.073150923e-07
-1.043300249e-07
9.721305809e-08
-1.07965475e-07
8.634289915e-08
-1.117281076e-07
7.467420913e-08
-1.156225588e-07
6.217724989e-08
-1.19648306e-07
4.882377248e-08
-1.237985089e-07
3.458800656e-08
-1.280586402e-07
1.944789834e-08
-1.324048777e-07
3.386692035e-09
-1.368020895e-07
-1.360493606e-08
-1.412018496e-07
-3.15259759e-08
-1.455398637e-07
-5.036191561e-08
-1.497332737e-07
-7.007970388e-08
-1.536778544e-07
-9.062170298e-08
-1.572453238e-07
-1.118979615e-07
-1.602811404e-07
-1.337766154e-07
-1.626033403e-07
-1.560723258e-07
-1.640031996e-07
-1.785328963e-07
-1.642487331e-07
-2.00824634e-07
-1.630922297e-07
-2.225176579e-07
-1.602830537e-07
-2.430732187e-07
-1.555867052e-07
-2.618361134e-07
-1.488104731e-07
-2.780362611e-07
-1.398348534e-07
-2.908041128e-07
-1.286482658e-07
-2.992043014e-07
-1.15380734e-07
-3.022902855e-07
-1.003305923e-07
-2.99179347e-07
-8.39776352e-08
-2.891423191e-07
-6.697710461e-08
-2.716966945e-07
-5.013184721e-08
-2.466869308e-07
-3.434455787e-08
-2.143338293e-07
-2.055722136e-08
-1.75237127e-07
-9.689238361e-09
-1.303215648e-07
-2.587602701e-09
-8.07301693e-08
-2.76983432e-08
-4.708032541e-10
1.595387988e-08
-1.79410306e-09
4.460464898e-08
-3.860475572e-09
7.002407977e-08
-6.547666581e-09
9.229450646e-08
-9.730100898e-09
1.115515438e-07
-1.328604372e-08
1.279725692e-07
-1.710285182e-08
1.417647318e-07
-2.10804053e-08
1.531530347e-07
-2.513293929e-08
1.623694077e-07
-2.918960782e-08
1.696433992e-07
-3.319412643e-08
1.751947597e-07
-3.710380424e-08
1.792279377e-07
-4.088822021e-08
1.819283569e-07
-4.452773777e-08
1.834602474e-07
-4.801199555e-08
1.83965762e-07
-5.133846411e-08
1.835651016e-07
-5.451112146e-08
1.82357388e-07
-5.753927232e-08
1.804220512e-07
-6.043651722e-08
1.778205358e-07
-6.321986508e-08
1.745981703e-07
-6.590897558e-08
1.70786076e-07
-6.852551424e-08
1.664030306e-07
-7.1092601e-08
1.614572249e-07
-7.363433373e-08
1.559478777e-07
-7.617536782e-08
1.498666899e-07
-7.874053415e-08
1.431991335e-07
-8.135447797e-08
1.359255811e-07
-8.404130162e-08
1.280222883e-07
-8.682419363e-08
1.194622462e-07
-8.972502619e-08
1.102159249e-07
-9.276390129e-08
1.002519332e-07
-9.595862457e-08
8.953762245e-08
-9.932408271e-08
7.803966729e-08
-1.028714973e-07
6.57246645e-08
-1.066075236e-07
5.255979884e-08
-1.105331582e-07
3.851364113e-08
-1.146424208e-07
2.355716096e-08
-1.189207628e-07
7.665034055e-09
-1.233431072e-07
-9.182591657e-09
-1.278716516e-07
-2.699743149e-08
-1.32453241e-07
-4.57803261e-08
-1.370163028e-07
-6.551664207e-08
-1.414675033e-07
-8.617050245e-08
-1.45688239e-07
-1.076772258e-07
-1.49531264e-07
-1.299335904e-07
-1.528179562e-07
-1.527856336e-07
-1.553369944e-07
-1.760138581e-07
-1.568455358e-07
-1.993160926e-07
-1.570743033e-07
-2.222888903e-07
-1.557382088e-07
-2.444093131e-07
-1.525541026e-07
-2.650202196e-07
-1.472667523e-07
-2.833236114e-07
-1.396830225e-07
-2.983878426e-07
-1.297123741e-07
-3.091749498e-07
-1.174093915e-07
-3.145932681e-07
-1.03011594e-07
-3.135771445e-07
-8.6964175e-08
-3.051897381e-07
-6.992355184e-08
-2.887373177e-07
-5.273446345e-08
-2.638760192e-07
-3.638076259e-08
-2.306875302e-07
-2.19169234e-08
-1.897009662e-07
-1.039369132e-08
-1.418447968e-07
-2.794834324e-09
-8.832902629e-08
-3.049317752e-08
-4.799074024e-10
1.643378729e-08
-1.826404462e-09
4.595114605e-08
-3.920144535e-09
7.211781985e-08
-6.625678254e-09
9.500004019e-08
-9.80380913e-09
1.147296747e-07
-1.33205647e-08
1.314893248e-07
-1.70534968e-08
1.454976639e-07
-2.089555161e-08
1.569950896e-07
-2.475689315e-08
1.662307493e-07
-2.856517769e-08
1.734516838e-07
-3.226476256e-08
1.788943445e-07
-3.581525992e-08
1.82778435e-07
-3.918975526e-08
1.853028523e-07
-4.237292161e-08
1.866434138e-07
-4.535918346e-08
1.869520238e-07
-4.815102283e-08
1.86356941e-07
-5.075747436e-08
1.849638396e-07
-5.319282476e-08
1.828574016e-07
-5.547551125e-08
1.801032223e-07
-5.762720186e-08
1.767498609e-07
-5.967203425e-08
1.728309084e-07
-6.163598755e-08
1.683669839e-07
-6.354636222e-08
1.633675996e-07
-6.543134408e-08
1.578328596e-07
-6.731963061e-08
1.517549765e-07
-6.924009979e-08
1.451196027e-07
-7.122150239e-08
1.379069837e-07
-7.329216082e-08
1.300929468e-07
-7.547965714e-08
1.216497425e-07
-7.781049262e-08
1.125467604e-07
-8.030970059e-08
1.027511412e-07
-8.300039214e-08
9.222831402e-08
-8.590321176e-08
8.094248692e-08
-8.9035676e-08
6.885712876e-08
-9.241136336e-08
5.593548622e-08
-9.603891687e-08
4.214119466e-08
-9.992081639e-08
2.743906049e-08
-1.040518672e-07
1.179608489e-08
-1.084173316e-07
-4.817127211e-09
-1.129906525e-07
-2.242411064e-08
-1.177308418e-07
-4.104013673e-08
-1.225791879e-07
-6.066829593e-08
-1.274555196e-07
-8.129417081e-08
-1.322540241e-07
-1.028787213e-07
-1.368388283e-07
-1.253487862e-07
-1.410397494e-07
-1.485847124e-07
-1.446489173e-07
-1.724046903e-07
-1.47419358e-07
-1.965456518e-07
-1.490670815e-07
-2.206411668e-07
-1.492786372e-07
-2.441977574e-07
-1.477263418e-07
-2.66572515e-07
-1.440931719e-07
-2.869567813e-07
-1.381083697e-07
-3.043726448e-07
-1.295928813e-07
-3.176904382e-07
-1.185108523e-07
-3.256752972e-07
-1.050199867e-07
-3.2706801e-07
-8.951066457e-08
-3.206990602e-07
-7.26227313e-08
-3.056252509e-07
-5.523117591e-08
-2.812675746e-07
-3.839797233e-08
-2.475207338e-07
-2.32961738e-08
-2.048027647e-07
-1.112147779e-08
-1.540194928e-07
-3.012483141e-09
-9.643802093e-08
-3.350566066e-08
-4.989026311e-10
1.693268992e-08
-1.893492283e-09
4.734573571e-08
-4.048721509e-09
7.427304908e-08
-6.810061623e-09
9.776138031e-08
-1.001954694e-08
1.1793916e-07
-1.352697807e-08
1.349967559e-07
-1.719739561e-08
1.491680814e-07
-2.091530895e-08
1.607130029e-07
-2.458631496e-08
1.699017553e-07
-2.813684064e-08
1.770022095e-07
-3.151267863e-08
1.822701825e-07
-3.467685292e-08
1.859426093e-07
-3.760721162e-08
1.88233211e-07
-4.029401607e-08
1.893302183e-07
-4.273769202e-08
1.893956998e-07
-4.494683109e-08
1.8856608e-07
-4.693647632e-08
1.869534848e-07
-4.87266902e-08
1.846476155e-07
-5.03413832e-08
1.817179153e-07
-5.180736989e-08
1.782158476e-07
-5.315361647e-08
1.74177155e-07
-5.44106438e-08
1.696240112e-07
-5.561005284e-08
1.645670086e-07
-5.678414291e-08
1.590069497e-07
-5.796559742e-08
1.52936431e-07
-5.91872144e-08
1.463412197e-07
-6.048166199e-08
1.392014313e-07
-6.188124169e-08
1.314925265e-07
-6.341764276e-08
1.231861436e-07
-6.512167109e-08
1.142507887e-07
-6.702293551e-08
1.046524056e-07
-6.914947337e-08
9.435485189e-08
-7.152729375e-08
8.332030731e-08
-7.417981338e-08
7.150964841e-08
-7.712715422e-08
5.888282709e-08
-8.03852641e-08
4.539930455e-08
-8.396481236e-08
3.101860876e-08
-8.786981157e-08
1.570108411e-08
-9.209588337e-08
-5.910553955e-10
-9.662800258e-08
-1.789199141e-08
-1.014380007e-07
-3.623013855e-08
-1.064811776e-07
-5.56251191e-08
-1.116923427e-07
-7.608300561e-08
-1.169811503e-07
-9.758991378e-08
-1.222268221e-07
-1.201031144e-07
-1.272725392e-07
-1.435389952e-07
-1.319200692e-07
-1.677571603e-07
-1.359256326e-07
-1.925400883e-07
-1.389985757e-07
-2.175682237e-07
-1.408050491e-07
-2.423912841e-07
-1.409794501e-07
-2.663981139e-07
-1.391465747e-07
-2.887896567e-07
-1.349568426e-07
-3.08562377e-07
-1.281351813e-07
-3.245120994e-07
-1.185409323e-07
-3.352695462e-07
-1.062317351e-07
-3.393772072e-07
-9.151981739e-08
-3.354109779e-07
-7.500630763e-08
-3.221387607e-07
-5.758023566e-08
-2.986936465e-07
-4.037515422e-08
-2.647258152e-07
-2.468722094e-08
-2.20490698e-07
-1.18712491e-08
-1.668354646e-07
-3.24086296e-09
-1.050684071e-07
-3.674652362e-08
-5.307760906e-10
1.746346602e-08
-2.005573496e-09
4.882053312e-08
-4.265928368e-09
7.653340396e-08
-7.130552824e-09
1.006260048e-07
-1.041618252e-08
1.212247897e-07
-1.395151816e-08
1.385320916e-07
-1.758596334e-08
1.528025266e-07
-2.119403658e-08
1.643210762e-07
-2.46764737e-08
1.733841924e-07
-2.795908988e-08
1.802848257e-07
-3.099031684e-08
1.853014095e-07
-3.373811082e-08
1.886904033e-07
-3.618671408e-08
1.906818143e-07
-3.833357436e-08
1.914770786e-07
-4.018659061e-08
1.912487161e-07
-4.176175735e-08
1.901412468e-07
-4.30812173e-08
1.882729448e-07
-4.417169483e-08
1.85738093e-07
-4.506326372e-08
1.826094842e-07
-4.578839561e-08
1.789409795e-07
-4.638123587e-08
1.747699953e-07
-4.687705803e-08
1.701198334e-07
-4.731185414e-08
1.650018048e-07
-4.772202494e-08
1.594171205e-07
-4.814414027e-08
1.533585464e-07
-4.861474468e-08
1.468118241e-07
-4.917018682e-08
1.397568735e-07
-4.98464562e-08
1.321687959e-07
-5.067901176e-08
1.240186992e-07
-5.170258647e-08
1.152743634e-07
-5.295095315e-08
1.059007723e-07
-5.445663563e-08
9.586053439e-08
-5.625054644e-08
8.511421813e-08
-5.83615283e-08
7.362063029e-08
-6.081577104e-08
6.133706984e-08
-6.363606671e-08
4.821960024e-08
-6.684085455e-08
3.422339661e-08
-7.044300798e-08
1.930323755e-08
-7.444828202e-08
3.414218657e-09
-7.885320143e-08
-1.348707198e-08
-8.364266994e-08
-3.144067004e-08
-8.878670734e-08
-5.048108168e-08
-9.423641629e-08
-7.063329665e-08
-9.991904566e-08
-9.19072844e-08
-1.057321027e-07
-1.142900573e-07
-1.11536632e-07
-1.37734466e-07
-1.171500428e-07
-1.621437495e-07
-1.223393109e-07
-1.873508202e-07
-1.268160176e-07
-2.13091517e-07
-1.302355073e-07
-2.389717944e-07
-1.322033411e-07
-2.6443028e-07
-1.322929056e-07
-2.887000921e-07
-1.300780201e-07
-3.107772625e-07
-1.251830482e-07
-3.294070713e-07
-1.173497683e-07
-3.43102826e-07
-1.065149942e-07
-3.502119814e-07
-9.288655207e-08
-3.4903942e-07
-7.699988894e-08
-3.380254238e-07
-5.973638769e-08
-3.159571478e-07
-4.229010677e-08
-2.821720961e-07
-2.608255984e-08
-2.366982449e-07
-1.264226106e-08
-1.802757634e-07
-3.480592535e-09
-1.142300756e-07
-4.022711615e-08
-5.79301829e-10
1.804276785e-08
-2.175335601e-09
5.04165669e-08
-4.595888526e-09
7.89539569e-08
-7.622887313e-09
1.036530036e-07
-1.103952405e-08
1.246414265e-07
-1.464752064e-08
1.421400882e-07
-1.827713664e-08
1.564321426e-07
-2.179142997e-08
1.678353695e-07
-2.508636049e-08
1.76679123e-07
-2.808827508e-08
1.832867403e-07
-3.075001276e-08
1.879631472e-07
-3.304651396e-08
1.909869045e-07
-3.497050595e-08
1.926058063e-07
-3.652859218e-08
1.930351648e-07
-3.773789894e-08
1.924580228e-07
-3.862331795e-08
1.910266658e-07
-3.9215315e-08
1.888649418e-07
-3.954823885e-08
1.860710169e-07
-3.965905019e-08
1.827202956e-07
-3.958638997e-08
1.788683193e-07
-3.936991256e-08
1.745535179e-07
-3.904981914e-08
1.6979974e-07
-3.866653834e-08
1.64618524e-07
-3.826050978e-08
1.59011092e-07
-3.787203783e-08
1.529700744e-07
-3.754118793e-08
1.464809742e-07
-3.730770163e-08
1.395233872e-07
-3.721091668e-08
1.32072011e-07
-3.728967786e-08
1.240974604e-07
-3.758222348e-08
1.15566909e-07
-3.812603532e-08
1.064445842e-07
-3.895763975e-08
9.669213883e-08
-4.011234401e-08
8.626892241e-08
-4.162388826e-08
7.513217455e-08
-4.352398838e-08
6.323716997e-08
-4.584173607e-08
5.053734793e-08
-4.860281111e-08
3.698447167e-08
-5.182845248e-08
2.252887893e-08
-5.553410845e-08
7.119874639e-09
-5.972759825e-08
-9.293582179e-09
-6.440683707e-08
-2.67614312e-08
-6.955683552e-08
-4.533108322e-08
-7.514576976e-08
-6.50443624e-08
-8.111999419e-08
-8.593305996e-08
-8.739782208e-08
-1.080122294e-07
-9.386201336e-08
-1.312702747e-07
-1.00351124e-07
-1.556546388e-07
-1.066502815e-07
-1.810516627e-07
-1.124826115e-07
-2.07259187e-07
-1.175034848e-07
-2.339509211e-07
-1.213009662e-07
-2.606327987e-07
-1.234070744e-07
-2.865939839e-07
-1.233252063e-07
-3.108591306e-07
-1.205785187e-07
-3.321537588e-07
-1.147812398e-07
-3.48900105e-07
-1.057291093e-07
-3.592641118e-07
-9.349687052e-08
-3.612716588e-07
-7.852218216e-08
-3.530001122e-07
-6.165057538e-08
-3.328287545e-07
-4.41197059e-08
-2.997029656e-07
-2.747545202e-08
-2.533424988e-07
-1.343482232e-08
-1.943163931e-07
-3.73277753e-09
-1.239321204e-07
-4.395989368e-08
-6.493082292e-10
1.869207609e-08
-2.4186979e-09
5.218595658e-08
-5.068294248e-09
8.160355325e-08
-8.330127567e-09
1.069148369e-07
-1.194348302e-08
1.282547819e-07
-1.567612006e-08
1.458727252e-07
-1.933538024e-08
1.600914028e-07
-2.27717037e-08
1.71271693e-07
-2.587700005e-08
1.797844193e-07
-2.858006116e-08
1.859898014e-07
-3.084066379e-08
1.902237498e-07
-3.264345976e-08
1.927897005e-07
-3.399230404e-08
1.939546506e-07
-3.490534593e-08
1.939482067e-07
-3.541099233e-08
1.929636692e-07
-3.55447219e-08
1.911603954e-07
-3.534665915e-08
1.886668791e-07
-3.485978864e-08
1.855841464e-07
-3.412868462e-08
1.819891916e-07
-3.319864119e-08
1.779382759e-07
-3.211510311e-08
1.734699798e-07
-3.092331436e-08
1.686079512e-07
-2.966812053e-08
1.633633302e-07
-2.839387174e-08
1.577368432e-07
-2.714439125e-08
1.51720594e-07
-2.596298076e-08
1.452995637e-07
-2.489243313e-08
1.384528396e-07
-2.397504565e-08
1.311546235e-07
-2.325262276e-08
1.233750375e-07
-2.276644956e-08
1.150807359e-07
-2.255722917e-08
1.062353638e-07
-2.266497663e-08
9.679988631e-08
-2.312885579e-08
8.673280158e-08
-2.398694355e-08
7.599026232e-08
-2.527590082e-08
6.452612725e-08
-2.703052141e-08
5.229196853e-08
-2.928311854e-08
3.923706881e-08
-3.206269499e-08
2.530845539e-08
-3.539382663e-08
1.045100629e-08
-3.929512277e-08
-5.392286025e-09
-4.377716304e-08
-2.227939093e-08
-4.883982972e-08
-4.026841654e-08
-5.446863766e-08
-5.941555446e-08
-6.06299166e-08
-7.977178102e-08
-6.726455214e-08
-1.013775938e-07
-7.428005115e-08
-1.242547757e-07
-8.154083749e-08
-1.483938525e-07
-8.885701905e-08
-1.737354812e-07
-9.597248967e-08
-2.001437164e-07
-1.025542024e-07
-2.273692084e-07
-1.081859173e-07
-2.550010838e-07
-1.123714921e-07
-2.824084091e-07
-1.145544041e-07
-3.086762186e-07
-1.141607841e-07
-3.325473788e-07
-1.106714318e-07
-3.523894572e-07
-1.037226429e-07
-3.662129007e-07
-9.322579962e-08
-3.717685021e-07
-7.948338096e-08
-3.667425308e-07
-6.326917989e-08
-3.490429556e-07
-4.58400216e-08
-3.171321239e-07
-2.886054797e-08
-2.703219724e-07
-1.425089909e-08
-2.08926042e-07
-3.999269558e-09
-1.341837499e-07
-4.795916324e-08
-7.47052161e-10
1.943912825e-08
-2.755819287e-09
5.419472371e-08
-5.719894242e-09
8.456762822e-08
-9.304227499e-09
1.104991702e-07
-1.319124741e-08
1.321418019e-07
-1.710662972e-08
1.497881075e-07
-2.083100061e-08
1.638157737e-07
-2.420170472e-08
1.746423971e-07
-2.710834741e-08
1.82691062e-07
-2.94851755e-08
1.883666295e-07
-3.130244397e-08
1.920410183e-07
-3.25580846e-08
1.940453411e-07
-3.327036974e-08
1.946669357e-07
-3.347184547e-08
1.941496824e-07
-3.320455305e-08
1.926963768e-07
-3.25164198e-08
1.904722622e-07
-3.145863955e-08
1.876090989e-07
-3.008384994e-08
1.842093568e-07
-2.844492496e-08
1.803502666e-07
-2.659422683e-08
1.760875778e-07
-2.458318807e-08
1.71458941e-07
-2.246212055e-08
1.664868837e-07
-2.028017866e-08
1.611813883e-07
-1.808540921e-08
1.555420737e-07
-1.592486002e-08
1.495600448e-07
-1.384471748e-08
1.432194212e-07
-1.189042513e-08
1.364985473e-07
-1.010680057e-08
1.293709989e-07
-8.538142318e-09
1.218063793e-07
-7.228292199e-09
1.137708858e-07
-6.220662118e-09
1.052277337e-07
-5.558223117e-09
9.613744732e-08
-5.283442567e-09
8.645802104e-08
-5.43815946e-09
7.614497922e-08
-6.063381827e-09
6.515134962e-08
-7.198982899e-09
5.342756961e-08
-8.883261652e-09
4.092134757e-08
-1.115231793e-08
2.757751168e-08
-1.403918219e-08
1.333787055e-08
-1.757259172e-08
-1.858876493e-09
-2.177519314e-08
-1.80767895e-08
-2.666128329e-08
-3.538232638e-08
-3.22335186e-08
-5.384331915e-08
-3.847845418e-08
-7.352684544e-08
-4.536053051e-08
-9.449551748e-08
-5.281410255e-08
-1.168012036e-07
-6.073316963e-08
-1.404747854e-07
-6.895871161e-08
-1.655099392e-07
-7.726401634e-08
-1.918384116e-07
-8.533928338e-08
-2.192939413e-07
-9.277842558e-08
-2.475619416e-07
-9.907315701e-08
-2.761136777e-07
-1.036219998e-07
-3.041273758e-07
-1.057638796e-07
-3.304054991e-07
-1.048458707e-07
-3.533074661e-07
-1.003300799e-07
-3.707286915e-07
-9.193397941e-08
-3.801646026e-07
-7.97823651e-08
-3.788941451e-07
-6.453246427e-08
-3.642928564e-07
-4.742613497e-08
-3.342384532e-07
-3.023459224e-08
-2.875135151e-07
-1.509492566e-08
-2.240657086e-07
-4.283037189e-09
-1.449956384e-07
-5.224220043e-08
-8.807495486e-10
2.03198778e-08
-3.212456434e-09
5.652643061e-08
-6.596370884e-09
8.795154267e-08
-1.060779627e-08
1.145105956e-07
-1.485626151e-08
1.363902671e-07
-1.901621023e-08
1.539480563e-07
-2.283818869e-08
1.676377522e-07
-2.614721985e-08
1.779514282e-07
-2.883390851e-08
1.853777507e-07
-3.084249208e-08
1.903752131e-07
-3.215855417e-08
1.933570804e-07
-3.279789773e-08
1.946846847e-07
-3.279723571e-08
1.946662737e-07
-3.220684156e-08
1.935592883e-07
-3.108501998e-08
1.915745553e-07
-2.949413032e-08
1.888813725e-07
-2.74978599e-08
1.856128284e-07
-2.515945896e-08
1.818709558e-07
-2.254068705e-08
1.777314947e-07
-1.970126721e-08
1.732481579e-07
-1.669868799e-08
1.684563618e-07
-1.3588225e-08
1.633764208e-07
-1.042311572e-08
1.58016279e-07
-7.25478042e-09
1.523737385e-07
-4.133098658e-09
1.46438363e-07
-1.106699119e-09
1.401930217e-07
1.77678199e-09
1.336150662e-07
4.470471964e-09
1.26677309e-07
6.928090159e-09
1.193487611e-07
9.103769877e-09
1.11595206e-07
1.095192625e-08
1.033795774e-07
1.242717853e-08
9.466219504e-08
1.348431576e-08
8.540088381e-08
1.407831437e-08
7.555098062e-08
1.416441937e-08
6.506524463e-08
1.369830671e-08
5.389368227e-08
1.263635491e-08
4.198329937e-08
1.093606877e-08
2.927779782e-08
8.556705525e-09
1.571723379e-08
5.460184346e-09
1.237644687e-09
1.61255387e-09
-1.422915903e-08
-3.014164829e-09
-3.075560768e-08
-8.439161844e-09
-4.841832214e-08
-1.466890218e-08
-6.72971051e-08
-2.169159328e-08
-8.747282639e-08
-2.94695618e-08
-1.090232351e-07
-3.792894253e-08
-1.320154047e-07
-4.694625377e-08
-1.564926279e-07
-5.633171846e-08
-1.824529469e-07
-6.580988499e-08
-2.098157748e-07
-7.499979804e-08
-2.383720285e-07
-8.339924201e-08
-2.677142337e-07
-9.038104179e-08
-2.97145576e-07
-9.521299245e-08
-3.255735484e-07
-9.71152605e-08
-3.514051981e-07
-9.536680974e-08
-3.724771423e-07
-8.946235875e-08
-3.860690536e-07
-7.93021125e-08
-3.890543914e-07
-6.537171134e-08
-3.782232576e-07
-4.88513619e-08
-3.507588026e-07
-3.159715178e-08
-3.047677253e-07
-1.597488705e-08
-2.396879733e-07
-4.588703474e-09
-1.56381822e-07
-5.68309039e-08
-1.061341348e-09
2.138121916e-08
-3.821806325e-09
5.928689559e-08
-7.754675889e-09
9.188441224e-08
-1.231593774e-08
1.190718574e-07
-1.702261667e-08
1.41096946e-07
-2.148813889e-08
1.584135785e-07
-2.543083772e-08
1.71580451e-07
-2.866630712e-08
1.811868976e-07
-3.109175637e-08
1.878031999e-07
-3.266802024e-08
1.919514769e-07
-3.340251712e-08
1.940915773e-07
-3.333471482e-08
1.946168824e-07
-3.252458213e-08
1.93856141e-07
-3.104390881e-08
1.92078615e-07
-2.897009976e-08
1.895007462e-07
-2.638196216e-08
1.862932349e-07
-2.335701926e-08
1.825878856e-07
-1.996994484e-08
1.784838814e-07
-1.629178772e-08
1.740533376e-07
-1.238973068e-08
1.693461009e-07
-8.327199569e-09
1.643938307e-07
-4.164146306e-09
1.592133675e-07
4.252632047e-11
1.538096064e-07
4.238430613e-09
1.481778342e-07
8.371311678e-09
1.42305482e-07
1.239064398e-08
1.361736894e-07
1.624717503e-08
1.297585351e-07
1.989257618e-08
1.230319078e-07
2.327913121e-08
1.159622061e-07
2.635948463e-08
1.085148526e-07
2.908642796e-08
1.006526341e-07
3.141272577e-08
9.233589723e-08
3.329098613e-08
8.352262346e-08
3.467357635e-08
7.416839041e-08
3.551259e-08
6.422623098e-08
3.575987713e-08
5.364639514e-08
3.536715826e-08
4.237601824e-08
3.428625595e-08
3.035870013e-08
3.246948937e-08
1.753400038e-08
2.987030371e-08
3.836830337e-09
2.64443436e-08
-1.080319891e-08
2.215090364e-08
-2.646216773e-08
1.695519144e-08
-4.322260994e-08
1.083163783e-08
-6.11735515e-08
3.768739415e-09
-8.040992798e-08
-4.223955234e-09
-1.010305405e-07
-1.310601586e-08
-1.231333441e-07
-2.279272499e-08
-1.468059188e-07
-3.313731206e-08
-1.721083599e-07
-4.390860374e-08
-1.990444831e-07
-5.476544373e-08
-2.275151885e-07
-6.52312125e-08
-2.57248465e-07
-7.467605547e-08
-2.87700733e-07
-8.231924949e-08
-3.179303544e-07
-8.726946019e-08
-3.464549874e-07
-8.862192718e-08
-3.711246753e-07
-8.562430513e-08
-3.890666756e-07
-7.790247331e-08
-3.967762232e-07
-6.570425919e-08
-3.904214717e-07
-5.008537576e-08
-3.663776861e-07
-3.295122695e-08
-3.219018741e-07
-1.690375893e-08
-2.557354413e-07
-4.92333671e-09
-1.683622442e-07
-6.175424061e-08
-1.303624314e-09
2.268484347e-08
-4.627025968e-09
6.261029725e-08
-9.265869992e-09
9.652325627e-08
-1.4517868e-08
1.243238554e-07
-1.978411236e-08
1.463631904e-07
-2.460749632e-08
1.632369624e-07
-2.867457472e-08
1.756475294e-07
-3.179780615e-08
1.843101291e-07
-3.388991097e-08
1.898953048e-07
-3.4937664e-08
1.9299923e-07
-3.497884895e-08
1.941327623e-07
-3.408374047e-08
1.93721774e-07
-3.234116743e-08
1.92113568e-07
-2.984859258e-08
1.895860401e-07
-2.670543212e-08
1.863575858e-07
-2.300884225e-08
1.825966451e-07
-1.885130023e-08
1.784303435e-07
-1.431943643e-08
1.739520176e-07
-9.49369938e-09
1.692276006e-07
-4.448530451e-09
1.64300932e-07
7.471195298e-10
1.591981808e-07
6.029055672e-09
1.539314314e-07
1.133720837e-08
1.485014537e-07
1.661498445e-08
1.429000581e-07
2.180848654e-08
1.371119799e-07
2.686589927e-08
1.311162767e-07
3.173696754e-08
1.248874669e-07
3.637250713e-08
1.183963682e-07
4.072398497e-08
1.116107282e-07
4.474316425e-08
1.044956734e-07
4.838180022e-08
9.701399809e-08
5.159138081e-08
8.912631665e-08
5.432290898e-08
8.07910953e-08
5.652672487e-08
7.196457451e-08
5.815236901e-08
6.260058685e-08
5.914849272e-08
5.265027143e-08
5.946282965e-08
4.206168131e-08
5.904225279e-08
3.077927699e-08
5.783295591e-08
1.874329725e-08
5.578081332e-08
5.888972924e-09
5.283205989e-08
-7.85444549e-09
4.893436561e-08
-2.256447345e-08
4.403852745e-08
-3.832677178e-08
3.810109025e-08
-5.523611431e-08
3.10883804e-08
-7.339721813e-08
2.29825487e-08
-9.292470878e-08
1.379040966e-08
-1.13941205e-07
3.556214146e-09
-1.365717233e-07
-7.620423027e-09
-1.609317227e-07
-1.956072152e-08
-1.871041847e-07
-3.197683901e-08
-2.15099071e-07
-4.443761536e-08
-2.447876886e-07
-5.633639442e-08
-2.75801954e-07
-6.687288262e-08
-3.073938662e-07
-7.506945638e-08
-3.382584136e-07
-7.984834418e-08
-3.663457875e-07
-8.019424789e-08
-3.887207719e-07
-7.540910041e-08
-4.015613707e-07
-6.542519176e-08
-4.004053804e-07
-5.109034732e-08
-3.807125305e-07
-3.430343554e-08
-3.386887859e-07
-1.790140436e-08
-2.721374725e-07
-5.297634539e-09
-1.80966014e-07
-6.705187515e-08
-1.627963572e-09
2.431280705e-08
-5.684704936e-09
6.666703862e-08
-1.121842994e-08
1.020569813e-07
-1.731766649e-08
1.30423092e-07
-2.324062721e-08
1.522861511e-07
-2.845224655e-08
1.684485818e-07
-3.261246197e-08
1.798077448e-07
-3.554213475e-08
1.872398019e-07
-3.718299932e-08
1.915361693e-07
-3.756060799e-08
1.933768387e-07
-3.675400258e-08
1.933261568e-07
-3.487280634e-08
1.918405777e-07
-3.2040982e-08
1.892817437e-07
-2.838598455e-08
1.859310427e-07
-2.403199187e-08
1.820035931e-07
-1.909606421e-08
1.776607174e-07
-1.36863155e-08
1.730205948e-07
-7.901406341e-09
1.681671085e-07
-1.830801903e-09
1.631569961e-07
4.444323959e-09
1.580258061e-07
1.08501186e-08
1.527923861e-07
1.731912407e-08
1.474624259e-07
2.37891026e-08
1.420314752e-07
3.020199871e-08
1.36487162e-07
3.650305553e-08
1.308109231e-07
4.263999979e-08
1.249793324e-07
4.856234477e-08
1.189651219e-07
5.422078035e-08
1.127379327e-07
5.956664755e-08
1.06264861e-07
6.455148821e-08
9.95108327e-08
6.912665577e-08
9.243883053e-08
7.324297641e-08
8.500999601e-08
7.68504523e-08
7.718361942e-08
7.989800064e-08
6.891702616e-08
8.233322558e-08
6.016536192e-08
8.41022238e-08
5.08812732e-08
8.514943126e-08
4.101447385e-08
8.541752673e-08
3.051118152e-08
8.484742085e-08
1.931340312e-08
8.337836994e-08
7.358023828e-09
8.094830531e-08
-5.424380859e-09
7.749452452e-08
-1.911069268e-08
7.295482559e-08
-3.378707286e-08
6.726941323e-08
-4.955070195e-08
6.038401181e-08
-6.651181672e-08
5.225478553e-08
-8.479548251e-08
4.285593462e-08
-1.045423541e-07
3.219120692e-08
-1.259069956e-07
2.031075596e-08
-1.490512718e-07
7.335000552e-09
-1.741284292e-07
-6.512827132e-09
-2.012512434e-07
-2.086590576e-08
-2.3043461e-07
-3.516825732e-08
-2.614996024e-07
-4.863472678e-08
-2.939273968e-07
-6.023711354e-08
-3.266560268e-07
-6.874966837e-08
-3.578332327e-07
-7.289176023e-08
-3.845786801e-07
-7.15968453e-08
-4.028562856e-07
-6.439374508e-08
-4.076084806e-07
-5.181356499e-08
-3.932927106e-07
-3.5663113e-08
-3.548392379e-07
-1.899701263e-08
-2.888035729e-07
-5.727728271e-09
-1.942352984e-07
-7.277960343e-08
-2.062956852e-09
2.63757639e-08
-7.06966935e-09
7.167375112e-08
-1.372175669e-08
1.087090686e-07
-2.08328215e-08
1.375341568e-07
-2.74893116e-08
1.589426412e-07
-3.307625289e-08
1.740355231e-07
-3.724023284e-08
1.839717248e-07
-3.982985724e-08
1.898294263e-07
-4.083555894e-08
1.92541871e-07
-4.033876763e-08
1.928800473e-07
-3.847323507e-08
1.914606243e-07
-3.539772592e-08
1.887650686e-07
-3.12779545e-08
1.851619722e-07
-2.627545884e-08
1.80928547e-07
-2.054137762e-08
1.762695119e-07
-1.421352779e-08
1.713328676e-07
-7.415599054e-09
1.662226661e-07
-2.575698268e-10
1.610090792e-07
7.162885608e-09
1.557365407e-07
1.475903567e-08
1.504296561e-07
2.245363734e-08
1.450977845e-07
3.017714755e-08
1.397389157e-07
3.786628394e-08
1.343423388e-07
4.546271624e-08
1.288907297e-07
5.291191353e-08
1.233617258e-07
6.016214405e-08
1.177291019e-07
6.716362112e-08
1.119636448e-07
7.386777185e-08
1.060337819e-07
8.022661228e-08
9.99060206e-08
8.619221197e-08
9.354523302e-08
9.171623007e-08
8.691481243e-08
9.67495076e-08
7.997671848e-08
1.012417033e-07
7.269142372e-08
1.051409629e-07
6.501776661e-08
1.083936143e-07
5.691271044e-08
1.109438863e-07
4.833100124e-08
1.127336497e-07
3.922471048e-08
1.137021913e-07
2.954263988e-08
1.137860371e-07
1.922955731e-08
1.129188505e-07
8.225210377e-09
1.110314563e-07
-3.536986625e-09
1.080521627e-07
-1.61313991e-08
1.039073702e-07
-2.964228038e-08
9.852277424e-08
-4.416610597e-08
9.182553069e-08
-5.981457319e-08
8.374793696e-08
-7.671788879e-08
7.423348322e-08
-9.50279004e-08
6.324654434e-08
-1.149200568e-07
5.078742938e-08
-1.365921568e-07
3.691502983e-08
-1.602560297e-07
2.17794743e-08
-1.861156879e-07
5.666584114e-09
-2.143217198e-07
-1.094561839e-08
-2.448873999e-07
-2.732612847e-08
-2.775468867e-07
-4.24425461e-08
-3.115396092e-07
-5.496329381e-08
-3.45312485e-07
-6.335976808e-08
-3.761822058e-07
-6.616529282e-08
-4.000507609e-07
-6.241142247e-08
-4.113623509e-07
-5.217385262e-08
-4.035302805e-07
-3.703896139e-08
-3.699741291e-07
-2.023206095e-08
-3.056104733e-07
-6.237974144e-09
-2.082293852e-07
-7.901757757e-08
-2.649683279e-09
2.902544718e-08
-8.881580289e-09
7.790564813e-08
-1.690903231e-08
1.167365206e-07
-2.518782618e-08
1.458129507e-07
-3.260604197e-08
1.66360857e-07
-3.847830665e-08
1.799077878e-07
-4.246434041e-08
1.879577586e-07
-4.447101978e-08
1.918361056e-07
-4.456509875e-08
1.9263595e-07
-4.290582039e-08
1.91220769e-07
-3.969750272e-08
1.882523066e-07
-3.515856399e-08
1.842261299e-07
-2.950275429e-08
1.795061625e-07
-2.292886997e-08
1.743546627e-07
-1.561603037e-08
1.689566723e-07
-7.722409891e-09
1.634392471e-07
6.140432003e-10
1.57886213e-07
9.273489738e-09
1.523496327e-07
1.815211921e-08
1.468579112e-07
2.715988877e-08
1.414218865e-07
3.621790375e-08
1.360397695e-07
4.525635049e-08
1.307004689e-07
5.421260605e-08
1.253860832e-07
6.302960353e-08
1.200737322e-07
7.165443652e-08
1.147368928e-07
8.003717689e-08
1.093463615e-07
8.812988036e-08
1.038709413e-07
9.588574805e-08
9.827791425e-08
1.032584172e-07
9.253335148e-08
1.102013563e-07
8.66022939e-08
1.166673422e-07
8.044882655e-08
1.226079986e-07
7.403606202e-08
1.279733808e-07
6.732604158e-08
1.32711591e-07
6.027955639e-08
1.367684159e-07
5.285588553e-08
1.400869764e-07
4.50124407e-08
1.426073872e-07
3.670429975e-08
1.442664255e-07
2.788360159e-08
1.449972184e-07
1.849876436e-08
1.447289604e-07
8.493468396e-09
1.433866809e-07
-2.194707192e-09
1.408912231e-07
-1.363594125e-08
1.371593736e-07
-2.591043098e-08
1.321044068e-07
-3.911113913e-08
1.256373196e-07
-5.334748598e-08
1.176692314e-07
-6.87498006e-08
1.081157167e-07
-8.547438576e-08
9.690428367e-08
-1.037086237e-07
8.398680512e-08
-1.236746783e-07
6.935951181e-08
-1.456287364e-07
5.309390139e-08
-1.698500774e-07
3.538218968e-08
-1.966100082e-07
1.659961451e-08
-2.261048248e-07
-2.617422132e-09
-2.583298501e-07
-2.128913703e-08
-2.928678943e-07
-3.803922129e-08
-3.285624008e-07
-5.11354041e-08
-3.63086023e-07
-5.870334296e-08
-3.924828221e-07
-5.918722928e-08
-4.108784646e-07
-5.203712232e-08
-4.106803874e-07
-3.843043884e-08
-3.835808126e-07
-2.166342251e-08
-3.223774897e-07
-6.865316336e-09
-2.230274914e-07
-8.588289391e-08
-3.448606589e-09
3.247405377e-08
-1.125370282e-08
8.571074436e-08
-2.093712924e-08
1.264199471e-07
-3.049721627e-08
1.553730377e-07
-3.860872787e-08
1.744723686e-07
-4.454698461e-08
1.858460445e-07
-4.803191323e-08
1.914426872e-07
-4.907448128e-08
1.928786737e-07
-4.785488457e-08
1.914163533e-07
-4.463690203e-08
1.880027864e-07
-3.971278745e-08
1.833281921e-07
-3.337062204e-08
1.778839644e-07
-2.587688214e-08
1.720124226e-07
-1.746873236e-08
1.659465129e-07
-8.352114951e-09
1.598400549e-07
1.296928356e-09
1.537902038e-07
1.132895528e-08
1.478541861e-07
2.161780093e-08
1.420607871e-07
3.205704293e-08
1.364186692e-07
4.255616309e-08
1.309227663e-07
5.303749984e-08
1.255584327e-07
6.343353919e-08
1.203044296e-07
7.368460508e-08
1.151350173e-07
8.373692074e-08
1.100214166e-07
9.354099567e-08
1.049328179e-07
1.030502886e-07
9.983706861e-08
1.122201016e-07
9.470112835e-08
1.210066615e-07
8.949135433e-08
1.29366352e-07
8.417366094e-08
1.372550637e-07
7.87135822e-08
1.446276344e-07
7.30762559e-08
1.514373559e-07
6.72263405e-08
1.576355279e-07
6.112786953e-08
1.631710414e-07
5.474404292e-08
1.679899782e-07
4.803694876e-08
1.720352158e-07
4.096720302e-08
1.75246029e-07
3.349348657e-08
1.775576815e-07
2.557194909e-08
1.789010086e-07
1.715543723e-08
1.79201991e-07
8.192486011e-09
1.783813168e-07
-1.374032947e-09
1.763540523e-07
-1.160867681e-08
1.730293505e-07
-2.258572922e-08
1.683104007e-07
-3.439218932e-08
1.620947913e-07
-4.713187663e-08
1.5427565e-07
-6.093065928e-08
1.447441928e-07
-7.59429286e-08
1.333947453e-07
-9.235917621e-08
1.201339604e-07
-1.104138934e-07
1.048969408e-07
-1.303917169e-07
8.767419785e-08
-1.526273345e-07
6.855461323e-08
-1.774904236e-07
4.778995059e-08
-2.053401621e-07
2.588434381e-08
-2.364242433e-07
3.703476609e-09
-2.706870272e-07
-1.741444782e-08
-3.074444763e-07
-3.561200886e-08
-3.44888462e-07
-4.863895238e-08
-3.794558786e-07
-5.428322398e-08
-4.052341931e-07
-5.117305982e-08
-4.137905516e-07
-3.980820051e-08
-3.949456719e-07
-2.336522384e-08
-3.388204664e-07
-7.666082593e-09
-2.387266326e-07
-9.354897651e-08
-4.550856317e-09
3.702491009e-08
-1.436346458e-08
9.552335262e-08
-2.597778575e-08
1.380342682e-07
-3.682653538e-08
1.662217873e-07
-4.538685537e-08
1.830326886e-07
-5.096377767e-08
1.914229668e-07
-5.341501499e-08
1.938939245e-07
-5.29209476e-08
1.923846063e-07
-4.982229619e-08
1.883177019e-07
-4.451736628e-08
1.826978565e-07
-3.740292285e-08
1.762137486e-07
-2.884380407e-08
1.693248457e-07
-1.916011633e-08
1.623287349e-07
-8.62455352e-09
1.554109501e-07
2.534906787e-09
1.486805945e-07
1.412960745e-08
1.421955031e-07
2.600472628e-08
1.359790673e-07
3.803358068e-08
1.300319327e-07
5.011190438e-08
1.243403455e-07
6.215331142e-08
1.188813593e-07
7.40853751e-08
1.136263691e-07
8.584636574e-08
1.085434389e-07
9.738256904e-08
1.03598814e-07
1.086461004e-07
9.875788517e-08
1.195931317e-07
9.398578663e-08
1.301824531e-07
8.924774721e-08
1.403743058e-07
8.450927561e-08
1.501294278e-07
7.973623229e-08
1.594082665e-07
7.489482226e-08
1.681703188e-07
6.995152988e-08
1.76373567e-07
6.487300772e-08
1.839739824e-07
5.962592509e-08
1.909250754e-07
5.41767765e-08
1.971774724e-07
4.849164595e-08
2.026785036e-07
4.25359176e-08
2.073717883e-07
3.627391828e-08
2.111968055e-07
2.966846937e-08
2.140884384e-07
2.268031617e-08
2.159764853e-07
1.526739036e-08
2.167851273e-07
7.383843926e-09
2.164323355e-07
-1.021241092e-09
2.148292796e-07
-1.000562096e-08
2.118796764e-07
-1.963612601e-08
2.074792244e-07
-2.999173736e-08
2.015151795e-07
-4.116783176e-08
1.938663122e-07
-5.328179198e-08
1.844037083e-07
-6.648032468e-08
1.729932475e-07
-8.094871543e-08
1.595012424e-07
-9.69218883e-08
1.438057674e-07
-1.146962418e-07
1.258177543e-07
-1.346393215e-07
1.055179698e-07
-1.571906391e-07
8.301803103e-08
-1.828402234e-07
5.865425815e-08
-2.120604705e-07
3.311861373e-08
-2.451513828e-07
7.615875944e-09
-2.819417386e-07
-1.599148173e-08
-3.212811043e-07
-3.516953785e-08
-3.602778224e-07
-4.703071082e-08
-3.933730201e-07
-4.917941951e-08
-4.116418429e-07
-4.107211029e-08
-4.030529811e-07
-2.542526593e-08
-3.544673107e-07
-8.726152649e-09
-2.554257459e-07
-1.022751292e-07
-6.096310219e-09
4.31212203e-08
-1.844150023e-08
1.078685426e-07
-3.2185882e-08
1.5177865e-07
-4.41074411e-08
1.781433464e-07
-5.256809546e-08
1.91493343e-07
-5.703427399e-08
1.958891453e-07
-5.76211826e-08
1.944808331e-07
-5.476583438e-08
1.895292581e-07
-4.902394745e-08
1.82575815e-07
-4.095705122e-08
1.746309603e-07
-3.10773416e-08
1.66334039e-07
-1.982623698e-08
1.58073741e-07
-7.570894692e-09
1.500733926e-07
5.389810194e-09
1.424502452e-07
1.881592817e-08
1.352544766e-07
3.251706523e-08
1.284943661e-07
4.634281786e-08
1.221533146e-07
6.017408705e-08
1.162006635e-07
7.391621781e-08
1.105982147e-07
8.749327561e-08
1.053043015e-07
1.008434234e-07
1.002762213e-07
1.139152285e-07
9.547163382e-08
1.266647318e-07
9.084931073e-08
1.390531306e-07
8.636948644e-08
1.510449481e-07
8.199396909e-08
1.626065855e-07
7.768610977e-08
1.737051701e-07
7.341069106e-08
1.843076315e-07
6.913377087e-08
1.943799518e-07
6.482250195e-08
2.038865443e-07
6.044493743e-08
2.127897263e-07
5.59698257e-08
2.210492576e-07
5.136639376e-08
2.2862192e-07
4.660411413e-08
2.354611185e-07
4.165244739e-08
2.415164878e-07
3.648054836e-08
2.467334865e-07
3.105691956e-08
2.510529671e-07
2.534898877e-08
2.544107045e-07
1.932257875e-08
2.567368695e-07
1.294122534e-08
2.579554296e-07
6.165283789e-09
2.579834476e-07
-1.04925905e-09
2.56730286e-07
-8.752459362e-09
2.540966627e-07
-1.700250274e-08
2.499736556e-07
-2.586873025e-08
2.442415943e-07
-3.543577046e-08
2.367689559e-07
-4.580915359e-08
2.274115356e-07
-5.712290441e-08
2.160124485e-07
-6.954962839e-08
2.024040744e-07
-8.331351422e-08
1.864140453e-07
-9.870621268e-08
1.678790238e-07
-1.161043e-07
1.466725647e-07
-1.359841801e-07
1.227567942e-07
-1.589244528e-07
9.627122789e-08
-1.855749042e-07
6.767289743e-08
-2.165530523e-07
3.793369564e-08
-2.522025368e-07
8.771169106e-09
-2.921185778e-07
-1.716918302e-08
-3.343374703e-07
-3.640403465e-08
-3.741381685e-07
-4.535156568e-08
-4.026943119e-07
-4.196369698e-08
-4.064408498e-07
-2.792453811e-08
-3.685064696e-07
-1.017474629e-08
-2.731755378e-07
-1.124498755e-07
-8.300905648e-09
5.142212595e-08
-2.376668831e-08
1.233343253e-07
-3.961061347e-08
1.676225752e-07
-5.19575137e-08
1.904902466e-07
-5.926741855e-08
1.988032478e-07
-6.13959712e-08
1.98017698e-07
-5.88870026e-08
1.919718645e-07
-5.253915536e-08
1.831814108e-07
-4.317552995e-08
1.732121895e-07
-3.153793587e-08
1.629933662e-07
-1.825015149e-08
1.530462546e-07
-3.815208988e-09
1.436387985e-07
1.137131399e-08
1.348868696e-07
2.700401394e-08
1.268175452e-07
4.285079953e-08
1.19407691e-07
5.873626789e-08
1.126088977e-07
7.452830738e-08
1.063612751e-07
9.012753346e-08
1.006014374e-07
1.054588722e-07
9.526687603e-08
1.204650185e-07
9.029815519e-08
1.351013976e-07
8.563984209e-08
1.493323057e-07
8.124072576e-08
1.631279608e-07
7.705365556e-08
1.764622518e-07
7.303519552e-08
1.893110146e-07
6.914520622e-08
2.016507093e-07
6.534641512e-08
2.134573943e-07
6.160400601e-08
2.247059249e-07
5.788524027e-08
2.353693141e-07
5.41591128e-08
2.454182123e-07
5.03960392e-08
2.5482047e-07
4.656756794e-08
2.635407547e-07
4.264610908e-08
2.715401994e-07
3.860466946e-08
2.787760641e-07
3.441658272e-08
2.852013924e-07
3.005522002e-08
2.907646481e-07
2.549366384e-08
2.954093148e-07
2.070432203e-08
2.99073442e-07
1.565845157e-08
3.016891163e-07
1.032555104e-08
3.031818342e-07
4.672565933e-09
3.034697361e-07
-1.337160996e-09
3.024626735e-07
-7.745396756e-09
3.000610486e-07
-1.460087787e-08
2.961544747e-07
-2.196215637e-08
2.906201021e-07
-2.990139782e-08
2.833206073e-07
-3.850965888e-08
2.741019241e-07
-4.790422124e-08
2.6279097e-07
-5.823867426e-08
2.491940314e-07
-6.971657565e-08
2.330972793e-07
-8.260946062e-08
2.142723992e-07
-9.727941983e-08
1.924929723e-07
-1.142047532e-07
1.675715214e-07
-1.34003002e-07
1.394331833e-07
-1.574365661e-07
1.082484619e-07
-1.853683309e-07
7.464933699e-08
-2.186034119e-07
4.003670585e-08
-2.575059467e-07
6.926776445e-09
-3.01227541e-07
-2.083686661e-08
-3.463745255e-07
-3.846258962e-08
-3.850685889e-07
-4.188883905e-08
-4.030146004e-07
-3.087185382e-08
-3.795234549e-07
-1.220005139e-08
-2.918473402e-07
-1.246499268e-07
-1.149261497e-08
6.291474092e-08
-3.060771533e-08
1.424494256e-07
-4.796740609e-08
1.849822659e-07
-5.930185974e-08
2.018247003e-07
-6.361768741e-08
2.031190755e-07
-6.151796167e-08
1.959179722e-07
-5.419257161e-08
1.846464744e-07
-4.290355336e-08
1.718923926e-07
-2.876831609e-08
1.590769523e-07
-1.26939666e-08
1.469190167e-07
4.618093266e-09
1.357341947e-07
2.264173669e-08
1.256151551e-07
4.099259847e-08
1.165360078e-07
5.939512617e-08
1.084150175e-07
7.765390537e-08
1.011489118e-07
9.563236151e-08
9.463044153e-08
1.132362944e-07
8.875734225e-08
1.304015149e-07
8.343621685e-08
1.470847035e-07
7.858368741e-08
1.63256703e-07
7.412615565e-08
1.788976217e-07
6.999892344e-08
1.939932663e-07
6.614508117e-08
2.085325453e-07
6.251437652e-08
2.225055755e-07
5.906216533e-08
2.359022967e-07
5.574848505e-08
2.487114529e-07
5.253725894e-08
2.609198358e-07
4.939562304e-08
2.725117153e-07
4.629336075e-08
2.834684006e-07
4.320242758e-08
2.937678911e-07
4.009654864e-08
3.033845867e-07
3.695087231e-08
3.122890312e-07
3.374166457e-08
3.204476713e-07
3.044602936e-08
3.278226138e-07
2.704164021e-08
3.343713663e-07
2.350646759e-08
3.40046546e-07
1.981848416e-08
3.447955416e-07
1.595532639e-08
3.485601083e-07
1.189388486e-08
3.512758723e-07
7.609786971e-09
3.528717146e-07
3.076723712e-09
3.532689816e-07
-1.734428057e-09
3.523804873e-07
-6.856902474e-09
3.501092257e-07
-1.232961623e-08
3.463467743e-07
-1.819970497e-08
3.409711856e-07
-2.452580914e-08
3.338442576e-07
-3.138273092e-08
3.248080785e-07
-3.886804217e-08
3.136808063e-07
-4.711140204e-08
3.002518689e-07
-5.62876383e-08
2.84277313e-07
-6.663490468e-08
2.654771939e-07
-7.847930083e-08
2.435392317e-07
-9.226679096e-08
2.181372835e-07
-1.086010538e-07
1.889805713e-07
-1.28279854e-07
1.559206338e-07
-1.523083934e-07
1.19155676e-07
-1.818384542e-07
7.957632114e-08
-2.179265918e-07
3.926433056e-08
-2.609155504e-07
2.028557428e-09
-3.091387523e-07
-2.640560103e-08
-3.566344305e-07
-3.957161813e-08
-3.898485833e-07
-3.403143106e-08
-3.850636419e-07
-1.505654805e-08
-3.108222232e-07
-1.397064749e-07
-1.613053491e-08
7.904527582e-08
-3.898789766e-08
1.653067884e-07
-5.607228785e-08
2.020666561e-07
-6.358415485e-08
2.093365673e-07
-6.190096523e-08
2.014358858e-07
-5.286350503e-08
1.86880512e-07
-3.852182789e-08
1.703047973e-07
-2.064229782e-08
1.540128625e-07
-5.891529242e-10
1.390238074e-07
2.064338444e-08
1.256864793e-07
4.236103294e-08
1.140165462e-07
6.409618546e-08
1.038800026e-07
8.554167334e-08
9.509051993e-08
1.0650244e-07
8.745425089e-08
1.268602715e-07
8.079108019e-08
1.465483525e-07
7.494236056e-08
1.65533474e-07
6.977222071e-08
1.838037368e-07
6.516595406e-08
2.013601301e-07
6.102729405e-08
2.182108057e-07
5.727548006e-08
2.343672055e-07
5.384252362e-08
2.498414565e-07
5.067083016e-08
2.646446259e-07
4.771120716e-08
2.787855583e-07
4.492123289e-08
2.922701054e-07
4.226393795e-08
3.051006171e-07
3.970674731e-08
3.172756063e-07
3.722063379e-08
3.287895272e-07
3.477943988e-08
3.396326229e-07
3.235933186e-08
3.497908153e-07
2.993835618e-08
3.592456143e-07
2.749607332e-08
3.679740305e-07
2.501324843e-08
3.75948479e-07
2.24715808e-08
3.831366632e-07
1.985345604e-08
3.895014257e-07
1.714170504e-08
3.950005568e-07
1.431935308e-08
3.995865433e-07
1.136933987e-08
4.03206241e-07
8.274187117e-09
4.058004442e-07
5.015583815e-09
4.073033174e-07
1.573850491e-09
4.076416292e-07
-2.072739931e-09
4.067337533e-07
-5.949026526e-09
4.044883532e-07
-1.008421616e-08
4.008026237e-07
-1.45139755e-08
3.955598965e-07
-1.928308191e-08
3.886264146e-07
-2.444924908e-08
3.798470107e-07
-3.008863822e-08
3.690393887e-07
-3.630378005e-08
3.559867485e-07
-4.323499815e-08
3.40428717e-07
-5.107687319e-08
3.220512224e-07
-6.010180623e-08
3.004775795e-07
-7.069314806e-08
2.752666082e-07
-8.339008247e-08
2.459307403e-07
-9.894398613e-08
2.120001427e-07
-1.183777958e-07
1.731799877e-07
-1.430182992e-07
1.29674594e-07
-1.744211982e-07
8.276475236e-08
-2.140057088e-07
3.56600837e-08
-2.620340837e-07
-5.636660077e-09
-3.153376867e-07
-3.238416544e-08
-3.63101078e-07
-3.647586146e-08
-3.809719459e-07
-1.899426584e-08
-3.283038189e-07
-1.587007407e-07
-2.262601178e-08
1.016712876e-07
-4.788418483e-08
1.905649614e-07
-6.045904567e-08
2.146415169e-07
-5.914066897e-08
2.080181906e-07
-4.698223766e-08
1.892774545e-07
-2.755527851e-08
1.674535528e-07
-3.821062325e-09
1.465705811e-07
2.208805281e-08
1.281037473e-07
4.87576449e-08
1.123542153e-07
7.530518283e-08
9.913894136e-08
1.012073316e-07
8.811439743e-08
1.261752075e-07
7.89121266e-08
1.500691505e-07
7.119657695e-08
1.728405618e-07
6.468283955e-08
1.944942661e-07
5.913737589e-08
2.150645444e-07
5.437208226e-08
2.346001762e-07
5.023658887e-08
2.531552986e-07
4.661083174e-08
2.707839539e-07
4.339863875e-08
2.875369442e-07
4.052248968e-08
3.034601058e-07
3.791936206e-08
3.185934433e-07
3.553749264e-08
3.329707746e-07
3.333387588e-08
3.466196671e-07
3.127234039e-08
3.595615337e-07
2.93220713e-08
3.71811807e-07
2.745647404e-08
3.833801431e-07
2.565229761e-08
3.942706282e-07
2.388895485e-08
4.044819687e-07
2.214799132e-08
4.140076588e-07
2.041266611e-08
4.228361163e-07
1.866761576e-08
4.309507857e-07
1.689857908e-08
4.383302023e-07
1.509216419e-08
4.449480157e-07
1.323564258e-08
4.507729652e-07
1.131675558e-08
4.55768799e-07
9.323519219e-09
4.598941271e-07
7.244011836e-09
4.631021877e-07
5.066126437e-09
4.653405059e-07
2.77726563e-09
4.665504004e-07
3.639559643e-10
4.666663098e-07
-2.188649273e-09
4.656148218e-07
-4.89753856e-09
4.633134434e-07
-7.7828378e-09
4.596687801e-07
-1.086931217e-08
4.545740344e-07
-1.418833625e-08
4.479055477e-07
-1.778076238e-08
4.39518e-07
-2.170109056e-08
4.292377719e-07
-2.6023552e-08
4.168538384e-07
-3.085106457e-08
4.021054823e-07
-3.63285171e-08
3.846662389e-07
-4.266256292e-08
3.641241782e-07
-5.015108732e-08
3.399607357e-07
-5.922664002e-08
3.115355406e-07
-7.051879101e-08
2.780963605e-07
-8.493861575e-08
2.388569154e-07
-1.037788541e-07
1.93227572e-07
-1.287918548e-07
1.413445323e-07
-1.621226691e-07
8.508518149e-08
-2.057747329e-07
2.962699571e-08
-2.59879501e-07
-1.506277743e-08
-3.184113049e-07
-3.537567349e-08
-3.606590499e-07
-2.379711435e-08
-3.39882378e-07
-1.824978551e-07
-3.03666412e-08
1.320379288e-07
-5.278399676e-08
2.12982317e-07
-5.20606065e-08
2.139181266e-07
-3.393799677e-08
1.898955808e-07
-5.637530748e-09
1.609769885e-07
2.754261536e-08
1.342734067e-07
6.219335224e-08
1.119198442e-07
9.635992049e-08
9.393717907e-08
1.290367191e-07
7.967741659e-08
1.597800273e-07
6.839563314e-08
1.884638777e-07
5.943054703e-08
2.151308721e-07
5.224513222e-08
2.399048702e-07
4.642257881e-08
2.629414278e-07
4.164628196e-08
2.844011505e-07
3.767765322e-08
3.04436268e-07
3.433696471e-08
3.231846094e-07
3.148824751e-08
3.407675879e-07
2.902785318e-08
3.572902472e-07
2.687597945e-08
3.728422729e-07
2.497046397e-08
3.874993772e-07
2.326225778e-08
4.013247471e-07
2.171212274e-08
4.143704078e-07
2.02882151e-08
4.26678439e-07
1.896430924e-08
4.38282026e-07
1.771848431e-08
4.492063532e-07
1.653214683e-08
4.594693529e-07
1.538929784e-08
4.690823288e-07
1.427597894e-08
4.780504706e-07
1.317984955e-08
4.863732762e-07
1.208986053e-08
4.940448935e-07
1.099599841e-08
5.010543922e-07
9.889080443e-09
5.073859708e-07
8.760585568e-09
5.130191048e-07
7.602508506e-09
5.179286341e-07
6.40722629e-09
5.220847866e-07
5.167366748e-09
5.254531303e-07
3.8756681e-09
5.279944392e-07
2.524817589e-09
5.296644497e-07
1.107255087e-09
5.304134536e-07
-3.850479682e-10
5.301857782e-07
-1.960973877e-09
5.28918924e-07
-3.63068435e-09
5.26542431e-07
-5.406344805e-09
5.229761574e-07
-7.303038602e-09
5.181278814e-07
-9.340060176e-09
5.118899119e-07
-1.154279295e-08
5.041342748e-07
-1.394545348e-08
4.947058629e-07
-1.659514004e-08
4.834126871e-07
-1.955788877e-08
4.70012032e-07
-2.292786201e-08
4.541909458e-07
-2.684147679e-08
4.355392381e-07
-3.149937963e-08
4.135134829e-07
-3.720088477e-08
3.873926713e-07
-4.439797942e-08
3.562330852e-07
-5.377902969e-08
3.188482448e-07
-6.639401376e-08
2.738824911e-07
-8.382610117e-08
2.201350706e-07
-1.083752485e-07
1.574419911e-07
-1.430816534e-07
8.857315412e-08
-1.91010664e-07
2.237192503e-08
-2.522100758e-07
-2.33565725e-08
-3.149305524e-07
-2.742660998e-08
-3.358123406e-07
-2.099244651e-07
-3.525403804e-08
1.672919668e-07
-3.885273069e-08
2.165810096e-07
-8.533263338e-09
1.835986593e-07
3.649092825e-08
1.448713892e-07
8.528936516e-08
1.121785516e-07
1.327562371e-07
8.680653472e-08
1.766313091e-07
6.804477223e-08
2.162101752e-07
5.435831292e-08
2.515686961e-07
4.431889573e-08
2.830982741e-07
3.686605515e-08
3.112811411e-07
3.124768001e-08
3.365900498e-07
2.693622347e-08
3.594475318e-07
2.356509686e-08
3.802142756e-07
2.08795381e-08
3.991909173e-07
1.870101155e-08
4.166249789e-07
1.690290305e-08
4.327190572e-07
1.539416922e-08
4.476385863e-07
1.410832407e-08
4.615185597e-07
1.299600602e-08
4.744690876e-07
1.201993606e-08
4.865798781e-07
1.115146731e-08
4.979238023e-07
1.036819852e-08
5.085597124e-07
9.652304987e-09
5.185346638e-07
8.989357812e-09
5.278856691e-07
8.367478988e-09
5.366410859e-07
7.776730043e-09
5.44821719e-07
7.208664719e-09
5.524416999e-07
6.655998052e-09
5.595091908e-07
6.112358681e-09
5.660269503e-07
5.572101027e-09
5.719927881e-07
5.030160562e-09
5.773999287e-07
4.481939862e-09
5.822372981e-07
3.923216117e-09
5.864897439e-07
3.350062707e-09
5.901381917e-07
2.758778548e-09
5.93159739e-07
2.145819427e-09
5.955276816e-07
1.507725462e-09
5.972114604e-07
8.410388234e-10
5.981765078e-07
1.422076647e-10
5.983839823e-07
-5.925224542e-10
5.977903414e-07
-1.367333002e-09
5.963467027e-07
-2.187045615e-09
5.93997839e-07
-3.057481125e-09
5.90680729e-07
-3.985928619e-09
5.863224884e-07
-4.981819622e-09
5.808373957e-07
-6.057700201e-09
5.74122599e-07
-7.230656786e-09
5.660518958e-07
-8.524436888e-09
5.564666673e-07
-9.972660305e-09
5.451625847e-07
-1.162377937e-08
5.318700123e-07
-1.354890445e-08
5.162250531e-07
-1.585442044e-08
4.977269315e-07
-1.87027631e-08
4.756762505e-07
-2.23472985e-08
4.490889825e-07
-2.719176171e-08
4.165871655e-07
-3.389219678e-08
3.762910391e-07
-4.352997472e-08
3.258081715e-07
-5.789238094e-08
2.625946667e-07
-7.986814866e-08
1.853407486e-07
-1.137567459e-07
9.764495011e-08
-1.645142773e-07
1.563374889e-08
-2.329193512e-07
-2.4116579e-08
-2.960620127e-07
-2.340410441e-07
-1.848586805e-08
1.857778349e-07
4.119506262e-08
1.569000789e-07
1.222097194e-07
1.025840025e-07
1.974125771e-07
6.966853151e-08
2.616804392e-07
4.79106895e-08
3.15084576e-07
3.340239793e-08
3.590964963e-07
2.403285185e-08
3.955100397e-07
1.794476951e-08
4.259459217e-07
1.388301378e-08
4.517145806e-07
1.109739625e-08
4.738306396e-07
9.131620982e-09
4.930651155e-07
7.701747584e-09
5.100000852e-07
6.630127111e-09
5.250754373e-07
5.804186023e-09
5.386254332e-07
5.151015578e-09
5.509060753e-07
4.622260945e-09
5.62115176e-07
4.185068558e-09
5.72406945e-07
3.816555062e-09
5.819025717e-07
3.500379274e-09
5.906979229e-07
3.224584862e-09
5.988691736e-07
2.980216669e-09
6.064769568e-07
2.760415315e-09
6.135694486e-07
2.559813147e-09
6.201846827e-07
2.374123646e-09
6.263523044e-07
2.199857325e-09
6.320949125e-07
2.034121887e-09
6.374290978e-07
1.874479452e-09
6.423662528e-07
1.718843075e-09
6.469132108e-07
1.565400636e-09
6.510727538e-07
1.412558016e-09
6.548440185e-07
1.258895891e-09
6.582228222e-07
1.103136115e-09
6.612019237e-07
9.441146885e-10
6.637712274e-07
7.807589778e-10
6.659179387e-07
6.120672322e-10
6.676266695e-07
4.370886105e-10
6.68879493e-07
2.549019198e-10
6.696559399e-07
6.459194646e-11
6.699329162e-07
-1.347686191e-10
6.696845744e-07
-3.441806936e-10
6.688820098e-07
-5.647683196e-10
6.674928072e-07
-7.978430668e-10
6.654803355e-07
-1.045009406e-09
6.628027188e-07
-1.308311988e-09
6.594113395e-07
-1.590440328e-09
6.552486629e-07
-1.895023537e-09
6.5024507e-07
-2.227063931e-09
6.44314219e-07
-2.593585874e-09
6.373461872e-07
-3.004628532e-09
6.291972128e-07
-3.474804951e-09
6.196741316e-07
-4.025823233e-09
6.085104072e-07
-4.690696091e-09
5.953286563e-07
-5.5210122e-09
5.795812975e-07
-6.599939685e-09
5.604558111e-07
-8.066275282e-09
5.367238703e-07
-1.016025602e-08
5.065066065e-07
-1.331271093e-08
4.669342827e-07
-1.832005713e-08
4.137469469e-07
-2.668081287e-08
3.411575028e-07
-4.11673018e-08
2.431648532e-07
-6.652162771e-08
1.206361683e-07
-1.103906663e-07
7.824680044e-09
-1.832505244e-07
-2.262163641e-07
1.857778349e-07
3.426779138e-07
4.452619162e-07
5.149304478e-07
5.628411373e-07
5.962435352e-07
6.20276387e-07
6.382211565e-07
6.521041703e-07
6.632015666e-07
6.723331875e-07
6.800349351e-07
6.866650622e-07
6.924692483e-07
6.976202638e-07
7.022425248e-07
7.064275933e-07
7.102441484e-07
7.137445277e-07
7.169691125e-07
7.199493292e-07
7.227097445e-07
7.252695576e-07
7.276436813e-07
7.298435386e-07
7.318776605e-07
7.337521399e-07
7.35470983e-07
7.370363837e-07
7.384489417e-07
7.397078376e-07
7.408109737e-07
7.417550884e-07
7.425358473e-07
7.431479146e-07
7.435850032e-07
7.438399051e-07
7.43904497e-07
7.437697284e-07
7.434255477e-07
7.428607794e-07
7.420629363e-07
7.410179269e-07
7.397096149e-07
7.381191746e-07
7.362241511e-07
7.339970871e-07
7.314035013e-07
7.283988727e-07
7.249240678e-07
7.208982445e-07
7.162075485e-07
7.106865363e-07
7.040865966e-07
6.960203213e-07
6.858600653e-07
6.725473543e-07
6.542272972e-07
6.275464843e-07
5.863791825e-07
5.198575548e-07
4.094668885e-07
2.262163641e-07
)
;

boundaryField
{
    movingWall
    {
        type            calculated;
        value           uniform 0;
    }
    fixedWalls
    {
        type            calculated;
        value           uniform 0;
    }
    frontAndBack
    {
        type            empty;
    }
}


// ************************************************************************* //
