/*--------------------------------*- C++ -*----------------------------------*\
  =========                 |
  \\      /  F ield         | OpenFOAM: The Open Source CFD Toolbox
   \\    /   O peration     | Website:  https://openfoam.org
    \\  /    A nd           | Version:  11
     \\/     M anipulation  |
\*---------------------------------------------------------------------------*/
FoamFile
{
    format      ascii;
    class       volVectorField;
    location    "1700";
    object      U;
}
// * * * * * * * * * * * * * * * * * * * * * * * * * * * * * * * * * * * * * //

dimensions      [0 1 -1 0 0 0 0];

internalField   nonuniform List<vector> 
4096
(
(1.429157107e-05 -1.426883126e-05 0)
(5.94534277e-05 -1.800426718e-05 0)
(9.410322831e-05 -1.366003309e-05 0)
(9.726302669e-05 -6.374742672e-06 0)
(5.802081069e-05 1.388051309e-06 0)
(-2.530702102e-05 8.731059905e-06 0)
(-0.0001506406842 1.524317213e-05 0)
(-0.0003141225682 2.079494241e-05 0)
(-0.0005110954719 2.540194928e-05 0)
(-0.0007366866896 2.914173228e-05 0)
(-0.0009861339486 3.211350713e-05 0)
(-0.001254951179 3.441880633e-05 0)
(-0.001538999379 3.615184079e-05 0)
(-0.001834499856 3.739482712e-05 0)
(-0.00213801234 3.821600102e-05 0)
(-0.002446392597 3.866916204e-05 0)
(-0.002756739489 3.879415093e-05 0)
(-0.003066338497 3.861792811e-05 0)
(-0.003372606771 3.815605118e-05 0)
(-0.003673043331 3.741441571e-05 0)
(-0.003965187053 3.639116067e-05 0)
(-0.004246584201 3.507866325e-05 0)
(-0.004514766654 3.346556357e-05 0)
(-0.004767241396 3.153877193e-05 0)
(-0.005001491446 2.928541977e-05 0)
(-0.005214987983 2.669472215e-05 0)
(-0.005405213146 2.375972303e-05 0)
(-0.005569692701 2.047889656e-05 0)
(-0.005706037504 1.685757724e-05 0)
(-0.005811992499 1.290918941e-05 0)
(-0.005885491751 8.656245425e-06 0)
(-0.005924717855 4.131093649e-06 0)
(-0.005928163483 -6.237195781e-07 0)
(-0.005894693438 -5.55539279e-06 0)
(-0.005823605048 -1.060099026e-05 0)
(-0.005714684105 -1.568815295e-05 0)
(-0.005568254626 -2.07362552e-05 0)
(-0.005385219304 -2.565786125e-05 0)
(-0.005167088863 -3.036059703e-05 0)
(-0.004915998224 -3.474937687e-05 0)
(-0.00463470771 -3.872892661e-05 0)
(-0.00432658797 -4.220652381e-05 0)
(-0.00399558779 -4.509485458e-05 0)
(-0.003646184549 -4.73148695e-05 0)
(-0.003283317719 -4.879851009e-05 0)
(-0.002912306489 -4.949117323e-05 0)
(-0.002538753214 -4.935378699e-05 0)
(-0.002168434962 -4.836438779e-05 0)
(-0.001807185869 -4.651911871e-05 0)
(-0.001460773218 -4.383261343e-05 0)
(-0.001134770075 -4.033779441e-05 0)
(-0.000834426865 -3.608520506e-05 0)
(-0.0005645432019 -3.114213135e-05 0)
(-0.0003293395507 -2.559198058e-05 0)
(-0.0001323253242 -1.953473882e-05 0)
(2.384472444e-05 -1.309001484e-05 0)
(0.0001375408861 -6.405474701e-06 0)
(0.0002083838569 3.250949234e-07 0)
(0.0002375750823 6.82427492e-06 0)
(0.0002283943258 1.265984611e-05 0)
(0.000186923355 1.71476851e-05 0)
(0.0001234380765 1.923344697e-05 0)
(5.616622664e-05 1.682658977e-05 0)
(8.077043937e-06 8.081285632e-06 0)
(1.825678724e-05 -5.96104172e-05 0)
(7.380837681e-05 -7.316747725e-05 0)
(8.523196967e-05 -2.751148876e-05 0)
(1.555457575e-05 4.612127937e-05 0)
(-0.0001563531176 0.0001298313895 0)
(-0.0004357686836 0.0002136164788 0)
(-0.0008196989287 0.0002920770326 0)
(-0.001300488409 0.0003625278272 0)
(-0.001867948803 0.0004238612982 0)
(-0.00251075414 0.0004758720221 0)
(-0.00321731942 0.0005188535184 0)
(-0.003976321197 0.000553352558 0)
(-0.004776979517 0.0005800167988 0)
(-0.005609180925 0.0005994998919 0)
(-0.006463496548 0.0006124035145 0)
(-0.007331133314 0.0006192441775 0)
(-0.008203845773 0.0006204372968 0)
(-0.009073828736 0.0006162936141 0)
(-0.009933605707 0.0006070245659 0)
(-0.01077592423 0.0005927541076 0)
(-0.01159366625 0.0005735350863 0)
(-0.01237977922 0.0005493686557 0)
(-0.01312723167 0.0005202255131 0)
(-0.01382899557 0.0004860679607 0)
(-0.01447805608 0.0004468719604 0)
(-0.01506744874 0.0004026484828 0)
(-0.01559032256 0.0003534635526 0)
(-0.01604002725 0.0002994564612 0)
(-0.01641022163 0.000240855672 0)
(-0.01669500003 0.0001779919754 0)
(-0.01688903258 0.0001113084783 0)
(-0.01698771514 4.136701365e-05 0)
(-0.0169873231 -3.114952612e-05 0)
(-0.0168851656 -0.0001054389251 0)
(-0.01667973286 -0.0001805852715 0)
(-0.01637083091 -0.0002555699274 0)
(-0.01595969936 -0.0003292870855 0)
(-0.0154491049 -0.0004005636156 0)
(-0.01484340605 -0.0004681830593 0)
(-0.01414858416 -0.0005309132894 0)
(-0.01337223671 -0.0005875371384 0)
(-0.01252352988 -0.000636885106 0)
(-0.01161310849 -0.0006778690899 0)
(-0.01065296291 -0.0007095159502 0)
(-0.009656253793 -0.0007309996524 0)
(-0.008637097231 -0.0007416707372 0)
(-0.007610314091 -0.0007410819684 0)
(-0.006591148631 -0.0007290092191 0)
(-0.005594962348 -0.0007054670006 0)
(-0.00463690939 -0.0006707185246 0)
(-0.003731599588 -0.0006252808665 0)
(-0.002892753971 -0.0005699267031 0)
(-0.002132855342 -0.0005056853481 0)
(-0.001462792621 -0.0004338475694 0)
(-0.0008914918679 -0.0003559812562 0)
(-0.0004255185914 -0.0002739689569 0)
(-6.862398108e-05 -0.0001900845497 0)
(0.0001788095534 -0.0001071349337 0)
(0.0003204909708 -2.870532156e-05 0)
(0.0003651729162 4.044269424e-05 0)
(0.0003278581815 9.377502617e-05 0)
(0.0002317868595 0.0001222009986 0)
(0.0001136476012 0.000113552142 0)
(1.66819929e-05 5.60157219e-05 0)
(1.42009435e-05 -9.512421165e-05 0)
(2.868964556e-05 -8.503189178e-05 0)
(-4.400530584e-05 4.424727699e-05 0)
(-0.000242756797 0.0002333434578 0)
(-0.0005903572752 0.0004463195726 0)
(-0.001093354949 0.0006611866068 0)
(-0.001748239281 0.0008648962623 0)
(-0.002545147749 0.001050190411 0)
(-0.003470401919 0.001213488071 0)
(-0.004508302511 0.001353498811 0)
(-0.005642351031 0.00147031705 0)
(-0.006856037776 0.001564824365 0)
(-0.008133314929 0.001638292457 0)
(-0.009458844973 0.00169212047 0)
(-0.01081809218 0.001727664836 0)
(-0.01219730851 0.001746134672 0)
(-0.01358345302 0.001748534724 0)
(-0.01496407502 0.001735643373 0)
(-0.01632718369 0.001708016604 0)
(-0.01766112191 0.001666011088 0)
(-0.01895445707 0.001609820995 0)
(-0.02019589846 0.001539524211 0)
(-0.02137424734 0.001455134446 0)
(-0.02247838377 0.001356656302 0)
(-0.02349729162 0.001244140856 0)
(-0.02442012182 0.001117739715 0)
(-0.02523629217 0.0009777557706 0)
(-0.02593562064 0.0008246891352 0)
(-0.0265084883 0.0006592769117 0)
(-0.02694602657 0.0004825255825 0)
(-0.02724032322 0.0002957349218 0)
(-0.02738464029 0.0001005124235 0)
(-0.02737363602 -0.0001012226999 0)
(-0.02720358573 -0.0003072463305 0)
(-0.02687258978 -0.0005150472409 0)
(-0.02638076255 -0.0007218575746 0)
(-0.02573039467 -0.0009246947632 0)
(-0.0249260792 -0.001120414464 0)
(-0.02397479539 -0.001305773774 0)
(-0.02288594311 -0.001477503426 0)
(-0.02167132259 -0.001632387177 0)
(-0.02034505541 -0.001767346189 0)
(-0.0189234442 -0.001879525796 0)
(-0.01742477047 -0.001966381809 0)
(-0.01586903176 -0.00202576333 0)
(-0.01427762141 -0.002055989144 0)
(-0.01267295586 -0.002055914983 0)
(-0.01107805631 -0.00202498952 0)
(-0.009516092238 -0.001963297757 0)
(-0.008009895332 -0.001871591682 0)
(-0.00658145156 -0.001751309615 0)
(-0.005251378103 -0.001604587776 0)
(-0.004038388978 -0.001434270298 0)
(-0.00295874894 -0.001243927523 0)
(-0.002025709188 -0.001037897189 0)
(-0.001248910398 -0.0008213696651 0)
(-0.0006337288196 -0.0006005469791 0)
(-0.0001805288774 -0.0003829163522 0)
(0.0001162260523 -0.0001776894823 0)
(0.0002690282752 3.538338677e-06 0)
(0.0002984902445 0.000145890289 0)
(0.0002350813951 0.0002301618344 0)
(0.0001243801861 0.0002320462934 0)
(1.915640558e-05 0.0001233131978 0)
(7.086126693e-06 -9.924554773e-05 0)
(-4.656430042e-05 -1.463477382e-05 0)
(-0.0002392905778 0.0002439431835 0)
(-0.0006038931048 0.0005930895475 0)
(-0.001158500446 0.0009797274245 0)
(-0.001907892425 0.001369434971 0)
(-0.002846857216 0.001740555149 0)
(-0.003963329741 0.002080237759 0)
(-0.005240850753 0.002381564546 0)
(-0.006660406011 0.00264152283 0)
(-0.008201758946 0.002859593393 0)
(-0.009844368925 0.003036764238 0)
(-0.01156798242 0.003174843043 0)
(-0.01335297527 0.003275982919 0)
(-0.01518051194 0.003342363229 0)
(-0.0170325758 0.003375985104 0)
(-0.01889191449 0.003378553046 0)
(-0.02074193554 0.003351421647 0)
(-0.02256658024 0.00329559154 0)
(-0.0243501977 0.003211742186 0)
(-0.0260774358 0.003100291506 0)
(-0.02773316102 0.002961474239 0)
(-0.02930241586 0.002795432232 0)
(-0.03077041884 0.002602311061 0)
(-0.0321226096 0.002382358187 0)
(-0.03334473906 0.002136018674 0)
(-0.0344230028 0.001864025011 0)
(-0.03534421398 0.001567478125 0)
(-0.03609601063 0.001247916986 0)
(-0.03666709114 0.0009073745856 0)
(-0.03704747042 0.0005484182738 0)
(-0.03722874887 0.0001741727398 0)
(-0.03720438411 -0.0002116758199 0)
(-0.0369699592 -0.0006048952027 0)
(-0.0365234328 -0.001000743361 0)
(-0.03586536475 -0.001394026226 0)
(-0.03499910701 -0.001779175745 0)
(-0.03393094949 -0.002150347469 0)
(-0.03267021302 -0.002501536139 0)
(-0.03122928155 -0.002826706874 0)
(-0.02962356725 -0.003119938826 0)
(-0.0278714037 -0.003375577435 0)
(-0.02599386409 -0.003588390826 0)
(-0.02401450376 -0.003753725434 0)
(-0.02195902811 -0.003867655748 0)
(-0.01985488941 -0.003927123182 0)
(-0.01773081819 -0.003930059497 0)
(-0.01561629631 -0.003875491165 0)
(-0.0135409808 -0.003763622398 0)
(-0.01153408763 -0.003595896534 0)
(-0.009623745147 -0.003375038038 0)
(-0.007836325362 -0.003105080621 0)
(-0.006195759151 -0.002791391123 0)
(-0.004722838 -0.002440703886 0)
(-0.003434499974 -0.002061186672 0)
(-0.002343092082 -0.001662566861 0)
(-0.001455595347 -0.001256355485 0)
(-0.0007727929084 -0.0008562157321 0)
(-0.0002883576645 -0.0004785288764 0)
(1.213292423e-05 -0.0001432061583 0)
(0.0001521840766 0.0001252454912 0)
(0.0001657860558 0.0002965108083 0)
(0.0001020316991 0.0003331833753 0)
(1.757053278e-05 0.0001887216483 0)
(-8.234282141e-07 -5.94933299e-05 0)
(-0.0001358965089 0.0001634297519 0)
(-0.0004692118064 0.0006011143979 0)
(-0.001022834099 0.001152667999 0)
(-0.001805877297 0.001750958308 0)
(-0.002818668736 0.002350554303 0)
(-0.004052741 0.002921652127 0)
(-0.00549315943 0.003445756621 0)
(-0.007120661354 0.003912338376 0)
(-0.008913310708 0.004316337626 0)
(-0.01084776222 0.004656330738 0)
(-0.0129001826 0.004933189014 0)
(-0.0150468759 0.005149105829 0)
(-0.017264669 0.005306902251 0)
(-0.01953111208 0.005409545122 0)
(-0.02182454339 0.005459828718 0)
(-0.02412406134 0.005460183139 0)
(-0.02640943998 0.005412581025 0)
(-0.02866101795 0.005318520098 0)
(-0.03085958496 0.005179063323 0)
(-0.03298628436 0.004994921663 0)
(-0.03502254606 0.004766566897 0)
(-0.03695005926 0.004494363914 0)
(-0.03875079142 0.004178713567 0)
(-0.04040705606 0.003820198528 0)
(-0.04190162978 0.003419725709 0)
(-0.04321791621 0.002978659796 0)
(-0.04434015266 0.002498943221 0)
(-0.04525365372 0.001983198541 0)
(-0.04594508463 0.001434809768 0)
(-0.04640275584 0.0008579796428 0)
(-0.04661692983 0.0002577603357 0)
(-0.04658012929 -0.000359944408 0)
(-0.04628743886 -0.0009884070706 0)
(-0.04573678474 -0.001620135723 0)
(-0.0449291855 -0.002246965317 0)
(-0.0438689621 -0.002860179096 0)
(-0.04256389619 -0.003450659102 0)
(-0.04102532817 -0.004009063315 0)
(-0.03926818627 -0.004526025828 0)
(-0.03731093962 -0.004992375441 0)
(-0.0351754699 -0.005399367005 0)
(-0.03288685803 -0.005738919061 0)
(-0.03047308461 -0.006003850651 0)
(-0.02796464493 -0.006188109934 0)
(-0.02539408198 -0.006286987351 0)
(-0.02279544293 -0.006297306723 0)
(-0.02020366671 -0.006217588924 0)
(-0.01765391202 -0.006048184636 0)
(-0.01518083632 -0.00579137538 0)
(-0.01281783648 -0.005451445411 0)
(-0.01059626178 -0.005034731358 0)
(-0.008544608252 -0.004549661672 0)
(-0.006687701315 -0.004006804032 0)
(-0.005045870673 -0.003418945898 0)
(-0.003634118439 -0.002801241072 0)
(-0.00246127905 -0.002171462965 0)
(-0.001529167777 -0.001550411753 0)
(-0.0008317149641 -0.0009625260665 0)
(-0.0003541070408 -0.0004367464058 0)
(-7.19888205e-05 -7.643593251e-06 0)
(4.959434576e-05 0.0002832515298 0)
(5.950649651e-05 0.0003856852966 0)
(1.411548901e-05 0.0002364168606 0)
(-8.765774701e-06 2.827039352e-05 0)
(-0.0002307006222 0.0004607409182 0)
(-0.0007152139104 0.001131853489 0)
(-0.001471188915 0.001929354355 0)
(-0.002496041478 0.00277569455 0)
(-0.003783583051 0.003616634604 0)
(-0.005320627185 0.004415458622 0)
(-0.007088489265 0.005148627831 0)
(-0.009064720025 0.005802222011 0)
(-0.01122445611 0.006369148015 0)
(-0.01354149996 0.006846995739 0)
(-0.01598914706 0.007236407308 0)
(-0.01854077146 0.007539853808 0)
(-0.02117020188 0.007760736662 0)
(-0.02385192895 0.007902747991 0)
(-0.02656118415 0.007969437896 0)
(-0.02927392849 0.007963946951 0)
(-0.03196678516 0.007888869973 0)
(-0.03461694516 0.00774622297 0)
(-0.03720207032 0.007537489682 0)
(-0.03970021287 0.007263727689 0)
(-0.04208976621 0.006925716976 0)
(-0.04434945721 0.006524136313 0)
(-0.04645838644 0.006059754938 0)
(-0.04839611945 0.005533628847 0)
(-0.05014282916 0.004947292584 0)
(-0.05167948696 0.004302938783 0)
(-0.05298809779 0.003603578876 0)
(-0.05405197317 0.002853179341 0)
(-0.05485603402 0.002056768705 0)
(-0.05538713455 0.001220511263 0)
(-0.05563439719 0.0003517441817 0)
(-0.05558954777 -0.0005410245224 0)
(-0.05524724151 -0.001448158999 0)
(-0.05460536428 -0.002358981949 0)
(-0.05366530222 -0.003261903785 0)
(-0.05243216629 -0.004144592546 0)
(-0.05091496102 -0.004994183055 0)
(-0.04912668793 -0.005797521986 0)
(-0.04708437461 -0.00654144405 0)
(-0.04480902159 -0.007213073141 0)
(-0.04232546086 -0.007800141023 0)
(-0.03966212192 -0.008291315018 0)
(-0.03685070319 -0.008676525366 0)
(-0.03392574909 -0.008947282476 0)
(-0.0309241355 -0.009096974462 0)
(-0.02788446882 -0.009121136029 0)
(-0.02484640624 -0.00901768134 0)
(-0.0218499068 -0.008787095742 0)
(-0.0189344247 -0.008432584483 0)
(-0.01613805725 -0.007960180638 0)
(-0.01349666041 -0.007378819544 0)
(-0.01104294481 -0.006700392955 0)
(-0.008805563969 -0.005939802783 0)
(-0.006808205812 -0.005115041544 0)
(-0.00506869719 -0.004247333846 0)
(-0.003598131195 -0.003361379904 0)
(-0.002400027582 -0.002485746689 0)
(-0.001469539178 -0.001653454851 0)
(-0.0007927301817 -0.0009028098351 0)
(-0.0003459531673 -0.0002785016468 0)
(-9.51546108e-05 0.0001670569997 0)
(5.697255008e-06 0.0003717714154 0)
(9.848091018e-06 0.0002586664158 0)
(-1.64031936e-05 0.0001650107456 0)
(-0.0003264472629 0.0008820003215 0)
(-0.0009664491397 0.001844116805 0)
(-0.001931190175 0.002932695739 0)
(-0.003204961724 0.004063277559 0)
(-0.00477364317 0.005175271901 0)
(-0.006618147915 0.006226691458 0)
(-0.008715193476 0.007189982419 0)
(-0.01103863704 0.008048432572 0)
(-0.01356047994 0.008793229634 0)
(-0.01625170189 0.009421113741 0)
(-0.01908293126 0.009932531607 0)
(-0.02202493462 0.01033021212 0)
(-0.02504893822 0.01061809443 0)
(-0.02812680806 0.01080054896 0)
(-0.0312311191 0.01088184078 0)
(-0.03433514524 0.01086579177 0)
(-0.03741279986 0.01075560437 0)
(-0.04043855374 0.01055381464 0)
(-0.04338735302 0.01026234637 0)
(-0.04623455571 0.009882641636 0)
(-0.04895590101 0.009415846351 0)
(-0.05152752152 0.008863032055 0)
(-0.05392600447 0.008225437769 0)
(-0.05612850498 0.007504717981 0)
(-0.05811291119 0.006703184862 0)
(-0.05985805842 0.005824034591 0)
(-0.06134398771 0.004871549186 0)
(-0.06255224197 0.003851266612 0)
(-0.06346619161 0.002770113036 0)
(-0.06407138062 0.001636492136 0)
(-0.0643558827 0.0004603273893 0)
(-0.06431065724 -0.0007469457128 0)
(-0.06392989382 -0.001972439814 0)
(-0.06321133142 -0.003201931365 0)
(-0.06215654439 -0.004420030332 0)
(-0.06077118145 -0.005610401619 0)
(-0.05906514654 -0.006756036362 0)
(-0.05705271189 -0.007839568928 0)
(-0.05475255341 -0.008843633737 0)
(-0.05218769969 -0.009751254356 0)
(-0.04938538781 -0.01054625571 0)
(-0.04637682055 -0.01121368892 0)
(-0.04319682189 -0.01174025706 0)
(-0.03988338999 -0.01211472987 0)
(-0.03647714955 -0.0123283349 0)
(-0.033020708 -0.01237511395 0)
(-0.02955792284 -0.01225223471 0)
(-0.02613309005 -0.01196025055 0)
(-0.0227900658 -0.0115033047 0)
(-0.01957133565 -0.01088927978 0)
(-0.016517047 -0.01012989948 0)
(-0.01366402143 -0.009240795187 0)
(-0.0110447642 -0.008241557866 0)
(-0.008686488396 -0.007155802337 0)
(-0.00661017199 -0.00601127812 0)
(-0.004829666694 -0.004840066607 0)
(-0.0033508799 -0.003678907909 0)
(-0.002171055117 -0.002569702971 0)
(-0.001278178469 -0.001560239414 0)
(-0.0006505073628 -0.0007051699105 0)
(-0.0002562323355 -6.721849299e-05 0)
(-5.379436649e-05 0.0002809721092 0)
(5.384050706e-06 0.0002516292552 0)
(-2.362809095e-05 0.0003502253378 0)
(-0.0004208356277 0.001428036264 0)
(-0.001216704649 0.002740625865 0)
(-0.002391890003 0.004166698154 0)
(-0.00391698983 0.005617975046 0)
(-0.005769096728 0.007029935562 0)
(-0.007922379069 0.008357120513 0)
(-0.01034826163 0.009569234557 0)
(-0.01301641898 0.01064763275 0)
(-0.01589544048 0.01158233407 0)
(-0.01895339767 0.01236955954 0)
(-0.02215832364 0.01300974159 0)
(-0.02547856974 0.0135059512 0)
(-0.02888303829 0.01386269062 0)
(-0.03234130655 0.01408500155 0)
(-0.03582366354 0.01417784249 0)
(-0.03930108427 0.01414569266 0)
(-0.04274516628 0.01399234374 0)
(-0.04612805147 0.01372084428 0)
(-0.04942235361 0.013333565 0)
(-0.05260110816 0.01283235619 0)
(-0.05563775731 0.01221877203 0)
(-0.05850617962 0.01149433886 0)
(-0.06118076952 0.010660848 0)
(-0.06363656941 0.009720655854 0)
(-0.06584945347 0.00867697667 0)
(-0.06779636051 0.007534155493 0)
(-0.06945557059 0.006297910792 0)
(-0.07080701881 0.00497553791 0)
(-0.0718326382 0.003576065975 0)
(-0.07251672246 0.002110362163 0)
(-0.07284629849 0.000591178506 0)
(-0.07281149943 -0.0009668622518 0)
(-0.07240592509 -0.002547344525 0)
(-0.07162697819 -0.004132205383 0)
(-0.07047616776 -0.005701945611 0)
(-0.06895936554 -0.007235903628 0)
(-0.06708700411 -0.008712590253 0)
(-0.06487420667 -0.01011007958 0)
(-0.06234083763 -0.01140644915 0)
(-0.05951146456 -0.0125802607 0)
(-0.05641522309 -0.01361107075 0)
(-0.05308557816 -0.0144799586 0)
(-0.04955997695 -0.01517005792 0)
(-0.0458793912 -0.01566707731 0)
(-0.04208774948 -0.01595979461 0)
(-0.03823126297 -0.01604051092 0)
(-0.03435765143 -0.01590545124 0)
(-0.03051527938 -0.01555510197 0)
(-0.0267522158 -0.01499447874 0)
(-0.02311523316 -0.01423332366 0)
(-0.01964876467 -0.01328623659 0)
(-0.01639384027 -0.01217275219 0)
(-0.01338702401 -0.01091738184 0)
(-0.01065937665 -0.009549646456 0)
(-0.008235468989 -0.008104133227 0)
(-0.006132472935 -0.006620614059 0)
(-0.00435936004 -0.005144266483 0)
(-0.002916243804 -0.003726039614 0)
(-0.001793892933 -0.00242321072 0)
(-0.0009733774973 -0.001300156869 0)
(-0.0004260429012 -0.0004293025813 0)
(-0.0001156866044 0.0001073755546 0)
(1.038297555e-06 0.0002136327867 0)
(-3.043906962e-05 0.0005826880179 0)
(-0.000512741893 0.002097404746 0)
(-0.001462468919 0.003820695653 0)
(-0.002846583708 0.005631463447 0)
(-0.004621965012 0.007440222821 0)
(-0.006756500858 0.009180756942 0)
(-0.009217086276 0.01080593608 0)
(-0.01196935394 0.01228410613 0)
(-0.01497839866 0.01359570665 0)
(-0.01820913542 0.01473030614 0)
(-0.02162660501 0.01568409185 0)
(-0.02519625046 0.01645779338 0)
(-0.02888412073 0.01705501056 0)
(-0.03265699198 0.01748090961 0)
(-0.03648241359 0.01774124851 0)
(-0.04032869332 0.01784169055 0)
(-0.0441648399 0.01778736639 0)
(-0.04796048281 0.01758264541 0)
(-0.05168578824 0.01723107984 0)
(-0.05531138841 0.01673548681 0)
(-0.05880833851 0.01609813658 0)
(-0.06214811244 0.01532101782 0)
(-0.06530264507 0.01440615396 0)
(-0.06824442557 0.01335594745 0)
(-0.07094664347 0.01217353209 0)
(-0.07338338647 0.010863116 0)
(-0.07552988656 0.00943030076 0)
(-0.07736280959 0.007882364182 0)
(-0.07886058152 0.006228496683 0)
(-0.0800037436 0.004479982527 0)
(-0.08077532768 0.00265031905 0)
(-0.08116124182 0.0007552683345 0)
(-0.08115065864 -0.00118716262 0)
(-0.0807363911 -0.003156816449 0)
(-0.07991524742 -0.005131559389 0)
(-0.07868835524 -0.00708753257 0)
(-0.07706144107 -0.008999477368 0)
(-0.07504505322 -0.01084113299 0)
(-0.07265471766 -0.01258570132 0)
(-0.06991101508 -0.01420637158 0)
(-0.06683956815 -0.01567689513 0)
(-0.06347092895 -0.01697219843 0)
(-0.05984035821 -0.01806901983 0)
(-0.05598748953 -0.01894655443 0)
(-0.0519558744 -0.01958708933 0)
(-0.04779240689 -0.01997661159 0)
(-0.04354663 -0.02010537094 0)
(-0.03926992966 -0.01996838106 0)
(-0.03501462641 -0.01956584575 0)
(-0.03083297868 -0.01890350023 0)
(-0.02677611566 -0.01799286319 0)
(-0.02289292143 -0.01685140146 0)
(-0.01922889511 -0.01550261649 0)
(-0.01582501485 -0.0139760696 0)
(-0.01271663562 -0.01230737013 0)
(-0.009932452831 -0.01053815769 0)
(-0.007493565752 -0.008716113959 0)
(-0.005412677668 -0.006895042466 0)
(-0.003693478088 -0.005135055199 0)
(-0.002330231724 -0.003502906729 0)
(-0.00130749683 -0.002072490819 0)
(-0.0006003412622 -0.00092543811 0)
(-0.0001782588051 -0.0001521460563 0)
(-3.061045725e-06 0.0001442136399 0)
(-3.686996565e-05 0.0008608505126 0)
(-0.0006016394727 0.002887355099 0)
(-0.001701757345 0.005081444051 0)
(-0.003291133552 0.007324350297 0)
(-0.005313222424 0.009527552384 0)
(-0.007726605901 0.01162513616 0)
(-0.0104906431 0.01357001888 0)
(-0.01356486951 0.01533058937 0)
(-0.0169095248 0.01688746811 0)
(-0.02048564701 0.01823059845 0)
(-0.0242551359 0.01935673214 0)
(-0.02818082939 0.02026731259 0)
(-0.03222654698 0.02096674524 0)
(-0.03635708674 0.02146103366 0)
(-0.04053817868 0.02175675184 0)
(-0.04473640354 0.02186031805 0)
(-0.04891909023 0.02177753348 0)
(-0.05305420697 0.02151334733 0)
(-0.05711026121 0.02107181088 0)
(-0.06105622211 0.02045618369 0)
(-0.06486147718 0.01966915757 0)
(-0.0684958319 0.01871316609 0)
(-0.07192955853 0.01759075054 0)
(-0.07513349725 0.0163049566 0)
(-0.07807921052 0.01485973879 0)
(-0.0807391889 0.01326035337 0)
(-0.08308710498 0.01151372311 0)
(-0.08509811039 0.009628759947 0)
(-0.08674916946 0.007616634092 0)
(-0.08801942245 0.005490980067 0)
(-0.08889056998 0.003268031845 0)
(-0.08934726957 0.0009666810024 0)
(-0.0893775387 -0.001391546537 0)
(-0.08897314724 -0.003782598922 0)
(-0.0881299939 -0.006180097405 0)
(-0.08684845647 -0.008555624748 0)
(-0.08513370174 -0.01087909889 0)
(-0.0829959424 -0.01311923076 0)
(-0.08045063036 -0.01524406144 0)
(-0.07751857302 -0.01722157104 0)
(-0.07422595985 -0.01902034895 0)
(-0.07060428729 -0.0206103125 0)
(-0.06669017093 -0.02196345831 0)
(-0.06252503584 -0.02305462803 0)
(-0.0581546782 -0.02386226853 0)
(-0.05362869472 -0.02436916506 0)
(-0.0489997802 -0.02456312587 0)
(-0.04432289771 -0.02443759769 0)
(-0.03965433131 -0.02399219397 0)
(-0.03505063576 -0.02323312162 0)
(-0.03056750323 -0.02217349738 0)
(-0.02625857153 -0.0208335518 0)
(-0.02217420306 -0.01924072642 0)
(-0.01836026728 -0.01742967799 0)
(-0.0148569627 -0.01544221154 0)
(-0.0116977168 -0.01332717105 0)
(-0.008908203746 -0.01114032146 0)
(-0.006505523422 -0.008944257792 0)
(-0.004497594353 -0.006808377501 0)
(-0.002882780282 -0.004808951045 0)
(-0.001649628279 -0.00302929582 0)
(-0.0007772467804 -0.001559970969 0)
(-0.0002408192122 -0.0004992804722 0)
(-6.888884432e-06 4.346185846e-05 0)
(-4.295970622e-05 0.001183036843 0)
(-0.0006872865145 0.003794383918 0)
(-0.001933415558 0.006518559737 0)
(-0.003722905593 0.009240776396 0)
(-0.00598625974 0.01187528771 0)
(-0.008672870132 0.01435824811 0)
(-0.01173450594 0.01664421814 0)
(-0.0151244726 0.01870299601 0)
(-0.01879800483 0.02051650295 0)
(-0.02271214087 0.0220759408 0)
(-0.02682556951 0.0233792989 0)
(-0.03109851833 0.02442922912 0)
(-0.03549263841 0.02523129234 0)
(-0.03997087229 0.02579256603 0)
(-0.04449730617 0.02612059132 0)
(-0.04903701213 0.02622263076 0)
(-0.05355588989 0.02610520267 0)
(-0.0580205191 0.02577385507 0)
(-0.06239803372 0.02523314112 0)
(-0.06665602896 0.02448675791 0)
(-0.07076250943 0.02353781187 0)
(-0.07468588534 0.02238917622 0)
(-0.0783950206 0.02104390883 0)
(-0.08185933507 0.01950570207 0)
(-0.08504896049 0.01777933974 0)
(-0.08793494807 0.01587113975 0)
(-0.09048952408 0.01378936426 0)
(-0.09268638871 0.01154458238 0)
(-0.09450105222 0.009149972601 0)
(-0.09591120207 0.006621554972 0)
(-0.09689709367 0.003978344333 0)
(-0.09744195618 0.001242418052 0)
(-0.09753241044 -0.001561106721 0)
(-0.09715888045 -0.004404190538 0)
(-0.09631599487 -0.007256090267 0)
(-0.09500296989 -0.01008367937 0)
(-0.09322395799 -0.01285186467 0)
(-0.09098834948 -0.01552409985 0)
(-0.08831101558 -0.01806299157 0)
(-0.08521247807 -0.02043099077 0)
(-0.08171899061 -0.02259115885 0)
(-0.07786251717 -0.02450799508 0)
(-0.07368059368 -0.02614830798 0)
(-0.06921606034 -0.02748211078 0)
(-0.06451665481 -0.02848351765 0)
(-0.05963445957 -0.02913161585 0)
(-0.05462520134 -0.02941128769 0)
(-0.04954740542 -0.02931395677 0)
(-0.04446141389 -0.02883823466 0)
(-0.03942828273 -0.02799044833 0)
(-0.03450857928 -0.02678503363 0)
(-0.02976110807 -0.02524478776 0)
(-0.02524159801 -0.02340098152 0)
(-0.02100138943 -0.02129334136 0)
(-0.01708616295 -0.01896992006 0)
(-0.01353475461 -0.01648688254 0)
(-0.01037810345 -0.01390823883 0)
(-0.007638380345 -0.01130555882 0)
(-0.005328357119 -0.008757702494 0)
(-0.003451028524 -0.00635059749 0)
(-0.001999315542 -0.004177061434 0)
(-0.0009565280228 -0.002336571711 0)
(-0.0003033494658 -0.0009352416222 0)
(-1.047583432e-05 -8.840568533e-05 0)
(-4.874090175e-05 0.001547522597 0)
(-0.0007695589565 0.004814529518 0)
(-0.002156709578 0.008126763909 0)
(-0.004140102239 0.01137474848 0)
(-0.006637855237 0.01447704854 0)
(-0.009590432421 0.0173734482 0)
(-0.01294211596 0.02002161773 0)
(-0.01663999125 0.02239406697 0)
(-0.02063425381 0.02447512445 0)
(-0.02487790285 0.02625815603 0)
(-0.0293263994 0.02774310461 0)
(-0.0339373824 0.02893437817 0)
(-0.03867040212 0.02983909773 0)
(-0.04348665988 0.03046570241 0)
(-0.04834875571 0.03082289612 0)
(-0.05322044789 0.03091891093 0)
(-0.05806643144 0.03076105572 0)
(-0.06285214336 0.03035551402 0)
(-0.06754360316 0.02970735264 0)
(-0.07210729596 0.02882070177 0)
(-0.0765101043 0.02769906809 0)
(-0.08071929297 0.02634574429 0)
(-0.08470254902 0.02476428116 0)
(-0.0884280777 0.02295899192 0)
(-0.09186475294 0.02093546212 0)
(-0.09498231988 0.01870104224 0)
(-0.09775164582 0.01626530358 0)
(-0.100145015 0.01364044161 0)
(-0.1021364625 0.01084161329 0)
(-0.1037021408 0.007887197739 0)
(-0.1048207144 0.004798971156 0)
(-0.1054737737 0.001602188787 0)
(-0.1056462673 -0.001674431571 0)
(-0.1053269364 -0.004998829281 0)
(-0.1045087442 -0.008335831421 0)
(-0.103189299 -0.01164749748 0)
(-0.1013712502 -0.01489357184 0)
(-0.09906264608 -0.0180320464 0)
(-0.0962772395 -0.0210198303 0)
(-0.09303472605 -0.02381352055 0)
(-0.08936089659 -0.02637026346 0)
(-0.08528768675 -0.02864869306 0)
(-0.08085310581 -0.03060992854 0)
(-0.07610102864 -0.03221860852 0)
(-0.07108083688 -0.03344393627 0)
(-0.06584689892 -0.0342607067 0)
(-0.06045788311 -0.03465028405 0)
(-0.05497590481 -0.03460149877 0)
(-0.04946551459 -0.03411143302 0)
(-0.04399254262 -0.03318606815 0)
(-0.03862282236 -0.0318407725 0)
(-0.03342082407 -0.03010061562 0)
(-0.02844823599 -0.02800050417 0)
(-0.02376253712 -0.02558514451 0)
(-0.01941560981 -0.02290884746 0)
(-0.01545244358 -0.02003519943 0)
(-0.01190998204 -0.01703663125 0)
(-0.008816167615 -0.01399391891 0)
(-0.006189248656 -0.01099565032 0)
(-0.004037352867 -0.008137689039 0)
(-0.002358103059 -0.005522629955 0)
(-0.001139096927 -0.003259141602 0)
(-0.0003662719969 -0.001461443035 0)
(-1.388282375e-05 -0.0002513161844 0)
(-5.423616676e-05 0.001952556578 0)
(-0.0008483627107 0.00594351351 0)
(-0.002371087442 0.00990007122 0)
(-0.004541348575 0.01371919405 0)
(-0.007265493006 0.01732509254 0)
(-0.01047541348 0.02066257155 0)
(-0.0141081234 0.02369375358 0)
(-0.01810461201 0.02639508563 0)
(-0.0224101007 0.0287543742 0)
(-0.02697358887 0.03076805057 0)
(-0.03174734885 0.03243874532 0)
(-0.03668648754 0.0337732016 0)
(-0.04174853894 0.03478054304 0)
(-0.04689308057 0.03547089709 0)
(-0.05208137679 0.03585436208 0)
(-0.05727605304 0.03594029571 0)
(-0.06244080615 0.03573689512 0)
(-0.06754015644 0.03525103289 0)
(-0.07253924742 0.03448831029 0)
(-0.07740369771 0.03345328742 0)
(-0.08209950894 0.03214985029 0)
(-0.08659303162 0.03058167652 0)
(-0.09085098945 0.02875276431 0)
(-0.09484056148 0.02666799266 0)
(-0.09852951979 0.024333685 0)
(-0.10188642 0.02175815229 0)
(-0.1048808411 0.01895219547 0)
(-0.1074836699 0.01592955084 0)
(-0.1096674275 0.01270726471 0)
(-0.1114066318 0.009305986088 0)
(-0.1126781919 0.005750168242 0)
(-0.1134618292 0.002068171118 0)
(-0.113740524 -0.001707741362 0)
(-0.1135009756 -0.005541514326 0)
(-0.1127340627 -0.009393534685 0)
(-0.1114353131 -0.0132209904 0)
(-0.109605357 -0.01697834914 0)
(-0.1072503508 -0.02061796104 0)
(-0.1043823593 -0.02409078495 0)
(-0.1010196782 -0.02734723323 0)
(-0.09718707493 -0.03033812647 0)
(-0.09291592771 -0.03301574449 0)
(-0.08824424152 -0.03533495542 0)
(-0.08321651901 -0.03725439878 0)
(-0.07788346836 -0.03873769387 0)
(-0.07230153265 -0.03975463985 0)
(-0.06653223115 -0.04028237078 0)
(-0.06064130917 -0.04030642699 0)
(-0.05469770204 -0.03982170445 0)
(-0.04877232712 -0.03883324682 0)
(-0.04293672804 -0.03735684991 0)
(-0.03726160454 -0.03541945658 0)
(-0.03181527024 -0.03305932979 0)
(-0.0266620881 -0.03032600319 0)
(-0.02186093916 -0.02728002056 0)
(-0.01746378289 -0.02399248635 0)
(-0.01351436823 -0.02054445837 0)
(-0.0100471559 -0.0170262186 0)
(-0.007086522577 -0.01353645885 0)
(-0.004646241819 -0.01018141555 0)
(-0.002728963252 -0.007073951253 0)
(-0.001326654617 -0.00433247658 0)
(-0.0004302982202 -0.002079965435 0)
(-1.718703447e-05 -0.0004455144452 0)
(-5.945770502e-05 0.002396354261 0)
(-0.000923589129 0.007176794059 0)
(-0.002576043781 0.01183192255 0)
(-0.00492544139 0.01626615462 0)
(-0.007866996341 0.02041053349 0)
(-0.01132445121 0.02421613823 0)
(-0.0152278528 0.02765077408 0)
(-0.01951230637 0.03069597052 0)
(-0.02411820602 0.03334403399 0)
(-0.02899065912 0.03559534097 0)
(-0.03407884091 0.03745594309 0)
(-0.03933541912 0.03893551191 0)
(-0.04471601773 0.04004563914 0)
(-0.05017871714 0.04079849432 0)
(-0.05568359643 0.04120582941 0)
(-0.06119232209 0.04127830902 0)
(-0.06666778772 0.04102513698 0)
(-0.07207380871 0.04045394354 0)
(-0.07737487559 0.0395708938 0)
(-0.08253596859 0.0383809761 0)
(-0.08752243466 0.03688842892 0)
(-0.09229992724 0.03509726699 0)
(-0.09683440756 0.0330118695 0)
(-0.1010922055 0.0306375979 0)
(-0.1050401374 0.02798141411 0)
(-0.1086456774 0.02505247509 0)
(-0.1118771788 0.02186268315 0)
(-0.1147041434 0.01842717551 0)
(-0.117097534 0.01476473942 0)
(-0.1190301282 0.01089814165 0)
(-0.1204769104 0.006854362834 0)
(-0.1214154967 0.002664728185 0)
(-0.1218265952 -0.001635072224 0)
(-0.1216944951 -0.006005078895 0)
(-0.1210075592 -0.0104012859 0)
(-0.1197587464 -0.01477600244 0)
(-0.1179461301 -0.01907834567 0)
(-0.115573399 -0.02325487244 0)
(-0.1126503291 -0.02725035231 0)
(-0.109193205 -0.03100867949 0)
(-0.1052251677 -0.03447391682 0)
(-0.1007764636 -0.03759145981 0)
(-0.0958845672 -0.04030930217 0)
(-0.0905941541 -0.04257937801 0)
(-0.08495689624 -0.04435894867 0)
(-0.07903106088 -0.04561199653 0)
(-0.07288089699 -0.04631058224 0)
(-0.0665758013 -0.04643611891 0)
(-0.06018926606 -0.04598051575 0)
(-0.05379762068 -0.04494714518 0)
(-0.04747859162 -0.04335159303 0)
(-0.04130971637 -0.0412221592 0)
(-0.03536665834 -0.03860008793 0)
(-0.02972147914 -0.03553951943 0)
(-0.02444093123 -0.03210716953 0)
(-0.01958483838 -0.02838175745 0)
(-0.01520463054 -0.02445321344 0)
(-0.01134210162 -0.02042170577 0)
(-0.008028467481 -0.01639652954 0)
(-0.005283710822 -0.01249489917 0)
(-0.003115878726 -0.008840650094 0)
(-0.001521444249 -0.005562748373 0)
(-0.000496328818 -0.002793880224 0)
(-2.04738819e-05 -0.0006716749916 0)
(-6.440820086e-05 0.002877078247 0)
(-0.0009950943667 0.008509569497 0)
(-0.002771046541 0.01391523829 0)
(-0.0052912027 0.01900688593 0)
(-0.008440301932 0.0237234693 0)
(-0.01213440203 0.02802348366 0)
(-0.01629694663 0.03188154791 0)
(-0.02085743663 0.03528534029 0)
(-0.02575165061 0.03823263349 0)
(-0.03092096862 0.0407285957 0)
(-0.03631160625 0.0427834188 0)
(-0.04187391872 0.04441029648 0)
(-0.04756174826 0.0456237649 0)
(-0.05333181682 0.04643840647 0)
(-0.05914317211 0.04686790563 0)
(-0.06495669289 0.04692443464 0)
(-0.0707346574 0.04661833954 0)
(-0.07644037806 0.04595808991 0)
(-0.08203790451 0.04495045185 0)
(-0.08749179543 0.04360084189 0)
(-0.09276695888 0.04191381926 0)
(-0.09782855936 0.03989367582 0)
(-0.1026419891 0.03754508617 0)
(-0.1071729009 0.03487378426 0)
(-0.1113872982 0.03188723749 0)
(-0.1152516809 0.02859529375 0)
(-0.1187332421 0.02501078138 0)
(-0.1218001142 0.02115004556 0)
(-0.1244216631 0.01703340796 0)
(-0.1265688284 0.01268553856 0)
(-0.1282145076 0.008135730214 0)
(-0.1293339835 0.00341806685 0)
(-0.1299053946 -0.001428522474 0)
(-0.1299102563 -0.006360329013 0)
(-0.129333984 -0.01132906313 0)
(-0.1281664734 -0.01628220356 0)
(-0.1264026918 -0.02116348999 0)
(-0.1240432641 -0.0259135699 0)
(-0.1210950466 -0.03047080592 0)
(-0.117571663 -0.03477224506 0)
(-0.1134939765 -0.03875474584 0)
(-0.108890469 -0.0423562535 0)
(-0.1037974949 -0.04551720573 0)
(-0.0982593788 -0.04818204358 0)
(-0.09232832377 -0.05030079303 0)
(-0.08606410329 -0.05183067474 0)
(-0.07953351416 -0.05273769177 0)
(-0.07280957635 -0.05299813974 0)
(-0.06597047642 -0.0525999808 0)
(-0.05909826393 -0.05154402357 0)
(-0.05227732414 -0.04984485546 0)
(-0.04559266458 -0.0475314825 0)
(-0.03912806706 -0.04464764419 0)
(-0.0329641681 -0.04125178633 0)
(-0.02717654023 -0.03741669205 0)
(-0.0218338512 -0.03322878892 0)
(-0.01699617806 -0.02878716524 0)
(-0.0127135539 -0.02420234041 0)
(-0.009024833957 -0.0195948406 0)
(-0.005956860778 -0.01509363393 0)
(-0.003523537888 -0.0108344437 0)
(-0.001726078215 -0.006957848192 0)
(-0.0005653880068 -0.0036074715 0)
(-2.383272862e-05 -0.0009309744244 0)
(-6.908214061e-05 0.003392813943 0)
(-0.001062692137 0.00993675597 0)
(-0.002955501695 0.01614242467 0)
(-0.005637400893 0.02193189848 0)
(-0.008983329699 0.02725304778 0)
(-0.01290215997 0.0320728332 0)
(-0.01731114104 0.03637372879 0)
(-0.02213449983 0.04015055129 0)
(-0.02730366137 0.04340744677 0)
(-0.03275648832 0.04615518076 0)
(-0.03843641168 0.04840878078 0)
(-0.04429162942 0.05018554671 0)
(-0.05027435021 0.05150343663 0)
(-0.05634008783 0.0523798253 0)
(-0.06244701745 0.05283062143 0)
(-0.06855540081 0.05286972011 0)
(-0.07462708435 0.05250875883 0)
(-0.0806250729 0.05175713927 0)
(-0.08651317955 0.05062227284 0)
(-0.09225575081 0.04911000634 0)
(-0.09781746509 0.04722518409 0)
(-0.1031632013 0.04497230501 0)
(-0.108257974 0.04235623649 0)
(-0.1130669311 0.03938295123 0)
(-0.1175554107 0.0360602582 0)
(-0.1216890529 0.03239850351 0)
(-0.1254339661 0.02841122198 0)
(-0.1287569441 0.02411572344 0)
(-0.1316257348 0.01953360143 0)
(-0.1340093612 0.01469115376 0)
(-0.1358784942 0.009619705504 0)
(-0.137205877 0.004355825156 0)
(-0.1379668022 -0.001058575273 0)
(-0.1381396661 -0.00657626296 0)
(-0.1377065191 -0.01214484053 0)
(-0.1366537072 -0.01770706713 0)
(-0.1349725403 -0.02320133369 0)
(-0.1326599708 -0.02856230784 0)
(-0.1297192796 -0.03372176027 0)
(-0.1261607408 -0.03860957806 0)
(-0.1220022358 -0.04315496557 0)
(-0.1172697834 -0.04728782626 0)
(-0.1119979494 -0.05094031005 0)
(-0.1062300959 -0.05404850128 0)
(-0.1000184303 -0.05655421086 0)
(-0.09342381905 -0.05840682578 0)
(-0.08651533363 -0.05956515855 0)
(-0.07936950709 -0.05999923093 0)
(-0.07206929068 -0.05969192112 0)
(-0.06470271498 -0.05864040179 0)
(-0.05736127626 -0.05685730015 0)
(-0.05013808659 -0.05437151946 0)
(-0.0431258431 -0.05122867544 0)
(-0.03641468707 -0.04749111863 0)
(-0.0300900352 -0.04323753511 0)
(-0.02423047226 -0.03856214004 0)
(-0.01890579457 -0.03357349893 0)
(-0.01417529466 -0.0283930286 0)
(-0.01008638605 -0.02315324131 0)
(-0.006673543751 -0.01799580264 0)
(-0.003957112606 -0.01306944054 0)
(-0.001943416986 -0.008527627701 0)
(-0.0006385799673 -0.004526386848 0)
(-2.735464201e-05 -0.001225137754 0)
(-7.34672284e-05 0.003941545029 0)
(-0.001126154183 0.01145295385 0)
(-0.00312874165 0.01850535532 0)
(-0.00596271631 0.02503096266 0)
(-0.009493918341 0.03098749246 0)
(-0.01362455999 0.03635133822 0)
(-0.01826613959 0.04111378814 0)
(-0.02333797832 0.04527771267 0)
(-0.02876744712 0.04885447716 0)
(-0.03448913537 0.05186120428 0)
(-0.04044389332 0.05431842181 0)
(-0.04657793957 0.05624810267 0)
(-0.05284201317 0.05767209823 0)
(-0.05919057967 0.05861095705 0)
(-0.06558110474 0.05908311136 0)
(-0.07197340379 0.05910440461 0)
(-0.07832907208 0.05868792596 0)
(-0.08461099743 0.05784411162 0)
(-0.09078295543 0.05658106946 0)
(-0.09680928493 0.05490508139 0)
(-0.1026546406 0.0528212391 0)
(-0.1082838183 0.05033417067 0)
(-0.1136616482 0.04744881977 0)
(-0.1187529519 0.04417124372 0)
(-0.123522559 0.04050940221 0)
(-0.1279353797 0.03647391334 0)
(-0.1319565328 0.03207875868 0)
(-0.1355515279 0.02734192293 0)
(-0.1386865026 0.02228595642 0)
(-0.1413285177 0.01693845113 0)
(-0.143445912 0.011332421 0)
(-0.1450087199 0.005506577297 0)
(-0.145989149 -0.0004945114122 0)
(-0.1463621634 -0.006620385969 0)
(-0.1461060612 -0.01281479124 0)
(-0.145203174 -0.01901594862 0)
(-0.143640614 -0.02515699533 0)
(-0.1414110508 -0.03116660756 0)
(-0.1385135173 -0.03696982641 0)
(-0.1349542143 -0.04248909858 0)
(-0.1307472837 -0.04764553749 0)
(-0.125915511 -0.05236040323 0)
(-0.1204909149 -0.05655678962 0)
(-0.1145151781 -0.06016149483 0)
(-0.1080398692 -0.06310703881 0)
(-0.1011264119 -0.06533377658 0)
(-0.09384575649 -0.06679204281 0)
(-0.08627772325 -0.06744425151 0)
(-0.07850999709 -0.06726686564 0)
(-0.07063676996 -0.06625214741 0)
(-0.0627570476 -0.06440960177 0)
(-0.05497265812 -0.06176703347 0)
(-0.04738602107 -0.058371153 0)
(-0.04009775537 -0.05428768745 0)
(-0.03320421969 -0.04960097786 0)
(-0.02679508898 -0.04441307244 0)
(-0.02095107234 -0.03884235232 0)
(-0.01574187855 -0.03302175004 0)
(-0.01122454547 -0.02709663963 0)
(-0.007442107277 -0.02122249032 0)
(-0.004422094601 -0.0155623448 0)
(-0.002176483713 -0.01028406298 0)
(-0.0007170599076 -0.005557737765 0)
(-3.113132151e-05 -0.001556467758 0)
(-7.754576923e-05 0.004521131305 0)
(-0.001185215392 0.0130524123 0)
(-0.00329002891 0.02099534269 0)
(-0.006265736755 0.02829309629 0)
(-0.009969806896 0.03491410603 0)
(-0.01429834259 0.04084508898 0)
(-0.01915756103 0.04608702705 0)
(-0.02446227354 0.05065168595 0)
(-0.03013612315 0.0545584334 0)
(-0.03611069433 0.05783145951 0)
(-0.04232448085 0.06049742138 0)
(-0.04872191545 0.06258350912 0)
(-0.05525244245 0.06411592706 0)
(-0.06186964547 0.06511877608 0)
(-0.06853044607 0.06561331451 0)
(-0.07519438325 0.06561756688 0)
(-0.0818229787 0.06514624315 0)
(-0.08837918985 0.06421092534 0)
(-0.09482694979 0.06282047597 0)
(-0.1011307913 0.06098162103 0)
(-0.1072555502 0.0586996619 0)
(-0.1131661437 0.05597927319 0)
(-0.1188274171 0.05282534821 0)
(-0.1242040543 0.0492438589 0)
(-0.1292605493 0.04524270285 0)
(-0.1339612329 0.04083251553 0)
(-0.1382703572 0.03602743091 0)
(-0.1421522355 0.03084577741 0)
(-0.1455714418 0.02531069932 0)
(-0.1484930729 0.01945069485 0)
(-0.1508830796 0.01330006289 0)
(-0.1527086687 0.006899248735 0)
(-0.153938778 0.0002950778654 0)
(-0.1545446695 -0.006459132896 0)
(-0.1545005552 -0.01330360397 0)
(-0.1537843233 -0.02017228123 0)
(-0.1523783758 -0.0269932222 0)
(-0.1502705011 -0.03368917409 0)
(-0.1474548051 -0.0401783764 0)
(-0.1439326656 -0.04637560728 0)
(-0.1397136775 -0.05219348664 0)
(-0.1348165484 -0.05754404058 0)
(-0.1292698943 -0.0623405212 0)
(-0.1231128824 -0.06649946167 0)
(-0.116395663 -0.06994293049 0)
(-0.1091795316 -0.07260093151 0)
(-0.1015367674 -0.07441387843 0)
(-0.0935501015 -0.07533505641 0)
(-0.08531178275 -0.07533297006 0)
(-0.07692222749 -0.07439346945 0)
(-0.06848826131 -0.07252154426 0)
(-0.0601209875 -0.06974268311 0)
(-0.05193334264 -0.06610371075 0)
(-0.04403742488 -0.0616730392 0)
(-0.0365417014 -0.05654029975 0)
(-0.02954821524 -0.0508153572 0)
(-0.02314991647 -0.04462674371 0)
(-0.01742824492 -0.0381195816 0)
(-0.01245110288 -0.03145309219 0)
(-0.008271195186 -0.02479780884 0)
(-0.004924173399 -0.01833258485 0)
(-0.002428403556 -0.01224136022 0)
(-0.0008020148788 -0.006710164298 0)
(-3.525472401e-05 -0.001927863288 0)
(-8.129601048e-05 0.005129290522 0)
(-0.001239581876 0.01472899826 0)
(-0.003438569994 0.02360311011 0)
(-0.006544973822 0.03170654763 0)
(-0.01040864939 0.03901926514 0)
(-0.01492016379 0.04553911671 0)
(-0.01998094349 0.05127757797 0)
(-0.02550170527 0.05625607692 0)
(-0.03140270815 0.06050270202 0)
(-0.03761281532 0.06404936894 0)
(-0.0440684007 0.06692945394 0)
(-0.05071231378 0.06917588182 0)
(-0.05749288471 0.07081965393 0)
(-0.06436298378 0.07188879544 0)
(-0.07127915346 0.07240769369 0)
(-0.07820082374 0.07239679213 0)
(-0.08508961659 0.07187259832 0)
(-0.09190874138 0.07084795995 0)
(-0.09862248013 0.06933256028 0)
(-0.1051957589 0.06733358424 0)
(-0.1115938005 0.06485650806 0)
(-0.1177818518 0.06190596925 0)
(-0.1237249809 0.05848667861 0)
(-0.129387937 0.05460434211 0)
(-0.1347350711 0.05026656637 0)
(-0.1397303123 0.04548372778 0)
(-0.1443372025 0.04026979015 0)
(-0.148518988 0.03464306 0)
(-0.1522387742 0.02862687103 0)
(-0.1554597484 0.02225019105 0)
(-0.1581454776 0.01554814367 0)
(-0.1602602884 0.008562435937 0)
(-0.1617697293 0.001341679622 0)
(-0.1626411654 -0.006058405292 0)
(-0.1628444452 -0.01357492463 0)
(-0.1623526444 -0.02113790371 0)
(-0.1611429866 -0.0286705873 0)
(-0.1591978113 -0.0360899478 0)
(-0.1565056285 -0.04330743751 0)
(-0.1530622286 -0.05023001416 0)
(-0.1488718116 -0.05676146165 0)
(-0.1439480925 -0.06280401909 0)
(-0.1383153281 -0.06826031999 0)
(-0.132009206 -0.07303562725 0)
(-0.1250775239 -0.0770403312 0)
(-0.1175805909 -0.08019265627 0)
(-0.1095912798 -0.08242149957 0)
(-0.1011946686 -0.08366930308 0)
(-0.09248722215 -0.08389484217 0)
(-0.08357548582 -0.08307580024 0)
(-0.07457428777 -0.0812109934 0)
(-0.06560447795 -0.07832211412 0)
(-0.05679026345 -0.07445487737 0)
(-0.04825623235 -0.06967947988 0)
(-0.04012418584 -0.06409031883 0)
(-0.03250991847 -0.05780495934 0)
(-0.02552009509 -0.0509623861 0)
(-0.01924937857 -0.04372061796 0)
(-0.01377797574 -0.03625380297 0)
(-0.009169587787 -0.02874894372 0)
(-0.005469143088 -0.02140237918 0)
(-0.002702359913 -0.01441601644 0)
(-0.0008946511334 -0.007993873946 0)
(-3.981713256e-05 -0.002342830428 0)
(-8.469344158e-05 0.005763585261 0)
(-0.001288941135 0.01647617397 0)
(-0.003573536623 0.02631877172 0)
(-0.006798894316 0.03525878348 0)
(-0.01080805401 0.04328841744 0)
(-0.01548663967 0.05041739603 0)
(-0.02073179293 0.05666840602 0)
(-0.02645056374 0.06207322785 0)
(-0.03256018083 0.06666932224 0)
(-0.03898707719 0.07049693372 0)
(-0.04566574855 0.07359670574 0)
(-0.05253766649 0.07600778583 0)
(-0.05955022779 0.07776639808 0)
(-0.06665575629 0.07890485495 0)
(-0.07381057673 0.07945097413 0)
(-0.08097417268 0.07942785952 0)
(-0.08810843484 0.07885400044 0)
(-0.09517700179 0.07774363903 0)
(-0.1021446918 0.07610735467 0)
(-0.108977022 0.07395281427 0)
(-0.1156398083 0.07128564028 0)
(-0.1220988414 0.06811035276 0)
(-0.1283196301 0.06443134763 0)
(-0.1342672078 0.06025387982 0)
(-0.1399059985 0.05558502701 0)
(-0.1451997382 0.05043461568 0)
(-0.1501114542 0.04481609683 0)
(-0.1546035031 0.03874736267 0)
(-0.1586376737 0.03225149814 0)
(-0.1621753626 0.02535746216 0)
(-0.1651778303 0.01810069246 0)
(-0.1676065493 0.01052362567 0)
(-0.1694236439 0.002676119499 0)
(-0.1705924705 -0.005384236451 0)
(-0.1710783198 -0.01359193507 0)
(-0.1708491639 -0.02187353433 0)
(-0.1698766464 -0.03014783914 0)
(-0.1681371408 -0.03832631114 0)
(-0.1656129229 -0.04631373926 0)
(-0.1622934361 -0.05400921233 0)
(-0.1581766107 -0.06130742633 0)
(-0.1532701936 -0.06810035046 0)
(-0.1475930303 -0.07427926398 0)
(-0.141176231 -0.07973715869 0)
(-0.1340641406 -0.08437148013 0)
(-0.1263150289 -0.08808715541 0)
(-0.1180014125 -0.09079982727 0)
(-0.1092099282 -0.09243918634 0)
(-0.100040688 -0.0929522672 0)
(-0.09060606686 -0.09230655398 0)
(-0.08102890508 -0.09049272929 0)
(-0.0714401407 -0.08752690096 0)
(-0.06197592767 -0.0834521544 0)
(-0.05277433656 -0.07833930728 0)
(-0.04397177095 -0.07228678511 0)
(-0.0356992613 -0.06541958851 0)
(-0.02807881352 -0.05788738148 0)
(-0.02121999967 -0.04986178756 0)
(-0.01521699567 -0.04153303394 0)
(-0.01014606795 -0.03310612982 0)
(-0.006062828304 -0.02479674883 0)
(-0.003001561978 -0.01682684438 0)
(-0.0009961858194 -0.009420661675 0)
(-4.491150401e-05 -0.002805489118 0)
(-8.771208845e-05 0.006421415647 0)
(-0.001332973779 0.01828698638 0)
(-0.003694092369 0.02913182595 0)
(-0.007025963089 0.03893649019 0)
(-0.01116564119 0.04770608951 0)
(-0.01599441805 0.05546285634 0)
(-0.02140566692 0.06224131817 0)
(-0.02730320477 0.0680842176 0)
(-0.03360158657 0.07303896949 0)
(-0.04022510661 0.07715469355 0)
(-0.04710662264 0.08047980451 0)
(-0.05418643032 0.08306012928 0)
(-0.06141116921 0.08493752027 0)
(-0.06873277754 0.08614892979 0)
(-0.0761075168 0.08672590454 0)
(-0.08349507935 0.08669445374 0)
(-0.09085778571 0.08607523996 0)
(-0.09815987434 0.08488403858 0)
(-0.1053668822 0.08313241151 0)
(-0.1124451123 0.0808285417 0)
(-0.1193611816 0.07797817916 0)
(-0.1260816432 0.07458565427 0)
(-0.1325726754 0.07065492118 0)
(-0.1387998325 0.0661906012 0)
(-0.1447278522 0.06119900366 0)
(-0.1503205194 0.05568910846 0)
(-0.1555405852 0.04967350002 0)
(-0.1603497464 0.04316924666 0)
(-0.1647086901 0.03619872193 0)
(-0.1685772138 0.02879036458 0)
(-0.1719144316 0.02097937324 0)
(-0.1746790784 0.0128083283 0)
(-0.1768299166 0.004327727425 0)
(-0.1783262835 -0.004403581199 0)
(-0.1791288209 -0.01331807432 0)
(-0.1792002042 -0.02233940154 0)
(-0.1785061856 -0.0313824192 0)
(-0.1770167312 -0.04035347017 0)
(-0.1747072996 -0.04915093719 0)
(-0.1715602555 -0.05766612455 0)
(-0.1675663801 -0.06578451336 0)
(-0.1627264337 -0.0733874279 0)
(-0.1570527124 -0.08035413848 0)
(-0.1505705224 -0.08656440821 0)
(-0.1433194837 -0.09190146689 0)
(-0.1353545631 -0.09625536568 0)
(-0.1267467301 -0.09952663235 0)
(-0.1175831323 -0.1016301111 0)
(-0.1079666945 -0.102498836 0)
(-0.09801506804 -0.1020877588 0)
(-0.08785888984 -0.1003771297 0)
(-0.07763934664 -0.09737532474 0)
(-0.06750509329 -0.09312092449 0)
(-0.05760862111 -0.08768387521 0)
(-0.04810222251 -0.08116561443 0)
(-0.0391337377 -0.07369810394 0)
(-0.03084229397 -0.06544178677 0)
(-0.02335426632 -0.0565825601 0)
(-0.01677971159 -0.0473279276 0)
(-0.01120930228 -0.03790255956 0)
(-0.006711022028 -0.02854348184 0)
(-0.003329219434 -0.01949496744 0)
(-0.001107841469 -0.01100391549 0)
(-5.06320103e-05 -0.003320576943 0)
(-9.032580628e-05 0.007100018535 0)
(-0.001371366526 0.02015407073 0)
(-0.003799423603 0.03203116681 0)
(-0.00722469487 0.04272559313 0)
(-0.01147911662 0.05225591263 0)
(-0.01644027181 0.0606574098 0)
(-0.02199828717 0.06797698794 0)
(-0.02805418059 0.07426887666 0)
(-0.03452018627 0.07959095421 0)
(-0.04131874538 0.08400170273 0)
(-0.04838131041 0.08755776683 0)
(-0.05564719466 0.09031207677 0)
(-0.06306244726 0.09231249782 0)
(-0.07057877182 0.09360096349 0)
(-0.07815251099 0.09421304515 0)
(-0.08574371104 0.09417790557 0)
(-0.09331527406 0.09351858016 0)
(-0.1008322008 0.09225252765 0)
(-0.1082609228 0.09039239212 0)
(-0.1155687204 0.08794692075 0)
(-0.1227232189 0.08492198646 0)
(-0.1296919574 0.08132167098 0)
(-0.1364420231 0.0771493716 0)
(-0.1429397443 0.07240890306 0)
(-0.1491504388 0.06710557394 0)
(-0.1550382164 0.06124722432 0)
(-0.160565835 0.05484521729 0)
(-0.1656946164 0.04791538122 0)
(-0.1703844275 0.04047890201 0)
(-0.1745937372 0.03256316486 0)
(-0.1782797623 0.02420254353 0)
(-0.1813987175 0.01543913137 0)
(-0.1839061755 0.006323401156 0)
(-0.1857575612 -0.003085225231 0)
(-0.1869088954 -0.01271790112 0)
(-0.1873174853 -0.02249603611 0)
(-0.186942995 -0.03233115803 0)
(-0.1857486453 -0.04212502787 0)
(-0.183702579 -0.05177003638 0)
(-0.1807794083 -0.06114995116 0)
(-0.1769619093 -0.07014107351 0)
(-0.1722428196 -0.07861385839 0)
(-0.1666266829 -0.08643503977 0)
(-0.1601316581 -0.09347028547 0)
(-0.152791199 -0.09958737988 0)
(-0.1446554867 -0.104659899 0)
(-0.1357924911 -0.1085713027 0)
(-0.1262885287 -0.1112193238 0)
(-0.116248193 -0.1125204894 0)
(-0.1057935518 -0.1124145678 0)
(-0.09506253856 -0.1108687027 0)
(-0.08420650933 -0.1078809801 0)
(-0.07338699586 -0.1034831783 0)
(-0.06277174678 -0.09774247568 0)
(-0.05253021269 -0.0907619485 0)
(-0.04282868593 -0.08267976093 0)
(-0.03382534405 -0.07366704178 0)
(-0.02566547515 -0.06392453908 0)
(-0.01847719658 -0.05367823901 0)
(-0.01236772858 -0.04317422397 0)
(-0.007419429274 -0.0326730522 0)
(-0.003688521087 -0.02244378783 0)
(-0.001230842112 -0.01275861023 0)
(-5.707470159e-05 -0.003893451152 0)
(-9.250960071e-05 0.007796473712 0)
(-0.001403826288 0.02206967027 0)
(-0.003888773975 0.03500511644 0)
(-0.007393713405 0.04661129968 0)
(-0.01174635647 0.05692067228 0)
(-0.01682121015 0.06598200233 0)
(-0.02250567603 0.07385500215 0)
(-0.02869840074 0.08060582351 0)
(-0.03530964111 0.08630324178 0)
(-0.04226025914 0.09101552792 0)
(-0.04948052209 0.09480796843 0)
(-0.05690894128 0.09774098762 0)
(-0.06449112892 0.09986882671 0)
(-0.07217869178 0.1012387306 0)
(-0.07992818514 0.101890588 0)
(-0.08770014199 0.1018569676 0)
(-0.09545818626 0.1011634863 0)
(-0.1031682334 0.09982944929 0)
(-0.1107977776 0.09786869808 0)
(-0.1183152626 0.09529060959 0)
(-0.1256895277 0.09210119327 0)
(-0.1328893251 0.08830424168 0)
(-0.1398828985 0.08390249834 0)
(-0.1466376196 0.07889881571 0)
(-0.1531196764 0.07329728487 0)
(-0.1592938125 0.06710432613 0)
(-0.1651231194 0.06032973639 0)
(-0.1705688843 0.05298769308 0)
(-0.175590503 0.04509771701 0)
(-0.1801454668 0.03668559677 0)
(-0.1841894392 0.02778427495 0)
(-0.1876764391 0.01843469307 0)
(-0.1905591396 0.008686584173 0)
(-0.1927892942 -0.001400807105 0)
(-0.1943184596 -0.01175809233 0)
(-0.1950986483 -0.02230522318 0)
(-0.1950833814 -0.03295115468 0)
(-0.1942289286 -0.04359376133 0)
(-0.1924957343 -0.05412003472 0)
(-0.1898500777 -0.06440664702 0)
(-0.1862659333 -0.07432095522 0)
(-0.181726997 -0.08372251737 0)
(-0.1762288217 -0.09246518347 0)
(-0.1697809833 -0.1003998068 0)
(-0.1624091726 -0.1073775946 0)
(-0.1541570857 -0.1132540807 0)
(-0.1450879653 -0.1178936559 0)
(-0.1352856331 -0.1211745377 0)
(-0.1248548554 -0.1229940052 0)
(-0.1139208934 -0.1232736656 0)
(-0.1026281291 -0.1219644765 0)
(-0.09113769937 -0.1190512111 0)
(-0.07962414345 -0.1145560534 0)
(-0.06827114187 -0.1085410282 0)
(-0.0572665074 -0.1011090282 0)
(-0.04679666328 -0.09240328584 0)
(-0.03704089987 -0.08260524755 0)
(-0.02816574737 -0.07193093099 0)
(-0.02031984848 -0.06062597158 0)
(-0.01362944187 -0.04895968413 0)
(-0.008193611737 -0.03721849311 0)
(-0.004082614796 -0.02569892908 0)
(-0.00136641011 -0.01470129089 0)
(-6.433825464e-05 -0.00453008947 0)
(-9.424096461e-05 0.008507717596 0)
(-0.001430095157 0.02402567375 0)
(-0.003961481835 0.03804148171 0)
(-0.007531816632 0.05057816942 0)
(-0.01196550263 0.06168238595 0)
(-0.01713460453 0.07141669282 0)
(-0.02292431279 0.07985393522 0)
(-0.02923131815 0.08707252798 0)
(-0.03596422783 0.09315249922 0)
(-0.04304258177 0.09817227288 0)
(-0.05039566473 0.1022061424 0)
(-0.05796134936 0.1053223836 0)
(-0.06568494789 0.1075819556 0)
(-0.07351809214 0.1090377338 0)
(-0.08141766633 0.1097342155 0)
(-0.08934480884 0.1097076317 0)
(-0.09726399262 0.1089864003 0)
(-0.1051421887 0.1075918507 0)
(-0.1129481126 0.1055391553 0)
(-0.1206515504 0.1028384067 0)
(-0.1282227583 0.09949578689 0)
(-0.1356319288 0.09551478225 0)
(-0.1428487171 0.09089741009 0)
(-0.1498418204 0.08564542961 0)
(-0.1565786076 0.07976152199 0)
(-0.1630247964 0.07325043119 0)
(-0.1691441787 0.06612006416 0)
(-0.1748984004 0.05838255392 0)
(-0.180246801 0.05005529084 0)
(-0.1851463256 0.04116192815 0)
(-0.1895515233 0.031733365 0)
(-0.1934146516 0.02180870648 0)
(-0.1966858997 0.01143619278 0)
(-0.1993137383 0.0006740782219 0)
(-0.2012455324 -0.0104085586 0)
(-0.2024282707 -0.0217311029 0)
(-0.202809429 -0.03320083547 0)
(-0.2023382808 -0.04471260726 0)
(-0.2009673419 -0.05614879948 0)
(-0.1986541097 -0.06737965082 0)
(-0.1953630628 -0.07826404753 0)
(-0.191067896 -0.08865086783 0)
(-0.185753941 -0.09838096711 0)
(-0.1794206975 -0.1072898762 0)
(-0.1720843694 -0.1152112594 0)
(-0.1637802651 -0.1219811403 0)
(-0.1545648968 -0.1274428511 0)
(-0.144517588 -0.1314525983 0)
(-0.1337413911 -0.1338854656 0)
(-0.122363121 -0.1346416005 0)
(-0.1105323427 -0.1336522656 0)
(-0.09841919922 -0.130885384 0)
(-0.08621104288 -0.126350185 0)
(-0.07410792374 -0.1201005696 0)
(-0.06231709209 -0.1122368692 0)
(-0.05104677034 -0.1029057669 0)
(-0.04049953144 -0.09229828305 0)
(-0.03086568948 -0.08064588051 0)
(-0.02231717518 -0.06821490918 0)
(-0.01500207268 -0.05529976825 0)
(-0.009038929201 -0.0422152221 0)
(-0.004514586511 -0.02928815208 0)
(-0.001515762918 -0.01685004535 0)
(-7.2524756e-05 -0.005237089867 0)
(-9.550124915e-05 0.00923056482 0)
(-0.001449966197 0.02601367205 0)
(-0.004017020105 0.04112763719 0)
(-0.007638046899 0.05461021488 0)
(-0.0121350664 0.06652241341 0)
(-0.017378327 0.07694076517 0)
(-0.02325130672 0.08595145596 0)
(-0.02964913626 0.09364540654 0)
(-0.03647907965 0.1001141734 0)
(-0.04365958986 0.105446635 0)
(-0.05111915072 0.1097264102 0)
(-0.05879513925 0.1130299511 0)
(-0.06663268566 0.1154252563 0)
(-0.07458355097 0.1169711416 0)
(-0.08260504816 0.1177170019 0)
(-0.09065902426 0.1177029941 0)
(-0.09871091445 0.116960568 0)
(-0.1067288736 0.1155132714 0)
(-0.1146829864 0.1133777612 0)
(-0.1225445523 0.1105649554 0)
(-0.1302854415 0.1070812703 0)
(-0.1378775133 0.1029298979 0)
(-0.1452920921 0.09811208679 0)
(-0.1524994928 0.0926284038 0)
(-0.1594685931 0.08647996065 0)
(-0.1661664495 0.07966960134 0)
(-0.172557958 0.07220305152 0)
(-0.1786055633 0.06409003641 0)
(-0.1842690245 0.05534537658 0)
(-0.1895052467 0.04599007062 0)
(-0.1942681945 0.03605237174 0)
(-0.1985089068 0.02556886103 0)
(-0.2021756292 0.01458551281 0)
(-0.2052140686 0.003158734737 0)
(-0.2075678855 -0.008643635944 0)
(-0.2091794302 -0.02074139149 0)
(-0.2099904359 -0.03304117514 0)
(-0.2099433217 -0.04543584925 0)
(-0.2089826324 -0.05780418169 0)
(-0.2070568098 -0.07001088283 0)
(-0.2041202926 -0.0819071143 0)
(-0.2001359272 -0.0933315835 0)
(-0.1950776527 -0.1041123371 0)
(-0.1889333937 -0.1140693577 0)
(-0.1817080575 -0.1230180448 0)
(-0.1734264905 -0.1307736237 0)
(-0.1641362096 -0.1371564684 0)
(-0.1539096899 -0.1419982538 0)
(-0.1428459655 -0.1451487633 0)
(-0.131071297 -0.1464830861 0)
(-0.1187386801 -0.145908845 0)
(-0.1060260184 -0.1433730189 0)
(-0.09313286576 -0.138867878 0)
(-0.08027575183 -0.1324355437 0)
(-0.06768222998 -0.1241707325 0)
(-0.05558391596 -0.1142213496 0)
(-0.04420890058 -0.1027867472 0)
(-0.03377401919 -0.09011365981 0)
(-0.02447755691 -0.07649003452 0)
(-0.01649265163 -0.06223718709 0)
(-0.009960474002 -0.0477008136 0)
(-0.004987436453 -0.03324124233 0)
(-0.00168010911 -0.01922446574 0)
(-8.174049141e-05 -0.006021669089 0)
(-9.627704197e-05 0.00996173807 0)
(-0.001463299857 0.02802503499 0)
(-0.004055038205 0.04425063649 0)
(-0.007711765366 0.05869103545 0)
(-0.01225403913 0.07142160259 0)
(-0.01755089869 0.08253287683 0)
(-0.02348458383 0.09212447085 0)
(-0.02994903385 0.1002999535 0)
(-0.03685044831 0.1071626049 0)
(-0.04410640199 0.1128119978 0)
(-0.05164473451 0.1173413491 0)
(-0.05940244785 0.1208355813 0)
(-0.06732458769 0.1233700357 0)
(-0.07536312981 0.1250097694 0)
(-0.08347589878 0.1258093647 0)
(-0.09162553808 0.125813175 0)
(-0.09977854411 0.125055926 0)
(-0.1079043712 0.1235635966 0)
(-0.1159746093 0.1213545041 0)
(-0.1239622331 0.1184405272 0)
(-0.1318409167 0.1148284081 0)
(-0.1395844091 0.110521088 0)
(-0.1471659618 0.10551904 0)
(-0.1545578047 0.09982157746 0)
(-0.1617306639 0.09342812341 0)
(-0.1686533192 0.08633944055 0)
(-0.1752922021 0.07855882472 0)
(-0.1816110365 0.07009327246 0)
(-0.1875705286 0.06095463507 0)
(-0.193128117 0.05116077209 0)
(-0.1982377952 0.04073671503 0)
(-0.2028500277 0.02971584803 0)
(-0.2069117784 0.01814110518 0)
(-0.2103666553 0.006066170231 0)
(-0.2131552581 -0.006443341708 0)
(-0.2152158669 -0.01930869942 0)
(-0.2164849776 -0.03243705728 0)
(-0.2168985105 -0.04572048984 0)
(-0.2163932167 -0.05903536087 0)
(-0.2149084255 -0.07224201573 0)
(-0.2123881925 -0.08518493824 0)
(-0.2087838394 -0.09769350902 0)
(-0.2040568642 -0.1095835075 0)
(-0.1981821744 -0.1206594984 0)
(-0.1911515462 -0.1307182258 0)
(-0.1829771672 -0.1395531041 0)
(-0.1736950661 -0.1469598359 0)
(-0.1633681844 -0.1527431082 0)
(-0.1520888017 -0.1567242148 0)
(-0.1399800077 -0.1587493355 0)
(-0.1271959219 -0.1586980827 0)
(-0.1139204026 -0.1564918127 0)
(-0.1003640737 -0.1521011199 0)
(-0.08675962008 -0.1455518984 0)
(-0.07335545331 -0.136929388 0)
(-0.06040801829 -0.1263797277 0)
(-0.04817316449 -0.1141087143 0)
(-0.03689714956 -0.1003776995 0)
(-0.0268079793 -0.08549682258 0)
(-0.01810745572 -0.06981605896 0)
(-0.01096299539 -0.05371471263 0)
(-0.005504050754 -0.03758986445 0)
(-0.001860643039 -0.02184559635 0)
(-9.209669096e-05 -0.006891659436 0)
(-9.656156536e-05 0.01069790643 0)
(-0.001470040915 0.03005100938 0)
(-0.004075405659 0.04739735341 0)
(-0.007752729911 0.0628039868 0)
(-0.01232200862 0.07636047395 0)
(-0.01765164693 0.08817124702 0)
(-0.02362308509 0.09834930689 0)
(-0.0301294039 0.1070109117 0)
(-0.03707598331 0.1142711809 0)
(-0.04437969757 0.1202405618 0)
(-0.05196787148 0.1250220994 0)
(-0.05977722846 0.1287094523 0)
(-0.06775280624 0.1313855909 0)
(-0.07584686268 0.1331221086 0)
(-0.08401780065 0.1339790673 0)
(-0.09222913331 0.1340052956 0)
(-0.100448504 0.133239054 0)
(-0.1086467698 0.1317089843 0)
(-0.1167971515 0.1294352641 0)
(-0.1248744504 0.1264308958 0)
(-0.1328543269 0.1227030705 0)
(-0.1407126355 0.118254558 0)
(-0.1484248102 0.1130850888 0)
(-0.1559652938 0.1071927043 0)
(-0.1633070055 0.1005750668 0)
(-0.1704208452 0.09323072644 0)
(-0.177275231 0.08516035319 0)
(-0.1838356753 0.07636794779 0)
(-0.1900644005 0.06686204611 0)
(-0.1959200066 0.0566569347 0)
(-0.2013572004 0.04577389198 0)
(-0.2063266059 0.03424246641 0)
(-0.2107746783 0.02210179658 0)
(-0.2146437257 0.0094019646 0)
(-0.2178720859 -0.003794638619 0)
(-0.2203947225 -0.01741190119 0)
(-0.222143607 -0.03135873322 0)
(-0.223048751 -0.0455277737 0)
(-0.2230395365 -0.05979439662 0)
(-0.2220463797 -0.07401600785 0)
(-0.2200028631 -0.08803177903 0)
(-0.2168483398 -0.1016629781 0)
(-0.2125310139 -0.1147140687 0)
(-0.2070114683 -0.1269747581 0)
(-0.2002665651 -0.1382231682 0)
(-0.1922935844 -0.1482302727 0)
(-0.1831144028 -0.1567656917 0)
(-0.172779443 -0.1636048474 0)
(-0.1613710682 -0.1685373707 0)
(-0.1490060457 -0.1713765045 0)
(-0.1358366981 -0.1719690945 0)
(-0.1220503839 -0.170205605 0)
(-0.1078670345 -0.1660294688 0)
(-0.09353460729 -0.1594450095 0)
(-0.07932249541 -0.150523176 0)
(-0.06551314297 -0.139404426 0)
(-0.05239232193 -0.1262982935 0)
(-0.04023872641 -0.1114794483 0)
(-0.02931373238 -0.095280397 0)
(-0.01985183231 -0.07808133401 0)
(-0.01205081116 -0.06029788201 0)
(-0.006067167121 -0.04236737919 0)
(-0.002058537612 -0.02473586555 0)
(-0.0001037101999 -0.007855502975 0)
(-9.635606199e-05 0.01143573245 0)
(-0.001470235841 0.03208283895 0)
(-0.004078257164 0.05055465452 0)
(-0.007761176047 0.06693238758 0)
(-0.01233928062 0.08131944557 0)
(-0.01768086943 0.093833887 0)
(-0.02366697394 0.1046019369 0)
(-0.03019010404 0.1137524844 0)
(-0.03715502416 0.1214125289 0)
(-0.04447805045 0.1277035166 0)
(-0.0520860925 0.1327385126 0)
(-0.05991566712 0.1366201524 0)
(-0.06791186052 0.1394393097 0)
(-0.07602726324 0.1412744052 0)
(-0.08422090917 0.1421912763 0)
(-0.09245724222 0.1422435163 0)
(-0.1007051275 0.1414731948 0)
(-0.1089369177 0.1399118686 0)
(-0.1171275803 0.1375817996 0)
(-0.1252538856 0.1344973063 0)
(-0.1332936531 0.1306661847 0)
(-0.1412250519 0.1260911501 0)
(-0.1490259469 0.1207712644 0)
(-0.1566732875 0.1147033268 0)
(-0.1641425305 0.1078832179 0)
(-0.1714070952 0.1003071999 0)
(-0.1784378479 0.09197318164 0)
(-0.1852026153 0.08288196456 0)
(-0.1916657321 0.07303848832 0)
(-0.1977876268 0.06245309755 0)
(-0.2035244581 0.05114284795 0)
(-0.2088278164 0.03913286809 0)
(-0.2136445146 0.02645778785 0)
(-0.2179164762 0.01316323278 0)
(-0.2215807332 -0.0006926323613 0)
(-0.2245698345 -0.01503749023 0)
(-0.2268121724 -0.02978332011 0)
(-0.2282326769 -0.04482481 0)
(-0.2287540518 -0.06003794464 0)
(-0.2282982893 -0.07527886869 0)
(-0.2267887096 -0.09038313078 0)
(-0.2241525511 -0.1051654933 0)
(-0.2203241424 -0.1194205095 0)
(-0.2152486573 -0.1329240893 0)
(-0.208886407 -0.1454362829 0)
(-0.2012175569 -0.1567054923 0)
(-0.1922470771 -0.1664742784 0)
(-0.1820096497 -0.1744868405 0)
(-0.1705741671 -0.1804981238 0)
(-0.1580473849 -0.184284342 0)
(-0.144576251 -0.185654507 0)
(-0.130348438 -0.1844623543 0)
(-0.115590675 -0.1806178661 0)
(-0.1005646148 -0.1740974616 0)
(-0.08556018034 -0.164951883 0)
(-0.07088658573 -0.1533108778 0)
(-0.05686150351 -0.1393839845 0)
(-0.04379911766 -0.1234570515 0)
(-0.03199807285 -0.1058845371 0)
(-0.02172999833 -0.08707810673 0)
(-0.01322770468 -0.06749237462 0)
(-0.006679333447 -0.04760861698 0)
(-0.00227493474 -0.02791899837 0)
(-0.0001167040268 -0.008922242152 0)
(-9.567118543e-05 0.01217192816 0)
(-0.001464050545 0.03411190696 0)
(-0.004064038983 0.0537096042 0)
(-0.007737900606 0.07105976511 0)
(-0.01230700468 0.08627910074 0)
(-0.01764000469 0.09949887437 0)
(-0.02361785163 0.1108582483 0)
(-0.03013271592 0.120498591 0)
(-0.03708890248 0.1285587529 0)
(-0.04440227234 0.1351712548 0)
(-0.05199938813 0.1404593415 0)
(-0.05981660785 0.1445348482 0)
(-0.06779910441 0.147496817 0)
(-0.07589983812 0.1494307874 0)
(-0.08407851621 0.1504086742 0)
(-0.09230056617 0.1504891368 0)
(-0.1005361424 0.1497183446 0)
(-0.1087591796 0.1481310421 0)
(-0.1169465002 0.1457518245 0)
(-0.1250769781 0.1425965472 0)
(-0.1331307575 0.1386738002 0)
(-0.1410885212 0.1339863993 0)
(-0.1489308052 0.1285328558 0)
(-0.1566373506 0.1223088036 0)
(-0.1641864886 0.1153083756 0)
(-0.1715545531 0.1075255316 0)
(-0.1787153172 0.09895534997 0)
(-0.1856394524 0.08959530027 0)
(-0.1922940118 0.07944652072 0)
(-0.1986419405 0.06851512288 0)
(-0.2046416212 0.05681354781 0)
(-0.2102464678 0.04436199441 0)
(-0.2154045886 0.03118993694 0)
(-0.2200585306 0.0173377403 0)
(-0.2241451033 0.002858364428 0)
(-0.2275955052 -0.0121808419 0)
(-0.2303356875 -0.02769626476 0)
(-0.2322865664 -0.04358622536 0)
(-0.2333651312 -0.05972907531 0)
(-0.2334857538 -0.07598160521 0)
(-0.232562045 -0.09217774162 0)
(-0.2305093386 -0.1081277476 0)
(-0.2272478569 -0.1236181554 0)
(-0.2227065985 -0.138412694 0)
(-0.2168279408 -0.1522544979 0)
(-0.2095728817 -0.1648698848 0)
(-0.2009267522 -0.1759739602 0)
(-0.1909051282 -0.1852782239 0)
(-0.1795595514 -0.1925002302 0)
(-0.1669825658 -0.1973751598 0)
(-0.1533114907 -0.1996689311 0)
(-0.1387303268 -0.1991922136 0)
(-0.1234692312 -0.1958144434 0)
(-0.1078011343 -0.1894767339 0)
(-0.09203529709 -0.1802024577 0)
(-0.07650791474 -0.1681043058 0)
(-0.06157021319 -0.1533868301 0)
(-0.0475748567 -0.1363438386 0)
(-0.03486184961 -0.1173505243 0)
(-0.02374481369 -0.09685080566 0)
(-0.01449680633 -0.07534082141 0)
(-0.00734285872 -0.05334960152 0)
(-0.002510933198 -0.03141990598 0)
(-0.0001312077453 -0.01010150555 0)
(-9.452837229e-05 0.01290332007 0)
(-0.001451788562 0.03612990215 0)
(-0.004033556827 0.05684970337 0)
(-0.007684348366 0.07517014154 0)
(-0.01222730463 0.09122049981 0)
(-0.01753180841 0.1051446728 0)
(-0.02347897946 0.1170943577 0)
(-0.02996081182 0.1272231659 0)
(-0.03688125089 0.1356817107 0)
(-0.04415576182 0.1426136251 0)
(-0.05171059627 0.1481524703 0)
(-0.05948197858 0.1524194919 0)
(-0.06741519181 0.1555221636 0)
(-0.07546359415 0.1575534394 0)
(-0.0835876036 0.1585916228 0)
(-0.0917536814 0.1587007541 0)
(-0.09993333709 0.1579314101 0)
(-0.1081021716 0.156321816 0)
(-0.116238968 0.1538991732 0)
(-0.1243248339 0.1506811223 0)
(-0.1323423961 0.1466772687 0)
(-0.1402750431 0.1418907203 0)
(-0.1481062107 0.1363195976 0)
(-0.1558187052 0.1299584955 0)
(-0.1633940555 0.122799888 0)
(-0.1708118911 0.1148354796 0)
(-0.1780493382 0.1060575177 0)
(-0.1850804324 0.09646008405 0)
(-0.1918755454 0.08604039249 0)
(-0.1984008266 0.07480011811 0)
(-0.2046176647 0.06274678657 0)
(-0.2104821777 0.04989524888 0)
(-0.2159447483 0.03626926536 0)
(-0.2209496208 0.02190321593 0)
(-0.2254345446 0.006843936851 0)
(-0.2293306467 -0.008847317524 0)
(-0.232562652 -0.02509269681 0)
(-0.2350487862 -0.04179576762 0)
(-0.2367015579 -0.05883911617 0)
(-0.2374288459 -0.07608227552 0)
(-0.2371354754 -0.09335983264 0)
(-0.2357254915 -0.110479942 0)
(-0.2331052032 -0.1272234967 0)
(-0.2291870825 -0.1433442566 0)
(-0.2238945623 -0.1585702771 0)
(-0.2171677076 -0.1726070116 0)
(-0.2089696351 -0.1851424461 0)
(-0.1992934347 -0.1958545704 0)
(-0.1881691974 -0.2044213595 0)
(-0.1756706113 -0.2105332435 0)
(-0.1619204526 -0.2139077664 0)
(-0.147094221 -0.2143058108 0)
(-0.1314211707 -0.2115484098 0)
(-0.1151820995 -0.2055328576 0)
(-0.0987034959 -0.1962466117 0)
(-0.08234799628 -0.1837774322 0)
(-0.06650153456 -0.1683183708 0)
(-0.05155804677 -0.1501666171 0)
(-0.03790309535 -0.1297158196 0)
(-0.02589753006 -0.1074422501 0)
(-0.01586045971 -0.08388582635 0)
(-0.00805975625 -0.05962721703 0)
(-0.00276757382 -0.0352645482 0)
(-0.0001473577199 -0.01140348745 0)
(-9.296123292e-05 0.01362692361 0)
(-0.001433909859 0.03812900878 0)
(-0.003988025669 0.05996316324 0)
(-0.007602702319 0.07924836208 0)
(-0.01210341433 0.09612553757 0)
(-0.01736053644 0.1107504981 0)
(-0.02325550808 0.1232869698 0)
(-0.02968022773 0.1339005 0)
(-0.03653831651 0.1427533329 0)
(-0.04374485519 0.1500002255 0)
(-0.05122578771 0.1557851811 0)
(-0.05891721008 0.1602390658 0)
(-0.06676452913 0.1634780535 0)
(-0.07472152653 0.1656028172 0)
(-0.08274937077 0.1666983739 0)
(-0.09081561188 0.1668344743 0)
(-0.09889318601 0.1660664276 0)
(-0.1069594493 0.1644362518 0)
(-0.1149952536 0.1619740495 0)
(-0.1229840705 0.1586995199 0)
(-0.1309111643 0.1546235346 0)
(-0.138762813 0.149749719 0)
(-0.1465255707 0.1440760024 0)
(-0.1541855664 0.1375961125 0)
(-0.1617278323 0.1303010059 0)
(-0.1691356526 0.1221802404 0)
(-0.1763899295 0.1132233008 0)
(-0.183468557 0.1034209027 0)
(-0.1903458012 0.09276629875 0)
(-0.1969916827 0.0812566185 0)
(-0.2033713634 0.06889427255 0)
(-0.2094445404 0.05568845192 0)
(-0.2151648611 0.04165675241 0)
(-0.2204793735 0.02682695051 0)
(-0.2253280001 0.01123894126 0)
(-0.229643131 -0.005053160579 0)
(-0.2333496525 -0.0219786014 0)
(-0.2363646014 -0.03944777456 0)
(-0.2385974979 -0.0573494247 0)
(-0.2399511683 -0.07554805592 0)
(-0.2403229554 -0.0938814277 0)
(-0.2396066713 -0.1121583221 0)
(-0.2376953895 -0.1301568494 0)
(-0.2344852106 -0.1476236203 0)
(-0.2298801039 -0.1642741823 0)
(-0.2237978681 -0.1797951751 0)
(-0.2161771497 -0.1938486842 0)
(-0.2069853214 -0.2060792381 0)
(-0.196226851 -0.2161237921 0)
(-0.1839515963 -0.2236248367 0)
(-0.1702622744 -0.2282464678 0)
(-0.1553202057 -0.2296928597 0)
(-0.1393483711 -0.227728128 0)
(-0.1226308907 -0.2221961259 0)
(-0.1055082549 -0.2130383612 0)
(-0.08836803599 -0.2003080495 0)
(-0.07163132195 -0.1841784182 0)
(-0.055735738 -0.1649437753 0)
(-0.04111659095 -0.1430125649 0)
(-0.02818751835 -0.1188925655 0)
(-0.01732007419 -0.09316926032 0)
(-0.008831679938 -0.06647881298 0)
(-0.003045822263 -0.0394797653 0)
(-0.0001652971617 -0.01283891992 0)
(-9.101696799e-05 0.01434002705 0)
(-0.001411050657 0.040102122 0)
(-0.003929122431 0.06303921587 0)
(-0.007495979043 0.08328046707 0)
(-0.01193982047 0.1009773478 0)
(-0.01713213593 0.1162967317 0)
(-0.02295471487 0.129413782 0)
(-0.02929934297 0.1405056246 0)
(-0.03606927799 0.1497459779 0)
(-0.04317917593 0.1573007287 0)
(-0.05055464426 0.1633244525 0)
(-0.05813164018 0.1679578578 0)
(-0.06585570477 0.1713261016 0)
(-0.07368107474 0.173537898 0)
(-0.08156972035 0.1746853181 0)
(-0.0894903499 0.1748441696 0)
(-0.09741741225 0.1740748354 0)
(-0.105330121 0.1724234565 0)
(-0.1132115152 0.1699233502 0)
(-0.1210475661 0.1665965699 0)
(-0.1288263318 0.162455528 0)
(-0.136537159 0.1575046224 0)
(-0.1441699274 0.1517418256 0)
(-0.151714331 0.1451602106 0)
(-0.1591591869 0.1377494074 0)
(-0.166491766 0.129496991 0)
(-0.1736971349 0.1203898188 0)
(-0.1807575026 0.1104153372 0)
(-0.1876515643 0.0995628873 0)
(-0.1943538369 0.08782504069 0)
(-0.2008339819 0.0751990006 0)
(-0.2070561163 0.06168810276 0)
(-0.2129781179 0.04730345223 0)
(-0.2185509381 0.03206573132 0)
(-0.2237179147 0.01600720294 0)
(-0.228414097 -0.0008260786879 0)
(-0.2325659982 -0.01837171101 0)
(-0.2360911238 -0.03654840466 0)
(-0.2388977163 -0.05525298276 0)
(-0.2408852732 -0.07435720793 0)
(-0.2419453286 -0.0937046806 0)
(-0.2419629694 -0.1131078263 0)
(-0.2408192388 -0.132345255 0)
(-0.2383946031 -0.1511598367 0)
(-0.2345736548 -0.1692579357 0)
(-0.2292511748 -0.1863103355 0)
(-0.2223395799 -0.201955455 0)
(-0.2137776385 -0.2158054673 0)
(-0.2035401417 -0.2274558641 0)
(-0.1916479778 -0.2364988224 0)
(-0.1781778036 -0.2425404136 0)
(-0.1632702753 -0.2452212382 0)
(-0.1471356503 -0.2442395037 0)
(-0.1300555638 -0.2393749636 0)
(-0.1123799737 -0.2305115893 0)
(-0.09451867609 -0.2176565046 0)
(-0.07692740324 -0.2009526731 0)
(-0.06008929413 -0.1806832022 0)
(-0.04449341276 -0.1572659103 0)
(-0.03061198112 -0.131237952 0)
(-0.01887596739 -0.1032314475 0)
(-0.009659855306 -0.07394174124 0)
(-0.003346549888 -0.04409307604 0)
(-0.0001851760291 -0.01441903626 0)
(-8.875789202e-05 0.01504028588 0)
(-0.001384044915 0.0420430903 0)
(-0.00385904309 0.0660684638 0)
(-0.007368131616 0.08725411029 0)
(-0.01174241559 0.1057607563 0)
(-0.01685444792 0.121765381 0)
(-0.0225862522 0.1354539317 0)
(-0.02882936798 0.1470147323 0)
(-0.03548656581 0.1566328205 0)
(-0.04247198087 0.1644852355 0)
(-0.04971082487 0.170737281 0)
(-0.05713889584 0.1755397566 0)
(-0.0647018853 0.1790271133 0)
(-0.07235453298 0.1813164517 0)
(-0.08005968533 0.1825072598 0)
(-0.0877873043 0.1826817664 0)
(-0.09551346357 0.1819057859 0)
(-0.1032193596 0.1802299266 0)
(-0.1108903564 0.1776910493 0)
(-0.1185150741 0.1743138725 0)
(-0.126084527 0.1701126434 0)
(-0.1335913091 0.16509281 0)
(-0.1410288251 0.1592526491 0)
(-0.1483905581 0.1525848262 0)
(-0.1556693679 0.1450778757 0)
(-0.162856809 0.1367176047 0)
(-0.1699424596 0.1274884371 0)
(-0.1769132504 0.1173747174 0)
(-0.1837527843 0.1063620067 0)
(-0.190440637 0.09443840138 0)
(-0.1969516319 0.0815959135 0)
(-0.2032550819 0.06783195054 0)
(-0.2093140017 0.0531509362 0)
(-0.2150842973 0.03756611521 0)
(-0.2205139259 0.02110158135 0)
(-0.2255419944 0.003794554687 0)
(-0.2300981733 -0.01430202128 0)
(-0.2341021499 -0.03311652823 0)
(-0.2374627776 -0.05255570023 0)
(-0.2400781818 -0.07250082178 0)
(-0.241836098 -0.09280406811 0)
(-0.2426148359 -0.1132847127 0)
(-0.2422851562 -0.1337254919 0)
(-0.2407132635 -0.1538694735 0)
(-0.2377651621 -0.1734178982 0)
(-0.233312587 -0.1920295904 0)
(-0.2272406491 -0.2093226568 0)
(-0.2194571871 -0.2248792588 0)
(-0.2099036141 -0.2382542363 0)
(-0.1985667655 -0.2489882128 0)
(-0.1854909298 -0.2566255077 0)
(-0.1707889156 -0.2607366761 0)
(-0.1546507377 -0.2609448257 0)
(-0.1373483871 -0.2569540723 0)
(-0.1192352574 -0.2485777203 0)
(-0.1007391948 -0.2357631603 0)
(-0.08234882671 -0.2186102289 0)
(-0.0645937705 -0.1973800452 0)
(-0.04802047702 -0.1724921701 0)
(-0.03316565867 -0.1445093049 0)
(-0.02052720288 -0.1141102412 0)
(-0.01054500807 -0.08205282257 0)
(-0.003670513786 -0.04913243988 0)
(-0.0002071508405 -0.01615552508 0)
(-8.626313406e-05 0.01572582827 0)
(-0.001353948479 0.04394698762 0)
(-0.003780566573 0.06904327235 0)
(-0.007224163824 0.09115902691 0)
(-0.01151866579 0.1104627856 0)
(-0.01653742622 0.1271405883 0)
(-0.02216241095 0.1413884863 0)
(-0.02828464352 0.1534056329 0)
(-0.03480618732 0.1633882658 0)
(-0.04164050158 0.1715246471 0)
(-0.0487123157 0.1779910149 0)
(-0.05595724612 0.182948557 0)
(-0.06332116783 0.1865413701 0)
(-0.07075940127 0.1888953214 0)
(-0.07823578044 0.1901177036 0)
(-0.08572165616 0.1902975511 0)
(-0.09319487792 0.189506481 0)
(-0.100638786 0.1877999248 0)
(-0.1080412361 0.1852186237 0)
(-0.1153936686 0.1817902817 0)
(-0.1226902301 0.1775312857 0)
(-0.129926945 0.1724484244 0)
(-0.1371009358 0.1665405595 0)
(-0.1442096839 0.15980022 0)
(-0.1512503217 0.1522151075 0)
(-0.1582189476 0.1437695159 0)
(-0.1651099496 0.1344456792 0)
(-0.1719153278 0.124225069 0)
(-0.1786240013 0.1130896719 0)
(-0.185221089 0.1010232804 0)
(-0.1916871508 0.08801283592 0)
(-0.1979973802 0.07404986679 0)
(-0.2041207418 0.05913206477 0)
(-0.2100190574 0.04326505198 0)
(-0.2156460302 0.02646438893 0)
(-0.2209461607 0.008757861033 0)
(-0.2258538411 -0.009811904469 0)
(-0.2302926065 -0.02918421181 0)
(-0.2341739259 -0.04927733091 0)
(-0.2373966848 -0.06998421527 0)
(-0.2398471068 -0.09116830869 0)
(-0.2413990689 -0.1126590107 0)
(-0.2419153228 -0.1342470405 0)
(-0.2412498401 -0.1556800319 0)
(-0.2392515938 -0.1766588273 0)
(-0.2357700916 -0.1968351138 0)
(-0.2306629238 -0.2158112175 0)
(-0.2238054661 -0.2331430196 0)
(-0.2151026703 -0.2483470228 0)
(-0.2045025658 -0.2609125309 0)
(-0.1920107062 -0.270319636 0)
(-0.177704352 -0.2760631946 0)
(-0.1617447709 -0.2776822011 0)
(-0.1443857585 -0.2747929871 0)
(-0.1259764536 -0.2671236169 0)
(-0.1069568577 -0.2545459152 0)
(-0.087845188 -0.2371010103 0)
(-0.06921732863 -0.215014332 0)
(-0.05168009868 -0.1886968206 0)
(-0.0358405407 -0.1587306898 0)
(-0.0222714305 -0.1258399877 0)
(-0.01148729426 -0.09084774163 0)
(-0.004018337452 -0.054625983 0)
(-0.0002313845004 -0.01806047492 0)
(-8.363068074e-05 0.01639537365 0)
(-0.001322067401 0.04581041935 0)
(-0.003697128885 0.07195820989 0)
(-0.007070260988 0.09498755571 0)
(-0.01127780001 0.1150732123 0)
(-0.01619337982 0.132409187 0)
(-0.02169840581 0.1472009712 0)
(-0.02768295602 0.1596582359 0)
(-0.03404805866 0.1699883791 0)
(-0.04070628055 0.1783910427 0)
(-0.04758176001 0.1850536873 0)
(-0.0546099182 0.1901482581 0)
(-0.0617368776 0.1938289075 0)
(-0.06891866274 0.1962306939 0)
(-0.07612026004 0.1974691342 0)
(-0.08331460039 0.1976404725 0)
(-0.09048151404 0.1968225122 0)
(-0.09760669458 0.1950758677 0)
(-0.1046806972 0.1924455002 0)
(-0.1116979858 0.1889624193 0)
(-0.1186560364 0.1846454566 0)
(-0.1255544965 0.1795030365 0)
(-0.1323943978 0.1735348931 0)
(-0.1391774141 0.1667337023 0)
(-0.1459051543 0.1590866159 0)
(-0.1525784804 0.150576697 0)
(-0.1591968358 0.1411842715 0)
(-0.1657575708 0.1308882156 0)
(-0.1722552501 0.1196672096 0)
(-0.1786809266 0.1075009911 0)
(-0.1850213677 0.09437164753 0)
(-0.1912582166 0.08026499254 0)
(-0.1973670788 0.06517207357 0)
(-0.2033165286 0.04909086742 0)
(-0.209067026 0.03202822493 0)
(-0.2145696949 0.01400211365 0)
(-0.2197650948 -0.004955786456 0)
(-0.2245822726 -0.02479674397 0)
(-0.2289373024 -0.04545191839 0)
(-0.2327320691 -0.06682787651 0)
(-0.2358537617 -0.08880186792 0)
(-0.2381744922 -0.1112166355 0)
(-0.2395517506 -0.1338748238 0)
(-0.2398299397 -0.1565332867 0)
(-0.2388433552 -0.178897738 0)
(-0.2364210287 -0.2006183966 0)
(-0.2323938334 -0.2212875139 0)
(-0.2266041673 -0.2404399035 0)
(-0.2189183402 -0.2575577633 0)
(-0.2092414737 -0.2720811219 0)
(-0.1975342771 -0.2834250656 0)
(-0.1838305125 -0.2910044201 0)
(-0.1682533796 -0.2942657266 0)
(-0.1510285688 -0.2927251813 0)
(-0.132491502 -0.2860098204 0)
(-0.1130864683 -0.2738978745 0)
(-0.09335607395 -0.2563532121 0)
(-0.07392071454 -0.2335484952 0)
(-0.05544958432 -0.2058723591 0)
(-0.03862559742 -0.1739176813 0)
(-0.02410473875 -0.1384503843 0)
(-0.01248623734 -0.1003603735 0)
(-0.004390494238 -0.06060169035 0)
(-0.0002580463115 -0.02014631012 0)
(-8.097994938e-05 0.01704836664 0)
(-0.001289992501 0.04763186818 0)
(-0.003612912276 0.07481054318 0)
(-0.006913944869 0.09873522213 0)
(-0.01103102986 0.1195851834 0)
(-0.01583724822 0.1375613069 0)
(-0.02121269097 0.152877932 0)
(-0.02704587573 0.1657550526 0)
(-0.03323634732 0.1764113214 0)
(-0.03969550177 0.1850580499 0)
(-0.04634676364 0.1918943305 0)
(-0.05312536802 0.1971033354 0)
(-0.05997779792 0.200849762 0)
(-0.06686097035 0.2032783399 0)
(-0.07374126226 0.204513267 0)
(-0.08059345015 0.2046584205 0)
(-0.08739962065 0.20379818 0)
(-0.09414809353 0.2019987016 0)
(-0.1008323849 0.1993094968 0)
(-0.1074502269 0.1957651907 0)
(-0.1140026513 0.1913873539 0)
(-0.1204931373 0.1861863314 0)
(-0.1269268192 0.1801630115 0)
(-0.1333097457 0.1733105007 0)
(-0.1396481794 0.1656156893 0)
(-0.1459479254 0.1570607061 0)
(-0.1522136718 0.1476242737 0)
(-0.1584483292 0.1372829854 0)
(-0.16465235 0.126012531 0)
(-0.1708230104 0.113788906 0)
(-0.1769536378 0.1005896427 0)
(-0.1830327619 0.08639510899 0)
(-0.1890431748 0.07118992564 0)
(-0.1949608859 0.0549645602 0)
(-0.2007539631 0.03771716815 0)
(-0.206381211 0.01945574483 0)
(-0.2117906715 0.0002006553099 0)
(-0.2169184683 -0.02001214442 0)
(-0.2216871636 -0.04112770258 0)
(-0.2260039052 -0.06306785639 0)
(-0.2297594092 -0.08572592585 0)
(-0.2328269149 -0.1089610094 0)
(-0.2350617838 -0.1325915366 0)
(-0.2363020862 -0.1563883425 0)
(-0.2363705696 -0.1800676505 0)
(-0.2350785131 -0.203284583 0)
(-0.2322320094 -0.2256281151 0)
(-0.227641184 -0.246618708 0)
(-0.2211327127 -0.2657101574 0)
(-0.2125657086 -0.2822973801 0)
(-0.201850566 -0.2957318315 0)
(-0.1889697034 -0.3053458673 0)
(-0.1739983837 -0.3104865233 0)
(-0.1571230548 -0.3105578568 0)
(-0.1386541399 -0.3050692607 0)
(-0.1190301582 -0.2936852746 0)
(-0.09881065602 -0.276270809 0)
(-0.07865682673 -0.2529248444 0)
(-0.05930087973 -0.2239960479 0)
(-0.04150654589 -0.1900755788 0)
(-0.02602153052 -0.1519652374 0)
(-0.01354067906 -0.1106220478 0)
(-0.004787296401 -0.06708706848 0)
(-0.0002873124187 -0.02242572021 0)
(-7.845521208e-05 0.0176851303 0)
(-0.001259643108 0.04941208873 0)
(-0.003532955989 0.07760079873 0)
(-0.006764262559 0.1024013913 0)
(-0.01079181227 0.123995895 0)
(-0.01548692245 0.1425910262 0)
(-0.02072731745 0.1584095259 0)
(-0.02639912563 0.171681706 0)
(-0.03239982884 0.1826377715 0)
(-0.03863931448 0.1915011854 0)
(-0.0450401694 0.1984832484 0)
(-0.05153749396 0.203778964 0)
(-0.05807831622 0.2075641644 0)
(-0.0646207229 0.2099937999 0)
(-0.07113281537 0.2112012453 0)
(-0.07759157666 0.2112984534 0)
(-0.08398171459 0.2103767699 0)
(-0.09029452683 0.2085082384 0)
(-0.09652681789 0.2057472323 0)
(-0.1026798849 0.2021322768 0)
(-0.1087585787 0.197687951 0)
(-0.1147704403 0.1924267818 0)
(-0.1207249059 0.1863510731 0)
(-0.126632572 0.1794546299 0)
(-0.1325045074 0.1717243604 0)
(-0.1383515983 0.1631417538 0)
(-0.1441839105 0.1536842418 0)
(-0.1500100513 0.1433264653 0)
(-0.1558365128 0.1320414708 0)
(-0.1616669758 0.1198018711 0)
(-0.1675015541 0.1065810076 0)
(-0.1733359571 0.09235416032 0)
(-0.1791605472 0.077099856 0)
(-0.1849592747 0.06080133699 0)
(-0.1907084747 0.0434482632 0)
(-0.196375479 0.02503872816 0)
(-0.2019169479 0.00558166518 0)
(-0.2072774849 -0.01490017939 0)
(-0.2123878211 -0.03636647022 0)
(-0.2171625622 -0.05875555751 0)
(-0.2214984873 -0.08197871269 0)
(-0.225272959 -0.1059140524 0)
(-0.228342607 -0.1303993886 0)
(-0.2305428705 -0.1552241955 0)
(-0.2316887767 -0.1801209886 0)
(-0.231577526 -0.2047566547 0)
(-0.2299935581 -0.2287246163 0)
(-0.2267168046 -0.2515391243 0)
(-0.2215347665 -0.2726334101 0)
(-0.2142588102 -0.2913638037 0)
(-0.2047446095 -0.3070220974 0)
(-0.19291594 -0.3188582449 0)
(-0.1787900926 -0.3261147325 0)
(-0.1625021499 -0.3280725428 0)
(-0.1443244872 -0.3241065581 0)
(-0.1246774425 -0.3137457653 0)
(-0.1041274572 -0.2967312158 0)
(-0.08337039523 -0.2730630354 0)
(-0.06320029092 -0.243027574 0)
(-0.0444656682 -0.2071975165 0)
(-0.02801443517 -0.1664011357 0)
(-0.01464875247 -0.1216607627 0)
(-0.005208893401 -0.07410878816 0)
(-0.0003193670396 -0.02491158625 0)
(-7.623027674e-05 0.01830704425 0)
(-0.001233323938 0.05115456327 0)
(-0.00346329737 0.08033340437 0)
(-0.006632022475 0.1059900029 0)
(-0.01057617033 0.1283073398 0)
(-0.01516362696 0.1474970708 0)
(-0.02026834476 0.1637901318 0)
(-0.02577298968 0.1774274324 0)
(-0.03157226047 0.1886513158 0)
(-0.03757414629 0.1976981429 0)
(-0.04370029011 0.2047922207 0)
(-0.04988577673 0.2101411626 0)
(-0.05607846394 0.2139326501 0)
(-0.06223800259 0.2163324837 0)
(-0.06833467487 0.2174837556 0)
(-0.07434815006 0.217506948 0)
(-0.08026623072 0.2165007539 0)
(-0.08608363911 0.2145434253 0)
(-0.09180087436 0.2116944728 0)
(-0.09742315658 0.2079965676 0)
(-0.1029594628 0.2034775242 0)
(-0.1084216518 0.1981522733 0)
(-0.1138236703 0.1920247588 0)
(-0.1191808281 0.1850897202 0)
(-0.124509128 0.177334338 0)
(-0.1298246354 0.1687397383 0)
(-0.1351428698 0.1592823655 0)
(-0.1404781984 0.1489352393 0)
(-0.1458432137 0.1376691236 0)
(-0.1512480725 0.125453636 0)
(-0.1566997735 0.1122583378 0)
(-0.1622013493 0.09805384693 0)
(-0.1677509474 0.0828130259 0)
(-0.1733407731 0.06651230545 0)
(-0.1789558778 0.04913322017 0)
(-0.1845727436 0.03066424569 0)
(-0.1901575522 0.01110301751 0)
(-0.1956645234 -0.009540946156 0)
(-0.2010340409 -0.03124238381 0)
(-0.2061901512 -0.05395691295 0)
(-0.2110381118 -0.0776151628 0)
(-0.2154623701 -0.102116446 0)
(-0.2193243366 -0.1273211113 0)
(-0.2224608368 -0.1530416008 0)
(-0.2246835733 -0.1790323866 0)
(-0.2257802046 -0.2049791925 0)
(-0.225517817 -0.2304882814 0)
(-0.2236496875 -0.2550770767 0)
(-0.219926261 -0.2781679665 0)
(-0.2141111232 -0.2990877213 0)
(-0.2060023417 -0.3170754092 0)
(-0.1954588084 -0.3313017758 0)
(-0.1824301329 -0.3409025321 0)
(-0.1669873024 -0.3450266008 0)
(-0.1493500007 -0.3428980299 0)
(-0.1299055414 -0.3338871518 0)
(-0.1092143003 -0.3175831722 0)
(-0.08799778297 -0.2938575862 0)
(-0.06710829283 -0.262906653 0)
(-0.0474816967 -0.2252624868 0)
(-0.03007427114 -0.1817660539 0)
(-0.01580788712 -0.1335003636 0)
(-0.005655284092 -0.08169231993 0)
(-0.000354404977 -0.0276169102 0)
(-7.451504089e-05 0.0189167556 0)
(-0.001213800498 0.05286603622 0)
(-0.003411154954 0.08301743106 0)
(-0.006530094283 0.1095104045 0)
(-0.01040309166 0.1325271325 0)
(-0.01489238103 0.1522835587 0)
(-0.0198663215 0.1690189676 0)
(-0.02520276793 0.1829855524 0)
(-0.03079277111 0.194438776 0)
(-0.03654199606 0.2036289931 0)
(-0.04237108173 0.2107946024 0)
(-0.04821531909 0.2161568226 0)
(-0.05402381659 0.2199160492 0)
(-0.05975833545 0.2222496537 0)
(-0.06539194817 0.2233110273 0)
(-0.07090763447 0.2232296405 0)
(-0.07629689483 0.2221118905 0)
(-0.08155843347 0.2200425162 0)
(-0.08669694051 0.2170863879 0)
(-0.09172198637 0.2132905085 0)
(-0.09664702981 0.2086860954 0)
(-0.101488533 0.2032906456 0)
(-0.1062651719 0.1971099138 0)
(-0.1109971279 0.1901397617 0)
(-0.1157054422 0.1823678539 0)
(-0.1204114177 0.1737751961 0)
(-0.125136047 0.1643375225 0)
(-0.1298994479 0.1540265477 0)
(-0.1347202849 0.1428111082 0)
(-0.1396151555 0.1306582234 0)
(-0.1445979148 0.1175341113 0)
(-0.1496789158 0.1034052013 0)
(-0.154864135 0.08823919453 0)
(-0.1601541539 0.07200623082 0)
(-0.165542971 0.05468023791 0)
(-0.1710166056 0.0362405558 0)
(-0.1765513796 0.01667392174 0)
(-0.1821119937 -0.004023074405 0)
(-0.1876497075 -0.02584033591 0)
(-0.1930996741 -0.04875098321 0)
(-0.1983778288 -0.07270588185 0)
(-0.203378491 -0.09762711985 0)
(-0.2079713198 -0.1234001257 0)
(-0.2119986811 -0.1498640833 0)
(-0.2152737369 -0.1768006843 0)
(-0.2175798445 -0.2039214459 0)
(-0.2186721109 -0.2308541918 0)
(-0.2182821531 -0.2571298407 0)
(-0.2161272698 -0.2821713475 0)
(-0.2119252247 -0.3052874549 0)
(-0.2054155577 -0.3256746818 0)
(-0.19638766 -0.3424314606 0)
(-0.184714675 -0.3545881777 0)
(-0.1703906789 -0.3611556989 0)
(-0.15356675 -0.3611924894 0)
(-0.1345799414 -0.3538866834 0)
(-0.1139684228 -0.3386449223 0)
(-0.09246690562 -0.3151754846 0)
(-0.07097943142 -0.2835506025 0)
(-0.05052977912 -0.2442332959 0)
(-0.03219007376 -0.1980579055 0)
(-0.01701485821 -0.1461597082 0)
(-0.006126348699 -0.08986158113 0)
(-0.0003926360995 -0.03055475578 0)
(-7.356474516e-05 0.01951843388 0)
(-0.001204400247 0.05455715098 0)
(-0.003385168714 0.08566746098 0)
(-0.006473794182 0.1129783014 0)
(-0.01029502797 0.136669419 0)
(-0.01470256042 0.1569607808 0)
(-0.01955684853 0.1741006947 0)
(-0.02472928234 0.1883538825 0)
(-0.03010625943 0.1999904358 0)
(-0.03559068635 0.2092762545 0)
(-0.04110222499 0.2164652747 0)
(-0.04657674319 0.2217935796 0)
(-0.0519652034 0.2254753177 0)
(-0.05723221665 0.2277002497 0)
(-0.06235444345 0.228632683 0)
(-0.0673189707 0.2284115246 0)
(-0.07212175042 0.2271511895 0)
(-0.07676615176 0.2249431174 0)
(-0.08126165191 0.2218576841 0)
(-0.08562267356 0.2179463284 0)
(-0.08986756396 0.2132437564 0)
(-0.0940177033 0.2077701159 0)
(-0.09809672569 0.2015330702 0)
(-0.1021298338 0.1945297244 0)
(-0.1061431869 0.1867483811 0)
(-0.1101633429 0.1781701183 0)
(-0.114216732 0.1687701955 0)
(-0.1183291427 0.1585193056 0)
(-0.1225251981 0.1473846922 0)
(-0.1268277982 0.1353311642 0)
(-0.1312575073 0.1223220394 0)
(-0.1358318559 0.1083200576 0)
(-0.1405645323 0.0932883115 0)
(-0.1454644277 0.0771912514 0)
(-0.1505345067 0.0599958368 0)
(-0.1557704671 0.04167292586 0)
(-0.1611590864 0.02219900089 0)
(-0.1666761417 0.001558338126 0)
(-0.1722847063 -0.02025390696 0)
(-0.1779322679 -0.04322804364 0)
(-0.18354737 -0.06733547524 0)
(-0.1890366789 -0.09252196715 0)
(-0.1942813603 -0.1186998235 0)
(-0.1991334177 -0.1457379815 0)
(-0.2034124248 -0.1734499301 0)
(-0.2069031656 -0.2015794616 0)
(-0.2093550289 -0.2297845994 0)
(-0.2104843158 -0.2576206035 0)
(-0.2099809039 -0.2845237516 0)
(-0.2075208863 -0.3097986172 0)
(-0.2027867194 -0.3326126862 0)
(-0.1954958774 -0.3520031382 0)
(-0.1854378663 -0.3669010129 0)
(-0.1725176172 -0.3761772706 0)
(-0.1568009185 -0.3787128962 0)
(-0.1385551283 -0.3734909565 0)
(-0.118276712 -0.3597027402 0)
(-0.09669724324 -0.3368539156 0)
(-0.07476231091 -0.3048518996 0)
(-0.0535815303 -0.2640544601 0)
(-0.03434920307 -0.2152630616 0)
(-0.01826589358 -0.1596518426 0)
(-0.006621908109 -0.09863861924 0)
(-0.0004342927578 -0.03373821299 0)
(-7.369313098e-05 0.02011808561 0)
(-0.001209149282 0.05624322163 0)
(-0.003395717322 0.08830461601 0)
(-0.006481382338 0.1164168496 0)
(-0.01027852322 0.1407558786 0)
(-0.0146285811 0.1615460085 0)
(-0.01938123521 0.1790459789 0)
(-0.02439942859 0.1935350406 0)
(-0.02956377876 0.2053001156 0)
(-0.03477403683 0.214624777 0)
(-0.03994906105 0.221780389 0)
(-0.04502587805 0.2270194705 0)
(-0.04995814778 0.2305711561 0)
(-0.05471431355 0.2326385106 0)
(-0.05927564955 0.233397396 0)
(-0.06363434874 0.2329965702 0)
(-0.0677917393 0.2315587091 0)
(-0.07175667631 0.2291820741 0)
(-0.07554412633 0.2259425873 0)
(-0.07917394275 0.2218961205 0)
(-0.08266981786 0.217080848 0)
(-0.0860583909 0.2115195535 0)
(-0.08936848838 0.2052218144 0)
(-0.09263047219 0.198186018 0)
(-0.09587567131 0.1904011846 0)
(-0.09913587393 0.1818485914 0)
(-0.1024428573 0.1725032041 0)
(-0.1058279333 0.1623349306 0)
(-0.1093214884 0.1513097199 0)
(-0.1129524941 0.1393905334 0)
(-0.1167479658 0.12653822 0)
(-0.1207323424 0.1127123343 0)
(-0.1249267592 0.09787193975 0)
(-0.1293481802 0.08197645297 0)
(-0.1340083558 0.06498659373 0)
(-0.1389125712 0.04686552947 0)
(-0.144058094 0.02758031897 0)
(-0.1494321226 0.007103758742 0)
(-0.155010023 -0.01458313047 0)
(-0.1607525465 -0.03748730825 0)
(-0.1666023651 -0.06160034699 0)
(-0.1724805616 -0.08689186223 0)
(-0.1782827059 -0.1133019842 0)
(-0.1838742781 -0.1407314825 0)
(-0.1890861459 -0.1690292745 0)
(-0.1937104651 -0.1979770746 0)
(-0.1974977914 -0.2272712087 0)
(-0.2001565905 -0.2565021356 0)
(-0.2013567569 -0.2851330584 0)
(-0.2007391361 -0.3124801925 0)
(-0.1979332167 -0.3376987344 0)
(-0.1925848942 -0.3597801234 0)
(-0.1843952205 -0.3775673263 0)
(-0.1731691401 -0.3897949222 0)
(-0.1588703882 -0.3951588781 0)
(-0.1416753798 -0.3924164712 0)
(-0.1220159769 -0.3805098304 0)
(-0.1005998867 -0.3586981156 0)
(-0.07839963813 -0.3266757123 0)
(-0.05660516806 -0.2846500383 0)
(-0.03653754473 -0.2333548478 0)
(-0.01955685479 -0.1739832171 0)
(-0.0071418202 -0.1080433633 0)
(-0.0004796414874 -0.03718040278 0)
(-7.529119101e-05 0.02072395001 0)
(-0.001232957701 0.05794518231 0)
(-0.003455338141 0.09095779037 0)
(-0.006574705449 0.1198579172 0)
(-0.01038500172 0.1448168192 0)
(-0.01471072512 0.1660643038 0)
(-0.01938725045 0.1838719627 0)
(-0.02426675265 0.1985365856 0)
(-0.02922286303 0.2103650202 0)
(-0.03415188998 0.2196613632 0)
(-0.03897229192 0.2267168317 0)
(-0.04362312969 0.2318023094 0)
(-0.04806191721 0.2351633557 0)
(-0.05226221444 0.2370173391 0)
(-0.05621120703 0.2375523096 0)
(-0.05990742543 0.2369272226 0)
(-0.06335868796 0.2352731505 0)
(-0.06658030381 0.2326951677 0)
(-0.06959353917 0.2292746458 0)
(-0.07242433004 0.2250717478 0)
(-0.07510221403 0.2201279648 0)
(-0.07765944919 0.2144685786 0)
(-0.08013028684 0.2081049754 0)
(-0.08255036676 0.2010367632 0)
(-0.08495620575 0.1932536715 0)
(-0.08738475255 0.1847372272 0)
(-0.08987298474 0.1754622148 0)
(-0.09245752454 0.1653979368 0)
(-0.09517425185 0.1545092976 0)
(-0.09805789244 0.142757736 0)
(-0.1011415584 0.1301020378 0)
(-0.1044562165 0.1164990639 0)
(-0.1080300566 0.101904434 0)
(-0.1118877291 0.08627321497 0)
(-0.1160494136 0.0695606757 0)
(-0.1205296854 0.05172318624 0)
(-0.1253361008 0.03271936611 0)
(-0.1304673011 0.01251157397 0)
(-0.1359110969 -0.008932121784 0)
(-0.141642068 -0.03163441657 0)
(-0.1476180492 -0.05560610158 0)
(-0.1537761535 -0.08084009552 0)
(-0.1600287672 -0.1073044118 0)
(-0.1662582481 -0.1349326809 0)
(-0.1723113275 -0.163611718 0)
(-0.1779934019 -0.1931656384 0)
(-0.1830633755 -0.2233361734 0)
(-0.1872301798 -0.2537592721 0)
(-0.1901526429 -0.2839388746 0)
(-0.1914449818 -0.3132200176 0)
(-0.1906906787 -0.3407652082 0)
(-0.1874676123 -0.3655401401 0)
(-0.1813866718 -0.3863168693 0)
(-0.1721442929 -0.4017037009 0)
(-0.1595862118 -0.4102101051 0)
(-0.1437754588 -0.4103508488 0)
(-0.1250531241 -0.400785601 0)
(-0.1040775215 -0.3804793259 0)
(-0.08182826736 -0.3488573648 0)
(-0.05956571634 -0.3059213703 0)
(-0.0387398149 -0.2522920157 0)
(-0.02088351167 -0.1891529694 0)
(-0.007686126084 -0.1180934839 0)
(-0.0005290009604 -0.04089454472 0)
(-7.88539794e-05 0.02134700561 0)
(-0.00128187161 0.05969077171 0)
(-0.003579283348 0.0936651414 0)
(-0.006780024423 0.123343545 0)
(-0.01065174909 0.1488923632 0)
(-0.01499612178 0.170549289 0)
(-0.0196299523 0.1886025768 0)
(-0.02439200221 0.2033708983 0)
(-0.02914770939 0.2151852618 0)
(-0.03378987208 0.2243740261 0)
(-0.0382373003 0.2312513129 0)
(-0.04243236611 0.2361086943 0)
(-0.04633799667 0.2392097958 0)
(-0.04993452356 0.2407873445 0)
(-0.05321666163 0.2410421638 0)
(-0.05619077207 0.2401436366 0)
(-0.05887248139 0.238231211 0)
(-0.06128467146 0.2354165918 0)
(-0.063455822 0.2317863244 0)
(-0.06541866754 0.22740455 0)
(-0.0672091231 0.2223157642 0)
(-0.06886543137 0.2165474639 0)
(-0.07042748673 0.2101126086 0)
(-0.07193629593 0.2030118515 0)
(-0.07343354021 0.1952355227 0)
(-0.07496120839 0.1867653612 0)
(-0.07656127391 0.1775760074 0)
(-0.07827539204 0.1676362724 0)
(-0.08014459651 0.1569102099 0)
(-0.08220897415 0.1453580146 0)
(-0.08450729613 0.1329367776 0)
(-0.08707658381 0.1196011323 0)
(-0.08995158409 0.1053038277 0)
(-0.09316412449 0.08999627232 0)
(-0.09674231265 0.07362910402 0)
(-0.1007095433 0.05615285402 0)
(-0.1050832544 0.03751880042 0)
(-0.1098732571 0.01768009784 0)
(-0.1150796871 -0.003406718625 0)
(-0.120691134 -0.02577881708 0)
(-0.1266811443 -0.04946469838 0)
(-0.133003981 -0.07447937941 0)
(-0.139590682 -0.1008179293 0)
(-0.1463432987 -0.1284467628 0)
(-0.1531284628 -0.1572917554 0)
(-0.1597703062 -0.1872224572 0)
(-0.1660431959 -0.2180316745 0)
(-0.171665254 -0.2494099686 0)
(-0.1762942692 -0.2809152986 0)
(-0.1795284054 -0.3119392864 0)
(-0.1809149399 -0.3416735491 0)
(-0.1799708512 -0.3690822161 0)
(-0.1762189717 -0.3928897947 0)
(-0.1692420303 -0.4115960854 0)
(-0.158753739 -0.4235304584 0)
(-0.1446809951 -0.4269546878 0)
(-0.1272450529 -0.4202152742 0)
(-0.1070242008 -0.4019327773 0)
(-0.08497914942 -0.3711996481 0)
(-0.06242523682 -0.327744646 0)
(-0.04093997441 -0.2720171667 0)
(-0.02224193347 -0.2051523025 0)
(-0.00825526368 -0.1288044116 0)
(-0.0005827690224 -0.04489411817 0)
(-8.501909304e-05 0.02200162875 0)
(-0.001363416467 0.06151602777 0)
(-0.003786255587 0.09647590504 0)
(-0.007129074519 0.1269276334 0)
(-0.01112311709 0.1530336967 0)
(-0.015539881 0.1750438047 0)
(-0.02017254765 0.1932685816 0)
(-0.02484355369 0.2080546719 0)
(-0.02940906869 0.2197629177 0)
(-0.03375869655 0.2287507469 0)
(-0.03781285885 0.2353589546 0)
(-0.04151905702 0.2399025366 0)
(-0.04484770306 0.242665 0)
(-0.04778800369 0.2438954877 0)
(-0.05034418992 0.2438080674 0)
(-0.05253223483 0.2425825957 0)
(-0.05437710291 0.2403666574 0)
(-0.05591051302 0.2372781742 0)
(-0.05716916287 0.2334083662 0)
(-0.05819334816 0.2288248293 0)
(-0.05902590609 0.2235745616 0)
(-0.05971141707 0.2176868239 0)
(-0.06029560577 0.211175767 0)
(-0.06082489094 0.2040427864 0)
(-0.06134604234 0.1962785948 0)
(-0.0619059104 0.1878650126 0)
(-0.06255119862 0.178776492 0)
(-0.06332825481 0.1689813971 0)
(-0.06428286198 0.1584430652 0)
(-0.06546000844 0.147120674 0)
(-0.06690361762 0.1349699451 0)
(-0.06865621873 0.1219437165 0)
(-0.0707585366 0.1079924157 0)
(-0.07324897419 0.09306447331 0)
(-0.076162955 0.07710672324 0)
(-0.07953208913 0.06006484909 0)
(-0.08338311897 0.0418839572 0)
(-0.08773650202 0.02250936614 0)
(-0.09260438053 0.001887695302 0)
(-0.0979891696 -0.0200311924 0)
(-0.103880172 -0.04329151892 0)
(-0.1102494755 -0.06792859858 0)
(-0.1170479665 -0.09396290665 0)
(-0.1241995166 -0.1213924785 0)
(-0.1315939821 -0.1501820404 0)
(-0.1390790766 -0.1802479775 0)
(-0.1464513056 -0.2114380432 0)
(-0.1534466788 -0.243504788 0)
(-0.1597326053 -0.2760721488 0)
(-0.1649033152 -0.3085957352 0)
(-0.1684823117 -0.3403193287 0)
(-0.169936481 -0.3702331836 0)
(-0.1687071041 -0.3970437358 0)
(-0.1642623602 -0.4191685268 0)
(-0.1561731201 -0.4347729127 0)
(-0.1442082928 -0.4418640145 0)
(-0.1284380194 -0.4384497706 0)
(-0.1093246909 -0.4227555903 0)
(-0.08777703336 -0.3934698239 0)
(-0.06514301756 -0.3499681753 0)
(-0.04312174853 -0.2924550604 0)
(-0.02362902533 -0.2219639748 0)
(-0.008850372881 -0.1401895759 0)
(-0.0006414631072 -0.04919315926 0)
(-9.462227258e-05 0.02270646072 0)
(-0.001487066353 0.06346719119 0)
(-0.004099379731 0.09945261356 0)
(-0.007660412292 0.130677872 0)
(-0.01185197441 0.1573043275 0)
(-0.0164063442 0.1796003343 0)
(-0.02108717616 0.1979071713 0)
(-0.02569753502 0.2126078235 0)
(-0.03008359457 0.2241004276 0)
(-0.03413269979 0.2327775511 0)
(-0.03776886977 0.2390112152 0)
(-0.0409472715 0.2431429726 0)
(-0.0436485158 0.2454781365 0)
(-0.04587332182 0.2462832354 0)
(-0.04763784052 0.2457858427 0)
(-0.04896974381 0.2441760612 0)
(-0.04990507319 0.2416090748 0)
(-0.05048577808 0.2382083137 0)
(-0.05075784531 0.2340688955 0)
(-0.05076991365 0.2292610982 0)
(-0.05057227247 0.2238337008 0)
(-0.05021615467 0.2178170874 0)
(-0.04975324893 0.2112260568 0)
(-0.04923536878 0.2040623083 0)
(-0.0487142299 0.1963166047 0)
(-0.0482412984 0.187970621 0)
(-0.04786767601 0.1789984958 0)
(-0.04764399877 0.169368121 0)
(-0.0476203336 0.159042193 0)
(-0.04784605302 0.1479790487 0)
(-0.04836967017 0.1361333217 0)
(-0.04923861987 0.1234564484 0)
(-0.05049896814 0.1098970535 0)
(-0.05219502756 0.09540124739 0)
(-0.05436885012 0.07991287659 0)
(-0.05705956374 0.06337377443 0)
(-0.06030251536 0.04572407779 0)
(-0.06412810918 0.02690269532 0)
(-0.06856002093 0.006847996285 0)
(-0.07361387165 -0.01450109121 0)
(-0.07929449486 -0.03720250661 0)
(-0.085591966 -0.06130948135 0)
(-0.09247760005 -0.08686551912 0)
(-0.09989847273 -0.1138981061 0)
(-0.1077701491 -0.1424092616 0)
(-0.1159678976 -0.1723618871 0)
(-0.1243162538 -0.2036605017 0)
(-0.1325773189 -0.2361247816 0)
(-0.1404388566 -0.2694544986 0)
(-0.1475042623 -0.3031852387 0)
(-0.1532878945 -0.3366360547 0)
(-0.1572209355 -0.3688534275 0)
(-0.1586744139 -0.3985607325 0)
(-0.1570064454 -0.4241283495 0)
(-0.1516388943 -0.4435850427 0)
(-0.1421632548 -0.4546932829 0)
(-0.1284661478 -0.4551057837 0)
(-0.1108530895 -0.4426044218 0)
(-0.09013969018 -0.4153960904 0)
(-0.06767559593 -0.3724091359 0)
(-0.04526923253 -0.3135106864 0)
(-0.02504324479 -0.2395618994 0)
(-0.009473726934 -0.1522609407 0)
(-0.0007057805682 -0.05380675163 0)
(-0.0001087785392 0.02348556298 0)
(-0.001664888626 0.06560314662 0)
(-0.004547484972 0.1026738026 0)
(-0.008421108579 0.1346779047 0)
(-0.01290140258 0.1617812377 0)
(-0.01767035903 0.1842809928 0)
(-0.02245541677 0.2025608853 0)
(-0.02703733408 0.2170515475 0)
(-0.03125224304 0.2281980633 0)
(-0.03498712036 0.2364356562 0)
(-0.03817258198 0.2421729395 0)
(-0.04077493398 0.2457814835 0)
(-0.04278849145 0.2475903224 0)
(-0.04422874493 0.2478841149 0)
(-0.04512662517 0.2469038604 0)
(-0.0455239003 0.2448492887 0)
(-0.04546961826 0.2418822496 0)
(-0.04501744991 0.2381306014 0)
(-0.04422377053 0.2336922479 0)
(-0.04314632365 0.2286390849 0)
(-0.04184332853 0.2230207035 0)
(-0.04037291366 0.2168677638 0)
(-0.03879278394 0.2101949985 0)
(-0.03716004551 0.203003831 0)
(-0.03553113354 0.1952846278 0)
(-0.03396180491 0.1870185986 0)
(-0.03250715521 0.178179366 0)
(-0.03122163844 0.1687342609 0)
(-0.03015908174 0.1586453602 0)
(-0.02937267417 0.1478702902 0)
(-0.02891491201 0.1363628371 0)
(-0.02883749398 0.1240733936 0)
(-0.02919115346 0.1109492671 0)
(-0.03002540879 0.09693487751 0)
(-0.03138820881 0.08197187744 0)
(-0.03332544411 0.06599923333 0)
(-0.03588029109 0.04895331705 0)
(-0.03909230752 0.03076807858 0)
(-0.04299599041 0.01137535102 0)
(-0.04761941276 -0.009294677066 0)
(-0.05298238459 -0.03131143596 0)
(-0.05909264344 -0.05474332747 0)
(-0.06594196272 -0.0796539265 0)
(-0.07350126825 -0.1060971363 0)
(-0.08171341566 -0.134109475 0)
(-0.09048417019 -0.1636983544 0)
(-0.09967091973 -0.1948247032 0)
(-0.1090691248 -0.2273778579 0)
(-0.1183971237 -0.261140485 0)
(-0.1272808732 -0.2957416499 0)
(-0.1352417734 -0.3305974354 0)
(-0.1416928825 -0.3648415618 0)
(-0.1459511878 -0.3972537175 0)
(-0.147275388 -0.4262008303 0)
(-0.1449383564 -0.4496150835 0)
(-0.1383390695 -0.4650389035 0)
(-0.1271486841 -0.4697659731 0)
(-0.1114703 -0.461092654 0)
(-0.09197631336 -0.4366631795 0)
(-0.06997641305 -0.3948494559 0)
(-0.0473675333 -0.3350668731 0)
(-0.02648554137 -0.2579108198 0)
(-0.01012934076 -0.1650299288 0)
(-0.0007766893025 -0.05875179306 0)
(-0.0001290022818 0.02436997339 0)
(-0.00191243635 0.06799856938 0)
(-0.005166795185 0.1062372972 0)
(-0.009468845804 0.1390296714 0)
(-0.01434658899 0.1665557202 0)
(-0.01941838017 0.1891567586 0)
(-0.02436815411 0.2072754422 0)
(-0.02895197342 0.2214051171 0)
(-0.03299706886 0.232050095 0)
(-0.03639336038 0.2396973634 0)
(-0.03908244533 0.2447982589 0)
(-0.04104644277 0.2477580045 0)
(-0.04229783165 0.2489310629 0)
(-0.0428708358 0.2486205453 0)
(-0.04281450348 0.2470802758 0)
(-0.04218738857 0.2445184533 0)
(-0.04105362359 0.2411021492 0)
(-0.03948013545 0.2369621113 0)
(-0.03753475882 0.2321975242 0)
(-0.03528502884 0.2268805067 0)
(-0.03279747106 0.2210602225 0)
(-0.03013723878 0.2147665406 0)
(-0.02736798951 0.20801324 0)
(-0.02455190712 0.2008007505 0)
(-0.02174981481 0.1931184872 0)
(-0.01902134137 0.1849467944 0)
(-0.01642509001 0.1762585168 0)
(-0.01401879386 0.1670202851 0)
(-0.01185945953 0.1571935276 0)
(-0.01000347905 0.1467352448 0)
(-0.008506689518 0.1355985793 0)
(-0.007424384501 0.1237332061 0)
(-0.006811270066 0.1110855704 0)
(-0.00672134899 0.09759900002 0)
(-0.007207716938 0.08321371624 0)
(-0.008322246545 0.06786677181 0)
(-0.01011513087 0.05149195157 0)
(-0.01263423247 0.03401968627 0)
(-0.01592401531 0.01537701674 0)
(-0.02002413805 -0.004512422727 0)
(-0.02496855703 -0.02572715679 0)
(-0.03078196273 -0.04834772859 0)
(-0.0374761295 -0.0724543997 0)
(-0.04504579314 -0.09812379444 0)
(-0.05346178133 -0.1254231003 0)
(-0.06266218669 -0.1544006801 0)
(-0.07254079588 -0.1850713554 0)
(-0.08293238495 -0.2173938658 0)
(-0.09359500274 -0.2512375103 0)
(-0.1041901138 -0.2863348589 0)
(-0.1142630791 -0.322217941 0)
(-0.1232289236 -0.3581377828 0)
(-0.1303714962 -0.3929723176 0)
(-0.1348674551 -0.4251363073 0)
(-0.1358484053 -0.4525185306 0)
(-0.1325122703 -0.4724833556 0)
(-0.1242854896 -0.4819792533 0)
(-0.1110197955 -0.4777868954 0)
(-0.09318458291 -0.4569066404 0)
(-0.07199476705 -0.4170303145 0)
(-0.04940334228 -0.3569810649 0)
(-0.0279605693 -0.2769659585 0)
(-0.01082383201 -0.1785088483 0)
(-0.0008555654341 -0.0640481556 0)
(-0.0001573884057 0.02539982654 0)
(-0.002249997542 0.07074799569 0)
(-0.00600315736 0.1102641511 0)
(-0.01087446315 0.1438557708 0)
(-0.01627677587 0.1717335298 0)
(-0.02174901632 0.1943054296 0)
(-0.02692417756 0.2120959195 0)
(-0.03153250049 0.2256808638 0)
(-0.03539538508 0.2356391442 0)
(-0.03841105876 0.2425202613 0)
(-0.04053833703 0.2468249967 0)
(-0.04178132788 0.248995757 0)
(-0.04217625101 0.2494136323 0)
(-0.04178078779 0.248399808 0)
(-0.04066590875 0.2462195793 0)
(-0.03890988192 0.2430877354 0)
(-0.03659407616 0.239174482 0)
(-0.03380017065 0.2346113689 0)
(-0.03060842152 0.2294969024 0)
(-0.02709669434 0.2239016658 0)
(-0.02334003307 0.2178728694 0)
(-0.01941057718 0.2114383029 0)
(-0.01537771391 0.2046097409 0)
(-0.01130834123 0.1973857893 0)
(-0.007267210463 0.1897542602 0)
(-0.003317282776 0.1816941383 0)
(0.0004799192717 0.1731771589 0)
(0.004063976848 0.1641690567 0)
(0.007375330078 0.1546305588 0)
(0.01035504978 0.1445181198 0)
(0.01294463891 0.1337844306 0)
(0.01508590044 0.1223787572 0)
(0.01672086151 0.1102471183 0)
(0.01779176024 0.09733232544 0)
(0.0182411049 0.08357390429 0)
(0.01801182379 0.06890791605 0)
(0.01704752926 0.05326670176 0)
(0.01529292906 0.03657858021 0)
(0.01269453455 0.01876752617 0)
(0.009201999315 -0.0002472118313 0)
(0.004768362911 -0.02055085684 0)
(-0.0006470175275 -0.04223298727 0)
(-0.00707511812 -0.06538705028 0)
(-0.01453386823 -0.09010817917 0)
(-0.02302188225 -0.1164895093 0)
(-0.0325102665 -0.1446154249 0)
(-0.04293137982 -0.1745500935 0)
(-0.05416370492 -0.2063186321 0)
(-0.06601256207 -0.2398770739 0)
(-0.07818666385 -0.2750672123 0)
(-0.09027203537 -0.3115516528 0)
(-0.1017073122 -0.3487257653 0)
(-0.1117681824 -0.3856078033 0)
(-0.1195735635 -0.4207172387 0)
(-0.1241306016 -0.4519653585 0)
(-0.1244367511 -0.4766000678 0)
(-0.1196501633 -0.4912612812 0)
(-0.109320904 -0.4922025985 0)
(-0.09364562754 -0.4757052444 0)
(-0.07367351948 -0.4386445082 0)
(-0.05136523164 -0.3790806593 0)
(-0.02947822578 -0.2966724273 0)
(-0.01156765029 -0.1927129515 0)
(-0.0009444060822 -0.06972041227 0)
(-0.0001968922004 0.02662728054 0)
(-0.002704369875 0.07397109909 0)
(-0.007114979397 0.1149032672 0)
(-0.01272494779 0.1493015129 0)
(-0.01879694766 0.1774337102 0)
(-0.02477232749 0.1998074947 0)
(-0.03022644869 0.2170604223 0)
(-0.03486501585 0.2298765323 0)
(-0.0385096687 0.2389280285 0)
(-0.04107519364 0.2448391818 0)
(-0.04254627675 0.2481671517 0)
(-0.04295701629 0.2493944977 0)
(-0.04237420561 0.2489291894 0)
(-0.04088448213 0.2471090344 0)
(-0.03858494451 0.2442084022 0)
(-0.03557663565 0.2404458613 0)
(-0.03196026408 0.2359918756 0)
(-0.02783359766 0.2309760698 0)
(-0.02329005591 0.2254938092 0)
(-0.01841812719 0.2196119967 0)
(-0.01330133835 0.2133740819 0)
(-0.008018535189 0.206804285 0)
(-0.002644389277 0.1999111547 0)
(0.002750050261 0.1926905081 0)
(0.008096659264 0.1851278068 0)
(0.0133298098 0.1772001513 0)
(0.01838574653 0.1688778161 0)
(0.02320212115 0.1601254559 0)
(0.02771755525 0.1509030392 0)
(0.03187127965 0.1411665288 0)
(0.03560283629 0.1308683416 0)
(0.03885183112 0.1199576315 0)
(0.0415577394 0.1083804119 0)
(0.04365976761 0.09607953386 0)
(0.04509677596 0.08299453506 0)
(0.04580727258 0.0690613695 0)
(0.04572949653 0.05421202891 0)
(0.04480160985 0.03837406893 0)
(0.04296209545 0.02147005444 0)
(0.04015080022 0.003416891822 0)
(0.03630897302 -0.01587482537 0)
(0.03138114601 -0.03650073434 0)
(0.02531842336 -0.05856370939 0)
(0.01808098282 -0.08217291621 0)
(0.009643350622 -0.1074422365 0)
(1.759212601e-06 -0.1344862975 0)
(-0.01081558111 -0.163412638 0)
(-0.02273357324 -0.1943070264 0)
(-0.03561040779 -0.2272083472 0)
(-0.04921190518 -0.2620684233 0)
(-0.06318027893 -0.2986894995 0)
(-0.07699979406 -0.3366331138 0)
(-0.08996597288 -0.3750971408 0)
(-0.1011708989 -0.4127652353 0)
(-0.1095242016 -0.4476480744 0)
(-0.1138353023 -0.4769594544 0)
(-0.1129800551 -0.4970954696 0)
(-0.1061585741 -0.5037987179 0)
(-0.09321574344 -0.4925708422 0)
(-0.07494465562 -0.4593256054 0)
(-0.05324326939 -0.4011559304 0)
(-0.03105555152 -0.3169639753 0)
(-0.01237685241 -0.2076632706 0)
(-0.001046165189 -0.07580039096 0)
(-0.0002517741834 0.02812062018 0)
(-0.003311428136 0.07781953426 0)
(-0.008577097838 0.120336607 0)
(-0.01512675779 0.1555360105 0)
(-0.0220286062 0.1837850307 0)
(-0.02860662862 0.2057386526 0)
(-0.03437425333 0.2221899793 0)
(-0.03901812821 0.2339638881 0)
(-0.04237070231 0.2418481817 0)
(-0.04437552341 0.2465552078 0)
(-0.04505485787 0.2487049624 0)
(-0.04448292629 0.2488218618 0)
(-0.04276525432 0.2473394476 0)
(-0.04002363189 0.2446091431 0)
(-0.03638573814 0.2409106012 0)
(-0.03197839714 0.2364621896 0)
(-0.02692352269 0.2314308196 0)
(-0.02133597251 0.2259407424 0)
(-0.01532269552 0.2200811822 0)
(-0.00898271053 0.2139128368 0)
(-0.002407629431 0.207473302 0)
(0.004317582754 0.2007815307 0)
(0.01111361363 0.1938414896 0)
(0.01790604585 0.1866451579 0)
(0.0246243366 0.1791749147 0)
(0.03120101741 0.1714054403 0)
(0.03757092405 0.163305203 0)
(0.04367055814 0.1548375804 0)
(0.04943750374 0.1459617156 0)
(0.05480993345 0.1366331382 0)
(0.05972618983 0.1268041698 0)
(0.06412442621 0.1164241486 0)
(0.06794230216 0.1054394971 0)
(0.07111673066 0.09379364656 0)
(0.07358367573 0.08142682695 0)
(0.07527800535 0.06827572719 0)
(0.07613340998 0.05427302466 0)
(0.07608239906 0.039346782 0)
(0.07505643696 0.0234197089 0)
(0.07298660333 0.006408249611 0)
(0.06980360109 -0.01177861473 0)
(0.0654386096 -0.03123970157 0)
(0.05982615788 -0.05208359116 0)
(0.05290606043 -0.07442902434 0)
(0.04462741694 -0.09840518145 0)
(0.03495497449 -0.1241504538 0)
(0.02387833211 -0.1518081564 0)
(0.01142558851 -0.1815167261 0)
(-0.002317777156 -0.2133910678 0)
(-0.01718237084 -0.2474891327 0)
(-0.03288006562 -0.2837549097 0)
(-0.04896188607 -0.3219303683 0)
(-0.06477278257 -0.361426188 0)
(-0.07941460003 -0.4011482292 0)
(-0.09173697199 -0.439291017 0)
(-0.1003882389 -0.4731367935 0)
(-0.1039623092 -0.4989352275 0)
(-0.1012682328 -0.511971612 0)
(-0.09171316975 -0.5069349643 0)
(-0.07572121188 -0.4786323974 0)
(-0.05502717715 -0.4229489933 0)
(-0.03271896567 -0.3377602856 0)
(-0.01327569872 -0.2233903622 0)
(-0.001165296868 -0.08233095693 0)
(-0.0003283296621 0.02997011809 0)
(-0.004119915436 0.08248579754 0)
(-0.01048583899 0.1267846386 0)
(-0.01820910295 0.1627510974 0)
(-0.02610835455 0.1909182567 0)
(-0.03337059787 0.2121570289 0)
(-0.0394482628 0.2274728402 0)
(-0.04402130384 0.2378720461 0)
(-0.04695008077 0.2442834743 0)
(-0.0482243447 0.2475209118 0)
(-0.04791936919 0.2482720384 0)
(-0.04616196901 0.2471025375 0)
(-0.04310581194 0.2444678366 0)
(-0.03891450531 0.2407278166 0)
(-0.03375071227 0.2361618284 0)
(-0.02776968393 0.2309826427 0)
(-0.02111588068 0.2253487382 0)
(-0.01392166183 0.2193747679 0)
(-0.006307272146 0.2131402758 0)
(0.001618374547 0.2066968593 0)
(0.00975639522 0.2000739272 0)
(0.01801672222 0.1932832958 0)
(0.02631665087 0.1863229598 0)
(0.03457948858 0.1791800383 0)
(0.04273330312 0.1718330634 0)
(0.05070983283 0.164253759 0)
(0.05844351663 0.1564084349 0)
(0.06587066412 0.1482590137 0)
(0.0729287299 0.1397637903 0)
(0.07955569269 0.1308779635 0)
(0.08568952219 0.1215539707 0)
(0.09126771606 0.1117416515 0)
(0.09622689545 0.1013882621 0)
(0.1005024496 0.09043835203 0)
(0.1040282236 0.07883350785 0)
(0.1067362467 0.06651196188 0)
(0.1085565078 0.05340805759 0)
(0.1094167796 0.03945155617 0)
(0.10924253 0.02456676443 0)
(0.1079572162 0.008671431468 0)
(0.1054822673 -0.008324763971 0)
(0.1017370552 -0.02652115408 0)
(0.09664123152 -0.04602854635 0)
(0.09011615107 -0.06697083767 0)
(0.08208759601 -0.08948694848 0)
(0.07249087828 -0.1137320205 0)
(0.0612785204 -0.1398767558 0)
(0.04843206624 -0.1681028123 0)
(0.03397969189 -0.1985909625 0)
(0.01802189975 -0.2314958091 0)
(0.0007668867031 -0.2668988633 0)
(-0.01742223982 -0.3047286891 0)
(-0.03596958198 -0.3446319973 0)
(-0.05402756913 -0.3857879648 0)
(-0.07043364267 -0.4266615148 0)
(-0.08371869904 -0.4647230409 0)
(-0.09221495347 -0.4962087144 0)
(-0.09431391841 -0.5160489394 0)
(-0.08889741013 -0.518131587 0)
(-0.07588310992 -0.4960266415 0)
(-0.05670154585 -0.4441363625 0)
(-0.03450661831 -0.3589613463 0)
(-0.01430049176 -0.2399390012 0)
(-0.001308656916 -0.08937165189 0)
(-0.0004361242043 0.03229659604 0)
(-0.005197156953 0.08821462193 0)
(-0.01296552272 0.1345111292 0)
(-0.02212622906 0.1711558602 0)
(-0.03118181356 0.1989513461 0)
(-0.0391668025 0.2190821237 0)
(-0.04548354712 0.2328405782 0)
(-0.04982848498 0.2414635006 0)
(-0.05211615496 0.2460480265 0)
(-0.05240662731 0.2475209686 0)
(-0.05084786777 0.2466391613 0)
(-0.04763406582 0.2440052361 0)
(-0.04297734571 0.240089391 0)
(-0.03708978009 0.2352519546 0)
(-0.03017285591 0.2297641688 0)
(-0.02241205212 0.2238261678 0)
(-0.01397476418 0.2175819554 0)
(-0.005010309834 0.2111315767 0)
(0.004348891778 0.2045408676 0)
(0.01398530321 0.1978491372 0)
(0.02379453934 0.1910750363 0)
(0.03368308603 0.1842213978 0)
(0.04356636885 0.1772788572 0)
(0.05336694291 0.1702286382 0)
(0.06301291368 0.163044698 0)
(0.07243656427 0.1556953477 0)
(0.08157317214 0.1481444789 0)
(0.09036000144 0.1403524584 0)
(0.09873543968 0.1322767645 0)
(0.1066382607 0.1238724149 0)
(0.1140069902 0.115092215 0)
(0.1207793527 0.1058868544 0)
(0.1268917805 0.0962048664 0)
(0.1322789724 0.08599246147 0)
(0.1368734887 0.07519323301 0)
(0.1406053765 0.06374773108 0)
(0.1434018239 0.05159288718 0)
(0.1451868402 0.03866126523 0)
(0.1458809783 0.02488010437 0)
(0.1454013096 0.0101700891 0)
(0.1436613506 -0.005556348695 0)
(0.1405703441 -0.02239651706 0)
(0.1360349725 -0.04046021361 0)
(0.1299603134 -0.05987233311 0)
(0.1222513296 -0.08077617531 0)
(0.1128166142 -0.1033367887 0)
(0.1015743118 -0.1277435876 0)
(0.08846171626 -0.154210658 0)
(0.07345046237 -0.1829718041 0)
(0.05656989077 -0.2142649482 0)
(0.03794166472 -0.2482974172 0)
(0.01782900654 -0.2851789491 0)
(-0.003299324705 -0.3248049694 0)
(-0.02468876481 -0.3666679308 0)
(-0.0452220471 -0.409583537 0)
(-0.06337426599 -0.4513401159 0)
(-0.07726197063 -0.4883282548 0)
(-0.08485738293 -0.5152852833 0)
(-0.08443745345 -0.525375981 0)
(-0.07525284471 -0.5108415585 0)
(-0.05823527986 -0.4643012915 0)
(-0.03647015778 -0.3804361905 0)
(-0.01550528225 -0.257373592 0)
(-0.001487034538 -0.09700718748 0)
(-0.0005901501118 0.0352642498 0)
(-0.006637815295 0.0953173895 0)
(-0.01617643482 0.1438252722 0)
(-0.02705646432 0.1809628078 0)
(-0.03738809388 0.2079628424 0)
(-0.04604976012 0.2264610441 0)
(-0.05242227239 0.2381324266 0)
(-0.05625804715 0.2445003507 0)
(-0.05756441511 0.2468565246 0)
(-0.05650389757 0.2462475095 0)
(-0.05332123589 0.2434947907 0)
(-0.04829455486 0.2392279858 0)
(-0.04170482477 0.2339202472 0)
(-0.03381831086 0.2279207239 0)
(-0.02487774457 0.2214821214 0)
(-0.01509903461 0.2147830953 0)
(-0.004671314421 0.2079459608 0)
(0.006241158652 0.2010504725 0)
(0.01749598607 0.1941443505 0)
(0.02896991718 0.1872510771 0)
(0.04055547351 0.1803761177 0)
(0.05215810591 0.173511495 0)
(0.06369360661 0.1666391682 0)
(0.0750858479 0.1597335745 0)
(0.08626485044 0.1527635197 0)
(0.09716514191 0.1456935663 0)
(0.1077243725 0.1384850464 0)
(0.1178821511 0.1310967776 0)
(0.1275790624 0.123485549 0)
(0.1367558336 0.1156064246 0)
(0.145352619 0.1074128941 0)
(0.1533083758 0.09885689278 0)
(0.1605603076 0.08988870516 0)
(0.1670433567 0.08045675575 0)
(0.1726897289 0.07050728585 0)
(0.1774284393 0.05998390449 0)
(0.1811848719 0.04882699308 0)
(0.1838803449 0.03697293077 0)
(0.1854316825 0.02435309574 0)
(0.1857509289 0.01089256945 0)
(0.1847451783 -0.003491645378 0)
(0.1823153815 -0.01889254139 0)
(0.1783573646 -0.03541598199 0)
(0.1727623785 -0.05318405073 0)
(0.1654174477 -0.07233939975 0)
(0.1562077383 -0.0930503247 0)
(0.1450206025 -0.1155161704 0)
(0.131752658 -0.1399720469 0)
(0.1163218382 -0.1666905902 0)
(0.09868719393 -0.1959762715 0)
(0.07888029304 -0.2281442968 0)
(0.05705300023 -0.2634708398 0)
(0.03354591635 -0.3020947894 0)
(0.008980091003 -0.3438434734 0)
(-0.01563727937 -0.3879546078 0)
(-0.03880489733 -0.4326624288 0)
(-0.05850135869 -0.4747076427 0)
(-0.07231538062 -0.5088628831 0)
(-0.07786373793 -0.5277407948 0)
(-0.07355443201 -0.5222382385 0)
(-0.05955991423 -0.4828900801 0)
(-0.03867403575 -0.4020011097 0)
(-0.01697029988 -0.2757834133 0)
(-0.001717823498 -0.1053604373 0)
(-0.0008146896341 0.03910037002 0)
(-0.008577401935 0.1041896582 0)
(-0.02032344138 0.1550768655 0)
(-0.03319294226 0.1923585983 0)
(-0.04482557249 0.2179458818 0)
(-0.05396628999 0.2341155502 0)
(-0.06003227892 0.2430432 0)
(-0.0628949936 0.2465979721 0)
(-0.06270884824 0.2462859364 0)
(-0.05977965488 0.2432703985 0)
(-0.05447661283 0.238423386 0)
(-0.04717864944 0.2323834964 0)
(-0.03824439192 0.2256088951 0)
(-0.02799753286 0.2184215832 0)
(-0.01672167707 0.2110424116 0)
(-0.004660625666 0.2036179125 0)
(0.007978450096 0.19624053 0)
(0.02102030788 0.1889635201 0)
(0.03431730867 0.1818116596 0)
(0.04774437108 0.1747894114 0)
(0.061194765 0.167886732 0)
(0.07457636136 0.1610832218 0)
(0.08780842195 0.1543511099 0)
(0.1008188922 0.1476574013 0)
(0.1135421432 0.1409654063 0)
(0.1259170986 0.1342358157 0)
(0.1378856841 0.1274274459 0)
(0.1493915447 0.1204977337 0)
(0.160378976 0.1134030428 0)
(0.170792026 0.1060988242 0)
(0.1805737291 0.09853965583 0)
(0.189665439 0.09067917986 0)
(0.1980062333 0.08246994697 0)
(0.2055323665 0.07386316766 0)
(0.2121767505 0.06480836518 0)
(0.2178684496 0.05525291522 0)
(0.222532175 0.04514144744 0)
(0.2260877675 0.03441507124 0)
(0.2284496573 0.02301037339 0)
(0.2295263822 0.01085811017 0)
(0.2292202794 -0.0021185761 0)
(0.2274260321 -0.01600635725 0)
(0.2240309547 -0.03090459619 0)
(0.2189151964 -0.04692918525 0)
(0.211951083 -0.06421758321 0)
(0.2030041547 -0.08293513861 0)
(0.1919353242 -0.1032826555 0)
(0.1786052853 -0.1255047535 0)
(0.1628829482 -0.1498975927 0)
(0.1446606282 -0.1768126352 0)
(0.1238801595 -0.2066497818 0)
(0.1005758415 -0.239827631 0)
(0.07494146278 -0.276710298 0)
(0.04742857278 -0.3174592235 0)
(0.01887695934 -0.3617694281 0)
(-0.00933747655 -0.4084470577 0)
(-0.03516572913 -0.4547915934 0)
(-0.05590217371 -0.4959033444 0)
(-0.06849689982 -0.5241331511 0)
(-0.07034513125 -0.5291475934 0)
(-0.06052679679 -0.4991437931 0)
(-0.04118773625 -0.423378438 0)
(-0.01881402087 -0.2952850733 0)
(-0.002029799372 -0.1146125725 0)
(-0.001150345318 0.04412635278 0)
(-0.01121287313 0.1153304943 0)
(-0.02566180822 0.1686356209 0)
(-0.04071461708 0.2054468041 0)
(-0.0534809485 0.2287308767 0)
(-0.06264626099 0.2416609 0)
(-0.06776852566 0.2470493739 0)
(-0.0689333587 0.247163976 0)
(-0.06651460007 0.2437290384 0)
(-0.06100976485 0.2380046683 0)
(-0.05294106162 0.2308849679 0)
(-0.0428022262 0.222988705 0)
(-0.03103376099 0.2147336266 0)
(-0.01801492545 0.2063938156 0)
(-0.004064916627 0.1981420997 0)
(0.01055147261 0.1900808084 0)
(0.0256162658 0.1822636077 0)
(0.04095114597 0.1747106964 0)
(0.05640976594 0.1674197281 0)
(0.07187143295 0.1603732764 0)
(0.087235626 0.1535439159 0)
(0.1024174115 0.1468977026 0)
(0.1173436649 0.1403965392 0)
(0.1319499823 0.1339997684 0)
(0.1461781709 0.1276652289 0)
(0.1599742163 0.1213499373 0)
(0.1732866332 0.1150105098 0)
(0.1860651237 0.1086033986 0)
(0.198259476 0.1020849933 0)
(0.2098186497 0.09541162189 0)
(0.2206900009 0.08853947004 0)
(0.2308186117 0.08142443153 0)
(0.2401466912 0.07402189186 0)
(0.2486130218 0.06628644279 0)
(0.25615243 0.0581715175 0)
(0.2626952609 0.04962892892 0)
(0.2681668426 0.04060828329 0)
(0.2724869212 0.03105622874 0)
(0.2755690494 0.02091548233 0)
(0.2773199729 0.01012355656 0)
(0.277639158 -0.001388960518 0)
(0.2764172567 -0.013700725 0)
(0.2735356864 -0.02690242512 0)
(0.268866516 -0.04110086705 0)
(0.2622709723 -0.05642435072 0)
(0.2535992415 -0.07302973238 0)
(0.2426908266 -0.09111143838 0)
(0.2293762885 -0.1109125082 0)
(0.2134818428 -0.132737103 0)
(0.1948392242 -0.1569624913 0)
(0.1733048649 -0.1840456907 0)
(0.1487947809 -0.2145146806 0)
(0.1213443935 -0.2489251903 0)
(0.09120500623 -0.2877504176 0)
(0.0589874798 -0.331153933 0)
(0.02585319336 -0.3785803439 0)
(-0.006275778207 -0.42810349 0)
(-0.03455499273 -0.4754995006 0)
(-0.05534468272 -0.5132814984 0)
(-0.06490379994 -0.5301980553 0)
(-0.06082462738 -0.5119933962 0)
(-0.04405996023 -0.444119432 0)
(-0.02120890584 -0.3160146421 0)
(-0.002471566908 -0.1250336427 0)
(-0.001666810814 0.05080725092 0)
(-0.01483240844 0.1293582642 0)
(-0.03248945497 0.1848362653 0)
(-0.04971218644 0.220140796 0)
(-0.06308622955 0.2398586884 0)
(-0.07140452003 0.2483850116 0)
(-0.07453932981 0.2493085558 0)
(-0.07292518277 0.2453230843 0)
(-0.06724447962 0.2383441519 0)
(-0.05823715106 0.2296818379 0)
(-0.04660144662 0.2202038574 0)
(-0.03295100612 0.2104668898 0)
(-0.01780269487 0.2008145344 0)
(-0.001580339072 0.1914475612 0)
(0.01537436176 0.182472466 0)
(0.03278911936 0.1739343619 0)
(0.05044865635 0.1658392938 0)
(0.06818276875 0.1581690317 0)
(0.08585661721 0.1508907335 0)
(0.1033626321 0.1439631282 0)
(0.1206139333 0.1373404605 0)
(0.13753906 0.1309749618 0)
(0.154077781 0.1248183538 0)
(0.1701777778 0.1188227262 0)
(0.1857920265 0.1129410113 0)
(0.2008767281 0.1071272009 0)
(0.2153896684 0.1013364002 0)
(0.2292889093 0.0955247762 0)
(0.2425317324 0.08964943848 0)
(0.2550737739 0.08366827176 0)
(0.2668682998 0.07753973239 0)
(0.2778655813 0.07122261086 0)
(0.2880123369 0.06467575821 0)
(0.2972512142 0.05785776827 0)
(0.3055202881 0.05072660235 0)
(0.3127525536 0.04323913598 0)
(0.3188753965 0.03535059857 0)
(0.3238100198 0.02701386462 0)
(0.3274708025 0.01817853916 0)
(0.3297646164 0.008789759175 0)
(0.3305901898 -0.001213412492 0)
(0.3298366031 -0.0119002603 0)
(0.3273822909 -0.02335104995 0)
(0.323094589 -0.03566113713 0)
(0.3168276008 -0.04894635196 0)
(0.3084208984 -0.06335029841 0)
(0.297698234 -0.07905407671 0)
(0.2844667586 -0.09628893688 0)
(0.2685178029 -0.1153520911 0)
(0.2496311012 -0.1366250418 0)
(0.2275859454 -0.1605917266 0)
(0.2021853791 -0.1878494428 0)
(0.1733034249 -0.2190972111 0)
(0.1409702884 -0.2550716864 0)
(0.1055145777 -0.2963782232 0)
(0.06777961125 -0.3431353892 0)
(0.02941127857 -0.394327727 0)
(-0.006841978275 -0.4467813364 0)
(-0.03695797486 -0.4937490104 0)
(-0.05605221476 -0.5236364085 0)
(-0.05982363959 -0.519904084 0)
(-0.04724931881 -0.4634630884 0)
(-0.02439692328 -0.3380930853 0)
(-0.003125754874 -0.1370277847 0)
(-0.002485989366 0.05983230354 0)
(-0.01985239535 0.1470073402 0)
(-0.04109520604 0.2038523234 0)
(-0.06001231892 0.2359692334 0)
(-0.07283406813 0.2503783635 0)
(-0.07878411925 0.2530761618 0)
(-0.07831575625 0.2485324979 0)
(-0.07238707017 0.2398363472 0)
(-0.0620843558 0.2290143981 0)
(-0.04842931676 0.2173407431 0)
(-0.03230095603 0.2055828423 0)
(-0.01441844421 0.194178118 0)
(0.004648283183 0.1833546051 0)
(0.02445610198 0.1732112662 0)
(0.04466663231 0.1637690486 0)
(0.06502344767 0.155004191 0)
(0.08533338836 0.1468685107 0)
(0.1054512453 0.1393018195 0)
(0.1252676803 0.1322392683 0)
(0.1446997674 0.1256155506 0)
(0.1636836869 0.1193671797 0)
(0.1821691212 0.1134335965 0)
(0.2001149723 0.1077575858 0)
(0.2174860916 0.1022852996 0)
(0.2342507823 0.09696606807 0)
(0.2503788846 0.09175210485 0)
(0.2658402997 0.08659817009 0)
(0.2806038417 0.08146122283 0)
(0.2946363312 0.07630007975 0)
(0.3079018664 0.07107508495 0)
(0.32036122 0.06574778941 0)
(0.3319713217 0.0602806342 0)
(0.3426847954 0.05463662786 0)
(0.3524495229 0.04877900542 0)
(0.3612082129 0.042670852 0)
(0.3688979533 0.03627466923 0)
(0.3754497283 0.02955185458 0)
(0.3807878767 0.02246205329 0)
(0.3848294633 0.01496232791 0)
(0.3874835837 0.007006070494 0)
(0.3886505977 -0.001458448337 0)
(0.3882206898 -0.01049016145 0)
(0.3860725242 -0.02015763294 0)
(0.382072391 -0.03054298141 0)
(0.3760716382 -0.04174697706 0)
(0.3679044397 -0.05389611161 0)
(0.3573850771 -0.06715231211 0)
(0.3443048987 -0.08172610733 0)
(0.3284295377 -0.09789410392 0)
(0.3094975871 -0.1160213159 0)
(0.2872232978 -0.1365877449 0)
(0.2613083825 -0.1602156428 0)
(0.231472289 -0.1876872834 0)
(0.1975169693 -0.2199297934 0)
(0.1594509323 -0.2579194748 0)
(0.1177051589 -0.3024191185 0)
(0.07347003381 -0.3534107691 0)
(0.02914275494 -0.4090478499 0)
(-0.01123976853 -0.4640024679 0)
(-0.04187863283 -0.5072657599 0)
(-0.0562887747 -0.5206600237 0)
(-0.05045638699 -0.4800895866 0)
(-0.02868892605 -0.3615390385 0)
(-0.004134904678 -0.1512091388 0)
(-0.003824057847 0.07224361125 0)
(-0.02684187574 0.1690626713 0)
(-0.0515809074 0.2254251868 0)
(-0.07077406534 0.2517338255 0)
(-0.08081510957 0.2585385654 0)
(-0.08191894911 0.2537959761 0)
(-0.07548930865 0.2428498445 0)
(-0.06320013061 0.2290419976 0)
(-0.0466121071 0.2143484829 0)
(-0.02702769493 0.1998705476 0)
(-0.005470455009 0.1861733037 0)
(0.017285138 0.1735048575 0)
(0.04066696065 0.1619320988 0)
(0.06426249296 0.1514243297 0)
(0.0877775424 0.1419022274 0)
(0.1110054933 0.1332659482 0)
(0.1338031014 0.1254105671 0)
(0.156072313 0.1182342112 0)
(0.1777467732 0.1116418853 0)
(0.1987818956 0.1055468811 0)
(0.2191476052 0.09987088813 0)
(0.2388230492 0.094543451 0)
(0.2577927488 0.08950114468 0)
(0.2760437954 0.08468667102 0)
(0.2935638052 0.08004798121 0)
(0.3103394175 0.07553747307 0)
(0.3263551867 0.07111127963 0)
(0.3415927541 0.06672864887 0)
(0.3560302171 0.06235140536 0)
(0.3696416369 0.05794348075 0)
(0.382396638 0.05347049817 0)
(0.3942600652 0.04889939518 0)
(0.4051916713 0.04419806887 0)
(0.4151458121 0.03933502616 0)
(0.4240711296 0.03427901996 0)
(0.4319102051 0.02899864812 0)
(0.4385991614 0.02346188646 0)
(0.4440671935 0.01763551825 0)
(0.4482359947 0.01148441011 0)
(0.4510190993 0.004970566661 0)
(0.4523210486 -0.001948125142 0)
(0.452035996 -0.009319689319 0)
(0.4500463021 -0.01720023136 0)
(0.4462212196 -0.02565748104 0)
(0.44041409 -0.03477535207 0)
(0.4324593803 -0.04466037754 0)
(0.4221688033 -0.0554507641 0)
(0.4093263907 -0.06732902994 0)
(0.3936826127 -0.08053949247 0)
(0.3749479944 -0.09541203669 0)
(0.3527876429 -0.1123933356 0)
(0.3268201335 -0.1320852782 0)
(0.2966281506 -0.1552862126 0)
(0.2617954251 -0.183020618 0)
(0.2219962401 -0.2165214566 0)
(0.1771802251 -0.2570882589 0)
(0.1279110635 -0.3056742223 0)
(0.07591189903 -0.3619600068 0)
(0.02478842312 -0.4226001033 0)
(-0.01933352456 -0.4784576471 0)
(-0.04787325969 -0.5111025862 0)
(-0.05274444116 -0.491697883 0)
(-0.03439616526 -0.3860436913 0)
(-0.005756698648 -0.1685221663 0)
(-0.006049560028 0.0895938595 0)
(-0.03644240033 0.1961034709 0)
(-0.06333585803 0.24830258 0)
(-0.07957718059 0.2649319659 0)
(-0.08291616103 0.2613542912 0)
(-0.07541494641 0.2476296791 0)
(-0.05984886693 0.2297185905 0)
(-0.03874034742 0.21088908 0)
(-0.01410058963 0.1927936538 0)
(0.01258157922 0.1761683098 0)
(0.04024745199 0.1612524959 0)
(0.06817694593 0.1480312399 0)
(0.0958902379 0.1363723509 0)
(0.1230788483 0.1260986324 0)
(0.149551601 0.1170255106 0)
(0.1751966882 0.1089788309 0)
(0.1999547155 0.1018021706 0)
(0.2238000042 0.09535865634 0)
(0.2467277579 0.08953009946 0)
(0.2687453162 0.08421499013 0)
(0.2898662289 0.07932615243 0)
(0.3101062617 0.07478845467 0)
(0.3294807174 0.07053674876 0)
(0.3480026467 0.0665140961 0)
(0.3656816604 0.06267027897 0)
(0.3825231442 0.0589605704 0)
(0.3985277421 0.05534472556 0)
(0.4136910157 0.05178615679 0)
(0.4280032159 0.04825125686 0)
(0.4414491232 0.0447088391 0)
(0.4540079247 0.04112966712 0)
(0.4656531049 0.03748605 0)
(0.4763523322 0.03375148167 0)
(0.4860673259 0.02990030389 0)
(0.4947536909 0.02590737249 0)
(0.5023607032 0.02174770416 0)
(0.5088310319 0.01739607754 0)
(0.5141003751 0.01282655538 0)
(0.5180969785 0.008011885168 0)
(0.5207410574 0.002922721553 0)
(0.5219439707 -0.002473393341 0)
(0.5216068551 -0.008213492413 0)
(0.5196194006 -0.01434104753 0)
(0.5158580868 -0.02090895077 0)
(0.5101833245 -0.02798334356 0)
(0.5024359968 -0.03564909643 0)
(0.4924327481 -0.04401765844 0)
(0.4799596505 -0.05323825753 0)
(0.4647638952 -0.06351388153 0)
(0.4465432323 -0.07512396811 0)
(0.4249333519 -0.08845618328 0)
(0.3994946624 -0.1040496793 0)
(0.3697028572 -0.1226507406 0)
(0.3349538611 -0.1452762759 0)
(0.2946058333 -0.1732658544 0)
(0.2481022788 -0.2082683991 0)
(0.1952529295 -0.2520373748 0)
(0.1367839239 -0.3057758769 0)
(0.07526111118 -0.3685776803 0)
(0.01631961857 -0.4343565589 0)
(-0.03026009202 -0.4868849807 0)
(-0.05169586056 -0.4942784145 0)
(-0.04150931861 -0.4102922737 0)
(-0.008412203183 -0.1901846393 0)
(-0.00962485092 0.1140262806 0)
(-0.04880645735 0.2277241972 0)
(-0.07355754524 0.2690781413 0)
(-0.08038584493 0.2708166602 0)
(-0.07070524732 0.2540805787 0)
(-0.04946102902 0.2305368808 0)
(-0.02105514836 0.206045029 0)
(0.01125591872 0.1832139529 0)
(0.04525267161 0.1629858386 0)
(0.07952577794 0.1455050735 0)
(0.1132175022 0.1305723203 0)
(0.1458398663 0.1178631485 0)
(0.1771403413 0.107034158 0)
(0.2070129623 0.09776795492 0)
(0.2354390823 0.08978931926 0)
(0.2624496682 0.08286721518 0)
(0.2881015743 0.07681091051 0)
(0.3124629172 0.07146409917 0)
(0.3356042663 0.06669884717 0)
(0.3575934852 0.06241013228 0)
(0.378492834 0.05851122341 0)
(0.39835745 0.05492990521 0)
(0.4172346536 0.05160545559 0)
(0.4351637337 0.04848625472 0)
(0.4521760025 0.04552790564 0)
(0.4682949874 0.04269176097 0)
(0.4835366861 0.03994376749 0)
(0.4979098355 0.03725355709 0)
(0.5114161705 0.03459372745 0)
(0.5240506551 0.03193926708 0)
(0.535801678 0.02926708889 0)
(0.546651207 0.02655564331 0)
(0.5565748974 0.02378458678 0)
(0.5655421493 0.02093448431 0)
(0.573516109 0.01798652656 0)
(0.5804536049 0.0149222408 0)
(0.5863050058 0.01172317357 0)
(0.591013983 0.008370517763 0)
(0.5945171458 0.004844650801 0)
(0.596743579 0.001124541278 0)
(0.59761407 -0.00281300745 0)
(0.5970398675 -0.00699448287 0)
(0.5949216779 -0.01145118262 0)
(0.5911476268 -0.01622148329 0)
(0.5855904937 -0.02135381647 0)
(0.5781040331 -0.02691097421 0)
(0.5685178343 -0.03297635201 0)
(0.5566301743 -0.03966300756 0)
(0.5421981593 -0.04712689267 0)
(0.5249242675 -0.05558626647 0)
(0.5044383623 -0.06535017459 0)
(0.4802746146 -0.07685991431 0)
(0.4518442157 -0.09074817974 0)
(0.4184087517 -0.1079197422 0)
(0.379068612 -0.1296513711 0)
(0.3328013266 -0.1576881106 0)
(0.2786249348 -0.1942575207 0)
(0.2160291974 -0.2417927267 0)
(0.1458996152 -0.3018867779 0)
(0.07217975051 -0.3725541066 0)
(0.004229203542 -0.4424360693 0)
(-0.04154916378 -0.4810734891 0)
(-0.04852061464 -0.430624315 0)
(-0.01243665001 -0.2171640197 0)
(-0.01461398744 0.1488097429 0)
(-0.06134855983 0.2607961078 0)
(-0.07325686972 0.2799450819 0)
(-0.05909802263 0.261043246 0)
(-0.02754623557 0.2298487122 0)
(0.01310412164 0.1976532563 0)
(0.05731102187 0.168836312 0)
(0.101795532 0.1445111033 0)
(0.1447915195 0.1245006469 0)
(0.1854652762 0.1082038558 0)
(0.2235106861 0.09494806296 0)
(0.2589095488 0.08412071293 0)
(0.2917888993 0.07521084824 0)
(0.3223390839 0.06780959381 0)
(0.3507685425 0.06159634452 0)
(0.3772804751 0.05632188091 0)
(0.4020617773 0.0517927938 0)
(0.4252786954 0.04785851963 0)
(0.4470760243 0.04440109031 0)
(0.4675780428 0.04132725401 0)
(0.4868901854 0.03856250819 0)
(0.5051009264 0.03604661367 0)
(0.5222836128 0.03373023123 0)
(0.5384981283 0.03157239908 0)
(0.553792347 0.02953863624 0)
(0.5682033753 0.02759951079 0)
(0.5817585986 0.02572955338 0)
(0.5944765538 0.02390642717 0)
(0.6063676532 0.02211028844 0)
(0.6174347799 0.02032328859 0)
(0.6276737736 0.01852918057 0)
(0.6370738199 0.01671300104 0)
(0.6456177563 0.01486080589 0)
(0.6532822981 0.01295944012 0)
(0.6600381902 0.01099632555 0)
(0.6658502795 0.008959250154 0)
(0.6706775029 0.006836141971 0)
(0.6744727752 0.004614807974 0)
(0.6771827502 0.002282614783 0)
(0.6787475065 -0.0001739032638 0)
(0.6790997456 -0.00276955819 0)
(0.6781640873 -0.005521333336 0)
(0.6758559048 -0.008449453692 0)
(0.6720794344 -0.0115789158 0)
(0.6667252239 -0.01494156594 0)
(0.6596665503 -0.01857912499 0)
(0.6507543259 -0.02254760465 0)
(0.6398098529 -0.02692379751 0)
(0.6266145121 -0.03181493097 0)
(0.6108950897 -0.03737319654 0)
(0.5923029737 -0.04381783584 0)
(0.5703849774 -0.05146893967 0)
(0.5445433788 -0.06079921268 0)
(0.5139838127 -0.07251249388 0)
(0.4776542087 -0.08765949709 0)
(0.4341914255 -0.1077971979 0)
(0.3819262119 -0.1351737734 0)
(0.3190728432 -0.172836246 0)
(0.2443776268 -0.2243179667 0)
(0.1587505339 -0.2919746794 0)
(0.06857963639 -0.3718591075 0)
(-0.009731677774 -0.4417338938 0)
(-0.0493061951 -0.4399942228 0)
(-0.01775328837 -0.2519589523 0)
(-0.01998251563 0.2003032832 0)
(-0.06154542093 0.2856771433 0)
(-0.03715179539 0.2654347917 0)
(0.01553296579 0.2230585212 0)
(0.07769374039 0.1808196181 0)
(0.1403302628 0.1451344114 0)
(0.1992223914 0.1170805212 0)
(0.2527251799 0.09560237951 0)
(0.3006134915 0.07924723254 0)
(0.3432899892 0.06674452596 0)
(0.3813620268 0.05709750949 0)
(0.4154612871 0.04955790442 0)
(0.4461686751 0.04357818314 0)
(0.4739871887 0.03876174824 0)
(0.4993389216 0.03482130477 0)
(0.522572511 0.03154760123 0)
(0.543973695 0.02878688159 0)
(0.5637758689 0.02642487777 0)
(0.5821694732 0.02437554422 0)
(0.599309866 0.02257315099 0)
(0.6153237158 0.02096671969 0)
(0.6303141055 0.01951608667 0)
(0.6443645706 0.01818909775 0)
(0.6575422846 0.01695959294 0)
(0.6699005701 0.01580594612 0)
(0.6814808816 0.01470999711 0)
(0.6923143785 0.01365626349 0)
(0.702423176 0.01263135305 0)
(0.7118213465 0.0116235213 0)
(0.7205157216 0.01062233396 0)
(0.728506539 0.009618405559 0)
(0.7357879597 0.008603192741 0)
(0.7423484816 0.007568825745 0)
(0.7481712615 0.006507965052 0)
(0.7532343548 0.005413671929 0)
(0.7575108768 0.004279282435 0)
(0.7609690818 0.003098274251 0)
(0.7635723486 0.001864115056 0)
(0.7652790617 0.0005700799134 0)
(0.7660423929 -0.0007909412054 0)
(0.7658096742 -0.002226822023 0)
(0.764522039 -0.003746630372 0)
(0.7621132236 -0.005361267341 0)
(0.7585080629 -0.007084331202 0)
(0.7536203174 -0.008933335323 0)
(0.7473495447 -0.01093147886 0)
(0.7395765966 -0.01311024066 0)
(0.7301571118 -0.01551322723 0)
(0.7189120652 -0.01820197744 0)
(0.7056139593 -0.021264877 0)
(0.6899665207 -0.02483110219 0)
(0.6715747114 -0.02909282519 0)
(0.6499004072 -0.03434115368 0)
(0.6241973661 -0.04102502871 0)
(0.5934179289 -0.04984826578 0)
(0.556086157 -0.0619281532 0)
(0.510146194 -0.07904567054 0)
(0.4528421706 -0.1040031776 0)
(0.3808241258 -0.1409978055 0)
(0.2910472231 -0.195484064 0)
(0.1836473406 -0.2716662836 0)
(0.06795300569 -0.362763668 0)
(-0.0269681489 -0.4234289825 0)
(-0.02430418022 -0.300937768 0)
(-0.00871979963 0.2514897419 0)
(0.0004595291995 0.2721041928 0)
(0.1010425528 0.205133572 0)
(0.2069117989 0.1490483198 0)
(0.2971109574 0.1073191037 0)
(0.3720688533 0.07775941301 0)
(0.4339661865 0.05761317039 0)
(0.4849759218 0.04393274974 0)
(0.5273353583 0.03449725502 0)
(0.5629634112 0.02785564008 0)
(0.5933455381 0.02307211535 0)
(0.6196081193 0.01953928258 0)
(0.6426028015 0.01686272229 0)
(0.6629721488 0.01478436816 0)
(0.6812024629 0.0131327082 0)
(0.6976645853 0.01179161422 0)
(0.7126438689 0.01068087543 0)
(0.7263618866 0.009743907592 0)
(0.7389921692 0.008939918529 0)
(0.7506716326 0.008238857294 0)
(0.7615089079 0.007618109224 0)
(0.7715904555 0.007060298087 0)
(0.7809850913 0.006551800537 0)
(0.7897473678 0.006081725832 0)
(0.7979201249 0.005641204149 0)
(0.8055364333 0.005222882781 0)
(0.8126210898 0.004820564473 0)
(0.8191917802 0.004428944255 0)
(0.8252599921 0.004043415348 0)
(0.8308317382 0.003659923886 0)
(0.8359081332 0.003274858323 0)
(0.840485857 0.002884963295 0)
(0.8445575261 0.002487270416 0)
(0.8481119892 0.002079040073 0)
(0.8511345557 0.001657709313 0)
(0.8536071628 0.00122084136 0)
(0.8555084794 0.0007660724041 0)
(0.8568139388 0.0002910520919 0)
(0.8574957225 -0.0002066158614 0)
(0.8575225199 -0.0007294765986 0)
(0.8568594132 -0.001280387106 0)
(0.8554673349 -0.001862679527 0)
(0.8533023402 -0.002480410097 0)
(0.8503145475 -0.003138715354 0)
(0.8464465697 -0.003844316503 0)
(0.8416312362 -0.004606245611 0)
(0.8357882869 -0.00543691155 0)
(0.8288195476 -0.00635369282 0)
(0.8206018414 -0.007381368716 0)
(0.8109764598 -0.008555920983 0)
(0.7997333224 -0.009930640009 0)
(0.78658679 -0.01158621979 0)
(0.7711381565 -0.01364795736 0)
(0.7528166214 -0.01631595273 0)
(0.7307852996 -0.01991965839 0)
(0.7037908024 -0.0250187377 0)
(0.6699242138 -0.03259201626 0)
(0.6262534665 -0.04438912163 0)
(0.5683201032 -0.06355173428 0)
(0.4897010791 -0.09552712948 0)
(0.3821568257 -0.1486634762 0)
(0.2376497949 -0.2317165087 0)
(0.06801039 -0.3350695984 0)
(-0.004353857482 -0.3209820691 0)
(0.2405304673 0.1241678852 0)
(0.3465004327 0.1052016388 0)
(0.5044738234 0.05686390436 0)
(0.6213932134 0.03140712276 0)
(0.6950726001 0.01854925944 0)
(0.7449456651 0.01112515902 0)
(0.7806468669 0.006836134115 0)
(0.8068761855 0.00440928348 0)
(0.8267980256 0.00300591041 0)
(0.8424908133 0.00216415218 0)
(0.8552465472 0.001640980845 0)
(0.8658918713 0.001302377621 0)
(0.8749760399 0.001072941193 0)
(0.8828720292 0.0009101106154 0)
(0.8898388733 0.0007893921333 0)
(0.896061128 0.0006962606501 0)
(0.9016734035 0.0006218322236 0)
(0.906775881 0.0005604906002 0)
(0.9114444165 0.0005085541125 0)
(0.9157372596 0.0004635173813 0)
(0.9196996077 0.0004236119101 0)
(0.9233667575 0.0003875449243 0)
(0.9267663301 0.0003543400657 0)
(0.9299198717 0.0003232377027 0)
(0.9328440244 0.0002936309266 0)
(0.9355513979 0.0002650234206 0)
(0.9380512281 0.0002370010668 0)
(0.9403498825 0.0002092123835 0)
(0.9424512533 0.0001813547514 0)
(0.9443570685 0.0001531644942 0)
(0.9460671392 0.0001244095413 0)
(0.9475795593 9.488380922e-05 0)
(0.9488908675 6.440267663e-05 0)
(0.9499961777 3.279907625e-05 0)
(0.950889282 -8.019996869e-08 0)
(0.951562729 -3.437837192e-05 0)
(0.9520078757 -7.023325801e-05 0)
(0.9522149141 -0.0001077823692 0)
(0.9521728565 -0.0001471663355 0)
(0.951869504 -0.000188537866 0)
(0.9512913174 -0.0002320893783 0)
(0.9504232175 -0.0002780608288 0)
(0.9492482929 -0.0003267639472 0)
(0.9477473461 -0.0003786209009 0)
(0.9458982178 -0.000434216407 0)
(0.943674804 -0.0004943717225 0)
(0.9410456225 -0.0005602539304 0)
(0.9379717141 -0.0006335409862 0)
(0.9344035374 -0.0007166783558 0)
(0.9302763078 -0.0008132924596 0)
(0.9255028612 -0.0009288840964 0)
(0.9199624601 -0.001072043766 0)
(0.9134827186 -0.001256681634 0)
(0.9058094452 -0.001506309533 0)
(0.8965545155 -0.001862619872 0)
(0.8851024673 -0.002403298189 0)
(0.8704370608 -0.003280064868 0)
(0.8508087238 -0.004802337348 0)
(0.8230978699 -0.007622255349 0)
(0.781671388 -0.01308693938 0)
(0.7159173394 -0.02385928323 0)
(0.6034538716 -0.0468581839 0)
(0.4186022112 -0.100391015 0)
(0.2837429345 -0.1401606007 0)
)
;

boundaryField
{
    movingWall
    {
        type            fixedValue;
        value           uniform (1 0 0);
    }
    fixedWalls
    {
        type            noSlip;
    }
    frontAndBack
    {
        type            empty;
    }
}


// ************************************************************************* //
