/*--------------------------------*- C++ -*----------------------------------*\
  =========                 |
  \\      /  F ield         | OpenFOAM: The Open Source CFD Toolbox
   \\    /   O peration     | Website:  https://openfoam.org
    \\  /    A nd           | Version:  11
     \\/     M anipulation  |
\*---------------------------------------------------------------------------*/
FoamFile
{
    format      ascii;
    class       surfaceScalarField;
    location    "500";
    object      phi;
}
// * * * * * * * * * * * * * * * * * * * * * * * * * * * * * * * * * * * * * //

dimensions      [0 3 -1 0 0 0 0];

internalField   nonuniform List<scalar> 
8064
(
2.480596964e-11
-2.48413721e-11
5.530651311e-11
-3.050180036e-11
6.813044016e-11
-1.282573539e-11
5.255616027e-11
1.55724352e-11
5.104430779e-12
4.745002304e-11
-7.392966357e-11
7.903252873e-11
-1.822940685e-10
1.083629438e-10
-3.168149209e-10
1.345194592e-10
-4.739778146e-10
1.571615466e-10
-6.502474131e-10
1.762682824e-10
-8.422370242e-10
1.919883207e-10
-1.046789991e-09
2.045516963e-10
-1.26100798e-09
2.14216737e-10
-1.482247039e-09
2.212378223e-10
-1.708094418e-09
2.258461591e-10
-1.936334688e-09
2.282390636e-10
-2.164910971e-09
2.285750908e-10
-2.391885437e-09
2.269732837e-10
-2.615402022e-09
2.235154171e-10
-2.833653564e-09
2.182503828e-10
-3.044854832e-09
2.112001209e-10
-3.247222548e-09
2.023665773e-10
-3.438962996e-09
1.917393201e-10
-3.618267573e-09
1.793034582e-10
-3.783316296e-09
1.650476148e-10
-3.932289085e-09
1.489716889e-10
-4.063384398e-09
1.310942247e-10
-4.174844647e-09
1.114591689e-10
-4.264987585e-09
9.014186916e-11
-4.33224276e-09
6.725411542e-11
-4.375191901e-09
4.294809331e-11
-4.392611997e-09
1.741905806e-11
-4.383519527e-09
-9.093495903e-12
-4.347214547e-09
-3.630599458e-11
-4.283323673e-09
-6.389187639e-11
-4.191839653e-09
-9.148501243e-11
-4.07315543e-09
-1.186852015e-10
-3.928091246e-09
-1.45065152e-10
-3.757913167e-09
-1.701790341e-10
-3.564341647e-09
-1.935724645e-10
-3.349548926e-09
-2.147936533e-10
-3.116144426e-09
-2.33405422e-10
-2.867147653e-09
-2.489976835e-10
-2.605948583e-09
-2.611999713e-10
-2.33625595e-09
-2.696935239e-10
-2.06203436e-09
-2.742224724e-10
-1.787431568e-09
-2.746036646e-10
-1.516697657e-09
-2.707347739e-10
-1.254098092e-09
-2.626004178e-10
-1.003822706e-09
-2.502762285e-10
-7.698925116e-10
-2.339310235e-10
-5.56065728e-10
-2.138275999e-10
-3.657434133e-10
-1.903231157e-10
-2.018734629e-10
-1.638707369e-10
-6.684899175e-11
-1.350252431e-10
3.760732015e-11
-1.04457074e-10
1.105882259e-10
-7.298166236e-11
1.522028939e-10
-4.161542342e-11
1.638796136e-10
-1.167747261e-11
1.488406243e-10
1.503826e-11
1.128443332e-10
3.59956031e-11
6.532078817e-11
4.75228243e-11
2.111228202e-11
4.420777226e-11
2.111204838e-11
3.083479956e-11
-5.567671933e-11
5.458610312e-11
-5.425558732e-11
2.987019064e-11
1.188714571e-11
-6.384939685e-11
1.092889373e-10
-2.348216196e-10
2.184193095e-10
-4.835838378e-10
3.277919893e-10
-8.060612497e-10
4.308377397e-10
-1.195595466e-09
5.240511615e-10
-1.644242112e-09
6.058057504e-10
-2.143583909e-09
6.756076906e-10
-2.685224687e-09
7.336267521e-10
-3.261072064e-09
7.803967641e-10
-3.863479585e-09
8.166219806e-10
-4.485295825e-09
8.430518154e-10
-5.119853122e-09
8.604012352e-10
-5.760918967e-09
8.693027146e-10
-6.402626706e-09
8.702806578e-10
-7.039397756e-09
8.637421856e-10
-7.665864425e-09
8.499799569e-10
-8.276799996e-09
8.291838465e-10
-8.867060974e-09
8.014590087e-10
-9.431544856e-09
7.668483903e-10
-9.965165676e-09
7.253580861e-10
-1.046284848e-08
6.769842329e-10
-1.09195432e-08
6.217403108e-10
-1.133025742e-08
5.596839102e-10
-1.169010729e-08
4.909421143e-10
-1.199438485e-08
4.157347623e-10
-1.223863983e-08
3.343949039e-10
-1.241877347e-08
2.473858313e-10
-1.253114138e-08
1.553140989e-10
-1.257266219e-08
5.893798192e-11
-1.254092832e-08
-4.082923127e-11
-1.243431544e-08
-1.429207136e-10
-1.225208713e-08
-2.461220186e-10
-1.199448969e-08
-3.490842447e-10
-1.166283281e-08
-4.503438676e-10
-1.125955169e-08
-5.483480346e-10
-1.078824725e-08
-6.414852052e-10
-1.02537009e-08
-7.281205373e-10
-9.661861066e-09
-8.0663518e-10
-9.019799786e-09
-8.754683787e-10
-8.335638009e-09
-9.331611199e-10
-7.618439762e-09
-9.783998581e-10
-6.878076105e-09
-1.010058805e-09
-6.125060943e-09
-1.02723924e-09
-5.370361761e-09
-1.029304438e-09
-4.625189068e-09
-1.01590904e-09
-3.900768917e-09
-9.870221247e-10
-3.208102887e-09
-9.429437932e-10
-2.557719511e-09
-8.843159145e-10
-1.959419863e-09
-8.121287369e-10
-1.422017914e-09
-7.277265283e-10
-9.53072711e-10
-6.32817377e-10
-5.586043075e-10
-5.294950605e-10
-2.427779245e-10
-4.202848541e-10
-7.530183179e-12
-3.082307941e-10
1.479031171e-10
-1.970501119e-10
2.276140485e-10
-9.138977527e-11
2.398786864e-10
2.772286342e-12
1.983237898e-10
7.754919118e-11
1.234377598e-10
1.224076026e-10
4.413992535e-11
1.235044286e-10
6.525164851e-11
1.347289812e-11
-6.915033412e-11
-1.130986734e-11
-2.947465682e-11
-1.159837681e-10
1.165585653e-10
-3.229761221e-10
3.162785944e-10
-6.419107706e-10
5.373512727e-10
-1.073535318e-09
7.594139311e-10
-1.612723492e-09
9.70023394e-10
-2.250701613e-09
1.162026832e-09
-2.976628271e-09
1.331730015e-09
-3.778677737e-09
1.477654805e-09
-4.644755947e-09
1.59970265e-09
-5.562948863e-09
1.698587402e-09
-6.521778706e-09
1.775449576e-09
-7.510324729e-09
1.831595618e-09
-8.518251002e-09
1.868325315e-09
-9.535773225e-09
1.886822769e-09
-1.055358889e-08
1.888094176e-09
-1.156278933e-08
1.872940509e-09
-1.255476788e-08
1.841956401e-09
-1.352113468e-08
1.79554856e-09
-1.445364624e-08
1.733968507e-09
-1.534415529e-08
1.657355399e-09
-1.61845847e-08
1.565785469e-09
-1.696692763e-08
1.459325158e-09
-1.768327479e-08
1.338085485e-09
-1.832586838e-08
1.202275522e-09
-1.888718135e-08
1.052253135e-09
-1.936001987e-08
8.885713483e-10
-1.973764578e-08
7.120188955e-10
-2.001391545e-08
5.236536121e-10
-2.018343074e-08
3.248275092e-10
-2.024169701e-08
1.17202403e-10
-2.018528316e-08
-9.724491888e-11
-2.00119783e-08
-3.162273803e-10
-1.972093985e-08
-5.371622588e-10
-1.93128262e-08
-7.571996712e-10
-1.878990773e-08
-9.732640826e-10
-1.815615057e-08
-1.182106914e-09
-1.741726777e-08
-1.380369715e-09
-1.65807333e-08
-1.564656686e-09
-1.565575533e-08
-1.731614817e-09
-1.465320583e-08
-1.878019519e-09
-1.358550534e-08
-2.00086323e-09
-1.24664626e-08
-2.097444208e-09
-1.131107044e-08
-2.165452563e-09
-1.013526063e-08
-2.203050617e-09
-8.955621724e-09
-2.208944907e-09
-7.78908468e-09
-2.182447627e-09
-6.652582217e-09
-2.123526114e-09
-5.562687469e-09
-2.032840048e-09
-4.535237303e-09
-1.911767566e-09
-3.584944073e-09
-1.76242343e-09
-2.724997151e-09
-1.587674888e-09
-1.966651784e-09
-1.391164156e-09
-1.318797598e-09
-1.177350637e-09
-7.874923347e-10
-9.515914932e-10
-3.75438373e-10
-7.202861246e-10
-8.137153021e-11
-4.911183225e-10
1.006751914e-10
-2.734378551e-10
1.822712129e-10
-7.882504195e-11
1.816780514e-10
7.814113327e-11
1.251108568e-10
1.789734419e-10
4.822723078e-11
2.003868446e-10
1.134786091e-10
-1.533606694e-11
-5.381475879e-11
-1.113196708e-10
6.65070881e-11
-3.218670214e-10
3.271036698e-10
-6.660198077e-10
6.60428949e-10
-1.151612958e-09
1.022941944e-09
-1.77807011e-09
1.385868628e-09
-2.538813642e-09
1.730764512e-09
-3.423251143e-09
2.046461965e-09
-4.418316539e-09
2.32679308e-09
-5.509610259e-09
2.568946231e-09
-6.682205287e-09
2.772295414e-09
-7.921186516e-09
2.937566398e-09
-9.21198434e-09
3.066245193e-09
-1.054055434e-08
3.160163442e-09
-1.189344596e-08
3.221214776e-09
-1.325779483e-08
3.251169508e-09
-1.462126681e-08
3.251564049e-09
-1.597197586e-08
3.223647472e-09
-1.729839333e-08
3.168371807e-09
-1.858926227e-08
3.086415456e-09
-1.9833527e-08
2.97823121e-09
-2.102028542e-08
2.844111813e-09
-2.213876914e-08
2.6842672e-09
-2.31783544e-08
2.49890844e-09
-2.4128605e-08
2.288334136e-09
-2.497934703e-08
2.053015618e-09
-2.572077359e-08
1.793677778e-09
-2.634357687e-08
1.511372743e-09
-2.683910378e-08
1.207543929e-09
-2.719953033e-08
8.840783056e-10
-2.741804957e-08
5.43344918e-10
-2.748906692e-08
1.882179373e-10
-2.740839633e-08
-1.77917308e-10
-2.717345099e-08
-5.511744818e-10
-2.678342196e-08
-9.271930374e-10
-2.623943663e-08
-1.30118673e-09
-2.554468968e-08
-1.668012739e-09
-2.470453974e-08
-2.022258534e-09
-2.37265656e-08
-2.358345514e-09
-2.262057651e-08
-2.670647407e-09
-2.139857226e-08
-2.953620695e-09
-2.007464966e-08
-3.201943717e-09
-1.866485395e-08
-3.410660523e-09
-1.718697456e-08
-3.575325155e-09
-1.566028686e-08
-3.692141813e-09
-1.410524261e-08
-3.758096394e-09
-1.254311377e-08
-3.771075267e-09
-1.099559503e-08
-3.729967865e-09
-9.484371774e-09
-3.634750857e-09
-8.030660033e-09
-3.486553255e-09
-6.654725015e-09
-3.28770403e-09
-5.375383327e-09
-3.041766542e-09
-4.209492099e-09
-2.753567516e-09
-3.171425096e-09
-2.429232535e-09
-2.272532011e-09
-2.076245079e-09
-1.520572694e-09
-1.703552151e-09
-9.191138788e-10
-1.321746277e-09
-4.668731889e-10
-9.433603481e-10
-1.56995325e-10
-5.833170339e-10
2.375280886e-11
-2.595744548e-10
9.587771483e-11
6.014944325e-12
8.816293909e-11
1.866870346e-10
3.903663094e-11
2.495120276e-10
1.525149146e-10
-4.903048041e-11
-4.785202228e-12
-2.281563396e-10
2.456312473e-10
-5.598965348e-10
6.588418091e-10
-1.056621097e-09
1.157151277e-09
-1.72197637e-09
1.688294917e-09
-2.552526931e-09
2.216416875e-09
-3.539453615e-09
2.717688895e-09
-4.670118362e-09
3.177124433e-09
-5.929386136e-09
3.586058598e-09
-7.300672598e-09
3.940230463e-09
-8.766729207e-09
4.238349818e-09
-1.031019744e-08
4.481032448e-09
-1.191397146e-08
4.670017058e-09
-1.356140921e-08
4.807599059e-09
-1.52364289e-08
4.896232363e-09
-1.692352369e-08
4.938262204e-09
-1.860772232e-08
4.935760614e-09
-2.027451927e-08
4.890442383e-09
-2.190979327e-08
4.803643776e-09
-2.349972938e-08
4.67634956e-09
-2.503075649e-08
4.509256339e-09
-2.648950874e-08
4.302862091e-09
-2.786281682e-08
4.057573337e-09
-2.91377329e-08
3.773822593e-09
-3.030159047e-08
3.452189797e-09
-3.134209899e-08
3.093522248e-09
-3.224747142e-08
2.699048335e-09
-3.300658145e-08
2.270480918e-09
-3.36091461e-08
1.810106748e-09
-3.404592834e-08
1.320858736e-09
-3.430895356e-08
8.06368349e-10
-3.439173304e-08
2.709956494e-10
-3.428948701e-08
-2.801650908e-10
-3.399936005e-08
-8.413031678e-10
-3.352062154e-08
-1.405933244e-09
-3.285484245e-08
-1.966967495e-09
-3.200603999e-08
-2.516816859e-09
-3.098078283e-08
-3.047517319e-09
-2.978825017e-08
-3.550879792e-09
-2.844023836e-08
-4.018660808e-09
-2.695111046e-08
-4.442750159e-09
-2.533768486e-08
-4.815370868e-09
-2.361906082e-08
-5.129286093e-09
-2.181638049e-08
-5.378007e-09
-1.995252846e-08
-5.555995349e-09
-1.805177177e-08
-5.658854565e-09
-1.613934497e-08
-5.683503527e-09
-1.424098605e-08
-5.628328239e-09
-1.23824303e-08
-5.493308041e-09
-1.058886987e-08
-5.280115113e-09
-8.884386531e-09
-4.992188763e-09
-7.291365039e-09
-4.634789412e-09
-5.82989261e-09
-4.215041299e-09
-4.517148734e-09
-3.741977743e-09
-3.366786885e-09
-3.226608241e-09
-2.38830775e-09
-2.682032587e-09
-1.586422215e-09
-2.123633108e-09
-9.604026772e-10
-1.569381179e-09
-5.034232167e-10
-1.040297781e-09
-2.018901603e-10
-5.611087422e-10
-3.47605226e-11
-1.611158074e-10
2.718002068e-11
1.247451733e-10
2.226819432e-11
2.544226823e-10
1.747828659e-10
-8.435245064e-11
7.956647714e-11
-3.520568149e-10
5.133336606e-10
-8.131061407e-10
1.119889088e-09
-1.471404739e-09
1.815447743e-09
-2.324764131e-09
2.541652125e-09
-3.365621866e-09
3.257272408e-09
-4.582079916e-09
3.934144741e-09
-5.959011156e-09
4.554053477e-09
-7.479084578e-09
5.106129838e-09
-9.123634572e-09
5.584778293e-09
-1.087334782e-08
5.988060926e-09
-1.270877045e-08
6.316452947e-09
-1.461065398e-08
6.571898486e-09
-1.656016644e-08
6.757109441e-09
-1.853899694e-08
6.875060804e-09
-2.052938156e-08
6.928644788e-09
-2.251407602e-08
6.920453048e-09
-2.447629734e-08
6.852661705e-09
-2.63996536e-08
6.726998055e-09
-2.826807708e-08
6.544771087e-09
-3.00657732e-08
6.306950519e-09
-3.177719424e-08
6.014281205e-09
-3.338704435e-08
5.66742154e-09
-3.488031963e-08
5.267095994e-09
-3.624238496e-08
4.814253261e-09
-3.745908715e-08
4.310222592e-09
-3.851690253e-08
3.756861892e-09
-3.940311541e-08
3.156691991e-09
-4.010602266e-08
2.513012217e-09
-4.061515875e-08
1.829993056e-09
-4.092153442e-08
1.112742283e-09
-4.101788187e-08
3.673413697e-10
-4.089889821e-08
-3.991504471e-10
-4.056147974e-08
-1.17872331e-09
-4.000493899e-08
-1.962475645e-09
-3.923119582e-08
-2.740712298e-09
-3.824493327e-08
-3.503081009e-09
-3.705371055e-08
-4.238741624e-09
-3.566802565e-08
-4.936566246e-09
-3.410132129e-08
-5.585366708e-09
-3.236992847e-08
-6.174144497e-09
-3.049294363e-08
-6.692357207e-09
-2.849203657e-08
-7.130194628e-09
-2.639118816e-08
-7.478856867e-09
-2.421635852e-08
-7.730826437e-09
-2.199508827e-08
-7.880126242e-09
-1.975603732e-08
-7.922555894e-09
-1.752846714e-08
-7.855899827e-09
-1.534167411e-08
-7.680102449e-09
-1.322438259e-08
-7.397408004e-09
-1.12041067e-08
-7.012465996e-09
-9.306490489e-09
-6.53240695e-09
-7.554635221e-09
-5.966897871e-09
-5.968422332e-09
-5.328191914e-09
-4.563839535e-09
-4.631192302e-09
-3.352317273e-09
-3.893556102e-09
-2.340083098e-09
-3.13586853e-09
-1.527543243e-09
-2.381922282e-09
-9.087030595e-10
-1.659139188e-09
-4.706391092e-10
-9.991738815e-10
-1.930325107e-10
-4.387236317e-10
-4.776154386e-11
-2.052686524e-11
1.50793752e-12
2.051521687e-10
1.762904876e-10
-1.196710155e-10
1.992363424e-10
-4.775763229e-10
8.712371576e-10
-1.071298588e-09
1.713609373e-09
-1.895501293e-09
2.639648391e-09
-2.941165747e-09
3.587314486e-09
-4.195677975e-09
4.511782525e-09
-5.643337979e-09
5.381802629e-09
-7.266048704e-09
6.176762087e-09
-9.04403293e-09
6.884111959e-09
-1.095648704e-08
7.49723031e-09
-1.298212465e-08
8.013696458e-09
-1.509959341e-08
8.433919644e-09
-1.728776763e-08
8.760070658e-09
-1.95259306e-08
8.995270389e-09
-2.179386635e-08
9.142994547e-09
-2.407188248e-08
9.206658933e-09
-2.634078577e-08
9.189354375e-09
-2.858183044e-08
9.093704431e-09
-3.077665667e-08
8.921822355e-09
-3.290723415e-08
8.675346653e-09
-3.495582259e-08
8.355537069e-09
-3.690495821e-08
7.963414952e-09
-3.873747246e-08
7.499933944e-09
-4.043654691e-08
6.966168604e-09
-4.198580565e-08
6.363510196e-09
-4.336944508e-08
5.693860221e-09
-4.457239849e-08
4.959813527e-09
-4.558053217e-08
4.164823923e-09
-4.638086783e-08
3.313346142e-09
-4.696182539e-08
2.4109489e-09
-4.731347936e-08
1.464394563e-09
-4.742782116e-08
4.816814953e-10
-4.729901918e-08
-5.279540723e-10
-4.692366847e-08
-1.554075637e-09
-4.630102215e-08
-2.585123564e-09
-4.543319582e-08
-3.608540209e-09
-4.432533504e-08
-4.610943337e-09
-4.298573793e-08
-5.578340261e-09
-4.142592497e-08
-6.496380714e-09
-3.966064903e-08
-7.350644135e-09
-3.770783945e-08
-8.126955534e-09
-3.55884753e-08
-8.811722804e-09
-3.332638421e-08
-9.392287142e-09
-3.094796517e-08
-9.857277312e-09
-2.848183519e-08
-1.019695781e-08
-2.595840191e-08
-1.040356089e-08
-2.340936632e-08
-1.047159285e-08
-2.086716149e-08
-1.0398106e-08
-1.836433554e-08
-1.018292972e-08
-1.593288819e-08
-9.82885667e-09
-1.360357185e-08
-9.341783619e-09
-1.140516924e-08
-8.730810838e-09
-9.363759634e-09
-8.00830872e-09
-7.501986965e-09
-7.18996581e-09
-5.838342602e-09
-6.294837875e-09
-4.386476951e-09
-5.345422952e-09
-3.154555025e-09
-4.36779165e-09
-2.144673486e-09
-3.391805014e-09
-1.352359515e-09
-2.451454347e-09
-7.661744161e-10
-1.585360113e-09
-3.674470812e-10
-8.374519537e-10
-1.301681592e-10
-2.578070341e-10
-2.107893136e-11
9.606183814e-11
1.552113467e-10
-1.542153229e-10
3.53450772e-10
-6.017741387e-10
1.318793915e-09
-1.328491514e-09
2.440324737e-09
-2.319637587e-09
3.630792452e-09
-3.558862424e-09
4.826537298e-09
-5.027904375e-09
5.980822444e-09
-6.706715796e-09
7.060612013e-09
-8.5738083e-09
8.043852556e-09
-1.060668658e-08
8.916988203e-09
-1.278228231e-08
9.672824021e-09
-1.507733487e-08
1.030874701e-08
-1.746869222e-08
1.0825275e-08
-1.993352444e-08
1.12249009e-08
-2.244945445e-08
1.151119844e-08
-2.499461809e-08
1.168815625e-08
-2.754766951e-08
1.175970842e-08
-3.008774902e-08
1.172943198e-08
-3.25944305e-08
1.160038402e-08
-3.504766362e-08
1.137505361e-08
-3.742772445e-08
1.105540563e-08
-3.971518514e-08
1.064299593e-08
-4.189091128e-08
1.013913927e-08
-4.393609259e-08
9.545113462e-09
-4.583231062e-08
8.862384855e-09
-4.756164453e-08
8.092842352e-09
-4.910681456e-08
7.239028508e-09
-5.045136064e-08
6.304357891e-09
-5.157985257e-08
5.293314156e-09
-5.247812658e-08
4.211618482e-09
-5.313354242e-08
3.066363081e-09
-5.353525395e-08
1.866104453e-09
-5.367448584e-08
6.209117767e-10
-5.354480819e-08
-6.576333126e-10
-5.314240042e-08
-1.95648498e-09
-5.246629691e-08
-3.261228607e-09
-5.151860621e-08
-4.556232427e-09
-5.030469284e-08
-5.824858202e-09
-4.883331369e-08
-7.04972088e-09
-4.711670057e-08
-8.212995277e-09
-4.517058119e-08
-9.296764946e-09
-4.301413152e-08
-1.02834066e-08
-4.066985385e-08
-1.115600186e-08
-3.816337575e-08
-1.189876661e-08
-3.552316729e-08
-1.249748712e-08
-3.278017555e-08
-1.293995087e-08
-2.996737763e-08
-1.321636013e-08
-2.711925566e-08
-1.331971611e-08
-2.427120004e-08
-1.32461629e-08
-2.145884896e-08
-1.299528206e-08
-1.871737511e-08
-1.257033177e-08
-1.6080732e-08
-1.197842795e-08
-1.358087457e-08
-1.123066948e-08
-1.124696976e-08
-1.034221472e-08
-9.104614369e-09
-9.332322371e-09
-7.175078472e-09
-8.224374922e-09
-5.47459421e-09
-7.045908352e-09
-4.013711395e-09
-5.828675603e-09
-2.796743926e-09
-4.608773619e-09
-1.821334154e-09
-3.426865228e-09
-1.078166554e-09
-2.328528792e-09
-5.508687395e-10
-1.364750915e-09
-2.161518522e-10
-5.925248596e-10
-4.427645071e-11
-7.581447884e-11
1.109345965e-10
-1.876540383e-10
5.411035899e-10
-7.231174038e-10
1.854255476e-09
-1.581245802e-09
3.298451215e-09
-2.738108748e-09
4.787653451e-09
-4.169866547e-09
6.258293142e-09
-5.852286202e-09
7.66324014e-09
-7.760611279e-09
8.96893513e-09
-9.869642882e-09
1.01528822e-08
-1.215393186e-08
1.120127523e-08
-1.458800774e-08
1.210689795e-08
-1.714659435e-08
1.286733168e-08
-1.980478349e-08
1.348346222e-08
-2.253815376e-08
1.395826927e-08
-2.532283356e-08
1.429587634e-08
-2.81355145e-08
1.450083531e-08
-3.095342644e-08
1.45776185e-08
-3.375428717e-08
1.453029087e-08
-3.65162406e-08
1.436233562e-08
-3.921779628e-08
1.407660748e-08
-4.183778191e-08
1.367538947e-08
-4.435531821e-08
1.316053045e-08
-4.674982359e-08
1.25336429e-08
-4.900105367e-08
1.179634181e-08
-5.108917853e-08
1.0950508e-08
-5.29948987e-08
9.998560829e-09
-5.469959896e-08
8.943727091e-09
-5.618553751e-08
7.790294791e-09
-5.74360668e-08
6.543841806e-09
-5.843588095e-08
5.211431016e-09
-5.917128411e-08
3.801764651e-09
-5.963047298e-08
2.325291746e-09
-5.980382621e-08
7.942634557e-10
-5.968419286e-08
-7.772681815e-10
-5.926717105e-08
-2.373508301e-09
-5.855136935e-08
-3.977031779e-09
-5.753864392e-08
-5.568959316e-09
-5.623429925e-08
-7.129204298e-09
-5.464724438e-08
-8.636777158e-09
-5.279009534e-08
-1.007014569e-08
-5.067921546e-08
-1.140764619e-08
-4.833468518e-08
-1.262793821e-08
-4.578019456e-08
-1.37104938e-08
-4.304285222e-08
-1.463611024e-08
-4.015290681e-08
-1.538743381e-08
-3.714337845e-08
-1.59494805e-08
-3.404960048e-08
-1.631013934e-08
-3.090867434e-08
-1.646064349e-08
-2.775884309e-08
-1.639599536e-08
-2.46387925e-08
-1.611533384e-08
-2.158689124e-08
-1.562223421e-08
-1.864038467e-08
-1.492493568e-08
-1.583455942e-08
-1.403649587e-08
-1.320189798e-08
-1.297487727e-08
-1.077124487e-08
-1.176297658e-08
-8.56700735e-09
-1.042861353e-08
-6.608415638e-09
-9.004501138e-09
-4.908869428e-09
-7.528222882e-09
-3.47539962e-09
-6.042244494e-09
-2.308277506e-09
-4.593988408e-09
-1.400808248e-09
-3.235999062e-09
-7.393536378e-10
-2.026206367e-09
-3.036456108e-10
-1.028234037e-09
-6.748540988e-11
-3.119756907e-10
4.344901497e-11
-2.19867139e-10
7.609698661e-10
-8.408390069e-10
2.475225321e-09
-1.827612919e-09
4.285223199e-09
-3.147422299e-09
6.107460932e-09
-4.769000564e-09
7.879869519e-09
-6.662027199e-09
9.556264892e-09
-8.796840164e-09
1.110374621e-08
-1.114432327e-08
1.250036343e-08
-1.367590158e-08
1.373285167e-08
-1.636358912e-08
1.479458362e-08
-1.918004816e-08
1.568378887e-08
-2.209863421e-08
1.640204642e-08
-2.509341305e-08
1.695304627e-08
-2.813914586e-08
1.734160733e-08
-3.121124533e-08
1.757293299e-08
-3.428570992e-08
1.76520813e-08
-3.7339046e-08
1.758362519e-08
-4.03481888e-08
1.737147667e-08
-4.329043231e-08
1.701884926e-08
-4.614337782e-08
1.652833326e-08
-4.888490886e-08
1.59020598e-08
-5.149319862e-08
1.514193099e-08
-5.394675398e-08
1.424989551e-08
-5.622449838e-08
1.322825076e-08
-5.830589397e-08
1.20799548e-08
-6.017110196e-08
1.080893347e-08
-6.180117857e-08
9.420369821e-09
-6.317830304e-08
7.920964706e-09
-6.428603282e-08
6.319159261e-09
-6.510958071e-08
4.625311015e-09
-6.56361074e-08
2.851816929e-09
-6.585502288e-08
1.013177462e-09
-6.575828908e-08
-8.740034461e-10
-6.534071468e-08
-2.79108413e-09
-6.460023526e-08
-4.717512603e-09
-6.353817263e-08
-6.631023332e-09
-6.215946053e-08
-8.507917758e-09
-6.047282787e-08
-1.032341115e-08
-5.849092978e-08
-1.205204509e-08
-5.623041668e-08
-1.366816058e-08
-5.371193201e-08
-1.514642415e-08
-5.096002981e-08
-1.646239724e-08
-4.80030045e-08
-1.759313678e-08
-4.487262668e-08
-1.851781283e-08
-4.160378118e-08
-1.921832719e-08
-3.82340058e-08
-1.967991589e-08
-3.480293261e-08
-1.989171783e-08
-3.135163694e-08
-1.984729218e-08
-2.792190284e-08
-1.954506906e-08
-2.455541784e-08
-1.898872031e-08
-2.129291313e-08
-1.818744148e-08
-1.817326904e-08
-1.715614103e-08
-1.523260873e-08
-1.591553862e-08
-1.250340556e-08
-1.449218077e-08
-1.00136318e-08
-1.29183883e-08
-7.785978428e-09
-1.123215551e-08
-5.837177068e-09
-9.477025241e-09
-4.177457199e-09
-7.701965362e-09
-2.810173987e-09
-5.961272591e-09
-1.731646114e-09
-4.31452788e-09
-9.312497997e-10
-2.826603725e-09
-3.918276274e-10
-1.567656995e-09
-9.049862503e-11
-6.133054721e-10
-4.70498865e-11
-2.508298131e-10
1.011798486e-09
-9.545693591e-10
3.178963184e-09
-2.066486743e-09
5.397138784e-09
-3.545413518e-09
7.586385893e-09
-5.352853843e-09
9.687308035e-09
-7.4524328e-09
1.165584204e-08
-9.809520351e-09
1.346083196e-08
-1.239098159e-08
1.508182287e-08
-1.516501619e-08
1.650688448e-08
-1.810105116e-08
1.773061681e-08
-2.116965787e-08
1.87523938e-08
-2.434247334e-08
1.957486013e-08
-2.759211441e-08
2.020268559e-08
-3.089208017e-08
2.064157136e-08
-3.421664375e-08
2.089749485e-08
-3.754073819e-08
2.097617404e-08
-4.08398435e-08
2.088272881e-08
-4.408988298e-08
2.062151448e-08
-4.726713689e-08
2.019610152e-08
-5.034818095e-08
1.960937568e-08
-5.330985567e-08
1.886373291e-08
-5.612927144e-08
1.796134516e-08
-5.878385211e-08
1.69044746e-08
-6.125141882e-08
1.569581591e-08
-6.351031384e-08
1.433884828e-08
-6.553956319e-08
1.28381813e-08
-6.731907543e-08
1.119988055e-08
-6.882987318e-08
9.431760977e-09
-7.005435316e-08
7.543637775e-09
-7.097656957e-08
5.547525981e-09
-7.158253541e-08
3.457781341e-09
-7.186053542e-08
1.291176074e-09
-7.180144377e-08
-9.330964774e-10
-7.139903748e-08
-3.193491771e-09
-7.06502986e-08
-5.466252817e-09
-6.955570111e-08
-7.725622126e-09
-6.811946834e-08
-9.944151805e-09
-6.634979152e-08
-1.209308923e-08
-6.425899889e-08
-1.414283895e-08
-6.186366437e-08
-1.606349631e-08
-5.918464447e-08
-1.782544524e-08
-5.624703286e-08
-1.940001001e-08
-5.308002257e-08
-2.076014821e-08
-4.971666755e-08
-2.188116898e-08
-4.619353731e-08
-2.274145853e-08
-4.255026144e-08
-2.332319286e-08
-3.882896407e-08
-2.361301627e-08
-3.507359273e-08
-2.360266458e-08
-3.132915017e-08
-2.328951266e-08
-2.764084279e-08
-2.267702872e-08
-2.405316353e-08
-2.177512174e-08
-2.060893202e-08
-2.060037352e-08
-1.734831815e-08
-1.917615345e-08
-1.430787899e-08
-1.753262088e-08
-1.151964123e-08
-1.570662698e-08
-9.010263359e-09
-1.374153431e-08
-6.800312747e-09
-1.168697677e-08
-4.903694137e-09
-9.598584888e-09
-3.327266599e-09
-7.537701048e-09
-2.070688257e-09
-5.571107089e-09
-1.126531751e-09
-3.770760908e-09
-4.807218544e-10
-2.21346792e-09
-1.133582582e-10
-9.806699643e-10
-1.604082745e-10
-2.805503438e-10
1.292348063e-09
-1.064126844e-09
3.962537783e-09
-2.297207524e-09
6.630217674e-09
-3.930673792e-09
9.219850412e-09
-5.919075842e-09
1.167570835e-08
-8.22012072e-09
1.39568852e-08
-1.079425233e-08
1.603496186e-08
-1.360430623e-08
1.789187507e-08
-1.661522719e-08
1.951780373e-08
-1.979383166e-08
2.090921959e-08
-2.310859851e-08
2.206715897e-08
-2.652947527e-08
2.299573523e-08
-3.002769235e-08
2.3700901e-08
-3.357558167e-08
2.418945904e-08
-3.714640065e-08
2.446831219e-08
-4.071416451e-08
2.454393628e-08
-4.425349236e-08
2.442205507e-08
-4.773947289e-08
2.410749342e-08
-5.11475557e-08
2.360418277e-08
-5.445347387e-08
2.29152923e-08
-5.76332021e-08
2.204345962e-08
-6.06629539e-08
2.099109545e-08
-6.351921959e-08
1.97607388e-08
-6.617884599e-08
1.835544083e-08
-6.861915714e-08
1.677915798e-08
-7.081811461e-08
1.503713733e-08
-7.275451486e-08
1.313627939e-08
-7.440822067e-08
1.108546539e-08
-7.576042268e-08
8.895838404e-09
-7.679392685e-08
6.581028797e-09
-7.749346305e-08
4.157316202e-09
-7.784600933e-08
1.643721045e-09
-7.784112573e-08
-9.379813715e-10
-7.747128893e-08
-3.563329849e-09
-7.673222018e-08
-6.205322811e-09
-7.562320542e-08
-8.834638104e-09
-7.414739154e-08
-1.141996688e-08
-7.231204914e-08
-1.39284328e-08
-7.012879002e-08
-1.632609921e-08
-6.761372687e-08
-1.857856059e-08
-6.478756182e-08
-2.065161139e-08
-6.16755909e-08
-2.251198201e-08
-5.830761165e-08
-2.412812852e-08
-5.47177228e-08
-2.547105887e-08
-5.094400696e-08
-2.651517539e-08
-4.702809053e-08
-2.72391103e-08
-4.301457881e-08
-2.762652898e-08
-3.895036936e-08
-2.7666875e-08
-3.488385176e-08
-2.735603121e-08
-3.086400772e-08
-2.66968737e-08
-2.693943138e-08
-2.5699699e-08
-2.31572949e-08
-2.43825109e-08
-1.956228963e-08
-2.27711596e-08
-1.619557683e-08
-2.089933454e-08
-1.309378519e-08
-1.880841946e-08
-1.028809385e-08
-1.654722648e-08
-7.803440457e-09
-1.4171631e-08
-5.657893357e-09
-1.174413282e-08
-3.862226405e-09
-9.333368807e-09
-2.419733876e-09
-7.013600406e-09
-1.326323178e-09
-4.864172521e-09
-5.70925102e-10
-2.96886661e-09
-1.362645196e-10
-1.41533117e-09
-2.966730407e-10
-3.090411575e-10
1.601388093e-09
-1.169398933e-09
4.822894053e-09
-2.519321796e-09
7.980138907e-09
-4.302185261e-09
1.100271223e-08
-6.465903614e-09
1.383942507e-08
-8.962471952e-09
1.645345191e-08
-1.174752829e-08
1.882001658e-08
-1.477994184e-08
2.0924287e-08
-1.802143505e-08
2.275929534e-08
-2.143623744e-08
2.432402038e-08
-2.499076561e-08
2.562168555e-08
-2.86533247e-08
2.665829275e-08
-3.239382794e-08
2.744140268e-08
-3.618353333e-08
2.797916288e-08
-3.999479857e-08
2.82795759e-08
-4.380085707e-08
2.834999326e-08
-4.757561883e-08
2.819681533e-08
-5.129350068e-08
2.782537379e-08
-5.492929008e-08
2.72399707e-08
-5.84580463e-08
2.644404708e-08
-6.185504199e-08
2.544045388e-08
-6.509574701e-08
2.423179905e-08
-6.815585553e-08
2.282084592e-08
-7.101135632e-08
2.121094025e-08
-7.363864537e-08
1.940644567e-08
-7.601467905e-08
1.741316967e-08
-7.811716568e-08
1.52387647e-08
-7.992479281e-08
1.289309122e-08
-8.141748703e-08
1.038853134e-08
-8.25767029e-08
7.740243413e-09
-8.338573724e-08
4.966349296e-09
-8.383006426e-08
2.088046849e-09
-8.389768637e-08
-8.703604616e-10
-8.357949268e-08
-3.881524717e-09
-8.286961637e-08
-6.915200278e-09
-8.176579317e-08
-9.938462425e-09
-8.026970394e-08
-1.291605721e-08
-7.83872906e-08
-1.581084722e-08
-7.612903268e-08
-1.858435818e-08
-7.351017015e-08
-2.119742414e-08
-7.055085696e-08
-2.361092558e-08
-6.727622938e-08
-2.578661059e-08
-6.37163734e-08
-2.768798547e-08
-5.990617658e-08
-2.928125663e-08
-5.588505181e-08
-3.053630108e-08
-5.169652386e-08
-3.142763916e-08
-4.738767404e-08
-3.19353797e-08
-4.300844377e-08
-3.204610615e-08
-3.861080422e-08
-3.175367161e-08
-3.424780613e-08
-3.105987263e-08
-2.997253081e-08
-2.997497515e-08
-2.58369704e-08
-2.85180721e-08
-2.189087142e-08
-2.671725937e-08
-1.818058028e-08
-2.460962644e-08
-1.474793342e-08
-2.224106707e-08
-1.162923589e-08
-1.966592475e-08
-8.854372535e-09
-1.69464951e-08
-6.446094078e-09
-1.415241202e-08
-4.419517613e-09
-1.135994602e-08
-2.781876897e-09
-8.65124182e-09
-1.532553976e-09
-6.113495935e-09
-6.634223704e-10
-3.837999093e-09
-1.595197111e-10
-1.919234587e-09
-4.561928361e-10
-3.363020203e-10
1.937689467e-09
-1.270276716e-09
5.756867013e-09
-2.732439801e-09
9.442300381e-09
-4.659091712e-09
1.292936257e-08
-6.991852089e-09
1.61721839e-08
-9.677256882e-09
1.913885518e-08
-1.266631587e-08
2.180907405e-08
-1.591405322e-08
2.417202284e-08
-1.937905386e-08
2.622429448e-08
-2.302302633e-08
2.796799135e-08
-2.681038655e-08
2.940904429e-08
-3.070786484e-08
3.055576957e-08
-3.468413756e-08
3.141767396e-08
-3.87094853e-08
3.200450917e-08
-4.275547966e-08
3.232556884e-08
-4.679470175e-08
3.238921394e-08
-5.080049532e-08
3.220260751e-08
-5.474675788e-08
3.177163498e-08
-5.860777268e-08
3.110098414e-08
-6.235808375e-08
3.019435681e-08
-6.59724158e-08
2.90547846e-08
-6.942563956e-08
2.76850215e-08
-7.269278268e-08
2.608798776e-08
-7.574908548e-08
2.426724178e-08
-7.857010022e-08
2.222745916e-08
-8.113183231e-08
1.997490052e-08
-8.34109214e-08
1.751785258e-08
-8.538486033e-08
1.486702897e-08
-8.703224963e-08
1.203591946e-08
-8.833308499e-08
9.041077615e-09
-8.926907517e-08
5.902338332e-09
-8.98239871e-08
2.64295767e-09
-8.998401392e-08
-7.103347429e-10
-8.97381597e-08
-4.127380014e-09
-8.907862931e-08
-7.574731719e-09
-8.800122981e-08
-1.101586295e-08
-8.650576623e-08
-1.441152179e-08
-8.459641961e-08
-1.772019482e-08
-8.22820933e-08
-2.089868544e-08
-7.95767114e-08
-2.390280697e-08
-7.649945127e-08
-2.668818662e-08
-7.307489105e-08
-2.92111717e-08
-6.933305271e-08
-3.142982468e-08
-6.530932202e-08
-3.330498817e-08
-6.10442285e-08
-3.480139543e-08
-5.658307227e-08
-3.588879619e-08
-5.197538928e-08
-3.654306349e-08
-4.72742527e-08
-3.67472435e-08
-4.253541599e-08
-3.649250908e-08
-3.781631081e-08
-3.577897855e-08
-3.317492223e-08
-3.461636445e-08
-2.866857167e-08
-3.302442336e-08
-2.435264548e-08
-3.103318624e-08
-2.027931358e-08
-2.868295901e-08
-1.649628631e-08
-2.602409499e-08
-1.304565978e-08
-2.311655193e-08
-9.962899188e-09
-2.002925634e-08
-7.276006646e-09
-1.683930521e-08
-5.004914674e-09
-1.363103861e-08
-3.161139382e-09
-1.049501772e-08
-1.747719546e-09
-7.526916532e-09
-7.594614173e-10
-4.826257646e-09
-1.8349122e-10
-2.495205234e-09
-6.39684266e-10
-3.623154118e-10
2.300003835e-09
-1.366619944e-09
6.761170249e-09
-2.936153398e-09
1.101183241e-08
-5.000559138e-09
1.499376687e-08
-7.495516943e-09
1.866714027e-08
-1.036238819e-08
2.2005725e-08
-1.354777382e-08
2.499445827e-08
-1.70030188e-08
2.762726642e-08
-2.06836972e-08
2.990497148e-08
-2.454909838e-08
3.183339115e-08
-2.856172719e-08
3.342167174e-08
-3.26868266e-08
3.468086762e-08
-3.689192876e-08
3.562277477e-08
-4.11464392e-08
3.625901828e-08
-4.542125781e-08
3.660038614e-08
-4.968843995e-08
3.665639479e-08
-5.392090061e-08
3.643506688e-08
-5.809216385e-08
3.594289696e-08
-6.217615953e-08
3.518497858e-08
-6.614706825e-08
3.41652643e-08
-6.997921495e-08
3.288693009e-08
-7.364701102e-08
3.135281638e-08
-7.712494398e-08
2.956591954e-08
-8.038761352e-08
2.752991017e-08
-8.340981243e-08
2.524965694e-08
-8.616665079e-08
2.273173777e-08
-8.863372187e-08
1.998492257e-08
-9.078730835e-08
1.702061436e-08
-9.260462736e-08
1.385323741e-08
-9.406411328e-08
1.050056249e-08
-9.514573652e-08
6.983960545e-09
-9.583135682e-08
3.328576969e-09
-9.610510787e-08
-4.365846808e-10
-9.595380975e-08
-4.2786791e-09
-9.53673941e-08
-8.161148306e-09
-9.433935093e-08
-1.204390704e-08
-9.28671841e-08
-1.588368951e-08
-9.095285964e-08
-1.963452015e-08
-8.860323214e-08
-2.324831379e-08
-8.583043125e-08
-2.667560867e-08
-8.265218777e-08
-2.98664309e-08
-7.909207656e-08
-3.277128369e-08
-7.517965288e-08
-3.534224911e-08
-7.095045846e-08
-3.753418334e-08
-6.644587557e-08
-3.930597904e-08
-6.171281071e-08
-4.062186176e-08
-5.680319443e-08
-4.145268045e-08
-5.177329128e-08
-4.177714731e-08
-4.668282195e-08
-4.158297906e-08
-4.159390994e-08
-4.08678912e-08
-3.656987503e-08
-3.964039996e-08
-3.167390671e-08
-3.792039229e-08
-2.696765942e-08
-3.57394341e-08
-2.25098201e-08
-3.314079888e-08
-1.835470299e-08
-3.017921266e-08
-1.455092937e-08
-2.692032609e-08
-1.114024894e-08
-2.343993731e-08
-8.156554661e-09
-1.982300003e-08
-5.625135817e-09
-1.6162458e-08
-3.562203015e-09
-1.255795103e-08
-1.974707388e-09
-9.114412452e-09
-8.604679599e-10
-5.940497776e-09
-2.085891769e-10
-3.147084614e-09
-8.482734783e-10
-3.870424501e-10
2.687045772e-09
-1.45824109e-09
7.83236735e-09
-3.129992742e-09
1.268358266e-08
-5.325696152e-09
1.718946893e-08
-7.97545588e-09
2.131689867e-08
-1.101576574e-08
2.504603355e-08
-1.438906746e-08
2.836775869e-08
-1.804322595e-08
3.128142362e-08
-2.19309634e-08
3.379270765e-08
-2.600928049e-08
3.591170698e-08
-3.023888393e-08
3.765127393e-08
-3.458363418e-08
3.902561664e-08
-3.901002341e-08
4.004916279e-08
-4.348669095e-08
4.073568462e-08
-4.798398154e-08
4.109767553e-08
-5.247355048e-08
4.114596256e-08
-5.692801849e-08
4.088953373e-08
-6.132067802e-08
4.033555535e-08
-6.562525215e-08
3.948955159e-08
-6.981570605e-08
3.835571709e-08
-7.386611051e-08
3.693733347e-08
-7.775055636e-08
3.523726116e-08
-8.144311827e-08
3.32584804e-08
-8.491786627e-08
3.100465714e-08
-8.814892335e-08
2.848071301e-08
-9.111056771e-08
2.569338113e-08
-9.377737854e-08
2.265173242e-08
-9.612442479e-08
1.936765966e-08
-9.812749653e-08
1.585630821e-08
-9.976337883e-08
1.213644387e-08
-1.010101683e-07
8.230749061e-09
-1.018476313e-07
4.166039123e-09
-1.022576045e-07
-2.661230741e-11
-1.022244323e-07
-4.311852205e-09
-1.017354333e-07
-8.650148143e-09
-1.007813899e-07
-1.299795119e-08
-9.935707021e-08
-1.730800998e-08
-9.746175312e-08
-2.152983799e-08
-9.509974445e-08
-2.561032319e-08
-9.228086357e-08
-2.949449025e-08
-8.902087773e-08
-3.312641743e-08
-8.534185758e-08
-3.645030451e-08
-8.127242585e-08
-3.941168149e-08
-7.684787015e-08
-4.195873966e-08
-7.211009211e-08
-4.404375769e-08
-6.71073679e-08
-4.562458656e-08
-6.189390092e-08
-4.666614799e-08
-5.652915467e-08
-4.714189412e-08
-5.107696375e-08
-4.703517052e-08
-4.560443252e-08
-4.634042295e-08
-4.018064331e-08
-4.506418967e-08
-3.487520883e-08
-4.322582725e-08
-2.975671537e-08
-4.085792803e-08
-2.489111322e-08
-3.800640148e-08
-2.034011785e-08
-3.473020848e-08
-1.615968841e-08
-3.110075596e-08
-1.239864918e-08
-2.720097697e-08
-9.097513938e-09
-2.312413571e-08
-6.287563122e-09
-1.897240923e-08
-3.990210101e-09
-1.485530445e-08
-2.216676924e-09
-1.088794621e-08
-9.67987606e-10
-7.189187311e-09
-2.352506132e-10
-3.879821866e-09
-1.083524258e-09
-4.104255575e-10
3.09747039e-09
-1.544900141e-09
8.966840875e-09
-3.313407439e-09
1.445208875e-08
-5.633514559e-09
1.950957483e-08
-8.430124934e-09
2.411350784e-08
-1.163518868e-08
2.82510961e-08
-1.518725985e-08
3.191982869e-08
-1.90309466e-08
3.51251092e-08
-2.311630218e-08
3.787806209e-08
-2.739819067e-08
4.019359433e-08
-3.183565154e-08
4.208873368e-08
-3.639128143e-08
4.358124542e-08
-4.103064626e-08
4.468852652e-08
-4.572173357e-08
4.542677084e-08
-5.043445189e-08
4.58103928e-08
-5.51401821e-08
4.585169173e-08
-5.981138354e-08
4.556073414e-08
-6.442125656e-08
4.494542736e-08
-6.89434619e-08
4.401175594e-08
-7.335189606e-08
4.276415029e-08
-7.762052146e-08
4.120595791e-08
-8.172324936e-08
3.933998813e-08
-8.563387361e-08
3.716910373e-08
-8.932605311e-08
3.469683574e-08
-9.277334136e-08
3.192800039e-08
-9.594926189e-08
2.88693008e-08
-9.882742904e-08
2.552989872e-08
-1.013817143e-07
2.192194411e-08
-1.035864592e-07
1.806105227e-08
-1.054167355e-07
1.396671944e-08
-1.068486555e-07
9.66266828e-09
-1.078597315e-07
5.177114295e-09
-1.084292878e-07
5.429432479e-10
-1.085389224e-07
-4.20221832e-09
-1.081730143e-07
-9.016056946e-09
-1.073192558e-07
-1.385171032e-08
-1.059692434e-07
-1.865802302e-08
-1.041190852e-07
-2.337999678e-08
-1.017700146e-07
-2.795939444e-08
-9.892898794e-08
-3.233551751e-08
-9.560924181e-08
-3.644616412e-08
-9.183077879e-08
-4.022876808e-08
-8.762074908e-08
-4.362171172e-08
-8.301369307e-08
-4.656579618e-08
-7.805160972e-08
-4.900584153e-08
-7.278381861e-08
-5.089237814e-08
-6.726658825e-08
-5.218337881e-08
-6.156251162e-08
-5.284597119e-08
-5.573962069e-08
-5.285806186e-08
-4.987024501e-08
-5.220979904e-08
-4.402963429e-08
-5.090480078e-08
-3.829438075e-08
-4.896108116e-08
-3.274069184e-08
-4.641161729e-08
-2.744257674e-08
-4.330451692e-08
-2.247001966e-08
-3.970276589e-08
-1.788721773e-08
-3.568355822e-08
-1.375096068e-08
-3.133723434e-08
-1.010922288e-08
-2.676587383e-08
-7.000026495e-09
-2.208160595e-08
-4.450616727e-09
-1.740471452e-08
-2.476970644e-09
-1.286159237e-08
-1.08364667e-09
-8.582511788e-09
-2.639310163e-10
-4.699537936e-09
-1.347455258e-09
-4.323882563e-10
3.529858279e-09
-1.626307152e-09
1.016075846e-08
-3.48576454e-09
1.631154498e-08
-5.922917972e-09
2.194672715e-08
-8.857854409e-09
2.704844319e-08
-1.221831758e-08
3.16115582e-08
-1.593926121e-08
3.564077128e-08
-1.996227689e-08
3.914812385e-08
-2.423494843e-08
4.215073261e-08
-2.871017036e-08
4.466881525e-08
-3.334545846e-08
4.672402079e-08
-3.81022738e-08
4.833805978e-08
-4.294537637e-08
4.953162814e-08
-4.784222016e-08
5.032361369e-08
-5.276239797e-08
5.073056968e-08
-5.767714163e-08
5.076643448e-08
-6.255888082e-08
5.044247244e-08
-6.738086199e-08
4.976740766e-08
-7.211682712e-08
4.874772021e-08
-7.674075121e-08
4.738807355e-08
-8.122663642e-08
4.569184231e-08
-8.554836035e-08
4.366171126e-08
-8.967957598e-08
4.130031858e-08
-9.359366105e-08
3.861092006e-08
-9.726371515e-08
3.559805375e-08
-1.006626036e-07
3.226818854e-08
-1.037630484e-07
2.863034286e-08
-1.065377672e-07
2.469666219e-08
-1.08959662e-07
2.048294635e-08
-1.11002061e-07
1.600911787e-08
-1.126390168e-07
1.129962337e-08
-1.138456622e-07
6.383759147e-09
-1.145986302e-07
1.29591065e-09
-1.148765349e-07
-3.924314212e-09
-1.146605129e-07
-9.232079573e-09
-1.139348037e-07
-1.457742003e-08
-1.126874063e-07
-1.990542094e-08
-1.109107716e-07
-2.515663197e-08
-1.086025194e-07
-3.026764711e-08
-1.057661573e-07
-3.517188007e-08
-1.024117738e-07
-3.980054805e-08
-9.855667228e-08
-4.408387003e-08
-9.422590726e-08
-4.795247714e-08
-8.945268208e-08
-5.133902174e-08
-8.427856454e-08
-5.417995943e-08
-7.875347961e-08
-5.641746343e-08
-7.29354421e-08
-5.800141665e-08
-6.689000104e-08
-5.889141258e-08
-6.068937873e-08
-5.905868447e-08
-5.441130332e-08
-5.848787473e-08
-4.813755075e-08
-5.717855362e-08
-4.195223155e-08
-5.514640061e-08
-3.59398765e-08
-5.242397257e-08
-3.018339215e-08
-4.90610015e-08
-2.476196993e-08
-4.512418832e-08
-1.974904033e-08
-4.069648803e-08
-1.52103638e-08
-3.587591107e-08
-1.120234377e-08
-3.077389408e-08
-7.770632583e-09
-2.551331732e-08
-4.949080449e-09
-2.022626684e-08
-2.759053147e-09
-1.505162006e-08
-1.209125007e-09
-1.013243993e-08
-2.950973077e-10
-5.61356569e-09
-1.642552683e-09
-4.528404803e-10
3.982697943e-09
-1.702129023e-09
1.141004621e-08
-3.646357637e-09
1.825577266e-08
-6.192710205e-09
2.449307877e-08
-9.256853867e-09
3.011258591e-08
-1.276267452e-08
3.511737792e-08
-1.664182401e-08
3.951991985e-08
-2.083312843e-08
4.333942737e-08
-2.528191186e-08
4.659951516e-08
-2.993927538e-08
4.93261779e-08
-3.476136183e-08
5.154610639e-08
-3.970863031e-08
5.328532743e-08
-4.474515849e-08
5.45681555e-08
-4.983798644e-08
5.541644083e-08
-5.495651156e-08
5.584909401e-08
-6.007194096e-08
5.588186312e-08
-6.515680497e-08
5.552733571e-08
-7.018453305e-08
5.479513502e-08
-7.512909182e-08
5.369227827e-08
-7.99646834e-08
5.222366444e-08
-8.466550164e-08
5.039265988e-08
-8.920554315e-08
4.820175212e-08
-9.355847045e-08
4.565324526e-08
-9.769752463e-08
4.274997363e-08
-1.01595486e-07
3.949601453e-08
-1.052246823e-07
3.589738423e-08
-1.085570446e-07
3.196270466e-08
-1.115642141e-07
2.770383118e-08
-1.142177013e-07
2.313643301e-08
-1.164891031e-07
1.828051918e-08
-1.183503825e-07
1.316090231e-08
-1.197742156e-07
7.807591692e-09
-1.207344109e-07
2.256105542e-09
-1.212064043e-07
-3.452321273e-09
-1.211678305e-07
-9.270653738e-09
-1.205991464e-07
-1.514610453e-08
-1.194843497e-07
-2.102021802e-08
-1.178117567e-07
-2.682922534e-08
-1.155748255e-07
-3.250457873e-08
-1.127730026e-07
-3.797370326e-08
-1.094125646e-07
-4.316098639e-08
-1.055074163e-07
-4.79890186e-08
-1.010798047e-07
-5.238008902e-08
-9.616089838e-08
-5.625792827e-08
-9.07911825e-08
-5.954967555e-08
-8.50206161e-08
-6.218803005e-08
-7.890850469e-08
-6.411352826e-08
-7.252304692e-08
-6.527687053e-08
-6.594052768e-08
-6.564120388e-08
-5.924414646e-08
-6.51842561e-08
-5.252249087e-08
-6.390020935e-08
-4.586768793e-08
-6.180120368e-08
-3.937328973e-08
-5.891837088e-08
-3.313197176e-08
-5.530231957e-08
-2.723314001e-08
-5.102302016e-08
-2.176055424e-08
-4.616907389e-08
-1.679007773e-08
-4.084638767e-08
-1.238765776e-08
-3.517631414e-08
-8.607624767e-09
-2.929335041e-08
-5.491373911e-09
-2.334251777e-08
-3.066462847e-09
-1.747653098e-08
-1.346137658e-09
-1.18527654e-08
-3.292252842e-10
-6.630478281e-09
-1.971777898e-09
-4.716798858e-10
4.454377619e-09
-1.772000375e-09
1.271036566e-08
-3.794424675e-09
2.027819607e-08
-6.441618706e-09
2.714027196e-08
-9.625239452e-09
3.329620585e-08
-1.326567289e-08
3.875781057e-08
-1.72915746e-08
4.354582079e-08
-2.163926208e-08
4.76871141e-08
-2.625201408e-08
5.121226642e-08
-3.107931781e-08
5.415348091e-08
-3.607609632e-08
5.654288419e-08
-4.120194131e-08
5.841117173e-08
-4.642037151e-08
5.978658503e-08
-5.16981314e-08
6.069420007e-08
-5.700454122e-08
6.11555032e-08
-6.231090521e-08
6.118822651e-08
-6.758998226e-08
6.080641217e-08
-7.281552019e-08
6.002067237e-08
-7.796185335e-08
5.883861089e-08
-8.300356143e-08
5.726537198e-08
-8.791518641e-08
5.530428434e-08
-9.26710046e-08
5.295756982e-08
-9.724485047e-08
5.022709066e-08
-1.016099897e-07
4.711511244e-08
-1.057390402e-07
4.362506458e-08
-1.096039401e-07
3.976228374e-08
-1.131759652e-07
3.553472936e-08
-1.164257973e-07
3.095366289e-08
-1.193236488e-07
2.603428409e-08
-1.218394484e-07
2.079631849e-08
-1.239430957e-07
1.526454929e-08
-1.256047901e-07
9.469285723e-09
-1.267954429e-07
3.446758097e-09
-1.274871763e-07
-2.760588256e-09
-1.276539187e-07
-9.103911575e-09
-1.27272063e-07
-1.552796052e-08
-1.263212404e-07
-2.197104079e-08
-1.247851796e-07
-2.836528642e-08
-1.226526349e-07
-3.463712363e-08
-1.199183654e-07
-4.070797291e-08
-1.165841328e-07
-4.649521918e-08
-1.126596801e-07
-5.191347146e-08
-1.081636441e-07
-5.687612516e-08
-1.031243459e-07
-6.129722652e-08
-9.758039937e-08
-6.509362221e-08
-9.158107286e-08
-6.818735664e-08
-8.518634417e-08
-7.050825702e-08
-7.846659189e-08
-7.199662286e-08
-7.150188149e-08
-7.260591432e-08
-6.43808218e-08
-7.230531581e-08
-5.719899151e-08
-7.108203966e-08
-5.00569631e-08
-6.894323209e-08
-4.305798102e-08
-6.591735294e-08
-3.630537937e-08
-6.20549212e-08
-2.98998483e-08
-5.74285512e-08
-2.393667563e-08
-5.213224653e-08
-1.850309651e-08
-4.627996675e-08
-1.367587973e-08
-4.00035309e-08
-9.519261954e-09
-3.344996814e-08
-6.083312764e-09
-2.677846691e-08
-3.402778279e-09
-2.015706563e-08
-1.496421557e-09
-1.375912189e-08
-3.667963742e-10
-7.760103305e-09
-2.338574333e-09
-4.88798553e-10
4.943175501e-09
-1.835536488e-09
1.405710309e-08
-3.929171876e-09
2.237183081e-08
-6.668329406e-09
2.987942883e-08
-9.961078681e-09
3.658895447e-08
-1.3724671e-08
4.252140225e-08
-1.788507491e-08
4.770622408e-08
-2.237635749e-08
5.217839608e-08
-2.713996622e-08
5.597587455e-08
-3.212395272e-08
5.913746684e-08
-3.728217108e-08
6.170110199e-08
-4.257347721e-08
6.370247733e-08
-4.79609506e-08
6.51740579e-08
-5.341115434e-08
6.614440332e-08
-5.889344541e-08
6.663779379e-08
-6.437934282e-08
6.667412346e-08
-6.984195826e-08
6.626902716e-08
-7.525549071e-08
6.543420441e-08
-8.059478458e-08
6.417790437e-08
-8.583494899e-08
6.250553601e-08
-9.095103508e-08
6.042037007e-08
-9.591776783e-08
5.792430224e-08
-1.007093289e-07
5.501865143e-08
-1.05299188e-07
5.170497122e-08
-1.096599809e-07
4.798585726e-08
-1.137634351e-07
4.386573767e-08
-1.175803432e-07
3.935163722e-08
-1.210805893e-07
3.445390875e-08
-1.242332325e-07
2.918692705e-08
-1.270066548e-07
2.356974068e-08
-1.293687824e-07
1.762667663e-08
-1.312873873e-07
1.138789052e-08
-1.327304828e-07
4.889853417e-09
-1.33666815e-07
-1.824256165e-09
-1.340664716e-07
-8.70425508e-09
-1.339015667e-07
-1.569286552e-08
-1.331470565e-07
-2.272555106e-08
-1.317816711e-07
-2.973067194e-08
-1.297889438e-07
-3.662985089e-08
-1.271583211e-07
-4.333859566e-08
-1.238863219e-07
-4.976721844e-08
-1.199777088e-07
-5.582208453e-08
-1.154466195e-07
-6.140721442e-08
-1.103175968e-07
-6.642624921e-08
-1.046264474e-07
-7.07847716e-08
-9.842085334e-08
-7.439295065e-08
-9.176065839e-08
-7.716845191e-08
-8.471775653e-08
-7.903952465e-08
-7.737552154e-08
-7.994814921e-08
-6.982773601e-08
-7.985310124e-08
-6.217700461e-08
-7.873277094e-08
-5.453266958e-08
-7.658756699e-08
-4.700828227e-08
-7.344174011e-08
-3.971872139e-08
-6.934448193e-08
-3.277708109e-08
-6.437019135e-08
-2.629147655e-08
-5.861785091e-08
-2.036192783e-08
-5.220951532e-08
-1.507748078e-08
-4.528797779e-08
-1.05137073e-08
-3.801374148e-08
-6.730693914e-09
-3.056148014e-08
-3.771586854e-09
-2.311617231e-08
-1.661725985e-09
-1.586898281e-08
-4.082975533e-10
-9.013531738e-09
-2.746871764e-09
-5.040852351e-10
5.447260695e-09
-1.892349107e-09
1.544536621e-08
-4.049803301e-09
2.452928443e-08
-6.871531183e-09
3.270115618e-08
-1.026244973e-08
3.997987252e-08
-1.413704554e-08
4.639599758e-08
-1.841890935e-08
5.198808742e-08
-2.304011291e-08
5.679959918e-08
-2.794048175e-08
6.087624296e-08
-3.306680435e-08
6.426378902e-08
-3.837201023e-08
6.700630747e-08
-4.381434439e-08
6.914481112e-08
-4.935655991e-08
7.071627306e-08
-5.496514584e-08
7.175298891e-08
-6.060960316e-08
7.228225079e-08
-6.626177722e-08
7.232629722e-08
-7.189525162e-08
7.190250129e-08
-7.748480556e-08
7.10237581e-08
-8.300593388e-08
6.969903245e-08
-8.843442772e-08
6.793402964e-08
-9.374601233e-08
6.57319545e-08
-9.891603821e-08
6.309432795e-08
-1.039192221e-07
6.002183518e-08
-1.087294351e-07
5.651518409e-08
-1.133195363e-07
5.257595832e-08
-1.176612521e-07
4.820745344e-08
-1.217251039e-07
4.341548892e-08
-1.254803867e-07
3.82091915e-08
-1.288952067e-07
3.260174704e-08
-1.319365845e-07
2.661111847e-08
-1.345706341e-07
2.026072621e-08
-1.367628287e-07
1.358008514e-08
-1.384783652e-07
6.605389904e-09
-1.396826416e-07
-6.19979738e-10
-1.403418507e-07
-8.045045912e-09
-1.404237012e-07
-1.561101493e-08
-1.398982415e-07
-2.325101074e-08
-1.387388563e-07
-3.089005698e-08
-1.369233871e-07
-3.844532006e-08
-1.344353648e-07
-4.58266178e-08
-1.312653322e-07
-5.293725097e-08
-1.274122135e-07
-5.9675203e-08
-1.228846823e-07
-6.593474549e-08
-1.177024577e-07
-7.160847372e-08
-1.118974522e-07
-7.658977682e-08
-1.055146813e-07
-8.077572139e-08
-9.861283784e-08
-8.407029518e-08
-9.126444053e-08
-8.638792174e-08
-8.355547047e-08
-8.765711904e-08
-7.558443176e-08
-8.782413971e-08
-6.746080065e-08
-8.68564018e-08
-5.930286559e-08
-8.474550178e-08
-5.123500481e-08
-8.150960062e-08
-4.338449423e-08
-7.719499224e-08
-3.587798231e-08
-7.187670299e-08
-2.883780334e-08
-6.565802961e-08
-2.237832226e-08
-5.866899613e-08
-1.660250823e-08
-5.106379154e-08
-1.159891815e-08
-4.301733126e-08
-7.439235388e-09
-3.472116261e-08
-4.176460467e-09
-2.637894717e-08
-1.843804397e-09
-1.820163842e-08
-4.542195567e-10
-1.04031162e-08
-3.201091322e-09
-5.174330852e-10
5.964693272e-09
-1.942063544e-09
1.686999648e-08
-4.155554508e-09
2.674277505e-08
-7.049968072e-09
3.559556939e-08
-1.052751276e-08
4.345741686e-08
-1.450028176e-08
5.036876625e-08
-1.888979319e-08
5.637759854e-08
-2.362637137e-08
6.153617707e-08
-2.864842018e-08
6.589829149e-08
-3.390162744e-08
6.951699602e-08
-3.933813246e-08
7.244281225e-08
-4.491568409e-08
7.472236254e-08
-5.059681206e-08
7.639740082e-08
-5.634802939e-08
7.750420607e-08
-6.213907968e-08
7.807330092e-08
-6.794223829e-08
7.812945569e-08
-7.373167317e-08
7.769193607e-08
-7.948286752e-08
7.677495236e-08
-8.517210388e-08
7.538826874e-08
-9.077600747e-08
7.35379332e-08
-9.627114528e-08
7.122709228e-08
-1.016336769e-07
6.84568596e-08
-1.068390537e-07
6.5227212e-08
-1.118617629e-07
6.153789332e-08
-1.166751157e-07
5.738931115e-08
-1.21251079e-07
5.278341687e-08
-1.255601538e-07
4.772456377e-08
-1.295713031e-07
4.222034097e-08
-1.332519384e-07
3.628238251e-08
-1.365679712e-07
2.992715141e-08
-1.39483942e-07
2.317669717e-08
-1.419632391e-07
1.60593824e-08
-1.4396842e-07
8.610570964e-09
-1.454616575e-07
8.732580524e-10
-1.464053026e-07
-7.101400625e-09
-1.467626318e-07
-1.525368548e-08
-1.464986505e-07
-2.351499181e-08
-1.455811397e-07
-3.180756754e-08
-1.439818491e-07
-4.004461043e-08
-1.416778416e-07
-4.813062498e-08
-1.386529694e-07
-5.596212288e-08
-1.348994446e-07
-6.342872755e-08
-1.304194533e-07
-7.04147365e-08
-1.252267433e-07
-7.680118341e-08
-1.193480978e-07
-8.2468422e-08
-1.128245929e-07
-8.729922595e-08
-1.057125252e-07
-9.118236249e-08
-9.808389217e-08
-9.401655442e-08
-9.002631313e-08
-9.571469772e-08
-8.164229795e-08
-9.620815451e-08
-7.304779944e-08
-9.545089992e-08
-6.43700294e-08
-9.342327143e-08
-5.574457065e-08
-9.013505897e-08
-4.731187566e-08
-8.562768683e-08
-3.921329938e-08
-7.997527887e-08
-3.158686338e-08
-7.328446521e-08
-2.456298195e-08
-6.569287716e-08
-1.826039385e-08
-5.736637924e-08
-1.27825309e-08
-4.849519382e-08
-8.214516082e-09
-3.928917704e-08
-4.620927189e-09
-2.997253547e-08
-2.044406967e-09
-2.077815844e-08
-5.050575057e-10
-1.194246544e-08
-3.706148653e-09
-5.287427014e-10
6.493436106e-09
-1.984338131e-09
1.832559148e-08
-4.245730478e-09
2.900416714e-08
-7.202498534e-09
3.855233723e-08
-1.07545917e-08
4.700950984e-08
-1.481207798e-08
5.442625235e-08
-1.929469958e-08
6.086021999e-08
-2.413126967e-08
6.637274702e-08
-2.925895762e-08
7.102597933e-08
-3.462249957e-08
7.488053787e-08
-4.017336546e-08
7.799367806e-08
-4.586890991e-08
8.041790693e-08
-5.167153014e-08
8.220002102e-08
-5.754784981e-08
8.338052573e-08
-6.346794325e-08
8.399339436e-08
-6.940461012e-08
8.40661226e-08
-7.533270699e-08
8.3620033e-08
-8.122853835e-08
8.267078379e-08
-8.706930713e-08
8.122903762e-08
-9.283262262e-08
7.930124882e-08
-9.849606232e-08
7.689053213e-08
-1.040367836e-07
7.399758103e-08
-1.094311815e-07
7.062161007e-08
-1.146545895e-07
6.676130155e-08
-1.196810217e-07
6.241574364e-08
-1.244829564e-07
5.758535183e-08
-1.29031163e-07
5.227277061e-08
-1.332945771e-07
4.648375541e-08
-1.37240231e-07
4.022803674e-08
-1.408332479e-07
3.352016862e-08
-1.440369127e-07
2.638036229e-08
-1.468128329e-07
1.883530299e-08
-1.491212052e-07
1.091894366e-08
-1.509212087e-07
2.673261898e-09
-1.521715328e-07
-5.851076175e-09
-1.528311019e-07
-1.459411594e-08
-1.528598646e-07
-2.348622875e-08
-1.522198534e-07
-3.244757833e-08
-1.50876428e-07
-4.138803533e-08
-1.487997107e-07
-5.020734186e-08
-1.459662005e-07
-5.879563266e-08
-1.423605375e-07
-6.703439014e-08
-1.379773675e-07
-7.479790604e-08
-1.328232378e-07
-8.195531262e-08
-1.269184308e-07
-8.837322855e-08
-1.20298621e-07
-9.391903531e-08
-1.130162228e-07
-9.846476012e-08
-1.051412859e-07
-1.018914908e-07
-9.67617928e-08
-1.040941903e-07
-8.79832306e-08
-1.049867162e-07
-7.89273361e-08
-1.045067939e-07
-6.972996188e-08
-1.026206451e-07
-6.053807255e-08
-9.932694778e-08
-5.150595173e-08
-9.465980713e-08
-4.279077483e-08
-8.869045524e-08
-3.454776976e-08
-8.152746974e-08
-2.692523905e-08
-7.331540734e-08
-2.005974244e-08
-6.423187533e-08
-1.407173396e-08
-5.448320176e-08
-9.061908046e-09
-4.429900242e-08
-5.108444409e-09
-3.39259988e-08
-2.265272119e-09
-2.362133005e-08
-5.61309241e-10
-1.364642772e-08
-4.26745783e-09
-5.379306885e-10
7.031366464e-09
-2.018884584e-09
1.98065455e-08
-4.319746626e-09
3.130502917e-08
-7.328160534e-09
4.156075111e-08
-1.094226517e-08
5.062361446e-08
-1.507046276e-08
5.855444993e-08
-1.963100272e-08
6.542075996e-08
-2.455140715e-08
7.129315148e-08
-2.976778093e-08
7.624235316e-08
-3.522404048e-08
8.033679748e-08
-4.087109098e-08
8.364072865e-08
-4.66659795e-08
8.621279556e-08
-5.25710476e-08
8.810508924e-08
-5.855310332e-08
8.936258161e-08
-6.458262813e-08
9.002291934e-08
-7.06330298e-08
9.011652446e-08
-7.667994855e-08
8.966695197e-08
-8.270061973e-08
8.869145522e-08
-8.867329351e-08
8.720171167e-08
-9.457670967e-08
8.520466528e-08
-1.003896242e-07
8.270344702e-08
-1.060903838e-07
7.969834092e-08
-1.116565434e-07
7.61877701e-08
-1.170645256e-07
7.216928407e-08
-1.222893168e-07
6.764053524e-08
-1.273042033e-07
6.260023877e-08
-1.320805466e-07
5.704911441e-08
-1.365876037e-07
5.099081296e-08
-1.407923981e-07
4.443283159e-08
-1.44659652e-07
3.73874231e-08
-1.481517918e-07
2.987250257e-08
-1.512290403e-07
2.191255206e-08
-1.538496159e-07
1.353951981e-08
-1.559700571e-07
4.793703639e-09
-1.575456941e-07
-4.275438611e-09
-1.585313165e-07
-1.3608493e-08
-1.588819414e-07
-2.313560329e-08
-1.585538474e-07
-3.277567169e-08
-1.575058372e-07
-4.243604498e-08
-1.557007341e-07
-5.201244436e-08
-1.531071109e-07
-6.138925521e-08
-1.497012292e-07
-7.044027123e-08
-1.454691482e-07
-7.902998648e-08
-1.404089366e-07
-8.70155236e-08
-1.345328931e-07
-9.424927138e-08
-1.278696509e-07
-1.00582277e-07
-1.204660149e-07
-1.058683954e-07
-1.123883625e-07
-1.099691426e-07
-1.037234241e-07
-1.127591281e-07
-9.457827342e-08
-1.141318662e-07
-8.50793797e-08
-1.14005687e-07
-7.537062545e-08
-1.123293987e-07
-6.561026371e-08
-1.090873089e-07
-5.596687463e-08
-1.043031956e-07
-4.661447633e-08
-9.80428529e-08
-3.772703525e-08
-9.041491018e-08
-2.947269572e-08
-8.156974623e-08
-2.20080934e-08
-7.1696477e-08
-1.547312391e-08
-6.101817062e-08
-9.986500647e-09
-4.978562505e-08
-5.642363441e-09
-3.827013519e-08
-2.508116545e-09
-2.675557648e-08
-6.234754639e-10
-1.553106834e-08
-4.890933069e-09
-5.449334257e-10
7.576300195e-09
-2.045490387e-09
2.130710237e-08
-4.377173246e-09
3.36367121e-08
-7.42624213e-09
4.460982011e-08
-1.108946529e-08
5.428683776e-08
-1.527392291e-08
6.27389077e-08
-1.989663507e-08
7.004347229e-08
-2.488403169e-08
7.628054829e-08
-3.017130207e-08
8.152962374e-08
-3.570165469e-08
8.586715033e-08
-4.142551604e-08
8.936459025e-08
-4.729969541e-08
9.20869752e-08
-5.328654029e-08
9.409193441e-08
-5.935310324e-08
9.542914487e-08
-6.547033698e-08
9.614015342e-08
-7.161233016e-08
9.625851801e-08
-7.775559197e-08
9.581021417e-08
-8.387838978e-08
9.481425344e-08
-8.996014094e-08
9.328346327e-08
-9.59808572e-08
9.1225382e-08
-1.019206386e-07
8.864322888e-08
-1.077592127e-07
8.553691551e-08
-1.134755153e-07
8.190407326e-08
-1.190473089e-07
7.774107829e-08
-1.244508367e-07
7.304406364e-08
-1.296605111e-07
6.780991378e-08
-1.346486387e-07
6.203724264e-08
-1.39385185e-07
5.572735984e-08
-1.438375849e-07
4.888523217e-08
-1.479706091e-07
4.152044806e-08
-1.517462974e-07
3.364819156e-08
-1.551239743e-07
2.529022968e-08
-1.580603667e-07
1.64759129e-08
-1.605098453e-07
7.243182955e-09
-1.62424814e-07
-2.360469143e-09
-1.637562957e-07
-1.22770106e-08
-1.644546603e-07
-2.243723787e-08
-1.644705896e-07
-3.275974168e-08
-1.637563228e-07
-4.315031106e-08
-1.622671784e-07
-5.350158793e-08
-1.599633612e-07
-6.369307168e-08
-1.568120466e-07
-7.359158507e-08
-1.527897145e-07
-8.305231786e-08
-1.478846729e-07
-9.192056444e-08
-1.420996806e-07
-1.000342629e-07
-1.354545391e-07
-1.072274177e-07
-1.279884875e-07
-1.133344462e-07
-1.19762202e-07
-1.181954274e-07
-1.108591793e-07
-1.2166215e-07
-1.013862809e-07
-1.236047639e-07
-9.147323425e-08
-1.239187328e-07
-8.127093693e-08
-1.225316953e-07
-7.09484852e-08
-1.194097598e-07
-6.068895272e-08
-1.145627273e-07
-5.068406172e-08
-1.080477431e-07
-4.112800971e-08
-9.997096143e-08
-3.221081909e-08
-9.048693609e-08
-2.411164966e-08
-7.979564566e-08
-1.699253961e-08
-6.81372799e-08
-1.099301022e-08
-5.578515368e-08
-6.225891208e-09
-4.303725365e-08
-2.77462235e-09
-3.020684444e-08
-6.920571845e-10
-1.76136327e-08
-5.582990124e-09
-5.497162738e-10
8.126016326e-09
-2.064041813e-09
2.282142836e-08
-4.417782381e-09
3.599045299e-08
-7.496356635e-09
4.768839466e-08
-1.119558363e-08
5.798606506e-08
-1.542154108e-08
6.696486546e-08
-2.009025662e-08
7.471218816e-08
-2.512724026e-08
8.131753229e-08
-3.046688936e-08
8.68692732e-08
-3.605179333e-08
9.145205469e-08
-4.183196554e-08
9.514476287e-08
-4.776402944e-08
9.801903952e-08
-5.381038446e-08
1.001382899e-07
-5.993837414e-08
1.01557135e-07
-6.611947459e-08
1.023212544e-07
-7.232851745e-08
1.024675614e-07
-7.854295662e-08
1.020246539e-07
-8.474218418e-08
1.010134816e-07
-9.09068973e-08
9.9448177e-08
-9.701851514e-08
9.733700047e-08
-1.030586429e-07
9.468335726e-08
-1.090085789e-07
9.148685227e-08
-1.148488613e-07
8.774435629e-08
-1.205588485e-07
8.345106627e-08
-1.261163338e-07
7.860154963e-08
-1.31497189e-07
7.319076981e-08
-1.366750413e-07
6.721509577e-08
-1.416209833e-07
6.067330264e-08
-1.463033231e-07
5.356757279e-08
-1.506873824e-07
4.590450823e-08
-1.547353539e-07
3.769616394e-08
-1.584062328e-07
2.896110946e-08
-1.616558414e-07
1.972552237e-08
-1.644369696e-07
1.002431206e-08
-1.666996785e-07
-9.775927206e-11
-1.68391725e-07
-1.05849632e-08
-1.694593e-07
-2.136966196e-08
-1.698478262e-07
-3.237121453e-08
-1.695031635e-07
-4.34949729e-08
-1.68373108e-07
-5.463164251e-08
-1.664092308e-07
-6.565694789e-08
-1.635690651e-07
-7.643174989e-08
-1.598186287e-07
-8.680275341e-08
-1.551352392e-07
-9.660395303e-08
-1.49510539e-07
-1.056589622e-07
-1.429536016e-07
-1.137843542e-07
-1.354939434e-07
-1.207941035e-07
-1.271842163e-07
-1.265051535e-07
-1.181023213e-07
-1.307440442e-07
-1.083526616e-07
-1.333544227e-07
-9.806626468e-08
-1.342051288e-07
-8.739954343e-08
-1.331984156e-07
-7.653154828e-08
-1.302777541e-07
-6.565968054e-08
-1.254345941e-07
-5.499398037e-08
-1.187134424e-07
-4.475025879e-08
-1.102146821e-07
-3.514248732e-08
-1.000947067e-07
-2.637496927e-08
-8.856316282e-08
-1.863487093e-08
-7.587737736e-08
-1.208567541e-08
-6.233434836e-08
-6.862039934e-09
-4.826088812e-08
-3.066420863e-09
-3.400246279e-08
-7.675543821e-10
-1.991249849e-08
-6.350544236e-09
-5.522779989e-10
8.678294796e-09
-2.07454872e-09
2.434369932e-08
-4.441597595e-09
3.835750226e-08
-7.538522305e-09
5.078531981e-08
-1.126058354e-08
6.170812675e-08
-1.551314182e-08
7.121742422e-08
-2.021143468e-08
7.941048151e-08
-2.528019181e-08
8.638628992e-08
-3.065311282e-08
9.224219474e-08
-3.627223135e-08
9.707117376e-08
-4.208719154e-08
1.009597236e-07
-4.805446479e-08
1.039863134e-07
-5.41365335e-08
1.062203592e-07
-6.030106604e-08
1.077216682e-07
-6.652010336e-08
1.085402924e-07
-7.276927283e-08
1.087167315e-07
-7.902704044e-08
1.082824222e-07
-8.527400796e-08
1.072604498e-07
-9.14922579e-08
1.056664277e-07
-9.766474585e-08
1.035094892e-07
-1.037747378e-07
1.0079335e-07
-1.098052886e-07
9.751740395e-08
-1.157387574e-07
9.367782591e-08
-1.215563551e-07
8.926866486e-08
-1.272377218e-07
8.428291728e-08
-1.327605308e-07
7.871357978e-08
-1.381001193e-07
7.25546852e-08
-1.432291471e-07
6.58023314e-08
-1.481172878e-07
5.845571456e-08
-1.527309592e-07
5.051818063e-08
-1.570331019e-07
4.199830772e-08
-1.609830223e-07
3.291103091e-08
-1.645363159e-07
2.327881701e-08
-1.676448944e-07
1.313289166e-08
-1.702571607e-07
2.514508129e-09
-1.723183053e-07
-8.523817518e-09
-1.73770962e-07
-1.991700416e-08
-1.745558318e-07
-3.158634369e-08
-1.746127928e-07
-4.343801087e-08
-1.738823249e-07
-5.536210933e-08
-1.723073224e-07
-6.723194926e-08
-1.698353261e-07
-7.890374518e-08
-1.664211828e-07
-9.021689564e-08
-1.620301118e-07
-1.00995023e-07
-1.566411108e-07
-1.110479621e-07
-1.502505859e-07
-1.201748781e-07
-1.428760233e-07
-1.281686651e-07
-1.345594628e-07
-1.34821713e-07
-1.253704712e-07
-1.399330347e-07
-1.154082756e-07
-1.433166172e-07
-1.048027057e-07
-1.448106977e-07
-9.371362343e-08
-1.442874969e-07
-8.23285997e-08
-1.416627768e-07
-7.085872552e-08
-1.369044673e-07
-5.953261898e-08
-1.30039548e-07
-4.858888569e-08
-1.211584145e-07
-3.826748518e-08
-1.104161062e-07
-2.880061725e-08
-9.803002977e-08
-2.0403839e-08
-8.427415462e-08
-1.326813323e-08
-6.947005316e-08
-7.553570557e-09
-5.397545001e-08
-3.385072197e-09
-3.817096007e-08
-8.504617373e-10
-2.244710795e-08
-7.201005778e-09
-5.526604744e-10
9.230955316e-09
-2.07716991e-09
2.58682095e-08
-4.448945913e-09
4.07292789e-08
-7.553246005e-09
5.388962052e-08
-1.12851183e-08
6.543999966e-08
-1.554944528e-08
7.548175184e-08
-2.026083279e-08
8.412186966e-08
-2.534333038e-08
9.146878817e-08
-3.07300004e-08
9.762886543e-08
-3.636235601e-08
1.027035301e-07
-4.218969375e-08
1.067870621e-07
-4.816834931e-08
1.099649697e-07
-5.426090558e-08
1.123129162e-07
-6.043537931e-08
1.138961427e-07
-6.666440949e-08
1.147693233e-07
-7.292446508e-08
1.14976788e-07
-7.91950854e-08
1.145530434e-07
-8.545816102e-08
1.135235264e-07
-9.169725941e-08
1.11905527e-07
-9.789699555e-08
1.097092263e-07
-1.040424458e-07
1.069388012e-07
-1.101186011e-07
1.035935602e-07
-1.161098552e-07
9.966908104e-08
-1.219995234e-07
9.515833419e-08
-1.277693878e-07
9.005278275e-08
-1.333992652e-07
8.434345822e-08
-1.388665971e-07
7.802201822e-08
-1.441460615e-07
7.108179695e-08
-1.492092082e-07
6.351886244e-08
-1.540241233e-07
5.533309691e-08
-1.585551307e-07
4.652931636e-08
-1.627625431e-07
3.711844454e-08
-1.666024786e-07
2.711875371e-08
-1.700267663e-07
1.655718061e-08
-1.72982972e-07
5.470715049e-09
-1.754145776e-07
-6.092210635e-09
-1.772614255e-07
-1.807015501e-08
-1.784602414e-07
-3.038752654e-08
-1.789455533e-07
-4.295269779e-08
-1.786509835e-07
-5.565667791e-08
-1.775109704e-07
-6.837196117e-08
-1.754629744e-07
-8.095174001e-08
-1.724502048e-07
-9.322966396e-08
-1.684248741e-07
-1.050203526e-07
-1.6335194e-07
-1.16120895e-07
-1.572132401e-07
-1.263135768e-07
-1.500118464e-07
-1.353700577e-07
-1.417763887e-07
-1.430571696e-07
-1.325650131e-07
-1.491444091e-07
-1.224685749e-07
-1.534130543e-07
-1.116126261e-07
-1.556666453e-07
-1.001577687e-07
-1.557423532e-07
-8.829800988e-08
-1.535225345e-07
-7.625689725e-08
-1.489455788e-07
-6.428140679e-08
-1.420150373e-07
-5.263380373e-08
-1.328060164e-07
-4.158195212e-08
-1.214679567e-07
-3.138877775e-08
-1.08223203e-07
-2.230174735e-08
-9.336118395e-08
-1.454327749e-08
-7.722852196e-08
-8.302922339e-09
-6.021580398e-08
-3.732040262e-09
-4.274184118e-08
-9.412650389e-10
-2.523788227e-08
-8.142270508e-09
-5.509538019e-10
9.78190974e-09
-2.072240264e-09
2.738949654e-08
-4.440512692e-09
4.309755204e-08
-7.541611313e-09
5.699071989e-08
-1.127065532e-08
6.916904442e-08
-1.553222811e-08
7.97433254e-08
-2.024040765e-08
8.883004999e-08
-2.53186167e-08
9.654699801e-08
-3.069930238e-08
1.030095519e-07
-3.632346281e-08
1.083276913e-07
-4.21400462e-08
1.126036463e-07
-4.810525311e-08
1.159301775e-07
-5.418177378e-08
1.183894378e-07
-6.033798999e-08
1.200523599e-07
-6.654716755e-08
1.209785018e-07
-7.278665989e-08
1.212162813e-07
-7.903713824e-08
1.208035227e-07
-8.528185825e-08
1.197682474e-07
-9.150596828e-08
1.181296381e-07
-9.769586103e-08
1.158991201e-07
-1.038385668e-07
1.130815082e-07
-1.099211854e-07
1.096761799e-07
-1.15930351e-07
1.056782478e-07
-1.21851727e-07
1.010797114e-07
-1.27669524e-07
9.587058092e-08
-1.333660374e-07
9.003997293e-08
-1.38921203e-07
8.357718504e-08
-1.443121659e-07
7.647276121e-08
-1.495128668e-07
6.871956458e-08
-1.544936443e-07
6.031387579e-08
-1.592208629e-07
5.125653635e-08
-1.63656573e-07
4.155415592e-08
-1.677582188e-07
3.122040093e-08
-1.714784161e-07
2.027737936e-08
-1.747648272e-07
8.757127537e-09
-1.775601749e-07
-3.296861564e-09
-1.798024739e-07
-1.582785467e-08
-1.814254172e-07
-2.876458187e-08
-1.823590487e-07
-4.201906488e-08
-1.825308623e-07
-5.5484863e-08
-1.818673589e-07
-6.903546319e-08
-1.802961444e-07
-8.252295318e-08
-1.777486347e-07
-9.577717235e-08
-1.741634111e-07
-1.086055748e-07
-1.694902248e-07
-1.207940801e-07
-1.63694585e-07
-1.321092153e-07
-1.567627861e-07
-1.423018553e-07
-1.487071237e-07
-1.511128307e-07
-1.395709463e-07
-1.582805853e-07
-1.294330856e-07
-1.635509138e-07
-1.184111345e-07
-1.666885952e-07
-1.066630165e-07
-1.674904701e-07
-9.438633621e-08
-1.657992136e-07
-8.181513606e-08
-1.615167778e-07
-6.921390381e-08
-1.546162684e-07
-5.686897318e-08
-1.451509459e-07
-4.507778954e-08
-1.332591392e-07
-3.413682938e-08
-1.19164162e-07
-2.432920455e-08
-1.031688076e-07
-1.591309698e-08
-8.564462837e-08
-9.112134779e-09
-6.70167652e-08
-4.108663039e-09
-4.774531167e-08
-1.040434711e-09
-2.830610942e-08
-9.182704962e-09
-5.473065551e-10
1.032921652e-08
-2.060298831e-09
2.890248984e-08
-4.417399272e-09
4.545465341e-08
-7.505371279e-09
6.00786928e-08
-1.121960655e-08
7.288328059e-08
-1.546449178e-08
8.398821154e-08
-2.015361396e-08
9.351917311e-08
-2.5209767e-08
1.01603152e-07
-3.056476174e-08
1.083645476e-07
-3.615905504e-08
1.139219856e-07
-4.19412246e-08
1.183858169e-07
-4.786732345e-08
1.218562773e-07
-5.390014952e-08
1.244222649e-07
-6.000846432e-08
1.261606757e-07
-6.616619015e-08
1.271362288e-07
-7.235161003e-08
1.274017023e-07
-7.854658808e-08
1.269985019e-07
-8.473582268e-08
1.259574832e-07
-9.090613897e-08
1.242999556e-07
-9.70458234e-08
1.220388058e-07
-1.031439994e-07
1.191796854e-07
-1.091900408e-07
1.157222226e-07
-1.151730189e-07
1.116612272e-07
-1.21081177e-07
1.069878709e-07
-1.269014273e-07
1.016908326e-07
-1.326188648e-07
9.575741187e-08
-1.382162937e-07
8.917461533e-08
-1.436737622e-07
8.193023117e-08
-1.48968105e-07
7.401390877e-08
-1.540724917e-07
6.541826397e-08
-1.58955986e-07
5.614003211e-08
-1.635831199e-07
4.618129141e-08
-1.679134964e-07
3.555077891e-08
-1.719014354e-07
2.426531993e-08
-1.754956926e-07
1.235138624e-08
-1.786393151e-07
-1.532375355e-10
-1.81269562e-07
-1.319760629e-08
-1.833182404e-07
-2.671590193e-08
-1.847120042e-07
-4.062529952e-08
-1.853732239e-07
-5.482364181e-08
-1.852213027e-07
-6.918738296e-08
-1.841745729e-07
-8.356968152e-08
-1.821528757e-07
-9.779886814e-08
-1.790809072e-07
-1.116775418e-07
-1.748923782e-07
-1.249826077e-07
-1.695349693e-07
-1.374666228e-07
-1.629759771e-07
-1.488608461e-07
-1.552084273e-07
-1.588803791e-07
-1.462572961e-07
-1.672317151e-07
-1.361853414e-07
-1.736228672e-07
-1.250979222e-07
-1.777760131e-07
-1.131461127e-07
-1.794422782e-07
-1.005274252e-07
-1.784178999e-07
-8.748356776e-08
-1.745606339e-07
-7.429490443e-08
-1.678049305e-07
-6.127162305e-08
-1.58174226e-07
-4.874203958e-08
-1.457887214e-07
-3.703889043e-08
-1.308673099e-07
-2.648482218e-08
-1.137228746e-07
-1.737849766e-08
-9.475095166e-08
-9.982756782e-09
-7.441250477e-08
-4.516118304e-09
-5.321194898e-08
-1.148419708e-09
-3.167380692e-08
-1.033112433e-08
-5.419319631e-10
1.087114924e-08
-2.04211936e-09
3.040267811e-08
-4.381184831e-09
4.779371987e-08
-7.447047309e-09
6.314455631e-08
-1.113546659e-08
7.657170091e-08
-1.535063934e-08
8.820338533e-08
-2.000561721e-08
9.817415203e-08
-2.502249845e-08
1.066200343e-07
-3.033238834e-08
1.136744386e-07
-3.58751434e-08
1.194647418e-07
-4.159892912e-08
1.241096037e-07
-4.745962957e-08
1.277169789e-07
-5.34201499e-08
1.303827864e-07
-5.944965066e-08
1.321901777e-07
-6.552274824e-08
1.332093276e-07
-7.161870942e-08
1.334976647e-07
-7.772066096e-08
1.331004547e-07
-8.381482886e-08
1.320516523e-07
-8.988981549e-08
1.303749435e-07
-9.593591852e-08
1.280849102e-07
-1.019444912e-07
1.251882594e-07
-1.079073409e-07
1.216850737e-07
-1.138161619e-07
1.175700496e-07
-1.19661995e-07
1.128337054e-07
-1.254347094e-07
1.074635485e-07
-1.311224986e-07
1.014452026e-07
-1.367113858e-07
9.476350404e-08
-1.421847319e-07
8.740357879e-08
-1.475227428e-07
7.935192127e-08
-1.527019729e-07
7.059749564e-08
-1.576948236e-07
6.113288442e-08
-1.624690407e-07
5.095551016e-08
-1.669872171e-07
4.006895693e-08
-1.71206314e-07
2.848441853e-08
-1.750772237e-07
1.622229758e-08
-1.78544428e-07
3.313968375e-09
-1.81545689e-07
-1.019634365e-08
-1.840121891e-07
-2.424940011e-08
-1.858684988e-07
-3.876898829e-08
-1.870331392e-07
-5.365899979e-08
-1.874195835e-07
-6.880093702e-08
-1.869378558e-07
-8.405140772e-08
-1.85496868e-07
-9.923985433e-08
-1.830076265e-07
-1.141667818e-07
-1.793874076e-07
-1.286028251e-07
-1.745649511e-07
-1.422890778e-07
-1.684866238e-07
-1.54939172e-07
-1.611233802e-07
-1.662436212e-07
-1.524781841e-07
-1.758769098e-07
-1.425933691e-07
-1.835076808e-07
-1.315572424e-07
-1.888121384e-07
-1.195090945e-07
-1.914904248e-07
-1.066417262e-07
-1.912852668e-07
-9.320068097e-08
-1.880016778e-07
-7.947959678e-08
-1.815260134e-07
-6.581148508e-08
-1.718423364e-07
-5.255625268e-08
-1.590439525e-07
-4.008534454e-08
-1.433382167e-07
-2.876489363e-08
-1.250433242e-07
-1.89391098e-08
-1.045767342e-07
-1.091575009e-08
-8.243586332e-08
-4.955385762e-09
-5.917231195e-08
-1.265639077e-09
-3.53635523e-08
-1.15967631e-08
-5.351192334e-10
1.140626887e-08
-2.018743115e-09
3.188630325e-08
-4.333993366e-09
5.010897131e-08
-7.370035846e-09
6.618059995e-08
-1.102296049e-08
8.022462672e-08
-1.519666245e-08
9.237708845e-08
-1.980351591e-08
1.027810067e-07
-2.47647813e-08
1.115813009e-07
-3.001073566e-08
1.189203942e-07
-3.548054266e-08
1.2493455e-07
-4.112189719e-08
1.297509595e-07
-4.689048978e-08
1.334855728e-07
-5.274933885e-08
1.362416367e-07
-5.866803636e-08
1.381088765e-07
-6.462194693e-08
1.391632395e-07
-7.059139297e-08
1.394671121e-07
-7.656085038e-08
1.390699135e-07
-8.251817192e-08
1.380089753e-07
-8.845384835e-08
1.363106214e-07
-9.436031217e-08
1.339913754e-07
-1.002312843e-07
1.31059233e-07
-1.060611608e-07
1.275149517e-07
-1.118444346e-07
1.23353325e-07
-1.17575146e-07
1.185644184e-07
-1.232463545e-07
1.131347585e-07
-1.288496241e-07
1.070484738e-07
-1.343745148e-07
1.002883964e-07
-1.398080728e-07
9.283713844e-08
-1.451343122e-07
8.467816243e-08
-1.503336833e-07
7.579686839e-08
-1.553825219e-07
6.618172474e-08
-1.602524808e-07
5.582547071e-08
-1.649099433e-07
4.472642119e-08
-1.693154296e-07
3.288990663e-08
-1.734230118e-07
2.032988154e-08
-1.771797658e-07
7.070724122e-09
-1.805252972e-07
-6.850810446e-09
-1.8339151e-07
-2.138318566e-08
-1.857023765e-07
-3.645812001e-08
-1.873740879e-07
-5.19872867e-08
-1.883156716e-07
-6.785935163e-08
-1.884301999e-07
-8.393687774e-08
-1.876167635e-07
-1.000532892e-07
-1.857733883e-07
-1.160101554e-07
-1.828010628e-07
-1.31575149e-07
-1.786089944e-07
-1.464811447e-07
-1.731211352e-07
-1.604270297e-07
-1.662838771e-07
-1.730808778e-07
-1.580746364e-07
-1.84086149e-07
-1.485108199e-07
-1.930714958e-07
-1.376584213e-07
-1.996645356e-07
-1.256392801e-07
-2.035095646e-07
-1.126358951e-07
-2.042886505e-07
-9.889268963e-08
-2.017448819e-07
-8.471282517e-08
-1.957058765e-07
-7.045007347e-08
-1.861050868e-07
-5.649586636e-08
-1.729981582e-07
-4.32623611e-08
-1.565717206e-07
-3.116306346e-08
-1.371426204e-07
-2.059308785e-08
-1.151467084e-07
-1.191138546e-08
-9.111756434e-08
-5.427206662e-09
-6.565648939e-08
-1.392474073e-09
-3.939828364e-08
-1.298923682e-08
-5.2724185e-10
1.193351158e-08
-1.991516083e-09
3.335057862e-08
-4.278568484e-09
5.239602495e-08
-7.278726113e-09
6.918075884e-08
-1.088820472e-08
8.383410658e-08
-1.501034191e-08
9.649922691e-08
-1.955657551e-08
1.073272415e-07
-2.444709882e-08
1.164718255e-07
-2.961117935e-08
1.24084476e-07
-3.498716216e-08
1.303105341e-07
-4.052220113e-08
1.352859998e-07
-4.617177302e-08
1.39135146e-07
-5.189903159e-08
1.419688967e-07
-5.767405609e-08
1.438839024e-07
-6.347304073e-08
1.449622255e-07
-6.927746336e-08
1.452715362e-07
-7.507326178e-08
1.448657134e-07
-8.085003738e-08
1.437857524e-07
-8.660029828e-08
1.420608838e-07
-9.231874747e-08
1.397098262e-07
-9.800161691e-08
1.36742104e-07
-1.036460446e-07
1.331593809e-07
-1.092494893e-07
1.289567713e-07
-1.148091762e-07
1.241241069e-07
-1.203215642e-07
1.186471482e-07
-1.257818277e-07
1.12508739e-07
-1.311833423e-07
1.056899126e-07
-1.365171653e-07
9.817096313e-08
-1.417715026e-07
8.993250149e-08
-1.469311527e-07
8.095652035e-08
-1.519769208e-07
7.122749456e-08
-1.568849964e-07
6.073354812e-08
-1.616262944e-07
4.946772109e-08
-1.661657602e-07
3.742937425e-08
-1.704616498e-07
2.462577294e-08
-1.744648059e-07
1.107388208e-08
-1.781179772e-07
-3.197637315e-09
-1.813552454e-07
-1.814591567e-08
-1.841015934e-07
-3.371177019e-08
-1.862725943e-07
-4.981628402e-08
-1.877745952e-07
-6.635734893e-08
-1.885054492e-07
-8.320602206e-08
-1.883560039e-07
-1.002027327e-07
-1.872125741e-07
-1.171535835e-07
-1.849606282e-07
-1.338270933e-07
-1.814898976e-07
-1.499518736e-07
-1.767010477e-07
-1.652158779e-07
-1.705139214e-07
-1.792680025e-07
-1.628771682e-07
-1.917229007e-07
-1.537788092e-07
-2.021698532e-07
-1.432569767e-07
-2.101863666e-07
-1.3140975e-07
-2.153567897e-07
-1.184027625e-07
-2.172956366e-07
-1.044731456e-07
-2.156744974e-07
-8.992850688e-08
-2.102505138e-07
-7.514004796e-08
-2.008935443e-07
-6.052962168e-08
-1.876085831e-07
-4.655142835e-08
-1.705499126e-07
-3.366999853e-08
-1.500240489e-07
-2.233690855e-08
-1.26479797e-07
-1.296913986e-08
-1.004853317e-07
-5.932043447e-09
-7.269358439e-08
-1.529259264e-09
-4.380106645e-08
-1.451849573e-08
-5.187714715e-10
1.24522836e-08
-1.962131553e-09
3.479394015e-08
-4.218358758e-09
5.465225354e-08
-7.178632992e-09
7.214103444e-08
-1.073888603e-08
8.739436098e-08
-1.480146639e-08
1.005618086e-07
-1.927647783e-08
1.118022544e-07
-2.408271705e-08
1.212780661e-07
-2.914819719e-08
1.291499575e-07
-3.441028744e-08
1.355726258e-07
-3.981552477e-08
1.406912385e-07
-4.531916615e-08
1.446387888e-07
-5.088455078e-08
1.475342828e-07
-5.648233726e-08
1.494816903e-07
-6.208967077e-08
1.505695605e-07
-6.768932441e-08
1.508711913e-07
-7.326884781e-08
1.504452384e-07
-7.881974527e-08
1.493366514e-07
-8.433669724e-08
1.475778374e-07
-8.981683145e-08
1.45189962e-07
-9.525904476e-08
1.421843189e-07
-1.006633725e-07
1.385637103e-07
-1.060303993e-07
1.343237999e-07
-1.113607043e-07
1.294544136e-07
-1.166543296e-07
1.239407752e-07
-1.219102649e-07
1.177646761e-07
-1.271259349e-07
1.109055844e-07
-1.322966796e-07
1.033417097e-07
-1.374152166e-07
9.505104034e-08
-1.424710732e-07
8.601237875e-08
-1.474499779e-07
7.620640115e-08
-1.523332027e-07
6.561677472e-08
-1.57096847e-07
5.423136729e-08
-1.617110622e-07
4.204359137e-08
-1.661392172e-07
2.905392977e-08
-1.703370204e-07
1.527168722e-08
-1.742516546e-07
7.169987821e-10
-1.778208272e-07
-1.457674124e-08
-1.809722093e-07
-3.056038621e-08
-1.836226028e-07
-4.716588865e-08
-1.856776661e-07
-6.430228381e-08
-1.870320989e-07
-8.185158748e-08
-1.87570537e-07
-9.966429294e-08
-1.87169424e-07
-1.175546947e-07
-1.857001559e-07
-1.352963597e-07
-1.830337973e-07
-1.526182306e-07
-1.790476275e-07
-1.692020461e-07
-1.736336659e-07
-1.846819625e-07
-1.667091299e-07
-1.986474351e-07
-1.582284881e-07
-2.106504935e-07
-1.481963962e-07
-2.20218457e-07
-1.366803797e-07
-2.268728048e-07
-1.238217345e-07
-2.301542803e-07
-1.09842862e-07
-2.296533685e-07
-9.504925375e-08
-2.250441206e-07
-7.982469963e-08
-2.16118097e-07
-6.461904618e-08
-2.028142352e-07
-4.992891981e-08
-1.852400375e-07
-3.627307571e-08
-1.636798915e-07
-2.416517869e-08
-1.385876927e-07
-1.408759762e-08
-1.105629114e-07
-6.470041821e-09
-8.031113873e-08
-1.67627517e-09
-4.859483175e-08
-1.619477055e-08
-5.102906694e-10
1.29625752e-08
-1.932681298e-09
3.621633212e-08
-4.157618481e-09
5.687719216e-08
-7.076551236e-09
7.505996864e-08
-1.058446514e-08
9.090227633e-08
-1.458207564e-08
1.045594206e-07
-1.897759076e-08
1.161977709e-07
-2.368796701e-08
1.259884438e-07
-2.86396506e-08
1.341016426e-07
-3.376884966e-08
1.407018263e-07
-3.902141225e-08
1.459438026e-07
-4.435239674e-08
1.499697748e-07
-4.972542069e-08
1.529073083e-07
-5.511186582e-08
1.54868137e-07
-6.049000446e-08
1.559477007e-07
-6.584409866e-08
1.562252871e-07
-7.116350937e-08
1.557646507e-07
-7.644184102e-08
1.546149847e-07
-8.167613619e-08
1.528121342e-07
-8.686612734e-08
1.503799548e-07
-9.201354603e-08
1.473317393e-07
-9.712148609e-08
1.436716521e-07
-1.021938137e-07
1.393961292e-07
-1.072346155e-07
1.344952171e-07
-1.122476748e-07
1.289538364e-07
-1.172359643e-07
1.227529674e-07
-1.222011429e-07
1.158707648e-07
-1.271430451e-07
1.082836137e-07
-1.320591482e-07
9.99671453e-08
-1.369440054e-07
9.089723783e-08
-1.417886298e-07
8.105102742e-08
-1.465798167e-07
7.040796352e-08
-1.512993925e-07
5.895094501e-08
-1.559233803e-07
4.666758106e-08
-1.604210771e-07
3.35516285e-08
-1.647540505e-07
1.960466249e-08
-1.688750848e-07
4.838035026e-09
-1.727269893e-07
-1.072483477e-08
-1.762417414e-07
-2.704563223e-08
-1.793392843e-07
-4.406834392e-08
-1.819267325e-07
-6.171483376e-08
-1.838979647e-07
-7.988035345e-08
-1.851338363e-07
-9.842841959e-08
-1.855033096e-07
-1.171852197e-07
-1.848658534e-07
-1.359338142e-07
-1.830755017e-07
-1.544085806e-07
-1.79986958e-07
-1.722905881e-07
-1.754640585e-07
-1.892048604e-07
-1.693907342e-07
-2.047207578e-07
-1.616843139e-07
-2.183569123e-07
-1.523105798e-07
-2.295921895e-07
-1.412994588e-07
-2.378839242e-07
-1.287596706e-07
-2.426940672e-07
-1.148901968e-07
-2.435228409e-07
-9.998624327e-08
-2.399480726e-07
-8.443759581e-08
-2.316667431e-07
-6.871803156e-08
-2.18533798e-07
-5.33657152e-08
-2.005923524e-07
-3.895610178e-08
-1.780895035e-07
-2.607046256e-08
-1.514733305e-07
-1.526436513e-08
-1.213690075e-07
-7.040999771e-09
-8.853450268e-08
-1.833742322e-09
-5.380208781e-08
-1.802851249e-08
-5.025126153e-10
1.346508849e-08
-1.905718189e-09
3.761953928e-08
-4.10152951e-09
5.907300502e-08
-6.980738774e-09
7.793917942e-08
-1.043641358e-08
9.435795265e-08
-1.436673625e-08
1.084897447e-07
-1.867726457e-08
1.205083008e-07
-2.328254259e-08
1.305937233e-07
-2.810706684e-08
1.389261683e-07
-3.308567805e-08
1.456804391e-07
-3.816348023e-08
1.510216064e-07
-4.329539853e-08
1.551016947e-07
-4.844548301e-08
1.580573943e-07
-5.358605234e-08
1.600087079e-07
-5.86967545e-08
1.610584045e-07
-6.376360351e-08
1.612921377e-07
-6.877803419e-08
1.60779083e-07
-7.373600248e-08
1.595729547e-07
-7.863714691e-08
1.577132803e-07
-8.348401745e-08
1.552268271e-07
-8.82813716e-08
1.521290952e-07
-9.303553252e-08
1.484258148e-07
-9.775380112e-08
1.441143996e-07
-1.02443912e-07
1.391853298e-07
-1.071135212e-07
1.336234474e-07
-1.11769714e-07
1.27409162e-07
-1.164185184e-07
1.205195711e-07
-1.210644113e-07
1.129295084e-07
-1.257098016e-07
1.046125375e-07
-1.303544755e-07
9.554191355e-08
-1.349949872e-07
8.569154108e-08
-1.396239801e-07
7.503695828e-08
-1.4422942e-07
6.355638678e-08
-1.487937279e-07
5.123189089e-08
-1.532927988e-07
3.805070135e-08
-1.576949032e-07
2.400676879e-08
-1.619594688e-07
9.10260258e-09
-1.660357546e-07
-6.648547013e-09
-1.698615914e-07
-2.321979359e-08
-1.733619524e-07
-4.056798097e-08
-1.764476144e-07
-5.862916993e-08
-1.790141408e-07
-7.731382523e-08
-1.809413547e-07
-9.650120395e-08
-1.820936127e-07
-1.1603296e-07
-1.82321274e-07
-1.357061511e-07
-1.814638345e-07
-1.552660184e-07
-1.793552402e-07
-1.743991807e-07
-1.758318774e-07
-1.927282216e-07
-1.70743605e-07
-2.098090286e-07
-1.639679217e-07
-2.251325941e-07
-1.554268995e-07
-2.381332102e-07
-1.451058885e-07
-2.482049337e-07
-1.330722572e-07
-2.54727697e-07
-1.194917247e-07
-2.57103372e-07
-1.046393703e-07
-2.548004256e-07
-8.890241287e-08
-2.474036991e-07
-7.277253038e-08
-2.346636791e-07
-5.682689587e-08
-2.165379855e-07
-4.169908191e-08
-1.932173161e-07
-2.804314296e-08
-1.651292681e-07
-1.649600674e-08
-1.329161424e-07
-7.644347647e-09
-9.738616029e-08
-2.001819019e-09
-5.944461506e-08
-2.003033118e-08
-4.963028407e-10
1.39613923e-08
-1.884335483e-09
3.900757343e-08
-4.056352524e-09
6.124502363e-08
-6.901139677e-09
8.078396815e-08
-1.030849515e-08
9.776530968e-08
-1.417285989e-08
1.12354111e-07
-1.839616173e-08
1.247316042e-07
-2.288981693e-08
1.3508738e-07
-2.757591982e-08
1.436122728e-07
-3.238772763e-08
1.504922484e-07
-3.726958047e-08
1.559034608e-07
-4.217640156e-08
1.600085174e-07
-4.707291172e-08
1.629539061e-07
-5.193267243e-08
1.648684703e-07
-5.673704797e-08
1.658627817e-07
-6.147415395e-08
1.660292454e-07
-6.613783885e-08
1.654427696e-07
-7.072672728e-08
1.641618448e-07
-7.524334035e-08
1.622298951e-07
-7.969329789e-08
1.596767863e-07
-8.40846006e-08
1.565203997e-07
-8.842698469e-08
1.527682006e-07
-9.27313392e-08
1.484187559e-07
-9.700917368e-08
1.43463166e-07
-1.012721233e-07
1.378863988e-07
-1.055314773e-07
1.316685178e-07
-1.097977162e-07
1.247858119e-07
-1.140800427e-07
1.172118368e-07
-1.183858899e-07
1.089183865e-07
-1.227203901e-07
9.987641569e-08
-1.270857871e-07
9.005693994e-08
-1.314807711e-07
7.943194417e-08
-1.358997193e-07
6.797533683e-08
-1.403318206e-07
5.56639941e-08
-1.44760067e-07
4.247894964e-08
-1.491600953e-07
2.840679905e-08
-1.534988717e-07
1.344138085e-08
-1.577332279e-07
-2.414188948e-09
-1.618082705e-07
-1.914474902e-08
-1.656557895e-07
-3.672046016e-08
-1.691923885e-07
-5.509256913e-08
-1.723178849e-07
-7.418832706e-08
-1.749140216e-07
-9.390506542e-08
-1.768438091e-07
-1.141031708e-07
-1.779519114e-07
-1.345980472e-07
-1.780666069e-07
-1.551513212e-07
-1.770039562e-07
-1.754618299e-07
-1.745748564e-07
-1.951573199e-07
-1.705956117e-07
-2.137882717e-07
-1.649024243e-07
-2.308257799e-07
-1.573697667e-07
-2.456658664e-07
-1.479318954e-07
-2.576428037e-07
-1.366058519e-07
-2.66053739e-07
-1.235132974e-07
-2.701959251e-07
-1.088976899e-07
-2.694160318e-07
-9.313297095e-08
-2.631684167e-07
-7.672038658e-08
-2.510762621e-07
-6.027152976e-08
-2.32986841e-07
-4.447805143e-08
-2.09010793e-07
-3.007132825e-08
-1.795359899e-07
-1.77780126e-08
-1.452094567e-07
-8.279146185e-09
-1.068850254e-07
-2.180604457e-09
-6.554315548e-08
-2.221093525e-08
-4.927109454e-10
1.445410402e-08
-1.872268593e-09
4.038713273e-08
-4.029617964e-09
6.340237463e-08
-6.849659854e-09
8.360401165e-08
-1.02171052e-08
1.011327566e-07
-1.402107524e-08
1.161580827e-07
-1.815862695e-08
1.288691575e-07
-2.253717778e-08
1.394659325e-07
-2.707590322e-08
1.481509998e-07
-3.170626922e-08
1.55122616e-07
-3.637189283e-08
1.60569086e-07
-4.102792098e-08
1.646645471e-07
-4.564009593e-08
1.675660827e-07
-5.018364587e-08
1.694120219e-07
-5.464210661e-08
1.703212441e-07
-5.900615027e-08
1.703932907e-07
-6.327247085e-08
1.697090919e-07
-6.744275562e-08
1.683321313e-07
-7.152275577e-08
1.663098969e-07
-7.552145837e-08
1.636754907e-07
-7.945035421e-08
1.604492973e-07
-8.332279122e-08
1.566406394e-07
-8.715340077e-08
1.522493672e-07
-9.095758217e-08
1.472673492e-07
-9.475103048e-08
1.416798489e-07
-9.854929206e-08
1.354667812e-07
-1.023673321e-07
1.286038537e-07
-1.062190977e-07
1.210636042e-07
-1.101170603e-07
1.128163509e-07
-1.140717185e-07
1.038310757e-07
-1.180910431e-07
9.407626644e-08
-1.221798441e-07
8.352074701e-08
-1.263390365e-07
7.213453108e-08
-1.305647833e-07
5.98897427e-08
-1.348474899e-07
4.676165806e-08
-1.391706264e-07
3.272993746e-08
-1.435093645e-07
1.778012077e-08
-1.47829025e-07
1.905473419e-09
-1.520832206e-07
-1.489055154e-08
-1.562121376e-07
-3.259154138e-08
-1.601402357e-07
-5.116446929e-08
-1.637741007e-07
-7.055446033e-08
-1.670004188e-07
-9.067874559e-08
-1.696843597e-07
-1.114192282e-07
-1.716687789e-07
-1.326136263e-07
-1.727747998e-07
-1.540452987e-07
-1.728044976e-07
-1.754321305e-07
-1.715465397e-07
-1.964152762e-07
-1.687856819e-07
-2.165491281e-07
-1.643168964e-07
-2.352945639e-07
-1.579645266e-07
-2.520182347e-07
-1.496061451e-07
-2.660011837e-07
-1.391997284e-07
-2.764601544e-07
-1.268114529e-07
-2.825841993e-07
-1.126401331e-07
-2.835873503e-07
-9.703346412e-08
-2.787750844e-07
-8.049130053e-08
-2.676184244e-07
-6.365255207e-08
-2.498255881e-07
-4.726498153e-08
-2.253983623e-07
-3.214081882e-08
-1.946601514e-07
-1.910481019e-08
-1.582454642e-07
-8.944108849e-09
-1.170457253e-07
-2.370149515e-09
-7.211711348e-08
-2.458108448e-08
-4.930099558e-10
1.494711495e-08
-1.874028059e-09
4.176815243e-08
-4.030370459e-09
6.555871867e-08
-6.840512073e-09
8.641415489e-08
-1.018168393e-08
1.044739301e-07
-1.393566555e-08
1.199120659e-07
-1.799310255e-08
1.329265961e-07
-2.225637839e-08
1.437292099e-07
-2.664118265e-08
1.525358057e-07
-3.107701859e-08
1.595584536e-07
-3.550691687e-08
1.649989859e-07
-3.988660511e-08
1.69044237e-07
-4.418334485e-08
1.718628241e-07
-4.837460346e-08
1.736032821e-07
-5.24466835e-08
1.743933258e-07
-5.63933935e-08
1.743400024e-07
-6.021481143e-08
1.735305115e-07
-6.391616816e-08
1.720334897e-07
-6.750685989e-08
1.699005904e-07
-7.099958685e-08
1.671682194e-07
-7.440960797e-08
1.638593201e-07
-7.775409667e-08
1.599851298e-07
-8.105158121e-08
1.555468535e-07
-8.43214521e-08
1.505372219e-07
-8.758351901e-08
1.449419176e-07
-9.085760005e-08
1.38740864e-07
-9.416312645e-08
1.319093819e-07
-9.75187455e-08
1.24419225e-07
-1.009419045e-07
1.162395117e-07
-1.044483974e-07
1.073375703e-07
-1.080518545e-07
9.767972536e-08
-1.117631546e-07
8.723204886e-08
-1.15589735e-07
7.596111332e-08
-1.195347758e-07
6.383478522e-08
-1.235962273e-07
5.082311136e-08
-1.277656526e-07
3.689936454e-08
-1.320268605e-07
2.204133042e-08
-1.363543028e-07
6.232917555e-09
-1.407111179e-07
-1.053373474e-08
-1.45047193e-07
-2.825546455e-08
-1.492966415e-07
-4.691501909e-08
-1.53375158e-07
-6.647594213e-08
-1.571773215e-07
-8.687658042e-08
-1.605740499e-07
-1.080224982e-07
-1.634105811e-07
-1.297770935e-07
-1.655055361e-07
-1.519503422e-07
-1.666518349e-07
-1.742858302e-07
-1.666204601e-07
-1.964466496e-07
-1.651682263e-07
-2.180013604e-07
-1.620507354e-07
-2.384120535e-07
-1.570414396e-07
-2.570275292e-07
-1.499570775e-07
-2.730855446e-07
-1.406885987e-07
-2.85728632e-07
-1.292350942e-07
-2.940377025e-07
-1.157364417e-07
-2.970860016e-07
-1.004988506e-07
-2.940126744e-07
-8.400690765e-08
-2.841103661e-07
-6.691673372e-08
-2.669157609e-07
-5.002776235e-08
-2.422873324e-07
-3.423514338e-08
-2.104527692e-07
-2.046983094e-08
-1.720107754e-07
-9.63765828e-09
-1.278778968e-07
-2.570479181e-09
-7.918429142e-08
-2.715156329e-08
-4.987516944e-10
1.544586747e-08
-1.895074501e-09
4.316447691e-08
-4.069484006e-09
6.773312983e-08
-6.890650308e-09
8.923532284e-08
-1.022522127e-08
1.078085027e-07
-1.394508252e-08
1.236319288e-07
-1.793258924e-08
1.369141044e-07
-2.208389106e-08
1.478805133e-07
-2.63106008e-08
1.567625171e-07
-3.054016601e-08
1.637880204e-07
-3.471531185e-08
1.691741334e-07
-3.879288252e-08
1.731218093e-07
-4.27423467e-08
1.758122899e-07
-4.654416766e-08
1.774051047e-07
-5.018817767e-08
1.780373375e-07
-5.367204676e-08
1.778238731e-07
-5.699989567e-08
1.76858362e-07
-6.018107495e-08
1.752146706e-07
-6.322911195e-08
1.729486291e-07
-6.616081551e-08
1.700999246e-07
-6.899552064e-08
1.666940269e-07
-7.175445271e-08
1.627440636e-07
-7.446018907e-08
1.582525915e-07
-7.713619694e-08
1.532132314e-07
-7.980642726e-08
1.476121496e-07
-8.249494516e-08
1.414293836e-07
-8.52255791e-08
1.346400175e-07
-8.802157081e-08
1.272152185e-07
-9.090520857e-08
1.191231511e-07
-9.389742581e-08
1.103297893e-07
-9.701734553e-08
1.007996468e-07
-1.002817496e-07
9.04964546e-08
-1.037044491e-07
7.93838145e-08
-1.072955294e-07
6.742586726e-08
-1.110604391e-07
5.458802277e-08
-1.149988874e-07
4.083781444e-08
-1.191035151e-07
2.614595987e-08
-1.233582944e-07
1.048769849e-08
-1.277365877e-07
-6.155439824e-09
-1.321990135e-07
-2.37930371e-08
-1.366908246e-07
-4.242320633e-08
-1.411388803e-07
-6.202788489e-08
-1.454483846e-07
-8.256707458e-08
-1.494994993e-07
-1.03971382e-07
-1.531441403e-07
-1.261324511e-07
-1.562034649e-07
-1.488910162e-07
-1.584668199e-07
-1.720224738e-07
-1.596932264e-07
-1.952202417e-07
-1.596167807e-07
-2.180778048e-07
-1.579575457e-07
-2.400712871e-07
-1.544394527e-07
-2.60545621e-07
-1.488162288e-07
-2.787087672e-07
-1.409052392e-07
-2.936396204e-07
-1.30627307e-07
-3.043156336e-07
-1.180482282e-07
-3.096650792e-07
-1.034153329e-07
-3.086455687e-07
-8.718092147e-08
-3.003447764e-07
-7.000470951e-08
-2.840919717e-07
-5.27302551e-08
-2.595617857e-07
-3.633567174e-08
-2.268473515e-07
-2.18656466e-08
-1.864807995e-07
-1.035802658e-08
-1.393855155e-07
-2.781629568e-09
-8.676068723e-08
-2.993319263e-08
-5.11839649e-10
1.595770807e-08
-1.942050393e-09
4.459468928e-08
-4.160070156e-09
6.995115124e-08
-7.020317327e-09
9.209557164e-08
-1.037487195e-08
1.111630589e-07
-1.408254329e-08
1.273396017e-07
-1.801514267e-08
1.408467054e-07
-2.20612354e-08
1.519266077e-07
-2.612778868e-08
1.608290719e-07
-3.01402418e-08
1.678004751e-07
-3.404150521e-08
1.730753984e-07
-3.779031583e-08
1.768706215e-07
-4.135927943e-08
1.793812551e-07
-4.473283709e-08
1.80778664e-07
-4.790531144e-08
1.812098134e-07
-5.087912427e-08
1.807976876e-07
-5.366322974e-08
1.796424691e-07
-5.627177435e-08
1.778232169e-07
-5.872297438e-08
1.753998307e-07
-6.10381892e-08
1.724151411e-07
-6.324116317e-08
1.688970025e-07
-6.535740722e-08
1.648603093e-07
-6.741369194e-08
1.603088779e-07
-6.943762612e-08
1.552371672e-07
-7.14572969e-08
1.49631822e-07
-7.350095037e-08
1.434730387e-07
-7.559669309e-08
1.367357619e-07
-7.777219653e-08
1.293907235e-07
-8.005438695e-08
1.214053432e-07
-8.246910341e-08
1.127445073e-07
-8.504070532e-08
1.033712503e-07
-8.779160921e-08
9.324736008e-08
-9.074173191e-08
8.233393878e-08
-9.390781379e-08
7.059195072e-08
-9.730259079e-08
5.798280133e-08
-1.009337773e-07
4.446900252e-08
-1.048028163e-07
3.001500036e-08
-1.089033516e-07
1.458823533e-08
-1.132193503e-07
-1.83943952e-09
-1.177228514e-07
-1.928953453e-08
-1.223713793e-07
-3.777467697e-08
-1.27104644e-07
-5.729461873e-08
-1.318408621e-07
-7.783085501e-08
-1.36472669e-07
-9.933957376e-08
-1.408628421e-07
-1.217422767e-07
-1.448402546e-07
-1.449136023e-07
-1.481967658e-07
-1.686659613e-07
-1.506861336e-07
-1.927308727e-07
-1.52026471e-07
-2.167374661e-07
-1.519081707e-07
-2.401895863e-07
-1.500094286e-07
-2.624443619e-07
-1.460212676e-07
-2.826969272e-07
-1.396829979e-07
-2.999778891e-07
-1.308271444e-07
-3.131714861e-07
-1.194300211e-07
-3.210622014e-07
-1.056608173e-07
-3.224147715e-07
-8.991925611e-08
-3.160863367e-07
-7.285100994e-08
-3.011602169e-07
-5.533238813e-08
-2.770804065e-07
-3.842180439e-08
-2.437579342e-07
-2.328418594e-08
-2.016184169e-07
-1.110341356e-08
-1.51566287e-07
-3.003706958e-09
-9.486039291e-08
-3.293689927e-08
-5.346298289e-10
1.649233875e-08
-2.023088037e-09
4.60831491e-08
-4.318007044e-09
7.224607187e-08
-7.253732892e-09
9.503129909e-08
-1.066269743e-08
1.14572025e-07
-1.43867077e-08
1.310636136e-07
-1.828437827e-08
1.447443775e-07
-2.223522659e-08
1.558774575e-07
-2.614110211e-08
1.64734949e-07
-2.992571329e-08
1.715850879e-07
-3.35329451e-08
1.766826318e-07
-3.692452148e-08
1.802621994e-07
-4.007741991e-08
1.825341551e-07
-4.298131275e-08
1.836825584e-07
-4.563620222e-08
1.838647044e-07
-4.805033552e-08
1.832118225e-07
-5.023843065e-08
1.818305658e-07
-5.222020709e-08
1.798049949e-07
-5.401919483e-08
1.7719882e-07
-5.566178472e-08
1.740577325e-07
-5.717647971e-08
1.704116991e-07
-5.859330772e-08
1.662771388e-07
-5.994336009e-08
1.616589318e-07
-6.125842385e-08
1.565522325e-07
-6.257068008e-08
1.509440798e-07
-6.391244499e-08
1.448148052e-07
-6.5315933e-08
1.381392514e-07
-6.681302349e-08
1.308878155e-07
-6.843501441e-08
1.230273356e-07
-7.02123466e-08
1.14521841e-07
-7.217428159e-08
1.053331867e-07
-7.434851394e-08
9.542159389e-08
-7.676069699e-08
8.474612328e-08
-7.943385748e-08
7.326511266e-08
-8.238766849e-08
6.093661377e-08
-8.563754221e-08
4.771887766e-08
-8.919349485e-08
3.35709544e-08
-9.305874066e-08
1.845348254e-08
-9.722794041e-08
2.329761622e-09
-1.01684928e-07
-1.483254563e-08
-1.064002259e-07
-3.305937766e-08
-1.113276541e-07
-5.236718924e-08
-1.164003829e-07
-7.275812499e-08
-1.215263293e-07
-9.421362607e-08
-1.265829915e-07
-1.166856133e-07
-1.314120117e-07
-1.40084581e-07
-1.3581405e-07
-1.642639218e-07
-1.395449776e-07
-1.88999944e-07
-1.423149468e-07
-2.139674958e-07
-1.437925113e-07
-2.387120207e-07
-1.436164918e-07
-2.626203805e-07
-1.414184383e-07
-2.848949797e-07
-1.368579296e-07
-3.045383968e-07
-1.296711648e-07
-3.2035825e-07
-1.197301156e-07
-3.310032497e-07
-1.071051951e-07
-3.350396911e-07
-9.211999859e-08
-3.310715323e-07
-7.538400359e-08
-3.17896211e-07
-5.77902463e-08
-2.94674163e-07
-4.047122712e-08
-2.610769526e-07
-2.471704785e-08
-2.173725955e-07
-1.187221848e-08
-1.644111154e-07
-3.236974206e-09
-1.034956362e-07
-3.617387332e-08
-5.700674121e-10
1.706240704e-08
-2.148219831e-09
4.766130311e-08
-4.5626242e-09
7.466047782e-08
-7.619952433e-09
9.808862889e-08
-1.11265446e-08
1.180786188e-07
-1.490241486e-08
1.348394854e-07
-1.878992564e-08
1.486318898e-07
-2.26580461e-08
1.597455795e-07
-2.640324911e-08
1.684801535e-07
-2.994814679e-08
1.75129987e-07
-3.323880409e-08
1.799732906e-07
-3.624144207e-08
1.832648389e-07
-3.893902308e-08
1.852317376e-07
-4.132802627e-08
1.860715631e-07
-4.341558179e-08
1.859522615e-07
-4.521703345e-08
1.850132756e-07
-4.675393568e-08
1.833674695e-07
-4.805245274e-08
1.811035134e-07
-4.914210924e-08
1.78288478e-07
-5.005483377e-08
1.749704585e-07
-5.082423885e-08
1.711811056e-07
-5.148508485e-08
1.669379863e-07
-5.207288234e-08
1.622467307e-07
-5.262359488e-08
1.571029465e-07
-5.317341031e-08
1.514938967e-07
-5.375855444e-08
1.453999507e-07
-5.441512621e-08
1.387958246e-07
-5.517893522e-08
1.316516259e-07
-5.608532618e-08
1.239337279e-07
-5.716897593e-08
1.156054921e-07
-5.846364757e-08
1.066278597e-07
-6.000188459e-08
9.695983225e-08
-6.181462635e-08
8.655886635e-08
-6.393072335e-08
7.538121096e-08
-6.637632399e-08
6.338221569e-08
-6.91740958e-08
5.051665074e-08
-7.23422341e-08
3.673909395e-08
-7.589320864e-08
2.200445831e-08
-7.983217108e-08
6.268725279e-09
-8.41548291e-08
-1.05098864e-08
-8.884505284e-08
-2.836915275e-08
-9.387156906e-08
-4.734067189e-08
-9.918392637e-08
-6.744576656e-08
-1.047075875e-07
-8.868996389e-08
-1.103381145e-07
-1.110550853e-07
-1.159345805e-07
-1.344881139e-07
-1.213126062e-07
-1.588858952e-07
-1.262378622e-07
-1.840746871e-07
-1.304215052e-07
-2.097838519e-07
-1.335198146e-07
-2.356137104e-07
-1.351411657e-07
-2.609990285e-07
-1.348641106e-07
-2.85172034e-07
-1.32270284e-07
-3.071322226e-07
-1.269944799e-07
-3.256340533e-07
-1.187910064e-07
-3.392067225e-07
-1.076102392e-07
-3.462204576e-07
-9.367304729e-08
-3.450087235e-07
-7.752560677e-08
-3.340436508e-07
-6.00560685e-08
-3.121437005e-07
-4.246020384e-08
-2.786728166e-07
-2.615591758e-08
-2.33676881e-07
-1.26633673e-08
-1.77903665e-07
-3.481978077e-09
-1.126770248e-07
-3.965585114e-08
-6.218757176e-10
1.76842836e-08
-2.329926184e-09
4.936935509e-08
-4.917586502e-09
7.724813966e-08
-8.153926018e-09
1.013249699e-07
-1.181105651e-08
1.217357507e-07
-1.56814242e-08
1.387098545e-07
-1.958772131e-08
1.525381884e-07
-2.338696749e-08
1.635448271e-07
-2.697039019e-08
1.720635777e-07
-3.026067393e-08
1.784202722e-07
-3.320783938e-08
1.829204575e-07
-3.578465085e-08
1.858416518e-07
-3.798213196e-08
1.874292201e-07
-3.980551903e-08
1.878949516e-07
-4.127080433e-08
1.874175482e-07
-4.240190431e-08
1.86144377e-07
-4.322841837e-08
1.84193985e-07
-4.378390761e-08
1.816590041e-07
-4.410460893e-08
1.786091807e-07
-4.422849951e-08
1.750943505e-07
-4.419463372e-08
1.711472412e-07
-4.404268502e-08
1.66786039e-07
-4.381263643e-08
1.620166835e-07
-4.354457485e-08
1.568348863e-07
-4.327855264e-08
1.512278758e-07
-4.305448839e-08
1.451758878e-07
-4.291208595e-08
1.386534234e-07
-4.289075192e-08
1.316302932e-07
-4.302949796e-08
1.240724752e-07
-4.33668166e-08
1.15942812e-07
-4.394051698e-08
1.072015613e-07
-4.478750541e-08
9.780682186e-08
-4.594349496e-08
8.771485707e-08
-4.744262744e-08
7.688034458e-08
-4.931698182e-08
6.525657119e-08
-5.15959359e-08
5.27956059e-08
-5.43053366e-08
3.944849572e-08
-5.746642379e-08
2.516554656e-08
-6.109443288e-08
9.896735409e-09
-6.519671804e-08
-6.407600229e-09
-6.977049286e-08
-2.379537694e-08
-7.479973828e-08
-4.231142551e-08
-8.025126187e-08
-6.199424204e-08
-8.606971144e-08
-8.287151341e-08
-9.217139079e-08
-1.04953405e-07
-9.843683707e-08
-1.282226668e-07
-1.047023295e-07
-1.526204019e-07
-1.10750922e-07
-1.780260937e-07
-1.163042379e-07
-2.042305353e-07
-1.21017195e-07
-2.309007525e-07
-1.244790282e-07
-2.575371946e-07
-1.262251494e-07
-2.834259122e-07
-1.257650758e-07
-3.075922954e-07
-1.226310536e-07
-3.28768075e-07
-1.164491479e-07
-3.453886276e-07
-1.070288598e-07
-3.556407451e-07
-9.445916757e-08
-3.575784152e-07
-7.919055098e-08
-3.493122668e-07
-6.207801452e-08
-3.292562364e-07
-4.436385157e-08
-2.96386979e-07
-2.759309787e-08
-2.504476343e-07
-1.34767624e-08
-1.920199998e-07
-3.739729739e-09
-1.224140568e-07
-4.339558082e-08
-6.948177963e-10
1.837910219e-08
-2.58386928e-09
5.125840806e-08
-5.412030277e-09
8.007630212e-08
-8.897781708e-09
1.048107228e-07
-1.276877999e-08
1.256067504e-07
-1.678304809e-08
1.42724124e-07
-2.07399428e-08
1.564950845e-07
-2.448346012e-08
1.672883458e-07
-2.790036454e-08
1.754804835e-07
-3.091535893e-08
1.81435268e-07
-3.348496324e-08
1.854900631e-07
-3.559121137e-08
1.879479013e-07
-3.723582107e-08
1.890738312e-07
-3.843516186e-08
1.890942937e-07
-3.921612668e-08
1.881985143e-07
-3.961288147e-08
1.865411331e-07
-3.966439665e-08
1.842455015e-07
-3.941263592e-08
1.814072446e-07
-3.890127354e-08
1.780978196e-07
-3.817482095e-08
1.743678992e-07
-3.727806031e-08
1.702504818e-07
-3.625569981e-08
1.657636797e-07
-3.515218235e-08
1.609131673e-07
-3.401159697e-08
1.556943022e-07
-3.2877651e-08
1.50093931e-07
-3.179367394e-08
1.440919119e-07
-3.080263386e-08
1.376623845e-07
-2.994714459e-08
1.30774805e-07
-2.926945286e-08
1.233947846e-07
-2.881139786e-08
1.154847581e-07
-2.861433342e-08
1.070044979e-07
-2.871899926e-08
9.791148873e-08
-2.916532603e-08
8.816118483e-08
-2.999216685e-08
7.770718637e-08
-3.123693119e-08
6.650133647e-08
-3.2935092e-08
5.449376764e-08
-3.511952648e-08
4.16329311e-08
-3.781963521e-08
2.786565616e-08
-4.106017537e-08
1.313727641e-08
-4.485967537e-08
-2.608099399e-09
-4.92283603e-08
-1.942669121e-08
-5.416539893e-08
-3.73743861e-08
-5.965520761e-08
-5.650443262e-08
-6.566260258e-08
-7.686411771e-08
-7.212654291e-08
-9.848946401e-08
-7.895224483e-08
-1.213969642e-07
-8.600157974e-08
-1.455710664e-07
-9.308204381e-08
-1.709456291e-07
-9.993517469e-08
-1.973774038e-07
-1.06226264e-07
-2.246096627e-07
-1.115386869e-07
-2.522247712e-07
-1.153778701e-07
-2.795867284e-07
-1.171914861e-07
-3.05778679e-07
-1.164129936e-07
-3.295465671e-07
-1.125337632e-07
-3.492678575e-07
-1.052034062e-07
-3.629711017e-07
-9.434813563e-08
-3.684336853e-07
-8.028490673e-08
-3.633754953e-07
-6.379948672e-08
-3.457416561e-07
-4.61563005e-08
-3.140301649e-07
-2.90221481e-08
-2.675817862e-07
-1.431389235e-08
-2.067282553e-07
-4.011965102e-09
-1.327159837e-07
-4.740754575e-08
-7.950635555e-10
1.917416653e-08
-2.929880293e-09
5.339322614e-08
-6.082015248e-09
8.322843844e-08
-9.902340747e-09
1.086310496e-07
-1.406127846e-08
1.297656895e-07
-1.827446262e-08
1.469373095e-07
-2.231424583e-08
1.60534869e-07
-2.601121967e-08
1.70985321e-07
-2.924949753e-08
1.787187626e-07
-3.195884973e-08
1.841446215e-07
-3.410585457e-08
1.876370692e-07
-3.568538839e-08
1.895274364e-07
-3.671314878e-08
1.901015928e-07
-3.721948181e-08
1.89600628e-07
-3.724452707e-08
1.882235608e-07
-3.68345558e-08
1.861311631e-07
-3.603931719e-08
1.834502641e-07
-3.491019523e-08
1.802781239e-07
-3.349899097e-08
1.766866165e-07
-3.185717044e-08
1.727260798e-07
-3.003544719e-08
1.684287597e-07
-2.808359612e-08
1.638118298e-07
-2.605041631e-08
1.588799886e-07
-2.398379003e-08
1.53627677e-07
-2.193078753e-08
1.480409296e-07
-1.993779045e-08
1.420989159e-07
-1.80506218e-08
1.357752169e-07
-1.631465355e-08
1.290388378e-07
-1.47748846e-08
1.218550166e-07
-1.347598671e-08
1.141858611e-07
-1.246231822e-08
1.059908303e-07
-1.177789004e-08
9.722706142e-08
-1.146626411e-08
8.784955974e-08
-1.157039654e-08
7.781131961e-08
-1.21323959e-08
6.706333661e-08
-1.319317578e-08
5.555454826e-08
-1.479196764e-08
4.323172366e-08
-1.696564365e-08
3.003933285e-08
-1.974779428e-08
1.59194277e-08
-2.316746047e-08
8.115674196e-10
-2.724729242e-08
-1.534685865e-08
-3.200122548e-08
-3.262045246e-08
-3.743114191e-08
-5.107451564e-08
-4.352236633e-08
-7.077289277e-08
-5.023762415e-08
-9.17742057e-08
-5.750908104e-08
-1.141255068e-07
-6.522812041e-08
-1.378520266e-07
-7.323282633e-08
-1.629409227e-07
-8.129354755e-08
-1.893166822e-07
-8.909787346e-08
-2.168053364e-07
-9.623798039e-08
-2.450846639e-07
-1.022054172e-07
-2.736192913e-07
-1.064008896e-07
-3.015832062e-07
-1.081685952e-07
-3.277788612e-07
-1.06864407e-07
-3.505720455e-07
-1.0196265e-07
-3.678728585e-07
-9.31955425e-08
-3.772007926e-07
-8.070343633e-08
-3.758676013e-07
-6.515767263e-08
-3.612874195e-07
-4.781056608e-08
-3.313772712e-07
-3.04386167e-08
-2.849537356e-07
-1.517865101e-08
-2.219882206e-07
-4.301515948e-09
-1.435931184e-07
-5.170906174e-08
-9.30712394e-10
2.010487961e-08
-3.393295201e-09
5.585581027e-08
-6.972365136e-09
8.680750966e-08
-1.122883313e-08
1.128875189e-07
-1.57600551e-08
1.342969127e-07
-2.023031321e-08
1.514075688e-07
-2.438173922e-08
1.646862962e-07
-2.803240275e-08
1.746359857e-07
-3.106714285e-08
1.817535039e-07
-3.342537743e-08
1.865028572e-07
-3.508861729e-08
1.893003102e-07
-3.60691829e-08
1.905080032e-07
-3.640077832e-08
1.904331894e-07
-3.613105767e-08
1.893309084e-07
-3.531603747e-08
1.874085417e-07
-3.401608071e-08
1.848312074e-07
-3.229314475e-08
1.817273293e-07
-3.020900061e-08
1.781939808e-07
-2.782417043e-08
1.743017874e-07
-2.519737607e-08
1.700992865e-07
-2.23853376e-08
1.656167223e-07
-1.944280131e-08
1.608692945e-07
-1.642269512e-08
1.558598834e-07
-1.337637294e-08
1.505813557e-07
-1.035387565e-08
1.450184332e-07
-7.404185319e-09
1.391492264e-07
-4.575490319e-09
1.329465227e-07
-1.91540194e-09
1.263787502e-07
5.288677947e-10
1.194107477e-07
2.710352177e-09
1.120043775e-07
4.582259115e-09
1.041189241e-07
6.097914908e-09
9.571140634e-08
7.210735151e-09
8.673674016e-08
7.874284579e-09
7.714777081e-08
8.042400588e-09
6.689522119e-08
7.66940076e-09
5.592754865e-08
6.710402548e-09
4.419072239e-08
5.12179659e-09
3.16279393e-08
2.861923033e-09
1.817930171e-08
-1.079646814e-10
3.78145556e-09
-3.822173928e-09
-1.163264901e-08
-8.308693512e-09
-2.813393251e-08
-1.358629672e-08
-4.579691209e-08
-1.966056005e-08
-6.469862912e-08
-2.651828895e-08
-8.491647651e-08
-3.411988075e-08
-1.065239147e-07
-4.238898346e-08
-1.295829236e-07
-5.119917961e-08
-1.541307263e-07
-6.035745799e-08
-1.801584036e-07
-6.958512254e-08
-2.075776716e-07
-7.84984307e-08
-2.361713556e-07
-8.659348768e-08
-2.655242341e-07
-9.32433624e-08
-2.949333314e-07
-9.771892828e-08
-3.233032952e-07
-9.924699112e-08
-3.490439826e-07
-9.711703091e-08
-3.700028186e-07
-9.083770685e-08
-3.834801166e-07
-8.032516901e-08
-3.86380139e-07
-6.608079373e-08
-3.755317948e-07
-4.929783975e-08
-3.481602252e-07
-3.184080128e-08
-3.024107739e-07
-1.607843252e-08
-2.377505894e-07
-4.612850826e-09
-1.550587002e-07
-5.632191248e-08
-1.112550677e-09
2.121743098e-08
-4.006776658e-09
5.875003737e-08
-8.138972416e-09
9.093970657e-08
-1.295070016e-08
1.176992478e-07
-1.794690421e-08
1.392931178e-07
-2.273094428e-08
1.5619161e-07
-2.701276277e-08
1.689681158e-07
-3.060091717e-08
1.782241412e-07
-3.338665521e-08
1.84539243e-07
-3.532569788e-08
1.884419009e-07
-3.64210239e-08
1.903956373e-07
-3.670820977e-08
1.907951901e-07
-3.624379437e-08
1.89968775e-07
-3.509654066e-08
1.881836558e-07
-3.334119132e-08
1.856531934e-07
-3.10542305e-08
1.825442476e-07
-2.831118062e-08
1.789842804e-07
-2.518502496e-08
1.750678261e-07
-2.174542391e-08
1.708621873e-07
-1.805846697e-08
1.664123305e-07
-1.418676589e-08
1.617450221e-07
-1.018976827e-08
1.568722978e-07
-6.12413609e-09
1.51794252e-07
-2.044210519e-09
1.46501431e-07
1.997499102e-09
1.409767244e-07
5.949930758e-09
1.351967955e-07
9.763122236e-09
1.29133332e-07
1.338784617e-08
1.22754027e-07
1.677529242e-08
1.160233021e-07
1.987684445e-08
1.089028261e-07
2.264387962e-08
1.013518896e-07
2.502762972e-08
9.332765677e-08
2.697909007e-08
8.478528032e-08
2.844896886e-08
7.567789247e-08
2.938769465e-08
6.595649582e-08
2.974549067e-08
5.5569753e-08
2.947253578e-08
4.446367761e-08
2.851924508e-08
3.258123029e-08
2.683671954e-08
1.98618275e-08
2.437743283e-08
6.240742496e-09
2.1096353e-08
-8.35156899e-09
1.695238871e-08
-2.398996805e-08
1.191077966e-08
-4.075530291e-08
5.946442089e-09
-5.873429144e-08
-9.511345471e-10
-7.801889979e-08
-8.770810813e-09
-9.870423841e-08
-1.746998242e-08
-1.208837519e-07
-2.696118854e-08
-1.446395202e-07
-3.709441088e-08
-1.700251812e-07
-4.763492759e-08
-1.970371549e-07
-5.823809105e-08
-2.255681921e-07
-6.842442023e-08
-2.55337905e-07
-7.756259191e-08
-2.857951597e-07
-8.487280869e-08
-3.159930785e-07
-8.946799084e-08
-3.444488005e-07
-9.045168988e-08
-3.690191196e-07
-8.708399159e-08
-3.868478149e-07
-7.90063399e-08
-3.944577908e-07
-6.648325936e-08
-3.880548754e-07
-5.058568631e-08
-3.640577984e-07
-3.323040139e-08
-3.197660591e-07
-1.702558733e-08
-2.539554035e-07
-4.952867873e-09
-1.671314196e-07
-6.127478048e-08
-1.355175905e-09
2.257260743e-08
-4.812819864e-09
6.220768244e-08
-9.65162338e-09
9.577851114e-08
-1.515520262e-08
1.23202828e-07
-2.071297194e-08
1.448508882e-07
-2.585809516e-08
1.613367342e-07
-3.026893644e-08
1.73378958e-07
-3.375095637e-08
1.81706162e-07
-3.621079819e-08
1.869990858e-07
-3.762988127e-08
1.89860985e-07
-3.804121913e-08
1.908069761e-07
-3.751081467e-08
1.902647865e-07
-3.612367153e-08
1.885816328e-07
-3.397384375e-08
1.860338289e-07
-3.115773709e-08
1.828370876e-07
-2.776988336e-08
1.791563947e-07
-2.39005121e-08
1.7511491e-07
-1.963437323e-08
1.708016881e-07
-1.50503924e-08
1.662782073e-07
-1.022185486e-08
1.615837938e-07
-5.216873364e-09
1.567400414e-07
-9.904643898e-11
1.517544716e-07
5.071759246e-09
1.466234471e-07
1.023882081e-08
1.413343701e-07
1.534795092e-08
1.358675949e-07
2.034679294e-08
1.301979541e-07
2.518428642e-08
1.242958391e-07
2.981021557e-08
1.181280984e-07
3.41748194e-08
1.116586988e-07
3.822845293e-08
1.04849193e-07
4.192130218e-08
9.765904072e-08
4.520315682e-08
9.004580251e-08
4.802322892e-08
8.196520855e-08
5.033001129e-08
7.337111039e-08
5.207118026e-08
6.421532711e-08
5.319354901e-08
5.444738446e-08
5.364308456e-08
4.401414222e-08
5.336501247e-08
3.285930249e-08
5.230404909e-08
2.092279096e-08
5.04048146e-08
8.139977025e-09
4.761255822e-08
-5.559312606e-09
4.387423213e-08
-2.025164199e-08
3.914029495e-08
-3.602136578e-08
3.336738895e-08
-5.296138552e-08
2.652243315e-08
-7.117394408e-08
1.858871532e-08
-9.077052071e-08
9.57476187e-09
-1.118697986e-07
-4.728245373e-10
-1.345919339e-07
-1.145142235e-08
-1.590465836e-07
-2.317873867e-08
-1.853098387e-07
-3.536312901e-08
-2.13383802e-07
-4.75697816e-08
-2.431312526e-07
-5.918918417e-08
-2.741757573e-07
-6.942004182e-08
-3.05762221e-07
-7.728657433e-08
-3.365822682e-07
-8.171677213e-08
-3.64588922e-07
-8.170563457e-08
-3.868589527e-07
-7.656948048e-08
-3.995939452e-07
-6.625747911e-08
-3.98366877e-07
-5.163426618e-08
-3.786810116e-07
-3.461274712e-08
-3.367875783e-07
-1.803933841e-08
-2.705288126e-07
-5.332084515e-09
-1.798386739e-07
-6.660686501e-08
-1.678705889e-09
2.425131391e-08
-5.867227165e-09
6.639620459e-08
-1.159732315e-08
1.01508608e-07
-1.794421376e-08
1.295497195e-07
-2.415519582e-08
1.510618711e-07
-2.968607451e-08
1.668676137e-07
-3.418897862e-08
1.77881863e-07
-3.747793116e-08
1.849951154e-07
-3.948855493e-08
1.890097104e-07
-4.02408626e-08
1.906132934e-07
-3.980884147e-08
1.903749558e-07
-3.829750468e-08
1.887534505e-07
-3.582663606e-08
1.861107649e-07
-3.251994166e-08
1.827271352e-07
-2.849828106e-08
1.788154278e-07
-2.387582584e-08
1.745339403e-07
-1.875822822e-08
1.699973131e-07
-1.324210305e-08
1.652855636e-07
-7.415319962e-09
1.604514249e-07
-1.357729222e-09
1.555262037e-07
4.857739924e-09
1.505245729e-07
1.116408459e-08
1.454481275e-07
1.749931998e-08
1.402882123e-07
2.380536696e-08
1.350283237e-07
3.002713032e-08
1.296458321e-07
3.611174213e-08
1.241133428e-07
4.200786253e-08
1.183997191e-07
4.766509194e-08
1.124708694e-07
5.303347052e-08
1.062903205e-07
5.806304804e-08
9.981961583e-08
6.270351734e-08
9.301857169e-08
6.690390573e-08
8.584541435e-08
7.061231232e-08
7.825680214e-08
7.377568283e-08
7.020774002e-08
7.633961984e-08
6.165139019e-08
7.824822956e-08
5.253877478e-08
7.944401167e-08
4.281836011e-08
7.986780772e-08
3.24355064e-08
7.945883678e-08
2.133176181e-08
7.815485692e-08
9.443956762e-09
7.589253298e-08
-3.296988832e-09
7.260814275e-08
-1.696725196e-08
6.823879828e-08
-3.165202153e-08
6.272440642e-08
-4.744699392e-08
5.601084186e-08
-6.44603798e-08
4.80549255e-08
-8.281460465e-08
3.883208285e-08
-1.026469563e-07
2.834793101e-08
-1.241077824e-07
1.665513633e-08
-1.473537892e-07
3.877276035e-09
-1.725319788e-07
-9.758650962e-09
-1.997478753e-07
-2.3881827e-08
-2.290080769e-07
-3.793248502e-08
-2.601250997e-07
-5.112288328e-08
-2.925718231e-07
-6.242443309e-08
-3.252807187e-07
-7.061444898e-08
-3.563989065e-07
-7.441999297e-08
-3.830534091e-07
-7.278696476e-08
-4.012269737e-07
-6.526039032e-08
-4.058934519e-07
-5.238904126e-08
-3.915523611e-07
-3.599595259e-08
-3.531806675e-07
-1.914824355e-08
-2.87376522e-07
-5.766446131e-09
-1.932204716e-07
-7.237331135e-08
-2.111448588e-09
2.636276289e-08
-7.243942275e-09
7.152869913e-08
-1.40838769e-08
1.083485435e-07
-2.143288947e-08
1.368987329e-07
-2.836767498e-08
1.579966574e-07
-3.426500247e-08
1.727649419e-07
-3.87642111e-08
1.823810723e-07
-4.170734496e-08
1.8793825e-07
-4.307877259e-08
1.903811387e-07
-4.295426535e-08
1.904887869e-07
-4.146229646e-08
1.888829876e-07
-3.875674201e-08
1.860478968e-07
-3.499884419e-08
1.823528678e-07
-3.034611109e-08
1.780744028e-07
-2.494610944e-08
1.734154268e-07
-1.893354916e-08
1.685213806e-07
-1.242948207e-08
1.634932466e-07
-5.541748019e-09
1.583978301e-07
1.63383627e-09
1.532758412e-07
9.011877239e-09
1.481481632e-07
1.651600119e-08
1.430204494e-07
2.407734138e-08
1.378867878e-07
3.163292739e-08
1.327326267e-07
3.912442581e-08
1.275368256e-07
4.649700449e-08
1.222732538e-07
5.369835501e-08
1.169119926e-07
6.067785081e-08
1.114202236e-07
6.738583581e-08
1.057628846e-07
7.377302148e-08
9.990313506e-08
7.978997246e-08
9.380266502e-08
8.538666572e-08
8.742187856e-08
9.051211115e-08
8.0719969e-08
9.511401925e-08
7.365489409e-08
9.913850446e-08
6.618325481e-08
1.025298171e-07
5.826007747e-08
1.052301002e-07
4.98384916e-08
1.071791715e-07
4.086928874e-08
1.083143384e-07
3.130033928e-08
1.085702639e-07
2.10758361e-08
1.078789063e-07
1.013531406e-08
1.061695783e-07
-1.587661161e-09
1.033692936e-07
-1.416696756e-08
9.940343727e-08
-2.76861656e-08
9.41970212e-08
-4.224057825e-08
8.767690685e-08
-5.794026588e-08
7.977554806e-08
-7.491324632e-08
7.043711861e-08
-9.330852733e-08
5.962728558e-08
-1.132979499e-07
4.734831377e-08
-1.350748179e-07
3.366176509e-08
-1.588454306e-07
1.872108456e-08
-1.848071953e-07
2.816011892e-09
-2.131030047e-07
-1.357122714e-08
-2.437378612e-07
-2.970580479e-08
-2.764372459e-07
-4.455315449e-08
-3.104333695e-07
-5.678210364e-08
-3.441699578e-07
-6.486888985e-08
-3.749666234e-07
-6.735668413e-08
-3.9873918e-07
-6.329169321e-08
-4.099584433e-07
-5.276728292e-08
-4.020767719e-07
-3.738762005e-08
-3.685603308e-07
-2.039318391e-08
-3.043709588e-07
-6.280125467e-09
-2.073335308e-07
-7.865343692e-08
-2.694169565e-09
2.90569329e-08
-9.041724786e-09
7.787625496e-08
-1.724290397e-08
1.165497233e-07
-2.57435114e-08
1.453993409e-07
-3.342345863e-08
1.656766052e-07
-3.95902532e-08
1.789317371e-07
-4.389709269e-08
1.866879124e-07
-4.624467874e-08
1.902858366e-07
-4.66938338e-08
1.908302943e-07
-4.539810271e-08
1.891930563e-07
-4.255638067e-08
1.860412661e-07
-3.838200019e-08
1.818735168e-07
-3.30840265e-08
1.770548946e-07
-2.685702045e-08
1.718473972e-07
-1.987634079e-08
1.664347476e-07
-1.22968946e-08
1.609419349e-07
-4.253870404e-09
1.554502228e-07
4.135309243e-09
1.500086509e-07
1.276868442e-08
1.446424664e-07
2.155759569e-08
1.393592523e-07
3.042430349e-08
1.34153742e-07
3.929974429e-08
1.290113473e-07
4.812171134e-08
1.239106599e-07
5.683323551e-08
1.188253017e-07
6.538120665e-08
1.137252828e-07
7.371521062e-08
1.085779888e-07
8.178654906e-08
1.033488853e-07
8.954741867e-08
9.800201512e-08
9.695022158e-08
9.250033222e-08
1.039469807e-07
8.68059059e-08
1.10488839e-07
8.08800203e-08
1.16525624e-07
7.468318398e-08
1.220054616e-07
6.817505638e-08
1.268744238e-07
6.131429244e-08
1.310761996e-07
5.405830153e-08
1.345517807e-07
4.636291031e-08
1.372391582e-07
3.818191094e-08
1.390730299e-07
2.946646727e-08
1.399845254e-07
2.016434022e-08
1.399009616e-07
1.021887745e-08
1.387456398e-07
-4.323398301e-10
1.364378601e-07
-1.185918831e-08
1.328930847e-07
-2.414139067e-08
1.280235341e-07
-3.737102826e-08
1.217394772e-07
-5.165620946e-08
1.139516914e-07
-6.712546117e-08
1.045758738e-07
-8.393271036e-08
9.354020663e-08
-1.022622833e-07
8.079787315e-08
-1.223324851e-07
6.634714034e-08
-1.443946985e-07
5.026230042e-08
-1.687223561e-07
3.273911337e-08
-1.955798183e-07
1.415682644e-08
-2.251555749e-07
-4.843724713e-09
-2.574366954e-07
-2.327913767e-08
-2.919979572e-07
-3.977120379e-08
-3.276778923e-07
-5.258958749e-08
-3.621482403e-07
-5.986676222e-08
-3.914620058e-07
-6.00592042e-08
-4.097660019e-07
-5.263371666e-08
-4.0950226e-07
-3.878629253e-08
-3.824077557e-07
-2.183050359e-08
-3.213267483e-07
-6.909892945e-09
-2.222541419e-07
-8.556333013e-08
-3.487037202e-09
3.254397036e-08
-1.1393062e-08
8.578228033e-08
-2.123002166e-08
1.263866834e-07
-3.098893612e-08
1.551582558e-07
-3.933839372e-08
1.740260633e-07
-4.55479698e-08
1.851413136e-07
-4.933193881e-08
1.904718818e-07
-5.069558502e-08
1.916494833e-07
-4.981340063e-08
1.899481103e-07
-4.694352513e-08
1.863231813e-07
-4.23727494e-08
1.814704908e-07
-3.638397544e-08
1.758847433e-07
-2.923888033e-08
1.699097999e-07
-2.117027364e-08
1.637787909e-07
-1.238023632e-08
1.576447106e-07
-3.041400304e-09
1.516030992e-07
6.699790891e-09
1.457090319e-07
1.671958013e-08
1.39988862e-07
2.69135189e-08
1.344485279e-07
3.719277886e-08
1.290799926e-07
4.748097677e-08
1.238655443e-07
5.77115197e-08
1.187808045e-07
6.782531852e-08
1.137968612e-07
7.776886592e-08
1.088817544e-07
8.749263815e-08
1.040015107e-07
9.694977364e-08
9.912085338e-08
1.060949804e-07
9.420367857e-08
1.148836327e-07
8.921336281e-08
1.232710198e-07
8.411294505e-08
1.312117143e-07
7.886521131e-08
1.386590328e-07
7.343270166e-08
1.455645665e-07
6.777765013e-08
1.518777611e-07
6.186186156e-08
1.575455296e-07
5.564652367e-08
1.625118832e-07
4.909194771e-08
1.667175687e-07
4.215722444e-08
1.700997045e-07
3.479977478e-08
1.725914071e-07
2.697476429e-08
1.741214082e-07
1.863433859e-08
1.746136637e-07
9.726621494e-09
1.739869489e-07
1.943744203e-10
1.721545588e-07
-1.002679886e-08
1.690240289e-07
-2.10108614e-08
1.644971473e-07
-3.284414723e-08
1.584703613e-07
-4.562942413e-08
1.508359764e-07
-5.949107699e-08
1.414847803e-07
-7.458151494e-08
1.303111531e-07
-9.108865684e-08
1.172223867e-07
-1.092437195e-07
1.021549204e-07
-1.293272329e-07
8.510139197e-08
-1.516688284e-07
6.615366428e-08
-1.766320914e-07
4.556724264e-08
-2.04569154e-07
2.385051211e-08
-2.357199657e-07
1.873633344e-09
-2.700210792e-07
-1.902170633e-08
-3.067825534e-07
-3.697689563e-08
-3.441930517e-07
-4.974542371e-08
-3.786934785e-07
-5.512452611e-08
-4.043869003e-07
-5.175730358e-08
-4.128694833e-07
-4.01619602e-08
-3.940030997e-07
-2.353390235e-08
-3.37954807e-07
-7.711923789e-09
-2.380761214e-07
-9.32752541e-08
-4.580976785e-09
3.712494743e-08
-1.447496009e-08
9.567626397e-08
-2.621644353e-08
1.381281672e-07
-3.723417147e-08
1.661759841e-07
-4.600145202e-08
1.827933441e-07
-5.181913318e-08
1.909589951e-07
-5.454026574e-08
1.931930147e-07
-5.434014363e-08
1.914493615e-07
-5.15541248e-08
1.871620918e-07
-4.657505901e-08
1.813441158e-07
-3.979433881e-08
1.746897708e-07
-3.157165269e-08
1.676620574e-07
-2.222230125e-08
1.605604487e-07
-1.201463227e-08
1.535711222e-07
-1.172602285e-09
1.468026809e-07
1.0118672e-08
1.403118251e-07
2.170732493e-08
1.341203792e-07
3.346929992e-08
1.282268871e-07
4.530259834e-08
1.226152296e-07
5.71226974e-08
1.172598936e-07
6.885867283e-08
1.121295689e-07
8.044995261e-08
1.071895248e-07
9.184365202e-08
1.024031618e-07
1.029924008e-07
9.773300567e-08
1.138525806e-07
9.31413308e-08
1.243828989e-07
8.859053503e-08
1.345432315e-07
8.404334593e-08
1.442936805e-07
7.946291367e-08
1.535938009e-07
7.481282444e-08
1.624019565e-07
7.005705555e-08
1.706747732e-07
6.515988468e-08
1.783666645e-07
6.008575853e-08
1.854294049e-07
5.479912083e-08
1.918117334e-07
4.926419488e-08
1.974589699e-07
4.344471082e-08
2.023126311e-07
3.730356277e-08
2.063100323e-07
3.080237304e-08
2.093838646e-07
2.390093155e-08
2.11461737e-07
1.655646563e-08
2.124656774e-07
8.722680427e-09
2.123115768e-07
3.484744118e-10
2.109086155e-07
-8.623838265e-09
2.081586312e-07
-1.826087777e-08
2.039555979e-07
-2.864111467e-08
1.981852464e-07
-3.985907338e-08
1.907250779e-07
-5.203090938e-08
1.814452352e-07
-6.530167298e-08
1.70211068e-07
-7.985449047e-08
1.568888783e-07
-9.592153064e-08
1.413573738e-07
-1.137957293e-07
1.23528892e-07
-1.338403476e-07
1.033864948e-07
-1.564896951e-07
8.104501574e-08
-1.822276758e-07
5.68448302e-08
-2.11519781e-07
3.148253654e-08
-2.446587864e-07
6.167115886e-09
-2.814671336e-07
-1.723551986e-08
-3.207904168e-07
-3.619152573e-08
-3.597374734e-07
-4.781936819e-08
-3.927590586e-07
-4.973563714e-08
-4.109532152e-07
-4.141414603e-08
-4.023245917e-07
-2.559089805e-08
-3.537780558e-07
-8.771978203e-09
-2.54895042e-07
-1.020472326e-07
-6.11586896e-09
4.324081649e-08
-1.851832715e-08
1.080787224e-07
-3.235784059e-08
1.519676809e-07
-4.44122987e-08
1.782304424e-07
-5.30423616e-08
1.914234072e-07
-5.771195539e-08
1.956285891e-07
-5.853271326e-08
1.940137728e-07
-5.593727458e-08
1.888539229e-07
-5.047647418e-08
1.817012916e-07
-4.270672172e-08
1.735743635e-07
-3.313508622e-08
1.651181355e-07
-2.219799585e-08
1.567249672e-07
-1.02579509e-08
1.486204039e-07
2.390633826e-09
1.409225375e-07
1.551179303e-08
1.336815217e-07
2.891861017e-08
1.26905008e-07
4.246393688e-08
1.205750525e-07
5.603152479e-08
1.146592992e-07
6.952920234e-08
1.09117552e-07
8.288316737e-08
1.039059286e-07
9.603337487e-08
9.897936135e-08
1.089298536e-07
9.429304599e-08
1.215297839e-07
8.980323141e-08
1.337951872e-07
8.54676023e-08
1.456911014e-07
8.12454164e-08
1.571841395e-07
7.70974968e-08
1.682413443e-07
7.298614093e-08
1.788292741e-07
6.887498364e-08
1.889132629e-07
6.47288353e-08
1.98456813e-07
6.051350521e-08
2.074210831e-07
5.619561419e-08
2.157644461e-07
5.174239514e-08
2.234420899e-07
4.712147663e-08
2.304056433e-07
4.230064106e-08
2.366028084e-07
3.724754525e-08
2.41976984e-07
3.192938661e-08
2.464668647e-07
2.631249181e-08
2.500060001e-07
2.036179557e-08
2.525222993e-07
1.404016579e-08
2.539374632e-07
7.307515882e-09
2.541663113e-07
1.19625534e-10
2.531160189e-07
-7.573546644e-09
2.506851915e-07
-1.583005114e-08
2.467628897e-07
-2.471881363e-08
2.412275734e-07
-3.432375789e-08
2.339460525e-07
-4.474938933e-08
2.247727232e-07
-5.612834456e-08
2.135496529e-07
-6.863142114e-08
2.001086289e-07
-8.248050754e-08
1.842772718e-07
-9.796437318e-08
1.658929578e-07
-1.154560345e-07
1.448308286e-07
-1.354275668e-07
1.210555836e-07
-1.584524318e-07
9.471033425e-08
-1.851745326e-07
6.625659692e-08
-2.1620505e-07
3.66710516e-08
-2.518815892e-07
7.675466462e-09
-2.917948326e-07
-1.808186992e-08
-3.33980138e-07
-3.7119501e-08
-3.737214285e-07
-4.586460025e-08
-4.022081168e-07
-4.228444217e-08
-4.059047506e-07
-2.808238723e-08
-3.679801118e-07
-1.021920593e-08
-2.727582244e-07
-1.122664388e-07
-8.308023052e-09
5.154883967e-08
-2.380344944e-08
1.235741489e-07
-3.970623063e-08
1.678704622e-07
-5.214523902e-08
1.906694509e-07
-5.958188899e-08
1.988600573e-07
-6.187104818e-08
1.979177484e-07
-5.955415286e-08
1.916968775e-07
-5.342632199e-08
1.827260921e-07
-4.430642012e-08
1.725813897e-07
-3.293164239e-08
1.621995858e-07
-1.992105877e-08
1.521075519e-07
-5.773029612e-09
1.42576938e-07
9.121499577e-09
1.337258747e-07
2.446137266e-08
1.255826644e-07
4.001840773e-08
1.181244866e-07
5.562096058e-08
1.113024551e-07
7.114032308e-08
1.0505569e-07
8.64802023e-08
9.931941992e-08
1.015682995e-07
9.402945474e-08
1.163497665e-07
8.912446147e-08
1.307821664e-07
8.454696131e-08
1.44831613e-07
8.02435992e-08
1.584698218e-07
7.61650224e-08
1.716718577e-07
7.226556623e-08
1.844144122e-07
6.850286163e-08
1.966744818e-07
6.483742697e-08
2.084283462e-07
6.123227618e-08
2.196507725e-07
5.765255705e-08
2.303143845e-07
5.406522295e-08
2.403891541e-07
5.043873522e-08
2.498419779e-07
4.674279e-08
2.586363114e-07
4.294806123e-08
2.66731838e-07
3.902594952e-08
2.740841533e-07
3.494832522e-08
2.806444469e-07
3.068725109e-08
2.863591659e-07
2.621466704e-08
2.911696434e-07
2.150201368e-08
2.950116742e-07
1.651976414e-08
2.978150165e-07
1.12368228e-08
2.995027959e-07
5.619735685e-09
2.999907706e-07
-3.683498418e-10
2.991864359e-07
-6.769212788e-09
2.969878627e-07
-1.363147878e-08
2.93282397e-07
-2.101334883e-08
2.879450307e-07
-2.898639244e-08
2.808364432e-07
-3.764080271e-08
2.718007952e-07
-4.709269752e-08
2.606635344e-07
-5.749416126e-08
2.472298783e-07
-6.904685244e-08
2.312854511e-07
-8.201994699e-08
2.126020569e-07
-9.677264125e-08
1.909542206e-07
-1.137797315e-07
1.661563866e-07
-1.336545988e-07
1.381367008e-07
-1.571548478e-07
1.070697554e-07
-1.851381056e-07
7.359239933e-08
-2.184042341e-07
3.911053348e-08
-2.573129677e-07
6.144280471e-09
-3.01013886e-07
-2.146116515e-08
-3.461159838e-07
-3.891861071e-08
-3.847506722e-07
-4.217928261e-08
-4.026440797e-07
-3.101733034e-08
-3.79142065e-07
-1.224178924e-08
-2.915337664e-07
-1.245082283e-07
-1.148635149e-08
6.303519114e-08
-3.06020361e-08
1.426898335e-07
-4.7982612e-08
1.85251038e-07
-5.936625902e-08
2.020530979e-07
-6.376348203e-08
2.032572803e-07
-6.177828815e-08
1.959325545e-07
-5.459944733e-08
1.845180367e-07
-4.348649018e-08
1.71613135e-07
-2.955343091e-08
1.586483304e-07
-1.370348974e-08
1.463496445e-07
3.3662019e-09
1.350378602e-07
2.113383522e-08
1.248093046e-07
3.921923053e-08
1.156404793e-07
5.735103365e-08
1.074508612e-07
7.533790091e-08
1.001376193e-07
9.304711027e-08
9.359324562e-08
1.103880884e-07
8.77147117e-08
1.273000232e-07
8.240748488e-08
1.437427011e-07
7.758677671e-08
1.596897802e-07
7.317738216e-08
1.751238788e-07
6.911286248e-08
1.90032996e-07
6.533448172e-08
2.044079054e-07
6.179011282e-08
2.182402539e-07
5.843321737e-08
2.315211732e-07
5.522194209e-08
2.442402581e-07
5.21183417e-08
2.563848122e-07
4.908772173e-08
2.679392818e-07
4.609808702e-08
2.788848251e-07
4.311967921e-08
2.891989736e-07
4.012458627e-08
2.988553555e-07
3.708640768e-08
3.078234563e-07
3.397995991e-08
3.160683976e-07
3.078100768e-08
3.235507166e-07
2.746600573e-08
3.302261311e-07
2.401183596e-08
3.360452761e-07
2.039552141e-08
3.409533933e-07
1.659389588e-08
3.448899558e-07
1.258320089e-08
3.477882041e-07
8.338573812e-09
3.495745608e-07
3.833378213e-09
3.501678784e-07
-9.616682814e-10
3.494784758e-07
-6.079810966e-09
3.474068452e-07
-1.155984911e-08
3.43842105e-07
-1.744860944e-08
3.386599339e-07
-2.380422223e-08
3.317198925e-07
-3.070076228e-08
3.228620285e-07
-3.823483451e-08
3.119027301e-07
-4.653486376e-08
2.986300167e-07
-5.577414008e-08
2.827989998e-07
-6.618893112e-08
2.64129407e-07
-7.81030494e-08
2.423093913e-07
-9.195971691e-08
2.170141669e-07
-1.083593753e-07
1.879553794e-07
-1.280960614e-07
1.549881309e-07
-1.521708581e-07
1.183152201e-07
-1.817313243e-07
7.883249725e-08
-2.17830246e-07
3.862668321e-08
-2.60808073e-07
1.509766475e-09
-3.089990681e-07
-2.679307495e-08
-3.564478318e-07
-3.982386814e-08
-3.896132874e-07
-3.41603639e-08
-3.848055703e-07
-1.509428235e-08
-3.105998491e-07
-1.39602511e-07
-1.611164474e-08
7.914683589e-08
-3.894239571e-08
1.655205844e-07
-5.601175597e-08
2.023203982e-07
-6.353143601e-08
2.095727779e-07
-6.188498284e-08
2.01610827e-07
-5.291577339e-08
1.869633449e-07
-3.867414472e-08
1.702764079e-07
-2.092516928e-08
1.538641594e-07
-1.030741272e-09
1.387539023e-07
2.001804609e-08
1.253008571e-07
4.153044399e-08
1.135254622e-07
6.304265301e-08
1.032970955e-07
8.425156722e-08
9.443156489e-08
1.049662337e-07
8.673619457e-08
1.250725519e-07
8.003130088e-08
1.445077301e-07
7.415806723e-08
1.632424339e-07
6.898000768e-08
1.812684405e-07
6.438147808e-08
1.985901747e-07
6.026504224e-08
2.152189474e-07
5.654860928e-08
2.311690547e-07
5.316275489e-08
2.464551512e-07
5.004838492e-08
2.610904886e-07
4.715477516e-08
2.750857414e-07
4.443796424e-08
2.884482294e-07
4.185945366e-08
3.011814063e-07
3.938516453e-08
3.132845245e-07
3.698460306e-08
3.247524184e-07
3.463019274e-08
3.355753594e-07
3.229673776e-08
3.457389571e-07
2.996098813e-08
3.552240824e-07
2.76012819e-08
3.640067979e-07
2.519724391e-08
3.720582817e-07
2.272952326e-08
3.793447338e-07
2.017955309e-08
3.858272523e-07
1.752931683e-08
3.91461669e-07
1.476110413e-08
3.961983272e-07
1.185723694e-08
3.99981785e-07
8.799742455e-09
4.027504157e-07
5.569942343e-09
4.044358736e-07
2.147919604e-09
4.049623633e-07
-1.488158836e-09
4.042456778e-07
-5.363126186e-09
4.021918839e-07
-9.50605614e-09
3.98695611e-07
-1.395233739e-08
3.936377029e-07
-1.874631496e-08
3.868820418e-07
-2.394510217e-08
3.782712846e-07
-2.962407824e-08
3.67621213e-07
-3.588479311e-08
3.547134408e-07
-4.286636878e-08
3.392864442e-07
-5.07619355e-08
3.210255559e-07
-5.984216209e-08
2.995541882e-07
-7.048835025e-08
2.744321026e-07
-8.32372908e-08
2.451736634e-07
-9.883762315e-08
2.113120676e-07
-1.183092633e-07
1.725566122e-07
-1.4297587e-07
1.291166263e-07
-1.743902611e-07
8.227820324e-08
-2.13969651e-07
3.525537711e-08
-2.619762431e-07
-5.947376524e-09
-3.152450791e-07
-3.259204454e-08
-3.629686204e-07
-3.658480145e-08
-3.808128144e-07
-1.90268913e-08
-3.281577601e-07
-1.586294025e-07
-2.259774211e-08
1.017445779e-07
-4.780831179e-08
1.90731154e-07
-6.033892144e-08
2.148510078e-07
-5.899289785e-08
2.082267542e-07
-4.683126637e-08
1.894491954e-07
-2.74297513e-08
1.675618297e-07
-3.751467052e-09
1.465981235e-07
2.207109377e-08
1.280415985e-07
4.862468768e-08
1.122003083e-07
7.502890856e-08
9.889663604e-08
1.007632831e-07
8.77910875e-08
1.255423708e-07
7.851800759e-08
1.492303372e-07
7.074359824e-08
1.717826486e-07
6.418388306e-08
1.932083156e-07
5.860563359e-08
2.135458062e-07
5.382057647e-08
2.32847991e-07
4.967782269e-08
2.511729268e-07
4.605654196e-08
2.685783434e-07
4.285962542e-08
2.851184486e-07
4.000850384e-08
3.008421664e-07
3.743903679e-08
3.157922447e-07
3.509830626e-08
3.300048808e-07
3.294213872e-08
3.435096459e-07
3.093319887e-08
3.563295742e-07
2.903952492e-08
3.684813361e-07
2.723340227e-08
3.799754442e-07
2.549049462e-08
3.908164656e-07
2.378917086e-08
4.01003223e-07
2.210997988e-08
4.105289737e-07
2.043523697e-08
4.19381562e-07
1.874869312e-08
4.275435402e-07
1.703526519e-08
4.349922546e-07
1.528080827e-08
4.416998922e-07
1.347191498e-08
4.476334815e-07
1.159572689e-08
4.527548408e-07
9.639744229e-09
4.570204594e-07
7.591617729e-09
4.603812964e-07
5.438904746e-09
4.627824713e-07
3.168766722e-09
4.641628085e-07
7.675816712e-10
4.644541861e-07
-1.779537135e-09
4.635806189e-07
-4.489559749e-09
4.614570273e-07
-7.38246534e-09
4.579874678e-07
-1.048277879e-08
4.530626768e-07
-1.382152477e-08
4.46556659e-07
-1.743908527e-08
4.383219426e-07
-2.138936269e-08
4.281830029e-07
-2.574585428e-08
4.159272291e-07
-3.061059597e-08
4.012927242e-07
-3.612743149e-08
3.839523491e-07
-4.250178789e-08
3.634941214e-07
-5.003012355e-08
3.394001752e-07
-5.91433455e-08
3.110317173e-07
-7.046916627e-08
2.776390805e-07
-8.49166274e-08
2.384395761e-07
-1.037763666e-07
1.928480924e-07
-1.287987784e-07
1.41005926e-07
-1.621274856e-07
8.47953115e-08
-2.057656296e-07
2.939668064e-08
-2.598464493e-07
-1.522271537e-08
-3.183492253e-07
-3.546231732e-08
-3.605732134e-07
-2.382382897e-08
-3.397962495e-07
-1.824532318e-07
-3.033514898e-08
1.320797269e-07
-5.269463178e-08
2.130906367e-07
-5.190907491e-08
2.140654508e-07
-3.373361698e-08
1.900512961e-07
-5.398758873e-09
1.611143372e-07
2.779131681e-08
1.343717539e-07
6.242401336e-08
1.119654268e-07
9.654303867e-08
9.392257299e-08
1.291427108e-07
7.960063595e-08
1.59780538e-07
6.825880864e-08
1.883328451e-07
5.923878023e-08
2.148453398e-07
5.200551265e-08
2.394455565e-07
4.614338139e-08
2.622930846e-07
4.133635474e-08
2.835527494e-07
3.734596857e-08
3.033810341e-07
3.399229149e-08
3.219199349e-07
3.113892163e-08
3.392948537e-07
2.868162283e-08
3.55614574e-07
2.653990489e-08
3.709722206e-07
2.465085686e-08
3.85446608e-07
2.296464907e-08
3.991036633e-07
2.144125068e-08
4.119977741e-07
2.004802756e-08
4.241729967e-07
1.875797584e-08
4.356641053e-07
1.754841596e-08
4.46497487e-07
1.640002014e-08
4.566918974e-07
1.529608382e-08
4.662590929e-07
1.422197484e-08
4.752043584e-07
1.316471388e-08
4.83526944e-07
1.211265089e-08
4.912204243e-07
1.105521234e-08
4.982729897e-07
9.982699212e-09
5.046676763e-07
8.886121143e-09
5.103825372e-07
7.757053475e-09
5.153907565e-07
6.587507027e-09
5.196607008e-07
5.369799286e-09
5.231559009e-07
4.096416934e-09
5.258349483e-07
2.75985664e-09
5.276512838e-07
1.352430594e-09
5.285528336e-07
-1.339688487e-10
5.284815096e-07
-1.708213799e-09
5.273723679e-07
-3.380418879e-09
5.251525279e-07
-5.162626038e-09
5.217394811e-07
-7.069732792e-09
5.170387324e-07
-9.120776931e-09
5.109404563e-07
-1.134081003e-08
5.033147313e-07
-1.376363844e-08
4.940047444e-07
-1.643586831e-08
4.828171042e-07
-1.942295663e-08
4.695080651e-07
-2.28183932e-08
4.537640973e-07
-2.675782099e-08
4.351749752e-07
-3.144100234e-08
4.131978795e-07
-3.716625074e-08
3.871131512e-07
-4.438443888e-08
3.559792514e-07
-5.378272845e-08
3.186127512e-07
-6.640986732e-08
2.736618659e-07
-8.384789409e-08
2.199303222e-07
-1.083959428e-07
1.572586989e-07
-1.430940072e-07
8.842053829e-08
-1.910082896e-07
2.226040744e-08
-2.521890953e-07
-2.342005887e-08
-3.148927481e-07
-2.744698986e-08
-3.357693193e-07
-2.099002219e-07
-3.522757234e-08
1.673072991e-07
-3.877169493e-08
2.166347591e-07
-8.386383578e-09
1.836801392e-07
3.670207232e-08
1.4496284e-07
8.5553111e-08
1.122632983e-07
1.330536834e-07
8.687118129e-08
1.769384511e-07
6.808065893e-08
2.165000438e-07
5.436098009e-08
2.518133806e-07
4.428729895e-08
2.832705459e-07
3.680164319e-08
3.113557321e-07
3.115359382e-08
3.365445899e-07
2.681665457e-08
3.592631727e-07
2.342479833e-08
3.798760546e-07
2.072347264e-08
3.98687915e-07
1.853410784e-08
4.159503165e-07
1.672988978e-08
4.318697713e-07
1.52194665e-08
4.466154176e-07
1.39359762e-08
4.603256793e-07
1.282964284e-08
4.731137818e-07
1.186275402e-08
4.850722066e-07
1.100622387e-08
4.962762414e-07
1.023721552e-08
5.067867907e-07
9.53747782e-09
5.166525977e-07
8.892168475e-09
5.259120016e-07
8.289011591e-09
5.345943332e-07
7.717688063e-09
5.427210271e-07
7.169389446e-09
5.503065133e-07
6.63648816e-09
5.573589359e-07
6.112290756e-09
5.63880735e-07
5.590851265e-09
5.698691192e-07
5.066827579e-09
5.75316449e-07
4.535368892e-09
5.80210545e-07
3.992024531e-09
5.845349308e-07
3.432667066e-09
5.882690142e-07
2.853423028e-09
5.913882071e-07
2.250605731e-09
5.938639795e-07
1.620643884e-09
5.956638353e-07
9.600001901e-10
5.967511908e-07
2.650744144e-10
5.970851212e-07
-4.678999013e-10
5.966199971e-07
-1.243090431e-09
5.953048425e-07
-2.065265014e-09
5.930823776e-07
-2.940161907e-09
5.898875978e-07
-3.874953781e-09
5.856457401e-07
-4.878920007e-09
5.802693464e-07
-5.964417067e-09
5.736540109e-07
-7.148303766e-09
5.656722028e-07
-8.454061047e-09
5.561642474e-07
-9.915001982e-09
5.449250835e-07
-1.157923015e-08
5.316847245e-07
-1.351746279e-08
5.160793658e-07
-1.583564454e-08
4.976088367e-07
-1.869572241e-08
4.755749249e-07
-2.235052791e-08
4.489954245e-07
-2.72032289e-08
4.164948583e-07
-3.390930196e-08
3.761965759e-07
-4.354961264e-08
3.25711735e-07
-5.791110285e-08
2.625001875e-07
-7.98824607e-08
1.852554675e-07
-1.137635705e-07
9.757798583e-08
-1.645116145e-07
1.559279868e-08
-2.329075618e-07
-2.413064846e-08
-2.960458731e-07
-2.340308706e-07
-1.8471653e-08
1.857789521e-07
4.124784282e-08
1.569152632e-07
1.223165998e-07
1.026113821e-07
1.975786614e-07
6.970077832e-08
2.619007149e-07
4.794124468e-08
3.153457641e-07
3.342613191e-08
3.59379777e-07
2.404664585e-08
3.957934877e-07
1.794726932e-08
4.262066332e-07
1.387415328e-08
4.519303175e-07
1.107795871e-08
4.739810076e-07
9.102903566e-09
4.93132343e-07
7.665318961e-09
5.099694807e-07
6.587660459e-09
5.249356026e-07
5.757350453e-09
5.383683016e-07
5.101408634e-09
5.505268233e-07
4.571367839e-09
5.616120503e-07
4.134239314e-09
5.717810328e-07
3.766993455e-09
5.811575361e-07
3.453139208e-09
5.898397185e-07
3.180571384e-09
5.979057522e-07
2.940189771e-09
6.054179721e-07
2.724995361e-09
6.124259624e-07
2.529487146e-09
6.189688786e-07
2.349251952e-09
6.250772093e-07
2.180680481e-09
6.307741295e-07
2.020767527e-09
6.360765493e-07
1.866969207e-09
6.409959375e-07
1.717099537e-09
6.455389734e-07
1.56925441e-09
6.497080693e-07
1.421754968e-09
6.535017918e-07
1.273104624e-09
6.569152044e-07
1.12195578e-09
6.599401453e-07
9.670831399e-10
6.625654506e-07
8.073613383e-10
6.647771283e-07
6.417448358e-10
6.665584851e-07
4.692483485e-10
6.678902026e-07
2.889258973e-10
6.68750355e-07
9.984721888e-11
6.691143515e-07
-9.89226817e-11
6.689548258e-07
-3.083747405e-10
6.68241355e-07
-5.29620208e-10
6.669400363e-07
-7.639468833e-10
6.650127995e-07
-1.012925713e-09
6.624164025e-07
-1.278557403e-09
6.591009591e-07
-1.563477258e-09
6.55007791e-07
-1.871249593e-09
6.50066288e-07
-2.206801398e-09
6.441892975e-07
-2.577071265e-09
6.372662971e-07
-2.992002179e-09
6.291531667e-07
-3.466100475e-09
6.196566601e-07
-4.020956796e-09
6.085104702e-07
-4.689455344e-09
5.953377925e-07
-5.523045325e-09
5.795920097e-07
-6.604745805e-09
5.604619795e-07
-8.073199388e-09
5.367211712e-07
-1.016849432e-08
5.064928936e-07
-1.332133575e-08
4.669098626e-07
-1.832807258e-08
4.137146512e-07
-2.668724998e-08
3.411224327e-07
-4.117135269e-08
2.431336234e-07
-6.652280582e-08
1.20615136e-07
-1.103890751e-07
7.816633798e-09
-1.832473716e-07
-2.26214237e-07
1.857789521e-07
3.426942153e-07
4.453055974e-07
5.150063757e-07
5.629476203e-07
5.963737522e-07
6.20420398e-07
6.383676673e-07
6.522418206e-07
6.633197792e-07
6.724226828e-07
6.800880017e-07
6.866756621e-07
6.924330125e-07
6.975344211e-07
7.021057888e-07
7.062400281e-07
7.100070215e-07
7.134601606e-07
7.166407319e-07
7.195809216e-07
7.223059169e-07
7.24835404e-07
7.271846558e-07
7.293653362e-07
7.313861036e-07
7.332530727e-07
7.349701722e-07
7.365394265e-07
7.379611813e-07
7.392342858e-07
7.403562415e-07
7.413233245e-07
7.421306857e-07
7.427724304e-07
7.432416786e-07
7.435306044e-07
7.436304514e-07
7.435315286e-07
7.432231537e-07
7.426935334e-07
7.419295863e-07
7.409166605e-07
7.396381029e-07
7.380746255e-07
7.362033757e-07
7.339965741e-07
7.314195027e-07
7.284275004e-07
7.249613997e-07
7.209404427e-07
7.162509872e-07
7.107279417e-07
7.041231958e-07
6.960499962e-07
6.858815017e-07
6.725601658e-07
6.54232093e-07
6.275448428e-07
5.8637349e-07
5.19850684e-07
4.094616087e-07
2.26214237e-07
)
;

boundaryField
{
    movingWall
    {
        type            calculated;
        value           uniform 0;
    }
    fixedWalls
    {
        type            calculated;
        value           uniform 0;
    }
    frontAndBack
    {
        type            empty;
    }
}


// ************************************************************************* //
