/*--------------------------------*- C++ -*----------------------------------*\
  =========                 |
  \\      /  F ield         | OpenFOAM: The Open Source CFD Toolbox
   \\    /   O peration     | Website:  https://openfoam.org
    \\  /    A nd           | Version:  11
     \\/     M anipulation  |
\*---------------------------------------------------------------------------*/
FoamFile
{
    format      ascii;
    class       volVectorField;
    location    "500";
    object      U;
}
// * * * * * * * * * * * * * * * * * * * * * * * * * * * * * * * * * * * * * //

dimensions      [0 1 -1 0 0 0 0];

internalField   nonuniform List<vector> 
4096
(
(1.344910251e-05 -1.345542695e-05 0)
(5.50168055e-05 -1.670364527e-05 0)
(8.565191197e-05 -1.240880506e-05 0)
(8.60072888e-05 -5.446282804e-06 0)
(4.62108642e-05 1.904448764e-06 0)
(-3.508480313e-05 8.82454202e-06 0)
(-0.0001557859136 1.494488411e-05 0)
(-0.0003121933043 2.015441911e-05 0)
(-0.0004998993654 2.447322829e-05 0)
(-0.0007143186251 2.797634875e-05 0)
(-0.0009509811959 3.075730007e-05 0)
(-0.001205680516 3.291082132e-05 0)
(-0.001474535516 3.452443735e-05 0)
(-0.001754001269 3.567445928e-05 0)
(-0.00204084843 3.642435321e-05 0)
(-0.002332124538 3.682442245e-05 0)
(-0.002625105981 3.691228963e-05 0)
(-0.002917246805 3.671387614e-05 0)
(-0.003206128761 3.624472554e-05 0)
(-0.003489415835 3.551154199e-05 0)
(-0.003764815543 3.451388142e-05 0)
(-0.004030048613 3.32459164e-05 0)
(-0.004282828115 3.169824462e-05 0)
(-0.004520848612 2.985968293e-05 0)
(-0.004741785576 2.771903234e-05 0)
(-0.004943304934 2.526676642e-05 0)
(-0.005123082366 2.249663509e-05 0)
(-0.005278831689 1.94071392e-05 0)
(-0.005408341471 1.600286747e-05 0)
(-0.005509518743 1.229564767e-05 0)
(-0.005580438533 8.305501211e-06 0)
(-0.005619397721 4.061359566e-06 0)
(-0.005624971199 -3.985796038e-07 0)
(-0.005596068805 -5.02673191e-06 0)
(-0.005531991768 -9.766012861e-06 0)
(-0.005432485737 -1.455035951e-05 0)
(-0.005297788693 -1.930581112e-05 0)
(-0.00512867049 -2.395180644e-05 0)
(-0.004926462481 -2.840285991e-05 0)
(-0.004693075234 -3.257057973e-05 0)
(-0.004431002644 -3.636596093e-05 0)
(-0.004143311115 -3.970189973e-05 0)
(-0.00383361295 -4.249582541e-05 0)
(-0.003506023612 -4.467235812e-05 0)
(-0.003165103088 -4.616586181e-05 0)
(-0.002815782242 -4.692278337e-05 0)
(-0.002463275604 -4.690364724e-05 0)
(-0.002112982587 -4.608461247e-05 0)
(-0.001770379562 -4.445850213e-05 0)
(-0.001440905426 -4.203527533e-05 0)
(-0.001129843268 -3.884194978e-05 0)
(-0.0008422003542 -3.492208304e-05 0)
(-0.0005825877257 -3.033502878e-05 0)
(-0.0003550991085 -2.515539483e-05 0)
(-0.0001631861267 -1.947344989e-05 0)
(-9.522431214e-06 -1.339786107e-05 0)
(0.0001041573822 -7.063324094e-06 0)
(0.0001772702946 -6.473283954e-07 0)
(0.0002106960882 5.594917823e-06 0)
(0.0002072475162 1.126353092e-05 0)
(0.0001723591539 1.57209706e-05 0)
(0.0001154226576 1.79764827e-05 0)
(5.340202512e-05 1.603839686e-05 0)
(7.989993454e-06 7.99325399e-06 0)
(1.691539497e-05 -5.519638484e-05 0)
(6.644580488e-05 -6.589392112e-05 0)
(7.250182793e-05 -2.141620433e-05 0)
(1.042663046e-06 4.868505716e-05 0)
(-0.0001670702942 0.0001277344996 0)
(-0.0004363339694 0.0002065072187 0)
(-0.0008036365331 0.0002800709199 0)
(-0.001261610138 0.000346002247 0)
(-0.001800597744 0.0004033235369 0)
(-0.00240993139 0.0004518769046 0)
(-0.003078732319 0.0004919541754 0)
(-0.003796382667 0.0005240733921 0)
(-0.00455277977 0.0005488413537 0)
(-0.00533844657 0.000566868588 0)
(-0.006144547439 0.0005787176663 0)
(-0.006962843839 0.0005848736563 0)
(-0.007785614451 0.0005857298813 0)
(-0.008605557767 0.000581584568 0)
(-0.009415690488 0.0005726453835 0)
(-0.01020925159 0.0005590396832 0)
(-0.01097961936 0.0005408288383 0)
(-0.01172024648 0.000518025342 0)
(-0.01242461688 0.0004906116654 0)
(-0.01308622627 0.0004585599892 0)
(-0.01369858747 0.000421852099 0)
(-0.01425526046 0.0003804988102 0)
(-0.01474990634 0.0003345583866 0)
(-0.01517636352 0.0002841534484 0)
(-0.01552874385 0.0002294859238 0)
(-0.01580154588 0.000170849603 0)
(-0.01598978163 0.0001086399014 0)
(-0.01608911318 4.336040059e-05 0)
(-0.01609599376 -2.437434365e-05 0)
(-0.01600781009 -9.383923656e-05 0)
(-0.01582302106 -0.0001642020099 0)
(-0.01554128594 -0.000234532053 0)
(-0.01516357865 -0.0003038142037 0)
(-0.01469228016 -0.0003709664404 0)
(-0.01413124509 -0.000434861479 0)
(-0.01348583776 -0.0004943518887 0)
(-0.01276293378 -0.0005482981043 0)
(-0.01197088411 -0.0005955985546 0)
(-0.01111943968 -0.0006352209466 0)
(-0.01021963569 -0.0006662336335 0)
(-0.009283636363 -0.0006878359022 0)
(-0.008324542101 -0.0006993860276 0)
(-0.007356162209 -0.0007004260003 0)
(-0.006392757829 -0.0006907020351 0)
(-0.005448760294 -0.0006701802502 0)
(-0.004538470674 -0.0006390573617 0)
(-0.003675746075 -0.0005977668403 0)
(-0.002873677218 -0.0005469818234 0)
(-0.002144259752 -0.0004876172299 0)
(-0.001498058261 -0.0004208351885 0)
(-0.0009438564792 -0.0003480603434 0)
(-0.0004882794219 -0.0002710153915 0)
(-0.0001353617285 -0.0001917932059 0)
(0.0001139801876 -0.0001129906347 0)
(0.0002626372573 -3.794180211e-05 0)
(0.0003182197892 2.889930014e-05 0)
(0.0002942265941 8.137517372e-05 0)
(0.0002119810226 0.0001108346418 0)
(0.000105617027 0.0001055040314 0)
(1.590499148e-05 5.325869063e-05 0)
(1.289062097e-05 -8.659337815e-05 0)
(2.24984536e-05 -7.23509775e-05 0)
(-5.221753994e-05 5.249496821e-05 0)
(-0.0002468596132 0.0002320996329 0)
(-0.0005819727745 0.000433005343 0)
(-0.00106316239 0.0006349040028 0)
(-0.001686767279 0.0008258354247 0)
(-0.002443303279 0.0009992027687 0)
(-0.003319812008 0.001151790779 0)
(-0.004301511679 0.001282476889 0)
(-0.005372915365 0.001391396508 0)
(-0.006518550024 0.001479396514 0)
(-0.007723387283 0.001547674706 0)
(-0.008973069592 0.001597542556 0)
(-0.0102539939 0.001630272032 0)
(-0.01155329953 0.001647001446 0)
(-0.01285879566 0.001648683797 0)
(-0.01415885525 0.001636066305 0)
(-0.01544229611 0.00160969302 0)
(-0.01669826472 0.001569924476 0)
(-0.01791613455 0.001516969717 0)
(-0.01908542735 0.001450926946 0)
(-0.02019576348 0.001371829774 0)
(-0.02123684483 0.001279696512 0)
(-0.02219847234 0.001174580386 0)
(-0.02307059818 0.001056618819 0)
(-0.02384341162 0.0009260801862 0)
(-0.02450745614 0.000783406628 0)
(-0.02505377441 0.0006292516144 0)
(-0.02547407683 0.0004645111029 0)
(-0.02576092842 0.0002903472073 0)
(-0.0259079484 0.0001082033501 0)
(-0.02591001456 -8.019015815e-05 0)
(-0.02576346847 -0.0002728192807 0)
(-0.02546631251 -0.0004673982522 0)
(-0.02501839046 -0.0006613946076 0)
(-0.02442154633 -0.0008520662417 0)
(-0.02367975039 -0.001036508666 0)
(-0.02279918701 -0.001211712056 0)
(-0.02178829775 -0.001374626973 0)
(-0.02065777414 -0.001522237204 0)
(-0.01942049618 -0.00165163771 0)
(-0.01809141386 -0.001760115358 0)
(-0.01668737049 -0.0018452298 0)
(-0.01522686893 -0.001904891718 0)
(-0.01372978302 -0.001937435694 0)
(-0.01221701872 -0.001941685137 0)
(-0.01071013075 -0.001917007207 0)
(-0.009230901559 -0.001863356385 0)
(-0.007800890409 -0.001781306424 0)
(-0.006440959583 -0.001672071855 0)
(-0.005170784024 -0.001537522169 0)
(-0.004008347949 -0.001380194328 0)
(-0.002969428172 -0.00120331268 0)
(-0.002067058105 -0.001010829971 0)
(-0.001310958811 -0.0008075094883 0)
(-0.0007069139392 -0.000599076983 0)
(-0.0002560532207 -0.0003924821746 0)
(4.600289591e-05 -0.0001963215385 0)
(0.0002101636733 -2.148000788e-05 0)
(0.000255015971 0.0001179758781 0)
(0.0002085317061 0.0002037191899 0)
(0.0001129980941 0.0002122257161 0)
(1.791800627e-05 0.0001153282639 0)
(6.091593085e-06 -8.784263634e-05 0)
(-4.896157109e-05 -3.234682526e-07 0)
(-0.0002371659516 0.0002479402284 0)
(-0.0005882571232 0.0005789104897 0)
(-0.001118329968 0.0009432781111 0)
(-0.001831313721 0.001309265921 0)
(-0.00272195 0.001657001821 0)
(-0.003778692322 0.001974771782 0)
(-0.004985981342 0.002256323549 0)
(-0.006325937464 0.002498981687 0)
(-0.007779583485 0.002702344204 0)
(-0.00932768566 0.002867378704 0)
(-0.01095129487 0.002995796053 0)
(-0.01263206037 0.003089620307 0)
(-0.01435237669 0.003150899942 0)
(-0.01609541294 0.003181522726 0)
(-0.01784506423 0.003183107844 0)
(-0.01958585714 0.003156956219 0)
(-0.0213028342 0.003104044807 0)
(-0.0229814373 0.003025053895 0)
(-0.02460740496 0.002920418684 0)
(-0.0261666948 0.002790398096 0)
(-0.02764543904 0.002635154921 0)
(-0.02902993815 0.002454842399 0)
(-0.03030669511 0.002249693047 0)
(-0.0314624911 0.002020106136 0)
(-0.03248450101 0.0017667307 0)
(-0.03336044608 0.001490541322 0)
(-0.03407877933 0.001192904251 0)
(-0.03462889833 0.0008756316437 0)
(-0.035001379 0.0005410220006 0)
(-0.03518822315 0.0001918849651 0)
(-0.03518310979 -0.00016845121 0)
(-0.03498164633 -0.0005361482378 0)
(-0.03458160714 -0.0009068833816 0)
(-0.03398315007 -0.001275897496 0)
(-0.03318900551 -0.00163806409 0)
(-0.03220462353 -0.001987976638 0)
(-0.03103827358 -0.002320053143 0)
(-0.02970108855 -0.002628655901 0)
(-0.02820704699 -0.002908223648 0)
(-0.02657288856 -0.003153412628 0)
(-0.02481795937 -0.003359242481 0)
(-0.02296398596 -0.003521242473 0)
(-0.02103477873 -0.00363559329 0)
(-0.01905586739 -0.003699259727 0)
(-0.01705407335 -0.003710109937 0)
(-0.01505702553 -0.003667017732 0)
(-0.01309262741 -0.003569945645 0)
(-0.01118848408 -0.003420008241 0)
(-0.009371297847 -0.003219517546 0)
(-0.007666240167 -0.002972015477 0)
(-0.006096305594 -0.002682302072 0)
(-0.004681650062 -0.002356473191 0)
(-0.003438911385 -0.002001987492 0)
(-0.002380504412 -0.001627790097 0)
(-0.001513877503 -0.001244529415 0)
(-0.0008407109094 -0.0008649133494 0)
(-0.0003560337756 -0.0005042593478 0)
(-4.726360089e-05 -0.0001812926115 0)
(0.0001067753671 8.078661023e-05 0)
(0.0001372298307 0.0002530450471 0)
(8.942654736e-05 0.0002993941499 0)
(1.615698728e-05 0.0001741694783 0)
(-1.375752603e-06 -4.768838658e-05 0)
(-0.000132913789 0.000173103599 0)
(-0.0004529665466 0.0005914406766 0)
(-0.0009811246397 0.001113360321 0)
(-0.001725031397 0.001676668131 0)
(-0.002684467356 0.002239480431 0)
(-0.00385116092 0.002774453044 0)
(-0.005210914018 0.003264705026 0)
(-0.006745573633 0.003700689331 0)
(-0.008434552104 0.004077873148 0)
(-0.01025598722 0.004395045752 0)
(-0.0121875876 0.004653088448 0)
(-0.01420720711 0.004854086926 0)
(-0.01629319986 0.005000699987 0)
(-0.01842460611 0.005095722114 0)
(-0.02058121383 0.005141794063 0)
(-0.02274353493 0.005141227463 0)
(-0.02489272861 0.005095917546 0)
(-0.02701049921 0.005007323827 0)
(-0.0290789899 0.004876502624 0)
(-0.0310806897 0.004704178248 0)
(-0.03299836638 0.004490841945 0)
(-0.0348150348 0.004236869373 0)
(-0.0365139665 0.003942648827 0)
(-0.03807874373 0.003608713508 0)
(-0.03949335872 0.003235872088 0)
(-0.04074235668 0.002825332552 0)
(-0.04181101925 0.002378814967 0)
(-0.04268558354 0.001898649292 0)
(-0.04335349045 0.00138785486 0)
(-0.04380365505 0.0008501985369 0)
(-0.04402675092 0.0002902288855 0)
(-0.04401549606 -0.0002867161265 0)
(-0.04376493865 -0.0008745260484 0)
(-0.04327272508 -0.001466361135 0)
(-0.04253934183 -0.002054728771 0)
(-0.04156832599 -0.0026315912 0)
(-0.0403664267 -0.003188500541 0)
(-0.03894371221 -0.003716759489 0)
(-0.03731361371 -0.004207604577 0)
(-0.0354928986 -0.004652407847 0)
(-0.03350156788 -0.005042891785 0)
(-0.03136267356 -0.005371351609 0)
(-0.02910205473 -0.00563087831 0)
(-0.02674799227 -0.005815575596 0)
(-0.02433078507 -0.005920763886 0)
(-0.02188225249 -0.005943165075 0)
(-0.01943516973 -0.005881062869 0)
(-0.01702264472 -0.005734435205 0)
(-0.01467744586 -0.005505057677 0)
(-0.01243129084 -0.005196580085 0)
(-0.01031410614 -0.004814582234 0)
(-0.008353265687 -0.004366619979 0)
(-0.006572815155 -0.003862278436 0)
(-0.004992685545 -0.003313256096 0)
(-0.003627896799 -0.002733511349 0)
(-0.00248774975 -0.002139511079 0)
(-0.001575003028 -0.001550628474 0)
(-0.00088503222 -0.0009897425276 0)
(-0.0004049897969 -0.0004840916609 0)
(-0.0001130091163 -6.640551065e-05 0)
(2.282219061e-05 0.0002237304455 0)
(4.733941631e-05 0.00033803222 0)
(1.270567443e-05 0.0002151188107 0)
(-8.814631453e-06 3.739697511e-05 0)
(-0.0002214052906 0.0004580426094 0)
(-0.0006824530099 0.001097131408 0)
(-0.001399220705 0.001850571014 0)
(-0.002368468803 0.002646731802 0)
(-0.003583936447 0.003435702902 0)
(-0.005032999591 0.004183826779 0)
(-0.00669801057 0.004869613995 0)
(-0.00855788538 0.005480422737 0)
(-0.01058934 0.006009870416 0)
(-0.01276788 0.006455857462 0)
(-0.01506856034 0.006819072208 0)
(-0.01746652442 0.007101874164 0)
(-0.01993735183 0.007307475901 0)
(-0.02245725141 0.007439361093 0)
(-0.02500313628 0.007500889881 0)
(-0.02755261537 0.007495052992 0)
(-0.03008393207 0.007424343763 0)
(-0.0325758765 0.007290722858 0)
(-0.03500769337 0.007095654831 0)
(-0.03735900314 0.006840198963 0)
(-0.03960975009 0.006525139456 0)
(-0.04174018712 0.006151142218 0)
(-0.04373090375 0.005718927241 0)
(-0.04556290073 0.005229447113 0)
(-0.04721771207 0.004684063444 0)
(-0.04867757279 0.004084714106 0)
(-0.04992562887 0.003434065074 0)
(-0.05094618416 0.002735641466 0)
(-0.05172497722 0.001993933054 0)
(-0.0522494804 0.00121447018 0)
(-0.0525092128 0.0004038664735 0)
(-0.0524960522 -0.0004301748787 0)
(-0.05220454758 -0.001278888941 0)
(-0.05163220951 -0.002132513094 0)
(-0.05077977098 -0.00298039571 0)
(-0.04965141554 -0.003811147391 0)
(-0.04825495064 -0.004612829174 0)
(-0.04660192209 -0.005373175524 0)
(-0.04470765989 -0.006079847934 0)
(-0.04259124742 -0.006720713577 0)
(-0.04027540778 -0.007284142225 0)
(-0.03778630283 -0.00775931357 0)
(-0.03515324248 -0.00813652627 0)
(-0.03240830391 -0.008407499577 0)
(-0.02958586305 -0.008565658458 0)
(-0.02672204251 -0.008606393704 0)
(-0.02385408302 -0.008527289886 0)
(-0.02101964696 -0.008328316071 0)
(-0.01825606452 -0.008011977181 0)
(-0.01559953388 -0.007583427694 0)
(-0.01308428769 -0.007050554134 0)
(-0.01074173747 -0.006424038417 0)
(-0.008599607336 -0.005717420567 0)
(-0.006681067106 -0.004947186359 0)
(-0.005003874093 -0.004132912853 0)
(-0.003579532681 -0.003297511742 0)
(-0.002412481686 -0.002467616041 0)
(-0.001499322801 -0.001674159639 0)
(-0.0008281149099 -0.0009532015402 0)
(-0.0003777531202 -0.0003470256505 0)
(-0.0001173081134 9.450453806e-05 0)
(-4.848752964e-06 0.0003119626388 0)
(8.55228075e-06 0.0002311942814 0)
(-1.592458516e-05 0.0001680408869 0)
(-0.0003103185292 0.0008582856594 0)
(-0.000915733641 0.001771670004 0)
(-0.001826344718 0.002798597247 0)
(-0.003026773119 0.003861291805 0)
(-0.004503430706 0.004904117451 0)
(-0.006238262914 0.005888633096 0)
(-0.008209399769 0.006789693837 0)
(-0.01039236791 0.007592113255 0)
(-0.01276100458 0.008287944252 0)
(-0.01528822002 0.008874319891 0)
(-0.01794661307 0.009351763075 0)
(-0.02070892286 0.009722886454 0)
(-0.02354832739 0.009991415756 0)
(-0.0264386122 0.01016147988 0)
(-0.02935423673 0.01023712011 0)
(-0.03227032678 0.0102219784 0)
(-0.03516261971 0.01011913104 0)
(-0.03800738694 0.009931038532 0)
(-0.04078135414 0.009659587143 0)
(-0.04346163662 0.009306200275 0)
(-0.04602570291 0.008872001088 0)
(-0.04845137652 0.008358009934 0)
(-0.05071688226 0.007765362411 0)
(-0.05280094031 0.007095535625 0)
(-0.05468290889 0.006350571918 0)
(-0.0563429736 0.005533290696 0)
(-0.0577623797 0.004647480265 0)
(-0.05892370163 0.003698062606 0)
(-0.05981114281 0.002691225033 0)
(-0.06041085757 0.001634513536 0)
(-0.06071128668 0.0005368832507 0)
(-0.06070348965 -0.0005912979426 0)
(-0.06038147976 -0.001738290021 0)
(-0.05974253301 -0.002891067809 0)
(-0.05878746525 -0.004035464155 0)
(-0.05752087801 -0.005156367729 0)
(-0.05595134506 -0.00623796793 0)
(-0.05409153775 -0.007264044234 0)
(-0.05195827828 -0.008218294855 0)
(-0.04957251207 -0.009084697845 0)
(-0.04695919209 -0.009847896209 0)
(-0.04414706993 -0.01049359733 0)
(-0.0411683899 -0.01100897584 0)
(-0.03805848519 -0.01138306848 0)
(-0.03485527729 -0.01160714943 0)
(-0.03159868267 -0.01167507513 0)
(-0.02832993316 -0.01158358912 0)
(-0.02509081918 -0.01133257974 0)
(-0.02192286701 -0.01092528688 0)
(-0.01886646345 -0.01036845821 0)
(-0.01595994239 -0.00967246075 0)
(-0.01323864896 -0.008851359517 0)
(-0.01073399746 -0.007922982048 0)
(-0.008472539674 -0.00690899438 0)
(-0.006475060737 -0.005835021159 0)
(-0.004755720816 -0.004730848451 0)
(-0.0033212634 -0.003630752143 0)
(-0.002170316224 -0.002573998034 0)
(-0.001292812027 -0.001605563399 0)
(-0.000669519793 -0.0007771115047 0)
(-0.0002717360257 -0.0001481991961 0)
(-6.191740758e-05 0.0002118900519 0)
(4.264163838e-06 0.0002190561714 0)
(-2.261742078e-05 0.0003435639758 0)
(-0.0003976197868 0.001374130807 0)
(-0.001147270254 0.00261697722 0)
(-0.002252716228 0.003960494085 0)
(-0.003685977045 0.005323632196 0)
(-0.005425374881 0.00664727854 0)
(-0.007446658651 0.007889876304 0)
(-0.009723102922 0.009023800963 0)
(-0.01222639938 0.0100321111 0)
(-0.01492725618 0.01090579817 0)
(-0.01779591413 0.01164152818 0)
(-0.02080258683 0.01223982188 0)
(-0.02391779096 0.01270362003 0)
(-0.02711256383 0.01303718301 0)
(-0.0303585809 0.0132452769 0)
(-0.03362819227 0.01333260262 0)
(-0.03689440014 0.01330342904 0)
(-0.04013079935 0.01316139508 0)
(-0.04331150215 0.01290944953 0)
(-0.04641106575 0.01254990054 0)
(-0.0494044382 0.01208454982 0)
(-0.05226693512 0.01151488936 0)
(-0.05497425613 0.01084234084 0)
(-0.05750254709 0.01006852038 0)
(-0.05982851105 0.009195513452 0)
(-0.06192956828 0.008226146523 0)
(-0.06378406337 0.007164243913 0)
(-0.06537151554 0.006014859884 0)
(-0.06667290624 0.004784477245 0)
(-0.06767099712 0.003481165084 0)
(-0.06835067021 0.002114689333 0)
(-0.06869928225 0.0006965707035 0)
(-0.06870701378 -0.0007599148114 0)
(-0.0683672248 -0.002239790292 0)
(-0.06767678173 -0.003726488469 0)
(-0.06663635068 -0.005202029853 0)
(-0.06525066444 -0.006647268385 0)
(-0.06352872638 -0.008042194672 0)
(-0.061483953 -0.009366293929 0)
(-0.05913424263 -0.0105989527 0)
(-0.05650196033 -0.01171990634 0)
(-0.05361383104 -0.01270971728 0)
(-0.05050073397 -0.01355027272 0)
(-0.04719739368 -0.01422528854 0)
(-0.04374196511 -0.01472080574 0)
(-0.04017551291 -0.01502566507 0)
(-0.03654138797 -0.01513194629 0)
(-0.0328845073 -0.01503535958 0)
(-0.02925054653 -0.01473557943 0)
(-0.02568505705 -0.01423651454 0)
(-0.02223252304 -0.01354651227 0)
(-0.01893537555 -0.01267850156 0)
(-0.0158329833 -0.01165008483 0)
(-0.01296064132 -0.01048359656 0)
(-0.01034858016 -0.009206152881 0)
(-0.008021019948 -0.007849723602 0)
(-0.005995295366 -0.006451262996 0)
(-0.004281080768 -0.005052939142 0)
(-0.002879752147 -0.003702503963 0)
(-0.001783913033 -0.002453849169 0)
(-0.0009770428838 -0.00136777292 0)
(-0.0004334906839 -0.0005129211516 0)
(-0.0001208645195 3.273966865e-05 0)
(1.252256669e-07 0.0001773589615 0)
(-2.890231681e-05 0.000562671861 0)
(-0.0004823700056 0.002003886395 0)
(-0.001374049992 0.003631965539 0)
(-0.002672533576 0.005335870322 0)
(-0.004337267935 0.00703367937 0)
(-0.006338126345 0.008664862357 0)
(-0.008644187433 0.01018640604 0)
(-0.01122341644 0.01156947783 0)
(-0.01404330698 0.01279631449 0)
(-0.01707119792 0.01385750314 0)
(-0.02027454884 0.01474968562 0)
(-0.02362119413 0.01547366389 0)
(-0.02707953324 0.01603287609 0)
(-0.03061864614 0.016432208 0)
(-0.03420833933 0.0166771022 0)
(-0.03781913447 0.01677292725 0)
(-0.04142221592 0.01672457009 0)
(-0.04498935461 0.01653621711 0)
(-0.04849282589 0.01621129106 0)
(-0.0519053371 0.01575251377 0)
(-0.05519997836 0.01516206672 0)
(-0.0583502075 0.01444182421 0)
(-0.06132987713 0.01359363641 0)
(-0.06411330873 0.01261964184 0)
(-0.06667541638 0.0115225915 0)
(-0.06899187996 0.01030616871 0)
(-0.07103936567 0.008975291259 0)
(-0.07279578987 0.007536383742 0)
(-0.07424062046 0.005997610117 0)
(-0.07535520887 0.004369057712 0)
(-0.07612314511 0.002662865364 0)
(-0.07653062816 0.000893289367 0)
(-0.0765668304 -0.0009232983833 0)
(-0.07622427342 -0.002768478285 0)
(-0.07549917518 -0.004621916289 0)
(-0.07439176111 -0.006461575553 0)
(-0.072906558 -0.008264009429 0)
(-0.07105262193 -0.01000472288 0)
(-0.06884370651 -0.01165859957 0)
(-0.06629835692 -0.01320038821 0)
(-0.0634399188 -0.01460523914 0)
(-0.06029645218 -0.01584927999 0)
(-0.05690054204 -0.01691021728 0)
(-0.05328899883 -0.01776794865 0)
(-0.04950244468 -0.0184051696 0)
(-0.04558478396 -0.01880795737 0)
(-0.04158255976 -0.01896631526 0)
(-0.03754420195 -0.01887466159 0)
(-0.03351917586 -0.01853225019 0)
(-0.02955704461 -0.01794351257 0)
(-0.025706462 -0.01711831731 0)
(-0.02201411623 -0.01607214774 0)
(-0.01852364775 -0.01482620602 0)
(-0.01527456756 -0.01340745917 0)
(-0.01230120436 -0.01184864952 0)
(-0.009631711438 -0.0101882988 0)
(-0.007287165575 -0.008470739779 0)
(-0.005280794818 -0.006746212228 0)
(-0.003617379921 -0.005071060952 0)
(-0.002292854195 -0.003508075012 0)
(-0.001294023049 -0.002126982453 0)
(-0.0005987885136 -0.001005042486 0)
(-0.0001801651479 -0.0002280427097 0)
(-3.754911181e-06 0.000105842481 0)
(-3.481933738e-05 0.0008238255387 0)
(-0.0005641808637 0.002744771575 0)
(-0.001594479561 0.004813674238 0)
(-0.003082390432 0.006921982216 0)
(-0.004975102196 0.008988877796 0)
(-0.007233967585 0.01095424022 0)
(-0.009821164163 0.01277517223 0)
(-0.0126990714 0.01442291671 0)
(-0.01583073213 0.01587989207 0)
(-0.0191799286 0.01713703583 0)
(-0.02271123638 0.01819151227 0)
(-0.02639009555 0.01904478484 0)
(-0.03018285431 0.01970104135 0)
(-0.03405677053 0.02016595026 0)
(-0.03797997247 0.02044572008 0)
(-0.04192138573 0.02054643007 0)
(-0.04585063812 0.02047359859 0)
(-0.04973795579 0.02023195565 0)
(-0.05355406457 0.01982538631 0)
(-0.05727010939 0.01925701327 0)
(-0.06085760311 0.01852938848 0)
(-0.06428841354 0.01764476605 0)
(-0.06753479547 0.01660543084 0)
(-0.07056947139 0.01541406001 0)
(-0.07336576291 0.01407409692 0)
(-0.07589777209 0.01259011962 0)
(-0.07814061059 0.01096818833 0)
(-0.08007067224 0.009216158422 0)
(-0.08166594405 0.007343947347 0)
(-0.08290634854 0.005363745719 0)
(-0.08377411076 0.003290164245 0)
(-0.08425414312 0.001140309371 0)
(-0.08433442493 -0.001066218797 0)
(-0.08400639864 -0.003307406319 0)
(-0.08326534191 -0.005558978821 0)
(-0.08211069887 -0.007794643201 0)
(-0.0805464089 -0.009986425614 0)
(-0.07858116679 -0.01210508915 0)
(-0.07622862677 -0.01412062906 0)
(-0.07350753376 -0.0160028389 0)
(-0.07044176901 -0.01772193805 0)
(-0.06706029847 -0.01924924841 0)
(-0.06339701329 -0.02055790545 0)
(-0.05949045344 -0.02162358662 0)
(-0.05538340787 -0.02242523779 0)
(-0.05112238773 -0.02294577771 0)
(-0.04675697254 -0.02317275979 0)
(-0.04233903396 -0.02309897147 0)
(-0.03792184572 -0.02272295381 0)
(-0.03355909378 -0.02204942719 0)
(-0.02930380498 -0.02108961449 0)
(-0.02520721773 -0.01986145892 0)
(-0.02131762184 -0.01838974133 0)
(-0.01767919874 -0.01670610935 0)
(-0.01433089637 -0.01484903838 0)
(-0.01130537528 -0.01286375129 0)
(-0.008628064459 -0.0108021284 0)
(-0.006316369503 -0.008722641684 0)
(-0.004379084813 -0.006690347352 0)
(-0.002816029517 -0.004776969798 0)
(-0.001617786153 -0.003061081102 0)
(-0.0007660762119 -0.00162829813 0)
(-0.0002392584586 -0.0005717633461 0)
(-7.361260836e-06 4.716970957e-06 0)
(-4.04127575e-05 0.001125418679 0)
(-0.0006429241454 0.00359342935 0)
(-0.001807730846 0.006157985451 0)
(-0.003480273112 0.008714484209 0)
(-0.005595943901 0.01118484287 0)
(-0.008107697509 0.01351095182 0)
(-0.01097076783 0.01565148285 0)
(-0.01414182811 0.01757900053 0)
(-0.01757933139 0.01927712737 0)
(-0.02124338761 0.02073795863 0)
(-0.02509562092 0.0219597962 0)
(-0.0290990693 0.02294521728 0)
(-0.0332180831 0.02369947889 0)
(-0.03741820828 0.02422924765 0)
(-0.04166605366 0.02454163449 0)
(-0.04592914674 0.0246435079 0)
(-0.05017578583 0.02454105557 0)
(-0.05437489889 0.02423956191 0)
(-0.0584959193 0.02374336838 0)
(-0.06250868919 0.02305598365 0)
(-0.06638339863 0.02218031182 0)
(-0.07009056807 0.02111896878 0)
(-0.07360107876 0.01987465896 0)
(-0.07688625413 0.01845058727 0)
(-0.07991799289 0.01685088377 0)
(-0.08266895307 0.01508102133 0)
(-0.08511278423 0.01314820891 0)
(-0.08722440423 0.0110617459 0)
(-0.08898031523 0.00883332449 0)
(-0.09035895303 0.006477269472 0)
(-0.09134106352 0.00401070627 0)
(-0.09191010069 0.001453649299 0)
(-0.09205262206 -0.001170996642 0)
(-0.09175870575 -0.003837524921 0)
(-0.09102235409 -0.006517596378 0)
(-0.08984184746 -0.009180505494 0)
(-0.08822011743 -0.01179355911 0)
(-0.08616504842 -0.01432254661 0)
(-0.08368972902 -0.01673230065 0)
(-0.08081263343 -0.01898734199 0)
(-0.07755771813 -0.02105259883 0)
(-0.07395441968 -0.02289418768 0)
(-0.07003754035 -0.0244802397 0)
(-0.0658470097 -0.0257817534 0)
(-0.06142751254 -0.02677345185 0)
(-0.05682797697 -0.0274346206 0)
(-0.05210092038 -0.0277499015 0)
(-0.04730165604 -0.0277100181 0)
(-0.04248736856 -0.02731240967 0)
(-0.03771607241 -0.02656175477 0)
(-0.0330454737 -0.02547037008 0)
(-0.02853176122 -0.02405847693 0)
(-0.02422835844 -0.02235433572 0)
(-0.02018467236 -0.02039425687 0)
(-0.0164448794 -0.01822250528 0)
(-0.01304679075 -0.01589112264 0)
(-0.01002084137 -0.01345969749 0)
(-0.007389250324 -0.01099511485 0)
(-0.005165409961 -0.008571317374 0)
(-0.003353516289 -0.006269107016 0)
(-0.001948273249 -0.004175984088 0)
(-0.0009353446654 -0.002385932132 0)
(-0.0002982101848 -0.0009993884831 0)
(-1.072978247e-05 -0.0001257335307 0)
(-4.571971459e-05 0.001465848303 0)
(-0.0007185753325 0.004546196158 0)
(-0.002013356672 0.00766005073 0)
(-0.003864931721 0.01070792047 0)
(-0.006197430562 0.01361582777 0)
(-0.008955656406 0.01632908018 0)
(-0.01208799597 0.01880924661 0)
(-0.01554542386 0.02103139708 0)
(-0.01928176831 0.02298136651 0)
(-0.02325342654 0.02465323456 0)
(-0.02741905144 0.02604709536 0)
(-0.03173929473 0.02716714094 0)
(-0.03617656729 0.02802006782 0)
(-0.04069480474 0.02861380353 0)
(-0.04525923801 0.02895653857 0)
(-0.04983617197 0.02905604195 0)
(-0.05439277778 0.02891923261 0)
(-0.05889690648 0.02855197565 0)
(-0.06331693163 0.02795907021 0)
(-0.06762162859 0.02714439547 0)
(-0.07178009694 0.02611118148 0)
(-0.07576173104 0.02486237319 0)
(-0.07953624215 0.02340105806 0)
(-0.08307373376 0.02173093028 0)
(-0.08634483019 0.01985676734 0)
(-0.0893208571 0.01778489763 0)
(-0.09197407137 0.01552364064 0)
(-0.09427793661 0.01308370372 0)
(-0.09620743995 0.01047852187 0)
(-0.09773944471 0.007724528854 0)
(-0.09885307381 0.004841349786 0)
(-0.09953011977 0.001851906731 0)
(-0.09975545736 -0.001217571071 0)
(-0.09951748123 -0.004337639481 0)
(-0.09880854963 -0.007475818803 0)
(-0.09762536225 -0.01059687661 0)
(-0.0959693883 -0.01366324087 0)
(-0.09384721943 -0.01663551692 0)
(-0.09127088073 -0.01947310932 0)
(-0.08825807632 -0.02213494284 0)
(-0.08483235247 -0.02458027341 0)
(-0.0810231612 -0.02676957589 0)
(-0.07686580774 -0.02866549143 0)
(-0.07240126655 -0.03023381353 0)
(-0.0676758524 -0.03144448819 0)
(-0.06274073704 -0.03227260038 0)
(-0.05765130598 -0.03269931735 0)
(-0.05246635593 -0.03271275861 0)
(-0.04724713982 -0.03230876365 0)
(-0.04205627356 -0.03149153148 0)
(-0.03695652611 -0.03027411117 0)
(-0.03200952177 -0.02867872949 0)
(-0.02727439041 -0.0267369504 0)
(-0.02280640694 -0.02448967018 0)
(-0.01865566613 -0.02198696179 0)
(-0.01486584155 -0.01928779058 0)
(-0.01147307837 -0.01645962981 0)
(-0.008505072971 -0.01357800762 0)
(-0.005980401861 -0.01072601682 0)
(-0.003908103723 -0.007993815837 0)
(-0.002287298362 -0.005478115049 0)
(-0.001107649778 -0.003281550175 0)
(-0.0003574928186 -0.001512173178 0)
(-1.392329968e-05 -0.0002854010786 0)
(-5.076803782e-05 0.001843531901 0)
(-0.0007911329013 0.005599228055 0)
(-0.00221106682 0.009314527694 0)
(-0.004235489537 0.01289602744 0)
(-0.006777828298 0.01627503546 0)
(-0.009775061195 0.0194015226 0)
(-0.01316892406 0.02224116626 0)
(-0.01690480107 0.02477265327 0)
(-0.02093194929 0.02698500553 0)
(-0.0252030833 0.02887510988 0)
(-0.02967391509 0.03044552417 0)
(-0.03430275721 0.03170258573 0)
(-0.0390501545 0.03265483601 0)
(-0.04387853625 0.03331176202 0)
(-0.04875189008 0.03368284419 0)
(-0.05363546073 0.03377689142 0)
(-0.05849547783 0.03360163764 0)
(-0.06329891849 0.03316356964 0)
(-0.06801331014 0.03246795308 0)
(-0.07260657906 0.03151902247 0)
(-0.07704694891 0.03032030064 0)
(-0.08130289256 0.02887501489 0)
(-0.08534313895 0.0271865784 0)
(-0.08913673561 0.02525910873 0)
(-0.09265316616 0.02309795769 0)
(-0.09586252104 0.02071023014 0)
(-0.098735719 0.01810527248 0)
(-0.1012447761 0.01529511375 0)
(-0.1033631183 0.01229484544 0)
(-0.1050659342 0.00912292759 0)
(-0.1063305619 0.005801410692 0)
(-0.1071369102 0.002356064513 0)
(-0.1074678894 -0.001183595766 0)
(-0.1073098682 -0.004784398551 0)
(-0.1066531679 -0.008409697795 0)
(-0.1054924635 -0.01201966255 0)
(-0.1038272782 -0.01557171571 0)
(-0.1016623972 -0.01902109011 0)
(-0.09900825127 -0.02232150499 0)
(-0.09588124082 -0.02542595906 0)
(-0.09230398222 -0.02828763159 0)
(-0.08830545458 -0.03086087887 0)
(-0.08392102757 -0.03310230827 0)
(-0.07919235009 -0.03497190734 0)
(-0.07416708221 -0.03643420044 0)
(-0.06889845605 -0.03745940106 0)
(-0.06344465661 -0.03802452501 0)
(-0.05786801951 -0.03811442755 0)
(-0.0522340507 -0.0377227283 0)
(-0.04661028149 -0.03685258976 0)
(-0.04106498143 -0.03551732063 0)
(-0.03566576066 -0.03374078225 0)
(-0.03047810159 -0.03155758569 0)
(-0.025563867 -0.02901307813 0)
(-0.02097983709 -0.02616312761 0)
(-0.01677633122 -0.02307372647 0)
(-0.01299597053 -0.01982044126 0)
(-0.009672639777 -0.01648774213 0)
(-0.006830716462 -0.01316824542 0)
(-0.004484561974 -0.009961900595 0)
(-0.002638007959 -0.006975118493 0)
(-0.001284779118 -0.004319742062 0)
(-0.0004178446115 -0.002112095888 0)
(-1.701912335e-05 -0.0004745128778 0)
(-5.557478787e-05 0.00225689853 0)
(-0.0008605755317 0.006748543732 0)
(-0.002400600499 0.01111569506 0)
(-0.004591205331 0.01527190408 0)
(-0.007335682929 0.01915481126 0)
(-0.01056356141 0.02272017015 0)
(-0.01421019246 0.02593887489 0)
(-0.01821555469 0.02879426695 0)
(-0.02252445994 0.03127948541 0)
(-0.0270860314 0.03339502796 0)
(-0.03185311783 0.03514658783 0)
(-0.03678177256 0.03654319189 0)
(-0.04183076747 0.03759565364 0)
(-0.04696113805 0.03831534352 0)
(-0.05213576323 0.03871326761 0)
(-0.05731898383 0.03879943701 0)
(-0.06247626336 0.03858250304 0)
(-0.06757389534 0.03806962849 0)
(-0.07257876124 0.03726656156 0)
(-0.07745814239 0.03617787747 0)
(-0.0821795883 0.03480735263 0)
(-0.08671084315 0.03315843697 0)
(-0.0910198307 0.03123479229 0)
(-0.0950746973 0.02904086707 0)
(-0.09884391157 0.02658248124 0)
(-0.1022964189 0.02386739786 0)
(-0.1054018485 0.02090586143 0)
(-0.1081307701 0.01771108612 0)
(-0.1104549977 0.01429967888 0)
(-0.1123479369 0.01069198511 0)
(-0.1137849739 0.006912346001 0)
(-0.1147439041 0.002989257805 0)
(-0.1152053828 -0.001044577196 0)
(-0.1151533982 -0.005152327212 0)
(-0.1145758275 -0.009293206646 0)
(-0.1134648584 -0.01342276067 0)
(-0.1118175611 -0.01749331792 0)
(-0.1096363725 -0.02145457556 0)
(-0.1069295643 -0.02525432197 0)
(-0.1037116617 -0.02883929543 0)
(-0.1000037884 -0.03215617231 0)
(-0.09583391668 -0.03515267288 0)
(-0.09123699495 -0.03777876713 0)
(-0.08625493004 -0.03998795673 0)
(-0.08093639994 -0.04173860296 0)
(-0.07533647775 -0.04299526442 0)
(-0.06951605252 -0.0437300036 0)
(-0.06354103958 -0.04392361808 0)
(-0.05748138221 -0.04356675104 0)
(-0.0514098564 -0.04266083768 0)
(-0.0454007015 -0.04121884851 0)
(-0.03952811064 -0.03926579826 0)
(-0.0338646251 -0.03683899952 0)
(-0.02847948583 -0.03398805241 0)
(-0.023437002 -0.03077457519 0)
(-0.01879500036 -0.02727169327 0)
(-0.01460341889 -0.02356331542 0)
(-0.01090311045 -0.0197432329 0)
(-0.007724930355 -0.01591408049 0)
(-0.005089094842 -0.01218619781 0)
(-0.003004491951 -0.008676395481 0)
(-0.001469023079 -0.005506532135 0)
(-0.00048017687 -0.002802158235 0)
(-2.010127289e-05 -0.0006937335686 0)
(-6.014832645e-05 0.002704367546 0)
(-0.0009268436974 0.007990020527 0)
(-0.002581656263 0.01305749188 0)
(-0.004931332976 0.01782809279 0)
(-0.007869603048 0.02224674817 0)
(-0.0113189513 0.02627601397 0)
(-0.01520866165 0.02989302006 0)
(-0.01947354927 0.03308672977 0)
(-0.02405416339 0.0358552804 0)
(-0.02889617763 0.0382035552 0)
(-0.03394969636 0.04014104301 0)
(-0.03916862424 0.04168000613 0)
(-0.04451007361 0.04283396813 0)
(-0.04993380993 0.04361652301 0)
(-0.0554017418 0.04404045656 0)
(-0.06087746058 0.04411716222 0)
(-0.06632583325 0.04385632654 0)
(-0.07171265208 0.04326585418 0)
(-0.07700434372 0.04235199845 0)
(-0.08216773958 0.04111966169 0)
(-0.08716990855 0.0395728294 0)
(-0.091978052 0.03771510283 0)
(-0.09655946047 0.035550297 0)
(-0.1008815306 0.03308307399 0)
(-0.1049118407 0.03031958424 0)
(-0.1086182821 0.02726809275 0)
(-0.1119692458 0.02393956963 0)
(-0.1149338609 0.02034822817 0)
(-0.1174822838 0.01651199552 0)
(-0.1195860364 0.01245290342 0)
(-0.1212183915 0.008197387809 0)
(-0.122354807 0.003776487454 0)
(-0.1229733968 -0.0007740700989 0)
(-0.1230554133 -0.005413920542 0)
(-0.1225858794 -0.01009822192 0)
(-0.1215540241 -0.0147779221 0)
(-0.1199539411 -0.0194002093 0)
(-0.1177851533 -0.02390911397 0)
(-0.115053177 -0.02824626643 0)
(-0.1117700486 -0.03235181252 0)
(-0.1079547877 -0.03616548346 0)
(-0.1036337683 -0.03962780978 0)
(-0.0988409694 -0.04268146284 0)
(-0.09361807322 -0.04527269919 0)
(-0.08801438228 -0.0473528753 0)
(-0.08208652871 -0.04887999207 0)
(-0.07589795507 -0.04982022168 0)
(-0.06951815344 -0.05014936396 0)
(-0.0630216599 -0.04985417701 0)
(-0.05648681331 -0.04893352687 0)
(-0.0499943004 -0.04739930519 0)
(-0.04362552277 -0.04527707201 0)
(-0.03746083423 -0.04260639176 0)
(-0.03157770826 -0.03944084532 0)
(-0.02604890379 -0.03584771689 0)
(-0.02094070254 -0.03190737093 0)
(-0.01631129086 -0.02771234883 0)
(-0.01220936044 -0.02336622606 0)
(-0.008673010589 -0.01898227696 0)
(-0.005728932142 -0.01468199699 0)
(-0.00339150238 -0.01059349943 0)
(-0.001663015408 -0.006849702048 0)
(-0.0005455148859 -0.003586591265 0)
(-2.325736442e-05 -0.0009442311725 0)
(-6.448824439e-05 0.003184322848 0)
(-0.0009898311159 0.009319365351 0)
(-0.002753857617 0.01513351149 0)
(-0.005255044658 0.0205566025 0)
(-0.008378132983 0.02554173156 0)
(-0.01203899286 0.03005919665 0)
(-0.01616119207 0.0340933048 0)
(-0.02067466656 0.03763954197 0)
(-0.02551592865 0.04070187357 0)
(-0.03062738398 0.04329030848 0)
(-0.03595654494 0.0454187716 0)
(-0.04145530422 0.04710329946 0)
(-0.04707924643 0.04836056611 0)
(-0.05278700205 0.04920673801 0)
(-0.05853965294 0.04965664701 0)
(-0.0643001959 0.04972326246 0)
(-0.07003306824 0.04941743649 0)
(-0.07570373851 0.04874789141 0)
(-0.08127836408 0.0477214144 0)
(-0.08672351624 0.04634322272 0)
(-0.09200597247 0.04461746251 0)
(-0.09709257479 0.04254780513 0)
(-0.1019501523 0.04013810738 0)
(-0.1065455062 0.03739310504 0)
(-0.110845454 0.03431911247 0)
(-0.114816933 0.03092470507 0)
(-0.1184271587 0.02722136447 0)
(-0.1216438393 0.02322406971 0)
(-0.1244354448 0.01895182014 0)
(-0.1267715302 0.01442807729 0)
(-0.1286231126 0.009681114762 0)
(-0.1299631078 0.004744265514 0)
(-0.1307668179 -0.0003439455141 0)
(-0.1310124181 -0.005539812494 0)
(-0.1306816748 -0.01079458238 0)
(-0.1297603893 -0.01605469164 0)
(-0.1282391488 -0.02126219344 0)
(-0.1261139793 -0.02635536205 0)
(-0.1233870159 -0.03126947136 0)
(-0.120067152 -0.03593775575 0)
(-0.1161706368 -0.04029255307 0)
(-0.1117215892 -0.04426662305 0)
(-0.1067523934 -0.04779462627 0)
(-0.1013039401 -0.05081473935 0)
(-0.09542567374 -0.05327037199 0)
(-0.08917541457 -0.05511194107 0)
(-0.08261892399 -0.05629864755 0)
(-0.07582919384 -0.05680019405 0)
(-0.06888544958 -0.05659837588 0)
(-0.06187187174 -0.05568847691 0)
(-0.05487605557 -0.05408040474 0)
(-0.04798724501 -0.05179950744 0)
(-0.0412943936 -0.04888702669 0)
(-0.03488411893 -0.04540015908 0)
(-0.02883862841 -0.04141171654 0)
(-0.02323370086 -0.03700939795 0)
(-0.01813680884 -0.03229470314 0)
(-0.01360546739 -0.02738153631 0)
(-0.009685903784 -0.02239455759 0)
(-0.006412023876 -0.01746734802 0)
(-0.003804251822 -0.01274042245 0)
(-0.001869624526 -0.008359019072 0)
(-0.0006149581581 -0.004470996644 0)
(-2.657604898e-05 -0.001227719706 0)
(-6.858798088e-05 0.003695086455 0)
(-0.001049385871 0.01073207431 0)
(-0.002916740213 0.01733697088 0)
(-0.005561395166 0.0234488969 0)
(-0.008859687254 0.02902994436 0)
(-0.01272131815 0.03405902543 0)
(-0.0170645167 0.0385284964 0)
(-0.02181465426 0.04244120376 0)
(-0.02690446351 0.04580771941 0)
(-0.0322732933 0.04864387951 0)
(-0.03786624218 0.05096866038 0)
(-0.04363334798 0.05280239805 0)
(-0.04952881425 0.05416535342 0)
(-0.05551028099 0.05507661734 0)
(-0.06153815179 0.05555334167 0)
(-0.06757498499 0.05561027508 0)
(-0.07358495372 0.05525957573 0)
(-0.07953337758 0.05451086815 0)
(-0.08538632712 0.05337150822 0)
(-0.09111030079 0.0518470182 0)
(-0.09667197307 0.04994165411 0)
(-0.1020380114 0.04765906865 0)
(-0.1071749598 0.04500303563 0)
(-0.1120491854 0.04197820538 0)
(-0.1166268872 0.03859086406 0)
(-0.1208741629 0.03484967409 0)
(-0.1247571353 0.03076637632 0)
(-0.1282421353 0.02635643793 0)
(-0.1312959446 0.02163963221 0)
(-0.1338860978 0.0166405383 0)
(-0.1359812463 0.01138894964 0)
(-0.1375515907 0.005920180111 0)
(-0.1385693813 0.0002752552381 0)
(-0.1390094079 -0.005499034138 0)
(-0.1388497936 -0.01135024041 0)
(-0.1380724618 -0.01722044125 0)
(-0.1366639667 -0.02304662194 0)
(-0.1346162468 -0.02876126508 0)
(-0.1319274086 -0.03429313251 0)
(-0.1286025096 -0.0395682557 0)
(-0.1246543066 -0.04451113975 0)
(-0.1201039335 -0.04904617889 0)
(-0.1149814666 -0.05309927159 0)
(-0.1093263359 -0.05659961271 0)
(-0.1031875346 -0.05948162732 0)
(-0.09662358452 -0.0616869977 0)
(-0.08970221723 -0.06316672255 0)
(-0.08249974139 -0.063883136 0)
(-0.07510007712 -0.06381180603 0)
(-0.0675934551 -0.06294322787 0)
(-0.0600747959 -0.06128422928 0)
(-0.05264180528 -0.05885901208 0)
(-0.04539284089 -0.05570976784 0)
(-0.03842462441 -0.05189682498 0)
(-0.03182988777 -0.04749830836 0)
(-0.02569505125 -0.04260931809 0)
(-0.02009803319 -0.03734066042 0)
(-0.01510629245 -0.03181718553 0)
(-0.01077521367 -0.02617580482 0)
(-0.007146809925 -0.02056327359 0)
(-0.004248265837 -0.01513379543 0)
(-0.002091876593 -0.01004639465 0)
(-0.0006896558704 -0.005462442749 0)
(-3.014688985e-05 -0.001546486874 0)
(-7.243465765e-05 0.004234894112 0)
(-0.001105313115 0.01222338969 0)
(-0.003069753709 0.01966066935 0)
(-0.005849314713 0.02649586453 0)
(-0.009312528574 0.03270084948 0)
(-0.01336338959 0.03826396154 0)
(-0.01791518375 0.04318641372 0)
(-0.02288905387 0.04747919033 0)
(-0.02821423205 0.05116019632 0)
(-0.0338272422 0.05425175621 0)
(-0.03967096499 0.05677848409 0)
(-0.04569375478 0.05876552286 0)
(-0.05184859107 0.06023714807 0)
(-0.0580922745 0.06121572566 0)
(-0.064384682 0.06172100545 0)
(-0.07068809018 0.06176972607 0)
(-0.07696657235 0.06137550067 0)
(-0.08318547206 0.06054894881 0)
(-0.08931095386 0.05929803631 0)
(-0.09530963019 0.05762858421 0)
(-0.1011482624 0.05554490748 0)
(-0.1067935329 0.05305054672 0)
(-0.1122118843 0.05014905829 0)
(-0.1173694244 0.04684483267 0)
(-0.1222318916 0.04314391453 0)
(-0.1267646819 0.03905480269 0)
(-0.1309329348 0.03458921142 0)
(-0.1347016798 0.02976277833 0)
(-0.1380360456 0.02459570597 0)
(-0.1409015346 0.01911332603 0)
(-0.1432643666 0.0133465751 0)
(-0.1450919004 0.007332370762 0)
(-0.146353137 0.001113875061 0)
(-0.1470192262 -0.005259374741 0)
(-0.1470642889 -0.01173152181 0)
(-0.1464659538 -0.01824051386 0)
(-0.1452062348 -0.02471841001 0)
(-0.1432723977 -0.03109193469 0)
(-0.1406578602 -0.03728324189 0)
(-0.1373631192 -0.04321091504 0)
(-0.1333966644 -0.04879121537 0)
(-0.1287758389 -0.05393958221 0)
(-0.1235276012 -0.05857237867 0)
(-0.1176891358 -0.06260886314 0)
(-0.1113082599 -0.06597335181 0)
(-0.1044435688 -0.06859752126 0)
(-0.09716427119 -0.07042278353 0)
(-0.08954966991 -0.07140265074 0)
(-0.08168825848 -0.07150499439 0)
(-0.07367642107 -0.07071409647 0)
(-0.06561674424 -0.06903238861 0)
(-0.05761597342 -0.06648178149 0)
(-0.04978267144 -0.06310450128 0)
(-0.04222466024 -0.0589633715 0)
(-0.0350463462 -0.05414150731 0)
(-0.02834604309 -0.04874142186 0)
(-0.0222134105 -0.0428835775 0)
(-0.01672712873 -0.03670444537 0)
(-0.01195294119 -0.03035416308 0)
(-0.007942041731 -0.02399390069 0)
(-0.004729275839 -0.01779301946 0)
(-0.0023329036 -0.0119259907 0)
(-0.0007707897705 -0.006569529137 0)
(-3.40594553e-05 -0.00190341234 0)
(-7.601171743e-05 0.004801874117 0)
(-0.001157383355 0.01378826017 0)
(-0.003212272834 0.02209694645 0)
(-0.006117620973 0.02968778323 0)
(-0.009734777054 0.03654316259 0)
(-0.0139625034 0.04266159804 0)
(-0.01870955333 0.04805390343 0)
(-0.02389319129 0.05273991813 0)
(-0.02943944167 0.05674555426 0)
(-0.03528224769 0.06010024344 0)
(-0.04136247863 0.0628347925 0)
(-0.04762698498 0.06497963752 0)
(-0.05402768461 0.06656348477 0)
(-0.06052069277 0.06761232181 0)
(-0.06706551208 0.06814877603 0)
(-0.07362429321 0.06819179215 0)
(-0.0801611722 0.06775659498 0)
(-0.08664168752 0.06685490008 0)
(-0.09303227737 0.06549533204 0)
(-0.0992998556 0.06368400982 0)
(-0.1054114636 0.06142525908 0)
(-0.1113339943 0.0587224138 0)
(-0.1170339845 0.05557867297 0)
(-0.122477472 0.05199798241 0)
(-0.1276299152 0.04798591637 0)
(-0.1324561727 0.04355053782 0)
(-0.1369205445 0.03870322087 0)
(-0.1409868749 0.03345942152 0)
(-0.1446187216 0.0278393856 0)
(-0.1477795955 0.02186878375 0)
(-0.1504332753 0.01557926306 0)
(-0.1525442116 0.009008904366 0)
(-0.1540780222 0.002202572062 0)
(-0.1550020133 -0.004787864871 0)
(-0.1552860079 -0.01190351045 0)
(-0.1549029697 -0.01907849498 0)
(-0.1538299013 -0.02624018023 0)
(-0.1520488317 -0.03330965173 0)
(-0.1495478321 -0.04020243939 0)
(-0.1463220929 -0.04682950232 0)
(-0.1423750155 -0.05309849898 0)
(-0.137719274 -0.05891535428 0)
(-0.1323777976 -0.06418612419 0)
(-0.1263846141 -0.06881914349 0)
(-0.1197854905 -0.07272742477 0)
(-0.112638302 -0.07583125663 0)
(-0.1050130661 -0.07806092817 0)
(-0.09699158199 -0.07935948634 0)
(-0.08866663036 -0.07968541557 0)
(-0.08014070807 -0.07901511611 0)
(-0.07152429484 -0.07734505306 0)
(-0.06293367921 -0.07469345117 0)
(-0.05448840088 -0.07110142546 0)
(-0.0463083967 -0.06663346171 0)
(-0.03851096357 -0.06137719458 0)
(-0.03120767079 -0.05544247153 0)
(-0.02450136213 -0.04895973341 0)
(-0.01848339392 -0.04207778393 0)
(-0.01323126742 -0.03496105694 0)
(-0.008806641185 -0.02778652123 0)
(-0.005253136922 -0.02074034102 0)
(-0.002595904951 -0.01401428625 0)
(-0.0008595646821 -0.007802428857 0)
(-3.840425852e-05 -0.00230198014 0)
(-7.929857934e-05 0.005394030612 0)
(-0.001205339823 0.01542130829 0)
(-0.003343615872 0.0246376463 0)
(-0.006365046085 0.03301428814 0)
(-0.01012444322 0.04054482573 0)
(-0.01451582649 0.04723863656 0)
(-0.01944383678 0.0531168145 0)
(-0.02482221852 0.05820871008 0)
(-0.03057408791 0.06254886315 0)
(-0.03663105706 0.06617438745 0)
(-0.04293219418 0.06912280417 0)
(-0.04942302752 0.07143030586 0)
(-0.05605457633 0.07313043177 0)
(-0.06278242336 0.0742531317 0)
(-0.06956584697 0.07482419034 0)
(-0.07636702458 0.07486497934 0)
(-0.0831503142 0.07439249935 0)
(-0.08988161748 0.07341967185 0)
(-0.09652782452 0.07195583789 0)
(-0.1030563387 0.07000742155 0)
(-0.1094346785 0.06757871673 0)
(-0.1156301509 0.06467275929 0)
(-0.1216095945 0.06129225042 0)
(-0.1273391854 0.05744050191 0)
(-0.1327843066 0.05312237909 0)
(-0.1379094758 0.04834522218 0)
(-0.1426783366 0.04311973078 0)
(-0.1470537113 0.03746079994 0)
(-0.1509977236 0.03138829819 0)
(-0.1544719948 0.02492777892 0)
(-0.1574379224 0.01811111596 0)
(-0.159857055 0.01097705244 0)
(-0.1616915701 0.003571650466 0)
(-0.162904802 -0.004051382091 0)
(-0.163462055 -0.01183056784 0)
(-0.1633313248 -0.01969662652 0)
(-0.1624841893 -0.02757255249 0)
(-0.1608969172 -0.03537401492 0)
(-0.158551596 -0.04301000524 0)
(-0.1554373604 -0.05038377642 0)
(-0.1515516685 -0.05739410613 0)
(-0.1469015812 -0.06393690536 0)
(-0.1415049886 -0.06990718253 0)
(-0.1353917178 -0.07520135713 0)
(-0.1286044488 -0.07971989622 0)
(-0.1211993552 -0.08337022367 0)
(-0.11324639 -0.08606982531 0)
(-0.1048291391 -0.08774944731 0)
(-0.09604417804 -0.08835626075 0)
(-0.08699988727 -0.08785684621 0)
(-0.07781470991 -0.08623984151 0)
(-0.06861486671 -0.08351809594 0)
(-0.05953158305 -0.07973018679 0)
(-0.05069791937 -0.07494118078 0)
(-0.0422453313 -0.06924256206 0)
(-0.03430011302 -0.06275129723 0)
(-0.02697989121 -0.0556080627 0)
(-0.02039034736 -0.04797471409 0)
(-0.01462236206 -0.04003112762 0)
(-0.009749581542 -0.03197158762 0)
(-0.005825764571 -0.02400087916 0)
(-0.002884121367 -0.01633011256 0)
(-0.0009572012558 -0.009172914702 0)
(-4.327246733e-05 -0.00274628761 0)
(-8.227332426e-05 0.006009231915 0)
(-0.001248910394 0.01711680819 0)
(-0.003463068069 0.02727409361 0)
(-0.006590274365 0.03646435077 0)
(-0.0104794793 0.04469299009 0)
(-0.01502045976 0.05198087153 0)
(-0.02011417061 0.05835997925 0)
(-0.02567119748 0.06386976734 0)
(-0.03161204839 0.06855396878 0)
(-0.0378662527 0.07245790913 0)
(-0.04437128553 0.075626311 0)
(-0.05107153115 0.07810156243 0)
(-0.05791726883 0.07992242293 0)
(-0.06486369671 0.08112313816 0)
(-0.0718700134 0.08173292951 0)
(-0.07889857013 0.08177582089 0)
(-0.08591410099 0.08127076102 0)
(-0.09288303486 0.08023199731 0)
(-0.09977288968 0.07866965597 0)
(-0.1065517468 0.07659048406 0)
(-0.113187802 0.0739987109 0)
(-0.1196489885 0.07089699048 0)
(-0.1259026671 0.06728739079 0)
(-0.1319153804 0.06317240185 0)
(-0.1376526667 0.05855593944 0)
(-0.1430789345 0.05344432705 0)
(-0.1481573965 0.04784724301 0)
(-0.1528500688 0.04177862318 0)
(-0.1571178387 0.0352575119 0)
(-0.1609206108 0.02830885437 0)
(-0.1642175397 0.02096422271 0)
(-0.1669673637 0.01326246593 0)
(-0.1691288545 0.005250271748 0)
(-0.1706613395 -0.003017385286 0)
(-0.1715254752 -0.01147699539 0)
(-0.1716840762 -0.02005637545 0)
(-0.1711029612 -0.02867459675 0)
(-0.1697521808 -0.03724225645 0)
(-0.1676072458 -0.04566201807 0)
(-0.1646505031 -0.05382946952 0)
(-0.1608725993 -0.06163434323 0)
(-0.1562739875 -0.06896213236 0)
(-0.1508664178 -0.07569612578 0)
(-0.1446743418 -0.08171986723 0)
(-0.1377361448 -0.0869200214 0)
(-0.1301051117 -0.09118960158 0)
(-0.1218500254 -0.09443148204 0)
(-0.1130553007 -0.09656208436 0)
(-0.1038205648 -0.09751509499 0)
(-0.09425961623 -0.09724504346 0)
(-0.08449872445 -0.09573055187 0)
(-0.07467426887 -0.09297706043 0)
(-0.06492976409 -0.08901884315 0)
(-0.05541236335 -0.08392015543 0)
(-0.04626897942 -0.07777539923 0)
(-0.03764219878 -0.07070825091 0)
(-0.02966618892 -0.0628697651 0)
(-0.02246281495 -0.05443553861 0)
(-0.01613820428 -0.04560208686 0)
(-0.01077978189 -0.03658264617 0)
(-0.006453079834 -0.02760260922 0)
(-0.003200812827 -0.01889466193 0)
(-0.001064932826 -0.01069437347 0)
(-4.875727836e-05 -0.003241052324 0)
(-8.49122893e-05 0.006645204702 0)
(-0.001287817776 0.01886867618 0)
(-0.003569909893 0.02999708577 0)
(-0.006791989626 0.04002627476 0)
(-0.01079784579 0.04897401499 0)
(-0.01547352325 0.05687318941 0)
(-0.02071671933 0.06376720828 0)
(-0.0264352197 0.06970615454 0)
(-0.03254721884 0.07474346212 0)
(-0.03898040485 0.07893315158 0)
(-0.04567085974 0.0823275985 0)
(-0.05256199363 0.08497580035 0)
(-0.05960349566 0.08692210879 0)
(-0.06675031836 0.08820539179 0)
(-0.07396171641 0.08885858644 0)
(-0.08120035376 0.08890859932 0)
(-0.08843148729 0.0883765084 0)
(-0.09562223136 0.08727801874 0)
(-0.1027409038 0.08562412373 0)
(-0.1097564513 0.08342192519 0)
(-0.1166379504 0.08067556876 0)
(-0.1233541791 0.0773872554 0)
(-0.1298732548 0.07355829556 0)
(-0.1361623332 0.06919017845 0)
(-0.1421873668 0.06428563517 0)
(-0.1479129209 0.05884968028 0)
(-0.1533020491 0.05289062087 0)
(-0.1583162313 0.04642102629 0)
(-0.1629153826 0.03945865342 0)
(-0.16705794 0.03202732301 0)
(-0.1707010394 0.02415774136 0)
(-0.1738007983 0.01588825885 0)
(-0.1763127207 0.007265554103 0)
(-0.1781922032 -0.001654781385 0)
(-0.1793952358 -0.01080784546 0)
(-0.1798793471 -0.02011916626 0)
(-0.1796043703 -0.02950446301 0)
(-0.1785337701 -0.03886974379 0)
(-0.17663596 -0.04811170326 0)
(-0.1738858132 -0.05711845811 0)
(-0.170266309 -0.06577068039 0)
(-0.16577027 -0.07394317794 0)
(-0.160402133 -0.08150696022 0)
(-0.1541796771 -0.08833181064 0)
(-0.1471356146 -0.09428936163 0)
(-0.1393189376 -0.09925663742 0)
(-0.1307958976 -0.103119991 0)
(-0.1216504973 -0.1057793211 0)
(-0.1119843773 -0.1071524112 0)
(-0.1019159986 -0.1071791957 0)
(-0.09157905516 -0.1058257281 0)
(-0.08112009165 -0.1030876091 0)
(-0.07069535705 -0.09899263998 0)
(-0.060466983 -0.0936024884 0)
(-0.05059863572 -0.08701320575 0)
(-0.04125084167 -0.07935450337 0)
(-0.0325762231 -0.07078778003 0)
(-0.02471490724 -0.06150298409 0)
(-0.01779040347 -0.05171448442 0)
(-0.0119060043 -0.04165620742 0)
(-0.007140960464 -0.03157630496 0)
(-0.003549241827 -0.02173147283 0)
(-0.001184001962 -0.01238181037 0)
(-5.495390016e-05 -0.003791617956 0)
(-8.719286069e-05 0.007299534513 0)
(-0.001321794011 0.02067047597 0)
(-0.003663448615 0.03279690438 0)
(-0.006968929667 0.04368771325 0)
(-0.01107759048 0.05337348868 0)
(-0.0158722596 0.06189958926 0)
(-0.02124780267 0.06932130601 0)
(-0.02710955645 0.07569980471 0)
(-0.03337368579 0.0810986683 0)
(-0.03996626665 0.08558104763 0)
(-0.046822175 0.08920738669 0)
(-0.05388400356 0.09203368123 0)
(-0.06110098851 0.09411023155 0)
(-0.0684279635 0.09548084756 0)
(-0.07582436352 0.09618246127 0)
(-0.08325329338 0.09624509823 0)
(-0.0906806701 0.0956921572 0)
(-0.09807444399 0.09454094629 0)
(-0.1054038993 0.09280342389 0)
(-0.112639033 0.09048709565 0)
(-0.1197500066 0.08759602228 0)
(-0.1267066679 0.0841318985 0)
(-0.1334781358 0.08009517003 0)
(-0.1400324448 0.0754861621 0)
(-0.1463362459 0.07030619998 0)
(-0.1523545631 0.064558708 0)
(-0.1580506065 0.05825027921 0)
(-0.1633856467 0.05139171091 0)
(-0.1683189579 0.04399900415 0)
(-0.1728078388 0.03609432532 0)
(-0.1768077239 0.0277069262 0)
(-0.1802724026 0.01887401607 0)
(-0.1831543665 0.009641575456 0)
(-0.1854052807 6.50887584e-05 0)
(-0.1869765794 -0.009789874762 0)
(-0.1878205318 -0.01984727866 0)
(-0.1878908909 -0.03002019654 0)
(-0.1871442865 -0.04021068343 0)
(-0.185541619 -0.05030999453 0)
(-0.183049682 -0.06019915178 0)
(-0.1796429772 -0.06974993886 0)
(-0.1753056789 -0.07882639197 0)
(-0.1700336912 -0.08728684382 0)
(-0.1638367214 -0.0949865619 0)
(-0.1567402702 -0.1017809967 0)
(-0.1487874134 -0.1075296206 0)
(-0.1400402381 -0.1121002942 0)
(-0.1305807802 -0.1153740464 0)
(-0.1205113151 -0.1172501011 0)
(-0.109953865 -0.1176509297 0)
(-0.09904881793 -0.1165270661 0)
(-0.0879526034 -0.1138613909 0)
(-0.07683442679 -0.1096725879 0)
(-0.0658721428 -0.1040174933 0)
(-0.05524742081 -0.09699211382 0)
(-0.04514042608 -0.08873116872 0)
(-0.03572429407 -0.07940611252 0)
(-0.02715971757 -0.06922171384 0)
(-0.01959001026 -0.05841138242 0)
(-0.01313674819 -0.04723155012 0)
(-0.007895189932 -0.03595543781 0)
(-0.003932654995 -0.02486639171 0)
(-0.001315659112 -0.0142518445 0)
(-6.196110599e-05 -0.004403959505 0)
(-8.909310265e-05 0.007969673206 0)
(-0.001350592904 0.02251544053 0)
(-0.003743053661 0.03566334941 0)
(-0.007119947929 0.04743571195 0)
(-0.01131693855 0.05787627611 0)
(-0.01621415346 0.06704323011 0)
(-0.02170404395 0.07500411234 0)
(-0.02768983554 0.08183154993 0)
(-0.03408593115 0.0875996608 0)
(-0.04081700634 0.09238111267 0)
(-0.04781690065 0.09624479714 0)
(-0.05502752929 0.09925407233 0)
(-0.06239779648 0.101465529 0)
(-0.06988252863 0.1029282325 0)
(-0.07744145125 0.1036833903 0)
(-0.08503822543 0.1037643903 0)
(-0.09263955436 0.1031971557 0)
(-0.1002143652 0.1020007584 0)
(-0.107733068 0.1001882384 0)
(-0.1151668901 0.09776757467 0)
(-0.1224872821 0.09474276385 0)
(-0.1296653897 0.09111496416 0)
(-0.1366715879 0.08688367283 0)
(-0.1434750711 0.08204791122 0)
(-0.1500434966 0.07660739984 0)
(-0.1563426813 0.07056371234 0)
(-0.1623363507 0.06392140263 0)
(-0.1679859471 0.05668910406 0)
(-0.1732505023 0.04888060116 0)
(-0.1780865859 0.04051587533 0)
(-0.1824483429 0.03162212374 0)
(-0.1862876367 0.02223474738 0)
(-0.1895543239 0.01239829879 0)
(-0.1921966645 0.002167370979 0)
(-0.1941618264 -0.008392622599 0)
(-0.1953969628 -0.01920490232 0)
(-0.195849818 -0.0301807392 0)
(-0.1954700877 -0.04121903568 0)
(-0.1942108824 -0.05220632673 0)
(-0.1920304286 -0.06301712703 0)
(-0.1888940282 -0.07351472894 0)
(-0.1847762334 -0.08355253924 0)
(-0.1796631882 -0.09297603464 0)
(-0.1735550601 -0.101625402 0)
(-0.1664684599 -0.1093389044 0)
(-0.1584387151 -0.1159569779 0)
(-0.1495218374 -0.1213270127 0)
(-0.1397960042 -0.125308715 0)
(-0.1293623665 -0.1277798777 0)
(-0.1183450034 -0.1286423167 0)
(-0.1068898695 -0.1278276722 0)
(-0.09516263435 -0.1253027221 0)
(-0.08334538122 -0.1210738375 0)
(-0.07163221991 -0.1151902188 0)
(-0.06022396615 -0.1077456055 0)
(-0.04932213141 -0.09887824063 0)
(-0.03912254429 -0.08876899576 0)
(-0.0298089889 -0.07763770686 0)
(-0.02154730786 -0.06573792714 0)
(-0.0144801333 -0.05335045267 0)
(-0.008721403317 -0.04077603021 0)
(-0.004354265336 -0.02832751015 0)
(-0.001461159394 -0.01632269504 0)
(-6.9881342e-05 -0.005084687918 0)
(-9.059466421e-05 0.008652953842 0)
(-0.001374006635 0.02439651195 0)
(-0.003808194485 0.0385857984 0)
(-0.007244080515 0.05125678134 0)
(-0.01151439205 0.06246659759 0)
(-0.01649706446 0.07228650984 0)
(-0.02208253676 0.08079657556 0)
(-0.02817224112 0.08808118249 0)
(-0.03467906452 0.09422530581 0)
(-0.04152647178 0.0993114676 0)
(-0.04864741419 0.1034173506 0)
(-0.05598324916 0.1066140156 0)
(-0.0634826512 0.108964672 0)
(-0.07110053392 0.1105239497 0)
(-0.0787970078 0.1113376142 0)
(-0.08653639141 0.1114426683 0)
(-0.09428628737 0.1108677762 0)
(-0.1020167297 0.1096339529 0)
(-0.1096994049 0.1077554568 0)
(-0.117306945 0.1052408338 0)
(-0.1248122898 0.1020940632 0)
(-0.132188113 0.09831576427 0)
(-0.139406306 0.09390443131 0)
(-0.1464375165 0.08885767209 0)
(-0.1532507358 0.08317343431 0)
(-0.1598129359 0.07685121058 0)
(-0.1660887556 0.06989321956 0)
(-0.1720402394 0.06230556462 0)
(-0.1776266383 0.0540993741 0)
(-0.18280428 0.04529192771 0)
(-0.1875265244 0.03590777166 0)
(-0.1917438208 0.02597982166 0)
(-0.1954038941 0.01555044681 0)
(-0.1984520679 0.004672519822 0)
(-0.2008316952 -0.006589607225 0)
(-0.2024851179 -0.01815933853 0)
(-0.2033543241 -0.02994711013 0)
(-0.2033821556 -0.04184964162 0)
(-0.2025138321 -0.05374967072 0)
(-0.2006986858 -0.0655160276 0)
(-0.1978922295 -0.07700417104 0)
(-0.1940585148 -0.08805729678 0)
(-0.1891727396 -0.09850812342 0)
(-0.1832240387 -0.1081814519 0)
(-0.1762183547 -0.1168975725 0)
(-0.1681812496 -0.1244765553 0)
(-0.1591604794 -0.1307434082 0)
(-0.1492281225 -0.1355340168 0)
(-0.1384820328 -0.1387016983 0)
(-0.1270463851 -0.140124114 0)
(-0.1150711024 -0.1397101998 0)
(-0.1027300017 -0.1374067007 0)
(-0.09021757393 -0.1332038535 0)
(-0.07774441518 -0.1271397568 0)
(-0.0655314471 -0.1193030131 0)
(-0.05380318368 -0.1098333252 0)
(-0.04278041099 -0.09891987445 0)
(-0.03267273921 -0.08679748886 0)
(-0.02367157633 -0.07374080686 0)
(-0.01594376733 -0.06005684362 0)
(-0.009625023186 -0.04607645719 0)
(-0.004817228716 -0.03214507425 0)
(-0.001621759964 -0.01861415684 0)
(-7.882228799e-05 -0.005841053857 0)
(-9.168249141e-05 0.009346613444 0)
(-0.001391880079 0.0263064009 0)
(-0.003858481542 0.04155329304 0)
(-0.007340618922 0.05513700115 0)
(-0.0116688379 0.06712814235 0)
(-0.0167193724 0.07761117966 0)
(-0.02238102754 0.08667886073 0)
(-0.02855373341 0.09442755113 0)
(-0.03514907948 0.1009533411 0)
(-0.04208948286 0.1063488963 0)
(-0.04930712993 0.1107009997 0)
(-0.0567429172 0.114088733 0)
(-0.0643453713 0.1165822409 0)
(-0.07206956897 0.1182420232 0)
(-0.07987608358 0.1191186913 0)
(-0.08772997743 0.1192531246 0)
(-0.09559985267 0.1186769612 0)
(-0.1034569686 0.1174133568 0)
(-0.1112744285 0.1154779492 0)
(-0.1190264358 0.1128799708 0)
(-0.1266876154 0.1096234599 0)
(-0.1342323964 0.1057085263 0)
(-0.1416344503 0.1011326415 0)
(-0.1488661791 0.09589192667 0)
(-0.1558982504 0.08998242704 0)
(-0.1626991766 0.08340136344 0)
(-0.1692349386 0.07614836266 0)
(-0.1754686578 0.06822667035 0)
(-0.1813603218 0.05964435401 0)
(-0.1868665744 0.05041550423 0)
(-0.1919405823 0.0405614405 0)
(-0.1965319978 0.03011192425 0)
(-0.2005870413 0.01910637653 0)
(-0.2040487205 0.007595089888 0)
(-0.2068571631 -0.004359602905 0)
(-0.2089504103 -0.01668232044 0)
(-0.2102651322 -0.02928374497 0)
(-0.2107376081 -0.04205955 0)
(-0.2103052747 -0.05488980892 0)
(-0.2089084459 -0.06763874258 0)
(-0.2064924414 -0.0801549249 0)
(-0.2030100847 -0.0922720797 0)
(-0.1984245439 -0.1038106022 0)
(-0.1927124634 -0.1145799355 0)
(-0.1858672926 -0.1243819157 0)
(-0.1779026697 -0.1330151644 0)
(-0.1688556715 -0.1402805535 0)
(-0.1587896927 -0.1459876873 0)
(-0.1477966824 -0.1499622562 0)
(-0.1359984474 -0.152054 0)
(-0.1235467396 -0.1521449081 0)
(-0.1106218904 -0.1501571816 0)
(-0.09742983379 -0.1460604034 0)
(-0.08419747781 -0.1398773359 0)
(-0.0711665285 -0.1316877961 0)
(-0.058586028 -0.1216301575 0)
(-0.04670401324 -0.1099001935 0)
(-0.03575883729 -0.09674719988 0)
(-0.02597082216 -0.08246758202 0)
(-0.01753459101 -0.0673963606 0)
(-0.01061118517 -0.05189718933 0)
(-0.005324617241 -0.03635136191 0)
(-0.001798714356 -0.02114756314 0)
(-8.889697078e-05 -0.006680949934 0)
(-9.234780676e-05 0.01004782413 0)
(-0.001404129143 0.02823766677 0)
(-0.003893709244 0.04455465522 0)
(-0.007409186976 0.05906215967 0)
(-0.01177966329 0.07184421986 0)
(-0.01688013293 0.08299849769 0)
(-0.02259811217 0.09263049724 0)
(-0.02883228559 0.1008486959 0)
(-0.03549313011 0.1077604932 0)
(-0.04250214712 0.1134689409 0)
(-0.04979085359 0.1180701999 0)
(-0.05729975761 0.1216516713 0)
(-0.06497729837 0.1242907425 0)
(-0.07277877311 0.1260540884 0)
(-0.08066527972 0.1269974592 0)
(-0.08860269609 0.1271658856 0)
(-0.09656071101 0.1265942284 0)
(-0.1045119158 0.1253080036 0)
(-0.1124309613 0.1233244134 0)
(-0.1202937798 0.1206535255 0)
(-0.1280768704 0.117299545 0)
(-0.1357566413 0.1132621379 0)
(-0.1433088063 0.1085377714 0)
(-0.1507078265 0.1031210496 0)
(-0.1579263964 0.09700603057 0)
(-0.1649349692 0.09018752048 0)
(-0.1717013212 0.08266234713 0)
(-0.1781901584 0.07443062064 0)
(-0.1843627689 0.06549699177 0)
(-0.1901767303 0.05587191968 0)
(-0.1955856856 0.04557295954 0)
(-0.2005392017 0.03462607702 0)
(-0.2049827387 0.02306699155 0)
(-0.2088577483 0.01094254356 0)
(-0.2121018871 -0.001687944368 0)
(-0.2146495902 -0.01475140567 0)
(-0.2164328515 -0.02815995532 0)
(-0.2173819141 -0.04180951581 0)
(-0.2174267787 -0.05557883507 0)
(-0.2164988623 -0.06932885952 0)
(-0.2145331252 -0.08290253935 0)
(-0.2114706495 -0.09612522453 0)
(-0.2072616614 -0.1088058148 0)
(-0.2018689673 -0.1207388315 0)
(-0.1952717235 -0.1317075722 0)
(-0.1874694083 -0.1414884795 0)
(-0.1784858012 -0.1498568029 0)
(-0.1683727109 -0.156593552 0)
(-0.1572131384 -0.1614936259 0)
(-0.1451235205 -0.1643748754 0)
(-0.1322546921 -0.1650877014 0)
(-0.1187912338 -0.1635246558 0)
(-0.1049489505 -0.1596293875 0)
(-0.09097035885 -0.153404213 0)
(-0.0771182282 -0.1449155935 0)
(-0.06366742046 -0.1342968929 0)
(-0.05089546885 -0.1217479782 0)
(-0.03907252297 -0.1075314827 0)
(-0.02845146824 -0.09196587326 0)
(-0.01925869846 -0.07541580591 0)
(-0.01168464745 -0.05828046782 0)
(-0.005879383672 -0.04098052212 0)
(-0.00199326608 -0.02394573235 0)
(-0.0001002251572 -0.007612910599 0)
(-9.258792317e-05 0.01075373286 0)
(-0.001410756693 0.03018281981 0)
(-0.00391390157 0.04757863438 0)
(-0.007449822576 0.06301793043 0)
(-0.01184687797 0.07659795184 0)
(-0.01697924278 0.08842942447 0)
(-0.02273344454 0.09863056832 0)
(-0.02900713535 0.1073220243 0)
(-0.03570982446 0.1146226348 0)
(-0.04276219422 0.1206460373 0)
(-0.05009515751 0.1254980208 0)
(-0.05764888115 0.1292745887 0)
(-0.06537175631 0.1320606726 0)
(-0.07321934063 0.1339294294 0)
(-0.08115330338 0.13494205 0)
(-0.08914039723 0.1351480038 0)
(-0.09715147349 0.1345856422 0)
(-0.1051605521 0.1332830825 0)
(-0.1131439523 0.1312593033 0)
(-0.1210794847 0.1285253855 0)
(-0.1289457034 0.1250858434 0)
(-0.1367212134 0.1209400016 0)
(-0.1443840282 0.1160833845 0)
(-0.1519109712 0.1105090944 0)
(-0.1592771167 0.1042091684 0)
(-0.1664552662 0.09717590962 0)
(-0.1734154587 0.08940319771 0)
(-0.1801245151 0.08088779001 0)
(-0.1865456203 0.07163062604 0)
(-0.1926379503 0.06163815138 0)
(-0.1983563546 0.05092367536 0)
(-0.2036511079 0.03950877435 0)
(-0.2084677567 0.02742474774 0)
(-0.2127470831 0.01471412684 0)
(-0.2164251845 0.001432219211 0)
(-0.2194337547 -0.01235137559 0)
(-0.2217009818 -0.02655145333 0)
(-0.2231518358 -0.04106562484 0)
(-0.2237094892 -0.05577284354 0)
(-0.2232968669 -0.07053237148 0)
(-0.2218386923 -0.08518311811 0)
(-0.2192640722 -0.09954354406 0)
(-0.2155096287 -0.1134123232 0)
(-0.2105231772 -0.1265699712 0)
(-0.2042678962 -0.1387816539 0)
(-0.1967268774 -0.1498013707 0)
(-0.1879078645 -0.1593776618 0)
(-0.1778479132 -0.1672609072 0)
(-0.1666176195 -0.1732121631 0)
(-0.154324499 -0.1770133265 0)
(-0.1411150654 -0.1784782321 0)
(-0.12717516 -0.1774640975 0)
(-0.11272816 -0.1738825549 0)
(-0.09803082121 -0.1677093892 0)
(-0.08336671298 -0.1589920615 0)
(-0.0690374452 -0.14785417 0)
(-0.05535214097 -0.1344961943 0)
(-0.04261586903 -0.1191921774 0)
(-0.03111800013 -0.1022823922 0)
(-0.02112112752 -0.08416248522 0)
(-0.01284968474 -0.06526990187 0)
(-0.006484319841 -0.04606836951 0)
(-0.002206638326 -0.02703289518 0)
(-0.0001129333403 -0.008646108394 0)
(-9.240923738e-05 0.0114615104 0)
(-0.001411872356 0.0321344462 0)
(-0.003919359476 0.05061408773 0)
(-0.007463063151 0.06699008833 0)
(-0.01187124289 0.08137250733 0)
(-0.01701761369 0.09388486297 0)
(-0.02278795606 0.1046579449 0)
(-0.02907904888 0.1138245311 0)
(-0.03579953158 0.1215149846 0)
(-0.04286932471 0.1278536925 0)
(-0.05021877036 0.1329562992 0)
(-0.05778771602 0.1369276837 0)
(-0.06552452479 0.139860622 0)
(-0.07338503966 0.1418350651 0)
(-0.08133153656 0.1429179571 0)
(-0.08933169262 0.14316351 0)
(-0.09735758942 0.1426138517 0)
(-0.1053847646 0.1412999654 0)
(-0.1133913191 0.1392428443 0)
(-0.1213570834 0.1364547908 0)
(-0.1292628402 0.1329408048 0)
(-0.1370896004 0.1287000115 0)
(-0.144817928 0.1237270968 0)
(-0.1524273049 0.1180137257 0)
(-0.1598955339 0.1115499347 0)
(-0.1671981711 0.1043254946 0)
(-0.1743079881 0.09633125268 0)
(-0.1811944604 0.08756046528 0)
(-0.1878232844 0.07801013848 0)
(-0.194155927 0.06768239591 0)
(-0.2001492173 0.05658589214 0)
(-0.2057549907 0.04473728865 0)
(-0.210919808 0.03216280516 0)
(-0.2155847734 0.0188998527 0)
(-0.2196854473 0.004998741437 0)
(-0.2231519332 -0.009475575285 0)
(-0.2259095657 -0.02444187503 0)
(-0.2278790858 -0.03980098295 0)
(-0.2289777229 -0.05543375485 0)
(-0.2291206263 -0.07119959604 0)
(-0.2282227401 -0.08693527493 0)
(-0.2262013032 -0.102454246 0)
(-0.2229790006 -0.1175467039 0)
(-0.2184877942 -0.1319806169 0)
(-0.2126734215 -0.1455040094 0)
(-0.2055004777 -0.1578487606 0)
(-0.1969579148 -0.1687361559 0)
(-0.1870646885 -0.1778843505 0)
(-0.1758751754 -0.1850177781 0)
(-0.1634838849 -0.1898783626 0)
(-0.1500289159 -0.1922381668 0)
(-0.1356935838 -0.1919128631 0)
(-0.1207056915 -0.1887751687 0)
(-0.1053340475 -0.1827671901 0)
(-0.08988205245 -0.1739105194 0)
(-0.07467846981 -0.162312951 0)
(-0.06006581976 -0.1481708832 0)
(-0.04638718566 -0.1317668102 0)
(-0.03397256796 -0.1134618005 0)
(-0.02312562055 -0.09368341631 0)
(-0.01410996277 -0.07290997742 0)
(-0.007142004208 -0.05165212673 0)
(-0.002440021902 -0.03043459763 0)
(-0.0001271557831 -0.009790345312 0)
(-9.182717304e-05 0.01216840955 0)
(-0.00140771006 0.03408535736 0)
(-0.003910711024 0.05365019537 0)
(-0.007450035953 0.07096476734 0)
(-0.01185440553 0.08615138297 0)
(-0.01699735487 0.09934594488 0)
(-0.0227640851 0.1106915654 0)
(-0.02905059575 0.1203330619 0)
(-0.03576469959 0.12841235 0)
(-0.04282556906 0.1350647021 0)
(-0.05016297565 0.1404158326 0)
(-0.05771644552 0.1445797658 0)
(-0.06543431714 0.1476574262 0)
(-0.07327273301 0.1497358818 0)
(-0.08119460409 0.1508881562 0)
(-0.08916857728 0.151173524 0)
(-0.09716802881 0.1506381964 0)
(-0.1051700996 0.1493163101 0)
(-0.113154782 0.1472311364 0)
(-0.1211040625 0.1443964377 0)
(-0.1290011187 0.1408179093 0)
(-0.1368295691 0.136494657 0)
(-0.1445727684 0.1314206764 0)
(-0.1522131437 0.1255863087 0)
(-0.1597315635 0.1189796654 0)
(-0.1671067351 0.1115880187 0)
(-0.1743146248 0.1033991676 0)
(-0.1813278977 0.09440279415 0)
(-0.1881153767 0.08459182979 0)
(-0.1946415219 0.07396385289 0)
(-0.2008659359 0.06252254169 0)
(-0.2067429033 0.05027920366 0)
(-0.212220983 0.03725440059 0)
(-0.217242675 0.02347968394 0)
(-0.2217441613 0.008999442739 0)
(-0.2256551734 -0.006127162827 0)
(-0.2288994074 -0.02182424601 0)
(-0.2313946259 -0.03799740073 0)
(-0.2330532861 -0.05453120644 0)
(-0.2337838033 -0.07128724177 0)
(-0.2334921653 -0.0881023259 0)
(-0.2320842475 -0.1047871814 0)
(-0.22946887 -0.1211257635 0)
(-0.2255616687 -0.1368755395 0)
(-0.2202898143 -0.1517690462 0)
(-0.2135975433 -0.1655170715 0)
(-0.2054523732 -0.1778137965 0)
(-0.1958517524 -0.1883441757 0)
(-0.1848297606 -0.196793707 0)
(-0.1724633354 -0.2028605561 0)
(-0.1588773813 -0.2062697384 0)
(-0.1442480452 -0.206788749 0)
(-0.1288034518 -0.2042437059 0)
(-0.1128213019 -0.1985347739 0)
(-0.09662296829 -0.1896494386 0)
(-0.08056406212 -0.1776721568 0)
(-0.06502185182 -0.1627890728 0)
(-0.05038037336 -0.1452868677 0)
(-0.03701454571 -0.1255453848 0)
(-0.02527435416 -0.1040243947 0)
(-0.01546839561 -0.08124546656 0)
(-0.007854742159 -0.05777010687 0)
(-0.002694559032 -0.0341775756 0)
(-0.0001430342636 -0.0110560376 0)
(-9.086916414e-05 0.01287183336 0)
(-0.001398649565 0.0360287645 0)
(-0.003888963961 0.05667671186 0)
(-0.007412552967 0.0749287619 0)
(-0.01179904233 0.09091873043 0)
(-0.01692196447 0.1047943648 0)
(-0.02266601643 0.1167107615 0)
(-0.02892643358 0.1268246215 0)
(-0.03561018226 0.1352894111 0)
(-0.04263565291 0.1422514085 0)
(-0.04993201323 0.1478466106 0)
(-0.05743844457 0.152198463 0)
(-0.06510325232 0.1554163554 0)
(-0.07288288779 0.1575948096 0)
(-0.08074092525 0.1588132728 0)
(-0.08864702908 0.1591364215 0)
(-0.09657593782 0.1586148769 0)
(-0.104506484 0.1572862387 0)
(-0.1124206621 0.1551763449 0)
(-0.1203027491 0.1523006837 0)
(-0.1281384801 0.148665887 0)
(-0.1359142745 0.1442712572 0)
(-0.1436165084 0.139110289 0)
(-0.1512308259 0.1331721613 0)
(-0.1587414832 0.126443191 0)
(-0.1661307166 0.1189082466 0)
(-0.1733781297 0.1105521335 0)
(-0.1804600937 0.1013609646 0)
(-0.1873491568 0.09132354124 0)
(-0.1940134627 0.08043276681 0)
(-0.2004161771 0.06868712093 0)
(-0.2065149311 0.05609222094 0)
(-0.2122612894 0.04266249567 0)
(-0.2176002692 0.02842299444 0)
(-0.2224699079 0.01341134449 0)
(-0.2268008945 -0.002320154253 0)
(-0.2305166692 -0.01870228936 0)
(-0.2335334571 -0.03564697601 0)
(-0.235760393 -0.05304441334 0)
(-0.2371005214 -0.0707605316 0)
(-0.2374520814 -0.08863463827 0)
(-0.2367105252 -0.1064773577 0)
(-0.2347713545 -0.1240691288 0)
(-0.2315338914 -0.1411595745 0)
(-0.2269060754 -0.1574681238 0)
(-0.2208103139 -0.1726863137 0)
(-0.2131903177 -0.1864822212 0)
(-0.2040187169 -0.1985074397 0)
(-0.1933050906 -0.2084069106 0)
(-0.1811038591 -0.2158317251 0)
(-0.1675213116 -0.2204547223 0)
(-0.1527209083 -0.2219883342 0)
(-0.1369259418 -0.2202036989 0)
(-0.1204187169 -0.2149496473 0)
(-0.1035356289 -0.2061698333 0)
(-0.08665790109 -0.1939161263 0)
(-0.07019823685 -0.1783564766 0)
(-0.05458423519 -0.1597758553 0)
(-0.04024005395 -0.1385695389 0)
(-0.02756764242 -0.1152289052 0)
(-0.01692698481 -0.0903207273 0)
(-0.008624495949 -0.06446132832 0)
(-0.002971325091 -0.03828959626 0)
(-0.0001607186416 -0.0124541926 0)
(-8.95748222e-05 0.01356941366 0)
(-0.001385236445 0.03795848023 0)
(-0.003855562285 0.05968425672 0)
(-0.007353212651 0.07886987433 0)
(-0.01170901018 0.09565973307 0)
(-0.01679653165 0.1102127636 0)
(-0.02249993152 0.1226956316 0)
(-0.02871360257 0.133276725 0)
(-0.03534357274 0.1421210434 0)
(-0.04230736534 0.1493859934 0)
(-0.04953347822 0.1552180797 0)
(-0.05696070704 0.1597504636 0)
(-0.06453731025 0.1631013371 0)
(-0.07222006044 0.1653730349 0)
(-0.07997323213 0.1666517928 0)
(-0.08776756633 0.1670080487 0)
(-0.09557924344 0.1664971815 0)
(-0.1033888866 0.1651605833 0)
(-0.1111806105 0.1630269702 0)
(-0.1189411217 0.1601138451 0)
(-0.1266588746 0.1564290459 0)
(-0.1343232778 0.1519723194 0)
(-0.1419239481 0.1467368861 0)
(-0.1494500038 0.1407109675 0)
(-0.1568893888 0.1338792673 0)
(-0.1642282213 0.1262244051 0)
(-0.1714501555 0.1177283149 0)
(-0.1785357526 0.1083736236 0)
(-0.1854618512 0.0981450351 0)
(-0.1922009353 0.08703074536 0)
(-0.1987204947 0.07502392053 0)
(-0.204982381 0.06212426725 0)
(-0.2109421645 0.04833972783 0)
(-0.2165485094 0.0336883306 0)
(-0.2217425725 0.01820022088 0)
(-0.226457408 0.001919881584 0)
(-0.2306176862 -0.0150914507 0)
(-0.2341397197 -0.03275346066 0)
(-0.2369310006 -0.05096388638 0)
(-0.2388908629 -0.06959527107 0)
(-0.2399113877 -0.08849202765 0)
(-0.2398790029 -0.1074676176 0)
(-0.2386769621 -0.1263021313 0)
(-0.2361888553 -0.1447406046 0)
(-0.2323033069 -0.1624924954 0)
(-0.2269199696 -0.1792328265 0)
(-0.2199568243 -0.194605562 0)
(-0.2113586586 -0.2082297908 0)
(-0.2011064047 -0.2197092195 0)
(-0.1892267936 -0.2286452972 0)
(-0.1758015377 -0.2346539853 0)
(-0.1609750424 -0.237385754 0)
(-0.1449595079 -0.2365478476 0)
(-0.1280362866 -0.2319272939 0)
(-0.1105525507 -0.2234126245 0)
(-0.09291272416 -0.2110119487 0)
(-0.07556471949 -0.194865002 0)
(-0.0589817656 -0.1752471456 0)
(-0.04364145582 -0.1525640475 0)
(-0.03000361777 -0.1273368708 0)
(-0.01848664554 -0.1001788853 0)
(-0.009452809119 -0.07176505563 0)
(-0.003271307088 -0.04279926251 0)
(-0.0001803663524 -0.01399637607 0)
(-8.799899997e-05 0.01425910086 0)
(-0.001368206825 0.03986914916 0)
(-0.003812447626 0.06266464651 0)
(-0.00727550993 0.08277731118 0)
(-0.01158950944 0.1003610339 0)
(-0.0166279518 0.1155851613 0)
(-0.02227427202 0.1286274593 0)
(-0.02842183075 0.139667789 0)
(-0.03497554367 0.1488826756 0)
(-0.04185192705 0.156440801 0)
(-0.04897871188 0.1624994339 0)
(-0.05629425566 0.1672017799 0)
(-0.06374675929 0.1706752031 0)
(-0.07129334266 0.1730302393 0)
(-0.07889903723 0.1743603029 0)
(-0.08653574244 0.1747419755 0)
(-0.09418118268 0.17423576 0)
(-0.101817891 0.1728871897 0)
(-0.1094322366 0.1707281864 0)
(-0.1170135058 0.1677785778 0)
(-0.1245530387 0.1640476979 0)
(-0.1320434196 0.1595360119 0)
(-0.1394777164 0.1542367239 0)
(-0.1468487613 0.1481373403 0)
(-0.154148463 0.1412211778 0)
(-0.1613671422 0.1334688153 0)
(-0.1684928791 0.1248595011 0)
(-0.1755108636 0.1153725327 0)
(-0.1824027399 0.1049886342 0)
(-0.1891459356 0.09369136017 0)
(-0.1957129701 0.08146855835 0)
(-0.2020707377 0.06831392701 0)
(-0.2081797671 0.05422870267 0)
(-0.2139934671 0.03922351735 0)
(-0.2194573614 0.0233204623 0)
(-0.2245082792 0.006555381461 0)
(-0.2290737738 -0.01101959158 0)
(-0.2330718697 -0.02933332084 0)
(-0.2364103154 -0.04829289723 0)
(-0.2389866562 -0.06777973843 0)
(-0.2406887613 -0.08764607426 0)
(-0.2413958875 -0.1077113567 0)
(-0.2409806605 -0.1277588679 0)
(-0.2393121512 -0.1475328674 0)
(-0.2362602717 -0.1667367288 0)
(-0.2317016885 -0.1850326408 0)
(-0.2255273691 -0.2020435534 0)
(-0.2176517392 -0.2173581144 0)
(-0.2080232238 -0.2305393236 0)
(-0.1966356769 -0.2411374878 0)
(-0.1835398961 -0.2487077592 0)
(-0.1688541044 -0.2528320595 0)
(-0.1527720363 -0.2531445472 0)
(-0.1355671585 -0.2493590403 0)
(-0.1175916762 -0.2412960764 0)
(-0.09926936209 -0.2289067325 0)
(-0.0810819108 -0.2122901075 0)
(-0.06354943821 -0.1917016321 0)
(-0.04720684063 -0.1675501763 0)
(-0.03257789973 -0.1403832343 0)
(-0.02014702309 -0.1108608918 0)
(-0.01034072495 -0.0797202614 0)
(-0.003595381178 -0.0477357772 0)
(-0.0002021425371 -0.01569466906 0)
(-8.621244242e-05 0.01493926596 0)
(-0.001348512373 0.04175651065 0)
(-0.00376212819 0.06561127252 0)
(-0.007183958659 0.08664213224 0)
(-0.01144726289 0.1050112175 0)
(-0.01642515965 0.1208974411 0)
(-0.02200002002 0.1344891761 0)
(-0.02806385253 0.1459775599 0)
(-0.03452019406 0.1555506759 0)
(-0.04128435647 0.1633886811 0)
(-0.04828317935 0.169659921 0)
(-0.05545452618 0.1745180263 0)
(-0.06274654412 0.1780999488 0)
(-0.07011675296 0.180524852 0)
(-0.07753103135 0.1818937496 0)
(-0.0849625551 0.1822897716 0)
(-0.09239073003 0.1817789298 0)
(-0.09980015002 0.1804112612 0)
(-0.1071796 0.1782222347 0)
(-0.1145211152 0.1752343242 0)
(-0.1218190992 0.1714586653 0)
(-0.1290695009 0.1668967333 0)
(-0.1362690434 0.1615419962 0)
(-0.1434144964 0.1553815166 0)
(-0.150501984 0.1483974865 0)
(-0.1575263148 0.140568697 0)
(-0.1644803237 0.1318719515 0)
(-0.1713542139 0.1222834409 0)
(-0.1781348852 0.1117801063 0)
(-0.1848052406 0.1003410193 0)
(-0.1913434564 0.08794881299 0)
(-0.1977222108 0.07459120405 0)
(-0.2039078635 0.06026264495 0)
(-0.209859591 0.04496615319 0)
(-0.2155284778 0.02871536503 0)
(-0.2208565242 0.01153684848 0)
(-0.2257757422 -0.006527298494 0)
(-0.2302076261 -0.02541641813 0)
(-0.2340621599 -0.04504858667 0)
(-0.237237237 -0.06531626908 0)
(-0.239618761 -0.08608221414 0)
(-0.2410810886 -0.1071751259 0)
(-0.2414883803 -0.1283852847 0)
(-0.2406970653 -0.1494604479 0)
(-0.2385597114 -0.1701024866 0)
(-0.2349305959 -0.1899653782 0)
(-0.2296732166 -0.2086553381 0)
(-0.2226698592 -0.2257340067 0)
(-0.2138331324 -0.2407256679 0)
(-0.2031190796 -0.2531293974 0)
(-0.1905411054 -0.262436778 0)
(-0.1761835288 -0.2681553212 0)
(-0.1602131943 -0.269836992 0)
(-0.1428873137 -0.2671103003 0)
(-0.1245557036 -0.2597134163 0)
(-0.1056559177 -0.2475248928 0)
(-0.08670047996 -0.230588058 0)
(-0.06825652031 -0.2091252149 0)
(-0.05091951346 -0.1835385745 0)
(-0.03528326229 -0.1543963745 0)
(-0.02190630861 -0.1224044547 0)
(-0.0112887056 -0.08836500697 0)
(-0.003944289613 -0.05312866606 0)
(-0.0002262195116 -0.01756161367 0)
(-8.430526296e-05 0.01560881691 0)
(-0.001327352078 0.04361769768 0)
(-0.003707757983 0.06851952943 0)
(-0.00708423078 0.09045775697 0)
(-0.01129071668 0.1096013485 0)
(-0.01619938618 0.1261378836 0)
(-0.02169100084 0.1402658658 0)
(-0.02765574416 0.1521875715 0)
(-0.03399540412 0.1621027568 0)
(-0.0406238316 0.1702033434 0)
(-0.04746682861 0.1766691514 0)
(-0.05446171634 0.1816646936 0)
(-0.06155662089 0.1853369878 0)
(-0.06870955718 0.1878142993 0)
(-0.07588739139 0.1892056972 0)
(-0.08306474578 0.1896012889 0)
(-0.09022289531 0.189072995 0)
(-0.09734869083 0.1876757273 0)
(-0.1044335317 0.1854488488 0)
(-0.1114723996 0.1824178057 0)
(-0.1184629591 0.1785958459 0)
(-0.1254047206 0.1739857538 0)
(-0.1322982626 0.1685815546 0)
(-0.1391445018 0.1623701558 0)
(-0.1459440016 0.1553329126 0)
(-0.1526963048 0.1474471148 0)
(-0.1593992793 0.1386874052 0)
(-0.1660484613 0.1290271464 0)
(-0.1726363819 0.1184397619 0)
(-0.1791518629 0.1069000827 0)
(-0.1855792675 0.09438573232 0)
(-0.1918976922 0.08087859297 0)
(-0.198080089 0.06636639671 0)
(-0.2040923131 0.05084449221 0)
(-0.2098920974 0.03431784484 0)
(-0.2154279113 0.01680331822 0)
(-0.2206377435 -0.001667718811 0)
(-0.2254483113 -0.02104621415 0)
(-0.2297738278 -0.04126260641 0)
(-0.2335148117 -0.06222240488 0)
(-0.236557667 -0.08380145439 0)
(-0.2387744752 -0.1058409493 0)
(-0.2400235953 -0.1281421018 0)
(-0.2401513491 -0.1504607723 0)
(-0.2389951355 -0.1725024965 0)
(-0.2363883695 -0.1939185449 0)
(-0.2321676206 -0.2143038718 0)
(-0.2261822355 -0.2331980272 0)
(-0.2183065408 -0.2500902637 0)
(-0.2084544097 -0.264430096 0)
(-0.1965955453 -0.2756443957 0)
(-0.1827723001 -0.2831616248 0)
(-0.1671153043 -0.2864430128 0)
(-0.1498557203 -0.2850193522 0)
(-0.13133174 -0.2785307719 0)
(-0.1119871463 -0.2667655572 0)
(-0.09236045891 -0.2496931444 0)
(-0.07306444487 -0.2274861556 0)
(-0.0547575126 -0.2005270114 0)
(-0.03810931588 -0.1693963616 0)
(-0.02376106269 -0.1348428461 0)
(-0.01229655507 -0.09773574281 0)
(-0.004318619933 -0.05900746001 0)
(-0.0002527768339 -0.0196101483 0)
(-8.238866329e-05 0.01626733133 0)
(-0.00130620797 0.04545157848 0)
(-0.003653231228 0.07138730235 0)
(-0.006983319699 0.09422053514 0)
(-0.01113027157 0.1141255716 0)
(-0.01596444842 0.1312977527 0)
(-0.02136421563 0.1459453062 0)
(-0.02721728137 0.158281625 0)
(-0.03342319985 0.1685183879 0)
(-0.0398940457 0.1768597047 0)
(-0.04655442438 0.1834973915 0)
(-0.05334108901 0.1886074029 0)
(-0.06020222446 0.1923473819 0)
(-0.06709649848 0.1948552298 0)
(-0.07399197478 0.1962485661 0)
(-0.08086496299 0.1966249285 0)
(-0.08769886184 0.1960625565 0)
(-0.0944830351 0.1946216107 0)
(-0.1012117452 0.1923456908 0)
(-0.1078831579 0.1892635355 0)
(-0.1144984217 0.185390809 0)
(-0.1210608198 0.1807319008 0)
(-0.1275749878 0.1752816851 0)
(-0.134046186 0.169027209 0)
(-0.1404796143 0.1619492908 0)
(-0.146879756 0.154024026 0)
(-0.1532497355 0.1452242112 0)
(-0.1595906728 0.1355207004 0)
(-0.1659010209 0.1248837203 0)
(-0.1721758656 0.1132841743 0)
(-0.178406173 0.1006949706 0)
(-0.1845779655 0.08709241517 0)
(-0.19067141 0.07245771853 0)
(-0.1966598067 0.05677866926 0)
(-0.2025084746 0.04005153956 0)
(-0.2081734924 0.02228328834 0)
(-0.2136002343 0.003494122077 0)
(-0.2187223099 -0.01627942857 0)
(-0.2234600893 -0.03698120996 0)
(-0.2277190375 -0.05853149848 0)
(-0.2313886439 -0.08082157197 0)
(-0.2343416004 -0.1037081873 0)
(-0.2364335494 -0.1270073859 0)
(-0.2375038445 -0.1504878929 0)
(-0.237377692 -0.173864497 0)
(-0.2358701582 -0.1967920187 0)
(-0.2327925566 -0.2188607572 0)
(-0.2279616922 -0.2395946131 0)
(-0.2212122867 -0.2584533592 0)
(-0.2124126162 -0.2748407054 0)
(-0.2014829237 -0.2881197561 0)
(-0.1884155382 -0.297637081 0)
(-0.1732949041 -0.3027558002 0)
(-0.1563150225 -0.302896804 0)
(-0.1377913397 -0.2975855643 0)
(-0.118164089 -0.2865002015 0)
(-0.09799070136 -0.2695149465 0)
(-0.07792627141 -0.2467323491 0)
(-0.05869317806 -0.2184979685 0)
(-0.04104222055 -0.1853930669 0)
(-0.0257060596 -0.1482035921 0)
(-0.01336335491 -0.1078665344 0)
(-0.004718788902 -0.06540134111 0)
(-0.0002820014156 -0.02185353383 0)
(-8.059961419e-05 0.01691521004 0)
(-0.001286892009 0.04725914906 0)
(-0.003603297749 0.07421552266 0)
(-0.006889736571 0.0979303903 0)
(-0.01097855578 0.1185817766 0)
(-0.01573708287 0.1363719314 0)
(-0.02104021358 0.1515185409 0)
(-0.02677232548 0.1642462794 0)
(-0.03283012941 0.1747791986 0)
(-0.03912355334 0.1833342122 0)
(-0.04557584808 0.1901158197 0)
(-0.05212321532 0.1953121133 0)
(-0.05871404885 0.1990920228 0)
(-0.06530791331 0.2016036901 0)
(-0.07187437292 0.2029738242 0)
(-0.07839175753 0.2033078662 0)
(-0.08484592996 0.2026907896 0)
(-0.09122909843 0.2011883693 0)
(-0.09753870056 0.1988487696 0)
(-0.1037763723 0.1957043224 0)
(-0.1099470046 0.191773393 0)
(-0.1160578846 0.1870622528 0)
(-0.1221179112 0.1815669038 0)
(-0.1281368746 0.1752748178 0)
(-0.1341247835 0.168166573 0)
(-0.140091227 0.1602173834 0)
(-0.1460447524 0.1513985283 0)
(-0.1519922421 0.1416786988 0)
(-0.1579382718 0.1310252842 0)
(-0.1638844299 0.1194056283 0)
(-0.1698285772 0.1067882914 0)
(-0.1757640278 0.09314435717 0)
(-0.1816786283 0.07844883603 0)
(-0.1875537168 0.06268221874 0)
(-0.1933629516 0.04583225142 0)
(-0.1990709681 0.02789601018 0)
(-0.2046317667 0.008882343903 0)
(-0.2099873285 -0.01118520678 0)
(-0.2150660003 -0.03226477627 0)
(-0.2197804311 -0.0542927062 0)
(-0.2240258008 -0.0771776855 0)
(-0.2276784368 -0.1007947916 0)
(-0.2305946545 -0.1249785745 0)
(-0.2326104849 -0.1495153371 0)
(-0.2335426564 -0.1741349141 0)
(-0.2331913821 -0.1985024832 0)
(-0.2313456007 -0.2222112784 0)
(-0.2277913457 -0.2447774626 0)
(-0.2223238356 -0.2656388388 0)
(-0.2147636311 -0.2841594191 0)
(-0.2049767428 -0.2996420312 0)
(-0.1928978647 -0.311350929 0)
(-0.1785550049 -0.3185456394 0)
(-0.1620927995 -0.3205258935 0)
(-0.1437909685 -0.3166855002 0)
(-0.1240740006 -0.306570634 0)
(-0.1035085301 -0.2899357245 0)
(-0.08278626363 -0.2667885682 0)
(-0.06269279443 -0.2374161227 0)
(-0.04406444958 -0.2023841424 0)
(-0.02773416577 -0.1625070583 0)
(-0.01448741995 -0.1187882231 0)
(-0.005145034893 -0.07233875987 0)
(-0.0003140884881 -0.02430527423 0)
(-7.910484508e-05 0.01755385627 0)
(-0.001271603792 0.04904398932 0)
(-0.003563707918 0.07700880671 0)
(-0.006813752214 0.1015915478 0)
(-0.01085075345 0.1229723356 0)
(-0.015537337 0.1413596071 0)
(-0.02074351468 0.1569804735 0)
(-0.02634924439 0.170071335 0)
(-0.03224765146 0.180869351 0)
(-0.03834610054 0.1896051146 0)
(-0.04456635074 0.1964967171 0)
(-0.05084413794 0.2017452564 0)
(-0.05712831469 0.2055317355 0)
(-0.06337970215 0.2080152238 0)
(-0.06956978795 0.2093321038 0)
(-0.07567937085 0.2095962097 0)
(-0.08169722392 0.2088996581 0)
(-0.08761882339 0.2073141833 0)
(-0.09344517017 0.2048928118 0)
(-0.09918171597 0.2016717352 0)
(-0.1048373948 0.1976722688 0)
(-0.1104237533 0.1929028093 0)
(-0.1159541684 0.1873607342 0)
(-0.1214431378 0.1810342 0)
(-0.1269056271 0.1739038239 0)
(-0.1323564553 0.1659442396 0)
(-0.1378097023 0.1571255369 0)
(-0.1432781167 0.1474145982 0)
(-0.1487725069 0.1367763558 0)
(-0.1543010912 0.1251749982 0)
(-0.1598687877 0.1125751594 0)
(-0.1654764187 0.09894313174 0)
(-0.1711198043 0.08424815072 0)
(-0.1767887228 0.0684638087 0)
(-0.1824657158 0.05156966932 0)
(-0.1881247063 0.03355316888 0)
(-0.1937293185 0.01441187871 0)
(-0.1992311541 -0.005843770665 0)
(-0.2045681725 -0.02718676106 0)
(-0.2096622367 -0.04957033586 0)
(-0.2144167416 -0.07292212492 0)
(-0.2187146765 -0.09713782883 0)
(-0.2224165775 -0.1220737828 0)
(-0.2253591632 -0.1475383034 0)
(-0.2273550172 -0.1732820087 0)
(-0.2281939049 -0.1989875244 0)
(-0.2276464836 -0.2242593493 0)
(-0.2254712684 -0.2486151294 0)
(-0.2214257361 -0.2714801382 0)
(-0.2152822877 -0.2921873207 0)
(-0.2068493857 -0.3099856681 0)
(-0.1959974442 -0.3240597566 0)
(-0.1826879975 -0.3335627427 0)
(-0.1670033819 -0.3376637484 0)
(-0.1491729026 -0.335608297 0)
(-0.1295905864 -0.3267874475 0)
(-0.1088195914 -0.3108080303 0)
(-0.08757960336 -0.2875537384 0)
(-0.06671632739 -0.2572257515 0)
(-0.04715462163 -0.2203528939 0)
(-0.02983626827 -0.1777649478 0)
(-0.01566628584 -0.130527539 0)
(-0.005597423931 -0.07984703688 0)
(-0.0003492437904 -0.02697903692 0)
(-7.810838609e-05 0.01818588871 0)
(-0.001263007947 0.05081279905 0)
(-0.0035413979 0.0797761962 0)
(-0.006767700081 0.1052133621 0)
(-0.01076500696 0.1273049178 0)
(-0.01538903499 0.1462650016 0)
(-0.02050309542 0.1623304694 0)
(-0.02598137371 0.1757502893 0)
(-0.03171253231 0.1867758517 0)
(-0.03760092657 0.1956526497 0)
(-0.04356673724 0.2026135566 0)
(-0.04954542477 0.2078737583 0)
(-0.05548668697 0.211627267 0)
(-0.06135311196 0.2140448567 0)
(-0.06711868494 0.2152732112 0)
(-0.07276726451 0.2154350547 0)
(-0.07829110725 0.2146300361 0)
(-0.08368948948 0.2129361566 0)
(-0.08896745181 0.2104115549 0)
(-0.09413467499 0.2070964953 0)
(-0.09920448389 0.2030154374 0)
(-0.1041929689 0.1981790953 0)
(-0.1091182093 0.1925864217 0)
(-0.1139995811 0.1862264766 0)
(-0.1188571295 0.1790801595 0)
(-0.1237109876 0.1711217984 0)
(-0.1285808199 0.1623206022 0)
(-0.1334852716 0.1526419901 0)
(-0.1384414013 0.142048821 0)
(-0.1434640757 0.1305025485 0)
(-0.1485653028 0.1179643366 0)
(-0.1537534778 0.1043961718 0)
(-0.1590325153 0.08976202176 0)
(-0.1644008375 0.07402909428 0)
(-0.1698501933 0.05716926912 0)
(-0.175364279 0.03916079098 0)
(-0.1809170529 0.01999031034 0)
(-0.1864707401 -0.0003446258545 0)
(-0.1919742763 -0.02183210216 0)
(-0.1973604691 -0.04444255639 0)
(-0.2025432671 -0.06812357132 0)
(-0.2074152 -0.09279319877 0)
(-0.2118445679 -0.1183322591 0)
(-0.2156729743 -0.1445750097 0)
(-0.2187136354 -0.1712982487 0)
(-0.2207510403 -0.1982090962 0)
(-0.2215427894 -0.2249320576 0)
(-0.2208246364 -0.2509965051 0)
(-0.2183198967 -0.2758263896 0)
(-0.2137543597 -0.2987347741 0)
(-0.2068775533 -0.3189265059 0)
(-0.1974905161 -0.3355127861 0)
(-0.1854790891 -0.3475412115 0)
(-0.1708501606 -0.3540436944 0)
(-0.1537665304 -0.354102255 0)
(-0.1345745363 -0.3469290482 0)
(-0.1138179145 -0.3319526218 0)
(-0.09223224515 -0.3088982988 0)
(-0.07071726508 -0.2778480959 0)
(-0.05028741775 -0.2392660679 0)
(-0.03200127024 -0.1939787305 0)
(-0.01689674028 -0.1431061854 0)
(-0.006075874745 -0.08795196681 0)
(-0.0003876874447 -0.02988858153 0)
(-7.786021177e-05 0.01881539884 0)
(-0.00126433479 0.05257603726 0)
(-0.00354472987 0.08253202531 0)
(-0.00676636085 0.1088112618 0)
(-0.01074291476 0.1315933896 0)
(-0.01532033692 0.1510981404 0)
(-0.02035294886 0.1675729455 0)
(-0.02570751925 0.1812807325 0)
(-0.03126724097 0.192488765 0)
(-0.03693301399 0.2014591025 0)
(-0.04262344682 0.208440945 0)
(-0.04827406709 0.2136649078 0)
(-0.05383598799 0.2173391183 0)
(-0.0592742681 0.2196469296 0)
(-0.06456615154 0.2207459909 0)
(-0.06969931869 0.2207684049 0)
(-0.07467023181 0.219821703 0)
(-0.07948262348 0.2179904016 0)
(-0.08414614897 0.21533793 0)
(-0.08867520517 0.2119087632 0)
(-0.09308790635 0.2077306249 0)
(-0.09740519994 0.2028166663 0)
(-0.1016501016 0.1971675495 0)
(-0.1058470272 0.1907733969 0)
(-0.1100211998 0.1836155826 0)
(-0.1141981086 0.1756683594 0)
(-0.1184029982 0.1669003289 0)
(-0.1226603675 0.1572757674 0)
(-0.1269934542 0.1467558285 0)
(-0.1314236851 0.1352996503 0)
(-0.1359700652 0.1228653953 0)
(-0.140648482 0.1094112629 0)
(-0.1454708953 0.09489651704 0)
(-0.1504443808 0.0792825836 0)
(-0.155569997 0.06253428553 0)
(-0.1608414455 0.0446213041 0)
(-0.166243427 0.02551996679 0)
(-0.1717495351 0.005215463137 0)
(-0.1773206491 -0.0162952042 0)
(-0.1829019593 -0.03899954753 0)
(-0.1884199919 -0.06286550311 0)
(-0.1937794149 -0.08783453329 0)
(-0.1988596605 -0.1138139183 0)
(-0.203511401 -0.1406670573 0)
(-0.2075534899 -0.1682016915 0)
(-0.2107708644 -0.1961560774 0)
(-0.212914253 -0.2241834713 0)
(-0.2137028242 -0.2518358351 0)
(-0.2128311844 -0.2785484457 0)
(-0.2099822863 -0.3036280815 0)
(-0.2048476987 -0.3262485317 0)
(-0.1971561467 -0.3454580961 0)
(-0.186710084 -0.3602040929 0)
(-0.1734282627 -0.3693786536 0)
(-0.1573899734 -0.3718877595 0)
(-0.1388742998 -0.3667413512 0)
(-0.1183861383 -0.3531567522 0)
(-0.09666089359 -0.3306616931 0)
(-0.07464256257 -0.299178702 0)
(-0.05343359401 -0.2590715692 0)
(-0.03421616948 -0.2111380268 0)
(-0.01817491304 -0.1565399233 0)
(-0.006580211773 -0.09667745008 0)
(-0.0004296610629 -0.03304770858 0)
(-7.866998708e-05 0.01944826798 0)
(-0.001279516593 0.05434869522 0)
(-0.003583806066 0.0852969469 0)
(-0.006827453794 0.112407835 0)
(-0.01081015058 0.1358588046 0)
(-0.01536441079 0.1558756446 0)
(-0.02033272693 0.1727179147 0)
(-0.02557249327 0.1866646376 0)
(-0.03096031751 0.1980012723 0)
(-0.03639324522 0.2070086781 0)
(-0.04178847208 0.2139543606 0)
(-0.04708215092 0.2190860106 0)
(-0.05222762281 0.2226271672 0)
(-0.05719336411 0.2247747305 0)
(-0.06196086691 0.2256980013 0)
(-0.06652259692 0.2255389178 0)
(-0.07088011459 0.2244131775 0)
(-0.07504240251 0.222411972 0)
(-0.07902441154 0.219604102 0)
(-0.08284581838 0.2160382893 0)
(-0.08652997533 0.2117455432 0)
(-0.09010302677 0.2067414783 0)
(-0.09359316453 0.2010285153 0)
(-0.09702999432 0.1945979213 0)
(-0.1004439863 0.1874316688 0)
(-0.1038659844 0.1795041071 0)
(-0.1073267516 0.1707834546 0)
(-0.1108565261 0.1612331236 0)
(-0.1144845686 0.1508129007 0)
(-0.1182386768 0.1394800069 0)
(-0.1221446429 0.1271900671 0)
(-0.1262256292 0.113898023 0)
(-0.1305014341 0.09955903213 0)
(-0.1349876131 0.08412940212 0)
(-0.1396944239 0.06756762446 0)
(-0.144625561 0.04983559143 0)
(-0.1497765953 0.03090010203 0)
(-0.1551329248 0.01073475084 0)
(-0.1606679201 -0.01067762495 0)
(-0.1663402983 -0.03334120719 0)
(-0.1720907415 -0.05724403837 0)
(-0.1778382781 -0.08235132573 0)
(-0.1834765031 -0.1085979475 0)
(-0.1888691232 -0.1358787352 0)
(-0.1938456148 -0.1640362278 0)
(-0.198197374 -0.1928456838 0)
(-0.201675146 -0.2219973989 0)
(-0.2039889123 -0.2510768988 0)
(-0.2048118204 -0.2795443938 0)
(-0.2037900976 -0.306716039 0)
(-0.2005610393 -0.3317509706 0)
(-0.1947808663 -0.3536495627 0)
(-0.1861632491 -0.3712694215 0)
(-0.1745274029 -0.383365615 0)
(-0.1598518871 -0.3886597552 0)
(-0.1423269989 -0.3859382035 0)
(-0.1223958327 -0.3741728826 0)
(-0.1007730536 -0.3526500125 0)
(-0.07843266686 -0.3210847463 0)
(-0.05656009103 -0.2796961118 0)
(-0.03646623674 -0.229218959 0)
(-0.01949644243 -0.1708376835 0)
(-0.007110254745 -0.1060451847 0)
(-0.0004754385313 -0.03647024533 0)
(-8.092514057e-05 0.02009256441 0)
(-0.001313369665 0.05615124504 0)
(-0.003670881549 0.08809915903 0)
(-0.006972266716 0.1160340795 0)
(-0.01099723336 0.1401304843 0)
(-0.01556023529 0.1606215235 0)
(-0.02048846428 0.1777814395 0)
(-0.02562766067 0.1919084815 0)
(-0.03084666625 0.203309505 0)
(-0.03603839377 0.2122871101 0)
(-0.04111902363 0.2191296096 0)
(-0.04602619053 0.2241037639 0)
(-0.05071659195 0.2274500186 0)
(-0.05516337283 0.2293798711 0)
(-0.05935353535 0.2300749542 0)
(-0.06328552704 0.2296874329 0)
(-0.06696708892 0.228341351 0)
(-0.0704133951 0.2261346114 0)
(-0.07364548184 0.2231413351 0)
(-0.07668894378 0.2194143963 0)
(-0.07957286471 0.2149879853 0)
(-0.0823289456 0.2098800916 0)
(-0.08499079312 0.2040948384 0)
(-0.08759333332 0.1976246259 0)
(-0.09017231884 0.1904520662 0)
(-0.09276390061 0.1825517046 0)
(-0.09540423834 0.1738915369 0)
(-0.09812912604 0.1644343371 0)
(-0.1009736097 0.1541388184 0)
(-0.1039715758 0.1429606502 0)
(-0.1071552871 0.1308533603 0)
(-0.1105548416 0.1177691547 0)
(-0.114197528 0.1036596918 0)
(-0.1181070437 0.08847685921 0)
(-0.1223025427 0.07217360859 0)
(-0.1267974751 0.05470492672 0)
(-0.1315981543 0.03602904319 0)
(-0.1367018602 0.01610896353 0)
(-0.1420947341 -0.005085547475 0)
(-0.1477497097 -0.02757453862 0)
(-0.1536227321 -0.05136529915 0)
(-0.1596489604 -0.07644639703 0)
(-0.1657387092 -0.1027805514 0)
(-0.1717722725 -0.1302952727 0)
(-0.1775944669 -0.1588706139 0)
(-0.1830091425 -0.1883235741 0)
(-0.1877743262 -0.218388844 0)
(-0.191599127 -0.248696014 0)
(-0.1941440625 -0.2787441608 0)
(-0.195027041 -0.307875976 0)
(-0.1938376906 -0.3352553304 0)
(-0.190162798 -0.359854229 0)
(-0.1836249483 -0.3804570621 0)
(-0.1739346648 -0.3956910988 0)
(-0.1609532466 -0.4040911904 0)
(-0.1447593203 -0.404202562 0)
(-0.1257077844 -0.3947178339 0)
(-0.1044670619 -0.3746337807 0)
(-0.08202157093 -0.3434023163 0)
(-0.05963022748 -0.3010427813 0)
(-0.03873530548 -0.2481824758 0)
(-0.02085673795 -0.186000742 0)
(-0.00766595988 -0.1160744599 0)
(-0.0005253437133 -0.04017009105 0)
(-8.511766652e-05 0.0207590497 0)
(-0.001371841861 0.05801081834 0)
(-0.003820908123 0.09097588355 0)
(-0.007226462854 0.1197308456 0)
(-0.0113404791 0.1444471812 0)
(-0.01595354446 0.1653679204 0)
(-0.02087336524 0.1827859204 0)
(-0.02593144288 0.1970231048 0)
(-0.03098768685 0.2084120488 0)
(-0.03593083038 0.2172809047 0)
(-0.04067679226 0.2239419059 0)
(-0.04516595308 0.2286832587 0)
(-0.04935990189 0.2317640047 0)
(-0.05323807622 0.2334113403 0)
(-0.05679457225 0.2338198605 0)
(-0.06003527949 0.2331522348 0)
(-0.06297540761 0.2315408811 0)
(-0.06563741615 0.2290902815 0)
(-0.06804932216 0.2258796538 0)
(-0.07024334251 0.221965765 0)
(-0.07225481955 0.2173857289 0)
(-0.07412137812 0.2121596821 0)
(-0.07588226509 0.2062932697 0)
(-0.07757782805 0.1997799044 0)
(-0.07924909504 0.1926027832 0)
(-0.08093742278 0.1847366627 0)
(-0.08268418546 0.176149404 0)
(-0.08453047946 0.1668033058 0)
(-0.0865168215 0.1566562473 0)
(-0.08868281971 0.1456626665 0)
(-0.09106679663 0.1337744005 0)
(-0.09370534107 0.1209414173 0)
(-0.09663276367 0.1071124752 0)
(-0.09988042682 0.09223575003 0)
(-0.1034759143 0.07625948143 0)
(-0.1074420028 0.05913270553 0)
(-0.1117953871 0.0408061648 0)
(-0.1165449913 0.02123348902 0)
(-0.1216897413 0.0003727465511 0)
(-0.1272170247 -0.02181088163 0)
(-0.1330986728 -0.04534246042 0)
(-0.1392872603 -0.07023285323 0)
(-0.1457117909 -0.0964719671 0)
(-0.1522721251 -0.1240201268 0)
(-0.1588326328 -0.1527963117 0)
(-0.1652152871 -0.1826625782 0)
(-0.1711926656 -0.2134039801 0)
(-0.1764818357 -0.2447035811 0)
(-0.1807407366 -0.2761128369 0)
(-0.1835694389 -0.3070188574 0)
(-0.1845194606 -0.3366119869 0)
(-0.1831148623 -0.3638597447 0)
(-0.1788886889 -0.3874961009 0)
(-0.1714369121 -0.4060374788 0)
(-0.1604888661 -0.4178373823 0)
(-0.1459881701 -0.4211884183 0)
(-0.128172064 -0.4144723612 0)
(-0.1076319538 -0.3963458283 0)
(-0.08533680385 -0.3659335707 0)
(-0.06260394156 -0.3229884468 0)
(-0.04100618224 -0.2679726327 0)
(-0.02225136472 -0.2020219856 0)
(-0.008247628447 -0.1267821043 0)
(-0.0005797763402 -0.04416135349 0)
(-9.188161717e-05 0.02146183357 0)
(-0.001462348038 0.05996268787 0)
(-0.004052251853 0.09397515951 0)
(-0.007621111056 0.1235504947 0)
(-0.01188316446 0.1488582974 0)
(-0.01659790994 0.1701557391 0)
(-0.02154860417 0.187760107 0)
(-0.02654967885 0.2020231753 0)
(-0.03145109334 0.2133089783 0)
(-0.03613775007 0.2219760799 0)
(-0.04052657725 0.2283644456 0)
(-0.04456251273 0.232786502 0)
(-0.04821408914 0.235521741 0)
(-0.05146911268 0.2368141553 0)
(-0.05433072994 0.2368718182 0)
(-0.05681402344 0.2358679987 0)
(-0.05894317474 0.2339433027 0)
(-0.06074917163 0.2312084345 0)
(-0.06226800131 0.2277472681 0)
(-0.06353925688 0.2236200002 0)
(-0.0646050817 0.2188662271 0)
(-0.06550938087 0.2135078418 0)
(-0.06629723682 0.2075516895 0)
(-0.06701447568 0.2009919514 0)
(-0.06770733983 0.1938122486 0)
(-0.06842222964 0.1859874724 0)
(-0.06920548517 0.1774853583 0)
(-0.07010318209 0.1682678233 0)
(-0.07116092003 0.1582920923 0)
(-0.07242358484 0.1475116409 0)
(-0.07393506641 0.1358769784 0)
(-0.07573791118 0.1233362995 0)
(-0.07787288641 0.1098360377 0)
(-0.08037843132 0.09532135667 0)
(-0.08328996332 0.07973662266 0)
(-0.08663900195 0.0630259146 0)
(-0.0904520701 0.04513364987 0)
(-0.09474923698 0.02600542348 0)
(-0.09954200898 0.005589144056 0)
(-0.1048319333 -0.01616318779 0)
(-0.1106070239 -0.03929266784 0)
(-0.1168379993 -0.06383071852 0)
(-0.1234738861 -0.08979292733 0)
(-0.1304363977 -0.1171714587 0)
(-0.1376129681 -0.1459242443 0)
(-0.1448487465 -0.1759600795 0)
(-0.1519377457 -0.2071185738 0)
(-0.1586138776 -0.2391439806 0)
(-0.1645432961 -0.2716524152 0)
(-0.1693203889 -0.3040930562 0)
(-0.1724708877 -0.3357058786 0)
(-0.1734666491 -0.3654814818 0)
(-0.1717572086 -0.3921324806 0)
(-0.1668225042 -0.4140899744 0)
(-0.1582483589 -0.4295412208 0)
(-0.1458208184 -0.4365234324 0)
(-0.1296276176 -0.4330810957 0)
(-0.110146949 -0.4174791542 0)
(-0.08829920689 -0.3884436434 0)
(-0.06543801123 -0.3453809001 0)
(-0.04326117365 -0.2885147707 0)
(-0.0236765776 -0.2188852933 0)
(-0.00885620969 -0.1381826516 0)
(-0.0006392523209 -0.04845861884 0)
(-0.0001020478229 0.02221923288 0)
(-0.001594228974 0.06205214743 0)
(-0.004387640365 0.09715802593 0)
(-0.008193993019 0.1275587873 0)
(-0.01267692374 0.1534250988 0)
(-0.01755592613 0.1750350268 0)
(-0.02258403395 0.1927386643 0)
(-0.02755566433 0.2069260656 0)
(-0.03231017264 0.2180002257 0)
(-0.03672961091 0.2263562175 0)
(-0.04073392241 0.2323663133 0)
(-0.04427513812 0.2363703155 0)
(-0.0473314337 0.2386701188 0)
(-0.04990159864 0.239527517 0)
(-0.0520002077 0.2391643666 0)
(-0.05365359818 0.2377643596 0)
(-0.05489664081 0.2354758094 0)
(-0.05577022873 0.2324149964 0)
(-0.05631937989 0.2286697385 0)
(-0.05659184095 0.2243029557 0)
(-0.05663708709 0.2193560716 0)
(-0.05650562393 0.2138521609 0)
(-0.05624851204 0.2077987891 0)
(-0.05591705006 0.2011905289 0)
(-0.05556256464 0.1940111515 0)
(-0.05523626599 0.1862355111 0)
(-0.05498913897 0.1778311447 0)
(-0.05487184384 0.1687596108 0)
(-0.05493460476 0.1589775989 0)
(-0.05522707145 0.1484378374 0)
(-0.05579813903 0.1370898249 0)
(-0.05669570737 0.1248804084 0)
(-0.05796635987 0.1117542402 0)
(-0.05965494161 0.09765414941 0)
(-0.06180401125 0.08252145878 0)
(-0.06445313028 0.06629629406 0)
(-0.06763795284 0.04891794963 0)
(-0.07138901339 0.03032539884 0)
(-0.07572990774 0.0104580146 0)
(-0.08067577106 -0.01074337784 0)
(-0.08623070066 -0.03333395698 0)
(-0.09238372949 -0.05736341977 0)
(-0.09910461953 -0.08287077297 0)
(-0.1063384699 -0.1098780062 0)
(-0.113998446 -0.1383806509 0)
(-0.1219570645 -0.1683341827 0)
(-0.13003591 -0.1996349016 0)
(-0.1379941939 -0.2320937496 0)
(-0.1455172483 -0.2654017419 0)
(-0.1522070389 -0.2990864732 0)
(-0.1575781829 -0.3324609157 0)
(-0.1610645907 -0.3645689207 0)
(-0.1620432444 -0.3941365453 0)
(-0.1598819778 -0.4195440992 0)
(-0.1540162125 -0.4388391064 0)
(-0.1440542029 -0.4498122277 0)
(-0.1299010528 -0.4501527799 0)
(-0.1118802496 -0.4376846162 0)
(-0.09082226354 -0.4106570669 0)
(-0.06808613074 -0.3680355122 0)
(-0.04548271357 -0.3097134777 0)
(-0.02513004279 -0.2365650352 0)
(-0.009493730513 -0.1502888045 0)
(-0.0007044628395 -0.05307741433 0)
(-0.0001167233995 0.02305491217 0)
(-0.001779382055 0.06433691588 0)
(-0.004855413981 0.1006011776 0)
(-0.008991247519 0.1318369914 0)
(-0.0137833802 0.1582218112 0)
(-0.01890040709 0.1800649092 0)
(-0.02405860396 0.1977610356 0)
(-0.02902956291 0.2117498645 0)
(-0.0336420788 0.2224830136 0)
(-0.03777730006 0.2303995794 0)
(-0.04136121211 0.2359095048 0)
(-0.04435641862 0.2393834341 0)
(-0.04675423524 0.2411475954 0)
(-0.04856767692 0.2414823582 0)
(-0.04982558696 0.2406233243 0)
(-0.05056793633 0.2387640428 0)
(-0.05084219953 0.2360596634 0)
(-0.05070065605 0.2326310292 0)
(-0.05019844932 0.2285688617 0)
(-0.04939224161 0.2239378113 0)
(-0.04833932196 0.2187802311 0)
(-0.04709704702 0.2131195989 0)
(-0.04572251661 0.2069635522 0)
(-0.04427240911 0.2003065386 0)
(-0.04280291816 0.1931320907 0)
(-0.04136974471 0.185414758 0)
(-0.04002811623 0.1771217269 0)
(-0.03883280748 0.1682141544 0)
(-0.03783813947 0.158648255 0)
(-0.03709794763 0.1483761753 0)
(-0.03666551015 0.1373466762 0)
(-0.03659341943 0.1255056432 0)
(-0.0369333795 0.1127964561 0)
(-0.0377359132 0.09916025697 0)
(-0.03904996376 0.08453613259 0)
(-0.04092235504 0.06886124783 0)
(-0.04339707737 0.05207098143 0)
(-0.04651432866 0.03409913352 0)
(-0.05030905189 0.01487825558 0)
(-0.05480926735 -0.005659870381 0)
(-0.0600346285 -0.02758229276 0)
(-0.06599218385 -0.05095428909 0)
(-0.07267255565 -0.07583542192 0)
(-0.08004499783 -0.1022745887 0)
(-0.08805015594 -0.1303022898 0)
(-0.09659106945 -0.1599188952 0)
(-0.1055219728 -0.1910773261 0)
(-0.1146349331 -0.2236581 0)
(-0.1236449824 -0.2574346032 0)
(-0.1321753328 -0.2920267856 0)
(-0.1397458608 -0.32684277 0)
(-0.14577015 -0.3610109332 0)
(-0.1495686683 -0.393310162 0)
(-0.1504073715 -0.4221133445 0)
(-0.1475706392 -0.4453675309 0)
(-0.1404730161 -0.4606403162 0)
(-0.1288041967 -0.4652607173 0)
(-0.1126867281 -0.4565682486 0)
(-0.09281063548 -0.4322533955 0)
(-0.07049864057 -0.3907310707 0)
(-0.04765403856 -0.331450117 0)
(-0.02661178783 -0.2550256603 0)
(-0.01016390569 -0.1631122919 0)
(-0.0007763651236 -0.05803494653 0)
(-0.00013740979 0.02399941697 0)
(-0.002033136908 0.06689022992 0)
(-0.005491180108 0.1044001805 0)
(-0.01006941275 0.1364841484 0)
(-0.01527596813 0.1633363839 0)
(-0.02071540397 0.1853127567 0)
(-0.02606013317 0.2028692191 0)
(-0.03105667887 0.216510128 0)
(-0.03552451943 0.2267479766 0)
(-0.03934727679 0.2340749591 0)
(-0.04246139802 0.2389447925 0)
(-0.04484474591 0.2417625842 0)
(-0.04650623404 0.2428806085 0)
(-0.04747705589 0.2425981571 0)
(-0.04780365015 0.2411640177 0)
(-0.04754230165 0.238780494 0)
(-0.04675516091 0.2356081936 0)
(-0.04550742677 0.2317710561 0)
(-0.04386544155 0.227361276 0)
(-0.04189547584 0.2224439152 0)
(-0.03966301648 0.2170610897 0)
(-0.0372324094 0.2112356846 0)
(-0.03466673737 0.2049745861 0)
(-0.03202785017 0.198271461 0)
(-0.02937648161 0.1911091042 0)
(-0.02677240237 0.1834614023 0)
(-0.02427458673 0.1752949692 0)
(-0.02194137158 0.1665704591 0)
(-0.01983057625 0.157243625 0)
(-0.01799958314 0.1472661609 0)
(-0.01650537961 0.136586324 0)
(-0.01540454213 0.1251493798 0)
(-0.01475316047 0.1128979069 0)
(-0.01460667093 0.09977197578 0)
(-0.01501960783 0.08570921337 0)
(-0.01604523446 0.07064478802 0)
(-0.01773502614 0.05451134815 0)
(-0.0201379621 0.03723896505 0)
(-0.02329943346 0.01875512383 0)
(-0.02725952996 -0.001015243427 0)
(-0.03205256147 -0.02214871603 0)
(-0.0377029467 -0.0447231201 0)
(-0.04422177351 -0.06881530093 0)
(-0.05160248798 -0.09449743329 0)
(-0.05981403636 -0.1218312529 0)
(-0.06879200503 -0.1508586233 0)
(-0.07842706959 -0.181586817 0)
(-0.08855040963 -0.2139659937 0)
(-0.09891623654 -0.2478560418 0)
(-0.1091823086 -0.2829797609 0)
(-0.1188909942 -0.3188598323 0)
(-0.1274558488 -0.3547396534 0)
(-0.1341617487 -0.3894931204 0)
(-0.1381899108 -0.421536906 0)
(-0.1386808721 -0.4487702501 0)
(-0.1348461599 -0.4685786856 0)
(-0.1261299082 -0.4779434084 0)
(-0.1124039268 -0.4736879754 0)
(-0.09415738466 -0.4528615843 0)
(-0.07262157498 -0.4132042894 0)
(-0.04975980926 -0.3535795581 0)
(-0.02812543334 -0.2742212787 0)
(-0.01087300174 -0.1766652346 0)
(-0.0008563189813 -0.06335123401 0)
(-0.0001661813948 0.02509226132 0)
(-0.002375485763 0.0698048421 0)
(-0.006340003513 0.1086733215 0)
(-0.01149791622 0.1416193443 0)
(-0.01724181381 0.1688705551 0)
(-0.02309667476 0.1908520649 0)
(-0.02868382516 0.208103881 0)
(-0.03372375736 0.2212147994 0)
(-0.03802981864 0.2307734607 0)
(-0.04149354162 0.2373358368 0)
(-0.04406811284 0.2414060848 0)
(-0.04575284976 0.2434272753 0)
(-0.04657984779 0.2437789225 0)
(-0.04660320462 0.2427788824 0)
(-0.04589075957 0.2406878168 0)
(-0.04451804207 0.2377149634 0)
(-0.04256403566 0.2340243697 0)
(-0.04010836278 0.2297410597 0)
(-0.03722953704 0.2249568207 0)
(-0.03400398759 0.219735444 0)
(-0.03050562087 0.2141173555 0)
(-0.02680574424 0.2081236298 0)
(-0.02297320513 0.2017594058 0)
(-0.01907466449 0.195016787 0)
(-0.01517493157 0.1878772398 0)
(-0.01133730469 0.1803135606 0)
(-0.007623898319 0.1722915016 0)
(-0.004095960629 0.1637710547 0)
(-0.0008141282906 0.1547074798 0)
(0.002161361693 0.1450520995 0)
(0.004770514171 0.1347528568 0)
(0.006953528687 0.1237547359 0)
(0.008650701456 0.1119999772 0)
(0.009802470214 0.09942817429 0)
(0.01034951954 0.08597624505 0)
(0.01023298678 0.07157829541 0)
(0.009394786871 0.05616539764 0)
(0.007778084783 0.03966531386 0)
(0.00532805281 0.02200220141 0)
(0.001993389366 0.003096291136 0)
(-0.002273599456 -0.01713613723 0)
(-0.007513888828 -0.03878239935 0)
(-0.01375820706 -0.06193299823 0)
(-0.02102355034 -0.0866792276 0)
(-0.02930709014 -0.1131094333 0)
(-0.03857784457 -0.1413021386 0)
(-0.04876532988 -0.171314661 0)
(-0.0597444987 -0.203164062 0)
(-0.07131664853 -0.2367971475 0)
(-0.08318622272 -0.2720457509 0)
(-0.09493519627 -0.3085622854 0)
(-0.1059990928 -0.3457327501 0)
(-0.1156523872 -0.3825685853 0)
(-0.123015832 -0.4175873206 0)
(-0.1271025988 -0.4487060868 0)
(-0.1269211218 -0.4731892047 0)
(-0.1216455114 -0.4877054548 0)
(-0.110845587 -0.4885495173 0)
(-0.09473910958 -0.4720525605 0)
(-0.07439447932 -0.4351422392 0)
(-0.05178646572 -0.3759255083 0)
(-0.02967975544 -0.2940950279 0)
(-0.011631073 -0.1909621563 0)
(-0.0009463000701 -0.06905080879 0)
(-0.0002059622515 0.02638481095 0)
(-0.002832839185 0.07319820675 0)
(-0.007459310058 0.1135661216 0)
(-0.01336202134 0.1473836565 0)
(-0.01978337322 0.1749385848 0)
(-0.0261509308 0.1967582432 0)
(-0.03202848482 0.2134979524 0)
(-0.03711196129 0.2258565003 0)
(-0.04121476912 0.2345173092 0)
(-0.04424468102 0.2401122778 0)
(-0.04618032232 0.2432028561 0)
(-0.0470504945 0.2442729995 0)
(-0.04691732587 0.2437297015 0)
(-0.04586333172 0.241907948 0)
(-0.04398197296 0.2390779208 0)
(-0.04137110087 0.2354530407 0)
(-0.03812865344 0.2311979908 0)
(-0.03435003165 0.2264362296 0)
(-0.03012668032 0.2212567525 0)
(-0.02554549714 0.2157200109 0)
(-0.02068878342 0.2098629952 0)
(-0.01563454433 0.203703543 0)
(-0.01045695216 0.1972439075 0)
(-0.005226917428 0.1904737267 0)
(-1.267637443e-05 0.1833724347 0)
(0.00511960631 0.1759112159 0)
(0.01010539796 0.1680546197 0)
(0.01488131886 0.1597618133 0)
(0.01938469119 0.1509875315 0)
(0.0235532266 0.1416828023 0)
(0.02732473965 0.1317954675 0)
(0.03063693793 0.1212705371 0)
(0.03342726486 0.1100503507 0)
(0.03563281445 0.09807459766 0)
(0.03719029996 0.08528020997 0)
(0.0380361021 0.07160113098 0)
(0.03810641114 0.05696796723 0)
(0.03733748134 0.04130753769 0)
(0.03566608763 0.0245423392 0)
(0.03303062291 0.006589901064 0)
(0.02937131571 -0.01263802754 0)
(0.02463202601 -0.0332352684 0)
(0.01876351541 -0.05530223236 0)
(0.01172634847 -0.07894486777 0)
(0.003496029467 -0.1042729466 0)
(-0.005929724693 -0.1313959909 0)
(-0.01652031801 -0.1604154135 0)
(-0.0281973456 -0.1914095073 0)
(-0.04081510318 -0.2244085012 0)
(-0.05413500087 -0.2593545431 0)
(-0.06779461199 -0.2960393946 0)
(-0.08127388293 -0.3340140781 0)
(-0.09386528165 -0.3724675077 0)
(-0.1046601942 -0.4100779843 0)
(-0.1125712741 -0.4448575342 0)
(-0.1164158196 -0.4740311994 0)
(-0.1150830992 -0.4940190365 0)
(-0.1077916563 -0.5006014004 0)
(-0.09440784586 -0.4893293098 0)
(-0.07574609243 -0.4561716252 0)
(-0.05372191403 -0.3982734764 0)
(-0.03129061922 -0.3145778078 0)
(-0.01245374486 -0.2060227848 0)
(-0.001049234856 -0.07516524847 0)
(-0.0002609678887 0.02794433229 0)
(-0.003440578913 0.07721921933 0)
(-0.008922734294 0.1192564288 0)
(-0.01576613348 0.1539411378 0)
(-0.02301920028 0.1816635986 0)
(-0.02999264609 0.2031010567 0)
(-0.03618868833 0.2190664584 0)
(-0.04128435375 0.2304010766 0)
(-0.04510380758 0.2379052219 0)
(-0.04758334602 0.2422998822 0)
(-0.04873879654 0.2442101544 0)
(-0.04863861561 0.2441625227 0)
(-0.04738315634 0.2425901348 0)
(-0.0450895802 0.2398421173 0)
(-0.04188145481 0.2361944239 0)
(-0.03788199256 0.2318607397 0)
(-0.03320998333 0.2270026439 0)
(-0.02797763644 0.2217386563 0)
(-0.02228971999 0.2161520556 0)
(-0.01624353626 0.2102974932 0)
(-0.009929393778 0.2042065128 0)
(-0.003431394184 0.1978920866 0)
(0.003171687426 0.1913522679 0)
(0.009805429852 0.1845731983 0)
(0.01639910115 0.1775315375 0)
(0.02288465025 0.17019636 0)
(0.02919604408 0.1625306839 0)
(0.03526860162 0.1544926659 0)
(0.04103844704 0.1460364823 0)
(0.04644205503 0.1371129714 0)
(0.05141584918 0.1276700809 0)
(0.05589587528 0.1176531546 0)
(0.05981754165 0.10700505 0)
(0.06311541457 0.09566610136 0)
(0.06572306343 0.08357394713 0)
(0.06757296647 0.07066322379 0)
(0.06859648651 0.05686512243 0)
(0.06872392899 0.04210680586 0)
(0.06788473668 0.02631068558 0)
(0.06600816434 0.009393520118 0)
(0.06302356868 -0.008734820609 0)
(0.05886099352 -0.02817179431 0)
(0.05345420644 -0.04902405841 0)
(0.04674288564 -0.07140769508 0)
(0.03867656406 -0.09544843554 0)
(0.02922106341 -0.1212803427 0)
(0.01836781476 -0.1490412607 0)
(0.006147592464 -0.1788629639 0)
(-0.007350889045 -0.2108525325 0)
(-0.02195388485 -0.245058709 0)
(-0.03736852568 -0.2814150724 0)
(-0.05314071539 -0.3196527285 0)
(-0.06861108472 -0.3591720163 0)
(-0.08287859937 -0.3988706678 0)
(-0.0947931011 -0.4369405202 0)
(-0.1030074666 -0.4706698456 0)
(-0.1061258269 -0.4963266369 0)
(-0.1029733743 -0.5092292538 0)
(-0.09297802446 -0.5041137618 0)
(-0.07658640481 -0.4758434134 0)
(-0.05555376322 -0.4203598204 0)
(-0.032983251 -0.335585596 0)
(-0.01336482229 -0.2218757808 0)
(-0.001169544915 -0.08173694173 0)
(-0.000337431866 0.02985979226 0)
(-0.004246844692 0.08205696873 0)
(-0.01082519039 0.1259597571 0)
(-0.01883711738 0.1614776428 0)
(-0.02708260118 0.189169787 0)
(-0.03473627071 0.209931786 0)
(-0.04123998064 0.2247907652 0)
(-0.04626440987 0.2347708783 0)
(-0.04966170527 0.2408145269 0)
(-0.05141421237 0.2437449724 0)
(-0.05159045073 0.2442556835 0)
(-0.05031105816 0.2429150161 0)
(-0.04772407502 0.2401785659 0)
(-0.04398802719 0.2364044595 0)
(-0.03926104548 0.2318688806 0)
(-0.03369439935 0.2267804414 0)
(-0.02742911674 0.2212928044 0)
(-0.02059466455 0.2155153971 0)
(-0.01330893671 0.2095223132 0)
(-0.005679009205 0.2033595725 0)
(0.002197676469 0.1970509847 0)
(0.01023189133 0.1906028356 0)
(0.01834145539 0.184007586 0)
(0.02644978654 0.1772468611 0)
(0.03448471524 0.1702938021 0)
(0.04237737219 0.1631148862 0)
(0.05006126337 0.1556713044 0)
(0.0574714438 0.1479200472 0)
(0.06454382561 0.1398147035 0)
(0.0712145884 0.1313060189 0)
(0.07741967044 0.1223422677 0)
(0.08309433897 0.1128694659 0)
(0.08817282835 0.1028314307 0)
(0.09258803016 0.09216969371 0)
(0.09627122777 0.08082327906 0)
(0.09915187627 0.06872834182 0)
(0.1011574313 0.05581765748 0)
(0.102213233 0.04201994607 0)
(0.1022424721 0.02725901212 0)
(0.1011664787 0.01145264839 0)
(0.09890503303 -0.00548888635 0)
(0.09537595028 -0.02366390728 0)
(0.09049774212 -0.04318175573 0)
(0.0841911428 -0.06416419597 0)
(0.07638182319 -0.08674728523 0)
(0.06700558866 -0.1110824825 0)
(0.05601614627 -0.1373358281 0)
(0.04339702068 -0.1656831957 0)
(0.02917917637 -0.1962983849 0)
(0.01346688714 -0.2293275172 0)
(-0.003527451037 -0.2648423584 0)
(-0.0214353314 -0.3027605406 0)
(-0.03967589852 -0.3427177436 0)
(-0.05739686109 -0.3838831999 0)
(-0.07343352754 -0.4247159089 0)
(-0.08631803091 -0.4626874315 0)
(-0.09438921172 -0.4940462684 0)
(-0.09605161288 -0.5137501276 0)
(-0.0902059708 -0.5157298831 0)
(-0.07679262692 -0.4936107976 0)
(-0.05726462932 -0.441854437 0)
(-0.03479463668 -0.3570138728 0)
(-0.01440014207 -0.2385634365 0)
(-0.001314048042 -0.08882471689 0)
(-0.0004448403794 0.03225035779 0)
(-0.00531826494 0.08795204039 0)
(-0.01328943774 0.1339340029 0)
(-0.02272670655 0.1701953116 0)
(-0.03211574497 0.1975675766 0)
(-0.04048001677 0.2172621619 0)
(-0.04721220769 0.2305946722 0)
(-0.05200000542 0.238820775 0)
(-0.0547499271 0.2430519729 0)
(-0.0555145728 0.2442251828 0)
(-0.05443491682 0.2431035827 0)
(-0.05169863457 0.2402930107 0)
(-0.0475118449 0.2362643761 0)
(-0.04208116337 0.2313768129 0)
(-0.03560319759 0.2258989672 0)
(-0.02825913949 0.2200273906 0)
(-0.02021269681 0.2139018473 0)
(-0.01161008881 0.2076177318 0)
(-0.002581249642 0.2012359586 0)
(0.00675836163 0.1947907457 0)
(0.01630571919 0.1882956988 0)
(0.02596838469 0.1817485046 0)
(0.03566236873 0.1751346566 0)
(0.04531041664 0.1684302937 0)
(0.05484043357 0.1616043573 0)
(0.06418413173 0.1546202545 0)
(0.07327587391 0.1474370934 0)
(0.08205168231 0.1400106159 0)
(0.09044840427 0.1322938711 0)
(0.0984030033 0.1242376725 0)
(0.1058519516 0.1157908831 0)
(0.1127307094 0.1069005527 0)
(0.1189732735 0.09751191667 0)
(0.1245117783 0.08756826337 0)
(0.1292761363 0.07701067154 0)
(0.1331937114 0.0657776106 0)
(0.1361890241 0.05380438714 0)
(0.1381834864 0.04102241173 0)
(0.1390951753 0.02735825208 0)
(0.1388387919 0.0127324098 0)
(0.1373259292 -0.002942371613 0)
(0.1344639143 -0.01976268567 0)
(0.130157927 -0.03783725596 0)
(0.1243119639 -0.05728930949 0)
(0.1168303418 -0.07825982144 0)
(0.1076215432 -0.10091077 0)
(0.09660422682 -0.1254276175 0)
(0.08371693391 -0.1520194586 0)
(0.06893335839 -0.1809139269 0)
(0.05228581942 -0.2123414019 0)
(0.03389980793 -0.2465003615 0)
(0.01404339957 -0.2834902445 0)
(-0.006809686273 -0.3231955704 0)
(-0.02789898581 -0.3650974077 0)
(-0.04810328452 -0.4080033703 0)
(-0.06589593823 -0.4496989948 0)
(-0.07939637055 -0.4865813145 0)
(-0.08658616639 -0.5134085415 0)
(-0.08575829645 -0.5233828846 0)
(-0.07618501433 -0.5087979637 0)
(-0.05882167348 -0.4623332738 0)
(-0.03677533936 -0.3787264532 0)
(-0.01561329692 -0.2561471166 0)
(-0.001493491495 -0.09651233273 0)
(-0.0005980906704 0.03527817283 0)
(-0.006748763603 0.09521088534 0)
(-0.0164741973 0.1434815727 0)
(-0.02761080747 0.180298781 0)
(-0.03825450937 0.2069270873 0)
(-0.04727440116 0.2250306664 0)
(-0.05404279142 0.2363088093 0)
(-0.05830403782 0.2423044305 0)
(-0.06005775825 0.2443240851 0)
(-0.05945904005 0.2434248483 0)
(-0.05674549559 0.2404349681 0)
(-0.05218850151 0.2359877341 0)
(-0.04606274896 0.2305575345 0)
(-0.03862877201 0.2244928974 0)
(-0.03012416761 0.218044534 0)
(-0.02076032449 0.2113881317 0)
(-0.01072247964 0.2046423968 0)
(-0.000171642741 0.1978830128 0)
(0.0107525378 0.1911533101 0)
(0.02192885703 0.1844723049 0)
(0.03325152367 0.1778408346 0)
(0.04462717392 0.171246209 0)
(0.05597233515 0.1646656839 0)
(0.06721120348 0.158069017 0)
(0.07827372442 0.1514203838 0)
(0.08909397564 0.144679799 0)
(0.09960880487 0.1378041505 0)
(0.109756685 0.1307479472 0)
(0.119476756 0.1234638379 0)
(0.1287080171 0.1159029449 0)
(0.1373886384 0.1080150483 0)
(0.1454553667 0.09974864176 0)
(0.1528430057 0.09105087042 0)
(0.1594839468 0.08186735334 0)
(0.1653077366 0.07214188845 0)
(0.1702406673 0.06181602779 0)
(0.1742053838 0.05082850182 0)
(0.1771204988 0.0391144596 0)
(0.1789002116 0.02660447947 0)
(0.1794540051 0.01322328144 0)
(0.1786867961 -0.00111203304 0)
(0.1764973241 -0.01649401102 0)
(0.1727795633 -0.03302775499 0)
(0.1674232489 -0.05083406903 0)
(0.1603142449 -0.07005373916 0)
(0.1513370102 -0.09085252897 0)
(0.1403787323 -0.1134264684 0)
(0.1273365138 -0.138006424 0)
(0.1121295324 -0.1648596994 0)
(0.09471896678 -0.194284156 0)
(0.07513946679 -0.226587019 0)
(0.05354702602 -0.2620350488 0)
(0.03028720491 -0.3007567974 0)
(0.005986335871 -0.3425688124 0)
(-0.01834230583 -0.3866982799 0)
(-0.04119396988 -0.4313741009 0)
(-0.06054620718 -0.4733382055 0)
(-0.07399321701 -0.5073776304 0)
(-0.07916403065 -0.5261356843 0)
(-0.07448595293 -0.5205567966 0)
(-0.0601550208 -0.4812348518 0)
(-0.03898886396 -0.4005338301 0)
(-0.01708408668 -0.2747125588 0)
(-0.001725223388 -0.1049214777 0)
(-0.0008213632292 0.03916806746 0)
(-0.008673177672 0.1042234011 0)
(-0.02058302695 0.1549446931 0)
(-0.03368066198 0.1919660933 0)
(-0.04559486992 0.2172323386 0)
(-0.0550633672 0.2330497708 0)
(-0.06149622033 0.2416187315 0)
(-0.0647576634 0.2448281271 0)
(-0.06499482818 0.2441990179 0)
(-0.06250625025 0.2409054117 0)
(-0.05765399277 0.2358263867 0)
(-0.05081013526 0.2296046107 0)
(-0.04232688262 0.2226999879 0)
(-0.0325220433 0.2154344775 0)
(-0.02167393363 0.2080275488 0)
(-0.01002166233 0.2006234042 0)
(0.002231649607 0.1933114819 0)
(0.01491422762 0.1861415606 0)
(0.02788124019 0.1791346591 0)
(0.04100999457 0.1722912392 0)
(0.05419563281 0.1655970906 0)
(0.0673474256 0.1590275682 0)
(0.0803855933 0.1525506297 0)
(0.09323862372 0.1461290077 0)
(0.1058410319 0.139721769 0)
(0.1181315071 0.1332854212 0)
(0.1300513812 0.1267746822 0)
(0.1415433637 0.1201430052 0)
(0.1525504933 0.1133429148 0)
(0.1630152623 0.1063261968 0)
(0.1728788751 0.09904396856 0)
(0.1820806095 0.09144664796 0)
(0.1905572531 0.08348382788 0)
(0.1982425922 0.07510405597 0)
(0.2050669315 0.06625451305 0)
(0.2109566299 0.05688057474 0)
(0.2158336383 0.04692523117 0)
(0.2196150285 0.03632832663 0)
(0.2222124964 0.02502556644 0)
(0.2235318697 0.01294721801 0)
(0.2234730553 1.635698353e-05 0)
(0.2219283125 -0.01385345466 0)
(0.2187827503 -0.02876105393 0)
(0.2139145925 -0.04482136608 0)
(0.2071945221 -0.06217035768 0)
(0.1984868011 -0.08097129622 0)
(0.1876515174 -0.1014222196 0)
(0.1745490978 -0.1237641688 0)
(0.1590488651 -0.1482887594 0)
(0.1410443693 -0.1753417659 0)
(0.1204796365 -0.2053161107 0)
(0.09739224591 -0.2386220254 0)
(0.07198034353 -0.2756140577 0)
(0.04470066611 -0.3164433128 0)
(0.0163990272 -0.3607946514 0)
(-0.01154372151 -0.4074670663 0)
(-0.03707407939 -0.4537561962 0)
(-0.05748799891 -0.4947712526 0)
(-0.06974353762 -0.522886395 0)
(-0.07125182336 -0.527809166 0)
(-0.06111504887 -0.4977922353 0)
(-0.04150395163 -0.4221521287 0)
(-0.01893061145 -0.2943724178 0)
(-0.002037972023 -0.1142319243 0)
(-0.001155170788 0.04423862819 0)
(-0.01128803409 0.1154824821 0)
(-0.02587055507 0.1686850599 0)
(-0.04111452699 0.2052918552 0)
(-0.05412285361 0.2283043298 0)
(-0.06357614044 0.2409251522 0)
(-0.0690267927 0.245991336 0)
(-0.07055417855 0.245790033 0)
(-0.06852542163 0.2420603707 0)
(-0.06343107039 0.2360731359 0)
(-0.05578635693 0.2287296471 0)
(-0.04607823387 0.2206530694 0)
(-0.03474078733 0.2122633611 0)
(-0.02214737137 0.2038351311 0)
(-0.008611830899 0.1955404097 0)
(0.005605907497 0.1874797693 0)
(0.02029196761 0.1797045239 0)
(0.03527169057 0.1722319778 0)
(0.05040185201 0.1650565258 0)
(0.06556439287 0.1581572204 0)
(0.08066094196 0.1515029476 0)
(0.09560826349 0.1450559714 0)
(0.1103344998 0.1387743472 0)
(0.1247761016 0.1326135495 0)
(0.1388753335 0.1265275613 0)
(0.1525782549 0.120469586 0)
(0.1658330859 0.1143924959 0)
(0.1785888789 0.1082490966 0)
(0.1907944342 0.1019922561 0)
(0.2023974039 0.09557493254 0)
(0.2133435387 0.08895012226 0)
(0.2235760428 0.08207073712 0)
(0.2330350029 0.07488941521 0)
(0.241656868 0.06735826039 0)
(0.2493739547 0.05942850015 0)
(0.2561139604 0.05105004373 0)
(0.2617994673 0.04217091235 0)
(0.2663474194 0.03273650098 0)
(0.2696685528 0.02268861479 0)
(0.2716667797 0.011964204 0)
(0.27223891 0.0004936659698 0)
(0.2712729586 -0.01180155211 0)
(0.2686478378 -0.02501179349 0)
(0.2642332987 -0.03924312992 0)
(0.2578884799 -0.05462266109 0)
(0.2494617601 -0.07130552741 0)
(0.238791202 -0.08948384692 0)
(0.2257063959 -0.1093976524 0)
(0.2100331775 -0.131347268 0)
(0.1916036429 -0.1557051382 0)
(0.1702754923 -0.1829223157 0)
(0.1459670884 -0.2135195507 0)
(0.1187173905 -0.2480441101 0)
(0.08878240322 -0.2869597424 0)
(0.05677878076 -0.3304202714 0)
(0.02387386134 -0.3778622433 0)
(-0.00800526322 -0.4273551585 0)
(-0.03601036313 -0.4746762003 0)
(-0.05650559614 -0.5123555668 0)
(-0.06576150825 -0.5291749806 0)
(-0.06139004277 -0.5109284551 0)
(-0.04436884072 -0.443126196 0)
(-0.02132503934 -0.315258519 0)
(-0.002480294434 -0.1247121451 0)
(-0.001669163857 0.05095192867 0)
(-0.01488160494 0.1296002763 0)
(-0.03263532293 0.185029562 0)
(-0.05000449996 0.220180791 0)
(-0.06357270937 0.2396748616 0)
(-0.07213059146 0.2479354554 0)
(-0.0755465199 0.2485748831 0)
(-0.07424987478 0.2443055868 0)
(-0.06891707026 0.2370574039 0)
(-0.06028156995 0.2281508791 0)
(-0.04903501012 0.2184609945 0)
(-0.03578449233 0.2085490672 0)
(-0.02104062592 0.1987613332 0)
(-0.005221451555 0.189299571 0)
(0.01133683652 0.1802699594 0)
(0.02836662805 0.1717165176 0)
(0.04565709244 0.1636434299 0)
(0.06304189671 0.1560300617 0)
(0.08038961751 0.1488407976 0)
(0.09759564098 0.1420313167 0)
(0.1145755971 0.1355526272 0)
(0.131260105 0.1293536003 0)
(0.1475905945 0.1233825249 0)
(0.163516 0.1175880246 0)
(0.1789901491 0.111919567 0)
(0.1939697018 0.1063277104 0)
(0.2084125188 0.1007641842 0)
(0.2222763619 0.09518186398 0)
(0.2355178514 0.08953467678 0)
(0.2480916154 0.08377745901 0)
(0.2599495841 0.0778657769 0)
(0.2710403872 0.07175571321 0)
(0.2813088223 0.06540361674 0)
(0.2906953664 0.05876580635 0)
(0.299135706 0.05179821544 0)
(0.3065602666 0.04445595632 0)
(0.3128937198 0.03669277487 0)
(0.3180544494 0.02846035404 0)
(0.3219539506 0.01970740865 0)
(0.3244961477 0.01037849478 0)
(0.325576934 0.0004124208607 0)
(0.3250825059 -0.01026007561 0)
(0.3228885454 -0.02171904199 0)
(0.3188597203 -0.03405925346 0)
(0.3128476402 -0.04739555789 0)
(0.3046895958 -0.06187013283 0)
(0.2942073541 -0.07766214607 0)
(0.2812064732 -0.09500032631 0)
(0.2654772004 -0.1141786695 0)
(0.2467988441 -0.1355746384 0)
(0.2249511017 -0.1596671691 0)
(0.1997384493 -0.187047472 0)
(0.1710375496 -0.2184073554 0)
(0.1388825671 -0.2544752548 0)
(0.1036074024 -0.2958477573 0)
(0.06606154856 -0.3426353331 0)
(0.02789704793 -0.3938168373 0)
(-0.008132865489 -0.446218374 0)
(-0.03800362578 -0.4931000201 0)
(-0.05683789315 -0.5228934153 0)
(-0.06035050571 -0.5191011602 0)
(-0.04754204628 -0.4626886697 0)
(-0.02450916708 -0.3374874536 0)
(-0.003134774358 -0.1367645739 0)
(-0.002485302893 0.05999441857 0)
(-0.01987126739 0.1473056858 0)
(-0.0411687781 0.2041450413 0)
(-0.06018182789 0.2361542278 0)
(-0.07314361332 0.2503852084 0)
(-0.07927808346 0.2528608523 0)
(-0.07903636728 0.2480728014 0)
(-0.07337266574 0.2391274525 0)
(-0.06336821941 0.2280649839 0)
(-0.05003898788 0.2161695623 0)
(-0.03425795232 0.2042158438 0)
(-0.01673814696 0.1926460377 0)
(0.001956371562 0.1816910883 0)
(0.02138829154 0.1714513072 0)
(0.04122438614 0.1619478721 0)
(0.06121325109 0.1531563239 0)
(0.08116630633 0.1450270339 0)
(0.1009425014 0.1374978621 0)
(0.1204362605 0.13050162 0)
(0.1395680111 0.1239703807 0)
(0.1582768755 0.1178378413 0)
(0.1765150683 0.1120404966 0)
(0.1942436117 0.1065181072 0)
(0.2114290658 0.1012137643 0)
(0.2280410304 0.09607373401 0)
(0.2440502317 0.09104719246 0)
(0.2594270502 0.08608591343 0)
(0.2741403776 0.08114394468 0)
(0.2881567209 0.07617728874 0)
(0.3014394852 0.07114359409 0)
(0.3139483878 0.06600185538 0)
(0.3256389607 0.06071211685 0)
(0.3364621118 0.05523516924 0)
(0.3463637167 0.04953222704 0)
(0.3552842183 0.04356456914 0)
(0.3631582132 0.03729312033 0)
(0.3699140043 0.03067794388 0)
(0.3754730975 0.02367760453 0)
(0.3797496126 0.01624834662 0)
(0.3826495924 0.008343013672 0)
(0.3840703905 -9.038415466e-05 0)
(0.3838991404 -0.009110802413 0)
(0.3820114733 -0.01878665345 0)
(0.3782707303 -0.02919957209 0)
(0.3725254177 -0.04044950497 0)
(0.3646070319 -0.05266174521 0)
(0.3543274198 -0.06599659744 0)
(0.3414758292 -0.08066248254 0)
(0.3258162371 -0.09693333418 0)
(0.3070861637 -0.1151708296 0)
(0.2849995412 -0.1358508593 0)
(0.2592587149 -0.159590682 0)
(0.2295849254 -0.1871666341 0)
(0.1957832609 -0.2194990058 0)
(0.1578668201 -0.2575566416 0)
(0.1162724688 -0.3020950003 0)
(0.07219721792 -0.3530902011 0)
(0.02804448484 -0.4086934751 0)
(-0.01214477792 -0.4635821234 0)
(-0.04257160335 -0.5067613497 0)
(-0.05676247297 -0.5200877482 0)
(-0.05072450696 -0.4795137231 0)
(-0.02879383814 -0.3610735513 0)
(-0.004143911225 -0.1510015897 0)
(-0.003819995955 0.07240620038 0)
(-0.02682838763 0.169380122 0)
(-0.05157817223 0.2257687062 0)
(-0.07081437087 0.2520091597 0)
(-0.08093827476 0.2586787503 0)
(-0.0821675362 0.2537571237 0)
(-0.07590553447 0.2426074383 0)
(-0.06382376374 0.2285873076 0)
(-0.04747903818 0.2136852413 0)
(-0.0281690414 0.1990120065 0)
(-0.00691211981 0.1851396524 0)
(0.01552291816 0.1723210322 0)
(0.03856928638 0.1606260934 0)
(0.06182001824 0.1500257334 0)
(0.08498618743 0.1404411412 0)
(0.1078662962 0.1317720591 0)
(0.1303219066 0.1239124656 0)
(0.1522594605 0.1167588963 0)
(0.1736167641 0.1102143906 0)
(0.1943530296 0.1041900062 0)
(0.2144415953 0.09860501224 0)
(0.2338646212 0.09338641187 0)
(0.2526092259 0.08846816759 0)
(0.2706646734 0.08379033725 0)
(0.2880203194 0.07929822836 0)
(0.3046641067 0.07494162145 0)
(0.3205814566 0.07067408126 0)
(0.3357544441 0.06645235636 0)
(0.3501611751 0.06223585937 0)
(0.3637753055 0.05798621488 0)
(0.376565656 0.05366686078 0)
(0.3884958891 0.04924268736 0)
(0.3995242199 0.04467969825 0)
(0.4096031387 0.03994467556 0)
(0.418679124 0.03500482992 0)
(0.4266923292 0.02982741205 0)
(0.4335762203 0.02437925706 0)
(0.4392571438 0.01862622342 0)
(0.4436537941 0.01253247634 0)
(0.4466765662 0.0060595482 0)
(0.4482268465 -0.0008349015118 0)
(0.4481956072 -0.008198930969 0)
(0.446461954 -0.01608850056 0)
(0.4428919686 -0.02457092047 0)
(0.4373358886 -0.03372940077 0)
(0.4296252115 -0.04366946098 0)
(0.4195688921 -0.0545279495 0)
(0.4069485001 -0.0664856383 0)
(0.3915124431 -0.07978465466 0)
(0.3729697109 -0.0947521796 0)
(0.3509845603 -0.1118315873 0)
(0.3251755872 -0.1316207908 0)
(0.2951265746 -0.1549134272 0)
(0.2604236369 -0.18272854 0)
(0.2207448905 -0.2162930924 0)
(0.1760452607 -0.2569005101 0)
(0.1268949218 -0.3054986463 0)
(0.07502394718 -0.3617651607 0)
(0.02404389117 -0.4223564201 0)
(-0.01991689615 -0.4781460362 0)
(-0.04828122727 -0.5107240422 0)
(-0.05298039117 -0.4912950038 0)
(-0.03449049551 -0.3857040148 0)
(-0.005765348612 -0.1683659281 0)
(-0.006042273218 0.089739635 0)
(-0.03639854428 0.196402733 0)
(-0.06326151646 0.2486482056 0)
(-0.07949548022 0.26524236 0)
(-0.08286163797 0.2615690084 0)
(-0.07542713633 0.2477070983 0)
(-0.05996887019 0.229633608 0)
(-0.03900849063 0.21063048 0)
(-0.01455475557 0.1923614399 0)
(0.01190704039 0.1755711962 0)
(0.03932256005 0.1605056444 0)
(0.06697644659 0.1471543876 0)
(0.09439401236 0.1353881748 0)
(0.1212720628 0.1250314187 0)
(0.1474247143 0.1159001512 0)
(0.1727454101 0.1078199767 0)
(0.1971798385 0.1006336138 0)
(0.2207071749 0.09420287721 0)
(0.2433271921 0.08840793482 0)
(0.2650514629 0.08314539953 0)
(0.2858973941 0.07832606102 0)
(0.3058842012 0.07387265484 0)
(0.3250302054 0.06971784689 0)
(0.343351027 0.065802494 0)
(0.3608583857 0.06207418239 0)
(0.3775593098 0.05848601934 0)
(0.3934556179 0.05499564261 0)
(0.4085435816 0.05156441116 0)
(0.4228137055 0.04815674263 0)
(0.436250579 0.04473956672 0)
(0.4488327703 0.04128186764 0)
(0.460532737 0.03775429169 0)
(0.4713167368 0.03412879851 0)
(0.4811447226 0.03037833559 0)
(0.4899702069 0.02647651522 0)
(0.4977400821 0.02239727139 0)
(0.504394378 0.01811446981 0)
(0.5098659362 0.01360143784 0)
(0.5140799704 0.008830371129 0)
(0.5169535072 0.003771560131 0)
(0.5183946587 -0.001607621328 0)
(0.518301289 -0.007344222692 0)
(0.516559718 -0.0134815499 0)
(0.5130431227 -0.02007211871 0)
(0.5076086689 -0.02718146732 0)
(0.5000941182 -0.03489361648 0)
(0.490313193 -0.04331889676 0)
(0.4780493214 -0.05260512103 0)
(0.4630474236 -0.06295352943 0)
(0.4450034676 -0.07464143385 0)
(0.4235519895 -0.08805394299 0)
(0.3982530371 -0.1037271642 0)
(0.3685829246 -0.1224038066 0)
(0.3339393762 -0.1450966727 0)
(0.2936837069 -0.173140791 0)
(0.2472640257 -0.2081803891 0)
(0.1944960275 -0.25196464 0)
(0.1361127435 -0.3056937723 0)
(0.07468683704 -0.3684618299 0)
(0.01585766613 -0.4341888033 0)
(-0.03059284749 -0.4866592948 0)
(-0.05189354562 -0.4940186627 0)
(-0.04159026409 -0.4100606631 0)
(-0.008420130924 -0.190073822 0)
(-0.009615281182 0.1141403912 0)
(-0.04873995365 0.2279730221 0)
(-0.07342799125 0.2693827465 0)
(-0.08020693636 0.2711116272 0)
(-0.07050472348 0.2543145057 0)
(-0.04927370293 0.2306725173 0)
(-0.02091949509 0.2060585553 0)
(0.01130028548 0.1830933203 0)
(0.04516684517 0.1627287442 0)
(0.07927304058 0.1451168588 0)
(0.1127644205 0.1300640443 0)
(0.1451571204 0.1172499148 0)
(0.1762033517 0.1063336404 0)
(0.2058022679 0.09699922433 0)
(0.2339405564 0.08897195555 0)
(0.2606545925 0.08202060301 0)
(0.2860065656 0.07595372138 0)
(0.3100697475 0.07061391879 0)
(0.3329195976 0.06587191268 0)
(0.3546285346 0.06162115443 0)
(0.3752629851 0.05777327311 0)
(0.3948818246 0.05425434845 0)
(0.4135356552 0.05100192436 0)
(0.4312665714 0.04796264498 0)
(0.4481082036 0.04509039565 0)
(0.4640859055 0.04234484554 0)
(0.4792170092 0.03969030487 0)
(0.4935111011 0.03709482688 0)
(0.5069702899 0.03452949805 0)
(0.519589453 0.03196787229 0)
(0.5313564499 0.02938551313 0)
(0.5422522991 0.02675961549 0)
(0.5522513118 0.0240686824 0)
(0.561321178 0.02129223588 0)
(0.5694229996 0.01841054168 0)
(0.5765112612 0.01540432773 0)
(0.582533725 0.01225447325 0)
(0.5874312321 0.008941641802 0)
(0.5911373814 0.005445823615 0)
(0.5935780907 0.001745744576 0)
(0.5946709154 -0.002181886305 0)
(0.5943238255 -0.006363540686 0)
(0.5924341807 -0.01083033124 0)
(0.5888868172 -0.01562029756 0)
(0.5835512925 -0.02078136673 0)
(0.5762782706 -0.02637564264 0)
(0.5668944508 -0.03248563617 0)
(0.5551954947 -0.03922330817 0)
(0.5409362524 -0.04674328088 0)
(0.5238174065 -0.05526222494 0)
(0.5034676038 -0.0650873075 0)
(0.4794205162 -0.07665762379 0)
(0.4510877118 -0.09060331633 0)
(0.4177321986 -0.1078262551 0)
(0.378456993 -0.1296000185 0)
(0.3322435673 -0.157666344 0)
(0.278115211 -0.194249716 0)
(0.2155680141 -0.2417810338 0)
(0.1454942375 -0.3018529798 0)
(0.07184299156 -0.3724831052 0)
(0.003976818353 -0.442321257 0)
(-0.04170470992 -0.4809243183 0)
(-0.0485861969 -0.4304804302 0)
(-0.01244350246 -0.217091478 0)
(-0.01460407259 0.1488834808 0)
(-0.0612735713 0.260973459 0)
(-0.07310100528 0.2801775106 0)
(-0.05886497332 0.2612831014 0)
(-0.02725503294 0.2300554741 0)
(0.01342537343 0.1977961015 0)
(0.0576280206 0.1688948657 0)
(0.1020709603 0.1444743544 0)
(0.1449869246 0.124365615 0)
(0.1855430816 0.1079737983 0)
(0.2234356819 0.094630814 0)
(0.2586500871 0.08372723979 0)
(0.2913177742 0.07475404212 0)
(0.3216341073 0.06730333338 0)
(0.3498128767 0.06105479627 0)
(0.3760627612 0.05575897422 0)
(0.4005760884 0.05122184518 0)
(0.4235243556 0.04729197276 0)
(0.445057327 0.04385034217 0)
(0.4653038918 0.04080254477 0)
(0.4843736813 0.03807285795 0)
(0.5023589145 0.03559979297 0)
(0.5193362063 0.03333275593 0)
(0.5353682168 0.03122954266 0)
(0.5505050991 0.02925445482 0)
(0.5647857415 0.02737687762 0)
(0.5782388197 0.0255702007 0)
(0.5908836797 0.02381099422 0)
(0.6027310758 0.02207837501 0)
(0.6137837837 0.02035351375 0)
(0.6240371065 0.01861924659 0)
(0.633479289 0.01685976248 0)
(0.6420918497 0.01506034386 0)
(0.6498498368 0.01320714179 0)
(0.6567220116 0.01128696868 0)
(0.6626709566 0.009287092478 0)
(0.6676530996 0.007195015014 0)
(0.6716186411 0.004998214702 0)
(0.6745113566 0.002683829984 0)
(0.6762683004 0.000238258902 0)
(0.6768191593 -0.00235333501 0)
(0.6760853875 -0.005107874722 0)
(0.6739792373 -0.008045408305 0)
(0.670401873 -0.01119065317 0)
(0.6652408593 -0.01457506263 0)
(0.658366637 -0.01823984103 0)
(0.6496274908 -0.02224035409 0)
(0.6388423691 -0.02665261184 0)
(0.6257906459 -0.03158291278 0)
(0.6101975304 -0.0371823608 0)
(0.5917133592 -0.04366893592 0)
(0.5698845281 -0.05136127689 0)
(0.5441136542 -0.06073043316 0)
(0.513607599 -0.07247838807 0)
(0.477316532 -0.08765383754 0)
(0.4338806577 -0.1078116828 0)
(0.3816351887 -0.1351981794 0)
(0.318799844 -0.1728589379 0)
(0.2441269533 -0.2243269539 0)
(0.1585321527 -0.2919594792 0)
(0.06840750478 -0.3718136181 0)
(-0.009843920133 -0.4416622302 0)
(-0.04935553408 -0.4399163993 0)
(-0.01775871906 -0.2519166115 0)
(-0.01997499849 0.2003378614 0)
(-0.06148046609 0.2857785574 0)
(-0.0370067877 0.2655807419 0)
(0.01576479396 0.2232186761 0)
(0.07800311491 0.1809660946 0)
(0.1406972242 0.145244913 0)
(0.199618614 0.1171403145 0)
(0.2531172619 0.09560364541 0)
(0.300965582 0.07918787072 0)
(0.3435662168 0.06662672037 0)
(0.3815283618 0.05692645154 0)
(0.4154869449 0.0493407292 0)
(0.4460270977 0.04332312916 0)
(0.4736566536 0.03847753436 0)
(0.4988028538 0.03451668543 0)
(0.5218195655 0.03123105328 0)
(0.5429976595 0.02846639273 0)
(0.5625754369 0.02610780985 0)
(0.5807479241 0.02406854994 0)
(0.597674681 0.02228212803 0)
(0.6134861524 0.02069679117 0)
(0.6282887457 0.01927159946 0)
(0.6421688565 0.01797363298 0)
(0.6551960497 0.01677598475 0)
(0.6674255726 0.015656306 0)
(0.678900346 0.01459574209 0)
(0.6896525478 0.01357814732 0)
(0.6997048795 0.01258949977 0)
(0.7090715836 0.01161746112 0)
(0.7177592667 0.01065104133 0)
(0.7257675671 0.009680339724 0)
(0.7330896971 0.008696340722 0)
(0.7397128826 0.007690748092 0)
(0.7456187129 0.006655844235 0)
(0.7507834122 0.005584363531 0)
(0.7551780326 0.004469368893 0)
(0.7587685679 0.003304121095 0)
(0.7615159757 0.002081928981 0)
(0.763376091 0.0007959678214 0)
(0.7642994634 -0.0005609240699 0)
(0.764230735 -0.001996594019 0)
(0.7631083501 -0.003520035144 0)
(0.7608633822 -0.005142011504 0)
(0.7574180719 -0.00687592449 0)
(0.7526836959 -0.008739024646 0)
(0.7465574858 -0.01075417904 0)
(0.7389181756 -0.0129524635 0)
(0.7296195469 -0.01537700846 0)
(0.718481036 -0.01808880049 0)
(0.7052739873 -0.02117559264 0)
(0.6897014194 -0.02476584269 0)
(0.6713681133 -0.02905091253 0)
(0.6497363747 -0.03432100384 0)
(0.6240610921 -0.04102405965 0)
(0.5932965215 -0.04986282792 0)
(0.5559694837 -0.06195351762 0)
(0.5100277282 -0.07907612966 0)
(0.452719734 -0.1040323308 0)
(0.3807003598 -0.1410191082 0)
(0.2909295161 -0.1954917207 0)
(0.1835469411 -0.2716565683 0)
(0.06788245821 -0.362737474 0)
(-0.02700152397 -0.4233959692 0)
(-0.02430801909 -0.3009175194 0)
(-0.008717178797 0.2514971435 0)
(0.000498058491 0.2721429274 0)
(0.1011417597 0.2051986283 0)
(0.2070868814 0.1491240923 0)
(0.2973618413 0.1073910083 0)
(0.3723830849 0.07781581654 0)
(0.4343223314 0.0576466842 0)
(0.4853470353 0.04393983694 0)
(0.5276920033 0.03447735466 0)
(0.5632761424 0.02781025353 0)
(0.5935866912 0.02300405956 0)
(0.6197530288 0.01945212263 0)
(0.6426305638 0.01676036324 0)
(0.6628660241 0.01467077832 0)
(0.6809500128 0.01301173937 0)
(0.697257623 0.01166688794 0)
(0.7120782788 0.01055571521 0)
(0.7256373562 0.009621302218 0)
(0.738111865 0.008822505687 0)
(0.7496418432 0.008128920331 0)
(0.76033867 0.007517582156 0)
(0.7702911729 0.006970775698 0)
(0.7795701558 0.006474551384 0)
(0.7882317866 0.00601770694 0)
(0.7963201576 0.005591076519 0)
(0.8038692416 0.005187027397 0)
(0.8109044015 0.004799098544 0)
(0.8174435685 0.0044217378 0)
(0.8234981721 0.004050108087 0)
(0.8290738807 0.003679942708 0)
(0.8341711981 0.003307435346 0)
(0.8387859471 0.002929154797 0)
(0.8429096622 0.002541976599 0)
(0.8465299085 0.002143025863 0)
(0.8496305343 0.001729626092 0)
(0.8521918642 0.001299249694 0)
(0.8541908299 0.0008494655092 0)
(0.8556010316 0.0003778796107 0)
(0.8563927417 -0.0001179272097 0)
(0.8565327301 -0.0006404892694 0)
(0.8559841032 -0.001192634928 0)
(0.8547058686 -0.001777643744 0)
(0.8526522002 -0.002399495484 0)
(0.8497714112 -0.003063225592 0)
(0.8460044193 -0.003775428299 0)
(0.841282502 -0.004544982208 0)
(0.8355240248 -0.005384116323 0)
(0.8286296529 -0.006310002845 0)
(0.8204752993 -0.007347188213 0)
(0.8109016354 -0.008531394266 0)
(0.7996982923 -0.009915623656 0)
(0.7865797181 -0.01158025384 0)
(0.7711477175 -0.01365023639 0)
(0.7528324728 -0.01632529979 0)
(0.7307985975 -0.01993450895 0)
(0.7037947423 -0.02503714727 0)
(0.6699145584 -0.0326117125 0)
(0.6262289874 -0.04440762699 0)
(0.5682828306 -0.0635665814 0)
(0.489656219 -0.09553617962 0)
(0.3821122213 -0.1486653441 0)
(0.237614669 -0.2317113621 0)
(0.06799204908 -0.3350605261 0)
(-0.00435624225 -0.3209759581 0)
(0.2405288016 0.124165666 0)
(0.3465087533 0.1052040676 0)
(0.5045096996 0.05687098477 0)
(0.6214691905 0.0314160421 0)
(0.6951908314 0.01855772455 0)
(0.7451000466 0.01113155477 0)
(0.7808260789 0.006839601587 0)
(0.807066129 0.004409596618 0)
(0.8269838005 0.003003257731 0)
(0.8426581143 0.002158945397 0)
(0.8553825055 0.001633730296 0)
(0.8659855251 0.001293614425 0)
(0.8750185549 0.001063171619 0)
(0.8828567472 0.0008997933041 0)
(0.8897612515 0.0007789291126 0)
(0.8959186127 0.0006859955823 0)
(0.9014652657 0.0006120525637 0)
(0.9065030325 0.0005514316598 0)
(0.911109217 0.000500403744 0)
(0.9153433239 0.0004564206812 0)
(0.9192516157 0.0004176756196 0)
(0.9228702713 0.0003828414312 0)
(0.9262276186 0.0003509109513 0)
(0.9293457435 0.0003210968955 0)
(0.9322416697 0.0002927674855 0)
(0.9349282393 0.0002654040463 0)
(0.9374147802 0.0002385723758 0)
(0.9397076202 0.000211903044 0)
(0.9418104898 0.0001850775029 0)
(0.9437248415 0.0001578181375 0)
(0.9454501072 0.0001298809022 0)
(0.9469839077 0.0001010497443 0)
(0.9483222243 7.113210286e-05 0)
(0.9494595408 3.995507681e-05 0)
(0.9503889573 7.361765874e-06 0)
(0.9511022799 -2.679252556e-05 0)
(0.9515900857 -6.264482534e-05 0)
(0.9518417603 -0.0001003296811 0)
(0.9518454985 -0.0001399833146 0)
(0.9515882796 -0.0001817511516 0)
(0.9510557625 -0.0002258147714 0)
(0.9502320886 -0.0002724036651 0)
(0.9490996034 -0.0003218169148 0)
(0.9476384161 -0.000374461621 0)
(0.9458257372 -0.0004309054143 0)
(0.9436349092 -0.0004919505821 0)
(0.9410339861 -0.0005587435657 0)
(0.9379836486 -0.0006329402067 0)
(0.9344341122 -0.0007169626075 0)
(0.9303204789 -0.0008144127694 0)
(0.9255556153 -0.0009307662242 0)
(0.9200189723 -0.001074587548 0)
(0.9135385241 -0.001259760636 0)
(0.9058606252 -0.001509771319 0)
(0.8965978932 -0.001866287618 0)
(0.8851358059 -0.002406974944 0)
(0.8704592446 -0.003283542175 0)
(0.8508198905 -0.004805409628 0)
(0.8230994477 -0.00762473893 0)
(0.7816659845 -0.01308869071 0)
(0.7159084474 -0.02386020495 0)
(0.6034453487 -0.0468582611 0)
(0.418597269 -0.1003904816 0)
(0.2837422484 -0.1401600632 0)
)
;

boundaryField
{
    movingWall
    {
        type            fixedValue;
        value           uniform (1 0 0);
    }
    fixedWalls
    {
        type            noSlip;
    }
    frontAndBack
    {
        type            empty;
    }
}


// ************************************************************************* //
