/*--------------------------------*- C++ -*----------------------------------*\
  =========                 |
  \\      /  F ield         | OpenFOAM: The Open Source CFD Toolbox
   \\    /   O peration     | Website:  https://openfoam.org
    \\  /    A nd           | Version:  11
     \\/     M anipulation  |
\*---------------------------------------------------------------------------*/
FoamFile
{
    format      ascii;
    class       surfaceScalarField;
    location    "600";
    object      phi;
}
// * * * * * * * * * * * * * * * * * * * * * * * * * * * * * * * * * * * * * //

dimensions      [0 3 -1 0 0 0 0];

internalField   nonuniform List<scalar> 
8064
(
2.571455715e-11
-2.573232076e-11
5.774010437e-11
-3.202618257e-11
7.188694039e-11
-1.414775098e-11
5.694080069e-11
1.494520642e-11
9.196809394e-12
4.774312822e-11
-7.111682472e-11
8.031284255e-11
-1.817219121e-10
1.106043488e-10
-3.193676174e-10
1.376450013e-10
-4.804382533e-10
1.610699553e-10
-6.612890558e-10
1.808501378e-10
-8.584251885e-10
1.97135481e-10
-1.068588165e-09
2.101623351e-10
-1.288786282e-09
2.201974845e-10
-1.516290928e-09
2.275040222e-10
-1.748612482e-09
2.323209385e-10
-1.983464821e-09
2.348517297e-10
-2.218724647e-09
2.35259225e-10
-2.452390057e-09
2.336648143e-10
-2.682541514e-09
2.301508675e-10
-2.907307539e-09
2.247654404e-10
-3.124836727e-09
2.175286095e-10
-3.333277189e-09
2.084398883e-10
-3.530764068e-09
1.974863104e-10
-3.715415442e-09
1.846508097e-10
-3.885336618e-09
1.699206177e-10
-4.038632581e-09
1.532954086e-10
-4.173428119e-09
1.347949903e-10
-4.28789499e-09
1.144663265e-10
-4.380285254e-09
9.238972613e-11
-4.448969801e-09
6.868401351e-11
-4.492480861e-09
4.351053185e-11
-4.509557187e-09
1.707580381e-11
-4.49919031e-09
-1.03673929e-11
-4.460670404e-09
-3.852041717e-11
-4.393630618e-09
-6.704028966e-11
-4.298087565e-09
-9.554355234e-11
-4.174475948e-09
-1.236121088e-10
-4.023675805e-09
-1.508006298e-10
-3.8470307e-09
-1.766455849e-10
-3.646355442e-09
-2.006757336e-10
-3.423932111e-09
-2.224237991e-10
-3.182493571e-09
-2.414390032e-10
-2.925193986e-09
-2.573000427e-10
-2.655566378e-09
-2.696280604e-10
-2.377467717e-09
-2.780991086e-10
-2.095012538e-09
-2.82455622e-10
-1.812496543e-09
-2.825164323e-10
-1.534312024e-09
-2.781849524e-10
-1.264857185e-09
-2.694552673e-10
-1.008441534e-09
-2.564160736e-10
-7.691893002e-10
-2.392526493e-10
-5.509423051e-10
-2.182474044e-10
-3.571626652e-10
-1.937800415e-10
-1.908339845e-10
-1.663290748e-10
-5.435686038e-11
-1.36477511e-10
5.057011359e-11
-1.049273558e-10
1.230995629e-10
-7.252982836e-11
1.634423563e-10
-4.034317183e-11
1.731791952e-10
-9.737216013e-12
1.557479771e-10
1.743085289e-11
1.172020754e-10
3.854555717e-11
6.736276055e-11
4.983895399e-11
2.156405653e-11
4.579833656e-11
2.156393954e-11
3.238663114e-11
-5.811922748e-11
5.837648099e-11
-5.801728824e-11
3.503680333e-11
9.190393188e-12
-5.909161909e-11
1.090720682e-10
-2.327416729e-10
2.213916972e-10
-4.866256216e-10
3.341953971e-10
-8.166404655e-10
4.406178706e-10
-1.215974418e-09
5.369776838e-10
-1.676459163e-09
6.215534667e-10
-2.189419944e-09
6.938097118e-10
-2.746193559e-09
7.539079109e-10
-3.338425513e-09
8.023931237e-10
-3.958219799e-09
8.399906199e-10
-4.598190846e-09
8.674739352e-10
-5.251451894e-09
8.855808658e-10
-5.911564022e-09
8.94962751e-10
-6.572463442e-09
8.961575496e-10
-7.228379994e-09
8.895802825e-10
-7.873756462e-09
8.755262619e-10
-8.503175788e-09
8.541837033e-10
-9.111301313e-09
8.256530804e-10
-9.692833591e-09
7.899711228e-10
-1.024248605e-08
7.471377381e-10
-1.075498071e-08
6.971444437e-10
-1.122506422e-08
6.400031096e-10
-1.164754383e-08
5.757740058e-10
-1.20173421e-08
5.045922682e-10
-1.232956878e-08
4.266920181e-10
-1.257960747e-08
3.424274312e-10
-1.276321455e-08
2.522901285e-10
-1.287662728e-08
1.569222979e-10
-1.291667741e-08
5.712499162e-11
-1.288090677e-08
-4.613897651e-11
-1.276768069e-08
-1.517474213e-10
-1.25762957e-08
-2.584261992e-10
-1.230707629e-08
-3.647638679e-10
-1.196145649e-08
-4.692328082e-10
-1.154204196e-08
-5.702160412e-10
-1.105264889e-08
-6.660395289e-10
-1.049831617e-08
-7.550093126e-10
-9.885288237e-09
-8.354525866e-10
-9.220966527e-09
-9.05761556e-10
-8.51382867e-09
-9.644387326e-10
-7.773315405e-09
-1.01014215e-09
-7.009686423e-09
-1.041728906e-09
-6.233847405e-09
-1.058295446e-09
-5.457151502e-09
-1.059213134e-09
-4.691179324e-09
-1.04415792e-09
-3.94750201e-09
-1.013133361e-09
-3.237432003e-09
-9.664868506e-10
-2.571765648e-09
-9.049197634e-10
-1.96052045e-09
-8.294933498e-10
-1.412667535e-09
-7.416336901e-10
-9.358562625e-10
-6.431410673e-10
-5.361225431e-10
-5.362119389e-10
-2.175648764e-10
-4.234857225e-10
1.803887854e-11
-3.081342798e-10
1.71715205e-10
-1.940201936e-10
2.479360185e-10
-8.595871624e-11
2.554915856e-10
9.874616987e-12
2.086736429e-10
8.536284463e-11
1.287942799e-10
1.297176903e-10
4.572403095e-11
1.288679957e-10
6.728780769e-11
1.482649547e-11
-7.294608425e-11
-8.600269362e-12
-3.459144967e-11
-1.136609719e-10
1.142498417e-10
-3.238381653e-10
3.192478981e-10
-6.493266829e-10
5.468788574e-10
-1.091088086e-09
7.75955483e-10
-1.643958023e-09
9.934865353e-10
-2.298957397e-09
1.19197582e-09
-3.04493653e-09
1.367531391e-09
-3.869705526e-09
1.518577521e-09
-4.760782787e-09
1.644984004e-09
-5.70586443e-09
1.747473617e-09
-6.693092779e-09
1.827217834e-09
-7.711182873e-09
1.885562909e-09
-8.749451404e-09
1.92384829e-09
-9.797781697e-09
1.94329195e-09
-1.084655036e-08
1.944925132e-09
-1.18865352e-08
1.92956405e-09
-1.290881932e-08
1.897809327e-09
-1.390470276e-08
1.850066087e-09
-1.486562984e-08
1.78657912e-09
-1.578313832e-08
1.707478576e-09
-1.664883405e-08
1.612832446e-09
-1.745439333e-08
1.502702712e-09
-1.819159376e-08
1.377202537e-09
-1.885237298e-08
1.236552235e-09
-1.94289138e-08
1.081132102e-09
-1.991375316e-08
9.115304058e-10
-2.029991174e-08
7.285850425e-10
-2.058104009e-08
5.334175263e-10
-2.075157684e-08
3.274581082e-10
-2.080691371e-08
1.124609298e-10
-2.074356187e-08
-1.094917461e-10
-2.055931401e-08
-3.35996187e-10
-2.025339621e-08
-5.643448997e-10
-1.982660286e-08
-7.915581098e-10
-1.928140857e-08
-1.014427972e-09
-1.86220512e-08
-1.22957428e-09
-1.78545806e-08
-1.433510989e-09
-1.698686853e-08
-1.622722219e-09
-1.602857604e-08
-1.793745916e-09
-1.49910755e-08
-1.943262925e-09
-1.388732622e-08
-2.068188823e-09
-1.273170356e-08
-2.165765617e-09
-1.153978304e-08
-2.23365023e-09
-1.03280825e-08
-2.269996774e-09
-9.113766576e-09
-2.273529838e-09
-7.914318691e-09
-2.243606579e-09
-6.747186634e-09
-2.180266183e-09
-5.629407763e-09
-2.084266477e-09
-4.577219297e-09
-1.957108975e-09
-3.605657656e-09
-1.801055723e-09
-2.728148217e-09
-1.61914385e-09
-1.956082906e-09
-1.415207086e-09
-1.298377736e-09
-1.193917805e-09
-7.609954797e-10
-9.608686681e-10
-3.464106147e-10
-7.227198304e-10
-5.29857587e-11
-4.874457345e-10
1.257777293e-10
-2.647228844e-10
2.021518153e-10
-6.650012325e-11
1.95281067e-10
9.223298251e-11
1.324456957e-10
1.925523832e-10
5.054192236e-11
2.107711634e-10
1.178295948e-10
-1.472217737e-11
-5.822415349e-11
-1.112992236e-10
6.198465801e-11
-3.252776215e-10
3.282271049e-10
-6.766956176e-10
6.706646655e-10
-1.173918146e-09
1.044100134e-09
-1.816545114e-09
1.41858121e-09
-2.597914946e-09
1.774855147e-09
-3.507170079e-09
2.101229756e-09
-4.530861589e-09
2.391221724e-09
-5.654138023e-09
2.641852796e-09
-6.86158683e-09
2.852431669e-09
-8.137797804e-09
3.023683463e-09
-9.467711548e-09
3.157130466e-09
-1.083680696e-08
3.254657217e-09
-1.223117245e-08
3.318212693e-09
-1.363749742e-08
3.349615852e-09
-1.504301333e-08
3.350439976e-09
-1.643540773e-08
3.321957403e-09
-1.780272991e-08
3.265130462e-09
-1.913330222e-08
3.180637365e-09
-2.041564805e-08
3.068923927e-09
-2.163844406e-08
2.930273574e-09
-2.279050195e-08
2.764889336e-09
-2.386078272e-08
2.572982488e-09
-2.48384445e-08
2.354863339e-09
-2.571292354e-08
2.111030297e-09
-2.647404628e-08
1.842253881e-09
-2.711216964e-08
1.549652814e-09
-2.761834521e-08
1.23475966e-09
-2.798450242e-08
8.995738028e-10
-2.820364505e-08
5.465998155e-10
-2.827005454e-08
1.788695161e-10
-2.81794935e-08
-2.00053696e-10
-2.792940224e-08
-5.860883292e-10
-2.751908142e-08
-9.74666603e-10
-2.694985259e-08
-1.360787809e-09
-2.622518956e-08
-1.739091854e-09
-2.535081355e-08
-2.103951133e-09
-2.433474586e-08
-2.449579517e-09
-2.318731263e-08
-2.770156269e-09
-2.192109734e-08
-3.059962022e-09
-2.055083781e-08
-3.313523255e-09
-1.909326622e-08
-3.52576121e-09
-1.756689192e-08
-3.692140699e-09
-1.599172881e-08
-3.808814121e-09
-1.438897033e-08
-3.872756022e-09
-1.278061698e-08
-3.881883948e-09
-1.118906218e-08
-3.835162133e-09
-9.636643342e-09
-3.732685763e-09
-8.145165263e-09
-3.57574529e-09
-6.735402454e-09
-3.366872509e-09
-5.426585912e-09
-3.109872979e-09
-4.235877571e-09
-2.809852892e-09
-3.177832552e-09
-2.473252795e-09
-2.263845337e-09
-2.1079057e-09
-1.501571513e-09
-1.723143164e-09
-8.943125205e-10
-1.329979493e-09
-4.403482859e-10
-9.414106378e-10
-1.322030089e-10
-5.728688196e-10
4.416865638e-11
-2.428724287e-10
1.102843735e-10
2.61166233e-11
9.61441051e-11
2.066920594e-10
4.162145293e-11
2.652932525e-10
1.594508849e-10
-4.947023722e-11
-8.754382372e-12
-2.318474725e-10
2.443610361e-10
-5.709711646e-10
6.67349759e-10
-1.080011236e-09
1.179703609e-09
-1.763004684e-09
1.72709242e-09
-2.616586797e-09
2.272162155e-09
-3.631766998e-09
2.790034186e-09
-4.795561822e-09
3.265023429e-09
-6.092373707e-09
3.688032471e-09
-7.505083887e-09
4.05456185e-09
-9.015871531e-09
4.363218199e-09
-1.060679195e-08
4.61460278e-09
-1.226015469e-08
4.810492122e-09
-1.39587432e-08
4.953244647e-09
-1.568591471e-08
5.045383142e-09
-1.742561481e-08
5.089314898e-09
-1.916233589e-08
5.087160013e-09
-2.088104415e-08
5.040664638e-09
-2.256709516e-08
4.951180448e-09
-2.42061538e-08
4.819694994e-09
-2.578413099e-08
4.646900112e-09
-2.728714599e-08
4.433287593e-09
-2.870152054e-08
4.179262897e-09
-3.001380812e-08
3.885269094e-09
-3.121086004e-08
3.551914299e-09
-3.227992755e-08
3.180096855e-09
-3.320879792e-08
2.771123315e-09
-3.3985961e-08
2.326814957e-09
-3.460080138e-08
1.849599123e-09
-3.504381068e-08
1.342582188e-09
-3.530681317e-08
8.096014037e-10
-3.538319776e-08
2.552532195e-10
-3.526814859e-08
-3.151037457e-10
-3.495886637e-08
-8.953714169e-10
-3.445477257e-08
-1.47876126e-09
-3.375768782e-08
-2.057873396e-09
-3.287197634e-08
-2.624804168e-09
-3.180464878e-08
-3.171279511e-09
-3.056541675e-08
-3.688812358e-09
-2.91666928e-08
-4.168881015e-09
-2.762353111e-08
-4.603124508e-09
-2.595350512e-08
-4.983550014e-09
-2.417652035e-08
-5.302746749e-09
-2.231456169e-08
-5.554100119e-09
-2.039137689e-08
-5.73199967e-09
-1.843209926e-08
-5.8320344e-09
-1.646281441e-08
-5.851169536e-09
-1.45100774e-08
-5.787899864e-09
-1.260038764e-08
-5.642376248e-09
-1.075962944e-08
-5.416504203e-09
-9.012486454e-09
-5.114016193e-09
-7.381837238e-09
-4.740522884e-09
-5.888138018e-09
-4.303552791e-09
-4.548796817e-09
-3.812594662e-09
-3.377540732e-09
-3.279162442e-09
-2.383776012e-09
-2.716908535e-09
-1.571939313e-09
-2.14181684e-09
-9.408388478e-10
-1.572511751e-09
-4.829860988e-10
-1.030722212e-09
-1.839193405e-10
-5.419398031e-10
-2.151465505e-11
-1.362886196e-10
3.474938653e-11
1.504273584e-10
2.477832405e-11
2.752637288e-10
1.842290874e-10
-8.602616963e-11
7.727139918e-11
-3.600933877e-10
5.184272696e-10
-8.331007953e-10
1.140356133e-09
-1.509460629e-09
1.856062366e-09
-2.387160298e-09
2.604790986e-09
-3.458545757e-09
3.343546503e-09
-4.711420548e-09
4.042907863e-09
-6.130207459e-09
4.683809232e-09
-7.697021242e-09
5.254845153e-09
-9.392576668e-09
5.750116184e-09
-1.119690534e-08
6.167545788e-09
-1.308988434e-08
6.507580707e-09
-1.505159639e-08
6.77220311e-09
-1.706254898e-08
6.964196195e-09
-1.910378245e-08
7.086615574e-09
-2.11568961e-08
7.142427516e-09
-2.320401923e-08
7.134282125e-09
-2.522775053e-08
7.064394934e-09
-2.721108568e-08
6.9345146e-09
-2.913734938e-08
6.745957701e-09
-3.099014455e-08
6.499694305e-09
-3.275332815e-08
6.196470231e-09
-3.441102005e-08
5.836953836e-09
-3.594764871e-08
5.421896804e-09
-3.734803522e-08
4.952299874e-09
-3.8597515e-08
4.429575709e-09
-3.96820948e-08
3.855702189e-09
-4.058864112e-08
3.23336037e-09
-4.130509504e-08
2.566052151e-09
-4.182070715e-08
1.858193405e-09
-4.212628559e-08
1.115178967e-09
-4.221444965e-08
3.434164173e-10
-4.207988065e-08
-4.496735987e-10
-4.171956176e-08
-1.255691149e-09
-4.11329984e-08
-2.065325451e-09
-4.032241033e-08
-2.868462282e-09
-3.929288657e-08
-3.654328738e-09
-3.805249521e-08
-4.41167166e-09
-3.661234085e-08
-5.128967504e-09
-3.498656291e-08
-5.794659721e-09
-3.319226962e-08
-6.39741856e-09
-3.124940332e-08
-6.926417072e-09
-2.918053463e-08
-7.371616175e-09
-2.701058464e-08
-7.724050846e-09
-2.476647587e-08
-7.976109163e-09
-2.247671513e-08
-8.121795862e-09
-2.017091271e-08
-8.156972666e-09
-1.787924453e-08
-8.079568744e-09
-1.563186495e-08
-7.889756517e-09
-1.345827929e-08
-7.590090548e-09
-1.138668557e-08
-7.18561059e-09
-9.443295245e-09
-6.683913872e-09
-7.651642243e-09
-6.095206446e-09
-6.031888917e-09
-5.43234863e-09
-4.600136797e-09
-4.710915195e-09
-3.36774951e-09
-3.949296448e-09
-2.340695663e-09
-3.168871311e-09
-1.518921056e-09
-2.394286982e-09
-8.957617817e-10
-1.653882099e-09
-4.574100478e-10
-9.802921318e-10
-1.824398253e-10
-4.112594553e-10
-4.13851067e-11
9.372103873e-12
3.702691533e-12
2.301754144e-10
1.879316211e-10
-1.226769893e-10
1.999478078e-10
-4.90332259e-10
8.860816266e-10
-1.10098885e-09
1.751011726e-09
-1.949465762e-09
2.704538239e-09
-3.026650947e-09
3.681975114e-09
-4.319631788e-09
4.636526279e-09
-5.812248806e-09
5.535523814e-09
-7.485826607e-09
6.357385966e-09
-9.319927834e-09
7.088945317e-09
-1.129303773e-08
7.723225029e-09
-1.338313184e-08
8.257638843e-09
-1.55681102e-08
8.692558028e-09
-1.782610149e-08
9.030193373e-09
-2.013565186e-08
9.27374554e-09
-2.247581932e-08
9.426782025e-09
-2.482619677e-08
9.492803966e-09
-2.716688625e-08
9.474970617e-09
-2.947844553e-08
9.375953234e-09
-3.174182539e-08
9.197893489e-09
-3.393831307e-08
8.942444421e-09
-3.60494942e-08
8.61087448e-09
-3.805724243e-08
8.204217521e-09
-3.994374319e-08
7.723453666e-09
-4.169155519e-08
7.169707874e-09
-4.328371098e-08
6.544454758e-09
-4.470385595e-08
5.849719779e-09
-4.593642297e-08
5.088268308e-09
-4.696683875e-08
4.263775275e-09
-4.778175666e-08
3.380969183e-09
-4.836930932e-08
2.445745206e-09
-4.871937414e-08
1.465242935e-09
-4.88238436e-08
4.478850444e-10
-4.867689223e-08
-5.966258037e-10
-4.827523134e-08
-1.65735285e-09
-4.761834333e-08
-2.72221426e-09
-4.670868642e-08
-3.778119983e-09
-4.555186059e-08
-4.811155349e-09
-4.415672649e-08
-5.806806525e-09
-4.253546952e-08
-6.750225226e-09
-4.070360192e-08
-7.626528073e-09
-3.867989676e-08
-8.421124447e-09
-3.648624912e-08
-9.120065437e-09
-3.414746081e-08
-9.710405199e-09
-3.169094722e-08
-1.018056514e-08
-2.91463664e-08
-1.052069068e-08
-2.654517262e-08
-1.072299033e-08
-2.392009889e-08
-1.078204708e-08
-2.130457466e-08
-1.069509364e-08
-1.873208725e-08
-1.04622446e-08
-1.623549667e-08
-1.008668179e-08
-1.384631545e-08
-9.574792456e-09
-1.159396548e-08
-8.936264472e-09
-9.505024839e-09
-8.184147712e-09
-7.602477725e-09
-7.334896359e-09
-5.904981164e-09
-6.408412361e-09
-4.426162635e-09
-5.428115577e-09
-3.173964137e-09
-4.421070406e-09
-2.150050263e-09
-3.418201453e-09
-1.349300333e-09
-2.454632623e-09
-7.594064606e-10
-1.57018657e-09
-3.606004973e-10
-8.100659122e-10
-1.255369699e-10
-2.256920469e-10
-1.935993556e-11
1.239978289e-10
1.685715808e-10
-1.586002208e-10
3.585475789e-10
-6.194446381e-10
1.346925005e-09
-1.368302916e-09
2.499868989e-09
-2.390213242e-09
3.72644755e-09
-3.668426651e-09
4.960187503e-09
-5.184143074e-09
6.152241677e-09
-6.916667505e-09
7.268047217e-09
-8.843784913e-09
8.284502348e-09
-1.094222062e-08
9.187379999e-09
-1.318809643e-08
9.969099818e-09
-1.555732858e-08
1.062686998e-08
-1.802594098e-08
1.116116943e-08
-2.057028656e-08
1.157453795e-08
-2.316718202e-08
1.187064002e-08
-2.579396927e-08
1.205356829e-08
-2.842852018e-08
1.21273539e-08
-3.104920317e-08
1.209565265e-08
-3.363482935e-08
1.196157846e-08
-3.616459421e-08
1.172765741e-08
-3.861802906e-08
1.139587834e-08
-4.09749732e-08
1.09678177e-08
-4.321557548e-08
1.044481889e-08
-4.5320331e-08
9.828208277e-09
-4.727015625e-08
9.11953223e-09
-4.904650379e-08
8.320801423e-09
-5.06315154e-08
7.434730513e-09
-5.200821093e-08
6.46496297e-09
-5.316070881e-08
5.41627231e-09
-5.407447278e-08
4.294732303e-09
-5.47365783e-08
3.107849897e-09
-5.513599181e-08
1.864655621e-09
-5.526385468e-08
5.757471089e-10
-5.511376395e-08
-7.467173332e-10
-5.468204082e-08
-2.089076767e-09
-5.396797869e-08
-3.43627716e-09
-5.297406211e-08
-4.77203733e-09
-5.170614664e-08
-6.079071566e-09
-5.017359137e-08
-7.339362531e-09
-4.838933552e-08
-8.534481799e-09
-4.63699115e-08
-9.645952803e-09
-4.413538737e-08
-1.065564928e-08
-4.170923283e-08
-1.154622067e-08
-3.911810436e-08
-1.230153435e-08
-3.639154663e-08
-1.290712355e-08
-3.356160941e-08
-1.335062856e-08
-3.066238152e-08
-1.362221888e-08
-2.772944534e-08
-1.37149839e-08
-2.479925855e-08
-1.362528108e-08
-2.190847139e-08
-1.335303239e-08
-1.909319085e-08
-1.290196295e-08
-1.63882046e-08
-1.227977932e-08
-1.382617978e-08
-1.149828989e-08
-1.143685295e-08
-1.057347514e-08
-9.246228809e-09
-9.525521085e-09
-7.275806659e-09
-8.378835087e-09
-5.541854634e-09
-7.162068171e-09
-4.054753551e-09
-5.908172058e-09
-2.81843442e-09
-4.654521152e-09
-1.829936513e-09
-3.443131084e-09
-1.079116535e-09
-2.321007088e-09
-5.485454362e-10
-1.340637584e-09
-2.136433591e-10
-5.605945928e-10
-4.313602385e-11
-4.650996376e-11
1.254354074e-10
-1.934294234e-10
5.519763863e-10
-7.457683981e-10
1.899263071e-09
-1.631338162e-09
3.385437785e-09
-2.825572082e-09
4.920680488e-09
-4.303904175e-09
6.43851861e-09
-6.041301606e-09
7.889638121e-09
-8.012153613e-09
9.238898236e-09
-1.019037115e-08
1.04627189e-08
-1.254959571e-08
1.154660357e-08
-1.506344183e-08
1.248294496e-08
-1.770572291e-08
1.326915008e-08
-2.045063144e-08
1.390607699e-08
-2.327286147e-08
1.439676702e-08
-2.61476726e-08
1.474545019e-08
-2.905090271e-08
1.495679746e-08
-3.195894143e-08
1.503539168e-08
-3.484867808e-08
1.498538838e-08
-3.769743878e-08
1.481033824e-08
-4.048292603e-08
1.451314374e-08
-4.318317278e-08
1.409612419e-08
-4.57765207e-08
1.356116473e-08
-4.824162993e-08
1.290992724e-08
-5.055752536e-08
1.214410283e-08
-5.270368207e-08
1.126568808e-08
-5.466015055e-08
1.027726905e-08
-5.640772042e-08
9.182299536e-09
-5.792811975e-08
7.98536147e-09
-5.920424595e-08
6.692397689e-09
-6.022042277e-08
5.310908315e-09
-6.09626774e-08
3.850103723e-09
-6.141903066e-08
2.321008094e-09
-6.157979294e-08
7.365086098e-10
-6.143785781e-08
-8.886532244e-10
-6.098898477e-08
-2.537950559e-09
-6.023206277e-08
-4.19319991e-09
-5.916934662e-08
-5.834754207e-09
-5.780665577e-08
-7.441763131e-09
-5.615352655e-08
-8.992492449e-09
-5.422330907e-08
-1.046469997e-08
-5.203319992e-08
-1.183606263e-08
-4.960420272e-08
-1.308464715e-08
-4.696100922e-08
-1.418941483e-08
-4.413179507e-08
-1.513074916e-08
-4.114792601e-08
-1.589099325e-08
-3.804357233e-08
-1.645498286e-08
-3.485523183e-08
-1.681056001e-08
-3.162116419e-08
-1.694905216e-08
-2.838074288e-08
-1.6865703e-08
-2.517373348e-08
-1.656004238e-08
-2.203951066e-08
-1.603618637e-08
-1.90162286e-08
-1.530306197e-08
-1.613996266e-08
-1.437455639e-08
-1.344384224e-08
-1.326959612e-08
-1.095719658e-08
-1.201216729e-08
-8.704737566e-09
-1.063129464e-08
-6.705804577e-09
-9.161001696e-09
-4.973698693e-09
-7.640278476e-09
-3.515135385e-09
-6.113084993e-09
-2.329847772e-09
-4.62841923e-09
-1.410376877e-09
-3.240478489e-09
-7.420931793e-10
-2.008921702e-09
-3.035103155e-10
-9.991780312e-10
-6.69867625e-11
-2.830340214e-10
5.844855923e-11
-2.270189306e-10
7.78994883e-10
-8.68436406e-10
2.540679526e-09
-1.8879337e-09
4.404934107e-09
-3.251699748e-09
6.284445579e-09
-4.927404699e-09
8.114222609e-09
-6.883654964e-09
9.845887438e-09
-9.089715637e-09
1.144495796e-08
-1.151540702e-08
1.288840934e-08
-1.413110752e-08
1.416230313e-08
-1.690780669e-08
1.525964319e-08
-1.981716755e-08
1.617851e-08
-2.283157234e-08
1.692048085e-08
-2.592413855e-08
1.748933231e-08
-2.906870174e-08
1.789001246e-08
-3.223976857e-08
1.812786339e-08
-3.541244812e-08
1.820807033e-08
-3.85623717e-08
1.813531108e-08
-4.166561255e-08
1.791357821e-08
-4.469861616e-08
1.754614648e-08
-4.763815094e-08
1.703565811e-08
-5.046128723e-08
1.638430017e-08
-5.314541048e-08
1.559404964e-08
-5.56682726e-08
1.466696412e-08
-5.800808343e-08
1.360549809e-08
-6.014364226e-08
1.241282707e-08
-6.205450796e-08
1.109316443e-08
-6.372120478e-08
9.652057494e-09
-6.512545978e-08
8.096651908e-09
-6.625046685e-08
6.435914616e-09
-6.708117159e-08
4.680807692e-09
-6.760457058e-08
2.844406337e-09
-6.781001829e-08
9.419555729e-10
-6.768953385e-08
-1.009138392e-09
-6.723809966e-08
-2.989385468e-09
-6.645394337e-08
-4.97735691e-09
-6.53387965e-08
-6.949901766e-09
-6.38981182e-08
-8.882442111e-09
-6.2141275e-08
-1.074933632e-08
-6.008166686e-08
-1.252430877e-08
-5.773678968e-08
-1.418094046e-08
-5.512822466e-08
-1.569321281e-08
-5.228154568e-08
-1.703609443e-08
-4.922613693e-08
-1.818615851e-08
-4.599491468e-08
-1.912221611e-08
-4.262394901e-08
-1.982594913e-08
-3.915198451e-08
-2.028252509e-08
-3.561986149e-08
-2.048117576e-08
-3.206984323e-08
-2.041572182e-08
-2.854485854e-08
-2.008502764e-08
-2.508767244e-08
-1.949337302e-08
-2.174000214e-08
-1.86507328e-08
-1.854159847e-08
-1.757296059e-08
-1.552931638e-08
-1.628187873e-08
-1.273620078e-08
-1.480528341e-08
-1.019061596e-08
-1.317687997e-08
-7.915448951e-09
-1.14361692e-08
-5.927418412e-09
-9.628309514e-09
-4.236522366e-09
-7.803981537e-09
-2.845660391e-09
-6.019281689e-09
-1.750469442e-09
-4.33566991e-09
-9.39419387e-10
-2.819972278e-09
-3.942274963e-10
-1.544370314e-09
-9.067901928e-11
-5.865828871e-10
-3.22305979e-11
-2.593226738e-10
1.038316955e-09
-9.869962521e-10
3.268352257e-09
-2.136804645e-09
5.554741594e-09
-3.666132026e-09
7.813772047e-09
-5.535082058e-09
9.98317173e-09
-7.705930146e-09
1.201673462e-08
-1.014275021e-08
1.388177712e-08
-1.281116594e-08
1.555682416e-08
-1.567818953e-08
1.702932582e-08
-1.871211211e-08
1.829356487e-08
-2.188241688e-08
1.934881388e-08
-2.515969552e-08
2.019775861e-08
-2.851555661e-08
2.084519252e-08
-3.192252221e-08
2.129697718e-08
-3.535391412e-08
2.155925444e-08
-3.87837352e-08
2.163789056e-08
-4.218655311e-08
2.153812814e-08
-4.553739519e-08
2.126441945e-08
-4.881166263e-08
2.082041308e-08
-5.19850714e-08
2.020906606e-08
-5.503362618e-08
1.943285414e-08
-5.793363152e-08
1.849405419e-08
-6.066174322e-08
1.739507502e-08
-6.319506067e-08
1.613881476e-08
-6.551126009e-08
1.472902571e-08
-6.758876645e-08
1.317067003e-08
-6.940696151e-08
1.14702518e-08
-7.094642392e-08
9.636113569e-09
-7.218919694e-08
7.678686909e-09
-7.311907862e-08
5.610688648e-09
-7.372192857e-08
3.447255572e-09
-7.398598529e-08
1.206011588e-09
-7.390218706e-08
-1.092937314e-09
-7.34644887e-08
-3.427084506e-09
-7.267016576e-08
-5.771680516e-09
-7.152010083e-08
-8.09996735e-09
-7.001903936e-08
-1.038350422e-08
-6.817580557e-08
-1.259257074e-08
-6.600346763e-08
-1.469664732e-08
-6.351944098e-08
-1.666496771e-08
-6.074551844e-08
-1.846713594e-08
-5.770781611e-08
-2.007379734e-08
-5.443662507e-08
-2.145735012e-08
-5.096616025e-08
-2.25926815e-08
-4.733420018e-08
-2.345790975e-08
-4.358161434e-08
-2.403511147e-08
-3.975177821e-08
-2.431101243e-08
-3.58898806e-08
-2.427761996e-08
-3.204213229e-08
-2.393277648e-08
-2.825488979e-08
-2.328061603e-08
-2.457371305e-08
-2.233191005e-08
-2.104238012e-08
-2.110429401e-08
-1.770188611e-08
-1.962237321e-08
-1.458945694e-08
-1.791771305e-08
-1.173761089e-08
-1.602872649e-08
-9.173302877e-09
-1.400047767e-08
-6.917187481e-09
-1.188442537e-08
-4.983037212e-09
-9.738132263e-09
-3.377353845e-09
-7.624965515e-09
-2.099212065e-09
-5.613812123e-09
-1.140378718e-09
-3.778805963e-09
-4.857595197e-10
-2.198990025e-09
-1.142385583e-10
-9.581042952e-10
-1.464692208e-10
-2.903305549e-10
1.328647125e-09
-1.101193489e-09
4.079214234e-09
-2.377133697e-09
6.830680901e-09
-4.067194753e-09
9.503832222e-09
-6.124196601e-09
1.204017271e-08
-8.50422384e-09
1.439676099e-08
-1.116620272e-08
1.654375514e-08
-1.407154996e-08
1.846217055e-08
-1.718388229e-08
2.014165729e-08
-2.046876955e-08
2.157845127e-08
-2.389351518e-08
2.277355868e-08
-2.74269521e-08
2.373119469e-08
-3.103924656e-08
2.445748615e-08
-3.470170752e-08
2.495943732e-08
-3.838660245e-08
2.524414855e-08
-4.206698333e-08
2.531827063e-08
-4.571652851e-08
2.518767252e-08
-4.930940637e-08
2.485729652e-08
-5.282016707e-08
2.4331173e-08
-5.622366775e-08
2.361256596e-08
-5.949503536e-08
2.270422098e-08
-6.260967025e-08
2.160868832e-08
-6.554329184e-08
2.032869586e-08
-6.827202679e-08
1.886754898e-08
-7.077253862e-08
1.722953681e-08
-7.302219669e-08
1.542032738e-08
-7.499928193e-08
1.344733633e-08
-7.668322567e-08
1.132005662e-08
-7.805487777e-08
9.050338318e-09
-7.909679945e-08
6.652609652e-09
-7.979357617e-08
4.144031623e-09
-8.013214507e-08
1.544579825e-09
-8.010213092e-08
-1.122952113e-09
-7.969618381e-08
-3.833032246e-09
-7.891030945e-08
-6.557555503e-09
-7.774418899e-08
-9.266088413e-09
-7.620147454e-08
-1.192621926e-08
-7.429005028e-08
-1.450399559e-08
-7.202224745e-08
-1.696445072e-08
-6.941500047e-08
-1.927221525e-08
-6.648993051e-08
-2.139220646e-08
-6.327334334e-08
-2.329038505e-08
-5.979612846e-08
-2.493456553e-08
-5.609354801e-08
-2.629526247e-08
-5.220490623e-08
-2.734655204e-08
-4.817309351e-08
-2.80669247e-08
-4.404400301e-08
-2.844010342e-08
-3.986582295e-08
-2.84558005e-08
-3.568821298e-08
-2.811038692e-08
-3.156137915e-08
-2.740745033e-08
-2.753506772e-08
-2.635822193e-08
-2.365750396e-08
-2.498185823e-08
-1.997430674e-08
-2.330557086e-08
-1.652741426e-08
-2.136460596e-08
-1.335405861e-08
-1.920208257e-08
-1.048582917e-08
-1.686870752e-08
-7.947864973e-09
-1.442238998e-08
-5.758215717e-09
-1.192778193e-08
-3.927410507e-09
-9.455771127e-09
-2.458272075e-09
-7.082950947e-09
-1.346014575e-09
-4.89106392e-09
-5.786656351e-10
-2.96633927e-09
-1.378561641e-10
-1.398914076e-09
-2.843255077e-10
-3.200374586e-10
1.648684015e-09
-1.210848882e-09
4.970024902e-09
-2.608323783e-09
8.228154982e-09
-4.453628169e-09
1.134913578e-08
-6.692630268e-09
1.427917398e-08
-9.275439964e-09
1.697956987e-08
-1.215596303e-08
1.942427739e-08
-1.529147737e-08
2.159768407e-08
-1.864224062e-08
2.349241974e-08
-2.217112825e-08
2.51073381e-08
-2.584329761e-08
2.644572724e-08
-2.962587374e-08
2.751377003e-08
-3.34876545e-08
2.831926612e-08
-3.739883444e-08
2.887061649e-08
-4.133074921e-08
2.917606254e-08
-4.525564336e-08
2.924316402e-08
-4.914646595e-08
2.907849437e-08
-5.297669818e-08
2.8687528e-08
-5.672021728e-08
2.807469136e-08
-6.035120028e-08
2.724354824e-08
-6.384407027e-08
2.619709026e-08
-6.717348651e-08
2.493810385e-08
-7.031437899e-08
2.346958765e-08
-7.324202683e-08
2.179519613e-08
-7.593217897e-08
1.991968828e-08
-7.836121526e-08
1.784936299e-08
-8.05063451e-08
1.559246551e-08
-8.234584094e-08
1.31595518e-08
-8.385930318e-08
1.056379993e-08
-8.502795318e-08
7.82125902e-09
-8.583495035e-08
4.951028173e-09
-8.626572935e-08
1.975358215e-09
-8.63083519e-08
-1.080330164e-09
-8.595386794e-08
-4.187516795e-09
-8.519667578e-08
-7.314748236e-09
-8.403488123e-08
-1.042788352e-08
-8.24706402e-08
-1.349046085e-08
-8.051047441e-08
-1.646416192e-08
-7.816554722e-08
-1.930937843e-08
-7.545188487e-08
-2.198587812e-08
-7.239052734e-08
-2.445356448e-08
-6.900759263e-08
-2.667332026e-08
-6.533423806e-08
-2.860792058e-08
-6.140650369e-08
-3.022299731e-08
-5.7265025e-08
-3.148803119e-08
-5.295460526e-08
-3.237734489e-08
-4.8523643e-08
-3.287106613e-08
-4.402341512e-08
-3.295602882e-08
-3.950722326e-08
-3.262657921e-08
-3.502941779e-08
-3.188525622e-08
-3.064432127e-08
-3.074331885e-08
-2.640508018e-08
-2.922109972e-08
-2.236247976e-08
-2.734817167e-08
-1.856376222e-08
-2.516332388e-08
-1.505149151e-08
-2.271435365e-08
-1.186251001e-08
-2.005768939e-08
-9.027031905e-09
-1.725786846e-08
-6.567916627e-09
-1.438689758e-08
-4.500162279e-09
-1.152352585e-08
-2.83065503e-09
-8.752458544e-09
-1.558206374e-09
-6.163512821e-09
-6.739087556e-10
-3.850637325e-09
-1.618291015e-10
-1.910994108e-09
-4.46154651e-10
-3.484268059e-10
1.997110498e-09
-1.315790753e-09
5.937387975e-09
-2.829851344e-09
9.742214764e-09
-4.824351778e-09
1.334363543e-08
-7.238569379e-09
1.669339081e-08
-1.001690747e-08
1.975790719e-08
-1.310844079e-08
2.251580995e-08
-1.64664387e-08
2.495568122e-08
-2.00478915e-08
2.707387178e-08
-2.381305198e-08
2.887249783e-08
-2.772499798e-08
3.03576725e-08
-3.17492192e-08
3.153799051e-08
-3.585323052e-08
3.242327671e-08
-4.00062143e-08
3.302359954e-08
-4.417869422e-08
3.334854176e-08
-4.8342244e-08
3.340671309e-08
-5.246923401e-08
3.320548367e-08
-5.653261914e-08
3.275091245e-08
-6.050577051e-08
3.204784204e-08
-6.436235279e-08
3.110012986e-08
-6.80762486e-08
2.99109854e-08
-7.162152979e-08
2.848338439e-08
-7.49724754e-08
2.682053262e-08
-7.810363472e-08
2.492635481e-08
-8.098993383e-08
2.280598676e-08
-8.360682346e-08
2.046625201e-08
-8.593046595e-08
1.791610739e-08
-8.793795885e-08
1.51670441e-08
-8.960759297e-08
1.223343346e-08
-9.091914241e-08
9.132807882e-09
-9.185418393e-08
5.886069126e-09
-9.239644282e-08
2.51761655e-09
-9.253216084e-08
-9.446126929e-10
-9.225048295e-08
-4.469195221e-09
-9.154385045e-08
-8.021381255e-09
-9.040840438e-08
-1.156333011e-08
-8.884438233e-08
-1.505448339e-08
-8.685649781e-08
-1.845204693e-08
-8.445428772e-08
-2.171158899e-08
-8.165241164e-08
-2.478775466e-08
-7.847088432e-08
-2.763509225e-08
-7.493522196e-08
-3.020898306e-08
-7.107648204e-08
-3.246666093e-08
-6.693117773e-08
-3.436830204e-08
-6.254104927e-08
-3.587816006e-08
-5.795267893e-08
-3.696571563e-08
-5.321694057e-08
-3.760680488e-08
-4.838828173e-08
-3.778468804e-08
-4.352384361e-08
-3.749101771e-08
-3.86824328e-08
-3.672666739e-08
-3.392336774e-08
-3.550238428e-08
-2.930523112e-08
-3.383923669e-08
-2.488456763e-08
-3.176883549e-08
-2.071457234e-08
-2.933331951e-08
-1.684381935e-08
-2.658510696e-08
-1.331508232e-08
-2.358642674e-08
-1.016429745e-08
-2.040865365e-08
-7.419716407e-09
-1.713147895e-08
-5.101291223e-09
-1.384195134e-08
-3.220325611e-09
-1.063342446e-08
-1.779419224e-09
-7.604419587e-09
-7.727253069e-10
-4.857331452e-09
-1.865231089e-10
-2.497196529e-09
-6.326778641e-10
-3.754647855e-10
2.372574759e-09
-1.415819267e-09
6.977741808e-09
-3.041182393e-09
1.136757717e-08
-5.178321903e-09
1.548077421e-08
-7.760303586e-09
1.927537177e-08
-1.072612881e-08
2.27237317e-08
-1.402027656e-08
2.580995699e-08
-1.759218599e-08
2.852758995e-08
-2.139571649e-08
3.087740159e-08
-2.53886078e-08
3.286538844e-08
-2.953195437e-08
3.450101839e-08
-3.378970387e-08
3.579573933e-08
-3.81281865e-08
3.676175867e-08
-4.251568052e-08
3.74110929e-08
-4.692201819e-08
3.775487877e-08
-5.131823553e-08
3.780292979e-08
-5.56762689e-08
3.75635164e-08
-5.996870049e-08
3.704334341e-08
-6.41685542e-08
3.624769514e-08
-6.824914258e-08
3.518071762e-08
-7.218396443e-08
3.384580664e-08
-7.594665241e-08
3.224607177e-08
-7.9510969e-08
3.038484863e-08
-8.285084906e-08
2.82662343e-08
-8.594048679e-08
2.589562393e-08
-8.875446535e-08
2.328023001e-08
-9.126792697e-08
2.042956846e-08
-9.345678228e-08
1.735589888e-08
-9.529795732e-08
1.407460797e-08
-9.676967708e-08
1.060452712e-08
-9.785178445e-08
6.968175982e-09
-9.8526093e-08
3.191924602e-09
-9.877677048e-08
-6.939357008e-10
-9.859075208e-08
-4.655214105e-09
-9.795816899e-08
-8.653964811e-09
-9.687279964e-08
-1.264869991e-08
-9.533252699e-08
-1.659475648e-08
-9.33397897e-08
-2.044478465e-08
-9.090201191e-08
-2.41493672e-08
-8.803199314e-08
-2.765777384e-08
-8.474823729e-08
-3.091884849e-08
-8.107519756e-08
-3.388202318e-08
-7.704341286e-08
-3.6498446e-08
-7.268951165e-08
-3.872220362e-08
-6.805606058e-08
-4.051161148e-08
-6.319123896e-08
-4.18305376e-08
-5.814832516e-08
-4.264971902e-08
-5.298498868e-08
-4.294802484e-08
-4.776238999e-08
-4.271361672e-08
-4.254410069e-08
-4.194495701e-08
-3.739486717e-08
-4.06516181e-08
-3.237925158e-08
-3.885485257e-08
-2.756019358e-08
-3.658789377e-08
-2.299754439e-08
-3.389596897e-08
-1.874663e-08
-3.083602163e-08
-1.485690255e-08
-2.747615446e-08
-1.1370738e-08
-2.389481847e-08
-8.322433282e-09
-2.017978394e-08
-5.737448367e-09
-1.642693653e-08
-3.631927796e-09
-1.273894528e-08
-2.012524036e-09
-9.223823491e-09
-8.765364327e-10
-5.993319404e-09
-2.123483577e-10
-3.1613849e-09
-8.450262391e-10
-4.010973068e-10
2.773671811e-09
-1.510690205e-09
8.087333934e-09
-3.241728572e-09
1.309861484e-08
-5.514451056e-09
1.775349602e-08
-8.256105705e-09
2.201702576e-08
-1.140062309e-08
2.586824843e-08
-1.488815561e-08
2.929748886e-08
-1.866452679e-08
3.230396049e-08
-2.268063627e-08
3.489351043e-08
-2.689185078e-08
3.707660232e-08
-3.125740216e-08
3.886656914e-08
-3.573980751e-08
4.027814407e-08
-4.030432256e-08
4.132627311e-08
-4.491843612e-08
4.202520586e-08
-4.955141145e-08
4.238785351e-08
-5.417387876e-08
4.242539651e-08
-5.875748146e-08
4.214711853e-08
-6.327457783e-08
4.156043921e-08
-6.769799854e-08
4.067111529e-08
-7.200085958e-08
3.948357812e-08
-7.615642924e-08
3.800137576e-08
-8.013804733e-08
3.622768933e-08
-8.391909446e-08
3.416589523e-08
-8.747300889e-08
3.182014822e-08
-9.0773349e-08
2.919596354e-08
-9.379389931e-08
2.630077983e-08
-9.650881902e-08
2.314448768e-08
-9.889283201e-08
1.97399114e-08
-1.009214584e-07
1.610323392e-08
-1.025712877e-07
1.225435593e-08
-1.038202935e-07
8.217181326e-09
-1.046481906e-07
4.019821297e-09
-1.050368329e-07
-3.05293889e-10
-1.049706505e-07
-4.721396866e-09
-1.044371184e-07
-9.187497357e-09
-1.034272544e-07
-1.365856428e-08
-1.01936143e-07
-1.808586822e-08
-9.996346519e-08
-2.241746287e-08
-9.751401962e-08
-2.659881313e-08
-9.459821585e-08
-3.057357796e-08
-9.123251454e-08
-3.428455014e-08
-8.743978848e-08
-3.767474957e-08
-8.324957515e-08
-4.068865965e-08
-7.869819108e-08
-4.3273588e-08
-7.38286792e-08
-4.538112367e-08
-6.86905636e-08
-4.69686535e-08
-6.333939165e-08
-4.800089125e-08
-5.783605106e-08
-4.84513657e-08
-5.224585983e-08
-4.830380822e-08
-4.663743861e-08
-4.755337849e-08
-4.108138814e-08
-4.620766881e-08
-3.564880742e-08
-4.428743354e-08
-3.040970038e-08
-4.182700104e-08
-2.543132941e-08
-3.887434016e-08
-2.077658078e-08
-3.549077047e-08
-1.650241057e-08
-3.17503249e-08
-1.265843832e-08
-2.773879093e-08
-9.285749977e-09
-2.35524725e-08
-6.415961018e-09
-1.929672569e-08
-4.070576753e-09
-1.508432975e-08
-2.260670379e-09
-1.103373015e-08
-9.8688694e-10
-7.26710295e-09
-2.397432104e-10
-3.908528757e-09
-1.084769532e-09
-4.252517535e-10
3.198923092e-09
-1.600110182e-09
9.262191835e-09
-3.430828731e-09
1.492933279e-08
-5.831568872e-09
2.015423556e-08
-8.724168351e-09
2.490962463e-08
-1.203783863e-08
2.918191812e-08
-1.570869965e-08
3.296834929e-08
-1.967920064e-08
3.62744609e-08
-2.389747857e-08
3.911178778e-08
-2.831669033e-08
4.149581352e-08
-3.289434487e-08
4.344422311e-08
-3.759165459e-08
4.497545324e-08
-4.237292069e-08
4.610753867e-08
-4.720496265e-08
4.685724728e-08
-5.205659928e-08
4.723948961e-08
-5.689818624e-08
4.726698295e-08
-6.170121279e-08
4.695014457e-08
-6.643795906e-08
4.629718497e-08
-7.108121339e-08
4.531436913e-08
-7.560404869e-08
4.400641293e-08
-7.997965532e-08
4.237698191e-08
-8.418122808e-08
4.042926163e-08
-8.818190433e-08
3.816657103e-08
-9.195475067e-08
3.559299411e-08
-9.547279584e-08
3.271400827e-08
-9.870910842e-08
2.953709199e-08
-1.016369186e-07
2.607229741e-08
-1.042297839e-07
2.233277632e-08
-1.064618006e-07
1.833525023e-08
-1.083078613e-07
1.410041627e-08
-1.097439618e-07
9.653281386e-09
-1.107475576e-07
5.023416712e-09
-1.112979738e-07
2.451220029e-10
-1.113768625e-07
-4.642508507e-09
-1.109687134e-07
-9.595646886e-09
-1.100613961e-07
-1.456588185e-08
-1.086467541e-07
-1.950051052e-08
-1.067212179e-07
-2.43429994e-08
-1.042864262e-07
-2.903360515e-08
-1.013498329e-07
-3.351017159e-08
-9.792527327e-08
-3.770911002e-08
-9.403345925e-08
-4.156656387e-08
-8.970236878e-08
-4.501975037e-08
-8.496749439e-08
-4.800846264e-08
-7.987191414e-08
-5.047670417e-08
-7.446615199e-08
-5.237441588e-08
-6.880779922e-08
-5.365924424e-08
-6.296087715e-08
-5.4298288e-08
-5.699493244e-08
-5.426975313e-08
-5.098387031e-08
-5.356444083e-08
-4.500454583e-08
-5.218699349e-08
-3.913515031e-08
-5.015682924e-08
-3.345344457e-08
-4.750870695e-08
-2.803490457e-08
-4.429288033e-08
-2.295085436e-08
-4.057482084e-08
-1.826666643e-08
-3.643451299e-08
-1.404010854e-08
-3.196534898e-08
-1.031990974e-08
-2.727267145e-08
-7.144605467e-09
-2.247203013e-08
-4.54170363e-09
-1.768723173e-08
-2.527193472e-09
-1.304824035e-08
-1.105403489e-09
-8.688893181e-09
-2.69164554e-10
-4.744767897e-09
-1.353934077e-09
-4.478380867e-10
3.646760998e-09
-1.68373963e-09
1.049809273e-08
-3.60774777e-09
1.685334035e-08
-6.128411919e-09
2.267489915e-08
-9.16258134e-09
2.794379352e-08
-1.263511675e-08
3.2654453e-08
-1.647841828e-08
3.681165029e-08
-2.063182117e-08
4.042786328e-08
-2.5040915e-08
4.35208811e-08
-2.965682618e-08
4.611172421e-08
-3.443549381e-08
4.822289025e-08
-3.933696149e-08
4.987692044e-08
-4.432470254e-08
5.109527924e-08
-4.936499084e-08
5.189753511e-08
-5.442632635e-08
5.230082466e-08
-5.947892065e-08
5.231957681e-08
-6.449424581e-08
5.196546929e-08
-6.944464729e-08
5.124758602e-08
-7.430302038e-08
5.01727418e-08
-7.904254784e-08
4.874593998e-08
-8.363649619e-08
4.697092986e-08
-8.805806704e-08
4.485083209e-08
-9.228030042e-08
4.238880403e-08
-9.627602697e-08
3.958872029e-08
-1.00017867e-07
3.645584791e-08
-1.034782749e-07
3.299749956e-08
-1.066296294e-07
2.92236516e-08
-1.094443701e-07
2.51475167e-08
-1.118951829e-07
2.078606266e-08
-1.139552372e-07
1.616047028e-08
-1.155984792e-07
1.129652305e-08
-1.167999834e-07
6.224920571e-09
-1.175363677e-07
9.815060524e-10
-1.177862695e-07
-4.392607004e-09
-1.175308924e-07
-9.8510243e-09
-1.16754593e-07
-1.534218145e-08
-1.154455435e-07
-2.08095603e-08
-1.135964311e-07
-2.619211207e-08
-1.112051848e-07
-3.142485172e-08
-1.082757055e-07
-3.643965108e-08
-1.048185719e-07
-4.11662438e-08
-1.008516872e-07
-4.553344877e-08
-9.640082791e-08
-4.947060988e-08
-9.150005201e-08
-5.290923873e-08
-8.619192247e-08
-5.578483388e-08
-8.052750306e-08
-5.803883545e-08
-7.456608886e-08
-5.962065861e-08
-6.837464159e-08
-6.048973541e-08
-6.202691264e-08
-6.061748223e-08
-5.56022517e-08
-5.998910191e-08
-4.91841178e-08
-5.860512751e-08
-4.285832871e-08
-5.648261846e-08
-3.671110435e-08
-5.365593142e-08
-3.082697728e-08
-5.01770075e-08
-2.528665629e-08
-4.611514194e-08
-2.016493716e-08
-4.155623223e-08
-1.552875489e-08
-3.660153134e-08
-1.143546498e-08
-3.136596147e-08
-7.931426274e-09
-2.597606892e-08
-5.050936743e-09
-2.056772135e-08
-2.815548063e-09
-1.528362922e-08
-1.23376549e-09
-1.027067575e-08
-3.010807524e-10
-5.67745266e-09
-1.655014887e-09
-4.687532691e-10
4.115513859e-09
-1.761200453e-09
1.179053952e-08
-3.771687086e-09
1.886382652e-08
-6.403633919e-09
2.530684551e-08
-9.569338988e-09
3.110949812e-08
-1.318969469e-08
3.627480824e-08
-1.719370729e-08
4.081566244e-08
-2.151787106e-08
4.47520266e-08
-2.610545496e-08
4.810846457e-08
-3.090574419e-08
5.091201301e-08
-3.587326889e-08
5.319041452e-08
-4.096704525e-08
5.49706964e-08
-4.614984854e-08
5.627808212e-08
-5.138753195e-08
5.713521813e-08
-5.664840156e-08
5.756169389e-08
-6.190265366e-08
5.757382853e-08
-6.712187776e-08
5.718469302e-08
-7.227862619e-08
5.640433409e-08
-7.734604916e-08
5.524016442e-08
-8.229759282e-08
5.369748331e-08
-8.710675674e-08
5.178009346e-08
-9.174690719e-08
4.949098222e-08
-9.619114237e-08
4.683303891e-08
-1.004122067e-07
4.380978433e-08
-1.043824519e-07
4.042609283e-08
-1.080738441e-07
3.668889145e-08
-1.114580173e-07
3.260782456e-08
-1.145063759e-07
2.819587502e-08
-1.171902486e-07
2.346993512e-08
-1.194810996e-07
1.845132097e-08
-1.21350801e-07
1.316622425e-08
-1.227719739e-07
7.646093277e-09
-1.237184017e-07
1.927933598e-09
-1.241655185e-07
-3.945490385e-09
-1.24090984e-07
-9.925559018e-09
-1.234753134e-07
-1.595785229e-08
-1.223026031e-07
-2.198227074e-08
-1.205613169e-07
-2.793339845e-08
-1.182451198e-07
-3.3741049e-08
-1.153537387e-07
-3.933103236e-08
-1.118938189e-07
-4.462616372e-08
-1.078797398e-07
-4.954752796e-08
-1.033343453e-07
-5.401600451e-08
-9.828953934e-08
-5.795404485e-08
-9.278669383e-08
-6.128767951e-08
-8.687681563e-08
-6.394871375e-08
-8.062042228e-08
-6.587705205e-08
-7.408708494e-08
-6.702307285e-08
-6.735460947e-08
-6.734995778e-08
-6.050784391e-08
-6.683586754e-08
-5.363712213e-08
-6.547584936e-08
-4.68363771e-08
-6.328336355e-08
-4.020098181e-08
-6.029132675e-08
-3.382539834e-08
-5.655259102e-08
-2.780073375e-08
-5.213980657e-08
-2.221231345e-08
-4.714465257e-08
-1.713738526e-08
-4.167645958e-08
-1.264306124e-08
-3.586028553e-08
-8.78458783e-09
-2.983454239e-08
-5.604009019e-09
-2.37483002e-08
-3.129257564e-09
-1.77583806e-08
-1.373684961e-09
-1.202624849e-08
-3.359680917e-10
-6.715169635e-09
-1.990982944e-09
-4.878840138e-10
4.603397773e-09
-1.832087559e-09
1.313474254e-08
-3.921803769e-09
2.095354229e-08
-6.655831273e-09
2.80408726e-08
-9.942370136e-09
3.439603658e-08
-1.36987386e-08
4.003117632e-08
-1.785088413e-08
4.496780759e-08
-2.233274022e-08
4.923388232e-08
-2.708548773e-08
5.286121171e-08
-3.205676405e-08
5.588328898e-08
-3.719985392e-08
5.833350404e-08
-4.247288868e-08
6.024373082e-08
-4.783807496e-08
6.164326807e-08
-5.326096844e-08
6.255811129e-08
-5.87098037e-08
6.301052884e-08
-6.415488728e-08
6.301891181e-08
-6.956805762e-08
6.259786307e-08
-7.492221283e-08
6.175848903e-08
-8.019090494e-08
6.050885626e-08
-8.534799771e-08
5.885457582e-08
-9.036738429e-08
5.679947979e-08
-9.522276044e-08
5.434635812e-08
-9.988744936e-08
5.14977276e-08
-1.043342751e-07
4.825660989e-08
-1.085354825e-07
4.462729994e-08
-1.124627024e-07
4.061611119e-08
-1.160869652e-07
3.623208715e-08
-1.19378763e-07
3.148767267e-08
-1.223081674e-07
2.639933932e-08
-1.248450071e-07
2.09881605e-08
-1.269591137e-07
1.528033077e-08
-1.286206431e-07
9.307622518e-09
-1.298004793e-07
3.107769663e-09
-1.304707257e-07
-3.275244212e-09
-1.306053004e-07
-9.790984375e-09
-1.301806009e-07
-1.638255192e-08
-1.291762861e-07
-2.298658571e-08
-1.275761433e-07
-2.95335413e-08
-1.253690295e-07
-3.594816287e-08
-1.225498647e-07
-4.21501973e-08
-1.191206479e-07
-4.805538057e-08
-1.150914568e-07
-5.357671914e-08
-1.104813811e-07
-5.862608021e-08
-1.053193351e-07
-6.311609097e-08
-9.964468472e-08
-6.69623299e-08
-9.350762652e-08
-7.008577199e-08
-8.696925196e-08
-7.241542665e-08
-8.010124197e-08
-7.389108286e-08
-7.298514668e-08
-7.446605309e-08
-6.571122523e-08
-7.4109789e-08
-5.8376845e-08
-7.281022959e-08
-5.108446792e-08
-7.057574063e-08
-4.393928201e-08
-6.743651265e-08
-3.704656571e-08
-6.344530731e-08
-3.050889728e-08
-5.867747498e-08
-2.442333907e-08
-5.323021077e-08
-1.887873349e-08
-4.722106514e-08
-1.395324266e-08
-4.078577634e-08
-9.712246105e-09
-3.407553891e-08
-6.206681379e-09
-2.72538649e-08
-3.471876425e-09
-2.049318564e-08
-1.526891943e-09
-1.397123286e-08
-3.743077267e-10
-7.867753769e-09
-2.3652907e-09
-5.051125537e-10
5.108509992e-09
-1.895982802e-09
1.452561255e-08
-4.05723616e-09
2.311479533e-08
-6.883580213e-09
3.086721633e-08
-1.027958593e-08
3.779204198e-08
-1.415940088e-08
4.391099095e-08
-1.844625387e-08
4.925466027e-08
-2.307180018e-08
5.385942834e-08
-2.797536555e-08
5.776477678e-08
-3.310313211e-08
6.101105527e-08
-3.840730071e-08
6.363767237e-08
-4.384525726e-08
6.56816871e-08
-4.937876532e-08
6.717677589e-08
-5.497320169e-08
6.815254742e-08
-6.059684684e-08
6.863417376e-08
-6.622023816e-08
6.864230291e-08
-7.181559006e-08
6.819321476e-08
-7.73562819e-08
6.729918066e-08
-8.281641248e-08
6.596898665e-08
-8.817041796e-08
6.420858112e-08
-9.339274911e-08
6.202181077e-08
-9.845760339e-08
5.941121224e-08
-1.033387078e-07
5.637883188e-08
-1.080091493e-07
5.292705122e-08
-1.124412504e-07
4.905940094e-08
-1.166064907e-07
4.478135133e-08
-1.204754745e-07
4.010107084e-08
-1.240179498e-07
3.503014786e-08
-1.272028829e-07
2.958427232e-08
-1.299985967e-07
2.378387428e-08
-1.323729815e-07
1.76547155e-08
-1.342937873e-07
1.122842819e-08
-1.357290086e-07
4.54299097e-09
-1.366473674e-07
-2.356885554e-09
-1.370189169e-07
-9.419434865e-09
-1.368157304e-07
-1.65857385e-08
-1.360127276e-07
-2.378958849e-08
-1.345886142e-07
-3.095765473e-08
-1.32526923e-07
-3.800985414e-08
-1.298171393e-07
-4.485998103e-08
-1.264558811e-07
-5.141663877e-08
-1.224480934e-07
-5.75845068e-08
-1.178082054e-07
-6.326596816e-08
-1.125611877e-07
-6.836310869e-08
-1.067434373e-07
-7.278008027e-08
-1.00403413e-07
-7.642579631e-08
-9.360193974e-08
-7.921689983e-08
-8.64121086e-08
-8.108091395e-08
-7.891870709e-08
-8.195945456e-08
-7.121713787e-08
-8.181135815e-08
-6.341180901e-08
-8.061555839e-08
-5.561401361e-08
-7.837353595e-08
-4.7939354e-08
-7.511117219e-08
-4.050480308e-08
-7.087985816e-08
-3.342552933e-08
-6.575674865e-08
-2.681163732e-08
-5.98441027e-08
-2.076498858e-08
-5.32677138e-08
-1.537626655e-08
-4.617449829e-08
-1.072243135e-08
-3.872937405e-08
-6.864676505e-09
-3.111161966e-08
-3.846957428e-09
-2.351090453e-08
-1.69512372e-09
-1.612306659e-08
-4.165847357e-10
-9.146292752e-09
-2.781875375e-09
-5.203203783e-10
5.628830356e-09
-1.952471449e-09
1.595776325e-08
-4.177134843e-09
2.533945844e-08
-7.085483481e-09
3.377556471e-08
-1.057894207e-08
4.128550033e-08
-1.456889721e-08
4.790094586e-08
-1.897620032e-08
5.366196316e-08
-2.373050885e-08
5.861373665e-08
-2.876952213e-08
6.280378985e-08
-3.403815406e-08
6.6279687e-08
-3.948767677e-08
6.908719489e-08
-4.507486335e-08
7.12688735e-08
-5.076115269e-08
7.286306506e-08
-5.651185398e-08
7.390324855e-08
-6.22954038e-08
7.441772343e-08
-6.808268423e-08
7.442958321e-08
-7.384640664e-08
7.395693704e-08
-7.956056239e-08
7.30133363e-08
-8.519993923e-08
7.160836338e-08
-9.073970013e-08
6.974834193e-08
-9.61550204e-08
6.743713096e-08
-1.014207783e-07
6.467697012e-08
-1.065112953e-07
6.146934878e-08
-1.114001216e-07
5.781587746e-08
-1.160598666e-07
5.371914589e-08
-1.204620728e-07
4.918355745e-08
-1.245771357e-07
4.421613373e-08
-1.283742744e-07
3.882728655e-08
-1.318215582e-07
3.303155614e-08
-1.348859986e-07
2.684831471e-08
-1.375337164e-07
2.03024333e-08
-1.397301956e-07
1.342490735e-08
-1.414406369e-07
6.253432295e-09
-1.426304215e-07
-1.167100837e-09
-1.432657015e-07
-8.784154853e-09
-1.433141095e-07
-1.653733045e-08
-1.427456057e-07
-2.435809224e-08
-1.415334767e-07
-3.216978374e-08
-1.39655466e-07
-3.988786475e-08
-1.370950243e-07
-4.742042272e-08
-1.338426514e-07
-5.466901154e-08
-1.298972932e-07
-6.152986495e-08
-1.252677378e-07
-6.789552348e-08
-1.199739454e-07
-7.365690101e-08
-1.140482292e-07
-7.870579631e-08
-1.075361966e-07
-8.29378288e-08
-1.00497352e-07
-8.625574434e-08
-9.300526559e-08
-8.857300027e-08
-8.514722056e-08
-8.981749947e-08
-7.702327168e-08
-8.993530691e-08
-6.874467776e-08
-8.889415218e-08
-6.043170977e-08
-8.668650381e-08
-5.221088171e-08
-8.333200011e-08
-4.421169917e-08
-7.887904056e-08
-3.65630654e-08
-7.340538228e-08
-2.938952109e-08
-6.701764687e-08
-2.280751633e-08
-5.984971842e-08
-1.692191718e-08
-5.20600973e-08
-1.182293329e-08
-4.382835778e-08
-7.583615756e-09
-3.535093705e-08
-4.258024294e-09
-2.683649595e-08
-1.880115785e-09
-1.850097487e-08
-4.632866492e-10
-1.05631217e-08
-3.245162023e-09
-5.333949531e-10
6.162225058e-09
-2.001160205e-09
1.742552842e-08
-4.280697818e-09
2.76189959e-08
-7.260224712e-09
3.675509144e-08
-1.083851292e-08
4.486378838e-08
-1.492460018e-08
5.198703296e-08
-1.943729857e-08
5.81746614e-08
-2.43045414e-08
6.348097934e-08
-2.946262166e-08
6.796186998e-08
-3.485536236e-08
7.167242759e-08
-4.043325196e-08
7.466508438e-08
-4.615257314e-08
7.698819458e-08
-5.197454843e-08
7.868504026e-08
-5.7864521e-08
7.979322104e-08
-6.379118446e-08
8.034438682e-08
-6.972587087e-08
8.036426956e-08
-7.564190207e-08
7.987296819e-08
-8.151400612e-08
7.888544031e-08
-8.731779774e-08
7.741215498e-08
-9.302931958e-08
7.545986377e-08
-9.862464015e-08
7.303245152e-08
-1.040795035e-07
7.013183346e-08
-1.093690264e-07
6.67588717e-08
-1.144674396e-07
6.29142907e-08
-1.193478711e-07
5.859957748e-08
-1.239821717e-07
5.381785806e-08
-1.283407842e-07
4.857474632e-08
-1.323926624e-07
4.287916477e-08
-1.361052446e-07
3.674413842e-08
-1.39444493e-07
3.018756328e-08
-1.423750091e-07
2.323294948e-08
-1.448602379e-07
1.59101362e-08
-1.468627767e-07
8.255971273e-09
-1.483448112e-07
3.149337035e-10
-1.492686552e-07
-7.860310756e-09
-1.495974955e-07
-1.620848995e-08
-1.492962135e-07
-2.465937416e-08
-1.483324318e-07
-3.313356525e-08
-1.466777169e-07
-4.154257951e-08
-1.443089385e-07
-4.978920105e-08
-1.412097662e-07
-5.776818368e-08
-1.373722681e-07
-6.536736291e-08
-1.327985572e-07
-7.246923418e-08
-1.275024168e-07
-7.895304128e-08
-1.215108142e-07
-8.469739874e-08
-1.148651995e-07
-8.958344334e-08
-1.076224711e-07
-9.349847249e-08
-9.985548841e-08
-9.633998281e-08
-9.165301464e-08
-9.801997305e-08
-8.31189945e-08
-9.846932686e-08
-7.437109886e-08
-9.764204763e-08
-6.553851526e-08
-9.551908722e-08
-5.675901613e-08
-9.211149904e-08
-4.817539699e-08
-8.746265949e-08
-3.993143567e-08
-8.16493434e-08
-3.216757459e-08
-7.478150775e-08
-2.501656298e-08
-6.700072983e-08
-1.859930945e-08
-5.847735063e-08
-1.302118231e-08
-4.940648473e-08
-8.368955927e-09
-4.000316323e-08
-4.708542778e-09
-3.04969088e-08
-2.083593556e-09
-2.112592398e-08
-5.149033143e-10
-1.213181182e-08
-3.76006525e-09
-5.442342353e-10
6.706459368e-09
-2.041697175e-09
1.892299116e-08
-4.367209591e-09
2.994450819e-08
-7.406629522e-09
3.979451127e-08
-1.105657584e-08
4.851373462e-08
-1.522414696e-08
5.6154604e-08
-1.982644565e-08
6.277696003e-08
-2.478994351e-08
6.844447715e-08
-3.004973437e-08
7.322166079e-08
-3.554871419e-08
7.717140737e-08
-4.12367194e-08
8.035308956e-08
-4.706965167e-08
8.282112684e-08
-5.300861305e-08
8.462400163e-08
-5.90190705e-08
8.58036785e-08
-6.50700647e-08
8.639538104e-08
-7.113347292e-08
8.642767781e-08
-7.718333217e-08
8.592282747e-08
-8.319522454e-08
8.489733273e-08
-8.914572433e-08
8.336265483e-08
-9.501190378e-08
8.13260433e-08
-1.007708934e-07
7.879144119e-08
-1.063994917e-07
7.576043193e-08
-1.11873821e-07
7.223320111e-08
-1.171690238e-07
6.820949361e-08
-1.222589997e-07
6.368955348e-08
-1.271161814e-07
5.867503991e-08
-1.317113527e-07
5.316991773e-08
-1.360135121e-07
4.71813244e-08
-1.399897907e-07
4.072041721e-08
-1.436054321e-07
3.380320479e-08
-1.468238479e-07
2.645136545e-08
-1.496067631e-07
1.869305168e-08
-1.519144671e-07
1.056367539e-08
-1.537061928e-07
2.106659644e-09
-1.549406171e-07
-6.625886248e-09
-1.555765888e-07
-1.557251803e-08
-1.555739149e-07
-2.466204783e-08
-1.54894428e-07
-3.3813052e-08
-1.535032347e-07
-4.293377257e-08
-1.513701638e-07
-5.192227171e-08
-1.484714002e-07
-6.066694708e-08
-1.447912759e-07
-6.904748696e-08
-1.403241698e-07
-7.693634008e-08
-1.350764444e-07
-8.420076638e-08
-1.290683269e-07
-9.070551606e-08
-1.223356153e-07
-9.631615465e-08
-1.149310764e-07
-1.009030112e-07
-1.069253849e-07
-1.04345674e-07
-9.8407458e-08
-1.065378997e-07
-8.948404854e-08
-1.073927361e-07
-8.027849501e-08
-1.068476009e-07
-7.092857131e-08
-1.048690107e-07
-6.158344498e-08
-1.014566251e-07
-5.239982504e-08
-9.664627917e-08
-4.353745755e-08
-9.051171062e-08
-3.515419663e-08
-8.31647684e-08
-2.740093123e-08
-7.475399497e-08
-2.04166748e-08
-6.54616068e-08
-1.432412003e-08
-5.549903923e-08
-9.225920078e-09
-4.510136292e-08
-5.201891637e-09
-3.452093709e-08
-2.307263378e-09
-2.40205519e-08
-5.719256155e-10
-1.386714929e-08
-4.331990833e-09
-5.52754137e-10
7.259213345e-09
-2.073792926e-09
2.044403002e-08
-4.436083272e-09
3.230679855e-08
-7.523732149e-09
4.288216015e-08
-1.123170404e-08
5.222170651e-08
-1.546555892e-08
6.038845889e-08
-2.014100673e-08
6.745240786e-08
-2.518330373e-08
7.348677417e-08
-3.052653472e-08
7.856489183e-08
-3.611281557e-08
8.275768827e-08
-4.189144606e-08
8.613172011e-08
-4.781804101e-08
8.874772185e-08
-5.385366362e-08
9.065962432e-08
-5.99639814e-08
9.191399636e-08
-6.611845997e-08
9.25498597e-08
-7.228960615e-08
9.25988241e-08
-7.845226697e-08
9.208548841e-08
-8.458298756e-08
9.102805346e-08
-9.065942777e-08
8.943909519e-08
-9.665983492e-08
8.73264506e-08
-1.025625686e-07
8.469417501e-08
-1.083456728e-07
8.154353632e-08
-1.13986491e-07
7.787401958e-08
-1.194613206e-07
7.368432332e-08
-1.24745103e-07
6.897333617e-08
-1.298111522e-07
6.374108932e-08
-1.346309195e-07
5.798968529e-08
-1.391738023e-07
5.172420739e-08
-1.434070013e-07
4.495361646e-08
-1.472954378e-07
3.769164158e-08
-1.508017421e-07
2.995767002e-08
-1.538863288e-07
2.177763871e-08
-1.565075777e-07
1.318492456e-08
-1.586221399e-07
4.22122212e-09
-1.601853865e-07
-5.062639381e-09
-1.611520619e-07
-1.460584231e-08
-1.614770492e-07
-2.433706029e-08
-1.611164082e-07
-3.417369268e-08
-1.600286405e-07
-4.402153999e-08
-1.581761947e-07
-5.377471716e-08
-1.555272119e-07
-6.331592958e-08
-1.520574901e-07
-7.251720843e-08
-1.477526284e-07
-8.124120145e-08
-1.42610283e-07
-8.934311148e-08
-1.366424397e-07
-9.667335906e-08
-1.298775767e-07
-1.030810174e-07
-1.223625629e-07
-1.084180246e-07
-1.141641171e-07
-1.125441196e-07
-1.053696401e-07
-1.153323764e-07
-9.608724368e-08
-1.166751321e-07
-8.644482256e-08
-1.164900217e-07
-7.658806914e-08
-1.147257638e-07
-6.667740198e-08
-1.113672919e-07
-5.688386753e-08
-1.064398133e-07
-4.738417251e-08
-1.000114053e-07
-3.835509776e-08
-9.219384283e-08
-2.996762095e-08
-8.314147146e-08
-2.238112226e-08
-7.304810516e-08
-1.57380544e-08
-6.214210678e-08
-1.015942028e-08
-5.067999672e-08
-5.74132743e-09
-3.893902954e-08
-2.552802071e-09
-2.720907703e-08
-6.348449473e-10
-1.578510618e-08
-4.966835668e-09
-5.588936766e-10
7.818107184e-09
-2.097243084e-09
2.19823794e-08
-4.486905643e-09
3.469646116e-08
-7.610847056e-09
4.600610164e-08
-1.13628669e-08
5.597372644e-08
-1.564737145e-08
6.467296354e-08
-2.037897447e-08
7.218401098e-08
-2.548194197e-08
7.858974177e-08
-3.088951879e-08
8.397246876e-08
-3.654316752e-08
8.841133713e-08
-4.239174821e-08
9.198030093e-08
-4.839066605e-08
9.474663984e-08
-5.450101191e-08
9.676997034e-08
-6.068871668e-08
9.810170131e-08
-6.692373643e-08
9.878487963e-08
-7.317928052e-08
9.885436838e-08
-7.943109074e-08
9.833729885e-08
-8.565677533e-08
9.725373827e-08
-9.183519818e-08
9.561751828e-08
-9.794592149e-08
9.343717415e-08
-1.039686977e-07
9.071695146e-08
-1.098830064e-07
8.745784534e-08
-1.156676319e-07
8.365864532e-08
-1.213002763e-07
7.931696802e-08
-1.267572075e-07
7.443026762e-08
-1.32012939e-07
6.89968212e-08
-1.370399451e-07
6.301669167e-08
-1.418084125e-07
5.649267515e-08
-1.462860375e-07
4.943124186e-08
-1.504378759e-07
4.184348029e-08
-1.542262584e-07
3.374605285e-08
-1.576107879e-07
2.51621686e-08
-1.605484368e-07
1.61225739e-08
-1.629937681e-07
6.666553718e-09
-1.64899299e-07
-3.157108097e-09
-1.662160649e-07
-1.328907599e-08
-1.668943332e-07
-2.365879167e-08
-1.668845744e-07
-3.41834511e-08
-1.66138705e-07
-4.476740899e-08
-1.646116121e-07
-5.530180961e-08
-1.622629724e-07
-6.566456898e-08
-1.590593585e-07
-7.572082191e-08
-1.549766064e-07
-8.532395317e-08
-1.500023837e-07
-9.431733374e-08
-1.441388688e-07
-1.025368737e-07
-1.374054076e-07
-1.098144782e-07
-1.298409811e-07
-1.159824507e-07
-1.215062776e-07
-1.208788227e-07
-1.124851449e-07
-1.243535088e-07
-1.028851918e-07
-1.262750848e-07
-9.283732867e-08
-1.265378844e-07
-8.249408546e-08
-1.250690066e-07
-7.202662509e-08
-1.218347519e-07
-6.16204756e-08
-1.168459624e-07
-5.147012486e-08
-1.101617557e-07
-4.177274589e-08
-1.018912214e-07
-3.272142867e-08
-9.219278829e-08
-2.449836934e-08
-8.127116411e-08
-1.726849443e-08
-6.93719813e-08
-1.117396754e-08
-5.677452323e-08
-6.329944975e-09
-4.378305183e-08
-2.821843876e-09
-3.071717768e-08
-7.041510937e-10
-1.790279856e-08
-5.670986697e-09
-5.626229871e-10
8.380730106e-09
-2.111951698e-09
2.353170834e-08
-4.519484458e-09
3.710399409e-08
-7.667644661e-09
4.9154262e-08
-1.144953658e-08
5.975561852e-08
-1.576877249e-08
6.899219961e-08
-2.05391395e-08
7.695437817e-08
-2.568411156e-08
8.373471402e-08
-3.11362373e-08
8.94245947e-08
-3.683643004e-08
9.411153008e-08
-4.273318663e-08
9.787705774e-08
-4.878176221e-08
1.007952156e-07
-5.494332627e-08
1.029315346e-07
-6.11841225e-08
1.043424978e-07
-6.747465084e-08
1.050754082e-07
-7.378888541e-08
1.051686032e-07
-8.010353783e-08
1.046519516e-07
-8.639737067e-08
1.035475714e-07
-9.265056268e-08
1.018707106e-07
-9.884412416e-08
9.963073596e-08
-1.049593592e-07
9.68321869e-08
-1.109773707e-07
9.347585712e-08
-1.168786023e-07
8.955987735e-08
-1.226424156e-07
8.508078169e-08
-1.282466964e-07
8.003454876e-08
-1.336674909e-07
7.441761615e-08
-1.388786718e-07
6.822787298e-08
-1.438516358e-07
6.146563958e-08
-1.485550396e-07
5.413464608e-08
-1.529545814e-07
4.624302247e-08
-1.570128397e-07
3.780431162e-08
-1.606891851e-07
2.883851447e-08
-1.639397829e-07
1.937317217e-08
-1.66717712e-07
9.444483218e-09
-1.689732371e-07
-9.015824728e-10
-1.706542159e-07
-1.160809679e-08
-1.717067899e-07
-2.260621712e-08
-1.720762084e-07
-3.381403222e-08
-1.717080162e-07
-4.513560069e-08
-1.705495513e-07
-5.646027409e-08
-1.685517883e-07
-6.766233149e-08
-1.656715428e-07
-7.860106696e-08
-1.618740233e-07
-8.912147223e-08
-1.571356896e-07
-9.905566688e-08
-1.514473358e-07
-1.082252271e-07
-1.448172669e-07
-1.164445466e-07
-1.372743928e-07
-1.235253243e-07
-1.288710079e-07
-1.292822071e-07
-1.196849917e-07
-1.335395245e-07
-1.098211405e-07
-1.361389356e-07
-9.941135082e-08
-1.369476737e-07
-8.861341602e-08
-1.358669409e-07
-7.760828239e-08
-1.328398851e-07
-6.65957289e-08
-1.278585155e-07
-5.57885849e-08
-1.209688992e-07
-4.540575912e-08
-1.122740468e-07
-3.566450211e-08
-1.019340449e-07
-2.677243838e-08
-9.01632274e-08
-1.891996123e-08
-7.722445801e-08
-1.227356771e-08
-6.342091633e-08
-6.970628163e-09
-4.908599087e-08
-3.115964208e-09
-3.457184128e-08
-7.803303374e-10
-2.023843209e-08
-6.4513169e-09
-5.639489754e-10
8.944679328e-09
-2.11795586e-09
2.508571537e-08
-4.533898078e-09
3.951993653e-08
-7.694230918e-09
5.231459508e-08
-1.149180032e-08
6.355318817e-08
-1.582974854e-08
7.333014809e-08
-2.062127016e-08
8.174590005e-08
-2.578921217e-08
8.89026563e-08
-3.126554119e-08
9.490092399e-08
-3.699069972e-08
9.983668889e-08
-4.291287657e-08
1.037992349e-07
-4.898721854e-08
1.068695579e-07
-5.517501e-08
1.091193264e-07
-6.144284453e-08
1.106103327e-07
-6.776180889e-08
1.113943729e-07
-7.410669503e-08
1.115134897e-07
-8.045525102e-08
1.110005079e-07
-8.678747733e-08
1.098797981e-07
-9.308497101e-08
1.081682047e-07
-9.933031704e-08
1.058760824e-07
-1.05506524e-07
1.030083943e-07
-1.115965004e-07
9.956583386e-08
-1.175825656e-07
9.554594301e-08
-1.234459934e-07
9.094420996e-08
-1.29166582e-07
8.575513783e-08
-1.347222498e-07
7.997328445e-08
-1.400886559e-07
7.359427958e-08
-1.452388467e-07
6.661583087e-08
-1.501429326e-07
5.903873251e-08
-1.547678017e-07
5.086789213e-08
-1.590768804e-07
4.211339081e-08
-1.630299544e-07
3.279158903e-08
-1.665830696e-07
2.292628791e-08
-1.696885348e-07
1.254994896e-08
-1.722950735e-07
1.704956745e-09
-1.743480722e-07
-9.555097529e-09
-1.757902055e-07
-2.116408328e-08
-1.765620662e-07
-3.304217098e-08
-1.766032576e-07
-4.509440877e-08
-1.758538076e-07
-5.72097235e-08
-1.7425598e-07
-6.926015861e-08
-1.717565152e-07
-8.11005312e-08
-1.683093139e-07
-9.256867296e-08
-1.638785418e-07
-1.034864385e-07
-1.584420922e-07
-1.136616762e-07
-1.519952893e-07
-1.22891349e-07
-1.445546494e-07
-1.309659637e-07
-1.361614544e-07
-1.376754016e-07
-1.268848301e-07
-1.428161484e-07
-1.168239804e-07
-1.461997848e-07
-1.061092167e-07
-1.476624368e-07
-9.490144996e-08
-1.470747072e-07
-8.338989441e-08
-1.443514401e-07
-7.178786486e-08
-1.394605445e-07
-6.032672519e-08
-1.324300384e-07
-4.924824841e-08
-1.23352523e-07
-3.879584933e-08
-1.123864435e-07
-2.920531664e-08
-9.97537596e-08
-2.069577277e-08
-8.573400139e-08
-1.346160011e-08
-7.065508851e-08
-7.6659934e-09
-5.488159719e-08
-3.436659462e-09
-3.880117468e-08
-8.638616704e-10
-2.281122938e-08
-7.315178472e-09
-5.629237237e-10
9.507603082e-09
-2.11545094e-09
2.663824297e-08
-4.530547005e-09
4.193503293e-08
-7.691230303e-09
5.54752787e-08
-1.149047764e-08
6.735243583e-08
-1.583123726e-08
7.767090804e-08
-2.062630022e-08
8.654096334e-08
-2.579801166e-08
9.407436808e-08
-3.127783642e-08
1.003807491e-07
-3.700579689e-08
1.055646497e-07
-4.292980693e-08
1.097232453e-07
-4.900492972e-08
1.129446811e-07
-5.519258782e-08
1.153069849e-07
-6.145975189e-08
1.168774971e-07
-6.777813074e-08
1.177127522e-07
-7.41233807e-08
1.178587401e-07
-8.047434713e-08
1.173514748e-07
-8.681234627e-08
1.162177977e-07
-9.312049109e-08
1.1447635e-07
-9.938306162e-08
1.121386534e-07
-1.055849174e-07
1.092102506e-07
-1.117109485e-07
1.056918655e-07
-1.177455601e-07
1.015805551e-07
-1.23672186e-07
9.687083641e-08
-1.294728276e-07
9.155578e-08
-1.351276138e-07
8.562807124e-08
-1.406143812e-07
7.908104749e-08
-1.459082734e-07
7.19097237e-08
-1.509813633e-07
6.411182303e-08
-1.558023009e-07
5.568883031e-08
-1.603359963e-07
4.664708679e-08
-1.645433493e-07
3.699894265e-08
-1.683810424e-07
2.676398165e-08
-1.718014199e-07
1.597032707e-08
-1.747524885e-07
4.656025991e-09
-1.771780403e-07
-7.129545038e-09
-1.790180829e-07
-1.932404009e-08
-1.802093254e-07
-3.185092785e-08
-1.806860918e-07
-4.461764176e-08
-1.803815946e-07
-5.751422007e-08
-1.792296457e-07
-7.041210696e-08
-1.771668623e-07
-8.3163314e-08
-1.741354085e-07
-9.560012608e-08
-1.70086281e-07
-1.075355655e-07
-1.649831027e-07
-1.187648538e-07
-1.588063305e-07
-1.290681207e-07
-1.515577023e-07
-1.382145913e-07
-1.432646715e-07
-1.459684317e-07
-1.339844871e-07
-1.520963322e-07
-1.238075099e-07
-1.563767614e-07
-1.128593158e-07
-1.586106304e-07
-1.013011404e-07
-1.586328819e-07
-8.932829294e-08
-1.563242871e-07
-7.716630228e-08
-1.516225346e-07
-6.506476577e-08
-1.445315744e-07
-5.328911832e-08
-1.3512817e-07
-4.211080566e-08
-1.235647556e-07
-3.179658026e-08
-1.100679845e-07
-2.2597802e-08
-9.493277911e-08
-1.474067928e-08
-7.851221071e-08
-8.418321639e-09
-6.120395425e-08
-3.785322537e-09
-4.34341733e-08
-9.55212824e-10
-2.564133864e-08
-8.270391143e-09
-5.596506465e-10
1.006725405e-08
-2.104817096e-09
2.818340973e-08
-4.510207753e-09
4.434042396e-08
-7.659872502e-09
5.862494384e-08
-1.144724276e-08
7.113980649e-08
-1.577528617e-08
8.199895186e-08
-2.055652329e-08
9.132220086e-08
-2.571287481e-08
9.923072002e-08
-3.117534541e-08
1.058432201e-07
-3.688355822e-08
1.11272863e-07
-4.278516336e-08
1.156248509e-07
-4.88351499e-08
1.189946681e-07
-5.49950919e-08
1.214669274e-07
-6.123235812e-08
1.231147638e-07
-6.751931095e-08
1.239997055e-07
-7.383251528e-08
1.24171945e-07
-8.015197257e-08
1.236709326e-07
-8.646039024e-08
1.225262159e-07
-9.274249153e-08
1.207584518e-07
-9.898436737e-08
1.183805298e-07
-1.051728688e-07
1.153987526e-07
-1.112950364e-07
1.118140337e-07
-1.173375623e-07
1.076230816e-07
-1.232862795e-07
1.028195542e-07
-1.291256738e-07
9.739517494e-08
-1.348384143e-07
9.13408124e-08
-1.404048987e-07
8.464753252e-08
-1.458028119e-07
7.730763757e-08
-1.510066983e-07
6.931571011e-08
-1.559875495e-07
6.066968216e-08
-1.607124131e-07
5.137195111e-08
-1.651440325e-07
4.143056268e-08
-1.692405304e-07
3.086048025e-08
-1.729551593e-07
1.968495665e-08
-1.762361459e-07
7.937013349e-09
-1.790266646e-07
-4.339025654e-09
-1.812650261e-07
-1.70856779e-08
-1.828850247e-07
-3.023092855e-08
-1.838166023e-07
-4.368606349e-08
-1.839869212e-07
-5.734390044e-08
-1.833219016e-07
-7.107712593e-08
-1.817483081e-07
-8.47369068e-08
-1.791964592e-07
-9.815197434e-08
-1.756036035e-07
-1.111284206e-07
-1.709179672e-07
-1.234504895e-07
-1.651034104e-07
-1.348826768e-07
-1.581445467e-07
-1.451734544e-07
-1.500520759e-07
-1.540609019e-07
-1.408679716e-07
-1.612804359e-07
-1.306700569e-07
-1.665746755e-07
-1.195754259e-07
-1.697052608e-07
-1.077421392e-07
-1.70466168e-07
-9.536866808e-08
-1.686977576e-07
-8.269069579e-08
-1.643005063e-07
-6.997511234e-08
-1.572471573e-07
-5.751133992e-08
-1.475919418e-07
-4.560046587e-08
-1.354756291e-07
-3.454298586e-08
-1.211254639e-07
-2.462620931e-08
-1.048495551e-07
-1.611249883e-08
-8.702592063e-08
-9.229482075e-09
-6.808697051e-08
-4.163214005e-09
-4.850044075e-08
-1.054834357e-09
-2.874971771e-08
-9.325225373e-09
-5.542933517e-10
1.062154753e-08
-2.086646753e-09
2.971576366e-08
-4.474089194e-09
4.672786688e-08
-7.602083175e-09
6.17529383e-08
-1.13647523e-08
7.490247608e-08
-1.566521778e-08
8.629941781e-08
-2.041579386e-08
9.607277743e-08
-2.553799794e-08
1.043529246e-07
-3.096237259e-08
1.112675953e-07
-3.662813101e-08
1.169386219e-07
-4.248264985e-08
1.214793703e-07
-4.848084121e-08
1.2499286e-07
-5.458443829e-08
1.27570525e-07
-6.076122795e-08
1.29291554e-07
-6.698425949e-08
1.302227376e-07
-7.323105367e-08
1.304187397e-07
-7.948283006e-08
1.299227096e-07
-8.572376487e-08
1.287671513e-07
-9.194028636e-08
1.269749739e-07
-9.812041039e-08
1.245606545e-07
-1.042531156e-07
1.215314584e-07
-1.103277548e-07
1.178886735e-07
-1.163334986e-07
1.136288261e-07
-1.222588056e-07
1.087448619e-07
-1.28090913e-07
1.03227283e-07
-1.338153434e-07
9.70652435e-08
-1.394154225e-07
9.024761231e-08
-1.448718037e-07
8.276401948e-08
-1.501619978e-07
7.460590502e-08
-1.552599078e-07
6.576759282e-08
-1.601353694e-07
5.624741347e-08
-1.647537063e-07
4.604890034e-08
-1.69075308e-07
3.518208276e-08
-1.730552497e-07
2.366489915e-08
-1.766429803e-07
1.152474465e-08
-1.797821334e-07
-1.19987178e-09
-1.824104201e-07
-1.445739039e-08
-1.84459879e-07
-2.818146892e-08
-1.858571906e-07
-4.228875113e-08
-1.865245064e-07
-5.667658391e-08
-1.863807354e-07
-7.12208962e-08
-1.853434191e-07
-8.577422234e-08
-1.833313021e-07
-1.001640907e-07
-1.802676865e-07
-1.141920354e-07
-1.760846223e-07
-1.27633553e-07
-1.707279206e-07
-1.402393778e-07
-1.64162887e-07
-1.517384873e-07
-1.563805522e-07
-1.61843236e-07
-1.474040383e-07
-1.702569491e-07
-1.37294554e-07
-1.766841591e-07
-1.261563854e-07
-1.808434287e-07
-1.141401726e-07
-1.824823802e-07
-1.014437652e-07
-1.813941644e-07
-8.831006716e-08
-1.774342037e-07
-7.502151907e-08
-1.705357047e-07
-6.189121655e-08
-1.607222437e-07
-4.925109391e-08
-1.481157511e-07
-3.743803637e-08
-1.329385208e-07
-2.677915322e-08
-1.155084376e-07
-1.757766058e-08
-9.622741267e-08
-1.010084553e-08
-7.556378492e-08
-4.571429185e-09
-5.402985651e-08
-1.163153436e-09
-3.215799291e-08
-1.048837864e-08
-5.470826327e-10
1.116863055e-08
-2.061774059e-09
3.123045554e-08
-4.423892574e-09
4.908998591e-08
-7.520580166e-09
6.484962642e-08
-1.124677998e-08
7.862867643e-08
-1.550580204e-08
9.055844041e-08
-2.020973522e-08
1.007767112e-07
-2.52796487e-08
1.094228386e-07
-3.064557233e-08
1.166335195e-07
-3.624626594e-08
1.225393161e-07
-4.202880375e-08
1.272619086e-07
-4.794800992e-08
1.309120667e-07
-5.396578452e-08
1.335883002e-07
-6.005035822e-08
1.353761283e-07
-6.617550954e-08
1.363478896e-07
-7.231977269e-08
1.365630035e-07
-7.846565711e-08
1.360685946e-07
-8.459889356e-08
1.349003884e-07
-9.07077155e-08
1.330837965e-07
-9.67821798e-08
1.306351194e-07
-1.028135268e-07
1.275628062e-07
-1.087935774e-07
1.238687248e-07
-1.147141618e-07
1.195494112e-07
-1.205665756e-07
1.145972764e-07
-1.263410552e-07
1.090017633e-07
-1.320262675e-07
1.027504566e-07
-1.376088069e-07
9.583015248e-08
-1.430726941e-07
8.822790747e-08
-1.483988722e-07
7.993208382e-08
-1.535646961e-07
7.093341757e-08
-1.585434161e-07
6.122613428e-08
-1.633036553e-07
5.080914039e-08
-1.678088901e-07
3.968731838e-08
-1.720169449e-07
2.787295472e-08
-1.758795247e-07
1.538732527e-08
-1.793418422e-07
2.262446569e-09
-1.823422479e-07
-1.145698381e-08
-1.848123124e-07
-2.57114036e-08
-1.866767793e-07
-4.042428345e-08
-1.878540913e-07
-5.549927116e-08
-1.88257352e-07
-7.081763467e-08
-1.877958925e-07
-8.623568103e-08
-1.86377586e-07
-1.015823965e-07
-1.839120464e-07
-1.166575742e-07
-1.803148205e-07
-1.312307782e-07
-1.755126229e-07
-1.450415747e-07
-1.694495763e-07
-1.578015331e-07
-1.620942846e-07
-1.691985271e-07
-1.534474003e-07
-1.789038327e-07
-1.435491642e-07
-1.865823946e-07
-1.324862039e-07
-1.919063882e-07
-1.20396742e-07
-1.945718414e-07
-1.074733008e-07
-1.94317605e-07
-9.396206754e-08
-1.909454363e-07
-8.015831548e-08
-1.843394561e-07
-6.639766912e-08
-1.744828894e-07
-5.304352758e-08
-1.61469892e-07
-4.047153199e-08
-1.455105157e-07
-2.905248542e-08
-1.269274835e-07
-1.913549133e-08
-1.061444061e-07
-1.103319198e-08
-8.36660837e-08
-5.010862072e-09
-6.005218575e-08
-1.280566099e-09
-3.588828824e-08
-1.176894459e-08
-5.383263695e-10
1.170695713e-08
-2.031306661e-09
3.272343648e-08
-4.361876417e-09
5.142055628e-08
-7.418977056e-09
6.790672766e-08
-1.109836023e-08
8.230806021e-08
-1.530343836e-08
9.476351914e-08
-1.99459557e-08
1.054192291e-07
-2.494641149e-08
1.14423295e-07
-3.023421814e-08
1.219213267e-07
-3.574760509e-08
1.280527036e-07
-4.143329905e-08
1.329476032e-07
-4.724602279e-08
1.367247911e-07
-5.314785857e-08
1.394901366e-07
-5.91075208e-08
1.413357912e-07
-6.509957743e-08
1.423399469e-07
-7.110365259e-08
1.425670793e-07
-7.710363538e-08
1.420685781e-07
-8.308691227e-08
1.40883666e-07
-8.904363376e-08
1.390405187e-07
-9.496602074e-08
1.365575072e-07
-1.008477113e-07
1.334444975e-07
-1.066831458e-07
1.2970416e-07
-1.124669853e-07
1.253332515e-07
-1.181935578e-07
1.203238496e-07
-1.238563242e-07
1.146645306e-07
-1.294473579e-07
1.083414911e-07
-1.349568287e-07
1.01339624e-07
-1.40372484e-07
9.364356364e-08
-1.456791212e-07
8.523872182e-08
-1.508580429e-07
7.611234016e-08
-1.558864931e-07
6.625458529e-08
-1.6073707e-07
5.565971818e-08
-1.653771199e-07
4.432736919e-08
-1.69768118e-07
3.226395371e-08
-1.738650548e-07
1.948426292e-08
-1.77615861e-07
6.013253643e-09
-1.809608603e-07
-8.111983611e-09
-1.838325129e-07
-2.283975015e-08
-1.861551202e-07
-3.810167536e-08
-1.87844954e-07
-5.380943647e-08
-1.888108288e-07
-6.985175909e-08
-1.889552656e-07
-8.609124331e-08
-1.881764301e-07
-1.023612312e-07
-1.863710257e-07
-1.184629779e-07
-1.834383169e-07
-1.341634861e-07
-1.792854107e-07
-1.491944801e-07
-1.738338394e-07
-1.632531037e-07
-1.670273549e-07
-1.760050108e-07
-1.588406559e-07
-1.87090531e-07
-1.492885357e-07
-1.96134514e-07
-1.38434695e-07
-2.027602282e-07
-1.263992303e-07
-2.066073054e-07
-1.133636705e-07
-2.073531642e-07
-9.957242956e-08
-2.047366765e-07
-8.532974249e-08
-1.985821425e-07
-7.099157315e-08
-1.888210581e-07
-5.695259981e-08
-1.755088646e-07
-4.362912027e-08
-1.588339946e-07
-3.143943933e-08
-1.391171638e-07
-2.078385393e-08
-1.167999909e-07
-1.202661316e-08
-9.242332379e-08
-5.48216739e-09
-6.659663085e-08
-1.407429617e-09
-3.99630254e-08
-1.317637403e-08
-5.28418415e-10
1.223537598e-08
-1.996661513e-09
3.419168017e-08
-4.290928868e-09
5.371482427e-08
-7.301897339e-09
7.091769678e-08
-1.092594455e-08
8.593210807e-08
-1.506635052e-08
9.890392576e-08
-1.963427608e-08
1.099871553e-07
-2.454943988e-08
1.193384595e-07
-2.974047264e-08
1.271123602e-07
-3.514496297e-08
1.334571946e-07
-4.07092332e-08
1.385118741e-07
-4.638789634e-08
1.424034549e-07
-5.214324928e-08
1.452454902e-07
-5.794455486e-08
1.471370975e-07
-6.376725923e-08
1.48162652e-07
-6.95921823e-08
1.483920031e-07
-7.540471021e-08
1.478811068e-07
-8.119401026e-08
1.466729668e-07
-8.695228082e-08
1.447987901e-07
-9.267404276e-08
1.422792699e-07
-9.8355474e-08
1.391259295e-07
-1.039937849e-07
1.353424717e-07
-1.095866297e-07
1.309260972e-07
-1.151315476e-07
1.258687683e-07
-1.206254249e-07
1.201584087e-07
-1.260639707e-07
1.137800378e-07
-1.314411959e-07
1.067168501e-07
-1.367488859e-07
9.895125446e-08
-1.419760585e-07
9.046589536e-08
-1.471083978e-07
8.12446803e-08
-1.521276547e-07
7.127384311e-08
-1.570110106e-07
6.054307499e-08
-1.617303991e-07
4.90467585e-08
-1.662517885e-07
3.678534412e-08
-1.705344373e-07
2.376691255e-08
-1.745301379e-07
1.000895516e-08
-1.781824875e-07
-4.459633053e-09
-1.814262738e-07
-1.959596297e-08
-1.841869629e-07
-3.534098536e-08
-1.8638038e-07
-5.161601852e-08
-1.879128379e-07
-6.831930026e-08
-1.886818171e-07
-8.532226324e-08
-1.885774058e-07
-1.024656417e-07
-1.874847321e-07
-1.195556507e-07
-1.852876275e-07
-1.363605899e-07
-1.81873737e-07
-1.526083698e-07
-1.771412248e-07
-1.679856151e-07
-1.710070958e-07
-1.82139139e-07
-1.634169523e-07
-1.946806738e-07
-1.543557375e-07
-2.05195728e-07
-1.438586999e-07
-2.132572651e-07
-1.320214868e-07
-2.184445178e-07
-1.190080172e-07
-2.203666331e-07
-1.050546694e-07
-2.186900236e-07
-9.046944513e-08
-2.131673661e-07
-7.562518325e-08
-2.036653193e-07
-6.094660183e-08
-1.901874454e-07
-4.689186281e-08
-1.728887329e-07
-3.393032364e-08
-1.520787022e-07
-2.251895914e-08
-1.282113547e-07
-1.308041656e-08
-1.018618657e-07
-5.985723145e-09
-7.369132357e-08
-1.544054495e-09
-4.440469337e-08
-1.472042835e-08
-5.178511108e-10
1.275322738e-08
-1.959606159e-09
3.563343596e-08
-4.214650559e-09
5.596986939e-08
-7.175103604e-09
7.387815053e-08
-1.073757555e-08
8.949458071e-08
-1.480479943e-08
1.029711503e-07
-1.9286972e-08
1.144693286e-07
-2.410271841e-08
1.241542066e-07
-2.917965864e-08
1.321893011e-07
-3.445459796e-08
1.387321347e-07
-3.987339214e-08
1.439306691e-07
-4.539055096e-08
1.479206145e-07
-5.096864733e-08
1.508235874e-07
-5.657759473e-08
1.527460457e-07
-6.219384765e-08
1.537789057e-07
-6.779956905e-08
1.539977253e-07
-7.338179816e-08
1.534633367e-07
-7.893164194e-08
1.522228114e-07
-8.444350457e-08
1.503106535e-07
-8.991436252e-08
1.477501286e-07
-9.534308694e-08
1.445546548e-07
-1.007298112e-07
1.407291969e-07
-1.060753384e-07
1.362716252e-07
-1.113805815e-07
1.311740123e-07
-1.166460272e-07
1.254238553e-07
-1.218712141e-07
1.190052256e-07
-1.270542138e-07
1.118998507e-07
-1.321911049e-07
1.040881465e-07
-1.37275427e-07
9.555021828e-08
-1.422976036e-07
8.626685784e-08
-1.472443238e-07
7.622056423e-08
-1.520978706e-07
6.539662276e-08
-1.568353901e-07
5.378427897e-08
-1.614280962e-07
4.137805116e-08
-1.658404134e-07
2.817923068e-08
-1.700290716e-07
1.419761432e-08
-1.739422031e-07
-5.465006117e-10
-1.775183456e-07
-1.601981956e-08
-1.806858032e-07
-3.217352687e-08
-1.833617984e-07
-4.894002245e-08
-1.854521445e-07
-6.622895321e-08
-1.868513726e-07
-8.392303426e-08
-1.874435669e-07
-1.018734466e-07
-1.871041818e-07
-1.19895035e-07
-1.857031421e-07
-1.377616288e-07
-1.831095351e-07
-1.55201976e-07
-1.791981642e-07
-1.718969852e-07
-1.738581236e-07
-1.874791788e-07
-1.670033587e-07
-2.015354379e-07
-1.585848828e-07
-2.136142031e-07
-1.486039364e-07
-2.232382108e-07
-1.371249436e-07
-2.299235098e-07
-1.242867172e-07
-2.332048588e-07
-1.103100927e-07
-2.326666475e-07
-9.55001681e-08
-2.2797729e-07
-8.024168091e-08
-2.189238058e-07
-6.498681512e-08
-2.054423105e-07
-5.023583773e-08
-1.876397096e-07
-3.65122348e-08
-1.658023045e-07
-2.43351887e-08
-1.403884001e-07
-1.419303516e-08
-1.120040186e-07
-6.521596334e-09
-8.136276168e-08
-1.690697792e-09
-4.923559125e-08
-1.641112597e-08
-5.072284449e-10
1.32604563e-08
-1.922308454e-09
3.704851666e-08
-4.137452805e-09
5.818501447e-08
-7.045648054e-09
7.678634652e-08
-1.054308577e-08
9.299201917e-08
-1.453132058e-08
1.069593859e-07
-1.891903698e-08
1.188570457e-07
-2.362333711e-08
1.288585075e-07
-2.857053176e-08
1.371364965e-07
-3.369647174e-08
1.438580754e-07
-3.894648774e-08
1.491806858e-07
-4.427502056e-08
1.532491481e-07
-4.964502424e-08
1.561935918e-07
-5.502721793e-08
1.581282402e-07
-6.039925086e-08
1.591509394e-07
-6.574483159e-08
1.593433068e-07
-7.105285942e-08
1.587713653e-07
-7.631658404e-08
1.574865368e-07
-8.153280945e-08
1.555268797e-07
-8.670114999e-08
1.5291847e-07
-9.182334017e-08
1.496768458e-07
-9.690259584e-08
1.458084534e-07
-1.019430204e-07
1.413120507e-07
-1.069490481e-07
1.361800409e-07
-1.119249149e-07
1.303997229e-07
-1.168741447e-07
1.239544563e-07
-1.217990413e-07
1.168247482e-07
-1.267001704e-07
1.089892766e-07
-1.315758213e-07
1.004258701e-07
-1.364214316e-07
9.111246908e-08
-1.412289629e-07
8.102809639e-08
-1.459862125e-07
7.015387329e-08
-1.5067605e-07
5.847411741e-08
-1.552755671e-07
4.597756926e-08
-1.597551362e-07
3.26588007e-08
-1.640773834e-07
1.851986248e-08
-1.681961111e-07
3.572228022e-09
-1.72055044e-07
-1.216088568e-08
-1.755869284e-07
-2.864164157e-08
-1.787122814e-07
-4.581466846e-08
-1.813385587e-07
-6.360267505e-08
-1.833596854e-07
-8.190190662e-08
-1.846562029e-07
-1.005769282e-07
-1.850963311e-07
-1.194549059e-07
-1.845383051e-07
-1.38319654e-07
-1.828343847e-07
-1.569058956e-07
-1.798369347e-07
-1.748944344e-07
-1.754069032e-07
-1.919092095e-07
-1.694248526e-07
-2.075174877e-07
-1.618043978e-07
-2.212346572e-07
-1.525074698e-07
-2.325351381e-07
-1.415602847e-07
-2.408706941e-07
-1.290683221e-07
-2.456968206e-07
-1.15228146e-07
-2.46506823e-07
-1.003336927e-07
-2.428717426e-07
-8.477487823e-08
-2.344826196e-07
-6.902713764e-08
-2.211900504e-07
-5.363179791e-08
-2.030350486e-07
-3.916880319e-08
-1.802652985e-07
-2.622493969e-08
-1.533322629e-07
-1.536195138e-08
-1.228670063e-07
-7.089515957e-09
-8.963519641e-08
-1.847558289e-09
-5.447754824e-08
-1.825868407e-08
-4.972845175e-10
1.375774117e-08
-1.887397971e-09
3.843863093e-08
-4.064677209e-09
6.03622945e-08
-6.922052561e-09
7.964372265e-08
-1.035433044e-08
9.642429782e-08
-1.426099472e-08
1.108660509e-07
-1.854847279e-08
1.231445246e-07
-2.313178254e-08
1.33441818e-07
-2.793555493e-08
1.419402697e-07
-3.289449271e-08
1.48817014e-07
-3.79533596e-08
1.542395535e-07
-4.306660591e-08
1.583623952e-07
-4.819773392e-08
1.613247206e-07
-5.331849457e-08
1.632490016e-07
-5.840799174e-08
1.642404374e-07
-6.345175288e-08
1.643870688e-07
-6.844080859e-08
1.637604219e-07
-7.337080986e-08
1.624165389e-07
-7.824119952e-08
1.603972703e-07
-8.305444578e-08
1.577317171e-07
-8.781533876e-08
1.544377397e-07
-9.253034634e-08
1.505234618e-07
-9.720702193e-08
1.459887271e-07
-1.01853455e-07
1.408264749e-07
-1.064777534e-07
1.350240222e-07
-1.110875447e-07
1.285642485e-07
-1.156894846e-07
1.21426689e-07
-1.202887571e-07
1.135885499e-07
-1.248885518e-07
1.050256657e-07
-1.294895034e-07
9.571342164e-08
-1.34089076e-07
8.562766995e-08
-1.386808757e-07
7.474567396e-08
-1.432538753e-07
6.304711795e-08
-1.477915351e-07
5.051522999e-08
-1.522708072e-07
3.713807377e-08
-1.5666102e-07
2.291007616e-08
-1.609226403e-07
7.83384937e-09
-1.650059019e-07
-8.077623154e-09
-1.688494992e-07
-2.479804338e-08
-1.723791081e-07
-4.228505865e-08
-1.755060157e-07
-6.047576651e-08
-1.78126044e-07
-7.928187749e-08
-1.801189524e-07
-9.858401881e-08
-1.813486364e-07
-1.182252211e-07
-1.816645171e-07
-1.380037724e-07
-1.809046032e-07
-1.576658087e-07
-1.789007486e-07
-1.768982881e-07
-1.754866196e-07
-1.953233377e-07
-1.705087542e-07
-2.124953523e-07
-1.638408239e-07
-2.279025867e-07
-1.554007452e-07
-2.40975216e-07
-1.451696488e-07
-2.511017898e-07
-1.332109621e-07
-2.576555066e-07
-1.196871341e-07
-2.600306502e-07
-1.048710403e-07
-2.576878357e-07
-8.914910129e-08
-2.502045579e-07
-7.301382527e-08
-2.373253257e-07
-5.704490253e-08
-2.190039707e-07
-4.187998822e-08
-1.954302121e-07
-2.817850305e-08
-1.670337474e-07
-1.658364307e-08
-1.344618656e-07
-7.688857743e-09
-9.852998101e-08
-2.014775348e-09
-6.015162996e-08
-2.027345926e-08
-4.889056646e-10
1.424664733e-08
-1.858044196e-09
3.980777023e-08
-4.002745106e-09
6.250699621e-08
-6.814529103e-09
8.245550745e-08
-1.018546567e-08
9.979523518e-08
-1.401176232e-08
1.146923484e-07
-1.819661482e-08
1.273293779e-07
-2.265224905e-08
1.37897453e-07
-2.730117317e-08
1.465891946e-07
-3.207673689e-08
1.535925785e-07
-3.692312944e-08
1.590859468e-07
-4.179495507e-08
1.632342216e-07
-4.665651589e-08
1.661862823e-07
-5.148091368e-08
1.680734002e-07
-5.624906008e-08
1.690085846e-07
-6.094866239e-08
1.690866719e-07
-6.55732323e-08
1.683849926e-07
-7.012114732e-08
1.669644548e-07
-7.459478188e-08
1.648709057e-07
-7.899971435e-08
1.621366505e-07
-8.334400934e-08
1.587820355e-07
-8.763756964e-08
1.54817023e-07
-9.189154856e-08
1.50242707e-07
-9.611781196e-08
1.450527392e-07
-1.003284371e-07
1.392346482e-07
-1.045352351e-07
1.327710474e-07
-1.087492826e-07
1.256407375e-07
-1.129804475e-07
1.178197157e-07
-1.172368922e-07
1.092821114e-07
-1.215245385e-07
1.000010688e-07
-1.258464738e-07
8.994960623e-08
-1.302022824e-07
7.910148348e-08
-1.345872789e-07
6.743211541e-08
-1.389916263e-07
5.491957826e-08
-1.433993171e-07
4.154576555e-08
-1.477870047e-07
2.729776467e-08
-1.521226704e-07
1.2169516e-08
-1.563641304e-07
-3.836162217e-09
-1.604574187e-07
-2.070475409e-08
-1.643351151e-07
-3.840736132e-08
-1.679144743e-07
-5.689640647e-08
-1.710957645e-07
-7.610058646e-08
-1.737609112e-07
-9.591887118e-08
-1.757727594e-07
-1.162133721e-07
-1.769753699e-07
-1.36801161e-07
-1.771958886e-07
-1.574452892e-07
-1.762486282e-07
-1.778455477e-07
-1.739420611e-07
-1.97629904e-07
-1.700893689e-07
-2.163480438e-07
-1.645229783e-07
-2.334689766e-07
-1.571130644e-07
-2.483851292e-07
-1.477892975e-07
-2.60425556e-07
-1.365641795e-07
-2.688806239e-07
-1.23555295e-07
-2.730395341e-07
-1.09002945e-07
-2.72240185e-07
-9.327926212e-08
-2.659282402e-07
-7.688535954e-08
-2.537192276e-07
-6.043453448e-08
-2.354547951e-07
-4.462193541e-08
-2.112428105e-07
-3.018398823e-08
-1.814716939e-07
-1.785356182e-08
-1.467922913e-07
-8.318646871e-09
-1.080648953e-07
-2.192433301e-09
-6.627784289e-08
-2.246589237e-08
-4.831612855e-10
1.472980901e-08
-1.838057729e-09
4.116266752e-08
-3.959347551e-09
6.462828687e-08
-6.735254223e-09
8.523141494e-08
-1.005328633e-08
1.031132681e-07
-1.380479377e-08
1.184438566e-07
-1.788850014e-08
1.31413085e-07
-2.221297176e-08
1.422219254e-07
-2.669808374e-08
1.510743074e-07
-3.127563401e-08
1.581701296e-07
-3.588928926e-08
1.636996029e-07
-4.049404597e-08
1.678389792e-07
-4.50553703e-08
1.707476074e-07
-4.954815247e-08
1.725661832e-07
-5.395558042e-08
1.734160134e-07
-5.826800854e-08
1.733991009e-07
-6.248187219e-08
1.725988571e-07
-6.659867837e-08
1.710812619e-07
-7.062408741e-08
1.688963156e-07
-7.456708961e-08
1.660796535e-07
-7.843927295e-08
1.626542197e-07
-8.225417313e-08
1.586319241e-07
-8.602669442e-08
1.540152291e-07
-8.977258789e-08
1.487986335e-07
-9.350797259e-08
1.429700338e-07
-9.724888498e-08
1.365119607e-07
-1.010108409e-07
1.294026943e-07
-1.048083941e-07
1.216172698e-07
-1.086546745e-07
1.131283927e-07
-1.125608877e-07
1.039072829e-07
-1.165357577e-07
9.392447718e-08
-1.205848907e-07
8.315061731e-08
-1.247100382e-07
7.155726385e-08
-1.289082371e-07
5.911777805e-08
-1.331707993e-07
4.580832872e-08
-1.374821287e-07
3.160909492e-08
-1.418183473e-07
1.65057356e-08
-1.461457274e-07
4.912187312e-10
-1.504188054e-07
-1.643167516e-08
-1.545786187e-07
-3.424754714e-08
-1.585503755e-07
-5.292464886e-08
-1.622412703e-07
-7.240969078e-08
-1.655383955e-07
-9.26217451e-08
-1.683070451e-07
-1.134447217e-07
-1.703898228e-07
-1.347183826e-07
-1.71607118e-07
-1.562279932e-07
-1.717596805e-07
-1.776929845e-07
-1.706341605e-07
-1.987554233e-07
-1.68012536e-07
-2.189696676e-07
-1.636862275e-07
-2.377952843e-07
-1.574753245e-07
-2.545960315e-07
-1.49252625e-07
-2.686482548e-07
-1.389711152e-07
-2.791621331e-07
-1.266921866e-07
-2.853184621e-07
-1.126105731e-07
-2.863217978e-07
-9.707110733e-08
-2.814677054e-07
-8.057243808e-08
-2.702178963e-07
-6.375420688e-08
-2.522730257e-07
-4.736690412e-08
-2.276301127e-07
-3.222730584e-08
-1.966112916e-07
-1.916615445e-08
-1.598534422e-07
-8.97758533e-09
-1.182534637e-07
-2.380573661e-09
-7.28748539e-08
-2.484646589e-08
-4.813437012e-10
1.52111532e-08
-1.832023205e-09
4.251334784e-08
-3.94368993e-09
6.673995443e-08
-6.698714569e-09
8.798644041e-08
-9.977640152e-09
1.063921945e-07
-1.366492811e-08
1.221311454e-07
-1.765328419e-08
1.354014419e-07
-2.18465787e-08
1.464152208e-07
-2.616148941e-08
1.553892189e-07
-3.052809738e-08
1.625367384e-07
-3.488969294e-08
1.680611993e-07
-3.920203359e-08
1.721513206e-07
-4.343226074e-08
1.749778354e-07
-4.755763952e-08
1.766915629e-07
-5.156424319e-08
1.774226179e-07
-5.544566597e-08
1.772805245e-07
-5.92018168e-08
1.763550088e-07
-6.283782247e-08
1.747172684e-07
-6.636305126e-08
1.724215452e-07
-6.979025601e-08
1.695068591e-07
-7.313482811e-08
1.659987927e-07
-7.641414938e-08
1.619112462e-07
-7.964702646e-08
1.572481071e-07
-8.285319129e-08
1.520047992e-07
-8.605285117e-08
1.461696946e-07
-8.926627175e-08
1.397253822e-07
-9.251337627e-08
1.326497997e-07
-9.581334434e-08
1.249172388e-07
-9.918419271e-08
1.164992419e-07
-1.0264232e-07
1.073654111e-07
-1.062019953e-07
9.748415344e-08
-1.098747703e-07
8.682339316e-08
-1.136687895e-07
7.535128388e-08
-1.175879747e-07
6.303696419e-08
-1.216310539e-07
4.985140879e-08
-1.257904017e-07
3.576844357e-08
-1.300506715e-07
2.07660063e-08
-1.343871938e-07
4.827741917e-09
-1.387639812e-07
-1.205488697e-08
-1.431317728e-07
-2.987975464e-08
-1.474254831e-07
-4.863093778e-08
-1.515615295e-07
-6.827364352e-08
-1.554350828e-07
-8.874819101e-08
-1.589174486e-07
-1.099623551e-07
-1.618539563e-07
-1.317818742e-07
-1.640629089e-07
-1.540190398e-07
-1.653363727e-07
-1.764195199e-07
-1.654438093e-07
-1.98647986e-07
-1.641397297e-07
-2.202737465e-07
-1.61176575e-07
-2.407584383e-07
-1.563237818e-07
-2.59448824e-07
-1.493933305e-07
-2.755787055e-07
-1.40270921e-07
-2.88284542e-07
-1.289503002e-07
-2.966390822e-07
-1.155664279e-07
-2.997056695e-07
-1.004216035e-07
-2.966125292e-07
-8.399806311e-08
-2.866414361e-07
-6.695154789e-08
-2.693195403e-07
-5.008326758e-08
-2.444983924e-07
-3.429221779e-08
-2.124023408e-07
-2.051493911e-08
-1.736307202e-07
-9.664112958e-09
-1.291042893e-07
-2.579218758e-09
-7.995974755e-08
-2.742568447e-08
-4.850232392e-10
1.569617687e-08
-1.845475105e-09
4.387380056e-08
-3.96680895e-09
6.886128912e-08
-6.722144158e-09
9.074177646e-08
-9.981936676e-09
1.096519879e-07
-1.362119189e-08
1.257704015e-07
-1.752470721e-08
1.393049581e-07
-2.159045057e-08
1.504809649e-07
-2.573130993e-08
1.595300791e-07
-2.987555976e-08
1.66680989e-07
-3.396640232e-08
1.721520427e-07
-3.796090267e-08
1.761458218e-07
-4.182857819e-08
1.788455117e-07
-4.554983951e-08
1.80412825e-07
-4.911442214e-08
1.809872014e-07
-5.251989837e-08
1.806860016e-07
-5.577032103e-08
1.796054323e-07
-5.887502234e-08
1.778219705e-07
-6.184757179e-08
1.753940955e-07
-6.470488464e-08
1.723641728e-07
-6.746646561e-08
1.687603745e-07
-7.015376834e-08
1.645985498e-07
-7.278965067e-08
1.598839903e-07
-7.539790526e-08
1.546130547e-07
-7.800284633e-08
1.487746365e-07
-8.062893384e-08
1.423514705e-07
-8.330041748e-08
1.353212842e-07
-8.604098288e-08
1.27657805e-07
-8.887338276e-08
1.193316426e-07
-9.181903481e-08
1.10311064e-07
-9.489756682e-08
1.005626863e-07
-9.812628811e-08
9.005211528e-08
-1.015195632e-07
7.874455982e-08
-1.050880612e-07
6.660546299e-08
-1.088378491e-07
5.360119752e-08
-1.127692944e-07
3.969988968e-08
-1.168757413e-07
2.487245402e-08
-1.211419123e-07
9.093913782e-09
-1.255419641e-07
-7.654834407e-09
-1.300373138e-07
-2.538440411e-08
-1.345740163e-07
-4.409423453e-08
-1.390797154e-07
-6.376794362e-08
-1.434603419e-07
-8.436756376e-08
-1.475966645e-07
-1.058260318e-07
-1.513410011e-07
-1.280375368e-07
-1.545145957e-07
-1.508454445e-07
-1.569064302e-07
-1.740276848e-07
-1.582745564e-07
-1.972798591e-07
-1.583513411e-07
-2.201969612e-07
-1.568542251e-07
-2.422555537e-07
-1.535035523e-07
-2.627994962e-07
-1.480485264e-07
-2.810337308e-07
-1.403012264e-07
-2.960318415e-07
-1.301767713e-07
-3.067635368e-07
-1.17735345e-07
-3.121470952e-07
-1.032193861e-07
-3.111284876e-07
-8.707767553e-08
-3.027831461e-07
-6.996833298e-08
-2.864288823e-07
-5.27355747e-08
-2.617311501e-07
-3.636046029e-08
-2.287774547e-07
-2.189264903e-08
-1.88098531e-07
-1.037651209e-08
-1.406204257e-07
-2.788410286e-09
-8.754784877e-08
-3.021409465e-08
-4.961220285e-10
1.619229938e-08
-1.885131427e-09
4.526281078e-08
-4.041984654e-09
7.101814318e-08
-6.826077899e-09
9.352587053e-08
-1.009377023e-08
1.12919681e-07
-1.370740573e-08
1.293840378e-07
-1.754160181e-08
1.43139155e-07
-2.148706092e-08
1.544264249e-07
-2.545230603e-08
1.63495325e-07
-2.93638522e-08
1.70592536e-07
-3.316530934e-08
1.759535006e-07
-3.681583542e-08
1.797963487e-07
-4.028826563e-08
1.823179428e-07
-4.356715154e-08
1.836917117e-07
-4.664686521e-08
1.840669158e-07
-4.952986022e-08
1.835689974e-07
-5.222513525e-08
1.823007081e-07
-5.474691341e-08
1.803437495e-07
-5.711352981e-08
1.777607127e-07
-5.934650822e-08
1.745971521e-07
-6.146980123e-08
1.708836683e-07
-6.350916679e-08
1.666379162e-07
-6.549165464e-08
1.618664789e-07
-6.744517731e-08
1.565665781e-07
-6.939814328e-08
1.507276033e-07
-7.137913144e-08
1.443324595e-07
-7.341658796e-08
1.373587415e-07
-7.553852764e-08
1.297797455e-07
-7.777222272e-08
1.215653385e-07
-8.014386152e-08
1.126827035e-07
-8.267815839e-08
1.03096984e-07
-8.539789475e-08
9.277185242e-08
-8.832336834e-08
8.167003419e-08
-9.147172412e-08
6.975381953e-08
-9.485613497e-08
5.698560914e-08
-9.848479433e-08
4.332854981e-08
-1.02359677e-07
2.874733748e-08
-1.064750189e-07
1.320925642e-08
-1.10815443e-07
-3.314409578e-09
-1.153537043e-07
-2.084614204e-08
-1.200480766e-07
-3.939986159e-08
-1.248390602e-07
-5.897695924e-08
-1.296456749e-07
-7.956094841e-08
-1.343613235e-07
-1.011103826e-07
-1.388494438e-07
-1.235494158e-07
-1.429393601e-07
-1.467555275e-07
-1.464230388e-07
-1.705440054e-07
-1.490538367e-07
-1.946490607e-07
-1.50548773e-07
-2.187020243e-07
-1.505962711e-07
-2.422080549e-07
-1.488715364e-07
-2.645242304e-07
-1.450615174e-07
-2.848437492e-07
-1.389004441e-07
-3.021929143e-07
-1.30215015e-07
-3.154489654e-07
-1.189754383e-07
-3.233866715e-07
-1.053451585e-07
-3.247587669e-07
-8.971924739e-08
-3.184090568e-07
-7.274050644e-08
-3.034076228e-07
-5.528464683e-08
-2.791870093e-07
-3.841193852e-08
-2.456501626e-07
-2.329145503e-08
-2.03219014e-07
-1.111306915e-08
-1.527988111e-07
-3.00826924e-09
-9.565264823e-08
-3.322236373e-08
-5.170155071e-10
1.670931532e-08
-1.959204953e-09
4.670500105e-08
-4.185275771e-09
7.324421483e-08
-7.035049299e-09
9.637564487e-08
-1.03456743e-08
1.162303068e-07
-1.396287671e-08
1.33001241e-07
-1.774841495e-08
1.46924694e-07
-2.15842433e-08
1.58262254e-07
-2.537403607e-08
1.672851186e-07
-2.904282217e-08
1.742613229e-07
-3.253541074e-08
1.7944609e-07
-3.581415426e-08
1.83075093e-07
-3.885645117e-08
1.853602404e-07
-4.165226e-08
1.864875213e-07
-4.420179162e-08
1.866164482e-07
-4.651346674e-08
1.858806733e-07
-4.860217095e-08
1.843894131e-07
-5.048780355e-08
1.822293829e-07
-5.219409596e-08
1.794670059e-07
-5.374766454e-08
1.761507214e-07
-5.517725968e-08
1.723132642e-07
-5.651317338e-08
1.679738307e-07
-5.778677097e-08
1.631400773e-07
-5.903011594e-08
1.578099239e-07
-6.02756617e-08
1.519731498e-07
-6.155598701e-08
1.456127856e-07
-6.290355513e-08
1.387063104e-07
-6.435047836e-08
1.312266695e-07
-6.592827185e-08
1.231431328e-07
-6.766758001e-08
1.144220124e-07
-6.959785824e-08
1.050272629e-07
-7.174699158e-08
9.492098648e-08
-7.414082916e-08
8.406387249e-08
-7.680260943e-08
7.241560051e-08
-7.975224529e-08
5.99352457e-08
-8.300543072e-08
4.658173594e-08
-8.657252076e-08
3.23144282e-08
-9.045713924e-08
1.709387558e-08
-9.465443473e-08
8.828865908e-10
-9.914882295e-08
-1.635175316e-08
-1.039114871e-07
-3.463719675e-08
-1.088969886e-07
-5.399145713e-08
-1.140393152e-07
-7.441862119e-08
-1.192472461e-07
-9.590245109e-08
-1.243991298e-07
-1.183975316e-07
-1.293373604e-07
-1.418172964e-07
-1.338631275e-07
-1.660182377e-07
-1.377324457e-07
-1.90779742e-07
-1.406550255e-07
-2.157794439e-07
-1.422981734e-07
-2.405649066e-07
-1.422984469e-07
-2.645239564e-07
-1.402839644e-07
-2.868582313e-07
-1.359096711e-07
-3.065672072e-07
-1.289060823e-07
-3.224525538e-07
-1.191388181e-07
-3.331539352e-07
-1.066718863e-07
-3.372256982e-07
-9.182320242e-08
-3.332577403e-07
-7.519809779e-08
-3.20032727e-07
-5.768765775e-08
-2.966974489e-07
-4.042498058e-08
-2.629128394e-07
-2.470328051e-08
-2.189407138e-07
-1.187230879e-08
-1.656297823e-07
-3.239083634e-09
-1.042858729e-07
-3.64614473e-08
-5.506707935e-10
1.725998656e-08
-2.07781841e-09
4.823214948e-08
-4.416213708e-09
7.558261093e-08
-7.378462711e-09
9.933789467e-08
-1.077601788e-08
1.196278628e-07
-1.443315578e-08
1.366583797e-07
-1.819568594e-08
1.506872249e-07
-2.193528779e-08
1.620018566e-07
-2.555051117e-08
1.709003427e-07
-2.896552517e-08
1.776763377e-07
-3.212754307e-08
1.826081086e-07
-3.500362731e-08
1.85951178e-07
-3.757736195e-08
1.879339758e-07
-3.984569933e-08
1.887558595e-07
-4.181614923e-08
1.885868989e-07
-4.350438163e-08
1.875689065e-07
-4.493225083e-08
1.858172831e-07
-4.612621122e-08
1.83423344e-07
-4.711607583e-08
1.804568713e-07
-4.793406194e-08
1.769687083e-07
-4.861406842e-08
1.729932715e-07
-4.919113439e-08
1.685508974e-07
-4.97010352e-08
1.636499788e-07
-5.017997831e-08
1.582888677e-07
-5.06643685e-08
1.524575407e-07
-5.119061713e-08
1.461390349e-07
-5.17949742e-08
1.393106681e-07
-5.251336483e-08
1.319450608e-07
-5.33812154e-08
1.24010984e-07
-5.443325439e-08
1.154740521e-07
-5.570327176e-08
1.06297281e-07
-5.72238212e-08
9.644153657e-08
-5.902584679e-08
8.586589872e-08
-6.113821148e-08
7.452796583e-08
-6.35870988e-08
6.238413365e-08
-6.639525103e-08
4.938988879e-08
-6.95809957e-08
3.550017347e-08
-7.315701289e-08
2.066989338e-08
-7.71287651e-08
4.854639396e-09
-8.14923757e-08
-1.198814198e-08
-8.623223417e-08
-2.989733771e-08
-9.131771585e-08
-4.89059749e-08
-9.669914508e-08
-6.903719142e-08
-1.023028729e-07
-9.029872277e-08
-1.080254251e-07
-1.126749789e-07
-1.137268466e-07
-1.361158743e-07
-1.19223633e-07
-1.60521451e-07
-1.242820812e-07
-1.857212933e-07
-1.286135269e-07
-2.114479977e-07
-1.318737412e-07
-2.373046919e-07
-1.336696439e-07
-2.627280534e-07
-1.335771499e-07
-2.869507249e-07
-1.311739286e-07
-3.08970428e-07
-1.26089503e-07
-3.275369792e-07
-1.180718674e-07
-3.411715704e-07
-1.070645825e-07
-3.482329829e-07
-9.328198206e-08
-3.470403403e-07
-7.726488956e-08
-3.360498191e-07
-5.989811046e-08
-3.140642276e-07
-4.237662275e-08
-2.804343267e-07
-2.612021727e-08
-2.351971189e-07
-1.265332211e-08
-1.790966772e-07
-3.481436097e-09
-1.134577586e-07
-3.994288327e-08
-6.008376143e-10
1.78608246e-08
-2.253559035e-09
4.988487167e-08
-4.758698706e-09
7.808775138e-08
-7.891669991e-09
1.024708667e-07
-1.143003866e-08
1.231662322e-07
-1.517080548e-08
1.403991472e-07
-1.894036919e-08
1.544567894e-07
-2.25986996e-08
1.656601877e-07
-2.603933077e-08
1.743409746e-07
-2.918672863e-08
1.808237363e-07
-3.199228294e-08
1.854136637e-07
-3.442981535e-08
1.883887111e-07
-3.649117931e-08
1.899953405e-07
-3.818228084e-08
1.904469617e-07
-3.951967274e-08
1.899242915e-07
-4.05277593e-08
1.885769938e-07
-4.123657936e-08
1.865261038e-07
-4.168009945e-08
1.838668648e-07
-4.189493473e-08
1.806717073e-07
-4.191941472e-08
1.76993189e-07
-4.17929176e-08
1.72866775e-07
-4.155540723e-08
1.683133877e-07
-4.124711811e-08
1.633416904e-07
-4.090834363e-08
1.579500939e-07
-4.057929259e-08
1.521284903e-07
-4.029998734e-08
1.458597303e-07
-4.011018076e-08
1.391208622e-07
-4.004927382e-08
1.318841545e-07
-4.015622181e-08
1.241179326e-07
-4.046941573e-08
1.157872466e-07
-4.10265245e-08
1.068543903e-07
-4.186428487e-08
9.727929752e-08
-4.301822489e-08
8.701983931e-08
-4.452230109e-08
7.603204258e-08
-4.640842403e-08
6.427025713e-08
-4.870583922e-08
5.16873045e-08
-5.144031857e-08
3.823465335e-08
-5.463310813e-08
2.386268344e-08
-5.829955444e-08
8.521086217e-09
-6.244724829e-08
-7.840447649e-09
-6.707375623e-08
-2.527082929e-08
-7.216357541e-08
-4.381615527e-08
-7.768419595e-08
-6.351657044e-08
-8.358111508e-08
-8.440180321e-08
-8.977163447e-08
-1.064844591e-07
-9.613739236e-08
-1.29750116e-07
-1.025157913e-07
-1.541430516e-07
-1.086909015e-07
-1.795461827e-07
-1.143850711e-07
-2.057538278e-07
-1.192534104e-07
-2.324363522e-07
-1.228845267e-07
-2.590969367e-07
-1.248120851e-07
-2.850231662e-07
-1.245424859e-07
-3.092400269e-07
-1.216033707e-07
-3.304760941e-07
-1.156148287e-07
-3.471601121e-07
-1.063794322e-07
-3.574683791e-07
-9.397901101e-08
-3.594407612e-07
-7.8857628e-08
-3.511712019e-07
-6.18655727e-08
-3.310562827e-07
-4.424286991e-08
-2.980570293e-07
-2.753505104e-08
-2.519049376e-07
-1.345621566e-08
-1.931755122e-07
-3.736385141e-09
-1.231775888e-07
-4.367926839e-08
-6.723127461e-10
1.853313776e-08
-2.502220825e-09
5.17147805e-08
-5.242151016e-09
8.082768231e-08
-8.617275209e-09
1.058459916e-07
-1.236097741e-08
1.269099351e-07
-1.623606363e-08
1.442742342e-07
-2.004580289e-08
1.582665293e-07
-2.363734048e-08
1.69251726e-07
-2.689994946e-08
1.776035843e-07
-2.976032277e-08
1.836841102e-07
-3.217656409e-08
1.878299057e-07
-3.413198134e-08
1.903441291e-07
-3.562933532e-08
1.914926952e-07
-3.668586879e-08
1.915034959e-07
-3.732922345e-08
1.905676468e-07
-3.759422104e-08
1.88841992e-07
-3.752041558e-08
1.86452299e-07
-3.715029409e-08
1.83496744e-07
-3.652799942e-08
1.800494132e-07
-3.569845787e-08
1.761636481e-07
-3.47068103e-08
1.718751281e-07
-3.359806333e-08
1.672046413e-07
-3.241689428e-08
1.621605219e-07
-3.120755746e-08
1.567407577e-07
-3.001385258e-08
1.50934786e-07
-2.887912909e-08
1.447250074e-07
-2.784630161e-08
1.380880353e-07
-2.695785758e-08
1.30995711e-07
-2.625585068e-08
1.234159263e-07
-2.57818699e-08
1.153132664e-07
-2.557696873e-08
1.066494897e-07
-2.568154483e-08
9.738387411e-08
-2.61351628e-08
8.747345777e-08
-2.697630221e-08
7.687318248e-08
-2.824200991e-08
6.553596528e-08
-2.996742808e-08
5.341272312e-08
-3.21851582e-08
4.04523839e-08
-3.492440604e-08
2.660193171e-08
-3.820984004e-08
1.180652062e-08
-4.20600275e-08
-3.990259791e-09
-4.648537379e-08
-2.084548262e-08
-5.148540449e-08
-3.881612419e-08
-5.704508142e-08
-5.795689315e-08
-6.312997482e-08
-7.831690946e-08
-6.96800012e-08
-9.993443238e-08
-7.66015148e-08
-1.228286021e-07
-8.375765223e-08
-1.469869139e-07
-9.095720058e-08
-1.72346634e-07
-9.794285651e-08
-1.987681716e-07
-1.043807164e-07
-2.259984921e-07
-1.098543136e-07
-2.536233393e-07
-1.138682473e-07
-2.810092323e-07
-1.158680404e-07
-3.072402336e-07
-1.152834285e-07
-3.310607058e-07
-1.116004347e-07
-3.508431058e-07
-1.044619539e-07
-3.646068597e-07
-9.378673771e-08
-3.701159773e-07
-7.988447776e-08
-3.650734617e-07
-6.353495686e-08
-3.474058034e-07
-4.59988338e-08
-3.155931522e-07
-2.894189228e-08
-2.689618789e-07
-1.428271879e-08
-2.078346856e-07
-4.005724853e-09
-1.334545826e-07
-4.768499316e-08
-7.713105407e-10
1.93044487e-08
-2.843801676e-09
5.378727232e-08
-5.902979966e-09
8.38868613e-08
-9.606673369e-09
1.095496857e-07
-1.363121954e-08
1.30934482e-07
-1.769718687e-08
1.483402022e-07
-2.158098235e-08
1.621503255e-07
-2.511649829e-08
1.727872426e-07
-2.819052645e-08
1.806776131e-07
-3.073501692e-08
1.862286014e-07
-3.271833756e-08
1.89813227e-07
-3.413685359e-08
1.917626457e-07
-3.500752098e-08
1.923633632e-07
-3.536176648e-08
1.91857742e-07
-3.524067042e-08
1.904465514e-07
-3.469133061e-08
1.882926528e-07
-3.376422515e-08
1.855251942e-07
-3.251137872e-08
1.822438981e-07
-3.098514934e-08
1.785231844e-07
-2.923747748e-08
1.744159768e-07
-2.731946679e-08
1.69957118e-07
-2.528119464e-08
1.651663697e-07
-2.317167483e-08
1.600510027e-07
-2.103891145e-08
1.546079949e-07
-1.893000107e-08
1.488258762e-07
-1.689126312e-08
1.4268627e-07
-1.49683704e-08
1.361651431e-07
-1.32064529e-08
1.29233794e-07
-1.165018504e-08
1.218596589e-07
-1.03438509e-08
1.140069327e-07
-9.331362965e-09
1.056370022e-07
-8.656231498e-09
9.670874307e-08
-8.361488294e-09
8.717871498e-08
-8.489544629e-09
7.70012392e-08
-9.081969007e-09
6.612839004e-08
-1.017916168e-08
5.450991615e-08
-1.18198916e-08
4.209311416e-08
-1.404064561e-08
2.882268604e-08
-1.687473298e-08
1.464060831e-08
-2.035104118e-08
-5.139512907e-10
-2.449221555e-08
-1.670430796e-08
-2.931237361e-08
-3.399596585e-08
-3.481377912e-08
-5.245548738e-08
-4.098236857e-08
-7.214831977e-08
-4.77817196e-08
-9.313508112e-08
-5.514508756e-08
-1.154652339e-07
-6.296515489e-08
-1.391668464e-07
-7.108144434e-08
-1.642303444e-07
-7.926576219e-08
-1.905838535e-07
-8.720698526e-08
-2.180572689e-07
-9.44981329e-08
-2.463321915e-07
-1.00630803e-07
-2.748765621e-07
-1.050045655e-07
-3.028664708e-07
-1.069609281e-07
-3.291043431e-07
-1.058513024e-07
-3.519527313e-07
-1.011438401e-07
-3.693143219e-07
-9.256332766e-08
-3.786964896e-07
-8.024229615e-08
-3.773944931e-07
-6.484501237e-08
-3.628030871e-07
-4.761857704e-08
-3.328195874e-07
-3.033689477e-08
-2.862435612e-07
-1.513699842e-08
-2.230345818e-07
-4.292355988e-09
-1.442992249e-07
-5.197734917e-08
-9.059893827e-10
2.021043843e-08
-3.303849898e-09
5.618513351e-08
-6.786441954e-09
8.736945401e-08
-1.092178873e-08
1.136850331e-07
-1.531324476e-08
1.353259386e-07
-1.963008552e-08
1.526570435e-07
-2.361856618e-08
1.661388068e-07
-2.710015508e-08
1.762688321e-07
-2.996250367e-08
1.835399623e-07
-3.214737775e-08
1.88413476e-07
-3.363827212e-08
1.913041219e-07
-3.444920605e-08
1.925735802e-07
-3.46153558e-08
1.925295135e-07
-3.418566316e-08
1.914280499e-07
-3.32172767e-08
1.894781655e-07
-3.177155504e-08
1.868469317e-07
-2.991132681e-08
1.836649665e-07
-2.769911709e-08
1.80031689e-07
-2.519608877e-08
1.760201567e-07
-2.246149328e-08
1.716813818e-07
-1.955246856e-08
1.670480938e-07
-1.652406219e-08
1.621379639e-07
-1.342939655e-08
1.569563375e-07
-1.03199055e-08
1.514985043e-07
-7.245587857e-09
1.45751559e-07
-4.255287447e-09
1.3969597e-07
-1.396952252e-09
1.333068083e-07
1.282143461e-09
1.265546987e-07
3.73520755e-09
1.194065952e-07
5.915803399e-09
1.118263372e-07
7.777727398e-09
1.037750785e-07
9.274926862e-09
9.521154395e-08
1.036148553e-08
8.609215663e-08
1.099166044e-08
7.63710646e-08
1.111998362e-08
6.600006714e-08
1.070144664e-08
5.49284534e-08
9.691795831e-09
4.310276522e-08
8.047980751e-09
3.046650136e-08
5.728804905e-09
1.695978437e-08
2.695861998e-09
2.518991818e-09
-1.084976744e-09
-1.292346904e-08
-5.641695975e-09
-2.943924645e-08
-1.099327174e-08
-4.710391146e-08
-1.714571963e-08
-6.599587173e-08
-2.408653682e-08
-8.61942638e-08
-3.177708355e-08
-1.07774687e-07
-4.014224388e-08
-1.308016859e-07
-4.905706412e-08
-1.55315524e-07
-5.833014344e-08
-1.813107741e-07
-6.768439725e-08
-2.08703015e-07
-7.673746119e-08
-2.372791275e-07
-8.498625675e-08
-2.666277664e-07
-9.180369739e-08
-2.960490301e-07
-9.645907182e-08
-3.244489686e-07
-9.817580918e-08
-3.502359939e-07
-9.6238066e-08
-3.712520651e-07
-9.014746452e-08
-3.84787091e-07
-7.981212464e-08
-3.877298329e-07
-6.572551772e-08
-3.76889694e-07
-4.907436973e-08
-3.494707354e-07
-3.171899957e-08
-3.035989312e-07
-1.602674771e-08
-2.387268337e-07
-4.600825146e-09
-1.557251475e-07
-5.657817427e-08
-1.087213221e-09
2.1297652e-08
-3.915295821e-09
5.901321668e-08
-7.94895957e-09
9.140311834e-08
-1.263689419e-08
1.183729684e-07
-1.748999605e-08
1.40179041e-07
-2.211657056e-08
1.572836186e-07
-2.623067121e-08
1.70252908e-07
-2.964429452e-08
1.79682456e-07
-3.225159645e-08
1.861472647e-07
-3.401079029e-08
1.901726704e-07
-3.492701901e-08
1.922203512e-07
-3.503775906e-08
1.926843208e-07
-3.440122891e-08
1.918929839e-07
-3.30876803e-08
1.901145018e-07
-3.117317299e-08
1.875636587e-07
-2.873534879e-08
1.84409108e-07
-2.585073618e-08
1.807803544e-07
-2.259317828e-08
1.767741315e-07
-1.903305297e-08
1.724600318e-07
-1.523702803e-08
1.678853574e-07
-1.126815931e-08
1.630792255e-07
-7.186184789e-09
1.580559898e-07
-3.047933883e-09
1.52818087e-07
1.092197913e-09
1.473583729e-07
5.181777084e-09
1.416619802e-07
9.169964876e-09
1.357077826e-07
1.300712666e-08
1.294696469e-07
1.664444368e-08
1.22917382e-07
2.003362455e-08
1.160174146e-07
2.312665007e-08
1.08733312e-07
2.587557724e-08
1.010261516e-07
2.823238448e-08
9.285473696e-08
3.014885666e-08
8.41756847e-08
3.157651912e-08
7.494340236e-08
3.246662501e-08
6.510996144e-08
3.277020733e-08
5.462487126e-08
3.243821591e-08
4.34347568e-08
3.142177276e-08
3.148294465e-08
2.967259352e-08
1.870896372e-08
2.714364381e-08
5.04794163e-09
2.379023183e-08
-9.570056972e-09
1.957147343e-08
-2.522048798e-08
1.445259614e-08
-4.198503411e-08
8.408283329e-09
-5.995155888e-08
1.427530273e-09
-7.921351071e-08
-6.479314338e-09
-9.98678424e-08
-1.527073028e-08
-1.2201027e-07
-2.486062792e-08
-1.457256264e-07
-3.510060959e-08
-1.710707924e-07
-4.575772206e-08
-1.980459025e-07
-5.648905704e-08
-2.265477925e-07
-6.68165507e-08
-2.563002728e-07
-7.610959225e-08
-2.867559886e-07
-8.358788677e-08
-3.169706741e-07
-8.836217899e-08
-3.454617017e-07
-8.953180322e-08
-3.700824409e-07
-8.635056017e-08
-3.879683341e-07
-7.845204315e-08
-3.9562835e-07
-6.609237375e-08
-3.892493635e-07
-5.033484856e-08
-3.652282607e-07
-3.309056647e-08
-3.208432135e-07
-1.696463402e-08
-2.548527661e-07
-4.938116563e-09
-1.67751665e-07
-6.15162909e-08
-1.329678817e-09
2.26273311e-08
-4.720963915e-09
6.240450234e-08
-9.460952764e-09
9.614310773e-08
-1.484022242e-08
1.237522385e-07
-2.025393828e-08
1.455927574e-07
-2.524004211e-08
1.622697229e-07
-2.948090952e-08
1.744937759e-07
-3.278542056e-08
1.829869675e-07
-3.506318318e-08
1.884250279e-07
-3.629822774e-08
1.914077154e-07
-3.652589454e-08
1.924480185e-07
-3.581427361e-08
1.919727003e-07
-3.425024291e-08
1.903289537e-07
-3.192953358e-08
1.87793793e-07
-2.895004057e-08
1.845841661e-07
-2.54076026e-08
1.808666705e-07
-2.139357777e-08
1.7676633e-07
-1.699367055e-08
1.723742247e-07
-1.228759142e-08
1.677539531e-07
-7.349242683e-09
1.62947009e-07
-2.247185736e-09
1.579771689e-07
2.954641572e-09
1.528541629e-07
8.19622595e-09
1.47576503e-07
1.342086943e-08
1.421337298e-07
1.857449023e-08
1.365083597e-07
2.360496059e-08
1.306773125e-07
2.846157636e-08
1.246130314e-07
3.309460188e-08
1.182843568e-07
3.745485739e-08
1.116571594e-07
4.149336937e-08
1.046948003e-07
4.516108119e-08
9.735844003e-08
4.840861068e-08
8.960720765e-08
5.118604906e-08
8.139824648e-08
5.344280113e-08
7.268665043e-08
5.512746826e-08
6.342529444e-08
5.618777999e-08
5.356455962e-08
5.657058779e-08
4.305194907e-08
5.622194519e-08
3.18315873e-08
5.508731372e-08
1.984359523e-08
5.311194794e-08
7.023307418e-09
5.024159816e-08
-6.699707195e-09
4.642358806e-08
-2.14024779e-08
4.160855295e-08
-3.716999904e-08
3.575309356e-08
-5.409609953e-08
2.882383815e-08
-7.228425536e-08
2.080351384e-08
-9.184751816e-08
1.169979153e-08
-1.129065477e-07
1.558099403e-09
-1.355839344e-07
-9.520443571e-09
-1.599922495e-07
-2.135530244e-08
-1.862110437e-07
-3.365673513e-08
-2.142463599e-07
-4.599175038e-08
-2.439652576e-07
-5.775225302e-08
-2.749954861e-07
-6.813742583e-08
-3.065855014e-07
-7.617053035e-08
-3.374285973e-07
-8.077662343e-08
-3.654763479e-07
-8.094548869e-08
-3.87799469e-07
-7.598617824e-08
-4.005876606e-07
-6.583935355e-08
-3.993961883e-07
-5.136119706e-08
-3.797064173e-07
-3.445757982e-08
-3.377468308e-07
-1.797020502e-08
-2.713401412e-07
-5.31483895e-09
-1.804070312e-07
-6.683112986e-08
-1.653626364e-09
2.428095776e-08
-5.77704567e-09
6.65279221e-08
-1.141015367e-08
1.017762162e-07
-1.763473624e-08
1.299768216e-07
-2.370346139e-08
1.51661483e-07
-2.907661416e-08
1.676428761e-07
-3.341014535e-08
1.788273075e-07
-3.652141814e-08
1.860982407e-07
-3.834903673e-08
1.902526469e-07
-3.891571525e-08
1.919743944e-07
-3.829790755e-08
1.918302112e-07
-3.660288033e-08
1.902776735e-07
-3.395246575e-08
1.876785395e-07
-3.047221448e-08
1.843135421e-07
-2.628462728e-08
1.803965793e-07
-2.150531321e-08
1.760873568e-07
-1.624115895e-08
1.715021761e-07
-1.05898161e-08
1.667228822e-07
-4.639979827e-09
1.618041172e-07
1.527818386e-09
1.567792111e-07
7.840141862e-09
1.516648458e-07
1.422971544e-08
1.464645896e-07
2.063440121e-08
1.411718175e-07
2.699608203e-08
1.357720492e-07
3.325978857e-08
1.302446534e-07
3.937290643e-08
1.245641949e-07
4.528447878e-08
1.187014593e-07
5.094461247e-08
1.126242233e-07
5.630396295e-08
1.062978091e-07
6.131329354e-08
9.968546982e-08
6.592310005e-08
9.274863365e-08
7.008328768e-08
8.544702014e-08
7.37428906e-08
7.773864365e-08
7.684982879e-08
6.95797123e-08
7.935069888e-08
6.092442439e-08
8.119060003e-08
5.172465849e-08
8.231300167e-08
4.192954742e-08
8.265966881e-08
3.148492013e-08
8.217067345e-08
2.033259054e-08
8.078453195e-08
8.409448842e-09
7.843855367e-08
-4.353729002e-09
7.506953745e-08
-1.803346179e-08
7.061494754e-08
-3.271540925e-08
6.501484817e-08
-4.84960003e-08
5.821504568e-08
-6.548445302e-08
5.017203928e-08
-8.380451191e-08
4.086064397e-08
-1.035951526e-07
3.028554418e-08
-1.250088347e-07
1.84981488e-08
-1.482048543e-07
5.620452648e-09
-1.733333477e-07
-8.122432002e-09
-2.005034754e-07
-2.236169051e-08
-2.297259993e-07
-3.653944844e-08
-2.608177283e-07
-4.986924569e-08
-2.932557044e-07
-6.132266427e-08
-3.259751789e-07
-6.967544611e-08
-3.571235663e-07
-7.365074722e-08
-3.838241681e-07
-7.218817218e-08
-4.020502358e-07
-6.482456785e-08
-4.067597928e-07
-5.209980759e-08
-3.924311778e-07
-3.582877487e-08
-3.540178638e-07
-1.90723392e-08
-2.88096577e-07
-5.747031957e-09
-1.937323386e-07
-7.257816192e-08
-2.087506315e-09
2.636846428e-08
-7.157918138e-09
7.159833436e-08
-1.390515046e-08
1.085234489e-07
-2.113673533e-08
1.372084068e-07
-2.793416041e-08
1.584589085e-07
-3.367824184e-08
1.733869579e-07
-3.80118634e-08
1.831609294e-07
-4.078027249e-08
1.888666502e-07
-4.197079546e-08
1.914431702e-07
-4.166196333e-08
1.916655626e-07
-3.998482592e-08
1.901530741e-07
-3.709564954e-08
1.873884975e-07
-3.315786859e-08
1.837407589e-07
-2.833097368e-08
1.794866475e-07
-2.276429756e-08
1.748299035e-07
-1.6594095e-08
1.699171545e-07
-9.942739069e-09
1.648508205e-07
-2.919150742e-09
1.596992942e-07
4.379903503e-09
1.545050632e-07
1.186833014e-08
1.492907848e-07
1.946929109e-08
1.440638851e-07
2.711354534e-08
1.388203356e-07
3.473792033e-08
1.335474428e-07
4.228404064e-08
1.282259291e-07
4.969718068e-08
1.228315136e-07
5.692527598e-08
1.173360998e-07
6.3918077e-08
1.117086584e-07
7.062642995e-08
1.059158704e-07
7.700166268e-08
9.992257643e-08
8.299505973e-08
9.369207285e-08
8.855741151e-08
8.718628193e-08
9.363862131e-08
8.036581038e-08
9.818735682e-08
7.318990815e-08
1.021507363e-07
6.561633279e-08
1.054740421e-07
5.760111858e-08
1.081004575e-07
4.909824305e-08
1.099708284e-07
4.005917648e-08
1.110234568e-07
3.043229161e-08
1.111939446e-07
2.01621026e-08
1.104151124e-07
9.188280888e-09
1.086170414e-07
-2.555658135e-09
1.057274031e-07
-1.514382366e-08
1.016721002e-07
-2.866010658e-08
9.637649561e-08
-4.320039589e-08
8.976760605e-08
-5.887556368e-08
8.177781349e-08
-7.581471959e-08
7.235095317e-08
-9.416829251e-08
6.145204799e-08
-1.141099298e-07
4.908238368e-08
-1.358351903e-07
3.530218293e-08
-1.595531472e-07
2.026322753e-08
-1.854645203e-07
4.253292264e-09
-2.137160643e-07
-1.224750363e-08
-2.443169327e-07
-2.850624478e-08
-2.769969635e-07
-4.348943593e-08
-3.10991988e-07
-5.586567536e-08
-3.447473271e-07
-6.4108732e-08
-3.755811117e-07
-6.675678618e-08
-3.994021819e-07
-6.284863897e-08
-4.106679403e-07
-5.246874341e-08
-4.028110736e-07
-3.72123138e-08
-3.692742936e-07
-2.031222067e-08
-3.049966705e-07
-6.258961437e-09
-2.077855982e-07
-7.883712341e-08
-2.672237357e-09
2.904070187e-08
-8.962780177e-09
7.788887749e-08
-1.707832263e-08
1.166389917e-07
-2.546957569e-08
1.455996602e-07
-3.302045677e-08
1.660097899e-07
-3.904195703e-08
1.794084585e-07
-4.319045975e-08
1.873094324e-07
-4.536967879e-08
1.910458695e-07
-4.564332871e-08
1.917168204e-07
-4.416773332e-08
1.901899675e-07
-4.114443497e-08
1.87129776e-07
-3.678925279e-08
1.830333156e-07
-3.131354801e-08
1.782650544e-07
-2.491396407e-08
1.730870638e-07
-1.776771805e-08
1.676836577e-07
-1.003134488e-08
1.621807816e-07
-1.841398914e-09
1.566608748e-07
6.683473867e-09
1.511744216e-07
1.544036158e-08
1.457481757e-07
2.433989645e-08
1.403912501e-07
3.330372857e-08
1.351000531e-07
4.226238257e-08
1.298616817e-07
5.115340109e-08
1.246564244e-07
5.991972249e-08
1.194596078e-07
6.850829475e-08
1.142429414e-07
7.686890299e-08
1.089754916e-07
8.495318341e-08
1.03624378e-07
9.271379539e-08
9.815525852e-08
1.001037224e-07
9.253264947e-08
1.070756776e-07
8.67201177e-08
1.135815927e-07
8.068036676e-08
1.195721708e-07
7.43752323e-08
1.249964846e-07
6.776559427e-08
1.298016089e-07
6.081120847e-08
1.339322736e-07
5.347045376e-08
1.37330532e-07
4.569998454e-08
1.399354378e-07
3.745427056e-08
1.416827328e-07
2.868499645e-08
1.425045524e-07
1.934028283e-08
1.423291612e-07
9.363671814e-09
1.410807374e-07
-1.307234523e-09
1.386793615e-07
-1.274244798e-08
1.350411686e-07
-2.502191397e-08
1.30078916e-07
-3.82381435e-08
1.237032447e-07
-5.249989274e-08
1.158251102e-07
-6.793658531e-08
1.063601521e-07
-8.470333478e-08
9.523621825e-08
-1.029859963e-07
8.240583592e-08
-1.230048083e-07
6.786625042e-08
-1.450135621e-07
5.169035166e-08
-1.692886219e-07
3.407212058e-08
-1.960978335e-07
1.538879276e-08
-2.256336052e-07
-3.721019846e-09
-2.578871512e-07
-2.227572355e-08
-2.924372846e-07
-3.88980464e-08
-3.281250045e-07
-5.18566512e-08
-3.626225072e-07
-5.928054769e-08
-3.919782857e-07
-5.961999388e-08
-4.103284944e-07
-5.233333669e-08
-4.100977311e-07
-3.860720626e-08
-3.830004244e-07
-2.174646275e-08
-3.218574143e-07
-6.887486064e-09
-2.226445752e-07
-8.572460961e-08
-3.468130696e-09
3.250883269e-08
-1.13244933e-08
8.574524039e-08
-2.108588857e-08
1.264003872e-07
-3.074691474e-08
1.552606866e-07
-3.897917795e-08
1.742420533e-07
-4.505505718e-08
1.85484338e-07
-4.86915826e-08
1.909459581e-07
-4.989680797e-08
1.922510951e-07
-4.884800499e-08
1.906680176e-07
-4.58060627e-08
1.871480254e-07
-4.106043823e-08
1.823841518e-07
-3.489656526e-08
1.768694428e-07
-2.75784719e-08
1.709469612e-07
-1.934110681e-08
1.648496989e-07
-1.038846632e-08
1.587310174e-07
-8.948478244e-10
1.526871633e-07
8.991795997e-09
1.467742311e-07
1.914648125e-08
1.410197365e-07
2.946378001e-08
1.354308771e-07
3.985399036e-08
1.300010398e-07
5.024006053e-08
1.24713983e-07
6.055490245e-08
1.195468399e-07
7.073909407e-08
1.144722328e-07
8.073895182e-08
1.094597501e-07
9.050492615e-08
1.044769671e-07
9.99902732e-08
9.94901446e-08
1.091499565e-07
9.44646947e-08
1.179397377e-07
8.936547738e-08
1.263154169e-07
8.415697019e-08
1.342321933e-07
7.880334132e-08
1.416441156e-07
7.326844439e-08
1.485036018e-07
6.751574597e-08
1.547610061e-07
6.15081899e-08
1.603642166e-07
5.520799786e-08
1.652582708e-07
4.857639939e-08
1.693849765e-07
4.157327866e-08
1.726825296e-07
3.415671728e-08
1.750851233e-07
2.628240256e-08
1.765225472e-07
1.790285865e-08
1.769197781e-07
8.966440734e-09
1.76196556e-07
-5.840126959e-10
1.742670695e-07
-1.081296184e-08
1.710396758e-07
-2.179452053e-08
1.664168727e-07
-3.361534076e-08
1.602956864e-07
-4.63787068e-08
1.525688403e-07
-6.020973948e-08
1.43127341e-07
-7.526183587e-08
1.318655446e-07
-9.172420022e-08
1.18690424e-07
-1.098296881e-07
1.035377483e-07
-1.298608868e-07
8.639908801e-08
-1.521499619e-07
6.736480881e-08
-1.770635547e-07
4.668853731e-08
-2.049573341e-07
2.487652506e-08
-2.360751393e-07
2.796688904e-09
-2.703574488e-07
-1.821102341e-08
-3.071172926e-07
-3.628857957e-08
-3.445449514e-07
-4.918755504e-08
-3.790793106e-07
-5.470047423e-08
-4.048155756e-07
-5.146292132e-08
-4.133352844e-07
-3.998378264e-08
-3.944795634e-07
-2.344898287e-08
-3.383922145e-07
-7.688858632e-09
-2.384046999e-07
-9.341346833e-08
-4.566208086e-09
3.707504093e-08
-1.442025802e-08
9.55992905e-08
-2.609929533e-08
1.380794247e-07
-3.703398652e-08
1.66195378e-07
-4.569949838e-08
1.829075653e-07
-5.139871101e-08
1.911835507e-07
-5.398694201e-08
1.935341892e-07
-5.364196034e-08
1.919061136e-07
-5.070173514e-08
1.877277926e-07
-4.556177472e-08
1.820080652e-07
-3.861609247e-08
1.754384697e-07
-3.022689289e-08
1.684802434e-07
-2.071183004e-08
1.614318985e-07
-1.034138815e-08
1.544792572e-07
6.585167026e-10
1.477311127e-07
1.210099555e-08
1.412446845e-07
2.38326992e-08
1.350425275e-07
3.572828184e-08
1.29124154e-07
4.768459171e-08
1.234745673e-07
5.961615512e-08
1.180694765e-07
7.145127127e-08
1.128788669e-07
8.312875842e-08
1.078693528e-07
9.459528137e-08
1.030057099e-07
1.058031743e-07
9.825185721e-08
1.167086741e-07
9.357146735e-08
1.27270489e-07
8.892832958e-08
1.374486379e-07
8.428654575e-08
1.472035027e-07
7.961061252e-08
1.564950489e-07
7.486542392e-08
1.652821743e-07
7.001621581e-08
1.735221544e-07
6.50284642e-08
1.811701571e-07
5.986774311e-08
1.881788051e-07
5.449954183e-08
1.944977655e-07
4.888903726e-08
2.000733527e-07
4.300081196e-08
2.048481282e-07
3.679850291e-08
2.087604865e-07
3.024435875e-08
2.117442156e-07
2.329867325e-08
2.137280233e-07
1.591905068e-08
2.146350211e-07
8.05944258e-09
2.143821449e-07
-3.311368409e-10
2.128795796e-07
-9.310396851e-09
2.100301117e-07
-1.894505294e-08
2.057285861e-07
-2.931381556e-08
1.998615043e-07
-4.051162534e-08
1.92307009e-07
-5.265524456e-08
1.829357199e-07
-6.589054725e-08
1.716132562e-07
-8.040173687e-08
1.582059271e-07
-9.64223595e-08
1.42592124e-07
-1.142470841e-07
1.246834795e-07
-1.342413179e-07
1.044619036e-07
-1.568419793e-07
8.204061498e-08
-1.825360459e-07
5.775795344e-08
-2.117924782e-07
3.230819141e-08
-2.449076872e-07
6.898205188e-09
-2.817073068e-07
-1.660780911e-08
-3.210389375e-07
-3.567594494e-08
-3.600111752e-07
-4.742159243e-08
-3.930699285e-07
-4.945517861e-08
-4.113016986e-07
-4.124174251e-08
-4.02693e-07
-2.550744406e-08
-3.541265133e-07
-8.748900317e-09
-2.55163244e-07
-1.021623688e-07
-6.106343177e-09
4.318138416e-08
-1.848083051e-08
1.07973778e-07
-3.227379257e-08
1.518723869e-07
-4.426312354e-08
1.781847091e-07
-5.281006943e-08
1.914545113e-07
-5.737975874e-08
1.957532401e-07
-5.808555433e-08
1.942399849e-07
-5.53622193e-08
1.891827787e-07
-4.976296313e-08
1.821285365e-07
-4.18466879e-08
1.7409179e-07
-3.212296144e-08
1.657147433e-07
-2.103064775e-08
1.573879298e-07
-8.934524612e-09
1.493357754e-07
3.86880857e-09
1.41675924e-07
1.714142269e-08
1.344584986e-07
3.069468514e-08
1.276914221e-07
4.437983867e-08
1.21357374e-07
5.807920824e-08
1.154247844e-07
7.169937469e-08
1.098544008e-07
8.516545584e-08
1.046033953e-07
9.84164904e-08
9.962783235e-08
1.114017504e-07
9.488409277e-08
1.240778154e-07
9.032964484e-08
1.364062604e-07
8.592341215e-08
1.483518296e-07
8.162589808e-08
1.598809923e-07
7.739916678e-08
1.709607959e-07
7.320674199e-08
1.815579479e-07
6.901346047e-08
1.916380713e-07
6.47853004e-08
2.011650915e-07
6.048919543e-08
2.101007176e-07
5.609283789e-08
2.184039905e-07
5.156447005e-08
2.260308736e-07
4.687265858e-08
2.329338665e-07
4.198604409e-08
2.390616246e-07
3.68730536e-08
2.443585677e-07
3.150155963e-08
2.487644637e-07
2.58384624e-08
2.522139732e-07
1.984916347e-08
2.54636137e-07
1.349688651e-08
2.55953793e-07
6.741786268e-09
2.560828892e-07
-4.60233364e-10
2.549317038e-07
-8.159211818e-09
2.523999015e-07
-1.641325102e-08
2.483775591e-07
-2.52914736e-08
2.427440794e-07
-3.487814609e-08
2.353671131e-07
-4.527827865e-08
2.26101762e-07
-5.662519663e-08
2.147906229e-07
-6.909059814e-08
2.012657831e-07
-8.289752016e-08
1.853548716e-07
-9.833617304e-08
1.668949087e-07
-1.157813555e-07
1.457602414e-07
-1.357073124e-07
1.219142788e-07
-1.586900838e-07
9.549832825e-08
-1.853765282e-07
6.697165578e-08
-2.163810152e-07
3.730854048e-08
-2.52044192e-07
8.228637299e-09
-2.919590348e-07
-1.762115263e-08
-3.341613857e-07
-3.675840647e-08
-3.739326751e-07
-4.560573614e-08
-4.024543694e-07
-4.212265066e-08
-4.061760858e-07
-2.800279215e-08
-3.682463723e-07
-1.019679693e-08
-2.729692398e-07
-1.123591658e-07
-8.304655465e-09
5.148603969e-08
-2.378578389e-08
1.234549064e-07
-3.965997219e-08
1.677465752e-07
-5.205405604e-08
1.905787929e-07
-5.942873247e-08
1.988291878e-07
-6.163922026e-08
1.97963728e-07
-5.92281051e-08
1.918288698e-07
-5.299221098e-08
1.829468846e-07
-4.375245806e-08
1.728887836e-07
-3.224828438e-08
1.625876163e-07
-1.91010516e-08
1.525675105e-07
-4.811397672e-09
1.430982758e-07
1.022746959e-08
1.342969081e-07
2.571231578e-08
1.261910778e-07
4.141303821e-08
1.187577762e-07
5.7156141e-08
1.119483193e-07
7.281123466e-08
1.057022803e-07
8.828048795e-08
9.995553109e-08
1.03490214e-07
9.464467471e-08
1.183843285e-07
8.970928073e-08
1.329193113e-07
8.509284947e-08
1.470603469e-07
8.074305711e-08
1.607783765e-07
7.661161514e-08
1.740478473e-07
7.265394125e-08
1.868449908e-07
6.882875454e-08
1.991465006e-07
6.50976568e-08
2.10928511e-07
6.142473144e-08
2.221657981e-07
5.777617324e-08
2.328311464e-07
5.411995189e-08
2.428948352e-07
5.042550647e-08
2.523242084e-07
4.66634645e-08
2.610833009e-07
4.280537725e-08
2.691324981e-07
3.882346114e-08
2.764282084e-07
3.469033357e-08
2.829225328e-07
3.037872894e-08
2.885629149e-07
2.586117722e-08
2.93291755e-07
2.110962204e-08
2.970459702e-07
1.609494793e-08
2.997564812e-07
1.078637519e-08
3.013475998e-07
5.150667241e-09
3.017362804e-07
-8.489143116e-10
3.008312007e-07
-7.254132566e-09
2.98531602e-07
-1.411365268e-08
2.947259696e-07
-2.148584163e-08
2.892903814e-07
-2.944255835e-08
2.820865226e-07
-3.807442023e-08
2.72959447e-07
-4.749812158e-08
2.617353439e-07
-5.786649549e-08
2.482199712e-07
-6.938214788e-08
2.321992313e-07
-8.231543371e-08
2.134448731e-07
-9.702699773e-08
1.917309519e-07
-1.139933917e-07
1.668709513e-07
-1.338300837e-07
1.387915099e-07
-1.572970873e-07
1.076651698e-07
-1.852546757e-07
7.412633744e-08
-2.185053601e-07
3.957840458e-08
-2.574111024e-07
6.539535775e-09
-3.011225174e-07
-2.114586723e-08
-3.462472726e-07
-3.868834902e-08
-3.849118881e-07
-4.203266568e-08
-4.028317697e-07
-3.094391608e-08
-3.793351224e-07
-1.222073436e-08
-2.916924219e-07
-1.245799004e-07
-1.148958759e-08
6.297562727e-08
-3.060531906e-08
1.425706379e-07
-4.797605353e-08
1.851173097e-07
-5.933598125e-08
2.019387207e-07
-6.369365524e-08
2.031868618e-07
-6.165259245e-08
1.959226652e-07
-5.44020847e-08
1.84578362e-07
-4.320286664e-08
1.717476665e-07
-2.917059398e-08
1.588565109e-07
-1.321037126e-08
1.466273936e-07
3.978595447e-09
1.353785438e-07
2.187239631e-08
1.252044749e-07
4.008881144e-08
1.16080493e-07
5.835443491e-08
1.079254543e-07
7.647592717e-08
1.006362838e-07
9.431867228e-08
9.410557413e-08
1.117903084e-07
8.823064416e-08
1.288283496e-07
8.291748974e-08
1.453910359e-07
7.808198834e-08
1.614506168e-07
7.364969974e-08
1.769884476e-07
6.955501859e-08
1.919914169e-07
6.574008766e-08
2.064493459e-07
6.215368605e-08
2.203530919e-07
5.875019511e-08
2.336931624e-07
5.548868386e-08
2.464586962e-07
5.23321228e-08
2.586367086e-07
4.924671889e-08
2.702115246e-07
4.620135704e-08
2.811643452e-07
4.316713116e-08
2.914729041e-07
4.011694733e-08
3.011111855e-07
3.702518291e-08
3.100491765e-07
3.3867386e-08
3.182526366e-07
3.062000074e-08
3.256828664e-07
2.726010348e-08
3.322964607e-07
2.37651344e-08
3.38045031e-07
2.011260662e-08
3.428748815e-07
1.627977122e-08
3.467266187e-07
1.224321032e-08
3.495346715e-07
7.978322036e-09
3.5122669e-07
3.458648403e-09
3.517227751e-07
-1.344999843e-09
3.509344948e-07
-6.465852654e-09
3.48763597e-07
-1.194275528e-08
3.451004345e-07
-1.782267962e-08
3.398218792e-07
-2.416400345e-08
3.327886172e-07
-3.104115872e-08
3.238417239e-07
-3.855122879e-08
3.127984801e-07
-4.68232521e-08
2.994476171e-07
-5.603128534e-08
2.835447212e-07
-6.641253836e-08
2.648096908e-07
-7.829196787e-08
2.429304682e-07
-9.211416952e-08
2.175815926e-07
-1.084812086e-07
1.884734993e-07
-1.281889945e-07
1.55459506e-07
-1.522406829e-07
1.187401086e-07
-1.817859632e-07
7.920853462e-08
-2.17879529e-07
3.894901771e-08
-2.60863001e-07
1.771980126e-09
-3.090702355e-07
-2.659727207e-08
-3.565426364e-07
-3.969642919e-08
-3.89732613e-07
-3.409524427e-08
-3.849363079e-07
-1.507523042e-08
-3.107124363e-07
-1.396551309e-07
-1.612109044e-08
7.909671771e-08
-3.89652713e-08
1.654148188e-07
-5.604247666e-08
2.02194515e-07
-6.355883238e-08
2.094550764e-07
-6.189486083e-08
2.015228902e-07
-5.289263548e-08
1.869204398e-07
-3.860232585e-08
1.702880524e-07
-2.078961158e-08
1.539349522e-07
-8.175112073e-10
1.388844105e-07
2.03213718e-08
1.254885105e-07
4.193457828e-08
1.137653372e-07
6.355646058e-08
1.035825926e-07
8.488193579e-08
9.475501768e-08
1.057180486e-07
8.708934142e-08
1.259486855e-07
8.04056469e-08
1.455090802e-07
7.454517933e-08
1.643679914e-07
6.937173289e-08
1.825153794e-07
6.477010161e-08
1.999539648e-07
6.064340287e-08
2.166934843e-07
5.691018005e-08
2.327468056e-07
5.350169713e-08
2.481273111e-07
5.035958206e-08
2.628471457e-07
4.743385133e-08
2.769160494e-07
4.468129126e-08
2.903405839e-07
4.206414914e-08
3.031236237e-07
3.954908287e-08
3.152640219e-07
3.710632048e-08
3.267563915e-07
3.47089872e-08
3.375909584e-07
3.233256405e-08
3.477534571e-07
2.995444846e-08
3.572250477e-07
2.755359199e-08
3.659822388e-07
2.511019469e-08
3.73996801e-07
2.260543823e-08
3.812356628e-07
2.002124138e-08
3.876607747e-07
1.734002222e-08
3.932289308e-07
1.454445017e-08
3.978915331e-07
1.161716863e-08
4.015942783e-07
8.54046479e-09
4.042767435e-07
5.295856468e-09
4.058718343e-07
1.863557224e-09
4.063050364e-07
-1.778202324e-09
4.054934333e-07
-5.654249969e-09
4.033443937e-07
-9.793716085e-09
3.997538342e-07
-1.423212053e-08
3.946038484e-07
-1.901401814e-08
3.877595064e-07
-2.419681713e-08
3.790645608e-07
-2.985628363e-08
3.683357633e-07
-3.609445508e-08
3.553555299e-07
-4.305105245e-08
3.398629216e-07
-5.091993051e-08
3.215435778e-07
-5.997262466e-08
3.000208708e-07
-7.0591463e-08
2.748540983e-07
-8.331443657e-08
2.455566631e-07
-9.889155973e-08
2.116602484e-07
-1.183442687e-07
1.728720856e-07
-1.429978009e-07
1.293989907e-07
-1.744064347e-07
8.252439524e-08
-2.13988406e-07
3.546011884e-08
-2.620059596e-07
-5.790220049e-09
-3.15292298e-07
-3.248692819e-08
-3.630359054e-07
-3.65297296e-08
-3.80893507e-07
-1.901040324e-08
-3.282317631e-07
-1.586655343e-07
-2.261177395e-08
1.017084916e-07
-4.784605521e-08
1.906491e-07
-6.039884568e-08
2.147473054e-07
-5.906692018e-08
2.081231508e-07
-4.690741835e-08
1.893633883e-07
-2.749397376e-08
1.675069952e-07
-3.788767121e-09
1.465828457e-07
2.207580395e-08
1.280703811e-07
4.868594546e-08
1.122742689e-07
7.516023505e-08
9.901422087e-08
1.009768208e-07
8.794875141e-08
1.258485956e-07
7.87108177e-08
1.496378665e-07
7.096574665e-08
1.72298119e-07
6.442908885e-08
1.93836318e-07
5.886744785e-08
2.142888794e-07
5.40926178e-08
2.337066633e-07
4.995394884e-08
2.521457936e-07
4.633097118e-08
2.696621753e-07
4.312702101e-08
2.863083247e-07
4.026403058e-08
3.021316254e-07
3.767839632e-08
3.171734503e-07
3.5317757e-08
3.314687971e-07
3.313850437e-08
3.450462195e-07
3.110386863e-08
3.579279209e-07
2.918244754e-08
3.701299284e-07
2.734707523e-08
3.816622992e-07
2.55739495e-08
3.925293307e-07
2.384195544e-08
4.027297574e-07
2.213213711e-08
4.122569246e-07
2.042728104e-08
4.210989337e-07
1.871158268e-08
4.292387546e-07
1.697037355e-08
4.366543018e-07
1.518989075e-08
4.433184696e-07
1.335707328e-08
4.491991209e-07
1.145937064e-08
4.54259021e-07
9.484549797e-09
4.584557047e-07
7.420484572e-09
4.617412596e-07
5.254909564e-09
4.640619997e-07
2.97511603e-09
4.653579916e-07
5.675649412e-10
4.655623914e-07
-1.982602471e-09
4.646005002e-07
-4.69235914e-09
4.623885342e-07
-7.581750509e-09
4.58831829e-07
-1.067541574e-08
4.538223602e-07
-1.400454973e-08
4.472353084e-07
-1.760976582e-08
4.389242867e-07
-2.154526231e-08
4.287147326e-07
-2.588490144e-08
4.163948386e-07
-3.073115895e-08
4.017033084e-07
-3.622840076e-08
3.843133509e-07
-4.258266756e-08
3.6381302e-07
-5.009113261e-08
3.396841099e-07
-5.918552698e-08
3.11287046e-07
-7.049449631e-08
2.778708827e-07
-8.492810584e-08
2.386511354e-07
-1.037780541e-07
1.930404262e-07
-1.287957259e-07
1.411774935e-07
-1.621254739e-07
8.494213488e-08
-2.057706015e-07
2.951329875e-08
-2.598634623e-07
-1.514175757e-08
-3.183808495e-07
-3.541847226e-08
-3.606167927e-07
-2.381031398e-08
-3.398399219e-07
-1.824758484e-07
-3.035071589e-08
1.320592075e-07
-5.273887584e-08
2.130372599e-07
-5.198422425e-08
2.139926538e-07
-3.383518726e-08
1.899741137e-07
-5.51775099e-09
1.61045952e-07
2.766688028e-08
1.343223638e-07
6.230786089e-08
1.11941865e-07
9.644968004e-08
9.392856183e-08
1.290867258e-07
7.963722307e-08
1.597759327e-07
6.832501384e-08
1.88392528e-07
5.933215609e-08
2.149807192e-07
5.212262637e-08
2.396662575e-07
4.628020823e-08
2.62606768e-07
4.148857824e-08
2.839650149e-07
3.750920081e-08
3.038953984e-07
3.416223418e-08
3.225378682e-07
3.131147892e-08
3.400158618e-07
2.885297751e-08
3.564363145e-07
2.670656813e-08
3.718906461e-07
2.480969885e-08
3.864561265e-07
2.311291577e-08
4.001973124e-07
2.157657085e-08
4.131674037e-07
2.016841296e-08
4.254094554e-07
1.886181668e-08
4.3695743e-07
1.763447283e-08
4.478370914e-07
1.646741358e-08
4.580667589e-07
1.534428175e-08
4.676579357e-07
1.425077847e-08
4.766158306e-07
1.317424192e-08
4.849397891e-07
1.21033223e-08
4.926236442e-07
1.102772736e-08
4.996559986e-07
9.938018855e-09
5.060204443e-07
8.825444808e-09
5.116957223e-07
7.681794935e-09
5.166558241e-07
6.499268555e-09
5.208700294e-07
5.270344201e-09
5.243028732e-07
3.987640466e-09
5.269140269e-07
2.643755495e-09
5.286580713e-07
1.231071361e-09
5.294841103e-07
-2.584744168e-10
5.293352613e-07
-1.833753879e-09
5.281478028e-07
-3.504900985e-09
5.258500669e-07
-5.284015026e-09
5.223607335e-07
-7.186082715e-09
5.175864506e-07
-9.230267197e-09
5.11418468e-07
-1.144178365e-08
5.037278471e-07
-1.385464184e-08
4.943586382e-07
-1.65156929e-08
4.831181616e-07
-1.949068286e-08
4.697631983e-07
-2.287343781e-08
4.539805185e-07
-2.679998825e-08
4.353599252e-07
-3.147053972e-08
4.133583057e-07
-3.718390789e-08
3.872553344e-07
-4.439152547e-08
3.561083886e-07
-5.378116051e-08
3.18732516e-07
-6.640218198e-08
2.737739916e-07
-8.383720199e-08
2.200342931e-07
-1.083857758e-07
1.573517006e-07
-1.430880095e-07
8.849792321e-08
-1.910096854e-07
2.231692408e-08
-2.521998508e-07
-2.338789616e-08
-3.14911973e-07
-2.74366679e-08
-3.357911506e-07
-2.099125164e-07
-3.524060778e-08
1.672998153e-07
-3.881167775e-08
2.166083298e-07
-8.458965347e-09
1.836399413e-07
3.65975631e-08
1.449175852e-07
8.542231752e-08
1.122211974e-07
1.329058285e-07
8.683885271e-08
1.767852928e-07
6.806240063e-08
2.163548271e-07
5.435902746e-08
2.516898436e-07
4.430220641e-08
2.831821217e-07
3.683273568e-08
3.113149181e-07
3.11993596e-08
3.365624841e-07
2.687506022e-08
3.593491633e-07
2.349352894e-08
3.800376367e-07
2.080010473e-08
3.989306082e-07
1.861622913e-08
4.162776614e-07
1.681518087e-08
4.322833858e-07
1.530575435e-08
4.471150958e-07
1.402126733e-08
4.609095212e-07
1.291214261e-08
4.737783435e-07
1.194087635e-08
4.858126646e-07
1.107859451e-08
4.970865642e-07
1.030267102e-08
5.076599153e-07
9.595061679e-09
5.175806063e-07
8.941125492e-09
5.268862978e-07
8.328781017e-09
5.356058153e-07
7.747895933e-09
5.437602565e-07
7.18984032e-09
5.513638784e-07
6.647156284e-09
5.584248094e-07
6.113310707e-09
5.649456235e-07
5.582507952e-09
5.709238049e-07
5.049545609e-09
5.763521224e-07
4.509701146e-09
5.812189269e-07
3.958639978e-09
5.855083839e-07
3.392337691e-09
5.892006421e-07
2.807009962e-09
5.922719415e-07
2.199044509e-09
5.946946527e-07
1.564929018e-09
5.964372387e-07
9.01169184e-10
5.974641176e-07
2.041920878e-10
5.977354026e-07
-5.297597303e-10
5.972065067e-07
-1.304858356e-09
5.958275016e-07
-2.125896314e-09
5.935421373e-07
-2.998651036e-09
5.902864058e-07
-3.930351597e-09
5.859864903e-07
-4.930352047e-09
5.805558088e-07
-6.011102622e-09
5.738907418e-07
-7.189575244e-09
5.658644323e-07
-8.489383765e-09
5.563177436e-07
-9.943994537e-09
5.450459911e-07
-1.16016857e-08
5.317793739e-07
-1.353337148e-08
5.161540511e-07
-1.584521733e-08
4.976695585e-07
-1.869941568e-08
4.756270993e-07
-2.234906675e-08
4.490435625e-07
-2.719762408e-08
4.16542231e-07
-3.39008509e-08
3.76244898e-07
-4.353986946e-08
3.2576092e-07
-5.790179832e-08
2.625482636e-07
-7.987535355e-08
1.852987935e-07
-1.137602157e-07
9.761197079e-08
-1.645130285e-07
1.561356836e-08
-2.32913571e-07
-2.412351471e-08
-2.960540679e-07
-2.340360313e-07
-1.847861841e-08
1.857784336e-07
4.122189321e-08
1.569078181e-07
1.2226394e-07
1.025978944e-07
1.974966843e-07
6.96848409e-08
2.617917945e-07
4.792608713e-08
3.15216358e-07
3.341428915e-08
3.592390915e-07
2.403966708e-08
3.956522829e-07
1.794583601e-08
4.260761773e-07
1.387831197e-08
4.518215765e-07
1.108733631e-08
4.739040639e-07
9.116872218e-09
4.930960087e-07
7.683115315e-09
5.099810696e-07
6.608467883e-09
5.250008217e-07
5.780352509e-09
5.384912284e-07
5.125822349e-09
5.507099453e-07
4.596463825e-09
5.618563465e-07
4.15935307e-09
5.720860828e-07
3.791530869e-09
5.815216469e-07
3.476578438e-09
5.902600606e-07
3.202462503e-09
5.983785019e-07
2.96015306e-09
6.059384539e-07
2.742718832e-09
6.129887917e-07
2.544723678e-09
6.195681008e-07
2.361816223e-09
6.257064358e-07
2.190445848e-09
6.314266687e-07
2.027662876e-09
6.36745533e-07
1.870975805e-09
6.416744412e-07
1.718247835e-09
6.462201309e-07
1.5676208e-09
6.503851803e-07
1.417458403e-09
6.541684225e-07
1.266303108e-09
6.575652808e-07
1.112842655e-09
6.605680374e-07
9.558831642e-10
6.631660483e-07
7.943265273e-10
6.653459079e-07
6.271500704e-10
6.670915654e-07
4.533867477e-10
6.683843902e-07
2.721039973e-10
6.69203179e-07
8.238007598e-11
6.69524086e-07
-1.167152116e-10
6.693205029e-07
-3.261769034e-10
6.685627663e-07
-5.47121988e-10
6.672177192e-07
-7.808495231e-10
6.652480145e-07
-1.028946643e-09
6.626110982e-07
-1.293435554e-09
6.592577241e-07
-1.576978329e-09
6.551297927e-07
-1.883171457e-09
6.501571966e-07
-2.216979472e-09
6.442531963e-07
-2.585383833e-09
6.373075771e-07
-2.998375679e-09
6.291764059e-07
-3.470514838e-09
6.19666485e-07
-4.023450884e-09
6.085113999e-07
-4.690132542e-09
5.95334063e-07
-5.522079103e-09
5.795873806e-07
-6.602384621e-09
5.604595255e-07
-8.069769396e-09
5.367230712e-07
-1.016439692e-08
5.065002369e-07
-1.331703545e-08
4.669225076e-07
-1.832406942e-08
4.137311858e-07
-2.668403213e-08
3.411402989e-07
-4.116932911e-08
2.431494953e-07
-6.652222518e-08
1.206258128e-07
-1.103898889e-07
7.820716373e-09
-1.832489718e-07
-2.26215315e-07
1.857784336e-07
3.426862517e-07
4.452841461e-07
5.14968987e-07
5.628950741e-07
5.963093633e-07
6.203490303e-07
6.382948663e-07
6.521731783e-07
6.632605145e-07
6.723773867e-07
6.80060502e-07
6.866689699e-07
6.924493224e-07
6.975751447e-07
7.021716085e-07
7.063309615e-07
7.101224924e-07
7.135990708e-07
7.168015332e-07
7.197616863e-07
7.225044051e-07
7.250491287e-07
7.274109449e-07
7.296013907e-07
7.316290535e-07
7.335000293e-07
7.35218277e-07
7.367858978e-07
7.382033561e-07
7.394696592e-07
7.405825018e-07
7.415383849e-07
7.423327113e-07
7.429598613e-07
7.43413248e-07
7.436853519e-07
7.43767732e-07
7.436510167e-07
7.433248397e-07
7.427777176e-07
7.41996868e-07
7.409679213e-07
7.396744857e-07
7.380975073e-07
7.362143357e-07
7.339973562e-07
7.314119722e-07
7.284135965e-07
7.249430816e-07
7.209196306e-07
7.16229498e-07
7.107074188e-07
7.041050341e-07
6.960352646e-07
6.858708676e-07
6.72553832e-07
6.542297625e-07
6.275457303e-07
5.863764011e-07
5.198541759e-07
4.094642869e-07
2.26215315e-07
)
;

boundaryField
{
    movingWall
    {
        type            calculated;
        value           uniform 0;
    }
    fixedWalls
    {
        type            calculated;
        value           uniform 0;
    }
    frontAndBack
    {
        type            empty;
    }
}


// ************************************************************************* //
