/*--------------------------------*- C++ -*----------------------------------*\
  =========                 |
  \\      /  F ield         | OpenFOAM: The Open Source CFD Toolbox
   \\    /   O peration     | Website:  https://openfoam.org
    \\  /    A nd           | Version:  11
     \\/     M anipulation  |
\*---------------------------------------------------------------------------*/
FoamFile
{
    format      ascii;
    class       volVectorField;
    location    "600";
    object      U;
}
// * * * * * * * * * * * * * * * * * * * * * * * * * * * * * * * * * * * * * //

dimensions      [0 1 -1 0 0 0 0];

internalField   nonuniform List<vector> 
4096
(
(1.386015228e-05 -1.385199584e-05 0)
(5.718041177e-05 -1.733803082e-05 0)
(8.977300378e-05 -1.301916875e-05 0)
(9.149602242e-05 -5.899130226e-06 0)
(5.196979421e-05 1.652841932e-06 0)
(-3.031803196e-05 8.779649498e-06 0)
(-0.0001532816749 1.509169183e-05 0)
(-0.0003131459647 2.046892005e-05 0)
(-0.0005053827836 2.492918147e-05 0)
(-0.0007252676294 2.854868899e-05 0)
(-0.000968188834 3.14236941e-05 0)
(-0.00122980406 3.365220552e-05 0)
(-0.0015061067 3.532497088e-05 0)
(-0.001793437802 3.652115064e-05 0)
(-0.002088464889 3.730651402e-05 0)
(-0.002388141499 3.7733054e-05 0)
(-0.002689656789 3.783946605e-05 0)
(-0.002990381806 3.765217462e-05 0)
(-0.003287817124 3.718672999e-05 0)
(-0.003579545285 3.6449444e-05 0)
(-0.003863190497 3.543918425e-05 0)
(-0.004136387283 3.414925018e-05 0)
(-0.004396759168 3.256928628e-05 0)
(-0.004641908009 3.068717991e-05 0)
(-0.004869414148 2.849091707e-05 0)
(-0.005076847226 2.597035619e-05 0)
(-0.005261787196 2.31189015e-05 0)
(-0.005421854813 1.993504027e-05 0)
(-0.00555475063 1.642372599e-05 0)
(-0.005658301318 1.259756848e-05 0)
(-0.005730511901 8.477810407e-06 0)
(-0.005769622362 4.095059436e-06 0)
(-0.005774166455 -5.103553767e-07 0)
(-0.005743031176 -5.288286489e-06 0)
(-0.005675515194 -1.017876574e-05 0)
(-0.005571383355 -1.511262367e-05 0)
(-0.005430915535 -2.001260805e-05 0)
(-0.005254946648 -2.479475984e-05 0)
(-0.005044896173 -2.937018613e-05 0)
(-0.004802785113 -3.364718131e-05 0)
(-0.004531238692 -3.753363392e-05 0)
(-0.004233473449 -4.093965276e-05 0)
(-0.003913267877 -4.378031031e-05 0)
(-0.003574916323 -4.597839887e-05 0)
(-0.003223166475 -4.746706993e-05 0)
(-0.002863141383 -4.819223595e-05 0)
(-0.002500247626 -4.81146061e-05 0)
(-0.002140071732 -4.721125427e-05 0)
(-0.001788267421 -4.547663428e-05 0)
(-0.001450436453 -4.29230096e-05 0)
(-0.001132005796 -3.958031565e-05 0)
(-0.0008381034091 -3.549556864e-05 0)
(-0.0005734339579 -3.073205648e-05 0)
(-0.0003421540904 -2.536875888e-05 0)
(-0.0001477440807 -1.950078027e-05 0)
(7.131917942e-06 -1.324223962e-05 0)
(0.0001207916086 -6.734300832e-06 0)
(0.00019275346 -1.62581251e-07 0)
(0.0002240574166 6.206645833e-06 0)
(0.0002177486312 1.195741492e-05 0)
(0.0001795835026 1.642905897e-05 0)
(0.0001193929218 1.859930747e-05 0)
(5.47674574e-05 1.642767397e-05 0)
(8.031281696e-06 8.03502659e-06 0)
(1.75696847e-05 -5.734841045e-05 0)
(7.003623251e-05 -6.944085879e-05 0)
(7.870984095e-05 -2.438884013e-05 0)
(8.119553379e-06 4.743507125e-05 0)
(-0.00016184542 0.0001287593243 0)
(-0.0004360651738 0.0002099804258 0)
(-0.0008114887279 0.0002859385054 0)
(-0.001280611182 0.0003540825024 0)
(-0.001833519508 0.00041337118 0)
(-0.002459227599 0.000463623082 0)
(-0.003146514485 0.000505130372 0)
(-0.003884419759 0.0005384245703 0)
(-0.004662511306 0.0005641318714 0)
(-0.005471001863 0.0005828833376 0)
(-0.006300765989 0.0005952601711 0)
(-0.007143293623 0.0006017623991 0)
(-0.007990606234 0.0006027938098 0)
(-0.00883515464 0.0005986584838 0)
(-0.009669712608 0.0005895657261 0)
(-0.01048727673 0.0005756410714 0)
(-0.01128098025 0.0005569415975 0)
(-0.01204402623 0.0005334741491 0)
(-0.01276964384 0.0005052153491 0)
(-0.01345106973 0.000472132465 0)
(-0.01408155564 0.0004342043595 0)
(-0.01465440191 0.0003914418595 0)
(-0.01516301593 0.0003439069759 0)
(-0.01560099376 0.0002917304572 0)
(-0.01596222238 0.0002351272163 0)
(-0.01624099935 0.000174409186 0)
(-0.01643216633 0.0001099952002 0)
(-0.01653125221 4.241747525e-05 0)
(-0.01653462055 -2.767581819e-05 0)
(-0.01643961782 -9.952158531e-05 0)
(-0.01624471638 -0.0001722462612 0)
(-0.01594964611 -0.0002448757168 0)
(-0.01555551037 -0.0003163499275 0)
(-0.0150648791 -0.0003855417338 0)
(-0.01448185452 -0.0004512796281 0)
(-0.01381210474 -0.0005123741338 0)
(-0.0130628613 -0.0005676471168 0)
(-0.0122428776 -0.0006159631967 0)
(-0.01136234621 -0.0006562622487 0)
(-0.01043277466 -0.0006875918678 0)
(-0.009466820238 -0.000709138584 0)
(-0.008478086229 -0.0007202566275 0)
(-0.007480883071 -0.0007204931237 0)
(-0.006489959185 -0.0007096088004 0)
(-0.005520207149 -0.0006875936041 0)
(-0.004586351224 -0.000654677094 0)
(-0.003702622058 -0.0006113341173 0)
(-0.002882423246 -0.0005582871499 0)
(-0.002137992284 -0.0004965078851 0)
(-0.001480054734 -0.0004272223639 0)
(-0.0009174648379 -0.0003519264615 0)
(-0.0004568177408 -0.0002724224109 0)
(-0.000102006806 -0.000190893167 0)
(0.0001463174535 -0.0001100400846 0)
(0.0002914530821 -3.332212579e-05 0)
(0.0003415785587 3.465399489e-05 0)
(0.0003109402287 8.754413811e-05 0)
(0.0002218132259 0.0001164798977 0)
(0.0001095982288 0.0001094937869 0)
(1.628871168e-05 5.462054449e-05 0)
(1.352960115e-05 -9.075257561e-05 0)
(2.551800541e-05 -7.85348502e-05 0)
(-4.821136023e-05 4.847260745e-05 0)
(-0.0002448570276 0.0002327077834 0)
(-0.0005860627087 0.0004395057259 0)
(-0.001077897457 0.0006477400008 0)
(-0.001716778139 0.0008449205237 0)
(-0.002493040923 0.001024128036 0)
(-0.003393380978 0.001181968431 0)
(-0.004402573283 0.001317236346 0)
(-0.005504641033 0.001430045987 0)
(-0.006683608136 0.001521259783 0)
(-0.00792395054 0.001592110175 0)
(-0.00921083323 0.001643950043 0)
(-0.01053019775 0.001678091313 0)
(-0.0118687492 0.001695705737 0)
(-0.01321387983 0.001697770615 0)
(-0.01455355788 0.001685047572 0)
(-0.01587620309 0.001658085809 0)
(-0.01717056576 0.001617243415 0)
(-0.01842562148 0.001562721691 0)
(-0.01963049054 0.001494608505 0)
(-0.02077438824 0.001412927384 0)
(-0.02184660972 0.001317689626 0)
(-0.0228365512 0.001208947133 0)
(-0.02373376765 0.001086844045 0)
(-0.0245280655 0.0009516654617 0)
(-0.02520962777 0.0008038818054 0)
(-0.02576916792 0.0006441874863 0)
(-0.02619810767 0.000473532683 0)
(-0.02648877332 0.0002931471497 0)
(-0.02663460446 0.0001045550247 0)
(-0.02663036707 -9.04203686e-05 0)
(-0.02647236652 -0.0002896613816 0)
(-0.02615865019 -0.0004907708396 0)
(-0.02568919229 -0.0006910998083 0)
(-0.02506605454 -0.0008877870656 0)
(-0.02429351235 -0.001077809179 0)
(-0.02337814073 -0.00125804062 0)
(-0.02232885317 -0.001425322702 0)
(-0.02115688802 -0.001576539682 0)
(-0.01987573842 -0.001708699912 0)
(-0.01850102294 -0.001819019582 0)
(-0.0170502964 -0.001905006309 0)
(-0.0155428016 -0.001964539672 0)
(-0.01399916506 -0.001995945854 0)
(-0.01244104139 -0.001998063754 0)
(-0.01089071246 -0.00197030047 0)
(-0.009370648806 -0.001912674805 0)
(-0.007903041112 -0.001825848607 0)
(-0.006509309454 -0.001711147224 0)
(-0.00520959659 -0.001570572414 0)
(-0.004022249095 -0.001406813634 0)
(-0.002963285981 -0.001223267148 0)
(-0.002045848558 -0.001024077129 0)
(-0.001279617507 -0.00081421931 0)
(-0.0006701734436 -0.0005996563761 0)
(-0.0002182650918 -0.0003876053578 0)
(8.10628144e-05 -0.0001869684626 0)
(0.0002395067581 -8.983181756e-06 0)
(0.0002766602654 0.000131882518 0)
(0.0002217354265 0.0002168681419 0)
(0.0001186521046 0.0002220652977 0)
(1.853169369e-05 0.0001192835586 0)
(6.576430659e-06 -9.340257339e-05 0)
(-4.779088986e-05 -7.303748398e-06 0)
(-0.000238197207 0.0002459893916 0)
(-0.0005958753523 0.0005858279631 0)
(-0.00113791644 0.0009610685502 0)
(-0.001868669918 0.001338646635 0)
(-0.002782906268 0.001697820927 0)
(-0.003868832493 0.002026323447 0)
(-0.005110456534 0.00231757628 0)
(-0.006489350961 0.002568737879 0)
(-0.007985928952 0.002779346906 0)
(-0.009580322803 0.002950378431 0)
(-0.01125294935 0.003083587949 0)
(-0.0129848376 0.003181059929 0)
(-0.01475778166 0.003244904314 0)
(-0.01655437061 0.003277062027 0)
(-0.01835793705 0.003279191977 0)
(-0.02015245784 0.003252619625 0)
(-0.02192243359 0.00319833206 0)
(-0.02365276749 0.003117007934 0)
(-0.02532865969 0.003009072942 0)
(-0.0269355285 0.002874773259 0)
(-0.02845896691 0.002714260622 0)
(-0.02988473941 0.002527683809 0)
(-0.03119882167 0.002315282037 0)
(-0.03238748334 0.002077476485 0)
(-0.03343741246 0.001814956678 0)
(-0.03433587808 0.001528758853 0)
(-0.03507092659 0.001220333836 0)
(-0.03563160573 0.0008916021667 0)
(-0.03600820954 0.0005449945199 0)
(-0.0361925366 0.0001834756328 0)
(-0.03617815137 -0.0001894498553 0)
(-0.0359606442 -0.00056974922 0)
(-0.03553787553 -0.0009528923604 0)
(-0.03491019727 -0.001333904761 0)
(-0.03408064285 -0.00170744101 0)
(-0.03305507389 -0.002067877224 0)
(-0.03184227662 -0.002409421089 0)
(-0.03045400024 -0.002726237323 0)
(-0.02890493066 -0.003012585556 0)
(-0.027212595 -0.003262966976 0)
(-0.02539719349 -0.003472275475 0)
(-0.02348135788 -0.003635948571 0)
(-0.02148983722 -0.003750113197 0)
(-0.01944911409 -0.003811721498 0)
(-0.01738695665 -0.003818672199 0)
(-0.01533191309 -0.003769913976 0)
(-0.01331275721 -0.003665528543 0)
(-0.01135789388 -0.003506793057 0)
(-0.009494733553 -0.003296223874 0)
(-0.007749043985 -0.003037606876 0)
(-0.006144284779 -0.002736023555 0)
(-0.004700927438 -0.002397887065 0)
(-0.003435758624 -0.002031008652 0)
(-0.002361158963 -0.00164472252 0)
(-0.001484343894 -0.001250106137 0)
(-0.0008065470389 -0.0008603423994 0)
(-0.0003221227216 -0.000491277324 0)
(-1.757336844e-05 -0.0001622247005 0)
(0.0001294345889 0.0001029678855 0)
(0.0001514602818 0.0002746842525 0)
(9.570002829e-05 0.0003161876147 0)
(1.685882088e-05 0.0001813888603 0)
(-1.10667893e-06 -5.344583448e-05 0)
(-0.0001343645343 0.0001683808121 0)
(-0.0004608784328 0.0005961525983 0)
(-0.001001449899 0.001132532503 0)
(-0.001764446082 0.001712922624 0)
(-0.002749921255 0.002293712671 0)
(-0.003949516123 0.00284636067 0)
(-0.005348681318 0.003353198533 0)
(-0.006928730185 0.003804198759 0)
(-0.008668424179 0.004194569027 0)
(-0.01054518338 0.004522991438 0)
(-0.01253596864 0.004790338594 0)
(-0.01461788063 0.004998744683 0)
(-0.01676852974 0.00515094366 0)
(-0.01896622902 0.00524981029 0)
(-0.02119005743 0.005298056725 0)
(-0.02341983405 0.005298049246 0)
(-0.02563603776 0.005251718063 0)
(-0.02781970082 0.005160538869 0)
(-0.02995229917 0.00502556905 0)
(-0.03201565733 0.004847524477 0)
(-0.03399188145 0.004626885182 0)
(-0.03586332989 0.004364020058 0)
(-0.03761262746 0.004059322231 0)
(-0.03922272633 0.00371334799 0)
(-0.04067701412 0.003326953189 0)
(-0.04195946726 0.002901421886 0)
(-0.04305484601 0.002438582695 0)
(-0.04394892574 0.001940908897 0)
(-0.04462875766 0.001411598886 0)
(-0.04508295135 0.0008546339405 0)
(-0.04530197037 0.0002748107197 0)
(-0.04527842914 -0.0003222537822 0)
(-0.0450073871 -0.0009301442736 0)
(-0.04448662238 -0.001541698204 0)
(-0.04371687852 -0.002149089681 0)
(-0.04270207486 -0.002743944005 0)
(-0.04144946658 -0.00331748039 0)
(-0.03996974742 -0.003860680863 0)
(-0.03827708634 -0.00436448196 0)
(-0.03638909079 -0.004819984846 0)
(-0.03432669143 -0.005218678454 0)
(-0.03211394426 -0.005552669447 0)
(-0.02977774903 -0.005814912166 0)
(-0.02734748421 -0.005999431427 0)
(-0.02485456166 -0.006101531138 0)
(-0.02233190623 -0.006117982274 0)
(-0.01981336727 -0.006047184934 0)
(-0.01733307115 -0.005889300983 0)
(-0.01492472468 -0.005646356346 0)
(-0.01262087985 -0.005322315292 0)
(-0.01045217016 -0.004923133197 0)
(-0.008446527129 -0.004456799337 0)
(-0.006628383781 -0.003933387201 0)
(-0.005017868942 -0.003365136789 0)
(-0.003629993169 -0.002766601075 0)
(-0.002473824762 -0.002154896768 0)
(-0.001551652601 -0.001550106559 0)
(-0.0008581330162 -0.0009758843508 0)
(-0.0003794404801 -0.0004603133231 0)
(-9.247102253e-05 -3.703548046e-05 0)
(3.619965392e-05 0.0002534017794 0)
(5.340863289e-05 0.0003617436932 0)
(1.340685303e-05 0.0002256979731 0)
(-8.79114453e-06 3.294238343e-05 0)
(-0.0002259316116 0.0004593456799 0)
(-0.0006984122381 0.001114051128 0)
(-0.001434292533 0.00188899317 0)
(-0.002430661766 0.002709661332 0)
(-0.003681303243 0.003524037941 0)
(-0.005173328172 0.00429697598 0)
(-0.006888592652 0.005005986433 0)
(-0.008805355715 0.005637801964 0)
(-0.01089957096 0.006185689857 0)
(-0.01314591984 0.006647394394 0)
(-0.01551860415 0.007023575988 0)
(-0.01799190752 0.007316642874 0)
(-0.020540557 0.007529894038 0)
(-0.02313992295 0.007666909349 0)
(-0.02576609607 0.007731136496 0)
(-0.02839587758 0.007725634624 0)
(-0.03100671504 0.007652942345 0)
(-0.03357661147 0.007515043522 0)
(-0.03608403097 0.007313408655 0)
(-0.03850781919 0.00704909313 0)
(-0.04082715284 0.006722876351 0)
(-0.04302152828 0.006335428083 0)
(-0.04507079561 0.00588749028 0)
(-0.04695524163 0.005380064331 0)
(-0.04865572197 0.004814595063 0)
(-0.05015384048 0.004193144082 0)
(-0.05143217177 0.003518546048 0)
(-0.0524745211 0.002794542346 0)
(-0.05326621429 0.002025887412 0)
(-0.05379440923 0.001218423639 0)
(-0.05404841999 0.0003791213656 0)
(-0.05402004011 -0.0004839189618 0)
(-0.05370386267 -0.001361501777 0)
(-0.0530975756 -0.002243411309 0)
(-0.05220222759 -0.003118530614 0)
(-0.05102245454 -0.003975002098 0)
(-0.04956665072 -0.004800426176 0)
(-0.04784707798 -0.005582095283 0)
(-0.04587990332 -0.006307258755 0)
(-0.04368515709 -0.006963412739 0)
(-0.04128660554 -0.007538608 0)
(-0.03871153346 -0.00802176745 0)
(-0.03599043463 -0.00840300438 0)
(-0.03315661007 -0.008673931939 0)
(-0.0302456765 -0.008827954505 0)
(-0.02729498995 -0.008860532247 0)
(-0.02434299162 -0.008769411585 0)
(-0.02142848524 -0.008554816492 0)
(-0.01858985677 -0.008219598587 0)
(-0.01586424859 -0.007769348019 0)
(-0.01328670045 -0.007212471985 0)
(-0.01088926977 -0.006560253507 0)
(-0.008700142635 -0.005826909666 0)
(-0.006742746157 -0.005029675599 0)
(-0.005034871708 -0.004188947905 0)
(-0.003587818451 -0.003328527884 0)
(-0.002405567341 -0.002476010176 0)
(-0.001483998698 -0.001663365611 0)
(-0.0008101786759 -0.0009277683777 0)
(-0.0003617374883 -0.0003126951902 0)
(-0.0001061920715 0.0001307289547 0)
(4.283956066e-07 0.0003417603527 0)
(9.197961693e-06 0.0002448563671 0)
(-1.615834288e-05 0.000166553881 0)
(-0.0003181741853 0.0008698261247 0)
(-0.0009404419502 0.001806975934 0)
(-0.001877440965 0.002863993127 0)
(-0.00311364368 0.003959849528 0)
(-0.004635213124 0.005036497638 0)
(-0.006423602748 0.006053769005 0)
(-0.008456264741 0.006985343325 0)
(-0.01070792173 0.007815287089 0)
(-0.01315152451 0.008535226376 0)
(-0.01575904915 0.009142096339 0)
(-0.01850213904 0.009636375564 0)
(-0.02135257486 0.0100207258 0)
(-0.02428258426 0.01029896922 0)
(-0.02726501603 0.01047534512 0)
(-0.03027340792 0.0105539969 0)
(-0.03328197789 0.0105386478 0)
(-0.03626556714 0.01043242964 0)
(-0.03919956047 0.01023783436 0)
(-0.04205980543 0.009956761551 0)
(-0.04482254844 0.009590639235 0)
(-0.04746440125 0.009140597626 0)
(-0.04996234798 0.008607678483 0)
(-0.05229379885 0.007993064832 0)
(-0.05443669394 0.007298317919 0)
(-0.05636965697 0.006525610084 0)
(-0.05807219716 0.0056779438 0)
(-0.0595249546 0.004759348521 0)
(-0.0607099832 0.003775048192 0)
(-0.06161106348 0.002731593295 0)
(-0.06221403673 0.001636952298 0)
(-0.06250715108 0.0005005581303 0)
(-0.06248140528 -0.0006666938712 0)
(-0.06213088974 -0.001852495827 0)
(-0.06145309968 -0.003043228274 0)
(-0.06044921768 -0.004224116773 0)
(-0.05912435612 -0.005379441481 0)
(-0.05748774107 -0.006492795238 0)
(-0.0555528317 -0.007547386741 0)
(-0.05333736475 -0.008526383313 0)
(-0.05086331534 -0.009413286012 0)
(-0.04815676716 -0.01019232834 0)
(-0.04524768663 -0.01084888841 0)
(-0.04216959776 -0.01136990333 0)
(-0.03895915678 -0.01174427399 0)
(-0.035655628 -0.01196324842 0)
(-0.03230026529 -0.01202077246 0)
(-0.02893560591 -0.01191379804 0)
(-0.02560468638 -0.01164254204 0)
(-0.02235019192 -0.01121069178 0)
(-0.01921355347 -0.010625558 0)
(-0.01623400715 -0.009898181457 0)
(-0.0134476326 -0.009043405696 0)
(-0.0108863867 -0.008079935154 0)
(-0.008577149928 -0.007030405266 0)
(-0.006540802788 -0.005921497813 0)
(-0.004791351259 -0.004784140704 0)
(-0.00333512197 -0.003653835307 0)
(-0.002170052984 -0.00257115714 0)
(-0.001285107543 -0.001582479059 0)
(-0.0006598041667 -0.0007409470752 0)
(-0.00026389334 -0.0001076866233 0)
(-5.783183845e-05 0.0002463580134 0)
(4.823460947e-06 0.0002352748682 0)
(-2.311064717e-05 0.0003467955671 0)
(-0.0004089288787 0.001400379157 0)
(-0.001181101964 0.002677239363 0)
(-0.002320548355 0.004061053201 0)
(-0.003798609268 0.005467254056 0)
(-0.005593020092 0.006834096627 0)
(-0.007678772068 0.0081181228 0)
(-0.0100282502 0.009290404172 0)
(-0.01261217388 0.01033316439 0)
(-0.01540022783 0.01123691423 0)
(-0.01836160305 0.01199809461 0)
(-0.02146545578 0.01261717403 0)
(-0.02468125055 0.01309714705 0)
(-0.02797898504 0.01344238218 0)
(-0.03132931066 0.01365777031 0)
(-0.03470356924 0.01374812879 0)
(-0.03807376893 0.01371782046 0)
(-0.04141252281 0.01357055072 0)
(-0.04469297236 0.0133093096 0)
(-0.04788871506 0.01293642894 0)
(-0.05097375227 0.01245372792 0)
(-0.05392247026 0.01186272323 0)
(-0.05670966315 0.01116488264 0)
(-0.05931060391 0.01036190356 0)
(-0.06170116586 0.009456000348 0)
(-0.06385799464 0.008450186452 0)
(-0.06575872827 0.007348539293 0)
(-0.06738226073 0.006156437681 0)
(-0.06870904281 0.004880762937 0)
(-0.0697214127 0.003530056343 0)
(-0.07040394773 0.002114626708 0)
(-0.07074382812 0.0006466028507 0)
(-0.07073119762 -0.0008600731932 0)
(-0.07035952324 -0.002389711714 0)
(-0.06962592551 -0.003925002932 0)
(-0.06853147816 -0.005447211832 0)
(-0.06708146968 -0.006936437924 0)
(-0.06528560462 -0.008371934263 0)
(-0.06315813986 -0.009732481889 0)
(-0.06071794445 -0.01099681334 0)
(-0.05798847306 -0.0121440768 0)
(-0.05499764507 -0.01315433064 0)
(-0.05177762244 -0.01400905626 0)
(-0.04836448162 -0.014691676 0)
(-0.04479777732 -0.0151880616 0)
(-0.04111999816 -0.01548701885 0)
(-0.03737591786 -0.01558073422 0)
(-0.03361184811 -0.01546517097 0)
(-0.02987480287 -0.01514040488 0)
(-0.0262115868 -0.01461089326 0)
(-0.02266782329 -0.01388567572 0)
(-0.01928694013 -0.01297851139 0)
(-0.01610913297 -0.01190796341 0)
(-0.01317032833 -0.01069744906 0)
(-0.01050116965 -0.009375281017 0)
(-0.008126050982 -0.007974731515 0)
(-0.006062225131 -0.006534156784 0)
(-0.004319015557 -0.005097221864 0)
(-0.002897168583 -0.003713268198 0)
(-0.001788373026 -0.002437869385 0)
(-0.0009749075732 -0.00133359973 0)
(-0.0004296245865 -0.0004709780983 0)
(-0.0001182317546 7.004412568e-05 0)
(5.826330955e-07 0.0001954446658 0)
(-2.965211664e-05 0.0005724066589 0)
(-0.0004971672066 0.002049435138 0)
(-0.001417138027 0.003723952528 0)
(-0.002757375896 0.00548002617 0)
(-0.00447609331 0.007232054511 0)
(-0.006542210214 0.008916739082 0)
(-0.008923755222 0.01048906036 0)
(-0.01158757005 0.01191880733 0)
(-0.01449999104 0.01318733471 0)
(-0.01762718579 0.01428472464 0)
(-0.02093544303 0.01520738716 0)
(-0.02439143744 0.01595607756 0)
(-0.02796242623 0.01653430073 0)
(-0.03161636741 0.01694706697 0)
(-0.03532196564 0.01719996059 0)
(-0.03904865923 0.01729848225 0)
(-0.04276656521 0.01724762668 0)
(-0.04644640131 0.0170516591 0)
(-0.05005940288 0.0167140557 0)
(-0.05357725143 0.01623757577 0)
(-0.05697202858 0.01562443581 0)
(-0.06021620639 0.0148765584 0)
(-0.06328268209 0.01399587162 0)
(-0.06614486185 0.01298463721 0)
(-0.06877679573 0.01184578861 0)
(-0.07115336329 0.01058326237 0)
(-0.07325050711 0.009202308749 0)
(-0.07504550967 0.007709769433 0)
(-0.07651730738 0.006114312105 0)
(-0.07764683453 0.004426613242 0)
(-0.07841738874 0.002659481968 0)
(-0.0788150095 0.0008279189844 0)
(-0.07882885385 -0.001050894259 0)
(-0.07845157461 -0.002957676213 0)
(-0.07767966929 -0.004871198354 0)
(-0.0765137996 -0.00676851697 0)
(-0.07495907783 -0.008625282339 0)
(-0.07302529249 -0.0104161183 0)
(-0.07072707057 -0.01211506829 0)
(-0.06808396311 -0.01369610096 0)
(-0.06512044335 -0.01513366597 0)
(-0.06186580737 -0.0164032884 0)
(-0.05835396897 -0.01748218803 0)
(-0.05462314192 -0.018349908 0)
(-0.0507154056 -0.01898893586 0)
(-0.04667615238 -0.01938529958 0)
(-0.04255341909 -0.01952912112 0)
(-0.03839710789 -0.01941511162 0)
(-0.03425810643 -0.0190429947 0)
(-0.03018732061 -0.01841784837 0)
(-0.02623463748 -0.01755036064 0)
(-0.0224478391 -0.01645700078 0)
(-0.01887149167 -0.01516011459 0)
(-0.01554583667 -0.01368795998 0)
(-0.01250571344 -0.01207470622 0)
(-0.009779544475 -0.01036042691 0)
(-0.007388416672 -0.008591121546 0)
(-0.005345295369 -0.006818803086 0)
(-0.003654416216 -0.005101689863 0)
(-0.002310879587 -0.0035045418 0)
(-0.001300369592 -0.002099155525 0)
(-0.0005993743163 -0.0009649587407 0)
(-0.0001791496473 -0.0001900231891 0)
(-3.405726812e-06 0.0001250035504 0)
(-3.581982692e-05 0.0008418443392 0)
(-0.0005824341416 0.002814230119 0)
(-0.001646767874 0.004944196694 0)
(-0.003184163886 0.007118223333 0)
(-0.005140010331 0.009251744265 0)
(-0.007474325377 0.01128181812 0)
(-0.01014792861 0.01316350681 0)
(-0.01312182794 0.01486665761 0)
(-0.0163577128 0.01637280478 0)
(-0.01981803876 0.01767239079 0)
(-0.02346608582 0.01876236635 0)
(-0.0272660319 0.01964417128 0)
(-0.03118299618 0.02032208486 0)
(-0.03518303837 0.02080192401 0)
(-0.03923311569 0.02109006066 0)
(-0.04330100584 0.02119272499 0)
(-0.04735520821 0.02111555947 0)
(-0.05136483761 0.02086338789 0)
(-0.05529952493 0.02044016399 0)
(-0.0591293382 0.01984906569 0)
(-0.06282473529 0.01909270249 0)
(-0.06635655738 0.01817340636 0)
(-0.06969606936 0.0170935788 0)
(-0.07281505093 0.01585606963 0)
(-0.07568593955 0.01446456618 0)
(-0.07828202426 0.0129239739 0)
(-0.08057768745 0.0112407726 0)
(-0.08254868997 0.009423334405 0)
(-0.0841724938 0.007482191966 0)
(-0.08542861522 0.005430247199 0)
(-0.08629900101 0.003282912527 0)
(-0.08676841977 0.001058177886 0)
(-0.08682485221 -0.001223401967 0)
(-0.08645988879 -0.003538801037 0)
(-0.08566910088 -0.005862697793 0)
(-0.084452384 -0.008167740589 0)
(-0.08281427666 -0.01042490356 0)
(-0.08076421914 -0.01260392449 0)
(-0.07831675229 -0.01467382115 0)
(-0.07549164127 -0.01660347897 0)
(-0.07231391167 -0.01836230005 0)
(-0.06881378608 -0.01992090103 0)
(-0.06502651026 -0.02125184439 0)
(-0.06099206005 -0.0223303856 0)
(-0.05675472207 -0.02313521661 0)
(-0.05236254491 -0.02364918466 0)
(-0.04786666085 -0.02385996553 0)
(-0.04332048274 -0.02376067103 0)
(-0.03877878519 -0.02335037293 0)
(-0.0342966845 -0.02263452917 0)
(-0.02992853633 -0.02162530365 0)
(-0.02572677508 -0.02034177711 0)
(-0.02174072341 -0.01881005437 0)
(-0.01801540361 -0.01706328092 0)
(-0.01459038609 -0.01514158988 0)
(-0.01149871251 -0.01309200703 0)
(-0.008765932601 -0.01096834661 0)
(-0.006409297823 -0.008831132721 0)
(-0.004437163951 -0.006747581407 0)
(-0.002848622298 -0.004791677508 0)
(-0.001633238156 -0.003044350892 0)
(-0.0007714274834 -0.001593671935 0)
(-0.0002399599206 -0.0005353429893 0)
(-7.121612422e-06 2.41007742e-05 0)
(-4.165549647e-05 0.00115346941 0)
(-0.0006645467664 0.003691338817 0)
(-0.001869006102 0.006333764603 0)
(-0.003598599339 0.008971190266 0)
(-0.005786357765 0.01152180464 0)
(-0.008383516814 0.01392470486 0)
(-0.01134363868 0.01613655689 0)
(-0.01462177077 0.01812857085 0)
(-0.01817481121 0.01988353027 0)
(-0.02196138427 0.02139308222 0)
(-0.02594169245 0.02265536129 0)
(-0.03007741027 0.02367296453 0)
(-0.03433157593 0.02445127967 0)
(-0.03866846697 0.02499715577 0)
(-0.04305346003 0.02531789571 0)
(-0.04745288 0.02542054265 0)
(-0.05183384706 0.02531142864 0)
(-0.05616413224 0.02499595044 0)
(-0.06041203268 0.02447853741 0)
(-0.0645462767 0.02376277567 0)
(-0.06853596762 0.02285165466 0)
(-0.07235057306 0.0217479037 0)
(-0.07595996439 0.02045438904 0)
(-0.07933450861 0.0189745446 0)
(-0.08244521318 0.01731281277 0)
(-0.08526392203 0.01547507454 0)
(-0.08776355986 0.01346905147 0)
(-0.08991842036 0.01130466432 0)
(-0.09170449275 0.00899433571 0)
(-0.09309982051 0.006553226356 0)
(-0.09408488553 0.003999395867 0)
(-0.09464301084 0.001353880899 0)
(-0.09476076594 -0.001359315598 0)
(-0.09442838524 -0.004113326974 0)
(-0.09364016653 -0.006878616299 0)
(-0.09239484239 -0.009623269989 0)
(-0.09069594046 -0.0123133957 0)
(-0.08855208528 -0.01491361437 0)
(-0.08597724548 -0.01738764383 0)
(-0.08299090939 -0.01969896716 0)
(-0.07961817384 -0.0218115756 0)
(-0.07588973223 -0.02369077287 0)
(-0.07184174788 -0.02530402423 0)
(-0.06751560086 -0.02662183069 0)
(-0.0629574983 -0.02761860575 0)
(-0.05821794188 -0.02827353058 0)
(-0.05335105039 -0.0285713619 0)
(-0.04841374001 -0.02850316779 0)
(-0.04346477102 -0.02806696807 0)
(-0.03856367554 -0.02726825971 0)
(-0.03376958713 -0.026120413 0)
(-0.0291399992 -0.02464493101 0)
(-0.02472948469 -0.02287157279 0)
(-0.02058841404 -0.02083834989 0)
(-0.01676171263 -0.01859141376 0)
(-0.0132877012 -0.01618485972 0)
(-0.01019706408 -0.01368047825 0)
(-0.007511993925 -0.01114748691 0)
(-0.005245570848 -0.008662275801 0)
(-0.003401388526 -0.006308196742 0)
(-0.001973258046 -0.004175393579 0)
(-0.0009456650677 -0.002360579127 0)
(-0.0003006866852 -0.0009670081825 0)
(-1.059832315e-05 -0.000107014369 0)
(-4.719410854e-05 0.001505621145 0)
(-0.0007434326894 0.004676956281 0)
(-0.002083267328 0.007887604071 0)
(-0.00399916812 0.01103321697 0)
(-0.006412358189 0.01403618932 0)
(-0.009265544175 0.01683913811 0)
(-0.01250513025 0.01940172869 0)
(-0.01608021189 0.02169777531 0)
(-0.01994286109 0.02371236678 0)
(-0.02404783087 0.02543921968 0)
(-0.02835222774 0.02687833681 0)
(-0.03281524147 0.02803399605 0)
(-0.03739789205 0.02891308034 0)
(-0.04206278255 0.02952374558 0)
(-0.04677385833 0.02987441149 0)
(-0.0514961763 0.02997305199 0)
(-0.05619569039 0.02982675586 0)
(-0.0608390611 0.02944152388 0)
(-0.06539349713 0.02882226701 0)
(-0.06982663663 0.02797296923 0)
(-0.07410647437 0.02689697913 0)
(-0.07820133955 0.0255973965 0)
(-0.08207992707 0.02407752192 0)
(-0.08571138332 0.02234134095 0)
(-0.08906544607 0.02039401742 0)
(-0.09211263637 0.01824237362 0)
(-0.09482449939 0.01589533861 0)
(-0.0971738902 0.0133643485 0)
(-0.09913529951 0.01066368526 0)
(-0.1006852141 0.007810742912 0)
(-0.1018025064 0.004826211414 0)
(-0.1024688473 0.001734170536 0)
(-0.102669127 -0.001437913446 0)
(-0.1023918962 -0.004659293494 0)
(-0.1016297973 -0.007896146225 0)
(-0.1003799687 -0.01111188605 0)
(-0.09864445584 -0.01426759824 0)
(-0.09643056687 -0.01732257905 0)
(-0.09375118082 -0.02023498175 0)
(-0.09062498952 -0.02296256279 0)
(-0.08707665522 -0.02546351823 0)
(-0.08313686691 -0.02769739706 0)
(-0.07884227824 -0.02962607379 0)
(-0.07423531121 -0.0312147588 0)
(-0.06936381204 -0.03243302104 0)
(-0.0642805492 -0.03325579485 0)
(-0.05904254819 -0.03366434046 0)
(-0.05371026355 -0.03364712738 0)
(-0.04834659536 -0.03320061093 0)
(-0.04301576466 -0.03232987572 0)
(-0.0377820703 -0.03104912466 0)
(-0.03270855687 -0.0293819999 0)
(-0.0278556304 -0.02736173037 0)
(-0.02327966456 -0.02503111054 0)
(-0.01903164449 -0.02244232489 0)
(-0.01515589824 -0.01965664121 0)
(-0.0116889667 -0.01674400254 0)
(-0.008658665887 -0.0137825509 0)
(-0.006083404885 -0.0108581152 0)
(-0.003971763573 -0.008063693366 0)
(-0.002322110008 -0.005498922955 0)
(-0.001123071725 -0.003269438744 0)
(-0.0003617776205 -0.001486356378 0)
(-1.389773176e-05 -0.0002682528118 0)
(-5.246099734e-05 0.001896636587 0)
(-0.0008190458281 0.005767031474 0)
(-0.002289135097 0.009600066309 0)
(-0.004384752908 0.01329765441 0)
(-0.007015899624 0.01678765071 0)
(-0.01011709386 0.02001750872 0)
(-0.01362778843 0.02295116829 0)
(-0.01749124245 0.02556621469 0)
(-0.02165476086 0.02785106325 0)
(-0.02606925978 0.02980236105 0)
(-0.03068878426 0.03142268089 0)
(-0.03547009093 0.03271853544 0)
(-0.04037226037 0.03369872613 0)
(-0.04535633161 0.0343730277 0)
(-0.05038496102 0.0347511971 0)
(-0.05542210889 0.03484228626 0)
(-0.06043275867 0.03465423088 0)
(-0.06538267438 0.03419368249 0)
(-0.07023820194 0.03346604801 0)
(-0.0749661195 0.03247569955 0)
(-0.07953354079 0.03122631743 0)
(-0.08390787405 0.02972133085 0)
(-0.08805683793 0.027964423 0)
(-0.09194853407 0.02596007035 0)
(-0.09555157516 0.02371408955 0)
(-0.098835266 0.02123416862 0)
(-0.1017698347 0.01853036263 0)
(-0.1043267103 0.01561553735 0)
(-0.1064788428 0.01250574672 0)
(-0.108201061 0.009220532514 0)
(-0.1094704652 0.00578313626 0)
(-0.1102668478 0.002220614837 0)
(-0.1105731315 -0.001436148055 0)
(-0.1103758325 -0.00515254295 0)
(-0.1096655322 -0.008890441436 0)
(-0.1084373168 -0.01260852083 0)
(-0.10669125 -0.01626272332 0)
(-0.1044327919 -0.01980683586 0)
(-0.1016731822 -0.02319319181 0)
(-0.09842976281 -0.02637349035 0)
(-0.0947262214 -0.02929972464 0)
(-0.09059273422 -0.03192520587 0)
(-0.08606598738 -0.03420566502 0)
(-0.08118905644 -0.03610040912 0)
(-0.07601112589 -0.03757350383 0)
(-0.07058703402 -0.0385949497 0)
(-0.06497663357 -0.03914181617 0)
(-0.05924396539 -0.03919929583 0)
(-0.05345624999 -0.03876164136 0)
(-0.04768271099 -0.03783295073 0)
(-0.04199325359 -0.03642777095 0)
(-0.03645703067 -0.03457149858 0)
(-0.03114093752 -0.0323005647 0)
(-0.02610808374 -0.02966240323 0)
(-0.02141629621 -0.02671521294 0)
(-0.01711671028 -0.02352753426 0)
(-0.01325250663 -0.02017767049 0)
(-0.009857853464 -0.0167529877 0)
(-0.00695712317 -0.01334912857 0)
(-0.00456437828 -0.01006917313 0)
(-0.002682854328 -0.007022743322 0)
(-0.001305392155 -0.004324949108 0)
(-0.0004239576285 -0.00209542075 0)
(-1.709707034e-05 -0.0004598519267 0)
(-5.747089834e-05 0.002324842736 0)
(-0.0008913227367 0.006957315134 0)
(-0.002486230408 0.01146502937 0)
(-0.004754388887 0.01575709564 0)
(-0.007595177781 0.01976794467 0)
(-0.01093532466 0.02345105118 0)
(-0.01470761459 0.02677579734 0)
(-0.01884966826 0.02972462959 0)
(-0.02330415941 0.03229026465 0)
(-0.02801826645 0.03447312072 0)
(-0.03294305734 0.03627904225 0)
(-0.03803294174 0.03771734458 0)
(-0.04324516022 0.03879919327 0)
(-0.04853930721 0.03953632006 0)
(-0.05387689224 0.03994006605 0)
(-0.05922094381 0.04002073234 0)
(-0.0645356597 0.03978721143 0)
(-0.06978610813 0.03924686656 0)
(-0.07493798353 0.03840562276 0)
(-0.07995741981 0.03726823167 0)
(-0.08481086327 0.03583867184 0)
(-0.0894650059 0.03412064779 0)
(-0.09388677882 0.03211815326 0)
(-0.09804340465 0.02983606756 0)
(-0.1019025067 0.02728075735 0)
(-0.1054322724 0.02446065995 0)
(-0.1086016688 0.02138682817 0)
(-0.1113807053 0.01807341943 0)
(-0.1137407436 0.01453811528 0)
(-0.1156548484 0.01080245925 0)
(-0.117098179 0.006892102736 0)
(-0.1180484173 0.002836950032 0)
(-0.1184862208 -0.001328806482 0)
(-0.1183957105 -0.005566772815 0)
(-0.1177649878 -0.009834552155 0)
(-0.1165866112 -0.01408606788 0)
(-0.1148581406 -0.01827203716 0)
(-0.1125826297 -0.02234057988 0)
(-0.1097690961 -0.02623796692 0)
(-0.1064329405 -0.02990950596 0)
(-0.1025962938 -0.03330055794 0)
(-0.09828826516 -0.03635767235 0)
(-0.09354506762 -0.03902982309 0)
(-0.08840999479 -0.04126972079 0)
(-0.08293322464 -0.04303517018 0)
(-0.07717143055 -0.04429043593 0)
(-0.07118718446 -0.04500757437 0)
(-0.06504814486 -0.04516768614 0)
(-0.05882603118 -0.044762043 0)
(-0.0525953969 -0.04379304448 0)
(-0.04643222467 -0.04227496433 0)
(-0.0404123785 -0.04023445519 0)
(-0.03460995844 -0.03771079027 0)
(-0.02909561256 -0.03475583394 0)
(-0.02393486771 -0.03143374666 0)
(-0.01918654446 -0.02782044325 0)
(-0.01490132161 -0.0240028347 0)
(-0.01112051686 -0.02007789106 0)
(-0.007875159702 -0.01615156622 0)
(-0.005185343076 -0.01233762466 0)
(-0.003059527627 -0.008756375154 0)
(-0.001494893218 -0.005533213981 0)
(-0.0004881326745 -0.0027972415 0)
(-2.028103728e-05 -0.0006824826581 0)
(-6.22294359e-05 0.002788536053 0)
(-0.0009601630757 0.008243359301 0)
(-0.002674140008 0.01347594394 0)
(-0.005107120262 0.0184034658 0)
(-0.008148474633 0.02296794643 0)
(-0.01171757439 0.02712996121 0)
(-0.01574087574 0.0308654082 0)
(-0.02015062101 0.0341626106 0)
(-0.02488504937 0.03701950911 0)
(-0.02988775436 0.0394411027 0)
(-0.03510695466 0.0414371963 0)
(-0.04049483127 0.04302047704 0)
(-0.04600690539 0.044204931 0)
(-0.05160145777 0.04500460182 0)
(-0.05723899708 0.04543268051 0)
(-0.06288178253 0.04550090723 0)
(-0.06849340472 0.04521925738 0)
(-0.07403842795 0.04459587908 0)
(-0.07948209642 0.04363724487 0)
(-0.08479010549 0.04234847862 0)
(-0.08992843843 0.0407338186 0)
(-0.09486326771 0.03879717867 0)
(-0.09956091953 0.03654277242 0)
(-0.103987899 0.03397576826 0)
(-0.1081109738 0.03110294746 0)
(-0.1118973134 0.02793334121 0)
(-0.1153146816 0.02447882626 0)
(-0.1183316795 0.02075466259 0)
(-0.1209180384 0.01677995889 0)
(-0.1230449596 0.0125780541 0)
(-0.1246855 0.008176804546 0)
(-0.1258150048 0.003608767293 0)
(-0.126411575 -0.001088730342 0)
(-0.126456577 -0.005873650936 0)
(-0.1259352111 -0.01069942507 0)
(-0.1248370259 -0.01551525899 0)
(-0.1231565411 -0.02026660786 0)
(-0.1208938231 -0.02489580054 0)
(-0.1180550539 -0.02934282266 0)
(-0.1146530619 -0.03354625964 0)
(-0.1107077891 -0.03744439558 0)
(-0.1062466664 -0.04097645827 0)
(-0.1013048648 -0.04408399308 0)
(-0.09592539302 -0.04671234075 0)
(-0.09015900963 -0.04881218562 0)
(-0.08406392342 -0.05034113274 0)
(-0.07770525962 -0.05126526495 0)
(-0.07115427906 -0.05156062604 0)
(-0.06448734681 -0.05121457272 0)
(-0.05778465957 -0.05022693915 0)
(-0.05112875444 -0.04861096168 0)
(-0.04460283566 -0.04639391986 0)
(-0.03828896934 -0.04361746162 0)
(-0.03226620744 -0.04033759553 0)
(-0.02660871155 -0.03662434956 0)
(-0.02138395119 -0.03256111299 0)
(-0.01665105206 -0.02824369281 0)
(-0.01245936975 -0.02377912729 0)
(-0.008847374101 -0.01928430621 0)
(-0.005841823668 -0.0148844494 0)
(-0.003456850187 -0.0107114616 0)
(-0.001694197907 -0.006902075638 0)
(-0.000555327424 -0.003596079891 0)
(-2.353809936e-05 -0.0009373186363 0)
(-6.67337331e-05 0.003285957318 0)
(-0.001025421677 0.009620491295 0)
(-0.002852381496 0.01562583301 0)
(-0.005441922367 0.02122805326 0)
(-0.008674029716 0.02637770513 0)
(-0.01246118082 0.03104345789 0)
(-0.0167238821 0.03520871599 0)
(-0.02138930393 0.03886862362 0)
(-0.02639149407 0.0420272131 0)
(-0.03167065643 0.04469483622 0)
(-0.03717232376 0.04688592556 0)
(-0.04284659412 0.0486171007 0)
(-0.04864740908 0.0499056266 0)
(-0.05453187816 0.05076822225 0)
(-0.06045966015 0.05122020707 0)
(-0.06639240756 0.05127496401 0)
(-0.07229327879 0.05094369061 0)
(-0.07812652044 0.0502354036 0)
(-0.08385712122 0.04915715901 0)
(-0.08945053729 0.04771444746 0)
(-0.09487248794 0.04591172451 0)
(-0.1000888195 0.04375303746 0)
(-0.1050654345 0.0412427125 0)
(-0.1097682839 0.03838607026 0)
(-0.1141634184 0.03519014147 0)
(-0.1182170965 0.03166435918 0)
(-0.1218959482 0.02782120756 0)
(-0.1251671917 0.02367681115 0)
(-0.1279989032 0.01925145096 0)
(-0.1303603396 0.01456999588 0)
(-0.132222315 0.009662239158 0)
(-0.1335576321 0.004563130015 0)
(-0.1343415626 -0.0006871103957 0)
(-0.1345523745 -0.006043008953 0)
(-0.1341719581 -0.01145398396 0)
(-0.1331863736 -0.01686462226 0)
(-0.1315865602 -0.02221513359 0)
(-0.1293690013 -0.02744197547 0)
(-0.1265364026 -0.03247865628 0)
(-0.1230983485 -0.037256723 0)
(-0.1190719075 -0.04170693364 0)
(-0.1144821542 -0.04576060786 0)
(-0.1093625709 -0.04935114041 0)
(-0.1037552921 -0.05241565292 0)
(-0.09771115292 -0.05489674851 0)
(-0.09128950559 -0.05674432361 0)
(-0.08455777499 -0.05791738084 0)
(-0.07759073104 -0.05838577948 0)
(-0.07046946823 -0.05813185417 0)
(-0.06328009667 -0.05715183154 0)
(-0.05611216484 -0.05545697742 0)
(-0.04905685167 -0.05307441559 0)
(-0.04220498156 -0.05004757229 0)
(-0.0356449313 -0.04643621773 0)
(-0.02946050872 -0.04231609651 0)
(-0.02372888999 -0.03777816002 0)
(-0.01851870276 -0.032927434 0)
(-0.01388834295 -0.0278815707 0)
(-0.009884622177 -0.02276914656 0)
(-0.006541721199 -0.01772777374 0)
(-0.003880014137 -0.01290206095 0)
(-0.001906170512 -0.008441349418 0)
(-0.0006266436061 -0.00449756418 0)
(-2.695809477e-05 -0.001226080631 0)
(-7.097443707e-05 0.003815266025 0)
(-0.001086909329 0.0110837764 0)
(-0.003020391073 0.01790726678 0)
(-0.005757666524 0.02422150567 0)
(-0.009169975044 0.0299864585 0)
(-0.01316338443 0.03517980753 0)
(-0.01765286027 0.03979337839 0)
(-0.02256084142 0.04383001218 0)
(-0.0278174618 0.0473006443 0)
(-0.03335976286 0.05022170941 0)
(-0.03913078196 0.05261290709 0)
(-0.04507870144 0.05449533482 0)
(-0.05115603826 0.05588998964 0)
(-0.05731888278 0.05681663197 0)
(-0.06352619942 0.05729299563 0)
(-0.06973919727 0.05733432022 0)
(-0.07592077537 0.05695317514 0)
(-0.08203504514 0.05615953871 0)
(-0.0880469304 0.05496109296 0)
(-0.09392184392 0.05336369227 0)
(-0.09962543807 0.05137196496 0)
(-0.1051234265 0.04899000814 0)
(-0.1103814732 0.04622213988 0)
(-0.115365145 0.04307367636 0)
(-0.1200399248 0.03955170639 0)
(-0.124371283 0.03566584027 0)
(-0.1283248049 0.03142891393 0)
(-0.1318663748 0.02685763313 0)
(-0.1349624168 0.02197314497 0)
(-0.1375801944 0.01680152591 0)
(-0.1396881711 0.01137417601 0)
(-0.1412564363 0.005728109617 0)
(-0.1422571933 -9.386938027e-05 0)
(-0.1426652985 -0.006043128442 0)
(-0.142458948 -0.01206530638 0)
(-0.1416202553 -0.01810053754 0)
(-0.1401360457 -0.024083867 0)
(-0.1379986192 -0.02994585702 0)
(-0.1352065447 -0.03561339175 0)
(-0.1317654544 -0.04101069347 0)
(-0.1276888036 -0.04606055578 0)
(-0.1229985603 -0.05068579182 0)
(-0.1177257824 -0.05481088575 0)
(-0.1119110376 -0.05836382434 0)
(-0.1056046194 -0.06127807265 0)
(-0.09886651241 -0.06349464407 0)
(-0.09176606939 -0.06496420202 0)
(-0.08438136529 -0.06564911891 0)
(-0.07679821151 -0.06552540974 0)
(-0.06910882632 -0.06458445345 0)
(-0.06141017763 -0.06283441685 0)
(-0.05380203484 -0.06030130343 0)
(-0.04638478669 -0.05702956375 0)
(-0.03925710144 -0.05308222408 0)
(-0.03251352028 -0.04854051467 0)
(-0.02624208492 -0.04350300555 0)
(-0.02052210159 -0.03808428477 0)
(-0.01542214523 -0.03241323653 0)
(-0.01099841703 -0.02663099485 0)
(-0.007293429431 -0.02088866179 0)
(-0.004334527997 -0.01534484882 0)
(-0.002133835529 -0.01016298494 0)
(-0.0007032333088 -0.005508787856 0)
(-3.06316348e-05 -0.001551065075 0)
(-7.493631254e-05 0.004374516984 0)
(-0.001144396641 0.0126279783 0)
(-0.003177526255 0.02031232725 0)
(-0.006053114137 0.02737380812 0)
(-0.009634314809 0.03378262508 0)
(-0.01382129075 0.03952632389 0)
(-0.01852389832 0.04460599451 0)
(-0.02366020968 0.04903298395 0)
(-0.02915674683 0.05282588506 0)
(-0.0349476382 0.05600790063 0)
(-0.04097363549 0.05860460444 0)
(-0.04718118743 0.06064209705 0)
(-0.05352155215 0.06214555075 0)
(-0.0599499593 0.06313813141 0)
(-0.06642483733 0.06364027689 0)
(-0.07290711505 0.06366930457 0)
(-0.07935960307 0.06323931416 0)
(-0.08574645727 0.06236134708 0)
(-0.09203272443 0.06104376063 0)
(-0.09818396806 0.05929277394 0)
(-0.1041659711 0.05711314345 0)
(-0.1099445116 0.0545089279 0)
(-0.1154852065 0.05148430662 0)
(-0.1207534203 0.04804441915 0)
(-0.1257142342 0.04419619949 0)
(-0.1303324744 0.03994918282 0)
(-0.1345727979 0.03531626702 0)
(-0.1383998375 0.0303144151 0)
(-0.1417784063 0.02496528694 0)
(-0.1446737681 0.01929579052 0)
(-0.1470519747 0.01333854292 0)
(-0.1488802796 0.007132230993 0)
(-0.1501276273 0.0007218592674 0)
(-0.1507651987 -0.005841131975 0)
(-0.1507671506 -0.01249891102 0)
(-0.1501112265 -0.01918740549 0)
(-0.1487796277 -0.02583665323 0)
(-0.1467598785 -0.03237136889 0)
(-0.1440457418 -0.03871172811 0)
(-0.1406381599 -0.04477439148 0)
(-0.1365461835 -0.05047378099 0)
(-0.1317878491 -0.05572361301 0)
(-0.1263909571 -0.06043868145 0)
(-0.1203936984 -0.06453687128 0)
(-0.1138450722 -0.06794136704 0)
(-0.1068050399 -0.07058300397 0)
(-0.0993443604 -0.0724026926 0)
(-0.09154406462 -0.07335383136 0)
(-0.08349453585 -0.07340460977 0)
(-0.07529418411 -0.07254009633 0)
(-0.0670477227 -0.07076400461 0)
(-0.05886408038 -0.06810003701 0)
(-0.05085400846 -0.06459272105 0)
(-0.04312746582 -0.0603076754 0)
(-0.03579088554 -0.05533127272 0)
(-0.02894444001 -0.04976969981 0)
(-0.022679426 -0.04374744993 0)
(-0.0170758938 -0.03740531411 0)
(-0.01220065494 -0.03089796441 0)
(-0.008105646133 -0.0243912435 0)
(-0.004826102182 -0.01805924815 0)
(-0.002380321424 -0.01208117211 0)
(-0.0007862808525 -0.006638374204 0)
(-3.464946775e-05 -0.001915162358 0)
(-7.860024097e-05 0.004961640492 0)
(-0.001197622231 0.01424752327 0)
(-0.003323078326 0.02283257257 0)
(-0.006326930829 0.03067425613 0)
(-0.01006493726 0.03775378725 0)
(-0.01443187706 0.0440693574 0)
(-0.0193329462 0.04963209295 0)
(-0.0246822318 0.05446258889 0)
(-0.03040296143 0.05858779161 0)
(-0.03642661385 0.06203831016 0)
(-0.04269187626 0.06484616452 0)
(-0.04914365454 0.06704295983 0)
(-0.05573211925 0.06865847318 0)
(-0.06241180049 0.06971963461 0)
(-0.06914074928 0.07024987669 0)
(-0.07587977569 0.07026882097 0)
(-0.08259177 0.06979226371 0)
(-0.0892411092 0.06883241934 0)
(-0.09579314859 0.06739837744 0)
(-0.1022137959 0.06549672856 0)
(-0.1084691641 0.06313231546 0)
(-0.1145252979 0.0603090693 0)
(-0.120347969 0.05703089459 0)
(-0.1259025359 0.05330257163 0)
(-0.131153865 0.04913065088 0)
(-0.1360663096 0.04452431828 0)
(-0.1406037491 0.03949621599 0)
(-0.1447296873 0.03406320574 0)
(-0.1484074158 0.02824706538 0)
(-0.1516002455 0.02207510968 0)
(-0.1542718146 0.01558072679 0)
(-0.1563864812 0.008803820085 0)
(-0.1579098033 0.001791142817 0)
(-0.1588090908 -0.005403491897 0)
(-0.1590541705 -0.0127191701 0)
(-0.158618047 -0.0200879466 0)
(-0.1574778281 -0.02743509972 0)
(-0.1556156959 -0.03467963281 0)
(-0.1530199437 -0.04173501173 0)
(-0.1496860688 -0.04851017096 0)
(-0.1456178824 -0.05491080981 0)
(-0.1408285925 -0.06084099127 0)
(-0.1353418085 -0.06620504437 0)
(-0.1291924063 -0.07090975585 0)
(-0.1224271872 -0.07486681881 0)
(-0.1151052632 -0.077995485 0)
(-0.1072980981 -0.08022534612 0)
(-0.09908914832 -0.08149914805 0)
(-0.09057305226 -0.08177552429 0)
(-0.08185434414 -0.08103152178 0)
(-0.07304568808 -0.07926478695 0)
(-0.06426566015 -0.07649528422 0)
(-0.05563613726 -0.07276643368 0)
(-0.04727938201 -0.06814558044 0)
(-0.03931494045 -0.06272374259 0)
(-0.03185648864 -0.05661462662 0)
(-0.02500877249 -0.04995294344 0)
(-0.01886479101 -0.04289210045 0)
(-0.01350338582 -0.03560138274 0)
(-0.008987222705 -0.02826276838 0)
(-0.005360561366 -0.02106749977 0)
(-0.002648819577 -0.01421240485 0)
(-0.0008769917366 -0.007896516953 0)
(-3.910298104e-05 -0.002321868639 0)
(-8.194368404e-05 0.00557442727 0)
(-0.001246301453 0.01593647227 0)
(-0.003456292154 0.02545900869 0)
(-0.006577715633 0.03411143312 0)
(-0.01045965077 0.04188667575 0)
(-0.0149920331 0.04879428389 0)
(-0.02007585972 0.05485611897 0)
(-0.02562162463 0.0601026973 0)
(-0.03154958674 0.06456995496 0)
(-0.03778884483 0.06829649632 0)
(-0.04427624713 0.07132132222 0)
(-0.05095534989 0.07368201769 0)
(-0.05777540774 0.07541337817 0)
(-0.06469041102 0.07654644917 0)
(-0.07165818894 0.07710794803 0)
(-0.07863959041 0.07712003111 0)
(-0.08559774926 0.07660036486 0)
(-0.09249743638 0.07556245563 0)
(-0.0993044985 0.07401619144 0)
(-0.1059853806 0.07196854906 0)
(-0.1125067276 0.06942442184 0)
(-0.1188350598 0.06638752738 0)
(-0.1249365167 0.06286135894 0)
(-0.130776665 0.0588501505 0)
(-0.1363203665 0.05435983091 0)
(-0.141531705 0.04939894833 0)
(-0.1463739716 0.04397955092 0)
(-0.1508097121 0.03811801368 0)
(-0.1548008406 0.03183580333 0)
(-0.1583088266 0.02516017452 0)
(-0.161294963 0.01812478954 0)
(-0.1637207286 0.01077025213 0)
(-0.1655482489 0.003144542349 0)
(-0.1667408431 -0.004696666758 0)
(-0.1672637996 -0.01268985873 0)
(-0.1670850875 -0.02076364514 0)
(-0.1661763122 -0.02883889582 0)
(-0.1645137938 -0.03682914583 0)
(-0.1620797176 -0.04464125559 0)
(-0.1588633808 -0.05217636789 0)
(-0.15486249 -0.05933119406 0)
(-0.1500844651 -0.06599965209 0)
(-0.1445476928 -0.07207486767 0)
(-0.1382826631 -0.07745153269 0)
(-0.1313329112 -0.08202859428 0)
(-0.1237556821 -0.08571222318 0)
(-0.1156222337 -0.08841898313 0)
(-0.107017699 -0.0900790956 0)
(-0.09804044145 -0.0906396694 0)
(-0.08880085587 -0.09006774489 0)
(-0.07941959755 -0.08835299149 0)
(-0.07002525573 -0.08550989715 0)
(-0.06075152598 -0.08157930197 0)
(-0.05173397574 -0.07662915556 0)
(-0.04310653276 -0.07075441823 0)
(-0.03499785397 -0.06407607678 0)
(-0.02752774719 -0.05673930218 0)
(-0.020803828 -0.04891083236 0)
(-0.01491861122 -0.04077571508 0)
(-0.00994703772 -0.03253359115 0)
(-0.005943775862 -0.02439468224 0)
(-0.002942555037 -0.01657551111 0)
(-0.000976584876 -0.009295003452 0)
(-4.408423461e-05 -0.002775293645 0)
(-8.494268407e-05 0.006210518819 0)
(-0.001290138238 0.01768850419 0)
(-0.00357639121 0.02818207346 0)
(-0.006804041266 0.03767319966 0)
(-0.01081623861 0.04616716437 0)
(-0.01549862862 0.05368550166 0)
(-0.02074847953 0.06026142876 0)
(-0.02647308855 0.06593598492 0)
(-0.03259007332 0.07075466986 0)
(-0.03902642199 0.07476462145 0)
(-0.04571736743 0.07801231691 0)
(-0.05260530608 0.08054176874 0)
(-0.05963874389 0.08239318688 0)
(-0.06677128564 0.08360207497 0)
(-0.07396068819 0.08419872364 0)
(-0.08116799044 0.08420805873 0)
(-0.08835672741 0.08364979826 0)
(-0.0954922314 0.08253886949 0)
(-0.1025410199 0.08088603607 0)
(-0.109470267 0.07869868676 0)
(-0.1162473539 0.07598173962 0)
(-0.1228394921 0.07273862059 0)
(-0.1292134143 0.06897228065 0)
(-0.1353351276 0.06468622242 0)
(-0.1411697261 0.05988551335 0)
(-0.1466812605 0.05457776872 0)
(-0.1518326666 0.04877409274 0)
(-0.156585755 0.04248997005 0)
(-0.1609012694 0.03574610179 0)
(-0.16473902 0.02856918159 0)
(-0.1680581035 0.02099260536 0)
(-0.1708172243 0.01305710637 0)
(-0.172975123 0.004811302756 0)
(-0.1744911054 -0.00368786375 0)
(-0.1753258115 -0.01237484709 0)
(-0.1754419711 -0.02117534893 0)
(-0.1748053643 -0.03000629791 0)
(-0.1733859987 -0.03877612866 0)
(-0.1711593633 -0.04738532968 0)
(-0.1681078231 -0.05572731445 0)
(-0.1642221057 -0.06368966014 0)
(-0.1595028357 -0.07115574978 0)
(-0.1539620575 -0.07800684193 0)
(-0.1476246744 -0.08412457416 0)
(-0.140529715 -0.08939388329 0)
(-0.1327313325 -0.09370629652 0)
(-0.1242994301 -0.09696351496 0)
(-0.1153198154 -0.09908117616 0)
(-0.1058937883 -0.09999264886 0)
(-0.09613709536 -0.09965268488 0)
(-0.08617820724 -0.09804073325 0)
(-0.07615592051 -0.09516371569 0)
(-0.06621632884 -0.09105807248 0)
(-0.05650925881 -0.08579091606 0)
(-0.04718431279 -0.07946017567 0)
(-0.03838669969 -0.07219367724 0)
(-0.03025305865 -0.06414717356 0)
(-0.02290749823 -0.0555014127 0)
(-0.01645809623 -0.0464584026 0)
(-0.01099388474 -0.03723709259 0)
(-0.006581603107 -0.02806868601 0)
(-0.003264762844 -0.01919165486 0)
(-0.001086288272 -0.01084722465 0)
(-4.968691489e-05 -0.003280166065 0)
(-8.757229532e-05 0.006867403945 0)
(-0.001328836666 0.01949691245 0)
(-0.003682607192 0.03099163782 0)
(-0.007004503753 0.04134670054 0)
(-0.01113252874 0.05058028158 0)
(-0.01594860277 0.05872644444 0)
(-0.02134673893 0.06583029868 0)
(-0.02723143287 0.07194393246 0)
(-0.03351798392 0.0771229183 0)
(-0.04013153247 0.08142341312 0)
(-0.04700591196 0.08489982568 0)
(-0.05408254041 0.08760301489 0)
(-0.06130933322 0.08957898309 0)
(-0.06863965451 0.09086802565 0)
(-0.07603132887 0.09150429344 0)
(-0.08344572728 0.0915157206 0)
(-0.09084693528 0.09092426678 0)
(-0.09820100707 0.08974642068 0)
(-0.1054753051 0.08799391217 0)
(-0.1126379224 0.08567458175 0)
(-0.1196571819 0.08279336024 0)
(-0.1265012082 0.07935331689 0)
(-0.1331375639 0.07535674075 0)
(-0.1395329475 0.07080622726 0)
(-0.145652948 0.06570574889 0)
(-0.151461855 0.06006169557 0)
(-0.1569225262 0.0538838755 0)
(-0.1619963156 0.04718647146 0)
(-0.166643069 0.0399889495 0)
(-0.1708211974 0.03231691762 0)
(-0.1744878388 0.02420293054 0)
(-0.1775991261 0.01568723348 0)
(-0.1801105702 0.006818433227 0)
(-0.1819775547 -0.00234592668 0)
(-0.1831560754 -0.0117389374 0)
(-0.1836035349 -0.02128403191 0)
(-0.1832796756 -0.03089479257 0)
(-0.1821478395 -0.04047506321 0)
(-0.1801763092 -0.04991934684 0)
(-0.1773398371 -0.05911354804 0)
(-0.1736213153 -0.06793611933 0)
(-0.1690135434 -0.07625966233 0)
(-0.1635210347 -0.08395302428 0)
(-0.1571617849 -0.09088391227 0)
(-0.1499689065 -0.09692202251 0)
(-0.1419920169 -0.1019426494 0)
(-0.1332982582 -0.1058306996 0)
(-0.1239728208 -0.1084849952 0)
(-0.1141188505 -0.1098227021 0)
(-0.103856638 -0.1097836863 0)
(-0.09332201917 -0.1083345634 0)
(-0.08266396204 -0.105472195 0)
(-0.07204136963 -0.1012263886 0)
(-0.0616191894 -0.09566158387 0)
(-0.05156398178 -0.08887735884 0)
(-0.04203915324 -0.0810076625 0)
(-0.03320009615 -0.0722187665 0)
(-0.02518950665 -0.06270602346 0)
(-0.01813318323 -0.0526896121 0)
(-0.01213636454 -0.0424095352 0)
(-0.007279835037 -0.03212014397 0)
(-0.003618668955 -0.02208431278 0)
(-0.001207335346 -0.01256817426 0)
(-5.600666257e-05 -0.003841837516 0)
(-8.980865265e-05 0.007542421949 0)
(-0.001362115288 0.02135461712 0)
(-0.003774213084 0.03387702731 0)
(-0.007177779302 0.04511839428 0)
(-0.01140647607 0.05511024509 0)
(-0.01633907163 0.06389961646 0)
(-0.02186679606 0.0715439557 0)
(-0.02789173178 0.07810684565 0)
(-0.03432717261 0.08365437338 0)
(-0.04109666211 0.08825214623 0)
(-0.04813283738 0.09196291854 0)
(-0.05537630629 0.09484478541 0)
(-0.06277453881 0.0969499013 0)
(-0.07028079061 0.0983236779 0)
(-0.07785308188 0.099004412 0)
(-0.0854532462 0.09902328999 0)
(-0.09304605863 0.0984047129 0)
(-0.1005984469 0.09716688485 0)
(-0.1080787861 0.09532260827 0)
(-0.1154562737 0.09288023258 0)
(-0.1227003804 0.08984470748 0)
(-0.1297803697 0.0862186987 0)
(-0.1366648813 0.08200373147 0)
(-0.1433215731 0.07720133476 0)
(-0.1497168165 0.07181416734 0)
(-0.1558154461 0.06584711341 0)
(-0.1615805633 0.05930834152 0)
(-0.1669733993 0.05221032454 0)
(-0.1719532429 0.04457082068 0)
(-0.1764774463 0.03641381593 0)
(-0.1805015197 0.02777042635 0)
(-0.1839793328 0.01867975551 0)
(-0.1868634397 0.009189696754 0)
(-0.1891055234 -0.0006423417889 0)
(-0.1906570645 -0.01074884149 0)
(-0.1914701925 -0.02105172003 0)
(-0.1914985354 -0.03146194444 0)
(-0.1906985425 -0.04187943333 0)
(-0.18903089 -0.05219326503 0)
(-0.1864621237 -0.0622822438 0)
(-0.1829664964 -0.07201590075 0)
(-0.1785279632 -0.08125599861 0)
(-0.1731422771 -0.08985860018 0)
(-0.1668191085 -0.09767674399 0)
(-0.159584085 -0.1045637443 0)
(-0.1514806268 -0.1103770971 0)
(-0.1425714341 -0.1149829283 0)
(-0.1329394711 -0.1182608682 0)
(-0.1226882924 -0.1201091813 0)
(-0.1119415709 -0.1204499249 0)
(-0.100841719 -0.119233866 0)
(-0.08954754235 -0.1164448546 0)
(-0.07823093034 -0.1121033479 0)
(-0.06707266162 -0.1062687988 0)
(-0.05625748228 -0.09904067671 0)
(-0.04596868574 -0.09055797386 0)
(-0.03638247868 -0.08099715329 0)
(-0.02766246156 -0.07056861658 0)
(-0.01995459746 -0.05951189092 0)
(-0.01338277518 -0.0480898509 0)
(-0.008044144863 -0.03658231772 0)
(-0.004007470994 -0.0252792264 0)
(-0.001340962662 -0.01447443816 0)
(-6.314221776e-05 -0.004466285594 0)
(-9.162944432e-05 0.00823277305 0)
(-0.001389720843 0.02325419424 0)
(-0.003850559604 0.03682706694 0)
(-0.007322687835 0.04897410925 0)
(-0.01163625537 0.05974052402 0)
(-0.0166674511 0.0691866552 0)
(-0.02230518649 0.07738263487 0)
(-0.02844950613 0.08440390174 0)
(-0.03501199524 0.09032742928 0)
(-0.04191483434 0.09522865144 0)
(-0.04908964991 0.09917904064 0)
(-0.05647639097 0.1022442892 0)
(-0.06402221086 0.1044830454 0)
(-0.07168037348 0.1059461537 0)
(-0.07940920788 0.106676342 0)
(-0.08717112742 0.1067082991 0)
(-0.09493172343 0.1060690784 0)
(-0.1026589384 0.1047787686 0)
(-0.1103223192 0.1028513694 0)
(-0.1178923482 0.100295817 0)
(-0.125339847 0.09711710824 0)
(-0.1326354469 0.09331748198 0)
(-0.1397491199 0.08889762157 0)
(-0.146649765 0.08385785429 0)
(-0.1533048464 0.07819932979 0)
(-0.1596800811 0.07192516816 0)
(-0.165739178 0.06504157411 0)
(-0.1714436326 0.05755891805 0)
(-0.176752584 0.04949278743 0)
(-0.1816227465 0.04086501159 0)
(-0.1860084278 0.03170466179 0)
(-0.1898616533 0.02204902398 0)
(-0.1931324169 0.01194453601 0)
(-0.1957690602 0.001447670106 0)
(-0.1977188222 -0.009374278623 0)
(-0.1989287738 -0.02044256962 0)
(-0.1993465112 -0.03166642686 0)
(-0.1989215177 -0.0429426753 0)
(-0.1976066093 -0.05415572232 0)
(-0.1953596565 -0.06517789618 0)
(-0.1921455639 -0.07587024149 0)
(-0.1879384748 -0.08608386118 0)
(-0.1827241521 -0.09566188803 0)
(-0.1765024594 -0.104442155 0)
(-0.169289838 -0.112260608 0)
(-0.1611216426 -0.1189554677 0)
(-0.1520541743 -0.1243720945 0)
(-0.1421662229 -0.1283684526 0)
(-0.1315599289 -0.1308209949 0)
(-0.1203607757 -0.1316307243 0)
(-0.1087165558 -0.1307291178 0)
(-0.09679520344 -0.1280835543 0)
(-0.0847814585 -0.1237018635 0)
(-0.07287241646 -0.1176356245 0)
(-0.06127211911 -0.1099818988 0)
(-0.05018543545 -0.1008831722 0)
(-0.03981156202 -0.09052540854 0)
(-0.03033753795 -0.07913427061 0)
(-0.02193223506 -0.0669697187 0)
(-0.0147409925 -0.05431935507 0)
(-0.008880030608 -0.04149093673 0)
(-0.004434318835 -0.02880432876 0)
(-0.001488406693 -0.01658417395 0)
(-7.119587048e-05 -0.005160116086 0)
(-9.301606335e-05 0.008935536485 0)
(-0.001411444494 0.02518792373 0)
(-0.003911114144 0.03983015185 0)
(-0.007438261737 0.05289912958 0)
(-0.01182036296 0.06445393286 0)
(-0.0169315929 0.07456842635 0)
(-0.02265899351 0.08332566874 0)
(-0.02890092741 0.09081322731 0)
(-0.03556754662 0.09711926225 0)
(-0.04257988037 0.1023293546 0)
(-0.04986870894 0.1065240263 0)
(-0.05737345353 0.1097768999 0)
(-0.06504106082 0.1121534426 0)
(-0.0728249021 0.1137102406 0)
(-0.08068371248 0.1144947394 0)
(-0.08858058742 0.1145453871 0)
(-0.09648204801 0.1138921136 0)
(-0.1043571809 0.1125570786 0)
(-0.1121768543 0.1105556246 0)
(-0.1199130086 0.1078973756 0)
(-0.1275380157 0.1045874306 0)
(-0.135024103 0.1006276058 0)
(-0.1423428346 0.09601769464 0)
(-0.1494646443 0.09075671848 0)
(-0.1563584171 0.08484415418 0)
(-0.1629911168 0.07828113103 0)
(-0.1693274606 0.07107159622 0)
(-0.1753296445 0.06322345315 0)
(-0.1809571271 0.05474967899 0)
(-0.1861664817 0.04566942843 0)
(-0.190911331 0.03600912844 0)
(-0.1951423839 0.02580356499 0)
(-0.1988075954 0.01509695612 0)
(-0.2018524564 0.003943995191 0)
(-0.2042204478 -0.007589167063 0)
(-0.2058539121 -0.01942407827 0)
(-0.2066946954 -0.03146922314 0)
(-0.2066854258 -0.04361933555 0)
(-0.2057709871 -0.0557551119 0)
(-0.2039002733 -0.06774326821 0)
(-0.2010282737 -0.0794370642 0)
(-0.1971184561 -0.0906774062 0)
(-0.1921454139 -0.1012946383 0)
(-0.1860977069 -0.1111111216 0)
(-0.178980795 -0.1199446793 0)
(-0.1708199213 -0.1276129468 0)
(-0.161662764 -0.1339386129 0)
(-0.151581643 -0.1387554652 0)
(-0.1406750453 -0.1419150698 0)
(-0.1290682303 -0.1432938261 0)
(-0.1169126959 -0.142800043 0)
(-0.1043843358 -0.1403806164 0)
(-0.09168020003 -0.1360268355 0)
(-0.07901387251 -0.1297788456 0)
(-0.06660960403 -0.1217283398 0)
(-0.05469546529 -0.1120191512 0)
(-0.04349589331 -0.1008455713 0)
(-0.03322410272 -0.08844840045 0)
(-0.0240749261 -0.07510894505 0)
(-0.01621833598 -0.06114137935 0)
(-0.009792750168 -0.04688398531 0)
(-0.004902290884 -0.0326896426 0)
(-0.001650900493 -0.01891707934 0)
(-8.027462872e-05 -0.005930564126 0)
(-9.395414537e-05 0.009647696675 0)
(-0.001427137221 0.02714785723 0)
(-0.003955502312 0.04287434587 0)
(-0.007523819589 0.05687831403 0)
(-0.01195772636 0.06923276081 0)
(-0.01712993171 0.08002515496 0)
(-0.02292603323 0.08935161277 0)
(-0.02924304057 0.09731201174 0)
(-0.03598992035 0.1040059267 0)
(-0.04308673578 0.1095293514 0)
(-0.05046356051 0.1139721492 0)
(-0.05805939636 0.117416179 0)
(-0.06582107275 0.1199340373 0)
(-0.07370214907 0.1215883555 0)
(-0.08166184686 0.1224315848 0)
(-0.08966403085 0.1225061995 0)
(-0.09767625161 0.1218452439 0)
(-0.1056688572 0.1204731539 0)
(-0.1136141762 0.118406783 0)
(-0.1214857712 0.1156565711 0)
(-0.129257758 0.1122278026 0)
(-0.1369041861 0.1081219085 0)
(-0.1443984727 0.1033377789 0)
(-0.1517128864 0.09787306236 0)
(-0.1588180744 0.0917254388 0)
(-0.1656826327 0.08489386075 0)
(-0.1722727179 0.07737976551 0)
(-0.1785517043 0.06918826513 0)
(-0.1844798931 0.06032932447 0)
(-0.1900142825 0.05081893755 0)
(-0.1951084136 0.04068031106 0)
(-0.1997123093 0.02994505978 0)
(-0.2037725316 0.01865441231 0)
(-0.2072323638 0.0068604152 0)
(-0.2100321432 -0.005372895311 0)
(-0.2121100256 -0.01796840657 0)
(-0.2134025783 -0.03083497806 0)
(-0.2138458971 -0.04386642142 0)
(-0.213377076 -0.05694089328 0)
(-0.2119359419 -0.06992061672 0)
(-0.2094671941 -0.08265206414 0)
(-0.2059229225 -0.09496673653 0)
(-0.2012654837 -0.1066826769 0)
(-0.1954706831 -0.117606853 0)
(-0.1885311683 -0.1275385285 0)
(-0.1804598918 -0.1362737055 0)
(-0.1712934499 -0.1436106661 0)
(-0.1610950565 -0.1493565622 0)
(-0.149956873 -0.1533349024 0)
(-0.1380013938 -0.1553936722 0)
(-0.1253815985 -0.155413706 0)
(-0.1122796213 -0.1533168218 0)
(-0.09890377521 -0.1490731502 0)
(-0.08548388322 -0.1427070623 0)
(-0.07226502304 -0.1343011278 0)
(-0.0594999487 -0.1239976399 0)
(-0.04744060574 -0.1119974162 0)
(-0.03632929413 -0.09855580582 0)
(-0.02639016548 -0.08397610096 0)
(-0.0178214142 -0.06860081329 0)
(-0.01078724612 -0.0528014307 0)
(-0.005414366504 -0.03696714623 0)
(-0.001829668173 -0.0214943475 0)
(-9.049065261e-05 -0.006785493705 0)
(-9.443577002e-05 0.01036617786 0)
(-0.001436727513 0.02912590697 0)
(-0.003983551324 0.04594750984 0)
(-0.00757904378 0.06089624993 0)
(-0.01204782043 0.07405893924 0)
(-0.01726164195 0.08553659602 0)
(-0.02310505246 0.09543841039 0)
(-0.02947400248 0.1038766597 0)
(-0.03627648739 0.1109624902 0)
(-0.04343175858 0.1168025206 0)
(-0.05086929506 0.1214962108 0)
(-0.05852776336 0.1251339387 0)
(-0.06635394395 0.1277957273 0)
(-0.07430164656 0.1295505534 0)
(-0.08233064333 0.1304561667 0)
(-0.09040564093 0.130559344 0)
(-0.09849530606 0.1298964984 0)
(-0.1065713536 0.1284945674 0)
(-0.1146077007 0.1263721081 0)
(-0.1225796875 0.1235405321 0)
(-0.1304633597 0.1200054254 0)
(-0.1382348094 0.1157679059 0)
(-0.1458695662 0.1108259865 0)
(-0.1533420352 0.1051759188 0)
(-0.1606249746 0.09881350757 0)
(-0.1676890115 0.09173539156 0)
(-0.1745021946 0.08394029673 0)
(-0.1810295858 0.07543027138 0)
(-0.1872328957 0.06621191694 0)
(-0.1930701711 0.05629762851 0)
(-0.1984955486 0.04570685784 0)
(-0.2034590889 0.03446740809 0)
(-0.2079067195 0.02261676375 0)
(-0.2117802957 0.01020344947 0)
(-0.2150177886 -0.002711609162 0)
(-0.2175538907 -0.01605376185 0)
(-0.2193205694 -0.02973345911 0)
(-0.2202479457 -0.04364491372 0)
(-0.2202657097 -0.0576651194 0)
(-0.2193047813 -0.07165318667 0)
(-0.217299441 -0.08545011403 0)
(-0.2141899214 -0.09887915311 0)
(-0.2099254592 -0.111746935 0)
(-0.2044677762 -0.1238455322 0)
(-0.1977949154 -0.1349556224 0)
(-0.1899052948 -0.1448508929 0)
(-0.1808217862 -0.1533037701 0)
(-0.170595553 -0.1600924734 0)
(-0.1593093265 -0.1650092839 0)
(-0.1470797591 -0.1678697751 0)
(-0.1340584782 -0.1685226069 0)
(-0.1204314984 -0.1668593311 0)
(-0.1064167282 -0.1628235371 0)
(-0.09225943774 -0.1564185954 0)
(-0.07822573319 -0.1477132604 0)
(-0.06459428383 -0.136844489 0)
(-0.05164674938 -0.124017022 0)
(-0.03965755008 -0.1094995447 0)
(-0.02888380703 -0.09361757032 0)
(-0.01955594676 -0.07674354377 0)
(-0.01186805615 -0.05928488394 0)
(-0.005973390979 -0.04167060146 0)
(-0.002025918055 -0.02433860627 0)
(-0.000101962278 -0.0077333947 0)
(-9.44600563e-05 0.01108788744 0)
(-0.001440238051 0.03111395662 0)
(-0.003995335459 0.04903746129 0)
(-0.00760406205 0.06493744467 0)
(-0.0120907896 0.07891425007 0)
(-0.01732680296 0.09108224716 0)
(-0.0231959373 0.1015636001 0)
(-0.02959333359 0.1104829852 0)
(-0.03642618967 0.1179632086 0)
(-0.04361306412 0.1241216779 0)
(-0.05108292321 0.1290676709 0)
(-0.05877415742 0.1329003476 0)
(-0.0666335459 0.1357074456 0)
(-0.07461519384 0.1375645864 0)
(-0.0826794738 0.1385351172 0)
(-0.09079199456 0.1386704063 0)
(-0.09892261452 0.138010506 0)
(-0.1070445104 0.1365851027 0)
(-0.1151333069 0.1344146751 0)
(-0.1231662677 0.131511792 0)
(-0.1311215462 0.1278824898 0)
(-0.1389774904 0.123527684 0)
(-0.1467119964 0.1184445779 0)
(-0.1543019048 0.1126280488 0)
(-0.1617224335 0.1060719992 0)
(-0.1689466455 0.09877067243 0)
(-0.1759449461 0.09071994097 0)
(-0.1826846138 0.08191857894 0)
(-0.1891293651 0.0723695367 0)
(-0.1952389621 0.0620812347 0)
(-0.2009688717 0.05106889402 0)
(-0.2062699932 0.03935591711 0)
(-0.2110884769 0.02697532819 0)
(-0.2153656509 0.01397127344 0)
(-0.2190380568 0.0004005629741 0)
(-0.2220378007 -0.01366577682 0)
(-0.2242931651 -0.02814106942 0)
(-0.2257290897 -0.04292139177 0)
(-0.2262685101 -0.05788414078 0)
(-0.2258338858 -0.07288694889 0)
(-0.2243492451 -0.08776697704 0)
(-0.2217427726 -0.1023407733 0)
(-0.2179499618 -0.1164048946 0)
(-0.2129173317 -0.1297375054 0)
(-0.2066066579 -0.1421011757 0)
(-0.1989996057 -0.15324708 0)
(-0.1901025746 -0.1629207554 0)
(-0.1799514806 -0.1708694918 0)
(-0.1686161186 -0.1768513038 0)
(-0.156203677 -0.1806452734 0)
(-0.142860939 -0.1820628623 0)
(-0.1287747122 -0.1809595945 0)
(-0.1141700957 -0.1772463316 0)
(-0.09930633382 -0.1708992335 0)
(-0.08447020451 -0.1619674598 0)
(-0.06996714261 -0.1505777385 0)
(-0.05611055895 -0.1369351287 0)
(-0.04321008324 -0.1213196185 0)
(-0.0315597174 -0.1040786081 0)
(-0.02142655873 -0.08561578012 0)
(-0.01303920832 -0.06637718431 0)
(-0.006582033931 -0.04683533742 0)
(-0.002240832722 -0.02747383792 0)
(-0.0001148142885 -0.008783376275 0)
(-9.403536672e-05 0.01180976839 0)
(-0.001437804549 0.033103995 0)
(-0.003991223099 0.052132167 0)
(-0.007599532291 0.06898655647 0)
(-0.01208757544 0.08378057694 0)
(-0.01732657153 0.09664160573 0)
(-0.02319993113 0.1077045672 0)
(-0.02960218024 0.1171064492 0)
(-0.03643984547 0.1249817447 0)
(-0.04363087204 0.1314587711 0)
(-0.05110376381 0.136656819 0)
(-0.0587966696 0.1406840791 0)
(-0.0666563961 0.1436362868 0)
(-0.07463737481 0.1455960105 0)
(-0.08270061742 0.1466325027 0)
(-0.09081268623 0.1468020256 0)
(-0.09894469917 0.1461485598 0)
(-0.1070713828 0.1447048091 0)
(-0.1151701804 0.1424934177 0)
(-0.1232204181 0.1395283263 0)
(-0.1312025264 0.1358162052 0)
(-0.1390973147 0.1313579155 0)
(-0.1468852912 0.1261499628 0)
(-0.1545460231 0.1201859211 0)
(-0.162057532 0.1134578178 0)
(-0.1693957173 0.1059574793 0)
(-0.1765338064 0.09767784759 0)
(-0.1834418297 0.08861428246 0)
(-0.1900861209 0.07876586933 0)
(-0.196428848 0.06813675422 0)
(-0.2024275819 0.05673752688 0)
(-0.2080349156 0.04458667114 0)
(-0.2131981557 0.03171209742 0)
(-0.217859104 0.01815276514 0)
(-0.2219539249 0.003960386724 0)
(-0.2254132495 -0.01079881058 0)
(-0.2281627176 -0.02604234208 0)
(-0.2301231454 -0.04166970585 0)
(-0.2312116386 -0.05756042925 0)
(-0.2313429565 -0.07357253457 0)
(-0.2304313801 -0.08954129597 0)
(-0.2283932045 -0.1052785031 0)
(-0.2251498974 -0.1205724567 0)
(-0.2206319594 -0.1351889509 0)
(-0.2147834745 -0.1488735204 0)
(-0.2075672723 -0.1613552316 0)
(-0.1989705336 -0.1723522606 0)
(-0.1890105692 -0.1815794307 0)
(-0.1777403883 -0.1887577461 0)
(-0.1652535709 -0.1936257842 0)
(-0.1516878813 -0.1959525742 0)
(-0.137227032 -0.1955513372 0)
(-0.1221000547 -0.192293209 0)
(-0.1065778651 -0.1861198641 0)
(-0.09096683347 -0.1770538513 0)
(-0.07559946905 -0.1652054783 0)
(-0.06082266495 -0.1507752798 0)
(-0.0469843045 -0.1340514596 0)
(-0.03441938945 -0.1154021921 0)
(-0.02343654759 -0.09526325264 0)
(-0.01430409897 -0.07412189724 0)
(-0.00724273848 -0.05249798324 0)
(-0.002475556879 -0.03092527523 0)
(-0.000129178629 -0.009945155389 0)
(-9.317996289e-05 0.01252886085 0)
(-0.00142969366 0.03508827366 0)
(-0.003971925867 0.05521996979 0)
(-0.007566731248 0.07302866627 0)
(-0.01204004992 0.08864020128 0)
(-0.01726336189 0.1021944718 0)
(-0.02311986099 0.1138388401 0)
(-0.02950358612 0.1237224412 0)
(-0.03632046363 0.1319914283 0)
(-0.04348786124 0.1387851167 0)
(-0.05093383794 0.1442329865 0)
(-0.05859631207 0.1484525005 0)
(-0.06642213097 0.1515476766 0)
(-0.07436607336 0.1536083394 0)
(-0.08238982295 0.1547099662 0)
(-0.09046094331 0.1549140308 0)
(-0.0985518772 0.1542687495 0)
(-0.1066389862 0.1528101342 0)
(-0.1147016402 0.1505632631 0)
(-0.1227213612 0.1475436925 0)
(-0.13068102 0.1437589425 0)
(-0.138564084 0.1392100061 0)
(-0.1463539088 0.1338928453 0)
(-0.154033069 0.127799851 0)
(-0.1615827206 0.1209212579 0)
(-0.1689819888 0.113246516 0)
(-0.1762073779 0.1047656287 0)
(-0.183232198 0.09547047693 0)
(-0.1900260081 0.08535614899 0)
(-0.1965540778 0.07442230301 0)
(-0.2027768704 0.06267458608 0)
(-0.208649558 0.05012613448 0)
(-0.2141215856 0.0367991762 0)
(-0.2191363032 0.02272675182 0)
(-0.2236306581 0.007954554709 0)
(-0.2275350599 -0.007457125714 0)
(-0.2307737164 -0.02343135025 0)
(-0.23326461 -0.03987262267 0)
(-0.2349202187 -0.05666444624 0)
(-0.2356486868 -0.07366729726 0)
(-0.2353554215 -0.09071680107 0)
(-0.233945388 -0.1076223221 0)
(-0.2313261607 -0.1241662162 0)
(-0.2274118088 -0.1401040363 0)
(-0.2221276552 -0.1551660279 0)
(-0.2154158783 -0.1690602723 0)
(-0.2072418293 -0.1814778281 0)
(-0.1976008183 -0.1921001567 0)
(-0.1865249775 -0.2006090002 0)
(-0.1740896718 -0.2066986781 0)
(-0.1604187969 -0.2100905073 0)
(-0.1456882334 -0.2105487276 0)
(-0.1301267266 -0.2078969769 0)
(-0.1140135784 -0.2020340549 0)
(-0.09767276565 -0.1929475077 0)
(-0.08146345017 -0.1807235178 0)
(-0.06576726105 -0.1655517537 0)
(-0.05097320125 -0.1477242139 0)
(-0.03746151734 -0.1276276985 0)
(-0.02558762215 -0.1057302731 0)
(-0.01566535425 -0.08256271592 0)
(-0.007957662905 -0.05869614253 0)
(-0.002731181825 -0.03471926981 0)
(-0.0001451943957 -0.01122903892 0)
(-9.192420377e-05 0.01324237347 0)
(-0.001416323214 0.03705948921 0)
(-0.003938549977 0.05828985129 0)
(-0.00750764736 0.07704959257 0)
(-0.01195115488 0.09347614483 0)
(-0.01714103333 0.1077212987 0)
(-0.02296037254 0.1199444343 0)
(-0.02930277184 0.1303066044 0)
(-0.03607356443 0.1389655576 0)
(-0.04318952879 0.1460716747 0)
(-0.05057826351 0.1517647961 0)
(-0.05817744693 0.1561719005 0)
(-0.06593396924 0.1594055813 0)
(-0.07380297367 0.1615632414 0)
(-0.08174684977 0.1627269173 0)
(-0.08973421385 0.1629636296 0)
(-0.09773890315 0.1623261565 0)
(-0.1057390032 0.1608541292 0)
(-0.1137159204 0.1585753521 0)
(-0.1216535051 0.1555072672 0)
(-0.1295372278 0.1516584904 0)
(-0.137353403 0.1470303681 0)
(-0.1450884587 0.1416185133 0)
(-0.1527282424 0.1354143006 0)
(-0.1602573583 0.1284063084 0)
(-0.1676585269 0.1205817118 0)
(-0.1749119626 0.1119276378 0)
(-0.1819947609 0.1024325014 0)
(-0.1888802944 0.09208734792 0)
(-0.1955376133 0.08088722798 0)
(-0.2019308525 0.06883263493 0)
(-0.2080186499 0.05593103317 0)
(-0.2137535888 0.04219850511 0)
(-0.2190816821 0.02766154166 0)
(-0.2239418936 0.01235898795 0)
(-0.2282657452 -0.003655861537 0)
(-0.2319773978 -0.02031294939 0)
(-0.2349934725 -0.03752335263 0)
(-0.2372232914 -0.05517646131 0)
(-0.2385697858 -0.07313741022 0)
(-0.2389307452 -0.09124465172 0)
(-0.2382008032 -0.109307811 0)
(-0.2362742525 -0.1271060895 0)
(-0.2330488141 -0.1443875384 0)
(-0.2284304571 -0.160869589 0)
(-0.2223393053 -0.1762412842 0)
(-0.2147165644 -0.190167673 0)
(-0.2055322704 -0.2022967993 0)
(-0.1947934882 -0.2122696105 0)
(-0.1825524048 -0.219732914 0)
(-0.1689135771 -0.2243552109 0)
(-0.1540394525 -0.2258448539 0)
(-0.1381532268 -0.2239695335 0)
(-0.1215381695 -0.218575666 0)
(-0.1045327768 -0.2096059133 0)
(-0.08752149221 -0.1971129009 0)
(-0.07092124804 -0.1812672986 0)
(-0.05516468192 -0.1623588206 0)
(-0.04068153998 -0.1407893924 0)
(-0.02787961784 -0.1170586472 0)
(-0.01712467588 -0.0917427575 0)
(-0.0087286137 -0.06546800269 0)
(-0.003008727665 -0.03888312845 0)
(-0.0001630081377 -0.01264589803 0)
(-9.031133755e-05 0.01394776467 0)
(-0.001398282172 0.03901099191 0)
(-0.003892651002 0.06133173256 0)
(-0.007425079565 0.08103625139 0)
(-0.01182504952 0.0982725604 0)
(-0.0169650873 0.113203591 0)
(-0.02272817452 0.1260002401 0)
(-0.02900742264 0.1368352032 0)
(-0.03570750572 0.1458777388 0)
(-0.04274454965 0.1532893594 0)
(-0.05004564469 0.1592204441 0)
(-0.057548203 0.1638077471 0)
(-0.06519915559 0.1671727485 0)
(-0.0729540319 0.1694207706 0)
(-0.08077597136 0.1706407626 0)
(-0.08863470724 0.1709056456 0)
(-0.09650555429 0.1702731048 0)
(-0.1043684228 0.1687867209 0)
(-0.1122068741 0.1664773374 0)
(-0.1200072252 0.1633645747 0)
(-0.127757705 0.1594584172 0)
(-0.1354476599 0.154760816 0)
(-0.143066804 0.1492672663 0)
(-0.1506045076 0.1429683353 0)
(-0.158049115 0.1358511312 0)
(-0.1653872847 0.1279007143 0)
(-0.1726033424 0.1191014635 0)
(-0.1796786402 0.1094384181 0)
(-0.1865909145 0.09889862147 0)
(-0.1933136376 0.0874724944 0)
(-0.1998153602 0.07515527274 0)
(-0.2060590445 0.06194854091 0)
(-0.212001395 0.04786189569 0)
(-0.2175922036 0.03291477315 0)
(-0.2227737038 0.01713846407 0)
(-0.2274799344 0.0005783272762 0)
(-0.2316364808 -0.01670373677 0)
(-0.2351602495 -0.03462684985 0)
(-0.2379591018 -0.05308821001 0)
(-0.2399324489 -0.07195988594 0)
(-0.240972095 -0.09108580103 0)
(-0.2409637959 -0.110278818 0)
(-0.2397897008 -0.1293182106 0)
(-0.2373318412 -0.1479478617 0)
(-0.2334768335 -0.1658756205 0)
(-0.228121907 -0.1827743386 0)
(-0.2211822795 -0.1982851684 0)
(-0.2125997546 -0.2120237165 0)
(-0.2023522277 -0.2235895738 0)
(-0.1904635499 -0.2325795628 0)
(-0.1770129547 -0.238604728 0)
(-0.1621430278 -0.2413106503 0)
(-0.1460650571 -0.2404001181 0)
(-0.1290605971 -0.2356565979 0)
(-0.1114782714 -0.2269664271 0)
(-0.09372524351 -0.2143373128 0)
(-0.07625338133 -0.1979106953 0)
(-0.05954090377 -0.1779658949 0)
(-0.04407116257 -0.1549147323 0)
(-0.03031019321 -0.1292864327 0)
(-0.01868267537 -0.1017037466 0)
(-0.009556973227 -0.07285187356 0)
(-0.003309122975 -0.0434449141 0)
(-0.0001827735584 -0.01420713348 0)
(-8.839980463e-05 0.01464283479 0)
(-0.0013763538 0.04093702233 0)
(-0.003836293261 0.06433681519 0)
(-0.007322744002 0.08497706391 0)
(-0.01166726874 0.1030151729 0)
(-0.01674287678 0.1186243524 0)
(-0.02243229509 0.1319864571 0)
(-0.02862798559 0.1432855302 0)
(-0.03523381386 0.1527022599 0)
(-0.0421651347 0.1604093769 0)
(-0.04934845134 0.1665680069 0)
(-0.05672087287 0.1713249689 0)
(-0.06422937349 0.1748109711 0)
(-0.07182990558 0.1771396233 0)
(-0.07948642382 0.1784071645 0)
(-0.08716986706 0.17869279 0)
(-0.09485713468 0.1780594547 0)
(-0.1025300843 0.1765550362 0)
(-0.1101745686 0.1742137459 0)
(-0.1177795211 0.1710576933 0)
(-0.1253360942 0.1670985241 0)
(-0.1328368489 0.16233907 0)
(-0.140274991 0.1567749684 0)
(-0.1476436461 0.1503962242 0)
(-0.1549351662 0.1431887043 0)
(-0.1621404573 0.1351355654 0)
(-0.1692483181 0.1262186284 0)
(-0.1762447806 0.1164197193 0)
(-0.183112442 0.105722004 0)
(-0.1898297808 0.09411134749 0)
(-0.1963704473 0.08157773395 0)
(-0.2027025278 0.06811678234 0)
(-0.2087877788 0.05373139866 0)
(-0.2145808452 0.03843360461 0)
(-0.2200284576 0.02224658146 0)
(-0.2250685756 0.005206952886 0)
(-0.2296298046 -0.01263265405 0)
(-0.2336310013 -0.03120078728 0)
(-0.2369804637 -0.05040427867 0)
(-0.2395760222 -0.07012439429 0)
(-0.2413054751 -0.09021325255 0)
(-0.2420476015 -0.1104901342 0)
(-0.2416740911 -0.1307379701 0)
(-0.2400525799 -0.150700351 0)
(-0.2370510263 -0.1700795184 0)
(-0.2325436353 -0.1885359223 0)
(-0.226418455 -0.2056900456 0)
(-0.2185866333 -0.2211272612 0)
(-0.2089931126 -0.2344064724 0)
(-0.1976282699 -0.2450731455 0)
(-0.1845396895 -0.2526770364 0)
(-0.1698429369 -0.256794423 0)
(-0.1537299434 -0.2570539965 0)
(-0.136473499 -0.2531647984 0)
(-0.1184264657 -0.2449438377 0)
(-0.100014713 -0.2323404444 0)
(-0.08172345594 -0.2154541857 0)
(-0.06407760622 -0.1945434333 0)
(-0.04761787082 -0.1700224924 0)
(-0.03287451746 -0.1424465399 0)
(-0.02033870116 -0.1124850814 0)
(-0.01044362322 -0.08088565103 0)
(-0.003633183552 -0.04843320876 0)
(-0.0002046514773 -0.01592463095 0)
(-8.626441507e-05 0.01532582994 0)
(-0.001351540295 0.04283297902 0)
(-0.00377211638 0.06729796667 0)
(-0.007205392586 0.08886241525 0)
(-0.01148489688 0.1076917725 0)
(-0.0164838327 0.123968582 0)
(-0.02208435434 0.1378850708 0)
(-0.02817797906 0.1496363482 0)
(-0.03466752035 0.1594144911 0)
(-0.04146738518 0.1674035846 0)
(-0.04850338369 0.1737757617 0)
(-0.05571228227 0.1786882468 0)
(-0.0630411163 0.1822813611 0)
(-0.07044632593 0.1846774056 0)
(-0.07789278173 0.1859803148 0)
(-0.08535275462 0.1862759535 0)
(-0.09280487294 0.1856329254 0)
(-0.1002330978 0.1841037645 0)
(-0.1076257373 0.1817263899 0)
(-0.1149745121 0.1785257221 0)
(-0.1222736756 0.1745153733 0)
(-0.1295191899 0.1696993479 0)
(-0.1367079511 0.1640737059 0)
(-0.1438370571 0.1576281614 0)
(-0.1509031085 0.1503476029 0)
(-0.1579015317 0.1422135375 0)
(-0.1648259128 0.1332054705 0)
(-0.1716673296 0.12330224 0)
(-0.1784136707 0.1124833359 0)
(-0.1850489284 0.1007302326 0)
(-0.1915524549 0.0880277743 0)
(-0.1978981732 0.07436565242 0)
(-0.2040537352 0.05974001762 0)
(-0.209979632 0.04415527545 0)
(-0.2156282518 0.0276261151 0)
(-0.2209428412 0.01017980652 0)
(-0.2258565969 -0.008141196481 0)
(-0.2302920377 -0.0272761384 0)
(-0.2341598919 -0.04714311638 0)
(-0.2373585437 -0.06763475482 0)
(-0.239774053 -0.08861406666 0)
(-0.241280531 -0.1099100221 0)
(-0.2417414272 -0.1313130424 0)
(-0.2410119352 -0.1525707491 0)
(-0.2389428186 -0.1733844314 0)
(-0.2353859655 -0.1934068612 0)
(-0.2302019186 -0.2122422586 0)
(-0.223269513 -0.2294493458 0)
(-0.2144975404 -0.2445484913 0)
(-0.2038380578 -0.2570338766 0)
(-0.191300575 -0.2663913496 0)
(-0.1769659229 -0.2721221248 0)
(-0.1609982088 -0.2737717325 0)
(-0.1436529951 -0.2709626638 0)
(-0.1252798237 -0.2634281226 0)
(-0.1063175368 -0.2510433969 0)
(-0.08728156695 -0.2338508206 0)
(-0.06874347607 -0.2120743666 0)
(-0.05130445553 -0.1861207125 0)
(-0.03556496006 -0.1565651758 0)
(-0.02209066663 -0.1241227808 0)
(-0.01138886942 -0.08960620452 0)
(-0.003981591225 -0.0538768377 0)
(-0.0002288094821 -0.01781070617 0)
(-8.399911526e-05 0.01599555955 0)
(-0.001325092888 0.0446957213 0)
(-0.003703412102 0.07021015518 0)
(-0.007078948223 0.09268516936 0)
(-0.0112867631 0.112292764 0)
(-0.01619971403 0.1292238204 0)
(-0.02169885876 0.1436803688 0)
(-0.02767431869 0.1558683615 0)
(-0.03402750585 0.165991303 0)
(-0.04067164245 0.174244857 0)
(-0.04753171754 0.1808125085 0)
(-0.05454412335 0.1858623017 0)
(-0.06165600439 0.1895446157 0)
(-0.06882439757 0.1919908939 0)
(-0.07601524176 0.1933132046 0)
(-0.0832023205 0.1936045001 0)
(-0.09036618746 0.1929394249 0)
(-0.09749311014 0.1913755363 0)
(-0.1045740558 0.1889548048 0)
(-0.1116037328 0.1857052855 0)
(-0.1185796932 0.1816428657 0)
(-0.1255014954 0.17677302 0)
(-0.1323699221 0.1710925216 0)
(-0.1391862458 0.1645910803 0)
(-0.1459515297 0.1572528916 0)
(-0.1526659545 0.149058098 0)
(-0.1593281556 0.1399841718 0)
(-0.165934558 0.1300072419 0)
(-0.1724786935 0.1191033885 0)
(-0.1789504863 0.1072499408 0)
(-0.1853354912 0.09442681434 0)
(-0.19161407 0.08061792847 0)
(-0.1977604962 0.06581275402 0)
(-0.2037419813 0.05000804164 0)
(-0.2095176207 0.03320979186 0)
(-0.2150372129 0.01543551447 0)
(-0.2202400274 -0.003283174103 0)
(-0.225053955 -0.02289729433 0)
(-0.2293941447 -0.0433375792 0)
(-0.2331617942 -0.06450998317 0)
(-0.2362436981 -0.08629097183 0)
(-0.2385119471 -0.1085224341 0)
(-0.2398244569 -0.1310062215 0)
(-0.2400265786 -0.1534986181 0)
(-0.2389541471 -0.1757051807 0)
(-0.2364383729 -0.1972765921 0)
(-0.2323129661 -0.2178064011 0)
(-0.2264237915 -0.2368317448 0)
(-0.2186411658 -0.2538383158 0)
(-0.2088745935 -0.268270868 0)
(-0.1970892986 -0.2795503796 0)
(-0.183323368 -0.2870985138 0)
(-0.1677037587 -0.2903691962 0)
(-0.1504589503 -0.2888859832 0)
(-0.1319258119 -0.2822825392 0)
(-0.1125484467 -0.2703422205 0)
(-0.09286748554 -0.2530317886 0)
(-0.07349957376 -0.2305239998 0)
(-0.05510856842 -0.2032044948 0)
(-0.03837079769 -0.171660142 0)
(-0.02393488834 -0.1366483164 0)
(-0.01239237168 -0.09904868994 0)
(-0.004354875177 -0.05980455629 0)
(-0.0002554219597 -0.01987804036 0)
(-8.171913707e-05 0.01665152992 0)
(-0.001298547031 0.0465239133 0)
(-0.003634216196 0.07307094137 0)
(-0.006950664159 0.09644124639 0)
(-0.01108366724 0.1168117748 0)
(-0.01590489068 0.1343807455 0)
(-0.02129352588 0.149359494 0)
(-0.02713766581 0.1619647075 0)
(-0.03333685431 0.1724114911 0)
(-0.03980283162 0.1809074457 0)
(-0.04645962447 0.1876478746 0)
(-0.05324324217 0.1928121576 0)
(-0.0601010344 0.1965612579 0)
(-0.06699080756 0.1990362689 0)
(-0.07387979263 0.2003578704 0)
(-0.08074353896 0.2006265409 0)
(-0.08756479069 0.1999233674 0)
(-0.0943323863 0.1983112968 0)
(-0.1010402074 0.1958366892 0)
(-0.1076861915 0.1925310496 0)
(-0.1142714144 0.1884128403 0)
(-0.1207992411 0.1834892967 0)
(-0.127274539 0.1777581929 0)
(-0.1337029448 0.1712095236 0)
(-0.1400901724 0.1638270858 0)
(-0.1464413498 0.1555899589 0)
(-0.1527603683 0.1464738923 0)
(-0.1590492307 0.1364526213 0)
(-0.1653073793 0.125499135 0)
(-0.1715309874 0.1135869306 0)
(-0.1777121963 0.1006912906 0)
(-0.1838382796 0.08679062634 0)
(-0.1898907164 0.07186793672 0)
(-0.1958441631 0.05591243974 0)
(-0.201665317 0.03892144303 0)
(-0.2073116258 0.02090251948 0)
(-0.2127297969 0.001876051431 0)
(-0.2178547084 -0.01812164055 0)
(-0.2226078347 -0.03903492627 0)
(-0.2268954827 -0.06078478828 0)
(-0.2306077543 -0.08326344745 0)
(-0.2336176097 -0.1063287551 0)
(-0.2357805409 -0.1297978732 0)
(-0.2369352461 -0.1534405116 0)
(-0.236905685 -0.1769721104 0)
(-0.2355050104 -0.2000475795 0)
(-0.2325419053 -0.2222565004 0)
(-0.2278298157 -0.2431210055 0)
(-0.2211994258 -0.2620978398 0)
(-0.212514423 -0.2785862892 0)
(-0.2016901286 -0.2919436217 0)
(-0.1887139319 -0.3015093059 0)
(-0.1736657164 -0.3066384473 0)
(-0.1567357506 -0.3067435699 0)
(-0.1382370258 -0.3013421787 0)
(-0.1186089847 -0.2901056969 0)
(-0.09841018733 -0.2729038043 0)
(-0.07829884929 -0.2498373848 0)
(-0.05900233107 -0.2212536728 0)
(-0.04127795452 -0.1877389963 0)
(-0.02586594616 -0.1500873365 0)
(-0.01345308732 -0.1092457945 0)
(-0.004753398472 -0.06624470422 0)
(-0.0002846703779 -0.02213960785 0)
(-7.956505493e-05 0.01729409774 0)
(-0.001273767763 0.048318418 0)
(-0.003569421634 0.07588103748 0)
(-0.006829316749 0.1001302716 0)
(-0.01088864779 0.1212463277 0)
(-0.0156166711 0.1394338178 0)
(-0.02088964936 0.1549130265 0)
(-0.0265928053 0.1679114568 0)
(-0.03262321989 0.1786561894 0)
(-0.03889079697 0.1873673119 0)
(-0.04531845955 0.1942525794 0)
(-0.05184186758 0.1995033588 0)
(-0.05840874289 0.2032918242 0)
(-0.06497792171 0.2057692976 0)
(-0.07151824538 0.207065589 0)
(-0.07800737582 0.2072891622 0)
(-0.08443060026 0.20652795 0)
(-0.09077966987 0.2048506463 0)
(-0.09705170058 0.2023083204 0)
(-0.1032481509 0.1989362215 0)
(-0.1093738816 0.1947556641 0)
(-0.1154362952 0.1897759145 0)
(-0.1214445468 0.1839960178 0)
(-0.1274088176 0.1774065304 0)
(-0.1333396346 0.1699911392 0)
(-0.1392472251 0.1617281641 0)
(-0.1451408867 0.1525919528 0)
(-0.1510283575 0.1425541847 0)
(-0.1569151668 0.1315851109 0)
(-0.1628039468 0.1196547602 0)
(-0.168693685 0.1067341482 0)
(-0.1745788958 0.09279653347 0)
(-0.1804486883 0.07781877003 0)
(-0.1862857131 0.06178281615 0)
(-0.1920649751 0.0446774698 0)
(-0.1977524669 0.02650041191 0)
(-0.2033035247 0.007260629267 0)
(-0.2086614551 -0.01301865025 0)
(-0.213755803 -0.03429625496 0)
(-0.2185002065 -0.05650946163 0)
(-0.2227906441 -0.07956817644 0)
(-0.2265039565 -0.1033489248 0)
(-0.2294966067 -0.1276878189 0)
(-0.2316043149 -0.152372682 0)
(-0.2326429382 -0.1771346268 0)
(-0.2324111587 -0.2016396272 0)
(-0.2306956373 -0.2254809564 0)
(-0.2272793278 -0.248173771 0)
(-0.2219535628 -0.2691535443 0)
(-0.2145342839 -0.2877804118 0)
(-0.2048823207 -0.3033516601 0)
(-0.1929269073 -0.3151243855 0)
(-0.178690708 -0.3223496067 0)
(-0.1623136133 -0.3243177156 0)
(-0.1440717182 -0.3204131172 0)
(-0.124387498 -0.3101734758 0)
(-0.103827562 -0.2933466359 0)
(-0.08308577231 -0.269936678 0)
(-0.06295201803 -0.2402303831 0)
(-0.04426879371 -0.204797098 0)
(-0.02787657903 -0.1644582951 0)
(-0.01456923568 -0.120226924 0)
(-0.005177353428 -0.07322483523 0)
(-0.0003167443784 -0.02460859951 0)
(-7.770712444e-05 0.01792464895 0)
(-0.001253007031 0.05008275362 0)
(-0.003514921707 0.07864494813 0)
(-0.006725444562 0.1037563076 0)
(-0.0107173068 0.1255985841 0)
(-0.01535568915 0.1443819729 0)
(-0.02051251656 0.1603355868 0)
(-0.02606906063 0.1736981075 0)
(-0.03191920836 0.184709252 0)
(-0.03797062388 0.1936024068 0)
(-0.04414500455 0.2005986329 0)
(-0.05037776305 0.2059021092 0)
(-0.05661726025 0.2096969725 0)
(-0.06282373897 0.2121454332 0)
(-0.06896809036 0.2133869947 0)
(-0.07503055306 0.2135385797 0)
(-0.0809994172 0.2126953628 0)
(-0.08686978192 0.210932119 0)
(-0.09264239481 0.2083049147 0)
(-0.09832258744 0.2048529996 0)
(-0.1039193096 0.2006007796 0)
(-0.1094442574 0.1955597846 0)
(-0.114911086 0.1897305673 0)
(-0.1203346925 0.1831044943 0)
(-0.1257305557 0.175665409 0)
(-0.1311141134 0.1673911612 0)
(-0.1365001624 0.1582550117 0)
(-0.14190226 0.1482269273 0)
(-0.1473321075 0.1372747915 0)
(-0.152798896 0.1253655599 0)
(-0.1583085892 0.1124663975 0)
(-0.1638631221 0.09854583809 0)
(-0.1694594878 0.08357501821 0)
(-0.175088689 0.06752904259 0)
(-0.1807345344 0.05038855643 0)
(-0.186372239 0.03214161219 0)
(-0.1919667173 0.01278590734 0)
(-0.1974708931 -0.007668497782 0)
(-0.2028239461 -0.02919538964 0)
(-0.2079488501 -0.05174913896 0)
(-0.2127499301 -0.07525880559 0)
(-0.2171109025 -0.09962183024 0)
(-0.2208927324 -0.1246964922 0)
(-0.2239321766 -0.1502931116 0)
(-0.2260413565 -0.1761641772 0)
(-0.2270089557 -0.20199381 0)
(-0.2266038126 -0.2273873392 0)
(-0.2245817865 -0.2518622502 0)
(-0.2206968002 -0.2748423273 0)
(-0.2147168121 -0.2956573868 0)
(-0.206445059 -0.313551425 0)
(-0.1957461765 -0.3277020817 0)
(-0.1825757343 -0.3372537863 0)
(-0.1670104094 -0.3413655786 0)
(-0.149274731 -0.3392722867 0)
(-0.1297594221 -0.3303546751 0)
(-0.1090263178 -0.314210856 0)
(-0.08779609176 -0.2907185384 0)
(-0.06691783076 -0.2600765708 0)
(-0.04732197703 -0.2228155571 0)
(-0.02995763085 -0.1797710032 0)
(-0.01573829469 -0.1320173483 0)
(-0.005626770798 -0.08077133565 0)
(-0.0003518441314 -0.02729834756 0)
(-7.635233283e-05 0.01854581099 0)
(-0.001238980126 0.05182362934 0)
(-0.003477794263 0.08137171212 0)
(-0.006651649942 0.1073286853 0)
(-0.01058821034 0.1298761649 0)
(-0.01514636798 0.1492293594 0)
(-0.02019189183 0.1656264461 0)
(-0.02560075209 0.1793180489 0)
(-0.03126277079 0.1905575739 0)
(-0.03708293634 0.1995928658 0)
(-0.04298164682 0.2066594306 0)
(-0.04889427344 0.2119752991 0)
(-0.05477021956 0.2157374725 0)
(-0.06057166269 0.2181198003 0)
(-0.06627213546 0.2192720854 0)
(-0.07185506067 0.2193201883 0)
(-0.07731231961 0.2183669005 0)
(-0.08264290417 0.2164933718 0)
(-0.08785168017 0.213760903 0)
(-0.09294827272 0.2102129446 0)
(-0.09794607259 0.2058771756 0)
(-0.1028613548 0.2007675673 0)
(-0.1077124962 0.1948863657 0)
(-0.1125192748 0.1882259509 0)
(-0.1173022348 0.1807705507 0)
(-0.1220820961 0.1724978032 0)
(-0.1268791907 0.1633801754 0)
(-0.1317129052 0.1533862517 0)
(-0.1366011083 0.1424819173 0)
(-0.1415595405 0.1306314633 0)
(-0.146601144 0.1177986499 0)
(-0.1517353051 0.1039477655 0)
(-0.1569669827 0.08904473371 0)
(-0.1622956933 0.07305832261 0)
(-0.1677143262 0.05596153283 0)
(-0.1732077549 0.03773325318 0)
(-0.1787511365 0.01836026972 0)
(-0.1843079432 -0.00216026692 0)
(-0.1898282854 -0.02381726153 0)
(-0.1952461679 -0.04658245182 0)
(-0.2004765308 -0.07040499687 0)
(-0.2054128004 -0.09520490626 0)
(-0.2099239495 -0.1208652484 0)
(-0.2138519491 -0.1472226917 0)
(-0.2170099665 -0.1740564322 0)
(-0.2191818958 -0.2010757414 0)
(-0.2201240541 -0.2279067379 0)
(-0.2195700844 -0.254079521 0)
(-0.2172402481 -0.279017498 0)
(-0.2128562757 -0.3020315267 0)
(-0.2061626587 -0.3223222494 0)
(-0.1969545785 -0.3389944493 0)
(-0.185111507 -0.3510870975 0)
(-0.1706339242 -0.3576215813 0)
(-0.1536787872 -0.3576681656 0)
(-0.1345878317 -0.3504270448 0)
(-0.1139020705 -0.3353158925 0)
(-0.09235672522 -0.3120516142 0)
(-0.07085377081 -0.2807114603 0)
(-0.05041240684 -0.2417591062 0)
(-0.03209806272 -0.1960251206 0)
(-0.01695704128 -0.1446373267 0)
(-0.006101548363 -0.0889090499 0)
(-0.0003901845125 -0.03022226031 0)
(-7.575335101e-05 0.01916170914 0)
(-0.001234966612 0.05355158401 0)
(-0.003466541979 0.08407577071 0)
(-0.006622984009 0.1108629522 0)
(-0.01052338728 0.1340930559 0)
(-0.01501748042 0.1539861151 0)
(-0.01996257826 0.1707901238 0)
(-0.02522770109 0.1847689654 0)
(-0.03069760022 0.1961913115 0)
(-0.03627414817 0.2053210742 0)
(-0.04187646024 0.2124097006 0)
(-0.04744022262 0.2176903752 0)
(-0.05291646769 0.2213740378 0)
(-0.05827002893 0.2236470243 0)
(-0.06347785984 0.2246700797 0)
(-0.06852734664 0.2245784722 0)
(-0.07341469967 0.2234829431 0)
(-0.07814347319 0.2214712495 0)
(-0.08272323688 0.2186100899 0)
(-0.08716840411 0.2149472377 0)
(-0.0914972095 0.2105137484 0)
(-0.09573082121 0.2053261373 0)
(-0.09989256919 0.1993884602 0)
(-0.1040072688 0.1926942512 0)
(-0.1081006183 0.1852282952 0)
(-0.1121986496 0.1769682304 0)
(-0.1163272101 0.1678859844 0)
(-0.1205114545 0.1579490608 0)
(-0.1247753258 0.1471216973 0)
(-0.1291410013 0.1353659238 0)
(-0.133628281 0.1226425508 0)
(-0.1382538899 0.10891213 0)
(-0.1430306694 0.09413592969 0)
(-0.1479666205 0.07827698319 0)
(-0.1530637726 0.06130127879 0)
(-0.1583168435 0.04317918237 0)
(-0.1637115914 0.02388719159 0)
(-0.1692227059 0.003410127504 0)
(-0.1748122008 -0.0182558675 0)
(-0.1804264136 -0.04109964101 0)
(-0.185992891 -0.06509081149 0)
(-0.1914173027 -0.09017293971 0)
(-0.1965799432 -0.116255769 0)
(-0.2013321387 -0.1432054232 0)
(-0.2054930828 -0.1708324765 0)
(-0.2088476076 -0.1988779145 0)
(-0.2111457348 -0.2269973384 0)
(-0.2121051548 -0.254744319 0)
(-0.2114180589 -0.2815545912 0)
(-0.208763916 -0.3067337859 0)
(-0.2038296853 -0.329452495 0)
(-0.1963384183 -0.3487534151 0)
(-0.1860860576 -0.3635756897 0)
(-0.1729844234 -0.3728008438 0)
(-0.1571060553 -0.3753223606 0)
(-0.1387241973 -0.3701367711 0)
(-0.118339578 -0.3564484398 0)
(-0.09668575539 -0.3337741552 0)
(-0.07470760721 -0.3020290066 0)
(-0.05351125919 -0.2615739093 0)
(-0.03428504664 -0.2132086075 0)
(-0.01822165022 -0.1581012385 0)
(-0.006601507167 -0.09766093824 0)
(-0.0004320023692 -0.0333937788 0)
(-7.62219859e-05 0.01977828257 0)
(-0.001244946801 0.05528175898 0)
(-0.003491408024 0.08677799577 0)
(-0.006657441049 0.1143819626 0)
(-0.01054895293 0.1382706046 0)
(-0.01500282684 0.1586691677 0)
(-0.01986506684 0.1758369411 0)
(-0.02499577399 0.1900531358 0)
(-0.03027350804 0.2016039502 0)
(-0.03559662782 0.2107715454 0)
(-0.04088313225 0.2178252453 0)
(-0.04606959242 0.2230149978 0)
(-0.05110949764 0.2265669473 0)
(-0.05597130211 0.2286808595 0)
(-0.06063638747 0.2295290852 0)
(-0.06509708447 0.2292567375 0)
(-0.06935484104 0.2279827721 0)
(-0.07341858121 0.2258016956 0)
(-0.07730327022 0.2227856659 0)
(-0.08102868086 0.218986797 0)
(-0.08461834432 0.2144395217 0)
(-0.08809866248 0.2091629064 0)
(-0.09149815581 0.2031628439 0)
(-0.09484682062 0.1964340828 0)
(-0.09817557023 0.1889620675 0)
(-0.1015157357 0.1807245853 0)
(-0.104898603 0.1716932263 0)
(-0.1083549645 0.1618346711 0)
(-0.1119146617 0.1511118277 0)
(-0.115606098 0.1394848446 0)
(-0.1194556968 0.1269120303 0)
(-0.1234872785 0.1133507153 0)
(-0.12772133 0.09875810097 0)
(-0.1321741311 0.08309214451 0)
(-0.1368567055 0.06631254847 0)
(-0.1417735623 0.04838193803 0)
(-0.1469211391 0.02926733373 0)
(-0.1522857466 0.00894201837 0)
(-0.1578417796 -0.01261201168 0)
(-0.1635489716 -0.0354002747 0)
(-0.1693490212 -0.05941252952 0)
(-0.1751619846 -0.08461614065 0)
(-0.1808824419 -0.1109485705 0)
(-0.1863749769 -0.1383075833 0)
(-0.1914697444 -0.1665388747 0)
(-0.1959584942 -0.195420901 0)
(-0.1995918417 -0.2246469432 0)
(-0.2020789666 -0.2538049612 0)
(-0.203091338 -0.2823566254 0)
(-0.2022724343 -0.3096180788 0)
(-0.1992555865 -0.3347464413 0)
(-0.1936917933 -0.3567375701 0)
(-0.1852883634 -0.3744417043 0)
(-0.1738573376 -0.3866036285 0)
(-0.159369843 -0.3919321102 0)
(-0.1420092402 -0.389198971 0)
(-0.1222130381 -0.3773612701 0)
(-0.1006924801 -0.3556917652 0)
(-0.07842091244 -0.3238953266 0)
(-0.05658610756 -0.2821853056 0)
(-0.03650415581 -0.2312961504 0)
(-0.01952786816 -0.1724167479 0)
(-0.007126484581 -0.1070477986 0)
(-0.0004775677695 -0.03682637209 0)
(-7.814759492e-05 0.02040368096 0)
(-0.001273785473 0.05703484767 0)
(-0.003564792385 0.08950692 0)
(-0.00677659467 0.1179171337 0)
(-0.01069588794 0.1424386093 0)
(-0.01514204926 0.1633030362 0)
(-0.01994627359 0.180783485 0)
(-0.02495744316 0.1951775637 0)
(-0.03004673317 0.2067921457 0)
(-0.03510870622 0.2159305369 0)
(-0.04006064571 0.2228824021 0)
(-0.04484087376 0.2279164153 0)
(-0.04940647902 0.2312753939 0)
(-0.05373080399 0.2331735596 0)
(-0.05780093827 0.2337955274 0)
(-0.06161537106 0.233296626 0)
(-0.06518188598 0.231804185 0)
(-0.06851573167 0.2294194754 0)
(-0.07163806897 0.2262200416 0)
(-0.07457467514 0.2222622212 0)
(-0.07735487487 0.2175836975 0)
(-0.08001066355 0.2122059747 0)
(-0.08257598774 0.2061367027 0)
(-0.08508614944 0.1993718083 0)
(-0.0875773037 0.1918974116 0)
(-0.09008602173 0.1836915237 0)
(-0.09264889442 0.1747255337 0)
(-0.09530215271 0.1649655013 0)
(-0.09808128281 0.154373276 0)
(-0.1010206141 0.1429074696 0)
(-0.1041528574 0.1305243107 0)
(-0.107508568 0.1171784153 0)
(-0.1111155074 0.1028235126 0)
(-0.114997871 0.08741317493 0)
(-0.1191753462 0.07090160862 0)
(-0.1236619655 0.05324458648 0)
(-0.1284646812 0.03440062317 0)
(-0.1335814682 0.01433248389 0)
(-0.1389993228 -0.00699084476 0)
(-0.1446920015 -0.02959068323 0)
(-0.1506164203 -0.05347603113 0)
(-0.1567087148 -0.0786375905 0)
(-0.1628802344 -0.1050406923 0)
(-0.1690122978 -0.1326158777 0)
(-0.1749506647 -0.1612465564 0)
(-0.1804999357 -0.1907532644 0)
(-0.1854185453 -0.2208741919 0)
(-0.1894154728 -0.2512420856 0)
(-0.1921503413 -0.2813584253 0)
(-0.1932391554 -0.3105670393 0)
(-0.1922684061 -0.3380310724 0)
(-0.1888203596 -0.3627193224 0)
(-0.1825116888 -0.3834099569 0)
(-0.1730458182 -0.3987207096 0)
(-0.1602762264 -0.4071736979 0)
(-0.1442737253 -0.4072988947 0)
(-0.1253863206 -0.3977724502 0)
(-0.1042774212 -0.3775752747 0)
(-0.08192911298 -0.3461460751 0)
(-0.05960112199 -0.3034954617 0)
(-0.03873966242 -0.2502475618 0)
(-0.02087128251 -0.1875840337 0)
(-0.007676478126 -0.1170880941 0)
(-0.0005272018343 -0.04053359387 0)
(-8.202388944e-05 0.02104877131 0)
(-0.001327481591 0.05883827766 0)
(-0.003701801776 0.09230022229 0)
(-0.007006414872 0.1215098985 0)
(-0.01100100433 0.1466364938 0)
(-0.01548159379 0.1679205899 0)
(-0.02026034733 0.1856529082 0)
(-0.02517231391 0.2001538485 0)
(-0.03008009804 0.2117552376 0)
(-0.03487440948 0.2207853011 0)
(-0.03947256894 0.2275571282 0)
(-0.04381592024 0.2323604701 0)
(-0.04786669871 0.2354564836 0)
(-0.05160477457 0.2370749262 0)
(-0.05502454616 0.2374132867 0)
(-0.05813213777 0.2366373646 0)
(-0.0609429717 0.2348828688 0)
(-0.06347972734 0.232257678 0)
(-0.06577066571 0.2288444754 0)
(-0.0678482786 0.2247035367 0)
(-0.06974821375 0.2198755114 0)
(-0.07150842656 0.2143840868 0)
(-0.07316851148 0.2082384624 0)
(-0.07476917126 0.2014355952 0)
(-0.0763517874 0.1939621991 0)
(-0.07795806033 0.1857964978 0)
(-0.07962969207 0.1769097415 0)
(-0.08140808679 0.1672675069 0)
(-0.08333404771 0.1568308009 0)
(-0.08544744976 0.1455569975 0)
(-0.0877868664 0.1334006319 0)
(-0.09038912801 0.1203140863 0)
(-0.09328878706 0.1062482037 0)
(-0.09651746066 0.09115286999 0)
(-0.100103015 0.07497761876 0)
(-0.1040685547 0.05767232659 0)
(-0.1084311629 0.0391880919 0)
(-0.1132002224 0.01947838641 0)
(-0.1183752736 -0.001499423009 0)
(-0.1239443138 -0.02378126452 0)
(-0.1298800528 -0.04739389634 0)
(-0.1361359079 -0.07235022164 0)
(-0.1426419003 -0.09864269823 0)
(-0.1492989807 -0.1262346726 0)
(-0.1559726389 -0.155048555 0)
(-0.1624859089 -0.1849501357 0)
(-0.1686122364 -0.2157283329 0)
(-0.1740691808 -0.2470699454 0)
(-0.1785145611 -0.2785296614 0)
(-0.1815474404 -0.3094968192 0)
(-0.1827171533 -0.3391623613 0)
(-0.1815441506 -0.3664920627 0)
(-0.1775562997 -0.3902151031 0)
(-0.1703428837 -0.4088395308 0)
(-0.1596253697 -0.420706722 0)
(-0.145338979 -0.4240938196 0)
(-0.1277129482 -0.4173649375 0)
(-0.107332145 -0.3991586748 0)
(-0.08516145959 -0.3685836837 0)
(-0.06251730624 -0.3253808655 0)
(-0.0409749504 -0.2700061337 0)
(-0.02224770956 -0.2035951132 0)
(-0.008251856649 -0.1277979364 0)
(-0.0005813032117 -0.04452923145 0)
(-8.848692061e-05 0.02172779468 0)
(-0.001413507624 0.06072769925 0)
(-0.003920976015 0.09520653269 0)
(-0.007378312817 0.1252133786 0)
(-0.01150812914 0.1509145422 0)
(-0.01607581769 0.172563691 0)
(-0.02086949865 0.1904749566 0)
(-0.02570751743 0.2049976628 0)
(-0.03044286221 0.2164942958 0)
(-0.03496272271 0.2253228344 0)
(-0.03918572296 0.2318235824 0)
(-0.04305804349 0.2363101239 0)
(-0.04654912825 0.2390637914 0)
(-0.04964746504 0.2403309571 0)
(-0.05235673261 0.2403224783 0)
(-0.05469245632 0.2392146976 0)
(-0.05667921351 0.2371514915 0)
(-0.05834836776 0.2342469637 0)
(-0.05973627703 0.2305884667 0)
(-0.0608829058 0.2262397221 0)
(-0.06183076835 0.2212438752 0)
(-0.06262413467 0.2156263761 0)
(-0.06330843822 0.209397622 0)
(-0.06392983342 0.2025553269 0)
(-0.06453485952 0.195086609 0)
(-0.06517017556 0.1869698007 0)
(-0.06588233721 0.1781759955 0)
(-0.06671758969 0.1686703549 0)
(-0.0677216566 0.1584132003 0)
(-0.06893950601 0.1473609145 0)
(-0.07041507403 0.1354666827 0)
(-0.07219092552 0.122681101 0)
(-0.07430783091 0.108952687 0)
(-0.07680423332 0.0942283296 0)
(-0.07971557284 0.0784537219 0)
(-0.08307343141 0.06157383579 0)
(-0.08690445661 0.04353351887 0)
(-0.0912289253 0.02427830599 0)
(-0.0960586618 0.003755529864 0)
(-0.1013956774 -0.01808383102 0)
(-0.1072286204 -0.04128239703 0)
(-0.113528904 -0.06587350825 0)
(-0.1202464834 -0.09187517092 0)
(-0.1273041474 -0.1192824667 0)
(-0.1345905326 -0.1480567134 0)
(-0.1419520562 -0.1781104953 0)
(-0.1491839561 -0.2092874903 0)
(-0.1560211642 -0.2413360954 0)
(-0.1621304239 -0.2738763271 0)
(-0.167105997 -0.3063605616 0)
(-0.1704724433 -0.3380306476 0)
(-0.1716990678 -0.3678769685 0)
(-0.170231206 -0.3946089927 0)
(-0.1655428419 -0.4166509719 0)
(-0.1572122532 -0.4321791398 0)
(-0.1450168619 -0.4392155943 0)
(-0.1290355734 -0.4357864964 0)
(-0.1097386773 -0.4201370003 0)
(-0.08804076633 -0.3909743174 0)
(-0.06529270262 -0.3476895323 0)
(-0.04319303917 -0.2904968834 0)
(-0.0236537299 -0.220433278 0)
(-0.008853664456 -0.1391912896 0)
(-0.0006403884449 -0.04882758943 0)
(-9.837023042e-05 0.02245922952 0)
(-0.001541273522 0.06274887749 0)
(-0.004245247216 0.09828763299 0)
(-0.007930467329 0.129094294 0)
(-0.01226952744 0.1553351351 0)
(-0.01698820619 0.1772835983 0)
(-0.02184474486 0.195285554 0)
(-0.02663779021 0.2097276473 0)
(-0.03121002424 0.2210105045 0)
(-0.03544607536 0.2295279412 0)
(-0.03926786717 0.2356520401 0)
(-0.04262895335 0.2397233633 0)
(-0.04550869343 0.2420453585 0)
(-0.04790681881 0.242882001 0)
(-0.04983867939 0.2424578014 0)
(-0.05133127584 0.2409594447 0)
(-0.05242006855 0.2385384679 0)
(-0.05314649037 0.235314523 0)
(-0.05355606182 0.2313788889 0)
(-0.05369699947 0.2267979944 0)
(-0.05361921426 0.221616793 0)
(-0.05337360802 0.2158618904 0)
(-0.05301159108 0.2095443707 0)
(-0.05258475771 0.202662297 0)
(-0.05214466829 0.1952028886 0)
(-0.0517427001 0.1871443863 0)
(-0.05142993561 0.1784576279 0)
(-0.05125706122 0.1691073582 0)
(-0.05127425837 0.1590533082 0)
(-0.05153107196 0.1482510656 0)
(-0.05207623793 0.1366527638 0)
(-0.05295745191 0.1242076211 0)
(-0.05422106293 0.1108623603 0)
(-0.05591167117 0.09656154014 0)
(-0.05807160028 0.0812478354 0)
(-0.06074021011 0.06486231354 0)
(-0.06395301355 0.04734477303 0)
(-0.06774048931 0.02863423051 0)
(-0.07212627707 0.008669624958 0)
(-0.07712577308 -0.0126091195 0)
(-0.0827434264 -0.03525853052 0)
(-0.0889688086 -0.0593300451 0)
(-0.09577245329 -0.08486489632 0)
(-0.1031004442 -0.1118878071 0)
(-0.11086714 -0.1403975463 0)
(-0.1189464224 -0.1703533022 0)
(-0.1271613357 -0.2016554875 0)
(-0.1352725136 -0.2341194141 0)
(-0.1429664743 -0.2674404745 0)
(-0.1498458602 -0.3011502512 0)
(-0.1554251103 -0.3345647376 0)
(-0.1591367114 -0.3667290656 0)
(-0.1603545994 -0.3963679006 0)
(-0.1584416733 -0.42185652 0)
(-0.1528264984 -0.4412329882 0)
(-0.143108879 -0.4522737867 0)
(-0.1291846244 -0.4526498541 0)
(-0.1113682107 -0.4401640011 0)
(-0.09048268699 -0.413044322 0)
(-0.06788244157 -0.3702377099 0)
(-0.04537720009 -0.3116245719 0)
(-0.02508740771 -0.2380726456 0)
(-0.00948405192 -0.15128047 0)
(-0.0007051517004 -0.05344396665 0)
(-0.0001127851628 0.02326693958 0)
(-0.001722764193 0.06496011488 0)
(-0.00470320592 0.1016211382 0)
(-0.008709492652 0.1332350991 0)
(-0.01334756472 0.1599738741 0)
(-0.01829260682 0.1821409297 0)
(-0.02326637022 0.2001256898 0)
(-0.02804493153 0.2143634432 0)
(-0.0324606663 0.2253026126 0)
(-0.03639756111 0.2333803661 0)
(-0.03978385305 0.2390059302 0)
(-0.04258394594 0.2425503087 0)
(-0.04479061634 0.2443409884 0)
(-0.04641808996 0.2446603084 0)
(-0.04749623793 0.2437463751 0)
(-0.04806592422 0.2417956249 0)
(-0.04817541403 0.2389663542 0)
(-0.04787769514 0.2353827179 0)
(-0.0472285473 0.2311388466 0)
(-0.04628520074 0.2263028489 0)
(-0.04510544261 0.2209205538 0)
(-0.04374705292 0.2150189103 0)
(-0.04226747513 0.2086090084 0)
(-0.04072364566 0.2016887129 0)
(-0.03917192375 0.1942449253 0)
(-0.03766808199 0.1862555012 0)
(-0.03626732605 0.1776908454 0)
(-0.03502431337 0.1685152188 0)
(-0.03399315646 0.1586878016 0)
(-0.03322740258 0.1481635338 0)
(-0.03277997255 0.1368937536 0)
(-0.03270304148 0.1248266716 0)
(-0.03304785172 0.1119077122 0)
(-0.03386444424 0.09807974215 0)
(-0.0352012818 0.08328321781 0)
(-0.03710473461 0.06745628949 0)
(-0.03961839548 0.05053491229 0)
(-0.04278214817 0.03245303423 0)
(-0.04663071551 0.01314291135 0)
(-0.0511921528 -0.007464424804 0)
(-0.05648617425 -0.02943717588 0)
(-0.06252019057 -0.05284216446 0)
(-0.06928539177 -0.0777409377 0)
(-0.07675186356 -0.1041848829 0)
(-0.08486135099 -0.1322075056 0)
(-0.09351824848 -0.1618127001 0)
(-0.1025783558 -0.1929574003 0)
(-0.1118354201 -0.2255265412 0)
(-0.1210061052 -0.2592981551 0)
(-0.1297149678 -0.2938967513 0)
(-0.1374826078 -0.3287344244 0)
(-0.1437222968 -0.3629421999 0)
(-0.1477527013 -0.3952993246 0)
(-0.1488360767 -0.4241756461 0)
(-0.1462509699 -0.4475107016 0)
(-0.1394040617 -0.4628594092 0)
(-0.1279757078 -0.4675330227 0)
(-0.1120786832 -0.4588493964 0)
(-0.09239418224 -0.4344758354 0)
(-0.07023843353 -0.3928057406 0)
(-0.04751161491 -0.3332712744 0)
(-0.02654923553 -0.2564777919 0)
(-0.01014688479 -0.1640770382 0)
(-0.0007765554672 -0.05839540896 0)
(-0.0001332399042 0.02418171865 0)
(-0.00197342327 0.06743537087 0)
(-0.0053307728 0.1053037469 0)
(-0.009772507124 0.1377362865 0)
(-0.01481656281 0.1649203816 0)
(-0.02007428637 0.1872048602 0)
(-0.02522374329 0.2050392237 0)
(-0.03001612448 0.2189224679 0)
(-0.03427469228 0.2293630782 0)
(-0.03788613664 0.2368506653 0)
(-0.04078941089 0.2418377169 0)
(-0.04296444962 0.2447293076 0)
(-0.04442190553 0.2458786737 0)
(-0.04519445623 0.2455868536 0)
(-0.04532982631 0.2441049705 0)
(-0.04488542778 0.2416380829 0)
(-0.04392440552 0.2383498368 0)
(-0.04251283567 0.2343673889 0)
(-0.04071782894 0.2297862544 0)
(-0.03860631867 0.2246748662 0)
(-0.03624434803 0.2190787263 0)
(-0.03369670831 0.213024096 0)
(-0.03102681532 0.2065212162 0)
(-0.02829673632 0.1995670674 0)
(-0.02556729965 0.1921477045 0)
(-0.0228982514 0.1842402175 0)
(-0.02034842935 0.1758143345 0)
(-0.0179759166 0.1668337134 0)
(-0.01583816612 0.1572569826 0)
(-0.01399209907 0.147038537 0)
(-0.01249416089 0.136129131 0)
(-0.01140031871 0.124476302 0)
(-0.01076599309 0.1120246403 0)
(-0.01064592319 0.09871592692 0)
(-0.01109393933 0.08448916877 0)
(-0.01216262021 0.06928055712 0)
(-0.01390280633 0.05302338482 0)
(-0.01636292116 0.0356479726 0)
(-0.0195878969 0.01708164343 0)
(-0.02361759406 -0.002751278389 0)
(-0.02848614569 -0.02392830065 0)
(-0.03421811504 -0.04652858505 0)
(-0.04082492348 -0.07063066832 0)
(-0.04830065607 -0.09630895043 0)
(-0.05661519322 -0.1236278863 0)
(-0.0657053694 -0.1526325916 0)
(-0.07546340749 -0.183334126 0)
(-0.08572227283 -0.215686952 0)
(-0.09623808269 -0.2495556724 0)
(-0.1066704308 -0.2846679822 0)
(-0.1165631549 -0.3205512385 0)
(-0.1253305077 -0.3564526413 0)
(-0.1322568028 -0.3912480777 0)
(-0.1365209149 -0.4233532158 0)
(-0.1372588392 -0.4506619926 0)
(-0.1336752183 -0.4705492652 0)
(-0.1252052568 -0.4799797595 0)
(-0.1117106576 -0.4757554815 0)
(-0.09367066107 -0.4549011207 0)
(-0.07230836846 -0.4151325676 0)
(-0.04958197259 -0.3552931355 0)
(-0.02804335638 -0.2756033681 0)
(-0.01084860666 -0.1775931958 0)
(-0.0008559676826 -0.0637018559 0)
(-0.000161819342 0.02524339427 0)
(-0.002313392544 0.0702682955 0)
(-0.006173407139 0.109455135 0)
(-0.01118964925 0.1427187032 0)
(-0.0167647128 0.1702784072 0)
(-0.02243043668 0.1925510397 0)
(-0.02781387079 0.2100690314 0)
(-0.03264027753 0.2234148644 0)
(-0.03672693508 0.2331723929 0)
(-0.03996863843 0.2398943847 0)
(-0.0423213151 0.2440832821 0)
(-0.04378661677 0.2461817459 0)
(-0.04439865294 0.2465699591 0)
(-0.04421327821 0.2455672919 0)
(-0.04329987562 0.2434365525 0)
(-0.04173533458 0.2403895733 0)
(-0.03959983374 0.2365932981 0)
(-0.03697403733 0.2321758369 0)
(-0.03393735371 0.2272321711 0)
(-0.0305669636 0.2218293389 0)
(-0.02693738295 0.2160110258 0)
(-0.02312038031 0.2098015526 0)
(-0.01918512185 0.2032092879 0)
(-0.01519844526 0.1962295208 0)
(-0.01122518398 0.1888468433 0)
(-0.007328517447 0.1810371212 0)
(-0.003570315336 0.1727690888 0)
(-1.145124129e-05 0.1640056254 0)
(0.003287924549 0.1547047524 0)
(0.006268184174 0.1448203928 0)
(0.008870067869 0.1343029279 0)
(0.01103454081 0.1230995459 0)
(0.01270274068 0.1111544483 0)
(0.01381598474 0.09840891385 0)
(0.01431585475 0.08480124193 0)
(0.01414437456 0.07026659207 0)
(0.01324430414 0.05473674285 0)
(0.0115595803 0.03813980029 0)
(0.009036041123 0.02039988821 0)
(0.005622876866 0.001436797624 0)
(0.001272788592 -0.01883393345 0)
(-0.004055041481 -0.04050068675 0)
(-0.01039150286 -0.06365545679 0)
(-0.01775402914 -0.08839143085 0)
(-0.02614048589 -0.114799362 0)
(-0.03552093687 -0.1429606915 0)
(-0.04582631956 -0.1729361763 0)
(-0.05693334213 -0.2047469345 0)
(-0.0686453047 -0.2383443903 0)
(-0.08066877752 -0.2735653727 0)
(-0.09258774393 -0.3100674019 0)
(-0.1038392592 -0.3472411605 0)
(-0.1136983699 -0.3841014809 0)
(-0.1212848605 -0.4191668297 0)
(-0.1256088237 -0.4503513564 0)
(-0.1256731239 -0.4749110874 0)
(-0.1206438045 -0.4895002597 0)
(-0.1100807247 -0.4903928892 0)
(-0.09419102788 -0.473895053 0)
(-0.07403347651 -0.4369081336 0)
(-0.05157579454 -0.3775157052 0)
(-0.029579114 -0.2953934899 0)
(-0.01159947159 -0.1918438213 0)
(-0.0009453747481 -0.06938785513 0)
(-0.0002014632891 0.02650373233 0)
(-0.002769276726 0.07357745941 0)
(-0.007289026538 0.1142225211 0)
(-0.01304704488 0.1483255483 0)
(-0.01929573518 0.1761646075 0)
(-0.02546944353 0.1982574218 0)
(-0.03113763612 0.2152506359 0)
(-0.03600102298 0.2278358228 0)
(-0.03987703088 0.2366908974 0)
(-0.04267685118 0.2424439868 0)
(-0.04438206221 0.2456543806 0)
(-0.04502404857 0.2468052711 0)
(-0.04466721879 0.2463040339 0)
(-0.04339611055 0.244486929 0)
(-0.04130597872 0.2416260745 0)
(-0.03849625893 0.237937297 0)
(-0.03506627568 0.2335879989 0)
(-0.03111262638 0.2287045557 0)
(-0.02672776721 0.2233789927 0)
(-0.02199942773 0.2176748481 0)
(-0.01701056666 0.2116322136 0)
(-0.01183965775 0.2052720139 0)
(-0.006561173944 0.1985995699 0)
(-0.001246159242 0.1916075368 0)
(0.004037166962 0.1842783187 0)
(0.009222834525 0.1765860242 0)
(0.01424667065 0.1684980634 0)
(0.01904574944 0.1599763542 0)
(0.02355800457 0.1509782658 0)
(0.02772186749 0.1414573284 0)
(0.03147597949 0.1313637311 0)
(0.03475896463 0.1206446183 0)
(0.03750925968 0.109244232 0)
(0.03966499626 0.09710391239 0)
(0.04116394814 0.0841619659 0)
(0.04194355253 0.07035341184 0)
(0.04194102227 0.05560961645 0)
(0.04109356866 0.03985782817 0)
(0.03933882545 0.02302063195 0)
(0.03661592171 0.005015298268 0)
(0.03286559479 -0.01424697119 0)
(0.02803206768 -0.03486088658 0)
(0.02206626928 -0.05692808401 0)
(0.01492857412 -0.08055609501 0)
(0.006594029395 -0.105856756 0)
(-0.002940378952 -0.1329421296 0)
(-0.01364528156 -0.1619167243 0)
(-0.02544391806 -0.1928625733 0)
(-0.03819250673 -0.2258142429 0)
(-0.05165466883 -0.2607187377 0)
(-0.06547029261 -0.2973730864 0)
(-0.0791214688 -0.3353335724 0)
(-0.09190217326 -0.3737935872 0)
(-0.102904105 -0.4114340906 0)
(-0.1110383526 -0.4462663916 0)
(-0.1151182051 -0.4755098369 0)
(-0.1140261377 -0.4955723977 0)
(-0.1069713871 -0.5022154194 0)
(-0.09380948982 -0.490965091 0)
(-0.075344148 -0.4577625974 0)
(-0.05348208473 -0.3997268822 0)
(-0.03117296952 -0.3157804799 0)
(-0.01241532329 -0.2068492892 0)
(-0.001047716937 -0.07548510569 0)
(-0.0002564097722 0.02803051242 0)
(-0.003376703056 0.07751314389 0)
(-0.008751863385 0.1197858155 0)
(-0.01545011979 0.1547234088 0)
(-0.022529649 0.182704933 0)
(-0.02930768989 0.2043967412 0)
(-0.03529195656 0.2206020685 0)
(-0.04016418128 0.2321541554 0)
(-0.0437525726 0.2398471685 0)
(-0.04599696207 0.2443978274 0)
(-0.04691631596 0.2464286746 0)
(-0.04658190373 0.2464651079 0)
(-0.04509660852 0.2449403792 0)
(-0.04257986366 0.2422046406 0)
(-0.03915726461 0.2385355522 0)
(-0.03495381594 0.2341489854 0)
(-0.03008986923 0.229209027 0)
(-0.02467897003 0.2238369081 0)
(-0.01882700015 0.2181187369 0)
(-0.01263216179 0.2121120616 0)
(-0.006185460315 0.2058513302 0)
(0.0004285220705 0.1993524011 0)
(0.007130686741 0.1926162117 0)
(0.0138465695 0.1856317494 0)
(0.02050547074 0.1783784835 0)
(0.0270395781 0.1708282575 0)
(0.03338324131 0.162946807 0)
(0.03947231358 0.1546949114 0)
(0.0452436071 0.1460292501 0)
(0.05063440355 0.1369030344 0)
(0.0555820466 0.127266445 0)
(0.06002360457 0.1170668802 0)
(0.06389558818 0.1062490412 0)
(0.06713371921 0.09475487507 0)
(0.06967275246 0.08252338183 0)
(0.071446355 0.06949028935 0)
(0.07238705276 0.05558759406 0)
(0.07242625719 0.04074296591 0)
(0.0714944292 0.02487901599 0)
(0.06952174684 0.007912391125 0)
(0.06643824005 -0.01024744357 0)
(0.06217455205 -0.02969860859 0)
(0.05666483216 -0.0505487099 0)
(0.04984883739 -0.07291514756 0)
(0.04167589465 -0.09692536551 0)
(0.03211129852 -0.1227156052 0)
(0.02114555819 -0.1504264602 0)
(0.008808129308 -0.1801930299 0)
(-0.004813891293 -0.2121263287 0)
(-0.01954894773 -0.2462797262 0)
(-0.03510655033 -0.2825920177 0)
(-0.05103514437 -0.3207997595 0)
(-0.06667751823 -0.3603084681 0)
(-0.08113405699 -0.4000199378 0)
(-0.09325446081 -0.4381273248 0)
(-0.1016892816 -0.471915833 0)
(-0.1050374611 -0.4976442037 0)
(-0.1021160269 -0.510614136 0)
(-0.09234242126 -0.5055380167 0)
(-0.07615192464 -0.4772508713 0)
(-0.05528952617 -0.4216659204 0)
(-0.03285075463 -0.3366821738 0)
(-0.01332019744 -0.2226392068 0)
(-0.001167432207 -0.08203623227 0)
(-0.0003329230052 0.02991335728 0)
(-0.004184109748 0.08226614503 0)
(-0.0106575297 0.1263630108 0)
(-0.01852689703 0.1621011286 0)
(-0.02660138854 0.1900268605 0)
(-0.03406171384 0.2110237004 0)
(-0.04035490909 0.2261081382 0)
(-0.04515618749 0.2362955988 0)
(-0.04832170379 0.2425218133 0)
(-0.04983741437 0.2456053663 0)
(-0.0497751325 0.2462368385 0)
(-0.04825851192 0.244983209 0)
(-0.04543834677 0.2422999101 0)
(-0.04147565764 0.2385458372 0)
(-0.03653081065 0.2339986289 0)
(-0.03075705032 0.228868836 0)
(-0.02429711894 0.2233123835 0)
(-0.01728193991 0.2174411706 0)
(-0.009830603573 0.2113318881 0)
(-0.002051154015 0.2050332243 0)
(0.005958219793 0.1985716719 0)
(0.01410780231 0.1919561892 0)
(0.0223151191 0.1851819194 0)
(0.03050346859 0.178233167 0)
(0.03860074402 0.171085728 0)
(0.04653832431 0.1637086711 0)
(0.0542501255 0.156065731 0)
(0.06167177594 0.1481163704 0)
(0.06873991288 0.1398165472 0)
(0.07539157184 0.1311192593 0)
(0.08156366764 0.1219749016 0)
(0.08719255139 0.1123314516 0)
(0.09221362685 0.1021345006 0)
(0.09656101664 0.09132714747 0)
(0.1001672734 0.0798497574 0)
(0.1029631339 0.06763958358 0)
(0.1048773202 0.05463024274 0)
(0.1058363931 0.04075102881 0)
(0.1057646904 0.02592604545 0)
(0.104584618 0.01007310625 0)
(0.1022167847 -0.006897782812 0)
(0.0985798152 -0.02508543038 0)
(0.09359279309 -0.04459989337 0)
(0.08717677671 -0.06556399149 0)
(0.079257503 -0.08811520622 0)
(0.06977054051 -0.1124068374 0)
(0.05866900751 -0.1386072643 0)
(0.04593544237 -0.1668952521 0)
(0.03159941645 -0.1974481129 0)
(0.01576331193 -0.2304162262 0)
(-0.001362574126 -0.2658762362 0)
(-0.01941244463 -0.3037512658 0)
(-0.0378079261 -0.3436825243 0)
(-0.05569908033 -0.3848442291 0)
(-0.07192226068 -0.4256983336 0)
(-0.08500894231 -0.4637157838 0)
(-0.0932945887 -0.4951388481 0)
(-0.09517713995 -0.5149114689 0)
(-0.08954777183 -0.5169428625 0)
(-0.07633539917 -0.4948304742 0)
(-0.05698173988 -0.443006052 0)
(-0.03465004666 -0.3579963184 0)
(-0.01435016698 -0.239257111 0)
(-0.001311357526 -0.0891004192 0)
(-0.0004405283452 0.03227226195 0)
(-0.005258467701 0.08807912001 0)
(-0.0131295509 0.1342149333 0)
(-0.02243034239 0.1706643132 0)
(-0.03165481524 0.1982445734 0)
(-0.03983186242 0.2181539071 0)
(-0.04635890065 0.231696526 0)
(-0.05092789188 0.2401188331 0)
(-0.05344926653 0.2445252691 0)
(-0.05397926701 0.245847766 0)
(-0.05266227791 0.2448463461 0)
(-0.0496891561 0.2421252148 0)
(-0.0452689597 0.23815486 0)
(-0.03961098309 0.2332949188 0)
(-0.03291423982 0.2278152225 0)
(-0.02536204758 0.2219139875 0)
(-0.01711995347 0.2157329648 0)
(-0.008335730817 0.2093697498 0)
(0.0008594142477 0.2028876004 0)
(0.01034894971 0.1963231657 0)
(0.02002914067 0.1896924695 0)
(0.02980695757 0.1829956763 0)
(0.03959807115 0.1762207714 0)
(0.04932507057 0.1693463774 0)
(0.05891590524 0.1623438997 0)
(0.06830251594 0.1551791659 0)
(0.07741966607 0.1478136593 0)
(0.08620394544 0.1402054341 0)
(0.0945929235 0.1323097654 0)
(0.1025244247 0.1240795908 0)
(0.1099359091 0.1154657777 0)
(0.1167639369 0.1064172379 0)
(0.1229436978 0.09688090383 0)
(0.1284085904 0.08680157649 0)
(0.1330898389 0.07612164566 0)
(0.1369161433 0.06478067484 0)
(0.1398133575 0.05271483526 0)
(0.1417041968 0.03985616329 0)
(0.1425079844 0.02613160735 0)
(0.1421406191 0.01146180066 0)
(0.1405146625 -0.004240636076 0)
(0.137538429 -0.02107263676 0)
(0.1331178527 -0.03914344271 0)
(0.1271574855 -0.05857710215 0)
(0.119561979 -0.07951574489 0)
(0.1102398806 -0.1021228815 0)
(0.09910959781 -0.1265859542 0)
(0.08610905159 -0.1531165571 0)
(0.07121090738 -0.1819454208 0)
(0.05444599076 -0.2133067095 0)
(0.03593787329 -0.2474033373 0)
(0.01595219469 -0.284339913 0)
(-0.005039808866 -0.3240064302 0)
(-0.0262806332 -0.3658896717 0)
(-0.04665103152 -0.4088013012 0)
(-0.06462520587 -0.4505282423 0)
(-0.07832109591 -0.4874642642 0)
(-0.08571552979 -0.5143570455 0)
(-0.08509337083 -0.524389935 0)
(-0.07571597061 -0.5098301606 0)
(-0.05852677513 -0.463326912 0)
(-0.03662196056 -0.3795893576 0)
(-0.01555905709 -0.2567658946 0)
(-0.001490261333 -0.09676190279 0)
(-0.0005941696605 0.03527039308 0)
(-0.006694061329 0.09526097475 0)
(-0.01632740986 0.1436473666 0)
(-0.02733753956 0.1806215157 0)
(-0.03782737656 0.2074323836 0)
(-0.04667059365 0.2257301375 0)
(-0.0532436542 0.2372021482 0)
(-0.05729484872 0.2433817289 0)
(-0.05882755573 0.2455681356 0)
(-0.05800048671 0.2448132595 0)
(-0.05505473153 0.2419419911 0)
(-0.05026496277 0.2375857656 0)
(-0.0439089446 0.2322183002 0)
(-0.03625002303 0.226188354 0)
(-0.027528326 0.2197475395 0)
(-0.01795748363 0.2130729153 0)
(-0.007724669632 0.2062848717 0)
(0.003007482626 0.1994610172 0)
(0.01409791569 0.1926467775 0)
(0.02542438903 0.1858632851 0)
(0.03688022229 0.1791135979 0)
(0.0483714173 0.1723872983 0)
(0.05981408342 0.1656639178 0)
(0.07113219783 0.1589154969 0)
(0.08225568748 0.1521084821 0)
(0.0931187986 0.1452051307 0)
(0.1036587243 0.1381645346 0)
(0.1138144523 0.1309433528 0)
(0.1235257964 0.1234963114 0)
(0.1327325754 0.1157765208 0)
(0.1413739124 0.107735643 0)
(0.1493876268 0.09932392785 0)
(0.1567096963 0.09049013132 0)
(0.1632737687 0.08118132036 0)
(0.1690107072 0.07134256196 0)
(0.1738481589 0.06091648468 0)
(0.1777101369 0.04984269148 0)
(0.1805166106 0.03805699125 0)
(0.1821830993 0.0254904039 0)
(0.1826203773 0.0120678675 0)
(0.1817344599 -0.002293538491 0)
(0.1794252167 -0.01768655963 0)
(0.1755875524 -0.03421666329 0)
(0.1701119757 -0.05200527856 0)
(0.162884943 -0.07119411522 0)
(0.1537912766 -0.09195019831 0)
(0.1427182532 -0.1144712151 0)
(0.1295627374 -0.1389901563 0)
(0.1142432861 -0.1657769983 0)
(0.09672001113 -0.1951329176 0)
(0.07702601561 -0.2273691416 0)
(0.05531522044 -0.2627571543 0)
(0.03193069624 -0.3014306949 0)
(0.007496127337 -0.3432117246 0)
(-0.01697826117 -0.3873327195 0)
(-0.03998943535 -0.4320252541 0)
(-0.05951544267 -0.4740306325 0)
(-0.07314768315 -0.5081286253 0)
(-0.07850897367 -0.5269470852 0)
(-0.07401685946 -0.5214064739 0)
(-0.05985547667 -0.4820709519 0)
(-0.03883048329 -0.4012747091 0)
(-0.01702688597 -0.2752530781 0)
(-0.001721514821 -0.1051429669 0)
(-0.000818077007 0.03913380225 0)
(-0.00862605326 0.1042044147 0)
(-0.02045529266 0.1550062923 0)
(-0.0334406345 0.1921550523 0)
(-0.04521619136 0.2175788343 0)
(-0.05452321621 0.233569475 0)
(-0.06077524684 0.2423151613 0)
(-0.06384003618 0.2456950913 0)
(-0.06386826417 0.2452229559 0)
(-0.06116201243 0.2420674881 0)
(-0.05608682439 0.2371042717 0)
(-0.04901812369 0.2309739308 0)
(-0.04031125726 0.2241354593 0)
(-0.0302869173 0.2169107721 0)
(-0.01922602727 0.2095199534 0)
(-0.007370022367 0.2021082659 0)
(0.005075991503 0.1947665381 0)
(0.01793846186 0.1875462146 0)
(0.03107117301 0.1804700784 0)
(0.04435020061 0.1735404918 0)
(0.05766971819 0.1667452462 0)
(0.07093825641 0.1600617418 0)
(0.08407550808 0.1534600026 0)
(0.09700963678 0.146904842 0)
(0.1096750314 0.1403574052 0)
(0.1220104436 0.1337762599 0)
(0.1339574478 0.1271181536 0)
(0.1454591692 0.1203385239 0)
(0.1564592265 0.1133918178 0)
(0.1669008456 0.1062316664 0)
(0.1767261066 0.09881093874 0)
(0.1858752919 0.09108169375 0)
(0.1942863072 0.08299503786 0)
(0.201894152 0.07450088886 0)
(0.2086304206 0.06554764003 0)
(0.2144228158 0.05608170924 0)
(0.2191946659 0.04604694825 0)
(0.222864429 0.03538387418 0)
(0.2253451748 0.02402867098 0)
(0.2265440916 0.01191188493 0)
(0.2263623229 -0.001043349671 0)
(0.224693341 -0.01492355961 0)
(0.2214233731 -0.02982783569 0)
(0.2164316227 -0.04587156838 0)
(0.2095896046 -0.06319145901 0)
(0.2007622293 -0.08195180917 0)
(0.1898100049 -0.1023520368 0)
(0.1765934972 -0.1246349721 0)
(0.160981825 -0.1490945062 0)
(0.14286792 -0.1760792639 0)
(0.1221947084 -0.2059856662 0)
(0.09899812282 -0.2392281421 0)
(0.07347412061 -0.276166042 0)
(0.04607683445 -0.3169556615 0)
(0.01764905343 -0.3612869687 0)
(-0.01043084589 -0.4079625546 0)
(-0.03611160655 -0.4542799923 0)
(-0.05668835451 -0.4953440039 0)
(-0.06911509407 -0.5235169955 0)
(-0.0707949006 -0.5284858631 0)
(-0.06081871942 -0.4984752819 0)
(-0.0413447352 -0.4227716334 0)
(-0.01887194505 -0.2948333098 0)
(-0.002033870206 -0.1144240878 0)
(-0.001152806356 0.04418246498 0)
(-0.01125117179 0.1154053843 0)
(-0.02576811778 0.1686573672 0)
(-0.04091818765 0.2053639611 0)
(-0.05380756109 0.2285095805 0)
(-0.06311919942 0.2412823386 0)
(-0.06840821305 0.2465072068 0)
(-0.0697570093 0.2464617708 0)
(-0.06753598067 0.2428778845 0)
(-0.06223906841 0.2370210733 0)
(-0.05438490539 0.2297890841 0)
(-0.04446375544 0.221802884 0)
(-0.0329128421 0.2134812969 0)
(-0.02010840687 0.2050986184 0)
(-0.006366942085 0.1968272109 0)
(0.008049256273 0.188768427 0)
(0.02292422997 0.1809746912 0)
(0.03808153235 0.1734646617 0)
(0.05337635805 0.1662342653 0)
(0.06868931057 0.1592642335 0)
(0.08392091577 0.1525252205 0)
(0.09898705254 0.145981315 0)
(0.1138151864 0.1395924329 0)
(0.1283412924 0.1333159306 0)
(0.1425073558 0.1271076771 0)
(0.1562593471 0.120922751 0)
(0.1695455818 0.1147158762 0)
(0.1823153869 0.1084416712 0)
(0.194518009 0.1020547643 0)
(0.20610171 0.0955098068 0)
(0.2170130039 0.08876140595 0)
(0.2271959998 0.08176398768 0)
(0.236591817 0.07447159235 0)
(0.2451380489 0.06683760035 0)
(0.2527682504 0.05881437734 0)
(0.2594114318 0.050352821 0)
(0.2649915426 0.0414017818 0)
(0.2694269272 0.031907317 0)
(0.2726297335 0.02181172145 0)
(0.2745052917 0.01105225784 0)
(0.2749517655 -0.000440551212 0)
(0.2738584841 -0.01274529219 0)
(0.2711056195 -0.0259524694 0)
(0.2665641058 -0.04016850195 0)
(0.2600941326 -0.05552107686 0)
(0.2515449912 -0.07216618441 0)
(0.2407554732 -0.09029709176 0)
(0.2275556604 -0.1101553327 0)
(0.2117715827 -0.1320431505 0)
(0.193235157 -0.156335405 0)
(0.1718034485 -0.1834861379 0)
(0.1473936425 -0.2140197249 0)
(0.120042922 -0.2484876805 0)
(0.09000493157 -0.2873585004 0)
(0.05789341697 -0.3307909104 0)
(0.02487272792 -0.3782255156 0)
(-0.007132552402 -0.4277340073 0)
(-0.03527607926 -0.4750930453 0)
(-0.05591999824 -0.5128242244 0)
(-0.06532897366 -0.5296925557 0)
(-0.06110500521 -0.5114669483 0)
(-0.04421319246 -0.4436282171 0)
(-0.0212665517 -0.3156405573 0)
(-0.002475908684 -0.124874533 0)
(-0.001668027978 0.05087992114 0)
(-0.01485762999 0.1294790906 0)
(-0.03256408962 0.1849313365 0)
(-0.04986155643 0.2201572224 0)
(-0.0633345597 0.2397608854 0)
(-0.07177483303 0.2481519446 0)
(-0.07505263282 0.2489311575 0)
(-0.07359983394 0.2448017911 0)
(-0.06809575951 0.2376866619 0)
(-0.05927701927 0.2289011607 0)
(-0.04783847023 0.219316677 0)
(-0.03439040247 0.2094922175 0)
(-0.01944648053 0.1997726823 0)
(-0.003427575532 0.1903593065 0)
(0.0133274088 0.1813583646 0)
(0.03054856495 0.1728143621 0)
(0.04802285593 0.1647323458 0)
(0.06558203234 0.1570927969 0)
(0.08309295309 0.1498614099 0)
(0.1004495139 0.1429953164 0)
(0.1175660678 0.1364470737 0)
(0.1343721637 0.1301671691 0)
(0.1508083638 0.1241055509 0)
(0.1668229335 0.1182125276 0)
(0.1823692286 0.1124392595 0)
(0.1974036318 0.1067379914 0)
(0.2118839174 0.1010621195 0)
(0.2257679495 0.09536615332 0)
(0.2390126326 0.0896056077 0)
(0.2515730557 0.08373684779 0)
(0.2634017774 0.07771689663 0)
(0.274448213 0.0715032088 0)
(0.2846580906 0.0650534073 0)
(0.2939729477 0.05832497545 0)
(0.3023296458 0.05127489033 0)
(0.3096598811 0.04385917719 0)
(0.3158896733 0.03603235548 0)
(0.3209388115 0.02774673521 0)
(0.3247202326 0.01895150607 0)
(0.3271393343 0.009591542378 0)
(0.3280934389 -0.0003941899345 0)
(0.3274702055 -0.01107495432 0)
(0.325146675 -0.02253088795 0)
(0.3209888756 -0.03485704027 0)
(0.3148496699 -0.04816873742 0)
(0.3065674977 -0.06260886073 0)
(0.2959651281 -0.07835753776 0)
(0.282848923 -0.09564475395 0)
(0.2670096776 -0.1147661119 0)
(0.2482269175 -0.1361010954 0)
(0.2262801397 -0.1601311452 0)
(0.2009731039 -0.187450523 0)
(0.1721811497 -0.2187546568 0)
(0.1399364558 -0.2547761114 0)
(0.1045702668 -0.2961158852 0)
(0.06692897745 -0.3428885291 0)
(0.02866154523 -0.394075772 0)
(-0.007481189957 -0.446503729 0)
(-0.03747583696 -0.4934288186 0)
(-0.05644141381 -0.5232695853 0)
(-0.0600847086 -0.5195074215 0)
(-0.04739442315 -0.4630803145 0)
(-0.02445259115 -0.3377936222 0)
(-0.003130236825 -0.1368975954 0)
(-0.002485672236 0.05991398503 0)
(-0.01986230182 0.1471571099 0)
(-0.04113332884 0.2039983087 0)
(-0.0600996763 0.2360597499 0)
(-0.0729930714 0.2503778292 0)
(-0.0790372855 0.2529624383 0)
(-0.07868447153 0.2482945276 0)
(-0.07289070771 0.2394719379 0)
(-0.06273968423 0.2285282167 0)
(-0.04925015009 0.216742571 0)
(-0.03329801491 0.2048861029 0)
(-0.01559930114 0.1933986429 0)
(0.003279066072 0.1825096707 0)
(0.02289693391 0.1723187941 0)
(0.04291855037 0.1628470289 0)
(0.06309004006 0.1540702161 0)
(0.08322056328 0.1459393913 0)
(0.1031670094 0.1383933181 0)
(0.122821924 0.1313659124 0)
(0.1421040523 0.1247904939 0)
(0.1609510314 0.1186021074 0)
(0.1793137867 0.1127386643 0)
(0.1971522504 0.1071413869 0)
(0.2144320923 0.101754853 0)
(0.2311222236 0.09652682459 0)
(0.2471928843 0.09140796811 0)
(0.2626141702 0.08635152998 0)
(0.277354889 0.08131300094 0)
(0.29138166 0.07624978536 0)
(0.3046581925 0.07112088125 0)
(0.3171446917 0.06588656952 0)
(0.3287973526 0.06050810646 0)
(0.3395679092 0.05494740998 0)
(0.3494032131 0.0491667268 0)
(0.3582448177 0.04312826357 0)
(0.366028548 0.03679375984 0)
(0.3726840349 0.0301239731 0)
(0.3781341924 0.02307803539 0)
(0.3822946093 0.01561262615 0)
(0.3850728532 0.007680887446 0)
(0.3863677834 -0.0007690152381 0)
(0.3860680747 -0.009796017493 0)
(0.3840508669 -0.01946858261 0)
(0.3801809912 -0.02986857569 0)
(0.3743083813 -0.04109634357 0)
(0.3662658807 -0.05327776877 0)
(0.355866563 -0.06657396 0)
(0.342900735 -0.0811943873 0)
(0.3271332098 -0.09741431822 0)
(0.3083020511 -0.115597098 0)
(0.2861213562 -0.1362206749 0)
(0.2602931585 -0.1599048096 0)
(0.2305378037 -0.1874288175 0)
(0.1966588104 -0.2197164234 0)
(0.1586669766 -0.2577402245 0)
(0.1169962162 -0.3022593763 0)
(0.07284021564 -0.3532529948 0)
(0.02859927458 -0.4088734327 0)
(-0.01168767117 -0.463795391 0)
(-0.0422216607 -0.5070169931 0)
(-0.05652332071 -0.5203775313 0)
(-0.0505891874 -0.4798051404 0)
(-0.02874091368 -0.3613090118 0)
(-0.004139375397 -0.1511065436 0)
(-0.003822031194 0.072325725 0)
(-0.02683539284 0.169222558 0)
(-0.05158039071 0.2255975068 0)
(-0.07079601453 0.2518708127 0)
(-0.08087978893 0.2586063492 0)
(-0.08204797848 0.253772438 0)
(-0.07570409609 0.2427227297 0)
(-0.06352080376 0.2288070862 0)
(-0.04705678615 0.2140078924 0)
(-0.02761203777 0.1994312295 0)
(-0.006207435306 0.1856457226 0)
(0.01638545783 0.1729018702 0)
(0.03959725778 0.1612680888 0)
(0.06301828772 0.1507144572 0)
(0.08635704355 0.1411618737 0)
(0.1094095144 0.1325102465 0)
(0.1320348965 0.1246540538 0)
(0.1541374095 0.1174905702 0)
(0.1756527918 0.1109237623 0)
(0.1965383594 0.1048657506 0)
(0.2167657381 0.0992369626 0)
(0.2363155665 0.09396562386 0)
(0.2551736423 0.08898695943 0)
(0.2733281143 0.08424231098 0)
(0.290767434 0.07967827582 0)
(0.3074788542 0.07524591753 0)
(0.3234473221 0.07090006602 0)
(0.3386546533 0.06659870718 0)
(0.3530789072 0.06230245353 0)
(0.3666939006 0.05797408309 0)
(0.3794688165 0.05357813172 0)
(0.3913678716 0.04908052349 0)
(0.4023500163 0.04444822299 0)
(0.4123686441 0.03964889231 0)
(0.4213712902 0.03465053326 0)
(0.429299301 0.02942109181 0)
(0.4360874549 0.02392799603 0)
(0.4416635106 0.01813758953 0)
(0.4459476547 0.01201441038 0)
(0.4488518481 0.005520247751 0)
(0.4502790529 -0.00138710551 0)
(0.4501218383 -0.008755679469 0)
(0.4482609379 -0.01664148609 0)
(0.4445640269 -0.02511203429 0)
(0.438882902 -0.03425087555 0)
(0.4310505537 -0.04416402702 0)
(0.4208773252 -0.05498900936 0)
(0.4081460271 -0.06690746281 0)
(0.3926061081 -0.08016260673 0)
(0.3739673355 -0.09508297309 0)
(0.3518944002 -0.1121135865 0)
(0.3260058963 -0.1318543518 0)
(0.2958850637 -0.1551012693 0)
(0.2611168285 -0.1828761129 0)
(0.2213773898 -0.2164088647 0)
(0.1766190196 -0.2569960297 0)
(0.1274086358 -0.3055881652 0)
(0.07547283444 -0.3618644619 0)
(0.0244202307 -0.4224803625 0)
(-0.01962207099 -0.4783042128 0)
(-0.04807509562 -0.5109159187 0)
(-0.05286120916 -0.4914990349 0)
(-0.03444286792 -0.3858759482 0)
(-0.005760987757 -0.1684449859 0)
(-0.006045893601 0.08966763511 0)
(-0.03642048573 0.1962545623 0)
(-0.06329897064 0.2484765537 0)
(-0.07953718719 0.265087424 0)
(-0.08289067037 0.2614606293 0)
(-0.07542407165 0.247665892 0)
(-0.05991348093 0.2296720884 0)
(-0.03888089382 0.2107543437 0)
(-0.01433623278 0.1925708699 0)
(0.01223350718 0.175862088 0)
(0.03977187648 0.1608707124 0)
(0.06756122788 0.1475840795 0)
(0.09512437837 0.1358714702 0)
(0.1221555582 0.1255564779 0)
(0.1484662972 0.116454806 0)
(0.1739474654 0.1083921465 0)
(0.1985422535 0.1012116081 0)
(0.2222274429 0.09477561704 0)
(0.2450005438 0.08896511769 0)
(0.2668710242 0.08367761712 0)
(0.2878543647 0.0788248795 0)
(0.3079680491 0.07433066686 0)
(0.3272288743 0.07012870191 0)
(0.3456511535 0.06616091189 0)
(0.3632455235 0.06237595413 0)
(0.3800181581 0.05872799705 0)
(0.3959702516 0.05517572072 0)
(0.4110976812 0.05168149976 0)
(0.4253907842 0.0482107335 0)
(0.438834205 0.04473129248 0)
(0.4514067818 0.0412130541 0)
(0.463081448 0.03762750356 0)
(0.4738251319 0.03394737859 0)
(0.4835986381 0.03014633753 0)
(0.4923564976 0.02619863032 0)
(0.5000467712 0.02207874966 0)
(0.5066107891 0.01776103595 0)
(0.5119828063 0.01321920268 0)
(0.5160895421 0.00842573948 0)
(0.5188496108 0.003351135886 0)
(0.5201727442 -0.002037134724 0)
(0.5199584445 -0.007776101655 0)
(0.5180947175 -0.01390913906 0)
(0.5144563972 -0.02048894012 0)
(0.5089022791 -0.02758133549 0)
(0.501271694 -0.03527076315 0)
(0.491379835 -0.043668107 0)
(0.4790114635 -0.05292188324 0)
(0.4639126465 -0.0632342032 0)
(0.4457802553 -0.07488344058 0)
(0.4242494148 -0.08825598337 0)
(0.3988803647 -0.1038894641 0)
(0.3691491189 -0.1225283851 0)
(0.3344525101 -0.1451876115 0)
(0.2941502793 -0.1732044568 0)
(0.2476882327 -0.2082255174 0)
(0.1948790763 -0.2520021394 0)
(0.1364523816 -0.3057360139 0)
(0.07497738984 -0.3685210717 0)
(0.01609134028 -0.4342741876 0)
(-0.03042456728 -0.4867738534 0)
(-0.05179360124 -0.4941503288 0)
(-0.0415493561 -0.4101779821 0)
(-0.00841612974 -0.1901299352 0)
(-0.009620015376 0.1140841522 0)
(-0.04877297279 0.22785008 0)
(-0.07349248519 0.2692318413 0)
(-0.08029629924 0.2709649464 0)
(-0.0706054 0.2541974016 0)
(-0.04936862718 0.2306034201 0)
(-0.02098976612 0.2060493123 0)
(0.01127416394 0.1831500017 0)
(0.04520406074 0.1628526304 0)
(0.07939174157 0.1453054677 0)
(0.1129811789 0.1303120727 0)
(0.1454865212 0.1175500562 0)
(0.1766576811 0.1066773063 0)
(0.2063913219 0.09737711772 0)
(0.2346715274 0.08937450578 0)
(0.2615320262 0.08243831154 0)
(0.2870323893 0.07637741586 0)
(0.3112433507 0.07103493582 0)
(0.3342379539 0.06628222828 0)
(0.3560863592 0.06201347328 0)
(0.3768529191 0.05814108664 0)
(0.3965946398 0.05459196958 0)
(0.4153604734 0.05130450486 0)
(0.4331910952 0.04822617986 0)
(0.4501189528 0.04531171777 0)
(0.4661684578 0.04252161247 0)
(0.4813562417 0.03982097954 0)
(0.4956914297 0.03717865277 0)
(0.5091759051 0.03456646943 0)
(0.5218045495 0.03195869968 0)
(0.5335654484 0.0293315842 0)
(0.5444400574 0.0266629512 0)
(0.5544033245 0.0239318886 0)
(0.5634237624 0.02111845033 0)
(0.5714634664 0.01820337665 0)
(0.578478068 0.01516780846 0)
(0.5844166117 0.01199297257 0)
(0.5892213374 0.008659811378 0)
(0.5928273367 0.005148522603 0)
(0.5951621028 0.001437966616 0)
(0.5961448024 -0.002495088598 0)
(0.5956850441 -0.006677112946 0)
(0.5936818621 -0.01113930081 0)
(0.590021742 -0.01591985146 0)
(0.5845758596 -0.02106693706 0)
(0.577196433 -0.02664299971 0)
(0.5677116172 -0.03273098813 0)
(0.5559183936 -0.03944340843 0)
(0.5415727532 -0.04693554573 0)
(0.5243762901 -0.05542486425 0)
(0.5039582733 -0.06521947095 0)
(0.4798526378 -0.07675956419 0)
(0.4514707761 -0.09067656634 0)
(0.4180749962 -0.1078738048 0)
(0.3787670089 -0.129626464 0)
(0.3325263181 -0.1576779498 0)
(0.2783735848 -0.1942543049 0)
(0.2158017236 -0.2417875651 0)
(0.1456995983 -0.3018706178 0)
(0.07201353069 -0.372519461 0)
(0.004104587225 -0.4423796701 0)
(-0.04162598984 -0.4810000183 0)
(-0.04855301862 -0.4305533711 0)
(-0.01244003977 -0.2171282365 0)
(-0.01460896029 0.1488472324 0)
(-0.06131064974 0.2608860027 0)
(-0.0731782099 0.2800625894 0)
(-0.05898062755 0.2611641299 0)
(-0.0273998913 0.2299524209 0)
(0.01326504415 0.197724204 0)
(0.05746903576 0.1688642425 0)
(0.101931652 0.1444905298 0)
(0.1448862229 0.1244301649 0)
(0.1854995257 0.108085227 0)
(0.2234666866 0.09478536638 0)
(0.2587713529 0.08391960854 0)
(0.2915428504 0.07497795999 0)
(0.3219741035 0.06755203204 0)
(0.3502762928 0.06132134938 0)
(0.3766554173 0.05603655525 0)
(0.4013011409 0.05150391201 0)
(0.424382378 0.04757239556 0)
(0.4460464414 0.04412348969 0)
(0.4664199382 0.04106333971 0)
(0.4856104143 0.03831680966 0)
(0.5037082201 0.03582301377 0)
(0.5207883318 0.03353196582 0)
(0.5369120082 0.03140206554 0)
(0.5521282433 0.02939820867 0)
(0.5664750088 0.02749036007 0)
(0.5799803051 0.02565247101 0)
(0.5926630402 0.02386165217 0)
(0.6045337617 0.02209753688 0)
(0.6155952622 0.02034178565 0)
(0.6258430762 0.01857769486 0)
(0.6352658833 0.01678988136 0)
(0.6438458275 0.01496402018 0)
(0.6515587595 0.01308661674 0)
(0.658374404 0.01114479671 0)
(0.6642564515 0.009126097412 0)
(0.6691625638 0.007018243595 0)
(0.6730442823 0.004808887878 0)
(0.6758468094 0.002485292504 0)
(0.6775087033 3.393277738e-05 0)
(0.677961154 -0.002560007289 0)
(0.6771271973 -0.00531347401 0)
(0.6749206476 -0.00824659668 0)
(0.6712442102 -0.01138422618 0)
(0.6659869488 -0.01475800741 0)
(0.659020732 -0.0184093991 0)
(0.6501951695 -0.0223940871 0)
(0.6393303992 -0.02678847078 0)
(0.6262068121 -0.03169931208 0)
(0.61055042 -0.03727825854 0)
(0.5920120998 -0.04374392166 0)
(0.5701384704 -0.05141566787 0)
(0.5443319928 -0.06076537708 0)
(0.5137989271 -0.07249596496 0)
(0.4774883325 -0.08765714321 0)
(0.4340387457 -0.1078048601 0)
(0.3817831471 -0.1351863452 0)
(0.3189385261 -0.1728479314 0)
(0.2442541863 -0.2243228085 0)
(0.1586429122 -0.2919674845 0)
(0.06849475545 -0.3718368657 0)
(-0.009787051226 -0.4416986533 0)
(-0.04933054505 -0.439955884 0)
(-0.01775597115 -0.2519380811 0)
(-0.01997868768 0.200320931 0)
(-0.06151247417 0.28572865 0)
(-0.03707836916 0.2655087011 0)
(0.01565017247 0.2231393875 0)
(0.0778498825 0.1808932896 0)
(0.1405150844 0.1451896075 0)
(0.1994214165 0.1171098201 0)
(0.252921389 0.09560187921 0)
(0.3007886601 0.0792159364 0)
(0.3434259223 0.06668361017 0)
(0.381441504 0.05700967165 0)
(0.4154687725 0.04944682162 0)
(0.4460908118 0.0434480841 0)
(0.4738131033 0.03861709609 0)
(0.4990603764 0.03466657077 0)
(0.5221839398 0.03138710562 0)
(0.5434721469 0.02862468617 0)
(0.5631608866 0.02626471659 0)
(0.5814429238 0.02422078176 0)
(0.5984757396 0.02242675958 0)
(0.6143879037 0.0208312705 0)
(0.6292841656 0.01939374998 0)
(0.6432494874 0.0180816495 0)
(0.6563522273 0.01686842563 0)
(0.6686466532 0.01573208261 0)
(0.6801749304 0.01465410644 0)
(0.6909687012 0.01361867817 0)
(0.7010503443 0.01261208759 0)
(0.7104339856 0.01162229178 0)
(0.7191263119 0.0106385786 0)
(0.7271272286 0.009651306437 0)
(0.7344303912 0.008651698496 0)
(0.7410236317 0.007631675523 0)
(0.7468892959 0.00658371355 0)
(0.7520044992 0.005500715634 0)
(0.7563413042 0.004375886918 0)
(0.7598668177 0.003202602501 0)
(0.7625431942 0.001974256525 0)
(0.7643275334 0.0006840798468 0)
(0.76517169 -0.0006750580672 0)
(0.7650216481 -0.00211101304 0)
(0.7638171967 -0.00363281153 0)
(0.7614907434 -0.005251282138 0)
(0.7579658317 -0.006979921333 0)
(0.7531549879 -0.008836108428 0)
(0.7469566163 -0.01084287452 0)
(0.7392505208 -0.01303149554 0)
(0.7298914238 -0.01544533917 0)
(0.7186995436 -0.01814566781 0)
(0.7054468171 -0.02122055107 0)
(0.68983663 -0.02479880664 0)
(0.6714738669 -0.02907220272 0)
(0.6498206308 -0.03433139581 0)
(0.6241312558 -0.04102483056 0)
(0.5933590493 -0.0498557925 0)
(0.5560294579 -0.06194103567 0)
(0.5100884291 -0.07906105762 0)
(0.4527822631 -0.1040178808 0)
(0.3807633968 -0.1410085741 0)
(0.2909893497 -0.1954880295 0)
(0.1835979105 -0.2716616121 0)
(0.06791824417 -0.3627508151 0)
(-0.02698460193 -0.4234127313 0)
(-0.02430607402 -0.3009277915 0)
(-0.008718446994 0.2514935696 0)
(0.000479153069 0.2721239192 0)
(0.101092946 0.2051665726 0)
(0.2070005652 0.1490866399 0)
(0.2972379293 0.1073553387 0)
(0.3722275898 0.07778767668 0)
(0.4341457126 0.05762974173 0)
(0.4851624962 0.04393586681 0)
(0.5275140089 0.03448666589 0)
(0.5631191962 0.02783213711 0)
(0.5934644522 0.02303715502 0)
(0.6196777089 0.01949469703 0)
(0.6426125485 0.01681051196 0)
(0.6629136698 0.01472656124 0)
(0.6810695743 0.01307126943 0)
(0.6974532734 0.0117283872 0)
(0.7123521929 0.01061754837 0)
(0.7259898376 0.009681994769 0)
(0.7385415008 0.008880752239 0)
(0.7501456752 0.008183586532 0)
(0.7609123742 0.007567702631 0)
(0.770929244 0.007015549552 0)
(0.7802660902 0.006513336326 0)
(0.7889782636 0.006050012621 0)
(0.7971092162 0.005616557494 0)
(0.8046924519 0.005205475855 0)
(0.8117530299 0.004810436917 0)
(0.8183087359 0.004426011183 0)
(0.8243710044 0.004047476457 0)
(0.8299456516 0.003670672819 0)
(0.8350334627 0.003291892249 0)
(0.8396306659 0.002907792856 0)
(0.8437293152 0.002515330004 0)
(0.8473175978 0.002111698541 0)
(0.8503800757 0.001694281055 0)
(0.8528978652 0.001260597802 0)
(0.854848755 0.0008082537715 0)
(0.8562072534 0.0003348792495 0)
(0.8569445815 -0.0001619312127 0)
(0.857028466 -0.0006847151528 0)
(0.8564230006 -0.001236313518 0)
(0.8550881572 -0.001820030635 0)
(0.8529790539 -0.002439883053 0)
(0.8500449122 -0.003100955567 0)
(0.8462275044 -0.00380990501 0)
(0.8414588923 -0.004575686109 0)
(0.8356581377 -0.005410617448 0)
(0.8287264959 -0.006331974269 0)
(0.8205403449 -0.007364419535 0)
(0.8109406763 -0.008543805319 0)
(0.7997172755 -0.009923278589 0)
(0.7865845562 -0.0115833757 0)
(0.7711440767 -0.01364922176 0)
(0.7528255354 -0.01632073214 0)
(0.7307928031 -0.01992716706 0)
(0.7037935144 -0.02502800201 0)
(0.6699200382 -0.03260190149 0)
(0.6262418082 -0.04439839401 0)
(0.5683019886 -0.06355916909 0)
(0.4896791094 -0.09553166971 0)
(0.3821349051 -0.1486644426 0)
(0.2376325036 -0.2317139926 0)
(0.06800135432 -0.3350651329 0)
(-0.004355033081 -0.3209790573 0)
(0.240529638 0.1241667776 0)
(0.3465047237 0.105202894 0)
(0.5044921252 0.05686750833 0)
(0.6214318358 0.03141164252 0)
(0.6951325616 0.01855353248 0)
(0.7450238008 0.01112836959 0)
(0.7807373815 0.006837851339 0)
(0.8069718919 0.004409397567 0)
(0.8268913491 0.003004521189 0)
(0.8425744986 0.002161471856 0)
(0.8553140835 0.001637270831 0)
(0.8659377289 0.00129790914 0)
(0.8749957793 0.001067972234 0)
(0.8828623237 0.000904874464 0)
(0.889797476 0.0007840928894 0)
(0.8959868051 0.0006910723991 0)
(0.9015658489 0.0006169001767 0)
(0.9066356205 0.000555933192 0)
(0.9112727082 0.0005044654219 0)
(0.9155359939 0.0004599695667 0)
(0.9194712092 0.0004206574922 0)
(0.923114091 0.0003852188705 0)
(0.9264926099 0.0003526616445 0)
(0.9296285763 0.0003222121406 0)
(0.9325388156 0.000293250876 0)
(0.9352360447 0.0002652702885 0)
(0.9377295356 0.0002378462188 0)
(0.9400256254 0.0002106182735 0)
(0.9421281148 0.0001832759851 0)
(0.9440385835 0.0001555488702 0)
(0.9457566425 0.0001271990702 0)
(0.9472801398 9.801574431e-05 0)
(0.9486053268 6.781054735e-05 0)
(0.9497269947 3.641375017e-05 0)
(0.9506385832 3.670553527e-06 0)
(0.9513322648 -3.056275403e-05 0)
(0.9517990027 -6.642336643e-05 0)
(0.9520285833 -0.0001040471076 0)
(0.952009609 -0.0001435722114 0)
(0.9517294701 -0.0001851476007 0)
(0.9511742274 -0.0002289601895 0)
(0.9503284141 -0.0002752446288 0)
(0.9491747496 -0.0003243062518 0)
(0.9476936931 -0.0003765596532 0)
(0.9458627742 -0.0004325810057 0)
(0.9436556162 -0.0004931821045 0)
(0.9410405094 -0.000559519756 0)
(0.937978319 -0.0006332609212 0)
(0.9344193866 -0.0007168394592 0)
(0.9302988751 -0.000813869664 0)
(0.9255296398 -0.0009298397895 0)
(0.9199910413 -0.001073327467 0)
(0.9135108771 -0.001258229825 0)
(0.9058352314 -0.001508045812 0)
(0.8965763531 -0.001864455782 0)
(0.8851192513 -0.002405135393 0)
(0.8704482466 -0.003281799525 0)
(0.8508143918 -0.004803867371 0)
(0.8230987419 -0.007623489982 0)
(0.7816687699 -0.01308780832 0)
(0.7159129725 -0.02385973956 0)
(0.6034496729 -0.04685822174 0)
(0.4185997736 -0.100390751 0)
(0.2837425952 -0.1401603348 0)
)
;

boundaryField
{
    movingWall
    {
        type            fixedValue;
        value           uniform (1 0 0);
    }
    fixedWalls
    {
        type            noSlip;
    }
    frontAndBack
    {
        type            empty;
    }
}


// ************************************************************************* //
