/*--------------------------------*- C++ -*----------------------------------*\
  =========                 |
  \\      /  F ield         | OpenFOAM: The Open Source CFD Toolbox
   \\    /   O peration     | Website:  https://openfoam.org
    \\  /    A nd           | Version:  11
     \\/     M anipulation  |
\*---------------------------------------------------------------------------*/
FoamFile
{
    format      ascii;
    class       surfaceScalarField;
    location    "1400";
    object      phi;
}
// * * * * * * * * * * * * * * * * * * * * * * * * * * * * * * * * * * * * * //

dimensions      [0 3 -1 0 0 0 0];

internalField   nonuniform List<scalar> 
8064
(
2.666524083e-11
-2.666555101e-11
6.028716405e-11
-3.36219321e-11
7.581830319e-11
-1.553115261e-11
6.152910354e-11
1.428918598e-11
1.347963114e-11
4.804945996e-11
-6.81702612e-11
8.16498811e-11
-1.811131065e-10
1.129428349e-10
-3.220155476e-10
1.409024313e-10
-4.871540991e-10
1.651385421e-10
-6.727679869e-10
1.856138785e-10
-8.752481094e-10
2.024801135e-10
-1.091228766e-09
2.159806481e-10
-1.317620333e-09
2.263915581e-10
-1.551605809e-09
2.339854667e-10
-1.79061569e-09
2.390098728e-10
-2.032290747e-09
2.416750487e-10
-2.274439303e-09
2.421485476e-10
-2.514993728e-09
2.405544169e-10
-2.751969545e-09
2.369758084e-10
-2.983429585e-09
2.314600311e-10
-3.207454911e-09
2.240253176e-10
-3.422123647e-09
2.146687283e-10
-3.625498383e-09
2.033747276e-10
-3.815622441e-09
1.901240494e-10
-3.990524984e-09
1.749025356e-10
-4.148234672e-09
1.577096796e-10
-4.286801326e-09
1.385666461e-10
-4.404324898e-09
1.17523563e-10
-4.498990809e-09
9.466590343e-11
-4.5691106e-09
7.011978263e-11
-4.613166616e-09
4.405600827e-11
-4.629859348e-09
1.669272364e-11
-4.618155745e-09
-1.170361161e-11
-4.577336862e-09
-4.081889036e-11
-4.507043522e-09
-7.029334882e-11
-4.40731767e-09
-9.972585987e-11
-4.278637556e-09
-1.286801212e-10
-4.121945075e-09
-1.566924895e-10
-3.938663585e-09
-1.83281498e-10
-3.730704734e-09
-2.079588585e-10
-3.500463072e-09
-2.302416691e-10
-3.250797611e-09
-2.49665469e-10
-2.984999904e-09
-2.657977142e-10
-2.70674872e-09
-2.782511918e-10
-2.420051867e-09
-2.866968605e-10
-2.129176268e-09
-2.908756063e-10
-1.838567835e-09
-2.906084403e-10
-1.552763091e-09
-2.858047505e-10
-1.276294744e-09
-2.764683545e-10
-1.013593454e-09
-2.627012961e-10
-7.688878601e-10
-2.447056009e-10
-5.461042945e-10
-2.227835722e-10
-3.487665816e-10
-1.973377193e-10
-1.798944462e-10
-1.688721417e-10
-4.189616773e-11
-1.379982846e-10
6.355374343e-11
-1.054499172e-10
1.356679779e-10
-7.211424039e-11
1.747595624e-10
-3.909159036e-11
1.8256246e-10
-7.802903507e-12
1.62731718e-10
1.983073641e-11
1.216182767e-10
4.111343597e-11
6.94390465e-11
5.217922475e-11
2.202717802e-11
4.741186296e-11
2.202717626e-11
3.401093798e-11
-6.06764917e-11
6.234252576e-11
-6.195353748e-11
4.044177337e-11
6.369577483e-12
-5.411496588e-11
1.088459026e-10
-2.305640962e-10
2.24498569e-10
-4.897967454e-10
3.408825105e-10
-8.276755251e-10
4.50821596e-10
-1.237223094e-09
5.504499822e-10
-1.710032086e-09
6.379475173e-10
-2.237154296e-09
7.127360711e-10
-2.809644012e-09
7.749698139e-10
-3.418870452e-09
8.252070718e-10
-4.056675567e-09
8.641966572e-10
-4.715428952e-09
8.927388352e-10
-5.388015742e-09
9.11596647e-10
-6.06778307e-09
9.214423615e-10
-6.748463672e-09
9.228291339e-10
-7.424090371e-09
9.161811006e-10
-8.088911634e-09
9.017970561e-10
-8.737315691e-09
8.798640734e-10
-9.363768624e-09
8.504782355e-10
-9.962770122e-09
8.136702108e-10
-1.052882924e-08
7.694338266e-10
-1.105646132e-08
7.177561134e-10
-1.154020634e-08
6.586475492e-10
-1.197466811e-08
5.921714287e-10
-1.235457292e-08
5.184714417e-10
-1.267484603e-08
4.377966599e-10
-1.293070336e-08
3.505232225e-10
-1.311775567e-08
2.571720774e-10
-1.323212187e-08
1.584221874e-10
-1.327054781e-08
5.511864884e-11
-1.323052662e-08
-5.172481794e-11
-1.311041621e-08
-1.60929313e-10
-1.290954981e-08
-2.711597625e-10
-1.262833463e-08
-3.809410583e-10
-1.226833428e-08
-4.886804835e-10
-1.183233072e-08
-5.926960659e-10
-1.132436167e-08
-6.912505566e-10
-1.074973021e-08
-7.825903333e-10
-1.011498363e-08
-8.649882677e-10
-9.427859764e-09
-9.367893442e-10
-8.697199881e-09
-9.964576113e-10
-7.932828204e-09
-1.042622882e-09
-7.145399555e-09
-1.074125523e-09
-6.346217479e-09
-1.090057695e-09
-5.547026386e-09
-1.089799546e-09
-4.759782e-09
-1.073049149e-09
-3.996404928e-09
-1.039845439e-09
-3.268522184e-09
-9.90584053e-10
-2.587200957e-09
-9.260268401e-10
-1.962677541e-09
-8.473069996e-10
-1.404081946e-09
-7.559333258e-10
-9.191549612e-10
-6.537991379e-10
-5.139488962e-10
-5.432043608e-10
-1.924955014e-10
-4.269033229e-10
4.358679375e-11
-3.081965463e-10
1.955881851e-10
-1.910929925e-10
2.683629036e-10
-8.057763254e-11
2.712194651e-10
1.697416456e-11
2.191209271e-10
9.321196392e-11
1.342127623e-10
1.3708738e-10
4.733093523e-11
1.342936811e-10
6.935810905e-11
1.624293495e-11
-7.691943071e-11
-5.767213249e-12
-3.994340181e-11
-1.112356406e-10
1.118379868e-10
-3.247463908e-10
3.223566331e-10
-6.570868434e-10
5.568390021e-10
-1.109435869e-09
7.932315167e-10
-1.676581782e-09
1.017967492e-09
-2.349322864e-09
1.223191046e-09
-3.116179657e-09
1.404804294e-09
-3.964574967e-09
1.561131364e-09
-4.881616776e-09
1.692011607e-09
-5.854589924e-09
1.798180203e-09
-6.871237501e-09
1.880844218e-09
-7.919893351e-09
1.941394669e-09
-8.989512129e-09
1.981215409e-09
-1.006963224e-08
2.001562454e-09
-1.115029865e-08
2.003495532e-09
-1.222196633e-08
1.987848766e-09
-1.327540002e-08
1.955230725e-09
-1.430158229e-08
1.906046328e-09
-1.529163865e-08
1.840534587e-09
-1.62367858e-08
1.758817338e-09
-1.712830691e-08
1.660954931e-09
-1.795755635e-08
1.547005535e-09
-1.871599407e-08
1.417085255e-09
-1.939524934e-08
1.271426683e-09
-1.998721178e-08
1.110433862e-09
-2.048414705e-08
9.347319148e-10
-2.087883365e-08
7.452098158e-10
-2.116471653e-08
5.430549398e-10
-2.133607255e-08
3.297781934e-10
-2.138818257e-08
1.072286514e-10
-2.131750422e-08
-1.224031773e-10
-2.112183932e-08
-3.565942341e-10
-2.080048923e-08
-5.925098691e-10
-2.035439202e-08
-8.270382809e-10
-1.978623506e-08
-1.056837455e-09
-1.910053714e-08
-1.278394001e-09
-1.830369466e-08
-1.488093047e-09
-1.740398726e-08
-1.682297744e-09
-1.641153908e-08
-1.857436468e-09
-1.533823311e-08
-2.010095329e-09
-1.419757749e-08
-2.137113241e-09
-1.300452388e-08
-2.235676504e-09
-1.177523969e-08
-2.303409729e-09
-1.052683741e-08
-2.338459984e-09
-9.277065628e-09
-2.339571342e-09
-8.043967242e-09
-2.306147547e-09
-6.845511278e-09
-2.238301415e-09
-5.699204566e-09
-2.136890778e-09
-4.621689003e-09
-2.003542414e-09
-3.628328501e-09
-1.840667514e-09
-2.73278697e-09
-1.651474868e-09
-1.946594698e-09
-1.439991421e-09
-1.278694912e-09
-1.211104157e-09
-7.349553703e-10
-9.706428757e-10
-3.176216376e-10
-7.255302898e-10
-2.468095156e-11
-4.840336891e-10
1.509006771e-10
-2.561592717e-10
2.221034736e-10
-5.422864202e-11
2.089635485e-10
1.063518795e-10
1.398383954e-10
2.062125228e-10
5.287999682e-11
2.212520704e-10
1.222381038e-10
-1.408151443e-11
-6.283791895e-11
-1.112857179e-10
5.726078897e-11
-3.28861718e-10
3.294139707e-10
-6.878855229e-10
6.813804201e-10
-1.197269238e-09
1.066222699e-09
-1.856788094e-09
1.452750354e-09
-2.659682651e-09
1.820862031e-09
-3.594807803e-09
2.15831618e-09
-4.648304568e-09
2.458301042e-09
-5.804840436e-09
2.717667215e-09
-7.04848826e-09
2.935659414e-09
-8.363315169e-09
3.113007096e-09
-9.73374675e-09
3.251275783e-09
-1.114476268e-08
3.352410582e-09
-1.258197059e-08
3.418423306e-09
-1.403159647e-08
3.451188321e-09
-1.548042247e-08
3.452321516e-09
-1.691569684e-08
3.423123119e-09
-1.832503548e-08
3.364569346e-09
-1.969633011e-08
3.277340944e-09
-2.101767438e-08
3.161878847e-09
-2.227731594e-08
3.01845888e-09
-2.346363976e-08
2.847278733e-09
-2.456518576e-08
2.648551524e-09
-2.557070165e-08
2.422601131e-09
-2.646923022e-08
2.169955232e-09
-2.725022894e-08
1.891432569e-09
-2.790371851e-08
1.58822147e-09
-2.842045576e-08
1.261947052e-09
-2.87921257e-08
9.147248645e-10
-2.901154656e-08
5.491990415e-10
-2.907288121e-08
1.685632817e-10
-2.897184786e-08
-2.234365425e-10
-2.870592247e-08
-6.225196357e-10
-2.827452499e-08
-1.023907359e-09
-2.767918192e-08
-1.42238137e-09
-2.692365776e-08
-1.81236162e-09
-2.601404851e-08
-2.188003273e-09
-2.495883051e-08
-2.543311055e-09
-2.376885956e-08
-2.872268709e-09
-2.245731552e-08
-3.168980515e-09
-2.103958971e-08
-3.427821155e-09
-1.953311332e-08
-3.64358965e-09
-1.795712715e-08
-3.811662684e-09
-1.633239447e-08
-3.928142419e-09
-1.468086045e-08
-3.989994022e-09
-1.302526326e-08
-3.995168541e-09
-1.138870322e-08
-3.942707599e-09
-9.794176957e-09
-3.832827687e-09
-8.264084159e-09
-3.666983587e-09
-6.819713751e-09
-3.447912834e-09
-5.480715206e-09
-3.179666069e-09
-4.26455834e-09
-2.867631745e-09
-3.185981708e-09
-2.518568064e-09
-2.25642566e-09
-2.140660216e-09
-1.483441533e-09
-1.743627013e-09
-8.700643115e-10
-1.338907521e-09
-4.141336728e-10
-9.399643383e-10
-1.075490461e-10
-5.627439086e-10
6.455361562e-11
-2.263313137e-10
1.247123961e-10
4.619308914e-11
1.041564887e-10
2.267684211e-10
4.422245145e-11
2.81186099e-10
1.664605528e-10
-4.993494191e-11
-1.290298319e-11
-2.357265095e-10
2.430523443e-10
-5.825901397e-10
6.762775859e-10
-1.104524751e-09
1.203315015e-09
-1.805965762e-09
1.767663693e-09
-2.683610551e-09
2.330395127e-09
-3.728276579e-09
2.865528042e-09
-4.92660651e-09
3.356646094e-09
-6.26250726e-09
3.794201776e-09
-7.718290828e-09
4.173450766e-09
-9.275529524e-09
4.492898094e-09
-1.091565959e-08
4.753137144e-09
-1.26203756e-08
4.955991776e-09
-1.437185911e-08
5.10389408e-09
-1.615288214e-08
5.199446316e-09
-1.794682141e-08
5.245127582e-09
-1.973761443e-08
5.24311452e-09
-2.150968304e-08
5.195191706e-09
-2.324784566e-08
5.10273195e-09
-2.493723492e-08
4.96673019e-09
-2.656323337e-08
4.787877285e-09
-2.811143663e-08
4.566662124e-09
-2.956765013e-08
4.303492213e-09
-3.091792297e-08
3.998824356e-09
-3.214862017e-08
3.653298309e-09
-3.324653228e-08
3.267867335e-09
-3.419902024e-08
2.843920506e-09
-3.499419113e-08
2.383392349e-09
-3.562110016e-08
1.888856069e-09
-3.606997244e-08
1.363597132e-09
-3.633243786e-08
8.1166444e-10
-3.640177142e-08
2.378968357e-10
-3.627313137e-08
-3.520766118e-10
-3.594378618e-08
-9.518648431e-10
-3.541332219e-08
-1.55437136e-09
-3.46838234e-08
-2.151880175e-09
-3.376001529e-08
-2.73616974e-09
-3.264936515e-08
-3.298653432e-09
-3.136213174e-08
-3.83054447e-09
-2.991135847e-08
-4.323041996e-09
-2.831280491e-08
-4.76753409e-09
-2.658481344e-08
-5.155812633e-09
-2.474810897e-08
-5.480294137e-09
-2.282553154e-08
-5.734240123e-09
-2.084170361e-08
-5.911970355e-09
-1.882263533e-08
-6.009062321e-09
-1.679527296e-08
-6.022530921e-09
-1.478699723e-08
-5.950983343e-09
-1.282507912e-08
-5.794745806e-09
-1.093610162e-08
-5.5559611e-09
-9.145355658e-09
-5.238658804e-09
-7.476218002e-09
-4.848803737e-09
-5.949517257e-09
-4.394332501e-09
-4.582892339e-09
-3.885192993e-09
-3.390145265e-09
-3.3334073e-09
-2.380588027e-09
-2.753184262e-09
-1.558381981e-09
-2.161113577e-09
-9.218686436e-10
-1.576477686e-09
-4.628926666e-10
-1.021719896e-09
-1.661179462e-10
-5.231060437e-10
-8.330743488e-12
-1.115941223e-10
4.230946001e-11
1.761282075e-10
2.72929491e-11
2.96202601e-10
1.937535e-10
-8.778569535e-11
7.488270658e-11
-3.68530269e-10
5.23796904e-10
-8.54071915e-10
1.161819217e-09
-1.549342809e-09
1.898585893e-09
-2.45250073e-09
2.670821598e-09
-3.555780865e-09
3.433675245e-09
-4.846659205e-09
4.156406365e-09
-6.309072792e-09
4.819059665e-09
-7.924542876e-09
5.409671844e-09
-9.673124176e-09
5.922032049e-09
-1.153415345e-08
6.353927354e-09
-1.348680102e-08
6.705784692e-09
-1.551044588e-08
6.979636625e-09
-1.758490343e-08
7.178351617e-09
-1.969053708e-08
7.305079942e-09
-2.180828456e-08
7.362875048e-09
-2.391962719e-08
7.354457139e-09
-2.600652664e-08
7.28209114e-09
-2.805135017e-08
7.147555463e-09
-3.003680132e-08
6.952181326e-09
-3.194586927e-08
6.696945218e-09
-3.376180656e-08
6.382599404e-09
-3.546814182e-08
6.009827455e-09
-3.704873108e-08
5.579413602e-09
-3.848784906e-08
5.092416269e-09
-3.977031935e-08
4.550337613e-09
-4.088168092e-08
3.955282066e-09
-4.180838655e-08
3.310097957e-09
-4.253802768e-08
2.618497186e-09
-4.305957926e-08
1.885148702e-09
-4.336365703e-08
1.115742199e-09
-4.344277935e-08
3.170191357e-10
-4.329162525e-08
-5.032307275e-10
-4.290727961e-08
-1.336210492e-09
-4.228945648e-08
-2.172194508e-09
-4.14406918e-08
-3.000644865e-09
-4.03664971e-08
-3.810364448e-09
-3.907546595e-08
-4.589684601e-09
-3.757932575e-08
-5.326684676e-09
-3.589292848e-08
-6.009439285e-09
-3.403417466e-08
-6.626287921e-09
-3.202386685e-08
-7.166120453e-09
-2.988548993e-08
-7.618671066e-09
-2.764491761e-08
-7.974812463e-09
-2.533004623e-08
-8.226841742e-09
-2.297035913e-08
-8.368749432e-09
-2.059642634e-08
-8.396463724e-09
-1.823934652e-08
-8.308063176e-09
-1.593013928e-08
-8.103953055e-09
-1.369909723e-08
-7.787003164e-09
-1.157510762e-08
-7.362648422e-09
-9.584953752e-09
-6.838957613e-09
-7.75260568e-09
-6.226680583e-09
-6.098509196e-09
-5.539289487e-09
-4.638881178e-09
-4.793035328e-09
-3.385018896e-09
-4.007046554e-09
-2.342631278e-09
-3.203501205e-09
-1.511201606e-09
-2.407907367e-09
-8.833930621e-10
-1.64952845e-09
-4.445080098e-10
-9.619911053e-10
-1.720056589e-10
-3.840964826e-10
-3.506557679e-11
3.918811689e-11
5.888084579e-12
2.552489317e-10
1.996415822e-10
-1.258345226e-10
2.007172208e-10
-5.03718723e-10
9.016810905e-10
-1.132123469e-09
1.790223947e-09
-2.006014956e-09
2.772477364e-09
-3.116166143e-09
3.780972768e-09
-4.449333801e-09
4.766842887e-09
-5.988859623e-09
5.695932171e-09
-7.715445933e-09
6.545645959e-09
-9.607949127e-09
7.302175022e-09
-1.164409706e-08
7.958179971e-09
-1.380108237e-08
8.510912643e-09
-1.605601525e-08
8.960717554e-09
-1.83862398e-08
9.309861157e-09
-2.076952974e-08
9.561641547e-09
-2.31841857e-08
9.719735883e-09
-2.560905822e-08
9.787747551e-09
-2.80235206e-08
9.768919511e-09
-3.04074136e-08
9.665984124e-09
-3.274098125e-08
9.481123093e-09
-3.500481402e-08
9.216014087e-09
-3.717981208e-08
8.871943255e-09
-3.924717796e-08
8.449965274e-09
-4.118844532e-08
7.951094796e-09
-4.298554701e-08
7.376515279e-09
-4.462092383e-08
6.727793075e-09
-4.607767263e-08
6.007086397e-09
-4.733973093e-08
5.217340353e-09
-4.839209355e-08
4.36246056e-09
-4.922105545e-08
3.447459074e-09
-4.981447412e-08
2.478567357e-09
-5.016204384e-08
1.463311905e-09
-5.025557379e-08
4.10549072e-10
-5.008926152e-08
-6.695430062e-10
-4.965995254e-08
-1.765519482e-09
-4.896737689e-08
-2.864770175e-09
-4.80143539e-08
-3.953667868e-09
-4.680695626e-08
-5.017762101e-09
-4.535462499e-08
-6.042015881e-09
-4.36702275e-08
-7.011082177e-09
-4.177005156e-08
-7.909615238e-09
-3.967372915e-08
-8.722610346e-09
-3.740408535e-08
-9.435764264e-09
-3.498690902e-08
-1.003584741e-08
-3.245064364e-08
-1.051107785e-08
-2.982599886e-08
-1.085148653e-08
-2.714548507e-08
-1.104926323e-08
-2.444287576e-08
-1.109907305e-08
-2.175260426e-08
-1.099833468e-08
-1.910910367e-08
-1.074745366e-08
-1.654610008e-08
-1.035000676e-08
-1.409587109e-08
-9.812877422e-09
-1.178848198e-08
-9.146346731e-09
-9.651013004e-09
-8.364149572e-09
-7.706791264e-09
-7.483511237e-09
-5.974641218e-09
-6.525185384e-09
-4.468168267e-09
-5.513519514e-09
-3.195091228e-09
-4.476578253e-09
-2.156641299e-09
-3.446357306e-09
-1.347047308e-09
-2.45912245e-09
-7.531280984e-10
-1.555910324e-09
-3.540127981e-10
-7.832117908e-10
-1.210124134e-10
-1.938122774e-10
-1.76647376e-11
1.519012475e-10
1.81976843e-10
-1.632043863e-10
3.639216e-10
-6.379835199e-10
1.376460208e-09
-1.410042259e-09
2.562282671e-09
-2.464156295e-09
3.826591385e-09
-3.783138035e-09
5.099954493e-09
-5.347602619e-09
6.331307455e-09
-7.136156856e-09
7.484486392e-09
-9.125805959e-09
8.535295045e-09
-1.129244238e-08
9.46881143e-09
-1.361132576e-08
1.027706333e-08
-1.605749933e-08
1.09570862e-08
-1.860611645e-08
1.150933466e-08
-2.123267024e-08
1.193641493e-08
-2.391313283e-08
1.224210411e-08
-2.662401802e-08
1.243062106e-08
-2.934238559e-08
1.250611511e-08
-3.204580637e-08
1.247234028e-08
-3.471230692e-08
1.233248466e-08
-3.732031065e-08
1.20891268e-08
-3.984858986e-08
1.174429329e-08
-4.227624035e-08
1.129959373e-08
-4.458268707e-08
1.075641198e-08
-4.674772675e-08
1.011613446e-08
-4.875161054e-08
9.380399056e-09
-5.057516736e-08
8.551349876e-09
-5.219996661e-08
7.631885634e-09
-5.360851716e-08
6.625890891e-09
-5.478449794e-08
5.53844132e-09
-5.571301437e-08
4.375975496e-09
-5.638087404e-08
3.146427012e-09
-5.677687394e-08
1.859311786e-09
-5.689209143e-08
5.257665579e-10
-5.672017072e-08
-8.414637391e-10
-5.625759544e-08
-2.228094775e-09
-5.550393864e-08
-3.618426982e-09
-5.44620811e-08
-4.995525419e-09
-5.313838893e-08
-6.34145429e-09
-5.154284183e-08
-7.637562993e-09
-4.968910366e-08
-8.864820353e-09
-4.759452742e-08
-1.00041915e-08
-4.528008763e-08
-1.103705014e-08
-4.277023447e-08
-1.194561744e-08
-4.009266492e-08
-1.271341697e-08
-3.727800854e-08
-1.332573424e-08
-3.435942692e-08
-1.377006816e-08
-3.137212862e-08
-1.403656155e-08
-2.835280336e-08
-1.411839832e-08
-2.533898234e-08
-1.401215571e-08
-2.236833341e-08
-1.371810261e-08
-1.947790274e-08
-1.324043744e-08
-1.67033165e-08
-1.258746368e-08
-1.407795781e-08
-1.177170543e-08
-1.163213606e-08
-1.080997133e-08
-9.392266534e-09
-9.723380774e-09
-7.380079797e-09
-8.53737213e-09
-5.611881337e-09
-7.281717983e-09
-4.097883549e-09
-5.990576049e-09
-2.841634264e-09
-4.7026066e-09
-1.839568428e-09
-3.461188295e-09
-1.080712715e-09
-2.314766045e-09
-5.465781443e-10
-1.317346371e-09
-2.112896898e-10
-5.291007393e-10
-4.203332632e-11
-1.735512315e-11
1.399435144e-10
-1.994915138e-10
5.634131045e-10
-7.695251859e-10
1.946493866e-09
-1.683841224e-09
3.476598693e-09
-2.917183249e-09
5.059933394e-09
-4.444200434e-09
6.626971663e-09
-6.23899839e-09
8.126105395e-09
-8.275048914e-09
9.520536901e-09
-1.052530992e-08
1.078555603e-08
-1.296245226e-08
1.190595376e-08
-1.555911701e-08
1.287372807e-08
-1.828815224e-08
1.368612142e-08
-2.112280058e-08
1.434398298e-08
-2.403682555e-08
1.485043989e-08
-2.700457682e-08
1.520985537e-08
-3.000100233e-08
1.542704655e-08
-3.300162e-08
1.550673276e-08
-3.598246398e-08
1.545318424e-08
-3.892002042e-08
1.527004109e-08
-4.179116705e-08
1.496027342e-08
-4.457312875e-08
1.452625497e-08
-4.724345901e-08
1.396992398e-08
-4.978005479e-08
1.329300774e-08
-5.216120941e-08
1.249728907e-08
-5.43657061e-08
1.158489573e-08
-5.637295222e-08
1.055859598e-08
-5.816315265e-08
9.422086043e-09
-5.971751899e-08
8.180257224e-09
-6.101851012e-08
6.839432432e-09
-6.205009826e-08
5.407563624e-09
-6.279805436e-08
3.8943831e-09
-6.325024548e-08
2.311502885e-09
-6.339693658e-08
6.724576521e-10
-6.323108901e-08
-1.007311323e-09
-6.274864673e-08
-2.710537068e-09
-6.194880148e-08
-4.41827225e-09
-6.083422818e-08
-6.110098728e-09
-5.941128125e-08
-7.764401233e-09
-5.769014276e-08
-9.358701489e-09
-5.568491355e-08
-1.087004958e-08
-5.341363835e-08
-1.22754667e-08
-5.0898257e-08
-1.35524315e-08
-4.816447428e-08
-1.467940017e-08
-4.524154258e-08
-1.563634868e-08
-4.216195312e-08
-1.640532372e-08
-3.896103348e-08
-1.697098781e-08
-3.567645196e-08
-1.732114307e-08
-3.234763181e-08
-1.744721847e-08
-2.901508154e-08
-1.734470599e-08
-2.571965072e-08
-1.701353344e-08
-2.250172377e-08
-1.645836439e-08
-1.940036718e-08
-1.568882028e-08
-1.645244828e-08
-1.471962433e-08
-1.369174629e-08
-1.357067334e-08
-1.114807789e-08
-1.226704918e-08
-8.846461931e-09
-1.08389881e-08
-6.806348892e-09
-9.321831031e-09
-5.040942719e-09
-7.755982231e-09
-3.556644402e-09
-6.186904925e-09
-2.352649277e-09
-4.665183427e-09
-1.420734086e-09
-3.246681245e-09
-7.452774211e-10
-1.992803042e-09
-3.035738512e-10
-9.708043181e-10
-6.653852349e-11
-2.543904587e-10
7.340498953e-11
-2.345227746e-10
7.979358716e-10
-8.97369779e-10
2.609340854e-09
-1.951132995e-09
4.530361893e-09
-3.360880215e-09
6.469680599e-09
-5.093140555e-09
8.359231987e-09
-7.115369934e-09
1.014833476e-08
-9.395684822e-09
1.180085177e-08
-1.190276906e-08
1.329264025e-08
-1.460588514e-08
1.460906983e-08
-1.747493339e-08
1.57427763e-08
-2.048051778e-08
1.669170579e-08
-2.359399281e-08
1.7457458e-08
-2.678747876e-08
1.804392582e-08
-3.003384212e-08
1.845621872e-08
-3.330664571e-08
1.869985012e-08
-3.658007681e-08
1.878016385e-08
-3.982886458e-08
1.8701972e-08
-4.302819841e-08
1.846937491e-08
-4.615365859e-08
1.808573358e-08
-4.9181169e-08
1.755376536e-08
-5.208698006e-08
1.687573503e-08
-5.484768762e-08
1.605371528e-08
-5.744029149e-08
1.508989293e-08
-5.984229522e-08
1.398689945e-08
-6.203184674e-08
1.274814749e-08
-6.398791792e-08
1.137815721e-08
-6.569051974e-08
9.882859034e-09
-6.71209486e-08
8.26986127e-09
-6.826205845e-08
6.548673467e-09
-6.909855291e-08
4.73087755e-09
-6.961729056e-08
2.830240515e-09
-6.980759654e-08
8.627636192e-10
-6.966157317e-08
-1.153334704e-09
-6.91744016e-08
-3.197708653e-09
-6.834462531e-08
-5.248048553e-09
-6.717440759e-08
-7.280316459e-09
-6.566975297e-08
-9.269055863e-09
-6.384068338e-08
-1.118777109e-08
-6.170135913e-08
-1.300937384e-08
-5.927013481e-08
-1.470669103e-08
-5.656954043e-08
-1.62530259e-08
-5.362617877e-08
-1.762276184e-08
-5.047053116e-08
-1.87919963e-08
-4.713666532e-08
-1.973918957e-08
-4.36618413e-08
-2.044581183e-08
-4.008601423e-08
-2.089697015e-08
-3.645123576e-08
-2.108199696e-08
-3.280095988e-08
-2.099498188e-08
-2.91792626e-08
-2.063523072e-08
-2.562998891e-08
-2.000763809e-08
-2.219584451e-08
-1.912296469e-08
-1.891745324e-08
-1.799801561e-08
-1.583240447e-08
-1.665572212e-08
-1.297431731e-08
-1.512513635e-08
-1.037195076e-08
-1.344135466e-08
-8.048390503e-09
-1.164539129e-08
-6.020344711e-09
-9.784028031e-09
-4.29758229e-09
-7.909667354e-09
-2.882549426e-09
-6.080216299e-09
-1.770203479e-09
-4.3590272e-09
-9.481102216e-10
-2.814896307e-09
-3.968642945e-10
-1.522050252e-09
-9.092078355e-11
-5.603339758e-10
-1.751579611e-11
-2.682292419e-10
1.066165104e-09
-1.020976134e-09
3.362087732e-09
-2.210441524e-09
5.719827268e-09
-3.792463179e-09
8.051702239e-09
-5.725647683e-09
1.029241648e-08
-7.970827822e-09
1.239351488e-08
-1.049069314e-08
1.432071708e-08
-1.324954292e-08
1.605149002e-08
-1.621312473e-08
1.757265162e-08
-1.934852281e-08
1.887817436e-08
-2.262406765e-08
1.996725061e-08
-2.600924747e-08
2.08426378e-08
-2.947461096e-08
2.150928929e-08
-3.299165791e-08
2.197326566e-08
-3.653271985e-08
2.224091205e-08
-4.007083661e-08
2.231828059e-08
-4.357963674e-08
2.221077212e-08
-4.703323083e-08
2.192296898e-08
-5.040612598e-08
2.145862872e-08
-5.367316927e-08
2.082080864e-08
-5.680952596e-08
2.00120917e-08
-5.979069675e-08
1.903488606e-08
-6.259257656e-08
1.789177272e-08
-6.519155525e-08
1.658587812e-08
-6.756465963e-08
1.512125185e-08
-6.968973434e-08
1.350323192e-08
-7.154565841e-08
1.173878308e-08
-7.31125932e-08
9.836796047e-09
-7.437225714e-08
7.808337396e-09
-7.530822172e-08
5.666842124e-09
-7.590622308e-08
3.428241856e-09
-7.615448281e-08
1.111023338e-09
-7.604403155e-08
-1.263785972e-09
-7.556902851e-08
-3.672711705e-09
-7.47270673e-08
-6.090009774e-09
-7.351946122e-08
-8.487922554e-09
-7.195149724e-08
-1.083701986e-08
-7.003264912e-08
-1.310661922e-08
-6.777673868e-08
-1.526528429e-08
-6.520203391e-08
-1.72813958e-08
-6.233127245e-08
-1.912378738e-08
-5.919159912e-08
-2.076243518e-08
-5.581440748e-08
-2.216918796e-08
-5.223507633e-08
-2.331852073e-08
-4.849259505e-08
-2.418829312e-08
-4.462907405e-08
-2.476049117e-08
-4.068914076e-08
-2.502193026e-08
-3.671922578e-08
-2.496489687e-08
-3.27667485e-08
-2.458770801e-08
-2.887921647e-08
-2.389517012e-08
-2.510325792e-08
-2.289892326e-08
-2.148361105e-08
-2.161766248e-08
-1.806209842e-08
-2.007723476e-08
-1.487661738e-08
-1.83106174e-08
-1.196018078e-08
-1.635779126e-08
-9.340043355e-09
-1.426552873e-08
-7.036950391e-09
-1.2087121e-08
-5.064545989e-09
-9.882071762e-09
-3.428978717e-09
-7.715783579e-09
-2.128744301e-09
-5.659261623e-09
-1.154808886e-09
-3.788831727e-09
-4.910651873e-10
-2.185793958e-09
-1.151892057e-10
-9.362099642e-10
-1.327050029e-10
-3.005810005e-10
1.366746097e-09
-1.140011674e-09
4.201518389e-09
-2.460780942e-09
7.040596521e-09
-4.209974426e-09
9.800895707e-09
-6.33856735e-09
1.242100938e-08
-8.800914069e-09
1.485586159e-08
-1.155432274e-08
1.707412573e-08
-1.45586985e-08
1.905586577e-08
-1.777624519e-08
2.07901983e-08
-2.117120908e-08
2.227313824e-08
-2.470964911e-08
2.350569063e-08
-2.835922205e-08
2.449221073e-08
-3.208897607e-08
2.523904329e-08
-3.586915044e-08
2.575344001e-08
-3.967098309e-08
2.604274469e-08
-4.346653015e-08
2.611382763e-08
-4.722850333e-08
2.597274528e-08
-5.093013157e-08
2.562459721e-08
-5.454505308e-08
2.507355022e-08
-5.804724302e-08
2.432299857e-08
-6.141098093e-08
2.337582959e-08
-6.461086038e-08
2.223476551e-08
-6.762184212e-08
2.090275445e-08
-7.041935021e-08
1.93833862e-08
-7.297940992e-08
1.768131155e-08
-7.527882482e-08
1.580264681e-08
-7.729538995e-08
1.375534819e-08
-7.900813724e-08
1.154954333e-08
-8.039760923e-08
9.197809376e-09
-8.144615635e-08
6.71538923e-09
-8.213825311e-08
4.120338602e-09
-8.246082785e-08
1.433598068e-09
-8.240360022e-08
-1.321013615e-09
-8.195942137e-08
-4.116890558e-09
-8.112460634e-08
-6.924824817e-09
-7.989925321e-08
-9.713275693e-09
-7.828753756e-08
-1.244873552e-08
-7.629797197e-08
-1.509618483e-08
-7.394361861e-08
-1.761963766e-08
-7.124224193e-08
-1.998277249e-08
-6.821638764e-08
-2.214964168e-08
-6.489337434e-08
-2.408544849e-08
-6.130518457e-08
-2.575737773e-08
-5.748824347e-08
-2.713546184e-08
-5.348307544e-08
-2.819346116e-08
-4.933383284e-08
-2.890973377e-08
-4.508769451e-08
-2.92680686e-08
-4.079413729e-08
-2.925845409e-08
-3.650408939e-08
-2.887775592e-08
-3.22689803e-08
-2.813027922e-08
-2.813970837e-08
-2.70281952e-08
-2.416555276e-08
-2.55918181e-08
-2.039306161e-08
-2.384972592e-08
-1.686495251e-08
-2.18387265e-08
-1.36190643e-08
-1.960367948e-08
-1.068740063e-08
-1.71971924e-08
-8.095306568e-09
-1.467921508e-08
-5.860818482e-09
-1.211655986e-08
-3.994226733e-09
-9.582375334e-09
-2.497889335e-09
-7.155599027e-09
-1.366335051e-09
-4.920386019e-09
-5.866975954e-10
-2.965431419e-09
-1.395250204e-10
-1.383382544e-09
-2.722300252e-10
-3.315540775e-10
1.698300165e-09
-1.254225722e-09
5.124190019e-09
-2.701400815e-09
8.487771599e-09
-4.611896453e-09
1.171139133e-08
-6.929403871e-09
1.473851679e-08
-9.602026178e-09
1.752848388e-08
-1.258182515e-08
2.005392469e-08
-1.582438552e-08
2.229842611e-08
-1.928840799e-08
2.425422075e-08
-2.293533144e-08
2.592006168e-08
-2.672898058e-08
2.729933975e-08
-3.063523586e-08
2.8398466e-08
-3.462172377e-08
2.922553119e-08
-3.86575277e-08
2.978924393e-08
-4.271292142e-08
3.00981384e-08
-4.675912869e-08
3.016003488e-08
-5.076811326e-08
2.998172984e-08
-5.471240384e-08
2.956888777e-08
-5.856495798e-08
2.892610434e-08
-6.229906825e-08
2.805710883e-08
-6.588831293e-08
2.696507425e-08
-6.930655213e-08
2.56530047e-08
-7.252796938e-08
2.412417168e-08
-7.552715743e-08
2.238257424e-08
-7.827924646e-08
2.043340057e-08
-8.076007205e-08
1.828347239e-08
-8.294638006e-08
1.594165619e-08
-8.481606518e-08
1.341922844e-08
-8.634843991e-08
1.07301841e-08
-8.75245304e-08
7.89147971e-09
-8.832739548e-08
4.923203672e-09
-8.874246479e-08
1.848667359e-09
-8.875789092e-08
-1.305587492e-09
-8.836491297e-08
-4.509868523e-09
-8.755821922e-08
-7.731518575e-09
-8.633630639e-08
-1.093518853e-08
-8.470182217e-08
-1.408321974e-08
-8.26618808e-08
-1.713612621e-08
-8.022833824e-08
-2.005318023e-08
-7.741801222e-08
-2.279309853e-08
-7.42528309e-08
-2.531482301e-08
-7.075989347e-08
-2.757838593e-08
-6.697142595e-08
-2.954584525e-08
-6.292461681e-08
-3.118227099e-08
-5.866131902e-08
-3.245675895e-08
-5.422760898e-08
-3.334344383e-08
-4.967319705e-08
-3.382248054e-08
-4.505069079e-08
-3.388096035e-08
-4.041471833e-08
-3.351372839e-08
-3.582092683e-08
-3.272407073e-08
-3.132487852e-08
-3.152424351e-08
-2.698087387e-08
-2.993582276e-08
-2.284073797e-08
-2.798986183e-08
-1.895261114e-08
-2.572685333e-08
-1.535978844e-08
-2.319650219e-08
-1.209965425e-08
-2.04573266e-08
-9.202757887e-09
-1.757611144e-08
-6.69207431e-09
-1.462724344e-08
-4.582490533e-09
-1.169195912e-08
-2.880554237e-09
-8.857535329e-09
-1.584516883e-09
-6.216423376e-09
-6.847020853e-10
-3.865246224e-09
-1.642204307e-10
-1.903864205e-09
-4.364504566e-10
-3.611143804e-10
2.059414539e-09
-1.363379655e-09
6.126455279e-09
-2.93163528e-09
1.005602721e-08
-4.996910797e-09
1.377666683e-08
-7.495995677e-09
1.723760165e-08
-1.037102674e-08
2.040351493e-08
-1.35690217e-08
2.325191964e-08
-1.704138494e-08
2.577078934e-08
-2.074341341e-08
2.795624921e-08
-2.463381643e-08
2.981046469e-08
-2.867425654e-08
3.133977984e-08
-3.282891559e-08
3.255312504e-08
-3.706408937e-08
3.346070496e-08
-4.134781358e-08
3.407296813e-08
-4.564952447e-08
3.439984927e-08
-4.993975746e-08
3.445026786e-08
-5.41898872e-08
3.423185957e-08
-5.837191194e-08
3.37509125e-08
-6.245828477e-08
3.301247715e-08
-6.642179311e-08
3.202061716e-08
-7.023548716e-08
3.07787683e-08
-7.387265687e-08
2.929017439e-08
-7.730685615e-08
2.755837095e-08
-8.051197265e-08
2.558769073e-08
-8.346234063e-08
2.338376853e-08
-8.613289443e-08
2.095402618e-08
-8.849936009e-08
1.830812183e-08
-9.053848243e-08
1.545835076e-08
-9.222828544e-08
1.24199871e-08
-9.354836352e-08
9.211557783e-09
-9.448020127e-08
5.855041415e-09
-9.500751896e-08
2.375985036e-09
-9.511663961e-08
-1.196466858e-09
-9.479687766e-08
-4.829630475e-09
-9.404093539e-08
-8.487460858e-09
-9.284530747e-08
-1.213081646e-08
-9.121067896e-08
-1.571784826e-08
-8.914230605e-08
-1.920449914e-08
-8.665036504e-08
-2.254512124e-08
-8.375025289e-08
-2.569321069e-08
-8.046282018e-08
-2.860225572e-08
-7.681451671e-08
-3.122668941e-08
-7.283742889e-08
-3.352293309e-08
-6.85691891e-08
-3.545051079e-08
-6.405273934e-08
-3.697320872e-08
-5.933593479e-08
-3.806024838e-08
-5.447097841e-08
-3.868743693e-08
-4.951368411e-08
-3.883825466e-08
-4.452257413e-08
-3.850483838e-08
-3.955782483e-08
-3.768882003e-08
-3.468008458e-08
-3.640198377e-08
-2.994919581e-08
-3.466671154e-08
-2.542286179e-08
-3.251619585e-08
-2.115530478e-08
-2.999441035e-08
-1.719596639e-08
-2.715584058e-08
-1.358830316e-08
-2.406498983e-08
-1.036872911e-08
-2.07956855e-08
-7.565753753e-09
-1.74302188e-08
-5.199358373e-09
-1.40583545e-08
-3.280645583e-09
-1.077624812e-08
-1.811788951e-09
-7.685280015e-09
-7.86303738e-10
-4.89073144e-09
-1.896395656e-10
-2.500528381e-09
-6.260900238e-10
-3.892107783e-10
2.448625308e-09
-1.467210485e-09
7.204454972e-09
-3.150817329e-09
1.173963404e-08
-5.363752703e-09
1.598960219e-08
-8.036310487e-09
1.991015942e-08
-1.11049876e-08
2.347219203e-08
-1.451201025e-08
2.665894227e-08
-1.820479431e-08
2.94635734e-08
-2.213537991e-08
3.18868348e-08
-2.62598648e-08
3.393494956e-08
-3.053785245e-08
3.561776748e-08
-3.493192569e-08
3.694719827e-08
-3.940715384e-08
3.79359331e-08
-4.393063915e-08
3.859645343e-08
-4.847110733e-08
3.894031743e-08
-5.29985457e-08
3.897770623e-08
-5.748389205e-08
3.87172059e-08
-6.189877587e-08
3.816579631e-08
-6.621531329e-08
3.732901457e-08
-7.040595558e-08
3.621125943e-08
-7.444339042e-08
3.481620312e-08
-7.83004944e-08
3.314727837e-08
-8.195033458e-08
3.120821112e-08
-8.536621652e-08
2.900357266e-08
-8.852177638e-08
2.653932838e-08
-9.139111456e-08
2.382336434e-08
-9.394896885e-08
2.086597611e-08
-9.617092547e-08
1.768030736e-08
-9.803366652e-08
1.428272814e-08
-9.951525318e-08
1.069314444e-08
-1.005954434e-07
6.935231645e-09
-1.012560431e-07
3.036584723e-09
-1.014812874e-07
-9.712225929e-10
-1.012582552e-07
-5.052662716e-09
-1.005773013e-07
-9.168414772e-09
-9.943251082e-08
-1.327560691e-08
-9.782215875e-08
-1.732820034e-08
-9.574916397e-08
-2.127749393e-08
-9.322152291e-08
-2.507276231e-08
-9.025270331e-08
-2.866203029e-08
-8.68619768e-08
-3.199298224e-08
-8.307466635e-08
-3.501399986e-08
-7.892228365e-08
-3.767531579e-08
-7.444253143e-08
-3.993026302e-08
-6.967914743e-08
-4.173659272e-08
-6.468157043e-08
-4.30578254e-08
-5.95044139e-08
-4.386459346e-08
-5.420674078e-08
-4.413592778e-08
-4.885114144e-08
-4.386043773e-08
-4.350262779e-08
-4.303733369e-08
-3.822736726e-08
-4.167724431e-08
-3.309129152e-08
-3.980278728e-08
-2.815862465e-08
-3.744886272e-08
-2.349038374e-08
-3.466265128e-08
-1.914291027e-08
-3.150331406e-08
-1.516649309e-08
-2.804140701e-08
-1.160414225e-08
-2.435803634e-08
-8.490568295e-09
-2.054379276e-08
-5.851413409e-09
-1.669750939e-08
-3.702769451e-09
-1.292489209e-08
-2.051005636e-09
-9.337043832e-09
-8.929192637e-10
-6.048817818e-09
-2.161927203e-10
-3.177254929e-09
-8.422827445e-10
-4.157731284e-10
2.864398431e-09
-1.565414383e-09
8.354096212e-09
-3.358234324e-09
1.353245397e-08
-5.711129553e-09
1.834249741e-08
-8.548323842e-09
2.27473537e-08
-1.180103155e-08
2.672489973e-08
-1.540697762e-08
3.026488833e-08
-1.930982063e-08
3.336641639e-08
-2.345852805e-08
3.60355422e-08
-2.780673641e-08
3.828315792e-08
-3.231211914e-08
4.01231502e-08
-3.693577854e-08
4.157085765e-08
-4.164167399e-08
4.264182853e-08
-4.639609502e-08
4.335087445e-08
-5.116718548e-08
4.371140788e-08
-5.592452296e-08
4.37350437e-08
-6.063875634e-08
4.343143927e-08
-6.528130251e-08
4.280834246e-08
-6.98241022e-08
4.187181425e-08
-7.423943399e-08
4.062659121e-08
-7.849978419e-08
3.907655332e-08
-8.257777021e-08
3.722526438e-08
-8.644611428e-08
3.507655518e-08
-9.007766467e-08
3.263512304e-08
-9.344546167e-08
2.990712537e-08
-9.652284613e-08
2.69007488e-08
-9.928360911e-08
2.362673909e-08
-1.017021818e-07
2.009888005e-08
-1.037538657e-07
1.633441204e-08
-1.054151035e-07
1.235438219e-08
-1.06663791e-07
8.183919214e-09
-1.074796318e-07
3.852425453e-09
-1.078445304e-07
-6.063239948e-10
-1.077430317e-07
-5.154161442e-09
-1.0716279e-07
-9.748656448e-09
-1.060950757e-07
-1.434332127e-08
-1.045353003e-07
-1.88879757e-08
-1.024835518e-07
-2.332924245e-08
-9.994512153e-08
-2.761119257e-08
-9.693100403e-08
-3.16761478e-08
-9.345834403e-08
-3.546564224e-08
-8.955080372e-08
-3.892154019e-08
-8.523881999e-08
-4.198729953e-08
-8.055972123e-08
-4.460936179e-08
-7.555767382e-08
-4.673864014e-08
-7.028343193e-08
-4.833206729e-08
-6.479386986e-08
-4.935415554e-08
-5.915128401e-08
-4.977851363e-08
-5.342246232e-08
-4.958925943e-08
-4.767753081e-08
-4.87822652e-08
-4.198860054e-08
-4.736617458e-08
-3.642825164e-08
-4.536313618e-08
-3.10679036e-08
-4.280921077e-08
-2.597613168e-08
-3.97544232e-08
-2.121699655e-08
-3.626244919e-08
-1.684845743e-08
-3.240994614e-08
-1.29209378e-08
-2.828555597e-08
-9.476106728e-09
-2.398862384e-08
-6.545927898e-09
-1.962768823e-08
-4.152013943e-09
-1.531880604e-08
-2.305306881e-09
-1.11837509e-08
-1.006092874e-09
-7.348031827e-09
-2.443196803e-10
-3.939028125e-09
-1.086602426e-09
-4.40713116e-10
3.305111538e-09
-1.657642409e-09
9.571025493e-09
-3.553110125e-09
1.542792167e-08
-6.037682315e-09
2.082706959e-08
-9.02995622e-09
2.573962759e-08
-1.245624538e-08
3.015118887e-08
-1.625009194e-08
3.405873488e-08
-2.035165782e-08
3.746798225e-08
-2.470705003e-08
4.03909344e-08
-2.926761883e-08
4.284372671e-08
-3.398925666e-08
4.484478801e-08
-3.883171874e-08
4.641331972e-08
-4.375798103e-08
4.756809081e-08
-4.873364647e-08
4.832653989e-08
-5.372640738e-08
4.870416877e-08
-5.87055688e-08
4.871420511e-08
-6.364163571e-08
4.836750617e-08
-6.85059645e-08
4.767267125e-08
-7.327047817e-08
4.663632791e-08
-7.79074429e-08
4.526355593e-08
-8.238930312e-08
4.355841353e-08
-8.668857165e-08
4.15245329e-08
-9.077777113e-08
3.916575465e-08
-9.46294236e-08
3.648677551e-08
-9.821608545e-08
3.349378721e-08
-1.015104258e-07
3.019508912e-08
-1.044853474e-07
2.660166073e-08
-1.071141509e-07
2.272768348e-08
-1.09370742e-07
1.85910032e-08
-1.112298862e-07
1.42135263e-08
-1.126675099e-07
9.621542917e-09
-1.13661054e-07
4.845969543e-09
-1.141898791e-07
-7.749885796e-11
-1.142357199e-07
-5.108320635e-09
-1.137831986e-07
-1.020117781e-08
-1.128203779e-07
-1.530614198e-08
-1.11339357e-07
-2.036899662e-08
-1.093368913e-07
-2.533170812e-08
-1.068150218e-07
-3.013306204e-08
-1.037816914e-07
-3.470947828e-08
-1.002513208e-07
-3.899601277e-08
-9.62453144e-08
-4.292754664e-08
-9.179245792e-08
-4.644015601e-08
-8.692917423e-08
-4.947264547e-08
-8.169959777e-08
-5.196821661e-08
-7.615543414e-08
-5.387623092e-08
-7.035557561e-08
-5.515401407e-08
-6.436545176e-08
-5.576863749e-08
-5.825610642e-08
-5.569860477e-08
-5.210300586e-08
-5.493536577e-08
-4.598459938e-08
-5.348458106e-08
-3.998066978e-08
-5.136706579e-08
-3.417052736e-08
-4.861935319e-08
-2.863111457e-08
-4.5293836e-08
-2.343509845e-08
-4.145846531e-08
-1.864903317e-08
-3.719601142e-08
-1.43316739e-08
-3.260291524e-08
-1.053251649e-08
-2.778778126e-08
-7.290624352e-09
-2.286958037e-08
-4.633785404e-09
-1.797564499e-08
-2.578020874e-09
-1.323951543e-08
-1.12745178e-09
-8.798600925e-09
-2.744788234e-10
-4.792001085e-09
-1.361081249e-09
-4.639267094e-10
3.769038243e-09
-1.743503959e-09
1.085060273e-08
-3.734604839e-09
1.741902254e-08
-6.341976635e-09
2.343444137e-08
-9.479052035e-09
2.887670298e-08
-1.306764556e-08
3.373978238e-08
-1.703745631e-08
3.802854562e-08
-2.132543139e-08
4.175595733e-08
-2.587504947e-08
4.494055247e-08
-3.063556689e-08
4.760424412e-08
-3.556125823e-08
4.977047934e-08
-4.061067557e-08
5.146273704e-08
-4.574594465e-08
5.270335988e-08
-5.093211136e-08
5.351270659e-08
-5.613654742e-08
5.390860481e-08
-6.132842108e-08
5.390607877e-08
-6.647823564e-08
5.351732072e-08
-7.155743607e-08
5.275187167e-08
-7.653808247e-08
5.161697431e-08
-8.139258741e-08
5.011806086e-08
-8.609351338e-08
4.825933949e-08
-9.061342626e-08
4.604444577e-08
-9.492480068e-08
4.347712906e-08
-9.89999737e-08
4.056194852e-08
-1.028111442e-07
3.730495767e-08
-1.063304162e-07
3.371436114e-08
-1.095298867e-07
2.98011312e-08
-1.123817779e-07
2.557957471e-08
-1.148586179e-07
2.106784324e-08
-1.169334721e-07
1.628838042e-08
-1.185802294e-07
1.126830025e-08
-1.197739491e-07
6.039689277e-09
-1.204912711e-07
6.398231427e-10
-1.207108841e-07
-4.888707665e-09
-1.20414079e-07
-1.049798298e-08
-1.195853439e-07
-1.613487701e-08
-1.182130316e-07
-2.174130897e-08
-1.162900662e-07
-2.725467353e-08
-1.138146801e-07
-3.260844814e-08
-1.107911559e-07
-3.773300241e-08
-1.072305457e-07
-4.255662299e-08
-1.031513313e-07
-4.700676103e-08
-9.857998685e-08
-5.101150052e-08
-9.355139831e-08
-5.450123402e-08
-8.810909592e-08
-5.7410519e-08
-8.230525431e-08
-5.968007253e-08
-7.620042176e-08
-6.125884663e-08
-6.986294766e-08
-6.210611159e-08
-6.336809011e-08
-6.219346232e-08
-5.679680157e-08
-6.150665432e-08
-5.023420926e-08
-6.004717337e-08
-4.37678276e-08
-5.783344745e-08
-3.748555947e-08
-5.490162133e-08
-3.147356157e-08
-5.13058339e-08
-2.581406235e-08
-4.711796453e-08
-2.058322911e-08
-4.242684466e-08
-1.584918124e-08
-3.733696312e-08
-1.167023935e-08
-3.196672315e-08
-8.093484993e-09
-2.644633473e-08
-5.153682944e-09
-2.091544705e-08
-2.872592673e-09
-1.55206057e-08
-1.258675094e-09
-1.041251851e-08
-3.071400189e-10
-5.74353616e-09
-1.668221269e-09
-4.852976865e-10
4.254335921e-09
-1.822575344e-09
1.218788038e-08
-3.901826705e-09
1.949827389e-08
-6.622514982e-09
2.615512964e-08
-9.893389275e-09
3.214757726e-08
-1.363218385e-08
3.747857694e-08
-1.77651102e-08
4.216147196e-08
-2.222619699e-08
4.621704411e-08
-2.695653944e-08
4.967089491e-08
-3.190350319e-08
5.255120785e-08
-3.70199165e-08
5.488689265e-08
-4.226327791e-08
5.670609844e-08
-4.759499933e-08
5.803508129e-08
-5.297969987e-08
5.889740712e-08
-5.83845605e-08
5.931346543e-08
-6.377874594e-08
5.93002642e-08
-6.913289691e-08
5.887147168e-08
-7.441869294e-08
5.803766769e-08
-7.960848392e-08
5.680676528e-08
-8.467498697e-08
5.51845639e-08
-8.959104434e-08
5.317539686e-08
-9.432943761e-08
5.078283903e-08
-9.886275374e-08
4.801044518e-08
-1.031632993e-07
4.486249407e-08
-1.072030602e-07
4.134471861e-08
-1.109537062e-07
3.746500713e-08
-1.143866399e-07
3.323406481e-08
-1.17473093e-07
2.866602781e-08
-1.20184274e-07
2.37790243e-08
-1.224915712e-07
1.859567761e-08
-1.243668174e-07
1.314354644e-08
-1.257826232e-07
7.455495032e-09
-1.267127837e-07
1.569983697e-09
-1.271327599e-07
-4.468731476e-09
-1.270202565e-07
-1.061048644e-08
-1.263558606e-07
-1.679927288e-08
-1.251237739e-07
-2.297339574e-08
-1.233126061e-07
-2.906584125e-08
-1.209162215e-07
-3.500483275e-08
-1.179346127e-07
-4.07146112e-08
-1.14374774e-07
-4.611646174e-08
-1.102515342e-07
-5.113000083e-08
-1.055883053e-07
-5.567472942e-08
-1.00417695e-07
-5.967184437e-08
-9.478192892e-08
-6.304628503e-08
-8.87330283e-08
-6.572897316e-08
-8.233268994e-08
-6.765918499e-08
-7.565182683e-08
-6.87869747e-08
-6.876973815e-08
-6.9075551e-08
-6.177289669e-08
-6.850349578e-08
-5.475336329e-08
-6.706670677e-08
-4.780686257e-08
-6.477994817e-08
-4.103057931e-08
-6.167790459e-08
-3.452075816e-08
-5.781565505e-08
-2.837020829e-08
-5.326851441e-08
-2.266582641e-08
-4.813122653e-08
-1.748625485e-08
-4.251653468e-08
-1.289978436e-08
-3.655319364e-08
-8.962594745e-09
-3.038352434e-08
-5.717399613e-09
-2.416064218e-08
-3.192530686e-09
-1.804547463e-08
-1.401471863e-09
-1.220357733e-08
-3.427800792e-10
-6.802227946e-09
-2.011001348e-09
-5.047018587e-10
4.759037776e-09
-1.894412011e-09
1.357759052e-08
-4.053852687e-09
2.165771456e-08
-6.877764252e-09
2.897904119e-08
-1.027071224e-08
3.554052525e-08
-1.414678364e-08
4.135464833e-08
-1.842906876e-08
4.644375708e-08
-2.30489828e-08
5.083695813e-08
-2.794548926e-08
5.456740137e-08
-3.30642711e-08
5.766998968e-08
-3.835688486e-08
6.01795064e-08
-4.377992629e-08
6.212913986e-08
-4.929422927e-08
6.354938427e-08
-5.486411433e-08
6.446729218e-08
-6.045669821e-08
6.49060493e-08
-6.604127138e-08
6.488483736e-08
-7.158874702e-08
6.441894732e-08
-7.707118162e-08
6.352010229e-08
-8.24613652e-08
6.219694885e-08
-8.77324773e-08
6.0455676e-08
-9.285780411e-08
5.830072367e-08
-9.781051152e-08
5.573554643e-08
-1.025634695e-07
5.276340316e-08
-1.070891241e-07
4.938814861e-08
-1.113594141e-07
4.561500861e-08
-1.153457326e-07
4.145132566e-08
-1.190189336e-07
3.690726582e-08
-1.223493871e-07
3.199648132e-08
-1.253070878e-07
2.673672498e-08
-1.278618235e-07
2.115041327e-08
-1.29983411e-07
1.5265134e-08
-1.316420084e-07
9.114092407e-09
-1.328085101e-07
2.736485367e-09
-1.334550293e-07
-3.822212228e-09
-1.335554946e-07
-1.051002121e-08
-1.330863211e-07
-1.726844633e-08
-1.320272011e-07
-2.40325158e-08
-1.303619787e-07
-3.073106366e-08
-1.280796035e-07
-3.728720788e-08
-1.2517514e-07
-4.361907476e-08
-1.216508019e-07
-4.964079985e-08
-1.175169729e-07
-5.526382977e-08
-1.127931632e-07
-6.03985392e-08
-1.075088433e-07
-6.495616424e-08
-1.017040935e-07
-6.88510348e-08
-9.542999896e-08
-7.200306772e-08
-8.874872616e-08
-7.43404578e-08
-8.17332216e-08
-7.580247926e-08
-7.446648637e-08
-7.634228623e-08
-6.704040045e-08
-7.59295817e-08
-5.955409547e-08
-7.455301176e-08
-5.211190396e-08
-7.222213968e-08
-4.482094471e-08
-6.896886384e-08
-3.778843372e-08
-6.484816605e-08
-3.11188364e-08
-5.993811172e-08
-2.49109943e-08
-5.433906864e-08
-1.925536681e-08
-4.817216217e-08
-1.423152373e-08
-4.157703672e-08
-9.906005924e-09
-3.470904215e-08
-6.330641194e-09
-2.773600691e-08
-3.541365097e-09
-2.083475073e-08
-1.557565178e-09
-1.418737725e-08
-3.818798742e-10
-7.977913249e-09
-2.392881223e-09
-5.220118862e-10
5.281049655e-09
-1.958563483e-09
1.501414211e-08
-4.189755664e-09
2.388890673e-08
-7.10619521e-09
3.189548073e-08
-1.060878224e-08
3.904311227e-08
-1.460840065e-08
4.535426673e-08
-1.902539263e-08
5.086074905e-08
-2.378886839e-08
5.560043389e-08
-2.883591267e-08
5.961444564e-08
-3.411073335e-08
6.294481035e-08
-3.956378794e-08
6.563256098e-08
-4.515091712e-08
6.771626904e-08
-5.08325083e-08
6.923097545e-08
-5.657270661e-08
7.020749048e-08
-6.233868549e-08
7.067202817e-08
-6.809998471e-08
7.064613657e-08
-7.38279195e-08
7.01468821e-08
-7.949506121e-08
6.918724399e-08
-8.507478738e-08
6.777667502e-08
-9.054089721e-08
6.592178582e-08
-9.586728738e-08
6.362711384e-08
-1.01027683e-07
6.089594208e-08
-1.059954189e-07
5.773113901e-08
-1.107432667e-07
5.413599646e-08
-1.15243307e-07
5.011504888e-08
-1.194668439e-07
4.567486252e-08
-1.233843656e-07
4.082478754e-08
-1.26965554e-07
3.557766972e-08
-1.301793489e-07
2.995051982e-08
-1.329940749e-07
2.396513934e-08
-1.353776412e-07
1.764870029e-08
-1.372978225e-07
1.103427369e-08
-1.387226337e-07
4.161296532e-09
-1.396208011e-07
-2.924044798e-09
-1.399623648e-07
-1.016845754e-08
-1.397193709e-07
-1.751144016e-08
-1.388667086e-07
-2.48851781e-08
-1.373830563e-07
-3.221471597e-08
-1.352519356e-07
-3.941832862e-08
-1.32462853e-07
-4.640815736e-08
-1.290125006e-07
-5.309115223e-08
-1.249059746e-07
-5.937035574e-08
-1.201579593e-07
-6.514655453e-08
-1.147938123e-07
-7.032031125e-08
-1.088504776e-07
-7.479436949e-08
-1.023771456e-07
-7.847639973e-08
-9.54355778e-08
-8.128202561e-08
-8.810001881e-08
-8.313803825e-08
-8.045662969e-08
-8.398567535e-08
-7.26023973e-08
-8.37838141e-08
-6.464350262e-08
-8.251190644e-08
-5.669316546e-08
-8.017247683e-08
-4.886902173e-08
-7.679300757e-08
-4.129012807e-08
-7.242705971e-08
-3.407372379e-08
-6.715451601e-08
-2.733190573e-08
-6.108088669e-08
-2.116838592e-08
-5.433568197e-08
-1.56754998e-08
-4.706992284e-08
-1.093161495e-08
-3.9452927e-08
-6.999055528e-09
-3.166856633e-08
-3.922613686e-09
-2.391119257e-08
-1.728680152e-09
-1.638131078e-08
-4.24922542e-10
-9.281670859e-09
-2.817803764e-09
-5.371025248e-10
5.818152178e-09
-2.014590475e-09
1.649163005e-08
-4.308636806e-09
2.618295305e-08
-7.306331278e-09
3.489317519e-08
-1.090544255e-08
4.264222353e-08
-1.50141034e-08
4.946292757e-08
-1.955028311e-08
5.539692875e-08
-2.4441094e-08
6.049124478e-08
-2.962199131e-08
6.479534294e-08
-3.503591024e-08
6.835872928e-08
-4.063237573e-08
7.122902647e-08
-4.636661411e-08
7.345050742e-08
-5.219869047e-08
7.50630518e-08
-5.809268986e-08
7.610148986e-08
-6.401595552e-08
7.659529383e-08
-6.993839247e-08
7.656857352e-08
-7.583184068e-08
7.60403303e-08
-8.166951854e-08
7.502492185e-08
-8.742553458e-08
7.353269106e-08
-9.307446337e-08
7.157071461e-08
-9.859098048e-08
6.914363094e-08
-1.03949551e-07
6.625451262e-08
-1.091241669e-07
6.290575487e-08
-1.140881287e-07
5.909995823e-08
-1.188138701e-07
5.484079032e-08
-1.232728248e-07
5.013381722e-08
-1.274353372e-07
4.498729994e-08
-1.312706222e-07
3.94129547e-08
-1.3474678e-07
3.342667768e-08
-1.378308756e-07
2.704923495e-08
-1.404890924e-07
2.030691704e-08
-1.426869734e-07
1.32321547e-08
-1.443897632e-07
5.864086315e-09
-1.455628563e-07
-1.750951656e-09
-1.461723842e-07
-9.558929665e-09
-1.461859197e-07
-1.749790467e-08
-1.455733406e-07
-2.549775721e-08
-1.443078326e-07
-3.348022396e-08
-1.423670313e-07
-4.135912995e-08
-1.397342879e-07
-4.904090069e-08
-1.364000338e-07
-5.642540631e-08
-1.323632029e-07
-6.340718672e-08
-1.276326588e-07
-6.987709861e-08
-1.222285584e-07
-7.572441163e-08
-1.161835674e-07
-8.083936052e-08
-1.095438346e-07
-8.511613252e-08
-1.023696248e-07
-8.845623538e-08
-9.473550969e-08
-9.077215334e-08
-8.673002734e-08
-9.199115771e-08
-7.845474019e-08
-9.205910124e-08
-7.002265237e-08
-9.094399426e-08
-6.155598692e-08
-8.863914227e-08
-5.318337075e-08
-8.516562375e-08
-4.503652407e-08
-8.057390638e-08
-3.724659783e-08
-7.494444225e-08
-2.994033965e-08
-6.838714487e-08
-2.323629231e-08
-6.10397293e-08
-1.724123276e-08
-5.306498239e-08
-1.204704302e-08
-4.464711673e-08
-7.728166562e-09
-3.598744279e-08
-4.339751507e-09
-2.729960762e-08
-1.916534047e-09
-1.880452824e-08
-4.723923187e-10
-1.072581258e-08
-3.290196083e-09
-5.498563067e-10
6.368008479e-09
-2.062083805e-09
1.800385754e-08
-4.409662173e-09
2.853053142e-08
-7.476804928e-09
3.796031794e-08
-1.115869522e-08
4.632411382e-08
-1.536116992e-08
5.366540227e-08
-2.000019822e-08
6.003595704e-08
-2.50011955e-08
6.549224206e-08
-3.029822841e-08
7.009237584e-08
-3.583315241e-08
7.389365328e-08
-4.155471623e-08
7.695059029e-08
-4.741766224e-08
7.931345342e-08
-5.338184694e-08
8.102723649e-08
-5.941140048e-08
8.21310434e-08
-6.547393915e-08
8.265783249e-08
-7.153983986e-08
8.263447423e-08
-7.758158164e-08
8.208207208e-08
-8.357315509e-08
8.101649529e-08
-8.948953804e-08
7.944907401e-08
-9.530623355e-08
7.738741012e-08
-1.00998865e-07
7.483626239e-08
-1.065428229e-07
7.179847054e-08
-1.119129584e-07
6.827589034e-08
-1.170833192e-07
6.427031906e-08
-1.220269265e-07
5.978439765e-08
-1.267155918e-07
5.482248246e-08
-1.31119776e-07
4.939148417e-08
-1.352084965e-07
4.35016752e-08
-1.389492877e-07
3.716746887e-08
-1.42308226e-07
3.040817321e-08
-1.452500302e-07
2.324872128e-08
-1.477382518e-07
1.572037625e-08
-1.497355696e-07
7.861404114e-09
-1.512042114e-07
-2.823098071e-10
-1.521064792e-07
-8.656661912e-09
-1.524054842e-07
-1.719889961e-08
-1.520659907e-07
-2.583725071e-08
-1.510554619e-07
-3.449075273e-08
-1.493452712e-07
-4.30693207e-08
-1.469120766e-07
-5.147409524e-08
-1.437393394e-07
-5.959814352e-08
-1.398189493e-07
-6.732757684e-08
-1.351529051e-07
-7.454314282e-08
-1.297549781e-07
-8.112233864e-08
-1.236522678e-07
-8.694207077e-08
-1.168865429e-07
-9.188185741e-08
-1.095152468e-07
-9.582753155e-08
-1.016120437e-07
-9.867535644e-08
-9.326678643e-08
-1.003364149e-07
-8.458480408e-08
-1.007410836e-07
-7.568544084e-08
-9.984335749e-08
-6.669982241e-08
-9.76247607e-08
-5.776788143e-08
-9.409756473e-08
-4.903473585e-08
-8.930705196e-08
-4.064657472e-08
-8.333260337e-08
-3.274625842e-08
-7.628746117e-08
-2.54688765e-08
-6.831711123e-08
-1.893752018e-08
-5.959633871e-08
-1.325951375e-08
-5.032512316e-08
-8.523308275e-09
-4.072364826e-08
-4.796181429e-09
-3.102673446e-08
-2.122827193e-09
-2.147788247e-08
-5.247736689e-10
-1.232386611e-08
-3.81496975e-09
-5.601695317e-10
6.928178009e-09
-2.100684806e-09
1.954437281e-08
-4.492102836e-09
3.092194944e-08
-7.616420377e-09
4.108463548e-08
-1.136678742e-08
5.007448085e-08
-1.564719809e-08
5.794581293e-08
-2.037198653e-08
6.476074548e-08
-2.546516119e-08
7.058541672e-08
-3.085962838e-08
7.548684303e-08
-3.649634338e-08
7.953036828e-08
-4.232342166e-08
8.277766856e-08
-4.829523885e-08
8.528527061e-08
-5.437154398e-08
8.710354161e-08
-6.051660534e-08
8.827610476e-08
-6.669840401e-08
8.883963116e-08
-7.288788485e-08
8.882395507e-08
-7.905827067e-08
8.825245791e-08
-8.518444122e-08
8.714266584e-08
-9.124237559e-08
8.550700838e-08
-9.720865444e-08
8.335368897e-08
-1.03060017e-07
8.068762498e-08
-1.087729676e-07
7.751142113e-08
-1.143234262e-07
7.382634892e-08
-1.196864195e-07
6.963331242e-08
-1.248358104e-07
6.493378846e-08
-1.29744064e-07
5.973073609e-08
-1.343820552e-07
5.402947535e-08
-1.387189192e-07
4.783853926e-08
-1.427219552e-07
4.117050487e-08
-1.463565909e-07
3.404280889e-08
-1.49586422e-07
2.647855244e-08
-1.523733411e-07
1.850729529e-08
-1.546777719e-07
1.016583494e-08
-1.564590366e-07
1.498954902e-09
-1.576758246e-07
-7.439873853e-09
-1.582869214e-07
-1.658780288e-08
-1.582520016e-07
-2.587217052e-08
-1.575326983e-07
-3.521005596e-08
-1.560938574e-07
-4.45081616e-08
-1.539049974e-07
-5.366295526e-08
-1.509419633e-07
-6.256117756e-08
-1.471887455e-07
-7.108079472e-08
-1.426394136e-07
-7.909247466e-08
-1.373000969e-07
-8.646165538e-08
-1.311909119e-07
-9.305125569e-08
-1.243477213e-07
-9.872504805e-08
-1.168235815e-07
-1.033516714e-07
-1.086897298e-07
-1.068092082e-07
-1.00035956e-07
-1.089901887e-07
-9.097022083e-08
-1.098068188e-07
-8.16174116e-08
-1.091961667e-07
-7.211717809e-08
-1.071249942e-07
-6.262085392e-08
-1.035938889e-07
-5.328754614e-08
-9.864035974e-08
-4.427955414e-08
-9.234059537e-08
-3.575735086e-08
-8.480966444e-08
-2.787441374e-08
-7.620004834e-08
-2.077222078e-08
-6.669853166e-08
-1.457572185e-08
-5.652162208e-08
-9.389554265e-09
-4.590981585e-08
-5.29520309e-09
-3.512108564e-08
-2.349233521e-09
-2.442385204e-08
-5.825503874e-10
-1.409054924e-08
-4.397520137e-09
-5.679585889e-10
7.496136594e-09
-2.130106997e-09
2.110652121e-08
-4.555377904e-09
3.334722034e-08
-7.724221512e-09
4.425347908e-08
-1.152830604e-08
5.387856537e-08
-1.587022718e-08
6.228773407e-08
-2.066303562e-08
6.955355392e-08
-2.582960683e-08
7.575198792e-08
-3.130189811e-08
8.095913431e-08
-3.702012725e-08
8.524859742e-08
-4.29319032e-08
8.86894445e-08
-4.899133682e-08
9.134470424e-08
-5.515815639e-08
9.327036118e-08
-6.1396848e-08
9.451479637e-08
-6.767583684e-08
9.511862e-08
-7.396672029e-08
9.511483852e-08
-8.024355928e-08
9.45292969e-08
-8.648223057e-08
9.338133713e-08
-9.2659839e-08
9.168461681e-08
-9.875418666e-08
8.944803664e-08
-1.047432941e-07
8.667673246e-08
-1.106049686e-07
8.337309561e-08
-1.163164138e-07
7.953779412e-08
-1.218538776e-07
7.517077624e-08
-1.27192335e-07
7.027224579e-08
-1.323052052e-07
6.484360635e-08
-1.371641063e-07
5.888837643e-08
-1.417386494e-07
5.241308239e-08
-1.459962819e-07
4.542813732e-08
-1.499021875e-07
3.794871457e-08
-1.534192581e-07
2.999562301e-08
-1.565081503e-07
2.159618753e-08
-1.591274483e-07
1.278513292e-08
-1.612339522e-07
3.605458802e-09
-1.62783097e-07
-5.890729018e-09
-1.637295996e-07
-1.564130032e-08
-1.64028219e-07
-2.557355111e-08
-1.636347991e-07
-3.560347588e-08
-1.625075344e-07
-4.563542629e-08
-1.606084843e-07
-5.556200535e-08
-1.579053343e-07
-6.526432748e-08
-1.543733867e-07
-7.461274234e-08
-1.499977392e-07
-8.346812219e-08
-1.44775586e-07
-9.168380852e-08
-1.387185439e-07
-9.910829779e-08
-1.318548741e-07
-1.055887179e-07
-1.242314432e-07
-1.109751023e-07
-1.159152429e-07
-1.151254084e-07
-1.069942765e-07
-1.17911155e-07
-9.757762806e-08
-1.192234672e-07
-8.779455676e-08
-1.18979238e-07
-7.779251102e-08
-1.171270399e-07
-6.773402971e-08
-1.136523702e-07
-5.779259045e-08
-1.08581799e-07
-4.814756432e-08
-1.019856215e-07
-3.897853342e-08
-9.397869533e-08
-3.045930638e-08
-8.471927538e-08
-2.275201556e-08
-7.440582248e-08
-1.60016875e-08
-6.327195013e-08
-1.033163934e-08
-5.1579864e-08
-5.839978005e-09
-3.961274697e-08
-2.597389694e-09
-2.766644034e-08
-6.462044404e-10
-1.604173449e-08
-5.043724576e-09
-5.73166484e-10
8.069303078e-09
-2.150158808e-09
2.268351353e-08
-4.599100007e-09
3.579616154e-08
-7.79956418e-09
4.745394325e-08
-1.164227887e-08
5.772128006e-08
-1.602886893e-08
6.667432413e-08
-2.087143289e-08
7.439611789e-08
-2.609196582e-08
8.097252084e-08
-3.162166623e-08
8.648883472e-08
-3.740015712e-08
9.102708831e-08
-4.337464923e-08
9.46639366e-08
-4.949907379e-08
9.74691288e-08
-5.573320979e-08
9.950449719e-08
-6.204182693e-08
1.008234135e-07
-6.839386117e-08
1.014706542e-07
-7.476163535e-08
1.014826127e-07
-8.112013229e-08
1.008877938e-07
-8.744632418e-08
9.970752903e-08
-9.371855805e-08
9.795685068e-08
-9.99159948e-08
9.564547339e-08
-1.060180976e-07
9.277883522e-08
-1.120041642e-07
8.935916227e-08
-1.178528992e-07
8.538652909e-08
-1.235420201e-07
8.085989722e-08
-1.290478971e-07
7.577812273e-08
-1.343452222e-07
7.014093151e-08
-1.394067128e-07
6.394986703e-08
-1.442028497e-07
5.720921924e-08
-1.487016584e-07
4.992694603e-08
-1.528685425e-07
4.211559868e-08
-1.566661808e-07
3.379326135e-08
-1.600545049e-07
2.498451159e-08
-1.629907759e-07
1.572140394e-08
-1.654297842e-07
6.044467178e-09
-1.673241865e-07
-3.996326742e-09
-1.686250487e-07
-1.434043814e-08
-1.692825479e-07
-2.491605185e-08
-1.692469488e-07
-3.563907495e-08
-1.684698418e-07
-4.641253328e-08
-1.669056708e-07
-5.712617636e-08
-1.645135635e-07
-6.765643475e-08
-1.612594604e-07
-7.786684549e-08
-1.571185143e-07
-8.760906832e-08
-1.520777047e-07
-9.672461806e-08
-1.461385734e-07
-1.050474291e-07
-1.393199482e-07
-1.124073431e-07
-1.316604832e-07
-1.186345672e-07
-1.232208065e-07
-1.235650852e-07
-1.140850431e-07
-1.270469184e-07
-1.043614771e-07
-1.289470333e-07
-9.418213266e-08
-1.291585824e-07
-8.370110941e-08
-1.276080632e-07
-7.309158278e-08
-1.242618968e-07
-6.254149131e-08
-1.191318905e-07
-5.224805611e-08
-1.122790567e-07
-4.241140542e-08
-1.03815346e-07
-3.322768858e-08
-9.390299221e-08
-2.488214128e-08
-8.275136977e-08
-1.754259214e-08
-7.061149927e-08
-1.135387002e-08
-5.776858611e-08
-6.433488994e-09
-4.453312799e-08
-2.868881946e-09
-3.123104739e-08
-7.162142772e-10
-1.819440215e-08
-5.759938852e-09
-5.757695954e-10
8.645072671e-09
-2.160767157e-09
2.42685111e-08
-4.623122789e-09
3.825851717e-08
-7.84219212e-09
5.067301258e-08
-1.17082815e-08
6.158736944e-08
-1.612244624e-08
7.108848887e-08
-2.099613629e-08
7.926980794e-08
-2.62506916e-08
8.622707616e-08
-3.181671677e-08
9.205485988e-08
-3.763335989e-08
9.684373143e-08
-4.364752164e-08
1.006780984e-07
-4.981302124e-08
1.036346284e-07
-5.608974461e-08
1.057812206e-07
-6.244279736e-08
1.071764663e-07
-6.88416809e-08
1.078695378e-07
-7.525950562e-08
1.079004374e-07
-8.167225012e-08
1.073005383e-07
-8.805807137e-08
1.060933503e-07
-9.439666677e-08
1.042954461e-07
-1.006686864e-07
1.01917493e-07
-1.068551915e-07
9.896534036e-08
-1.129371549e-07
9.544112564e-08
-1.188949976e-07
9.134437179e-08
-1.247081582e-07
8.66730579e-08
-1.303546914e-07
8.142465595e-08
-1.358108935e-07
7.55971336e-08
-1.410509562e-07
6.918992977e-08
-1.460466512e-07
6.220491416e-08
-1.507670497e-07
5.464734463e-08
-1.551782878e-07
4.652683674e-08
-1.592433854e-07
3.785835894e-08
-1.629221376e-07
2.86632638e-08
-1.661710954e-07
1.897036182e-08
-1.689436624e-07
8.817034186e-09
-1.71190333e-07
-1.749656205e-09
-1.728590845e-07
-1.267168658e-08
-1.738960241e-07
-2.387911227e-08
-1.74246234e-07
-3.528886506e-08
-1.738549443e-07
-4.680382298e-08
-1.72669026e-07
-5.831209457e-08
-1.706388409e-07
-6.968661989e-08
-1.677204609e-07
-8.078522543e-08
-1.638782502e-07
-9.145127906e-08
-1.590877663e-07
-1.015151019e-07
-1.533389012e-07
-1.107962942e-07
-1.4663913e-07
-1.191071143e-07
-1.390166871e-07
-1.262570101e-07
-1.305234355e-07
-1.320583368e-07
-1.212371557e-07
-1.363331981e-07
-1.112629589e-07
-1.3892123e-07
-1.007335346e-07
-1.396880068e-07
-8.980798561e-08
-1.385336121e-07
-7.866909069e-08
-1.354007917e-07
-6.751895291e-08
-1.302820282e-07
-5.657314916e-08
-1.232248604e-07
-4.605365702e-08
-1.143348381e-07
-3.618099044e-08
-1.037756588e-07
-2.716609237e-08
-9.176626783e-08
-1.920259235e-08
-7.857499929e-08
-1.246002134e-08
-6.451115711e-08
-7.078492285e-09
-4.991465704e-08
-3.165229863e-09
-3.51443098e-08
-7.930524321e-10
-2.056657957e-08
-6.552991282e-09
-5.757845465e-10
9.22085722e-09
-2.162001765e-09
2.585472831e-08
-4.627590153e-09
4.072410556e-08
-7.852316017e-09
5.389773845e-08
-1.172654888e-08
6.54616023e-08
-1.615113847e-08
7.551307846e-08
-2.103715321e-08
8.415582268e-08
-2.630546967e-08
9.149539263e-08
-3.188623364e-08
9.763562385e-08
-3.771821282e-08
1.026757106e-07
-4.374806486e-08
1.067079504e-07
-4.992954701e-08
1.098161106e-07
-5.622269395e-08
1.120743675e-07
-6.259298758e-08
1.135467599e-07
-6.90105392e-08
1.142870894e-07
-7.544929982e-08
1.143391981e-07
-8.188630938e-08
1.137375479e-07
-8.830099116e-08
1.125080321e-07
-9.467449372e-08
1.106689487e-07
-1.009890796e-07
1.082320789e-07
-1.072275573e-07
1.052038181e-07
-1.133727531e-07
1.015863215e-07
-1.194070166e-07
9.737863532e-08
-1.253117567e-07
9.257779796e-08
-1.310670031e-07
8.717990241e-08
-1.366509925e-07
8.118112303e-08
-1.420397769e-07
7.457871417e-08
-1.472068569e-07
6.737199413e-08
-1.521228431e-07
5.956333087e-08
-1.567551528e-07
5.115914643e-08
-1.610677509e-07
4.2170957e-08
-1.650209499e-07
3.261646286e-08
-1.685712872e-07
2.252069911e-08
-1.716715035e-07
1.191725051e-08
-1.742706711e-07
8.495114674e-10
-1.763143915e-07
-1.06279662e-08
-1.777453933e-07
-2.244811049e-08
-1.785041705e-07
-3.453008781e-08
-1.785300544e-07
-4.677793904e-08
-1.777626167e-07
-5.90795323e-08
-1.76143478e-07
-7.130575861e-08
-1.73618558e-07
-8.331014541e-08
-1.701407812e-07
-9.492905585e-08
-1.656732203e-07
-1.059826628e-07
-1.601926155e-07
-1.16276899e-07
-1.536931514e-07
-1.256065784e-07
-1.46190308e-07
-1.337598535e-07
-1.377245355e-07
-1.405241093e-07
-1.283644398e-07
-1.456932938e-07
-1.182091202e-07
-1.490765496e-07
-1.073892881e-07
-1.505078388e-07
-9.606682473e-08
-1.498560755e-07
-8.4432515e-08
-1.470351014e-07
-7.270183416e-08
-1.420127091e-07
-6.110883987e-08
-1.348178547e-07
-4.989843386e-08
-1.255452441e-07
-3.931746145e-08
-1.143566312e-07
-2.960528979e-08
-1.014784395e-07
-2.098460966e-08
-8.719567942e-08
-1.365321839e-08
-7.184254837e-08
-7.777461206e-09
-5.579041421e-08
-3.487866514e-09
-3.943390448e-08
-8.771822178e-10
-2.317726386e-08
-7.430173498e-09
-5.732752503e-10
9.794132469e-09
-2.154100128e-09
2.74355532e-08
-4.612987108e-09
4.318299254e-08
-7.830695381e-09
5.711544672e-08
-1.169809108e-08
6.932899801e-08
-1.61161321e-08
7.993111948e-08
-2.099572598e-08
8.903541657e-08
-2.625743691e-08
9.675710356e-08
-3.183105283e-08
1.032092398e-07
-3.76550279e-08
1.084996857e-07
-4.367582199e-08
1.127287445e-07
-4.984716404e-08
1.159874526e-07
-5.612926687e-08
1.183564703e-07
-6.248801966e-08
1.199055127e-07
-6.889418081e-08
1.206932506e-07
-7.532258898e-08
1.207676062e-07
-8.175140552e-08
1.201663645e-07
-8.816139609e-08
1.189180226e-07
-9.453525544e-08
1.17042808e-07
-1.008569755e-07
1.14553799e-07
-1.071112549e-07
1.114580974e-07
-1.132829448e-07
1.077580114e-07
-1.193565286e-07
1.034522191e-07
-1.253156283e-07
9.853689768e-08
-1.311425349e-07
9.3006809e-08
-1.368177587e-07
8.685634689e-08
-1.423195984e-07
8.008055388e-08
-1.476237276e-07
7.267612333e-08
-1.527028018e-07
6.464240507e-08
-1.575260899e-07
5.598243449e-08
-1.620591378e-07
4.6704005e-08
-1.662634771e-07
3.682080216e-08
-1.700963932e-07
2.63536152e-08
-1.735107786e-07
1.533163592e-08
-1.764551094e-07
3.793842246e-09
-1.788735055e-07
-8.209570078e-09
-1.807061523e-07
-2.061546361e-08
-1.818897531e-07
-3.334648702e-08
-1.823584331e-07
-4.6309259e-08
-1.820449945e-07
-5.939297095e-08
-1.80882615e-07
-7.246813808e-08
-1.78807054e-07
-8.53857064e-08
-1.75759407e-07
-9.797670279e-08
-1.716894225e-07
-1.100526473e-07
-1.665593471e-07
-1.214069743e-07
-1.603482052e-07
-1.318177203e-07
-1.530563398e-07
-1.410517189e-07
-1.44709958e-07
-1.48870491e-07
-1.353653343e-07
-1.550379176e-07
-1.251122527e-07
-1.593296312e-07
-1.140762275e-07
-1.61543864e-07
-1.024190437e-07
-1.615132594e-07
-9.033723121e-08
-1.591169139e-07
-7.80582272e-08
-1.542917131e-07
-6.583418749e-08
-1.470418944e-07
-5.393366675e-08
-1.374457649e-07
-4.263165709e-08
-1.256586408e-07
-3.219871755e-08
-1.11911379e-07
-2.289009604e-08
-9.650430093e-08
-1.493580164e-08
-7.979684275e-08
-8.532520798e-09
-6.219369504e-08
-3.838114601e-09
-4.412831067e-08
-9.690534257e-10
-2.604632503e-08
-8.399226921e-09
-5.683600685e-10
1.036249254e-08
-2.137493249e-09
2.900468638e-08
-4.580192335e-09
4.562569163e-08
-7.778723355e-09
6.031397775e-08
-1.162481321e-08
7.317508786e-08
-1.60197765e-08
8.432608278e-08
-2.087452285e-08
9.389016293e-08
-2.610940645e-08
1.019919872e-07
-3.165391944e-08
1.087537528e-07
-3.744623954e-08
1.142920058e-07
-4.343265274e-08
1.187151577e-07
-4.956687862e-08
1.221216785e-07
-5.580932827e-08
1.2459892e-07
-6.212632379e-08
1.262225082e-07
-6.848930486e-08
1.270562317e-07
-7.487404317e-08
1.271523446e-07
-8.12598801e-08
1.265522014e-07
-8.762899786e-08
1.252871404e-07
-9.396572944e-08
1.233795396e-07
-1.00255909e-07
1.208439786e-07
-1.064862615e-07
1.176884499e-07
-1.126438277e-07
1.139155776e-07
-1.187154209e-07
1.095238123e-07
-1.246871092e-07
1.045085861e-07
-1.3054372e-07
9.886341985e-08
-1.362683608e-07
9.258098764e-08
-1.418419538e-07
8.56541469e-08
-1.472427829e-07
7.807695247e-08
-1.524460516e-07
6.984567377e-08
-1.574234546e-07
6.095983749e-08
-1.621427684e-07
5.142331882e-08
-1.665674695e-07
4.12455033e-08
-1.706563944e-07
3.04425401e-08
-1.743634624e-07
1.9038704e-08
-1.776374903e-07
7.067870105e-09
-1.804221209e-07
-5.424939476e-09
-1.826559723e-07
-1.838161214e-08
-1.842729508e-07
-3.172950851e-08
-1.852029032e-07
-4.537930659e-08
-1.853726631e-07
-5.922321105e-08
-1.847075669e-07
-7.31332343e-08
-1.831335295e-07
-8.69597437e-08
-1.805797562e-07
-1.005304761e-07
-1.76982139e-07
-1.136502645e-07
-1.722873467e-07
-1.261017667e-07
-1.664575477e-07
-1.376475193e-07
-1.59475622e-07
-1.480336445e-07
-1.513506113e-07
-1.569955017e-07
-1.421230419e-07
-1.64265487e-07
-1.318696483e-07
-1.695830248e-07
-1.2070694e-07
-1.727065723e-07
-1.087930267e-07
-1.734271727e-07
-9.63271586e-08
-1.71582782e-07
-8.354657758e-08
-1.670722941e-07
-7.072050215e-08
-1.598679698e-07
-5.814138106e-08
-1.50024886e-07
-4.611389619e-08
-1.376861257e-07
-3.494253082e-08
-1.230827444e-07
-2.491877652e-08
-1.065280552e-07
-1.630917681e-08
-8.840644245e-08
-9.345373499e-09
-6.915749834e-08
-4.217158588e-09
-4.925652557e-08
-1.069096979e-09
-2.919438663e-08
-9.468323897e-09
-5.612192332e-10
1.092371178e-08
-2.112832345e-09
3.05562995e-08
-4.530532938e-09
4.804339223e-08
-7.698515017e-09
6.348195983e-08
-1.150963986e-08
7.698621271e-08
-1.586574499e-08
8.868218791e-08
-2.067783425e-08
9.870225219e-08
-2.586609686e-08
1.071802498e-07
-3.135974721e-08
1.142474031e-07
-3.709669234e-08
1.200289509e-07
-4.302304767e-08
1.24641513e-07
-4.90925308e-08
1.281911616e-07
-5.526576644e-08
1.307721556e-07
-6.150953512e-08
1.324662769e-07
-6.779599485e-08
1.333426914e-07
-7.410189974e-08
1.334582495e-07
-8.040783392e-08
1.328581356e-07
-8.669747319e-08
1.315767797e-07
-9.295688189e-08
1.296389483e-07
-9.917384772e-08
1.270609444e-07
-1.053372545e-07
1.238518567e-07
-1.114364895e-07
1.200148126e-07
-1.174608819e-07
1.155482048e-07
-1.233991663e-07
1.104468704e-07
-1.292389657e-07
1.047032193e-07
-1.349662903e-07
9.830831219e-08
-1.405650442e-07
9.125290084e-08
-1.460165397e-07
8.352844802e-08
-1.512990137e-07
7.512814773e-08
-1.563871467e-07
6.604797058e-08
-1.612515874e-07
5.628775952e-08
-1.65858486e-07
4.585240193e-08
-1.701690495e-07
3.475310353e-08
-1.741391339e-07
2.300878848e-08
-1.777189032e-07
1.06476394e-08
-1.808525927e-07
-2.291249983e-09
-1.834783741e-07
-1.575583066e-08
-1.855285268e-07
-2.96793558e-08
-1.869297657e-07
-4.397806764e-08
-1.876040283e-07
-5.854894844e-08
-1.87469731e-07
-7.326753157e-08
-1.86443622e-07
-8.798585274e-08
-1.844433412e-07
-1.025307569e-07
-1.813907827e-07
-1.167028229e-07
-1.77216314e-07
-1.302762354e-07
-1.718638455e-07
-1.429999878e-07
-1.652966507e-07
-1.546008393e-07
-1.575037133e-07
-1.647884391e-07
-1.485062382e-07
-1.732629621e-07
-1.38363811e-07
-1.797254519e-07
-1.271795628e-07
-1.838908205e-07
-1.151036104e-07
-1.855031251e-07
-1.023340497e-07
-1.843523426e-07
-8.911489074e-08
-1.80291453e-07
-7.573056641e-08
-1.732522941e-07
-6.249700614e-08
-1.632584462e-07
-4.974970182e-08
-1.5043343e-07
-3.782964268e-08
-1.350028035e-07
-2.706837291e-08
-1.17289325e-07
-1.77736511e-08
-9.770116424e-08
-1.021721684e-08
-7.67139326e-08
-4.626013208e-09
-5.484772919e-08
-1.17771864e-09
-3.264268118e-08
-1.064604253e-08
-5.521026078e-10
1.147581439e-08
-2.081017077e-09
3.208521397e-08
-4.465842308e-09
5.042821747e-08
-7.593000446e-09
6.660911798e-08
-1.135664568e-08
8.074985795e-08
-1.565920225e-08
9.298474449e-08
-2.041177479e-08
1.034548247e-07
-2.553436521e-08
1.123028402e-07
-3.095587897e-08
1.196689169e-07
-3.661392534e-08
1.256869973e-07
-4.245443385e-08
1.304820216e-07
-4.843112014e-08
1.341678479e-07
-5.450483896e-08
1.368458745e-07
-6.064286164e-08
1.386042996e-07
-6.681811171e-08
1.395179415e-07
-7.30083865e-08
1.396485243e-07
-7.919558644e-08
1.390453355e-07
-8.536496715e-08
1.377461604e-07
-9.150442365e-08
1.357784048e-07
-9.76038112e-08
1.33160332e-07
-1.036543034e-07
1.299023489e-07
-1.096477854e-07
1.260082946e-07
-1.155762777e-07
1.214766971e-07
-1.214313857e-07
1.163019785e-07
-1.272037684e-07
1.10475602e-07
-1.328826194e-07
1.039871632e-07
-1.384551553e-07
9.68254368e-08
-1.43906104e-07
8.89793967e-08
-1.492171885e-07
8.043923229e-08
-1.543666035e-07
7.119738561e-08
-1.593284817e-07
6.124963766e-08
-1.640723527e-07
5.059627296e-08
-1.685626011e-07
3.924335197e-08
-1.727579349e-07
2.720412233e-08
-1.766108891e-07
1.450059359e-08
-1.800674206e-07
1.165281555e-09
-1.830664728e-07
-1.275677842e-08
-1.855400095e-07
-2.720581908e-08
-1.874129551e-07
-4.210512204e-08
-1.886036799e-07
-5.735822363e-08
-1.890249232e-07
-7.284628824e-08
-1.885853261e-07
-8.842544982e-08
-1.871917228e-07
-1.039243602e-07
-1.847523311e-07
-1.191422146e-07
-1.811809578e-07
-1.338476088e-07
-1.76402275e-07
-1.477786706e-07
-1.703581345e-07
-1.606449797e-07
-1.630147509e-07
-1.721318227e-07
-1.543704157e-07
-1.819072973e-07
-1.444632134e-07
-1.896326542e-07
-1.333780174e-07
-1.949760164e-07
-1.212518974e-07
-1.976292452e-07
-1.082770048e-07
-1.973272352e-07
-9.470007652e-08
-1.938683813e-07
-8.081792806e-08
-1.871344426e-07
-6.696871108e-08
-1.771076632e-07
-5.351924257e-08
-1.638828985e-07
-4.084930023e-08
-1.476727458e-07
-2.933431499e-08
-1.288043102e-07
-1.932825966e-08
-1.077072196e-07
-1.114865519e-08
-8.489353706e-08
-5.065489233e-09
-6.093089513e-08
-1.295291977e-09
-3.641287843e-08
-1.194133451e-08
-5.413381152e-10
1.201715251e-08
-2.043226126e-09
3.358710199e-08
-4.38852266e-09
5.277351401e-08
-7.466024699e-09
6.968662003e-08
-1.117119424e-08
8.445502749e-08
-1.540698054e-08
9.72205308e-08
-2.008449279e-08
1.08132337e-07
-2.51234448e-08
1.173417922e-07
-3.045234704e-08
1.249978191e-07
-3.600845035e-08
1.312431006e-07
-4.173746725e-08
1.362110385e-07
-4.759310978e-08
1.400234905e-07
-5.353648783e-08
1.427892525e-07
-5.95354114e-08
1.446032232e-07
-6.556363584e-08
1.455461659e-07
-7.160008279e-08
1.456849712e-07
-7.762806181e-08
1.450733146e-07
-8.36345111e-08
1.437526097e-07
-8.960926841e-08
1.417531621e-07
-9.554437836e-08
1.390954419e-07
-1.014334377e-07
1.357914082e-07
-1.072709768e-07
1.318458337e-07
-1.130518731e-07
1.272575934e-07
-1.187707913e-07
1.220208967e-07
-1.244216425e-07
1.161264533e-07
-1.299970561e-07
1.095625768e-07
-1.354878552e-07
1.023162359e-07
-1.40882529e-07
9.437407054e-08
-1.461666938e-07
8.572339714e-08
-1.513225366e-07
7.635322838e-08
-1.563282358e-07
6.625533691e-08
-1.611573579e-07
5.542539502e-08
-1.657782297e-07
4.386422385e-08
-1.701532958e-07
3.157918839e-08
-1.74238476e-07
1.85857739e-08
-1.779825649e-07
4.909370436e-09
-1.813266059e-07
-9.412737365e-09
-1.842036147e-07
-2.432881023e-08
-1.86538227e-07
-3.977050975e-08
-1.88246802e-07
-5.564964865e-08
-1.892379478e-07
-7.185514243e-08
-1.894136421e-07
-8.824975549e-08
-1.886711323e-07
-1.046668699e-07
-1.869058051e-07
-1.209075418e-07
-1.840152038e-07
-1.3673821e-07
-1.799043313e-07
-1.518895431e-07
-1.744922891e-07
-1.660570218e-07
-1.677201684e-07
-1.789039434e-07
-1.595599158e-07
-1.900675499e-07
-1.500236636e-07
-1.991689063e-07
-1.391727564e-07
-2.058269237e-07
-1.271254709e-07
-2.096765306e-07
-1.140622784e-07
-2.103904278e-07
-1.002274871e-07
-2.077031725e-07
-8.592630689e-08
-2.014356228e-07
-7.151679743e-08
-1.915171726e-07
-5.739679533e-08
-1.780029006e-07
-4.398666381e-08
-1.610828773e-07
-3.170944813e-08
-1.410815259e-07
-2.09705878e-08
-1.184460799e-07
-1.213960875e-08
-9.372451609e-08
-5.53615799e-09
-6.753434588e-08
-1.422150997e-09
-4.052688541e-08
-1.33634855e-08
-5.293411695e-10
1.254649368e-08
-2.000951459e-09
3.505871229e-08
-4.301614632e-09
5.507417719e-08
-7.322457977e-09
7.270746338e-08
-1.096008915e-08
8.809265868e-08
-1.511776819e-08
1.013782099e-07
-1.97063901e-08
1.127209589e-07
-2.464518897e-08
1.222805911e-07
-2.986213366e-08
1.302147638e-07
-3.529402214e-08
1.366749891e-07
-4.08863074e-08
1.418033237e-07
-4.659270205e-08
1.457298851e-07
-5.23746144e-08
1.485711649e-07
-5.820046698e-08
1.504290758e-07
-6.404494337e-08
1.513906423e-07
-6.98882013e-08
1.515282292e-07
-7.571508133e-08
1.509001946e-07
-8.151433224e-08
1.495518607e-07
-8.727786666e-08
1.475166966e-07
-9.300005431e-08
1.448176296e-07
-9.867705531e-08
1.414684093e-07
-1.043061922e-07
1.374749706e-07
-1.098853564e-07
1.328367576e-07
-1.154124432e-07
1.275479835e-07
-1.208848077e-07
1.215988178e-07
-1.26298733e-07
1.149765021e-07
-1.316489012e-07
1.076664041e-07
-1.369278582e-07
9.965302757e-08
-1.421254622e-07
9.092100122e-08
-1.472283064e-07
8.145607253e-08
-1.522191069e-07
7.124613751e-08
-1.570760516e-07
6.028233974e-08
-1.617721033e-07
4.856027549e-08
-1.662742609e-07
3.608134602e-08
-1.70542789e-07
2.2854302e-08
-1.745304318e-07
8.89701335e-09
-1.78181638e-07
-5.76153116e-09
-1.814318878e-07
-2.107856047e-08
-1.842071358e-07
-3.699526168e-08
-1.864234635e-07
-5.343332092e-08
-1.879871571e-07
-7.029144887e-08
-1.887953348e-07
-8.744157777e-08
-1.887373382e-07
-1.047248665e-07
-1.876971236e-07
-1.219477564e-07
-1.855568995e-07
-1.388784341e-07
-1.82202236e-07
-1.552442066e-07
-1.775288021e-07
-1.707304556e-07
-1.714507625e-07
-1.849819829e-07
-1.639106577e-07
-1.976076548e-07
-1.548903236e-07
-2.081892404e-07
-1.44422079e-07
-2.162951682e-07
-1.325990761e-07
-2.214995335e-07
-1.195834399e-07
-2.23406064e-07
-1.056107029e-07
-2.216759095e-07
-9.09891597e-08
-2.16057166e-07
-7.609318229e-08
-2.0641315e-07
-6.135025355e-08
-1.927458293e-07
-4.722240623e-08
-1.752107246e-07
-3.418374869e-08
-1.541201834e-07
-2.269659641e-08
-1.299332321e-07
-1.318922428e-08
-1.032318882e-07
-6.038316797e-09
-7.468525335e-08
-1.558583034e-09
-4.500661916e-08
-1.492206853e-08
-5.166257672e-10
1.306311945e-08
-1.956038173e-09
3.649812471e-08
-4.2088774e-09
5.732701643e-08
-7.168320692e-09
7.566690668e-08
-1.073174271e-08
9.165608071e-08
-1.480231581e-08
1.05448783e-07
-1.929035685e-08
1.17209e-07
-2.41143241e-08
1.271045584e-07
-2.920143203e-08
1.353018718e-07
-3.448789872e-08
1.419614558e-07
-3.99188698e-08
1.472342948e-07
-4.54480782e-08
1.512590936e-07
-5.103730393e-08
1.541603906e-07
-5.665569468e-08
1.560474665e-07
-6.227900138e-08
1.570139491e-07
-6.788877262e-08
1.571380004e-07
-7.347154186e-08
1.564829639e-07
-7.901803157e-08
1.550983504e-07
-8.452238974e-08
1.530210548e-07
-8.998146758e-08
1.502767075e-07
-9.53941409e-08
1.468810826e-07
-1.007606744e-07
1.428415041e-07
-1.060821241e-07
1.381582074e-07
-1.113597716e-07
1.32825631e-07
-1.165945813e-07
1.268336275e-07
-1.217866717e-07
1.201685925e-07
-1.269347895e-07
1.128145219e-07
-1.320357759e-07
1.04754014e-07
-1.370840124e-07
9.596923777e-08
-1.420708349e-07
8.6442895e-08
-1.469839037e-07
7.615920636e-08
-1.518065201e-07
6.510495618e-08
-1.565168797e-07
5.327063504e-08
-1.610872585e-07
4.065172487e-08
-1.654831344e-07
2.725017789e-08
-1.696622545e-07
1.30761335e-08
-1.735736898e-07
-1.850095808e-09
-1.771568056e-07
-1.749544468e-08
-1.803405292e-07
-3.3811538e-08
-1.83042506e-07
-5.073134416e-08
-1.85168711e-07
-6.816524382e-08
-1.866135185e-07
-8.599677027e-08
-1.872604783e-07
-1.040779067e-07
-1.86984077e-07
-1.222241577e-07
-1.856527927e-07
-1.402097183e-07
-1.83133761e-07
-1.577632382e-07
-1.792993325e-07
-1.745648842e-07
-1.740356928e-07
-1.902456226e-07
-1.672535223e-07
-2.043898252e-07
-1.589003717e-07
-2.16542391e-07
-1.48974041e-07
-2.262214989e-07
-1.375358084e-07
-2.329377661e-07
-1.247219378e-07
-2.362199346e-07
-1.107516146e-07
-2.356462326e-07
-9.592944466e-08
-2.30879336e-07
-8.064100469e-08
-2.2170159e-07
-6.534070574e-08
-2.080461282e-07
-5.053234993e-08
-1.900190804e-07
-3.674406036e-08
-1.67908473e-07
-2.450045979e-08
-1.421768327e-07
-1.429579325e-08
-1.134365547e-07
-6.571958251e-09
-8.240908833e-08
-1.704822753e-09
-4.987375464e-08
-1.662689128e-08
-5.038180242e-10
1.356693749e-08
-1.910732624e-09
3.790503932e-08
-4.114884066e-09
5.953116788e-08
-7.010929935e-09
7.856295256e-08
-1.049636949e-08
9.514152028e-08
-1.44736673e-08
1.094260808e-07
-1.885202704e-08
1.215873597e-07
-2.354871566e-08
1.31801247e-07
-2.848990941e-08
1.402430655e-07
-3.361108987e-08
1.470826363e-07
-3.885705106e-08
1.52480256e-07
-4.418159409e-08
1.565836366e-07
-4.954698847e-08
1.59525785e-07
-5.492327377e-08
1.614237518e-07
-6.028746501e-08
1.623781403e-07
-6.562271311e-08
1.624732485e-07
-7.09174587e-08
1.617777095e-07
-7.616460656e-08
1.603454983e-07
-8.136073786e-08
1.582171861e-07
-8.650536927e-08
1.554213389e-07
-9.160026225e-08
1.519759756e-07
-9.66487807e-08
1.478900226e-07
-1.016552921e-07
1.431647188e-07
-1.066246047e-07
1.377949436e-07
-1.115614316e-07
1.317704544e-07
-1.164698708e-07
1.250770318e-07
-1.213528899e-07
1.176975411e-07
-1.262118019e-07
1.09612926e-07
-1.310457192e-07
1.00803155e-07
-1.35850971e-07
9.124814684e-08
-1.406204704e-07
8.092870578e-08
-1.453430159e-07
6.982750168e-08
-1.500025154e-07
5.793013457e-08
-1.545771216e-07
4.522633116e-08
-1.590382724e-07
3.171132871e-08
-1.633496418e-07
1.738750291e-08
-1.67466035e-07
2.26629741e-09
-1.713320834e-07
-1.362939624e-08
-1.748812865e-07
-3.026233489e-08
-1.780347333e-07
-4.757789738e-08
-1.807002245e-07
-6.549975253e-08
-1.827717438e-07
-8.392525094e-08
-1.841295376e-07
-1.027201129e-07
-1.846411097e-07
-1.217125855e-07
-1.841634945e-07
-1.406873335e-07
-1.825472147e-07
-1.59379518e-07
-1.796423349e-07
-1.77469764e-07
-1.753069509e-07
-1.945810066e-07
-1.694182855e-07
-2.102784906e-07
-1.618862556e-07
-2.240744208e-07
-1.526689402e-07
-2.354388144e-07
-1.417888221e-07
-2.438178842e-07
-1.29348095e-07
-2.486606617e-07
-1.155408351e-07
-2.494534924e-07
-1.006596186e-07
-2.457605525e-07
-8.509438381e-08
-2.372668247e-07
-6.932210734e-08
-2.238184047e-07
-5.388716049e-08
-2.054540273e-07
-3.93738655e-08
-1.82421768e-07
-2.637442634e-08
-1.551762718e-07
-1.545668464e-08
-1.243542964e-07
-7.136747121e-09
-9.072902584e-08
-1.86104839e-09
-5.514945336e-08
-1.848793967e-08
-4.916733895e-10
1.405861088e-08
-1.867742516e-09
3.928110846e-08
-4.025138807e-09
6.168856419e-08
-6.859075928e-09
8.13968897e-08
-1.026621437e-08
9.854865873e-08
-1.414742496e-08
1.133072914e-07
-1.841006232e-08
1.258499971e-07
-2.296965178e-08
1.363608365e-07
-2.775097307e-08
1.450243868e-07
-3.268859095e-08
1.520202542e-07
-3.772691965e-08
1.575185847e-07
-4.281992071e-08
1.616766377e-07
-4.793053366e-08
1.64636398e-07
-5.302992872e-08
1.665231469e-07
-5.809665653e-08
1.674448681e-07
-6.311575384e-08
1.674923458e-07
-6.807784835e-08
1.66739804e-07
-7.297829254e-08
1.652459425e-07
-7.781634451e-08
1.630552381e-07
-8.259440522e-08
1.601993996e-07
-8.731731446e-08
1.566988849e-07
-9.199170307e-08
1.525644112e-07
-9.662539541e-08
1.477984112e-07
-1.012268535e-07
1.423964018e-07
-1.058046527e-07
1.363482536e-07
-1.103669765e-07
1.296393556e-07
-1.149211183e-07
1.22251683e-07
-1.194729759e-07
1.141647837e-07
-1.240265227e-07
1.053567018e-07
-1.285832407e-07
9.580486487e-08
-1.331414986e-07
8.548696369e-08
-1.376958565e-07
7.438185969e-08
-1.422362821e-07
6.247056017e-08
-1.4674726e-07
4.97373091e-08
-1.512067829e-07
3.617085162e-08
-1.555852192e-07
2.176593924e-08
-1.598440621e-07
6.525140279e-09
-1.639344942e-07
-9.538964056e-09
-1.677960587e-07
-2.640077041e-08
-1.713551263e-07
-4.401882976e-08
-1.745234953e-07
-6.23313835e-08
-1.771972556e-07
-8.125149063e-08
-1.792561226e-07
-1.006612459e-07
-1.805635591e-07
-1.20405149e-07
-1.809680868e-07
-1.402828058e-07
-1.80306273e-07
-1.600413317e-07
-1.784079313e-07
-1.793681057e-07
-1.751040605e-07
-1.978848773e-07
-1.702379269e-07
-2.151446241e-07
-1.636794153e-07
-2.306329324e-07
-1.553423112e-07
-2.437759185e-07
-1.452035292e-07
-2.539566662e-07
-1.333225339e-07
-2.605416569e-07
-1.198584544e-07
-2.629175719e-07
-1.050818852e-07
-2.605371218e-07
-8.937834809e-08
-2.529703618e-07
-7.324106333e-08
-2.399556894e-07
-5.725211187e-08
-2.214429787e-07
-4.205310531e-08
-1.976207745e-07
-2.830871375e-08
-1.689206634e-07
-1.666830073e-08
-1.359947094e-07
-7.732009541e-09
-9.966531701e-08
-2.027381701e-09
-6.085408119e-08
-2.051532137e-08
-4.810990976e-10
1.453970999e-08
-1.83031391e-09
4.063032328e-08
-3.946224319e-09
6.380447461e-08
-6.723239683e-09
8.417390507e-08
-1.005582728e-08
1.018812463e-07
-1.384205973e-08
1.170935239e-07
-1.798647249e-08
1.299944099e-07
-2.240214886e-08
1.407765129e-07
-2.701203863e-08
1.496342766e-07
-3.174959632e-08
1.567578119e-07
-3.655886163e-08
1.623278501e-07
-4.13941145e-08
1.665118906e-07
-4.621922993e-08
1.694615134e-07
-5.100684127e-08
1.713107583e-07
-5.573740052e-08
1.721754274e-07
-6.039820268e-08
1.72153148e-07
-6.498242202e-08
1.713240234e-07
-6.948819185e-08
1.697517123e-07
-7.391774578e-08
1.67484792e-07
-7.827662879e-08
1.645582826e-07
-8.257297897e-08
1.609952351e-07
-8.681687561e-08
1.568083079e-07
-9.101974597e-08
1.520012815e-07
-9.519382053e-08
1.465704764e-07
-9.935162512e-08
1.405060582e-07
-1.035054967e-07
1.337932272e-07
-1.076671092e-07
1.264132954e-07
-1.118469931e-07
1.183446676e-07
-1.160540348e-07
1.095637435e-07
-1.202949356e-07
1.000457657e-07
-1.245736143e-07
8.97656424e-08
-1.288905328e-07
7.869877819e-08
-1.332419244e-07
6.682195179e-08
-1.376189047e-07
5.411428941e-08
-1.420064444e-07
4.055839142e-08
-1.463821902e-07
2.614168505e-08
-1.507151172e-07
1.085806725e-08
-1.549640087e-07
-5.2900725e-09
-1.590757932e-07
-2.228898589e-08
-1.629838319e-07
-4.011079108e-08
-1.666060267e-07
-5.870918861e-08
-1.698431034e-07
-7.801441389e-08
-1.725771877e-07
-9.79271616e-08
-1.746709878e-07
-1.183113489e-07
-1.759680025e-07
-1.389857911e-07
-1.762942963e-07
-1.597150378e-07
-1.754624952e-07
-1.801999068e-07
-1.732787128e-07
-2.000686597e-07
-1.695530754e-07
-2.188702615e-07
-1.641142963e-07
-2.360717115e-07
-1.568283036e-07
-2.510619112e-07
-1.476202127e-07
-2.631647571e-07
-1.364979909e-07
-2.716638787e-07
-1.235751218e-07
-2.758404409e-07
-1.090886927e-07
-2.750235509e-07
-9.340893935e-08
-2.686501151e-07
-7.703672934e-08
-2.563278994e-07
-6.05869336e-08
-2.378927744e-07
-4.475806035e-08
-2.134496477e-07
-3.029145004e-08
-1.833872737e-07
-1.792606515e-08
-1.483600943e-07
-8.35674021e-09
-1.092346419e-07
-2.203893535e-09
-6.700692785e-08
-2.27192149e-08
-4.731840978e-10
1.501289409e-08
-1.802331773e-09
4.195947097e-08
-3.885990723e-09
6.588813357e-08
-6.615866009e-09
8.690378037e-08
-9.88239932e-09
1.051477797e-07
-1.357927937e-08
1.207904039e-07
-1.76069813e-08
1.340221118e-07
-2.187528184e-08
1.450448134e-07
-2.630479701e-08
1.540637918e-07
-3.082768148e-08
1.612806964e-07
-3.538766386e-08
1.668878325e-07
-3.993959384e-08
1.710638206e-07
-4.444865989e-08
1.739705795e-07
-4.888941013e-08
1.757515085e-07
-5.324467994e-08
1.765306972e-07
-5.750450203e-08
1.764129701e-07
-6.166505062e-08
1.75484572e-07
-6.572765146e-08
1.738143132e-07
-6.969787443e-08
1.71455015e-07
-7.358471438e-08
1.684451226e-07
-7.739985806e-08
1.648103788e-07
-8.11570302e-08
1.605654801e-07
-8.487140829e-08
1.557156597e-07
-8.855909388e-08
1.50258162e-07
-9.223662677e-08
1.441835911e-07
-9.592052786e-08
1.374771283e-07
-9.96268553e-08
1.301196229e-07
-1.033707581e-07
1.220885705e-07
-1.071660105e-07
1.133589959e-07
-1.110245081e-07
1.039042633e-07
-1.149557078e-07
9.369684212e-08
-1.189659893e-07
8.270905973e-08
-1.230579162e-07
7.091387876e-08
-1.272293727e-07
5.828574592e-08
-1.3147255e-07
4.480156873e-08
-1.357727581e-07
3.044189319e-08
-1.401070438e-07
1.5192353e-08
-1.444426051e-07
-9.545112482e-10
-1.487348804e-07
-1.799671049e-08
-1.529257345e-07
-3.591993702e-08
-1.569411174e-07
-5.469380565e-08
-1.60688836e-07
-7.426669526e-08
-1.640564032e-07
-9.455959446e-08
-1.66909264e-07
-1.15458488e-07
-1.690898108e-07
-1.368052443e-07
-1.704177527e-07
-1.583870959e-07
-1.706925792e-07
-1.799250802e-07
-1.69698999e-07
-2.010622399e-07
-1.672162929e-07
-2.213529675e-07
-1.630324107e-07
-2.402555936e-07
-1.569632615e-07
-2.571310604e-07
-1.488769267e-07
-2.712510918e-07
-1.387214374e-07
-2.81819368e-07
-1.26553404e-07
-2.880084742e-07
-1.125634493e-07
-2.890135056e-07
-9.709347514e-08
-2.841200892e-07
-8.064082366e-08
-2.727805509e-07
-6.384574025e-08
-2.546878578e-07
-4.746129852e-08
-2.298340895e-07
-3.230867131e-08
-1.985399009e-07
-1.922445383e-08
-1.614443118e-07
-9.009634497e-09
-1.194494613e-07
-2.390617425e-09
-7.362594491e-08
-2.510983232e-08
-4.692393893e-10
1.548213349e-08
-1.78845281e-09
4.327868441e-08
-3.85380027e-09
6.795348105e-08
-6.551709463e-09
8.960168958e-08
-9.766177609e-09
1.083622478e-07
-1.338446822e-08
1.244086945e-07
-1.730144424e-08
1.379390879e-07
-2.142253758e-08
1.491659068e-07
-2.566546867e-08
1.583067229e-07
-2.996093363e-08
1.655761614e-07
-3.425250578e-08
1.711794046e-07
-3.849598546e-08
1.753073003e-07
-4.265839942e-08
1.781329935e-07
-4.67168112e-08
1.798099203e-07
-5.065706249e-08
1.804709485e-07
-5.447252941e-08
1.802284371e-07
-5.816294726e-08
1.791749899e-07
-6.173333384e-08
1.773846998e-07
-6.519302421e-08
1.749147054e-07
-6.855481797e-08
1.718069164e-07
-7.183423235e-08
1.680897932e-07
-7.504884976e-08
1.637800975e-07
-7.82177458e-08
1.588845557e-07
-8.136098269e-08
1.534013989e-07
-8.449915216e-08
1.473217606e-07
-8.765295197e-08
1.406309281e-07
-9.084277968e-08
1.333094506e-07
-9.408832709e-08
1.253341179e-07
-9.740815806e-08
1.166788269e-07
-1.008192513e-07
1.073153565e-07
-1.043364883e-07
9.721407917e-08
-1.079720652e-07
8.634463668e-08
-1.117348043e-07
7.467661787e-08
-1.156293393e-07
6.218028091e-08
-1.196551449e-07
4.882737433e-08
-1.238053782e-07
3.459212659e-08
-1.280655093e-07
1.945248404e-08
-1.324117129e-07
3.391692417e-09
-1.368088542e-07
-1.359956915e-08
-1.412085045e-07
-3.152028668e-08
-1.455463668e-07
-5.035594334e-08
-1.497395803e-07
-7.007348173e-08
-1.536839178e-07
-9.061525701e-08
-1.572510958e-07
-1.118913099e-07
-1.602865723e-07
-1.337697679e-07
-1.626083843e-07
-1.560652839e-07
-1.640078104e-07
-1.785256541e-07
-1.642528703e-07
-2.0081718e-07
-1.630958604e-07
-2.225099774e-07
-1.602861555e-07
-2.430652986e-07
-1.55589269e-07
-2.618279469e-07
-1.48812506e-07
-2.780278548e-07
-1.398363803e-07
-2.907954937e-07
-1.286493299e-07
-2.991955246e-07
-1.153813956e-07
-3.0228144e-07
-1.003309252e-07
-2.991705595e-07
-8.397772208e-08
-2.891337541e-07
-6.697702987e-08
-2.7168855e-07
-5.013168989e-08
-2.466794294e-07
-3.434438446e-08
-2.143272063e-07
-2.055707984e-08
-1.752316164e-07
-9.689153763e-09
-1.303173873e-07
-2.587574346e-09
-8.072752431e-08
-2.769740666e-08
-4.708528217e-10
1.595298632e-08
-1.794282111e-09
4.460211371e-08
-3.860846145e-09
7.00200451e-08
-6.548274557e-09
9.228911801e-08
-9.730978285e-09
1.115449516e-07
-1.328721112e-08
1.279649274e-07
-1.710432089e-08
1.417561976e-07
-2.108218098e-08
1.531437669e-07
-2.51350218e-08
1.623595638e-07
-2.919199428e-08
1.696331339e-07
-3.319681217e-08
1.751842225e-07
-3.710678372e-08
1.792172718e-07
-4.089148767e-08
1.819176975e-07
-4.453128762e-08
1.834497203e-07
-4.801582253e-08
1.839554835e-07
-5.134256334e-08
1.835551779e-07
-5.451548831e-08
1.823479149e-07
-5.754390228e-08
1.804131138e-07
-6.04414057e-08
1.778122088e-07
-6.322500716e-08
1.745905179e-07
-6.591436585e-08
1.707791519e-07
-6.853114657e-08
1.663968782e-07
-7.109846838e-08
1.614518776e-07
-7.364042814e-08
1.559433586e-07
-7.618168007e-08
1.498630126e-07
-7.874705381e-08
1.431963019e-07
-8.13611933e-08
1.359235901e-07
-8.404819947e-08
1.280211241e-07
-8.68312594e-08
1.194618868e-07
-8.973224375e-08
1.102163409e-07
-9.277125293e-08
1.002530884e-07
-9.596609093e-08
8.953947469e-08
-9.933164266e-08
7.804216962e-08
-1.028791279e-07
6.572776614e-08
-1.066151999e-07
5.256344637e-08
-1.105408531e-07
3.851777978e-08
-1.146501049e-07
2.356173592e-08
-1.189284044e-07
7.669991874e-09
-1.233506718e-07
-9.177301728e-09
-1.278791021e-07
-2.699185633e-08
-1.324605377e-07
-4.577450768e-08
-1.370234032e-07
-6.551061627e-08
-1.414743623e-07
-8.616429787e-08
-1.456948094e-07
-1.076708628e-07
-1.495374969e-07
-1.299270803e-07
-1.528238024e-07
-1.527789784e-07
-1.553424053e-07
-1.760070512e-07
-1.56850466e-07
-1.993091193e-07
-1.570787129e-07
-2.222817305e-07
-1.557420664e-07
-2.444019451e-07
-1.525573886e-07
-2.650126246e-07
-1.472694624e-07
-2.83315781e-07
-1.396851701e-07
-2.98379786e-07
-1.297139921e-07
-3.091667026e-07
-1.174105319e-07
-3.145849001e-07
-1.030123261e-07
-3.135687653e-07
-8.696458029e-08
-3.051814999e-07
-6.992371796e-08
-2.887294123e-07
-5.273447644e-08
-2.638686709e-07
-3.63806991e-08
-2.306809836e-07
-2.191684372e-08
-1.896954717e-07
-1.039363404e-08
-1.41840597e-07
-2.794812717e-09
-8.832634563e-08
-3.049221938e-08
-4.799638144e-10
1.643295014e-08
-1.826608776e-09
4.594875869e-08
-3.920568407e-09
7.211400474e-08
-6.626375377e-09
9.499492499e-08
-9.804817691e-09
1.147233939e-07
-1.332191002e-08
1.314820197e-07
-1.705519394e-08
1.454894816e-07
-2.089760777e-08
1.569861807e-07
-2.47593098e-08
1.662212658e-07
-2.856795227e-08
1.734417763e-07
-3.226788989e-08
1.788841602e-07
-3.581873323e-08
1.827681152e-07
-3.91935669e-08
1.852925311e-07
-4.237706349e-08
1.866332169e-07
-4.536364734e-08
1.869420673e-07
-4.815580037e-08
1.863473309e-07
-5.076255711e-08
1.849546716e-07
-5.319820406e-08
1.828487607e-07
-5.548117813e-08
1.800951829e-07
-5.763314689e-08
1.767424866e-07
-5.967824735e-08
1.728242524e-07
-6.164245794e-08
1.683610888e-07
-6.355307829e-08
1.633624979e-07
-6.54382933e-08
1.578285737e-07
-6.732679952e-08
1.517515188e-07
-6.924747391e-08
1.451169763e-07
-7.122906626e-08
1.379051825e-07
-7.329989798e-08
1.300919559e-07
-7.548755009e-08
1.216495389e-07
-7.781852285e-08
1.125473136e-07
-8.031784854e-08
1.027524141e-07
-8.300863717e-08
9.223026334e-08
-8.591153208e-08
8.094506455e-08
-8.904404862e-08
6.886028269e-08
-9.241976392e-08
5.593916169e-08
-9.604731951e-08
4.214533539e-08
-9.992919356e-08
2.744360999e-08
-1.040601894e-07
1.180098777e-08
-1.084255673e-07
-4.811923864e-09
-1.129987676e-07
-2.241865602e-08
-1.177387999e-07
-4.103447536e-08
-1.225869497e-07
-6.066246639e-08
-1.274630431e-07
-8.128820449e-08
-1.322612646e-07
-1.028726413e-07
-1.368457386e-07
-1.253426062e-07
-1.410462807e-07
-1.485784364e-07
-1.446550198e-07
-1.72398312e-07
-1.474249832e-07
-1.965391558e-07
-1.490721842e-07
-2.206345296e-07
-1.492831784e-07
-2.441909508e-07
-1.477302923e-07
-2.665655107e-07
-1.44096516e-07
-2.869495572e-07
-1.381111088e-07
-3.043651932e-07
-1.295950365e-07
-3.176827749e-07
-1.185124654e-07
-3.256674712e-07
-1.050211194e-07
-3.270601113e-07
-8.951139468e-08
-3.206912246e-07
-7.262314703e-08
-3.0561766e-07
-5.523136812e-08
-2.812604498e-07
-3.839802624e-08
-2.475143255e-07
-2.329616118e-08
-2.047973368e-07
-1.112145062e-08
-1.540153075e-07
-3.01246913e-09
-9.643532711e-08
-3.35046885e-08
-4.989655487e-10
1.69319157e-08
-1.893720564e-09
4.734351372e-08
-4.049195904e-09
7.42694801e-08
-6.810843226e-09
9.775657233e-08
-1.002067983e-08
1.179332305e-07
-1.35284921e-08
1.34989832e-07
-1.719930919e-08
1.491602987e-07
-2.091763153e-08
1.607045031e-07
-2.458904926e-08
1.698926836e-07
-2.81399845e-08
1.769927116e-07
-3.151622641e-08
1.822604021e-07
-3.468079663e-08
1.859326854e-07
-3.761154171e-08
1.882232762e-07
-4.029872191e-08
1.893203971e-07
-4.274276226e-08
1.893861077e-07
-4.49522538e-08
1.885568225e-07
-4.694223903e-08
1.869446569e-07
-4.873277992e-08
1.846393016e-07
-5.034778635e-08
1.817101894e-07
-5.181407222e-08
1.782087725e-07
-5.316060304e-08
1.741707832e-07
-5.441789894e-08
1.696183847e-07
-5.561756008e-08
1.645621591e-07
-5.679188503e-08
1.590028986e-07
-5.797355647e-08
1.529331903e-07
-5.919537171e-08
1.463387916e-07
-6.048999826e-08
1.391998091e-07
-6.188973702e-08
1.314916947e-07
-6.342627671e-08
1.231860787e-07
-6.513042271e-08
1.142514597e-07
-6.70317834e-08
1.046537748e-07
-6.915839565e-08
9.43568756e-08
-7.153626804e-08
8.332293696e-08
-7.418881676e-08
7.151283143e-08
-7.713616309e-08
5.888650804e-08
-8.039425401e-08
4.540342634e-08
-8.397375785e-08
3.102311384e-08
-8.787868587e-08
1.570591581e-08
-9.21046581e-08
-5.859516097e-10
-9.663664748e-08
-1.788666664e-08
-1.014464833e-07
-3.622463949e-08
-1.064894628e-07
-5.561948688e-08
-1.117003928e-07
-7.607727447e-08
-1.169889243e-07
-9.758410982e-08
-1.222342761e-07
-1.200972544e-07
-1.272796265e-07
-1.43533086e-07
-1.31926741e-07
-1.677511976e-07
-1.359318393e-07
-1.925340574e-07
-1.390042689e-07
-2.175621001e-07
-1.40810184e-07
-2.423850357e-07
-1.409839894e-07
-2.663917053e-07
-1.391504923e-07
-2.887830543e-07
-1.349601277e-07
-3.085555578e-07
-1.281378424e-07
-3.245050602e-07
-1.185429992e-07
-3.352623144e-07
-1.062332596e-07
-3.393698509e-07
-9.152087093e-08
-3.354036133e-07
-7.50069761e-08
-3.221315548e-07
-5.758061227e-08
-2.986868137e-07
-4.037533081e-08
-2.64719607e-07
-2.468727947e-08
-2.204853881e-07
-1.187125438e-08
-1.668313326e-07
-3.240857303e-09
-1.050657242e-07
-3.67455458e-08
-5.308451092e-10
1.746276081e-08
-2.005824169e-09
4.881849279e-08
-4.266449873e-09
7.653010581e-08
-7.131413126e-09
1.006215356e-07
-1.04174312e-08
1.212192486e-07
-1.39531894e-08
1.385255902e-07
-1.758807876e-08
1.52795188e-07
-2.119660787e-08
1.643130322e-07
-2.467950493e-08
1.733755806e-07
-2.796257931e-08
1.80275786e-07
-3.099425849e-08
1.852920813e-07
-3.374249555e-08
1.886809225e-07
-3.619153047e-08
1.906723112e-07
-3.833880925e-08
1.914676759e-07
-4.019222951e-08
1.91239528e-07
-4.176778466e-08
1.901323776e-07
-4.308761643e-08
1.882644887e-07
-4.417844829e-08
1.857301335e-07
-4.507035317e-08
1.826020942e-07
-4.579580186e-08
1.789342212e-07
-4.638893894e-08
1.747639203e-07
-4.688503717e-08
1.70114483e-07
-4.732008792e-08
1.649972099e-07
-4.773049133e-08
1.594133021e-07
-4.815281672e-08
1.533555157e-07
-4.862360824e-08
1.468095831e-07
-4.917921428e-08
1.397554151e-07
-4.985562419e-08
1.321681046e-07
-5.068829685e-08
1.240187513e-07
-5.17119653e-08
1.152751281e-07
-5.296040248e-08
1.05902212e-07
-5.446613236e-08
9.58626055e-08
-5.626006764e-08
8.511687226e-08
-5.837105118e-08
7.362381498e-08
-6.082527281e-08
6.134072968e-08
-6.364552447e-08
4.822367801e-08
-6.685024504e-08
3.422783442e-08
-7.04523073e-08
1.930797809e-08
-7.445746533e-08
3.41920643e-09
-7.886224251e-08
-1.348188944e-08
-8.365154081e-08
-3.143534119e-08
-8.879537781e-08
-5.047564986e-08
-9.424485349e-08
-7.062779877e-08
-9.992721361e-08
-9.190174969e-08
-1.057399621e-07
-1.14284506e-07
-1.115441398e-07
-1.377289082e-07
-1.171571529e-07
-1.621381844e-07
-1.223459749e-07
-1.873452354e-07
-1.26822186e-07
-2.130858889e-07
-1.302411319e-07
-2.389660898e-07
-1.322083784e-07
-2.644244588e-07
-1.322973204e-07
-2.886941123e-07
-1.300817903e-07
-3.107710879e-07
-1.251861695e-07
-3.294006811e-07
-1.173522575e-07
-3.430962264e-07
-1.065168911e-07
-3.502052172e-07
-9.28879192e-08
-3.490325852e-07
-7.70008071e-08
-3.380186669e-07
-5.973694966e-08
-3.159506711e-07
-4.229040872e-08
-2.821661479e-07
-2.608269223e-08
-2.366931046e-07
-1.264230057e-08
-1.802717243e-07
-3.480595866e-09
-1.142274289e-07
-4.022614167e-08
-5.793764634e-10
1.804213728e-08
-2.175606758e-09
5.04147231e-08
-4.59645298e-09
7.895095205e-08
-7.623819243e-09
1.036489019e-07
-1.104087808e-08
1.246363075e-07
-1.464933496e-08
1.421340471e-07
-1.827943598e-08
1.564252891e-07
-2.179422826e-08
1.678278245e-07
-2.508966317e-08
1.766710155e-07
-2.809208102e-08
1.832782039e-07
-3.075431574e-08
1.87954316e-07
-3.305130384e-08
1.909779106e-07
-3.497576953e-08
1.925967769e-07
-3.653431384e-08
1.930262203e-07
-3.774406109e-08
1.924492752e-07
-3.862990131e-08
1.910182179e-07
-3.922229886e-08
1.888568862e-07
-3.955560118e-08
1.860634359e-07
-3.966676783e-08
1.827132609e-07
-3.959443874e-08
1.788618922e-07
-3.937826737e-08
1.74547749e-07
-3.905845415e-08
1.697946698e-07
-3.86754271e-08
1.646141828e-07
-3.826962541e-08
1.590075004e-07
-3.788135321e-08
1.529672435e-07
-3.755067582e-08
1.464789057e-07
-3.731733495e-08
1.395220743e-07
-3.72206686e-08
1.320714382e-07
-3.729952203e-08
1.240976048e-07
-3.759213412e-08
1.155677402e-07
-3.813598738e-08
1.064460653e-07
-3.896760895e-08
9.669422708e-08
-4.012230689e-08
8.62715702e-08
-4.163382213e-08
7.513533024e-08
-4.35338713e-08
6.324077886e-08
-4.585154663e-08
5.054135336e-08
-4.861252829e-08
3.698881609e-08
-5.183805528e-08
2.253350509e-08
-5.554357555e-08
7.124726713e-09
-5.973690757e-08
-9.288557407e-09
-6.441596535e-08
-2.67562834e-08
-6.956575772e-08
-4.532585748e-08
-7.515445847e-08
-6.503909801e-08
-8.112841906e-08
-8.592778909e-08
-8.740594924e-08
-1.080069758e-07
-9.386980506e-08
-1.312650524e-07
-1.003585385e-07
-1.55649451e-07
-1.066572732e-07
-1.810465007e-07
-1.124891322e-07
-2.0725403e-07
-1.175094852e-07
-2.339457368e-07
-1.213063988e-07
-2.606275452e-07
-1.234118971e-07
-2.86588614e-07
-1.233293872e-07
-3.108535978e-07
-1.205820413e-07
-3.32148027e-07
-1.147841073e-07
-3.488941603e-07
-1.057313487e-07
-3.592579759e-07
-9.349853267e-08
-3.612654012e-07
-7.852334026e-08
-3.529938593e-07
-6.1651319e-08
-3.328226923e-07
-4.412013291e-08
-2.99697334e-07
-2.747565936e-08
-2.533375782e-07
-1.343489716e-08
-1.943124865e-07
-3.73279032e-09
-1.239295357e-07
-4.395893199e-08
-6.493878892e-10
1.869152518e-08
-2.418987211e-09
5.218432243e-08
-5.068896575e-09
8.160086143e-08
-8.331122509e-09
1.069111278e-07
-1.194492969e-08
1.282501146e-07
-1.567806032e-08
1.458671778e-07
-1.933784178e-08
1.600850705e-07
-2.277470268e-08
1.712646854e-07
-2.588054342e-08
1.797768563e-07
-2.858414853e-08
1.85981809e-07
-3.08452889e-08
1.902154564e-07
-3.264861165e-08
1.927812334e-07
-3.399796795e-08
1.939461332e-07
-3.491150391e-08
1.939397562e-07
-3.541762381e-08
1.929553952e-07
-3.555180403e-08
1.911523981e-07
-3.535416716e-08
1.886592494e-07
-3.486769605e-08
1.855769648e-07
-3.413696353e-08
1.819825284e-07
-3.320726247e-08
1.779321911e-07
-3.212403667e-08
1.734645232e-07
-3.093252933e-08
1.686031625e-07
-2.967758556e-08
1.633592391e-07
-2.840355521e-08
1.577334701e-07
-2.715426155e-08
1.517179498e-07
-2.59730065e-08
1.452976507e-07
-2.490258345e-08
1.384516512e-07
-2.398529041e-08
1.311541452e-07
-2.326293275e-08
1.233752471e-07
-2.277679668e-08
1.150816042e-07
-2.256758659e-08
1.062368552e-07
-2.267531891e-08
9.680195941e-08
-2.31391589e-08
8.673541021e-08
-2.39971849e-08
7.599335625e-08
-2.528605919e-08
6.452965316e-08
-2.704057681e-08
5.229587098e-08
-2.9293052e-08
3.924129129e-08
-3.207248825e-08
2.531294135e-08
-3.540346178e-08
1.045570025e-08
-3.930458176e-08
-5.38743742e-09
-4.378642721e-08
-2.227443794e-08
-4.884887922e-08
-4.026340547e-08
-5.44774507e-08
-5.941052651e-08
-6.063846879e-08
-7.976677099e-08
-6.727281574e-08
-1.013726288e-07
-7.428799443e-08
-1.242498737e-07
-8.154842424e-08
-1.483890212e-07
-8.886420846e-08
-1.737307164e-07
-9.597923675e-08
-2.001390017e-07
-1.025604591e-07
-2.273645144e-07
-1.081916347e-07
-2.549963696e-07
-1.123766237e-07
-2.82403625e-07
-1.145589103e-07
-3.086713111e-07
-1.141646374e-07
-3.325422998e-07
-1.106746227e-07
-3.523841751e-07
-1.037251842e-07
-3.662074144e-07
-9.322772949e-08
-3.717628559e-07
-7.948476238e-08
-3.667368264e-07
-6.327009641e-08
-3.490373583e-07
-4.584057012e-08
-3.171268603e-07
-2.88608295e-08
-2.703173188e-07
-1.425100953e-08
-2.089223064e-07
-3.999292082e-09
-1.341812532e-07
-4.795822407e-08
-7.47136113e-10
1.94386613e-08
-2.756123878e-09
5.419331021e-08
-5.720528217e-09
8.456526578e-08
-9.305274939e-09
1.104958746e-07
-1.319277126e-08
1.32137611e-07
-1.710867517e-08
1.497830817e-07
-2.083359815e-08
1.638099935e-07
-2.420487278e-08
1.746359601e-07
-2.711209459e-08
1.826840781e-07
-2.948950236e-08
1.883592168e-07
-3.130734447e-08
1.920332985e-07
-3.256354722e-08
1.940374362e-07
-3.327637837e-08
1.946589643e-07
-3.34783801e-08
1.94141758e-07
-3.321159037e-08
1.926886054e-07
-3.25239336e-08
1.904647414e-07
-3.146660122e-08
1.87601917e-07
-3.009222874e-08
1.842025923e-07
-2.845368847e-08
1.803439881e-07
-2.66033412e-08
1.760818439e-07
-2.459261841e-08
1.714538004e-07
-2.247183122e-08
1.664823753e-07
-2.029013363e-08
1.611775415e-07
-1.809557239e-08
1.555389088e-07
-1.593519555e-08
1.49557573e-07
-1.385519006e-08
1.432176452e-07
-1.190100034e-08
1.364974615e-07
-1.011744515e-08
1.2937059e-07
-8.548824345e-09
1.218066263e-07
-7.238981359e-09
1.137717612e-07
-6.231329881e-09
1.052292037e-07
-5.568842866e-09
9.61394724e-08
-5.293989677e-09
8.646055703e-08
-5.44861132e-09
7.61479779e-08
-6.073717787e-09
6.515475963e-08
-7.209184153e-09
5.343133736e-08
-8.893311028e-09
4.092541817e-08
-1.116219961e-08
2.758182994e-08
-1.40488813e-08
1.334238195e-08
-1.758209392e-08
-1.854224797e-09
-2.178448409e-08
-1.807204777e-08
-2.667034804e-08
-3.537754151e-08
-3.224234084e-08
-5.383853371e-08
-3.848701547e-08
-7.352209636e-08
-4.536880943e-08
-9.449083484e-08
-5.282207387e-08
-1.167966093e-07
-6.074080358e-08
-1.404702915e-07
-6.896597335e-08
-1.655055467e-07
-7.727086589e-08
-1.918341091e-07
-8.534567616e-08
-2.192897042e-07
-9.278431383e-08
-2.475577319e-07
-9.907849246e-08
-2.761094463e-07
-1.036267377e-07
-3.041230659e-07
-1.057679837e-07
-3.304010538e-07
-1.048493198e-07
-3.53302839e-07
-1.003328733e-07
-3.70723861e-07
-9.193614133e-08
-3.801595878e-07
-7.978394636e-08
-3.788890214e-07
-6.453353986e-08
-3.642877648e-07
-4.742679798e-08
-3.342336021e-07
-3.023494518e-08
-2.875091716e-07
-1.509507107e-08
-2.240621805e-07
-4.283069489e-09
-1.449932547e-07
-5.224129356e-08
-8.808368645e-10
2.031949817e-08
-3.212772724e-09
5.652524608e-08
-6.597028831e-09
8.79495219e-08
-1.060888336e-08
1.145077291e-07
-1.485784382e-08
1.363865715e-07
-1.901833586e-08
1.539435737e-07
-2.284089081e-08
1.676325485e-07
-2.615051922e-08
1.779455885e-07
-2.883781556e-08
1.853713745e-07
-3.08470086e-08
1.903684098e-07
-3.216367465e-08
1.933499646e-07
-3.280361044e-08
1.94677372e-07
-3.280352353e-08
1.946588774e-07
-3.221368276e-08
1.935519172e-07
-3.109238882e-08
1.915673115e-07
-2.950199762e-08
1.888743502e-07
-2.750619353e-08
1.856061129e-07
-2.516822434e-08
1.818646231e-07
-2.254984756e-08
1.777256114e-07
-1.971078469e-08
1.73242781e-07
-1.670852316e-08
1.684515389e-07
-1.359833785e-08
1.6337219e-07
-1.043346597e-08
1.580126696e-07
-7.265327912e-09
1.523707708e-07
-4.143803692e-09
1.464360488e-07
-1.117522898e-09
1.401913645e-07
1.765877182e-09
1.336140615e-07
4.459522345e-09
1.266769449e-07
6.917130089e-09
1.193490186e-07
9.092831739e-09
1.115960596e-07
1.094104021e-08
1.033809952e-07
1.24163724e-08
9.466414022e-08
1.347361485e-08
8.540331458e-08
1.40677415e-08
7.555385127e-08
1.415399484e-08
6.506850629e-08
1.368804847e-08
5.389728373e-08
1.262627873e-08
4.198718793e-08
1.092618847e-08
2.92819202e-08
8.547033392e-09
1.572153703e-08
5.450731557e-09
1.24207704e-09
1.603330972e-09
-1.422464718e-08
-3.023147309e-09
-3.075106322e-08
-8.44789264e-09
-4.841378838e-08
-1.467736848e-08
-6.729262052e-08
-2.169977981e-08
-8.746842351e-08
-2.947744995e-08
-1.090189391e-07
-3.793650936e-08
-1.320112321e-07
-4.695347126e-08
-1.564885848e-07
-5.633855299e-08
-1.824490274e-07
-6.581629726e-08
-2.098119599e-07
-7.500574386e-08
-2.383682853e-07
-8.340467413e-08
-2.677105161e-07
-9.038591315e-08
-2.971418269e-07
-9.521726098e-08
-3.255697059e-07
-9.71188952e-08
-3.514012047e-07
-9.536979729e-08
-3.724729589e-07
-8.946470939e-08
-3.860646757e-07
-7.930386356e-08
-3.890498672e-07
-6.537292702e-08
-3.782187013e-07
-4.885212883e-08
-3.507544003e-07
-3.159757124e-08
-3.047637292e-07
-1.59750658e-08
-2.39684686e-07
-4.588745333e-09
-1.563795752e-07
-5.683003889e-08
-1.061430836e-09
2.138092901e-08
-3.822129819e-09
5.928594507e-08
-7.755348321e-09
9.188274041e-08
-1.231704879e-08
1.190694296e-07
-1.702423477e-08
1.410937574e-07
-2.149031467e-08
1.584096537e-07
-2.543360692e-08
1.715758408e-07
-2.866969291e-08
1.811816745e-07
-3.109577128e-08
1.877974529e-07
-3.267266761e-08
1.919453061e-07
-3.340779235e-08
1.940850893e-07
-3.334060636e-08
1.94610186e-07
-3.253107232e-08
1.938493434e-07
-3.105097464e-08
1.920718196e-07
-2.897771356e-08
1.894940504e-07
-2.639009226e-08
1.862867289e-07
-2.336563056e-08
1.825816512e-07
-1.997899941e-08
1.78477992e-07
-1.630124536e-08
1.740478573e-07
-1.239954949e-08
1.693410851e-07
-8.337336519e-09
1.643893259e-07
-4.174557683e-09
1.592094111e-07
3.188456517e-11
1.538062274e-07
4.227602233e-09
1.481750531e-07
8.360339641e-09
1.423033114e-07
1.237957026e-08
1.361721339e-07
1.623604014e-08
1.297575916e-07
1.98814189e-08
1.230315661e-07
2.326798823e-08
1.159624493e-07
2.634839028e-08
1.085156575e-07
2.9075414e-08
1.006539715e-07
3.140182119e-08
9.233773304e-08
3.328021702e-08
8.352491875e-08
3.466296589e-08
7.41711024e-08
3.550215845e-08
6.422931374e-08
3.574964191e-08
5.364980027e-08
3.535713413e-08
4.237969571e-08
3.427645527e-08
3.036259906e-08
3.245992241e-08
1.753806988e-08
2.986097913e-08
3.841020323e-09
2.643526885e-08
-1.07989369e-08
2.214208562e-08
-2.645788e-08
1.69466371e-08
-4.321833986e-08
1.0823355e-08
-6.116933843e-08
3.760737665e-09
-8.040580618e-08
-4.231663582e-09
-1.010265379e-07
-1.311341474e-08
-1.231294809e-07
-2.27997936e-08
-1.468022059e-07
-3.314402399e-08
-1.72104797e-07
-4.391492643e-08
-1.990410575e-07
-5.477133857e-08
-2.275118732e-07
-6.523663585e-08
-2.572452188e-07
-7.468096102e-08
-2.876975018e-07
-8.232359226e-08
-3.179270747e-07
-8.727320224e-08
-3.464515948e-07
-8.862504447e-08
-3.711211167e-07
-8.562679456e-08
-3.890629256e-07
-7.790435816e-08
-3.967723036e-07
-6.570559114e-08
-3.904174684e-07
-5.008623252e-08
-3.663737589e-07
-3.295170587e-08
-3.218982558e-07
-1.690396836e-08
-2.557324235e-07
-4.923387624e-09
-1.683601559e-07
-6.175342652e-08
-1.303714439e-09
2.268464345e-08
-4.627351029e-09
6.260958167e-08
-9.266545217e-09
9.652193461e-08
-1.451898393e-08
1.243218683e-07
-1.978573899e-08
1.463605125e-07
-2.460968644e-08
1.632336011e-07
-2.867736655e-08
1.756435209e-07
-3.180122546e-08
1.843055334e-07
-3.389397264e-08
1.898902e-07
-3.494237333e-08
1.929937068e-07
-3.498420269e-08
1.941269187e-07
-3.408972775e-08
1.937157111e-07
-3.234777058e-08
1.921073862e-07
-2.985578792e-08
1.895798369e-07
-2.671319068e-08
1.863514532e-07
-2.301713054e-08
1.825906687e-07
-1.88600809e-08
1.784246016e-07
-1.432866897e-08
1.739465801e-07
-9.50334079e-09
1.692225292e-07
-4.458535976e-09
1.642962803e-07
7.367960382e-10
1.591939939e-07
6.018461073e-09
1.539277461e-07
1.13263895e-08
1.48498299e-07
1.660398786e-08
1.428974548e-07
2.179735807e-08
1.371099412e-07
2.685468353e-08
1.311148084e-07
3.172570752e-08
1.248865676e-07
3.636124384e-08
1.183960298e-07
4.071275712e-08
1.11610936e-07
4.473200792e-08
1.044964067e-07
4.837074865e-08
9.70152308e-08
5.158046419e-08
8.912801751e-08
5.431215431e-08
8.079322863e-08
5.651615592e-08
7.19671008e-08
5.814200625e-08
6.26034634e-08
5.913835348e-08
5.265345304e-08
5.945292821e-08
4.206512099e-08
5.903260058e-08
3.078292668e-08
5.78235619e-08
1.874710857e-08
5.577168431e-08
5.892897903e-09
5.282320105e-08
-7.850453646e-09
4.892578093e-08
-2.256045988e-08
4.403022037e-08
-3.83227793e-08
3.809306443e-08
-5.523218249e-08
3.108064053e-08
-7.339338228e-08
2.297510145e-08
-9.292099881e-08
1.378326468e-08
-1.139376441e-07
3.549385125e-09
-1.365683263e-07
-7.626917226e-09
-1.609284947e-07
-1.9566856e-08
-1.871011187e-07
-3.198258234e-08
-2.150961469e-07
-4.444292975e-08
-2.447848714e-07
-5.634123713e-08
-2.757991944e-07
-6.687720898e-08
-3.073911029e-07
-7.507322468e-08
-3.382555791e-07
-7.985152228e-08
-3.663428191e-07
-8.019682096e-08
-3.88717627e-07
-7.541107788e-08
-4.015580467e-07
-6.542661172e-08
-4.004019345e-07
-5.109127647e-08
-3.807090942e-07
-3.430396468e-08
-3.386855676e-07
-1.790164071e-08
-2.721347475e-07
-5.297693701e-09
-1.80964103e-07
-6.705112022e-08
-1.628052366e-09
2.431269583e-08
-5.685024549e-09
6.666655386e-08
-1.121909369e-08
1.020560037e-07
-1.731876436e-08
1.30421539e-07
-2.324222996e-08
1.522839781e-07
-2.845440878e-08
1.684457799e-07
-3.26152244e-08
1.798043365e-07
-3.55455259e-08
1.872358349e-07
-3.718703679e-08
1.915317109e-07
-3.756529944e-08
1.933719695e-07
-3.675934666e-08
1.933209659e-07
-3.487879346e-08
1.918351579e-07
-3.204759515e-08
1.892761879e-07
-2.839320009e-08
1.859254418e-07
-2.403978037e-08
1.819980335e-07
-1.91043912e-08
1.776552796e-07
-1.369514233e-08
1.730153527e-07
-7.910690875e-09
1.681621286e-07
-1.840499407e-09
1.631523377e-07
4.434260367e-09
1.580215206e-07
1.083973713e-08
1.527885171e-07
1.730847354e-08
1.474590097e-07
2.377823207e-08
1.420285404e-07
3.019095693e-08
1.364847299e-07
3.649189043e-08
1.308090077e-07
4.262875802e-08
1.249779408e-07
4.855107129e-08
1.189642543e-07
5.4209518e-08
1.127375831e-07
5.955543674e-08
1.062650173e-07
6.454036661e-08
9.951147685e-08
6.911565802e-08
9.243993939e-08
7.323213393e-08
8.50115416e-08
7.683979313e-08
7.718556943e-08
7.988754938e-08
6.891934455e-08
8.232300331e-08
6.016800947e-08
8.409224819e-08
5.088420816e-08
8.513971664e-08
4.101765254e-08
8.540808428e-08
3.051455903e-08
8.483825889e-08
1.931693395e-08
8.336949424e-08
7.361662545e-09
8.093971953e-08
-5.420678934e-09
7.748623063e-08
-1.910697098e-08
7.29468244e-08
-3.378337309e-08
6.72617051e-08
-4.954706319e-08
6.037659739e-08
-6.650827458e-08
5.224766662e-08
-8.479206805e-08
4.284911513e-08
-1.045390927e-07
3.218469401e-08
-1.259039052e-07
2.030456108e-08
-1.490483617e-07
7.329140557e-09
-1.741256982e-07
-6.5183289e-09
-2.012486774e-07
-2.087101911e-08
-2.304321812e-07
-3.517294554e-08
-2.61497268e-07
-4.863894858e-08
-2.939250998e-07
-6.024082685e-08
-3.266537008e-07
-6.87528361e-08
-3.578308098e-07
-7.289435815e-08
-3.845761049e-07
-7.159887013e-08
-4.028535347e-07
-6.439522097e-08
-4.076055837e-07
-5.181454606e-08
-3.932897691e-07
-3.56636811e-08
-3.548364326e-07
-1.899727111e-08
-2.888011575e-07
-5.727794564e-09
-1.942335795e-07
-7.277891479e-08
-2.063041838e-09
2.637573767e-08
-7.069974938e-09
7.167348697e-08
-1.372239187e-08
1.087084207e-07
-2.083387423e-08
1.375330213e-07
-2.749085265e-08
1.589409565e-07
-3.307833837e-08
1.740332657e-07
-3.724290599e-08
1.839689041e-07
-3.983314958e-08
1.898260785e-07
-4.083949114e-08
1.925380525e-07
-4.034335022e-08
1.928758286e-07
-3.847846919e-08
1.914560849e-07
-3.540360395e-08
1.887602926e-07
-3.12844609e-08
1.851570449e-07
-2.628257094e-08
1.809235519e-07
-2.054906648e-08
1.76264529e-07
-1.422175907e-08
1.713279722e-07
-7.424333923e-09
1.662179276e-07
-2.667657898e-10
1.610045605e-07
7.153274145e-09
1.557322978e-07
1.474905641e-08
1.504257383e-07
2.244333932e-08
1.450942342e-07
3.01665808e-08
1.397357682e-07
3.785549876e-08
1.343396225e-07
4.545176268e-08
1.28888466e-07
5.290084089e-08
1.233599295e-07
6.015100037e-08
1.177277813e-07
6.715245278e-08
1.119628019e-07
7.385662311e-08
1.060334128e-07
8.021552497e-08
9.99061154e-08
8.618122515e-08
9.354577668e-08
9.170537973e-08
8.691578481e-08
9.673882646e-08
7.997809486e-08
1.012312206e-07
7.269317526e-08
1.051307044e-07
6.501986082e-08
1.083836021e-07
5.691511173e-08
1.109341388e-07
4.833367145e-08
1.127241818e-07
3.922760948e-08
1.136930147e-07
2.954572614e-08
1.137771602e-07
1.923278848e-08
1.129102788e-07
8.228543918e-09
1.110231927e-07
-3.533592858e-09
1.080442081e-07
-1.612798637e-08
1.038997237e-07
-2.963888868e-08
9.851543378e-08
-4.416277327e-08
9.181849379e-08
-5.981133461e-08
8.374120144e-08
-7.67147757e-08
7.422704806e-08
-9.502493929e-08
6.324041076e-08
-1.149172679e-07
5.078160195e-08
-1.365895529e-07
3.690951769e-08
-1.602536139e-07
2.177429226e-08
-1.86113452e-07
5.661753702e-09
-2.143196426e-07
-1.095006845e-08
-2.448854458e-07
-2.733016286e-08
-2.775450054e-07
-4.24461257e-08
-3.11537738e-07
-5.496638001e-08
-3.453105555e-07
-6.336233029e-08
-3.761801547e-07
-6.616731698e-08
-4.00048548e-07
-6.241291924e-08
-4.113599815e-07
-5.217486257e-08
-4.035278258e-07
-3.703955537e-08
-3.699717398e-07
-2.023233575e-08
-3.056083771e-07
-6.238046141e-09
-2.082278691e-07
-7.901696093e-08
-2.649761417e-09
2.902549909e-08
-8.881861662e-09
7.790558722e-08
-1.690961901e-08
1.16736178e-07
-2.518880271e-08
1.458122051e-07
-3.260747839e-08
1.663596322e-07
-3.848026036e-08
1.799060476e-07
-4.24668572e-08
1.87955501e-07
-4.447413441e-08
1.918333557e-07
-4.456883536e-08
1.926327534e-07
-4.291019293e-08
1.912171862e-07
-3.970251546e-08
1.882484074e-07
-3.516421211e-08
1.842219893e-07
-2.950902466e-08
1.795018574e-07
-2.293574196e-08
1.743502692e-07
-1.562347675e-08
1.689522638e-07
-7.730397824e-09
1.634348933e-07
6.055515555e-10
1.578819782e-07
9.264536201e-09
1.523455758e-07
1.814274852e-08
1.468540855e-07
2.715014812e-08
1.414183387e-07
3.62078421e-08
1.360365403e-07
4.52460179e-08
1.306975925e-07
5.420205306e-08
1.253835873e-07
6.30188806e-08
1.200716385e-07
7.164359353e-08
1.147352166e-07
8.002626263e-08
1.093451122e-07
8.811894209e-08
1.038701225e-07
9.587483105e-08
9.82775238e-08
1.032475644e-07
9.253338203e-08
1.101906081e-07
8.660273301e-08
1.166567358e-07
8.044965705e-08
1.225975683e-07
7.403726242e-08
1.279631571e-07
6.732758645e-08
1.327016011e-07
6.028141681e-08
1.367586833e-07
5.285802957e-08
1.400775208e-07
4.501483389e-08
1.425982247e-07
3.670690559e-08
1.442575687e-07
2.788638211e-08
1.449886766e-07
1.850168063e-08
1.447207395e-07
8.496481037e-09
1.43378784e-07
-2.191637408e-09
1.408836506e-07
-1.363285298e-08
1.371521239e-07
-2.590736199e-08
1.320974762e-07
-3.910812563e-08
1.256307035e-07
-5.334456187e-08
1.176629245e-07
-6.874699669e-08
1.081097139e-07
-8.547172877e-08
9.68985811e-08
-1.037061351e-07
8.39814011e-08
-1.23672373e-07
6.935440816e-08
-1.45626621e-07
5.30891047e-08
-1.698481486e-07
3.537771259e-08
-1.966082505e-07
1.659547652e-08
-2.261032098e-07
-2.621193932e-09
-2.58328335e-07
-2.12925093e-08
-2.928664226e-07
-3.804215734e-08
-3.285609075e-07
-5.113787033e-08
-3.630844417e-07
-5.870531717e-08
-3.924811012e-07
-5.918870991e-08
-4.108765887e-07
-5.203813614e-08
-4.106783996e-07
-3.843104408e-08
-3.835788319e-07
-2.166370696e-08
-3.223757142e-07
-6.865392321e-09
-2.230261838e-07
-8.588235325e-08
-3.448674305e-09
3.247417339e-08
-1.125394836e-08
8.571086128e-08
-2.093764525e-08
1.264198749e-07
-3.049808243e-08
1.553726422e-07
-3.86100129e-08
1.744715627e-07
-4.454874698e-08
1.858447817e-07
-4.803420133e-08
1.914409553e-07
-4.907733331e-08
1.928764877e-07
-4.785832854e-08
1.914137487e-07
-4.464095584e-08
1.879998135e-07
-3.971745927e-08
1.833249108e-07
-3.337591076e-08
1.778804408e-07
-2.588277814e-08
1.720087248e-07
-1.74752183e-08
1.659427094e-07
-8.359166751e-09
1.598362123e-07
1.289340935e-09
1.537863856e-07
1.132086751e-08
1.478504516e-07
2.160925209e-08
1.420571913e-07
3.204807585e-08
1.364152617e-07
4.254682327e-08
1.309195913e-07
5.302783486e-08
1.255555287e-07
6.342359801e-08
1.203018293e-07
7.367443746e-08
1.151327479e-07
8.372657669e-08
1.100194992e-07
9.353052488e-08
1.049312684e-07
1.0303974e-07
9.983589712e-08
1.122095228e-07
9.470033966e-08
1.209960985e-07
8.949094808e-08
1.293558487e-07
8.417363181e-08
1.372446616e-07
7.871392019e-08
1.44617372e-07
7.307694663e-08
1.514272689e-07
6.722736553e-08
1.576256486e-07
6.112920674e-08
1.631613985e-07
5.474566687e-08
1.679805969e-07
4.803883112e-08
1.720261178e-07
4.0969313e-08
1.75237232e-07
3.349579141e-08
1.775491996e-07
2.55744145e-08
1.788928524e-07
1.715802784e-08
1.791941675e-07
8.19516591e-09
1.783738298e-07
-1.371299758e-09
1.763469028e-07
-1.160592599e-08
1.730225366e-07
-2.25829958e-08
1.683039181e-07
-3.438950714e-08
1.620886339e-07
-4.712927768e-08
1.542698102e-07
-6.092817297e-08
1.447386624e-07
-7.594058094e-08
1.33389516e-07
-9.235698877e-08
1.201290251e-07
-1.104118821e-07
1.048922948e-07
-1.303898907e-07
8.766983999e-08
-1.526256937e-07
6.855054737e-08
-1.774889579e-07
4.778618702e-08
-2.053388494e-07
2.588090009e-08
-2.364230481e-07
3.700377987e-09
-2.706859005e-07
-1.741717009e-08
-3.074433594e-07
-3.561432136e-08
-3.448872904e-07
-4.864082786e-08
-3.794545947e-07
-5.428465077e-08
-4.052327658e-07
-5.11740513e-08
-4.137889991e-07
-3.98088013e-08
-3.949440819e-07
-2.336551055e-08
-3.38819005e-07
-7.666160593e-09
-2.387255338e-07
-9.354851385e-08
-4.550909654e-09
3.702508305e-08
-1.436366186e-08
9.552361348e-08
-2.597820779e-08
1.380344209e-07
-3.682725585e-08
1.662216903e-07
-4.538794105e-08
1.830322479e-07
-5.096528787e-08
1.914221285e-07
-5.341700064e-08
1.938926681e-07
-5.292345051e-08
1.923829376e-07
-4.982534858e-08
1.883156467e-07
-4.452099058e-08
1.826954555e-07
-3.74071319e-08
1.762110522e-07
-2.88486015e-08
1.693219104e-07
-1.916549723e-08
1.623256206e-07
-8.630505261e-09
1.554077174e-07
2.528404003e-09
1.48677303e-07
1.412257954e-08
1.4219221e-07
2.599720426e-08
1.359758269e-07
3.802560019e-08
1.300287953e-07
5.010350488e-08
1.24337357e-07
6.214453546e-08
1.188785607e-07
7.407626769e-08
1.136237964e-07
8.583697371e-08
1.085411233e-07
9.737294045e-08
1.035967811e-07
1.08636284e-07
9.875615567e-08
1.195831763e-07
9.398437608e-08
1.301724072e-07
8.924666616e-08
1.403642172e-07
8.450852971e-08
1.501193428e-07
7.973582248e-08
1.593982296e-07
7.489474496e-08
1.681603726e-07
6.995177723e-08
1.763637514e-07
6.487356783e-08
1.839643346e-07
5.962678234e-08
1.909156294e-07
5.417791186e-08
1.97168259e-07
4.84930373e-08
2.026695499e-07
4.253754016e-08
2.07363118e-07
3.627574491e-08
2.111884384e-07
2.967047103e-08
2.140803906e-07
2.268246234e-08
2.15968769e-07
1.526964942e-08
2.167777512e-07
7.386183624e-09
2.164253047e-07
-1.018853206e-09
2.148225958e-07
-1.000321716e-08
2.118733382e-07
-1.963373816e-08
2.074732274e-07
-2.998939636e-08
2.015095167e-07
-4.116556702e-08
1.938609745e-07
-5.327963075e-08
1.843986849e-07
-6.647829137e-08
1.729885268e-07
-8.09468307e-08
1.594968128e-07
-9.692016811e-08
1.438016182e-07
-1.146946961e-07
1.258138775e-07
-1.34637953e-07
1.05514361e-07
-1.571894415e-07
8.301469153e-08
-1.828391799e-07
5.865119607e-08
-2.120595526e-07
3.311584514e-08
-2.451505496e-07
7.613424151e-09
-2.819409385e-07
-1.599358748e-08
-3.212802788e-07
-3.51712683e-08
-3.602769139e-07
-4.703204676e-08
-3.933719874e-07
-4.918036222e-08
-4.116406836e-07
-4.107269037e-08
-4.030517537e-07
-2.542554705e-08
-3.544661483e-07
-8.726230496e-09
-2.554248503e-07
-1.022747444e-07
-6.096345189e-09
4.312142823e-08
-1.84416372e-08
1.078689055e-07
-3.218618798e-08
1.517789716e-07
-4.410798276e-08
1.781434851e-07
-5.256893709e-08
1.914932022e-07
-5.703547533e-08
1.958886668e-07
-5.762279695e-08
1.944799897e-07
-5.476790717e-08
1.895280478e-07
-4.902651537e-08
1.825742549e-07
-4.096014175e-08
1.746290819e-07
-3.108097306e-08
1.663318835e-07
-1.983041875e-08
1.580713561e-07
-7.575627859e-09
1.500708297e-07
5.384532492e-09
1.42447557e-07
1.881011983e-08
1.352517157e-07
3.251074626e-08
1.284915836e-07
4.633601397e-08
1.221505592e-07
6.016682888e-08
1.161979804e-07
7.390854024e-08
1.105956457e-07
8.748521712e-08
1.053018838e-07
1.008350254e-07
1.002739881e-07
1.139065349e-07
9.546961379e-08
1.266557882e-07
9.084752784e-08
1.390439838e-07
8.636796011e-08
1.510356457e-07
8.19927142e-08
1.625971751e-07
7.768513669e-08
1.73695699e-07
7.34100058e-08
1.842981463e-07
6.913337521e-08
1.943704976e-07
6.482239364e-08
2.038771645e-07
6.044511034e-08
2.127804622e-07
5.597027011e-08
2.21040148e-07
5.136709657e-08
2.286130007e-07
4.660505917e-08
2.354524222e-07
4.16536157e-08
2.415080439e-07
3.648191854e-08
2.467253207e-07
3.105846808e-08
2.510451014e-07
2.535069032e-08
2.544031571e-07
1.932440665e-08
2.567296546e-07
1.294315185e-08
2.579485577e-07
6.167280545e-09
2.579769252e-07
-1.047220679e-09
2.567241159e-07
-8.750407933e-09
2.540908442e-07
-1.70004665e-08
2.499681845e-07
-2.586673667e-08
2.442364633e-07
-3.543384575e-08
2.367641547e-07
-4.580732218e-08
2.274070516e-07
-5.712118831e-08
2.160082674e-07
-6.95480465e-08
2.024001807e-07
-8.331208146e-08
1.864104236e-07
-9.870493903e-08
1.678756599e-07
-1.161031893e-07
1.466694472e-07
-1.359832288e-07
1.227539159e-07
-1.589236487e-07
9.626858793e-08
-1.855742246e-07
6.767050249e-08
-2.165524642e-07
3.793156065e-08
-2.522019966e-07
8.769316241e-09
-2.921180344e-07
-1.717072673e-08
-3.34336871e-07
-3.640524519e-08
-3.741374689e-07
-4.535243411e-08
-4.026934947e-07
-4.196424022e-08
-4.064399476e-07
-2.792480563e-08
-3.68505583e-07
-1.01748217e-08
-2.731748343e-07
-1.124495661e-07
-8.300918884e-09
5.142234712e-08
-2.376675528e-08
1.233347419e-07
-3.96107861e-08
1.676230025e-07
-5.19578508e-08
1.904905498e-07
-5.926798122e-08
1.988033326e-07
-6.139681902e-08
1.980175046e-07
-5.888819079e-08
1.919713615e-07
-5.254073277e-08
1.831805898e-07
-4.317753781e-08
1.7321106e-07
-3.154040712e-08
1.629919512e-07
-1.825311061e-08
1.53044587e-07
-3.818672086e-09
1.436369175e-07
1.136733907e-08
1.348848185e-07
2.699952694e-08
1.268153692e-07
4.284580713e-08
1.194054355e-07
5.873078338e-08
1.126066073e-07
7.452235002e-08
1.063589925e-07
9.012112791e-08
1.005992025e-07
1.054520479e-07
9.52647257e-08
1.20457809e-07
9.029612266e-08
1.350938403e-07
8.563795686e-08
1.493244406e-07
8.123901342e-08
1.631198308e-07
7.705213768e-08
1.764539012e-07
7.303388967e-08
1.893024894e-07
6.914412597e-08
2.01642056e-07
6.534557012e-08
2.134486597e-07
6.160340209e-08
2.246971554e-07
5.788487956e-08
2.353605551e-07
5.41589939e-08
2.454095081e-07
5.039615733e-08
2.54811863e-07
4.656791518e-08
2.63532285e-07
4.264667456e-08
2.715319045e-07
3.860543964e-08
2.787679786e-07
3.441754161e-08
2.851935477e-07
3.005634949e-08
2.907570719e-07
2.549494389e-08
2.954020311e-07
2.07057311e-08
2.990664708e-07
1.565996687e-08
3.016824738e-07
1.032714887e-08
3.031755324e-07
4.674221982e-09
3.03463783e-07
-1.33547128e-09
3.024570729e-07
-7.743697896e-09
3.000558005e-07
-1.459919412e-08
2.961495752e-07
-2.196051133e-08
2.906155434e-07
-2.989981403e-08
2.833163786e-07
-3.850815735e-08
2.740980112e-07
-4.790282097e-08
2.627873563e-07
-5.823739162e-08
2.491906986e-07
-6.971542377e-08
2.330942081e-07
-8.260844854e-08
2.142695704e-07
-9.727855163e-08
1.924903685e-07
-1.142040269e-07
1.675691284e-07
-1.340024086e-07
1.394309921e-07
-1.574360884e-07
1.082464705e-07
-1.853679426e-07
7.46475516e-08
-2.186030778e-07
4.003514137e-08
-2.575056242e-07
6.925454486e-09
-3.012271841e-07
-2.083792159e-08
-3.463740929e-07
-3.846336053e-08
-3.850680558e-07
-4.188933028e-08
-4.030139779e-07
-3.087210001e-08
-3.795228132e-07
-1.220012207e-08
-2.918468122e-07
-1.246496881e-07
-1.149260472e-08
6.291495183e-08
-3.060770783e-08
1.42449845e-07
-4.796743767e-08
1.849827323e-07
-5.930198061e-08
2.018250927e-07
-6.361795448e-08
2.031193065e-07
-6.151843335e-08
1.959179834e-07
-5.419330422e-08
1.846462323e-07
-4.290459861e-08
1.718918842e-07
-2.876971959e-08
1.590761809e-07
-1.269576692e-08
1.469179985e-07
4.615865228e-09
1.357329548e-07
2.26390578e-08
1.25613725e-07
4.09894531e-08
1.165344232e-07
5.939150618e-08
1.084133161e-07
7.764980986e-08
1.011471318e-07
9.562779639e-08
9.46286208e-08
1.13231272e-07
8.875551697e-08
1.303960534e-07
8.343442109e-08
1.470788265e-07
7.858195258e-08
1.63250439e-07
7.412451018e-08
1.788910033e-07
6.999739255e-08
1.939863299e-07
6.614368675e-08
2.085253305e-07
6.251313705e-08
2.224981243e-07
5.906109588e-08
2.35894653e-07
5.574759729e-08
2.487036619e-07
5.253656124e-08
2.609119434e-07
4.939512052e-08
2.725037676e-07
4.629305541e-08
2.83460443e-07
4.320231846e-08
2.937599684e-07
4.009663196e-08
3.033767419e-07
3.695114163e-08
3.122813055e-07
3.3742111e-08
3.204401033e-07
3.044664177e-08
3.278152395e-07
2.704240544e-08
3.343642183e-07
2.350737067e-08
3.400396536e-07
1.981950858e-08
3.447889303e-07
1.595645436e-08
3.485537996e-07
1.189509755e-08
3.512698837e-07
7.611064803e-09
3.52866059e-07
3.078046615e-09
3.532636681e-07
-1.733080351e-09
3.523755204e-07
-6.855550202e-09
3.501046056e-07
-1.232827937e-08
3.463424972e-07
-1.819840291e-08
3.409672435e-07
-2.452456035e-08
3.338406387e-07
-3.138155261e-08
3.248047676e-07
-3.886694985e-08
3.13677785e-07
-4.711040907e-08
3.002491167e-07
-5.62867554e-08
2.842748074e-07
-6.663413932e-08
2.654749123e-07
-7.847865655e-08
2.43537152e-07
-9.226626659e-08
2.181353859e-07
-1.086006426e-07
1.889788404e-07
-1.282795429e-07
1.559190602e-07
-1.523081623e-07
1.191542582e-07
-1.818382758e-07
7.957506638e-08
-2.179264324e-07
3.926325481e-08
-2.609153726e-07
2.027681988e-09
-3.091385201e-07
-2.640625511e-08
-3.566341187e-07
-3.957204413e-08
-3.898481889e-07
-3.403164892e-08
-3.850632085e-07
-1.505661185e-08
-3.108218493e-07
-1.397063e-07
-1.613050238e-08
7.904545421e-08
-3.898781994e-08
1.653071625e-07
-5.607218595e-08
2.020670983e-07
-6.358406945e-08
2.093369762e-07
-6.190094758e-08
2.014361846e-07
-5.286361081e-08
1.868806467e-07
-3.852211314e-08
1.703047347e-07
-2.064281616e-08
1.540125872e-07
-5.899536874e-10
1.390233185e-07
2.06422576e-08
1.256857872e-07
4.235954277e-08
1.140156696e-07
6.409430156e-08
1.038789662e-07
8.553937261e-08
9.508935213e-08
1.064997067e-07
8.745298201e-08
1.268570972e-07
8.078974124e-08
1.465447359e-07
7.494098213e-08
1.655294207e-07
6.977083218e-08
1.837992587e-07
6.516458304e-08
2.013552453e-07
6.102596596e-08
2.182055376e-07
5.727421785e-08
2.343615826e-07
5.38413476e-08
2.498355114e-07
5.066975792e-08
2.646383949e-07
4.771025351e-08
2.78779081e-07
4.492040984e-08
2.922634235e-07
4.226325478e-08
3.050937741e-07
3.970621063e-08
3.17268647e-07
3.722024763e-08
3.287824966e-07
3.477920576e-08
3.396255661e-07
3.235924894e-08
3.497837767e-07
2.993842139e-08
3.592386368e-07
2.749628149e-08
3.679671554e-07
2.501359245e-08
3.759417453e-07
2.247205182e-08
3.831301071e-07
1.98540436e-08
3.894950805e-07
1.714239729e-08
3.949944521e-07
1.432013697e-08
3.995807051e-07
1.137020137e-08
4.032006912e-07
8.275111408e-09
4.057952005e-07
5.016555511e-09
4.072983932e-07
1.574853867e-09
4.076370336e-07
-2.071720726e-09
4.067294907e-07
-5.948007292e-09
4.044844237e-07
-1.008321242e-08
4.00799023e-07
-1.451300225e-08
3.95556616e-07
-1.928215337e-08
3.886234418e-07
-2.444837842e-08
3.798443292e-07
-3.008783724e-08
3.69036979e-07
-3.630305885e-08
3.559845883e-07
-4.323436476e-08
3.404267821e-07
-5.107633314e-08
3.220494876e-07
-6.010136207e-08
3.004760198e-07
-7.069279882e-08
2.752652003e-07
-8.338982309e-08
2.459294643e-07
-9.894380685e-08
2.119989837e-07
-1.183776818e-07
1.73178938e-07
-1.430182301e-07
1.296736545e-07
-1.74421149e-07
8.2763933e-08
-2.14005651e-07
3.565940197e-08
-2.620339891e-07
-5.637183685e-09
-3.153375331e-07
-3.238451591e-08
-3.631008567e-07
-3.647604522e-08
-3.809716792e-07
-1.89943209e-08
-3.283035736e-07
-1.587006209e-07
-2.262596255e-08
1.016714168e-07
-4.788405314e-08
1.905652531e-07
-6.045883805e-08
2.146418832e-07
-5.914041518e-08
2.080185533e-07
-4.698198117e-08
1.892777506e-07
-2.755507006e-08
1.674537355e-07
-3.8209558e-09
1.465706204e-07
2.208800345e-08
1.281036279e-07
4.875738793e-08
1.12353934e-07
7.530467042e-08
9.913850468e-08
1.012065211e-07
8.81138189e-08
1.261740626e-07
7.891142465e-08
1.500676417e-07
7.119577307e-08
1.728386669e-07
6.468195681e-08
1.944919703e-07
5.913643782e-08
2.150618404e-07
5.4371112e-08
2.34597064e-07
5.023560856e-08
2.53151785e-07
4.660986209e-08
2.707800522e-07
4.339769872e-08
2.875326738e-07
4.052159629e-08
3.034554911e-07
3.79185303e-08
3.185885136e-07
3.553673537e-08
3.329655632e-07
3.333320387e-08
3.466142108e-07
3.127176228e-08
3.595558719e-07
2.932159371e-08
3.718059809e-07
2.745610157e-08
3.833741956e-07
2.565203297e-08
3.942646024e-07
2.388879889e-08
4.044759082e-07
2.214794318e-08
4.140016063e-07
2.041272327e-08
4.228301135e-07
1.866777423e-08
4.309448726e-07
1.689883343e-08
4.383244166e-07
1.509250776e-08
4.449423926e-07
1.323606756e-08
4.507675367e-07
1.131725318e-08
4.557635939e-07
9.324079816e-09
4.598891701e-07
7.244625117e-09
4.630975e-07
5.066781567e-09
4.653361041e-07
2.777951411e-09
4.665462969e-07
3.646609881e-10
4.666625126e-07
-2.187936439e-09
4.656113346e-07
-4.896829284e-09
4.633102653e-07
-7.782143161e-09
4.596659059e-07
-1.08686428e-08
4.545714547e-07
-1.418770217e-08
4.47903249e-07
-1.778017276e-08
4.395159653e-07
-2.170055354e-08
4.292359809e-07
-2.602307445e-08
4.16852268e-07
-3.085065184e-08
4.021041076e-07
-3.632817275e-08
3.846650338e-07
-4.266228837e-08
3.641231166e-07
-5.015088156e-08
3.399597927e-07
-5.922649923e-08
3.11534694e-07
-7.051870819e-08
2.780955927e-07
-8.493858043e-08
2.388562148e-07
-1.037788523e-07
1.932269349e-07
-1.287918691e-07
1.413439636e-07
-1.621226797e-07
8.508469434e-08
-2.057747198e-07
2.962660842e-08
-2.598794472e-07
-1.506304653e-08
-3.184112017e-07
-3.537581935e-08
-3.606589064e-07
-2.379715935e-08
-3.398822337e-07
-1.824977802e-07
-3.036658602e-08
1.320380028e-07
-5.278384055e-08
2.129825076e-07
-5.206034228e-08
2.139183849e-07
-3.393764152e-08
1.898958526e-07
-5.637117476e-09
1.609772265e-07
2.754304316e-08
1.342735749e-07
6.219374501e-08
1.119199185e-07
9.636022611e-08
9.39371468e-08
1.290368855e-07
7.967727459e-08
1.597800047e-07
6.839538552e-08
1.884636204e-07
5.943020312e-08
2.151303402e-07
5.224470483e-08
2.399040305e-07
4.642208281e-08
2.629402541e-07
4.164573317e-08
2.843996243e-07
3.767706763e-08
3.044343784e-07
3.433635791e-08
3.231823527e-07
3.148763424e-08
3.407649677e-07
2.902724712e-08
3.572872734e-07
2.687539299e-08
3.728389615e-07
2.496990815e-08
3.874957497e-07
2.326174218e-08
4.013208295e-07
2.171165551e-08
4.143662304e-07
2.028780298e-08
4.266740351e-07
1.896395753e-08
4.382774318e-07
1.771819699e-08
4.492016068e-07
1.653192657e-08
4.594644938e-07
1.538914604e-08
4.690773968e-07
1.427589584e-08
4.780455057e-07
1.317983426e-08
4.863683178e-07
1.208991115e-08
4.9403998e-07
1.099611205e-08
5.0104956e-07
9.889253378e-09
5.073812545e-07
8.760813258e-09
5.130145363e-07
7.602785724e-09
5.179242423e-07
6.407547209e-09
5.220805971e-07
5.167725041e-09
5.254491651e-07
3.876057042e-09
5.279907165e-07
2.525230161e-09
5.296609839e-07
1.107684085e-09
5.304102547e-07
-3.846098546e-10
5.301828521e-07
-1.960533912e-09
5.289162726e-07
-3.630249695e-09
5.265400518e-07
-5.405922386e-09
5.22974044e-07
-7.302635005e-09
5.181260233e-07
-9.339681531e-09
5.118882953e-07
-1.154244481e-08
5.041328825e-07
-1.394514067e-08
4.947046745e-07
-1.659486655e-08
4.834116803e-07
-1.955765758e-08
4.700111825e-07
-2.292767495e-08
4.541902284e-07
-2.684133435e-08
4.355386277e-07
-3.14992808e-08
4.135129552e-07
-3.720082682e-08
3.873922047e-07
-4.439795771e-08
3.562326618e-07
-5.377903753e-08
3.188478519e-07
-6.639404236e-08
2.738821227e-07
-8.382613985e-08
2.201347282e-07
-1.083752852e-07
1.574416841e-07
-1.430816758e-07
8.857289821e-08
-1.910106613e-07
2.237173786e-08
-2.522100414e-07
-2.335667913e-08
-3.149304894e-07
-2.742664423e-08
-3.358122686e-07
-2.099244245e-07
-3.525399142e-08
1.672919942e-07
-3.885258831e-08
2.165811045e-07
-8.533005855e-09
1.835988025e-07
3.649129749e-08
1.448715492e-07
8.528982506e-08
1.12178699e-07
1.327567539e-07
8.680664601e-08
1.766318401e-07
6.804483233e-08
2.162106728e-07
5.435831416e-08
2.515691109e-07
4.431883649e-08
2.830985582e-07
3.686593817e-08
3.112812503e-07
3.124751102e-08
3.365899451e-07
2.693601002e-08
3.594471804e-07
2.356484747e-08
3.802136519e-07
2.087926163e-08
3.991900028e-07
1.870071678e-08
4.166237623e-07
1.690259837e-08
4.327175341e-07
1.539386245e-08
4.476367589e-07
1.410802234e-08
4.615164362e-07
1.29957157e-08
4.744666816e-07
1.201966272e-08
4.86577208e-07
1.115121573e-08
4.979208909e-07
1.036797268e-08
5.085565857e-07
9.652108122e-09
5.185313508e-07
8.98919239e-09
5.27882201e-07
8.367346774e-09
5.366374955e-07
7.776632125e-09
5.4481804e-07
7.208601548e-09
5.524379663e-07
6.655969477e-09
5.595054366e-07
6.112363993e-09
5.660232087e-07
5.572139002e-09
5.719890913e-07
5.030229502e-09
5.77396307e-07
4.482037641e-09
5.8223378e-07
3.92334023e-09
5.864863554e-07
3.350210318e-09
5.901349561e-07
2.758946542e-09
5.931566766e-07
2.14600446e-09
5.955248097e-07
1.507924019e-09
5.972087925e-07
8.412472687e-10
5.981740543e-07
1.424222988e-10
5.983817498e-07
-5.923053358e-10
5.977883329e-07
-1.367117067e-09
5.963449177e-07
-2.186834425e-09
5.939962733e-07
-3.057278092e-09
5.906793753e-07
-3.985736941e-09
5.86321336e-07
-4.981642232e-09
5.808364308e-07
-6.057539698e-09
5.741218055e-07
-7.230515376e-09
5.660512553e-07
-8.524316316e-09
5.564661595e-07
-9.972561788e-09
5.451621881e-07
-1.162370353e-08
5.318697049e-07
-1.354885123e-08
5.162248131e-07
-1.585438902e-08
4.977267381e-07
-1.870275184e-08
4.756760853e-07
-2.234730485e-08
4.490888298e-07
-2.719178213e-08
4.165870143e-07
-3.389222678e-08
3.762908834e-07
-4.353000897e-08
3.258080116e-07
-5.789241352e-08
2.625945094e-07
-7.986817363e-08
1.853406062e-07
-1.137567581e-07
9.764483806e-08
-1.645142733e-07
1.563368028e-08
-2.329193316e-07
-2.411660259e-08
-2.960619857e-07
-2.340410271e-07
-1.848584282e-08
1.85777837e-07
4.119515584e-08
1.569001058e-07
1.222099076e-07
1.025840507e-07
1.974128688e-07
6.966858803e-08
2.61680825e-07
4.791074276e-08
3.15085032e-07
3.340243893e-08
3.590969892e-07
2.403287516e-08
3.955105305e-07
1.794477282e-08
4.2594637e-07
1.388299705e-08
4.517149472e-07
1.109736092e-08
4.738308888e-07
9.131569403e-09
4.930652163e-07
7.701682565e-09
5.100000121e-07
6.630051642e-09
5.250751706e-07
5.804103077e-09
5.386249594e-07
5.150927995e-09
5.509053864e-07
4.622171355e-09
5.621142695e-07
4.184979346e-09
5.724058235e-07
3.816468347e-09
5.819012423e-07
3.500296899e-09
5.906963966e-07
3.224508403e-09
5.988674649e-07
2.980147438e-09
6.064750832e-07
2.760354371e-09
6.1356743e-07
2.55976131e-09
6.201825409e-07
2.374081508e-09
6.263500624e-07
2.199825267e-09
6.320925944e-07
2.034100087e-09
6.37426728e-07
1.874467903e-09
6.423638559e-07
1.718841597e-09
6.46910811e-07
1.565408891e-09
6.510703745e-07
1.412575521e-09
6.548416819e-07
1.258922033e-09
6.582205494e-07
1.103170163e-09
6.611997338e-07
9.441558113e-10
6.637691379e-07
7.80806259e-10
6.659159647e-07
6.121196854e-10
6.67624824e-07
4.371451958e-10
6.688777864e-07
2.549615602e-10
6.696543801e-07
6.465354504e-11
6.699315086e-07
-1.347061673e-10
6.696833217e-07
-3.441184713e-10
6.68880912e-07
-5.647073841e-10
6.67491862e-07
-7.977844313e-10
6.65479538e-07
-1.044954023e-09
6.628020617e-07
-1.308260732e-09
6.594108135e-07
-1.590393977e-09
6.552482565e-07
-1.89498276e-09
6.502447704e-07
-2.227029263e-09
6.443140118e-07
-2.593557706e-09
6.373460571e-07
-3.004607087e-09
6.291971438e-07
-3.474790271e-09
6.196741077e-07
-4.025815158e-09
6.08510413e-07
-4.690694241e-09
5.953286771e-07
-5.521015958e-09
5.795813204e-07
-6.599948177e-09
5.604558256e-07
-8.066287373e-09
5.367238692e-07
-1.016027032e-08
5.06506586e-07
-1.331272586e-08
4.669342435e-07
-1.832007097e-08
4.137468938e-07
-2.668082397e-08
3.411574445e-07
-4.11673088e-08
2.431648011e-07
-6.652162981e-08
1.206361332e-07
-1.103906637e-07
7.824666579e-09
-1.832505191e-07
-2.262163605e-07
1.85777837e-07
3.426779428e-07
4.452619935e-07
5.149305816e-07
5.628413243e-07
5.962437632e-07
6.202766384e-07
6.382214112e-07
6.521044083e-07
6.632017692e-07
6.723333386e-07
6.800350212e-07
6.866650728e-07
6.924691759e-07
6.976201039e-07
7.022422752e-07
7.064272546e-07
7.102437229e-07
7.137440198e-07
7.169685282e-07
7.199486756e-07
7.2270903e-07
7.252687913e-07
7.276428728e-07
7.298426981e-07
7.318767982e-07
7.337512661e-07
7.354701077e-07
7.370355166e-07
7.384480921e-07
7.397070141e-07
7.408101843e-07
7.417543401e-07
7.425351463e-07
7.43147266e-07
7.435844112e-07
7.438393728e-07
7.439040263e-07
7.437693201e-07
7.434252017e-07
7.428604943e-07
7.420627099e-07
7.410177558e-07
7.397094951e-07
7.381191011e-07
7.362241184e-07
7.339970891e-07
7.314035314e-07
7.283989243e-07
7.24924134e-07
7.208983189e-07
7.162076246e-07
7.106866087e-07
7.040866605e-07
6.960203731e-07
6.858601028e-07
6.725473769e-07
6.542273059e-07
6.27546482e-07
5.863791732e-07
5.198575434e-07
4.094668796e-07
2.262163605e-07
)
;

boundaryField
{
    movingWall
    {
        type            calculated;
        value           uniform 0;
    }
    fixedWalls
    {
        type            calculated;
        value           uniform 0;
    }
    frontAndBack
    {
        type            empty;
    }
}


// ************************************************************************* //
