/*--------------------------------*- C++ -*----------------------------------*\
  =========                 |
  \\      /  F ield         | OpenFOAM: The Open Source CFD Toolbox
   \\    /   O peration     | Website:  https://openfoam.org
    \\  /    A nd           | Version:  11
     \\/     M anipulation  |
\*---------------------------------------------------------------------------*/
FoamFile
{
    format      ascii;
    class       surfaceScalarField;
    location    "900";
    object      phi;
}
// * * * * * * * * * * * * * * * * * * * * * * * * * * * * * * * * * * * * * //

dimensions      [0 3 -1 0 0 0 0];

internalField   nonuniform List<scalar> 
8064
(
2.654779573e-11
-2.655003117e-11
5.997210276e-11
-3.342438738e-11
7.533172015e-11
-1.535973315e-11
6.096081275e-11
1.437078932e-11
1.294850304e-11
4.801220054e-11
-6.853693318e-11
8.148533611e-11
-1.811916897e-10
1.126546631e-10
-3.216926543e-10
1.405008756e-10
-4.863297031e-10
1.646369628e-10
-6.713564242e-10
1.850266371e-10
-8.731778448e-10
2.018213382e-10
-1.088441504e-09
2.152635778e-10
-1.31406985e-09
2.256282666e-10
-1.547256766e-09
2.33186837e-10
-1.785442571e-09
2.381857272e-10
-2.026277015e-09
2.408343672e-10
-2.267576817e-09
2.412997257e-10
-2.507282416e-09
2.397055243e-10
-2.743417314e-09
2.36134823e-10
-2.974052417e-09
2.306350296e-10
-3.197277102e-09
2.232246114e-10
-3.411178113e-09
2.139009389e-10
-3.613826985e-09
2.026487999e-10
-3.803276261e-09
1.894492049e-10
-3.977564502e-09
1.742881705e-10
-4.134729786e-09
1.571652144e-10
-4.272831189e-09
1.381013337e-10
-4.389977523e-09
1.171462649e-10
-4.484362432e-09
9.438484141e-11
-4.554304775e-09
6.994227579e-11
-4.598293046e-09
4.398820436e-11
-4.615032445e-09
1.673933282e-11
-4.603492939e-09
-1.153957125e-11
-4.562956692e-09
-4.053631087e-11
-4.493063564e-09
-6.989319198e-11
-4.393852363e-09
-9.921126433e-11
-4.265795958e-09
-1.28056467e-10
-4.10982861e-09
-1.559674096e-10
-3.92736384e-09
-1.824648307e-10
-3.720301363e-09
-2.070625365e-10
-3.491021879e-09
-2.292795433e-10
-3.242368869e-09
-2.486530684e-10
-2.977616982e-09
-2.647519447e-10
-2.700427058e-09
-2.771899806e-10
-2.41478836e-09
-2.856387545e-10
-2.12494908e-09
-2.898393363e-10
-1.835336672e-09
-2.896124627e-10
-1.550469945e-09
-2.848667817e-10
-1.274865089e-09
-2.756049097e-10
-1.012937895e-09
-2.619272472e-10
-7.689041874e-10
-2.440337603e-10
-5.466799298e-10
-2.222243092e-10
-3.497813755e-10
-1.968986049e-10
-1.812238144e-10
-1.685576108e-10
-4.341457411e-11
-1.37809289e-10
6.196889881e-11
-1.05383521e-10
1.341319566e-10
-7.216310549e-11
1.733751373e-10
-3.924322835e-11
1.814136601e-10
-8.038570318e-12
1.618760013e-10
1.953761284e-11
1.210766658e-10
4.079929214e-11
6.918407632e-11
5.189254401e-11
2.197012819e-11
4.721390187e-11
2.197011347e-11
3.380996272e-11
-6.036002864e-11
6.185148977e-11
-6.146607328e-11
3.977195519e-11
6.719607423e-12
-5.473301434e-11
1.088755614e-10
-2.308376001e-10
2.241165985e-10
-4.894108938e-10
3.400584534e-10
-8.263198624e-10
4.495634645e-10
-1.234607738e-09
5.487885907e-10
-1.705896797e-09
6.359258658e-10
-2.231272694e-09
7.104023816e-10
-2.801824661e-09
7.723731553e-10
-3.408956043e-09
8.223948129e-10
-4.044541124e-09
8.612132014e-10
-4.700979666e-09
8.896252365e-10
-5.371184887e-09
9.083908063e-10
-6.048530234e-09
9.181795737e-10
-6.726773456e-09
9.195428095e-10
-7.399971596e-09
9.129035279e-10
-8.062397014e-09
8.985601055e-10
-8.708461894e-09
8.766997744e-10
-9.332656595e-09
8.474191798e-10
-9.929505546e-09
8.107497584e-10
-1.049354298e-08
7.666861055e-10
-1.101930973e-08
7.15215819e-10
-1.150137124e-08
6.563495569e-10
-1.19343564e-08
5.901502441e-10
-1.23130157e-08
5.167605131e-10
-1.263229715e-08
4.364275849e-10
-1.288743731e-08
3.495248799e-10
-1.307406487e-08
2.565697169e-10
-1.31883133e-08
1.582365099e-10
-1.3226939e-08
5.536491047e-11
-1.318744104e-08
-5.103765179e-11
-1.306817819e-08
-1.597992766e-10
-1.28684791e-08
-2.695923993e-10
-1.258874072e-08
-3.789497512e-10
-1.223051068e-08
-4.86286625e-10
-1.179654916e-08
-5.899290393e-10
-1.129086659e-08
-6.881475112e-10
-1.071873349e-08
-7.791957439e-10
-1.008665987e-08
-8.613532726e-10
-9.402342175e-09
-9.32970869e-10
-8.674576936e-09
-9.925172889e-10
-7.913141229e-09
-1.038625791e-09
-7.12864131e-09
-1.070138776e-09
-6.332331839e-09
-1.086148909e-09
-5.535909168e-09
-1.086035234e-09
-4.751282961e-09
-1.069493089e-09
-3.990330922e-09
-1.036557047e-09
-3.264641458e-09
-9.87616808e-10
-2.585248524e-09
-9.234267901e-10
-1.962361568e-09
-8.451113595e-10
-1.405091099e-09
-7.541691656e-10
-9.211666755e-10
-6.524821254e-10
-5.166385626e-10
-5.423374911e-10
-1.955466477e-10
-4.264755241e-10
4.047115895e-11
-3.081809998e-10
1.926728064e-10
-1.914449633e-10
2.658657531e-10
-8.123160347e-11
2.6929508e-10
1.610820172e-11
2.178416223e-10
9.225266738e-11
1.335486973e-10
1.361853901e-10
4.71337882e-11
1.336287367e-10
6.910388118e-11
1.606748527e-11
-7.642755952e-11
-6.1185977e-12
-3.928010735e-11
-1.115378289e-10
1.1213868e-10
-3.246380688e-10
3.219756289e-10
-6.561335211e-10
5.556118792e-10
-1.10717633e-09
7.911010961e-10
-1.672560833e-09
1.014947807e-09
-2.343112998e-09
1.219340599e-09
-3.107394278e-09
1.400206993e-09
-3.95287545e-09
1.555883403e-09
-4.866715272e-09
1.68621283e-09
-5.836249405e-09
1.7919288e-09
-6.849270216e-09
1.874233869e-09
-7.894158549e-09
1.934513428e-09
-8.959913654e-09
1.974145771e-09
-1.003611639e-08
1.99438217e-09
-1.111285253e-08
1.996278814e-09
-1.218061675e-08
1.980667614e-09
-1.323021296e-08
1.948156176e-09
-1.425266278e-08
1.89914947e-09
-1.523913099e-08
1.833887256e-09
-1.618087379e-08
1.752492427e-09
-1.706921412e-08
1.655026304e-09
-1.789554597e-08
1.541547547e-09
-1.865136845e-08
1.412171909e-09
-1.93283488e-08
1.267130467e-09
-1.991841274e-08
1.106824326e-09
-2.041385932e-08
9.31874048e-10
-2.080749685e-08
7.431622843e-10
-2.109279551e-08
5.418682627e-10
-2.126405204e-08
3.294929184e-10
-2.131656085e-08
1.078735961e-10
-2.124678605e-08
-1.208125633e-10
-2.105252822e-08
-3.540572201e-10
-2.073307935e-08
-5.890413872e-10
-2.02893597e-08
-8.226695116e-10
-1.972403036e-08
-1.051616077e-09
-1.904157545e-08
-1.272384059e-09
-1.824834866e-08
-1.481374404e-09
-1.735257941e-08
-1.674965104e-09
-1.636433482e-08
-1.849597968e-09
-1.529543508e-08
-2.001870708e-09
-1.415932086e-08
-2.128631612e-09
-1.297087298e-08
-2.227073778e-09
-1.174618612e-08
-2.294825739e-09
-1.050229974e-08
-2.330035381e-09
-9.256890736e-09
-2.33144434e-09
-8.027933321e-09
-2.298450601e-09
-6.833332554e-09
-2.23115791e-09
-5.690537661e-09
-2.130411796e-09
-4.616140891e-09
-1.997823654e-09
-3.625465974e-09
-1.835786369e-09
-2.732147546e-09
-1.647487684e-09
-1.947698895e-09
-1.436930866e-09
-1.281059858e-09
-1.208976615e-09
-7.38109771e-10
-9.69425698e-10
-3.211221686e-10
-7.251686885e-10
-2.813019331e-11
-4.844370248e-10
1.478346425e-10
-2.571965249e-10
2.196658637e-10
-5.572310178e-11
2.072903827e-10
1.046280715e-10
1.389336547e-10
2.045420327e-10
5.259361313e-11
2.199687021e-10
1.216974773e-10
-1.416109782e-11
-6.226649275e-11
-1.112886053e-10
5.784728159e-11
-3.284210898e-10
3.292710211e-10
-6.865063209e-10
6.800607047e-10
-1.194388918e-09
1.063494318e-09
-1.851822655e-09
1.448534677e-09
-2.652060436e-09
1.815185434e-09
-3.583992934e-09
2.151272945e-09
-4.633812051e-09
2.450025962e-09
-5.786244881e-09
2.708316087e-09
-7.025427956e-09
2.925395761e-09
-8.335493009e-09
3.101993711e-09
-9.700929215e-09
3.239669934e-09
-1.110677783e-08
3.340361899e-09
-1.253870573e-08
3.406073537e-09
-1.398299598e-08
3.438672287e-09
-1.542648603e-08
3.439768734e-09
-1.68564782e-08
3.410659651e-09
-1.826064171e-08
3.352319555e-09
-1.962692129e-08
3.265428912e-09
-2.094346346e-08
3.150429297e-09
-2.219856867e-08
3.007597514e-09
-2.338067444e-08
2.837131941e-09
-2.44783725e-08
2.639245489e-09
-2.548046109e-08
2.414260368e-09
-2.637603138e-08
2.162700635e-09
-2.715458624e-08
1.885379063e-09
-2.780618767e-08
1.583475362e-09
-2.83216287e-08
1.258603197e-09
-2.869262431e-08
9.128637521e-10
-2.891201542e-08
5.488839141e-10
-2.897397933e-08
1.698373898e-10
-2.887423954e-08
-2.205524708e-10
-2.861026743e-08
-6.180294421e-10
-2.818146808e-08
-1.017840843e-09
-2.75893426e-08
-1.4147951e-09
-2.683761959e-08
-1.803339196e-09
-2.593234879e-08
-2.177654971e-09
-2.488195048e-08
-2.531772812e-09
-2.369721525e-08
-2.859700437e-09
-2.239124959e-08
-3.155563729e-09
-2.097936446e-08
-3.413755945e-09
-1.947890513e-08
-3.629091042e-09
-1.790902256e-08
-3.796956449e-09
-1.629038798e-08
-3.913460416e-09
-1.464485427e-08
-3.975569186e-09
-1.299506908e-08
-3.981229624e-09
-1.136404598e-08
-3.929473793e-09
-9.774700741e-09
-3.820503247e-09
-8.249360064e-09
-3.655752566e-09
-6.809249784e-09
-3.437934025e-09
-5.473968046e-09
-3.171068197e-09
-4.260946886e-09
-2.860508933e-09
-3.184902324e-09
-2.512975514e-09
-2.257269024e-09
-2.136610001e-09
-1.485611012e-09
-1.741083794e-09
-8.729958246e-10
-1.33778396e-09
-4.173169706e-10
-9.40115963e-10
-1.105503178e-10
-5.639632606e-10
6.206796983e-11
-2.2834147e-10
1.229510142e-10
4.374494626e-11
1.031773979e-10
2.243155745e-10
4.390432819e-11
2.79241701e-10
1.65601785e-10
-4.987779337e-11
-1.238875825e-11
-2.352478998e-10
2.432172798e-10
-5.811556638e-10
6.75178654e-10
-1.101497675e-09
1.200402573e-09
-1.80066036e-09
1.762656856e-09
-2.67533374e-09
2.323207909e-09
-3.716359333e-09
2.856210881e-09
-4.910426328e-09
3.345339794e-09
-6.241503149e-09
3.781102639e-09
-7.691972339e-09
4.158785134e-09
-9.243481323e-09
4.476904605e-09
-1.087754288e-08
4.736055128e-09
-1.257592754e-08
4.938054453e-09
-1.432089112e-08
5.085325343e-09
-1.609527777e-08
5.180460061e-09
-1.788253433e-08
5.225928709e-09
-1.96666666e-08
5.223900874e-09
-2.143216343e-08
5.176156355e-09
-2.316390937e-08
5.084065358e-09
-2.484710252e-08
4.948621935e-09
-2.646719045e-08
4.770517101e-09
-2.80098332e-08
4.550240138e-09
-2.94608997e-08
4.288198324e-09
-3.080650111e-08
3.984846777e-09
-3.20330622e-08
3.640821338e-09
-3.312743016e-08
3.257068469e-09
-3.407701824e-08
2.834967021e-09
-3.486998049e-08
2.376437499e-09
-3.549541247e-08
1.884035063e-09
-3.594357187e-08
1.361023039e-09
-3.620611226e-08
8.114241839e-10
-3.62763224e-08
2.400474222e-10
-3.614936344e-08
-3.4751154e-10
-3.582249526e-08
-9.448977394e-10
-3.529528364e-08
-1.545052567e-09
-3.456977996e-08
-2.14029889e-09
-3.365066505e-08
-2.722454204e-09
-3.254534989e-08
-3.282970239e-09
-3.126402584e-08
-3.813096966e-09
-2.981965865e-08
-4.30406773e-09
-2.822792115e-08
-4.747301329e-09
-2.650706122e-08
-5.134615971e-09
-2.46777031e-08
-5.458449255e-09
-2.276258185e-08
-5.712077792e-09
-2.078621257e-08
-5.889829796e-09
-1.877449779e-08
-5.987284058e-09
-1.675427822e-08
-6.001449284e-09
-1.475283332e-08
-5.930918784e-09
-1.279733947e-08
-5.775997196e-09
-1.091429397e-08
-5.538798155e-09
-9.128913307e-09
-5.223314774e-09
-7.464513153e-09
-4.835468438e-09
-5.941876437e-09
-4.383145734e-09
-4.578613724e-09
-3.876238311e-09
-3.388517774e-09
-3.326706034e-09
-2.380912032e-09
-2.748689618e-09
-1.559991473e-09
-2.158704601e-09
-9.24154666e-10
-1.575952852e-09
-4.65327828e-10
-1.02279018e-09
-1.682818538e-10
-5.253875217e-10
-9.936419079e-12
-1.146005586e-10
4.138745452e-11
1.72991618e-10
2.698591132e-11
2.936431705e-10
1.92587681e-10
-8.756829305e-11
7.517948588e-11
-3.674876116e-10
5.231364739e-10
-8.514802036e-10
1.159171115e-09
-1.544414263e-09
1.893336497e-09
-2.444426902e-09
2.662669356e-09
-3.543767435e-09
3.422548301e-09
-4.82995277e-09
4.142396075e-09
-6.286980383e-09
4.802367267e-09
-7.896445203e-09
5.390567319e-09
-9.638483766e-09
5.90082356e-09
-1.149251886e-08
6.330939558e-09
-1.343780819e-08
6.681344321e-09
-1.54538177e-08
6.95406383e-09
-1.752044819e-08
7.151955706e-09
-1.961814654e-08
7.278158283e-09
-2.172793203e-08
7.335714063e-09
-2.383136576e-08
7.327334475e-09
-2.591048782e-08
7.255278287e-09
-2.79477428e-08
7.121320216e-09
-2.992591067e-08
6.926789684e-09
-3.18280561e-08
6.672662403e-09
-3.363750594e-08
6.359689859e-09
-3.533786149e-08
5.98855375e-09
-3.691304911e-08
5.560034272e-09
-3.834741058e-08
5.075182699e-09
-3.962583232e-08
4.535490089e-09
-4.073391061e-08
3.943045194e-09
-4.165814886e-08
3.300675632e-09
-4.238618124e-08
2.612067329e-09
-4.290701627e-08
1.881857959e-09
-4.321129301e-08
1.11570081e-09
-4.329154184e-08
3.202961523e-10
-4.314244173e-08
-4.966117594e-10
-4.276106468e-08
-1.326274901e-09
-4.214709872e-08
-2.15901863e-09
-4.130304063e-08
-2.984357078e-09
-4.023434975e-08
-3.791145194e-09
-3.894955481e-08
-4.56776527e-09
-3.746030657e-08
-5.302345313e-09
-3.57813693e-08
-5.983005093e-09
-3.393054617e-08
-6.598124556e-09
-3.192853406e-08
-7.136628175e-09
-2.979870561e-08
-7.588277797e-09
-2.756681762e-08
-7.943965874e-09
-2.5260647e-08
-8.196000512e-09
-2.290955731e-08
-8.338373837e-09
-2.054400092e-08
-8.367005758e-09
-1.81949634e-08
-8.279956398e-09
-1.58933583e-08
-8.077602382e-09
-1.366938174e-08
-7.762774799e-09
-1.155183652e-08
-7.340860083e-09
-9.56743583e-09
-6.819869207e-09
-7.740096262e-09
-6.210485385e-09
-6.090228818e-09
-5.526105836e-09
-4.634036166e-09
-4.782898766e-09
-3.382823602e-09
-3.999902261e-09
-2.342331742e-09
-3.199196539e-09
-1.512100386e-09
-2.406184287e-09
-8.848749908e-10
-1.650015651e-09
-4.460667683e-10
-9.64195819e-10
-1.732713276e-10
-3.873960765e-10
-3.583400266e-11
3.555422565e-11
5.62186129e-12
2.521872416e-10
1.982095225e-10
-1.254440336e-10
2.006234461e-10
-5.02063367e-10
8.997556922e-10
-1.128273835e-09
1.785381458e-09
-1.999023911e-09
2.764086442e-09
-3.10510132e-09
3.768746631e-09
-4.433304271e-09
4.750751117e-09
-5.967036656e-09
5.676128326e-09
-7.687078195e-09
6.522408672e-09
-9.572372966e-09
7.275861956e-09
-1.160074273e-08
7.929193187e-09
-1.374947704e-08
8.479673741e-09
-1.599578381e-08
8.927650956e-09
-1.831710406e-08
9.27538395e-09
-2.069130686e-08
9.526158383e-09
-2.309678625e-08
9.683637543e-09
-2.551248426e-08
9.751411943e-09
-2.791786394e-08
9.732714037e-09
-3.029285432e-08
9.630268536e-09
-3.261778637e-08
9.446252145e-09
-3.487333627e-08
9.182339467e-09
-3.704048844e-08
8.839814451e-09
-3.910052788e-08
8.419729184e-09
-4.103506827e-08
7.923094022e-09
-4.282611927e-08
7.35108515e-09
-4.445619421e-08
6.705257524e-09
-4.590845712e-08
5.987752884e-09
-4.71669061e-08
5.201494062e-09
-4.821658869e-08
4.350358114e-09
-4.904384351e-08
3.439322034e-09
-4.96365614e-08
2.474575742e-09
-4.998445868e-08
1.463597988e-09
-5.007935429e-08
4.151916571e-10
-4.991544247e-08
-6.605236917e-10
-4.948955175e-08
-1.752165723e-09
-4.880138131e-08
-2.847189167e-09
-4.785370575e-08
-3.932032741e-09
-4.665253935e-08
-4.992311688e-09
-4.52072516e-08
-6.013053116e-09
-4.353062595e-08
-6.978971057e-09
-4.163885482e-08
-7.87477632e-09
-3.955146467e-08
-8.685514797e-09
-3.729116643e-08
-9.39692651e-09
-3.488362784e-08
-9.995816474e-09
-3.235716632e-08
-1.047042748e-08
-2.974236261e-08
-1.081080432e-08
-2.707159765e-08
-1.100913888e-08
-2.437851745e-08
-1.106008604e-08
-2.169743238e-08
-1.096104156e-08
-1.906265965e-08
-1.071237519e-08
-1.65078193e-08
-1.031761523e-08
-1.40650952e-08
-9.783584272e-09
-1.176447379e-08
-9.120490691e-09
-9.63297379e-09
-8.341985464e-09
-7.693880246e-09
-7.465199457e-09
-5.965997022e-09
-6.510782066e-09
-4.462932117e-09
-5.502967242e-09
-3.192431544e-09
-4.469697187e-09
-2.155779426e-09
-3.44283648e-09
-1.347284081e-09
-2.458511071e-09
-7.538711106e-10
-1.557608861e-09
-3.548044853e-10
-7.864627638e-10
-1.215595251e-10
-1.976908129e-10
-1.787048365e-11
1.484981309e-10
1.803390257e-10
-1.626347543e-10
3.632581438e-10
-6.356902681e-10
1.372811075e-09
-1.404879972e-09
2.554571033e-09
-2.45501269e-09
3.814219033e-09
-3.768955783e-09
5.082689595e-09
-5.327397394e-09
6.309192598e-09
-7.109031293e-09
7.457762095e-09
-9.090959643e-09
8.504336891e-09
-1.12491783e-08
9.434080484e-09
-1.355905379e-08
1.023906855e-08
-1.599573749e-08
1.091635731e-08
-1.853449041e-08
1.146640375e-08
-2.115091193e-08
1.189180535e-08
-2.382107844e-08
1.219632477e-08
-2.652160588e-08
1.238416486e-08
-2.922965412e-08
1.245946006e-08
-3.192289222e-08
1.242595201e-08
-3.457944329e-08
1.228681948e-08
-3.71778257e-08
1.204463444e-08
-3.969690506e-08
1.170141872e-08
-4.211586851e-08
1.125877778e-08
-4.441422984e-08
1.07180904e-08
-4.657187145e-08
1.008073552e-08
-4.856912601e-08
9.348339592e-09
-5.038689874e-08
8.52303015e-09
-5.200682902e-08
7.607683053e-09
-5.341148804e-08
6.606152974e-09
-5.458460822e-08
5.523478184e-09
-5.551133845e-08
4.366052161e-09
-5.617851863e-08
3.141755817e-09
-5.657496596e-08
1.860045208e-09
-5.669176505e-08
5.319906503e-10
-5.65225537e-08
-8.29735141e-10
-5.606379505e-08
-2.210924475e-09
-5.531502728e-08
-3.595957031e-09
-5.427908208e-08
-4.967978045e-09
-5.296226248e-08
-6.309131378e-09
-5.137447173e-08
-7.600843956e-09
-4.952928454e-08
-8.824158336e-09
-4.744395307e-08
-9.960107885e-09
-4.513934057e-08
-1.099012739e-08
-4.263977693e-08
-1.189649024e-08
-3.997283158e-08
-1.266276191e-08
-3.716900112e-08
-1.327425802e-08
-3.426131097e-08
-1.371849455e-08
-3.128483253e-08
-1.398561741e-08
-2.827611995e-08
-1.40687987e-08
-2.527257298e-08
-1.39645886e-08
-2.231173491e-08
-1.367321335e-08
-1.943053692e-08
-1.31988133e-08
-1.666450252e-08
-1.254961875e-08
-1.404692716e-08
-1.173806613e-08
-1.160805004e-08
-1.078086266e-08
-9.374236121e-09
-9.699013448e-09
-7.36718757e-09
-8.517830688e-09
-5.603205179e-09
-7.266949705e-09
-4.092521821e-09
-5.980380617e-09
-2.838732065e-09
-4.696626307e-09
-1.838344649e-09
-3.458898557e-09
-1.080487643e-09
-2.315465934e-09
-5.468015785e-10
-1.320148901e-09
-2.115697007e-10
-5.329227497e-10
-4.216613967e-11
-2.090548763e-11
1.381728672e-10
-1.987413301e-10
5.619993961e-10
-7.665859327e-10
1.940655563e-09
-1.677346665e-09
3.465331643e-09
-2.905853328e-09
5.042725572e-09
-4.426853037e-09
6.60368918e-09
-6.214558772e-09
8.096898208e-09
-8.242556515e-09
9.485759714e-09
-1.048392264e-08
1.074570289e-08
-1.291144851e-08
1.186160623e-08
-1.549789589e-08
1.282551581e-08
-1.821623241e-08
1.363469371e-08
-2.10398182e-08
1.428998942e-08
-2.39425318e-08
1.479451882e-08
-2.68988352e-08
1.515262805e-08
-2.98837861e-08
1.536911565e-08
-3.287300986e-08
1.54486837e-08
-3.584264592e-08
1.539558796e-08
-3.876928378e-08
1.521345723e-08
-4.162990258e-08
1.490525312e-08
-4.440182644e-08
1.447334247e-08
-4.706270561e-08
1.391965683e-08
-4.95905306e-08
1.324591529e-08
-5.196368436e-08
1.245388917e-08
-5.416103473e-08
1.154568985e-08
-5.616206762e-08
1.052406293e-08
-5.794705919e-08
9.392674519e-09
-5.949728389e-08
8.156377567e-09
-6.079525375e-08
6.821447944e-09
-6.182498346e-08
5.39578177e-09
-6.257227468e-08
3.889046936e-09
-6.302501259e-08
2.312783012e-09
-6.317346699e-08
6.804449555e-10
-6.301059019e-08
-9.926120367e-10
-6.253230285e-08
-2.689211906e-09
-6.173775897e-08
-4.390501013e-09
-6.06295814e-08
-6.0761557e-09
-5.921405852e-08
-7.724654349e-09
-5.750129287e-08
-9.313609693e-09
-5.550529298e-08
-1.082015832e-08
-5.324399945e-08
-1.22214015e-08
-5.073923727e-08
-1.349488965e-08
-4.801658705e-08
-1.461914054e-08
-4.51051693e-08
-1.557417974e-08
-4.20373374e-08
-1.634208999e-08
-3.884827731e-08
-1.690755473e-08
-3.557551406e-08
-1.725838073e-08
-3.225832854e-08
-1.73859843e-08
-2.893709038e-08
-1.728582684e-08
-2.565251653e-08
-1.695778727e-08
-2.244486785e-08
-1.640646205e-08
-1.935309918e-08
-1.564138749e-08
-1.641398094e-08
-1.467718444e-08
-1.366121276e-08
-1.353363091e-08
-1.11245516e-08
-1.223567468e-08
-8.828978638e-09
-1.081340371e-08
-6.793930635e-09
-9.301997775e-09
-5.032623259e-09
-7.74168806e-09
-3.551495796e-09
-6.177753837e-09
-2.349809176e-09
-4.660585245e-09
-1.419433412e-09
-3.245841762e-09
-7.448681867e-10
-1.994714179e-09
-3.035569009e-10
-9.742341077e-10
-6.659090313e-11
-2.578715488e-10
7.158195332e-11
-2.335940615e-10
7.95593403e-10
-8.937897409e-10
2.600851113e-09
-1.943314777e-09
4.514856556e-09
-3.347376709e-09
6.446787383e-09
-5.072646817e-09
8.328959168e-09
-7.086724266e-09
1.011097554e-08
-9.357868405e-09
1.175690373e-08
-1.18549043e-08
1.324273866e-08
-1.454723297e-08
1.455393478e-08
-1.74048898e-08
1.568317252e-08
-2.039860991e-08
1.662841371e-08
-2.3499875e-08
1.739125439e-08
-2.668092854e-08
1.797557225e-08
-2.991475669e-08
1.838645608e-08
-3.317503866e-08
1.862939751e-08
-3.643607532e-08
1.870972024e-08
-3.967270687e-08
1.863221939e-08
-4.286023141e-08
1.840098166e-08
-4.597433553e-08
1.801935712e-08
-4.899104676e-08
1.749005359e-08
-5.188671606e-08
1.681532602e-08
-5.463803595e-08
1.599723507e-08
-5.722209822e-08
1.503795133e-08
-5.961649263e-08
1.394008416e-08
-6.179944648e-08
1.270701668e-08
-6.375000301e-08
1.134323095e-08
-6.544823542e-08
9.854609877e-09
-6.687549212e-08
8.248704541e-09
-6.80146679e-08
6.534957459e-09
-6.885049517e-08
4.724874108e-09
-6.936984853e-08
2.832136277e-09
-6.956205586e-08
8.726521945e-10
-6.941920846e-08
-1.135459529e-09
-6.893646235e-08
-3.171958112e-09
-6.811232161e-08
-5.214641839e-09
-6.694889604e-08
-7.239581353e-09
-6.545212287e-08
-9.22142761e-09
-6.363194334e-08
-1.113378931e-08
-6.150242436e-08
-1.294967738e-08
-5.908181517e-08
-1.464201078e-08
-5.639252948e-08
-1.618417541e-08
-5.346104411e-08
-1.755062599e-08
-5.031770609e-08
-1.871751784e-08
-4.699644228e-08
-1.966335387e-08
-4.353436721e-08
-2.036962988e-08
-3.997128797e-08
-2.082146005e-08
-3.634910809e-08
-2.100816425e-08
-3.2711136e-08
-2.0923799e-08
-2.910130741e-08
-2.056761593e-08
-2.556333526e-08
-1.994443427e-08
-2.213980433e-08
-1.906491849e-08
-1.887123165e-08
-1.794575719e-08
-1.57951167e-08
-1.660974593e-08
-1.294500827e-08
-1.508578317e-08
-1.034961695e-08
-1.34087951e-08
-8.032003989e-09
-1.16196108e-08
-6.008878642e-09
-9.76481347e-09
-4.290037626e-09
-7.896594915e-09
-2.877982335e-09
-6.072640596e-09
-1.767752966e-09
-4.35607119e-09
-9.470255397e-10
-2.81544167e-09
-3.965316096e-10
-1.524728087e-09
-9.088847169e-11
-5.635147355e-10
-1.930653567e-11
-2.671268815e-10
1.062720208e-09
-1.016771618e-09
3.350495743e-09
-2.201332123e-09
5.699416947e-09
-3.776838712e-09
8.022293858e-09
-5.702084337e-09
1.025420468e-08
-7.938081283e-09
1.234697237e-08
-1.044769124e-08
1.426651357e-08
-1.319537801e-08
1.599042533e-08
-1.614704615e-08
1.75056028e-08
-1.926992954e-08
1.88060558e-08
-2.253250145e-08
1.98909855e-08
-2.590438662e-08
2.076313944e-08
-2.935626472e-08
2.142745024e-08
-3.285976175e-08
2.1889953e-08
-3.638733135e-08
2.2156967e-08
-3.991213197e-08
2.223452076e-08
-4.340790775e-08
2.212799506e-08
-4.684888193e-08
2.184195574e-08
-5.020967139e-08
2.138014648e-08
-5.346522976e-08
2.074561185e-08
-5.659082505e-08
1.994092122e-08
-5.956205628e-08
1.89684662e-08
-6.235491119e-08
1.783080614e-08
-6.494586609e-08
1.653103896e-08
-6.73120267e-08
1.507317719e-08
-6.943130799e-08
1.346251214e-08
-7.128264968e-08
1.170595148e-08
-7.284626332e-08
9.812318081e-09
-7.41039061e-08
7.79260015e-09
-7.503917624e-08
5.660144157e-09
-7.563782396e-08
3.430783906e-09
-7.588807195e-08
1.122900097e-09
-7.578093861e-08
-1.242592957e-09
-7.531055726e-08
-3.642339541e-09
-7.447448184e-08
-6.050717345e-09
-7.327397227e-08
-8.440091007e-09
-7.171424872e-08
-1.078115124e-08
-6.980470506e-08
-1.304333304e-08
-6.755907061e-08
-1.519531192e-08
-6.499550886e-08
-1.72055726e-08
-6.213664176e-08
-1.904304258e-08
-5.900948833e-08
-2.06777795e-08
-5.564530729e-08
-2.208169895e-08
-5.207933524e-08
-2.3229326e-08
-4.835041358e-08
-2.40985516e-08
-4.450050111e-08
-2.467137259e-08
-4.057407231e-08
-2.493459312e-08
-3.661740605e-08
-2.488046533e-08
-3.267777402e-08
-2.450724802e-08
-2.88025431e-08
-2.381966526e-08
-2.50382109e-08
-2.282925076e-08
-2.142939822e-08
-2.155456993e-08
-1.801782636e-08
-2.002131785e-08
-1.484131047e-08
-1.826229911e-08
-1.193280281e-08
-1.631730282e-08
-9.319521235e-09
-1.423289243e-08
-7.022199748e-09
-1.206213502e-08
-5.054497888e-09
-9.864296832e-09
-3.422607114e-09
-7.704531428e-09
-2.125093602e-09
-5.653584757e-09
-1.153021002e-09
-3.787514313e-09
-4.904054139e-10
-2.187343739e-09
-1.150699873e-10
-9.388502182e-10
-1.343765311e-10
-2.993123596e-10
1.36203252e-09
-1.135208758e-09
4.186392021e-09
-2.450433893e-09
7.014641968e-09
-4.192317018e-09
9.764176872e-09
-6.312062867e-09
1.237395042e-08
-8.764240984e-09
1.479915038e-08
-1.150636065e-08
1.700863313e-08
-1.449851478e-08
1.898257934e-08
-1.770308253e-08
2.071017045e-08
-2.108447431e-08
2.218744746e-08
-2.460890318e-08
2.341541427e-08
-2.824417145e-08
2.43984076e-08
-3.195946544e-08
2.514274413e-08
-3.572515649e-08
2.565564394e-08
-3.951260944e-08
2.594441985e-08
-4.329400307e-08
2.601591429e-08
-4.704216797e-08
2.587615986e-08
-5.073044847e-08
2.553023614e-08
-5.433259465e-08
2.498229256e-08
-5.782268966e-08
2.423570677e-08
-6.117511666e-08
2.329334813e-08
-6.436456769e-08
2.215791713e-08
-6.736609586e-08
2.083233422e-08
-7.015521059e-08
1.93201536e-08
-7.270801448e-08
1.762598099e-08
-7.50013794e-08
1.575587697e-08
-7.70131588e-08
1.371773079e-08
-7.872243239e-08
1.152159158e-08
-8.010977911e-08
9.179946783e-09
-8.1157574e-08
6.707938965e-09
-8.185030399e-08
4.123513817e-09
-8.217489741e-08
1.447493429e-09
-8.212106126e-08
-1.296429183e-09
-8.168162121e-08
-4.081779674e-09
-8.085285363e-08
-6.879485e-09
-7.963480497e-08
-9.658139748e-09
-7.803158624e-08
-1.238437004e-08
-7.605163281e-08
-1.502328655e-08
-7.370791723e-08
-1.753902757e-08
-7.101810232e-08
-1.989538758e-08
-6.800462074e-08
-2.205652423e-08
-6.469466735e-08
-2.398773296e-08
-6.11200912e-08
-2.565627516e-08
-5.731717543e-08
-2.703224183e-08
-5.332629552e-08
-2.808943158e-08
-4.919144978e-08
-2.880621839e-08
-4.49596601e-08
-2.916638286e-08
-4.068024598e-08
-2.91598795e-08
-3.640398072e-08
-2.878351335e-08
-3.218214434e-08
-2.804150169e-08
-2.806549443e-08
-2.694590073e-08
-2.41031813e-08
-2.551688312e-08
-2.034163944e-08
-2.378285977e-08
-1.682349105e-08
-2.178044755e-08
-1.358650064e-08
-1.955429329e-08
-1.066262101e-08
-1.715677211e-08
-8.077171773e-09
-1.464758431e-08
-5.848190632e-09
-1.209327803e-08
-3.985996776e-09
-9.566725333e-09
-2.493004622e-09
-7.14657696e-09
-1.363826239e-09
-4.916692754e-09
-5.857040604e-10
-2.965465956e-09
-1.393178506e-10
-1.385236467e-09
-2.73694397e-10
-3.301288841e-10
1.692161332e-09
-1.248859419e-09
5.105122461e-09
-2.689888806e-09
8.455671252e-09
-4.592326281e-09
1.166661424e-08
-6.900133803e-09
1.468175784e-08
-9.561663962e-09
1.746068043e-08
-1.252920768e-08
1.997617674e-08
-1.575855994e-08
2.22119315e-08
-1.920861467e-08
2.416022508e-08
-2.284098885e-08
2.581982154e-08
-2.661967225e-08
2.719409757e-08
-3.05106993e-08
2.828943456e-08
-3.448184126e-08
2.911388598e-08
-3.850231865e-08
2.967612123e-08
-4.254253613e-08
2.998463724e-08
-4.657384312e-08
3.004722118e-08
-5.05683245e-08
2.987064114e-08
-5.449862584e-08
2.94605374e-08
-5.83378174e-08
2.882148402e-08
-6.20592999e-08
2.795718919e-08
-6.563675475e-08
2.687080288e-08
-6.904413936e-08
2.556530165e-08
-7.225572793e-08
2.40439227e-08
-7.524619635e-08
2.231062194e-08
-7.799074949e-08
2.037053404e-08
-8.046528834e-08
1.823041574e-08
-8.264661422e-08
1.589905658e-08
-8.451266668e-08
1.338764396e-08
-8.60427921e-08
1.071007212e-08
-8.721803912e-08
7.883185911e-09
-8.80214776e-08
4.926952216e-09
-8.843853657e-08
1.864552321e-09
-8.845735644e-08
-1.277609386e-09
-8.806915221e-08
-4.469983974e-09
-8.726857591e-08
-7.680061372e-09
-8.605407581e-08
-1.087263992e-08
-8.4428239e-08
-1.401020691e-08
-8.239810696e-08
-1.705341866e-08
-7.997545084e-08
-1.996168375e-08
-7.717699161e-08
-2.269384688e-08
-7.402454897e-08
-2.520896693e-08
-7.054510238e-08
-2.746717962e-08
-6.677074752e-08
-2.943063007e-08
-6.273853284e-08
-3.106445657e-08
-5.849016286e-08
-3.233780162e-08
-5.407155872e-08
-3.322482259e-08
-4.953227078e-08
-3.370567086e-08
-4.492474426e-08
-3.376740608e-08
-4.03034454e-08
-3.340481226e-08
-3.572386303e-08
-3.262108411e-08
-3.124140798e-08
-3.142835583e-08
-2.69102397e-08
-2.984805145e-08
-2.278205614e-08
-2.791104338e-08
-1.890488775e-08
-2.565761599e-08
-1.532194003e-08
-2.313724105e-08
-1.20705309e-08
-2.040818129e-08
-9.181168397e-09
-1.753694685e-08
-6.676813013e-09
-1.459763346e-08
-4.572364923e-09
-1.167117347e-08
-2.874412699e-09
-8.844529228e-09
-1.581275694e-09
-6.209829788e-09
-6.833708474e-10
-3.863370858e-09
-1.639248808e-10
-1.904682481e-09
-4.37619283e-10
-3.595445564e-10
2.051705848e-09
-1.357493342e-09
6.103071137e-09
-2.91904876e-09
1.001722657e-08
-4.975577704e-09
1.372314309e-08
-7.464178899e-09
1.717035893e-08
-1.032727084e-08
2.032377228e-08
-1.351212676e-08
2.316103257e-08
-1.697038262e-08
2.567018727e-08
-2.065754547e-08
2.784738784e-08
-2.453251598e-08
2.969479196e-08
-2.855713198e-08
3.121871347e-08
-3.269573712e-08
3.242803962e-08
-3.691477785e-08
3.333292662e-08
-4.118243137e-08
3.394377465e-08
-4.546826791e-08
3.42704737e-08
-4.974295068e-08
3.432190386e-08
-5.397797661e-08
3.410566699e-08
-5.814546127e-08
3.362802196e-08
-6.221797006e-08
3.289399272e-08
-6.616839753e-08
3.190761658e-08
-6.996989529e-08
3.067230055e-08
-7.359584825e-08
2.919125453e-08
-7.701989815e-08
2.746797253e-08
-8.02160125e-08
2.550673621e-08
-8.315859669e-08
2.331311814e-08
-8.582264683e-08
2.089446581e-08
-8.818394082e-08
1.826035049e-08
-9.021926508e-08
1.542296815e-08
-9.190667467e-08
1.239748164e-08
-9.322578446e-08
9.202295628e-09
-9.415808888e-08
5.859256567e-09
-9.468730752e-08
2.393770889e-09
-9.479975233e-08
-1.165164651e-09
-9.448471605e-08
-4.785020313e-09
-9.373486825e-08
-8.429909242e-09
-9.254665976e-08
-1.206084848e-08
-9.092072052e-08
-1.563614621e-08
-8.886224018e-08
-1.911189906e-08
-8.638131685e-08
-2.244260714e-08
-8.349325748e-08
-2.558190631e-08
-8.021881076e-08
-2.84834137e-08
-7.658431277e-08
-3.110167767e-08
-7.262172459e-08
-3.33932183e-08
-6.836854235e-08
-3.531763887e-08
-6.386756169e-08
-3.683878233e-08
-5.916648274e-08
-3.792590159e-08
-5.43173465e-08
-3.855480715e-08
-4.937580034e-08
-3.870895229e-08
-4.440019805e-08
-3.83804146e-08
-3.945054889e-08
-3.757073332e-08
-3.458733883e-08
-3.629156593e-08
-2.987025644e-08
-3.456513388e-08
-2.535686341e-08
-3.242443645e-08
-2.110125632e-08
-2.991322312e-08
-1.715277061e-08
-2.70857268e-08
-1.355477908e-08
-2.400617286e-08
-1.034363701e-08
-2.074808895e-08
-7.54782201e-09
-1.73934485e-08
-5.187311301e-09
-1.403168422e-08
-3.273231519e-09
-1.075860905e-08
-1.807807664e-09
-7.67525369e-09
-7.846322356e-10
-4.886546313e-09
-1.892554007e-10
-2.500059344e-09
-6.268746967e-10
-3.875104068e-10
2.439216189e-09
-1.460855414e-09
7.176416062e-09
-3.137263311e-09
1.169363438e-08
-5.340834037e-09
1.592671372e-08
-8.002205893e-09
1.98317307e-08
-1.105818692e-08
2.337975322e-08
-1.445128312e-08
2.655412868e-08
-1.812916151e-08
2.934806558e-08
-2.204408792e-08
3.176231416e-08
-2.615236366e-08
3.38030676e-08
-3.041377685e-08
3.548012657e-08
-3.479107918e-08
3.680534186e-08
-3.924949576e-08
3.779134312e-08
-4.375627395e-08
3.845055276e-08
-4.828027578e-08
3.879447544e-08
-5.279161753e-08
3.883324553e-08
-5.726135955e-08
3.857540892e-08
-6.166124802e-08
3.802791036e-08
-6.596351001e-08
3.719625464e-08
-7.014070176e-08
3.608480824e-08
-7.416560951e-08
3.469720823e-08
-7.801120147e-08
3.303684641e-08
-8.165062862e-08
3.110739961e-08
-8.505727217e-08
2.891337968e-08
-8.820483501e-08
2.646068092e-08
-9.106747495e-08
2.375710568e-08
-9.361997754e-08
2.0812853e-08
-9.583796686e-08
1.764095741e-08
-9.769815314e-08
1.425766785e-08
-9.91786159e-08
1.068275832e-08
-1.002591219e-07
6.939762534e-09
-1.009214767e-07
3.056125572e-09
-1.011499058e-07
-9.367355435e-10
-1.009314698e-07
-5.003456416e-09
-1.002564952e-07
-9.104883872e-09
-9.911902922e-08
-1.319831455e-08
-9.751729842e-08
-1.723787706e-08
-9.545416295e-08
-2.117503459e-08
-9.293754937e-08
-2.495922076e-08
-8.998084404e-08
-2.853861169e-08
-8.660322517e-08
-3.186103262e-08
-8.282990999e-08
-3.48749929e-08
-7.869229193e-08
-3.75308364e-08
-7.422794314e-08
-3.978198771e-08
-6.948045896e-08
-4.158626656e-08
-6.449912494e-08
-4.290723566e-08
-5.933839205e-08
-4.371554007e-08
-5.405715354e-08
-4.399019084e-08
-4.87178255e-08
-4.371974267e-08
-4.338524424e-08
-4.290331462e-08
-3.812540379e-08
-4.155140642e-08
-3.30040686e-08
-3.96864691e-08
-2.808530584e-08
-3.734319926e-08
-2.342999001e-08
-3.456853898e-08
-1.909433834e-08
-3.142137851e-08
-1.512853713e-08
-2.797197411e-08
-1.157551856e-08
-2.430110755e-08
-8.469942183e-09
-2.049902491e-08
-5.837427368e-09
-1.666419907e-08
-3.694071782e-09
-1.290196467e-08
-2.046278539e-09
-9.323046952e-09
-8.909054658e-10
-6.041919429e-09
-2.157196843e-10
-3.175245162e-09
-8.425943832e-10
-4.139582943e-10
2.853174451e-09
-1.55864922e-09
8.321106891e-09
-3.343835266e-09
1.347882033e-08
-5.686828124e-09
1.82697065e-08
-8.512227183e-09
2.265712967e-08
-1.175158412e-08
2.661911007e-08
-1.534292525e-08
3.014546973e-08
-1.923017784e-08
3.323531809e-08
-2.336254904e-08
3.589468528e-08
-2.769388986e-08
3.813440834e-08
-3.218206672e-08
3.996830335e-08
-3.678835695e-08
4.141163202e-08
-4.147688011e-08
4.24798662e-08
-4.621407367e-08
4.318774625e-08
-5.096821934e-08
4.354862103e-08
-5.570902409e-08
4.357405021e-08
-6.040725877e-08
4.327364353e-08
-6.503445541e-08
4.265510693e-08
-6.956266336e-08
4.172446251e-08
-7.396426303e-08
4.048640784e-08
-7.821183553e-08
3.894478066e-08
-8.22780855e-08
3.710309632e-08
-8.613581433e-08
3.496512837e-08
-8.975794086e-08
3.253550615e-08
-9.3117567e-08
2.982030699e-08
-9.618808596e-08
2.682762459e-08
-9.894333188e-08
2.356809886e-08
-1.013577698e-07
2.005539524e-08
-1.034067259e-07
1.630662396e-08
-1.050666591e-07
1.234269147e-08
-1.063154732e-07
8.188576518e-09
-1.071328713e-07
3.87352368e-09
-1.075007509e-07
-5.688560791e-10
-1.074036416e-07
-5.100565697e-09
-1.068291752e-07
-9.679350338e-09
-1.057685905e-07
-1.425889928e-08
-1.04217259e-07
-1.878920862e-08
-1.021752188e-07
-2.321707489e-08
-9.964770118e-08
-2.74867384e-08
-9.664562969e-08
-3.154068323e-08
-9.318606602e-08
-3.532059633e-08
-8.929257662e-08
-3.876848234e-08
-8.499548931e-08
-4.182792375e-08
-8.033200972e-08
-4.444546734e-08
-7.534616784e-08
-4.657210847e-08
-7.008856844e-08
-4.81648351e-08
-6.46159245e-08
-4.918818404e-08
-5.899036107e-08
-4.961575432e-08
-5.327848709e-08
-4.943161669e-08
-4.755024515e-08
-4.863155659e-08
-4.187756216e-08
-4.722408945e-08
-3.633283747e-08
-4.523119382e-08
-3.098731768e-08
-4.268871907e-08
-2.590941759e-08
-3.964643909e-08
-2.116305418e-08
-3.616774195e-08
-1.680606377e-08
-3.232896454e-08
-1.288877123e-08
-2.821840013e-08
-9.452773825e-09
-2.393502234e-08
-6.529992106e-09
-1.958698081e-08
-4.142024888e-09
-1.528993191e-08
-2.299829418e-09
-1.116524246e-08
-1.003734811e-09
-7.33801405e-09
-2.437573397e-10
-3.935222649e-09
-1.086351733e-09
-4.388018509e-10
3.291976243e-09
-1.65053271e-09
9.532837685e-09
-3.538002723e-09
1.536629027e-08
-6.012224272e-09
2.074392797e-08
-8.992196883e-09
2.563710221e-08
-1.240459383e-08
3.003150695e-08
-1.618327721e-08
3.392415304e-08
-2.026869275e-08
3.732073355e-08
-2.460719924e-08
4.02331917e-08
-2.915037087e-08
4.26775799e-08
-3.385430026e-08
4.467223267e-08
-3.867892292e-08
4.623625461e-08
-4.358737853e-08
4.738832174e-08
-4.854542009e-08
4.814578775e-08
-5.352087859e-08
4.852407946e-08
-5.848318813e-08
4.853635969e-08
-6.340297429e-08
4.819342962e-08
-6.825170633e-08
4.750383891e-08
-7.300141264e-08
4.647416876e-08
-7.76244573e-08
4.510945244e-08
-8.209337491e-08
4.341369822e-08
-8.638076033e-08
4.139048168e-08
-9.045920977e-08
3.904357775e-08
-9.430131005e-08
3.637760638e-08
-9.787967332e-08
3.33986702e-08
-1.011670154e-07
3.011496663e-08
-1.04136277e-07
2.653736043e-08
-1.067607879e-07
2.267990609e-08
-1.090144752e-07
1.85603112e-08
-1.108721177e-07
1.420033394e-08
-1.123096488e-07
9.626107491e-09
-1.133045093e-07
4.868384197e-09
-1.138360546e-07
-3.731085774e-11
-1.13886008e-07
-5.050612352e-09
-1.134389747e-07
-1.012638365e-08
-1.124829935e-07
-1.521488051e-08
-1.110101321e-07
-2.026207007e-08
-1.090171063e-07
-2.521010076e-08
-1.065059082e-07
-2.999793655e-08
-1.034844213e-07
-3.456217009e-08
-9.996699593e-08
-3.883802176e-08
-9.59749524e-08
-4.276052591e-08
-9.153697893e-08
-4.626589725e-08
-8.668938578e-08
-4.929306052e-08
-8.147617942e-08
-5.178531487e-08
-7.594892219e-08
-5.369209235e-08
-7.016634845e-08
-5.497075781e-08
-6.419371667e-08
-5.558838612e-08
-5.810188857e-08
-5.552344481e-08
-5.196614038e-08
-5.476730481e-08
-4.586472709e-08
-5.332550276e-08
-3.987723741e-08
-5.121868353e-08
-3.408279246e-08
-4.848316404e-08
-2.855815549e-08
-4.517107608e-08
-2.337582931e-08
-4.135006816e-08
-1.860222338e-08
-3.710257049e-08
-1.429597178e-08
-3.252465175e-08
-1.050647611e-08
-2.772451803e-08
-7.272734604e-09
-2.282072233e-08
-4.6225002e-09
-1.794016633e-08
-2.571789339e-09
-1.321595332e-08
-1.124747403e-09
-8.785056017e-09
-2.738265569e-10
-4.786143521e-09
-1.360178289e-09
-4.619387773e-10
3.753914998e-09
-1.73612158e-09
1.080702041e-08
-3.718938717e-09
1.734910734e-08
-6.315609187e-09
2.334059837e-08
-9.439989606e-09
2.876148256e-08
-1.301427247e-08
3.360578975e-08
-1.696849203e-08
3.787837252e-08
-2.123989163e-08
4.15921331e-08
-2.577221172e-08
4.476551172e-08
-3.051494042e-08
4.742030854e-08
-3.542255845e-08
4.957985065e-08
-4.045380241e-08
5.12674985e-08
-4.557096452e-08
5.25054838e-08
-5.073924211e-08
5.331406528e-08
-5.592614575e-08
5.371098304e-08
-6.110097178e-08
5.371118566e-08
-6.623434208e-08
5.332679986e-08
-7.129781149e-08
5.256730828e-08
-7.626354165e-08
5.143989887e-08
-8.110403837e-08
4.99499491e-08
-8.579194893e-08
4.810160873e-08
-9.02999154e-08
4.589844809e-08
-9.460047968e-08
4.334414199e-08
-9.866603716e-08
4.044316381e-08
-1.02468836e-07
3.720146897e-08
-1.059810208e-07
3.362715137e-08
-1.091747205e-07
2.973106013e-08
-1.120221817e-07
2.552736727e-08
-1.144959495e-07
2.103407897e-08
-1.165690999e-07
1.627348422e-08
-1.182155269e-07
1.12725345e-08
-1.194102901e-07
6.063147351e-09
-1.201300253e-07
6.824242826e-10
-1.203534137e-07
-4.827223953e-09
-1.200617351e-07
-1.041806234e-08
-1.19239461e-07
-1.603715456e-08
-1.178749219e-07
-2.16266092e-08
-1.159610132e-07
-2.712400951e-08
-1.134959306e-07
-3.246301924e-08
-1.104839107e-07
-3.757419002e-08
-1.069359485e-07
-4.238598393e-08
-1.028704564e-07
-4.682601805e-08
-9.831382436e-08
-5.082252931e-08
-9.330083861e-08
-5.43060463e-08
-8.787491252e-08
-5.721124098e-08
-8.208808634e-08
-5.947891855e-08
-7.600075653e-08
-6.105808764e-08
-6.968110412e-08
-6.190803854e-08
-6.320420419e-08
-6.200034476e-08
-5.665081423e-08
-6.132069479e-08
-5.010585835e-08
-5.987045866e-08
-4.365664411e-08
-5.766789778e-08
-3.739086907e-08
-5.474893909e-08
-3.139449155e-08
-5.116745362e-08
-2.574955418e-08
-4.699500554e-08
-2.05320564e-08
-4.232006828e-08
-1.580997243e-08
-3.724673573e-08
-1.164150436e-08
-3.189298611e-08
-8.073644715e-09
-2.638858199e-08
-5.1411004e-09
-2.087271066e-08
-2.865604537e-09
-1.549144921e-08
-1.255622387e-09
-1.039503817e-08
-3.063970199e-10
-5.735368891e-09
-1.666575316e-09
-4.832544705e-10
4.237169417e-09
-1.814997741e-09
1.213876363e-08
-3.885762914e-09
1.941987245e-08
-6.595503874e-09
2.605033927e-08
-9.853409824e-09
3.201938845e-08
-1.357760671e-08
3.732998658e-08
-1.769465269e-08
4.199541845e-08
-2.21388822e-08
4.603636255e-08
-2.685166e-08
4.947828946e-08
-3.178058961e-08
5.23492381e-08
-3.68787101e-08
5.467797108e-08
-4.210370773e-08
5.649249608e-08
-4.741716285e-08
5.781893886e-08
-5.278384673e-08
5.868074912e-08
-5.817107876e-08
5.909821502e-08
-6.354815024e-08
5.908825709e-08
-6.88858179e-08
5.866446748e-08
-7.415586763e-08
5.783735796e-08
-7.933074641e-08
5.66147776e-08
-8.438325935e-08
5.500246201e-08
-8.928632762e-08
5.300467696e-08
-9.401280248e-08
5.062492292e-08
-9.853533135e-08
4.786667083e-08
-1.028262721e-07
4.473410448e-08
-1.068576529e-07
4.123284974e-08
-1.106011772e-07
3.737067562e-08
-1.140282732e-07
3.315815619e-08
-1.171101916e-07
2.86092856e-08
-1.19818153e-07
2.374204035e-08
-1.221235527e-07
1.85788839e-08
-1.239982264e-07
1.314720817e-08
-1.254147842e-07
7.479705131e-09
-1.263470184e-07
1.61465846e-09
-1.267703857e-07
-4.403856748e-09
-1.266625843e-07
-1.05258637e-08
-1.260041924e-07
-1.669554647e-08
-1.247793985e-07
-2.285140313e-08
-1.229767948e-07
-2.892661323e-08
-1.205902216e-07
-3.484959251e-08
-1.176196398e-07
-4.054477185e-08
-1.14072002e-07
-4.593362171e-08
-1.099620835e-07
-5.093593657e-08
-1.053132282e-07
-5.547138463e-08
-1.001579593e-07
-5.946131519e-08
-9.453839993e-08
-6.28308004e-08
-8.850644877e-08
-6.551086973e-08
-8.212366018e-08
-6.744087624e-08
-7.546078469e-08
-6.857091405e-08
-6.859694032e-08
-6.886418914e-08
-6.161840247e-08
-6.829923265e-08
-5.461702189e-08
-6.687183925e-08
-4.768830496e-08
-6.459661472e-08
-4.092921549e-08
-6.150802857e-08
-3.443578051e-08
-5.76608886e-08
-2.830060118e-08
-5.313018488e-08
-2.261038195e-08
-4.801028751e-08
-1.744359431e-08
-4.241352338e-08
-1.286838436e-08
-3.646819606e-08
-8.940817105e-09
-3.031614925e-08
-5.703523422e-09
-2.411000435e-08
-3.184785256e-09
-1.801018737e-08
-1.39806917e-09
-1.218175427e-08
-3.419454743e-10
-6.7914926e-09
-2.008520786e-09
-5.026260751e-10
4.73979548e-09
-1.886721453e-09
1.352285894e-08
-4.03756204e-09
2.157071298e-08
-6.85039099e-09
2.886316817e-08
-1.023022427e-08
3.539922169e-08
-1.409154941e-08
4.119131167e-08
-1.835781099e-08
4.626167997e-08
-2.296073643e-08
5.063928794e-08
-2.783956415e-08
5.435711714e-08
-3.294021932e-08
5.744989322e-08
-3.82144725e-08
5.995222422e-08
-4.361910943e-08
6.189713297e-08
-4.911513357e-08
6.331496296e-08
-5.466701774e-08
6.423263325e-08
-6.024201615e-08
6.46732134e-08
-6.580954388e-08
6.465578478e-08
-7.134062715e-08
6.419555071e-08
-7.680742483e-08
6.330415561e-08
-8.218281919e-08
6.199017193e-08
-8.744007213e-08
6.025971491e-08
-9.255254236e-08
5.811714716e-08
-9.749345857e-08
5.55658391e-08
-1.022357439e-07
5.260895614e-08
-1.067518881e-07
4.925024865e-08
-1.110138648e-07
4.549482644e-08
-1.149930936e-07
4.134990434e-08
-1.186604471e-07
3.682550972e-08
-1.219863078e-07
3.193514625e-08
-1.249406772e-07
2.669640969e-08
-1.274933457e-07
2.11315524e-08
-1.2961413e-07
1.526799246e-08
-1.31273186e-07
9.138761063e-09
-1.324414053e-07
2.782877752e-09
-1.330908989e-07
-3.754363134e-09
-1.331955933e-07
-1.042116935e-08
-1.32731901e-07
-1.715923877e-08
-1.316795099e-07
-2.390379419e-08
-1.300222576e-07
-3.058386555e-08
-1.277490829e-07
-3.712276728e-08
-1.248550331e-07
-4.343882159e-08
-1.213422972e-07
-4.944635765e-08
-1.172212228e-07
-5.505701101e-08
-1.125112701e-07
-6.018133734e-08
-1.072418436e-07
-6.473074169e-08
-1.014529381e-07
-6.861970589e-08
-9.519553202e-08
-7.176827579e-08
-8.853166244e-08
-7.410474583e-08
-8.153412296e-08
-7.556845353e-08
-7.428573898e-08
-7.611257311e-08
-6.687819388e-08
-7.570677776e-08
-5.941040486e-08
-7.433962826e-08
-5.198647682e-08
-7.202054276e-08
-4.471329322e-08
-6.878121217e-08
-3.769783364e-08
-6.467634818e-08
-3.104433297e-08
-5.978368554e-08
-2.485141515e-08
-5.420320533e-08
-1.920934158e-08
-4.805559696e-08
-1.419750941e-08
-4.148002823e-08
-9.882316797e-09
-3.463134185e-08
-6.315481812e-09
-2.767683933e-08
-3.532864657e-09
-2.079280453e-08
-1.5538117e-09
-1.416080721e-08
-3.809528274e-10
-7.964351462e-09
-2.389473617e-09
-5.199274067e-10
5.259722845e-09
-1.950846141e-09
1.495377765e-08
-4.173416868e-09
2.379328367e-08
-7.078754002e-09
3.176850526e-08
-1.056821227e-08
3.888867991e-08
-1.455307992e-08
4.517617929e-08
-1.895405689e-08
5.06626569e-08
-2.370056887e-08
5.538579989e-08
-2.87299784e-08
5.938652663e-08
-3.398673801e-08
6.27066528e-08
-3.942152114e-08
6.538700731e-08
-4.499035964e-08
6.746597144e-08
-5.065381095e-08
6.897841424e-08
-5.637617202e-08
6.995499429e-08
-6.212475241e-08
7.042179376e-08
-6.786921416e-08
7.04002465e-08
-7.358098225e-08
6.990731878e-08
-7.92327262e-08
6.895589953e-08
-8.479791064e-08
6.755535636e-08
-9.025041119e-08
6.571221544e-08
-9.556419042e-08
6.343092638e-08
-1.007130291e-07
6.071467773e-08
-1.056703074e-07
5.756623442e-08
-1.10408833e-07
5.398877429e-08
-1.149007133e-07
4.99867067e-08
-1.191172709e-07
4.556646197e-08
-1.230290056e-07
4.073724436e-08
-1.266056044e-07
3.551174506e-08
-1.298160078e-07
2.990681302e-08
-1.326285378e-07
2.394408239e-08
-1.350110989e-07
1.765055363e-08
-1.369314611e-07
1.105912326e-08
-1.383576352e-07
4.209051852e-09
-1.392583459e-07
-2.853652504e-09
-1.396036339e-07
-1.007588136e-08
-1.393655482e-07
-1.739732446e-08
-1.385189814e-07
-2.475036096e-08
-1.370426155e-07
-3.206023146e-08
-1.349199739e-07
-3.924540886e-08
-1.321405615e-07
-4.621823399e-08
-1.287010625e-07
-5.288585666e-08
-1.246065561e-07
-5.915151742e-08
-1.198716971e-07
-6.491619635e-08
-1.145217978e-07
-7.008064098e-08
-1.085937375e-07
-7.454776619e-08
-1.021366193e-07
-7.822539399e-08
-9.521209247e-08
-8.102927265e-08
-8.789426275e-08
-8.288628325e-08
-8.026912531e-08
-8.373771055e-08
-7.243347517e-08
-8.354242789e-08
-6.449327816e-08
-8.227982526e-08
-5.656151984e-08
-7.995230107e-08
-4.875558847e-08
-7.658714353e-08
-4.119428661e-08
-7.223765003e-08
-3.39946007e-08
-6.698337143e-08
-2.726838408e-08
-6.092942195e-08
-2.111912225e-08
-5.420485878e-08
-1.563894817e-08
-4.69602023e-08
-1.090605662e-08
-3.936423339e-08
-6.982632594e-09
-3.160026335e-08
-3.913364823e-09
-2.386207228e-08
-1.724576584e-09
-1.634959545e-08
-4.239024557e-10
-9.26502559e-09
-2.813376065e-09
-5.35034023e-10
5.794756867e-09
-2.006935436e-09
1.642567901e-08
-4.292434426e-09
2.607878263e-08
-7.279125723e-09
3.475519653e-08
-1.086523041e-08
4.247478457e-08
-1.495928412e-08
4.927023297e-08
-1.947961319e-08
5.518298595e-08
-2.435364535e-08
6.025983202e-08
-2.951711395e-08
6.454999521e-08
-3.491319943e-08
6.810273825e-08
-4.049164311e-08
7.096545097e-08
-4.620786272e-08
7.318219103e-08
-5.202209306e-08
7.479264456e-08
-5.78985701e-08
7.583147131e-08
-6.380477149e-08
7.632799514e-08
-6.971072194e-08
7.630619693e-08
-7.558836767e-08
7.57849645e-08
-8.141102084e-08
7.477855268e-08
-8.715287181e-08
7.329720732e-08
-9.27885655e-08
7.134790911e-08
-9.829283656e-08
6.893519743e-08
-1.036401983e-07
6.606203948e-08
-1.088046804e-07
6.273071648e-08
-1.137596111e-07
5.894370499e-08
-1.184774428e-07
5.470453837e-08
-1.229296194e-07
5.001863857e-08
-1.270864887e-07
4.489411365e-08
-1.309172632e-07
3.934251955e-08
-1.343900367e-07
3.337958653e-08
-1.37471865e-07
2.702591073e-08
-1.401289217e-07
2.030761028e-08
-1.423267405e-07
1.325694212e-08
-1.440305592e-07
5.912870501e-09
-1.452057692e-07
-1.678442467e-09
-1.458185038e-07
-9.463146738e-09
-1.458363424e-07
-1.737948587e-08
-1.452291726e-07
-2.53575308e-08
-1.439701925e-07
-3.331921157e-08
-1.420370513e-07
-4.117855001e-08
-1.394131134e-07
-4.884217186e-08
-1.360888197e-07
-5.621015039e-08
-1.320631069e-07
-6.317723016e-08
-1.273448316e-07
-6.963447168e-08
-1.219541285e-07
-7.547134401e-08
-1.159236227e-07
-8.057827205e-08
-1.092993991e-07
-8.484961753e-08
-1.021416322e-07
-8.818703955e-08
-9.452477365e-08
-9.050314179e-08
-8.653721048e-08
-9.17252737e-08
-7.828032301e-08
-9.179931534e-08
-6.986690392e-08
-9.069324434e-08
-6.141893922e-08
-8.840026575e-08
-5.306479876e-08
-8.494128398e-08
-4.49359329e-08
-8.036651587e-08
-3.71632183e-08
-7.475608601e-08
-2.987313296e-08
-6.821950728e-08
-2.318396363e-08
-6.089402809e-08
-1.720225317e-08
-5.294191274e-08
-1.201967842e-08
-4.454680812e-08
-7.710511659e-09
-3.590943009e-08
-4.329766778e-09
-2.724281716e-08
-1.91208333e-09
-1.876727887e-08
-4.71279004e-10
-1.070582989e-08
-3.284655069e-09
-5.478290223e-10
6.342585858e-09
-2.054581976e-09
1.793243196e-08
-4.39378443e-09
2.841798506e-08
-7.450144472e-09
3.781155655e-08
-1.111928896e-08
4.614392904e-08
-1.530745082e-08
5.345839481e-08
-1.993095123e-08
5.980648635e-08
-2.491551753e-08
6.52443983e-08
-3.019549224e-08
6.982996991e-08
-3.571297467e-08
7.362022067e-08
-4.141692903e-08
7.666940532e-08
-4.726228829e-08
7.902755029e-08
-5.320907775e-08
8.0739434e-08
-5.92215771e-08
8.184397065e-08
-6.526753503e-08
8.237395306e-08
-7.131744541e-08
8.235610731e-08
-7.734388996e-08
8.181140905e-08
-8.332094861e-08
8.075561133e-08
-8.922367575e-08
7.919993446e-08
-9.502763868e-08
7.715187204e-08
-1.007085131e-07
7.461607184e-08
-1.062417303e-07
7.15952567e-08
-1.116021712e-07
6.809115738e-08
-1.167639031e-07
6.410543688e-08
-1.216999572e-07
5.964059249e-08
-1.263821467e-07
5.470082808e-08
-1.307809274e-07
4.92928944e-08
-1.34865306e-07
4.342689814e-08
-1.386028023e-07
3.711708285e-08
-1.419594762e-07
3.038258463e-08
-1.449000299e-07
2.324816394e-08
-1.473879995e-07
1.57449118e-08
-1.493860524e-07
7.9109234e-09
-1.508564101e-07
-2.080847174e-10
-1.517613748e-07
-8.558182098e-09
-1.520640662e-07
-1.707679443e-08
-1.517292625e-07
-2.569233447e-08
-1.507244465e-07
-3.432402753e-08
-1.490210155e-07
-4.288198098e-08
-1.465956544e-07
-5.126753303e-08
-1.434318508e-07
-5.937395393e-08
-1.39521518e-07
-6.708756298e-08
-1.348666705e-07
-7.428931908e-08
-1.294810835e-07
-8.085693104e-08
-1.233918427e-07
-8.666751281e-08
-1.166406805e-07
-9.16007797e-08
-1.092849764e-07
-9.554274361e-08
-1.013982992e-07
-9.838981902e-08
-9.307037108e-08
-1.000532018e-07
-8.440635446e-08
-1.004633319e-07
-7.552539126e-08
-9.957420751e-08
-6.655837219e-08
-9.73672848e-08
-5.764496739e-08
-9.385468875e-08
-4.893001208e-08
-8.908147116e-08
-4.055940128e-08
-8.312669678e-08
-3.26757001e-08
-7.610320843e-08
-2.541371193e-08
-6.815601623e-08
-1.889626078e-08
-5.945936386e-08
-1.323043112e-08
-5.021263777e-08
-8.504468034e-09
-4.063539315e-08
-4.785481109e-09
-3.096180404e-08
-2.118035349e-09
-2.143472462e-08
-5.235675992e-10
-1.230029763e-08
-3.808222657e-09
-5.582088654e-10
6.900794734e-09
-2.093427766e-09
1.946765083e-08
-4.476739277e-09
3.080129656e-08
-7.590616573e-09
4.092543384e-08
-1.132863808e-08
4.988195054e-08
-1.559518173e-08
5.772493845e-08
-2.030492428e-08
6.451622889e-08
-2.538217924e-08
7.032165326e-08
-3.076012396e-08
7.520791463e-08
-3.637995423e-08
7.924005093e-08
-4.218999867e-08
8.247944976e-08
-4.814482182e-08
8.498237343e-08
-5.420433986e-08
8.679895205e-08
-6.03329689e-08
8.797259968e-08
-6.649882021e-08
8.853980438e-08
-7.26729528e-08
8.85302399e-08
-7.882868861e-08
8.796714487e-08
-8.494099235e-08
8.686791507e-08
-9.098591448e-08
8.524485661e-08
-9.694009396e-08
8.310605153e-08
-1.027803157e-07
8.045629356e-08
-1.084831174e-07
7.72980584e-08
-1.14024441e-07
7.363248101e-08
-1.193793245e-07
6.946032046e-08
-1.245216322e-07
6.478290015e-08
-1.294238222e-07
5.960301814e-08
-1.340567552e-07
5.392582742e-08
-1.383895468e-07
4.775968977e-08
-1.423894728e-07
4.11170088e-08
-1.460219356e-07
3.401504752e-08
-1.492505063e-07
2.647673467e-08
-1.520370547e-07
1.853146023e-08
-1.543419864e-07
1.021585512e-08
-1.561246112e-07
1.574540035e-09
-1.573436155e-07
-7.339177786e-09
-1.57957792e-07
-1.646261783e-08
-1.579268313e-07
-2.572329519e-08
-1.572123905e-07
-3.503846825e-08
-1.557793477e-07
-4.431502377e-08
-1.5359726e-07
-5.344962075e-08
-1.50642015e-07
-6.232919887e-08
-1.468976463e-07
-7.083193166e-08
-1.423582634e-07
-7.882870196e-08
-1.370300261e-07
-8.618516824e-08
-1.309330674e-07
-9.276447155e-08
-1.241032445e-07
-9.843060254e-08
-1.165935816e-07
-1.030524064e-07
-1.084752503e-07
-1.065081503e-07
-9.983793687e-08
-1.086905152e-07
-9.078945709e-08
-1.095118117e-07
-8.145451169e-08
-1.089091529e-07
-7.197252348e-08
-1.06849273e-07
-6.249456322e-08
-1.03332649e-07
-5.317944632e-08
-9.839658803e-08
-4.418916107e-08
-9.2116982e-08
-3.568386084e-08
-8.460850863e-08
-2.781670676e-08
-7.602317028e-08
-2.072887525e-08
-6.654719534e-08
-1.45450396e-08
-5.639647338e-08
-9.369593603e-09
-4.581083911e-08
-5.283817144e-09
-3.504758048e-08
-2.344110551e-09
-2.437443117e-08
-5.812529102e-10
-1.406315523e-08
-4.389475563e-09
-5.660898275e-10
7.466884542e-09
-2.123185781e-09
2.10247468e-08
-4.540716975e-09
3.321882775e-08
-7.699584143e-09
4.408430101e-08
-1.149186214e-08
5.367422854e-08
-1.582051284e-08
6.205358915e-08
-2.059891582e-08
6.929463187e-08
-2.575024128e-08
7.547297872e-08
-3.120671011e-08
8.066438347e-08
-3.690877531e-08
8.494211613e-08
-4.280425529e-08
8.837492975e-08
-4.884744709e-08
9.102556524e-08
-5.499824395e-08
9.294974892e-08
-6.122127762e-08
9.419563337e-08
-6.748510119e-08
9.480362795e-08
-7.376142329e-08
9.480656202e-08
-8.002440053e-08
9.423012213e-08
-8.624999042e-08
9.309350498e-08
-9.241536421e-08
9.141023042e-08
-9.849837654e-08
8.918906389e-08
-1.044770872e-07
8.643500425e-08
-1.103293298e-07
8.315030101e-08
-1.160323223e-07
7.933547356e-08
-1.215623158e-07
7.499031391e-08
-1.268942779e-07
7.01148623e-08
-1.320016121e-07
6.47103524e-08
-1.36855913e-07
5.87801283e-08
-1.414267625e-07
5.233053939e-08
-1.456815752e-07
4.537182149e-08
-1.495855001e-07
3.791897244e-08
-1.531013945e-07
2.999262915e-08
-1.561898835e-07
2.161994927e-08
-1.588095243e-07
1.283549593e-08
-1.60917097e-07
3.682112805e-09
-1.62468028e-07
-5.78824673e-09
-1.634170365e-07
-1.55136093e-08
-1.637188962e-07
-2.542143551e-08
-1.633294769e-07
-3.542788745e-08
-1.62207011e-07
-4.543748966e-08
-1.603136059e-07
-5.534302585e-08
-1.576170037e-07
-6.5025801e-08
-1.540925687e-07
-7.435636666e-08
-1.497254616e-07
-8.319580896e-08
-1.445129356e-07
-9.139769424e-08
-1.384666549e-07
-9.881075216e-08
-1.316149103e-07
-1.052823471e-07
-1.240045719e-07
-1.106627448e-07
-1.157026013e-07
-1.148101208e-07
-1.067969315e-07
-1.17596185e-07
-9.739653086e-08
-1.189122123e-07
-8.763049492e-08
-1.186751888e-07
-7.764606019e-08
-1.168337077e-07
-6.760550869e-08
-1.133732004e-07
-5.768202273e-08
-1.083200739e-07
-4.80546491e-08
-1.017443556e-07
-3.89026283e-08
-9.376052938e-08
-3.039942325e-08
-8.452637529e-08
-2.270682975e-08
-7.42397888e-08
-1.596955917e-08
-6.313374392e-08
-1.031064484e-08
-5.14697534e-08
-5.827948031e-09
-3.953027724e-08
-2.591950519e-09
-2.761042865e-08
-6.448180601e-10
-1.601028766e-08
-5.034293609e-09
-5.714143688e-10
8.038298932e-09
-2.143662676e-09
2.25969951e-08
-4.585326577e-09
3.566049166e-08
-7.776397308e-09
4.727537175e-08
-1.160798087e-08
5.750581211e-08
-1.598204535e-08
6.642765364e-08
-2.081100016e-08
7.412358669e-08
-2.601712139e-08
8.067909996e-08
-3.153186103e-08
8.617912313e-08
-3.729507005e-08
9.070532517e-08
-4.325416352e-08
9.433402324e-08
-4.936325517e-08
9.71346569e-08
-5.558228614e-08
9.916877991e-08
-6.18761693e-08
1.004895166e-07
-6.821396599e-08
1.011414247e-07
-7.456810752e-08
1.011607036e-07
-8.091366904e-08
1.005756837e-07
-8.722769951e-08
9.940753547e-08
-9.348860766e-08
9.76711386e-08
-9.967560157e-08
9.537605782e-08
-1.057681774e-07
9.252758017e-08
-1.117456529e-07
8.912777646e-08
-1.175867392e-07
8.517655993e-08
-1.232691493e-07
8.067272407e-08
-1.287692376e-07
7.561495066e-08
-1.340616716e-07
7.000278638e-08
-1.391191356e-07
6.383759237e-08
-1.439120717e-07
5.712347552e-08
-1.484084624e-07
4.986821225e-08
-1.525736662e-07
4.208417625e-08
-1.563703169e-07
3.378927987e-08
-1.597583036e-07
2.500793607e-08
-1.626948504e-07
1.577204281e-08
-1.651347183e-07
6.121980678e-09
-1.670305454e-07
-3.892419497e-09
-1.683333933e-07
-1.42107614e-08
-1.689934492e-07
-2.476137953e-08
-1.689610026e-07
-3.546033401e-08
-1.681876837e-07
-4.621080857e-08
-1.666279908e-07
-5.690271868e-08
-1.642411196e-07
-6.741267215e-08
-1.60993089e-07
-7.760439723e-08
-1.56859137e-07
-8.73297609e-08
-1.518263294e-07
-9.643050174e-08
-1.458962883e-07
-1.047407932e-07
-1.390879078e-07
-1.120907276e-07
-1.314398851e-07
-1.183107674e-07
-1.230128592e-07
-1.232371467e-07
-1.138909248e-07
-1.267181193e-07
-1.04182287e-07
-1.286208501e-07
-9.401883725e-08
-1.288386385e-07
-8.35544865e-08
-1.272980584e-07
-7.296216694e-08
-1.239655199e-07
-6.242952478e-08
-1.188527161e-07
-5.215344881e-08
-1.120204315e-07
-4.233370724e-08
-1.035802709e-07
-3.316607608e-08
-9.369400641e-08
-2.483541956e-08
-8.257044527e-08
-1.750921119e-08
-7.045995225e-08
-1.133195319e-08
-5.764701134e-08
-6.420870263e-09
-4.444136014e-08
-2.86314736e-09
-3.11681515e-08
-7.147428895e-10
-1.815869208e-08
-5.74903649e-09
-5.741580352e-10
8.61245696e-09
-2.154782349e-09
2.417761945e-08
-4.610415668e-09
3.8116125e-08
-7.820790133e-09
5.048574623e-08
-1.167655621e-08
6.136157821e-08
-1.607908438e-08
7.083018183e-08
-2.094011321e-08
7.898461555e-08
-2.618124666e-08
8.592023343e-08
-3.173333005e-08
9.173120655e-08
-3.753573024e-08
9.650772539e-08
-4.35355457e-08
1.003338387e-07
-4.968677341e-08
1.032858847e-07
-5.5949458e-08
1.054314645e-07
-6.228884543e-08
1.06828904e-07
-6.867455984e-08
1.075271391e-07
-7.507981731e-08
1.075659611e-07
-8.148068556e-08
1.06976552e-07
-8.78553946e-08
1.057822446e-07
-9.418369923e-08
1.039994433e-07
-1.004462916e-07
1.016386503e-07
-1.066242606e-07
9.870554914e-08
-1.126985921e-07
9.520210804e-08
-1.186497074e-07
9.112767525e-08
-1.244570327e-07
8.648004945e-08
-1.300985991e-07
8.125651709e-08
-1.355506693e-07
7.545485665e-08
-1.407873932e-07
6.907431632e-08
-1.457804937e-07
6.211657603e-08
-1.504989888e-07
5.458670741e-08
-1.549089582e-07
4.64941458e-08
-1.589733659e-07
3.785368756e-08
-1.626519527e-07
2.868652294e-08
-1.659012207e-07
1.902131084e-08
-1.686745319e-07
8.895291975e-09
-1.709223515e-07
-1.644599819e-09
-1.725926413e-07
-1.254047153e-08
-1.736315117e-07
-2.37225091e-08
-1.739840647e-07
-3.51077809e-08
-1.735955688e-07
-4.659930441e-08
-1.724129522e-07
-5.808533522e-08
-1.70386652e-07
-6.943897231e-08
-1.674728321e-07
-8.051821705e-08
-1.636359613e-07
-9.116663171e-08
-1.588517093e-07
-1.012147537e-07
-1.531100806e-07
-1.104824218e-07
-1.464186549e-07
-1.187821533e-07
-1.388057521e-07
-1.259236701e-07
-1.303232915e-07
-1.317196073e-07
-1.210490695e-07
-1.359923412e-07
-1.110881626e-07
-1.385817569e-07
-1.00573167e-07
-1.39353634e-07
-8.966302929e-08
-1.382081961e-07
-7.854030726e-08
-1.350882419e-07
-6.740682276e-08
-1.299862005e-07
-5.647781904e-08
-1.229494352e-07
-4.597490024e-08
-1.140831897e-07
-3.611818239e-08
-1.035507242e-07
-2.711820323e-08
-9.157042437e-08
-1.916819655e-08
-7.840995888e-08
-1.243732182e-08
-6.437788602e-08
-7.065355637e-09
-4.981332626e-08
-3.159227477e-09
-3.507427961e-08
-7.915016137e-10
-2.05264179e-08
-6.540538087e-09
-5.743361947e-10
9.186793186e-09
-2.15661029e-09
2.575989356e-08
-4.616119665e-09
4.057563441e-08
-7.832959753e-09
5.370258635e-08
-1.169780402e-08
6.522642251e-08
-1.611178436e-08
7.524416221e-08
-2.098623154e-08
8.385906276e-08
-2.624226573e-08
9.117626766e-08
-3.181025818e-08
9.729919904e-08
-3.762918414e-08
1.023266514e-07
-4.364589098e-08
1.063505456e-07
-4.981430805e-08
1.094543018e-07
-5.609462455e-08
1.117117811e-07
-6.245245947e-08
1.13186739e-07
-6.885804405e-08
1.139327238e-07
-7.52854322e-08
1.139933493e-07
-8.171174995e-08
1.134028698e-07
-8.811649017e-08
1.121869848e-07
-9.448085481e-08
1.10363808e-07
-1.007871439e-07
1.079449394e-07
-1.070181883e-07
1.049365936e-07
-1.131568219e-07
1.013407416e-07
-1.191853878e-07
9.715624123e-08
-1.250852756e-07
9.237993733e-08
-1.308364841e-07
8.700772558e-08
-1.364172079e-07
8.103558057e-08
-1.418034484e-07
7.446055683e-08
-1.469686478e-07
6.72817755e-08
-1.518833531e-07
5.950141281e-08
-1.565149144e-07
5.11257072e-08
-1.608272286e-07
4.216600178e-08
-1.647805417e-07
3.263983616e-08
-1.683313292e-07
2.257209835e-08
-1.714322773e-07
1.199624015e-08
-1.740324144e-07
9.555373159e-10
-1.760773145e-07
-1.049557131e-08
-1.77509699e-07
-2.229012456e-08
-1.782700732e-07
-3.434740661e-08
-1.782978013e-07
-4.657157629e-08
-1.775325105e-07
-5.885062593e-08
-1.759159004e-07
-7.105558231e-08
-1.733939918e-07
-8.304012559e-08
-1.699198296e-07
-9.464079388e-08
-1.654566216e-07
-1.056779616e-07
-1.599812512e-07
-1.159577921e-07
-1.534880448e-07
-1.252753597e-07
-1.45992612e-07
-1.334191028e-07
-1.375355082e-07
-1.401767109e-07
-1.281854067e-07
-1.453424427e-07
-1.180414234e-07
-1.487257402e-07
-1.072342249e-07
-1.501608324e-07
-9.592557764e-08
-1.495168432e-07
-8.430607837e-08
-1.467077411e-07
-7.259094145e-08
-1.417013374e-07
-6.101389804e-08
-1.345264785e-07
-4.981946956e-08
-1.252776181e-07
-3.925408348e-08
-1.141161102e-07
-2.955667034e-08
-1.012678374e-07
-2.094948491e-08
-8.701714425e-08
-1.362990669e-08
-7.169746417e-08
-7.763894889e-09
-5.567933801e-08
-3.481631656e-09
-3.935654278e-08
-8.755594615e-10
-2.313249003e-08
-7.416097536e-09
-5.720112385e-10
9.75880443e-09
-2.149378602e-09
2.733726098e-08
-4.602912761e-09
4.302916861e-08
-7.813648414e-09
5.691332205e-08
-1.167271004e-08
6.908548418e-08
-1.608130003e-08
7.965275225e-08
-2.095055809e-08
8.872832086e-08
-2.620126846e-08
9.642697807e-08
-3.176342666e-08
1.028613573e-07
-3.757568116e-08
1.081389059e-07
-4.358467205e-08
1.123595365e-07
-4.97442935e-08
1.156139233e-07
-5.601490794e-08
1.179823955e-07
-6.236253797e-08
1.195343691e-07
-6.875805882e-08
1.203282447e-07
-7.517640925e-08
1.204116997e-07
-8.159583377e-08
1.198222943e-07
-8.799716441e-08
1.185883155e-07
-9.436314565e-08
1.167297892e-07
-1.006778029e-07
1.142595967e-07
-1.069258521e-07
1.111846429e-07
-1.130921471e-07
1.075070367e-07
-1.191611591e-07
1.032252533e-07
-1.251164844e-07
9.833526267e-08
-1.309403758e-07
9.283161708e-08
-1.366132944e-07
8.67084993e-08
-1.421134798e-07
7.996074225e-08
-1.474165381e-07
7.258483394e-08
-1.524950514e-07
6.457992611e-08
-1.573182104e-07
5.594886631e-08
-1.618514815e-07
4.669927294e-08
-1.660563169e-07
3.684467161e-08
-1.698899266e-07
2.640570813e-08
-1.733051345e-07
1.541144821e-08
-1.762503581e-07
3.900760941e-09
-1.786696762e-07
-8.07625315e-09
-1.805032516e-07
-2.045654901e-08
-1.816877876e-07
-3.316287053e-08
-1.821574332e-07
-4.610193062e-08
-1.818450403e-07
-5.916301874e-08
-1.806838643e-07
-7.221675823e-08
-1.786097698e-07
-8.511422007e-08
-1.755639836e-07
-9.768657998e-08
-1.71496408e-07
-1.097455371e-07
-1.663694596e-07
-1.210847405e-07
-1.601623399e-07
-1.314824793e-07
-1.528755653e-07
-1.407058773e-07
-1.445354985e-07
-1.485167777e-07
-1.351985365e-07
-1.546794047e-07
-1.24954538e-07
-1.589697386e-07
-1.139290289e-07
-1.611863414e-07
-1.022837312e-07
-1.611621409e-07
-9.021502962e-08
-1.587764426e-07
-7.795013194e-08
-1.53966235e-07
-6.574088447e-08
-1.467357259e-07
-5.385546325e-08
-1.371630392e-07
-4.256842891e-08
-1.254031445e-07
-3.214987647e-08
-1.116863898e-07
-2.285457919e-08
-9.631244146e-08
-1.491208151e-08
-7.963996179e-08
-8.518631992e-09
-6.207278746e-08
-3.831691135e-09
-4.404348357e-08
-9.673684092e-10
-2.59968127e-08
-8.383465926e-09
-5.672996318e-10
1.03261041e-08
-2.133511825e-09
2.890347321e-08
-4.571660669e-09
4.54673175e-08
-7.764228523e-09
6.010588995e-08
-1.160315009e-08
7.29244058e-08
-1.598994254e-08
8.403954475e-08
-2.083571374e-08
9.357409211e-08
-2.606101131e-08
1.016522757e-07
-3.159551456e-08
1.083958606e-07
-3.737758032e-08
1.139209717e-07
-4.335366363e-08
1.183356199e-07
-4.947764132e-08
1.21737901e-07
-5.571006831e-08
1.242148226e-07
-6.201739585e-08
1.258416967e-07
-6.837117708e-08
1.26682026e-07
-7.474728079e-08
1.267878035e-07
-8.112512865e-08
1.262001423e-07
-8.748696619e-08
1.249501531e-07
-9.381717277e-08
1.230599959e-07
-1.001016123e-07
1.205440363e-07
-1.06327023e-07
1.174100537e-07
-1.124804434e-07
1.136604573e-07
-1.185486697e-07
1.092934796e-07
-1.245177387e-07
1.043043318e-07
-1.303724336e-07
9.8686312e-08
-1.360958056e-07
9.243187136e-08
-1.416687105e-07
8.553364723e-08
-1.470693566e-07
7.798548015e-08
-1.522728646e-07
6.978343423e-08
-1.572508413e-07
6.092684304e-08
-1.619709721e-07
5.141940382e-08
-1.663966421e-07
4.127034176e-08
-1.704865991e-07
3.049566521e-08
-1.741946795e-07
1.911952867e-08
-1.774696265e-07
7.175708057e-09
-1.80255025e-07
-5.290854628e-09
-1.824894547e-07
-1.822211924e-08
-1.841068073e-07
-3.15455178e-08
-1.850369407e-07
-4.517179709e-08
-1.852067283e-07
-5.89932311e-08
-1.845415774e-07
-7.288190899e-08
-1.829675071e-07
-8.66882903e-08
-1.804138588e-07
-1.002402282e-07
-1.768166913e-07
-1.133427046e-07
-1.721228648e-07
-1.257785669e-07
-1.662947563e-07
-1.373105878e-07
-1.593154599e-07
-1.476851736e-07
-1.511942227e-07
-1.566380148e-07
-1.419717513e-07
-1.639018759e-07
-1.31724917e-07
-1.692165728e-07
-1.20570305e-07
-1.723409534e-07
-1.086660231e-07
-1.730664227e-07
-9.621123087e-08
-1.712312347e-07
-8.344298375e-08
-1.66734482e-07
-7.063021947e-08
-1.595484901e-07
-5.806502011e-08
-1.497282385e-07
-4.60516308e-08
-1.374165337e-07
-3.489404927e-08
-1.228439713e-07
-2.488325699e-08
-1.063232337e-07
-1.628528682e-08
-8.823793189e-08
-9.331289581e-09
-6.902678464e-08
-4.210599614e-09
-4.916417347e-08
-1.067361768e-09
-2.914005048e-08
-9.450827679e-09
-5.603795012e-10
1.088648362e-08
-2.109653753e-09
3.045274753e-08
-4.523675573e-09
4.788133939e-08
-7.686791279e-09
6.326900572e-08
-1.149201503e-08
7.672962961e-08
-1.584134104e-08
8.838887082e-08
-2.06459341e-08
9.837868523e-08
-2.582614725e-08
1.068324889e-07
-3.13113592e-08
1.138810726e-07
-3.70396388e-08
1.196492514e-07
-4.295725779e-08
1.24253239e-07
-4.901808172e-08
1.27798725e-07
-5.518287242e-08
1.303796134e-07
-6.141853459e-08
1.320773589e-07
-6.769733588e-08
1.329608273e-07
-7.399612427e-08
1.33086592e-07
-8.029556121e-08
1.324995793e-07
-8.657938288e-08
1.312339749e-07
-9.283369683e-08
1.293143099e-07
-9.90463171e-08
1.267566566e-07
-1.052061372e-07
1.235698739e-07
-1.113025381e-07
1.197568583e-07
-1.173248274e-07
1.15315769e-07
-1.232617036e-07
1.102412081e-07
-1.291007404e-07
1.045253489e-07
-1.348278859e-07
9.815901692e-08
-1.404269715e-07
9.113273287e-08
-1.458792267e-07
8.343773546e-08
-1.511627977e-07
7.506700533e-08
-1.562522683e-07
6.601631375e-08
-1.61118186e-07
5.628532163e-08
-1.657265986e-07
4.587875445e-08
-1.700386117e-07
3.480767839e-08
-1.740099849e-07
2.309090192e-08
-1.775907934e-07
1.075651668e-08
-1.807251983e-07
-2.156449603e-09
-1.833513146e-07
-1.559600288e-08
-1.854013913e-07
-2.949544102e-08
-1.868021385e-07
-4.377104977e-08
-1.874755192e-07
-5.831985024e-08
-1.873400098e-07
-7.301741838e-08
-1.863124548e-07
-8.771584515e-08
-1.843106294e-07
-1.022420535e-07
-1.812565999e-07
-1.16396734e-07
-1.7708094e-07
-1.299542268e-07
-1.717277937e-07
-1.42663734e-07
-1.651606844e-07
-1.542522829e-07
-1.573688482e-07
-1.644298509e-07
-1.48373727e-07
-1.72896997e-07
-1.382351085e-07
-1.793551912e-07
-1.270562687e-07
-1.835197932e-07
-1.149873926e-07
-1.851352987e-07
-1.022265507e-07
-1.839920766e-07
-8.901762224e-08
-1.799434104e-07
-7.564480096e-08
-1.729213113e-07
-6.242367376e-08
-1.629493656e-07
-4.968930095e-08
-1.501509065e-07
-3.778217265e-08
-1.347510995e-07
-2.703329269e-08
-1.170721136e-07
-1.774986534e-08
-9.752135916e-08
-1.020308612e-08
-7.657356377e-08
-4.619381579e-09
-5.474787794e-08
-1.175947897e-09
-3.258348409e-08
-1.062677555e-08
-5.514983158e-10
1.143798199e-08
-2.078695816e-09
3.197994509e-08
-4.460774278e-09
5.026341791e-08
-7.584240144e-09
6.639247166e-08
-1.13433418e-08
8.048873133e-08
-1.564061082e-08
9.268613992e-08
-2.038727234e-08
1.031253468e-07
-2.550345973e-08
1.119486764e-07
-3.091821746e-08
1.192958304e-07
-3.656929734e-08
1.253003314e-07
-4.240277075e-08
1.300867125e-07
-4.837249064e-08
1.33768445e-07
-5.443944106e-08
1.364465639e-07
-6.057101175e-08
1.382089297e-07
-6.67402314e-08
1.39130047e-07
-7.29249876e-08
1.392713483e-07
-7.910725496e-08
1.386818467e-07
-8.527234644e-08
1.373990664e-07
-9.14081973e-08
1.354501609e-07
-9.750468599e-08
1.328531454e-07
-1.035529926e-07
1.296181805e-07
-1.095449924e-07
1.257488582e-07
-1.154726808e-07
1.212434575e-07
-1.213276231e-07
1.160961505e-07
-1.271004247e-07
1.102981505e-07
-1.327802127e-07
1.038388051e-07
-1.383541258e-07
9.670664609e-08
-1.438068036e-07
8.889041333e-08
-1.491198721e-07
8.038007397e-08
-1.542714219e-07
7.116786362e-08
-1.592354763e-07
6.124937615e-08
-1.639814531e-07
5.062473138e-08
-1.684736248e-07
3.929985018e-08
-1.726705904e-07
2.728786764e-08
-1.765247827e-07
1.4610709e-08
-1.799820668e-07
1.300834628e-09
-1.829813134e-07
-1.259675614e-08
-1.854544377e-07
-2.702231662e-08
-1.873263413e-07
-4.189914605e-08
-1.885154028e-07
-5.713078865e-08
-1.889344054e-07
-7.259841571e-08
-1.884920739e-07
-8.815817657e-08
-1.870953689e-07
-1.036387583e-07
-1.846526789e-07
-1.188394239e-07
-1.810780231e-07
-1.335288825e-07
-1.762963237e-07
-1.474454333e-07
-1.702497111e-07
-1.602988954e-07
-1.62904693e-07
-1.717748689e-07
-1.54259852e-07
-1.81541838e-07
-1.443535387e-07
-1.892615044e-07
-1.332708447e-07
-1.946024872e-07
-1.211489843e-07
-1.97257159e-07
-1.08180159e-07
-1.969609018e-07
-9.461104315e-08
-1.935125261e-07
-8.073826851e-08
-1.867940859e-07
-6.689968227e-08
-1.767879518e-07
-5.346168759e-08
-1.635889011e-07
-4.08035598e-08
-1.474092272e-07
-2.930016663e-08
-1.285755066e-07
-1.930488729e-08
-1.075166384e-07
-1.113464715e-08
-8.474380384e-08
-5.058857848e-09
-6.082366716e-08
-1.293503082e-09
-3.634883877e-08
-1.192027862e-08
-5.409814864e-10
1.19789635e-08
-2.041807814e-09
3.34807715e-08
-4.385341041e-09
5.260695122e-08
-7.460391273e-09
6.946752196e-08
-1.11624529e-08
8.419079303e-08
-1.539453018e-08
9.691821728e-08
-2.006780954e-08
1.077986263e-07
-2.510210131e-08
1.169829682e-07
-3.042602738e-08
1.246197566e-07
-3.597695979e-08
1.308512638e-07
-4.170073673e-08
1.358104895e-07
-4.755119542e-08
1.396189038e-07
-5.348956603e-08
1.423849346e-07
-5.948377017e-08
1.442031339e-07
-6.550766321e-08
1.451539402e-07
-7.154025284e-08
1.45303938e-07
-7.756491926e-08
1.447065132e-07
-8.356865482e-08
1.434028021e-07
-8.954133451e-08
1.414228407e-07
-9.54750232e-08
1.387868342e-07
-1.013633212e-07
1.355064786e-07
-1.072007461e-07
1.315862832e-07
-1.129821473e-07
1.270248587e-07
-1.187021463e-07
1.218161496e-07
-1.243545975e-07
1.159506019e-07
-1.299320606e-07
1.094162683e-07
-1.354252772e-07
1.021998628e-07
-1.408226444e-07
9.428778063e-08
-1.46109677e-07
8.566710668e-08
-1.512684527e-07
7.632663939e-08
-1.562770347e-07
6.625795827e-08
-1.611088702e-07
5.545656699e-08
-1.657321656e-07
4.392314568e-08
-1.701092462e-07
3.166494832e-08
-1.741959178e-07
1.869738077e-08
-1.779408689e-07
5.045785825e-09
-1.812850549e-07
-9.252570048e-09
-1.841614232e-07
-2.414594821e-08
-1.864945681e-07
-3.9566001e-08
-1.882008377e-07
-5.542451902e-08
-1.891888644e-07
-7.161038888e-08
-1.893606916e-07
-8.798634922e-08
-1.886136782e-07
-1.043857716e-07
-1.868433709e-07
-1.206097311e-07
-1.839475229e-07
-1.364247305e-07
-1.798313937e-07
-1.515615624e-07
-1.744143821e-07
-1.657159069e-07
-1.67637905e-07
-1.785513458e-07
-1.594742467e-07
-1.897054962e-07
-1.499358667e-07
-1.987998842e-07
-1.390844004e-07
-2.054539535e-07
-1.270383505e-07
-2.093032088e-07
-1.139783218e-07
-2.100209304e-07
-1.001486403e-07
-2.073422075e-07
-8.585440165e-08
-2.010883245e-07
-7.145341422e-08
-1.911889392e-07
-5.734313321e-08
-1.77699182e-07
-4.394342895e-08
-1.608089314e-07
-3.16767705e-08
-1.40842165e-07
-2.09479712e-08
-1.182454376e-07
-1.212591347e-08
-9.356586148e-08
-5.529609785e-09
-6.741997076e-08
-1.420364138e-09
-4.045808434e-08
-1.334064273e-08
-5.292417427e-10
1.25082053e-08
-2.000472369e-09
3.49520022e-08
-4.300397527e-09
5.490687646e-08
-7.32008419e-09
7.248720871e-08
-1.09561082e-08
8.782681713e-08
-1.51117298e-08
1.01073839e-07
-1.969787549e-08
1.12384772e-07
-2.463383863e-08
1.219189314e-07
-2.984766974e-08
1.298335878e-07
-3.527626466e-08
1.362798588e-07
-4.086518406e-08
1.41399409e-07
-4.656825207e-08
1.453219719e-07
-5.23469869e-08
1.481636695e-07
-5.816991477e-08
1.500260619e-07
-6.401181314e-08
1.509958386e-07
-6.98529209e-08
1.511450458e-07
-7.567814516e-08
1.505317376e-07
-8.147628533e-08
1.492009424e-07
-8.723928813e-08
1.471858435e-07
-9.296154063e-08
1.445090868e-07
-9.863920383e-08
1.411841419e-07
-1.042695851e-07
1.372166646e-07
-1.098505453e-07
1.326058191e-07
-1.153799348e-07
1.273455392e-07
-1.208550498e-07
1.21425717e-07
-1.262721017e-07
1.148333204e-07
-1.316256895e-07
1.075534507e-07
-1.369082649e-07
9.957035613e-08
-1.421095824e-07
9.08684243e-08
-1.472161231e-07
8.14331802e-08
-1.522104847e-07
7.125232e-08
-1.570707314e-07
6.03168138e-08
-1.617696998e-07
4.862211419e-08
-1.662742628e-07
3.61695114e-08
-1.705445616e-07
2.296767972e-08
-1.745332242e-07
9.034448523e-09
-1.78184595e-07
-5.601199148e-09
-1.814340696e-07
-2.089647344e-08
-1.842075429e-07
-3.67925276e-08
-1.864210643e-07
-5.321099748e-08
-1.879809226e-07
-7.005053049e-08
-1.887842794e-07
-8.718299234e-08
-1.887205664e-07
-1.044494846e-07
-1.876738818e-07
-1.216564156e-07
-1.855266315e-07
-1.385719807e-07
-1.821646378e-07
-1.54923556e-07
-1.774838741e-07
-1.703966705e-07
-1.713988516e-07
-1.846363682e-07
-1.638524854e-07
-1.972518624e-07
-1.548269921e-07
-2.078253774e-07
-1.443550507e-07
-2.159258948e-07
-1.32530121e-07
-2.211281384e-07
-1.195145512e-07
-2.230365002e-07
-1.055439816e-07
-2.213127769e-07
-9.092667617e-08
-2.157056299e-07
-7.603682471e-08
-2.060787905e-07
-6.130157737e-08
-1.924344293e-07
-4.718249856e-08
-1.749280101e-07
-3.415312002e-08
-1.538715435e-07
-2.267510773e-08
-1.297234499e-07
-1.317605103e-08
-1.030649181e-07
-6.031944388e-09
-7.456407732e-08
-1.556821186e-09
-4.493320746e-08
-1.48974639e-08
-5.16790391e-10
1.302499573e-08
-1.956524963e-09
3.639173687e-08
-4.209683264e-09
5.716003485e-08
-7.169307385e-09
7.544683292e-08
-1.073267426e-08
9.139018409e-08
-1.480289972e-08
1.051440645e-07
-1.929028442e-08
1.168721568e-07
-2.411330654e-08
1.267419536e-07
-2.919923044e-08
1.349195117e-07
-3.448434684e-08
1.415649753e-07
-3.991388928e-08
1.468289515e-07
-4.54416869e-08
1.508497696e-07
-5.102961772e-08
1.537516004e-07
-5.664692396e-08
1.556433682e-07
-6.226944315e-08
1.566183579e-07
-6.787879925e-08
1.56754402e-07
-7.346158748e-08
1.561145259e-07
-7.900857686e-08
1.547479318e-07
-8.451394607e-08
1.526912129e-07
-8.997456067e-08
1.499697015e-07
-9.538929485e-08
1.465988762e-07
-1.007583961e-07
1.425857659e-07
-1.060828882e-07
1.379303113e-07
-1.113640065e-07
1.326266576e-07
-1.166026558e-07
1.266643664e-07
-1.217988827e-07
1.200295474e-07
-1.269513505e-07
1.127059186e-07
-1.320568063e-07
1.04675812e-07
-1.37109528e-07
9.592114615e-08
-1.421007396e-07
8.642439189e-08
-1.470179824e-07
7.616956296e-08
-1.518444332e-07
6.514326466e-08
-1.565581591e-07
5.333584022e-08
-1.611313066e-07
4.074265905e-08
-1.65529225e-07
2.736559818e-08
-1.697095372e-07
1.321476089e-08
-1.736211998e-07
-1.689536479e-09
-1.772034773e-07
-1.731419584e-08
-1.803852209e-07
-3.361078384e-08
-1.830840239e-07
-5.051219439e-08
-1.852058409e-07
-6.792871331e-08
-1.866450645e-07
-8.574376871e-08
-1.872853083e-07
-1.038092406e-07
-1.870011758e-07
-1.219405479e-07
-1.856613202e-07
-1.399118362e-07
-1.831331138e-07
-1.574517623e-07
-1.792892052e-07
-1.74240579e-07
-1.740161342e-07
-1.899094391e-07
-1.672249794e-07
-2.040430171e-07
-1.588637145e-07
-2.161866422e-07
-1.489305608e-07
-2.258590484e-07
-1.374871831e-07
-2.32571516e-07
-1.246701598e-07
-2.358535234e-07
-1.106988819e-07
-2.352840547e-07
-9.587802038e-08
-2.305264913e-07
-8.059305481e-08
-2.21363756e-07
-6.529812965e-08
-2.077293543e-07
-5.049662044e-08
-1.897295192e-07
-3.671608844e-08
-1.676520754e-07
-2.448049566e-08
-1.419590425e-07
-1.428336813e-08
-1.132620455e-07
-6.565863135e-09
-8.228158223e-08
-1.703111577e-09
-4.979595894e-08
-1.660057545e-08
-5.042508155e-10
1.35292466e-08
-1.912202259e-09
3.77996884e-08
-4.117751391e-09
5.936558408e-08
-7.015345278e-09
7.83444269e-08
-1.050231856e-08
9.487715747e-08
-1.448102125e-08
1.091227673e-07
-1.886059151e-08
1.212517272e-07
-2.355827516e-08
1.314396374e-07
-2.850026476e-08
1.398615014e-07
-3.362208748e-08
1.466867981e-07
-3.886860376e-08
1.520754679e-07
-4.419369385e-08
1.561748598e-07
-4.955971189e-08
1.591176185e-07
-5.493678129e-08
1.610204377e-07
-6.030199519e-08
1.619835719e-07
-6.563857293e-08
1.620909799e-07
-7.093501124e-08
1.614109643e-07
-7.618425677e-08
1.599971775e-07
-8.138291743e-08
1.578898736e-07
-8.653052112e-08
1.551173053e-07
-9.16288252e-08
1.516971804e-07
-9.668117454e-08
1.476381153e-07
-1.016919034e-07
1.429410403e-07
-1.066657735e-07
1.376005278e-07
-1.116074386e-07
1.316060317e-07
-1.16520926e-07
1.249430349e-07
-1.214091215e-07
1.175941142e-07
-1.262732464e-07
1.09539937e-07
-1.31112312e-07
1.007602119e-07
-1.359225387e-07
9.123461871e-08
-1.406967233e-07
8.094374764e-08
-1.454235421e-07
6.98700836e-08
-1.500867766e-07
5.799907484e-08
-1.546644503e-07
4.532033289e-08
-1.591278713e-07
3.182901932e-08
-1.634405862e-07
1.752747586e-08
-1.675572779e-07
2.427155386e-09
-1.714224681e-07
-1.344900557e-08
-1.749695643e-07
-3.006368747e-08
-1.781195856e-07
-4.736217296e-08
-1.807802901e-07
-6.526800869e-08
-1.828456533e-07
-8.367840542e-08
-1.841959562e-07
-1.024589376e-07
-1.846987886e-07
-1.214377154e-07
-1.842113294e-07
-1.403992953e-07
-1.825843112e-07
-1.590787803e-07
-1.796680772e-07
-1.771568129e-07
-1.753210697e-07
-1.942564466e-07
-1.694209174e-07
-2.099431693e-07
-1.618779881e-07
-2.237295714e-07
-1.52650831e-07
-2.350862053e-07
-1.417623861e-07
-2.434599608e-07
-1.293152506e-07
-2.483006589e-07
-1.155038081e-07
-2.490954972e-07
-1.006208053e-07
-2.454094941e-07
-8.505618327e-08
-2.369283779e-07
-6.928673607e-08
-2.234988014e-07
-5.385646897e-08
-2.051597862e-07
-3.934917486e-08
-1.821593694e-07
-2.635640071e-08
-1.549518166e-07
-1.544524713e-08
-1.24173199e-07
-7.131038417e-09
-9.059579085e-08
-1.859415997e-09
-5.506758127e-08
-1.845999143e-08
-4.92375838e-10
1.402162249e-08
-1.870202359e-09
3.917751503e-08
-4.030086112e-09
6.152546793e-08
-6.866955142e-09
8.118129603e-08
-1.027723817e-08
9.82874406e-08
-1.416163272e-08
1.130071619e-07
-1.842737751e-08
1.255174721e-07
-2.298993442e-08
1.360021944e-07
-2.777406437e-08
1.446456315e-07
-3.271434904e-08
1.516270829e-07
-3.775524582e-08
1.571163648e-07
-4.285077671e-08
1.612703908e-07
-4.796395075e-08
1.642307927e-07
-5.30660098e-08
1.661224969e-07
-5.813557266e-08
1.670531349e-07
-6.315773637e-08
1.671131437e-07
-6.812317795e-08
1.66376406e-07
-7.302728625e-08
1.649012859e-07
-7.786934164e-08
1.627319291e-07
-8.265175284e-08
1.598997166e-07
-8.737935299e-08
1.564247806e-07
-9.205875242e-08
1.523175149e-07
-9.669774176e-08
1.475800297e-07
-1.01304737e-07
1.422075231e-07
-1.058882557e-07
1.361895505e-07
-1.104564131e-07
1.295111925e-07
-1.150164247e-07
1.221541258e-07
-1.195741006e-07
1.14097613e-07
-1.241333187e-07
1.053194301e-07
-1.286954578e-07
9.579675792e-08
-1.332587764e-07
8.550706635e-08
-1.378177187e-07
7.442902602e-08
-1.423621314e-07
6.254348761e-08
-1.468763748e-07
4.98345764e-08
-1.513383152e-07
3.629095991e-08
-1.557181949e-07
2.190735568e-08
-1.599773824e-07
6.686342988e-09
-1.640669454e-07
-9.359442451e-09
-1.67926324e-07
-2.620430882e-08
-1.714818041e-07
-4.380669274e-08
-1.746451213e-07
-6.21046914e-08
-1.773123318e-07
-8.101119472e-08
-1.793631554e-07
-1.004081139e-07
-1.806611056e-07
-1.201397651e-07
-1.810548118e-07
-1.40005589e-07
-1.803810147e-07
-1.597525773e-07
-1.784697741e-07
-1.790680535e-07
-1.751524116e-07
-1.975738089e-07
-1.702725905e-07
-2.148229903e-07
-1.637006558e-07
-2.30301506e-07
-1.553508961e-07
-2.434359649e-07
-1.452007409e-07
-2.53610116e-07
-1.333101397e-07
-2.601912599e-07
-1.198386297e-07
-2.625670071e-07
-1.050570876e-07
-2.60191036e-07
-8.935115034e-08
-2.526343151e-07
-7.321395686e-08
-2.396359948e-07
-5.72273024e-08
-2.211464406e-07
-4.203232144e-08
-1.973543503e-07
-2.829304862e-08
-1.686910894e-07
-1.6658099e-08
-1.358081486e-07
-7.72680219e-09
-9.952708757e-08
-2.025858293e-09
-6.076852509e-08
-2.04858497e-08
-4.820701396e-10
1.450369269e-08
-1.833761962e-09
4.052920695e-08
-3.953250399e-09
6.364495647e-08
-6.734585105e-09
8.396263084e-08
-1.007193488e-08
1.016247905e-07
-1.386314024e-08
1.167983674e-07
-1.801256988e-08
1.296669018e-07
-2.243320039e-08
1.40422825e-07
-2.704792651e-08
1.492603577e-07
-3.179018955e-08
1.563693461e-07
-3.660404759e-08
1.619302229e-07
-4.14438206e-08
1.661101639e-07
-4.627343627e-08
1.690604084e-07
-5.106558578e-08
1.709146465e-07
-5.580077775e-08
1.71788327e-07
-6.04663579e-08
1.71778724e-07
-6.505554194e-08
1.709655902e-07
-6.956649303e-08
1.694122371e-07
-7.400146188e-08
1.671668981e-07
-7.836599735e-08
1.642642522e-07
-8.266822828e-08
1.607270117e-07
-8.69182121e-08
1.565674988e-07
-9.11273423e-08
1.5178916e-07
-9.53078046e-08
1.463879855e-07
-9.947206988e-08
1.403538159e-07
-1.036324109e-07
1.336715336e-07
-1.078004286e-07
1.263221436e-07
-1.11986573e-07
1.182837575e-07
-1.161996422e-07
1.095324995e-07
-1.204462431e-07
1.000433589e-07
-1.247301936e-07
8.979101696e-08
-1.290518492e-07
7.875068179e-08
-1.334073322e-07
6.689897066e-08
-1.377876426e-07
5.421488699e-08
-1.421776331e-07
4.068095047e-08
-1.465548298e-07
2.628455254e-08
-1.508880877e-07
1.101960093e-08
-1.551360725e-07
-5.111457437e-09
-1.592456051e-07
-2.209477614e-08
-1.631499513e-07
-3.990234644e-08
-1.66766934e-07
-5.848770859e-08
-1.699972224e-07
-7.778090623e-08
-1.727229165e-07
-9.768241971e-08
-1.748067395e-07
-1.18055942e-07
-1.760922563e-07
-1.387200721e-07
-1.764056608e-07
-1.594391727e-07
-1.755597815e-07
-1.799139327e-07
-1.733610164e-07
-1.997725739e-07
-1.696198613e-07
-2.185641452e-07
-1.641654799e-07
-2.357558873e-07
-1.568643162e-07
-2.507371285e-07
-1.476420403e-07
-2.628323918e-07
-1.365071732e-07
-2.71326127e-07
-1.235737005e-07
-2.755004797e-07
-1.090791049e-07
-2.746856316e-07
-9.339385822e-08
-2.683195617e-07
-7.701886369e-08
-2.560109893e-07
-6.056880645e-08
-2.375964978e-07
-4.47417911e-08
-2.131813655e-07
-3.027856434e-08
-1.83154316e-07
-1.791735031e-08
-1.481693625e-07
-8.352152639e-09
-1.090922852e-07
-2.202510894e-09
-6.691816675e-08
-2.268836057e-08
-4.744202934e-10
1.497811303e-08
-1.806756997e-09
4.186154376e-08
-3.89507503e-09
6.573327461e-08
-6.630647348e-09
8.669820326e-08
-9.903551607e-09
1.048976948e-07
-1.360718621e-08
1.205020021e-07
-1.764180884e-08
1.337015246e-07
-2.19170459e-08
1.446980622e-07
-2.635342134e-08
1.536967333e-07
-3.088304538e-08
1.608989702e-07
-3.544963877e-08
1.664968164e-07
-4.000806922e-08
1.706685944e-07
-4.452355941e-08
1.735758987e-07
-4.897069967e-08
1.753617868e-07
-5.333236885e-08
1.761499962e-07
-5.759863933e-08
1.760449945e-07
-6.176571752e-08
1.751326685e-07
-6.583495148e-08
1.734814712e-07
-6.981192228e-08
1.71143869e-07
-7.370562425e-08
1.681579543e-07
-7.752773209e-08
1.645491196e-07
-8.129194749e-08
1.603317143e-07
-8.501341461e-08
1.555106273e-07
-8.870819232e-08
1.500827633e-07
-9.239276927e-08
1.44038393e-07
-9.608360753e-08
1.37362372e-07
-9.979669949e-08
1.300352357e-07
-1.035471221e-07
1.220341803e-07
-1.073485716e-07
1.133339491e-07
-1.112128602e-07
1.039076477e-07
-1.151493565e-07
9.372751332e-08
-1.191643467e-07
8.276567213e-08
-1.232602966e-07
7.099492068e-08
-1.274349881e-07
5.838957863e-08
-1.316805065e-07
4.492646896e-08
-1.359820524e-07
3.058609853e-08
-1.403165609e-07
1.535410955e-08
-1.44651118e-07
-7.769002358e-10
-1.489410529e-07
-1.780484111e-08
-1.531281304e-07
-3.571526886e-08
-1.5713821e-07
-5.447762881e-08
-1.608790235e-07
-7.404009269e-08
-1.642380311e-07
-9.432341193e-08
-1.670806582e-07
-1.152133149e-07
-1.692493201e-07
-1.3655141e-07
-1.705638064e-07
-1.581246864e-07
-1.708237567e-07
-1.796539823e-07
-1.698141128e-07
-2.007822178e-07
-1.673144806e-07
-2.210637772e-07
-1.631132297e-07
-2.399571382e-07
-1.570267757e-07
-2.568235824e-07
-1.489237733e-07
-2.709353941e-07
-1.387528568e-07
-2.814970434e-07
-1.265712207e-07
-2.876821157e-07
-1.125699913e-07
-2.886868609e-07
-9.709143187e-08
-2.837981211e-07
-8.063304918e-08
-2.724693719e-07
-6.383502122e-08
-2.543945257e-07
-4.745011313e-08
-2.295662735e-07
-3.229896797e-08
-1.983054611e-07
-1.921747298e-08
-1.612508575e-07
-9.005785718e-09
-1.193039723e-07
-2.389408245e-09
-7.353454415e-08
-2.50777688e-08
-4.707350486e-10
1.544884814e-08
-1.793835467e-09
4.318464428e-08
-3.864903295e-09
6.780434254e-08
-6.569864013e-09
8.940316409e-08
-9.7922871e-09
1.08120118e-07
-1.341908893e-08
1.24128804e-07
-1.734486508e-08
1.376273008e-07
-2.147485378e-08
1.48828051e-07
-2.572664606e-08
1.579485256e-07
-3.003086159e-08
1.652031858e-07
-3.433103844e-08
1.707969933e-07
-3.858297141e-08
1.749205275e-07
-4.275370133e-08
1.777466288e-07
-4.682031658e-08
1.794284022e-07
-5.076868749e-08
1.800983673e-07
-5.459221719e-08
1.798685243e-07
-5.829066255e-08
1.788311139e-07
-6.186905505e-08
1.770598638e-07
-6.533673411e-08
1.746115482e-07
-6.870649397e-08
1.715277142e-07
-7.19938368e-08
1.678364626e-07
-7.521632088e-08
1.635541985e-07
-7.839298939e-08
1.586872959e-07
-8.15438647e-08
1.532336387e-07
-8.468949221e-08
1.471840206e-07
-8.78505176e-08
1.405233975e-07
-9.104728136e-08
1.332319996e-07
-9.429941369e-08
1.252863127e-07
-9.76254127e-08
1.166599482e-07
-1.010421875e-07
1.073244225e-07
-1.045645461e-07
9.724987202e-08
-1.082046072e-07
8.640573342e-08
-1.11971112e-07
7.476142553e-08
-1.158686086e-07
6.228707534e-08
-1.198964821e-07
4.895434255e-08
-1.240477955e-07
3.473741203e-08
-1.283079203e-07
1.961423446e-08
-1.326529299e-07
3.568109497e-09
-1.370475863e-07
-1.34101846e-08
-1.414433601e-07
-3.131949491e-08
-1.457758584e-07
-5.014513041e-08
-1.499621321e-07
-6.985381889e-08
-1.538978796e-07
-9.038766433e-08
-1.57454766e-07
-1.116564284e-07
-1.604782312e-07
-1.335279447e-07
-1.62786342e-07
-1.558165756e-07
-1.641704694e-07
-1.782698548e-07
-1.643988051e-07
-2.005538819e-07
-1.632239112e-07
-2.222386711e-07
-1.603955321e-07
-2.427855172e-07
-1.556796557e-07
-2.615394588e-07
-1.488841537e-07
-2.77730896e-07
-1.398901702e-07
-2.904910268e-07
-1.2868679e-07
-2.988854959e-07
-1.154046546e-07
-3.019689963e-07
-1.003425969e-07
-2.988601787e-07
-8.398072122e-08
-2.888312475e-07
-6.697433802e-08
-2.714009088e-07
-5.012609635e-08
-2.464145151e-07
-3.433823595e-08
-2.140933214e-07
-2.055206813e-08
-1.750370252e-07
-9.686159966e-09
-1.301698804e-07
-2.586571425e-09
-8.063413262e-08
-2.76643402e-08
-4.726001611e-10
1.592144836e-08
-1.800593997e-09
4.451263823e-08
-3.873909577e-09
6.987765823e-08
-6.569707052e-09
9.209896167e-08
-9.761908497e-09
1.113123196e-07
-1.332836589e-08
1.276952615e-07
-1.715611134e-08
1.414550464e-07
-2.114478216e-08
1.528167219e-07
-2.520844227e-08
1.620121859e-07
-2.927613381e-08
1.692708775e-07
-3.329150692e-08
1.748123665e-07
-3.721183952e-08
1.788408602e-07
-4.100670263e-08
1.81541492e-07
-4.465646567e-08
1.830781653e-07
-4.815077964e-08
1.835926813e-07
-5.148712821e-08
1.83204873e-07
-5.466949922e-08
1.82013485e-07
-5.770720136e-08
1.80097566e-07
-6.061383185e-08
1.775181787e-07
-6.340638847e-08
1.743202709e-07
-6.610451219e-08
1.705345864e-07
-6.872984272e-08
1.661795291e-07
-7.130546802e-08
1.612629213e-07
-7.385544866e-08
1.557836195e-07
-7.640439834e-08
1.497329703e-07
-7.897710261e-08
1.430961019e-07
-8.159815846e-08
1.358530555e-07
-8.429161738e-08
1.279797717e-07
-8.708061481e-08
1.194489457e-07
-8.998696754e-08
1.102307754e-07
-9.30307198e-08
1.002936244e-07
-9.622961676e-08
8.960463048e-08
-9.959848142e-08
7.813029029e-08
-1.031484679e-07
6.583706191e-08
-1.068861595e-07
5.269203427e-08
-1.108124756e-07
3.866372824e-08
-1.14921353e-07
2.372311193e-08
-1.191981529e-07
7.844909486e-09
-1.236177041e-07
-8.9906333e-09
-1.281421075e-07
-2.679509139e-08
-1.327181098e-07
-4.556912799e-08
-1.372740402e-07
-6.529788836e-08
-1.417164726e-07
-8.594523188e-08
-1.459267236e-07
-1.074461773e-07
-1.497574908e-07
-1.296971774e-07
-1.530301328e-07
-1.525439335e-07
-1.555333626e-07
-1.757666249e-07
-1.570244453e-07
-1.990627992e-07
-1.572343045e-07
-2.220288117e-07
-1.558781633e-07
-2.441416584e-07
-1.526733036e-07
-2.647443185e-07
-1.473650429e-07
-2.830391566e-07
-1.397608938e-07
-2.980951758e-07
-1.297710222e-07
-3.088753675e-07
-1.174507117e-07
-3.142893067e-07
-1.030380982e-07
-3.132727921e-07
-8.697882682e-08
-3.048905188e-07
-6.992953326e-08
-2.884502023e-07
-5.273489791e-08
-2.636091504e-07
-3.637843202e-08
-2.304497873e-07
-2.19140156e-08
-1.895014416e-07
-1.03916047e-08
-1.416922913e-07
-2.794047981e-09
-8.823168927e-08
-3.045838817e-08
-4.81953004e-10
1.640340142e-08
-1.833813217e-09
4.586449854e-08
-3.935514807e-09
7.197935993e-08
-6.650957097e-09
9.481440406e-08
-9.840381479e-09
1.145017441e-07
-1.336934916e-08
1.312242293e-07
-1.711504007e-08
1.452007374e-07
-2.097011576e-08
1.566717977e-07
-2.484453182e-08
1.65886602e-07
-2.866579942e-08
1.730921452e-07
-3.237818077e-08
1.78524748e-07
-3.594123019e-08
1.824039097e-07
-3.932800133e-08
1.849282632e-07
-4.252315189e-08
1.86273316e-07
-4.552109996e-08
1.865906295e-07
-4.832432437e-08
1.860080975e-07
-5.09418558e-08
1.846310166e-07
-5.338797368e-08
1.82543684e-07
-5.568110324e-08
1.798113084e-07
-5.784289536e-08
1.764820632e-07
-5.98974655e-08
1.725891567e-07
-6.187076619e-08
1.681528299e-07
-6.379006771e-08
1.631822229e-07
-6.568352294e-08
1.576770748e-07
-6.757979458e-08
1.516292421e-07
-6.950772465e-08
1.45024032e-07
-7.149602737e-08
1.378413584e-07
-7.35729883e-08
1.300567328e-07
-7.576615239e-08
1.216421099e-07
-7.810198351e-08
1.125666066e-07
-8.060547682e-08
1.027971178e-07
-8.329970392e-08
9.229885769e-08
-8.620526768e-08
8.103585414e-08
-8.933963987e-08
6.89714342e-08
-9.271634992e-08
5.606874442e-08
-9.634398618e-08
4.22913646e-08
-1.002249668e-07
2.760409265e-08
-1.043540271e-07
1.197396985e-08
-1.087163502e-07
-4.628310071e-09
-1.132852947e-07
-2.222614684e-08
-1.180197806e-07
-4.083464201e-08
-1.228609978e-07
-6.045667108e-08
-1.277286734e-07
-8.107755613e-08
-1.325168958e-07
-1.026579548e-07
-1.370897041e-07
-1.251243691e-07
-1.412768514e-07
-1.483567861e-07
-1.448704439e-07
-1.721730323e-07
-1.476235453e-07
-1.963096977e-07
-1.492522871e-07
-2.204000699e-07
-1.494434478e-07
-2.439504976e-07
-1.478696997e-07
-2.663180665e-07
-1.442145107e-07
-2.866943456e-07
-1.382077414e-07
-3.04101945e-07
-1.296710534e-07
-3.174120554e-07
-1.185693477e-07
-3.253910122e-07
-1.050610461e-07
-3.267810937e-07
-8.95371169e-08
-3.204144479e-07
-7.263777954e-08
-3.053495396e-07
-5.523811954e-08
-2.810088104e-07
-3.839990539e-08
-2.472880014e-07
-2.329570111e-08
-2.046056458e-07
-1.112048427e-08
-1.53867508e-07
-3.011972563e-09
-9.634020092e-08
-3.347036071e-08
-5.01184673e-10
1.690458615e-08
-1.901772003e-09
4.726508598e-08
-4.065927576e-09
7.414351561e-08
-6.838409882e-09
9.758688647e-08
-1.006063612e-08
1.177239704e-07
-1.358189155e-08
1.347454848e-07
-1.726680116e-08
1.488856471e-07
-2.099955039e-08
1.60404547e-07
-2.468549205e-08
1.695725438e-07
-2.82508755e-08
1.766575287e-07
-3.164136829e-08
1.819152409e-07
-3.481990903e-08
1.855824506e-07
-3.776428876e-08
1.878726431e-07
-4.046473061e-08
1.889737579e-07
-4.292163346e-08
1.890475324e-07
-4.514356793e-08
1.882300321e-07
-4.714555796e-08
1.866330067e-07
-4.894764646e-08
1.843457726e-07
-5.057372247e-08
1.814373845e-07
-5.205057692e-08
1.779589177e-07
-5.340715032e-08
1.739457301e-07
-5.46739363e-08
1.69419616e-07
-5.588250786e-08
1.643907946e-07
-5.706513647e-08
1.588597035e-07
-5.825447849e-08
1.528185842e-07
-5.948330634e-08
1.4625286e-07
-6.07842644e-08
1.391423165e-07
-6.218963241e-08
1.314621009e-07
-6.373107977e-08
1.231835574e-07
-6.543939407e-08
1.14274921e-07
-6.734416685e-08
1.047018907e-07
-6.947341822e-08
9.442810914e-08
-7.185313904e-08
8.341557505e-08
-7.450672546e-08
7.162502071e-08
-7.74542749e-08
5.901629394e-08
-8.071170494e-08
4.554879472e-08
-8.428964696e-08
3.118203476e-08
-8.819206617e-08
1.587638914e-08
-9.241452599e-08
-4.058501732e-10
-9.694193188e-08
-1.769874087e-08
-1.017460356e-07
-3.603053822e-08
-1.067820447e-07
-5.542066194e-08
-1.119846657e-07
-7.587493502e-08
-1.172634426e-07
-9.737917789e-08
-1.224974867e-07
-1.198903248e-07
-1.275298789e-07
-1.433243939e-07
-1.321623117e-07
-1.675405994e-07
-1.361509765e-07
-1.923210328e-07
-1.392052609e-07
-2.173457854e-07
-1.409914551e-07
-2.421643034e-07
-1.41144221e-07
-2.661653005e-07
-1.392887641e-07
-2.885498024e-07
-1.350760641e-07
-3.083146449e-07
-1.282317423e-07
-3.242563772e-07
-1.186159211e-07
-3.350068334e-07
-1.062870343e-07
-3.391099804e-07
-9.155802124e-08
-3.351434609e-07
-7.503053853e-08
-3.218770223e-07
-5.759387828e-08
-2.984454706e-07
-4.038154356e-08
-2.64500336e-07
-2.468933241e-08
-2.202978569e-07
-1.187143411e-08
-1.666854063e-07
-3.240655727e-09
-1.049709792e-07
-3.671101643e-08
-5.33279911e-10
1.743786612e-08
-2.014667108e-09
4.874647328e-08
-4.284846546e-09
7.641369515e-08
-7.161760972e-09
1.00463801e-07
-1.04614794e-08
1.210236889e-07
-1.40121435e-08
1.38296149e-07
-1.766270204e-08
1.525362057e-07
-2.128731377e-08
1.640291588e-07
-2.478643716e-08
1.730716673e-07
-2.808567828e-08
1.7995677e-07
-3.113331403e-08
1.849628767e-07
-3.389718711e-08
1.883463237e-07
-3.636145634e-08
1.903369124e-07
-3.852350693e-08
1.911358086e-07
-4.039118909e-08
1.909152147e-07
-4.198045706e-08
1.898193002e-07
-4.331341812e-08
1.879659679e-07
-4.441676383e-08
1.854491184e-07
-4.532053653e-08
1.823411573e-07
-4.605717745e-08
1.786955587e-07
-4.666080274e-08
1.745493555e-07
-4.716665831e-08
1.699254716e-07
-4.761071099e-08
1.648348473e-07
-4.802933933e-08
1.59278332e-07
-4.84590946e-08
1.532483396e-07
-4.893650681e-08
1.467302723e-07
-4.949791447e-08
1.397037243e-07
-5.017930116e-08
1.321434876e-07
-5.101612386e-08
1.240203802e-07
-5.204311705e-08
1.153019142e-07
-5.329405766e-08
1.059528314e-07
-5.48014751e-08
9.593552667e-08
-5.659628762e-08
8.521038765e-08
-5.870734212e-08
7.373607528e-08
-6.116082911e-08
6.146978102e-08
-6.39795358e-08
4.836750148e-08
-6.718188853e-08
3.438438757e-08
-7.078073757e-08
1.947523826e-08
-7.478180282e-08
3.595215154e-09
-7.918155937e-08
-1.329898426e-08
-8.396484691e-08
-3.12472506e-08
-8.910160508e-08
-5.028390371e-08
-9.454283908e-08
-7.043370096e-08
-1.00215685e-07
-9.170633187e-08
-1.060175266e-07
-1.140884832e-07
-1.118092819e-07
-1.375326386e-07
-1.174082437e-07
-1.619416376e-07
-1.225813003e-07
-1.871479761e-07
-1.270399986e-07
-2.128870871e-07
-1.304397318e-07
-2.387645701e-07
-1.32386226e-07
-2.642188063e-07
-1.324531778e-07
-2.884828506e-07
-1.302148819e-07
-3.105529408e-07
-1.252963411e-07
-3.291749179e-07
-1.17440106e-07
-3.428630684e-07
-1.065838302e-07
-3.499662562e-07
-9.293615219e-08
-3.487911389e-07
-7.703319226e-08
-3.377799821e-07
-5.975676507e-08
-3.157218977e-07
-4.230105032e-08
-2.819560508e-07
-2.608735432e-08
-2.365115528e-07
-1.264368949e-08
-1.801290711e-07
-3.480711704e-09
-1.14133957e-07
-4.019172812e-08
-5.820098335e-10
1.801987601e-08
-2.185173847e-09
5.034963739e-08
-4.616367889e-09
7.884488928e-08
-7.656698861e-09
1.035041321e-07
-1.108864954e-08
1.244556397e-07
-1.471334568e-08
1.419208453e-07
-1.836055854e-08
1.561834187e-07
-2.189295487e-08
1.675615553e-07
-2.520618685e-08
1.763848993e-07
-2.822636255e-08
1.829769458e-07
-3.090613693e-08
1.876426512e-07
-3.322030842e-08
1.906604953e-07
-3.51614936e-08
1.922780976e-07
-3.673620793e-08
1.927105231e-07
-3.796150577e-08
1.921405126e-07
-3.886221813e-08
1.907200126e-07
-3.946875809e-08
1.885725079e-07
-3.981542762e-08
1.85795788e-07
-3.993914559e-08
1.824648754e-07
-3.987851562e-08
1.786349289e-07
-3.967315944e-08
1.743439994e-07
-3.936325054e-08
1.696155628e-07
-3.898919545e-08
1.644607923e-07
-3.859141785e-08
1.588805544e-07
-3.821021255e-08
1.528671343e-07
-3.788564199e-08
1.464057018e-07
-3.765745159e-08
1.394755339e-07
-3.756498937e-08
1.320510255e-07
-3.764711616e-08
1.24102507e-07
-3.794209154e-08
1.155968897e-07
-3.848742272e-08
1.064981626e-07
-3.93196642e-08
9.676776823e-08
-4.047415255e-08
8.636487607e-08
-4.198465652e-08
7.524657932e-08
-4.38829177e-08
6.336804227e-08
-4.619804819e-08
5.068263204e-08
-4.895574033e-08
3.714207977e-08
-5.217723479e-08
2.269673278e-08
-5.587796765e-08
7.295948074e-09
-6.006573063e-08
-9.111221217e-09
-6.473839537e-08
-2.65745858e-08
-6.988090859e-08
-4.514139043e-08
-7.54613606e-08
-6.485324889e-08
-8.14259983e-08
-8.574169411e-08
-8.769300788e-08
-1.078214735e-07
-9.414500798e-08
-1.310806385e-07
-1.006204088e-07
-1.554662367e-07
-1.069042033e-07
-1.808641815e-07
-1.127194173e-07
-2.070718731e-07
-1.177213853e-07
-2.337626021e-07
-1.214982352e-07
-2.604419563e-07
-1.235821865e-07
-2.863988993e-07
-1.234770054e-07
-3.106581219e-07
-1.207064032e-07
-3.3194552e-07
-1.14885335e-07
-3.486841366e-07
-1.058103898e-07
-3.590412014e-07
-9.355719367e-08
-3.61044335e-07
-7.856420534e-08
-3.527729704e-07
-6.167755302e-08
-3.3260855e-07
-4.413519359e-08
-2.994984102e-07
-2.748296929e-08
-2.531637771e-07
-1.343753392e-08
-1.941745064e-07
-3.733240279e-09
-1.238382506e-07
-4.39249684e-08
-6.52198986e-10
1.867207505e-08
-2.429196217e-09
5.212663472e-08
-5.090150536e-09
8.15058437e-08
-8.36622973e-09
1.067802114e-07
-1.199597553e-08
1.280853856e-07
-1.574652223e-08
1.456713921e-07
-1.942469657e-08
1.598615931e-07
-2.288052145e-08
1.710173802e-07
-2.600557219e-08
1.795099502e-07
-2.87283743e-08
1.85699748e-07
-3.100849216e-08
1.899227691e-07
-3.283040712e-08
1.924824104e-07
-3.419783567e-08
1.936455263e-07
-3.512881275e-08
1.936415002e-07
-3.56516492e-08
1.926633492e-07
-3.580174173e-08
1.908701052e-07
-3.56191442e-08
1.883899105e-07
-3.514678003e-08
1.853234239e-07
-3.442917102e-08
1.817472664e-07
-3.351156715e-08
1.777173251e-07
-3.243937735e-08
1.732718097e-07
-3.125781814e-08
1.684340037e-07
-3.001171655e-08
1.632146908e-07
-2.874541334e-08
1.576142513e-07
-2.750273154e-08
1.516244526e-07
-2.632698142e-08
1.452299518e-07
-2.52609738e-08
1.384095264e-07
-2.434703228e-08
1.31137084e-07
-2.362699457e-08
1.233824694e-07
-2.31421862e-08
1.151120814e-07
-2.293335605e-08
1.062893325e-07
-2.304056884e-08
9.687498108e-08
-2.350304013e-08
8.682734742e-08
-2.435889861e-08
7.610243785e-08
-2.564485463e-08
6.465399834e-08
-2.739574655e-08
5.243352402e-08
-2.964392444e-08
3.939025771e-08
-3.241841701e-08
2.54712254e-08
-3.574381206e-08
1.062134317e-08
-3.963871402e-08
-5.2163192e-09
-4.411368098e-08
-2.20996188e-08
-4.916855105e-08
-4.008652031e-08
-5.478876953e-08
-5.923303037e-08
-6.094057111e-08
-7.958989249e-08
-6.756471989e-08
-1.011973247e-07
-7.456857789e-08
-1.240767804e-07
-8.181640688e-08
-1.482184077e-07
-8.911814815e-08
-1.735624402e-07
-9.621754378e-08
-1.999724774e-07
-1.027814368e-07
-2.27198709e-07
-1.083935555e-07
-2.548298376e-07
-1.125578456e-07
-2.822346092e-07
-1.147180346e-07
-3.084979328e-07
-1.14300698e-07
-3.323628567e-07
-1.107872819e-07
-3.521975526e-07
-1.038149013e-07
-3.66013582e-07
-9.329585494e-08
-3.715633813e-07
-7.953352108e-08
-3.665353043e-07
-6.330244176e-08
-3.488396293e-07
-4.585992477e-08
-3.169409271e-07
-2.887076087e-08
-2.70152941e-07
-1.42549042e-08
-2.087903631e-07
-4.00008591e-09
-1.340930689e-07
-4.79250543e-08
-7.500990339e-10
1.942217413e-08
-2.766873327e-09
5.41434091e-08
-5.7429014e-09
8.448187186e-08
-9.342238562e-09
1.103795486e-07
-1.324654625e-08
1.319896934e-07
-1.718085591e-08
1.496057018e-07
-2.092526052e-08
1.636059978e-07
-2.431666769e-08
1.744087875e-07
-2.724432614e-08
1.824376087e-07
-2.964219133e-08
1.880976132e-07
-3.148027883e-08
1.917608567e-07
-3.275632184e-08
1.937584534e-07
-3.348842618e-08
1.943776307e-07
-3.370899675e-08
1.938620709e-07
-3.345995416e-08
1.924143067e-07
-3.278912208e-08
1.901992732e-07
-3.174760552e-08
1.87348394e-07
-3.038796657e-08
1.839637851e-07
-2.876301632e-08
1.801223163e-07
-2.692506629e-08
1.758793751e-07
-2.492551037e-08
1.712722539e-07
-2.281463354e-08
1.663231269e-07
-2.064157526e-08
1.610416326e-07
-1.845437996e-08
1.554270561e-07
-1.63001045e-08
1.494701772e-07
-1.422495459e-08
1.431548019e-07
-1.227440565e-08
1.364589775e-07
-1.049331686e-08
1.293559953e-07
-8.926035213e-09
1.218151878e-07
-7.616460864e-09
1.138025071e-07
-6.60807011e-09
1.052809418e-07
-5.943903197e-09
9.621081422e-08
-5.666499626e-09
8.65499439e-08
-5.817771246e-09
7.625370952e-08
-6.438797204e-09
6.527502435e-08
-7.569517415e-09
5.356424427e-08
-9.248290164e-09
4.10690305e-08
-1.151126401e-08
2.773419928e-08
-1.439150434e-08
1.350158354e-08
-1.791776713e-08
-1.690056375e-09
-2.211269885e-08
-1.790468705e-08
-2.699057484e-08
-3.520864429e-08
-3.25540016e-08
-5.366960357e-08
-3.878945701e-08
-7.335443705e-08
-4.56612734e-08
-9.432550828e-08
-5.310366772e-08
-1.166343861e-07
-6.101047393e-08
-1.403116015e-07
-6.922248888e-08
-1.653504252e-07
-7.751281381e-08
-1.916821524e-07
-8.557148101e-08
-2.191400418e-07
-9.29922889e-08
-2.474090297e-07
-9.926693346e-08
-2.759599647e-07
-1.037940632e-07
-3.03970803e-07
-1.059129209e-07
-3.30243999e-07
-1.049711167e-07
-3.531393567e-07
-1.004315067e-07
-3.70553192e-07
-9.201247162e-08
-3.799824164e-07
-7.983977001e-08
-3.787080059e-07
-6.457150754e-08
-3.641078918e-07
-4.745019909e-08
-3.340622356e-07
-3.02474005e-08
-2.873557396e-07
-1.51002015e-08
-2.23937562e-07
-4.284208754e-09
-1.449090616e-07
-5.220926305e-08
-8.839188028e-10
2.030609298e-08
-3.223936086e-09
5.648342646e-08
-6.620250118e-09
8.787818597e-08
-1.064724965e-08
1.144065482e-07
-1.491368642e-08
1.362561302e-07
-1.909335224e-08
1.537853677e-07
-2.293625124e-08
1.674488969e-07
-2.626695648e-08
1.777394928e-07
-2.897569852e-08
1.851463508e-07
-3.100640132e-08
1.901283161e-07
-3.234438366e-08
1.930988391e-07
-3.300522249e-08
1.944192923e-07
-3.302543643e-08
1.943978447e-07
-3.245513103e-08
1.932917655e-07
-3.135246575e-08
1.913116414e-07
-2.97796748e-08
1.886264823e-07
-2.780033874e-08
1.85369058e-07
-2.547761824e-08
1.816410646e-07
-2.287319985e-08
1.775178979e-07
-2.004674985e-08
1.730529252e-07
-1.705571603e-08
1.682812201e-07
-1.395534778e-08
1.632227588e-07
-1.079887102e-08
1.578851559e-07
-7.637711063e-09
1.522658962e-07
-4.521765522e-09
1.463542317e-07
-1.49969366e-09
1.401327301e-07
1.380828881e-09
1.33578455e-07
4.072875107e-09
1.266639491e-07
6.530097022e-09
1.193579659e-07
8.706556509e-09
1.116260476e-07
1.055658872e-08
1.034309097e-07
1.203472697e-08
9.473267601e-08
1.309567054e-08
8.548900038e-08
1.36943047e-08
7.565507539e-08
1.378578442e-08
6.518354467e-08
1.332569947e-08
5.402432925e-08
1.227034902e-08
4.212438099e-08
1.057716835e-08
2.942737998e-08
8.205358261e-09
1.587339365e-08
5.116797859e-09
1.398504051e-09
1.277512935e-09
-1.40654021e-08
-3.340476132e-09
-3.05906552e-08
-8.756332486e-09
-4.82537472e-08
-1.497646507e-08
-6.713430445e-08
-2.198899204e-08
-8.731298131e-08
-2.975611862e-08
-1.088672595e-07
-3.820382294e-08
-1.318638971e-07
-4.720843901e-08
-1.563458091e-07
-5.657998604e-08
-1.823106054e-07
-6.604280709e-08
-2.096772207e-07
-7.521576901e-08
-2.382360678e-07
-8.359654579e-08
-2.675791879e-07
-9.055796983e-08
-2.97009379e-07
-9.536801816e-08
-3.254339506e-07
-9.724725934e-08
-3.512601155e-07
-9.547529971e-08
-3.723251516e-07
-8.954771424e-08
-3.859100019e-07
-7.936569168e-08
-3.888900284e-07
-6.541584772e-08
-3.780577357e-07
-4.887920333e-08
-3.5059888e-07
-3.161237777e-08
-3.046225651e-07
-1.598137472e-08
-2.395685651e-07
-4.590222384e-09
-1.563002139e-07
-5.679948543e-08
-1.064589686e-09
2.137068271e-08
-3.833548317e-09
5.925238517e-08
-7.779082555e-09
9.182372028e-08
-1.23562634e-08
1.189837291e-07
-1.708134435e-08
1.409812112e-07
-2.156710591e-08
1.582711294e-07
-2.553134071e-08
1.714131317e-07
-2.878918748e-08
1.809973396e-07
-3.12374687e-08
1.875946321e-07
-3.28366868e-08
1.917275343e-07
-3.359397178e-08
1.938561242e-07
-3.354853928e-08
1.943738599e-07
-3.276013682e-08
1.936094423e-07
-3.130036024e-08
1.91831989e-07
-2.924644539e-08
1.892577267e-07
-2.667705365e-08
1.860570907e-07
-2.366958446e-08
1.823615889e-07
-2.029860869e-08
1.782700889e-07
-1.663509291e-08
1.738543822e-07
-1.274615749e-08
1.691639898e-07
-8.695186634e-09
1.642302493e-07
-4.542107219e-09
1.590696794e-07
-3.438146558e-10
1.536868634e-07
3.845297264e-09
1.480767843e-07
7.972949146e-09
1.422265799e-07
1.19885744e-08
1.361171049e-07
1.58428686e-08
1.297241609e-07
1.94874401e-08
1.230193777e-07
2.28744982e-08
1.159709079e-07
2.595660154e-08
1.085439443e-07
2.868644801e-08
1.007010632e-07
3.101670215e-08
9.240242191e-08
3.289986767e-08
8.360583488e-08
3.428820552e-08
7.426673756e-08
3.513370348e-08
6.433804674e-08
3.538810899e-08
5.376992376e-08
3.500304609e-08
4.250944391e-08
3.393024989e-08
3.05001762e-08
3.212196437e-08
1.768167919e-08
2.953157504e-08
3.988893391e-09
2.611468413e-08
-1.064851119e-08
2.183056536e-08
-2.630653642e-08
1.664442821e-08
-4.306761004e-08
1.053073595e-08
-6.102061219e-08
3.478047901e-09
-8.026029325e-08
-4.503987352e-09
-1.008852242e-07
-1.337480353e-08
-1.229930809e-07
-2.304951156e-08
-1.466711011e-07
-3.338113705e-08
-1.719789799e-07
-4.41382837e-08
-1.989200741e-07
-5.49795755e-08
-2.27394776e-07
-6.542821081e-08
-2.571305526e-07
-7.485423814e-08
-2.875833516e-07
-8.24769842e-08
-3.178112046e-07
-8.740536958e-08
-3.463317302e-07
-8.873513958e-08
-3.709953816e-07
-8.571471027e-08
-3.889304312e-07
-7.797091852e-08
-3.966338202e-07
-6.575262334e-08
-3.902760309e-07
-5.011648298e-08
-3.662350203e-07
-3.296861392e-08
-3.217704342e-07
-1.69113614e-08
-2.556258176e-07
-4.925184694e-09
-1.682863907e-07
-6.172467013e-08
-1.30689595e-09
2.267757869e-08
-4.638825464e-09
6.258431475e-08
-9.290379318e-09
9.647527421e-08
-1.455837289e-08
1.242517228e-07
-1.98431526e-08
1.46265991e-07
-2.468698733e-08
1.631149641e-07
-2.877590393e-08
1.755020484e-07
-3.192190824e-08
1.84143344e-07
-3.403732635e-08
1.897100503e-07
-3.51085853e-08
1.927987933e-07
-3.517315923e-08
1.939206982e-07
-3.430104624e-08
1.93501747e-07
-3.258082863e-08
1.918892248e-07
-3.010975081e-08
1.893609113e-07
-2.698703774e-08
1.861350136e-07
-2.330968071e-08
1.823797337e-07
-1.917001763e-08
1.782219258e-07
-1.465456391e-08
1.737546353e-07
-9.843677676e-09
1.69043496e-07
-4.811736332e-09
1.641320485e-07
3.723598198e-10
1.590461532e-07
5.644441341e-09
1.537975979e-07
1.094443957e-08
1.483868652e-07
1.621575028e-08
1.428054736e-07
2.140444916e-08
1.370378811e-07
2.645867833e-08
1.310628758e-07
3.132812335e-08
1.248547159e-07
3.596352856e-08
1.183839725e-07
4.031627735e-08
1.116181591e-07
4.433803823e-08
1.045221835e-07
4.798046299e-08
9.705863849e-08
5.119492909e-08
8.918795583e-08
5.393232417e-08
8.086843982e-08
5.614287047e-08
7.205619128e-08
5.777599045e-08
6.270492678e-08
5.87802199e-08
5.276569432e-08
5.910318216e-08
4.218648166e-08
5.8691648e-08
3.091171037e-08
5.749172001e-08
1.888160717e-08
5.544919537e-08
6.031418032e-09
5.251024872e-08
-7.709564536e-09
4.862250772e-08
-2.241879542e-08
4.373674938e-08
-3.818185171e-08
3.780952602e-08
-5.509338883e-08
3.080720201e-08
-7.325796926e-08
2.271200021e-08
-9.279002244e-08
1.353084227e-08
-1.13811923e-07
3.308126445e-09
-1.364483853e-07
-7.856344745e-09
-1.608145087e-07
-1.978357203e-08
-1.869928468e-07
-3.218547547e-08
-2.149928726e-07
-4.463066537e-08
-2.446853627e-07
-5.651230451e-08
-2.757017125e-07
-6.703003133e-08
-3.072934778e-07
-7.520632914e-08
-3.381554324e-07
-7.996377466e-08
-3.662379361e-07
-8.028769835e-08
-3.886065075e-07
-7.548091583e-08
-4.014406027e-07
-6.547675695e-08
-4.002801898e-07
-5.112408711e-08
-3.805876902e-07
-3.432264856e-08
-3.385718728e-07
-1.790998564e-08
-2.720384806e-07
-5.299782321e-09
-1.80896594e-07
-6.702445246e-08
-1.631187041e-09
2.430876577e-08
-5.696307109e-09
6.664943488e-08
-1.124252361e-08
1.020214908e-07
-1.735751727e-08
1.303667165e-07
-2.329880273e-08
1.522072765e-07
-2.853072807e-08
1.683468895e-07
-3.271272705e-08
1.796840474e-07
-3.566521835e-08
1.870958354e-07
-3.732953996e-08
1.913743719e-07
-3.773088462e-08
1.93200138e-07
-3.694796635e-08
1.931377799e-07
-3.509011016e-08
1.916438908e-07
-3.228100953e-08
1.890801242e-07
-2.864787927e-08
1.857277811e-07
-2.431468631e-08
1.818018207e-07
-1.939830917e-08
1.774633566e-07
-1.400670913e-08
1.728303258e-07
-8.238420801e-09
1.67986347e-07
-2.182814869e-09
1.629878901e-07
4.079012851e-09
1.578702208e-07
1.047325816e-08
1.526519079e-07
1.693248455e-08
1.473383716e-07
2.339446474e-08
1.419248851e-07
2.980113081e-08
1.363988076e-07
3.609769661e-08
1.307413153e-07
4.223184307e-08
1.249287293e-07
4.815302167e-08
1.189335373e-07
5.38118466e-08
1.127251476e-07
5.915957044e-08
1.062704353e-07
6.414763528e-08
9.953411867e-08
6.872728533e-08
9.247898846e-08
7.284922998e-08
8.506601119e-08
7.64633491e-08
7.725432071e-08
7.951843433e-08
6.900110606e-08
8.196196327e-08
6.026139784e-08
8.37399077e-08
5.098774989e-08
8.479658281e-08
4.112980655e-08
8.507455344e-08
3.063373974e-08
8.451462584e-08
1.944153477e-08
8.305596432e-08
7.490079539e-09
8.063642319e-08
-5.290023416e-09
7.71932384e-08
-1.897561064e-08
7.266416669e-08
-3.365278002e-08
6.698939574e-08
-4.941861789e-08
6.011466043e-08
-6.638323397e-08
5.199616695e-08
-8.467152898e-08
4.260819244e-08
-1.044239485e-07
3.195460173e-08
-1.257947946e-07
2.008570488e-08
-1.489456119e-07
7.122117349e-09
-1.740292593e-07
-6.712694047e-09
-2.011580612e-07
-2.105165922e-08
-2.303463975e-07
-3.533856279e-08
-2.61414809e-07
-4.878808523e-08
-2.938439554e-07
-6.037199632e-08
-3.265715213e-07
-6.88647291e-08
-3.577452034e-07
-7.298611999e-08
-3.844851167e-07
-7.167038658e-08
-4.027563362e-07
-6.444734611e-08
-4.075032303e-07
-5.184919369e-08
-3.931858427e-07
-3.568374309e-08
-3.547373234e-07
-1.900639834e-08
-2.887158253e-07
-5.730135246e-09
-1.941728571e-07
-7.275458772e-08
-2.066042126e-09
2.637480792e-08
-7.080762722e-09
7.166415553e-08
-1.374481381e-08
1.086855419e-07
-2.087103477e-08
1.374929375e-07
-2.754524874e-08
1.588814906e-07
-3.315195049e-08
1.739535913e-07
-3.733725947e-08
1.838693565e-07
-3.994935649e-08
1.897079324e-07
-4.0978281e-08
1.924032965e-07
-4.050509551e-08
1.927269526e-07
-3.866320962e-08
1.912958941e-07
-3.561107183e-08
1.885917531e-07
-3.151410831e-08
1.849831607e-07
-2.653359877e-08
1.807472716e-07
-2.082045456e-08
1.760886766e-07
-1.45122966e-08
1.711551987e-07
-7.732651939e-09
1.660506812e-07
-5.913654828e-10
1.608450605e-07
6.81400082e-09
1.555825239e-07
1.439679191e-08
1.502874298e-07
2.207981338e-08
1.449688865e-07
2.979355765e-08
1.396246273e-07
3.747475346e-08
1.342436893e-07
4.506506127e-08
1.288084998e-07
5.250992258e-08
1.23296454e-07
5.975756088e-08
1.17681091e-07
6.675812854e-08
1.119329697e-07
7.346297721e-08
1.060202989e-07
7.98240342e-08
9.990937834e-08
8.57932685e-08
9.356488437e-08
9.132222866e-08
8.695002831e-08
9.636163682e-08
8.002660303e-08
1.008610266e-07
7.275493097e-08
1.047684143e-07
6.509371836e-08
1.080299967e-07
5.699981537e-08
1.105898717e-07
4.842787495e-08
1.123897819e-07
3.932989624e-08
1.133688917e-07
2.965462998e-08
1.134636118e-07
1.934681464e-08
1.12607501e-07
8.34619031e-09
1.107312919e-07
-3.41381431e-09
1.077632139e-07
-1.600753263e-08
1.036296057e-07
-2.951917191e-08
9.825612182e-08
-4.404513401e-08
9.156990103e-08
-5.96970132e-08
8.350325145e-08
-7.660487944e-08
7.399970643e-08
-9.492040353e-08
6.302372164e-08
-1.148188098e-07
5.057572781e-08
-1.364976181e-07
3.671478231e-08
-1.601683138e-07
2.159121978e-08
-1.860344987e-07
5.491105147e-09
-2.142462829e-07
-1.110727753e-08
-2.448164263e-07
-2.747268466e-08
-2.774785483e-07
-4.257257797e-08
-3.11471628e-07
-5.507539922e-08
-3.452423822e-07
-6.345283665e-08
-3.761076793e-07
-6.623881467e-08
-3.999703582e-07
-6.246578584e-08
-4.112762592e-07
-5.221053293e-08
-4.034410956e-07
-3.7060533e-08
-3.698873233e-07
-2.024204051e-08
-3.055343179e-07
-6.240588531e-09
-2.081743091e-07
-7.899517625e-08
-2.652520012e-09
2.902732796e-08
-8.891794777e-09
7.790343033e-08
-1.693033012e-08
1.167240773e-07
-2.52232741e-08
1.457858815e-07
-3.265818216e-08
1.663163987e-07
-3.854922226e-08
1.798446315e-07
-4.255569276e-08
1.87875827e-07
-4.458406989e-08
1.917363096e-07
-4.470072273e-08
1.925199494e-07
-4.306452458e-08
1.910907544e-07
-3.987944199e-08
1.881108115e-07
-3.536356429e-08
1.840758754e-07
-2.973033963e-08
1.793499361e-07
-2.317829263e-08
1.741952246e-07
-1.588630308e-08
1.68796687e-07
-8.012341756e-09
1.632812374e-07
3.058242879e-10
1.577325152e-07
8.94850031e-09
1.522023846e-07
1.781198194e-08
1.467190423e-07
2.680631494e-08
1.412930968e-07
3.585266954e-08
1.359225319e-07
4.488127168e-08
1.305960252e-07
5.382951631e-08
1.252954447e-07
6.264033389e-08
1.199976823e-07
7.126079659e-08
1.146759913e-07
7.964093725e-08
1.093009504e-07
8.773275608e-08
1.038411508e-07
9.548938359e-08
9.826367144e-08
1.028643726e-07
9.253438933e-08
1.098110949e-07
8.661816211e-08
1.162822195e-07
8.047890369e-08
1.222292535e-07
7.407956901e-08
1.27602128e-07
6.738205649e-08
1.323488159e-07
6.03470304e-08
1.364149714e-07
5.293365993e-08
1.397435816e-07
4.509926474e-08
1.422746285e-07
3.679884924e-08
1.439447606e-07
2.798449791e-08
1.446869814e-07
1.860459386e-08
1.444303697e-07
8.602801982e-09
1.430998494e-07
-2.08329413e-09
1.406161691e-07
-1.352385231e-08
1.368960346e-07
-2.579903745e-08
1.31852656e-07
-3.900175544e-08
1.253969862e-07
-5.324134346e-08
1.174401243e-07
-6.864801758e-08
1.07897653e-07
-8.537793229e-08
9.669712268e-08
-1.036182795e-07
8.379048753e-08
-1.23590983e-07
6.917410458e-08
-1.455519309e-07
5.29196448e-08
-1.69780039e-07
3.521954387e-08
-1.96546182e-07
1.644928865e-08
-2.260461711e-07
-2.75444325e-09
-2.582748164e-07
-2.14116421e-08
-2.928144292e-07
-3.814587721e-08
-3.285081471e-07
-5.122499104e-08
-3.630285655e-07
-5.877505468e-08
-3.924202946e-07
-5.924101049e-08
-4.108103034e-07
-5.207394557e-08
-4.106081605e-07
-3.845242113e-08
-3.835088478e-07
-2.167375329e-08
-3.223129858e-07
-6.868075793e-09
-2.229799867e-07
-8.586325206e-08
-3.451064999e-09
3.247839298e-08
-1.126261677e-08
8.571498214e-08
-2.09558612e-08
1.264173218e-07
-3.052865824e-08
1.553586786e-07
-3.865537334e-08
1.744431138e-07
-4.461095535e-08
1.858002135e-07
-4.811496461e-08
1.913798363e-07
-4.917799975e-08
1.927993448e-07
-4.797988619e-08
1.913218358e-07
-4.47840368e-08
1.878949051e-07
-3.988235119e-08
1.832091259e-07
-3.356257546e-08
1.777560997e-07
-2.609087641e-08
1.718782371e-07
-1.770413895e-08
1.658084872e-07
-8.608060574e-09
1.597006087e-07
1.021539984e-09
1.536516368e-07
1.103540304e-08
1.477186522e-07
2.13075093e-08
1.419302783e-07
3.173156478e-08
1.362949868e-07
4.221714926e-08
1.308075123e-07
5.268667565e-08
1.254530055e-07
6.307268089e-08
1.2021002e-07
7.331551801e-08
1.150526075e-07
8.336141887e-08
1.099517814e-07
9.316088246e-08
1.048765278e-07
1.026673391e-07
9.979449377e-08
1.118360455e-07
9.467244445e-08
1.206231675e-07
8.94765494e-08
1.289850133e-07
8.417254353e-08
1.368773846e-07
7.872579082e-08
1.442550185e-07
7.310126978e-08
1.51071096e-07
6.726349148e-08
1.572767973e-07
6.11763552e-08
1.62820887e-07
5.480294072e-08
1.676493158e-07
4.810523111e-08
1.717048273e-07
4.104375316e-08
1.749265614e-07
3.357711512e-08
1.772496483e-07
2.566141099e-08
1.786047931e-07
1.724944904e-08
1.789178515e-07
8.289743527e-09
1.78109394e-07
-1.274836628e-09
1.760943778e-07
-1.150883618e-08
1.72781857e-07
-2.248651666e-08
1.680749349e-07
-3.429483337e-08
1.618711301e-07
-4.703753869e-08
1.540635198e-07
-6.084040737e-08
1.445432941e-07
-7.585770665e-08
1.332047822e-07
-9.227976757e-08
1.199546765e-07
-1.103408774e-07
1.047281627e-07
-1.303254171e-07
8.751588366e-08
-1.5256776e-07
6.840690583e-08
-1.774372042e-07
4.765322482e-08
-2.052924902e-07
2.575923843e-08
-2.363808301e-07
3.590909069e-09
-2.706460999e-07
-1.751334167e-08
-3.074038964e-07
-3.569601501e-08
-3.448458922e-07
-4.870708137e-08
-3.794092283e-07
-5.433505225e-08
-4.051823326e-07
-5.120907419e-08
-4.137341387e-07
-3.983002272e-08
-3.948878993e-07
-2.337563744e-08
-3.387673711e-07
-7.66891552e-09
-2.386867086e-07
-9.35321676e-08
-4.552792707e-09
3.703118571e-08
-1.437062665e-08
9.553281611e-08
-2.599310659e-08
1.380398017e-07
-3.68526887e-08
1.662182607e-07
-4.542626494e-08
1.8301669e-07
-5.101859487e-08
1.913925435e-07
-5.348708791e-08
1.938483293e-07
-5.301179353e-08
1.923240504e-07
-4.993308375e-08
1.882431261e-07
-4.464890968e-08
1.82610731e-07
-3.755568771e-08
1.76115904e-07
-2.901792253e-08
1.692183346e-07
-1.935541028e-08
1.622157248e-07
-8.840565614e-09
1.552936425e-07
2.29889432e-09
1.485611488e-07
1.387453428e-08
1.420759969e-07
2.573171672e-08
1.358614697e-07
3.774392733e-08
1.299180677e-07
4.980703816e-08
1.24231876e-07
6.183477564e-08
1.187797749e-07
7.375480203e-08
1.135329791e-07
8.550545407e-08
1.08459368e-07
9.703306237e-08
1.035249992e-07
1.082897669e-07
9.869507685e-08
1.192317447e-07
9.393454994e-08
1.298177729e-07
8.920846558e-08
1.400080619e-07
8.448215542e-08
1.497633025e-07
7.972130884e-08
1.590438791e-07
7.489196692e-08
1.678092115e-07
6.996045842e-08
1.760171915e-07
6.489328974e-08
1.836236884e-07
5.965699457e-08
1.905821002e-07
5.421794338e-08
1.968429323e-07
4.854210856e-08
2.023533874e-07
4.259477604e-08
2.070569521e-07
3.634018841e-08
2.108929698e-07
2.974109741e-08
2.137961869e-07
2.275819383e-08
2.156962658e-07
1.534937012e-08
2.165172545e-07
7.468754775e-09
2.161769952e-07
-9.345773408e-10
2.145865351e-07
-9.918376192e-09
2.116494753e-07
-1.95494569e-08
2.072614081e-07
-2.99067662e-08
2.013094954e-07
-4.108562601e-08
1.936724294e-07
-5.320334143e-08
1.842212378e-07
-6.640651509e-08
1.728217676e-07
-8.088029748e-08
1.593403309e-07
-9.68594407e-08
1.436550411e-07
-1.146401274e-07
1.256769172e-07
-1.345896361e-07
1.053868679e-07
-1.571471551e-07
8.289670987e-08
-1.828023322e-07
5.854301471e-08
-2.12027135e-07
3.301803296e-08
-2.451211182e-07
7.526804808e-09
-2.819126683e-07
-1.606798053e-08
-3.212511069e-07
-3.523240109e-08
-3.602448078e-07
-4.707924164e-08
-3.933354921e-07
-4.921366457e-08
-4.115997158e-07
-4.109318156e-08
-4.030083824e-07
-2.543547698e-08
-3.544250757e-07
-8.728980231e-09
-2.553932054e-07
-1.022611478e-07
-6.097579918e-09
4.312876563e-08
-1.844647299e-08
1.078817092e-07
-3.21969904e-08
1.517903191e-07
-4.412710424e-08
1.781483746e-07
-5.25986463e-08
1.914882321e-07
-5.707788023e-08
1.958717774e-07
-5.767977814e-08
1.944502273e-07
-5.484106785e-08
1.894853401e-07
-4.911714941e-08
1.825192077e-07
-4.106921915e-08
1.745628008e-07
-3.120913988e-08
1.662558247e-07
-1.997800637e-08
1.579872011e-07
-7.742674734e-09
1.499803932e-07
5.198267791e-09
1.423527e-07
1.860512697e-08
1.351542896e-07
3.22877305e-08
1.283933934e-07
4.609588159e-08
1.220533186e-07
5.991066012e-08
1.161032892e-07
7.363756524e-08
1.105049709e-07
8.72007928e-08
1.052165473e-07
1.005386138e-07
1.001951582e-07
1.135996817e-07
9.539829999e-08
1.263401027e-07
9.078457826e-08
1.387211187e-07
8.631406088e-08
1.507072779e-07
8.194839066e-08
1.622649874e-07
7.765075613e-08
1.733613615e-07
7.33857813e-08
1.839632996e-07
6.911937075e-08
1.940367362e-07
6.481853023e-08
2.035460215e-07
6.045117316e-08
2.124533946e-07
5.59859166e-08
2.207185237e-07
5.139186544e-08
2.282980868e-07
4.663838025e-08
2.351453747e-07
4.169482061e-08
2.412098988e-07
3.653025199e-08
2.464369873e-07
3.111309985e-08
2.507673569e-07
2.541072773e-08
2.541366433e-07
1.93889074e-08
2.564748762e-07
1.30111372e-08
2.577058822e-07
6.23774869e-09
2.577465853e-07
-9.75280473e-10
2.56506213e-07
-8.678003867e-09
2.538853518e-07
-1.69285958e-08
2.49774955e-07
-2.579636945e-08
2.440552367e-07
-3.536590773e-08
2.365945709e-07
-4.574267567e-08
2.272486663e-07
-5.706061055e-08
2.158605732e-07
-6.949220448e-08
2.022626348e-07
-8.32615023e-08
1.862824823e-07
-9.865997494e-08
1.677568228e-07
-1.160639767e-07
1.465593096e-07
-1.359496419e-07
1.226522284e-07
-1.588952511e-07
9.617531817e-08
-1.855502248e-07
6.758588892e-08
-2.16531689e-07
3.785613106e-08
-2.521829105e-07
8.703854553e-09
-2.920988304e-07
-1.722526537e-08
-3.343156879e-07
-3.644801239e-08
-3.741127451e-07
-4.538311408e-08
-4.026646141e-07
-4.198343124e-08
-4.064080653e-07
-2.793425602e-08
-3.68474251e-07
-1.017748554e-08
-2.73149976e-07
-1.124386334e-07
-8.301386411e-09
5.143015205e-08
-2.376912025e-08
1.23349443e-07
-3.961688122e-08
1.676380801e-07
-5.196975177e-08
1.905012451e-07
-5.928784386e-08
1.988063242e-07
-6.142674567e-08
1.980106792e-07
-5.893012969e-08
1.919536113e-07
-5.259640756e-08
1.83151618e-07
-4.324840304e-08
1.731712032e-07
-3.162762478e-08
1.629420225e-07
-1.835754457e-08
1.529857445e-07
-3.940891081e-09
1.435705476e-07
1.122705827e-08
1.348124438e-07
2.684117461e-08
1.267385836e-07
4.266961795e-08
1.193258463e-07
5.85372258e-08
1.125257855e-07
7.431210319e-08
1.062784412e-07
8.989506076e-08
1.005203316e-07
1.052111981e-07
9.518883355e-08
1.202033621e-07
9.022438328e-08
1.348271088e-07
8.557141142e-08
1.490468439e-07
8.117856487e-08
1.628328742e-07
7.699854801e-08
1.761591558e-07
7.29877792e-08
1.890015722e-07
6.910597431e-08
2.013366097e-07
6.531571854e-08
2.131403341e-07
6.158205696e-08
2.243875878e-07
5.787211695e-08
2.350513531e-07
5.415476493e-08
2.451022317e-07
5.040029455e-08
2.545080087e-07
4.65801396e-08
2.632332705e-07
4.266660355e-08
2.712390553e-07
3.863259544e-08
2.784825153e-07
3.445136059e-08
2.849165754e-07
3.00961919e-08
2.90489571e-07
2.554010419e-08
2.9514485e-07
2.075544873e-08
2.9882032e-07
1.571343735e-08
3.014479219e-07
1.038353517e-08
3.029530044e-07
4.732666145e-09
3.0325356e-07
-1.275836117e-09
3.022592937e-07
-7.683737572e-09
2.998704629e-07
-1.453976506e-08
2.959765403e-07
-2.190244688e-08
2.904545424e-07
-2.984390987e-08
2.831670222e-07
-3.845515553e-08
2.739598035e-07
-4.785339199e-08
2.626597131e-07
-5.819211405e-08
2.490729712e-07
-6.96747605e-08
2.329857153e-07
-8.257271911e-08
2.141696385e-07
-9.724789997e-08
1.923983812e-07
-1.141783847e-07
1.674845858e-07
-1.339814557e-07
1.393535764e-07
-1.574192154e-07
1.081761106e-07
-1.853542233e-07
7.458447099e-08
-2.185912709e-07
3.997986589e-08
-2.574942254e-07
6.878747906e-09
-3.0121457e-07
-2.087519488e-08
-3.463588024e-07
-3.849059685e-08
-3.850492122e-07
-4.190668535e-08
-4.029919769e-07
-3.088079758e-08
-3.795001388e-07
-1.220261914e-08
-2.918281545e-07
-1.246412526e-07
-1.149224328e-08
6.292239533e-08
-3.060744423e-08
1.42464644e-07
-4.796855418e-08
1.849991901e-07
-5.930624925e-08
2.018389402e-07
-6.362738345e-08
2.031274584e-07
-6.153508386e-08
1.959183796e-07
-5.421916272e-08
1.846376901e-07
-4.294149039e-08
1.718739456e-07
-2.881925315e-08
1.590489659e-07
-1.275930341e-08
1.468820728e-07
4.537235745e-09
1.356892054e-07
2.254451886e-08
1.255632645e-07
4.087845281e-08
1.164785099e-07
5.926375702e-08
1.083532794e-07
7.750527948e-08
1.010843238e-07
9.546669282e-08
9.456437218e-08
1.130540285e-07
8.869110557e-08
1.302033116e-07
8.337104844e-08
1.468714183e-07
7.85207269e-08
1.63029367e-07
7.406643455e-08
1.786574213e-07
6.994335709e-08
1.937415223e-07
6.609446391e-08
2.08270691e-07
6.246937929e-08
2.222351349e-07
5.90233352e-08
2.356248629e-07
5.57162463e-08
2.484286661e-07
5.251191538e-08
2.606333617e-07
4.937736131e-08
2.722232241e-07
4.628225448e-08
2.831795467e-07
4.31984424e-08
2.934802934e-07
4.009954779e-08
3.0309981e-07
3.696062294e-08
3.120085689e-07
3.375784465e-08
3.201729291e-07
3.046823518e-08
3.275548953e-07
2.706939435e-08
3.341118598e-07
2.353922742e-08
3.397963132e-07
1.985565076e-08
3.44555508e-07
1.599625385e-08
3.483310554e-07
1.193788988e-08
3.510584318e-07
7.656158718e-09
3.526663642e-07
3.124733737e-09
3.530760436e-07
-1.685515599e-09
3.522001284e-07
-6.807822363e-09
3.499414569e-07
-1.228109364e-08
3.46191454e-07
-1.815244406e-08
3.408280249e-07
-2.448048084e-08
3.33712829e-07
-3.133995963e-08
3.24687828e-07
-3.882839105e-08
3.135710705e-07
-4.707535661e-08
3.001518976e-07
-5.625558768e-08
2.841862985e-07
-6.660712007e-08
2.653943091e-07
-7.845591066e-08
2.434636771e-07
-9.224775274e-08
2.180683449e-07
-1.085861236e-07
1.889176859e-07
-1.282685564e-07
1.558634605e-07
-1.522999981e-07
1.191041597e-07
-1.818319702e-07
7.953073111e-08
-2.179207969e-07
3.922524466e-08
-2.609090836e-07
1.996749931e-09
-3.091303077e-07
-2.642936527e-08
-3.566230971e-07
-3.958709547e-08
-3.898342467e-07
-3.403934599e-08
-3.850478884e-07
-1.505886589e-08
-3.108086347e-07
-1.397001185e-07
-1.612935445e-08
7.905174978e-08
-3.898507755e-08
1.653203671e-07
-5.606859125e-08
2.020827038e-07
-6.358105789e-08
2.093514068e-07
-6.190032743e-08
2.014467279e-07
-5.286734672e-08
1.868853989e-07
-3.853218245e-08
1.703025259e-07
-2.06611107e-08
1.540028739e-07
-6.1821398e-10
1.390060692e-07
2.060249145e-08
1.256613673e-07
4.2306956e-08
1.139847408e-07
6.402782149e-08
1.03842399e-07
8.545818398e-08
9.50481474e-08
1.064032532e-07
8.740821023e-08
1.26745081e-07
8.074249592e-08
1.46417111e-07
7.489234222e-08
1.653863823e-07
6.972183419e-08
1.8364123e-07
6.511620078e-08
2.011828607e-07
6.097909616e-08
2.180196248e-07
5.722967044e-08
2.341631424e-07
5.379983951e-08
2.496256967e-07
5.063190956e-08
2.644184887e-07
4.767658732e-08
2.785504735e-07
4.489135039e-08
2.920275897e-07
4.223913004e-08
3.048522508e-07
3.968725421e-08
3.170230104e-07
3.720660176e-08
3.285343399e-07
3.477092494e-08
3.393764782e-07
3.235630407e-08
3.495353215e-07
2.994070441e-08
3.589923339e-07
2.750361053e-08
3.677244612e-07
2.502571734e-08
3.757040363e-07
2.248866004e-08
3.82898664e-07
1.987476659e-08
3.892710743e-07
1.716681713e-08
3.947789317e-07
1.434779335e-08
3.993745866e-07
1.140059888e-08
4.030047494e-07
8.307727026e-09
4.056100618e-07
5.050846284e-09
4.071245308e-07
1.610264631e-09
4.074747648e-07
-2.035749601e-09
4.06578976e-07
-5.912033598e-09
4.043456664e-07
-1.004778411e-08
4.006718713e-07
-1.447864898e-08
3.954407678e-07
-1.924937743e-08
3.885184528e-07
-2.441764473e-08
3.797496243e-07
-3.005956254e-08
3.689518675e-07
-3.627759986e-08
3.559082847e-07
-4.321200495e-08
3.403584323e-07
-5.105726774e-08
3.219882027e-07
-6.008568117e-08
3.004209182e-07
-7.06804683e-08
2.752154586e-07
-8.338066401e-08
2.458843771e-07
-9.893747497e-08
2.119580299e-07
-1.183736509e-07
1.731418462e-07
-1.430157865e-07
1.296404562e-07
-1.74419407e-07
8.273497977e-08
-2.140036072e-07
3.563531222e-08
-2.620306402e-07
-5.655685607e-09
-3.153320993e-07
-3.23968996e-08
-3.630930328e-07
-3.648253804e-08
-3.8096225e-07
-1.899626643e-08
-3.282949063e-07
-1.586963849e-07
-2.262422535e-08
1.016759751e-07
-4.787940607e-08
1.905755478e-07
-6.04515119e-08
2.146548096e-07
-5.913146018e-08
2.080313551e-07
-4.697293109e-08
1.892881989e-07
-2.754771564e-08
1.674601835e-07
-3.817197857e-09
1.465720081e-07
2.20862609e-08
1.280994151e-07
4.874831967e-08
1.123440104e-07
7.528658906e-08
9.912309792e-08
1.011779231e-07
8.809340675e-08
1.261336641e-07
7.888665793e-08
1.500144018e-07
7.116740969e-08
1.727718018e-07
6.465081026e-08
1.944109596e-07
5.910333809e-08
2.149664263e-07
5.433687555e-08
2.34487244e-07
5.020101649e-08
2.530278001e-07
4.657564467e-08
2.706423713e-07
4.336452485e-08
2.873819751e-07
4.04900667e-08
3.032926411e-07
3.788917347e-08
3.18414545e-07
3.551000562e-08
3.327816514e-07
3.330948088e-08
3.4642165e-07
3.12513518e-08
3.59356051e-07
2.930472905e-08
3.716003594e-07
2.744294575e-08
3.831642798e-07
2.564268138e-08
3.940519223e-07
2.388328235e-08
4.042619951e-07
2.21462313e-08
4.137879713e-07
2.041472819e-08
4.226182272e-07
1.867335459e-08
4.307361458e-07
1.690779866e-08
4.381201832e-07
1.51046226e-08
4.447438929e-07
1.325105686e-08
4.505759031e-07
1.133480691e-08
4.555798381e-07
9.343858328e-09
4.597141723e-07
7.266264572e-09
4.629319998e-07
5.089899547e-09
4.651806934e-07
2.802152604e-09
4.664014153e-07
3.895427058e-10
4.665284435e-07
-2.16277784e-09
4.65488205e-07
-4.8717952e-09
4.631980457e-07
-7.757624801e-09
4.595644124e-07
-1.084501572e-08
4.544803547e-07
-1.416531983e-08
4.478220693e-07
-1.77593594e-08
4.394441034e-07
-2.168159662e-08
4.2917272e-07
-2.600621652e-08
4.167967967e-07
-3.08360817e-08
4.020555445e-07
-3.631601567e-08
3.846224585e-07
-4.265259521e-08
3.640856069e-07
-5.01436167e-08
3.399264704e-07
-5.922152765e-08
3.115047781e-07
-7.051578271e-08
2.780684585e-07
-8.49373314e-08
2.38831456e-07
-1.03778784e-07
1.932044184e-07
-1.287923695e-07
1.41323864e-07
-1.621230529e-07
8.506747846e-08
-2.057742548e-07
2.961292186e-08
-2.598775428e-07
-1.507255603e-08
-3.18407555e-07
-3.538097357e-08
-3.606538325e-07
-2.379874931e-08
-3.398771306e-07
-1.824951342e-07
-3.036463872e-08
1.320406138e-07
-5.277832777e-08
2.129892369e-07
-5.20510182e-08
2.139275e-07
-3.392510523e-08
1.899054421e-07
-5.622533739e-09
1.609856274e-07
2.755813962e-08
1.342795101e-07
6.220760554e-08
1.119225422e-07
9.637101152e-08
9.393600913e-08
1.290427571e-07
7.967226485e-08
1.59779206e-07
6.838664897e-08
1.884545436e-07
5.941806915e-08
2.151115761e-07
5.222962542e-08
2.398744035e-07
4.640458225e-08
2.62898844e-07
4.162636973e-08
2.843457766e-07
3.765640548e-08
3.043677056e-07
3.431494659e-08
3.231027277e-07
3.146599439e-08
3.406725115e-07
2.900586078e-08
3.571823389e-07
2.685469746e-08
3.727221133e-07
2.495029225e-08
3.873677423e-07
2.324354451e-08
4.01182584e-07
2.169516385e-08
4.142188102e-07
2.027325467e-08
4.265186214e-07
1.895154056e-08
4.38115299e-07
1.770805143e-08
4.490340983e-07
1.652414647e-08
4.592929981e-07
1.538378151e-08
4.689033251e-07
1.42729553e-08
4.778702694e-07
1.317928696e-08
4.861933078e-07
1.209168977e-08
4.938665469e-07
1.100011549e-08
5.008789959e-07
9.895349648e-09
5.072147758e-07
8.768842613e-09
5.128532688e-07
7.61256384e-09
5.177692071e-07
6.418868564e-09
5.21932699e-07
5.180366398e-09
5.253091825e-07
3.88978107e-09
5.278592928e-07
2.539789146e-09
5.295386217e-07
1.122823709e-09
5.30297312e-07
-3.691476451e-10
5.300795397e-07
-1.945005589e-09
5.288226526e-07
-3.614908114e-09
5.264560398e-07
-5.391012109e-09
5.228994127e-07
-7.288388631e-09
5.180604084e-07
-9.326315544e-09
5.11831204e-07
-1.153015513e-08
5.040837054e-07
-1.393409804e-08
4.946627004e-07
-1.658521162e-08
4.833761144e-07
-1.954949575e-08
4.699811695e-07
-2.292107079e-08
4.541648797e-07
-2.683630548e-08
4.355170543e-07
-3.149579129e-08
4.134943068e-07
-3.719878023e-08
3.873757143e-07
-4.439719029e-08
3.562176959e-07
-5.377931303e-08
3.188339626e-07
-6.63950508e-08
2.738690971e-07
-8.382750397e-08
2.201226238e-07
-1.083765797e-07
1.574308337e-07
-1.430824648e-07
8.856385333e-08
-1.910105624e-07
2.236512269e-08
-2.522088244e-07
-2.33604476e-08
-3.149282623e-07
-2.742785452e-08
-3.358097238e-07
-2.099229888e-07
-3.525234616e-08
1.6729296e-07
-3.884756359e-08
2.165844543e-07
-8.523919226e-09
1.836038556e-07
3.650432786e-08
1.44877195e-07
8.530605505e-08
1.121839002e-07
1.327749918e-07
8.681057334e-08
1.766505807e-07
6.804695328e-08
2.162282313e-07
5.43583585e-08
2.515837495e-07
4.431674658e-08
2.831085873e-07
3.686181118e-08
3.112851076e-07
3.124154882e-08
3.365862539e-07
2.692847908e-08
3.594347878e-07
2.355604835e-08
3.801916506e-07
2.086950697e-08
3.991577399e-07
1.869031612e-08
4.165808387e-07
1.689184778e-08
4.326637953e-07
1.538303778e-08
4.475722811e-07
1.409737502e-08
4.614415081e-07
1.298547038e-08
4.743817842e-07
1.201001616e-08
4.864829922e-07
1.114233651e-08
4.978181545e-07
1.036000155e-08
5.084462504e-07
9.645158676e-09
5.184144389e-07
8.983352042e-09
5.277598125e-07
8.362677867e-09
5.365107857e-07
7.773173167e-09
5.446881987e-07
7.206368523e-09
5.523061967e-07
6.654957223e-09
5.59372936e-07
6.112547628e-09
5.658911504e-07
5.57347541e-09
5.718586069e-07
5.032658876e-09
5.772684715e-07
4.485485084e-09
5.821095966e-07
3.927717421e-09
5.863667432e-07
3.355417244e-09
5.900207384e-07
2.764873294e-09
5.930485717e-07
2.152533091e-09
5.954234223e-07
1.514930444e-09
5.971146082e-07
8.486032088e-10
5.980874347e-07
1.499971312e-10
5.983029294e-07
-5.846423924e-10
5.977174193e-07
-1.359495495e-09
5.962818911e-07
-2.179380039e-09
5.939409903e-07
-3.050111306e-09
5.906315724e-07
-3.978970773e-09
5.86280637e-07
-4.975380209e-09
5.808023555e-07
-6.051873653e-09
5.740937806e-07
-7.2255232e-09
5.660286286e-07
-8.520059654e-09
5.564482164e-07
-9.969083645e-09
5.451481714e-07
-1.162102576e-08
5.318588377e-07
-1.354697188e-08
5.162163259e-07
-1.58532795e-08
4.977198996e-07
-1.870235402e-08
4.756702376e-07
-2.234752834e-08
4.490834269e-07
-2.719250241e-08
4.165816614e-07
-3.389328535e-08
3.762853747e-07
-4.353121731e-08
3.258023581e-07
-5.789356315e-08
2.625889477e-07
-7.98690544e-08
1.853355712e-07
-1.13757186e-07
9.764087695e-08
-1.645141301e-07
1.56312552e-08
-2.329186406e-07
-2.411743626e-08
-2.960610324e-07
-2.34040425e-07
-1.848495239e-08
1.857779124e-07
4.119844576e-08
1.569010561e-07
1.222165489e-07
1.025857525e-07
1.974231613e-07
6.967058259e-08
2.616944393e-07
4.791262216e-08
3.151011269e-07
3.340388576e-08
3.591143823e-07
2.403369789e-08
3.955278509e-07
1.794488989e-08
4.259621906e-07
1.388240689e-08
4.517278872e-07
1.109611458e-08
4.738396864e-07
9.129749577e-09
4.930687769e-07
7.699388545e-09
5.099974364e-07
6.627388899e-09
5.250657668e-07
5.80117651e-09
5.386082452e-07
5.147837734e-09
5.508810827e-07
4.619010229e-09
5.62082289e-07
4.181831462e-09
5.723662556e-07
3.813408408e-09
5.81854336e-07
3.497389994e-09
5.90642542e-07
3.221810088e-09
5.988071745e-07
2.977704003e-09
6.064089728e-07
2.75820321e-09
6.134962001e-07
2.557931357e-09
6.201069585e-07
2.372593696e-09
6.262709433e-07
2.198693e-09
6.320107867e-07
2.033329725e-09
6.37343096e-07
1.874059237e-09
6.422792648e-07
1.718788329e-09
6.468261133e-07
1.56569912e-09
6.509863965e-07
1.413192233e-09
6.547592117e-07
1.2598436e-09
6.581403259e-07
1.104370855e-09
6.61122437e-07
9.456063266e-10
6.636953799e-07
7.824742643e-10
6.658462828e-07
6.139703777e-10
6.67559674e-07
4.391418778e-10
6.688175382e-07
2.570662283e-10
6.695993139e-07
6.682747342e-11
6.69881813e-07
-1.325019863e-10
6.696390928e-07
-3.419222693e-10
6.688421538e-07
-5.625564961e-10
6.674584883e-07
-7.957146341e-10
6.654513759e-07
-1.042998953e-09
6.627788564e-07
-1.306451272e-09
6.593922338e-07
-1.588757657e-09
6.552339033e-07
-1.893543137e-09
6.502341853e-07
-2.225805301e-09
6.443066888e-07
-2.592563157e-09
6.37341455e-07
-3.003849878e-09
6.291947011e-07
-3.474271869e-09
6.196732591e-07
-4.025529931e-09
6.085106083e-07
-4.69062879e-09
5.953294027e-07
-5.521148465e-09
5.795821222e-07
-6.600247838e-09
5.604563338e-07
-8.066714118e-09
5.367238236e-07
-1.016077518e-08
5.065058588e-07
-1.331325254e-08
4.669328549e-07
-1.83205593e-08
4.137450162e-07
-2.668121574e-08
3.41155386e-07
-4.116755586e-08
2.431629595e-07
-6.652170364e-08
1.206348901e-07
-1.103905713e-07
7.82419058e-09
-1.832503329e-07
-2.262162345e-07
1.857779124e-07
3.426789685e-07
4.45264721e-07
5.149353036e-07
5.628479257e-07
5.962518115e-07
6.202855093e-07
6.382303992e-07
6.521128061e-07
6.632089207e-07
6.723386703e-07
6.800380588e-07
6.866654477e-07
6.924666242e-07
6.976144619e-07
7.022334722e-07
7.064153036e-07
7.10228712e-07
7.13726102e-07
7.169479121e-07
7.199256161e-07
7.226838193e-07
7.252417507e-07
7.276143443e-07
7.298130373e-07
7.318463671e-07
7.337204263e-07
7.354392146e-07
7.370049137e-07
7.38418106e-07
7.396779495e-07
7.407823204e-07
7.417279267e-07
7.42510401e-07
7.431243713e-07
7.435635132e-07
7.438205794e-07
7.438874069e-07
7.437549049e-07
7.434129826e-07
7.428504261e-07
7.420547115e-07
7.410117125e-07
7.397052612e-07
7.381165036e-07
7.362229604e-07
7.339971551e-07
7.314045919e-07
7.28400742e-07
7.249264702e-07
7.209009402e-07
7.162103114e-07
7.106891629e-07
7.040889151e-07
6.96022201e-07
6.858614258e-07
6.725481732e-07
6.542276139e-07
6.275463982e-07
5.863788423e-07
5.198571386e-07
4.094665674e-07
2.262162345e-07
)
;

boundaryField
{
    movingWall
    {
        type            calculated;
        value           uniform 0;
    }
    fixedWalls
    {
        type            calculated;
        value           uniform 0;
    }
    frontAndBack
    {
        type            empty;
    }
}


// ************************************************************************* //
