/*--------------------------------*- C++ -*----------------------------------*\
  =========                 |
  \\      /  F ield         | OpenFOAM: The Open Source CFD Toolbox
   \\    /   O peration     | Website:  https://openfoam.org
    \\  /    A nd           | Version:  11
     \\/     M anipulation  |
\*---------------------------------------------------------------------------*/
FoamFile
{
    format      ascii;
    class       volVectorField;
    location    "900";
    object      U;
}
// * * * * * * * * * * * * * * * * * * * * * * * * * * * * * * * * * * * * * //

dimensions      [0 1 -1 0 0 0 0];

internalField   nonuniform List<vector> 
4096
(
(1.423697853e-05 -1.421600702e-05 0)
(5.916536734e-05 -1.791982388e-05 0)
(9.355408664e-05 -1.357876905e-05 0)
(9.653125389e-05 -6.314377955e-06 0)
(5.725232351e-05 1.421745211e-06 0)
(-2.594463688e-05 8.737407801e-06 0)
(-0.0001509791323 1.522422614e-05 0)
(-0.0003140040557 2.0753944e-05 0)
(-0.000510378614 2.534242406e-05 0)
(-0.0007352489161 2.906703352e-05 0)
(-0.0009838717856 3.202660806e-05 0)
(-0.001251779354 3.432222969e-05 0)
(-0.001534849359 3.604766735e-05 0)
(-0.001829318228 3.728474822e-05 0)
(-0.002131759281 3.810139447e-05 0)
(-0.002439040597 3.85511767e-05 0)
(-0.002748272398 3.867379141e-05 0)
(-0.00305675093 3.849613268e-05 0)
(-0.003361903841 3.803375918e-05 0)
(-0.00366124067 3.729262144e-05 0)
(-0.003952311049 3.627095301e-05 0)
(-0.00423267238 3.496125002e-05 0)
(-0.004499868117 3.335228165e-05 0)
(-0.004751417234 3.143108347e-05 0)
(-0.004984815057 2.918489626e-05 0)
(-0.005197545217 2.660301731e-05 0)
(-0.005387102229 2.367853657e-05 0)
(-0.005551023871 2.040992992e-05 0)
(-0.005686932344 1.680248346e-05 0)
(-0.005792582924 1.286951802e-05 0)
(-0.005865918642 8.633384675e-06 0)
(-0.005905129337 4.126210792e-06 0)
(-0.005908712858 -6.097390531e-07 0)
(-0.005875536795 -5.521999896e-06 0)
(-0.005804898621 -1.054801132e-05 0)
(-0.005696581463 -1.561581742e-05 0)
(-0.005550903743 -2.064521865e-05 0)
(-0.005368759576 -2.554921816e-05 0)
(-0.005151648154 -3.023588112e-05 0)
(-0.004901690008 -3.461054813e-05 0)
(-0.004621628406 -3.857834359e-05 0)
(-0.004314814551 -4.204690159e-05 0)
(-0.003985175749 -4.492920838e-05 0)
(-0.003637166304 -4.714644581e-05 0)
(-0.003275701517 -4.863070678e-05 0)
(-0.002906075866 -4.93274519e-05 0)
(-0.002533867049 -4.919758032e-05 0)
(-0.002164828145 -4.821900581e-05 0)
(-0.001804770586 -4.638765739e-05 0)
(-0.001459440827 -4.37178691e-05 0)
(-0.00113439356 -4.024218646e-05 0)
(-0.0008348638108 -3.601070846e-05 0)
(-0.000565639255 -3.1090218e-05 0)
(-0.0003309323327 -2.556356611e-05 0)
(-0.0001342487859 -1.953012635e-05 0)
(2.175546792e-05 -1.310881961e-05 0)
(0.0001354441396 -6.44649781e-06 0)
(0.000206425122 2.640749605e-07 0)
(0.0002358796245 6.746875504e-06 0)
(0.0002270580011 1.257172262e-05 0)
(0.0001860012109 1.705743795e-05 0)
(0.0001229293031 1.915370885e-05 0)
(5.598992913e-05 1.677630392e-05 0)
(8.071107941e-06 8.075287317e-06 0)
(1.816972351e-05 -5.932362316e-05 0)
(7.332991041e-05 -7.269472197e-05 0)
(8.440405289e-05 -2.711488031e-05 0)
(1.460956604e-05 4.628903669e-05 0)
(-0.0001570537978 0.000129697206 0)
(-0.0004358133388 0.0002131578587 0)
(-0.0008186686729 0.0002913018729 0)
(-0.001297983577 0.0003614610239 0)
(-0.001863604741 0.000422536129 0)
(-0.002504249353 0.0004743247637 0)
(-0.003208378582 0.0005171202311 0)
(-0.003964714967 0.0005514673244 0)
(-0.00476252256 0.000578010942 0)
(-0.00559172912 0.0005974018409 0)
(-0.006442944069 0.0006102390823 0)
(-0.007307410017 0.0006170370774 0)
(-0.008176915147 0.0006182097672 0)
(-0.009043686517 0.0006140670562 0)
(-0.009900279158 0.000604820123 0)
(-0.010739472 0.0005905931391 0)
(-0.01155417868 0.0005714395049 0)
(-0.0123373789 0.0005473611115 0)
(-0.0130820741 0.0005183294215 0)
(-0.01378126967 0.0004843073775 0)
(-0.01442798446 0.0004452713166 0)
(-0.01501528747 0.0004012321955 0)
(-0.01553636034 0.0003522555317 0)
(-0.01598458392 0.0002984795331 0)
(-0.01635364584 0.0002401309438 0)
(-0.01663766607 0.000177538162 0)
(-0.0168313364 0.000111141217 0)
(-0.01693006941 4.149818785e-05 0)
(-0.01693015158 -3.071243238e-05 0)
(-0.01682889669 -0.0001046933783 0)
(-0.01662479263 -0.0001795340883 0)
(-0.01631763574 -0.0002542215435 0)
(-0.01590864836 -0.0003276557116 0)
(-0.01540057228 -0.0003986692573 0)
(-0.01479773364 -0.0004660513849 0)
(-0.01410607421 -0.0005285753361 0)
(-0.01333314531 -0.0005850288532 0)
(-0.01248806104 -0.0006342467239 0)
(-0.01158140921 -0.0006751443572 0)
(-0.01062511933 -0.0007067512099 0)
(-0.009632288632 -0.000728242814 0)
(-0.00861696864 -0.0007389701583 0)
(-0.007593915955 -0.0007384852803 0)
(-0.006578312429 -0.0007265621313 0)
(-0.005585460562 -0.0007032121172 0)
(-0.004630460427 -0.000668694204 0)
(-0.003727874166 -0.000623520147 0)
(-0.002891382895 -0.0005684563054 0)
(-0.002133438571 -0.000504524749 0)
(-0.001464909561 -0.0004330081155 0)
(-0.000894712867 -0.0003554652556 0)
(-0.0004294176716 -0.0002737686434 0)
(-7.27929532e-05 -0.0001901807559 0)
(0.0001747452928 -0.0001074952574 0)
(0.0003168545217 -2.928152242e-05 0)
(0.0003622153792 3.971830322e-05 0)
(0.0003257357508 9.299401291e-05 0)
(0.0002305345774 0.0001214829311 0)
(0.0001131386318 0.0001130420335 0)
(1.663241465e-05 5.583987598e-05 0)
(1.411580526e-05 -9.456972184e-05 0)
(2.828689551e-05 -8.420709811e-05 0)
(-4.454051646e-05 4.478512454e-05 0)
(-0.000243027127 0.0002332662295 0)
(-0.0005898198826 0.00044546047 0)
(-0.001091406453 0.0006594882481 0)
(-0.001744267319 0.0008623720573 0)
(-0.002538565365 0.001046896705 0)
(-0.003460669699 0.001209504831 0)
(-0.004494941282 0.001348916694 0)
(-0.005624947798 0.001465229108 0)
(-0.006834247158 0.001559321111 0)
(-0.008106857826 0.001632459328 0)
(-0.00942750581 0.001686036955 0)
(-0.01078171566 0.001721404727 0)
(-0.01215579648 0.001739766988 0)
(-0.013536762 0.001742124998 0)
(-0.01491221429 0.001729255019 0)
(-0.01627021432 0.001701712203 0)
(-0.01759915632 0.00165985343 0)
(-0.01888765916 0.001603873808 0)
(-0.02012448397 0.001533852524 0)
(-0.02129848429 0.001449804561 0)
(-0.02239859256 0.001351735391 0)
(-0.0234138447 0.00123969621 0)
(-0.02433344266 0.001113837686 0)
(-0.02514685328 0.0009744604552 0)
(-0.02584394059 0.0008220608661 0)
(-0.02641512758 0.0006573706055 0)
(-0.02685158226 0.0004813890166 0)
(-0.0271454224 0.000295407 0)
(-0.02728993235 0.0001010214914 0)
(-0.02727978383 -9.986043736e-05 0)
(-0.02711125577 -0.0003050281318 0)
(-0.02678244173 -0.000511984767 0)
(-0.02629343824 -0.0007179774902 0)
(-0.02564650689 -0.0009200390309 0)
(-0.02484620059 -0.001115040278 0)
(-0.02389944749 -0.001299753104 0)
(-0.02281558605 -0.001470922152 0)
(-0.0216063456 -0.001625343811 0)
(-0.02028576849 -0.001759950191 0)
(-0.01887007113 -0.001871895511 0)
(-0.01737744348 -0.001958642062 0)
(-0.01582778805 -0.002018042742 0)
(-0.01424240162 -0.002048417223 0)
(-0.01264360478 -0.002048619077 0)
(-0.0110543257 -0.002018091707 0)
(-0.00949764595 -0.001956911754 0)
(-0.007996316608 -0.001865819841 0)
(-0.00657225249 -0.001746240063 0)
(-0.005246011131 -0.001600291725 0)
(-0.004036260343 -0.001430799521 0)
(-0.002959233966 -0.001241311931 0)
(-0.002028169335 -0.001036142397 0)
(-0.001252712071 -0.0008204543618 0)
(-0.0006382639912 -0.0006004198312 0)
(-0.0001852376647 -0.0003834921332 0)
(0.0001118306589 -0.0001788441251 0)
(0.0002653334786 1.973842425e-06 0)
(0.0002957553979 0.0001441363672 0)
(0.0002334079888 0.000228494873 0)
(0.0001236613169 0.0002307930982 0)
(1.907785875e-05 0.0001228063926 0)
(7.021429913e-06 -9.850408945e-05 0)
(-4.672072905e-05 -1.370306338e-05 0)
(-0.0002391545233 0.0002442067537 0)
(-0.0006028817617 0.0005921752379 0)
(-0.001155899718 0.0009773707391 0)
(-0.001902933959 0.001365543593 0)
(-0.00283877074 0.001735152887 0)
(-0.003951379776 0.002073422179 0)
(-0.005224361295 0.002373476235 0)
(-0.006638775616 0.002632323896 0)
(-0.008174468615 0.002849453082 0)
(-0.009810984944 0.003025849956 0)
(-0.01152815594 0.003163315398 0)
(-0.01330644004 0.003263993667 0)
(-0.01512708124 0.003330055215 0)
(-0.0169721394 0.003363493472 0)
(-0.01882443596 0.003366007132 0)
(-0.02066745024 0.003338947096 0)
(-0.02248519405 0.00328331231 0)
(-0.02426208639 0.003199782174 0)
(-0.02598284478 0.003088775646 0)
(-0.02763240531 0.002950528958 0)
(-0.02919587991 0.002785185255 0)
(-0.03065855599 0.002592890545 0)
(-0.03200594079 0.002373891261 0)
(-0.03322385064 0.002128629445 0)
(-0.03429854321 0.00185783214 0)
(-0.0352168891 0.001562592063 0)
(-0.03596657774 0.001244437008 0)
(-0.03653635146 0.0009053857117 0)
(-0.0369162602 0.0005479882112 0)
(-0.03709792917 0.0001753489458 0)
(-0.03707482922 -0.0002088688618 0)
(-0.03684254411 -0.0006004582193 0)
(-0.03639901983 -0.000994703828 0)
(-0.03574478979 -0.001386439304 0)
(-0.03488316556 -0.001770124646 0)
(-0.03382038287 -0.002139943173 0)
(-0.032565695 -0.002489916414 0)
(-0.03113140577 -0.00281403458 0)
(-0.02953283578 -0.003106399489 0)
(-0.02778821692 -0.003361376125 0)
(-0.02591851244 -0.00357374837 0)
(-0.02394716136 -0.003738874041 0)
(-0.0218997487 -0.003852834153 0)
(-0.01980360473 -0.003912571386 0)
(-0.0176873389 -0.003916013274 0)
(-0.01558031568 -0.003862176434 0)
(-0.01351208102 -0.003751249615 0)
(-0.01151174895 -0.003584655215 0)
(-0.009607357583 -0.003365091505 0)
(-0.007825202966 -0.003096561033 0)
(-0.006189156734 -0.002784394786 0)
(-0.00471997012 -0.002435286771 0)
(-0.0034345621 -0.002057360007 0)
(-0.002345283803 -0.001660292543 0)
(-0.001459145571 -0.001255541021 0)
(-0.0007769869677 -0.0008567083672 0)
(-0.0002925663061 -0.0004801086725 0)
(8.422958855e-06 -0.0001455781258 0)
(0.0001493390468 0.0001224592689 0)
(0.0001639925775 0.0002937763332 0)
(0.0001012382299 0.0003310513051 0)
(1.748117852e-05 0.0001878004826 0)
(-8.594481851e-07 -5.872543763e-05 0)
(-0.0001357032803 0.0001640610687 0)
(-0.0004681580178 0.000600491751 0)
(-0.00102012852 0.001150124956 0)
(-0.001800634399 0.001746149943 0)
(-0.002809968793 0.002343366657 0)
(-0.004039678425 0.002912131241 0)
(-0.005474877875 0.00343405329 0)
(-0.007096377816 0.003898666823 0)
(-0.008882330835 0.004300945709 0)
(-0.01080948879 0.004639479415 0)
(-0.01285411908 0.004915139099 0)
(-0.01499262661 0.005130110354 0)
(-0.01720193737 0.005287202969 0)
(-0.01945969796 0.005389371938 0)
(-0.02174434018 0.00543940101 0)
(-0.02403505338 0.005439712134 0)
(-0.02631170052 0.005392272562 0)
(-0.02855470775 0.005298577245 0)
(-0.0307449513 0.005159688485 0)
(-0.03286366042 0.004976317923 0)
(-0.03489235028 0.004748938434 0)
(-0.03681279444 0.004477915454 0)
(-0.03860704323 0.004163648885 0)
(-0.04025749064 0.003806718064 0)
(-0.04174699024 0.003408023428 0)
(-0.04305901775 0.002968919432 0)
(-0.04417787626 0.002491334068 0)
(-0.04508893827 0.001977870965 0)
(-0.04577891741 0.001431890616 0)
(-0.04623616156 0.0008575677182 0)
(-0.04645095824 0.0002599221114 0)
(-0.04641584134 -0.0003551787225 0)
(-0.04612589197 -0.0009810467021 0)
(-0.0455790173 -0.001610231443 0)
(-0.0447762009 -0.002234610635 0)
(-0.04372171282 -0.002845510591 0)
(-0.04242326811 -0.003433855775 0)
(-0.04089212548 -0.003990344902 0)
(-0.03914311735 -0.004505650057 0)
(-0.03719460424 -0.004970634221 0)
(-0.03506834798 -0.005376581596 0)
(-0.03278930047 -0.005715434271 0)
(-0.03038530624 -0.005980028187 0)
(-0.0278867201 -0.006164321021 0)
(-0.02532594278 -0.006263604788 0)
(-0.02273688034 -0.006274696551 0)
(-0.02015433475 -0.006196101897 0)
(-0.017613335 -0.006028147687 0)
(-0.01514841908 -0.00577308325 0)
(-0.01279287769 -0.005435152583 0)
(-0.01057797018 -0.005020644391 0)
(-0.008532121649 -0.004537931954 0)
(-0.006680108163 -0.003997520906 0)
(-0.005042234115 -0.003412130002 0)
(-0.003633502568 -0.002796837659 0)
(-0.002462777187 -0.002169334901 0)
(-0.001531932548 -0.00155033188 0)
(-0.0008349899725 -0.0009641687226 0)
(-0.0003572597695 -0.000439678236 0)
(-7.454369047e-05 -1.131444234e-05 0)
(4.792088952e-05 0.0002795156762 0)
(5.874364302e-05 0.0003826845525 0)
(1.402663575e-05 0.0002350715907 0)
(-8.769113745e-06 2.886435913e-05 0)
(-0.0002300968846 0.0004605689225 0)
(-0.0007130862417 0.001129605182 0)
(-0.0014665164 0.001924250729 0)
(-0.002487762355 0.002767342113 0)
(-0.003770632542 0.003604921702 0)
(-0.005301978804 0.004400472499 0)
(-0.007063185569 0.005130588652 0)
(-0.009031893764 0.005781432412 0)
(-0.01118334389 0.006345955941 0)
(-0.01349144995 0.006821768277 0)
(-0.01592962237 0.007209513435 0)
(-0.01847135038 0.007511654142 0)
(-0.02109057637 0.007731578503 0)
(-0.02376190219 0.007872964153 0)
(-0.02646066782 0.007939348034 0)
(-0.02916294037 0.007933860297 0)
(-0.03184544703 0.007859088592 0)
(-0.03448548123 0.007717044856 0)
(-0.03706080594 0.007509211185 0)
(-0.03954957342 0.007236644924 0)
(-0.0419302758 0.006900126023 0)
(-0.04418173687 0.006500332138 0)
(-0.04628315161 0.00603802906 0)
(-0.04821417635 0.005514265855 0)
(-0.04995506989 0.004930565673 0)
(-0.05148688306 0.004289104515 0)
(-0.05279169236 0.003592871384 0)
(-0.05385287116 0.002845804222 0)
(-0.05465539103 0.002052896838 0)
(-0.05518614399 0.001220272784 0)
(-0.05543427617 0.0003552228363 0)
(-0.05539152143 -0.0005337964999 0)
(-0.05505252667 -0.00143720495 0)
(-0.05441515236 -0.002344383389 0)
(-0.05348074166 -0.00324380175 0)
(-0.05225434534 -0.004123187759 0)
(-0.05074489071 -0.004969734773 0)
(-0.04896528591 -0.005770345463 0)
(-0.04693244997 -0.006511906584 0)
(-0.04466726117 -0.007181588712 0)
(-0.04219441729 -0.007767163572 0)
(-0.03954220379 -0.008257330461 0)
(-0.03674216757 -0.008642042457 0)
(-0.0338286967 -0.008912822715 0)
(-0.03083850879 -0.009063061226 0)
(-0.02781005315 -0.009088283174 0)
(-0.02478283418 -0.008986381504 0)
(-0.02179666584 -0.008757808606 0)
(-0.01889086814 -0.008405725207 0)
(-0.01610341845 -0.00793610868 0)
(-0.01347007025 -0.007357827995 0)
(-0.01102345208 -0.006682698457 0)
(-0.008792158728 -0.005925536014 0)
(-0.00679984527 -0.005104238138 0)
(-0.005064333986 -0.004239925559 0)
(-0.003596743691 -0.003357185718 0)
(-0.002400651862 -0.002484463588 0)
(-0.001471302458 -0.001654648046 0)
(-0.0007948852515 -0.0009059024505 0)
(-0.0003479129991 -0.0002827642781 0)
(-9.652913292e-05 0.0001625158472 0)
(5.039685014e-06 0.0003680135723 0)
(9.766687552e-06 0.0002569347366 0)
(-1.637227007e-05 0.0001652083482 0)
(-0.0003253990085 0.0008804627829 0)
(-0.0009631538044 0.001839418828 0)
(-0.001924380281 0.002924002644 0)
(-0.003193393531 0.004050190073 0)
(-0.004756109602 0.005157713307 0)
(-0.006593511046 0.006204815576 0)
(-0.008682409123 0.007164099197 0)
(-0.01099677122 0.008018950261 0)
(-0.01350871937 0.008760611538 0)
(-0.0161893598 0.009385847318 0)
(-0.01900944959 0.009895107789 0)
(-0.02193988376 0.01029111281 0)
(-0.0249520153 0.01057778626 0)
(-0.02801783447 0.01075948159 0)
(-0.03111003786 0.01084044821 0)
(-0.03420201855 0.01082449531 0)
(-0.037267807 0.01071481631 0)
(-0.04028198927 0.01051394165 0)
(-0.04321962511 0.01022379204 0)
(-0.04605618448 0.009845807806 0)
(-0.04876751649 0.00938113287 0)
(-0.05132986091 0.008830834997 0)
(-0.05371990851 0.008196146085 0)
(-0.05591491307 0.007478708765 0)
(-0.0578928551 0.006680817434 0)
(-0.05963265445 0.005805643671 0)
(-0.06111442718 0.004857437451 0)
(-0.06231978004 0.003841696939 0)
(-0.06323213456 0.002765300729 0)
(-0.06383707156 0.001636597448 0)
(-0.06412268608 0.0004654485687 0)
(-0.06407994179 -0.0007367786395 0)
(-0.0637030152 -0.001957269916 0)
(-0.06298961397 -0.003181877802 0)
(-0.06194126258 -0.004395289726 0)
(-0.06056354177 -0.005581247952 0)
(-0.05886626976 -0.006722819202 0)
(-0.05686361615 -0.007802709933 0)
(-0.05457413844 -0.008803621402 0)
(-0.05202073254 -0.009708637011 0)
(-0.04923049041 -0.01050163283 0)
(-0.04623445932 -0.01116770083 0)
(-0.04306729984 -0.0116935733 0)
(-0.03976684153 -0.01206803621 0)
(-0.03637353822 -0.01228231949 0)
(-0.03292982734 -0.01233045266 0)
(-0.02947940065 -0.01220957615 0)
(-0.02606639603 -0.01192020094 0)
(-0.02273452265 -0.01146641285 0)
(-0.01952613368 -0.01085602265 0)
(-0.01648126212 -0.01010066821 0)
(-0.0136366364 -0.009215882013 0)
(-0.01102469288 -0.008221143764 0)
(-0.008672602801 -0.0071399454 0)
(-0.006601331775 -0.005999902496 0)
(-0.004824750718 -0.004832951748 0)
(-0.003348819451 -0.003675677852 0)
(-0.002170868434 -0.002569815406 0)
(-0.001279006184 -0.001562974375 0)
(-0.0006516481295 -0.0007096180838 0)
(-0.0002571803191 -7.226946177e-05 0)
(-5.429627844e-05 0.0002766426893 0)
(5.313977889e-06 0.0002495804255 0)
(-2.356259177e-05 0.0003497925693 0)
(-0.000419326333 0.001424536432 0)
(-0.001212192037 0.002732602217 0)
(-0.002382848762 0.004153325127 0)
(-0.00390198989 0.005598898047 0)
(-0.005746790377 0.007005152049 0)
(-0.007891523745 0.008326881505 0)
(-0.01030773722 0.009533963998 0)
(-0.0129652384 0.01060786414 0)
(-0.01583275589 0.01153866258 0)
(-0.01887850339 0.01232260749 0)
(-0.02207065645 0.01296013514 0)
(-0.02537770743 0.01345430619 0)
(-0.02876869729 0.01380960536 0)
(-0.03221333912 0.01403105478 0)
(-0.03568205494 0.01412359471 0)
(-0.03914595021 0.0140916894 0)
(-0.04257675057 0.01393911942 0)
(-0.04594672397 0.01366892585 0)
(-0.04922860814 0.01328347441 0)
(-0.05239556015 0.01278461142 0)
(-0.05542114104 0.01217388626 0)
(-0.05827934445 0.01145281778 0)
(-0.06094467522 0.01062318534 0)
(-0.06339228 0.009687327245 0)
(-0.06559812969 0.008648432204 0)
(-0.06753925057 0.007510811267 0)
(-0.06919399939 0.006280139813 0)
(-0.07054237547 0.004963660724 0)
(-0.07156636209 0.003570341382 0)
(-0.07225028787 0.002110978366 0)
(-0.0725811982 0.0005982449902 0)
(-0.07254922673 -0.0009533219158 0)
(-0.07214795582 -0.002527398262 0)
(-0.07137475194 -0.004106015909 0)
(-0.07023106871 -0.005669771734 0)
(-0.06872270394 -0.007198099771 0)
(-0.06685999818 -0.008669604006 0)
(-0.06465796532 -0.01006244719 0)
(-0.06213634438 -0.01135478896 0)
(-0.05931956284 -0.01252526448 0)
(-0.05623660339 -0.01355349302 0)
(-0.05292076723 -0.01442060411 0)
(-0.04940932934 -0.0151097674 0)
(-0.04574308356 -0.01560671169 0)
(-0.04196577773 -0.01590021808 0)
(-0.03812344263 -0.01598257302 0)
(-0.03426362134 -0.01584996846 0)
(-0.03043450895 -0.01550283906 0)
(-0.0266840158 -0.01494613024 0)
(-0.02305877022 -0.01418949583 0)
(-0.01960307923 -0.01324743011 0)
(-0.01635786809 -0.01213934581 0)
(-0.01335962077 -0.01088961701 0)
(-0.01063934557 -0.009527613062 0)
(-0.008221590993 -0.008087756233 0)
(-0.006123538914 -0.006609640859 0)
(-0.004354204833 -0.005138254734 0)
(-0.002913781405 -0.00372434524 0)
(-0.001793152501 -0.002424975762 0)
(-0.0009735395241 -0.001304296896 0)
(-0.0004264766083 -0.0004344935684 0)
(-0.0001160002959 0.0001027125 0)
(9.814694055e-07 0.0002113565352 0)
(-3.033937816e-05 0.0005813864443 0)
(-0.0005107671931 0.002091329901 0)
(-0.001456722219 0.003808444492 0)
(-0.002835276545 0.005612288528 0)
(-0.004603479318 0.007413869535 0)
(-0.006729350435 0.009147340757 0)
(-0.009179929612 0.01076583975 0)
(-0.01192100363 0.01223789484 0)
(-0.01491782534 0.01354406088 0)
(-0.01813546898 0.01467397062 0)
(-0.02153913381 0.01562383864 0)
(-0.02509441909 0.01639439693 0)
(-0.02876752688 0.01698923246 0)
(-0.03252538291 0.017413491 0)
(-0.03633568266 0.01767290792 0)
(-0.04016687671 0.01777312547 0)
(-0.04398811371 0.01771925673 0)
(-0.04776916039 0.01751565768 0)
(-0.05148031769 0.01716587072 0)
(-0.05509234999 0.01667270554 0)
(-0.05857644163 0.01603842546 0)
(-0.06190419201 0.01526501067 0)
(-0.06504765685 0.01435447236 0)
(-0.06797944034 0.01330919502 0)
(-0.07067283983 0.01213228689 0)
(-0.07310204203 0.01082792155 0)
(-0.07524236761 0.009401655934 0)
(-0.07707055921 0.007860712541 0)
(-0.07856510608 0.006214215571 0)
(-0.07970659799 0.0044733724 0)
(-0.08047809922 0.002651593404 0)
(-0.08086553341 0.000764544561 0)
(-0.08085807019 -0.001169871242 0)
(-0.08044850154 -0.003131606949 0)
(-0.07963359574 -0.005098642636 0)
(-0.0784144211 -0.007047234411 0)
(-0.07679662632 -0.008952237736 0)
(-0.07479066368 -0.01078750276 0)
(-0.0724119458 -0.01252633683 0)
(-0.06968092374 -0.01414202676 0)
(-0.06662307559 -0.01560841128 0)
(-0.06326879563 -0.01690049165 0)
(-0.05965317546 -0.01799506633 0)
(-0.05581567046 -0.01887137374 0)
(-0.05179964745 -0.01951172583 0)
(-0.04765181216 -0.01990211449 0)
(-0.04342151869 -0.02003277313 0)
(-0.03915996695 -0.01989867724 0)
(-0.0349192978 -0.01949997015 0)
(-0.03075160009 -0.01884230447 0)
(-0.02670784725 -0.01793709455 0)
(-0.02283678513 -0.01680168199 0)
(-0.01918379583 -0.01545942324 0)
(-0.01578976502 -0.0139397161 0)
(-0.01268998289 -0.01227798933 0)
(-0.009913110486 -0.01051568611 0)
(-0.007480245326 -0.008700277193 0)
(-0.005404123328 -0.006885341512 0)
(-0.003688502228 -0.005130753488 0)
(-0.002327751225 -0.003503017351 0)
(-0.001306569418 -0.002075763514 0)
(-0.0006002023733 -0.0009303457969 0)
(-0.000178364168 -0.000156869185 0)
(-3.103886431e-06 0.0001418122828 0)
(-3.673688243e-05 0.0008584423981 0)
(-0.0005992041553 0.002878090897 0)
(-0.001694785601 0.005064059032 0)
(-0.00327757417 0.007298245758 0)
(-0.005291270943 0.009492631545 0)
(-0.007694641164 0.01158167912 0)
(-0.01044723021 0.01351857724 0)
(-0.0135087612 0.01527189891 0)
(-0.0168396583 0.01682237955 0)
(-0.02040113977 0.0181600247 0)
(-0.02415528067 0.01928161026 0)
(-0.02806508887 0.0201885781 0)
(-0.03209454857 0.02088531668 0)
(-0.03620861753 0.02137780507 0)
(-0.04037318094 0.02167259093 0)
(-0.04455497074 0.02177606813 0)
(-0.04872146355 0.02169401729 0)
(-0.05284077218 0.02143137139 0)
(-0.0568815456 0.02099216906 0)
(-0.06081289125 0.0203796593 0)
(-0.0646043312 0.01959652328 0)
(-0.068225801 0.01864518145 0)
(-0.07164769736 0.01752815716 0)
(-0.07484097812 0.01624847104 0)
(-0.07777731511 0.0148100435 0)
(-0.08042929848 0.01321808616 0)
(-0.08277068916 0.01147946551 0)
(-0.08477671432 0.009603025024 0)
(-0.08642439975 0.007599854194 0)
(-0.08769293182 0.005483494911 0)
(-0.0885640409 0.003270077408 0)
(-0.08902239734 0.0009783795437 0)
(-0.0890560128 -0.001370195132 0)
(-0.08865663366 -0.003751723863 0)
(-0.0878201165 -0.006139960738 0)
(-0.08654677774 -0.008506622278 0)
(-0.08484170452 -0.01082175888 0)
(-0.08271501202 -0.01305421013 0)
(-0.08018203734 -0.01517213942 0)
(-0.07726345675 -0.0171436401 0)
(-0.07398531348 -0.01893740316 0)
(-0.07037894406 -0.02052343328 0)
(-0.06648079222 -0.02187379765 0)
(-0.06233210132 -0.02296338946 0)
(-0.05797847829 -0.02377068594 0)
(-0.05346932588 -0.02427847978 0)
(-0.04885714305 -0.02447456231 0)
(-0.04419669864 -0.02435233797 0)
(-0.03954408758 -0.02391135208 0)
(-0.03495568438 -0.02315771743 0)
(-0.03048701367 -0.02210443112 0)
(-0.02619156242 -0.02077157944 0)
(-0.02211956265 -0.01918643625 0)
(-0.01831677751 -0.01738346877 0)
(-0.01482332665 -0.01540427239 0)
(-0.011672589 -0.01329746313 0)
(-0.008890222912 -0.01111856133 0)
(-0.006493347007 -0.008929902325 0)
(-0.004489934311 -0.00680060997 0)
(-0.002878439418 -0.004806667943 0)
(-0.00164753663 -0.003031093942 0)
(-0.0007764978234 -0.001564134533 0)
(-0.0002407044625 -0.0005037667429 0)
(-6.917633606e-06 4.104502095e-05 0)
(-4.279439158e-05 0.001179289165 0)
(-0.0006844029199 0.003781326083 0)
(-0.001925249438 0.006495147986 0)
(-0.003707148742 0.009206631119 0)
(-0.005960926316 0.01183052852 0)
(-0.008636209369 0.01430336753 0)
(-0.01168499564 0.01657997504 0)
(-0.01506081243 0.01863032732 0)
(-0.01871910616 0.02043645378 0)
(-0.02261711667 0.02198961142 0)
(-0.02671372501 0.02328780667 0)
(-0.03096934229 0.02433368319 0)
(-0.03534579536 0.02513277875 0)
(-0.03980619573 0.02569214082 0)
(-0.04431479277 0.02601927949 0)
(-0.04883681678 0.02612142879 0)
(-0.05333832147 0.02600508285 0)
(-0.05778603663 0.02567577005 0)
(-0.06214724266 0.02513802746 0)
(-0.06638967723 0.02439553774 0)
(-0.07048148294 0.02345139215 0)
(-0.07439120255 0.02230844533 0)
(-0.07808782612 0.0209697305 0)
(-0.08154089186 0.01943890693 0)
(-0.08472064068 0.01772071484 0)
(-0.08759822239 0.01582141649 0)
(-0.09014594988 0.0137492054 0)
(-0.0923375966 0.01151456845 0)
(-0.09414873166 0.009130588486 0)
(-0.09555708586 0.006613176964 0)
(-0.09654294166 0.003981228199 0)
(-0.09708953874 0.00125668841 0)
(-0.09718349009 -0.001535465518 0)
(-0.0968151949 -0.00436734159 0)
(-0.09597923917 -0.007208348092 0)
(-0.09467477752 -0.0100255106 0)
(-0.09290588329 -0.01278388639 0)
(-0.09068185014 -0.01544707527 0)
(-0.08801743564 -0.0179778229 0)
(-0.08493303168 -0.02033870924 0)
(-0.08145474671 -0.02249291184 0)
(-0.07761438536 -0.02440503037 0)
(-0.07344931154 -0.02604195526 0)
(-0.06900218256 -0.02737376044 0)
(-0.06432054439 -0.0283745972 0)
(-0.05945628159 -0.02902356421 0)
(-0.05446491955 -0.02930552771 0)
(-0.0494047821 -0.02921186645 0)
(-0.04433601326 -0.02874111759 0)
(-0.03931947814 -0.02789950387 0)
(-0.03441556448 -0.02670132744 0)
(-0.02968291251 -0.02516922316 0)
(-0.02517710625 -0.02333427227 0)
(-0.02094936438 -0.02123598622 0)
(-0.01704527271 -0.01892217946 0)
(-0.01350360252 -0.01644875745 0)
(-0.01035526065 -0.01387945202 0)
(-0.00762242041 -0.01128553811 0)
(-0.005317891885 -0.008745566018 0)
(-0.003444744458 -0.006345140281 0)
(-0.001996010172 -0.004176743028 0)
(-0.000955145668 -0.00233950459 0)
(-0.0003030081571 -0.0009391792479 0)
(-1.049072341e-05 -9.07244375e-05 0)
(-4.854482376e-05 0.001542210499 0)
(-0.0007662460556 0.004797093906 0)
(-0.002147398786 0.0080964617 0)
(-0.004122238941 0.01133148781 0)
(-0.006609280522 0.0144212232 0)
(-0.009549273245 0.01730581079 0)
(-0.01288676967 0.01994317294 0)
(-0.01656911116 0.02230598373 0)
(-0.02054673196 0.02437866666 0)
(-0.02477285425 0.02615463051 0)
(-0.029203148 0.02763382424 0)
(-0.0337954489 0.02882063785 0)
(-0.03850949343 0.02972216081 0)
(-0.04330666035 0.03034679515 0)
(-0.04814971974 0.0307032077 0)
(-0.05300259388 0.03079959694 0)
(-0.05783013654 0.03064324313 0)
(-0.06259793883 0.03024030599 0)
(-0.06727216986 0.02959583202 0)
(-0.07181945955 0.02871393236 0)
(-0.07620682993 0.02759809315 0)
(-0.08040167903 0.02625158213 0)
(-0.08437181982 0.02467791787 0)
(-0.08808557487 0.0228813716 0)
(-0.0915119255 0.02086747502 0)
(-0.09462071303 0.01864351132 0)
(-0.09738288847 0.01621897025 0)
(-0.09977080623 0.01360595104 0)
(-0.1017585569 0.01081949995 0)
(-0.1033223335 0.007877871721 0)
(-0.1044408249 0.00480270561 0)
(-0.1050956302 0.001619108868 0)
(-0.1052716892 -0.001644358103 0)
(-0.1049577179 -0.00495579966 0)
(-0.1041466384 -0.008280212132 0)
(-0.1028359988 -0.01157982475 0)
(-0.1010283723 -0.01481454975 0)
(-0.09873171374 -0.01794254215 0)
(-0.09595966601 -0.02092086658 0)
(-0.09273179869 -0.02370626486 0)
(-0.08907376118 -0.02625601435 0)
(-0.08501733294 -0.02852886321 0)
(-0.08060035355 -0.03048602476 0)
(-0.07586651611 -0.03209220881 0)
(-0.07086501017 -0.03331666401 0)
(-0.06565000397 -0.03413420234 0)
(-0.06027996037 -0.03452617472 0)
(-0.05481678693 -0.03448136606 0)
(-0.04932482768 -0.03399677977 0)
(-0.04386971139 -0.03307828466 0)
(-0.03851707937 -0.0317411029 0)
(-0.03333122331 -0.03001012509 0)
(-0.0283736708 -0.02792004757 0)
(-0.02370176223 -0.02551533712 0)
(-0.01936726739 -0.02285003805 0)
(-0.01541509269 -0.01998744621 0)
(-0.01188213096 -0.01699968064 0)
(-0.008796308442 -0.01396718717 0)
(-0.006175893186 -0.01097820785 0)
(-0.004029069045 -0.008128246913 0)
(-0.002353551623 -0.005519528287 0)
(-0.001137066982 -0.003260339838 0)
(-0.0003657008513 -0.001464511046 0)
(-1.388420169e-05 -0.0002534213739 0)
(-5.401114409e-05 0.001945466527 0)
(-0.000844645633 0.005921145156 0)
(-0.002360699038 0.009862058034 0)
(-0.00452150281 0.01366579771 0)
(-0.007233869284 0.01725703679 0)
(-0.01043002575 0.02058091535 0)
(-0.01404729636 0.02359978522 0)
(-0.01802695928 0.02629023627 0)
(-0.02231450099 0.02864015051 0)
(-0.02685916451 0.0306459848 0)
(-0.03161344728 0.03231036058 0)
(-0.03653266547 0.03363999009 0)
(-0.04157454906 0.03464395451 0)
(-0.04669886052 0.03533233519 0)
(-0.05186704016 0.03571518594 0)
(-0.05704188193 0.03580182466 0)
(-0.06218724483 0.03560041441 0)
(-0.06726780572 0.03511779894 0)
(-0.07224885922 0.03435955415 0)
(-0.07709616941 0.03333021559 0)
(-0.08177587718 0.03203364249 0)
(-0.08625446515 0.03047348032 0)
(-0.09049878108 0.02865368668 0)
(-0.09447611868 0.02657908897 0)
(-0.09815435422 0.02425594586 0)
(-0.1015021358 0.02169248898 0)
(-0.1044891221 0.01889942454 0)
(-0.1070862664 0.01589037858 0)
(-0.1092661416 0.01268227193 0)
(-0.1110033028 0.009295613911 0)
(-0.1122746814 0.005754705159 0)
(-0.1130600061 0.002087741733 0)
(-0.1133422481 -0.00167318584 0)
(-0.1131080828 -0.005492204051 0)
(-0.1123483504 -0.009329885822 0)
(-0.1110585224 -0.01314360551 0)
(-0.1092391572 -0.01688801516 0)
(-0.1068963235 -0.02051564443 0)
(-0.1040419824 -0.02397762379 0)
(-0.1006943101 -0.02722452621 0)
(-0.09687793865 -0.03020731853 0)
(-0.09262409613 -0.03287840916 0)
(-0.08797062257 -0.03519277374 0)
(-0.08296184229 -0.03710913489 0)
(-0.07764827306 -0.03859116737 0)
(-0.07208615746 -0.03960869518 0)
(-0.06633680645 -0.04013884398 0)
(-0.06046575229 -0.04016711029 0)
(-0.05454171586 -0.03968830932 0)
(-0.04863540266 -0.03870736612 0)
(-0.04281815127 -0.03723991998 0)
(-0.03716046779 -0.03531271999 0)
(-0.03173048816 -0.03296379959 0)
(-0.02659241825 -0.03024242936 0)
(-0.02180500687 -0.02720885928 0)
(-0.01742011 -0.02393387257 0)
(-0.01348140503 -0.02049818191 0)
(-0.01002331563 -0.01699170388 0)
(-0.007070217422 -0.01351274814 0)
(-0.004635919575 -0.01016715545 0)
(-0.002723144437 -0.007067382031 0)
(-0.001323968351 -0.004331424501 0)
(-0.0004294956455 -0.00208183724 0)
(-1.717525441e-05 -0.0004472897884 0)
(-5.920588345e-05 0.002387287034 0)
(-0.0009194987984 0.007148975531 0)
(-0.002564660994 0.01178543394 0)
(-0.004903767606 0.01620167304 0)
(-0.007832563448 0.02032916535 0)
(-0.01127517125 0.02411929284 0)
(-0.01516198649 0.02754005931 0)
(-0.01942843458 0.03057310876 0)
(-0.02401519957 0.03321079768 0)
(-0.02886765204 0.03545350579 0)
(-0.03393520757 0.03730725638 0)
(-0.03917075488 0.03878167391 0)
(-0.04453012276 0.03988829425 0)
(-0.04997158321 0.0406392298 0)
(-0.05545539608 0.041046179 0)
(-0.06094339972 0.0411197591 0)
(-0.06639865203 0.04086913334 0)
(-0.07178512596 0.04030189707 0)
(-0.07706746319 0.03942418402 0)
(-0.08221078845 0.03824095156 0)
(-0.08718058609 0.03675640435 0)
(-0.09194263904 0.03497451687 0)
(-0.09646302908 0.03289961866 0)
(-0.1007081968 0.03053700929 0)
(-0.104645058 0.02789357461 0)
(-0.1082411744 0.02497837995 0)
(-0.1114649747 0.02180321975 0)
(-0.114286022 0.01838310717 0)
(-0.1166753271 0.01473668978 0)
(-0.1186057016 0.01088658013 0)
(-0.1200521498 0.0068595916 0)
(-0.1209922943 0.002686870883 0)
(-0.1214068351 -0.001596079873 0)
(-0.1212800393 -0.005949497389 0)
(-0.1206002356 -0.01032957714 0)
(-0.1193603316 -0.01468883011 0)
(-0.1175583359 -0.01897657331 0)
(-0.1151978572 -0.02313955869 0)
(-0.1122885762 -0.0271227431 0)
(-0.1088466672 -0.03087019698 0)
(-0.1048951447 -0.034326145 0)
(-0.100464113 -0.03743612647 0)
(-0.09559088941 -0.04014825722 0)
(-0.09031997689 -0.04241456801 0)
(-0.08470286102 -0.0441923878 0)
(-0.07879761012 -0.04544573393 0)
(-0.07266826378 -0.04614666622 0)
(-0.06638400164 -0.04627655849 0)
(-0.06001809443 -0.04582723997 0)
(-0.05364664955 -0.04480196118 0)
(-0.04734717536 -0.04321614361 0)
(-0.0411969999 -0.04109788085 0)
(-0.03527159086 -0.0384881703 0)
(-0.02964283271 -0.03544086715 0)
(-0.02437732424 -0.03202236719 0)
(-0.01953476326 -0.02831103839 0)
(-0.01516648526 -0.02439643278 0)
(-0.01131422401 -0.02037831797 0)
(-0.00800917145 -0.01636557041 0)
(-0.005271323403 -0.01247497218 0)
(-0.00310877798 -0.008829916658 0)
(-0.00151809589 -0.005558922317 0)
(-0.0004952938752 -0.002794225657 0)
(-2.044920562e-05 -0.0006730038767 0)
(-6.413210322e-05 0.002865851793 0)
(-0.0009906672718 0.008475828711 0)
(-0.002758767778 0.01385957774 0)
(-0.005267883696 0.01893045528 0)
(-0.008403343712 0.02362780633 0)
(-0.01208162745 0.02791038879 0)
(-0.01622656202 0.03175298205 0)
(-0.02076799713 0.03514334412 0)
(-0.0256420243 0.03807926673 0)
(-0.03079030487 0.04056589427 0)
(-0.03615930878 0.04261336725 0)
(-0.04169962283 0.04423481291 0)
(-0.04736530199 0.0454446956 0)
(-0.05311326544 0.04625752758 0)
(-0.05890274547 0.04668692905 0)
(-0.06469479498 0.04674501597 0)
(-0.07045185741 0.04644208602 0)
(-0.07613740252 0.04578656674 0)
(-0.08171562967 0.04478518581 0)
(-0.08715123975 0.04344332148 0)
(-0.09240927491 0.04176549113 0)
(-0.09745502499 0.03975593761 0)
(-0.102253998 0.03741927605 0)
(-0.1067719519 0.03476116782 0)
(-0.1109749841 0.03178899263 0)
(-0.1148296763 0.02851249437 0)
(-0.1183032908 0.0249443806 0)
(-0.1213640167 0.02110085917 0)
(-0.1239812633 0.01700209861 0)
(-0.1261260004 0.01267260126 0)
(-0.1277711438 0.008141479399 0)
(-0.1288919819 0.003442625369 0)
(-0.1294666469 -0.001385232493 0)
(-0.1294766341 -0.006298594682 0)
(-0.1289073308 -0.01124938666 0)
(-0.1277485883 -0.01618530286 0)
(-0.1259953173 -0.021050297 0)
(-0.1236480723 -0.02578522618 0)
(-0.1207136252 -0.03032865534 0)
(-0.1172055004 -0.03461782313 0)
(-0.1131444462 -0.03858976569 0)
(-0.1085588133 -0.04218258797 0)
(-0.103484809 -0.04533686565 0)
(-0.09796659378 -0.0479971518 0)
(-0.09205619079 -0.05011355437 0)
(-0.0858131785 -0.05164334179 0)
(-0.07930414525 -0.0525525269 0)
(-0.07260189152 -0.05281737366 0)
(-0.06578437647 -0.05242576839 0)
(-0.0589334182 -0.05137839773 0)
(-0.05213317093 -0.04968967999 0)
(-0.04546841666 -0.04738840513 0)
(-0.03902272242 -0.04451805085 0)
(-0.03287652627 -0.04113675785 0)
(-0.02710522385 -0.03731696432 0)
(-0.02177733254 -0.03314471738 0)
(-0.01695280982 -0.02871869443 0)
(-0.01268160338 -0.02414897887 0)
(-0.009002519535 -0.01955564135 0)
(-0.005942389543 -0.0150671804 0)
(-0.003515144636 -0.01081884081 0)
(-0.001722063302 -0.006950718889 0)
(-0.0005641198012 -0.00360595786 0)
(-2.379530323e-05 -0.0009317399818 0)
(-6.878462827e-05 0.003379266135 0)
(-0.001057970013 0.009896673519 0)
(-0.002942439584 0.01607697467 0)
(-0.005612645805 0.02184275447 0)
(-0.008944170632 0.02714222279 0)
(-0.01284634473 0.03194255552 0)
(-0.0172368319 0.03622634274 0)
(-0.02204023349 0.03998844037 0)
(-0.02718830802 0.04323297753 0)
(-0.03261921566 0.04597066465 0)
(-0.03827665425 0.04821645124 0)
(-0.04410906279 0.04998754843 0)
(-0.05006886951 0.05130182411 0)
(-0.05611179007 0.05217656778 0)
(-0.06219618704 0.05262761148 0)
(-0.0682824975 0.05266878359 0)
(-0.07433273295 0.05231166419 0)
(-0.08031005413 0.05156560458 0)
(-0.08617842129 0.05043796963 0)
(-0.09190231949 0.04893455952 0)
(-0.09744655666 0.04706016787 0)
(-0.1027761317 0.04481923503 0)
(-0.1078561688 0.04221655854 0)
(-0.1126519145 0.03925802739 0)
(-0.1171287941 0.03595135108 0)
(-0.1212525229 0.03230675947 0)
(-0.1249892719 0.02833765408 0)
(-0.1283058856 0.02406119482 0)
(-0.1311701505 0.01949880967 0)
(-0.1335511164 0.01467661663 0)
(-0.1354194698 0.009625748436 0)
(-0.1367479593 0.004382570688 0)
(-0.1375118731 -0.001011216168 0)
(-0.1376895901 -0.006508599425 0)
(-0.1372631393 -0.01205740848 0)
(-0.1362188303 -0.01760063037 0)
(-0.1345479257 -0.02307688267 0)
(-0.1322473191 -0.02842105594 0)
(-0.1293202196 -0.03356513723 0)
(-0.1257768153 -0.03843922024 0)
(-0.1216348865 -0.04297270277 0)
(-0.1169203345 -0.04709566456 0)
(-0.1116675906 -0.05074041056 0)
(-0.1059198642 -0.05384315428 0)
(-0.09972919205 -0.05634580535 0)
(-0.09315625222 -0.0581978142 0)
(-0.08626991113 -0.05935801699 0)
(-0.07914648211 -0.05979641514 0)
(-0.07186868481 -0.05949581887 0)
(-0.0645243101 -0.05845328262 0)
(-0.05720461092 -0.05668126334 0)
(-0.05000245767 -0.05420844178 0)
(-0.04301031318 -0.05108015977 0)
(-0.03631809778 -0.04735844497 0)
(-0.03001102655 -0.04312161536 0)
(-0.02416750753 -0.03846347756 0)
(-0.01885719026 -0.03349215393 0)
(-0.01413925434 -0.02832858992 0)
(-0.01006103723 -0.02310480489 0)
(-0.006656976193 -0.01796195675 0)
(-0.003947418787 -0.01304825738 0)
(-0.001938731514 -0.008516661847 0)
(-0.0006370772861 -0.004522679329 0)
(-2.730445928e-05 -0.00122522269 0)
(-7.315153755e-05 0.00392553627 0)
(-0.001121183732 0.01140616984 0)
(-0.003115022003 0.01842958743 0)
(-0.005936758503 0.02492845313 0)
(-0.009452920075 0.03086076781 0)
(-0.01356620939 0.03620308677 0)
(-0.01818856585 0.04094676413 0)
(-0.02323970712 0.04509466403 0)
(-0.02864735538 0.0486580945 0)
(-0.03434641157 0.05165408806 0)
(-0.04027800365 0.05410306462 0)
(-0.04638859929 0.05602688333 0)
(-0.05262916279 0.05744728466 0)
(-0.05895436524 0.05838471483 0)
(-0.06532186159 0.05885751528 0)
(-0.07169164287 0.05888145084 0)
(-0.07802546826 0.0584695428 0)
(-0.08428637901 0.05763216747 0)
(-0.09043829426 0.0563773769 0)
(-0.09644568667 0.05471139706 0)
(-0.1022733348 0.0526392592 0)
(-0.1078861477 0.05016552249 0)
(-0.1132490584 0.04729504986 0)
(-0.1183269796 0.04403380346 0)
(-0.12308482 0.04038963167 0)
(-0.1274875574 0.0363730243 0)
(-0.1315003663 0.03199781766 0)
(-0.1350888004 0.02728183475 0)
(-0.1382190304 0.02224744906 0)
(-0.1408581397 0.01692206204 0)
(-0.1429744803 0.01133848526 0)
(-0.1445380913 0.005535217639 0)
(-0.1455211777 -0.0004433925925 0)
(-0.145898689 -0.006547114718 0)
(-0.1456489092 -0.01271992975 0)
(-0.1447541417 -0.01890029725 0)
(-0.1432014624 -0.02502159191 0)
(-0.1409834944 -0.03101272454 0)
(-0.1380992128 -0.0367989655 0)
(-0.1345547479 -0.04230298232 0)
(-0.1303641564 -0.04744609743 0)
(-0.1255501224 -0.05214976418 0)
(-0.1201445458 -0.05633724945 0)
(-0.1141889709 -0.05993549948 0)
(-0.1077348082 -0.06287715202 0)
(-0.1008433026 -0.06510264422 0)
(-0.09358520589 -0.06656235183 0)
(-0.0860401211 -0.06721868377 0)
(-0.07829549973 -0.06704804716 0)
(-0.07044528759 -0.066042594 0)
(-0.06258823604 -0.06421166213 0)
(-0.05482591597 -0.06158283124 0)
(-0.04726049297 -0.05820252931 0)
(-0.0399923418 -0.0541361457 0)
(-0.03311759344 -0.04946763232 0)
(-0.02672571801 -0.04429860216 0)
(-0.02089724845 -0.03874696164 0)
(-0.01570175091 -0.03294513654 0)
(-0.01119615768 -0.02703797003 0)
(-0.007423436668 -0.02118038451 0)
(-0.004411094241 -0.01553486769 0)
(-0.00217112383 -0.01026872447 0)
(-0.0007153211366 -0.005551499613 0)
(-3.106823485e-05 -0.001555754087 0)
(-7.721544938e-05 0.004502546964 0)
(-0.001180047838 0.01299863266 0)
(-0.003275789554 0.02090882681 0)
(-0.006238831527 0.02817669258 0)
(-0.009927364546 0.03477088644 0)
(-0.01423800796 0.04067822874 0)
(-0.01907744172 0.04589971265 0)
(-0.02436089173 0.05044704798 0)
(-0.03001236695 0.05433950112 0)
(-0.03596377505 0.05760113384 0)
(-0.04215389648 0.06025846272 0)
(-0.04852741969 0.0623385367 0)
(-0.05503401881 0.06386742635 0)
(-0.06162748564 0.06486911129 0)
(-0.06826493201 0.06536474328 0)
(-0.07490607197 0.06537225481 0)
(-0.08151258915 0.06490627615 0)
(-0.08804759107 0.06397831859 0)
(-0.09447514984 0.06259717843 0)
(-0.1007599263 0.06076951535 0)
(-0.1068668737 0.05850055963 0)
(-0.1127610151 0.05579490596 0)
(-0.1184072902 0.05265735547 0)
(-0.1237704657 0.04909377323 0)
(-0.1288151062 0.04511193366 0)
(-0.1335056018 0.04072233222 0)
(-0.1378062521 0.03593894619 0)
(-0.1416814074 0.03077993153 0)
(-0.1450956685 0.02526824556 0)
(-0.1480141504 0.01943218684 0)
(-0.1504028138 0.01330584357 0)
(-0.1522288692 0.006929441307 0)
(-0.1534612532 0.0003495784071 0)
(-0.1540712155 -0.006380662073 0)
(-0.154032961 -0.01320174361 0)
(-0.1533243585 -0.02004785842 0)
(-0.1519277844 -0.02684731013 0)
(-0.1498309943 -0.03352309042 0)
(-0.1470280513 -0.03999367933 0)
(-0.1435202793 -0.04617408893 0)
(-0.1393172064 -0.0519771631 0)
(-0.1344374572 -0.05731513815 0)
(-0.1289095472 -0.06210145808 0)
(-0.122772523 -0.06625282442 0)
(-0.1160763925 -0.06969144481 0)
(-0.1088822861 -0.07234742693 0)
(-0.1012622943 -0.07416124669 0)
(-0.0932989369 -0.07508620367 0)
(-0.08508423079 -0.07509076345 0)
(-0.07671834231 -0.07416067885 0)
(-0.06830783361 -0.07230078043 0)
(-0.05996353647 -0.0695363339 0)
(-0.05179811433 -0.06591387708 0)
(-0.04392339771 -0.06150147291 0)
(-0.03644759905 -0.05638834527 0)
(-0.02947252687 -0.05068389893 0)
(-0.02309092374 -0.04451616073 0)
(-0.01738405478 -0.038029711 0)
(-0.01241968485 -0.03138320163 0)
(-0.008250421562 -0.02474657876 0)
(-0.004911863133 -0.01829810013 0)
(-0.002422365814 -0.0122211114 0)
(-0.0008000380559 -0.006701056957 0)
(-3.517843484e-05 -0.001926232059 0)
(-8.095494345e-05 0.005108043151 0)
(-0.00123427254 0.01466800036 0)
(-0.003423959422 0.02350552273 0)
(-0.006517395829 0.03157585465 0)
(-0.01036518747 0.03885910898 0)
(-0.01485843673 0.04535318064 0)
(-0.01989904921 0.0510694984 0)
(-0.02539817007 0.0560293816 0)
(-0.03127643557 0.06026077063 0)
(-0.03746304118 0.06379541206 0)
(-0.04389465451 0.06666650677 0)
(-0.0505143859 0.06890680891 0)
(-0.05727079866 0.0705471614 0)
(-0.06411697303 0.07161544753 0)
(-0.07100964187 0.07213593069 0)
(-0.07790840896 0.07212894737 0)
(-0.08477505545 0.07161091228 0)
(-0.09157293681 0.07059459026 0)
(-0.09826646878 0.06908958679 0)
(-0.1048206992 0.06710300902 0)
(-0.1112009606 0.06464025056 0)
(-0.1173725978 0.06170585726 0)
(-0.1233007644 0.05830443583 0)
(-0.1289502832 0.05444157336 0)
(-0.1342855665 0.05012474153 0)
(-0.1392705935 0.04536416528 0)
(-0.1438689449 0.04017364097 0)
(-0.1480438959 0.03457129272 0)
(-0.1517585721 0.02858025852 0)
(-0.1549761732 0.02222929881 0)
(-0.1576602723 0.01555332011 0)
(-0.1597751976 0.008593804395 0)
(-0.1612864968 0.001399131968 0)
(-0.1621615259 -0.005975214413 0)
(-0.1623701302 -0.01346658699 0)
(-0.1618853754 -0.02100526318 0)
(-0.1606844703 -0.02851474013 0)
(-0.1587497345 -0.03591224227 0)
(-0.1560696515 -0.04310947172 0)
(-0.1526399759 -0.05001363161 0)
(-0.14846486 -0.05652874367 0)
(-0.1435579568 -0.0625572737 0)
(-0.1379434441 -0.06800206612 0)
(-0.1316569094 -0.0727685736 0)
(-0.124746028 -0.07676734895 0)
(-0.1172709611 -0.07991674493 0)
(-0.1093044073 -0.08214574568 0)
(-0.1009312435 -0.08339683162 0)
(-0.09224770781 -0.083628761 0)
(-0.08336009525 -0.08281913832 0)
(-0.07438296443 -0.08096663423 0)
(-0.06543688161 -0.07809272583 0)
(-0.05664576282 -0.07424284176 0)
(-0.04813390534 -0.06948682268 0)
(-0.04002282808 -0.06391864353 0)
(-0.0324280601 -0.05765538706 0)
(-0.02545602549 -0.05083550347 0)
(-0.01920117807 -0.04361643469 0)
(-0.0137435528 -0.03617172028 0)
(-0.009146720111 -0.02868773395 0)
(-0.00545552339 -0.02136017672 0)
(-0.002695641863 -0.0143903198 0)
(-0.0008924341995 -0.007981557436 0)
(-3.972722897e-05 -0.002340161541 0)
(-8.43457574e-05 0.005739616554 0)
(-0.001283548821 0.01640781157 0)
(-0.003558712468 0.02620990299 0)
(-0.006770934714 0.03511354837 0)
(-0.01076402199 0.04311104637 0)
(-0.01542414586 0.05021209527 0)
(-0.02064893779 0.05643927451 0)
(-0.02634588534 0.06182420112 0)
(-0.03243260224 0.06640413903 0)
(-0.03883586012 0.07021912118 0)
(-0.04549045339 0.07330957908 0)
(-0.05233811805 0.07571445852 0)
(-0.05932648628 0.07746979892 0)
(-0.06640809268 0.07860774873 0)
(-0.07353945186 0.07915598286 0)
(-0.08068021922 0.07913748195 0)
(-0.08779244139 0.07857062793 0)
(-0.09483989844 0.07746956669 0)
(-0.1017875366 0.07584478706 0)
(-0.1086009876 0.07370386569 0)
(-0.1152461695 0.07105232996 0)
(-0.1216889619 0.0678945958 0)
(-0.1278949496 0.0642349426 0)
(-0.1338292301 0.06007849423 0)
(-0.1394562786 0.05543218159 0)
(-0.1447398714 0.05030566859 0)
(-0.149643065 0.04471222859 0)
(-0.1541282364 0.03866956239 0)
(-0.1581571866 0.03220055157 0)
(-0.1616913182 0.02533394149 0)
(-0.1646918927 0.0181049481 0)
(-0.167120381 0.01055577965 0)
(-0.1689389053 0.002736060421 0)
(-0.1701108153 -0.005296858009 0)
(-0.170601401 -0.01347771574 0)
(-0.1703786326 -0.02173332548 0)
(-0.1694141487 -0.02998274808 0)
(-0.1676843161 -0.03813770205 0)
(-0.1651713999 -0.04610323301 0)
(-0.1618648259 -0.05377868443 0)
(-0.1577624977 -0.0610590023 0)
(-0.152872123 -0.06783639783 0)
(-0.1472124918 -0.07400237984 0)
(-0.1408146387 -0.07945015177 0)
(-0.1337228099 -0.08407734644 0)
(-0.1259951492 -0.08778904633 0)
(-0.1177040179 -0.09050100963 0)
(-0.1089358673 -0.09214299395 0)
(-0.09979059237 -0.09266204399 0)
(-0.09038032223 -0.0920255894 0)
(-0.08082762534 -0.09022418721 0)
(-0.07126314695 -0.08727374377 0)
(-0.06182273418 -0.08321706473 0)
(-0.0526441448 -0.07812460995 0)
(-0.04386347259 -0.07209437228 0)
(-0.0356114507 -0.06525085081 0)
(-0.02800980938 -0.05774314789 0)
(-0.021167875 -0.04974227606 0)
(-0.01517961452 -0.04143781458 0)
(-0.01012112721 -0.03303410093 0)
(-0.00604790539 -0.02474612645 0)
(-0.002994163166 -0.01679516482 0)
(-0.00099372694 -0.00940479536 0)
(-4.48074623e-05 -0.002801661288 0)
(-8.73621675e-05 0.00639469809 0)
(-0.001327560179 0.01821119379 0)
(-0.00367921967 0.02901158565 0)
(-0.006997926359 0.03877660945 0)
(-0.01112150863 0.0475113964 0)
(-0.01593181049 0.05523808851 0)
(-0.02132269982 0.0619910445 0)
(-0.02719843566 0.06781278778 0)
(-0.03347396202 0.0727504868 0)
(-0.04007391537 0.07685300618 0)
(-0.046931455 0.08016851106 0)
(-0.05398714308 0.08274259438 0)
(-0.06118785564 0.08461689646 0)
(-0.06848574169 0.08582818217 0)
(-0.0758372514 0.08640783531 0)
(-0.08320224653 0.0863817242 0)
(-0.09054319984 0.08577038817 0)
(-0.09782448629 0.08458949171 0)
(-0.1050117646 0.08285049222 0)
(-0.1120714452 0.08056146882 0)
(-0.1189702385 0.07772806309 0)
(-0.1256747777 0.07435448809 0)
(-0.1321513074 0.0704445685 0)
(-0.1383654352 0.06600278203 0)
(-0.14428194 0.06103527939 0)
(-0.1498646362 0.05555086701 0)
(-0.1550762944 0.04956194195 0)
(-0.1598786219 0.04308537293 0)
(-0.1642323094 0.03614332345 0)
(-0.1680971526 0.02876401389 0)
(-0.1714322602 0.02098241799 0)
(-0.1741963609 0.01284088636 0)
(-0.1763482121 0.004389683426 0)
(-0.1778471448 -0.004312578869 0)
(-0.1786538 -0.01319862233 0)
(-0.1787308587 -0.02219235079 0)
(-0.1780440761 -0.03120887695 0)
(-0.1765634234 -0.04015480241 0)
(-0.1742643635 -0.04892877044 0)
(-0.1711292622 -0.05742234642 0)
(-0.1671488952 -0.06552127122 0)
(-0.1623240075 -0.0731071245 0)
(-0.1566668661 -0.0800594236 0)
(-0.1502027289 -0.08625816486 0)
(-0.1429711448 -0.09158679091 0)
(-0.1350269812 -0.09593553734 0)
(-0.1264410772 -0.09920507897 0)
(-0.1173004154 -0.1013103599 0)
(-0.1077077197 -0.1021844573 0)
(-0.09778040553 -0.1017822991 0)
(-0.08764884055 -0.1000840369 0)
(-0.07745391398 -0.09709786626 0)
(-0.0673439613 -0.09286210161 0)
(-0.05747114104 -0.08744633609 0)
(-0.04798740923 -0.08095156956 0)
(-0.03904027664 -0.07350924737 0)
(-0.03076855864 -0.06527922652 0)
(-0.02329834577 -0.05644676049 0)
(-0.01673944608 -0.04721866567 0)
(-0.01118232543 -0.0378188967 0)
(-0.006694810225 -0.02848375093 0)
(-0.003321142603 -0.01945677547 0)
(-0.001105139501 -0.01098415941 0)
(-5.051324594e-05 -0.003315467869 0)
(-8.997817585e-05 0.007070556703 0)
(-0.001365995448 0.020070866 0)
(-0.003784672911 0.0318995889 0)
(-0.007196895365 0.04255111816 0)
(-0.0114353679 0.05204396768 0)
(-0.01637822366 0.06041326548 0)
(-0.02191608264 0.06770568491 0)
(-0.02795040431 0.0739751809 0)
(-0.03439381217 0.07927933569 0)
(-0.04116909022 0.08367633266 0)
(-0.04820799323 0.08722252876 0)
(-0.05545010154 0.08997058744 0)
(-0.06284170075 0.09196813356 0)
(-0.07033470449 0.0932568888 0)
(-0.07788564238 0.09387224038 0)
(-0.08545472728 0.09384319129 0)
(-0.09300500951 0.09319263664 0)
(-0.1005016211 0.09193790839 0)
(-0.1079111091 0.09009153099 0)
(-0.1152008537 0.08766213317 0)
(-0.1223385651 0.08465546512 0)
(-0.1292918531 0.08107547728 0)
(-0.1360278612 0.07692542397 0)
(-0.1425129605 0.07220896345 0)
(-0.1487124991 0.06693123371 0)
(-0.1545906053 0.06109989055 0)
(-0.1601100458 0.05472610037 0)
(-0.1652321426 0.04782548426 0)
(-0.1699167562 0.04041901234 0)
(-0.1741223448 0.03253384766 0)
(-0.1778061121 0.02420413738 0)
(-0.1809242599 0.01547174535 0)
(-0.1834323509 0.006386913258 0)
(-0.1852858023 -0.002991169203 0)
(-0.1864406313 -0.01259389517 0)
(-0.1868541554 -0.02234292446 0)
(-0.186486048 -0.03215003852 0)
(-0.1852995451 -0.04191725548 0)
(-0.1832628072 -0.05153722694 0)
(-0.1803504652 -0.06089398462 0)
(-0.1765453107 -0.06986409602 0)
(-0.1718400914 -0.07831828208 0)
(-0.166239349 -0.08612353907 0)
(-0.1597612249 -0.09314578842 0)
(-0.1524391328 -0.09925305275 0)
(-0.1443231866 -0.1043191227 0)
(-0.1354812557 -0.1082276395 0)
(-0.1259995188 -0.1108764729 0)
(-0.1159823912 -0.1121822313 0)
(-0.1055517211 -0.1120846969 0)
(-0.09484518194 -0.1105509491 0)
(-0.08401383289 -0.107578923 0)
(-0.07321887827 -0.1032001521 0)
(-0.06262771717 -0.09748147419 0)
(-0.05240943901 -0.09052552957 0)
(-0.04272997502 -0.08246995645 0)
(-0.03374715378 -0.0734852771 0)
(-0.02560593821 -0.06377156536 0)
(-0.01843415435 -0.05355408138 0)
(-0.01233877304 -0.04307814727 0)
(-0.007401953839 -0.03260354484 0)
(-0.003679773658 -0.02239856384 0)
(-0.001227897102 -0.01273462711 0)
(-5.694058056e-05 -0.003886937926 0)
(-9.216892248e-05 0.007764305183 0)
(-0.001398562907 0.02197915743 0)
(-0.003874319285 0.03486236227 0)
(-0.007366471625 0.04642244056 0)
(-0.01170348519 0.05669172716 0)
(-0.01676040704 0.06571876935 0)
(-0.02242512438 0.07356299001 0)
(-0.02859671996 0.08029021213 0)
(-0.03518583622 0.08596886662 0)
(-0.04211367574 0.09066688263 0)
(-0.04931080666 0.09444922125 0)
(-0.05671600633 0.09737600702 0)
(-0.06427512237 0.09950121201 0)
(-0.07193997012 0.1008718441 0)
(-0.07966728966 0.1015275859 0)
(-0.08741777752 0.1015008261 0)
(-0.0951552017 0.1008170232 0)
(-0.1028456037 0.0994953386 0)
(-0.1104565867 0.09754947789 0)
(-0.1179566868 0.09498868386 0)
(-0.12531482 0.09181882798 0)
(-0.1324997993 0.08804355678 0)
(-0.139479915 0.08366545668 0)
(-0.1462225707 0.07868721036 0)
(-0.1526939735 0.07311272607 0)
(-0.1588588747 0.06694822903 0)
(-0.1646803628 0.06020331027 0)
(-0.1701197142 0.05289193265 0)
(-0.1751363075 0.04503339605 0)
(-0.1796876129 0.03665326396 0)
(-0.1837292717 0.02778425177 0)
(-0.1872152809 0.01846707314 0)
(-0.1900982967 0.008751233781 0)
(-0.1923300608 -0.001304247873 0)
(-0.1938621202 -0.01163021459 0)
(-0.1946465001 -0.02214686073 0)
(-0.1946367342 -0.03276338895 0)
(-0.1937891146 -0.04337792555 0)
(-0.1920641152 -0.0538777193 0)
(-0.189428049 -0.06413970538 0)
(-0.1858549269 -0.07403150934 0)
(-0.181328479 -0.08341296201 0)
(-0.1758442856 -0.09213818773 0)
(-0.1694119372 -0.1000583113 0)
(-0.1620571196 -0.1070248023 0)
(-0.153823498 -0.1128934396 0)
(-0.1447742505 -0.1175288313 0)
(-0.1349930954 -0.1208093725 0)
(-0.1245846505 -0.122632467 0)
(-0.1136739817 -0.1229197804 0)
(-0.1024052273 -0.1216222486 0)
(-0.09093923507 -0.118724532 0)
(-0.07945021457 -0.114248601 0)
(-0.06812148457 -0.108256161 0)
(-0.05714047493 -0.1008496788 0)
(-0.04669321747 -0.09217185828 0)
(-0.0369586164 -0.08240352391 0)
(-0.02810283458 -0.07175999194 0)
(-0.02027417824 -0.06048613448 0)
(-0.01359859055 -0.04885046119 0)
(-0.00817491194 -0.03713857075 0)
(-0.004073210455 -0.02564616879 0)
(-0.001363223895 -0.01467274891 0)
(-6.418815193e-05 -0.004522049278 0)
(-9.391191715e-05 0.008472913432 0)
(-0.00142500512 0.023928044 0)
(-0.003947498397 0.03788784163 0)
(-0.007505455301 0.0503752969 0)
(-0.01192400571 0.061436876 0)
(-0.01707573656 0.07113485856 0)
(-0.02284631 0.07954174389 0)
(-0.02913284229 0.08673556669 0)
(-0.03584431873 0.09279596421 0)
(-0.04290061456 0.09780097717 0)
(-0.05023131191 0.1018245368 0)
(-0.0577745469 0.1049345867 0)
(-0.06547586512 0.1071917879 0)
(-0.07328710482 0.1086487536 0)
(-0.08116533251 0.1093497516 0)
(-0.08907184683 0.1093308127 0)
(-0.09697126067 0.1086201767 0)
(-0.1048306659 0.1072390112 0)
(-0.1126188806 0.1052023353 0)
(-0.1203057761 0.1025200907 0)
(-0.1278616767 0.09919830516 0)
(-0.1352568269 0.09524030365 0)
(-0.1424609178 0.09064793148 0)
(-0.1494426685 0.08542276423 0)
(-0.1561694557 0.07956728771 0)
(-0.1626069929 0.0730860397 0)
(-0.1687190577 0.06598671208 0)
(-0.1744672732 0.05828121614 0)
(-0.17981095 0.04998671645 0)
(-0.1847070007 0.04112663876 0)
(-0.1891099407 0.03173165512 0)
(-0.1929719956 0.02184064548 0)
(-0.1962433276 0.01150162776 0)
(-0.1988723894 0.0007726372747 0)
(-0.2008065269 -0.0102774667 0)
(-0.2019927398 -0.02156830071 0)
(-0.2023785174 -0.03300738409 0)
(-0.201913159 -0.04448981028 0)
(-0.2005492183 -0.05589820956 0)
(-0.1982442399 -0.06710307776 0)
(-0.194962757 -0.07796356717 0)
(-0.1906785223 -0.0883288308 0)
(-0.1853769237 -0.09804000597 0)
(-0.1790575093 -0.1069329092 0)
(-0.1717365158 -0.1148414887 0)
(-0.1634492612 -0.1216020421 0)
(-0.1542522349 -0.1270581555 0)
(-0.1442246978 -0.1310662563 0)
(-0.133469592 -0.1335016009 0)
(-0.1221135695 -0.1342644462 0)
(-0.1103059769 -0.1332860842 0)
(-0.09821668406 -0.1305343731 0)
(-0.08603271867 -0.1260183701 0)
(-0.07395376301 -0.1197916887 0)
(-0.06218666705 -0.1119542543 0)
(-0.05093923416 -0.1026522271 0)
(-0.04041361474 -0.0920759971 0)
(-0.03079971247 -0.08045630322 0)
(-0.02226907424 -0.06805869717 0)
(-0.01496943922 -0.05517672869 0)
(-0.00901906166 -0.04212428608 0)
(-0.004504546979 -0.02922737336 0)
(-0.001512339735 -0.01681662177 0)
(-7.235807491e-05 -0.005227400991 0)
(-9.518850492e-05 0.009193229606 0)
(-0.001445114777 0.02590920381 0)
(-0.004003682128 0.04096353068 0)
(-0.007612886871 0.05439386042 0)
(-0.01209543794 0.0662609577 0)
(-0.01732208043 0.0766410166 0)
(-0.02317674385 0.08561982512 0)
(-0.02955496876 0.09328787638 0)
(-0.03636438571 0.09973629283 0)
(-0.04352377484 0.1050535309 0)
(-0.05096191157 0.1093228118 0)
(-0.05861643238 0.1126202241 0)
(-0.06643269771 0.1150134403 0)
(-0.07436267233 0.1165609879 0)
(-0.0823638486 0.1173120093 0)
(-0.09039823047 0.1173064395 0)
(-0.09843138895 0.11657553 0)
(-0.1064315948 0.1151426477 0)
(-0.114369029 0.1130242779 0)
(-0.1222150694 0.1102311698 0)
(-0.1299416462 0.1067695685 0)
(-0.1375206617 0.102642488 0)
(-0.1449234668 0.09785098939 0)
(-0.1521203874 0.09239544148 0)
(-0.1590802983 0.08627674752 0)
(-0.1657702403 0.07949753393 0)
(-0.1721550828 0.07206330176 0)
(-0.1781972356 0.06398354721 0)
(-0.1838564162 0.05527286018 0)
(-0.1890894846 0.04595200949 0)
(-0.1938503594 0.0360490218 0)
(-0.1980900349 0.02560025641 0)
(-0.2017567178 0.01465147147 0)
(-0.2047960857 0.003258864404 0)
(-0.2071517741 -0.008509934095 0)
(-0.2087661322 -0.02057493196 0)
(-0.2095809055 -0.03284299817 0)
(-0.209538539 -0.04520722429 0)
(-0.2085836198 -0.05754661448 0)
(-0.2066646468 -0.0697261252 0)
(-0.2037361286 -0.08159717601 0)
(-0.1997609909 -0.09299874531 0)
(-0.194713257 -0.1037591637 0)
(-0.1885809337 -0.1136987084 0)
(-0.1813690007 -0.1226330802 0)
(-0.1731023578 -0.1303778049 0)
(-0.1638285461 -0.1367535459 0)
(-0.1536200256 -0.1415922432 0)
(-0.1425757662 -0.144743905 0)
(-0.1308219075 -0.1460837869 0)
(-0.1185112619 -0.1455196005 0)
(-0.1058214848 -0.1429983178 0)
(-0.09295181988 -0.1385120902 0)
(-0.08011843068 -0.1321027953 0)
(-0.06754845894 -0.1238647752 0)
(-0.05547307778 -0.1139454285 0)
(-0.04411992106 -0.1025434772 0)
(-0.0337053707 -0.08990491571 0)
(-0.02442727883 -0.07631686184 0)
(-0.01645838584 -0.06209973924 0)
(-0.009939516083 -0.04759831737 0)
(-0.004976793264 -0.03317199333 0)
(-0.001676456274 -0.01918585139 0)
(-8.155672757e-05 -0.006010212239 0)
(-9.598514303e-05 0.009922009475 0)
(-0.001458750986 0.02791409281 0)
(-0.004042516523 0.04407661054 0)
(-0.007688121462 0.05846188942 0)
(-0.01221676418 0.07114500187 0)
(-0.01749794757 0.0822160984 0)
(-0.02341433643 0.09177434769 0)
(-0.02986025921 0.09992284862 0)
(-0.03674226658 0.1067644083 0)
(-0.0439782493 0.1123981418 0)
(-0.05149633068 0.1169168359 0)
(-0.05923376655 0.1204050195 0)
(-0.06713582873 0.1229376803 0)
(-0.07515469337 0.1245795619 0)
(-0.08324836132 0.1253849708 0)
(-0.09137962952 0.125398016 0)
(-0.0995151262 0.1246532044 0)
(-0.1076244167 0.1231763135 0)
(-0.1156791818 0.1209854699 0)
(-0.1236524677 0.1180923647 0)
(-0.1315180012 0.1145035508 0)
(-0.1392495655 0.1102217741 0)
(-0.1468204294 0.1052473042 0)
(-0.154202824 0.09957924087 0)
(-0.1613674614 0.09321678522 0)
(-0.1682830946 0.08616047033 0)
(-0.1749161164 0.07841335747 0)
(-0.1812302032 0.06998220641 0)
(-0.1871860066 0.06087863255 0)
(-0.1927409066 0.05112026323 0)
(-0.1978488367 0.04073190383 0)
(-0.2024602029 0.02974672026 0)
(-0.2065219162 0.01820743714 0)
(-0.2099775418 0.006167538051 0)
(-0.2127676438 -0.006307554494 0)
(-0.2148304865 -0.01913930733 0)
(-0.2161025728 -0.03223508323 0)
(-0.2165198445 -0.04548716867 0)
(-0.2160190953 -0.05877214621 0)
(-0.2145397169 -0.07195059077 0)
(-0.2120258464 -0.08486722981 0)
(-0.2084289028 -0.09735170449 0)
(-0.2037104938 -0.1092200733 0)
(-0.1978456418 -0.1202771982 0)
(-0.1908262352 -0.1303201361 0)
(-0.1826645609 -0.1391426233 0)
(-0.173396723 -0.1465406851 0)
(-0.1630857016 -0.1523193172 0)
(-0.1518237659 -0.1563000923 0)
(-0.139733936 -0.1583294186 0)
(-0.1269701931 -0.1582870648 0)
(-0.113716184 -0.156094449 0)
(-0.1001822472 -0.1517221119 0)
(-0.08660071223 -0.1451957613 0)
(-0.07321957587 -0.1366003075 0)
(-0.06029482263 -0.1260814122 0)
(-0.04808181413 -0.1138442526 0)
(-0.03682631273 -0.1001494325 0)
(-0.02675584121 -0.08530623672 0)
(-0.01807174884 -0.06966370866 0)
(-0.01094104865 -0.0536001758 0)
(-0.005492847122 -0.03751173319 0)
(-0.001856771603 -0.02180150109 0)
(-9.189545987e-05 -0.006878319423 0)
(-9.629489608e-05 0.0106559543 0)
(-0.001465856318 0.02993404169 0)
(-0.004063865379 0.04721407938 0)
(-0.007730906741 0.06256289466 0)
(-0.01228755699 0.07606970655 0)
(-0.01760264466 0.08783851625 0)
(-0.02355800248 0.09798184165 0)
(-0.03004707477 0.1066154347 0)
(-0.03697557327 0.1138539084 0)
(-0.04426067402 0.1198072206 0)
(-0.05182997542 0.124577957 0)
(-0.05962044757 0.1282593546 0)
(-0.06757734917 0.1309340043 0)
(-0.07565313447 0.1326731615 0)
(-0.08380637913 0.1335365885 0)
(-0.09200074632 0.1335728475 0)
(-0.1002040073 0.1328199585 0)
(-0.1083871257 0.131306341 0)
(-0.1165234078 0.1290519615 0)
(-0.1245877204 0.1260696154 0)
(-0.1325557692 0.1223662856 0)
(-0.1404034353 0.1179445284 0)
(-0.1481061614 0.1128038534 0)
(-0.1556383817 0.106942073 0)
(-0.1629729914 0.1003566129 0)
(-0.1700808523 0.09304578081 0)
(-0.1769303325 0.08501000167 0)
(-0.1834868839 0.07625303098 0)
(-0.1897126613 0.0667831629 0)
(-0.1955661921 0.05661444872 0)
(-0.2010021081 0.04576794078 0)
(-0.20597096 0.03427297256 0)
(-0.2104191341 0.02216848 0)
(-0.2142888797 0.009504355348 0)
(-0.217518486 -0.003657188248 0)
(-0.2200428821 -0.01724021702 0)
(-0.2217940374 -0.03115382864 0)
(-0.222701976 -0.04529085309 0)
(-0.2226961183 -0.05952686102 0)
(-0.2217069433 -0.07371946566 0)
(-0.2196681214 -0.0877080615 0)
(-0.2165191169 -0.1013141593 0)
(-0.2122082648 -0.1143424891 0)
(-0.2066962929 -0.1265830501 0)
(-0.1999602139 -0.1378142809 0)
(-0.1919974541 -0.1478074925 0)
(-0.1828300186 -0.1563326553 0)
(-0.1725084274 -0.1631655418 0)
(-0.1611150944 -0.168096116 0)
(-0.1487667779 -0.1709379149 0)
(-0.1356157182 -0.1715380149 0)
(-0.1218491103 -0.1697870207 0)
(-0.1076866369 -0.1656283896 0)
(-0.09337592266 -0.1590663311 0)
(-0.0791859523 -0.1501715246 0)
(-0.06539869966 -0.1390839946 0)
(-0.05229942331 -0.1260126797 0)
(-0.04016628292 -0.1112315046 0)
(-0.02926012162 -0.09507210408 0)
(-0.01981492201 -0.07791370518 0)
(-0.01202800461 -0.06017090606 0)
(-0.006055459719 -0.04228000448 0)
(-0.002054463069 -0.0246860246 0)
(-0.0001034913059 -0.007840170738 0)
(-9.61187273e-05 0.01139175744 0)
(-0.001466474083 0.03196037463 0)
(-0.004067855372 0.0503629233 0)
(-0.007741463926 0.06668034413 0)
(-0.01230810073 0.08101566105 0)
(-0.01763644048 0.09348646795 0)
(-0.02360786875 0.1042184761 0)
(-0.03011522851 0.1133400398 0)
(-0.03706359275 0.1209776244 0)
(-0.04436956233 0.1272521602 0)
(-0.05196030805 0.1322762272 0)
(-0.05977258459 0.1361520147 0)
(-0.06775169288 0.1389699923 0)
(-0.07585041517 0.1408082194 0)
(-0.08402795429 0.1417322107 0)
(-0.09224890059 0.1417952705 0)
(-0.1004822433 0.141039206 0)
(-0.1087004375 0.1394953302 0)
(-0.1168785314 0.1371856729 0)
(-0.1249933547 0.1341243251 0)
(-0.1330227664 0.1303188548 0)
(-0.1409449545 0.1257717449 0)
(-0.1487377848 0.1204818186 0)
(-0.1563781892 0.1144456291 0)
(-0.163841591 0.1076588054 0)
(-0.1711013611 0.1001173538 0)
(-0.1781283042 0.0918189266 0)
(-0.1848901749 0.08276407067 0)
(-0.1913512268 0.07295747728 0)
(-0.1974718017 0.06240925192 0)
(-0.2032079685 0.05113622342 0)
(-0.2085112282 0.03916330809 0)
(-0.2133283081 0.02652493947 0)
(-0.2176010551 0.01326656335 0)
(-0.2212664373 -0.0005538189862 0)
(-0.2242569467 -0.01486404638 0)
(-0.226500961 -0.0295762611 0)
(-0.2279234101 -0.04458531861 0)
(-0.2284470262 -0.05976737391 0)
(-0.2279938596 -0.07497875139 0)
(-0.2264873194 -0.09005519511 0)
(-0.223854763 -0.104811685 0)
(-0.2200306663 -0.1190430194 0)
(-0.2149603733 -0.132525386 0)
(-0.208604381 -0.1450191461 0)
(-0.2009430458 -0.1562730462 0)
(-0.1919815206 -0.1660300181 0)
(-0.1817546464 -0.1740346474 0)
(-0.1703314332 -0.1800422649 0)
(-0.1578186961 -0.1838294454 0)
(-0.1443633677 -0.1852055112 0)
(-0.1301530174 -0.1840244262 0)
(-0.1154141752 -0.1801962879 0)
(-0.100408197 -0.173697489 0)
(-0.08542461552 -0.1645785796 0)
(-0.07077217485 -0.1529689351 0)
(-0.05676801603 -0.1390775388 0)
(-0.04372575403 -0.1231895102 0)
(-0.0319434526 -0.1056584286 0)
(-0.02169217308 -0.08689496351 0)
(-0.01320419783 -0.06735266009 0)
(-0.006667194141 -0.04751170056 0)
(-0.002270677671 -0.02786317949 0)
(-0.0001164674998 -0.008904817123 0)
(-9.546698715e-05 0.01212615985 0)
(-0.001460766225 0.03398455084 0)
(-0.004054922547 0.05351031982 0)
(-0.007720571635 0.07079790689 0)
(-0.01227951771 0.08596361159 0)
(-0.01760073665 0.09913820888 0)
(-0.02356548968 0.1104603259 0)
(-0.03006624517 0.1200707759 0)
(-0.03700758965 0.1281078547 0)
(-0.04430564871 0.1347035467 0)
(-0.05188723156 0.1399805905 0)
(-0.05968892359 0.1440503533 0)
(-0.06765610493 0.1470114514 0)
(-0.07574192213 0.1489490404 0)
(-0.08390624709 0.1499346904 0)
(-0.09211464996 0.1500267495 0)
(-0.1003374056 0.1492711023 0)
(-0.108548547 0.1477022276 0)
(-0.1167249729 0.145344467 0)
(-0.1248456117 0.1422134269 0)
(-0.1328906407 0.138317449 0)
(-0.1408407558 0.1336590969 0)
(-0.1486764862 0.1282366245 0)
(-0.1563775478 0.1220454024 0)
(-0.1639222295 0.1150792958 0)
(-0.1712868071 0.1073319943 0)
(-0.1784449818 0.09879830695 0)
(-0.1853673416 0.08947543889 0)
(-0.192020846 0.07936427205 0)
(-0.1983683398 0.06847067386 0)
(-0.2043681009 0.05680685667 0)
(-0.209973438 0.04439280872 0)
(-0.2151323564 0.03125781343 0)
(-0.2197873078 0.01744206544 0)
(-0.2238750187 0.002998374864 0)
(-0.2273266148 -0.01200604372 0)
(-0.2300680078 -0.02748771245 0)
(-0.2320200998 -0.04334509326 0)
(-0.2330998941 -0.05945667808 0)
(-0.2332218103 -0.07567940476 0)
(-0.232299543 -0.0918473617 0)
(-0.2302485468 -0.1077709965 0)
(-0.2269892006 -0.1232370566 0)
(-0.2224506924 -0.1380095242 0)
(-0.2165756154 -0.1518318294 0)
(-0.2093251993 -0.1644306308 0)
(-0.2006850103 -0.1755214157 0)
(-0.1906708453 -0.1848160993 0)
(-0.1793344345 -0.1920326683 0)
(-0.1667684566 -0.1969067303 0)
(-0.1531102921 -0.199204597 0)
(-0.1385439111 -0.1987372617 0)
(-0.1232993353 -0.1953743789 0)
(-0.1076492477 -0.1890571389 0)
(-0.09190255221 -0.1798088176 0)
(-0.076394986 -0.1677418146 0)
(-0.06147723544 -0.1530601853 0)
(-0.04750136809 -0.136057042 0)
(-0.03480676287 -0.1171067043 0)
(-0.02370641629 -0.09665207555 0)
(-0.01447279178 -0.07518818631 0)
(-0.007330376086 -0.05324292138 0)
(-0.002506519916 -0.03135791753 0)
(-0.0001309539136 -0.01008189836 0)
(-9.436070054e-05 0.01285601477 0)
(-0.001449031476 0.03599832939 0)
(-0.004025860369 0.05664387507 0)
(-0.007669652792 0.07489973746 0)
(-0.01220389903 0.09089477112 0)
(-0.01749824457 0.1047723697 0)
(-0.02343407027 0.116683684 0)
(-0.02990362856 0.1267817588 0)
(-0.03681111581 0.1352166407 0)
(-0.04407223867 0.1421314117 0)
(-0.05161347832 0.1476591109 0)
(-0.05937127425 0.1519204982 0)
(-0.06729110794 0.1550226023 0)
(-0.07532651743 0.1570579727 0)
(-0.08343808052 0.158104547 0)
(-0.09159239705 0.1582260324 0)
(-0.09976109332 0.1574726986 0)
(-0.1079198647 0.1558824828 0)
(-0.1160475662 0.1534823106 0)
(-0.1241253554 0.150289552 0)
(-0.1321358873 0.1463135429 0)
(-0.1400625573 0.1415571185 0)
(-0.1478887882 0.1360181226 0)
(-0.155597354 0.1296908686 0)
(-0.1631697336 0.1225675458 0)
(-0.1705854899 0.1146395737 0)
(-0.1778216681 0.1058989168 0)
(-0.1848522098 0.09633938117 0)
(-0.1916473817 0.08595791541 0)
(-0.1981732203 0.07475594424 0)
(-0.2043909958 0.06274076139 0)
(-0.2102567052 0.0499270075 0)
(-0.2157206118 0.03633825621 0)
(-0.2207268457 0.0220087257 0)
(-0.2252130542 0.006985115713 0)
(-0.2291102726 -0.008671433457 0)
(-0.2323431607 -0.02488317995 0)
(-0.2348299122 -0.04155380107 0)
(-0.2364830311 -0.05856599075 0)
(-0.2372104287 -0.07577939287 0)
(-0.2369170025 -0.09302871715 0)
(-0.2355069128 -0.1101222625 0)
(-0.2328866273 -0.1268410985 0)
(-0.2289688188 -0.1429392033 0)
(-0.2236771582 -0.1581449016 0)
(-0.2169519771 -0.1721639711 0)
(-0.2087566748 -0.1846847798 0)
(-0.1990846223 -0.1953857502 0)
(-0.1879661706 -0.2039453292 0)
(-0.1754752224 -0.210054435 0)
(-0.1617346995 -0.2134310872 0)
(-0.1469201548 -0.2138365932 0)
(-0.1312607847 -0.211092318 0)
(-0.1150372052 -0.205095751 0)
(-0.09857559551 -0.1958343682 0)
(-0.0822381615 -0.1833957399 0)
(-0.06641030179 -0.1679725014 0)
(-0.05148533743 -0.1498611996 0)
(-0.03784816693 -0.1294546316 0)
(-0.02585895994 -0.1072280476 0)
(-0.01583616511 -0.0837202253 0)
(-0.008047036881 -0.05951064153 0)
(-0.002763036926 -0.03519624785 0)
(-0.0001470872562 -0.01138162297 0)
(-9.283305471e-05 0.01357836165 0)
(-0.001431724346 0.03799395832 0)
(-0.003981869742 0.05975189627 0)
(-0.007590865243 0.07897080232 0)
(-0.01208444082 0.09579117489 0)
(-0.0173331689 0.1103683203 0)
(-0.02321869606 0.1228654183 0)
(-0.02963313542 0.1334474479 0)
(-0.03648032487 0.1422760828 0)
(-0.04367556062 0.1495055222 0)
(-0.05114499676 0.1552792366 0)
(-0.05882493025 0.1597275932 0)
(-0.0666609561 0.1629663045 0)
(-0.07460702839 0.1650956213 0)
(-0.08262446977 0.1662001743 0)
(-0.09068096442 0.16634936 0)
(-0.09874956123 0.1655981584 0)
(-0.1068077069 0.1639882773 0)
(-0.1148363215 0.1615495209 0)
(-0.122818922 0.1583012957 0)
(-0.1307407964 0.1542541819 0)
(-0.1385882245 0.1494115116 0)
(-0.1463477419 0.1437709172 0)
(-0.1540054394 0.1373258263 0)
(-0.1615462922 0.1300668935 0)
(-0.1689535114 0.1219833752 0)
(-0.1762079097 0.1130644594 0)
(-0.1832872784 0.1033005735 0)
(-0.1901657688 0.09268469501 0)
(-0.1968132778 0.0812136954 0)
(-0.2031948363 0.06888974874 0)
(-0.2092700065 0.05572183441 0)
(-0.2149923007 0.0417273641 0)
(-0.2203086356 0.02693395951 0)
(-0.2251588122 0.01138139101 0)
(-0.2294751102 -0.004876322196 0)
(-0.2331823247 -0.02176850785 0)
(-0.2361974394 -0.03920563836 0)
(-0.2384299487 -0.05707653192 0)
(-0.2397826912 -0.07524576412 0)
(-0.240153065 -0.09355117371 0)
(-0.2394349845 -0.1118016409 0)
(-0.2375216758 -0.1297754056 0)
(-0.2343094423 -0.1472192522 0)
(-0.2297025046 -0.1638489582 0)
(-0.2236189536 -0.1793514594 0)
(-0.2159977582 -0.1933892084 0)
(-0.206806627 -0.2056071717 0)
(-0.1960503566 -0.2156428033 0)
(-0.1837791007 -0.2231391349 0)
(-0.1700958116 -0.2277608168 0)
(-0.1551619563 -0.2292125504 0)
(-0.1392005486 -0.2272589046 0)
(-0.122495608 -0.2217440604 0)
(-0.105387381 -0.212609678 0)
(-0.08826305352 -0.1999089075 0)
(-0.07154319763 -0.1838146643 0)
(-0.05566481767 -0.1646206893 0)
(-0.04106252673 -0.1427346178 0)
(-0.02814923233 -0.118663215 0)
(-0.01729576337 -0.09299080395 0)
(-0.008818849347 -0.06635231553 0)
(-0.003041201122 -0.03940506933 0)
(-0.0001650111569 -0.01281474052 0)
(-9.093074254e-05 0.01429050983 0)
(-0.00140947497 0.03996438922 0)
(-0.00392461197 0.06282370094 0)
(-0.007487197576 0.08299725054 0)
(-0.01192558773 0.1006360832 0)
(-0.01711139958 0.1159065818 0)
(-0.02292657152 0.1289833742 0)
(-0.02926305614 0.1400430275 0)
(-0.03602429041 0.1492586945 0)
(-0.04312511678 0.1567957046 0)
(-0.05049133104 0.1628080967 0)
(-0.05805907515 0.1674360715 0)
(-0.06577406654 0.1708043125 0)
(-0.0735907056 0.1730210952 0)
(-0.08147111024 0.1741780867 0)
(-0.08938411772 0.1743507198 0)
(-0.09730428531 0.173599027 0)
(-0.1052109131 0.1719688165 0)
(-0.1130871046 0.1694930846 0)
(-0.1209188724 0.1661935698 0)
(-0.128694294 0.162082371 0)
(-0.1364027136 0.1571635716 0)
(-0.1440339877 0.1514348268 0)
(-0.1515777669 0.1448888904 0)
(-0.1590228065 0.1375150721 0)
(-0.1663562979 0.1293006293 0)
(-0.1735632123 0.1202321076 0)
(-0.180625649 0.110296652 0)
(-0.1875221807 0.0994833171 0)
(-0.1942271914 0.08778440779 0)
(-0.2007102016 0.07519688467 0)
(-0.2069351821 0.06172386891 0)
(-0.2128598619 0.04737628231 0)
(-0.2184350462 0.0321746575 0)
(-0.2236039331 0.01615114259 0)
(-0.2283014445 -0.000648287875 0)
(-0.2324539764 -0.01816128781 0)
(-0.2359789593 -0.03630661319 0)
(-0.2387845867 -0.0549811268 0)
(-0.2407703445 -0.07405662202 0)
(-0.2418277999 -0.09337673211 0)
(-0.2418421227 -0.1127539298 0)
(-0.240694494 -0.1319669008 0)
(-0.2382655755 -0.150758635 0)
(-0.234440213 -0.1688356764 0)
(-0.2291134944 -0.1858690619 0)
(-0.2221981879 -0.201497548 0)
(-0.2136334439 -0.2153337348 0)
(-0.2033944445 -0.2269736253 0)
(-0.1915024523 -0.236009978 0)
(-0.1780344511 -0.242049489 0)
(-0.1631313437 -0.2447333857 0)
(-0.1470035224 -0.2437604546 0)
(-0.1299326184 -0.2389109208 0)
(-0.1122684288 -0.2300690602 0)
(-0.09442042593 -0.2172420783 0)
(-0.07684386373 -0.2005727573 0)
(-0.0600212696 -0.1803437394 0)
(-0.04444099582 -0.1569721004 0)
(-0.03057449211 -0.1309940099 0)
(-0.01885194044 -0.1030404215 0)
(-0.0096470584 -0.07380541513 0)
(-0.003341890959 -0.04401196895 0)
(-0.000184876043 -0.01439250538 0)
(-8.871557964e-05 0.01499013259 0)
(-0.001383110806 0.04190351886 0)
(-0.003856266161 0.06584996555 0)
(-0.00736257254 0.08696683076 0)
(-0.01173318653 0.1054144333 0)
(-0.01684071529 0.1213692848 0)
(-0.02256726931 0.1350168209 0)
(-0.02880450381 0.1465448264 0)
(-0.03545532772 0.156137788 0)
(-0.04243403085 0.1639721963 0)
(-0.04966598893 0.1702128208 0)
(-0.05708716644 0.1750099499 0)
(-0.06464341763 0.1784975523 0)
(-0.0722896358 0.1807922776 0)
(-0.07998880735 0.1819931928 0)
(-0.08771101719 0.182182133 0)
(-0.09543244241 0.1814245412 0)
(-0.1031343618 0.1797706714 0)
(-0.1108021993 0.1772570404 0)
(-0.118424613 0.1739080296 0)
(-0.1259926324 0.1697375507 0)
(-0.1334988456 0.1647507155 0)
(-0.1409366297 0.1589454633 0)
(-0.1482994209 0.1523141208 0)
(-0.1555800129 0.1448448839 0)
(-0.1627698767 0.1365232252 0)
(-0.1698584906 0.1273332413 0)
(-0.1768326708 0.1172589615 0)
(-0.1836758922 0.1062856484 0)
(-0.1903675916 0.09440112177 0)
(-0.1968824438 0.08159714373 0)
(-0.203189607 0.0678709027 0)
(-0.2092519371 0.05322663816 0)
(-0.2150251814 0.03767744819 0)
(-0.2204571425 0.02124731938 0)
(-0.2254867833 0.003973404513 0)
(-0.2300436401 -0.01409138531 0)
(-0.2340472964 -0.03287544702 0)
(-0.2374065351 -0.05228551971 0)
(-0.2400194441 -0.07220287811 0)
(-0.2417737658 -0.09247968277 0)
(-0.2425478677 -0.1129352005 0)
(-0.2422126258 -0.1333521845 0)
(-0.2406344229 -0.1534737611 0)
(-0.237679507 -0.1730012897 0)
(-0.2332199219 -0.1915937921 0)
(-0.227141146 -0.2088696674 0)
(-0.2193514329 -0.2244114754 0)
(-0.2097926389 -0.2377745618 0)
(-0.1984520452 -0.2485001557 0)
(-0.1853743562 -0.2561332578 0)
(-0.1706727301 -0.2602451425 0)
(-0.1545374269 -0.2604596213 0)
(-0.137240544 -0.2564814329 0)
(-0.1191354145 -0.2481243539 0)
(-0.1006496438 -0.2353360267 0)
(-0.08227143831 -0.218216264 0)
(-0.06452983161 -0.1970258508 0)
(-0.04797055995 -0.1721836996 0)
(-0.03312953217 -0.1442515783 0)
(-0.02050379491 -0.1139071237 0)
(-0.01053240898 -0.08190689537 0)
(-0.003665870784 -0.04904498403 0)
(-0.0002068389693 -0.01612663085 0)
(-8.626614446e-05 0.01567537249 0)
(-0.001353680851 0.04380646089 0)
(-0.003779593471 0.06882311704 0)
(-0.007221961809 0.09086935803 0)
(-0.0115146547 0.1101133419 0)
(-0.0165310033 0.1267406773 0)
(-0.02215299503 0.1409469389 0)
(-0.02827171472 0.1529307718 0)
(-0.0347893203 0.1628878873 0)
(-0.04161939111 0.1710060161 0)
(-0.04868679372 0.1774608711 0)
(-0.05592729058 0.1824131314 0)
(-0.06328690384 0.1860064069 0)
(-0.07072109574 0.1883661039 0)
(-0.0781938312 0.1895990799 0)
(-0.08567657689 0.189793958 0)
(-0.0931472799 0.1890219642 0)
(-0.1005893579 0.187338154 0)
(-0.1079907221 0.184782903 0)
(-0.115342847 0.1813835555 0)
(-0.1226398908 0.1771561408 0)
(-0.1298778684 0.1721070905 0)
(-0.1370538718 0.1662349083 0)
(-0.1441653324 0.1595317648 0)
(-0.1512093141 0.1519850052 0)
(-0.1581818291 0.1435785717 0)
(-0.1650771632 0.1342943554 0)
(-0.1718871994 0.1241134987 0)
(-0.1786007263 0.113017677 0)
(-0.1852027204 0.1009903955 0)
(-0.1916735895 0.08801833735 0)
(-0.197988367 0.07409280589 0)
(-0.2041158527 0.05921130593 0)
(-0.2100177013 0.0433793139 0)
(-0.215647451 0.02661228838 0)
(-0.2209494449 0.008937957726 0)
(-0.2258579255 -0.009601065028 0)
(-0.2302963007 -0.02894407113 0)
(-0.2341759467 -0.04900930196 0)
(-0.2373956856 -0.06968966261 0)
(-0.2398417196 -0.09084853554 0)
(-0.2413879539 -0.1123152591 0)
(-0.2418972264 -0.133880508 0)
(-0.24122366 -0.1552919072 0)
(-0.2392164505 -0.1762503485 0)
(-0.2357254021 -0.1964076484 0)
(-0.2306084734 -0.2153663648 0)
(-0.2237414728 -0.2326827298 0)
(-0.2150298326 -0.2478737266 0)
(-0.2044220877 -0.2604292676 0)
(-0.191924289 -0.2698301655 0)
(-0.1776141473 -0.2755720741 0)
(-0.1616532906 -0.27719481 0)
(-0.1442957411 -0.2743154816 0)
(-0.1258906947 -0.2666628044 0)
(-0.1068780145 -0.2541090458 0)
(-0.08777557582 -0.2366954953 0)
(-0.0691587282 -0.2146474109 0)
(-0.05163359166 -0.1883752098 0)
(-0.03580638847 -0.1584602521 0)
(-0.02224900888 -0.1256254654 0)
(-0.01147507553 -0.09069258864 0)
(-0.004013771283 -0.05453232807 0)
(-0.0002310634234 -0.01802923391 0)
(-8.367990786e-05 0.01634495974 0)
(-0.001322484186 0.04566985138 0)
(-0.003698011577 0.0717377723 0)
(-0.007071517392 0.09469723515 0)
(-0.01127917046 0.1147226627 0)
(-0.01619450286 0.1320076794 0)
(-0.02169887367 0.1467573471 0)
(-0.02768236511 0.1591808709 0)
(-0.03404605342 0.1694851568 0)
(-0.04070258836 0.1778693407 0)
(-0.04757621619 0.1845203748 0)
(-0.05460248131 0.1896097032 0)
(-0.06172763579 0.193290992 0)
(-0.06890783234 0.1956988318 0)
(-0.0761081777 0.196948293 0)
(-0.08330171014 0.1971351923 0)
(-0.09046835064 0.1963369233 0)
(-0.09759386438 0.1946137041 0)
(-0.1046688574 0.1920101086 0)
(-0.1116878233 0.188556765 0)
(-0.1186482461 0.1842721261 0)
(-0.1255497607 0.179164238 0)
(-0.1323933661 0.1732324566 0)
(-0.139180684 0.1664690809 0)
(-0.1459132536 0.1588608882 0)
(-0.1525918501 0.1503905733 0)
(-0.1592158142 0.1410381037 0)
(-0.1657823791 0.1307820123 0)
(-0.1722859793 0.1196006555 0)
(-0.1787175257 0.1074734726 0)
(-0.1850636332 0.0943822835 0)
(-0.1913057842 0.08031266994 0)
(-0.1974194174 0.06525548812 0)
(-0.2033729365 0.04920856813 0)
(-0.2091266307 0.03217866158 0)
(-0.2146314583 0.01418368625 0)
(-0.2198278172 -0.004744678215 0)
(-0.2246446103 -0.02455766375 0)
(-0.228997796 -0.0451863699 0)
(-0.2327891731 -0.06653728005 0)
(-0.2359058803 -0.08848753858 0)
(-0.2382200259 -0.1108797744 0)
(-0.2395891518 -0.1335165256 0)
(-0.2398577776 -0.1561545679 0)
(-0.2388603895 -0.178499589 0)
(-0.2364262898 -0.2002018593 0)
(-0.2323867045 -0.220853787 0)
(-0.2265844638 -0.2399904714 0)
(-0.2188863778 -0.2570945435 0)
(-0.2091981163 -0.2716066205 0)
(-0.1974809546 -0.2829425248 0)
(-0.1837691981 -0.2905179385 0)
(-0.1681865205 -0.2937803298 0)
(-0.1509589662 -0.2922468209 0)
(-0.1324221444 -0.2855452848 0)
(-0.1130203277 -0.2734546026 0)
(-0.09329588244 -0.2559390149 0)
(-0.07386874186 -0.2331712071 0)
(-0.05540743869 -0.2055394508 0)
(-0.0385940682 -0.1736358823 0)
(-0.02408369856 -0.1382253641 0)
(-0.01247459816 -0.1001965294 0)
(-0.004386072663 -0.06050208204 0)
(-0.000257719339 -0.02011277099 0)
(-8.107575789e-05 0.01699834617 0)
(-0.001291104623 0.04749219453 0)
(-0.0036156842 0.07459123326 0)
(-0.006918727099 0.09844603509 0)
(-0.0110378934 0.1192356009 0)
(-0.01584608158 0.1371604875 0)
(-0.02122326649 0.152434664 0)
(-0.02705791064 0.1652777113 0)
(-0.03324955806 0.1759078346 0)
(-0.03970964818 0.1845358737 0)
(-0.04636168187 0.1913604363 0)
(-0.05314099241 0.1965642073 0)
(-0.05999417268 0.2003114024 0)
(-0.06687825226 0.202746281 0)
(-0.07375971599 0.2039925848 0)
(-0.08061343774 0.2041537504 0)
(-0.08742158671 0.2033137301 0)
(-0.09417254744 0.2015382642 0)
(-0.1008598813 0.1988764568 0)
(-0.1074813454 0.1953625302 0)
(-0.114037976 0.1910176555 0)
(-0.1205332368 0.1858517794 0)
(-0.1269722275 0.1798653928 0)
(-0.1333609439 0.1730512069 0)
(-0.1397055789 0.1653957206 0)
(-0.1460118516 0.1568806782 0)
(-0.1522843495 0.1474844293 0)
(-0.1585258689 0.13718321 0)
(-0.164736735 0.125952374 0)
(-0.1709140859 0.1137676075 0)
(-0.1770511003 0.1006061656 0)
(-0.1831361508 0.08644817684 0)
(-0.1891518656 0.07127806515 0)
(-0.1950740851 0.05508614862 0)
(-0.2008707063 0.03787048388 0)
(-0.2065003645 0.01963902092 0)
(-0.2119109351 0.0004121345111 0)
(-0.2170383867 -0.01977416744 0)
(-0.2218051461 -0.04086484257 0)
(-0.226118256 -0.06278161483 0)
(-0.2298683549 -0.08541765995 0)
(-0.2329286464 -0.1086319137 0)
(-0.2351545067 -0.1322426401 0)
(-0.2363840828 -0.1560205272 0)
(-0.2364402714 -0.1796816939 0)
(-0.2351345831 -0.2028812298 0)
(-0.2322734319 -0.2252081801 0)
(-0.2276673559 -0.2461832097 0)
(-0.2211435301 -0.2652604787 0)
(-0.2125616383 -0.2818354467 0)
(-0.2018326905 -0.2952602942 0)
(-0.1889397281 -0.3048682662 0)
(-0.1739585945 -0.3100074097 0)
(-0.1570762196 -0.3100828452 0)
(-0.1386033533 -0.3046049868 0)
(-0.1189786373 -0.293239244 0)
(-0.09876150159 -0.2758511339 0)
(-0.07861277476 -0.2525398869 0)
(-0.05926406673 -0.2236540027 0)
(-0.04147831294 -0.1897840477 0)
(-0.02600228815 -0.1517308548 0)
(-0.01352983265 -0.110450216 0)
(-0.004783093392 -0.06698185617 0)
(-0.0002869835205 -0.02238996712 0)
(-7.859749922e-05 0.01763585851 0)
(-0.001261454652 0.04927425722 0)
(-0.003537632161 0.0773840479 0)
(-0.006772603947 0.1021151535 0)
(-0.01080422781 0.1236493911 0)
(-0.0155035572 0.1421932254 0)
(-0.02074812932 0.1579690976 0)
(-0.02642395649 0.1712069701 0)
(-0.03242846907 0.1821366547 0)
(-0.03867155619 0.1909811855 0)
(-0.0450758472 0.1979514096 0)
(-0.05157651334 0.2032418628 0)
(-0.05812067057 0.2070279052 0)
(-0.06466650044 0.2094640176 0)
(-0.0711821978 0.210683113 0)
(-0.07764483128 0.2107966914 0)
(-0.08403918153 0.2098956561 0)
(-0.090356603 0.2080516171 0)
(-0.09659393892 0.2053185204 0)
(-0.1027525061 0.2017344694 0)
(-0.108837156 0.1973236234 0)
(-0.1148554113 0.1920980923 0)
(-0.1208166725 0.1860597645 0)
(-0.1267314832 0.1792020324 0)
(-0.1326108435 0.1715113969 0)
(-0.1384655567 0.1629689479 0)
(-0.1443055918 0.1535517305 0)
(-0.1501394474 0.1432340155 0)
(-0.1559734947 0.1319885018 0)
(-0.1618112836 0.1197874823 0)
(-0.1676527874 0.106604012 0)
(-0.1734935662 0.09241312344 0)
(-0.1793238268 0.07719314055 0)
(-0.1851273573 0.06092715193 0)
(-0.1908803277 0.04360471697 0)
(-0.196549903 0.02522388504 0)
(-0.2020925787 0.005793603532 0)
(-0.2074527975 -0.01466331394 0)
(-0.2125611424 -0.03610642253 0)
(-0.2173320992 -0.05847393245 0)
(-0.2216623463 -0.08167693796 0)
(-0.2254291802 -0.1055933505 0)
(-0.2284892084 -0.1300607632 0)
(-0.2306779033 -0.1548684379 0)
(-0.2318103929 -0.1797487085 0)
(-0.2316840601 -0.2043683419 0)
(-0.2300836186 -0.2283207363 0)
(-0.2267893745 -0.2511202503 0)
(-0.2215893044 -0.2722003907 0)
(-0.2142953441 -0.2909179591 0)
(-0.2047638103 -0.3065654317 0)
(-0.1929191605 -0.3183936539 0)
(-0.1787793587 -0.3256461793 0)
(-0.1624800917 -0.3276051699 0)
(-0.1442942045 -0.3236467042 0)
(-0.1246423087 -0.313300862 0)
(-0.104090874 -0.2963095542 0)
(-0.08333552177 -0.2726734128 0)
(-0.06316977588 -0.2426788539 0)
(-0.04444141349 -0.2068981572 0)
(-0.02799741982 -0.166158757 0)
(-0.0146389224 -0.1214818211 0)
(-0.005204988133 -0.07399843091 0)
(-0.0003190408553 -0.02487374193 0)
(-7.641849552e-05 0.0182588766 0)
(-0.001235832376 0.05101952492 0)
(-0.003469874762 0.0801206519 0)
(-0.006643922548 0.1057085436 0)
(-0.01059414403 0.1279660451 0)
(-0.01518808024 0.1471046434 0)
(-0.02029942502 0.1633550549 0)
(-0.02581066646 0.1769579144 0)
(-0.0316163997 0.1881552351 0)
(-0.03762457229 0.1971830003 0)
(-0.04375683385 0.2042651013 0)
(-0.04994831064 0.2096087097 0)
(-0.05614692405 0.2134010491 0)
(-0.06231239983 0.2158074553 0)
(-0.06841509709 0.2169705554 0)
(-0.07443475697 0.21701037 0)
(-0.08035924344 0.2160251361 0)
(-0.08618332609 0.2140926557 0)
(-0.0919075351 0.2112719947 0)
(-0.09753710434 0.2076053836 0)
(-0.1030810071 0.2031201995 0)
(-0.1085510814 0.197830938 0)
(-0.1139612371 0.1917411112 0)
(-0.1193267319 0.1848450305 0)
(-0.1246635029 0.1771294545 0)
(-0.1299875368 0.1685750971 0)
(-0.1353142627 0.1591580035 0)
(-0.1406579465 0.1488508123 0)
(-0.1460310698 0.1376239292 0)
(-0.1514436691 0.1254466424 0)
(-0.1569026144 0.1122882181 0)
(-0.1624108022 0.09811901945 0)
(-0.1679662364 0.08291169929 0)
(-0.1735609734 0.06664252959 0)
(-0.1791799103 0.04929294104 0)
(-0.1847993721 0.0308513638 0)
(-0.1903853834 0.01131544844 0)
(-0.1958920031 -0.009305212237 0)
(-0.2012594649 -0.0309852321 0)
(-0.2064116832 -0.05368006843 0)
(-0.2112537983 -0.07732014813 0)
(-0.2156701656 -0.1018045442 0)
(-0.2195221388 -0.1269933409 0)
(-0.2226465329 -0.1526987098 0)
(-0.2248550999 -0.1786748695 0)
(-0.2259356232 -0.2046073383 0)
(-0.2256554041 -0.2301022567 0)
(-0.2237680383 -0.2546770508 0)
(-0.220024401 -0.2777542777 0)
(-0.2141886206 -0.2986610843 0)
(-0.2060594074 -0.3166371503 0)
(-0.1954963696 -0.3308540807 0)
(-0.1824498611 -0.3404486753 0)
(-0.1669915822 -0.3445711227 0)
(-0.1493418257 -0.3424468226 0)
(-0.1298883367 -0.3334474181 0)
(-0.1091916807 -0.3171632377 0)
(-0.0879732669 -0.2934665643 0)
(-0.06708500513 -0.2625539938 0)
(-0.04746209211 -0.2249574644 0)
(-0.03005991437 -0.1815172723 0)
(-0.01579930256 -0.1333153665 0)
(-0.005651759564 -0.08157739037 0)
(-0.000354086807 -0.02757713841 0)
(-7.474828213e-05 0.01887004454 0)
(-0.001216997051 0.05273473631 0)
(-0.003419613009 0.08281011042 0)
(-0.006545519253 0.1092355486 0)
(-0.01042657714 0.1321931764 0)
(-0.01492459567 0.151898861 0)
(-0.01990760444 0.1685917587 0)
(-0.02525321847 0.1825238715 0)
(-0.03085233212 0.1939504049 0)
(-0.03661052415 0.2031213951 0)
(-0.04244840265 0.21027487 0)
(-0.0483012685 0.2156316378 0)
(-0.05411826738 0.2193916552 0)
(-0.0598612131 0.2217318377 0)
(-0.06550323633 0.2228051112 0)
(-0.07102737277 0.2227404782 0)
(-0.07642517101 0.2216438689 0)
(-0.0816953716 0.219599558 0)
(-0.08684268684 0.2166719553 0)
(-0.09187669411 0.2129076063 0)
(-0.0968108437 0.2083372749 0)
(-0.1016615744 0.2029780074 0)
(-0.1064475248 0.1968351118 0)
(-0.1111888258 0.1899040083 0)
(-0.1159064568 0.1821719272 0)
(-0.1206216481 0.1736194508 0)
(-0.1253553101 0.1642219037 0)
(-0.1301274698 0.15395061 0)
(-0.1349566931 0.1427740394 0)
(-0.1398594712 0.1306588737 0)
(-0.1448495464 0.1175710284 0)
(-0.1499371521 0.1034766709 0)
(-0.1551281389 0.08834328667 0)
(-0.1604229568 0.07214085101 0)
(-0.1658154674 0.05484318309 0)
(-0.1712915482 0.03642957391 0)
(-0.1768273773 0.01688677395 0)
(-0.1823875027 -0.003788550542 0)
(-0.187923041 -0.02558617088 0)
(-0.1933690049 -0.04847903201 0)
(-0.1986412043 -0.07241778071 0)
(-0.2036338471 -0.09732424011 0)
(-0.2082165054 -0.1230835388 0)
(-0.2122314941 -0.1495345415 0)
(-0.215491973 -0.1764586232 0)
(-0.2177813632 -0.2035670158 0)
(-0.2188549188 -0.230487325 0)
(-0.2184445051 -0.256750362 0)
(-0.2162677861 -0.2817791332 0)
(-0.2120430162 -0.3048826404 0)
(-0.2055103498 -0.3252579132 0)
(-0.1964598979 -0.3420041738 0)
(-0.184765593 -0.3541528789 0)
(-0.1704223113 -0.360716209 0)
(-0.1535818679 -0.360754106 0)
(-0.1345819054 -0.3534562166 0)
(-0.1139609549 -0.3382305691 0)
(-0.09245379948 -0.3147865306 0)
(-0.07096423096 -0.2831969731 0)
(-0.05051546471 -0.2439250118 0)
(-0.03217879709 -0.1978045292 0)
(-0.01700774812 -0.1459698828 0)
(-0.006123289946 -0.08974276665 0)
(-0.0003923318586 -0.03051326302 0)
(-7.384178522e-05 0.0194735258 0)
(-0.001208270218 0.05443052049 0)
(-0.003395469881 0.08546698631 0)
(-0.006492677412 0.1127118524 0)
(-0.0103239264 0.136344909 0)
(-0.01474240441 0.1565861481 0)
(-0.01960816939 0.1736838506 0)
(-0.02479231028 0.1879026396 0)
(-0.03018101535 0.1995124304 0)
(-0.03567705952 0.2087788704 0)
(-0.04120003498 0.2159555765 0)
(-0.04668578621 0.221278258 0)
(-0.05208528432 0.2249606482 0)
(-0.05736316837 0.2271920642 0)
(-0.06249613595 0.2281363513 0)
(-0.0674713119 0.2279319451 0)
(-0.07228468108 0.2266927848 0)
(-0.07693963627 0.2245098344 0)
(-0.0814456667 0.2214529952 0)
(-0.08581719432 0.2175732349 0)
(-0.09007255271 0.2129047917 0)
(-0.09423309598 0.2074673494 0)
(-0.09832242069 0.2012681124 0)
(-0.1023656816 0.1943037332 0)
(-0.1063889812 0.1865620703 0)
(-0.1104188122 0.1780237689 0)
(-0.1144815331 0.1686636715 0)
(-0.1186028542 0.1584520729 0)
(-0.1228073147 0.1473558434 0)
(-0.1271177259 0.1353394482 0)
(-0.1315545579 0.1223658964 0)
(-0.1361352424 0.1083976603 0)
(-0.1408733634 0.09339761085 0)
(-0.1457777028 0.0773300285 0)
(-0.1508511101 0.06016175856 0)
(-0.1560891624 0.04186360504 0)
(-0.1614785119 0.02241205935 0)
(-0.1669947998 0.001791472858 0)
(-0.1726009706 -0.02000287213 0)
(-0.1782443687 -0.04296109601 0)
(-0.1838534136 -0.06705437563 0)
(-0.1893346469 -0.09222819645 0)
(-0.1945691249 -0.1183945384 0)
(-0.1994087646 -0.1454219831 0)
(-0.2036730901 -0.1731236514 0)
(-0.2071468879 -0.2012429809 0)
(-0.2095796217 -0.2294376882 0)
(-0.2106877614 -0.2572628176 0)
(-0.2101614681 -0.2841545743 0)
(-0.207677251 -0.3094176585 0)
(-0.2029181236 -0.3322199393 0)
(-0.1956022521 -0.3515992805 0)
(-0.185519943 -0.3664877305 0)
(-0.1725769865 -0.3757575677 0)
(-0.1568400147 -0.3782913388 0)
(-0.138577124 -0.3730737961 0)
(-0.1182853176 -0.3592978686 0)
(-0.09669642415 -0.3364706234 0)
(-0.07475595228 -0.304500448 0)
(-0.05357309046 -0.2637455171 0)
(-0.03434140387 -0.2150070942 0)
(-0.01826047992 -0.1594585808 0)
(-0.006619400032 -0.09851671996 0)
(-0.0004340089095 -0.03369524923 0)
(-7.401251376e-05 0.02007531799 0)
(-0.001213672362 0.05612216878 0)
(-0.003407807387 0.08811236867 0)
(-0.006503624424 0.1161605713 0)
(-0.01031268287 0.1404428785 0)
(-0.01467584636 0.1611837315 0)
(-0.01944232803 0.1786419518 0)
(-0.0244747102 0.1930967929 0)
(-0.02965334901 0.2048350888 0)
(-0.0348778185 0.214140233 0)
(-0.04006686749 0.2212833277 0)
(-0.04515746447 0.2265165594 0)
(-0.05010324751 0.2300686754 0)
(-0.05487266118 0.2321423127 0)
(-0.05944699335 0.2329128782 0)
(-0.06381845464 0.2325286575 0)
(-0.06798838877 0.231111845 0)
(-0.0719656601 0.2287602172 0)
(-0.07576523571 0.2255492112 0)
(-0.07940695966 0.2215342159 0)
(-0.0829145049 0.2167529264 0)
(-0.08631448187 0.2112276519 0)
(-0.08963567975 0.2049675014 0)
(-0.09290841579 0.197970401 0)
(-0.09616396818 0.1902249198 0)
(-0.09943406926 0.1817118964 0)
(-0.1027504363 0.1724058738 0)
(-0.1061443179 0.1622763575 0)
(-0.1096460339 0.1512889188 0)
(-0.1132844868 0.1394061712 0)
(-0.1170866198 0.1265886511 0)
(-0.1210767965 0.1127956409 0)
(-0.1252760731 0.09798597803 0)
(-0.1297013302 0.08211890367 0)
(-0.1343642293 0.06515501776 0)
(-0.1392699608 0.04705742718 0)
(-0.1444156901 0.02779319296 0)
(-0.1497885061 0.007335179231 0)
(-0.155363656 -0.01433546692 0)
(-0.161101764 -0.03722552035 0)
(-0.1669453824 -0.06132632388 0)
(-0.1728154654 -0.08660720779 0)
(-0.1786074588 -0.1130079655 0)
(-0.1841867294 -0.1404289879 0)
(-0.1893840538 -0.1687187866 0)
(-0.193991534 -0.1976586662 0)
(-0.1977597291 -0.2269445685 0)
(-0.2003971892 -0.2561666364 0)
(-0.2015740002 -0.2847878773 0)
(-0.20093133 -0.3121244924 0)
(-0.1980991412 -0.3373319132 0)
(-0.1927239608 -0.3594021253 0)
(-0.1845076173 -0.3771789989 0)
(-0.1732559382 -0.3893983843 0)
(-0.1589335806 -0.3947578458 0)
(-0.1417178283 -0.3920164785 0)
(-0.1220412524 -0.3801182809 0)
(-0.1006120078 -0.3583241194 0)
(-0.07840273383 -0.3263297 0)
(-0.05660310617 -0.284343195 0)
(-0.03653358088 -0.2330984592 0)
(-0.01955334485 -0.1737880596 0)
(-0.007139945007 -0.1079192865 0)
(-0.000479384924 -0.03713626102 0)
(-7.565127043e-05 0.02068364872 0)
(-0.001238108075 0.05783058427 0)
(-0.0034691461 0.09077510516 0)
(-0.006600173499 0.1196135156 0)
(-0.01042421634 0.1445173278 0)
(-0.01476512478 0.1657166036 0)
(-0.01945774414 0.1834831339 0)
(-0.02435383179 0.1981138196 0)
(-0.02932670726 0.2099155151 0)
(-0.03427245706 0.2191922167 0)
(-0.03910939008 0.2262349407 0)
(-0.04377647311 0.231314285 0)
(-0.04823116588 0.234675453 0)
(-0.05244700075 0.236535405 0)
(-0.05641115137 0.2370817458 0)
(-0.06012214339 0.2364729608 0)
(-0.06358779138 0.2348396383 0)
(-0.06682339774 0.232286362 0)
(-0.06985021644 0.2288940105 0)
(-0.07269416468 0.2247222557 0)
(-0.07538475464 0.2198121011 0)
(-0.07795421282 0.2141883468 0)
(-0.08043675386 0.207861904 0)
(-0.08286797687 0.2008319145 0)
(-0.08528435507 0.1930876525 0)
(-0.08772279183 0.1846102031 0)
(-0.09022021829 0.1753739259 0)
(-0.09281320977 0.1653477189 0)
(-0.09553759904 0.1544961075 0)
(-0.09842806449 0.1427801807 0)
(-0.1015176702 0.1301584098 0)
(-0.1048373338 0.1165873811 0)
(-0.1084151938 0.1020224844 0)
(-0.1122758457 0.08641860711 0)
(-0.11643941 0.06973089236 0)
(-0.1209203961 0.0519156427 0)
(-0.1257262864 0.03293147142 0)
(-0.1308556408 0.01274079425 0)
(-0.13629617 -0.008688201092 0)
(-0.1420223508 -0.03137803241 0)
(-0.1479919062 -0.05533926671 0)
(-0.1541418263 -0.08056454166 0)
(-0.160384368 -0.1070215327 0)
(-0.166601758 -0.1346434819 0)
(-0.1726406046 -0.1633167767 0)
(-0.1783062022 -0.1928650831 0)
(-0.1833573928 -0.2230296875 0)
(-0.1875031094 -0.253446136 0)
(-0.190402274 -0.283618058 0)
(-0.1916693208 -0.3128903344 0)
(-0.1908881011 -0.3404255469 0)
(-0.1876370351 -0.3651897708 0)
(-0.1815277283 -0.3859558199 0)
(-0.1722574842 -0.4013331713 0)
(-0.159673003 -0.4098328715 0)
(-0.1438382859 -0.4099715852 0)
(-0.1250952889 -0.400411042 0)
(-0.1041029669 -0.3801182036 0)
(-0.08184125184 -0.3485200897 0)
(-0.059570429 -0.305619484 0)
(-0.03873998859 -0.2520375051 0)
(-0.02088208974 -0.1889575845 0)
(-0.00768496043 -0.1179682343 0)
(-0.0005287788652 -0.04084955915 0)
(-7.92529592e-05 0.02130948228 0)
(-0.001287617767 0.05958346598 0)
(-0.003594720493 0.09349329227 0)
(-0.00680855 0.1231126489 0)
(-0.01069575438 0.1486082907 0)
(-0.01505728509 0.1702182914 0)
(-0.01970936398 0.1882312292 0)
(-0.02449028214 0.2029660018 0)
(-0.02926511794 0.2147537245 0)
(-0.03392640433 0.2239227387 0)
(-0.03839276195 0.2307870316 0)
(-0.04260643207 0.2356379387 0)
(-0.04653025389 0.2387387643 0)
(-0.05014450057 0.2403218503 0)
(-0.05344384717 0.2405875876 0)
(-0.05643462553 0.2397048951 0)
(-0.05913243721 0.2378127375 0)
(-0.06156013971 0.2350223261 0)
(-0.06374618653 0.2314197092 0)
(-0.06572328323 0.2270685321 0)
(-0.06752731299 0.2220127982 0)
(-0.06919648428 0.2162795186 0)
(-0.07077065586 0.2098811751 0)
(-0.07229079851 0.202817953 0)
(-0.07379855813 0.1950797263 0)
(-0.07533588978 0.1866477927 0)
(-0.07694473531 0.1774963679 0)
(-0.07866672103 0.16759386 0)
(-0.0805428543 0.1569039447 0)
(-0.08261319791 0.1453864676 0)
(-0.08491650073 0.1329982056 0)
(-0.08748976262 0.1196935166 0)
(-0.0903677085 0.1054249178 0)
(-0.09358214179 0.09014363451 0)
(-0.09716114206 0.07380017369 0)
(-0.1011280697 0.05634499174 0)
(-0.1055003203 0.03772935095 0)
(-0.1102876537 0.01790645138 0)
(-0.1154901307 -0.003167064244 0)
(-0.1210962677 -0.02552820053 0)
(-0.1270795116 -0.04920524304 0)
(-0.133394017 -0.07421294088 0)
(-0.1399706955 -0.1005460346 0)
(-0.1467114602 -0.1281705539 0)
(-0.1534827988 -0.1570119398 0)
(-0.1601087039 -0.1869392712 0)
(-0.1663634245 -0.2177448674 0)
(-0.1719650082 -0.2491188176 0)
(-0.1765712428 -0.2806186695 0)
(-0.1797803987 -0.3116357561 0)
(-0.1811400036 -0.3413616053 0)
(-0.1801674629 -0.3687605463 0)
(-0.1763862306 -0.3925576633 0)
(-0.1693798483 -0.4112537806 0)
(-0.1588629916 -0.4231797624 0)
(-0.1447635945 -0.4265992984 0)
(-0.1273039083 -0.4198610886 0)
(-0.1070630459 -0.4015879484 0)
(-0.08500224585 -0.3708743593 0)
(-0.06243698889 -0.3274506075 0)
(-0.04094451581 -0.271766916 0)
(-0.02224275219 -0.2049584579 0)
(-0.008254875526 -0.1286790773 0)
(-0.0005825886672 -0.04484866091 0)
(-8.545500581e-05 0.02196717787 0)
(-0.001369720507 0.06141680289 0)
(-0.003803213422 0.09631608948 0)
(-0.007160449626 0.1267117735 0)
(-0.01117158451 0.1527668395 0)
(-0.01560734488 0.1747315124 0)
(-0.02026027205 0.1929168707 0)
(-0.02495228451 0.2076699048 0)
(-0.02953914837 0.219351668 0)
(-0.03391016098 0.2283196573 0)
(-0.03798551549 0.2349146022 0)
(-0.04171254543 0.2394513136 0)
(-0.0450615399 0.2422130153 0)
(-0.04802161465 0.2434484903 0)
(-0.05059693122 0.24337139 0)
(-0.05280340683 0.2421611161 0)
(-0.05466595821 0.2399647742 0)
(-0.05621626079 0.2368997939 0)
(-0.05749097117 0.2330568978 0)
(-0.05853034529 0.2285031849 0)
(-0.05937718191 0.2232851607 0)
(-0.06007602475 0.2174316001 0)
(-0.06067256438 0.2109561771 0)
(-0.06121318897 0.2038598215 0)
(-0.0617446421 0.1961327926 0)
(-0.06231375295 0.1877564728 0)
(-0.06296720933 0.178704894 0)
(-0.06375134901 0.1689460211 0)
(-0.06471195032 0.1584428171 0)
(-0.06589400172 0.147154114 0)
(-0.06734143081 0.1350353215 0)
(-0.06909677372 0.1220390031 0)
(-0.07120076331 0.1081153541 0)
(-0.07369180974 0.09321261922 0)
(-0.0766053406 0.07727749678 0)
(-0.07997296422 0.06025558828 0)
(-0.08382141287 0.04209197416 0)
(-0.0881711238 0.02273200599 0)
(-0.09303419709 0.002122398212 0)
(-0.09841300307 -0.01978684755 0)
(-0.1042967624 -0.04303974664 0)
(-0.1106574775 -0.06767136618 0)
(-0.1174459193 -0.09370187152 0)
(-0.1245858234 -0.1211289277 0)
(-0.1319668928 -0.1499168344 0)
(-0.1394366775 -0.1799815012 0)
(-0.1467915224 -0.2111701719 0)
(-0.1537672992 -0.243234877 0)
(-0.1600313295 -0.2757990618 0)
(-0.1651778425 -0.3083179294 0)
(-0.1687304672 -0.3400350155 0)
(-0.1701563851 -0.3699405852 0)
(-0.1688973765 -0.3967414465 0)
(-0.1644223384 -0.4188559719 0)
(-0.1563030605 -0.434450869 0)
(-0.1443095104 -0.4415351234 0)
(-0.1285129215 -0.4381189458 0)
(-0.1093766721 -0.4224302115 0)
(-0.08781022504 -0.3931596303 0)
(-0.06516191919 -0.3496848354 0)
(-0.04313079998 -0.2922114808 0)
(-0.02363219685 -0.2217735019 0)
(-0.008850818226 -0.1400653103 0)
(-0.0006413316395 -0.04914763535 0)
(-9.509290131e-05 0.02267535635 0)
(-0.001493882623 0.06337677603 0)
(-0.004117726288 0.09930593491 0)
(-0.007694382762 0.1304784572 0)
(-0.01190450147 0.1570563408 0)
(-0.01647954045 0.1793085964 0)
(-0.02118247002 0.1975770933 0)
(-0.02581579563 0.2122452858 0)
(-0.03022524842 0.2237116284 0)
(-0.03429782857 0.2323688459 0)
(-0.03795728898 0.2385889638 0)
(-0.04115859174 0.2427134036 0)
(-0.04388218896 0.2450472349 0)
(-0.04612867489 0.2458566539 0)
(-0.04791409965 0.2453688371 0)
(-0.04926605126 0.2437734449 0)
(-0.05022049917 0.2412251902 0)
(-0.05081932929 0.2378470165 0)
(-0.05110847168 0.2337335478 0)
(-0.05113651424 0.2289545688 0)
(-0.05095370132 0.2235583693 0)
(-0.05061122693 0.217574852 0)
(-0.05016074762 0.211018344 0)
(-0.04965405243 0.2038900844 0)
(-0.04914284067 0.1961803894 0)
(-0.04867857044 0.1878705026 0)
(-0.0483123442 0.1789341496 0)
(-0.04809480742 0.1693388302 0)
(-0.04807604427 0.1590468723 0)
(-0.04830545167 0.1480162732 0)
(-0.04883157335 0.1362013586 0)
(-0.04970187918 0.1235532934 0)
(-0.05096247286 0.1100204709 0)
(-0.05265770502 0.0955488141 0)
(-0.05482966346 0.08008202998 0)
(-0.05751750671 0.06356186269 0)
(-0.06075660388 0.04592841297 0)
(-0.06457736981 0.02712060867 0)
(-0.06900347574 0.007076896018 0)
(-0.07405051749 -0.01426367168 0)
(-0.07972327899 -0.03695885371 0)
(-0.08601177418 -0.06106165616 0)
(-0.0928872203 -0.08661529807 0)
(-0.1002965687 -0.1136469194 0)
(-0.1081552329 -0.142158133 0)
(-0.1163383072 -0.1721113765 0)
(-0.1246701388 -0.2034106562 0)
(-0.1329126433 -0.235875103 0)
(-0.1407534253 -0.2692039406 0)
(-0.1477957819 -0.302932253 0)
(-0.1535540765 -0.3363787077 0)
(-0.1574596482 -0.3685896125 0)
(-0.1588838815 -0.3982884977 0)
(-0.1571854825 -0.4238463474 0)
(-0.1517871451 -0.4432930794 0)
(-0.1422813952 -0.4543929067 0)
(-0.128555997 -0.4548008129 0)
(-0.1109175844 -0.4423012861 0)
(-0.09018269847 -0.415103868 0)
(-0.06770158293 -0.3721392266 0)
(-0.04528283411 -0.3132761578 0)
(-0.02504883235 -0.2393766533 0)
(-0.009475046462 -0.1521389395 0)
(-0.0007057047297 -0.0537615924 0)
(-0.0001092812348 0.02345805455 0)
(-0.00167216144 0.0655221974 0)
(-0.004567059094 0.1025412492 0)
(-0.008457364241 0.1344961953 0)
(-0.01295749878 0.161553604 0)
(-0.01774859637 0.1840114714 0)
(-0.02255737733 0.2022542429 0)
(-0.02716400755 0.2167131454 0)
(-0.03140414301 0.2278336877 0)
(-0.03516438105 0.2360513384 0)
(-0.03837503557 0.2417747853 0)
(-0.04100217123 0.2453755213 0)
(-0.0430399081 0.2471823777 0)
(-0.04450357686 0.2474797113 0)
(-0.04542397488 0.246508146 0)
(-0.04584275713 0.2444669858 0)
(-0.04580887425 0.2415176218 0)
(-0.04537591279 0.2377874352 0)
(-0.04460017527 0.2333738451 0)
(-0.04353934318 0.228348262 0)
(-0.04225158438 0.2227597962 0)
(-0.04079498666 0.216638635 0)
(-0.03922722522 0.2099990484 0)
(-0.03760538826 0.2028420098 0)
(-0.03598590496 0.1951574488 0)
(-0.03442453756 0.1869261537 0)
(-0.0329763989 0.1781213448 0)
(-0.03169597185 0.1687099699 0)
(-0.03063712218 0.1586537461 0)
(-0.02985308659 0.147909968 0)
(-0.02939641738 0.1364321198 0)
(-0.02931887523 0.1241703273 0)
(-0.02967125935 0.1110716685 0)
(-0.03050315537 0.09708037547 0)
(-0.03186257808 0.082137958 0)
(-0.03379547943 0.06618328683 0)
(-0.03634508902 0.04915268767 0)
(-0.03955100624 0.03098011557 0)
(-0.04344775648 0.01159746138 0)
(-0.04806341252 -0.009064977782 0)
(-0.0534177704 -0.03107647804 0)
(-0.05951852888 -0.05450524164 0)
(-0.06635738817 -0.07941458976 0)
(-0.07390516848 -0.1058581107 0)
(-0.08210458641 -0.1338719458 0)
(-0.09086123519 -0.1634630685 0)
(-0.1000323029 -0.1945919088 0)
(-0.1094130343 -0.2271472539 0)
(-0.1187215561 -0.2609111913 0)
(-0.1275836467 -0.2955122164 0)
(-0.1355206024 -0.3303659116 0)
(-0.1419455027 -0.364605657 0)
(-0.1461755383 -0.3970110804 0)
(-0.147469845 -0.4259494672 0)
(-0.1451019973 -0.449353911 0)
(-0.1384719266 -0.4647683895 0)
(-0.1272519328 -0.4694887719 0)
(-0.1115463205 -0.460814098 0)
(-0.09202858387 -0.4363914798 0)
(-0.0700092319 -0.39459551 0)
(-0.04738561048 -0.3348436796 0)
(-0.02649355151 -0.2577326327 0)
(-0.01013155661 -0.1649114036 0)
(-0.0007766751516 -0.05870744776 0)
(-0.0001295336487 0.02434628005 0)
(-0.001920096607 0.06792765324 0)
(-0.005187398422 0.1061197171 0)
(-0.009507006972 0.1388667473 0)
(-0.01440565702 0.1663497137 0)
(-0.01950082061 0.1889108905 0)
(-0.02447569129 0.2069938061 0)
(-0.02908571539 0.2210925255 0)
(-0.03315762091 0.2317118904 0)
(-0.03658091809 0.2393392193 0)
(-0.03929686878 0.2444259913 0)
(-0.04128731493 0.2473774055 0)
(-0.04256450415 0.2485477625 0)
(-0.04316246494 0.2482399036 0)
(-0.04313007893 0.2467073022 0)
(-0.04252575697 0.2441577512 0)
(-0.04141350856 0.2407578801 0)
(-0.03986015539 0.2366379742 0)
(-0.03793344333 0.2318967468 0)
(-0.03570083459 0.2266058448 0)
(-0.03322879747 0.220813964 0)
(-0.03058244319 0.2145505135 0)
(-0.02782540219 0.207828823 0)
(-0.02501984741 0.2006488862 0)
(-0.02222660664 0.1929996947 0)
(-0.01950532681 0.1848611834 0)
(-0.01691464461 0.176205807 0)
(-0.01451234014 0.1669998263 0)
(-0.01235547892 0.1572043215 0)
(-0.01050052152 0.1467759704 0)
(-0.00900338454 0.1356676211 0)
(-0.007919447997 0.1238286868 0)
(-0.007303509423 0.1112053867 0)
(-0.007209665503 0.09774086156 0)
(-0.007691105251 0.083375187 0)
(-0.008799790744 0.06804531419 0)
(-0.01058599685 0.0516849721 0)
(-0.01309765675 0.03422458283 0)
(-0.01637929284 0.01559122686 0)
(-0.0204705906 -0.004291372018 0)
(-0.02540552591 -0.02550161222 0)
(-0.031208775 -0.04811985881 0)
(-0.03789206901 -0.0722261582 0)
(-0.04545006113 -0.09789685909 0)
(-0.0538534603 -0.1251988063 0)
(-0.06304020172 -0.1541799581 0)
(-0.07290387563 -0.1848546671 0)
(-0.08327903072 -0.2171811394 0)
(-0.09392347302 -0.2510280877 0)
(-0.1044984311 -0.2861274733 0)
(-0.1145490727 -0.3220107405 0)
(-0.123490322 -0.3579284351 0)
(-0.1306060811 -0.3927582306 0)
(-0.1350732785 -0.4249149957 0)
(-0.1360240602 -0.4522881456 0)
(-0.1326571815 -0.4722433492 0)
(-0.124400169 -0.4817310982 0)
(-0.1111059951 -0.4775347199 0)
(-0.09324528114 -0.4566576056 0)
(-0.07203396558 -0.4167945852 0)
(-0.04942569654 -0.3567713273 0)
(-0.02797094524 -0.2767965899 0)
(-0.01082694472 -0.1783949965 0)
(-0.000855618006 -0.06400508139 0)
(-0.0001579438221 0.02538012939 0)
(-0.002257958087 0.07068756971 0)
(-0.006024543295 0.1101622208 0)
(-0.01091406335 0.1437124936 0)
(-0.01633808816 0.1715501747 0)
(-0.02183464617 0.1940843842 0)
(-0.02703598012 0.2118405861 0)
(-0.03167170124 0.225395485 0)
(-0.03556268743 0.2353285931 0)
(-0.03860673089 0.2421898234 0)
(-0.04076228083 0.2464801644 0)
(-0.04203313379 0.2486420503 0)
(-0.04245524233 0.2490564502 0)
(-0.04208605712 0.2480443122 0)
(-0.04099634881 0.245870609 0)
(-0.03926421264 0.2427497474 0)
(-0.03697086907 0.2388515122 0)
(-0.03419787146 0.2343070105 0)
(-0.03102537164 0.229214296 0)
(-0.02753115191 0.2236434982 0)
(-0.02379019393 0.2176413776 0)
(-0.01987459419 0.2112352806 0)
(-0.01585371547 0.2044365496 0)
(-0.01179445216 0.1972433718 0)
(-0.007761570403 0.1896431532 0)
(-0.003818062123 0.1816144858 0)
(-2.549831796e-05 0.1731287283 0)
(0.003555645874 0.1641512616 0)
(0.006865728585 0.1546424734 0)
(0.009845733725 0.1445585067 0)
(0.01243706536 0.1338517676 0)
(0.01458141934 0.1224712673 0)
(0.01622070933 0.1103628027 0)
(0.01729705653 0.09746899974 0)
(0.017752852 0.08372923646 0)
(0.01753091003 0.06907946712 0)
(0.01657473582 0.05345196778 0)
(0.01482894055 0.03677503541 0)
(0.01223995165 0.01897266739 0)
(0.008757362832 -3.58171735e-05 0)
(0.004334175563 -0.02033554511 0)
(-0.001070271653 -0.04201594014 0)
(-0.007486954601 -0.06517027354 0)
(-0.01493373731 -0.08989343114 0)
(-0.02340913642 -0.1162782521 0)
(-0.03288412903 -0.1444087545 0)
(-0.04329089594 -0.1743486809 0)
(-0.05450769772 -0.2061226496 0)
(-0.0663396014 -0.2396861192 0)
(-0.07849505058 -0.2748802636 0)
(-0.09055981336 -0.3113670525 0)
(-0.1019723252 -0.3485412687 0)
(-0.11200819 -0.3854207357 0)
(-0.1197864284 -0.4205247944 0)
(-0.1243145481 -0.4517650827 0)
(-0.1245906717 -0.4763905111 0)
(-0.1197739282 -0.4910427727 0)
(-0.1094155996 -0.4919780067 0)
(-0.09371364493 -0.4754805326 0)
(-0.07371844421 -0.4384288931 0)
(-0.0513915346 -0.3788862671 0)
(-0.02949084226 -0.2965135114 0)
(-0.01157163617 -0.1926049226 0)
(-0.0009445290735 -0.06967906271 0)
(-0.0001974651313 0.02661171213 0)
(-0.002712519576 0.07392148339 0)
(-0.00713684062 0.1148174538 0)
(-0.01276541334 0.1491784813 0)
(-0.01885961922 0.1772737333 0)
(-0.02485992455 0.1996121253 0)
(-0.03034094656 0.2168323662 0)
(-0.03500775823 0.2296194505 0)
(-0.03868146577 0.2386463052 0)
(-0.04127639989 0.244537688 0)
(-0.04277685262 0.247851025 0)
(-0.04321657838 0.2490689515 0)
(-0.0426620687 0.2485993561 0)
(-0.04119969588 0.2467798437 0)
(-0.03892632642 0.2438844917 0)
(-0.03594280166 0.2401315139 0)
(-0.03234965742 0.2356909794 0)
(-0.02824451621 0.2306920944 0)
(-0.02372067868 0.2252297954 0)
(-0.01886654045 0.2193705547 0)
(-0.01376556236 0.2131573942 0)
(-0.008496546742 0.2066141127 0)
(-0.003134143674 0.1997488494 0)
(0.002250594535 0.1925570216 0)
(0.007589526229 0.1850237042 0)
(0.01281698007 0.1771256219 0)
(0.01786914234 0.1688326898 0)
(0.02268359013 0.1601092211 0)
(0.0271988555 0.1509148598 0)
(0.03135406636 0.141205269 0)
(0.03508864871 0.130932591 0)
(0.03834208355 0.1200457331 0)
(0.04105371427 0.1084904922 0)
(0.04316261135 0.09620953583 0)
(0.04460749801 0.08314225323 0)
(0.04532674775 0.06922448682 0)
(0.04525847097 0.05438815513 0)
(0.0443407109 0.03856077983 0)
(0.04251184477 0.02166493197 0)
(0.03971162985 0.003617566193 0)
(0.03588125019 -0.01567064361 0)
(0.03096520242 -0.0362952208 0)
(0.02491456707 -0.05835888582 0)
(0.01768954733 -0.08197059621 0)
(0.00926473559 -0.1072439805 0)
(-0.0003635408061 -0.1342933467 0)
(-0.01116692748 -0.163225856 0)
(-0.02307011985 -0.1941268107 0)
(-0.0359310611 -0.2270345579 0)
(-0.04951529641 -0.2619003196 0)
(-0.06346474795 -0.298525689 0)
(-0.07726340755 -0.3364715473 0)
(-0.09020660181 -0.3749352072 0)
(-0.1013863624 -0.4125999834 0)
(-0.1097124956 -0.4474766261 0)
(-0.1139948991 -0.476779617 0)
(-0.1131102461 -0.496906524 0)
(-0.1062597819 -0.5036022749 0)
(-0.09328971425 -0.4923715668 0)
(-0.07499445643 -0.4591315785 0)
(-0.05327306134 -0.4009784777 0)
(-0.03107021164 -0.3168169682 0)
(-0.01238166139 -0.2075621316 0)
(-0.001046360598 -0.07576120321 0)
(-0.0002523552915 0.02810925042 0)
(-0.003319624937 0.07778087827 0)
(-0.008599051407 0.1202671224 0)
(-0.0151673859 0.1554335089 0)
(-0.02209156659 0.1836488076 0)
(-0.02869472903 0.2055694431 0)
(-0.03448958018 0.2219898016 0)
(-0.03916214635 0.2337358197 0)
(-0.04254433963 0.241596105 0)
(-0.04457923689 0.2462835572 0)
(-0.04528868621 0.2484184919 0)
(-0.04474653439 0.2485254454 0)
(-0.04305797278 0.2470379177 0)
(-0.04034449376 0.2443071648 0)
(-0.03673351407 0.2406125808 0)
(-0.03235162946 0.2361722104 0)
(-0.02732055883 0.2311526008 0)
(-0.02175499668 0.2256776136 0)
(-0.01576176004 0.2198360735 0)
(-0.009439767453 0.2136882758 0)
(-0.002880561277 0.2072714144 0)
(0.00383094387 0.2006040465 0)
(0.01061544926 0.1936897547 0)
(0.01739853558 0.1865201389 0)
(0.02410963317 0.1790772098 0)
(0.03068122825 0.1713352912 0)
(0.03704809101 0.163262509 0)
(0.04314663858 0.1548219169 0)
(0.04891435516 0.1459723508 0)
(0.05428929854 0.1366690531 0)
(0.0592096834 0.1268640814 0)
(0.06361352513 0.1165065359 0)
(0.06743833777 0.1055426283 0)
(0.07062088389 0.09391560936 0)
(0.07309697529 0.08156556028 0)
(0.07480132924 0.06842905472 0)
(0.07566749043 0.05443868951 0)
(0.07562783119 0.03952248231 0)
(0.07461369094 0.02360313396 0)
(0.07255603725 0.006597116764 0)
(0.06938548815 -0.01158652473 0)
(0.06503315891 -0.03104652062 0)
(0.05943353045 -0.05189132934 0)
(0.05252641088 -0.07423952359 0)
(0.04426092891 -0.09822006763 0)
(0.03460190021 -0.1239710847 0)
(0.02353903753 -0.1516355509 0)
(0.01110060921 -0.1813514873 0)
(-0.002627702642 -0.2132333146 0)
(-0.01747623501 -0.2473384125 0)
(-0.0331565658 -0.2836101215 0)
(-0.04921939662 -0.3217897354 0)
(-0.06500940654 -0.3612872878 0)
(-0.0796282557 -0.4010081291 0)
(-0.09192558204 -0.4391466095 0)
(-0.1005499966 -0.4729853346 0)
(-0.1040960293 -0.4987750972 0)
(-0.101373718 -0.5118032281 0)
(-0.09179149882 -0.5067616504 0)
(-0.07577485448 -0.4784609513 0)
(-0.05505987021 -0.422789718 0)
(-0.03273539996 -0.3376264131 0)
(-0.01328125294 -0.2232970615 0)
(-0.001165564683 -0.08229433787 0)
(-0.0003289057165 0.02996293616 0)
(-0.004127979009 0.08245803904 0)
(-0.01050741225 0.126731386 0)
(-0.01824904174 0.1626690372 0)
(-0.02617032362 0.1908057529 0)
(-0.03345746886 0.2120140363 0)
(-0.03956222636 0.2273007131 0)
(-0.04416395105 0.2376732863 0)
(-0.04712247033 0.2440614565 0)
(-0.04842705451 0.2472796162 0)
(-0.04815253875 0.2480158098 0)
(-0.04642533751 0.2468358811 0)
(-0.04339875512 0.2441952533 0)
(-0.03923607225 0.2404536772 0)
(-0.03409966265 0.2358902807 0)
(-0.0281445255 0.2307175476 0)
(-0.02151490705 0.225093627 0)
(-0.0143429874 0.2191328158 0)
(-0.006748867847 0.212914293 0)
(0.001158643258 0.2064892845 0)
(0.009280745126 0.1998868253 0)
(0.01752741322 0.1931183677 0)
(0.02581596683 0.186181543 0)
(0.03406970979 0.1790631129 0)
(0.04221668217 0.1717412645 0)
(0.05018857401 0.1641873877 0)
(0.05791975471 0.156367469 0)
(0.06534644501 0.1482431244 0)
(0.07240599378 0.139772357 0)
(0.07903625845 0.130910093 0)
(0.08517507397 0.1216085176 0)
(0.09075979234 0.1118172413 0)
(0.09572688064 0.1014833165 0)
(0.1000115684 0.09055111573 0)
(0.1035475381 0.07896207745 0)
(0.1062666571 0.06665431603 0)
(0.1080987556 0.05356208831 0)
(0.1089714553 0.03961510087 0)
(0.1088100833 0.02473763844 0)
(0.1075379661 0.008847460936 0)
(0.1050764301 -0.008145709489 0)
(0.1013447565 -0.0263411395 0)
(0.09626252562 -0.04584954217 0)
(0.08975105593 -0.06679467953 0)
(0.08173612461 -0.08931529263 0)
(0.07215307588 -0.1135662937 0)
(0.06095450683 -0.1397180953 0)
(0.04812208563 -0.1679519951 0)
(0.03368416255 -0.1984483346 0)
(0.01774147415 -0.2313611899 0)
(0.0005024799708 -0.2667714652 0)
(-0.01766937753 -0.3046070454 0)
(-0.03619789107 -0.3445139539 0)
(-0.05423519315 -0.3856707476 0)
(-0.07061858681 -0.4265419759 0)
(-0.08387903674 -0.464598097 0)
(-0.09234915773 -0.4960760366 0)
(-0.09442125708 -0.515907879 0)
(-0.08897831124 -0.5179841479 0)
(-0.07593939637 -0.4958782433 0)
(-0.05673643255 -0.4439960952 0)
(-0.03452448658 -0.3588415553 0)
(-0.01430668498 -0.2398543329 0)
(-0.001308994793 -0.08933796375 0)
(-0.0004366769144 0.0322934881 0)
(-0.005204862299 0.08819743976 0)
(-0.01298614277 0.1344736448 0)
(-0.02216446506 0.1710937181 0)
(-0.03124128905 0.1988620556 0)
(-0.03925043094 0.2189649189 0)
(-0.04559361881 0.232696188 0)
(-0.04996672416 0.2412938689 0)
(-0.0522837657 0.2458560207 0)
(-0.0526043288 0.2473101022 0)
(-0.05107592552 0.2464133489 0)
(-0.04789232342 0.243768588 0)
(-0.04326525892 0.23984605 0)
(-0.03740645379 0.2350059709 0)
(-0.03051708312 0.2295194087 0)
(-0.02278235407 0.2235862493 0)
(-0.01436943279 0.2173502061 0)
(-0.005427442425 0.2109110062 0)
(0.003911347487 0.2043341562 0)
(0.01352952362 0.1976586258 0)
(0.02332277846 0.1909027272 0)
(0.03319765545 0.1840689543 0)
(0.04306960772 0.1771476053 0)
(0.05286119084 0.1701195728 0)
(0.06250048595 0.1629584921 0)
(0.07191972939 0.1556323615 0)
(0.0810541303 0.1481047707 0)
(0.08984086471 0.1403357971 0)
(0.0982182143 0.1322826446 0)
(0.1061248309 0.1239000725 0)
(0.1134991042 0.1151406468 0)
(0.1202786106 0.105954838 0)
(0.1263996255 0.09629098315 0)
(0.1317966836 0.08609512037 0)
(0.1364021773 0.07531069671 0)
(0.140145985 0.06387814294 0)
(0.1429551278 0.05173429934 0)
(0.1447534536 0.03881166739 0)
(0.1454613623 0.02503745302 0)
(0.1449957795 0.01033233692 0)
(0.1432701026 -0.005391223117 0)
(0.1401934606 -0.02223048832 0)
(0.1356724423 -0.04029518592 0)
(0.1296120605 -0.05971010454 0)
(0.1219172398 -0.0806183979 0)
(0.1124965677 -0.1031849228 0)
(0.1012682219 -0.1275988478 0)
(0.08816957454 -0.1540739487 0)
(0.07317238886 -0.1828436464 0)
(0.05630619044 -0.2141453949 0)
(0.03769288038 -0.2481859703 0)
(0.01759598216 -0.2850744707 0)
(-0.003515435733 -0.3247056439 0)
(-0.02488644246 -0.3665712343 0)
(-0.04539952302 -0.4094864397 0)
(-0.06352965781 -0.4512394102 0)
(-0.07739356506 -0.4882211255 0)
(-0.08496403505 -0.5151701986 0)
(-0.08451899797 -0.525253716 0)
(-0.07531044219 -0.5107161222 0)
(-0.05827154733 -0.4641804138 0)
(-0.03648905402 -0.3803311064 0)
(-0.01551198035 -0.2572981621 0)
(-0.001487437554 -0.0969767332 0)
(-0.0005906550704 0.0352649735 0)
(-0.006644889504 0.09531015294 0)
(-0.01619542692 0.1438026659 0)
(-0.02709182605 0.1809195657 0)
(-0.0374433622 0.20789573 0)
(-0.04612787111 0.2263686565 0)
(-0.05252561303 0.2380149197 0)
(-0.05638848247 0.2443591382 0)
(-0.05772330968 0.2466939736 0)
(-0.05669213339 0.2460666601 0)
(-0.05353923241 0.2432991115 0)
(-0.04854229446 0.2390211723 0)
(-0.04198188429 0.2337060628 0)
(-0.03412389846 0.227702878 0)
(-0.02521073978 0.2212641802 0)
(-0.01545803021 0.2145684188 0)
(-0.005054660987 0.2077376591 0)
(0.005835323021 0.2008513755 0)
(0.01706967652 0.1939570004 0)
(0.02852528279 0.1870777101 0)
(0.04009475622 0.1802186619 0)
(0.05168361499 0.1733715682 0)
(0.06320768765 0.166518079 0)
(0.07459085558 0.159632327 0)
(0.08576312335 0.1526828196 0)
(0.09665897939 0.1456338292 0)
(0.1072160127 0.1384464064 0)
(0.1173737506 0.1310790985 0)
(0.1270726781 0.1234884375 0)
(0.1362534053 0.1156292446 0)
(0.1448559548 0.1074547833 0)
(0.1528191392 0.09891678086 0)
(0.160080007 0.08996533397 0)
(0.1665733374 0.08054870092 0)
(0.1722311674 0.07061297983 0)
(0.1769823407 0.06010166077 0)
(0.1807520697 0.04895503128 0)
(0.1834615045 0.03710940244 0)
(0.1850273067 0.02449611049 0)
(0.1853613627 0.01104022145 0)
(0.184370632 -0.003341250293 0)
(0.1819559326 -0.01874126629 0)
(0.1780129754 -0.03526563948 0)
(0.1724329195 -0.05303637115 0)
(0.1651027188 -0.07219599565 0)
(0.155907497 -0.09291265014 0)
(0.144734597 -0.1153854728 0)
(0.131480667 -0.1398493097 0)
(0.1160637182 -0.1665764652 0)
(0.09844293338 -0.1958709997 0)
(0.07865007141 -0.2280476229 0)
(0.05683725301 -0.2633819232 0)
(0.03334538669 -0.3020121469 0)
(0.008795850816 -0.3437649519 0)
(-0.01580378055 -0.3878774003 0)
(-0.03895199174 -0.4325833945 0)
(-0.05862730732 -0.4746237127 0)
(-0.07241877406 -0.5087718735 0)
(-0.07794391361 -0.52764241 0)
(-0.07361190994 -0.5221351153 0)
(-0.05959666459 -0.4827884968 0)
(-0.03869349661 -0.4019110012 0)
(-0.01697734263 -0.2757176092 0)
(-0.001718283935 -0.1053334464 0)
(-0.0008151158105 0.03910452776 0)
(-0.008583527609 0.1041913791 0)
(-0.02034004379 0.1550677686 0)
(-0.03322413159 0.192332694 0)
(-0.04487475834 0.2178993366 0)
(-0.05403641414 0.2340464231 0)
(-0.06012582211 0.2429511397 0)
(-0.06301396809 0.2464838976 0)
(-0.06285479334 0.2461517294 0)
(-0.0599536373 0.2431186257 0)
(-0.05467923618 0.2382570621 0)
(-0.04741007365 0.2322058896 0)
(-0.03850436195 0.2254233752 0)
(-0.02828541453 0.2182315053 0)
(-0.01703649684 0.2108510294 0)
(-0.005001114205 0.2034283151 0)
(0.007613825348 0.1960555933 0)
(0.02063328431 0.1887858909 0)
(0.03390980595 0.1816437276 0)
(0.04731845127 0.1746332937 0)
(0.06075259928 0.1677442703 0)
(0.07412020122 0.1609559771 0)
(0.08734056959 0.1542403623 0)
(0.1003416733 0.1475641527 0)
(0.1130578818 0.1408903845 0)
(0.1254280929 0.1341794808 0)
(0.1373941847 0.1273899979 0)
(0.1488997334 0.1204791222 0)
(0.1598889464 0.1134029782 0)
(0.1703057658 0.1061167904 0)
(0.1800931037 0.09857492482 0)
(0.1891921776 0.09073082814 0)
(0.1975419168 0.08253687319 0)
(0.2050784172 0.07394411186 0)
(0.2117344253 0.0649019293 0)
(0.2174388348 0.05535758465 0)
(0.2221161835 0.04525561339 0)
(0.2256861399 0.03453705378 0)
(0.2280629645 0.02313844485 0)
(0.2291550275 0.01099051891 0)
(0.2288645168 -0.001983580852 0)
(0.2270859666 -0.01587050771 0)
(0.2237065553 -0.03076958956 0)
(0.2186063147 -0.04679665541 0)
(0.21165747 -0.06408906917 0)
(0.2027254829 -0.08281204865 0)
(0.1916712158 -0.103166225 0)
(0.1783553465 -0.1253959947 0)
(0.1626468108 -0.1497972349 0)
(0.1444380006 -0.1767210537 0)
(0.1236708858 -0.206566918 0)
(0.1003799689 -0.2397529057 0)
(0.07475930843 -0.2766425376 0)
(0.0472607757 -0.3173966124 0)
(0.01872453257 -0.3617095203 0)
(-0.009473210362 -0.4083869635 0)
(-0.03528316542 -0.4547281844 0)
(-0.05599979794 -0.495834039 0)
(-0.06857368 -0.5240568038 0)
(-0.07040100713 -0.5290655821 0)
(-0.06056307404 -0.4990609189 0)
(-0.04120725359 -0.4233031927 0)
(-0.01882122519 -0.2952290392 0)
(-0.002030306619 -0.1145891881 0)
(-0.001150655732 0.04413336855 0)
(-0.01121770332 0.1153397922 0)
(-0.0256752135 0.1686381554 0)
(-0.040740283 0.2054361056 0)
(-0.05352212186 0.2287026903 0)
(-0.0627058726 0.2416128694 0)
(-0.06784914418 0.2469807168 0)
(-0.06903714634 0.2470751613 0)
(-0.06664328223 0.243621485 0)
(-0.06116461404 0.237880479 0)
(-0.05312289725 0.2307467047 0)
(-0.0430114279 0.2228392057 0)
(-0.03127029333 0.2145758622 0)
(-0.01827837125 0.2062307808 0)
(-0.004354516927 0.1979767263 0)
(0.01023679066 0.1899158996 0)
(0.02527782946 0.1821018052 0)
(0.0405905158 0.1745544451 0)
(0.05602869669 0.1672712493 0)
(0.07147183915 0.1602345537 0)
(0.08681955059 0.1534166877 0)
(0.1019869966 0.1467834561 0)
(0.1169011236 0.1402965089 0)
(0.1314975715 0.1339149363 0)
(0.1457181662 0.1275963275 0)
(0.1595088874 0.1212974546 0)
(0.1728182212 0.1149746958 0)
(0.1855958192 0.1085842734 0)
(0.1977913985 0.1020823569 0)
(0.2093538281 0.09542506521 0)
(0.2202303562 0.08856838826 0)
(0.2303659407 0.08146803814 0)
(0.2397026526 0.07407923446 0)
(0.2481791242 0.06635642009 0)
(0.2557300218 0.05825289749 0)
(0.2622855233 0.04972036791 0)
(0.2677707838 0.04070834585 0)
(0.2721053747 0.03116340813 0)
(0.2752026731 0.0210282214 0)
(0.2769692485 0.01024026901 0)
(0.2773044049 -0.001269867455 0)
(0.2760986305 -0.01358083482 0)
(0.2732331871 -0.02678329729 0)
(0.2685800025 -0.04098401195 0)
(0.2620001744 -0.0563112018 0)
(0.2533437777 -0.07292161476 0)
(0.2424502265 -0.09100953246 0)
(0.2291500219 -0.1108178065 0)
(0.2132693562 -0.1326503587 0)
(0.1946399862 -0.156884157 0)
(0.1731184229 -0.1839758477 0)
(0.1486208273 -0.2144529603 0)
(0.1211828402 -0.2488706983 0)
(0.09105605638 -0.2877016729 0)
(0.0588516961 -0.3311088505 0)
(0.02573150897 -0.3785363394 0)
(-0.006382116488 -0.4280577118 0)
(-0.03464449927 -0.4754491621 0)
(-0.05541610613 -0.5132248652 0)
(-0.06495659465 -0.5301354344 0)
(-0.06085945146 -0.5119281605 0)
(-0.04407899833 -0.4440585445 0)
(-0.02121607103 -0.3159682612 0)
(-0.002472107435 -0.1250139108 0)
(-0.001666965417 0.05081635811 0)
(-0.01483559934 0.1293733605 0)
(-0.03249888908 0.1848480515 0)
(-0.04973105698 0.2201426184 0)
(-0.06311758897 0.2398460737 0)
(-0.0714512677 0.2483553216 0)
(-0.07460410933 0.2492606626 0)
(-0.07301030185 0.2452570601 0)
(-0.06735185571 0.2382609857 0)
(-0.05836828055 0.2295831893 0)
(-0.04675739578 0.2200918488 0)
(-0.03313241671 0.2103439359 0)
(-0.01800980315 0.200683212 0)
(-0.001813007524 0.1913105027 0)
(0.01511662419 0.1823322723 0)
(0.0325071042 0.1737935528 0)
(0.05014343661 0.1657002597 0)
(0.06785566283 0.1580339974 0)
(0.08550915647 0.150761734 0)
(0.1029965298 0.143841993 0)
(0.1202310551 0.1372288034 0)
(0.1371413958 0.1308741737 0)
(0.1536674171 0.1247295998 0)
(0.1697568705 0.1187469451 0)
(0.1853627763 0.1128789174 0)
(0.2004413545 0.1070792878 0)
(0.2149503862 0.1013029465 0)
(0.2288479048 0.0955058524 0)
(0.2420911415 0.0896449155 0)
(0.254635661 0.08367783107 0)
(0.2664346382 0.07756287726 0)
(0.2774382346 0.07125867904 0)
(0.287593043 0.06472393577 0)
(0.2968415706 0.05791710457 0)
(0.3051217392 0.050796026 0)
(0.3123663808 0.04331747165 0)
(0.31850271 0.03543658456 0)
(0.3234517528 0.02710617092 0)
(0.327127708 0.01827578593 0)
(0.3294372638 0.008890535616 0)
(0.3302789729 -0.001110527747 0)
(0.3295417394 -0.01179668531 0)
(0.3271038236 -0.02324818566 0)
(0.3228323987 -0.03556034546 0)
(0.3165814134 -0.04884893137 0)
(0.3081902986 -0.06325745683 0)
(0.2974826841 -0.07896690048 0)
(0.2842656222 -0.0962083544 0)
(0.2683303766 -0.1152788298 0)
(0.2494566554 -0.1365595771 0)
(0.2274237756 -0.1605342223 0)
(0.2020348698 -0.1877996835 0)
(0.1731641244 -0.2190545334 0)
(0.1408419908 -0.2550349165 0)
(0.1053974055 -0.2963456443 0)
(0.06767407032 -0.3431047843 0)
(0.02931825758 -0.3942965289 0)
(-0.006921290629 -0.4467469799 0)
(-0.03702223732 -0.4937093813 0)
(-0.05610051908 -0.5235909928 0)
(-0.05985604847 -0.5198549552 0)
(-0.04726733694 -0.4634156638 0)
(-0.02440383842 -0.3380559725 0)
(-0.003126312403 -0.1370116466 0)
(-0.002485951376 0.05984255539 0)
(-0.01985366318 0.1470261029 0)
(-0.04110005545 0.2038705496 0)
(-0.06002340317 0.2359804182 0)
(-0.07285421297 0.2503780318 0)
(-0.078816162 0.2530615345 0)
(-0.07836238985 0.2485021943 0)
(-0.07245073178 0.239790106 0)
(-0.06216715195 0.2289528239 0)
(-0.04853297901 0.2172650859 0)
(-0.03242682346 0.2054948113 0)
(-0.01456745659 0.194079725 0)
(0.004475567588 0.1832480422 0)
(0.02425950114 0.1730988046 0)
(0.04444629697 0.1636529649 0)
(0.06477985047 0.1548867084 0)
(0.08506729397 0.1467517505 0)
(0.1051636823 0.1391877679 0)
(0.1249599136 0.1321297518 0)
(0.1443732705 0.125512219 0)
(0.1633401139 0.1192714947 0)
(0.1818102804 0.1133468246 0)
(0.1997427984 0.1076807944 0)
(0.217102619 0.1022193561 0)
(0.2338581185 0.09691164093 0)
(0.2499791838 0.09170966718 0)
(0.2654357374 0.0865680042 0)
(0.2801965891 0.08144342661 0)
(0.2942285312 0.07629457423 0)
(0.3074956102 0.07108162308 0)
(0.319958525 0.06576596608 0)
(0.3315741112 0.06030989731 0)
(0.342294879 0.05467629045 0)
(0.3520685797 0.04882825867 0)
(0.3608377762 0.0427287792 0)
(0.3685393975 0.03634026039 0)
(0.3751042579 0.02962402171 0)
(0.3804565175 0.02253964622 0)
(0.3845130568 0.01504415039 0)
(0.3871827806 0.007090896695 0)
(0.3883658609 -0.001371856012 0)
(0.3879522947 -0.0104030402 0)
(0.3858205555 -0.02007120635 0)
(0.3818367518 -0.03045844062 0)
(0.3758520551 -0.04166545977 0)
(0.3677004735 -0.05381867906 0)
(0.3571961378 -0.06707992312 0)
(0.3441302664 -0.08165958838 0)
(0.3282683901 -0.09783411422 0)
(0.3093490356 -0.1159683062 0)
(0.2870864346 -0.1365419096 0)
(0.2611823397 -0.1601768652 0)
(0.2313563103 -0.1876550775 0)
(0.1974104937 -0.2199032489 0)
(0.1593536842 -0.2578972197 0)
(0.1176172281 -0.3023993281 0)
(0.07339192186 -0.3533912546 0)
(0.02907535044 -0.4090262903 0)
(-0.01129532302 -0.4639768654 0)
(-0.0419211849 -0.5072349851 0)
(-0.05631787511 -0.5206250571 0)
(-0.05047286773 -0.480054363 0)
(-0.02869538006 -0.361510545 0)
(-0.004135460382 -0.1511964275 0)
(-0.00382380483 0.0722539296 0)
(-0.02684108212 0.1690827346 0)
(-0.05158089728 0.2254467646 0)
(-0.07077692457 0.2517509032 0)
(-0.08082339519 0.2585468814 0)
(-0.08193538718 0.2537927518 0)
(-0.07551659669 0.2428335463 0)
(-0.06324080265 0.2290121063 0)
(-0.04666844179 0.2143052794 0)
(-0.02710165796 0.1998149227 0)
(-0.005563671156 0.186106591 0)
(0.01717141351 0.1734286915 0)
(0.04053182031 0.1618483051 0)
(0.06410538958 0.1513348297 0)
(0.08759826912 0.1418089681 0)
(0.1108041724 0.1331708424 0)
(0.1335801626 0.1253154498 0)
(0.1558284727 0.1181408072 0)
(0.1774830103 0.1115517853 0)
(0.1984994275 0.1054615256 0)
(0.2188478611 0.09979155584 0)
(0.2385076439 0.09447125215 0)
(0.2574634549 0.08943701755 0)
(0.2757025158 0.08463138098 0)
(0.2932125444 0.08000212201 0)
(0.3099802541 0.07550146976 0)
(0.3259902454 0.07108539296 0)
(0.3412241783 0.06671298093 0)
(0.3556601424 0.06234590632 0)
(0.3692721654 0.05794795659 0)
(0.3820298138 0.05348461947 0)
(0.3938978513 0.04892270662 0)
(0.404835928 0.04422999971 0)
(0.4147982776 0.03937490143 0)
(0.423733402 0.03432607234 0)
(0.4315837268 0.02905203044 0)
(0.4382852059 0.02352068475 0)
(0.443766854 0.01769876524 0)
(0.4479501758 0.01155109903 0)
(0.4507485086 0.005039665221 0)
(0.4520661965 -0.001877659795 0)
(0.4517971953 -0.009248900054 0)
(0.4498236624 -0.01713014843 0)
(0.4460146536 -0.02558910635 0)
(0.4402233177 -0.03470964175 0)
(0.4322839375 -0.04459822285 0)
(0.4220080551 -0.05539297037 0)
(0.4091795499 -0.06727629268 0)
(0.3935487646 -0.08049236997 0)
(0.3748261298 -0.09537091819 0)
(0.3526767007 -0.1123584044 0)
(0.3267190551 -0.1320564699 0)
(0.2965359467 -0.1552631696 0)
(0.2617112556 -0.1830026454 0)
(0.2219195039 -0.2165074878 0)
(0.1771106508 -0.2570768509 0)
(0.1278487827 -0.305663604 0)
(0.07585747405 -0.3619482255 0)
(0.02474278102 -0.422585326 0)
(-0.0193692974 -0.4784386893 0)
(-0.04789828655 -0.5110794999 0)
(-0.05275892312 -0.4916732748 0)
(-0.03440195935 -0.3860229245 0)
(-0.00575723136 -0.168512609 0)
(-0.006049100282 0.08960314011 0)
(-0.03643966195 0.1961224541 0)
(-0.06333126556 0.2483244036 0)
(-0.0795722375 0.2649514144 0)
(-0.08291309155 0.2613675121 0)
(-0.07541628867 0.2476340323 0)
(-0.05985725297 0.2297124983 0)
(-0.03875835314 0.2108718571 0)
(-0.0141306273 0.1927653354 0)
(0.01253733081 0.1761294888 0)
(0.04018710131 0.1612041772 0)
(0.06809891111 0.1479747187 0)
(0.09579327235 0.1363091068 0)
(0.1229620492 0.126030243 0)
(0.149414408 0.1169535866 0)
(0.1750388799 0.1089049615 0)
(0.1997763966 0.1017278839 0)
(0.2236015894 0.09528538971 0)
(0.2465099523 0.08945917877 0)
(0.2685090918 0.08414761504 0)
(0.2896127992 0.07926338692 0)
(0.3098370545 0.07473122149 0)
(0.3291973462 0.07048582679 0)
(0.3477068812 0.06647012005 0)
(0.3653753966 0.06263374093 0)
(0.382208374 0.05893182272 0)
(0.3982065237 0.05532398498 0)
(0.4133654437 0.05177350953 0)
(0.427675393 0.04824666451 0)
(0.4411211321 0.04471214539 0)
(0.4536818017 0.04114060527 0)
(0.4653308148 0.03750425088 0)
(0.4760357448 0.03377648247 0)
(0.4857581947 0.02993155745 0)
(0.4944536331 0.02594425712 0)
(0.5020711827 0.021789534 0)
(0.508553344 0.0174421133 0)
(0.5138356339 0.01287601546 0)
(0.5178461065 0.008063957012 0)
(0.5205047769 0.002976573156 0)
(0.5217228002 -0.002418601588 0)
(0.5214011093 -0.008158598992 0)
(0.5194291835 -0.01428687792 0)
(0.515683297 -0.02085630491 0)
(0.5100236592 -0.0279329821 0)
(0.5022909595 -0.03560172561 0)
(0.4923016614 -0.04397391364 0)
(0.4798416737 -0.05319868506 0)
(0.4646580474 -0.06347891815 0)
(0.4464484232 -0.07509391762 0)
(0.424848421 -0.08843118981 0)
(0.3994184284 -0.1040296972 0)
(0.3696341792 -0.1226355017 0)
(0.3348917118 -0.1452652571 0)
(0.2945493831 -0.1732582513 0)
(0.2480509852 -0.2082631179 0)
(0.1952066211 -0.2520330585 0)
(0.1367428574 -0.3057709949 0)
(0.07522596583 -0.3685707232 0)
(0.01629133768 -0.4343464037 0)
(-0.03028047181 -0.4868712536 0)
(-0.05170797393 -0.4942625761 0)
(-0.04151428209 -0.4102781334 0)
(-0.008412690451 -0.1901778695 0)
(-0.009624243201 0.1140335686 0)
(-0.0488022566 0.22774003 0)
(-0.07354939426 0.2690974464 0)
(-0.08037464611 0.2708352484 0)
(-0.07069279504 0.2540951698 0)
(-0.04944956522 0.230545108 0)
(-0.02104714352 0.2060453904 0)
(0.01125792765 0.1832057034 0)
(0.04524620031 0.1629688584 0)
(0.07950848948 0.1454797325 0)
(0.1131872777 0.1305393534 0)
(0.1457948576 0.1178235473 0)
(0.1770790106 0.1069890756 0)
(0.2069341054 0.09771863028 0)
(0.2353418409 0.08973701934 0)
(0.2623335334 0.08281318992 0)
(0.2879663806 0.07675635945 0)
(0.312308829 0.07141014746 0)
(0.3354317597 0.06664652882 0)
(0.3574033249 0.06236037905 0)
(0.378286047 0.058464858 0)
(0.3981352968 0.05488763756 0)
(0.4169985982 0.05156788165 0)
(0.4349154122 0.04845385696 0)
(0.4519171912 0.04550105496 0)
(0.4680275711 0.04267071964 0)
(0.4832626263 0.03992869288 0)
(0.4976311398 0.03724450616 0)
(0.5111348622 0.03459066175 0)
(0.5237687444 0.03194205829 0)
(0.5355211344 0.02927552486 0)
(0.5463739335 0.02656943458 0)
(0.5563027059 0.02380337343 0)
(0.5652767387 0.02095784338 0)
(0.5732590448 0.01801397968 0)
(0.5802063014 0.01495326235 0)
(0.5860687103 0.01175719898 0)
(0.5907897628 0.008406952192 0)
(0.5943058779 0.004882877951 0)
(0.5965459408 0.001163932241 0)
(0.5974305362 -0.002773085232 0)
(0.5968707078 -0.006954659195 0)
(0.5947669531 -0.01141207375 0)
(0.5910071927 -0.01618368281 0)
(0.5854640064 -0.02131788513 0)
(0.577990957 -0.02687742877 0)
(0.568417455 -0.03294565319 0)
(0.5565416161 -0.03963554707 0)
(0.5421204078 -0.04710297886 0)
(0.5248561982 -0.05556610836 0)
(0.5043787771 -0.06533386395 0)
(0.4802222865 -0.07684740566 0)
(0.4517979433 -0.09073926883 0)
(0.4183674244 -0.1079140446 0)
(0.3790312845 -0.1296483047 0)
(0.3327673004 -0.1576868897 0)
(0.2785938386 -0.1942571708 0)
(0.2160010532 -0.241792139 0)
(0.145874864 -0.3018848249 0)
(0.07215917713 -0.372549857 0)
(0.00421377607 -0.4424291167 0)
(-0.04155867698 -0.4810644137 0)
(-0.04852462829 -0.4306155443 0)
(-0.01243707025 -0.2171595944 0)
(-0.01461335448 0.1488144703 0)
(-0.06134379367 0.2608074257 0)
(-0.07324698924 0.2799598562 0)
(-0.05908329097 0.2610584196 0)
(-0.02752789438 0.2298616962 0)
(0.01312425405 0.1976620901 0)
(0.05733073619 0.1688397082 0)
(0.101812432 0.1445083765 0)
(0.1448031435 0.1244916269 0)
(0.1854692263 0.1081887715 0)
(0.2235047237 0.09492743521 0)
(0.258891671 0.08409526135 0)
(0.2917573943 0.07518141333 0)
(0.3222925673 0.06777707652 0)
(0.3507059772 0.06156166121 0)
(0.377201178 0.05628592955 0)
(0.4019654155 0.05175642982 0)
(0.4251652724 0.04782253928 0)
(0.4469458612 0.04436621957 0)
(0.4674317532 0.04129414172 0)
(0.4867286481 0.03853172231 0)
(0.504925255 0.03601863968 0)
(0.5220951243 0.03370547227 0)
(0.5382983106 0.03155117716 0)
(0.5535828268 0.02952119434 0)
(0.5679858856 0.02758601558 0)
(0.581534947 0.02572009842 0)
(0.5942485919 0.02390103651 0)
(0.606137247 0.0221089205 0)
(0.6172037816 0.02032584038 0)
(0.6274439943 0.01853549219 0)
(0.6368470051 0.01672286043 0)
(0.6453955624 0.01487395383 0)
(0.6530662712 0.01297557553 0)
(0.659829747 0.01101511097 0)
(0.6656506903 0.008980317525 0)
(0.6704878774 0.006859098545 0)
(0.6742940504 0.004639242446 0)
(0.6770156808 0.002308103504 0)
(0.6785926567 -0.0001477906791 0)
(0.6789574904 -0.002743252074 0)
(0.6780346038 -0.005495258988 0)
(0.6757391752 -0.008424024013 0)
(0.6719752498 -0.01155452513 0)
(0.6666331906 -0.01491858316 0)
(0.659586099 -0.01855788605 0)
(0.6506847251 -0.02252840465 0)
(0.6397502261 -0.02690688236 0)
(0.62656386 -0.03180048838 0)
(0.6108523168 -0.03736134628 0)
(0.5922669213 -0.04380861898 0)
(0.5703544634 -0.05146230682 0)
(0.5445172443 -0.06079501149 0)
(0.5139609778 -0.07251045679 0)
(0.477633735 -0.08765923159 0)
(0.4341725847 -0.1077981836 0)
(0.3819085545 -0.1351753723 0)
(0.3190562581 -0.1728377352 0)
(0.2443623766 -0.2243186042 0)
(0.1587372311 -0.2919738196 0)
(0.06856913996 -0.3718563771 0)
(-0.009738527552 -0.4417295473 0)
(-0.04930920809 -0.4399894871 0)
(-0.01775362058 -0.251956373 0)
(-0.01998203255 0.200305513 0)
(-0.06154127147 0.2856836348 0)
(-0.03714255587 0.2654440926 0)
(0.01554770241 0.2230686819 0)
(0.07771335436 0.1808288553 0)
(0.1403534532 0.1451413058 0)
(0.199247327 0.117084141 0)
(0.2527497109 0.09560223692 0)
(0.3006353186 0.07924320631 0)
(0.3433068194 0.06673676861 0)
(0.3813716924 0.05708636504 0)
(0.4154618354 0.04954384001 0)
(0.4461584301 0.043561735 0)
(0.4739647897 0.03874348163 0)
(0.4993033416 0.03480178537 0)
(0.5225230613 0.03152737507 0)
(0.5439100172 0.02876646148 0)
(0.5636979195 0.02640473454 0)
(0.5820775015 0.02435610146 0)
(0.5992043885 0.0225547822 0)
(0.6152054879 0.0209497472 0)
(0.630184091 0.01950078175 0)
(0.6442239116 0.0181756815 0)
(0.6573922708 0.01694823775 0)
(0.6697426079 0.01579677755 0)
(0.6813164649 0.01470309597 0)
(0.6921450594 0.01365166813 0)
(0.7022505378 0.01262906183 0)
(0.7116469764 0.01162349514 0)
(0.7203411869 0.01062449906 0)
(0.7283333626 0.009622656217 0)
(0.7356175995 0.008609394268 0)
(0.7421823099 0.007576817561 0)
(0.7480105473 0.00651756388 0)
(0.7530802478 0.005424675115 0)
(0.7573643939 0.004291471395 0)
(0.7608310951 0.00311141802 0)
(0.7634435763 0.001877973913 0)
(0.7651600607 0.0005844090272 0)
(0.7659335552 -0.000776388851 0)
(0.7657112231 -0.002212290896 0)
(0.7644340298 -0.003732359524 0)
(0.7620355457 -0.005347486523 0)
(0.7584404448 -0.007071257244 0)
(0.7535623336 -0.008921168152 0)
(0.7473006263 -0.0109203973 0)
(0.7395360444 -0.01310039813 0)
(0.7301241125 -0.01550474728 0)
(0.7188857119 -0.01819494908 0)
(0.7055932751 -0.02125934977 0)
(0.6899504866 -0.02482708086 0)
(0.6715622996 -0.02909026409 0)
(0.649890619 -0.03433995083 0)
(0.624189275 -0.04102502019 0)
(0.5934107302 -0.0498492216 0)
(0.5560792192 -0.06192977685 0)
(0.5101391112 -0.07904760573 0)
(0.4528348076 -0.1040050265 0)
(0.3808166466 -0.1409991632 0)
(0.2910400847 -0.1954845741 0)
(0.1836412372 -0.2716657192 0)
(0.06794871071 -0.3627620864 0)
(-0.02697018254 -0.4234269769 0)
(-0.02430441443 -0.3009365359 0)
(-0.008719627765 0.2514902288 0)
(0.000462006082 0.2721066825 0)
(0.1010489046 0.2051377285 0)
(0.2069229763 0.1490531388 0)
(0.2971269308 0.1073236518 0)
(0.3720888028 0.07776294964 0)
(0.4339887226 0.05761522847 0)
(0.484999308 0.04393310928 0)
(0.5273577052 0.0344958863 0)
(0.5629828355 0.02785264485 0)
(0.5933602765 0.02306767888 0)
(0.6196166061 0.01953363728 0)
(0.6426037165 0.01685612155 0)
(0.6629644426 0.01477706863 0)
(0.6811853644 0.01312495828 0)
(0.697637598 0.01178364678 0)
(0.7126067581 0.01067290351 0)
(0.7263146614 0.009736122018 0)
(0.7389350608 0.008932486945 0)
(0.7506050704 0.008231923978 0)
(0.7614334951 0.007611795487 0)
(0.7715069436 0.007054703003 0)
(0.7808943553 0.00654700188 0)
(0.789650382 0.006077781127 0)
(0.7978179391 0.005638151784 0)
(0.8054301501 0.005220743155 0)
(0.8125118432 0.004819341158 0)
(0.8190807149 0.004428625182 0)
(0.8251482447 0.004043973992 0)
(0.8307204187 0.003661320494 0)
(0.8357983087 0.003277041148 0)
(0.8403785365 0.002887869886 0)
(0.8444536467 0.002490828927 0)
(0.8480124039 0.002083170629 0)
(0.851040023 0.00166232541 0)
(0.8535183373 0.001225851311 0)
(0.855425905 0.0007713808098 0)
(0.8567380434 0.0002965613129 0)
(0.8574268132 -0.0002010044415 0)
(0.8574607837 -0.0007238604879 0)
(0.8568049132 -0.001274861697 0)
(0.8554200145 -0.001857336645 0)
(0.8532620259 -0.002475336518 0)
(0.8502809541 -0.00313399132 0)
(0.8464193071 -0.003840014161 0)
(0.8416098193 -0.004602427418 0)
(0.8357721461 -0.005433628673 0)
(0.8288080428 -0.006350983526 0)
(0.8205942772 -0.007379256751 0)
(0.810972104 -0.008554413912 0)
(0.7997314266 -0.009929727501 0)
(0.7865866129 -0.01158587184 0)
(0.7711389904 -0.01364812251 0)
(0.7528178212 -0.01631655649 0)
(0.7307863154 -0.01992060228 0)
(0.7037912121 -0.0250198999 0)
(0.6699237563 -0.03259325494 0)
(0.6262520681 -0.04439028283 0)
(0.5683178923 -0.0635526655 0)
(0.48969838 -0.09552769948 0)
(0.3821541244 -0.1486636011 0)
(0.237647661 -0.2317162005 0)
(0.06800927413 -0.3350690477 0)
(-0.004354002728 -0.3209816972 0)
(0.2405303639 0.1241677469 0)
(0.3465009778 0.1052017984 0)
(0.5044761355 0.05686435909 0)
(0.6213980836 0.03140769173 0)
(0.6950801518 0.01854979626 0)
(0.7449554951 0.01112556116 0)
(0.7806582414 0.006836347611 0)
(0.8068881967 0.004409294798 0)
(0.8268097178 0.003005732386 0)
(0.8425012724 0.002163811756 0)
(0.8552549537 0.001640511114 0)
(0.8658975303 0.001301812874 0)
(0.8749783946 0.001072314017 0)
(0.8828706636 0.0009094504556 0)
(0.8898335079 0.0007887247311 0)
(0.8960516115 0.0006956079401 0)
(0.9016597016 0.000621212479 0)
(0.9067580642 0.0005599186981 0)
(0.9114226476 0.00050804184 0)
(0.9157117809 0.0004630737441 0)
(0.9196707285 0.0004232434231 0)
(0.9233348419 0.0003872558776 0)
(0.9267317858 0.0003541327625 0)
(0.929883139 0.0003231126722 0)
(0.932805566 0.0002935871135 0)
(0.9355116894 0.000265058357 0)
(0.9380107486 0.0002371110283 0)
(0.9403091067 0.0002093925353 0)
(0.9424106437 0.0001815992861 0)
(0.9443170682 0.0001534667654 0)
(0.9460281655 0.0001247621947 0)
(0.9475419982 9.527891343e-05 0)
(0.9488550684 6.483185401e-05 0)
(0.949962449 3.325363636e-05 0)
(0.9508578877 3.908734169e-07 0)
(0.9515338857 -3.38996972e-05 0)
(0.9519817506 -6.97557984e-05 0)
(0.9521916235 -0.000107314715 0)
(0.9521524653 -0.0001467167631 0)
(0.9518520258 -0.0001881141687 0)
(0.9512767161 -0.0002316986577 0)
(0.9504114085 -0.0002777095201 0)
(0.9492391456 -0.0003264576824 0)
(0.9477406873 -0.0003783643639 0)
(0.9458938358 -0.000434013215 0)
(0.9436724531 -0.0004942243133 0)
(0.9410450288 -0.0005601634616 0)
(0.9379725821 -0.0006335072469 0)
(0.9344055574 -0.0007166996899 0)
(0.9302791635 -0.000813365701 0)
(0.925506239 -0.0009290045157 0)
(0.9199660591 -0.00107220503 0)
(0.9134862609 -0.001256875782 0)
(0.9058126874 -0.001506527 0)
(0.8965572612 -0.00186284959 0)
(0.885104579 -0.002403527862 0)
(0.8704384711 -0.003280281528 0)
(0.8508094434 -0.004802528269 0)
(0.8230979894 -0.007622409253 0)
(0.7816710706 -0.01308704759 0)
(0.7159168024 -0.02385934002 0)
(0.6034533535 -0.0468581887 0)
(0.4186019101 -0.1003909823 0)
(0.2837428925 -0.1401605679 0)
)
;

boundaryField
{
    movingWall
    {
        type            fixedValue;
        value           uniform (1 0 0);
    }
    fixedWalls
    {
        type            noSlip;
    }
    frontAndBack
    {
        type            empty;
    }
}


// ************************************************************************* //
