TITLE = "Cavity Field Data"
variables="x(m)" "y(m)" "p(N/m^2)" "u(m/s)" "v(m/s)"
zone T="n=0"
I= 33 J= 33
DATAPACKING=POINT
0.000000e+00 0.000000e+00 8.013338e-01 0.000000e+00 0.000000e+00
1.562500e-03 0.000000e+00 8.013338e-01 0.000000e+00 0.000000e+00
3.125000e-03 0.000000e+00 8.013338e-01 0.000000e+00 0.000000e+00
4.687500e-03 0.000000e+00 8.013338e-01 0.000000e+00 0.000000e+00
6.250000e-03 0.000000e+00 8.013338e-01 0.000000e+00 0.000000e+00
7.812500e-03 0.000000e+00 8.013338e-01 0.000000e+00 0.000000e+00
9.375000e-03 0.000000e+00 8.013338e-01 0.000000e+00 0.000000e+00
1.093750e-02 0.000000e+00 8.013338e-01 0.000000e+00 0.000000e+00
1.250000e-02 0.000000e+00 8.013338e-01 0.000000e+00 0.000000e+00
1.406250e-02 0.000000e+00 8.013338e-01 0.000000e+00 0.000000e+00
1.562500e-02 0.000000e+00 8.013338e-01 0.000000e+00 0.000000e+00
1.718750e-02 0.000000e+00 8.013338e-01 0.000000e+00 0.000000e+00
1.875000e-02 0.000000e+00 8.013338e-01 0.000000e+00 0.000000e+00
2.031250e-02 0.000000e+00 8.013338e-01 0.000000e+00 0.000000e+00
2.187500e-02 0.000000e+00 8.013338e-01 0.000000e+00 0.000000e+00
2.343750e-02 0.000000e+00 8.013338e-01 0.000000e+00 0.000000e+00
2.500000e-02 0.000000e+00 8.013338e-01 0.000000e+00 0.000000e+00
2.656250e-02 0.000000e+00 8.013338e-01 0.000000e+00 0.000000e+00
2.812500e-02 0.000000e+00 8.013338e-01 0.000000e+00 0.000000e+00
2.968750e-02 0.000000e+00 8.013338e-01 0.000000e+00 0.000000e+00
3.125000e-02 0.000000e+00 8.013338e-01 0.000000e+00 0.000000e+00
3.281250e-02 0.000000e+00 8.013338e-01 0.000000e+00 0.000000e+00
3.437500e-02 0.000000e+00 8.013338e-01 0.000000e+00 0.000000e+00
3.593750e-02 0.000000e+00 8.013338e-01 0.000000e+00 0.000000e+00
3.750000e-02 0.000000e+00 8.013338e-01 0.000000e+00 0.000000e+00
3.906250e-02 0.000000e+00 8.013338e-01 0.000000e+00 0.000000e+00
4.062500e-02 0.000000e+00 8.013338e-01 0.000000e+00 0.000000e+00
4.218750e-02 0.000000e+00 8.013338e-01 0.000000e+00 0.000000e+00
4.375000e-02 0.000000e+00 8.013338e-01 0.000000e+00 0.000000e+00
4.531250e-02 0.000000e+00 8.013338e-01 0.000000e+00 0.000000e+00
4.687500e-02 0.000000e+00 8.013338e-01 0.000000e+00 0.000000e+00
4.843750e-02 0.000000e+00 8.013338e-01 0.000000e+00 0.000000e+00
5.000000e-02 0.000000e+00 8.013338e-01 0.000000e+00 0.000000e+00
0.000000e+00 1.562500e-03 8.013338e-01 0.000000e+00 0.000000e+00
1.562500e-03 1.562500e-03 8.013338e-01 0.000000e+00 0.000000e+00
3.125000e-03 1.562500e-03 8.013338e-01 0.000000e+00 0.000000e+00
4.687500e-03 1.562500e-03 8.013338e-01 0.000000e+00 0.000000e+00
6.250000e-03 1.562500e-03 8.013338e-01 0.000000e+00 0.000000e+00
7.812500e-03 1.562500e-03 8.013338e-01 0.000000e+00 0.000000e+00
9.375000e-03 1.562500e-03 8.013338e-01 0.000000e+00 0.000000e+00
1.093750e-02 1.562500e-03 8.013338e-01 0.000000e+00 0.000000e+00
1.250000e-02 1.562500e-03 8.013338e-01 0.000000e+00 0.000000e+00
1.406250e-02 1.562500e-03 8.013338e-01 0.000000e+00 0.000000e+00
1.562500e-02 1.562500e-03 8.013338e-01 0.000000e+00 0.000000e+00
1.718750e-02 1.562500e-03 8.013338e-01 0.000000e+00 0.000000e+00
1.875000e-02 1.562500e-03 8.013338e-01 0.000000e+00 0.000000e+00
2.031250e-02 1.562500e-03 8.013338e-01 0.000000e+00 0.000000e+00
2.187500e-02 1.562500e-03 8.013338e-01 0.000000e+00 0.000000e+00
2.343750e-02 1.562500e-03 8.013338e-01 0.000000e+00 0.000000e+00
2.500000e-02 1.562500e-03 8.013338e-01 0.000000e+00 0.000000e+00
2.656250e-02 1.562500e-03 8.013338e-01 0.000000e+00 0.000000e+00
2.812500e-02 1.562500e-03 8.013338e-01 0.000000e+00 0.000000e+00
2.968750e-02 1.562500e-03 8.013338e-01 0.000000e+00 0.000000e+00
3.125000e-02 1.562500e-03 8.013338e-01 0.000000e+00 0.000000e+00
3.281250e-02 1.562500e-03 8.013338e-01 0.000000e+00 0.000000e+00
3.437500e-02 1.562500e-03 8.013338e-01 0.000000e+00 0.000000e+00
3.593750e-02 1.562500e-03 8.013338e-01 0.000000e+00 0.000000e+00
3.750000e-02 1.562500e-03 8.013338e-01 0.000000e+00 0.000000e+00
3.906250e-02 1.562500e-03 8.013338e-01 0.000000e+00 0.000000e+00
4.062500e-02 1.562500e-03 8.013338e-01 0.000000e+00 0.000000e+00
4.218750e-02 1.562500e-03 8.013338e-01 0.000000e+00 0.000000e+00
4.375000e-02 1.562500e-03 8.013338e-01 0.000000e+00 0.000000e+00
4.531250e-02 1.562500e-03 8.013338e-01 0.000000e+00 0.000000e+00
4.687500e-02 1.562500e-03 8.013338e-01 0.000000e+00 0.000000e+00
4.843750e-02 1.562500e-03 8.013338e-01 0.000000e+00 0.000000e+00
5.000000e-02 1.562500e-03 8.013338e-01 0.000000e+00 0.000000e+00
0.000000e+00 3.125000e-03 8.013338e-01 0.000000e+00 0.000000e+00
1.562500e-03 3.125000e-03 8.013338e-01 0.000000e+00 0.000000e+00
3.125000e-03 3.125000e-03 8.013338e-01 0.000000e+00 0.000000e+00
4.687500e-03 3.125000e-03 8.013338e-01 0.000000e+00 0.000000e+00
6.250000e-03 3.125000e-03 8.013338e-01 0.000000e+00 0.000000e+00
7.812500e-03 3.125000e-03 8.013338e-01 0.000000e+00 0.000000e+00
9.375000e-03 3.125000e-03 8.013338e-01 0.000000e+00 0.000000e+00
1.093750e-02 3.125000e-03 8.013338e-01 0.000000e+00 0.000000e+00
1.250000e-02 3.125000e-03 8.013338e-01 0.000000e+00 0.000000e+00
1.406250e-02 3.125000e-03 8.013338e-01 0.000000e+00 0.000000e+00
1.562500e-02 3.125000e-03 8.013338e-01 0.000000e+00 0.000000e+00
1.718750e-02 3.125000e-03 8.013338e-01 0.000000e+00 0.000000e+00
1.875000e-02 3.125000e-03 8.013338e-01 0.000000e+00 0.000000e+00
2.031250e-02 3.125000e-03 8.013338e-01 0.000000e+00 0.000000e+00
2.187500e-02 3.125000e-03 8.013338e-01 0.000000e+00 0.000000e+00
2.343750e-02 3.125000e-03 8.013338e-01 0.000000e+00 0.000000e+00
2.500000e-02 3.125000e-03 8.013338e-01 0.000000e+00 0.000000e+00
2.656250e-02 3.125000e-03 8.013338e-01 0.000000e+00 0.000000e+00
2.812500e-02 3.125000e-03 8.013338e-01 0.000000e+00 0.000000e+00
2.968750e-02 3.125000e-03 8.013338e-01 0.000000e+00 0.000000e+00
3.125000e-02 3.125000e-03 8.013338e-01 0.000000e+00 0.000000e+00
3.281250e-02 3.125000e-03 8.013338e-01 0.000000e+00 0.000000e+00
3.437500e-02 3.125000e-03 8.013338e-01 0.000000e+00 0.000000e+00
3.593750e-02 3.125000e-03 8.013338e-01 0.000000e+00 0.000000e+00
3.750000e-02 3.125000e-03 8.013338e-01 0.000000e+00 0.000000e+00
3.906250e-02 3.125000e-03 8.013338e-01 0.000000e+00 0.000000e+00
4.062500e-02 3.125000e-03 8.013338e-01 0.000000e+00 0.000000e+00
4.218750e-02 3.125000e-03 8.013338e-01 0.000000e+00 0.000000e+00
4.375000e-02 3.125000e-03 8.013338e-01 0.000000e+00 0.000000e+00
4.531250e-02 3.125000e-03 8.013338e-01 0.000000e+00 0.000000e+00
4.687500e-02 3.125000e-03 8.013338e-01 0.000000e+00 0.000000e+00
4.843750e-02 3.125000e-03 8.013338e-01 0.000000e+00 0.000000e+00
5.000000e-02 3.125000e-03 8.013338e-01 0.000000e+00 0.000000e+00
0.000000e+00 4.687500e-03 8.013338e-01 0.000000e+00 0.000000e+00
1.562500e-03 4.687500e-03 8.013338e-01 0.000000e+00 0.000000e+00
3.125000e-03 4.687500e-03 8.013338e-01 0.000000e+00 0.000000e+00
4.687500e-03 4.687500e-03 8.013338e-01 0.000000e+00 0.000000e+00
6.250000e-03 4.687500e-03 8.013338e-01 0.000000e+00 0.000000e+00
7.812500e-03 4.687500e-03 8.013338e-01 0.000000e+00 0.000000e+00
9.375000e-03 4.687500e-03 8.013338e-01 0.000000e+00 0.000000e+00
1.093750e-02 4.687500e-03 8.013338e-01 0.000000e+00 0.000000e+00
1.250000e-02 4.687500e-03 8.013338e-01 0.000000e+00 0.000000e+00
1.406250e-02 4.687500e-03 8.013338e-01 0.000000e+00 0.000000e+00
1.562500e-02 4.687500e-03 8.013338e-01 0.000000e+00 0.000000e+00
1.718750e-02 4.687500e-03 8.013338e-01 0.000000e+00 0.000000e+00
1.875000e-02 4.687500e-03 8.013338e-01 0.000000e+00 0.000000e+00
2.031250e-02 4.687500e-03 8.013338e-01 0.000000e+00 0.000000e+00
2.187500e-02 4.687500e-03 8.013338e-01 0.000000e+00 0.000000e+00
2.343750e-02 4.687500e-03 8.013338e-01 0.000000e+00 0.000000e+00
2.500000e-02 4.687500e-03 8.013338e-01 0.000000e+00 0.000000e+00
2.656250e-02 4.687500e-03 8.013338e-01 0.000000e+00 0.000000e+00
2.812500e-02 4.687500e-03 8.013338e-01 0.000000e+00 0.000000e+00
2.968750e-02 4.687500e-03 8.013338e-01 0.000000e+00 0.000000e+00
3.125000e-02 4.687500e-03 8.013338e-01 0.000000e+00 0.000000e+00
3.281250e-02 4.687500e-03 8.013338e-01 0.000000e+00 0.000000e+00
3.437500e-02 4.687500e-03 8.013338e-01 0.000000e+00 0.000000e+00
3.593750e-02 4.687500e-03 8.013338e-01 0.000000e+00 0.000000e+00
3.750000e-02 4.687500e-03 8.013338e-01 0.000000e+00 0.000000e+00
3.906250e-02 4.687500e-03 8.013338e-01 0.000000e+00 0.000000e+00
4.062500e-02 4.687500e-03 8.013338e-01 0.000000e+00 0.000000e+00
4.218750e-02 4.687500e-03 8.013338e-01 0.000000e+00 0.000000e+00
4.375000e-02 4.687500e-03 8.013338e-01 0.000000e+00 0.000000e+00
4.531250e-02 4.687500e-03 8.013338e-01 0.000000e+00 0.000000e+00
4.687500e-02 4.687500e-03 8.013338e-01 0.000000e+00 0.000000e+00
4.843750e-02 4.687500e-03 8.013338e-01 0.000000e+00 0.000000e+00
5.000000e-02 4.687500e-03 8.013338e-01 0.000000e+00 0.000000e+00
0.000000e+00 6.250000e-03 8.013338e-01 0.000000e+00 0.000000e+00
1.562500e-03 6.250000e-03 8.013338e-01 0.000000e+00 0.000000e+00
3.125000e-03 6.250000e-03 8.013338e-01 0.000000e+00 0.000000e+00
4.687500e-03 6.250000e-03 8.013338e-01 0.000000e+00 0.000000e+00
6.250000e-03 6.250000e-03 8.013338e-01 0.000000e+00 0.000000e+00
7.812500e-03 6.250000e-03 8.013338e-01 0.000000e+00 0.000000e+00
9.375000e-03 6.250000e-03 8.013338e-01 0.000000e+00 0.000000e+00
1.093750e-02 6.250000e-03 8.013338e-01 0.000000e+00 0.000000e+00
1.250000e-02 6.250000e-03 8.013338e-01 0.000000e+00 0.000000e+00
1.406250e-02 6.250000e-03 8.013338e-01 0.000000e+00 0.000000e+00
1.562500e-02 6.250000e-03 8.013338e-01 0.000000e+00 0.000000e+00
1.718750e-02 6.250000e-03 8.013338e-01 0.000000e+00 0.000000e+00
1.875000e-02 6.250000e-03 8.013338e-01 0.000000e+00 0.000000e+00
2.031250e-02 6.250000e-03 8.013338e-01 0.000000e+00 0.000000e+00
2.187500e-02 6.250000e-03 8.013338e-01 0.000000e+00 0.000000e+00
2.343750e-02 6.250000e-03 8.013338e-01 0.000000e+00 0.000000e+00
2.500000e-02 6.250000e-03 8.013338e-01 0.000000e+00 0.000000e+00
2.656250e-02 6.250000e-03 8.013338e-01 0.000000e+00 0.000000e+00
2.812500e-02 6.250000e-03 8.013338e-01 0.000000e+00 0.000000e+00
2.968750e-02 6.250000e-03 8.013338e-01 0.000000e+00 0.000000e+00
3.125000e-02 6.250000e-03 8.013338e-01 0.000000e+00 0.000000e+00
3.281250e-02 6.250000e-03 8.013338e-01 0.000000e+00 0.000000e+00
3.437500e-02 6.250000e-03 8.013338e-01 0.000000e+00 0.000000e+00
3.593750e-02 6.250000e-03 8.013338e-01 0.000000e+00 0.000000e+00
3.750000e-02 6.250000e-03 8.013338e-01 0.000000e+00 0.000000e+00
3.906250e-02 6.250000e-03 8.013338e-01 0.000000e+00 0.000000e+00
4.062500e-02 6.250000e-03 8.013338e-01 0.000000e+00 0.000000e+00
4.218750e-02 6.250000e-03 8.013338e-01 0.000000e+00 0.000000e+00
4.375000e-02 6.250000e-03 8.013338e-01 0.000000e+00 0.000000e+00
4.531250e-02 6.250000e-03 8.013338e-01 0.000000e+00 0.000000e+00
4.687500e-02 6.250000e-03 8.013338e-01 0.000000e+00 0.000000e+00
4.843750e-02 6.250000e-03 8.013338e-01 0.000000e+00 0.000000e+00
5.000000e-02 6.250000e-03 8.013338e-01 0.000000e+00 0.000000e+00
0.000000e+00 7.812500e-03 8.013338e-01 0.000000e+00 0.000000e+00
1.562500e-03 7.812500e-03 8.013338e-01 0.000000e+00 0.000000e+00
3.125000e-03 7.812500e-03 8.013338e-01 0.000000e+00 0.000000e+00
4.687500e-03 7.812500e-03 8.013338e-01 0.000000e+00 0.000000e+00
6.250000e-03 7.812500e-03 8.013338e-01 0.000000e+00 0.000000e+00
7.812500e-03 7.812500e-03 8.013338e-01 0.000000e+00 0.000000e+00
9.375000e-03 7.812500e-03 8.013338e-01 0.000000e+00 0.000000e+00
1.093750e-02 7.812500e-03 8.013338e-01 0.000000e+00 0.000000e+00
1.250000e-02 7.812500e-03 8.013338e-01 0.000000e+00 0.000000e+00
1.406250e-02 7.812500e-03 8.013338e-01 0.000000e+00 0.000000e+00
1.562500e-02 7.812500e-03 8.013338e-01 0.000000e+00 0.000000e+00
1.718750e-02 7.812500e-03 8.013338e-01 0.000000e+00 0.000000e+00
1.875000e-02 7.812500e-03 8.013338e-01 0.000000e+00 0.000000e+00
2.031250e-02 7.812500e-03 8.013338e-01 0.000000e+00 0.000000e+00
2.187500e-02 7.812500e-03 8.013338e-01 0.000000e+00 0.000000e+00
2.343750e-02 7.812500e-03 8.013338e-01 0.000000e+00 0.000000e+00
2.500000e-02 7.812500e-03 8.013338e-01 0.000000e+00 0.000000e+00
2.656250e-02 7.812500e-03 8.013338e-01 0.000000e+00 0.000000e+00
2.812500e-02 7.812500e-03 8.013338e-01 0.000000e+00 0.000000e+00
2.968750e-02 7.812500e-03 8.013338e-01 0.000000e+00 0.000000e+00
3.125000e-02 7.812500e-03 8.013338e-01 0.000000e+00 0.000000e+00
3.281250e-02 7.812500e-03 8.013338e-01 0.000000e+00 0.000000e+00
3.437500e-02 7.812500e-03 8.013338e-01 0.000000e+00 0.000000e+00
3.593750e-02 7.812500e-03 8.013338e-01 0.000000e+00 0.000000e+00
3.750000e-02 7.812500e-03 8.013338e-01 0.000000e+00 0.000000e+00
3.906250e-02 7.812500e-03 8.013338e-01 0.000000e+00 0.000000e+00
4.062500e-02 7.812500e-03 8.013338e-01 0.000000e+00 0.000000e+00
4.218750e-02 7.812500e-03 8.013338e-01 0.000000e+00 0.000000e+00
4.375000e-02 7.812500e-03 8.013338e-01 0.000000e+00 0.000000e+00
4.531250e-02 7.812500e-03 8.013338e-01 0.000000e+00 0.000000e+00
4.687500e-02 7.812500e-03 8.013338e-01 0.000000e+00 0.000000e+00
4.843750e-02 7.812500e-03 8.013338e-01 0.000000e+00 0.000000e+00
5.000000e-02 7.812500e-03 8.013338e-01 0.000000e+00 0.000000e+00
0.000000e+00 9.375000e-03 8.013338e-01 0.000000e+00 0.000000e+00
1.562500e-03 9.375000e-03 8.013338e-01 0.000000e+00 0.000000e+00
3.125000e-03 9.375000e-03 8.013338e-01 0.000000e+00 0.000000e+00
4.687500e-03 9.375000e-03 8.013338e-01 0.000000e+00 0.000000e+00
6.250000e-03 9.375000e-03 8.013338e-01 0.000000e+00 0.000000e+00
7.812500e-03 9.375000e-03 8.013338e-01 0.000000e+00 0.000000e+00
9.375000e-03 9.375000e-03 8.013338e-01 0.000000e+00 0.000000e+00
1.093750e-02 9.375000e-03 8.013338e-01 0.000000e+00 0.000000e+00
1.250000e-02 9.375000e-03 8.013338e-01 0.000000e+00 0.000000e+00
1.406250e-02 9.375000e-03 8.013338e-01 0.000000e+00 0.000000e+00
1.562500e-02 9.375000e-03 8.013338e-01 0.000000e+00 0.000000e+00
1.718750e-02 9.375000e-03 8.013338e-01 0.000000e+00 0.000000e+00
1.875000e-02 9.375000e-03 8.013338e-01 0.000000e+00 0.000000e+00
2.031250e-02 9.375000e-03 8.013338e-01 0.000000e+00 0.000000e+00
2.187500e-02 9.375000e-03 8.013338e-01 0.000000e+00 0.000000e+00
2.343750e-02 9.375000e-03 8.013338e-01 0.000000e+00 0.000000e+00
2.500000e-02 9.375000e-03 8.013338e-01 0.000000e+00 0.000000e+00
2.656250e-02 9.375000e-03 8.013338e-01 0.000000e+00 0.000000e+00
2.812500e-02 9.375000e-03 8.013338e-01 0.000000e+00 0.000000e+00
2.968750e-02 9.375000e-03 8.013338e-01 0.000000e+00 0.000000e+00
3.125000e-02 9.375000e-03 8.013338e-01 0.000000e+00 0.000000e+00
3.281250e-02 9.375000e-03 8.013338e-01 0.000000e+00 0.000000e+00
3.437500e-02 9.375000e-03 8.013338e-01 0.000000e+00 0.000000e+00
3.593750e-02 9.375000e-03 8.013338e-01 0.000000e+00 0.000000e+00
3.750000e-02 9.375000e-03 8.013338e-01 0.000000e+00 0.000000e+00
3.906250e-02 9.375000e-03 8.013338e-01 0.000000e+00 0.000000e+00
4.062500e-02 9.375000e-03 8.013338e-01 0.000000e+00 0.000000e+00
4.218750e-02 9.375000e-03 8.013338e-01 0.000000e+00 0.000000e+00
4.375000e-02 9.375000e-03 8.013338e-01 0.000000e+00 0.000000e+00
4.531250e-02 9.375000e-03 8.013338e-01 0.000000e+00 0.000000e+00
4.687500e-02 9.375000e-03 8.013338e-01 0.000000e+00 0.000000e+00
4.843750e-02 9.375000e-03 8.013338e-01 0.000000e+00 0.000000e+00
5.000000e-02 9.375000e-03 8.013338e-01 0.000000e+00 0.000000e+00
0.000000e+00 1.093750e-02 8.013338e-01 0.000000e+00 0.000000e+00
1.562500e-03 1.093750e-02 8.013338e-01 0.000000e+00 0.000000e+00
3.125000e-03 1.093750e-02 8.013338e-01 0.000000e+00 0.000000e+00
4.687500e-03 1.093750e-02 8.013338e-01 0.000000e+00 0.000000e+00
6.250000e-03 1.093750e-02 8.013338e-01 0.000000e+00 0.000000e+00
7.812500e-03 1.093750e-02 8.013338e-01 0.000000e+00 0.000000e+00
9.375000e-03 1.093750e-02 8.013338e-01 0.000000e+00 0.000000e+00
1.093750e-02 1.093750e-02 8.013338e-01 0.000000e+00 0.000000e+00
1.250000e-02 1.093750e-02 8.013338e-01 0.000000e+00 0.000000e+00
1.406250e-02 1.093750e-02 8.013338e-01 0.000000e+00 0.000000e+00
1.562500e-02 1.093750e-02 8.013338e-01 0.000000e+00 0.000000e+00
1.718750e-02 1.093750e-02 8.013338e-01 0.000000e+00 0.000000e+00
1.875000e-02 1.093750e-02 8.013338e-01 0.000000e+00 0.000000e+00
2.031250e-02 1.093750e-02 8.013338e-01 0.000000e+00 0.000000e+00
2.187500e-02 1.093750e-02 8.013338e-01 0.000000e+00 0.000000e+00
2.343750e-02 1.093750e-02 8.013338e-01 0.000000e+00 0.000000e+00
2.500000e-02 1.093750e-02 8.013338e-01 0.000000e+00 0.000000e+00
2.656250e-02 1.093750e-02 8.013338e-01 0.000000e+00 0.000000e+00
2.812500e-02 1.093750e-02 8.013338e-01 0.000000e+00 0.000000e+00
2.968750e-02 1.093750e-02 8.013338e-01 0.000000e+00 0.000000e+00
3.125000e-02 1.093750e-02 8.013338e-01 0.000000e+00 0.000000e+00
3.281250e-02 1.093750e-02 8.013338e-01 0.000000e+00 0.000000e+00
3.437500e-02 1.093750e-02 8.013338e-01 0.000000e+00 0.000000e+00
3.593750e-02 1.093750e-02 8.013338e-01 0.000000e+00 0.000000e+00
3.750000e-02 1.093750e-02 8.013338e-01 0.000000e+00 0.000000e+00
3.906250e-02 1.093750e-02 8.013338e-01 0.000000e+00 0.000000e+00
4.062500e-02 1.093750e-02 8.013338e-01 0.000000e+00 0.000000e+00
4.218750e-02 1.093750e-02 8.013338e-01 0.000000e+00 0.000000e+00
4.375000e-02 1.093750e-02 8.013338e-01 0.000000e+00 0.000000e+00
4.531250e-02 1.093750e-02 8.013338e-01 0.000000e+00 0.000000e+00
4.687500e-02 1.093750e-02 8.013338e-01 0.000000e+00 0.000000e+00
4.843750e-02 1.093750e-02 8.013338e-01 0.000000e+00 0.000000e+00
5.000000e-02 1.093750e-02 8.013338e-01 0.000000e+00 0.000000e+00
0.000000e+00 1.250000e-02 8.013338e-01 0.000000e+00 0.000000e+00
1.562500e-03 1.250000e-02 8.013338e-01 0.000000e+00 0.000000e+00
3.125000e-03 1.250000e-02 8.013338e-01 0.000000e+00 0.000000e+00
4.687500e-03 1.250000e-02 8.013338e-01 0.000000e+00 0.000000e+00
6.250000e-03 1.250000e-02 8.013338e-01 0.000000e+00 0.000000e+00
7.812500e-03 1.250000e-02 8.013338e-01 0.000000e+00 0.000000e+00
9.375000e-03 1.250000e-02 8.013338e-01 0.000000e+00 0.000000e+00
1.093750e-02 1.250000e-02 8.013338e-01 0.000000e+00 0.000000e+00
1.250000e-02 1.250000e-02 8.013338e-01 0.000000e+00 0.000000e+00
1.406250e-02 1.250000e-02 8.013338e-01 0.000000e+00 0.000000e+00
1.562500e-02 1.250000e-02 8.013338e-01 0.000000e+00 0.000000e+00
1.718750e-02 1.250000e-02 8.013338e-01 0.000000e+00 0.000000e+00
1.875000e-02 1.250000e-02 8.013338e-01 0.000000e+00 0.000000e+00
2.031250e-02 1.250000e-02 8.013338e-01 0.000000e+00 0.000000e+00
2.187500e-02 1.250000e-02 8.013338e-01 0.000000e+00 0.000000e+00
2.343750e-02 1.250000e-02 8.013338e-01 0.000000e+00 0.000000e+00
2.500000e-02 1.250000e-02 8.013338e-01 0.000000e+00 0.000000e+00
2.656250e-02 1.250000e-02 8.013338e-01 0.000000e+00 0.000000e+00
2.812500e-02 1.250000e-02 8.013338e-01 0.000000e+00 0.000000e+00
2.968750e-02 1.250000e-02 8.013338e-01 0.000000e+00 0.000000e+00
3.125000e-02 1.250000e-02 8.013338e-01 0.000000e+00 0.000000e+00
3.281250e-02 1.250000e-02 8.013338e-01 0.000000e+00 0.000000e+00
3.437500e-02 1.250000e-02 8.013338e-01 0.000000e+00 0.000000e+00
3.593750e-02 1.250000e-02 8.013338e-01 0.000000e+00 0.000000e+00
3.750000e-02 1.250000e-02 8.013338e-01 0.000000e+00 0.000000e+00
3.906250e-02 1.250000e-02 8.013338e-01 0.000000e+00 0.000000e+00
4.062500e-02 1.250000e-02 8.013338e-01 0.000000e+00 0.000000e+00
4.218750e-02 1.250000e-02 8.013338e-01 0.000000e+00 0.000000e+00
4.375000e-02 1.250000e-02 8.013338e-01 0.000000e+00 0.000000e+00
4.531250e-02 1.250000e-02 8.013338e-01 0.000000e+00 0.000000e+00
4.687500e-02 1.250000e-02 8.013338e-01 0.000000e+00 0.000000e+00
4.843750e-02 1.250000e-02 8.013338e-01 0.000000e+00 0.000000e+00
5.000000e-02 1.250000e-02 8.013338e-01 0.000000e+00 0.000000e+00
0.000000e+00 1.406250e-02 8.013338e-01 0.000000e+00 0.000000e+00
1.562500e-03 1.406250e-02 8.013338e-01 0.000000e+00 0.000000e+00
3.125000e-03 1.406250e-02 8.013338e-01 0.000000e+00 0.000000e+00
4.687500e-03 1.406250e-02 8.013338e-01 0.000000e+00 0.000000e+00
6.250000e-03 1.406250e-02 8.013338e-01 0.000000e+00 0.000000e+00
7.812500e-03 1.406250e-02 8.013338e-01 0.000000e+00 0.000000e+00
9.375000e-03 1.406250e-02 8.013338e-01 0.000000e+00 0.000000e+00
1.093750e-02 1.406250e-02 8.013338e-01 0.000000e+00 0.000000e+00
1.250000e-02 1.406250e-02 8.013338e-01 0.000000e+00 0.000000e+00
1.406250e-02 1.406250e-02 8.013338e-01 0.000000e+00 0.000000e+00
1.562500e-02 1.406250e-02 8.013338e-01 0.000000e+00 0.000000e+00
1.718750e-02 1.406250e-02 8.013338e-01 0.000000e+00 0.000000e+00
1.875000e-02 1.406250e-02 8.013338e-01 0.000000e+00 0.000000e+00
2.031250e-02 1.406250e-02 8.013338e-01 0.000000e+00 0.000000e+00
2.187500e-02 1.406250e-02 8.013338e-01 0.000000e+00 0.000000e+00
2.343750e-02 1.406250e-02 8.013338e-01 0.000000e+00 0.000000e+00
2.500000e-02 1.406250e-02 8.013338e-01 0.000000e+00 0.000000e+00
2.656250e-02 1.406250e-02 8.013338e-01 0.000000e+00 0.000000e+00
2.812500e-02 1.406250e-02 8.013338e-01 0.000000e+00 0.000000e+00
2.968750e-02 1.406250e-02 8.013338e-01 0.000000e+00 0.000000e+00
3.125000e-02 1.406250e-02 8.013338e-01 0.000000e+00 0.000000e+00
3.281250e-02 1.406250e-02 8.013338e-01 0.000000e+00 0.000000e+00
3.437500e-02 1.406250e-02 8.013338e-01 0.000000e+00 0.000000e+00
3.593750e-02 1.406250e-02 8.013338e-01 0.000000e+00 0.000000e+00
3.750000e-02 1.406250e-02 8.013338e-01 0.000000e+00 0.000000e+00
3.906250e-02 1.406250e-02 8.013338e-01 0.000000e+00 0.000000e+00
4.062500e-02 1.406250e-02 8.013338e-01 0.000000e+00 0.000000e+00
4.218750e-02 1.406250e-02 8.013338e-01 0.000000e+00 0.000000e+00
4.375000e-02 1.406250e-02 8.013338e-01 0.000000e+00 0.000000e+00
4.531250e-02 1.406250e-02 8.013338e-01 0.000000e+00 0.000000e+00
4.687500e-02 1.406250e-02 8.013338e-01 0.000000e+00 0.000000e+00
4.843750e-02 1.406250e-02 8.013338e-01 0.000000e+00 0.000000e+00
5.000000e-02 1.406250e-02 8.013338e-01 0.000000e+00 0.000000e+00
0.000000e+00 1.562500e-02 8.013338e-01 0.000000e+00 0.000000e+00
1.562500e-03 1.562500e-02 8.013338e-01 0.000000e+00 0.000000e+00
3.125000e-03 1.562500e-02 8.013338e-01 0.000000e+00 0.000000e+00
4.687500e-03 1.562500e-02 8.013338e-01 0.000000e+00 0.000000e+00
6.250000e-03 1.562500e-02 8.013338e-01 0.000000e+00 0.000000e+00
7.812500e-03 1.562500e-02 8.013338e-01 0.000000e+00 0.000000e+00
9.375000e-03 1.562500e-02 8.013338e-01 0.000000e+00 0.000000e+00
1.093750e-02 1.562500e-02 8.013338e-01 0.000000e+00 0.000000e+00
1.250000e-02 1.562500e-02 8.013338e-01 0.000000e+00 0.000000e+00
1.406250e-02 1.562500e-02 8.013338e-01 0.000000e+00 0.000000e+00
1.562500e-02 1.562500e-02 8.013338e-01 0.000000e+00 0.000000e+00
1.718750e-02 1.562500e-02 8.013338e-01 0.000000e+00 0.000000e+00
1.875000e-02 1.562500e-02 8.013338e-01 0.000000e+00 0.000000e+00
2.031250e-02 1.562500e-02 8.013338e-01 0.000000e+00 0.000000e+00
2.187500e-02 1.562500e-02 8.013338e-01 0.000000e+00 0.000000e+00
2.343750e-02 1.562500e-02 8.013338e-01 0.000000e+00 0.000000e+00
2.500000e-02 1.562500e-02 8.013338e-01 0.000000e+00 0.000000e+00
2.656250e-02 1.562500e-02 8.013338e-01 0.000000e+00 0.000000e+00
2.812500e-02 1.562500e-02 8.013338e-01 0.000000e+00 0.000000e+00
2.968750e-02 1.562500e-02 8.013338e-01 0.000000e+00 0.000000e+00
3.125000e-02 1.562500e-02 8.013338e-01 0.000000e+00 0.000000e+00
3.281250e-02 1.562500e-02 8.013338e-01 0.000000e+00 0.000000e+00
3.437500e-02 1.562500e-02 8.013338e-01 0.000000e+00 0.000000e+00
3.593750e-02 1.562500e-02 8.013338e-01 0.000000e+00 0.000000e+00
3.750000e-02 1.562500e-02 8.013338e-01 0.000000e+00 0.000000e+00
3.906250e-02 1.562500e-02 8.013338e-01 0.000000e+00 0.000000e+00
4.062500e-02 1.562500e-02 8.013338e-01 0.000000e+00 0.000000e+00
4.218750e-02 1.562500e-02 8.013338e-01 0.000000e+00 0.000000e+00
4.375000e-02 1.562500e-02 8.013338e-01 0.000000e+00 0.000000e+00
4.531250e-02 1.562500e-02 8.013338e-01 0.000000e+00 0.000000e+00
4.687500e-02 1.562500e-02 8.013338e-01 0.000000e+00 0.000000e+00
4.843750e-02 1.562500e-02 8.013338e-01 0.000000e+00 0.000000e+00
5.000000e-02 1.562500e-02 8.013338e-01 0.000000e+00 0.000000e+00
0.000000e+00 1.718750e-02 8.013338e-01 0.000000e+00 0.000000e+00
1.562500e-03 1.718750e-02 8.013338e-01 0.000000e+00 0.000000e+00
3.125000e-03 1.718750e-02 8.013338e-01 0.000000e+00 0.000000e+00
4.687500e-03 1.718750e-02 8.013338e-01 0.000000e+00 0.000000e+00
6.250000e-03 1.718750e-02 8.013338e-01 0.000000e+00 0.000000e+00
7.812500e-03 1.718750e-02 8.013338e-01 0.000000e+00 0.000000e+00
9.375000e-03 1.718750e-02 8.013338e-01 0.000000e+00 0.000000e+00
1.093750e-02 1.718750e-02 8.013338e-01 0.000000e+00 0.000000e+00
1.250000e-02 1.718750e-02 8.013338e-01 0.000000e+00 0.000000e+00
1.406250e-02 1.718750e-02 8.013338e-01 0.000000e+00 0.000000e+00
1.562500e-02 1.718750e-02 8.013338e-01 0.000000e+00 0.000000e+00
1.718750e-02 1.718750e-02 8.013338e-01 0.000000e+00 0.000000e+00
1.875000e-02 1.718750e-02 8.013338e-01 0.000000e+00 0.000000e+00
2.031250e-02 1.718750e-02 8.013338e-01 0.000000e+00 0.000000e+00
2.187500e-02 1.718750e-02 8.013338e-01 0.000000e+00 0.000000e+00
2.343750e-02 1.718750e-02 8.013338e-01 0.000000e+00 0.000000e+00
2.500000e-02 1.718750e-02 8.013338e-01 0.000000e+00 0.000000e+00
2.656250e-02 1.718750e-02 8.013338e-01 0.000000e+00 0.000000e+00
2.812500e-02 1.718750e-02 8.013338e-01 0.000000e+00 0.000000e+00
2.968750e-02 1.718750e-02 8.013338e-01 0.000000e+00 0.000000e+00
3.125000e-02 1.718750e-02 8.013338e-01 0.000000e+00 0.000000e+00
3.281250e-02 1.718750e-02 8.013338e-01 0.000000e+00 0.000000e+00
3.437500e-02 1.718750e-02 8.013338e-01 0.000000e+00 0.000000e+00
3.593750e-02 1.718750e-02 8.013338e-01 0.000000e+00 0.000000e+00
3.750000e-02 1.718750e-02 8.013338e-01 0.000000e+00 0.000000e+00
3.906250e-02 1.718750e-02 8.013338e-01 0.000000e+00 0.000000e+00
4.062500e-02 1.718750e-02 8.013338e-01 0.000000e+00 0.000000e+00
4.218750e-02 1.718750e-02 8.013338e-01 0.000000e+00 0.000000e+00
4.375000e-02 1.718750e-02 8.013338e-01 0.000000e+00 0.000000e+00
4.531250e-02 1.718750e-02 8.013338e-01 0.000000e+00 0.000000e+00
4.687500e-02 1.718750e-02 8.013338e-01 0.000000e+00 0.000000e+00
4.843750e-02 1.718750e-02 8.013338e-01 0.000000e+00 0.000000e+00
5.000000e-02 1.718750e-02 8.013338e-01 0.000000e+00 0.000000e+00
0.000000e+00 1.875000e-02 8.013338e-01 0.000000e+00 0.000000e+00
1.562500e-03 1.875000e-02 8.013338e-01 0.000000e+00 0.000000e+00
3.125000e-03 1.875000e-02 8.013338e-01 0.000000e+00 0.000000e+00
4.687500e-03 1.875000e-02 8.013338e-01 0.000000e+00 0.000000e+00
6.250000e-03 1.875000e-02 8.013338e-01 0.000000e+00 0.000000e+00
7.812500e-03 1.875000e-02 8.013338e-01 0.000000e+00 0.000000e+00
9.375000e-03 1.875000e-02 8.013338e-01 0.000000e+00 0.000000e+00
1.093750e-02 1.875000e-02 8.013338e-01 0.000000e+00 0.000000e+00
1.250000e-02 1.875000e-02 8.013338e-01 0.000000e+00 0.000000e+00
1.406250e-02 1.875000e-02 8.013338e-01 0.000000e+00 0.000000e+00
1.562500e-02 1.875000e-02 8.013338e-01 0.000000e+00 0.000000e+00
1.718750e-02 1.875000e-02 8.013338e-01 0.000000e+00 0.000000e+00
1.875000e-02 1.875000e-02 8.013338e-01 0.000000e+00 0.000000e+00
2.031250e-02 1.875000e-02 8.013338e-01 0.000000e+00 0.000000e+00
2.187500e-02 1.875000e-02 8.013338e-01 0.000000e+00 0.000000e+00
2.343750e-02 1.875000e-02 8.013338e-01 0.000000e+00 0.000000e+00
2.500000e-02 1.875000e-02 8.013338e-01 0.000000e+00 0.000000e+00
2.656250e-02 1.875000e-02 8.013338e-01 0.000000e+00 0.000000e+00
2.812500e-02 1.875000e-02 8.013338e-01 0.000000e+00 0.000000e+00
2.968750e-02 1.875000e-02 8.013338e-01 0.000000e+00 0.000000e+00
3.125000e-02 1.875000e-02 8.013338e-01 0.000000e+00 0.000000e+00
3.281250e-02 1.875000e-02 8.013338e-01 0.000000e+00 0.000000e+00
3.437500e-02 1.875000e-02 8.013338e-01 0.000000e+00 0.000000e+00
3.593750e-02 1.875000e-02 8.013338e-01 0.000000e+00 0.000000e+00
3.750000e-02 1.875000e-02 8.013338e-01 0.000000e+00 0.000000e+00
3.906250e-02 1.875000e-02 8.013338e-01 0.000000e+00 0.000000e+00
4.062500e-02 1.875000e-02 8.013338e-01 0.000000e+00 0.000000e+00
4.218750e-02 1.875000e-02 8.013338e-01 0.000000e+00 0.000000e+00
4.375000e-02 1.875000e-02 8.013338e-01 0.000000e+00 0.000000e+00
4.531250e-02 1.875000e-02 8.013338e-01 0.000000e+00 0.000000e+00
4.687500e-02 1.875000e-02 8.013338e-01 0.000000e+00 0.000000e+00
4.843750e-02 1.875000e-02 8.013338e-01 0.000000e+00 0.000000e+00
5.000000e-02 1.875000e-02 8.013338e-01 0.000000e+00 0.000000e+00
0.000000e+00 2.031250e-02 8.013338e-01 0.000000e+00 0.000000e+00
1.562500e-03 2.031250e-02 8.013338e-01 0.000000e+00 0.000000e+00
3.125000e-03 2.031250e-02 8.013338e-01 0.000000e+00 0.000000e+00
4.687500e-03 2.031250e-02 8.013338e-01 0.000000e+00 0.000000e+00
6.250000e-03 2.031250e-02 8.013338e-01 0.000000e+00 0.000000e+00
7.812500e-03 2.031250e-02 8.013338e-01 0.000000e+00 0.000000e+00
9.375000e-03 2.031250e-02 8.013338e-01 0.000000e+00 0.000000e+00
1.093750e-02 2.031250e-02 8.013338e-01 0.000000e+00 0.000000e+00
1.250000e-02 2.031250e-02 8.013338e-01 0.000000e+00 0.000000e+00
1.406250e-02 2.031250e-02 8.013338e-01 0.000000e+00 0.000000e+00
1.562500e-02 2.031250e-02 8.013338e-01 0.000000e+00 0.000000e+00
1.718750e-02 2.031250e-02 8.013338e-01 0.000000e+00 0.000000e+00
1.875000e-02 2.031250e-02 8.013338e-01 0.000000e+00 0.000000e+00
2.031250e-02 2.031250e-02 8.013338e-01 0.000000e+00 0.000000e+00
2.187500e-02 2.031250e-02 8.013338e-01 0.000000e+00 0.000000e+00
2.343750e-02 2.031250e-02 8.013338e-01 0.000000e+00 0.000000e+00
2.500000e-02 2.031250e-02 8.013338e-01 0.000000e+00 0.000000e+00
2.656250e-02 2.031250e-02 8.013338e-01 0.000000e+00 0.000000e+00
2.812500e-02 2.031250e-02 8.013338e-01 0.000000e+00 0.000000e+00
2.968750e-02 2.031250e-02 8.013338e-01 0.000000e+00 0.000000e+00
3.125000e-02 2.031250e-02 8.013338e-01 0.000000e+00 0.000000e+00
3.281250e-02 2.031250e-02 8.013338e-01 0.000000e+00 0.000000e+00
3.437500e-02 2.031250e-02 8.013338e-01 0.000000e+00 0.000000e+00
3.593750e-02 2.031250e-02 8.013338e-01 0.000000e+00 0.000000e+00
3.750000e-02 2.031250e-02 8.013338e-01 0.000000e+00 0.000000e+00
3.906250e-02 2.031250e-02 8.013338e-01 0.000000e+00 0.000000e+00
4.062500e-02 2.031250e-02 8.013338e-01 0.000000e+00 0.000000e+00
4.218750e-02 2.031250e-02 8.013338e-01 0.000000e+00 0.000000e+00
4.375000e-02 2.031250e-02 8.013338e-01 0.000000e+00 0.000000e+00
4.531250e-02 2.031250e-02 8.013338e-01 0.000000e+00 0.000000e+00
4.687500e-02 2.031250e-02 8.013338e-01 0.000000e+00 0.000000e+00
4.843750e-02 2.031250e-02 8.013338e-01 0.000000e+00 0.000000e+00
5.000000e-02 2.031250e-02 8.013338e-01 0.000000e+00 0.000000e+00
0.000000e+00 2.187500e-02 8.013338e-01 0.000000e+00 0.000000e+00
1.562500e-03 2.187500e-02 8.013338e-01 0.000000e+00 0.000000e+00
3.125000e-03 2.187500e-02 8.013338e-01 0.000000e+00 0.000000e+00
4.687500e-03 2.187500e-02 8.013338e-01 0.000000e+00 0.000000e+00
6.250000e-03 2.187500e-02 8.013338e-01 0.000000e+00 0.000000e+00
7.812500e-03 2.187500e-02 8.013338e-01 0.000000e+00 0.000000e+00
9.375000e-03 2.187500e-02 8.013338e-01 0.000000e+00 0.000000e+00
1.093750e-02 2.187500e-02 8.013338e-01 0.000000e+00 0.000000e+00
1.250000e-02 2.187500e-02 8.013338e-01 0.000000e+00 0.000000e+00
1.406250e-02 2.187500e-02 8.013338e-01 0.000000e+00 0.000000e+00
1.562500e-02 2.187500e-02 8.013338e-01 0.000000e+00 0.000000e+00
1.718750e-02 2.187500e-02 8.013338e-01 0.000000e+00 0.000000e+00
1.875000e-02 2.187500e-02 8.013338e-01 0.000000e+00 0.000000e+00
2.031250e-02 2.187500e-02 8.013338e-01 0.000000e+00 0.000000e+00
2.187500e-02 2.187500e-02 8.013338e-01 0.000000e+00 0.000000e+00
2.343750e-02 2.187500e-02 8.013338e-01 0.000000e+00 0.000000e+00
2.500000e-02 2.187500e-02 8.013338e-01 0.000000e+00 0.000000e+00
2.656250e-02 2.187500e-02 8.013338e-01 0.000000e+00 0.000000e+00
2.812500e-02 2.187500e-02 8.013338e-01 0.000000e+00 0.000000e+00
2.968750e-02 2.187500e-02 8.013338e-01 0.000000e+00 0.000000e+00
3.125000e-02 2.187500e-02 8.013338e-01 0.000000e+00 0.000000e+00
3.281250e-02 2.187500e-02 8.013338e-01 0.000000e+00 0.000000e+00
3.437500e-02 2.187500e-02 8.013338e-01 0.000000e+00 0.000000e+00
3.593750e-02 2.187500e-02 8.013338e-01 0.000000e+00 0.000000e+00
3.750000e-02 2.187500e-02 8.013338e-01 0.000000e+00 0.000000e+00
3.906250e-02 2.187500e-02 8.013338e-01 0.000000e+00 0.000000e+00
4.062500e-02 2.187500e-02 8.013338e-01 0.000000e+00 0.000000e+00
4.218750e-02 2.187500e-02 8.013338e-01 0.000000e+00 0.000000e+00
4.375000e-02 2.187500e-02 8.013338e-01 0.000000e+00 0.000000e+00
4.531250e-02 2.187500e-02 8.013338e-01 0.000000e+00 0.000000e+00
4.687500e-02 2.187500e-02 8.013338e-01 0.000000e+00 0.000000e+00
4.843750e-02 2.187500e-02 8.013338e-01 0.000000e+00 0.000000e+00
5.000000e-02 2.187500e-02 8.013338e-01 0.000000e+00 0.000000e+00
0.000000e+00 2.343750e-02 8.013338e-01 0.000000e+00 0.000000e+00
1.562500e-03 2.343750e-02 8.013338e-01 0.000000e+00 0.000000e+00
3.125000e-03 2.343750e-02 8.013338e-01 0.000000e+00 0.000000e+00
4.687500e-03 2.343750e-02 8.013338e-01 0.000000e+00 0.000000e+00
6.250000e-03 2.343750e-02 8.013338e-01 0.000000e+00 0.000000e+00
7.812500e-03 2.343750e-02 8.013338e-01 0.000000e+00 0.000000e+00
9.375000e-03 2.343750e-02 8.013338e-01 0.000000e+00 0.000000e+00
1.093750e-02 2.343750e-02 8.013338e-01 0.000000e+00 0.000000e+00
1.250000e-02 2.343750e-02 8.013338e-01 0.000000e+00 0.000000e+00
1.406250e-02 2.343750e-02 8.013338e-01 0.000000e+00 0.000000e+00
1.562500e-02 2.343750e-02 8.013338e-01 0.000000e+00 0.000000e+00
1.718750e-02 2.343750e-02 8.013338e-01 0.000000e+00 0.000000e+00
1.875000e-02 2.343750e-02 8.013338e-01 0.000000e+00 0.000000e+00
2.031250e-02 2.343750e-02 8.013338e-01 0.000000e+00 0.000000e+00
2.187500e-02 2.343750e-02 8.013338e-01 0.000000e+00 0.000000e+00
2.343750e-02 2.343750e-02 8.013338e-01 0.000000e+00 0.000000e+00
2.500000e-02 2.343750e-02 8.013338e-01 0.000000e+00 0.000000e+00
2.656250e-02 2.343750e-02 8.013338e-01 0.000000e+00 0.000000e+00
2.812500e-02 2.343750e-02 8.013338e-01 0.000000e+00 0.000000e+00
2.968750e-02 2.343750e-02 8.013338e-01 0.000000e+00 0.000000e+00
3.125000e-02 2.343750e-02 8.013338e-01 0.000000e+00 0.000000e+00
3.281250e-02 2.343750e-02 8.013338e-01 0.000000e+00 0.000000e+00
3.437500e-02 2.343750e-02 8.013338e-01 0.000000e+00 0.000000e+00
3.593750e-02 2.343750e-02 8.013338e-01 0.000000e+00 0.000000e+00
3.750000e-02 2.343750e-02 8.013338e-01 0.000000e+00 0.000000e+00
3.906250e-02 2.343750e-02 8.013338e-01 0.000000e+00 0.000000e+00
4.062500e-02 2.343750e-02 8.013338e-01 0.000000e+00 0.000000e+00
4.218750e-02 2.343750e-02 8.013338e-01 0.000000e+00 0.000000e+00
4.375000e-02 2.343750e-02 8.013338e-01 0.000000e+00 0.000000e+00
4.531250e-02 2.343750e-02 8.013338e-01 0.000000e+00 0.000000e+00
4.687500e-02 2.343750e-02 8.013338e-01 0.000000e+00 0.000000e+00
4.843750e-02 2.343750e-02 8.013338e-01 0.000000e+00 0.000000e+00
5.000000e-02 2.343750e-02 8.013338e-01 0.000000e+00 0.000000e+00
0.000000e+00 2.500000e-02 8.013338e-01 0.000000e+00 0.000000e+00
1.562500e-03 2.500000e-02 8.013338e-01 0.000000e+00 0.000000e+00
3.125000e-03 2.500000e-02 8.013338e-01 0.000000e+00 0.000000e+00
4.687500e-03 2.500000e-02 8.013338e-01 0.000000e+00 0.000000e+00
6.250000e-03 2.500000e-02 8.013338e-01 0.000000e+00 0.000000e+00
7.812500e-03 2.500000e-02 8.013338e-01 0.000000e+00 0.000000e+00
9.375000e-03 2.500000e-02 8.013338e-01 0.000000e+00 0.000000e+00
1.093750e-02 2.500000e-02 8.013338e-01 0.000000e+00 0.000000e+00
1.250000e-02 2.500000e-02 8.013338e-01 0.000000e+00 0.000000e+00
1.406250e-02 2.500000e-02 8.013338e-01 0.000000e+00 0.000000e+00
1.562500e-02 2.500000e-02 8.013338e-01 0.000000e+00 0.000000e+00
1.718750e-02 2.500000e-02 8.013338e-01 0.000000e+00 0.000000e+00
1.875000e-02 2.500000e-02 8.013338e-01 0.000000e+00 0.000000e+00
2.031250e-02 2.500000e-02 8.013338e-01 0.000000e+00 0.000000e+00
2.187500e-02 2.500000e-02 8.013338e-01 0.000000e+00 0.000000e+00
2.343750e-02 2.500000e-02 8.013338e-01 0.000000e+00 0.000000e+00
2.500000e-02 2.500000e-02 8.013338e-01 0.000000e+00 0.000000e+00
2.656250e-02 2.500000e-02 8.013338e-01 0.000000e+00 0.000000e+00
2.812500e-02 2.500000e-02 8.013338e-01 0.000000e+00 0.000000e+00
2.968750e-02 2.500000e-02 8.013338e-01 0.000000e+00 0.000000e+00
3.125000e-02 2.500000e-02 8.013338e-01 0.000000e+00 0.000000e+00
3.281250e-02 2.500000e-02 8.013338e-01 0.000000e+00 0.000000e+00
3.437500e-02 2.500000e-02 8.013338e-01 0.000000e+00 0.000000e+00
3.593750e-02 2.500000e-02 8.013338e-01 0.000000e+00 0.000000e+00
3.750000e-02 2.500000e-02 8.013338e-01 0.000000e+00 0.000000e+00
3.906250e-02 2.500000e-02 8.013338e-01 0.000000e+00 0.000000e+00
4.062500e-02 2.500000e-02 8.013338e-01 0.000000e+00 0.000000e+00
4.218750e-02 2.500000e-02 8.013338e-01 0.000000e+00 0.000000e+00
4.375000e-02 2.500000e-02 8.013338e-01 0.000000e+00 0.000000e+00
4.531250e-02 2.500000e-02 8.013338e-01 0.000000e+00 0.000000e+00
4.687500e-02 2.500000e-02 8.013338e-01 0.000000e+00 0.000000e+00
4.843750e-02 2.500000e-02 8.013338e-01 0.000000e+00 0.000000e+00
5.000000e-02 2.500000e-02 8.013338e-01 0.000000e+00 0.000000e+00
0.000000e+00 2.656250e-02 8.013338e-01 0.000000e+00 0.000000e+00
1.562500e-03 2.656250e-02 8.013338e-01 0.000000e+00 0.000000e+00
3.125000e-03 2.656250e-02 8.013338e-01 0.000000e+00 0.000000e+00
4.687500e-03 2.656250e-02 8.013338e-01 0.000000e+00 0.000000e+00
6.250000e-03 2.656250e-02 8.013338e-01 0.000000e+00 0.000000e+00
7.812500e-03 2.656250e-02 8.013338e-01 0.000000e+00 0.000000e+00
9.375000e-03 2.656250e-02 8.013338e-01 0.000000e+00 0.000000e+00
1.093750e-02 2.656250e-02 8.013338e-01 0.000000e+00 0.000000e+00
1.250000e-02 2.656250e-02 8.013338e-01 0.000000e+00 0.000000e+00
1.406250e-02 2.656250e-02 8.013338e-01 0.000000e+00 0.000000e+00
1.562500e-02 2.656250e-02 8.013338e-01 0.000000e+00 0.000000e+00
1.718750e-02 2.656250e-02 8.013338e-01 0.000000e+00 0.000000e+00
1.875000e-02 2.656250e-02 8.013338e-01 0.000000e+00 0.000000e+00
2.031250e-02 2.656250e-02 8.013338e-01 0.000000e+00 0.000000e+00
2.187500e-02 2.656250e-02 8.013338e-01 0.000000e+00 0.000000e+00
2.343750e-02 2.656250e-02 8.013338e-01 0.000000e+00 0.000000e+00
2.500000e-02 2.656250e-02 8.013338e-01 0.000000e+00 0.000000e+00
2.656250e-02 2.656250e-02 8.013338e-01 0.000000e+00 0.000000e+00
2.812500e-02 2.656250e-02 8.013338e-01 0.000000e+00 0.000000e+00
2.968750e-02 2.656250e-02 8.013338e-01 0.000000e+00 0.000000e+00
3.125000e-02 2.656250e-02 8.013338e-01 0.000000e+00 0.000000e+00
3.281250e-02 2.656250e-02 8.013338e-01 0.000000e+00 0.000000e+00
3.437500e-02 2.656250e-02 8.013338e-01 0.000000e+00 0.000000e+00
3.593750e-02 2.656250e-02 8.013338e-01 0.000000e+00 0.000000e+00
3.750000e-02 2.656250e-02 8.013338e-01 0.000000e+00 0.000000e+00
3.906250e-02 2.656250e-02 8.013338e-01 0.000000e+00 0.000000e+00
4.062500e-02 2.656250e-02 8.013338e-01 0.000000e+00 0.000000e+00
4.218750e-02 2.656250e-02 8.013338e-01 0.000000e+00 0.000000e+00
4.375000e-02 2.656250e-02 8.013338e-01 0.000000e+00 0.000000e+00
4.531250e-02 2.656250e-02 8.013338e-01 0.000000e+00 0.000000e+00
4.687500e-02 2.656250e-02 8.013338e-01 0.000000e+00 0.000000e+00
4.843750e-02 2.656250e-02 8.013338e-01 0.000000e+00 0.000000e+00
5.000000e-02 2.656250e-02 8.013338e-01 0.000000e+00 0.000000e+00
0.000000e+00 2.812500e-02 8.013338e-01 0.000000e+00 0.000000e+00
1.562500e-03 2.812500e-02 8.013338e-01 0.000000e+00 0.000000e+00
3.125000e-03 2.812500e-02 8.013338e-01 0.000000e+00 0.000000e+00
4.687500e-03 2.812500e-02 8.013338e-01 0.000000e+00 0.000000e+00
6.250000e-03 2.812500e-02 8.013338e-01 0.000000e+00 0.000000e+00
7.812500e-03 2.812500e-02 8.013338e-01 0.000000e+00 0.000000e+00
9.375000e-03 2.812500e-02 8.013338e-01 0.000000e+00 0.000000e+00
1.093750e-02 2.812500e-02 8.013338e-01 0.000000e+00 0.000000e+00
1.250000e-02 2.812500e-02 8.013338e-01 0.000000e+00 0.000000e+00
1.406250e-02 2.812500e-02 8.013338e-01 0.000000e+00 0.000000e+00
1.562500e-02 2.812500e-02 8.013338e-01 0.000000e+00 0.000000e+00
1.718750e-02 2.812500e-02 8.013338e-01 0.000000e+00 0.000000e+00
1.875000e-02 2.812500e-02 8.013338e-01 0.000000e+00 0.000000e+00
2.031250e-02 2.812500e-02 8.013338e-01 0.000000e+00 0.000000e+00
2.187500e-02 2.812500e-02 8.013338e-01 0.000000e+00 0.000000e+00
2.343750e-02 2.812500e-02 8.013338e-01 0.000000e+00 0.000000e+00
2.500000e-02 2.812500e-02 8.013338e-01 0.000000e+00 0.000000e+00
2.656250e-02 2.812500e-02 8.013338e-01 0.000000e+00 0.000000e+00
2.812500e-02 2.812500e-02 8.013338e-01 0.000000e+00 0.000000e+00
2.968750e-02 2.812500e-02 8.013338e-01 0.000000e+00 0.000000e+00
3.125000e-02 2.812500e-02 8.013338e-01 0.000000e+00 0.000000e+00
3.281250e-02 2.812500e-02 8.013338e-01 0.000000e+00 0.000000e+00
3.437500e-02 2.812500e-02 8.013338e-01 0.000000e+00 0.000000e+00
3.593750e-02 2.812500e-02 8.013338e-01 0.000000e+00 0.000000e+00
3.750000e-02 2.812500e-02 8.013338e-01 0.000000e+00 0.000000e+00
3.906250e-02 2.812500e-02 8.013338e-01 0.000000e+00 0.000000e+00
4.062500e-02 2.812500e-02 8.013338e-01 0.000000e+00 0.000000e+00
4.218750e-02 2.812500e-02 8.013338e-01 0.000000e+00 0.000000e+00
4.375000e-02 2.812500e-02 8.013338e-01 0.000000e+00 0.000000e+00
4.531250e-02 2.812500e-02 8.013338e-01 0.000000e+00 0.000000e+00
4.687500e-02 2.812500e-02 8.013338e-01 0.000000e+00 0.000000e+00
4.843750e-02 2.812500e-02 8.013338e-01 0.000000e+00 0.000000e+00
5.000000e-02 2.812500e-02 8.013338e-01 0.000000e+00 0.000000e+00
0.000000e+00 2.968750e-02 8.013338e-01 0.000000e+00 0.000000e+00
1.562500e-03 2.968750e-02 8.013338e-01 0.000000e+00 0.000000e+00
3.125000e-03 2.968750e-02 8.013338e-01 0.000000e+00 0.000000e+00
4.687500e-03 2.968750e-02 8.013338e-01 0.000000e+00 0.000000e+00
6.250000e-03 2.968750e-02 8.013338e-01 0.000000e+00 0.000000e+00
7.812500e-03 2.968750e-02 8.013338e-01 0.000000e+00 0.000000e+00
9.375000e-03 2.968750e-02 8.013338e-01 0.000000e+00 0.000000e+00
1.093750e-02 2.968750e-02 8.013338e-01 0.000000e+00 0.000000e+00
1.250000e-02 2.968750e-02 8.013338e-01 0.000000e+00 0.000000e+00
1.406250e-02 2.968750e-02 8.013338e-01 0.000000e+00 0.000000e+00
1.562500e-02 2.968750e-02 8.013338e-01 0.000000e+00 0.000000e+00
1.718750e-02 2.968750e-02 8.013338e-01 0.000000e+00 0.000000e+00
1.875000e-02 2.968750e-02 8.013338e-01 0.000000e+00 0.000000e+00
2.031250e-02 2.968750e-02 8.013338e-01 0.000000e+00 0.000000e+00
2.187500e-02 2.968750e-02 8.013338e-01 0.000000e+00 0.000000e+00
2.343750e-02 2.968750e-02 8.013338e-01 0.000000e+00 0.000000e+00
2.500000e-02 2.968750e-02 8.013338e-01 0.000000e+00 0.000000e+00
2.656250e-02 2.968750e-02 8.013338e-01 0.000000e+00 0.000000e+00
2.812500e-02 2.968750e-02 8.013338e-01 0.000000e+00 0.000000e+00
2.968750e-02 2.968750e-02 8.013338e-01 0.000000e+00 0.000000e+00
3.125000e-02 2.968750e-02 8.013338e-01 0.000000e+00 0.000000e+00
3.281250e-02 2.968750e-02 8.013338e-01 0.000000e+00 0.000000e+00
3.437500e-02 2.968750e-02 8.013338e-01 0.000000e+00 0.000000e+00
3.593750e-02 2.968750e-02 8.013338e-01 0.000000e+00 0.000000e+00
3.750000e-02 2.968750e-02 8.013338e-01 0.000000e+00 0.000000e+00
3.906250e-02 2.968750e-02 8.013338e-01 0.000000e+00 0.000000e+00
4.062500e-02 2.968750e-02 8.013338e-01 0.000000e+00 0.000000e+00
4.218750e-02 2.968750e-02 8.013338e-01 0.000000e+00 0.000000e+00
4.375000e-02 2.968750e-02 8.013338e-01 0.000000e+00 0.000000e+00
4.531250e-02 2.968750e-02 8.013338e-01 0.000000e+00 0.000000e+00
4.687500e-02 2.968750e-02 8.013338e-01 0.000000e+00 0.000000e+00
4.843750e-02 2.968750e-02 8.013338e-01 0.000000e+00 0.000000e+00
5.000000e-02 2.968750e-02 8.013338e-01 0.000000e+00 0.000000e+00
0.000000e+00 3.125000e-02 8.013338e-01 0.000000e+00 0.000000e+00
1.562500e-03 3.125000e-02 8.013338e-01 0.000000e+00 0.000000e+00
3.125000e-03 3.125000e-02 8.013338e-01 0.000000e+00 0.000000e+00
4.687500e-03 3.125000e-02 8.013338e-01 0.000000e+00 0.000000e+00
6.250000e-03 3.125000e-02 8.013338e-01 0.000000e+00 0.000000e+00
7.812500e-03 3.125000e-02 8.013338e-01 0.000000e+00 0.000000e+00
9.375000e-03 3.125000e-02 8.013338e-01 0.000000e+00 0.000000e+00
1.093750e-02 3.125000e-02 8.013338e-01 0.000000e+00 0.000000e+00
1.250000e-02 3.125000e-02 8.013338e-01 0.000000e+00 0.000000e+00
1.406250e-02 3.125000e-02 8.013338e-01 0.000000e+00 0.000000e+00
1.562500e-02 3.125000e-02 8.013338e-01 0.000000e+00 0.000000e+00
1.718750e-02 3.125000e-02 8.013338e-01 0.000000e+00 0.000000e+00
1.875000e-02 3.125000e-02 8.013338e-01 0.000000e+00 0.000000e+00
2.031250e-02 3.125000e-02 8.013338e-01 0.000000e+00 0.000000e+00
2.187500e-02 3.125000e-02 8.013338e-01 0.000000e+00 0.000000e+00
2.343750e-02 3.125000e-02 8.013338e-01 0.000000e+00 0.000000e+00
2.500000e-02 3.125000e-02 8.013338e-01 0.000000e+00 0.000000e+00
2.656250e-02 3.125000e-02 8.013338e-01 0.000000e+00 0.000000e+00
2.812500e-02 3.125000e-02 8.013338e-01 0.000000e+00 0.000000e+00
2.968750e-02 3.125000e-02 8.013338e-01 0.000000e+00 0.000000e+00
3.125000e-02 3.125000e-02 8.013338e-01 0.000000e+00 0.000000e+00
3.281250e-02 3.125000e-02 8.013338e-01 0.000000e+00 0.000000e+00
3.437500e-02 3.125000e-02 8.013338e-01 0.000000e+00 0.000000e+00
3.593750e-02 3.125000e-02 8.013338e-01 0.000000e+00 0.000000e+00
3.750000e-02 3.125000e-02 8.013338e-01 0.000000e+00 0.000000e+00
3.906250e-02 3.125000e-02 8.013338e-01 0.000000e+00 0.000000e+00
4.062500e-02 3.125000e-02 8.013338e-01 0.000000e+00 0.000000e+00
4.218750e-02 3.125000e-02 8.013338e-01 0.000000e+00 0.000000e+00
4.375000e-02 3.125000e-02 8.013338e-01 0.000000e+00 0.000000e+00
4.531250e-02 3.125000e-02 8.013338e-01 0.000000e+00 0.000000e+00
4.687500e-02 3.125000e-02 8.013338e-01 0.000000e+00 0.000000e+00
4.843750e-02 3.125000e-02 8.013338e-01 0.000000e+00 0.000000e+00
5.000000e-02 3.125000e-02 8.013338e-01 0.000000e+00 0.000000e+00
0.000000e+00 3.281250e-02 8.013338e-01 0.000000e+00 0.000000e+00
1.562500e-03 3.281250e-02 8.013338e-01 0.000000e+00 0.000000e+00
3.125000e-03 3.281250e-02 8.013338e-01 0.000000e+00 0.000000e+00
4.687500e-03 3.281250e-02 8.013338e-01 0.000000e+00 0.000000e+00
6.250000e-03 3.281250e-02 8.013338e-01 0.000000e+00 0.000000e+00
7.812500e-03 3.281250e-02 8.013338e-01 0.000000e+00 0.000000e+00
9.375000e-03 3.281250e-02 8.013338e-01 0.000000e+00 0.000000e+00
1.093750e-02 3.281250e-02 8.013338e-01 0.000000e+00 0.000000e+00
1.250000e-02 3.281250e-02 8.013338e-01 0.000000e+00 0.000000e+00
1.406250e-02 3.281250e-02 8.013338e-01 0.000000e+00 0.000000e+00
1.562500e-02 3.281250e-02 8.013338e-01 0.000000e+00 0.000000e+00
1.718750e-02 3.281250e-02 8.013338e-01 0.000000e+00 0.000000e+00
1.875000e-02 3.281250e-02 8.013338e-01 0.000000e+00 0.000000e+00
2.031250e-02 3.281250e-02 8.013338e-01 0.000000e+00 0.000000e+00
2.187500e-02 3.281250e-02 8.013338e-01 0.000000e+00 0.000000e+00
2.343750e-02 3.281250e-02 8.013338e-01 0.000000e+00 0.000000e+00
2.500000e-02 3.281250e-02 8.013338e-01 0.000000e+00 0.000000e+00
2.656250e-02 3.281250e-02 8.013338e-01 0.000000e+00 0.000000e+00
2.812500e-02 3.281250e-02 8.013338e-01 0.000000e+00 0.000000e+00
2.968750e-02 3.281250e-02 8.013338e-01 0.000000e+00 0.000000e+00
3.125000e-02 3.281250e-02 8.013338e-01 0.000000e+00 0.000000e+00
3.281250e-02 3.281250e-02 8.013338e-01 0.000000e+00 0.000000e+00
3.437500e-02 3.281250e-02 8.013338e-01 0.000000e+00 0.000000e+00
3.593750e-02 3.281250e-02 8.013338e-01 0.000000e+00 0.000000e+00
3.750000e-02 3.281250e-02 8.013338e-01 0.000000e+00 0.000000e+00
3.906250e-02 3.281250e-02 8.013338e-01 0.000000e+00 0.000000e+00
4.062500e-02 3.281250e-02 8.013338e-01 0.000000e+00 0.000000e+00
4.218750e-02 3.281250e-02 8.013338e-01 0.000000e+00 0.000000e+00
4.375000e-02 3.281250e-02 8.013338e-01 0.000000e+00 0.000000e+00
4.531250e-02 3.281250e-02 8.013338e-01 0.000000e+00 0.000000e+00
4.687500e-02 3.281250e-02 8.013338e-01 0.000000e+00 0.000000e+00
4.843750e-02 3.281250e-02 8.013338e-01 0.000000e+00 0.000000e+00
5.000000e-02 3.281250e-02 8.013338e-01 0.000000e+00 0.000000e+00
0.000000e+00 3.437500e-02 8.013338e-01 0.000000e+00 0.000000e+00
1.562500e-03 3.437500e-02 8.013338e-01 0.000000e+00 0.000000e+00
3.125000e-03 3.437500e-02 8.013338e-01 0.000000e+00 0.000000e+00
4.687500e-03 3.437500e-02 8.013338e-01 0.000000e+00 0.000000e+00
6.250000e-03 3.437500e-02 8.013338e-01 0.000000e+00 0.000000e+00
7.812500e-03 3.437500e-02 8.013338e-01 0.000000e+00 0.000000e+00
9.375000e-03 3.437500e-02 8.013338e-01 0.000000e+00 0.000000e+00
1.093750e-02 3.437500e-02 8.013338e-01 0.000000e+00 0.000000e+00
1.250000e-02 3.437500e-02 8.013338e-01 0.000000e+00 0.000000e+00
1.406250e-02 3.437500e-02 8.013338e-01 0.000000e+00 0.000000e+00
1.562500e-02 3.437500e-02 8.013338e-01 0.000000e+00 0.000000e+00
1.718750e-02 3.437500e-02 8.013338e-01 0.000000e+00 0.000000e+00
1.875000e-02 3.437500e-02 8.013338e-01 0.000000e+00 0.000000e+00
2.031250e-02 3.437500e-02 8.013338e-01 0.000000e+00 0.000000e+00
2.187500e-02 3.437500e-02 8.013338e-01 0.000000e+00 0.000000e+00
2.343750e-02 3.437500e-02 8.013338e-01 0.000000e+00 0.000000e+00
2.500000e-02 3.437500e-02 8.013338e-01 0.000000e+00 0.000000e+00
2.656250e-02 3.437500e-02 8.013338e-01 0.000000e+00 0.000000e+00
2.812500e-02 3.437500e-02 8.013338e-01 0.000000e+00 0.000000e+00
2.968750e-02 3.437500e-02 8.013338e-01 0.000000e+00 0.000000e+00
3.125000e-02 3.437500e-02 8.013338e-01 0.000000e+00 0.000000e+00
3.281250e-02 3.437500e-02 8.013338e-01 0.000000e+00 0.000000e+00
3.437500e-02 3.437500e-02 8.013338e-01 0.000000e+00 0.000000e+00
3.593750e-02 3.437500e-02 8.013338e-01 0.000000e+00 0.000000e+00
3.750000e-02 3.437500e-02 8.013338e-01 0.000000e+00 0.000000e+00
3.906250e-02 3.437500e-02 8.013338e-01 0.000000e+00 0.000000e+00
4.062500e-02 3.437500e-02 8.013338e-01 0.000000e+00 0.000000e+00
4.218750e-02 3.437500e-02 8.013338e-01 0.000000e+00 0.000000e+00
4.375000e-02 3.437500e-02 8.013338e-01 0.000000e+00 0.000000e+00
4.531250e-02 3.437500e-02 8.013338e-01 0.000000e+00 0.000000e+00
4.687500e-02 3.437500e-02 8.013338e-01 0.000000e+00 0.000000e+00
4.843750e-02 3.437500e-02 8.013338e-01 0.000000e+00 0.000000e+00
5.000000e-02 3.437500e-02 8.013338e-01 0.000000e+00 0.000000e+00
0.000000e+00 3.593750e-02 8.013338e-01 0.000000e+00 0.000000e+00
1.562500e-03 3.593750e-02 8.013338e-01 0.000000e+00 0.000000e+00
3.125000e-03 3.593750e-02 8.013338e-01 0.000000e+00 0.000000e+00
4.687500e-03 3.593750e-02 8.013338e-01 0.000000e+00 0.000000e+00
6.250000e-03 3.593750e-02 8.013338e-01 0.000000e+00 0.000000e+00
7.812500e-03 3.593750e-02 8.013338e-01 0.000000e+00 0.000000e+00
9.375000e-03 3.593750e-02 8.013338e-01 0.000000e+00 0.000000e+00
1.093750e-02 3.593750e-02 8.013338e-01 0.000000e+00 0.000000e+00
1.250000e-02 3.593750e-02 8.013338e-01 0.000000e+00 0.000000e+00
1.406250e-02 3.593750e-02 8.013338e-01 0.000000e+00 0.000000e+00
1.562500e-02 3.593750e-02 8.013338e-01 0.000000e+00 0.000000e+00
1.718750e-02 3.593750e-02 8.013338e-01 0.000000e+00 0.000000e+00
1.875000e-02 3.593750e-02 8.013338e-01 0.000000e+00 0.000000e+00
2.031250e-02 3.593750e-02 8.013338e-01 0.000000e+00 0.000000e+00
2.187500e-02 3.593750e-02 8.013338e-01 0.000000e+00 0.000000e+00
2.343750e-02 3.593750e-02 8.013338e-01 0.000000e+00 0.000000e+00
2.500000e-02 3.593750e-02 8.013338e-01 0.000000e+00 0.000000e+00
2.656250e-02 3.593750e-02 8.013338e-01 0.000000e+00 0.000000e+00
2.812500e-02 3.593750e-02 8.013338e-01 0.000000e+00 0.000000e+00
2.968750e-02 3.593750e-02 8.013338e-01 0.000000e+00 0.000000e+00
3.125000e-02 3.593750e-02 8.013338e-01 0.000000e+00 0.000000e+00
3.281250e-02 3.593750e-02 8.013338e-01 0.000000e+00 0.000000e+00
3.437500e-02 3.593750e-02 8.013338e-01 0.000000e+00 0.000000e+00
3.593750e-02 3.593750e-02 8.013338e-01 0.000000e+00 0.000000e+00
3.750000e-02 3.593750e-02 8.013338e-01 0.000000e+00 0.000000e+00
3.906250e-02 3.593750e-02 8.013338e-01 0.000000e+00 0.000000e+00
4.062500e-02 3.593750e-02 8.013338e-01 0.000000e+00 0.000000e+00
4.218750e-02 3.593750e-02 8.013338e-01 0.000000e+00 0.000000e+00
4.375000e-02 3.593750e-02 8.013338e-01 0.000000e+00 0.000000e+00
4.531250e-02 3.593750e-02 8.013338e-01 0.000000e+00 0.000000e+00
4.687500e-02 3.593750e-02 8.013338e-01 0.000000e+00 0.000000e+00
4.843750e-02 3.593750e-02 8.013338e-01 0.000000e+00 0.000000e+00
5.000000e-02 3.593750e-02 8.013338e-01 0.000000e+00 0.000000e+00
0.000000e+00 3.750000e-02 8.013338e-01 0.000000e+00 0.000000e+00
1.562500e-03 3.750000e-02 8.013338e-01 0.000000e+00 0.000000e+00
3.125000e-03 3.750000e-02 8.013338e-01 0.000000e+00 0.000000e+00
4.687500e-03 3.750000e-02 8.013338e-01 0.000000e+00 0.000000e+00
6.250000e-03 3.750000e-02 8.013338e-01 0.000000e+00 0.000000e+00
7.812500e-03 3.750000e-02 8.013338e-01 0.000000e+00 0.000000e+00
9.375000e-03 3.750000e-02 8.013338e-01 0.000000e+00 0.000000e+00
1.093750e-02 3.750000e-02 8.013338e-01 0.000000e+00 0.000000e+00
1.250000e-02 3.750000e-02 8.013338e-01 0.000000e+00 0.000000e+00
1.406250e-02 3.750000e-02 8.013338e-01 0.000000e+00 0.000000e+00
1.562500e-02 3.750000e-02 8.013338e-01 0.000000e+00 0.000000e+00
1.718750e-02 3.750000e-02 8.013338e-01 0.000000e+00 0.000000e+00
1.875000e-02 3.750000e-02 8.013338e-01 0.000000e+00 0.000000e+00
2.031250e-02 3.750000e-02 8.013338e-01 0.000000e+00 0.000000e+00
2.187500e-02 3.750000e-02 8.013338e-01 0.000000e+00 0.000000e+00
2.343750e-02 3.750000e-02 8.013338e-01 0.000000e+00 0.000000e+00
2.500000e-02 3.750000e-02 8.013338e-01 0.000000e+00 0.000000e+00
2.656250e-02 3.750000e-02 8.013338e-01 0.000000e+00 0.000000e+00
2.812500e-02 3.750000e-02 8.013338e-01 0.000000e+00 0.000000e+00
2.968750e-02 3.750000e-02 8.013338e-01 0.000000e+00 0.000000e+00
3.125000e-02 3.750000e-02 8.013338e-01 0.000000e+00 0.000000e+00
3.281250e-02 3.750000e-02 8.013338e-01 0.000000e+00 0.000000e+00
3.437500e-02 3.750000e-02 8.013338e-01 0.000000e+00 0.000000e+00
3.593750e-02 3.750000e-02 8.013338e-01 0.000000e+00 0.000000e+00
3.750000e-02 3.750000e-02 8.013338e-01 0.000000e+00 0.000000e+00
3.906250e-02 3.750000e-02 8.013338e-01 0.000000e+00 0.000000e+00
4.062500e-02 3.750000e-02 8.013338e-01 0.000000e+00 0.000000e+00
4.218750e-02 3.750000e-02 8.013338e-01 0.000000e+00 0.000000e+00
4.375000e-02 3.750000e-02 8.013338e-01 0.000000e+00 0.000000e+00
4.531250e-02 3.750000e-02 8.013338e-01 0.000000e+00 0.000000e+00
4.687500e-02 3.750000e-02 8.013338e-01 0.000000e+00 0.000000e+00
4.843750e-02 3.750000e-02 8.013338e-01 0.000000e+00 0.000000e+00
5.000000e-02 3.750000e-02 8.013338e-01 0.000000e+00 0.000000e+00
0.000000e+00 3.906250e-02 8.013338e-01 0.000000e+00 0.000000e+00
1.562500e-03 3.906250e-02 8.013338e-01 0.000000e+00 0.000000e+00
3.125000e-03 3.906250e-02 8.013338e-01 0.000000e+00 0.000000e+00
4.687500e-03 3.906250e-02 8.013338e-01 0.000000e+00 0.000000e+00
6.250000e-03 3.906250e-02 8.013338e-01 0.000000e+00 0.000000e+00
7.812500e-03 3.906250e-02 8.013338e-01 0.000000e+00 0.000000e+00
9.375000e-03 3.906250e-02 8.013338e-01 0.000000e+00 0.000000e+00
1.093750e-02 3.906250e-02 8.013338e-01 0.000000e+00 0.000000e+00
1.250000e-02 3.906250e-02 8.013338e-01 0.000000e+00 0.000000e+00
1.406250e-02 3.906250e-02 8.013338e-01 0.000000e+00 0.000000e+00
1.562500e-02 3.906250e-02 8.013338e-01 0.000000e+00 0.000000e+00
1.718750e-02 3.906250e-02 8.013338e-01 0.000000e+00 0.000000e+00
1.875000e-02 3.906250e-02 8.013338e-01 0.000000e+00 0.000000e+00
2.031250e-02 3.906250e-02 8.013338e-01 0.000000e+00 0.000000e+00
2.187500e-02 3.906250e-02 8.013338e-01 0.000000e+00 0.000000e+00
2.343750e-02 3.906250e-02 8.013338e-01 0.000000e+00 0.000000e+00
2.500000e-02 3.906250e-02 8.013338e-01 0.000000e+00 0.000000e+00
2.656250e-02 3.906250e-02 8.013338e-01 0.000000e+00 0.000000e+00
2.812500e-02 3.906250e-02 8.013338e-01 0.000000e+00 0.000000e+00
2.968750e-02 3.906250e-02 8.013338e-01 0.000000e+00 0.000000e+00
3.125000e-02 3.906250e-02 8.013338e-01 0.000000e+00 0.000000e+00
3.281250e-02 3.906250e-02 8.013338e-01 0.000000e+00 0.000000e+00
3.437500e-02 3.906250e-02 8.013338e-01 0.000000e+00 0.000000e+00
3.593750e-02 3.906250e-02 8.013338e-01 0.000000e+00 0.000000e+00
3.750000e-02 3.906250e-02 8.013338e-01 0.000000e+00 0.000000e+00
3.906250e-02 3.906250e-02 8.013338e-01 0.000000e+00 0.000000e+00
4.062500e-02 3.906250e-02 8.013338e-01 0.000000e+00 0.000000e+00
4.218750e-02 3.906250e-02 8.013338e-01 0.000000e+00 0.000000e+00
4.375000e-02 3.906250e-02 8.013338e-01 0.000000e+00 0.000000e+00
4.531250e-02 3.906250e-02 8.013338e-01 0.000000e+00 0.000000e+00
4.687500e-02 3.906250e-02 8.013338e-01 0.000000e+00 0.000000e+00
4.843750e-02 3.906250e-02 8.013338e-01 0.000000e+00 0.000000e+00
5.000000e-02 3.906250e-02 8.013338e-01 0.000000e+00 0.000000e+00
0.000000e+00 4.062500e-02 8.013338e-01 0.000000e+00 0.000000e+00
1.562500e-03 4.062500e-02 8.013338e-01 0.000000e+00 0.000000e+00
3.125000e-03 4.062500e-02 8.013338e-01 0.000000e+00 0.000000e+00
4.687500e-03 4.062500e-02 8.013338e-01 0.000000e+00 0.000000e+00
6.250000e-03 4.062500e-02 8.013338e-01 0.000000e+00 0.000000e+00
7.812500e-03 4.062500e-02 8.013338e-01 0.000000e+00 0.000000e+00
9.375000e-03 4.062500e-02 8.013338e-01 0.000000e+00 0.000000e+00
1.093750e-02 4.062500e-02 8.013338e-01 0.000000e+00 0.000000e+00
1.250000e-02 4.062500e-02 8.013338e-01 0.000000e+00 0.000000e+00
1.406250e-02 4.062500e-02 8.013338e-01 0.000000e+00 0.000000e+00
1.562500e-02 4.062500e-02 8.013338e-01 0.000000e+00 0.000000e+00
1.718750e-02 4.062500e-02 8.013338e-01 0.000000e+00 0.000000e+00
1.875000e-02 4.062500e-02 8.013338e-01 0.000000e+00 0.000000e+00
2.031250e-02 4.062500e-02 8.013338e-01 0.000000e+00 0.000000e+00
2.187500e-02 4.062500e-02 8.013338e-01 0.000000e+00 0.000000e+00
2.343750e-02 4.062500e-02 8.013338e-01 0.000000e+00 0.000000e+00
2.500000e-02 4.062500e-02 8.013338e-01 0.000000e+00 0.000000e+00
2.656250e-02 4.062500e-02 8.013338e-01 0.000000e+00 0.000000e+00
2.812500e-02 4.062500e-02 8.013338e-01 0.000000e+00 0.000000e+00
2.968750e-02 4.062500e-02 8.013338e-01 0.000000e+00 0.000000e+00
3.125000e-02 4.062500e-02 8.013338e-01 0.000000e+00 0.000000e+00
3.281250e-02 4.062500e-02 8.013338e-01 0.000000e+00 0.000000e+00
3.437500e-02 4.062500e-02 8.013338e-01 0.000000e+00 0.000000e+00
3.593750e-02 4.062500e-02 8.013338e-01 0.000000e+00 0.000000e+00
3.750000e-02 4.062500e-02 8.013338e-01 0.000000e+00 0.000000e+00
3.906250e-02 4.062500e-02 8.013338e-01 0.000000e+00 0.000000e+00
4.062500e-02 4.062500e-02 8.013338e-01 0.000000e+00 0.000000e+00
4.218750e-02 4.062500e-02 8.013338e-01 0.000000e+00 0.000000e+00
4.375000e-02 4.062500e-02 8.013338e-01 0.000000e+00 0.000000e+00
4.531250e-02 4.062500e-02 8.013338e-01 0.000000e+00 0.000000e+00
4.687500e-02 4.062500e-02 8.013338e-01 0.000000e+00 0.000000e+00
4.843750e-02 4.062500e-02 8.013338e-01 0.000000e+00 0.000000e+00
5.000000e-02 4.062500e-02 8.013338e-01 0.000000e+00 0.000000e+00
0.000000e+00 4.218750e-02 8.013338e-01 0.000000e+00 0.000000e+00
1.562500e-03 4.218750e-02 8.013338e-01 0.000000e+00 0.000000e+00
3.125000e-03 4.218750e-02 8.013338e-01 0.000000e+00 0.000000e+00
4.687500e-03 4.218750e-02 8.013338e-01 0.000000e+00 0.000000e+00
6.250000e-03 4.218750e-02 8.013338e-01 0.000000e+00 0.000000e+00
7.812500e-03 4.218750e-02 8.013338e-01 0.000000e+00 0.000000e+00
9.375000e-03 4.218750e-02 8.013338e-01 0.000000e+00 0.000000e+00
1.093750e-02 4.218750e-02 8.013338e-01 0.000000e+00 0.000000e+00
1.250000e-02 4.218750e-02 8.013338e-01 0.000000e+00 0.000000e+00
1.406250e-02 4.218750e-02 8.013338e-01 0.000000e+00 0.000000e+00
1.562500e-02 4.218750e-02 8.013338e-01 0.000000e+00 0.000000e+00
1.718750e-02 4.218750e-02 8.013338e-01 0.000000e+00 0.000000e+00
1.875000e-02 4.218750e-02 8.013338e-01 0.000000e+00 0.000000e+00
2.031250e-02 4.218750e-02 8.013338e-01 0.000000e+00 0.000000e+00
2.187500e-02 4.218750e-02 8.013338e-01 0.000000e+00 0.000000e+00
2.343750e-02 4.218750e-02 8.013338e-01 0.000000e+00 0.000000e+00
2.500000e-02 4.218750e-02 8.013338e-01 0.000000e+00 0.000000e+00
2.656250e-02 4.218750e-02 8.013338e-01 0.000000e+00 0.000000e+00
2.812500e-02 4.218750e-02 8.013338e-01 0.000000e+00 0.000000e+00
2.968750e-02 4.218750e-02 8.013338e-01 0.000000e+00 0.000000e+00
3.125000e-02 4.218750e-02 8.013338e-01 0.000000e+00 0.000000e+00
3.281250e-02 4.218750e-02 8.013338e-01 0.000000e+00 0.000000e+00
3.437500e-02 4.218750e-02 8.013338e-01 0.000000e+00 0.000000e+00
3.593750e-02 4.218750e-02 8.013338e-01 0.000000e+00 0.000000e+00
3.750000e-02 4.218750e-02 8.013338e-01 0.000000e+00 0.000000e+00
3.906250e-02 4.218750e-02 8.013338e-01 0.000000e+00 0.000000e+00
4.062500e-02 4.218750e-02 8.013338e-01 0.000000e+00 0.000000e+00
4.218750e-02 4.218750e-02 8.013338e-01 0.000000e+00 0.000000e+00
4.375000e-02 4.218750e-02 8.013338e-01 0.000000e+00 0.000000e+00
4.531250e-02 4.218750e-02 8.013338e-01 0.000000e+00 0.000000e+00
4.687500e-02 4.218750e-02 8.013338e-01 0.000000e+00 0.000000e+00
4.843750e-02 4.218750e-02 8.013338e-01 0.000000e+00 0.000000e+00
5.000000e-02 4.218750e-02 8.013338e-01 0.000000e+00 0.000000e+00
0.000000e+00 4.375000e-02 8.013338e-01 0.000000e+00 0.000000e+00
1.562500e-03 4.375000e-02 8.013338e-01 0.000000e+00 0.000000e+00
3.125000e-03 4.375000e-02 8.013338e-01 0.000000e+00 0.000000e+00
4.687500e-03 4.375000e-02 8.013338e-01 0.000000e+00 0.000000e+00
6.250000e-03 4.375000e-02 8.013338e-01 0.000000e+00 0.000000e+00
7.812500e-03 4.375000e-02 8.013338e-01 0.000000e+00 0.000000e+00
9.375000e-03 4.375000e-02 8.013338e-01 0.000000e+00 0.000000e+00
1.093750e-02 4.375000e-02 8.013338e-01 0.000000e+00 0.000000e+00
1.250000e-02 4.375000e-02 8.013338e-01 0.000000e+00 0.000000e+00
1.406250e-02 4.375000e-02 8.013338e-01 0.000000e+00 0.000000e+00
1.562500e-02 4.375000e-02 8.013338e-01 0.000000e+00 0.000000e+00
1.718750e-02 4.375000e-02 8.013338e-01 0.000000e+00 0.000000e+00
1.875000e-02 4.375000e-02 8.013338e-01 0.000000e+00 0.000000e+00
2.031250e-02 4.375000e-02 8.013338e-01 0.000000e+00 0.000000e+00
2.187500e-02 4.375000e-02 8.013338e-01 0.000000e+00 0.000000e+00
2.343750e-02 4.375000e-02 8.013338e-01 0.000000e+00 0.000000e+00
2.500000e-02 4.375000e-02 8.013338e-01 0.000000e+00 0.000000e+00
2.656250e-02 4.375000e-02 8.013338e-01 0.000000e+00 0.000000e+00
2.812500e-02 4.375000e-02 8.013338e-01 0.000000e+00 0.000000e+00
2.968750e-02 4.375000e-02 8.013338e-01 0.000000e+00 0.000000e+00
3.125000e-02 4.375000e-02 8.013338e-01 0.000000e+00 0.000000e+00
3.281250e-02 4.375000e-02 8.013338e-01 0.000000e+00 0.000000e+00
3.437500e-02 4.375000e-02 8.013338e-01 0.000000e+00 0.000000e+00
3.593750e-02 4.375000e-02 8.013338e-01 0.000000e+00 0.000000e+00
3.750000e-02 4.375000e-02 8.013338e-01 0.000000e+00 0.000000e+00
3.906250e-02 4.375000e-02 8.013338e-01 0.000000e+00 0.000000e+00
4.062500e-02 4.375000e-02 8.013338e-01 0.000000e+00 0.000000e+00
4.218750e-02 4.375000e-02 8.013338e-01 0.000000e+00 0.000000e+00
4.375000e-02 4.375000e-02 8.013338e-01 0.000000e+00 0.000000e+00
4.531250e-02 4.375000e-02 8.013338e-01 0.000000e+00 0.000000e+00
4.687500e-02 4.375000e-02 8.013338e-01 0.000000e+00 0.000000e+00
4.843750e-02 4.375000e-02 8.013338e-01 0.000000e+00 0.000000e+00
5.000000e-02 4.375000e-02 8.013338e-01 0.000000e+00 0.000000e+00
0.000000e+00 4.531250e-02 8.013338e-01 0.000000e+00 0.000000e+00
1.562500e-03 4.531250e-02 8.013338e-01 0.000000e+00 0.000000e+00
3.125000e-03 4.531250e-02 8.013338e-01 0.000000e+00 0.000000e+00
4.687500e-03 4.531250e-02 8.013338e-01 0.000000e+00 0.000000e+00
6.250000e-03 4.531250e-02 8.013338e-01 0.000000e+00 0.000000e+00
7.812500e-03 4.531250e-02 8.013338e-01 0.000000e+00 0.000000e+00
9.375000e-03 4.531250e-02 8.013338e-01 0.000000e+00 0.000000e+00
1.093750e-02 4.531250e-02 8.013338e-01 0.000000e+00 0.000000e+00
1.250000e-02 4.531250e-02 8.013338e-01 0.000000e+00 0.000000e+00
1.406250e-02 4.531250e-02 8.013338e-01 0.000000e+00 0.000000e+00
1.562500e-02 4.531250e-02 8.013338e-01 0.000000e+00 0.000000e+00
1.718750e-02 4.531250e-02 8.013338e-01 0.000000e+00 0.000000e+00
1.875000e-02 4.531250e-02 8.013338e-01 0.000000e+00 0.000000e+00
2.031250e-02 4.531250e-02 8.013338e-01 0.000000e+00 0.000000e+00
2.187500e-02 4.531250e-02 8.013338e-01 0.000000e+00 0.000000e+00
2.343750e-02 4.531250e-02 8.013338e-01 0.000000e+00 0.000000e+00
2.500000e-02 4.531250e-02 8.013338e-01 0.000000e+00 0.000000e+00
2.656250e-02 4.531250e-02 8.013338e-01 0.000000e+00 0.000000e+00
2.812500e-02 4.531250e-02 8.013338e-01 0.000000e+00 0.000000e+00
2.968750e-02 4.531250e-02 8.013338e-01 0.000000e+00 0.000000e+00
3.125000e-02 4.531250e-02 8.013338e-01 0.000000e+00 0.000000e+00
3.281250e-02 4.531250e-02 8.013338e-01 0.000000e+00 0.000000e+00
3.437500e-02 4.531250e-02 8.013338e-01 0.000000e+00 0.000000e+00
3.593750e-02 4.531250e-02 8.013338e-01 0.000000e+00 0.000000e+00
3.750000e-02 4.531250e-02 8.013338e-01 0.000000e+00 0.000000e+00
3.906250e-02 4.531250e-02 8.013338e-01 0.000000e+00 0.000000e+00
4.062500e-02 4.531250e-02 8.013338e-01 0.000000e+00 0.000000e+00
4.218750e-02 4.531250e-02 8.013338e-01 0.000000e+00 0.000000e+00
4.375000e-02 4.531250e-02 8.013338e-01 0.000000e+00 0.000000e+00
4.531250e-02 4.531250e-02 8.013338e-01 0.000000e+00 0.000000e+00
4.687500e-02 4.531250e-02 8.013338e-01 0.000000e+00 0.000000e+00
4.843750e-02 4.531250e-02 8.013338e-01 0.000000e+00 0.000000e+00
5.000000e-02 4.531250e-02 8.013338e-01 0.000000e+00 0.000000e+00
0.000000e+00 4.687500e-02 8.013338e-01 0.000000e+00 0.000000e+00
1.562500e-03 4.687500e-02 8.013338e-01 0.000000e+00 0.000000e+00
3.125000e-03 4.687500e-02 8.013338e-01 0.000000e+00 0.000000e+00
4.687500e-03 4.687500e-02 8.013338e-01 0.000000e+00 0.000000e+00
6.250000e-03 4.687500e-02 8.013338e-01 0.000000e+00 0.000000e+00
7.812500e-03 4.687500e-02 8.013338e-01 0.000000e+00 0.000000e+00
9.375000e-03 4.687500e-02 8.013338e-01 0.000000e+00 0.000000e+00
1.093750e-02 4.687500e-02 8.013338e-01 0.000000e+00 0.000000e+00
1.250000e-02 4.687500e-02 8.013338e-01 0.000000e+00 0.000000e+00
1.406250e-02 4.687500e-02 8.013338e-01 0.000000e+00 0.000000e+00
1.562500e-02 4.687500e-02 8.013338e-01 0.000000e+00 0.000000e+00
1.718750e-02 4.687500e-02 8.013338e-01 0.000000e+00 0.000000e+00
1.875000e-02 4.687500e-02 8.013338e-01 0.000000e+00 0.000000e+00
2.031250e-02 4.687500e-02 8.013338e-01 0.000000e+00 0.000000e+00
2.187500e-02 4.687500e-02 8.013338e-01 0.000000e+00 0.000000e+00
2.343750e-02 4.687500e-02 8.013338e-01 0.000000e+00 0.000000e+00
2.500000e-02 4.687500e-02 8.013338e-01 0.000000e+00 0.000000e+00
2.656250e-02 4.687500e-02 8.013338e-01 0.000000e+00 0.000000e+00
2.812500e-02 4.687500e-02 8.013338e-01 0.000000e+00 0.000000e+00
2.968750e-02 4.687500e-02 8.013338e-01 0.000000e+00 0.000000e+00
3.125000e-02 4.687500e-02 8.013338e-01 0.000000e+00 0.000000e+00
3.281250e-02 4.687500e-02 8.013338e-01 0.000000e+00 0.000000e+00
3.437500e-02 4.687500e-02 8.013338e-01 0.000000e+00 0.000000e+00
3.593750e-02 4.687500e-02 8.013338e-01 0.000000e+00 0.000000e+00
3.750000e-02 4.687500e-02 8.013338e-01 0.000000e+00 0.000000e+00
3.906250e-02 4.687500e-02 8.013338e-01 0.000000e+00 0.000000e+00
4.062500e-02 4.687500e-02 8.013338e-01 0.000000e+00 0.000000e+00
4.218750e-02 4.687500e-02 8.013338e-01 0.000000e+00 0.000000e+00
4.375000e-02 4.687500e-02 8.013338e-01 0.000000e+00 0.000000e+00
4.531250e-02 4.687500e-02 8.013338e-01 0.000000e+00 0.000000e+00
4.687500e-02 4.687500e-02 8.013338e-01 0.000000e+00 0.000000e+00
4.843750e-02 4.687500e-02 8.013338e-01 0.000000e+00 0.000000e+00
5.000000e-02 4.687500e-02 8.013338e-01 0.000000e+00 0.000000e+00
0.000000e+00 4.843750e-02 8.013338e-01 0.000000e+00 0.000000e+00
1.562500e-03 4.843750e-02 8.013338e-01 0.000000e+00 0.000000e+00
3.125000e-03 4.843750e-02 8.013338e-01 0.000000e+00 0.000000e+00
4.687500e-03 4.843750e-02 8.013338e-01 0.000000e+00 0.000000e+00
6.250000e-03 4.843750e-02 8.013338e-01 0.000000e+00 0.000000e+00
7.812500e-03 4.843750e-02 8.013338e-01 0.000000e+00 0.000000e+00
9.375000e-03 4.843750e-02 8.013338e-01 0.000000e+00 0.000000e+00
1.093750e-02 4.843750e-02 8.013338e-01 0.000000e+00 0.000000e+00
1.250000e-02 4.843750e-02 8.013338e-01 0.000000e+00 0.000000e+00
1.406250e-02 4.843750e-02 8.013338e-01 0.000000e+00 0.000000e+00
1.562500e-02 4.843750e-02 8.013338e-01 0.000000e+00 0.000000e+00
1.718750e-02 4.843750e-02 8.013338e-01 0.000000e+00 0.000000e+00
1.875000e-02 4.843750e-02 8.013338e-01 0.000000e+00 0.000000e+00
2.031250e-02 4.843750e-02 8.013338e-01 0.000000e+00 0.000000e+00
2.187500e-02 4.843750e-02 8.013338e-01 0.000000e+00 0.000000e+00
2.343750e-02 4.843750e-02 8.013338e-01 0.000000e+00 0.000000e+00
2.500000e-02 4.843750e-02 8.013338e-01 0.000000e+00 0.000000e+00
2.656250e-02 4.843750e-02 8.013338e-01 0.000000e+00 0.000000e+00
2.812500e-02 4.843750e-02 8.013338e-01 0.000000e+00 0.000000e+00
2.968750e-02 4.843750e-02 8.013338e-01 0.000000e+00 0.000000e+00
3.125000e-02 4.843750e-02 8.013338e-01 0.000000e+00 0.000000e+00
3.281250e-02 4.843750e-02 8.013338e-01 0.000000e+00 0.000000e+00
3.437500e-02 4.843750e-02 8.013338e-01 0.000000e+00 0.000000e+00
3.593750e-02 4.843750e-02 8.013338e-01 0.000000e+00 0.000000e+00
3.750000e-02 4.843750e-02 8.013338e-01 0.000000e+00 0.000000e+00
3.906250e-02 4.843750e-02 8.013338e-01 0.000000e+00 0.000000e+00
4.062500e-02 4.843750e-02 8.013338e-01 0.000000e+00 0.000000e+00
4.218750e-02 4.843750e-02 8.013338e-01 0.000000e+00 0.000000e+00
4.375000e-02 4.843750e-02 8.013338e-01 0.000000e+00 0.000000e+00
4.531250e-02 4.843750e-02 8.013338e-01 0.000000e+00 0.000000e+00
4.687500e-02 4.843750e-02 8.013338e-01 0.000000e+00 0.000000e+00
4.843750e-02 4.843750e-02 8.013338e-01 0.000000e+00 0.000000e+00
5.000000e-02 4.843750e-02 8.013338e-01 0.000000e+00 0.000000e+00
0.000000e+00 5.000000e-02 8.013338e-01 1.000000e+00 0.000000e+00
1.562500e-03 5.000000e-02 8.013338e-01 1.000000e+00 0.000000e+00
3.125000e-03 5.000000e-02 8.013338e-01 1.000000e+00 0.000000e+00
4.687500e-03 5.000000e-02 8.013338e-01 1.000000e+00 0.000000e+00
6.250000e-03 5.000000e-02 8.013338e-01 1.000000e+00 0.000000e+00
7.812500e-03 5.000000e-02 8.013338e-01 1.000000e+00 0.000000e+00
9.375000e-03 5.000000e-02 8.013338e-01 1.000000e+00 0.000000e+00
1.093750e-02 5.000000e-02 8.013338e-01 1.000000e+00 0.000000e+00
1.250000e-02 5.000000e-02 8.013338e-01 1.000000e+00 0.000000e+00
1.406250e-02 5.000000e-02 8.013338e-01 1.000000e+00 0.000000e+00
1.562500e-02 5.000000e-02 8.013338e-01 1.000000e+00 0.000000e+00
1.718750e-02 5.000000e-02 8.013338e-01 1.000000e+00 0.000000e+00
1.875000e-02 5.000000e-02 8.013338e-01 1.000000e+00 0.000000e+00
2.031250e-02 5.000000e-02 8.013338e-01 1.000000e+00 0.000000e+00
2.187500e-02 5.000000e-02 8.013338e-01 1.000000e+00 0.000000e+00
2.343750e-02 5.000000e-02 8.013338e-01 1.000000e+00 0.000000e+00
2.500000e-02 5.000000e-02 8.013338e-01 1.000000e+00 0.000000e+00
2.656250e-02 5.000000e-02 8.013338e-01 1.000000e+00 0.000000e+00
2.812500e-02 5.000000e-02 8.013338e-01 1.000000e+00 0.000000e+00
2.968750e-02 5.000000e-02 8.013338e-01 1.000000e+00 0.000000e+00
3.125000e-02 5.000000e-02 8.013338e-01 1.000000e+00 0.000000e+00
3.281250e-02 5.000000e-02 8.013338e-01 1.000000e+00 0.000000e+00
3.437500e-02 5.000000e-02 8.013338e-01 1.000000e+00 0.000000e+00
3.593750e-02 5.000000e-02 8.013338e-01 1.000000e+00 0.000000e+00
3.750000e-02 5.000000e-02 8.013338e-01 1.000000e+00 0.000000e+00
3.906250e-02 5.000000e-02 8.013338e-01 1.000000e+00 0.000000e+00
4.062500e-02 5.000000e-02 8.013338e-01 1.000000e+00 0.000000e+00
4.218750e-02 5.000000e-02 8.013338e-01 1.000000e+00 0.000000e+00
4.375000e-02 5.000000e-02 8.013338e-01 1.000000e+00 0.000000e+00
4.531250e-02 5.000000e-02 8.013338e-01 1.000000e+00 0.000000e+00
4.687500e-02 5.000000e-02 8.013338e-01 1.000000e+00 0.000000e+00
4.843750e-02 5.000000e-02 8.013338e-01 1.000000e+00 0.000000e+00
5.000000e-02 5.000000e-02 8.013338e-01 1.000000e+00 0.000000e+00
zone T="n=0"
I= 33 J= 33
DATAPACKING=POINT
0.000000e+00 0.000000e+00 8.013338e-01 0.000000e+00 0.000000e+00
1.562500e-03 0.000000e+00 8.013338e-01 0.000000e+00 0.000000e+00
3.125000e-03 0.000000e+00 8.013338e-01 0.000000e+00 0.000000e+00
4.687500e-03 0.000000e+00 8.013338e-01 0.000000e+00 0.000000e+00
6.250000e-03 0.000000e+00 8.013338e-01 0.000000e+00 0.000000e+00
7.812500e-03 0.000000e+00 8.013338e-01 0.000000e+00 0.000000e+00
9.375000e-03 0.000000e+00 8.013338e-01 0.000000e+00 0.000000e+00
1.093750e-02 0.000000e+00 8.013338e-01 0.000000e+00 0.000000e+00
1.250000e-02 0.000000e+00 8.013338e-01 0.000000e+00 0.000000e+00
1.406250e-02 0.000000e+00 8.013338e-01 0.000000e+00 0.000000e+00
1.562500e-02 0.000000e+00 8.013338e-01 0.000000e+00 0.000000e+00
1.718750e-02 0.000000e+00 8.013338e-01 0.000000e+00 0.000000e+00
1.875000e-02 0.000000e+00 8.013338e-01 0.000000e+00 0.000000e+00
2.031250e-02 0.000000e+00 8.013338e-01 0.000000e+00 0.000000e+00
2.187500e-02 0.000000e+00 8.013338e-01 0.000000e+00 0.000000e+00
2.343750e-02 0.000000e+00 8.013338e-01 0.000000e+00 0.000000e+00
2.500000e-02 0.000000e+00 8.013338e-01 0.000000e+00 0.000000e+00
2.656250e-02 0.000000e+00 8.013338e-01 0.000000e+00 0.000000e+00
2.812500e-02 0.000000e+00 8.013338e-01 0.000000e+00 0.000000e+00
2.968750e-02 0.000000e+00 8.013338e-01 0.000000e+00 0.000000e+00
3.125000e-02 0.000000e+00 8.013338e-01 0.000000e+00 0.000000e+00
3.281250e-02 0.000000e+00 8.013338e-01 0.000000e+00 0.000000e+00
3.437500e-02 0.000000e+00 8.013338e-01 0.000000e+00 0.000000e+00
3.593750e-02 0.000000e+00 8.013338e-01 0.000000e+00 0.000000e+00
3.750000e-02 0.000000e+00 8.013338e-01 0.000000e+00 0.000000e+00
3.906250e-02 0.000000e+00 8.013338e-01 0.000000e+00 0.000000e+00
4.062500e-02 0.000000e+00 8.013338e-01 0.000000e+00 0.000000e+00
4.218750e-02 0.000000e+00 8.013338e-01 0.000000e+00 0.000000e+00
4.375000e-02 0.000000e+00 8.013338e-01 0.000000e+00 0.000000e+00
4.531250e-02 0.000000e+00 8.013338e-01 0.000000e+00 0.000000e+00
4.687500e-02 0.000000e+00 8.013338e-01 0.000000e+00 0.000000e+00
4.843750e-02 0.000000e+00 8.013338e-01 0.000000e+00 0.000000e+00
5.000000e-02 0.000000e+00 8.013338e-01 0.000000e+00 0.000000e+00
0.000000e+00 1.562500e-03 8.013338e-01 0.000000e+00 0.000000e+00
1.562500e-03 1.562500e-03 8.013338e-01 1.085794e-26 2.818302e-28
3.125000e-03 1.562500e-03 8.013338e-01 1.088936e-26 2.813209e-28
4.687500e-03 1.562500e-03 8.013338e-01 1.089333e-26 2.812536e-28
6.250000e-03 1.562500e-03 8.013338e-01 1.089384e-26 2.812454e-28
7.812500e-03 1.562500e-03 8.013338e-01 1.089390e-26 2.812443e-28
9.375000e-03 1.562500e-03 8.013338e-01 1.089391e-26 2.812442e-28
1.093750e-02 1.562500e-03 8.013338e-01 1.089391e-26 2.812442e-28
1.250000e-02 1.562500e-03 8.013338e-01 1.089391e-26 2.812442e-28
1.406250e-02 1.562500e-03 8.013338e-01 1.089391e-26 2.812442e-28
1.562500e-02 1.562500e-03 8.013338e-01 1.089391e-26 2.812441e-28
1.718750e-02 1.562500e-03 8.013338e-01 1.089390e-26 2.812440e-28
1.875000e-02 1.562500e-03 8.013338e-01 1.089390e-26 2.812435e-28
2.031250e-02 1.562500e-03 8.013338e-01 1.089387e-26 2.812420e-28
2.187500e-02 1.562500e-03 8.013338e-01 1.089380e-26 2.812374e-28
2.343750e-02 1.562500e-03 8.013338e-01 1.089359e-26 2.812241e-28
2.500000e-02 1.562500e-03 8.013338e-01 1.089296e-26 2.811862e-28
2.656250e-02 1.562500e-03 8.013338e-01 1.089123e-26 2.810835e-28
2.812500e-02 1.562500e-03 8.013338e-01 1.088663e-26 2.808168e-28
2.968750e-02 1.562500e-03 8.013338e-01 1.087493e-26 2.801582e-28
3.125000e-02 1.562500e-03 8.013338e-01 1.084668e-26 2.786174e-28
3.281250e-02 1.562500e-03 8.013338e-01 1.078223e-26 2.752246e-28
3.437500e-02 1.562500e-03 8.013338e-01 1.064415e-26 2.682474e-28
3.593750e-02 1.562500e-03 8.013338e-01 1.036845e-26 2.549785e-28
3.750000e-02 1.562500e-03 8.013338e-01 9.860326e-27 2.319577e-28
3.906250e-02 1.562500e-03 8.013338e-01 9.005992e-27 1.962393e-28
4.062500e-02 1.562500e-03 8.013338e-01 7.715067e-27 1.481404e-28
4.218750e-02 1.562500e-03 8.013338e-01 5.996306e-27 9.437579e-29
4.375000e-02 1.562500e-03 8.013338e-01 4.033924e-27 4.737775e-29
4.531250e-02 1.562500e-03 8.013338e-01 2.187667e-27 1.695356e-29
4.687500e-02 1.562500e-03 8.013338e-01 8.449911e-28 2.564536e-30
4.843750e-02 1.562500e-03 8.013338e-01 1.734366e-28 -4.465668e-31
5.000000e-02 1.562500e-03 8.013338e-01 0.000000e+00 0.000000e+00
0.000000e+00 3.125000e-03 8.013338e-01 0.000000e+00 0.000000e+00
1.562500e-03 3.125000e-03 8.013338e-01 7.597419e-26 1.973321e-27
3.125000e-03 3.125000e-03 8.013338e-01 7.622151e-26 1.969314e-27
4.687500e-03 3.125000e-03 8.013338e-01 7.625282e-26 1.968783e-27
6.250000e-03 3.125000e-03 8.013338e-01 7.625678e-26 1.968719e-27
7.812500e-03 3.125000e-03 8.013338e-01 7.625728e-26 1.968710e-27
9.375000e-03 3.125000e-03 8.013338e-01 7.625735e-26 1.968709e-27
1.093750e-02 3.125000e-03 8.013338e-01 7.625735e-26 1.968709e-27
1.250000e-02 3.125000e-03 8.013338e-01 7.625735e-26 1.968709e-27
1.406250e-02 3.125000e-03 8.013338e-01 7.625735e-26 1.968709e-27
1.562500e-02 3.125000e-03 8.013338e-01 7.625735e-26 1.968709e-27
1.718750e-02 3.125000e-03 8.013338e-01 7.625734e-26 1.968708e-27
1.875000e-02 3.125000e-03 8.013338e-01 7.625731e-26 1.968706e-27
2.031250e-02 3.125000e-03 8.013338e-01 7.625719e-26 1.968699e-27
2.187500e-02 3.125000e-03 8.013338e-01 7.625683e-26 1.968675e-27
2.343750e-02 3.125000e-03 8.013338e-01 7.625573e-26 1.968606e-27
2.500000e-02 3.125000e-03 8.013338e-01 7.625247e-26 1.968406e-27
2.656250e-02 3.125000e-03 8.013338e-01 7.624324e-26 1.967851e-27
2.812500e-02 3.125000e-03 8.013338e-01 7.621809e-26 1.966377e-27
2.968750e-02 3.125000e-03 8.013338e-01 7.615274e-26 1.962649e-27
3.125000e-02 3.125000e-03 8.013338e-01 7.599122e-26 1.953714e-27
3.281250e-02 3.125000e-03 8.013338e-01 7.561373e-26 1.933549e-27
3.437500e-02 3.125000e-03 8.013338e-01 7.478474e-26 1.891001e-27
3.593750e-02 3.125000e-03 8.013338e-01 7.308726e-26 1.807870e-27
3.750000e-02 3.125000e-03 8.013338e-01 6.987662e-26 1.659423e-27
3.906250e-02 3.125000e-03 8.013338e-01 6.433287e-26 1.421774e-27
4.062500e-02 3.125000e-03 8.013338e-01 5.572423e-26 1.090748e-27
4.218750e-02 3.125000e-03 8.013338e-01 4.393652e-26 7.076286e-28
4.375000e-02 3.125000e-03 8.013338e-01 3.008372e-26 3.620684e-28
4.531250e-02 3.125000e-03 8.013338e-01 1.665634e-26 1.330639e-28
4.687500e-02 3.125000e-03 8.013338e-01 6.586493e-27 2.096285e-29
4.843750e-02 3.125000e-03 8.013338e-01 1.387493e-27 -3.572535e-30
5.000000e-02 3.125000e-03 8.013338e-01 0.000000e+00 0.000000e+00
0.000000e+00 4.687500e-03 8.013338e-01 0.000000e+00 0.000000e+00
1.562500e-03 4.687500e-03 8.013338e-01 5.315720e-25 1.381725e-26
3.125000e-03 4.687500e-03 8.013338e-01 5.335193e-25 1.378573e-26
4.687500e-03 4.687500e-03 8.013338e-01 5.337658e-25 1.378155e-26
6.250000e-03 4.687500e-03 8.013338e-01 5.337970e-25 1.378104e-26
7.812500e-03 4.687500e-03 8.013338e-01 5.338009e-25 1.378097e-26
9.375000e-03 4.687500e-03 8.013338e-01 5.338014e-25 1.378097e-26
1.093750e-02 4.687500e-03 8.013338e-01 5.338015e-25 1.378097e-26
1.250000e-02 4.687500e-03 8.013338e-01 5.338015e-25 1.378097e-26
1.406250e-02 4.687500e-03 8.013338e-01 5.338015e-25 1.378096e-26
1.562500e-02 4.687500e-03 8.013338e-01 5.338015e-25 1.378096e-26
1.718750e-02 4.687500e-03 8.013338e-01 5.338014e-25 1.378096e-26
1.875000e-02 4.687500e-03 8.013338e-01 5.338013e-25 1.378095e-26
2.031250e-02 4.687500e-03 8.013338e-01 5.338007e-25 1.378091e-26
2.187500e-02 4.687500e-03 8.013338e-01 5.337989e-25 1.378080e-26
2.343750e-02 4.687500e-03 8.013338e-01 5.337933e-25 1.378044e-26
2.500000e-02 4.687500e-03 8.013338e-01 5.337765e-25 1.377940e-26
2.656250e-02 4.687500e-03 8.013338e-01 5.337278e-25 1.377643e-26
2.812500e-02 4.687500e-03 8.013338e-01 5.335920e-25 1.376836e-26
2.968750e-02 4.687500e-03 8.013338e-01 5.332307e-25 1.374747e-26
3.125000e-02 4.687500e-03 8.013338e-01 5.323160e-25 1.369617e-26
3.281250e-02 4.687500e-03 8.013338e-01 5.301251e-25 1.357739e-26
3.437500e-02 4.687500e-03 8.013338e-01 5.251906e-25 1.332014e-26
3.593750e-02 4.687500e-03 8.013338e-01 5.148214e-25 1.280354e-26
3.750000e-02 4.687500e-03 8.013338e-01 4.946801e-25 1.185361e-26
3.906250e-02 4.687500e-03 8.013338e-01 4.589387e-25 1.028345e-26
4.062500e-02 4.687500e-03 8.013338e-01 4.018573e-25 8.018354e-27
4.218750e-02 4.687500e-03 8.013338e-01 3.214085e-25 5.298960e-27
4.375000e-02 4.687500e-03 8.013338e-01 2.240134e-25 2.763483e-27
4.531250e-02 4.687500e-03 8.013338e-01 1.266643e-25 1.043549e-27
4.687500e-02 4.687500e-03 8.013338e-01 5.130445e-26 1.712754e-28
4.843750e-02 4.687500e-03 8.013338e-01 1.109994e-26 -2.858028e-29
5.000000e-02 4.687500e-03 8.013338e-01 0.000000e+00 0.000000e+00
0.000000e+00 6.250000e-03 8.013338e-01 0.000000e+00 0.000000e+00
1.562500e-03 6.250000e-03 8.013338e-01 3.719057e-24 9.675229e-26
3.125000e-03 6.250000e-03 8.013338e-01 3.734388e-24 9.650426e-26
4.687500e-03 6.250000e-03 8.013338e-01 3.736329e-24 9.647135e-26
6.250000e-03 6.250000e-03 8.013338e-01 3.736575e-24 9.646734e-26
7.812500e-03 6.250000e-03 8.013338e-01 3.736606e-24 9.646683e-26
9.375000e-03 6.250000e-03 8.013338e-01 3.736610e-24 9.646676e-26
1.093750e-02 6.250000e-03 8.013338e-01 3.736610e-24 9.646676e-26
1.250000e-02 6.250000e-03 8.013338e-01 3.736610e-24 9.646676e-26
1.406250e-02 6.250000e-03 8.013338e-01 3.736610e-24 9.646675e-26
1.562500e-02 6.250000e-03 8.013338e-01 3.736610e-24 9.646675e-26
1.718750e-02 6.250000e-03 8.013338e-01 3.736610e-24 9.646673e-26
1.875000e-02 6.250000e-03 8.013338e-01 3.736609e-24 9.646668e-26
2.031250e-02 6.250000e-03 8.013338e-01 3.736607e-24 9.646651e-26
2.187500e-02 6.250000e-03 8.013338e-01 3.736598e-24 9.646594e-26
2.343750e-02 6.250000e-03 8.013338e-01 3.736570e-24 9.646415e-26
2.500000e-02 6.250000e-03 8.013338e-01 3.736485e-24 9.645875e-26
2.656250e-02 6.250000e-03 8.013338e-01 3.736230e-24 9.644307e-26
2.812500e-02 6.250000e-03 8.013338e-01 3.735505e-24 9.639944e-26
2.968750e-02 6.250000e-03 8.013338e-01 3.733530e-24 9.628362e-26
3.125000e-02 6.250000e-03 8.013338e-01 3.728403e-24 9.599193e-26
3.281250e-02 6.250000e-03 8.013338e-01 3.715810e-24 9.529900e-26
3.437500e-02 6.250000e-03 8.013338e-01 3.686704e-24 9.375756e-26
3.593750e-02 6.250000e-03 8.013338e-01 3.623891e-24 9.057472e-26
3.750000e-02 6.250000e-03 8.013338e-01 3.498502e-24 8.454540e-26
3.906250e-02 6.250000e-03 8.013338e-01 3.269652e-24 7.424921e-26
4.062500e-02 6.250000e-03 8.013338e-01 2.893450e-24 5.884787e-26
4.218750e-02 6.250000e-03 8.013338e-01 2.347254e-24 3.962820e-26
4.375000e-02 6.250000e-03 8.013338e-01 1.665443e-24 2.106432e-26
4.531250e-02 6.250000e-03 8.013338e-01 9.620096e-25 8.177113e-27
4.687500e-02 6.250000e-03 8.013338e-01 3.993356e-25 1.398783e-27
4.843750e-02 6.250000e-03 8.013338e-01 8.879955e-26 -2.286422e-28
5.000000e-02 6.250000e-03 8.013338e-01 0.000000e+00 0.000000e+00
0.000000e+00 7.812500e-03 8.013338e-01 0.000000e+00 0.000000e+00
1.562500e-03 7.812500e-03 8.013338e-01 2.601807e-23 6.775141e-25
3.125000e-03 7.812500e-03 8.013338e-01 2.613878e-23 6.755627e-25
4.687500e-03 7.812500e-03 8.013338e-01 2.615406e-23 6.753034e-25
6.250000e-03 7.812500e-03 8.013338e-01 2.615599e-23 6.752719e-25
7.812500e-03 7.812500e-03 8.013338e-01 2.615624e-23 6.752679e-25
9.375000e-03 7.812500e-03 8.013338e-01 2.615627e-23 6.752674e-25
1.093750e-02 7.812500e-03 8.013338e-01 2.615627e-23 6.752673e-25
1.250000e-02 7.812500e-03 8.013338e-01 2.615627e-23 6.752673e-25
1.406250e-02 7.812500e-03 8.013338e-01 2.615627e-23 6.752673e-25
1.562500e-02 7.812500e-03 8.013338e-01 2.615627e-23 6.752673e-25
1.718750e-02 7.812500e-03 8.013338e-01 2.615627e-23 6.752672e-25
1.875000e-02 7.812500e-03 8.013338e-01 2.615627e-23 6.752670e-25
2.031250e-02 7.812500e-03 8.013338e-01 2.615626e-23 6.752661e-25
2.187500e-02 7.812500e-03 8.013338e-01 2.615621e-23 6.752633e-25
2.343750e-02 7.812500e-03 8.013338e-01 2.615608e-23 6.752545e-25
2.500000e-02 7.812500e-03 8.013338e-01 2.615565e-23 6.752270e-25
2.656250e-02 7.812500e-03 8.013338e-01 2.615434e-23 6.751451e-25
2.812500e-02 7.812500e-03 8.013338e-01 2.615051e-23 6.749119e-25
2.968750e-02 7.812500e-03 8.013338e-01 2.613983e-23 6.742771e-25
3.125000e-02 7.812500e-03 8.013338e-01 2.611142e-23 6.726365e-25
3.281250e-02 7.812500e-03 8.013338e-01 2.603978e-23 6.686345e-25
3.437500e-02 7.812500e-03 8.013338e-01 2.586974e-23 6.594858e-25
3.593750e-02 7.812500e-03 8.013338e-01 2.549263e-23 6.400524e-25
3.750000e-02 7.812500e-03 8.013338e-01 2.471836e-23 6.021140e-25
3.906250e-02 7.812500e-03 8.013338e-01 2.326377e-23 5.351458e-25
4.062500e-02 7.812500e-03 8.013338e-01 2.080035e-23 4.311548e-25
4.218750e-02 7.812500e-03 8.013338e-01 1.711259e-23 2.959613e-25
4.375000e-02 7.812500e-03 8.013338e-01 1.236154e-23 1.603374e-25
4.531250e-02 7.812500e-03 8.013338e-01 7.296741e-24 6.401812e-26
4.687500e-02 7.812500e-03 8.013338e-01 3.105886e-24 1.141891e-26
4.843750e-02 7.812500e-03 8.013338e-01 7.103964e-25 -1.829138e-27
5.000000e-02 7.812500e-03 8.013338e-01 0.000000e+00 0.000000e+00
0.000000e+00 9.375000e-03 8.013338e-01 0.000000e+00 0.000000e+00
1.562500e-03 9.375000e-03 8.013338e-01 1.820057e-22 4.744550e-24
3.125000e-03 9.375000e-03 8.013338e-01 1.829562e-22 4.729198e-24
4.687500e-03 9.375000e-03 8.013338e-01 1.830765e-22 4.727156e-24
6.250000e-03 9.375000e-03 8.013338e-01 1.830917e-22 4.726907e-24
7.812500e-03 9.375000e-03 8.013338e-01 1.830936e-22 4.726876e-24
9.375000e-03 9.375000e-03 8.013338e-01 1.830939e-22 4.726872e-24
1.093750e-02 9.375000e-03 8.013338e-01 1.830939e-22 4.726871e-24
1.250000e-02 9.375000e-03 8.013338e-01 1.830939e-22 4.726871e-24
1.406250e-02 9.375000e-03 8.013338e-01 1.830939e-22 4.726871e-24
1.562500e-02 9.375000e-03 8.013338e-01 1.830939e-22 4.726871e-24
1.718750e-02 9.375000e-03 8.013338e-01 1.830939e-22 4.726871e-24
1.875000e-02 9.375000e-03 8.013338e-01 1.830939e-22 4.726869e-24
2.031250e-02 9.375000e-03 8.013338e-01 1.830938e-22 4.726866e-24
2.187500e-02 9.375000e-03 8.013338e-01 1.830936e-22 4.726852e-24
2.343750e-02 9.375000e-03 8.013338e-01 1.830930e-22 4.726809e-24
2.500000e-02 9.375000e-03 8.013338e-01 1.830908e-22 4.726671e-24
2.656250e-02 9.375000e-03 8.013338e-01 1.830842e-22 4.726249e-24
2.812500e-02 9.375000e-03 8.013338e-01 1.830643e-22 4.725018e-24
2.968750e-02 9.375000e-03 8.013338e-01 1.830073e-22 4.721580e-24
3.125000e-02 9.375000e-03 8.013338e-01 1.828515e-22 4.712457e-24
3.281250e-02 9.375000e-03 8.013338e-01 1.824485e-22 4.689590e-24
3.437500e-02 9.375000e-03 8.013338e-01 1.814653e-22 4.635834e-24
3.593750e-02 9.375000e-03 8.013338e-01 1.792227e-22 4.518305e-24
3.750000e-02 9.375000e-03 8.013338e-01 1.744831e-22 4.281766e-24
3.906250e-02 9.375000e-03 8.013338e-01 1.653098e-22 3.850012e-24
4.062500e-02 9.375000e-03 8.013338e-01 1.492902e-22 3.153277e-24
4.218750e-02 9.375000e-03 8.013338e-01 1.245392e-22 2.207353e-24
4.375000e-02 9.375000e-03 8.013338e-01 9.159555e-23 1.218681e-24
4.531250e-02 9.375000e-03 8.013338e-01 5.526804e-23 5.007261e-25
4.687500e-02 9.375000e-03 8.013338e-01 2.413669e-23 9.318040e-26
4.843750e-02 9.375000e-03 8.013338e-01 5.683171e-24 -1.463310e-26
5.000000e-02 9.375000e-03 8.013338e-01 0.000000e+00 0.000000e+00
0.000000e+00 1.093750e-02 8.013338e-01 0.000000e+00 0.000000e+00
1.562500e-03 1.093750e-02 8.013338e-01 1.273090e-21 3.322720e-23
3.125000e-03 1.093750e-02 8.013338e-01 1.280573e-21 3.310643e-23
4.687500e-03 1.093750e-02 8.013338e-01 1.281520e-21 3.309034e-23
6.250000e-03 1.093750e-02 8.013338e-01 1.281640e-21 3.308838e-23
7.812500e-03 1.093750e-02 8.013338e-01 1.281655e-21 3.308813e-23
9.375000e-03 1.093750e-02 8.013338e-01 1.281657e-21 3.308810e-23
1.093750e-02 1.093750e-02 8.013338e-01 1.281657e-21 3.308810e-23
1.250000e-02 1.093750e-02 8.013338e-01 1.281657e-21 3.308810e-23
1.406250e-02 1.093750e-02 8.013338e-01 1.281657e-21 3.308810e-23
1.562500e-02 1.093750e-02 8.013338e-01 1.281657e-21 3.308810e-23
1.718750e-02 1.093750e-02 8.013338e-01 1.281657e-21 3.308810e-23
1.875000e-02 1.093750e-02 8.013338e-01 1.281657e-21 3.308809e-23
2.031250e-02 1.093750e-02 8.013338e-01 1.281657e-21 3.308807e-23
2.187500e-02 1.093750e-02 8.013338e-01 1.281656e-21 3.308801e-23
2.343750e-02 1.093750e-02 8.013338e-01 1.281653e-21 3.308780e-23
2.500000e-02 1.093750e-02 8.013338e-01 1.281642e-21 3.308711e-23
2.656250e-02 1.093750e-02 8.013338e-01 1.281609e-21 3.308498e-23
2.812500e-02 1.093750e-02 8.013338e-01 1.281507e-21 3.307856e-23
2.968750e-02 1.093750e-02 8.013338e-01 1.281206e-21 3.306018e-23
3.125000e-02 1.093750e-02 8.013338e-01 1.280364e-21 3.301007e-23
3.281250e-02 1.093750e-02 8.013338e-01 1.278122e-21 3.288089e-23
3.437500e-02 1.093750e-02 8.013338e-01 1.272500e-21 3.256837e-23
3.593750e-02 1.093750e-02 8.013338e-01 1.259298e-21 3.186467e-23
3.750000e-02 1.093750e-02 8.013338e-01 1.230555e-21 3.040412e-23
3.906250e-02 1.093750e-02 8.013338e-01 1.173188e-21 2.764682e-23
4.062500e-02 1.093750e-02 8.013338e-01 1.069782e-21 2.301886e-23
4.218750e-02 1.093750e-02 8.013338e-01 9.047180e-22 1.644014e-23
4.375000e-02 1.093750e-02 8.013338e-01 6.774964e-22 9.248724e-24
4.531250e-02 1.093750e-02 8.013338e-01 4.180076e-22 3.912628e-24
4.687500e-02 1.093750e-02 8.013338e-01 1.874103e-22 7.600763e-25
4.843750e-02 1.093750e-02 8.013338e-01 4.546537e-23 -1.170648e-25
5.000000e-02 1.093750e-02 8.013338e-01 0.000000e+00 0.000000e+00
0.000000e+00 1.250000e-02 8.013338e-01 0.000000e+00 0.000000e+00
1.562500e-03 1.250000e-02 8.013338e-01 8.904145e-21 2.327112e-22
3.125000e-03 1.250000e-02 8.013338e-01 8.963063e-21 2.317611e-22
4.687500e-03 1.250000e-02 8.013338e-01 8.970521e-21 2.316343e-22
6.250000e-03 1.250000e-02 8.013338e-01 8.971465e-21 2.316189e-22
7.812500e-03 1.250000e-02 8.013338e-01 8.971584e-21 2.316170e-22
9.375000e-03 1.250000e-02 8.013338e-01 8.971599e-21 2.316167e-22
1.093750e-02 1.250000e-02 8.013338e-01 8.971601e-21 2.316167e-22
1.250000e-02 1.250000e-02 8.013338e-01 8.971602e-21 2.316167e-22
1.406250e-02 1.250000e-02 8.013338e-01 8.971602e-21 2.316167e-22
1.562500e-02 1.250000e-02 8.013338e-01 8.971602e-21 2.316167e-22
1.718750e-02 1.250000e-02 8.013338e-01 8.971601e-21 2.316167e-22
1.875000e-02 1.250000e-02 8.013338e-01 8.971601e-21 2.316167e-22
2.031250e-02 1.250000e-02 8.013338e-01 8.971600e-21 2.316166e-22
2.187500e-02 1.250000e-02 8.013338e-01 8.971596e-21 2.316163e-22
2.343750e-02 1.250000e-02 8.013338e-01 8.971581e-21 2.316153e-22
2.500000e-02 1.250000e-02 8.013338e-01 8.971531e-21 2.316119e-22
2.656250e-02 1.250000e-02 8.013338e-01 8.971367e-21 2.316012e-22
2.812500e-02 1.250000e-02 8.013338e-01 8.970849e-21 2.315683e-22
2.968750e-02 1.250000e-02 8.013338e-01 8.969288e-21 2.314714e-22
3.125000e-02 1.250000e-02 8.013338e-01 8.964789e-21 2.311997e-22
3.281250e-02 1.250000e-02 8.013338e-01 8.952480e-21 2.304787e-22
3.437500e-02 1.250000e-02 8.013338e-01 8.920698e-21 2.286822e-22
3.593750e-02 1.250000e-02 8.013338e-01 8.843830e-21 2.245133e-22
3.750000e-02 1.250000e-02 8.013338e-01 8.671255e-21 2.155861e-22
3.906250e-02 1.250000e-02 8.013338e-01 8.315723e-21 1.981557e-22
4.062500e-02 1.250000e-02 8.013338e-01 7.653540e-21 1.677108e-22
4.218750e-02 1.250000e-02 8.013338e-01 6.560248e-21 1.222724e-22
4.375000e-02 1.250000e-02 8.013338e-01 5.001963e-21 7.007717e-23
4.531250e-02 1.250000e-02 8.013338e-01 3.156651e-21 3.054095e-23
4.687500e-02 1.250000e-02 8.013338e-01 1.453817e-21 6.197675e-24
4.843750e-02 1.250000e-02 8.013338e-01 3.637230e-22 -9.365185e-25
5.000000e-02 1.250000e-02 8.013338e-01 0.000000e+00 0.000000e+00
0.000000e+00 1.406250e-02 8.013338e-01 0.000000e+00 0.000000e+00
1.562500e-03 1.406250e-02 8.013338e-01 6.227010e-20 1.629928e-21
3.125000e-03 1.406250e-02 8.013338e-01 6.273398e-20 1.622454e-21
4.687500e-03 1.406250e-02 8.013338e-01 6.279270e-20 1.621456e-21
6.250000e-03 1.406250e-02 8.013338e-01 6.280014e-20 1.621334e-21
7.812500e-03 1.406250e-02 8.013338e-01 6.280107e-20 1.621319e-21
9.375000e-03 1.406250e-02 8.013338e-01 6.280119e-20 1.621317e-21
1.093750e-02 1.406250e-02 8.013338e-01 6.280121e-20 1.621317e-21
1.250000e-02 1.406250e-02 8.013338e-01 6.280121e-20 1.621317e-21
1.406250e-02 1.406250e-02 8.013338e-01 6.280121e-20 1.621317e-21
1.562500e-02 1.406250e-02 8.013338e-01 6.280121e-20 1.621317e-21
1.718750e-02 1.406250e-02 8.013338e-01 6.280121e-20 1.621317e-21
1.875000e-02 1.406250e-02 8.013338e-01 6.280121e-20 1.621317e-21
2.031250e-02 1.406250e-02 8.013338e-01 6.280120e-20 1.621316e-21
2.187500e-02 1.406250e-02 8.013338e-01 6.280118e-20 1.621315e-21
2.343750e-02 1.406250e-02 8.013338e-01 6.280112e-20 1.621310e-21
2.500000e-02 1.406250e-02 8.013338e-01 6.280088e-20 1.621294e-21
2.656250e-02 1.406250e-02 8.013338e-01 6.280008e-20 1.621242e-21
2.812500e-02 1.406250e-02 8.013338e-01 6.279751e-20 1.621075e-21
2.968750e-02 1.406250e-02 8.013338e-01 6.278951e-20 1.620571e-21
3.125000e-02 1.406250e-02 8.013338e-01 6.276583e-20 1.619119e-21
3.281250e-02 1.406250e-02 8.013338e-01 6.269914e-20 1.615148e-21
3.437500e-02 1.406250e-02 8.013338e-01 6.252176e-20 1.604945e-21
3.593750e-02 1.406250e-02 8.013338e-01 6.207939e-20 1.580520e-21
3.750000e-02 1.406250e-02 8.013338e-01 6.105432e-20 1.526533e-21
3.906250e-02 1.406250e-02 8.013338e-01 5.887224e-20 1.417535e-21
4.062500e-02 1.406250e-02 8.013338e-01 5.466807e-20 1.219414e-21
4.218750e-02 1.406250e-02 8.013338e-01 4.748002e-20 9.081020e-22
4.375000e-02 1.406250e-02 8.013338e-01 3.685906e-20 5.300764e-22
4.531250e-02 1.406250e-02 8.013338e-01 2.379939e-20 2.381299e-22
4.687500e-02 1.406250e-02 8.013338e-01 1.126682e-20 5.051792e-23
4.843750e-02 1.406250e-02 8.013338e-01 2.909784e-21 -7.492148e-24
5.000000e-02 1.406250e-02 8.013338e-01 0.000000e+00 0.000000e+00
0.000000e+00 1.562500e-02 8.013338e-01 0.000000e+00 0.000000e+00
1.562500e-03 1.562500e-02 8.013338e-01 4.354268e-19 1.141697e-20
3.125000e-03 1.562500e-02 8.013338e-01 4.390792e-19 1.135818e-20
4.687500e-03 1.562500e-02 8.013338e-01 4.395415e-19 1.135031e-20
6.250000e-03 1.562500e-02 8.013338e-01 4.396000e-19 1.134936e-20
7.812500e-03 1.562500e-02 8.013338e-01 4.396074e-19 1.134923e-20
9.375000e-03 1.562500e-02 8.013338e-01 4.396083e-19 1.134922e-20
1.093750e-02 1.562500e-02 8.013338e-01 4.396085e-19 1.134922e-20
1.250000e-02 1.562500e-02 8.013338e-01 4.396085e-19 1.134922e-20
1.406250e-02 1.562500e-02 8.013338e-01 4.396085e-19 1.134922e-20
1.562500e-02 1.562500e-02 8.013338e-01 4.396085e-19 1.134922e-20
1.718750e-02 1.562500e-02 8.013338e-01 4.396085e-19 1.134922e-20
1.875000e-02 1.562500e-02 8.013338e-01 4.396085e-19 1.134922e-20
2.031250e-02 1.562500e-02 8.013338e-01 4.396084e-19 1.134922e-20
2.187500e-02 1.562500e-02 8.013338e-01 4.396084e-19 1.134921e-20
2.343750e-02 1.562500e-02 8.013338e-01 4.396081e-19 1.134919e-20
2.500000e-02 1.562500e-02 8.013338e-01 4.396070e-19 1.134911e-20
2.656250e-02 1.562500e-02 8.013338e-01 4.396032e-19 1.134886e-20
2.812500e-02 1.562500e-02 8.013338e-01 4.395905e-19 1.134803e-20
2.968750e-02 1.562500e-02 8.013338e-01 4.395503e-19 1.134545e-20
3.125000e-02 1.562500e-02 8.013338e-01 4.394275e-19 1.133780e-20
3.281250e-02 1.562500e-02 8.013338e-01 4.390714e-19 1.131624e-20
3.437500e-02 1.562500e-02 8.013338e-01 4.380947e-19 1.125904e-20
3.593750e-02 1.562500e-02 8.013338e-01 4.355808e-19 1.111763e-20
3.750000e-02 1.562500e-02 8.013338e-01 4.295623e-19 1.079473e-20
3.906250e-02 1.562500e-02 8.013338e-01 4.163099e-19 1.012086e-20
4.062500e-02 1.562500e-02 8.013338e-01 3.898646e-19 8.847207e-21
4.218750e-02 1.562500e-02 8.013338e-01 3.429811e-19 6.734740e-21
4.375000e-02 1.562500e-02 8.013338e-01 2.710731e-19 4.002481e-21
4.531250e-02 1.562500e-02 8.013338e-01 1.791283e-19 1.854521e-21
4.687500e-02 1.562500e-02 8.013338e-01 8.722474e-20 4.116355e-22
4.843750e-02 1.562500e-02 8.013338e-01 2.327827e-20 -5.993719e-23
5.000000e-02 1.562500e-02 8.013338e-01 0.000000e+00 0.000000e+00
0.000000e+00 1.718750e-02 8.013338e-01 0.000000e+00 0.000000e+00
1.562500e-03 1.718750e-02 8.013338e-01 3.044335e-18 7.997760e-20
3.125000e-03 1.718750e-02 8.013338e-01 3.073092e-18 7.951513e-20
4.687500e-03 1.718750e-02 8.013338e-01 3.076732e-18 7.945314e-20
6.250000e-03 1.718750e-02 8.013338e-01 3.077193e-18 7.944561e-20
7.812500e-03 1.718750e-02 8.013338e-01 3.077251e-18 7.944466e-20
9.375000e-03 1.718750e-02 8.013338e-01 3.077258e-18 7.944454e-20
1.093750e-02 1.718750e-02 8.013338e-01 3.077259e-18 7.944452e-20
1.250000e-02 1.718750e-02 8.013338e-01 3.077259e-18 7.944452e-20
1.406250e-02 1.718750e-02 8.013338e-01 3.077259e-18 7.944452e-20
1.562500e-02 1.718750e-02 8.013338e-01 3.077259e-18 7.944452e-20
1.718750e-02 1.718750e-02 8.013338e-01 3.077259e-18 7.944452e-20
1.875000e-02 1.718750e-02 8.013338e-01 3.077259e-18 7.944452e-20
2.031250e-02 1.718750e-02 8.013338e-01 3.077259e-18 7.944451e-20
2.187500e-02 1.718750e-02 8.013338e-01 3.077259e-18 7.944449e-20
2.343750e-02 1.718750e-02 8.013338e-01 3.077257e-18 7.944439e-20
2.500000e-02 1.718750e-02 8.013338e-01 3.077252e-18 7.944404e-20
2.656250e-02 1.718750e-02 8.013338e-01 3.077235e-18 7.944283e-20
2.812500e-02 1.718750e-02 8.013338e-01 3.077174e-18 7.943879e-20
2.968750e-02 1.718750e-02 8.013338e-01 3.076975e-18 7.942583e-20
3.125000e-02 1.718750e-02 8.013338e-01 3.076349e-18 7.938617e-20
3.281250e-02 1.718750e-02 8.013338e-01 3.074476e-18 7.927085e-20
3.437500e-02 1.718750e-02 8.013338e-01 3.069176e-18 7.895467e-20
3.593750e-02 1.718750e-02 8.013338e-01 3.055084e-18 7.814629e-20
3.750000e-02 1.718750e-02 8.013338e-01 3.020189e-18 7.623699e-20
3.906250e-02 1.718750e-02 8.013338e-01 2.940614e-18 7.211971e-20
4.062500e-02 1.718750e-02 8.013338e-01 2.775936e-18 6.404292e-20
4.218750e-02 1.718750e-02 8.013338e-01 2.472776e-18 4.987544e-20
4.375000e-02 1.718750e-02 8.013338e-01 1.989456e-18 3.016533e-20
4.531250e-02 1.718750e-02 8.013338e-01 1.345802e-18 1.442454e-20
4.687500e-02 1.718750e-02 8.013338e-01 6.745196e-19 3.353021e-21
4.843750e-02 1.718750e-02 8.013338e-01 1.862262e-19 -4.794975e-22
5.000000e-02 1.718750e-02 8.013338e-01 0.000000e+00 0.000000e+00
0.000000e+00 1.875000e-02 8.013338e-01 0.000000e+00 0.000000e+00
1.562500e-03 1.875000e-02 8.013338e-01 2.128159e-17 5.603056e-19
3.125000e-03 1.875000e-02 8.013338e-01 2.150800e-17 5.566679e-19
4.687500e-03 1.875000e-02 8.013338e-01 2.153666e-17 5.561795e-19
6.250000e-03 1.875000e-02 8.013338e-01 2.154029e-17 5.561202e-19
7.812500e-03 1.875000e-02 8.013338e-01 2.154075e-17 5.561127e-19
9.375000e-03 1.875000e-02 8.013338e-01 2.154081e-17 5.561118e-19
1.093750e-02 1.875000e-02 8.013338e-01 2.154081e-17 5.561117e-19
1.250000e-02 1.875000e-02 8.013338e-01 2.154082e-17 5.561117e-19
1.406250e-02 1.875000e-02 8.013338e-01 2.154082e-17 5.561117e-19
1.562500e-02 1.875000e-02 8.013338e-01 2.154082e-17 5.561116e-19
1.718750e-02 1.875000e-02 8.013338e-01 2.154082e-17 5.561116e-19
1.875000e-02 1.875000e-02 8.013338e-01 2.154082e-17 5.561116e-19
2.031250e-02 1.875000e-02 8.013338e-01 2.154081e-17 5.561116e-19
2.187500e-02 1.875000e-02 8.013338e-01 2.154081e-17 5.561115e-19
2.343750e-02 1.875000e-02 8.013338e-01 2.154081e-17 5.561111e-19
2.500000e-02 1.875000e-02 8.013338e-01 2.154079e-17 5.561095e-19
2.656250e-02 1.875000e-02 8.013338e-01 2.154070e-17 5.561039e-19
2.812500e-02 1.875000e-02 8.013338e-01 2.154042e-17 5.560845e-19
2.968750e-02 1.875000e-02 8.013338e-01 2.153945e-17 5.560204e-19
3.125000e-02 1.875000e-02 8.013338e-01 2.153631e-17 5.558185e-19
3.281250e-02 1.875000e-02 8.013338e-01 2.152663e-17 5.552121e-19
3.437500e-02 1.875000e-02 8.013338e-01 2.149833e-17 5.534911e-19
3.593750e-02 1.875000e-02 8.013338e-01 2.142048e-17 5.489333e-19
3.750000e-02 1.875000e-02 8.013338e-01 2.122089e-17 5.377762e-19
3.906250e-02 1.875000e-02 8.013338e-01 2.074898e-17 5.129148e-19
4.062500e-02 1.875000e-02 8.013338e-01 1.973471e-17 4.624679e-19
4.218750e-02 1.875000e-02 8.013338e-01 1.779275e-17 3.688382e-19
4.375000e-02 1.875000e-02 8.013338e-01 1.456985e-17 2.268981e-19
4.531250e-02 1.875000e-02 8.013338e-01 1.009189e-17 1.120433e-19
4.687500e-02 1.875000e-02 8.013338e-01 5.209931e-18 2.730367e-20
4.843750e-02 1.875000e-02 8.013338e-01 1.489809e-18 -3.835980e-21
5.000000e-02 1.875000e-02 8.013338e-01 0.000000e+00 0.000000e+00
0.000000e+00 2.031250e-02 8.013338e-01 0.000000e+00 0.000000e+00
1.562500e-03 2.031250e-02 8.013338e-01 1.487447e-16 3.925777e-18
3.125000e-03 2.031250e-02 8.013338e-01 1.505274e-16 3.897164e-18
4.687500e-03 2.031250e-02 8.013338e-01 1.507530e-16 3.893316e-18
6.250000e-03 2.031250e-02 8.013338e-01 1.507816e-16 3.892849e-18
7.812500e-03 2.031250e-02 8.013338e-01 1.507852e-16 3.892790e-18
9.375000e-03 2.031250e-02 8.013338e-01 1.507856e-16 3.892783e-18
1.093750e-02 2.031250e-02 8.013338e-01 1.507857e-16 3.892782e-18
1.250000e-02 2.031250e-02 8.013338e-01 1.507857e-16 3.892782e-18
1.406250e-02 2.031250e-02 8.013338e-01 1.507857e-16 3.892782e-18
1.562500e-02 2.031250e-02 8.013338e-01 1.507857e-16 3.892782e-18
1.718750e-02 2.031250e-02 8.013338e-01 1.507857e-16 3.892782e-18
1.875000e-02 2.031250e-02 8.013338e-01 1.507857e-16 3.892782e-18
2.031250e-02 2.031250e-02 8.013338e-01 1.507857e-16 3.892781e-18
2.187500e-02 2.031250e-02 8.013338e-01 1.507857e-16 3.892781e-18
2.343750e-02 2.031250e-02 8.013338e-01 1.507857e-16 3.892779e-18
2.500000e-02 2.031250e-02 8.013338e-01 1.507856e-16 3.892772e-18
2.656250e-02 2.031250e-02 8.013338e-01 1.507852e-16 3.892747e-18
2.812500e-02 2.031250e-02 8.013338e-01 1.507839e-16 3.892655e-18
2.968750e-02 2.031250e-02 8.013338e-01 1.507793e-16 3.892345e-18
3.125000e-02 2.031250e-02 8.013338e-01 1.507639e-16 3.891336e-18
3.281250e-02 2.031250e-02 8.013338e-01 1.507147e-16 3.888206e-18
3.437500e-02 2.031250e-02 8.013338e-01 1.505661e-16 3.878995e-18
3.593750e-02 2.031250e-02 8.013338e-01 1.501430e-16 3.853690e-18
3.750000e-02 2.031250e-02 8.013338e-01 1.490182e-16 3.789295e-18
3.906250e-02 2.031250e-02 8.013338e-01 1.462571e-16 3.640850e-18
4.062500e-02 2.031250e-02 8.013338e-01 1.400849e-16 3.330905e-18
4.218750e-02 2.031250e-02 8.013338e-01 1.277721e-16 2.723807e-18
4.375000e-02 2.031250e-02 8.013338e-01 1.064669e-16 1.703141e-18
4.531250e-02 2.031250e-02 8.013338e-01 7.552522e-17 8.690425e-19
4.687500e-02 2.031250e-02 8.013338e-01 4.018964e-17 2.222653e-19
4.843750e-02 2.031250e-02 8.013338e-01 1.191847e-17 -3.068784e-20
5.000000e-02 2.031250e-02 8.013338e-01 0.000000e+00 0.000000e+00
0.000000e+00 2.187500e-02 8.013338e-01 0.000000e+00 0.000000e+00
1.562500e-03 2.187500e-02 8.013338e-01 1.039430e-15 2.750905e-17
3.125000e-03 2.187500e-02 8.013338e-01 1.053466e-15 2.728399e-17
4.687500e-03 2.187500e-02 8.013338e-01 1.055243e-15 2.725368e-17
6.250000e-03 2.187500e-02 8.013338e-01 1.055467e-15 2.725000e-17
7.812500e-03 2.187500e-02 8.013338e-01 1.055496e-15 2.724954e-17
9.375000e-03 2.187500e-02 8.013338e-01 1.055499e-15 2.724948e-17
1.093750e-02 2.187500e-02 8.013338e-01 1.055500e-15 2.724947e-17
1.250000e-02 2.187500e-02 8.013338e-01 1.055500e-15 2.724947e-17
1.406250e-02 2.187500e-02 8.013338e-01 1.055500e-15 2.724947e-17
1.562500e-02 2.187500e-02 8.013338e-01 1.055500e-15 2.724947e-17
1.718750e-02 2.187500e-02 8.013338e-01 1.055500e-15 2.724947e-17
1.875000e-02 2.187500e-02 8.013338e-01 1.055500e-15 2.724947e-17
2.031250e-02 2.187500e-02 8.013338e-01 1.055500e-15 2.724947e-17
2.187500e-02 2.187500e-02 8.013338e-01 1.055500e-15 2.724947e-17
2.343750e-02 2.187500e-02 8.013338e-01 1.055500e-15 2.724946e-17
2.500000e-02 2.187500e-02 8.013338e-01 1.055499e-15 2.724943e-17
2.656250e-02 2.187500e-02 8.013338e-01 1.055498e-15 2.724932e-17
2.812500e-02 2.187500e-02 8.013338e-01 1.055492e-15 2.724890e-17
2.968750e-02 2.187500e-02 8.013338e-01 1.055470e-15 2.724742e-17
3.125000e-02 2.187500e-02 8.013338e-01 1.055396e-15 2.724248e-17
3.281250e-02 2.187500e-02 8.013338e-01 1.055152e-15 2.722665e-17
3.437500e-02 2.187500e-02 8.013338e-01 1.054386e-15 2.717827e-17
3.593750e-02 2.187500e-02 8.013338e-01 1.052126e-15 2.704023e-17
3.750000e-02 2.187500e-02 8.013338e-01 1.045888e-15 2.667351e-17
3.906250e-02 2.187500e-02 8.013338e-01 1.029972e-15 2.579590e-17
4.062500e-02 2.187500e-02 8.013338e-01 9.929072e-16 2.392343e-17
4.218750e-02 2.187500e-02 8.013338e-01 9.157103e-16 2.008732e-17
4.375000e-02 2.187500e-02 8.013338e-01 7.762099e-16 1.275609e-17
4.531250e-02 2.187500e-02 8.013338e-01 5.640121e-16 6.730075e-18
4.687500e-02 2.187500e-02 8.013338e-01 3.095986e-16 1.808810e-18
4.843750e-02 2.187500e-02 8.013338e-01 9.534779e-17 -2.455027e-19
5.000000e-02 2.187500e-02 8.013338e-01 0.000000e+00 0.000000e+00
0.000000e+00 2.343750e-02 8.013338e-01 0.000000e+00 0.000000e+00
1.562500e-03 2.343750e-02 8.013338e-01 7.261978e-15 1.754412e-16
3.125000e-03 2.343750e-02 8.013338e-01 7.372484e-15 1.736710e-16
4.687500e-03 2.343750e-02 8.013338e-01 7.386473e-15 1.734322e-16
6.250000e-03 2.343750e-02 8.013338e-01 7.388243e-15 1.734032e-16
7.812500e-03 2.343750e-02 8.013338e-01 7.388467e-15 1.733996e-16
9.375000e-03 2.343750e-02 8.013338e-01 7.388496e-15 1.733991e-16
1.093750e-02 2.343750e-02 8.013338e-01 7.388499e-15 1.733991e-16
1.250000e-02 2.343750e-02 8.013338e-01 7.388500e-15 1.733991e-16
1.406250e-02 2.343750e-02 8.013338e-01 7.388500e-15 1.733991e-16
1.562500e-02 2.343750e-02 8.013338e-01 7.388500e-15 1.733991e-16
1.718750e-02 2.343750e-02 8.013338e-01 7.388500e-15 1.733991e-16
1.875000e-02 2.343750e-02 8.013338e-01 7.388500e-15 1.733991e-16
2.031250e-02 2.343750e-02 8.013338e-01 7.388500e-15 1.733991e-16
2.187500e-02 2.343750e-02 8.013338e-01 7.388500e-15 1.733991e-16
2.343750e-02 2.343750e-02 8.013338e-01 7.388499e-15 1.733990e-16
2.500000e-02 2.343750e-02 8.013338e-01 7.388497e-15 1.733989e-16
2.656250e-02 2.343750e-02 8.013338e-01 7.388491e-15 1.733984e-16
2.812500e-02 2.343750e-02 8.013338e-01 7.388464e-15 1.733965e-16
2.968750e-02 2.343750e-02 8.013338e-01 7.388367e-15 1.733897e-16
3.125000e-02 2.343750e-02 8.013338e-01 7.388018e-15 1.733660e-16
3.281250e-02 2.343750e-02 8.013338e-01 7.386828e-15 1.732877e-16
3.437500e-02 2.343750e-02 8.013338e-01 7.382964e-15 1.730387e-16
3.593750e-02 2.343750e-02 8.013338e-01 7.371117e-15 1.723011e-16
3.750000e-02 2.343750e-02 8.013338e-01 7.337134e-15 1.702449e-16
3.906250e-02 2.343750e-02 8.013338e-01 7.246870e-15 1.650965e-16
4.062500e-02 2.343750e-02 8.013338e-01 7.027547e-15 1.539529e-16
4.218750e-02 2.343750e-02 8.013338e-01 6.549473e-15 1.305952e-16
4.375000e-02 2.343750e-02 8.013338e-01 5.645667e-15 9.531863e-17
4.531250e-02 2.343750e-02 8.013338e-01 4.202498e-15 5.203179e-17
4.687500e-02 2.343750e-02 8.013338e-01 2.381441e-15 1.471599e-17
4.843750e-02 2.343750e-02 8.013338e-01 7.627823e-16 -1.964022e-18
5.000000e-02 2.343750e-02 8.013338e-01 0.000000e+00 0.000000e+00
0.000000e+00 2.500000e-02 8.013338e-01 0.000000e+00 0.000000e+00
1.562500e-03 2.500000e-02 8.013338e-01 5.070599e-14 1.143122e-15
3.125000e-03 2.500000e-02 8.013338e-01 5.157605e-14 1.129200e-15
4.687500e-03 2.500000e-02 8.013338e-01 5.168619e-14 1.127318e-15
6.250000e-03 2.500000e-02 8.013338e-01 5.170013e-14 1.127090e-15
7.812500e-03 2.500000e-02 8.013338e-01 5.170190e-14 1.127061e-15
9.375000e-03 2.500000e-02 8.013338e-01 5.170212e-14 1.127058e-15
1.093750e-02 2.500000e-02 8.013338e-01 5.170215e-14 1.127057e-15
1.250000e-02 2.500000e-02 8.013338e-01 5.170215e-14 1.127057e-15
1.406250e-02 2.500000e-02 8.013338e-01 5.170215e-14 1.127057e-15
1.562500e-02 2.500000e-02 8.013338e-01 5.170215e-14 1.127057e-15
1.718750e-02 2.500000e-02 8.013338e-01 5.170215e-14 1.127057e-15
1.875000e-02 2.500000e-02 8.013338e-01 5.170215e-14 1.127057e-15
2.031250e-02 2.500000e-02 8.013338e-01 5.170215e-14 1.127057e-15
2.187500e-02 2.500000e-02 8.013338e-01 5.170215e-14 1.127057e-15
2.343750e-02 2.500000e-02 8.013338e-01 5.170215e-14 1.127057e-15
2.500000e-02 2.500000e-02 8.013338e-01 5.170214e-14 1.127057e-15
2.656250e-02 2.500000e-02 8.013338e-01 5.170211e-14 1.127055e-15
2.812500e-02 2.500000e-02 8.013338e-01 5.170200e-14 1.127046e-15
2.968750e-02 2.500000e-02 8.013338e-01 5.170157e-14 1.127015e-15
3.125000e-02 2.500000e-02 8.013338e-01 5.169997e-14 1.126904e-15
3.281250e-02 2.500000e-02 8.013338e-01 5.169431e-14 1.126527e-15
3.437500e-02 2.500000e-02 8.013338e-01 5.167525e-14 1.125273e-15
3.593750e-02 2.500000e-02 8.013338e-01 5.161445e-14 1.121427e-15
3.750000e-02 2.500000e-02 8.013338e-01 5.143285e-14 1.110127e-15
3.906250e-02 2.500000e-02 8.013338e-01 5.093006e-14 1.080083e-15
4.062500e-02 2.500000e-02 8.013338e-01 4.965356e-14 1.014292e-15
4.218750e-02 2.500000e-02 8.013338e-01 4.675011e-14 8.800541e-16
4.375000e-02 2.500000e-02 8.013338e-01 4.096284e-14 6.584756e-16
4.531250e-02 2.500000e-02 8.013338e-01 3.123854e-14 3.668438e-16
4.687500e-02 2.500000e-02 8.013338e-01 1.828875e-14 1.023447e-16
4.843750e-02 2.500000e-02 8.013338e-01 6.102259e-15 -1.571217e-17
5.000000e-02 2.500000e-02 8.013338e-01 0.000000e+00 0.000000e+00
0.000000e+00 2.656250e-02 8.013338e-01 0.000000e+00 0.000000e+00
1.562500e-03 2.656250e-02 8.013338e-01 3.539852e-13 7.408626e-15
3.125000e-03 2.656250e-02 8.013338e-01 3.608355e-13 7.299128e-15
4.687500e-03 2.656250e-02 8.013338e-01 3.617027e-13 7.284300e-15
6.250000e-03 2.656250e-02 8.013338e-01 3.618124e-13 7.282507e-15
7.812500e-03 2.656250e-02 8.013338e-01 3.618263e-13 7.282280e-15
9.375000e-03 2.656250e-02 8.013338e-01 3.618281e-13 7.282252e-15
1.093750e-02 2.656250e-02 8.013338e-01 3.618283e-13 7.282248e-15
1.250000e-02 2.656250e-02 8.013338e-01 3.618283e-13 7.282248e-15
1.406250e-02 2.656250e-02 8.013338e-01 3.618283e-13 7.282248e-15
1.562500e-02 2.656250e-02 8.013338e-01 3.618283e-13 7.282248e-15
1.718750e-02 2.656250e-02 8.013338e-01 3.618283e-13 7.282248e-15
1.875000e-02 2.656250e-02 8.013338e-01 3.618283e-13 7.282248e-15
2.031250e-02 2.656250e-02 8.013338e-01 3.618283e-13 7.282248e-15
2.187500e-02 2.656250e-02 8.013338e-01 3.618283e-13 7.282247e-15
2.343750e-02 2.656250e-02 8.013338e-01 3.618283e-13 7.282247e-15
2.500000e-02 2.656250e-02 8.013338e-01 3.618283e-13 7.282245e-15
2.656250e-02 2.656250e-02 8.013338e-01 3.618282e-13 7.282237e-15
2.812500e-02 2.656250e-02 8.013338e-01 3.618277e-13 7.282202e-15
2.968750e-02 2.656250e-02 8.013338e-01 3.618258e-13 7.282065e-15
3.125000e-02 2.656250e-02 8.013338e-01 3.618187e-13 7.281552e-15
3.281250e-02 2.656250e-02 8.013338e-01 3.617925e-13 7.279787e-15
3.437500e-02 2.656250e-02 8.013338e-01 3.617008e-13 7.273600e-15
3.593750e-02 2.656250e-02 8.013338e-01 3.613960e-13 7.254139e-15
3.750000e-02 2.656250e-02 8.013338e-01 3.604460e-13 7.193779e-15
3.906250e-02 2.656250e-02 8.013338e-01 3.577002e-13 7.036566e-15
4.062500e-02 2.656250e-02 8.013338e-01 3.504090e-13 6.661822e-15
4.218750e-02 2.656250e-02 8.013338e-01 3.329860e-13 5.878888e-15
4.375000e-02 2.656250e-02 8.013338e-01 2.964294e-13 4.501974e-15
4.531250e-02 2.656250e-02 8.013338e-01 2.316023e-13 2.589545e-15
4.687500e-02 2.656250e-02 8.013338e-01 1.402077e-13 7.477334e-16
4.843750e-02 2.656250e-02 8.013338e-01 4.881807e-14 -1.256974e-16
5.000000e-02 2.656250e-02 8.013338e-01 0.000000e+00 0.000000e+00
0.000000e+00 2.812500e-02 8.013338e-01 0.000000e+00 0.000000e+00
1.562500e-03 2.812500e-02 8.013338e-01 2.470439e-12 4.771981e-14
3.125000e-03 2.812500e-02 8.013338e-01 2.524374e-12 4.685865e-14
4.687500e-03 2.812500e-02 8.013338e-01 2.531202e-12 4.674182e-14
6.250000e-03 2.812500e-02 8.013338e-01 2.532066e-12 4.672770e-14
7.812500e-03 2.812500e-02 8.013338e-01 2.532175e-12 4.672592e-14
9.375000e-03 2.812500e-02 8.013338e-01 2.532189e-12 4.672569e-14
1.093750e-02 2.812500e-02 8.013338e-01 2.532191e-12 4.672566e-14
1.250000e-02 2.812500e-02 8.013338e-01 2.532191e-12 4.672566e-14
1.406250e-02 2.812500e-02 8.013338e-01 2.532191e-12 4.672566e-14
1.562500e-02 2.812500e-02 8.013338e-01 2.532191e-12 4.672566e-14
1.718750e-02 2.812500e-02 8.013338e-01 2.532191e-12 4.672566e-14
1.875000e-02 2.812500e-02 8.013338e-01 2.532191e-12 4.672566e-14
2.031250e-02 2.812500e-02 8.013338e-01 2.532191e-12 4.672566e-14
2.187500e-02 2.812500e-02 8.013338e-01 2.532191e-12 4.672566e-14
2.343750e-02 2.812500e-02 8.013338e-01 2.532191e-12 4.672566e-14
2.500000e-02 2.812500e-02 8.013338e-01 2.532191e-12 4.672565e-14
2.656250e-02 2.812500e-02 8.013338e-01 2.532190e-12 4.672562e-14
2.812500e-02 2.812500e-02 8.013338e-01 2.532189e-12 4.672548e-14
2.968750e-02 2.812500e-02 8.013338e-01 2.532181e-12 4.672489e-14
3.125000e-02 2.812500e-02 8.013338e-01 2.532150e-12 4.672255e-14
3.281250e-02 2.812500e-02 8.013338e-01 2.532032e-12 4.671463e-14
3.437500e-02 2.812500e-02 8.013338e-01 2.531603e-12 4.668459e-14
3.593750e-02 2.812500e-02 8.013338e-01 2.530115e-12 4.658926e-14
3.750000e-02 2.812500e-02 8.013338e-01 2.525278e-12 4.629829e-14
3.906250e-02 2.812500e-02 8.013338e-01 2.510620e-12 4.548472e-14
4.062500e-02 2.812500e-02 8.013338e-01 2.469783e-12 4.344317e-14
4.218750e-02 2.812500e-02 8.013338e-01 2.367060e-12 3.893825e-14
4.375000e-02 2.812500e-02 8.013338e-01 2.139590e-12 3.054661e-14
4.531250e-02 2.812500e-02 8.013338e-01 1.712524e-12 1.818186e-14
4.687500e-02 2.812500e-02 8.013338e-01 1.072844e-12 5.465717e-15
4.843750e-02 2.812500e-02 8.013338e-01 3.905445e-13 -9.882319e-16
5.000000e-02 2.812500e-02 8.013338e-01 0.000000e+00 0.000000e+00
0.000000e+00 2.968750e-02 8.013338e-01 0.000000e+00 0.000000e+00
1.562500e-03 2.968750e-02 8.013338e-01 1.723488e-11 3.054789e-13
3.125000e-03 2.968750e-02 8.013338e-01 1.765954e-11 2.986371e-13
4.687500e-03 2.968750e-02 8.013338e-01 1.771330e-11 2.977166e-13
6.250000e-03 2.968750e-02 8.013338e-01 1.772010e-11 2.976054e-13
7.812500e-03 2.968750e-02 8.013338e-01 1.772096e-11 2.975914e-13
9.375000e-03 2.968750e-02 8.013338e-01 1.772107e-11 2.975896e-13
1.093750e-02 2.968750e-02 8.013338e-01 1.772109e-11 2.975894e-13
1.250000e-02 2.968750e-02 8.013338e-01 1.772109e-11 2.975893e-13
1.406250e-02 2.968750e-02 8.013338e-01 1.772109e-11 2.975893e-13
1.562500e-02 2.968750e-02 8.013338e-01 1.772109e-11 2.975893e-13
1.718750e-02 2.968750e-02 8.013338e-01 1.772109e-11 2.975893e-13
1.875000e-02 2.968750e-02 8.013338e-01 1.772109e-11 2.975893e-13
2.031250e-02 2.968750e-02 8.013338e-01 1.772109e-11 2.975893e-13
2.187500e-02 2.968750e-02 8.013338e-01 1.772109e-11 2.975893e-13
2.343750e-02 2.968750e-02 8.013338e-01 1.772109e-11 2.975893e-13
2.500000e-02 2.968750e-02 8.013338e-01 1.772109e-11 2.975893e-13
2.656250e-02 2.968750e-02 8.013338e-01 1.772109e-11 2.975892e-13
2.812500e-02 2.968750e-02 8.013338e-01 1.772108e-11 2.975887e-13
2.968750e-02 2.968750e-02 8.013338e-01 1.772105e-11 2.975863e-13
3.125000e-02 2.968750e-02 8.013338e-01 1.772092e-11 2.975755e-13
3.281250e-02 2.968750e-02 8.013338e-01 1.772041e-11 2.975421e-13
3.437500e-02 2.968750e-02 8.013338e-01 1.771846e-11 2.974145e-13
3.593750e-02 2.968750e-02 8.013338e-01 1.771143e-11 2.969776e-13
3.750000e-02 2.968750e-02 8.013338e-01 1.768746e-11 2.955847e-13
3.906250e-02 2.968750e-02 8.013338e-01 1.761121e-11 2.914994e-13
4.062500e-02 2.968750e-02 8.013338e-01 1.738761e-11 2.806607e-13
4.218750e-02 2.968750e-02 8.013338e-01 1.679401e-11 2.553375e-13
4.375000e-02 2.968750e-02 8.013338e-01 1.540241e-11 2.052182e-13
4.531250e-02 2.968750e-02 8.013338e-01 1.262670e-11 1.264410e-13
4.687500e-02 2.968750e-02 8.013338e-01 8.192223e-12 3.964857e-14
4.843750e-02 2.968750e-02 8.013338e-01 3.124356e-12 -7.819119e-15
5.000000e-02 2.968750e-02 8.013338e-01 0.000000e+00 0.000000e+00
0.000000e+00 3.125000e-02 8.013338e-01 0.000000e+00 0.000000e+00
1.562500e-03 3.125000e-02 8.013338e-01 1.201900e-10 1.941451e-12
3.125000e-03 3.125000e-02 8.013338e-01 1.235335e-10 1.887099e-12
4.687500e-03 3.125000e-02 8.013338e-01 1.239568e-10 1.879846e-12
6.250000e-03 3.125000e-02 8.013338e-01 1.240104e-10 1.878971e-12
7.812500e-03 3.125000e-02 8.013338e-01 1.240171e-10 1.878860e-12
9.375000e-03 3.125000e-02 8.013338e-01 1.240180e-10 1.878846e-12
1.093750e-02 3.125000e-02 8.013338e-01 1.240181e-10 1.878844e-12
1.250000e-02 3.125000e-02 8.013338e-01 1.240181e-10 1.878844e-12
1.406250e-02 3.125000e-02 8.013338e-01 1.240181e-10 1.878844e-12
1.562500e-02 3.125000e-02 8.013338e-01 1.240181e-10 1.878844e-12
1.718750e-02 3.125000e-02 8.013338e-01 1.240181e-10 1.878844e-12
1.875000e-02 3.125000e-02 8.013338e-01 1.240181e-10 1.878844e-12
2.031250e-02 3.125000e-02 8.013338e-01 1.240181e-10 1.878844e-12
2.187500e-02 3.125000e-02 8.013338e-01 1.240181e-10 1.878844e-12
2.343750e-02 3.125000e-02 8.013338e-01 1.240181e-10 1.878844e-12
2.500000e-02 3.125000e-02 8.013338e-01 1.240181e-10 1.878844e-12
2.656250e-02 3.125000e-02 8.013338e-01 1.240181e-10 1.878844e-12
2.812500e-02 3.125000e-02 8.013338e-01 1.240181e-10 1.878842e-12
2.968750e-02 3.125000e-02 8.013338e-01 1.240180e-10 1.878834e-12
3.125000e-02 3.125000e-02 8.013338e-01 1.240175e-10 1.878798e-12
3.281250e-02 3.125000e-02 8.013338e-01 1.240153e-10 1.878659e-12
3.437500e-02 3.125000e-02 8.013338e-01 1.240068e-10 1.878127e-12
3.593750e-02 3.125000e-02 8.013338e-01 1.239746e-10 1.876215e-12
3.750000e-02 3.125000e-02 8.013338e-01 1.238595e-10 1.869799e-12
3.906250e-02 3.125000e-02 8.013338e-01 1.234741e-10 1.849916e-12
4.062500e-02 3.125000e-02 8.013338e-01 1.222812e-10 1.794063e-12
4.218750e-02 3.125000e-02 8.013338e-01 1.189287e-10 1.655405e-12
4.375000e-02 3.125000e-02 8.013338e-01 1.105791e-10 1.362684e-12
4.531250e-02 3.125000e-02 8.013338e-01 9.281634e-11 8.697213e-13
4.687500e-02 3.125000e-02 8.013338e-01 6.241351e-11 2.848142e-13
4.843750e-02 3.125000e-02 8.013338e-01 2.499485e-11 -6.182437e-14
5.000000e-02 3.125000e-02 8.013338e-01 0.000000e+00 0.000000e+00
0.000000e+00 3.281250e-02 8.013338e-01 0.000000e+00 0.000000e+00
1.562500e-03 3.281250e-02 8.013338e-01 8.377826e-10 1.223328e-11
3.125000e-03 3.281250e-02 8.013338e-01 8.641072e-10 1.180202e-11
4.687500e-03 3.281250e-02 8.013338e-01 8.674397e-10 1.174491e-11
6.250000e-03 3.281250e-02 8.013338e-01 8.678615e-10 1.173803e-11
7.812500e-03 3.281250e-02 8.013338e-01 8.679148e-10 1.173716e-11
9.375000e-03 3.281250e-02 8.013338e-01 8.679216e-10 1.173705e-11
1.093750e-02 3.281250e-02 8.013338e-01 8.679224e-10 1.173704e-11
1.250000e-02 3.281250e-02 8.013338e-01 8.679226e-10 1.173703e-11
1.406250e-02 3.281250e-02 8.013338e-01 8.679226e-10 1.173703e-11
1.562500e-02 3.281250e-02 8.013338e-01 8.679226e-10 1.173703e-11
1.718750e-02 3.281250e-02 8.013338e-01 8.679226e-10 1.173703e-11
1.875000e-02 3.281250e-02 8.013338e-01 8.679226e-10 1.173703e-11
2.031250e-02 3.281250e-02 8.013338e-01 8.679226e-10 1.173703e-11
2.187500e-02 3.281250e-02 8.013338e-01 8.679226e-10 1.173703e-11
2.343750e-02 3.281250e-02 8.013338e-01 8.679226e-10 1.173703e-11
2.500000e-02 3.281250e-02 8.013338e-01 8.679226e-10 1.173703e-11
2.656250e-02 3.281250e-02 8.013338e-01 8.679225e-10 1.173703e-11
2.812500e-02 3.281250e-02 8.013338e-01 8.679224e-10 1.173703e-11
2.968750e-02 3.281250e-02 8.013338e-01 8.679220e-10 1.173700e-11
3.125000e-02 3.281250e-02 8.013338e-01 8.679200e-10 1.173687e-11
3.281250e-02 3.281250e-02 8.013338e-01 8.679115e-10 1.173634e-11
3.437500e-02 3.281250e-02 8.013338e-01 8.678758e-10 1.173422e-11
3.593750e-02 3.281250e-02 8.013338e-01 8.677342e-10 1.172621e-11
3.750000e-02 3.281250e-02 8.013338e-01 8.672008e-10 1.169782e-11
3.906250e-02 3.281250e-02 8.013338e-01 8.653156e-10 1.160468e-11
4.062500e-02 3.281250e-02 8.013338e-01 8.591392e-10 1.132667e-11
4.218750e-02 3.281250e-02 8.013338e-01 8.406978e-10 1.059041e-11
4.375000e-02 3.281250e-02 8.013338e-01 7.917139e-10 8.924995e-12
4.531250e-02 3.281250e-02 8.013338e-01 6.800770e-10 5.904456e-12
4.687500e-02 3.281250e-02 8.013338e-01 4.743140e-10 2.021877e-12
4.843750e-02 3.281250e-02 8.013338e-01 1.999588e-10 -4.888530e-13
5.000000e-02 3.281250e-02 8.013338e-01 0.000000e+00 0.000000e+00
0.000000e+00 3.437500e-02 8.013338e-01 0.000000e+00 0.000000e+00
1.562500e-03 3.437500e-02 8.013338e-01 5.836739e-09 7.628922e-11
3.125000e-03 3.437500e-02 8.013338e-01 6.044003e-09 7.287100e-11
4.687500e-03 3.437500e-02 8.013338e-01 6.070242e-09 7.242131e-11
6.250000e-03 3.437500e-02 8.013338e-01 6.073562e-09 7.236715e-11
7.812500e-03 3.437500e-02 8.013338e-01 6.073982e-09 7.236031e-11
9.375000e-03 3.437500e-02 8.013338e-01 6.074035e-09 7.235945e-11
1.093750e-02 3.437500e-02 8.013338e-01 6.074042e-09 7.235934e-11
1.250000e-02 3.437500e-02 8.013338e-01 6.074043e-09 7.235932e-11
1.406250e-02 3.437500e-02 8.013338e-01 6.074043e-09 7.235932e-11
1.562500e-02 3.437500e-02 8.013338e-01 6.074043e-09 7.235932e-11
1.718750e-02 3.437500e-02 8.013338e-01 6.074043e-09 7.235932e-11
1.875000e-02 3.437500e-02 8.013338e-01 6.074043e-09 7.235932e-11
2.031250e-02 3.437500e-02 8.013338e-01 6.074043e-09 7.235932e-11
2.187500e-02 3.437500e-02 8.013338e-01 6.074043e-09 7.235932e-11
2.343750e-02 3.437500e-02 8.013338e-01 6.074043e-09 7.235932e-11
2.500000e-02 3.437500e-02 8.013338e-01 6.074043e-09 7.235932e-11
2.656250e-02 3.437500e-02 8.013338e-01 6.074043e-09 7.235931e-11
2.812500e-02 3.437500e-02 8.013338e-01 6.074043e-09 7.235930e-11
2.968750e-02 3.437500e-02 8.013338e-01 6.074041e-09 7.235920e-11
3.125000e-02 3.437500e-02 8.013338e-01 6.074034e-09 7.235877e-11
3.281250e-02 3.437500e-02 8.013338e-01 6.074001e-09 7.235686e-11
3.437500e-02 3.437500e-02 8.013338e-01 6.073859e-09 7.234887e-11
3.593750e-02 3.437500e-02 8.013338e-01 6.073262e-09 7.231698e-11
3.750000e-02 3.437500e-02 8.013338e-01 6.070890e-09 7.219732e-11
3.906250e-02 3.437500e-02 8.013338e-01 6.062015e-09 7.178012e-11
4.062500e-02 3.437500e-02 8.013338e-01 6.031126e-09 7.045163e-11
4.218750e-02 3.437500e-02 8.013338e-01 5.932762e-09 6.668166e-11
4.375000e-02 3.437500e-02 8.013338e-01 5.652866e-09 5.749691e-11
4.531250e-02 3.437500e-02 8.013338e-01 4.965984e-09 3.944880e-11
4.687500e-02 3.437500e-02 8.013338e-01 3.594559e-09 1.414018e-11
4.843750e-02 3.437500e-02 8.013338e-01 1.599670e-09 -3.865357e-12
5.000000e-02 3.437500e-02 8.013338e-01 0.000000e+00 0.000000e+00
0.000000e+00 3.593750e-02 8.013338e-01 0.000000e+00 0.000000e+00
1.562500e-03 3.593750e-02 8.013338e-01 4.064011e-08 4.697352e-10
3.125000e-03 3.593750e-02 8.013338e-01 4.227198e-08 4.426669e-10
4.687500e-03 3.593750e-02 8.013338e-01 4.247857e-08 4.391262e-10
6.250000e-03 3.593750e-02 8.013338e-01 4.250472e-08 4.386999e-10
7.812500e-03 3.593750e-02 8.013338e-01 4.250802e-08 4.386460e-10
9.375000e-03 3.593750e-02 8.013338e-01 4.250844e-08 4.386392e-10
1.093750e-02 3.593750e-02 8.013338e-01 4.250849e-08 4.386383e-10
1.250000e-02 3.593750e-02 8.013338e-01 4.250850e-08 4.386382e-10
1.406250e-02 3.593750e-02 8.013338e-01 4.250850e-08 4.386382e-10
1.562500e-02 3.593750e-02 8.013338e-01 4.250850e-08 4.386382e-10
1.718750e-02 3.593750e-02 8.013338e-01 4.250850e-08 4.386382e-10
1.875000e-02 3.593750e-02 8.013338e-01 4.250850e-08 4.386382e-10
2.031250e-02 3.593750e-02 8.013338e-01 4.250850e-08 4.386382e-10
2.187500e-02 3.593750e-02 8.013338e-01 4.250850e-08 4.386382e-10
2.343750e-02 3.593750e-02 8.013338e-01 4.250850e-08 4.386382e-10
2.500000e-02 3.593750e-02 8.013338e-01 4.250850e-08 4.386382e-10
2.656250e-02 3.593750e-02 8.013338e-01 4.250850e-08 4.386382e-10
2.812500e-02 3.593750e-02 8.013338e-01 4.250850e-08 4.386381e-10
2.968750e-02 3.593750e-02 8.013338e-01 4.250850e-08 4.386378e-10
3.125000e-02 3.593750e-02 8.013338e-01 4.250847e-08 4.386365e-10
3.281250e-02 3.593750e-02 8.013338e-01 4.250835e-08 4.386301e-10
3.437500e-02 3.593750e-02 8.013338e-01 4.250781e-08 4.386018e-10
3.593750e-02 3.593750e-02 8.013338e-01 4.250542e-08 4.384824e-10
3.750000e-02 3.593750e-02 8.013338e-01 4.249537e-08 4.380061e-10
3.906250e-02 3.593750e-02 8.013338e-01 4.245543e-08 4.362344e-10
4.062500e-02 3.593750e-02 8.013338e-01 4.230713e-08 4.301890e-10
4.218750e-02 3.593750e-02 8.013338e-01 4.180123e-08 4.117098e-10
4.375000e-02 3.593750e-02 8.013338e-01 4.025118e-08 3.629271e-10
4.531250e-02 3.593750e-02 8.013338e-01 3.613079e-08 2.583354e-10
4.687500e-02 3.593750e-02 8.013338e-01 2.715684e-08 9.698772e-11
4.843750e-02 3.593750e-02 8.013338e-01 1.279736e-08 -3.056313e-11
5.000000e-02 3.593750e-02 8.013338e-01 0.000000e+00 0.000000e+00
0.000000e+00 3.750000e-02 8.013338e-01 0.000000e+00 0.000000e+00
1.562500e-03 3.750000e-02 8.013338e-01 2.827810e-07 2.846229e-09
3.125000e-03 3.750000e-02 8.013338e-01 2.956294e-07 2.632050e-09
4.687500e-03 3.750000e-02 8.013338e-01 2.972560e-07 2.604170e-09
6.250000e-03 3.750000e-02 8.013338e-01 2.974618e-07 2.600814e-09
7.812500e-03 3.750000e-02 8.013338e-01 2.974879e-07 2.600390e-09
9.375000e-03 3.750000e-02 8.013338e-01 2.974912e-07 2.600336e-09
1.093750e-02 3.750000e-02 8.013338e-01 2.974916e-07 2.600329e-09
1.250000e-02 3.750000e-02 8.013338e-01 2.974916e-07 2.600329e-09
1.406250e-02 3.750000e-02 8.013338e-01 2.974916e-07 2.600328e-09
1.562500e-02 3.750000e-02 8.013338e-01 2.974916e-07 2.600328e-09
1.718750e-02 3.750000e-02 8.013338e-01 2.974916e-07 2.600328e-09
1.875000e-02 3.750000e-02 8.013338e-01 2.974916e-07 2.600328e-09
2.031250e-02 3.750000e-02 8.013338e-01 2.974916e-07 2.600328e-09
2.187500e-02 3.750000e-02 8.013338e-01 2.974916e-07 2.600328e-09
2.343750e-02 3.750000e-02 8.013338e-01 2.974916e-07 2.600328e-09
2.500000e-02 3.750000e-02 8.013338e-01 2.974916e-07 2.600328e-09
2.656250e-02 3.750000e-02 8.013338e-01 2.974916e-07 2.600328e-09
2.812500e-02 3.750000e-02 8.013338e-01 2.974916e-07 2.600328e-09
2.968750e-02 3.750000e-02 8.013338e-01 2.974916e-07 2.600327e-09
3.125000e-02 3.750000e-02 8.013338e-01 2.974915e-07 2.600323e-09
3.281250e-02 3.750000e-02 8.013338e-01 2.974911e-07 2.600304e-09
3.437500e-02 3.750000e-02 8.013338e-01 2.974892e-07 2.600211e-09
3.593750e-02 3.750000e-02 8.013338e-01 2.974802e-07 2.599795e-09
3.750000e-02 3.750000e-02 8.013338e-01 2.974400e-07 2.598026e-09
3.906250e-02 3.750000e-02 8.013338e-01 2.972695e-07 2.590976e-09
4.062500e-02 3.750000e-02 8.013338e-01 2.965915e-07 2.565057e-09
4.218750e-02 3.750000e-02 8.013338e-01 2.941011e-07 2.479202e-09
4.375000e-02 3.750000e-02 8.013338e-01 2.858355e-07 2.231866e-09
4.531250e-02 3.750000e-02 8.013338e-01 2.618695e-07 1.648348e-09
4.687500e-02 3.750000e-02 8.013338e-01 2.044578e-07 6.479791e-10
4.843750e-02 3.750000e-02 8.013338e-01 1.023789e-07 -2.416636e-10
5.000000e-02 3.750000e-02 8.013338e-01 0.000000e+00 0.000000e+00
0.000000e+00 3.906250e-02 8.013338e-01 0.000000e+00 0.000000e+00
1.562500e-03 3.906250e-02 8.013338e-01 1.966148e-06 1.688924e-08
3.125000e-03 3.906250e-02 8.013338e-01 2.067309e-06 1.519553e-08
4.687500e-03 3.906250e-02 8.013338e-01 2.080116e-06 1.497598e-08
6.250000e-03 3.906250e-02 8.013338e-01 2.081737e-06 1.494956e-08
7.812500e-03 3.906250e-02 8.013338e-01 2.081942e-06 1.494622e-08
9.375000e-03 3.906250e-02 8.013338e-01 2.081968e-06 1.494580e-08
1.093750e-02 3.906250e-02 8.013338e-01 2.081971e-06 1.494574e-08
1.250000e-02 3.906250e-02 8.013338e-01 2.081971e-06 1.494574e-08
1.406250e-02 3.906250e-02 8.013338e-01 2.081971e-06 1.494574e-08
1.562500e-02 3.906250e-02 8.013338e-01 2.081971e-06 1.494574e-08
1.718750e-02 3.906250e-02 8.013338e-01 2.081971e-06 1.494574e-08
1.875000e-02 3.906250e-02 8.013338e-01 2.081971e-06 1.494574e-08
2.031250e-02 3.906250e-02 8.013338e-01 2.081971e-06 1.494574e-08
2.187500e-02 3.906250e-02 8.013338e-01 2.081971e-06 1.494574e-08
2.343750e-02 3.906250e-02 8.013338e-01 2.081971e-06 1.494574e-08
2.500000e-02 3.906250e-02 8.013338e-01 2.081971e-06 1.494574e-08
2.656250e-02 3.906250e-02 8.013338e-01 2.081971e-06 1.494574e-08
2.812500e-02 3.906250e-02 8.013338e-01 2.081971e-06 1.494574e-08
2.968750e-02 3.906250e-02 8.013338e-01 2.081971e-06 1.494573e-08
3.125000e-02 3.906250e-02 8.013338e-01 2.081971e-06 1.494572e-08
3.281250e-02 3.906250e-02 8.013338e-01 2.081970e-06 1.494567e-08
3.437500e-02 3.906250e-02 8.013338e-01 2.081963e-06 1.494539e-08
3.593750e-02 3.906250e-02 8.013338e-01 2.081932e-06 1.494407e-08
3.750000e-02 3.906250e-02 8.013338e-01 2.081782e-06 1.493804e-08
3.906250e-02 3.906250e-02 8.013338e-01 2.081100e-06 1.491215e-08
4.062500e-02 3.906250e-02 8.013338e-01 2.078180e-06 1.480901e-08
4.218750e-02 3.906250e-02 8.013338e-01 2.066560e-06 1.443611e-08
4.375000e-02 3.906250e-02 8.013338e-01 2.024493e-06 1.325377e-08
4.531250e-02 3.906250e-02 8.013338e-01 1.890339e-06 1.015270e-08
4.687500e-02 3.906250e-02 8.013338e-01 1.533286e-06 4.169336e-09
4.843750e-02 3.906250e-02 8.013338e-01 8.190313e-07 -1.911062e-09
5.000000e-02 3.906250e-02 8.013339e-01 0.000000e+00 0.000000e+00
0.000000e+00 4.062500e-02 8.013337e-01 0.000000e+00 0.000000e+00
1.562500e-03 4.062500e-02 8.013337e-01 1.365862e-05 9.741519e-08
3.125000e-03 4.062500e-02 8.013337e-01 1.445510e-05 8.403243e-08
4.687500e-03 4.062500e-02 8.013337e-01 1.455593e-05 8.230389e-08
6.250000e-03 4.062500e-02 8.013337e-01 1.456869e-05 8.209589e-08
7.812500e-03 4.062500e-02 8.013337e-01 1.457031e-05 8.206962e-08
9.375000e-03 4.062500e-02 8.013337e-01 1.457051e-05 8.206629e-08
1.093750e-02 4.062500e-02 8.013337e-01 1.457054e-05 8.206587e-08
1.250000e-02 4.062500e-02 8.013337e-01 1.457054e-05 8.206582e-08
1.406250e-02 4.062500e-02 8.013337e-01 1.457054e-05 8.206581e-08
1.562500e-02 4.062500e-02 8.013337e-01 1.457054e-05 8.206581e-08
1.718750e-02 4.062500e-02 8.013337e-01 1.457054e-05 8.206581e-08
1.875000e-02 4.062500e-02 8.013337e-01 1.457054e-05 8.206581e-08
2.031250e-02 4.062500e-02 8.013337e-01 1.457054e-05 8.206581e-08
2.187500e-02 4.062500e-02 8.013337e-01 1.457054e-05 8.206581e-08
2.343750e-02 4.062500e-02 8.013337e-01 1.457054e-05 8.206581e-08
2.500000e-02 4.062500e-02 8.013337e-01 1.457054e-05 8.206581e-08
2.656250e-02 4.062500e-02 8.013337e-01 1.457054e-05 8.206581e-08
2.812500e-02 4.062500e-02 8.013337e-01 1.457054e-05 8.206581e-08
2.968750e-02 4.062500e-02 8.013337e-01 1.457054e-05 8.206580e-08
3.125000e-02 4.062500e-02 8.013337e-01 1.457054e-05 8.206578e-08
3.281250e-02 4.062500e-02 8.013337e-01 1.457054e-05 8.206564e-08
3.437500e-02 4.062500e-02 8.013337e-01 1.457052e-05 8.206491e-08
3.593750e-02 4.062500e-02 8.013337e-01 1.457042e-05 8.206116e-08
3.750000e-02 4.062500e-02 8.013337e-01 1.456990e-05 8.204274e-08
3.906250e-02 4.062500e-02 8.013337e-01 1.456739e-05 8.195701e-08
4.062500e-02 4.062500e-02 8.013337e-01 1.455571e-05 8.158416e-08
4.218750e-02 4.062500e-02 8.013337e-01 1.450503e-05 8.010034e-08
4.375000e-02 4.062500e-02 8.013337e-01 1.430322e-05 7.486839e-08
4.531250e-02 4.062500e-02 8.013337e-01 1.358817e-05 5.941568e-08
4.687500e-02 4.062500e-02 8.013338e-01 1.144728e-05 2.531319e-08
4.843750e-02 4.062500e-02 8.013338e-01 6.552250e-06 -1.510938e-08
5.000000e-02 4.062500e-02 8.013339e-01 0.000000e+00 0.000000e+00
0.000000e+00 4.218750e-02 8.013328e-01 0.000000e+00 0.000000e+00
1.562500e-03 4.218750e-02 8.013328e-01 9.479131e-05 5.394241e-07
3.125000e-03 4.218750e-02 8.013328e-01 1.010623e-04 4.339803e-07
4.687500e-03 4.218750e-02 8.013328e-01 1.018562e-04 4.204019e-07
6.250000e-03 4.218750e-02 8.013328e-01 1.019567e-04 4.187683e-07
7.812500e-03 4.218750e-02 8.013328e-01 1.019694e-04 4.185620e-07
9.375000e-03 4.218750e-02 8.013328e-01 1.019710e-04 4.185359e-07
1.093750e-02 4.218750e-02 8.013328e-01 1.019712e-04 4.185326e-07
1.250000e-02 4.218750e-02 8.013328e-01 1.019712e-04 4.185321e-07
1.406250e-02 4.218750e-02 8.013328e-01 1.019712e-04 4.185321e-07
1.562500e-02 4.218750e-02 8.013328e-01 1.019712e-04 4.185321e-07
1.718750e-02 4.218750e-02 8.013328e-01 1.019712e-04 4.185321e-07
1.875000e-02 4.218750e-02 8.013328e-01 1.019712e-04 4.185321e-07
2.031250e-02 4.218750e-02 8.013328e-01 1.019712e-04 4.185321e-07
2.187500e-02 4.218750e-02 8.013328e-01 1.019712e-04 4.185321e-07
2.343750e-02 4.218750e-02 8.013328e-01 1.019712e-04 4.185321e-07
2.500000e-02 4.218750e-02 8.013328e-01 1.019712e-04 4.185321e-07
2.656250e-02 4.218750e-02 8.013328e-01 1.019712e-04 4.185321e-07
2.812500e-02 4.218750e-02 8.013328e-01 1.019712e-04 4.185321e-07
2.968750e-02 4.218750e-02 8.013328e-01 1.019712e-04 4.185321e-07
3.125000e-02 4.218750e-02 8.013328e-01 1.019712e-04 4.185320e-07
3.281250e-02 4.218750e-02 8.013328e-01 1.019712e-04 4.185317e-07
3.437500e-02 4.218750e-02 8.013328e-01 1.019712e-04 4.185301e-07
3.593750e-02 4.218750e-02 8.013328e-01 1.019709e-04 4.185209e-07
3.750000e-02 4.218750e-02 8.013328e-01 1.019693e-04 4.184723e-07
3.906250e-02 4.218750e-02 8.013328e-01 1.019609e-04 4.182249e-07
4.062500e-02 4.218750e-02 8.013328e-01 1.019185e-04 4.170407e-07
4.218750e-02 4.218750e-02 8.013329e-01 1.017160e-04 4.117989e-07
4.375000e-02 4.218750e-02 8.013329e-01 1.008200e-04 3.909787e-07
4.531250e-02 4.218750e-02 8.013330e-01 9.724816e-05 3.205849e-07
4.687500e-02 4.218750e-02 8.013333e-01 8.502616e-05 1.390353e-07
4.843750e-02 4.218750e-02 8.013339e-01 5.241800e-05 -1.191835e-07
5.000000e-02 4.218750e-02 8.013344e-01 0.000000e+00 0.000000e+00
0.000000e+00 4.375000e-02 8.013270e-01 0.000000e+00 0.000000e+00
1.562500e-03 4.375000e-02 8.013269e-01 6.571122e-04 2.803449e-06
3.125000e-03 4.375000e-02 8.013269e-01 7.064863e-04 1.970172e-06
4.687500e-03 4.375000e-02 8.013269e-01 7.127371e-04 1.863145e-06
6.250000e-03 4.375000e-02 8.013269e-01 7.135282e-04 1.850271e-06
7.812500e-03 4.375000e-02 8.013269e-01 7.136283e-04 1.848645e-06
9.375000e-03 4.375000e-02 8.013269e-01 7.136409e-04 1.848439e-06
1.093750e-02 4.375000e-02 8.013269e-01 7.136425e-04 1.848413e-06
1.250000e-02 4.375000e-02 8.013269e-01 7.136427e-04 1.848410e-06
1.406250e-02 4.375000e-02 8.013269e-01 7.136428e-04 1.848409e-06
1.562500e-02 4.375000e-02 8.013269e-01 7.136428e-04 1.848409e-06
1.718750e-02 4.375000e-02 8.013269e-01 7.136428e-04 1.848409e-06
1.875000e-02 4.375000e-02 8.013269e-01 7.136428e-04 1.848409e-06
2.031250e-02 4.375000e-02 8.013269e-01 7.136428e-04 1.848409e-06
2.187500e-02 4.375000e-02 8.013269e-01 7.136428e-04 1.848409e-06
2.343750e-02 4.375000e-02 8.013269e-01 7.136428e-04 1.848409e-06
2.500000e-02 4.375000e-02 8.013269e-01 7.136428e-04 1.848409e-06
2.656250e-02 4.375000e-02 8.013269e-01 7.136428e-04 1.848409e-06
2.812500e-02 4.375000e-02 8.013269e-01 7.136428e-04 1.848409e-06
2.968750e-02 4.375000e-02 8.013269e-01 7.136428e-04 1.848409e-06
3.125000e-02 4.375000e-02 8.013269e-01 7.136428e-04 1.848409e-06
3.281250e-02 4.375000e-02 8.013269e-01 7.136428e-04 1.848409e-06
3.437500e-02 4.375000e-02 8.013269e-01 7.136426e-04 1.848406e-06
3.593750e-02 4.375000e-02 8.013269e-01 7.136419e-04 1.848388e-06
3.750000e-02 4.375000e-02 8.013269e-01 7.136377e-04 1.848283e-06
3.906250e-02 4.375000e-02 8.013269e-01 7.136135e-04 1.847696e-06
4.062500e-02 4.375000e-02 8.013269e-01 7.134781e-04 1.844572e-06
4.218750e-02 4.375000e-02 8.013270e-01 7.127597e-04 1.828992e-06
4.375000e-02 4.375000e-02 8.013271e-01 7.091821e-04 1.758129e-06
4.531250e-02 4.375000e-02 8.013278e-01 6.928805e-04 1.477826e-06
4.687500e-02 4.375000e-02 8.013298e-01 6.277929e-04 6.071514e-07
4.843750e-02 4.375000e-02 8.013339e-01 4.193440e-04 -9.433909e-07
5.000000e-02 4.375000e-02 8.013380e-01 0.000000e+00 0.000000e+00
0.000000e+00 4.531250e-02 8.012881e-01 0.000000e+00 0.000000e+00
1.562500e-03 4.531250e-02 8.012860e-01 4.549330e-03 1.298188e-05
3.125000e-03 4.531250e-02 8.012839e-01 4.938072e-03 6.097574e-06
4.687500e-03 4.531250e-02 8.012837e-01 4.987287e-03 5.215519e-06
6.250000e-03 4.531250e-02 8.012836e-01 4.993516e-03 5.109443e-06
7.812500e-03 4.531250e-02 8.012836e-01 4.994304e-03 5.096048e-06
9.375000e-03 4.531250e-02 8.012836e-01 4.994404e-03 5.094349e-06
1.093750e-02 4.531250e-02 8.012836e-01 4.994416e-03 5.094134e-06
1.250000e-02 4.531250e-02 8.012836e-01 4.994418e-03 5.094107e-06
1.406250e-02 4.531250e-02 8.012836e-01 4.994418e-03 5.094104e-06
1.562500e-02 4.531250e-02 8.012836e-01 4.994418e-03 5.094103e-06
1.718750e-02 4.531250e-02 8.012836e-01 4.994418e-03 5.094103e-06
1.875000e-02 4.531250e-02 8.012836e-01 4.994418e-03 5.094103e-06
2.031250e-02 4.531250e-02 8.012836e-01 4.994418e-03 5.094103e-06
2.187500e-02 4.531250e-02 8.012836e-01 4.994418e-03 5.094103e-06
2.343750e-02 4.531250e-02 8.012836e-01 4.994418e-03 5.094103e-06
2.500000e-02 4.531250e-02 8.012836e-01 4.994418e-03 5.094103e-06
2.656250e-02 4.531250e-02 8.012836e-01 4.994418e-03 5.094103e-06
2.812500e-02 4.531250e-02 8.012836e-01 4.994418e-03 5.094103e-06
2.968750e-02 4.531250e-02 8.012836e-01 4.994418e-03 5.094103e-06
3.125000e-02 4.531250e-02 8.012836e-01 4.994418e-03 5.094103e-06
3.281250e-02 4.531250e-02 8.012836e-01 4.994418e-03 5.094102e-06
3.437500e-02 4.531250e-02 8.012836e-01 4.994418e-03 5.094098e-06
3.593750e-02 4.531250e-02 8.012836e-01 4.994416e-03 5.094073e-06
3.750000e-02 4.531250e-02 8.012836e-01 4.994407e-03 5.093909e-06
3.906250e-02 4.531250e-02 8.012836e-01 4.994350e-03 5.092886e-06
4.062500e-02 4.531250e-02 8.012837e-01 4.993991e-03 5.086750e-06
4.218750e-02 4.531250e-02 8.012838e-01 4.991846e-03 5.051708e-06
4.375000e-02 4.531250e-02 8.012844e-01 4.979629e-03 4.865277e-06
4.531250e-02 4.531250e-02 8.012875e-01 4.914627e-03 3.976474e-06
4.687500e-02 4.531250e-02 8.012999e-01 4.603010e-03 4.986355e-07
4.843750e-02 4.531250e-02 8.013322e-01 3.354752e-03 -7.811027e-06
5.000000e-02 4.531250e-02 8.013644e-01 0.000000e+00 0.000000e+00
0.000000e+00 4.687500e-02 8.009874e-01 0.000000e+00 0.000000e+00
1.562500e-03 4.687500e-02 8.009891e-01 3.144877e-02 4.389103e-05
3.125000e-03 4.687500e-02 8.009908e-01 3.450945e-02 -1.003551e-05
4.687500e-03 4.687500e-02 8.009911e-01 3.489694e-02 -1.693222e-05
6.250000e-03 4.687500e-02 8.009912e-01 3.494598e-02 -1.776146e-05
7.812500e-03 4.687500e-02 8.009912e-01 3.495218e-02 -1.786617e-05
9.375000e-03 4.687500e-02 8.009912e-01 3.495297e-02 -1.787945e-05
1.093750e-02 4.687500e-02 8.009912e-01 3.495307e-02 -1.788113e-05
1.250000e-02 4.687500e-02 8.009912e-01 3.495308e-02 -1.788134e-05
1.406250e-02 4.687500e-02 8.009912e-01 3.495308e-02 -1.788137e-05
1.562500e-02 4.687500e-02 8.009912e-01 3.495308e-02 -1.788137e-05
1.718750e-02 4.687500e-02 8.009912e-01 3.495308e-02 -1.788137e-05
1.875000e-02 4.687500e-02 8.009912e-01 3.495308e-02 -1.788137e-05
2.031250e-02 4.687500e-02 8.009912e-01 3.495308e-02 -1.788137e-05
2.187500e-02 4.687500e-02 8.009912e-01 3.495308e-02 -1.788137e-05
2.343750e-02 4.687500e-02 8.009912e-01 3.495308e-02 -1.788137e-05
2.500000e-02 4.687500e-02 8.009912e-01 3.495308e-02 -1.788137e-05
2.656250e-02 4.687500e-02 8.009912e-01 3.495308e-02 -1.788137e-05
2.812500e-02 4.687500e-02 8.009912e-01 3.495308e-02 -1.788137e-05
2.968750e-02 4.687500e-02 8.009912e-01 3.495308e-02 -1.788137e-05
3.125000e-02 4.687500e-02 8.009912e-01 3.495308e-02 -1.788137e-05
3.281250e-02 4.687500e-02 8.009912e-01 3.495308e-02 -1.788137e-05
3.437500e-02 4.687500e-02 8.009912e-01 3.495308e-02 -1.788138e-05
3.593750e-02 4.687500e-02 8.009912e-01 3.495308e-02 -1.788140e-05
3.750000e-02 4.687500e-02 8.009912e-01 3.495307e-02 -1.788154e-05
3.906250e-02 4.687500e-02 8.009912e-01 3.495296e-02 -1.788252e-05
4.062500e-02 4.687500e-02 8.009912e-01 3.495226e-02 -1.788926e-05
4.218750e-02 4.687500e-02 8.009916e-01 3.494742e-02 -1.793430e-05
4.375000e-02 4.687500e-02 8.009936e-01 3.491516e-02 -1.822251e-05
4.531250e-02 4.687500e-02 8.010058e-01 3.470870e-02 -1.994815e-05
4.687500e-02 4.687500e-02 8.010724e-01 3.346906e-02 -2.905196e-05
4.843750e-02 4.687500e-02 8.013413e-01 2.683802e-02 -6.132103e-05
5.000000e-02 4.687500e-02 8.016102e-01 0.000000e+00 0.000000e+00
0.000000e+00 4.843750e-02 7.965721e-01 0.000000e+00 0.000000e+00
1.562500e-03 4.843750e-02 7.989791e-01 2.170271e-01 -6.763974e-06
3.125000e-03 4.843750e-02 8.013861e-01 2.411251e-01 -5.518971e-05
4.687500e-03 4.843750e-02 8.016942e-01 2.441760e-01 -6.139705e-05
6.250000e-03 4.843750e-02 8.017312e-01 2.445621e-01 -6.214318e-05
7.812500e-03 4.843750e-02 8.017358e-01 2.446110e-01 -6.223740e-05
9.375000e-03 4.843750e-02 8.017364e-01 2.446171e-01 -6.224935e-05
1.093750e-02 4.843750e-02 8.017365e-01 2.446179e-01 -6.225086e-05
1.250000e-02 4.843750e-02 8.017365e-01 2.446180e-01 -6.225105e-05
1.406250e-02 4.843750e-02 8.017365e-01 2.446180e-01 -6.225108e-05
1.562500e-02 4.843750e-02 8.017365e-01 2.446180e-01 -6.225108e-05
1.718750e-02 4.843750e-02 8.017365e-01 2.446180e-01 -6.225108e-05
1.875000e-02 4.843750e-02 8.017365e-01 2.446180e-01 -6.225108e-05
2.031250e-02 4.843750e-02 8.017365e-01 2.446180e-01 -6.225108e-05
2.187500e-02 4.843750e-02 8.017365e-01 2.446180e-01 -6.225108e-05
2.343750e-02 4.843750e-02 8.017365e-01 2.446180e-01 -6.225108e-05
2.500000e-02 4.843750e-02 8.017365e-01 2.446180e-01 -6.225108e-05
2.656250e-02 4.843750e-02 8.017365e-01 2.446180e-01 -6.225108e-05
2.812500e-02 4.843750e-02 8.017365e-01 2.446180e-01 -6.225108e-05
2.968750e-02 4.843750e-02 8.017365e-01 2.446180e-01 -6.225108e-05
3.125000e-02 4.843750e-02 8.017365e-01 2.446180e-01 -6.225108e-05
3.281250e-02 4.843750e-02 8.017365e-01 2.446180e-01 -6.225108e-05
3.437500e-02 4.843750e-02 8.017365e-01 2.446180e-01 -6.225108e-05
3.593750e-02 4.843750e-02 8.017365e-01 2.446180e-01 -6.225108e-05
3.750000e-02 4.843750e-02 8.017365e-01 2.446180e-01 -6.225108e-05
3.906250e-02 4.843750e-02 8.017365e-01 2.446179e-01 -6.225106e-05
4.062500e-02 4.843750e-02 8.017366e-01 2.446172e-01 -6.225087e-05
4.218750e-02 4.843750e-02 8.017371e-01 2.446110e-01 -6.224935e-05
4.375000e-02 4.843750e-02 8.017409e-01 2.445613e-01 -6.223695e-05
4.531250e-02 4.843750e-02 8.017716e-01 2.441597e-01 -6.213543e-05
4.687500e-02 4.843750e-02 8.020365e-01 2.409156e-01 -6.130476e-05
4.843750e-02 4.843750e-02 8.041246e-01 2.147041e-01 -5.450759e-05
5.000000e-02 4.843750e-02 8.062128e-01 0.000000e+00 0.000000e+00
0.000000e+00 5.000000e-02 7.967706e-01 1.000000e+00 0.000000e+00
1.562500e-03 5.000000e-02 7.969691e-01 1.000000e+00 0.000000e+00
3.125000e-03 5.000000e-02 8.017814e-01 1.000000e+00 0.000000e+00
4.687500e-03 5.000000e-02 8.023972e-01 1.000000e+00 0.000000e+00
6.250000e-03 5.000000e-02 8.024712e-01 1.000000e+00 0.000000e+00
7.812500e-03 5.000000e-02 8.024805e-01 1.000000e+00 0.000000e+00
9.375000e-03 5.000000e-02 8.024817e-01 1.000000e+00 0.000000e+00
1.093750e-02 5.000000e-02 8.024818e-01 1.000000e+00 0.000000e+00
1.250000e-02 5.000000e-02 8.024819e-01 1.000000e+00 0.000000e+00
1.406250e-02 5.000000e-02 8.024819e-01 1.000000e+00 0.000000e+00
1.562500e-02 5.000000e-02 8.024819e-01 1.000000e+00 0.000000e+00
1.718750e-02 5.000000e-02 8.024819e-01 1.000000e+00 0.000000e+00
1.875000e-02 5.000000e-02 8.024819e-01 1.000000e+00 0.000000e+00
2.031250e-02 5.000000e-02 8.024819e-01 1.000000e+00 0.000000e+00
2.187500e-02 5.000000e-02 8.024819e-01 1.000000e+00 0.000000e+00
2.343750e-02 5.000000e-02 8.024819e-01 1.000000e+00 0.000000e+00
2.500000e-02 5.000000e-02 8.024819e-01 1.000000e+00 0.000000e+00
2.656250e-02 5.000000e-02 8.024819e-01 1.000000e+00 0.000000e+00
2.812500e-02 5.000000e-02 8.024819e-01 1.000000e+00 0.000000e+00
2.968750e-02 5.000000e-02 8.024819e-01 1.000000e+00 0.000000e+00
3.125000e-02 5.000000e-02 8.024819e-01 1.000000e+00 0.000000e+00
3.281250e-02 5.000000e-02 8.024819e-01 1.000000e+00 0.000000e+00
3.437500e-02 5.000000e-02 8.024819e-01 1.000000e+00 0.000000e+00
3.593750e-02 5.000000e-02 8.024819e-01 1.000000e+00 0.000000e+00
3.750000e-02 5.000000e-02 8.024819e-01 1.000000e+00 0.000000e+00
3.906250e-02 5.000000e-02 8.024819e-01 1.000000e+00 0.000000e+00
4.062500e-02 5.000000e-02 8.024819e-01 1.000000e+00 0.000000e+00
4.218750e-02 5.000000e-02 8.024826e-01 1.000000e+00 0.000000e+00
4.375000e-02 5.000000e-02 8.024881e-01 1.000000e+00 0.000000e+00
4.531250e-02 5.000000e-02 8.025374e-01 1.000000e+00 0.000000e+00
4.687500e-02 5.000000e-02 8.030006e-01 1.000000e+00 0.000000e+00
4.843750e-02 5.000000e-02 8.069080e-01 1.000000e+00 0.000000e+00
5.000000e-02 5.000000e-02 8.065604e-01 1.000000e+00 0.000000e+00
zone T="n=6855"
I= 33 J= 33
DATAPACKING=POINT
0.000000e+00 0.000000e+00 7.969337e-01 0.000000e+00 0.000000e+00
1.562500e-03 0.000000e+00 7.940873e-01 0.000000e+00 0.000000e+00
3.125000e-03 0.000000e+00 7.911975e-01 0.000000e+00 0.000000e+00
4.687500e-03 0.000000e+00 7.873097e-01 0.000000e+00 0.000000e+00
6.250000e-03 0.000000e+00 7.828736e-01 0.000000e+00 0.000000e+00
7.812500e-03 0.000000e+00 7.787938e-01 0.000000e+00 0.000000e+00
9.375000e-03 0.000000e+00 7.758049e-01 0.000000e+00 0.000000e+00
1.093750e-02 0.000000e+00 7.743506e-01 0.000000e+00 0.000000e+00
1.250000e-02 0.000000e+00 7.746482e-01 0.000000e+00 0.000000e+00
1.406250e-02 0.000000e+00 7.767635e-01 0.000000e+00 0.000000e+00
1.562500e-02 0.000000e+00 7.806579e-01 0.000000e+00 0.000000e+00
1.718750e-02 0.000000e+00 7.862155e-01 0.000000e+00 0.000000e+00
1.875000e-02 0.000000e+00 7.932589e-01 0.000000e+00 0.000000e+00
2.031250e-02 0.000000e+00 8.015619e-01 0.000000e+00 0.000000e+00
2.187500e-02 0.000000e+00 8.108586e-01 0.000000e+00 0.000000e+00
2.343750e-02 0.000000e+00 8.208522e-01 0.000000e+00 0.000000e+00
2.500000e-02 0.000000e+00 8.312222e-01 0.000000e+00 0.000000e+00
2.656250e-02 0.000000e+00 8.416326e-01 0.000000e+00 0.000000e+00
2.812500e-02 0.000000e+00 8.517399e-01 0.000000e+00 0.000000e+00
2.968750e-02 0.000000e+00 8.612027e-01 0.000000e+00 0.000000e+00
3.125000e-02 0.000000e+00 8.696932e-01 0.000000e+00 0.000000e+00
3.281250e-02 0.000000e+00 8.769094e-01 0.000000e+00 0.000000e+00
3.437500e-02 0.000000e+00 8.825901e-01 0.000000e+00 0.000000e+00
3.593750e-02 0.000000e+00 8.865309e-01 0.000000e+00 0.000000e+00
3.750000e-02 0.000000e+00 8.886018e-01 0.000000e+00 0.000000e+00
3.906250e-02 0.000000e+00 8.887680e-01 0.000000e+00 0.000000e+00
4.062500e-02 0.000000e+00 8.871175e-01 0.000000e+00 0.000000e+00
4.218750e-02 0.000000e+00 8.839056e-01 0.000000e+00 0.000000e+00
4.375000e-02 0.000000e+00 8.796230e-01 0.000000e+00 0.000000e+00
4.531250e-02 0.000000e+00 8.750461e-01 0.000000e+00 0.000000e+00
4.687500e-02 0.000000e+00 8.710969e-01 0.000000e+00 0.000000e+00
4.843750e-02 0.000000e+00 8.682028e-01 0.000000e+00 0.000000e+00
5.000000e-02 0.000000e+00 8.653940e-01 0.000000e+00 0.000000e+00
0.000000e+00 1.562500e-03 7.997800e-01 0.000000e+00 0.000000e+00
1.562500e-03 1.562500e-03 7.968893e-01 1.856695e-04 -1.788174e-04
3.125000e-03 1.562500e-03 7.939986e-01 -1.238038e-04 4.530186e-05
4.687500e-03 1.562500e-03 7.904431e-01 -8.329637e-04 3.905900e-04
6.250000e-03 1.562500e-03 7.865965e-01 -1.962882e-03 7.179301e-04
7.812500e-03 1.562500e-03 7.831594e-01 -3.489514e-03 9.767639e-04
9.375000e-03 1.562500e-03 7.807065e-01 -5.333880e-03 1.157023e-03
1.093750e-02 1.562500e-03 7.795969e-01 -7.391908e-03 1.262309e-03
1.250000e-02 1.562500e-03 7.800162e-01 -9.556033e-03 1.299447e-03
1.406250e-02 1.562500e-03 7.820277e-01 -1.172454e-02 1.275682e-03
1.562500e-02 1.562500e-03 7.856052e-01 -1.380481e-02 1.198240e-03
1.718750e-02 1.562500e-03 7.906533e-01 -1.571452e-02 1.074304e-03
1.875000e-02 1.562500e-03 7.970201e-01 -1.738233e-02 9.110106e-04
2.031250e-02 1.562500e-03 8.045082e-01 -1.874836e-02 7.154653e-04
2.187500e-02 1.562500e-03 8.128834e-01 -1.976460e-02 4.948086e-04
2.343750e-02 1.562500e-03 8.218820e-01 -2.039528e-02 2.563175e-04
2.500000e-02 1.562500e-03 8.312183e-01 -2.061729e-02 7.518583e-06
2.656250e-02 1.562500e-03 8.405918e-01 -2.042075e-02 -2.437148e-04
2.812500e-02 1.562500e-03 8.496955e-01 -1.980946e-02 -4.891014e-04
2.968750e-02 1.562500e-03 8.582246e-01 -1.880148e-02 -7.199470e-04
3.125000e-02 1.562500e-03 8.658872e-01 -1.742951e-02 -9.272052e-04
3.281250e-02 1.562500e-03 8.724161e-01 -1.574108e-02 -1.101617e-03
3.437500e-02 1.562500e-03 8.775820e-01 -1.379845e-02 -1.233930e-03
3.593750e-02 1.562500e-03 8.812079e-01 -1.167790e-02 -1.315190e-03
3.750000e-02 1.562500e-03 8.831852e-01 -9.468599e-03 -1.337079e-03
3.906250e-02 1.562500e-03 8.834902e-01 -7.270774e-03 -1.292226e-03
4.062500e-02 1.562500e-03 8.822051e-01 -5.193038e-03 -1.174433e-03
4.218750e-02 1.562500e-03 8.795493e-01 -3.347528e-03 -9.792170e-04
4.375000e-02 1.562500e-03 8.759241e-01 -1.838927e-03 -7.065605e-04
4.531250e-02 1.562500e-03 8.719454e-01 -7.416209e-04 -3.709167e-04
4.687500e-02 1.562500e-03 8.683383e-01 -6.993763e-05 -2.654554e-05
4.843750e-02 1.562500e-03 8.654618e-01 2.082146e-04 1.878372e-04
5.000000e-02 1.562500e-03 8.625853e-01 0.000000e+00 0.000000e+00
0.000000e+00 3.125000e-03 8.025830e-01 0.000000e+00 0.000000e+00
1.562500e-03 3.125000e-03 7.996913e-01 -3.686658e-05 1.150703e-04
3.125000e-03 3.125000e-03 7.967997e-01 -8.551238e-04 8.447773e-04
4.687500e-03 3.125000e-03 7.935765e-01 -2.401652e-03 1.778354e-03
6.250000e-03 3.125000e-03 7.903193e-01 -4.666839e-03 2.667892e-03
7.812500e-03 3.125000e-03 7.875250e-01 -7.580915e-03 3.396634e-03
9.375000e-03 3.125000e-03 7.856082e-01 -1.100946e-02 3.921274e-03
1.093750e-02 3.125000e-03 7.848433e-01 -1.478362e-02 4.232922e-03
1.250000e-02 3.125000e-03 7.853842e-01 -1.872521e-02 4.338162e-03
1.406250e-02 3.125000e-03 7.872919e-01 -2.266077e-02 4.251150e-03
1.562500e-02 3.125000e-03 7.905526e-01 -2.642876e-02 3.990207e-03
1.718750e-02 3.125000e-03 7.950911e-01 -2.988360e-02 3.576091e-03
1.875000e-02 3.125000e-03 8.007812e-01 -3.289805e-02 3.031036e-03
2.031250e-02 3.125000e-03 8.074545e-01 -3.536485e-02 2.378247e-03
2.187500e-02 3.125000e-03 8.149081e-01 -3.719791e-02 1.641735e-03
2.343750e-02 3.125000e-03 8.229118e-01 -3.833319e-02 8.463415e-04
2.500000e-02 3.125000e-03 8.312143e-01 -3.872970e-02 1.784980e-05
2.656250e-02 3.125000e-03 8.395510e-01 -3.837030e-02 -8.169027e-04
2.812500e-02 3.125000e-03 8.476511e-01 -3.726266e-02 -1.630000e-03
2.968750e-02 3.125000e-03 8.552465e-01 -3.544000e-02 -2.392572e-03
3.125000e-02 3.125000e-03 8.620813e-01 -3.296159e-02 -3.075122e-03
3.281250e-02 3.125000e-03 8.679229e-01 -2.991286e-02 -3.648091e-03
3.437500e-02 3.125000e-03 8.725738e-01 -2.640477e-02 -4.082702e-03
3.593750e-02 3.125000e-03 8.758850e-01 -2.257231e-02 -4.352080e-03
3.750000e-02 3.125000e-03 8.777687e-01 -1.857176e-02 -4.432680e-03
3.906250e-02 3.125000e-03 8.782123e-01 -1.457651e-02 -4.306025e-03
4.062500e-02 3.125000e-03 8.772928e-01 -1.077082e-02 -3.960918e-03
4.218750e-02 3.125000e-03 8.751930e-01 -7.340193e-03 -3.396941e-03
4.375000e-02 3.125000e-03 8.722251e-01 -4.454920e-03 -2.631917e-03
4.531250e-02 3.125000e-03 8.688447e-01 -2.242967e-03 -1.719497e-03
4.687500e-02 3.125000e-03 8.655797e-01 -7.594174e-04 -7.851646e-04
4.843750e-02 3.125000e-03 8.627208e-01 3.884271e-06 -7.866882e-05
5.000000e-02 3.125000e-03 8.598619e-01 0.000000e+00 0.000000e+00
0.000000e+00 4.687500e-03 8.067219e-01 0.000000e+00 0.000000e+00
1.562500e-03 4.687500e-03 8.033623e-01 -3.816592e-04 8.057429e-04
3.125000e-03 4.687500e-03 8.000027e-01 -1.813517e-03 2.378619e-03
4.687500e-03 4.687500e-03 7.966566e-01 -4.263754e-03 4.181389e-03
6.250000e-03 4.687500e-03 7.935751e-01 -7.666066e-03 5.870038e-03
7.812500e-03 4.687500e-03 7.910810e-01 -1.189091e-02 7.260205e-03
9.375000e-03 4.687500e-03 7.894483e-01 -1.675305e-02 8.267334e-03
1.093750e-02 4.687500e-03 7.888702e-01 -2.203477e-02 8.862953e-03
1.250000e-02 4.687500e-03 7.894616e-01 -2.750695e-02 9.050167e-03
1.406250e-02 4.687500e-03 7.912684e-01 -3.294381e-02 8.850674e-03
1.562500e-02 4.687500e-03 7.942767e-01 -3.813258e-02 8.297482e-03
1.718750e-02 4.687500e-03 7.984211e-01 -4.287982e-02 7.430566e-03
1.875000e-02 4.687500e-03 8.035914e-01 -4.701548e-02 6.294276e-03
2.031250e-02 4.687500e-03 8.096404e-01 -5.039576e-02 4.935899e-03
2.187500e-02 4.687500e-03 8.163892e-01 -5.290503e-02 3.404984e-03
2.343750e-02 4.687500e-03 8.236339e-01 -5.445738e-02 1.753124e-03
2.500000e-02 4.687500e-03 8.311508e-01 -5.499798e-02 3.396524e-05
2.656250e-02 4.687500e-03 8.387034e-01 -5.450427e-02 -1.696747e-03
2.812500e-02 4.687500e-03 8.460491e-01 -5.298708e-02 -3.381270e-03
2.968750e-02 4.687500e-03 8.529471e-01 -5.049153e-02 -4.960237e-03
3.125000e-02 4.687500e-03 8.591679e-01 -4.709753e-02 -6.373428e-03
3.281250e-02 4.687500e-03 8.645026e-01 -4.291968e-02 -7.561029e-03
3.437500e-02 4.687500e-03 8.687739e-01 -3.810615e-02 -8.465452e-03
3.593750e-02 4.687500e-03 8.718479e-01 -3.283635e-02 -9.033775e-03
3.750000e-02 4.687500e-03 8.736448e-01 -2.731682e-02 -9.220894e-03
3.906250e-02 4.687500e-03 8.741504e-01 -2.177504e-02 -8.993516e-03
4.062500e-02 4.687500e-03 8.734243e-01 -1.645052e-02 -8.335371e-03
4.218750e-02 4.687500e-03 8.716090e-01 -1.158221e-02 -7.254570e-03
4.375000e-02 4.687500e-03 8.689359e-01 -7.390772e-03 -5.795639e-03
4.531250e-02 4.687500e-03 8.657249e-01 -4.054657e-03 -4.061607e-03
4.687500e-02 4.687500e-03 8.623392e-01 -1.685588e-03 -2.253231e-03
4.843750e-02 4.687500e-03 8.590297e-01 -3.266707e-04 -7.223562e-04
5.000000e-02 4.687500e-03 8.557201e-01 0.000000e+00 0.000000e+00
0.000000e+00 6.250000e-03 8.117422e-01 0.000000e+00 0.000000e+00
1.562500e-03 6.250000e-03 8.075288e-01 -7.260915e-04 1.953970e-03
3.125000e-03 6.250000e-03 8.033153e-01 -2.800916e-03 4.701109e-03
4.687500e-03 6.250000e-03 7.994549e-01 -6.176658e-03 7.618535e-03
6.250000e-03 6.250000e-03 7.961805e-01 -1.071037e-02 1.028977e-02
7.812500e-03 6.250000e-03 7.936736e-01 -1.620132e-02 1.247337e-02
9.375000e-03 6.250000e-03 7.920899e-01 -2.241066e-02 1.404656e-02
1.093750e-02 6.250000e-03 7.915492e-01 -2.907616e-02 1.496135e-02
1.250000e-02 6.250000e-03 7.921236e-01 -3.592674e-02 1.521735e-02
1.406250e-02 6.250000e-03 7.938357e-01 -4.269557e-02 1.484489e-02
1.562500e-02 6.250000e-03 7.966612e-01 -4.913057e-02 1.389426e-02
1.718750e-02 6.250000e-03 8.005344e-01 -5.500184e-02 1.242864e-02
1.875000e-02 6.250000e-03 8.053527e-01 -6.010683e-02 1.051960e-02
2.031250e-02 6.250000e-03 8.109814e-01 -6.427394e-02 8.244442e-03
2.187500e-02 6.250000e-03 8.172580e-01 -6.736505e-02 5.684807e-03
2.343750e-02 6.250000e-03 8.239971e-01 -6.927749e-02 2.926039e-03
2.500000e-02 6.250000e-03 8.309948e-01 -6.994573e-02 5.698964e-05
2.656250e-02 6.250000e-03 8.380346e-01 -6.934279e-02 -2.830102e-03
2.812500e-02 6.250000e-03 8.448931e-01 -6.748153e-02 -5.639909e-03
2.968750e-02 6.250000e-03 8.513474e-01 -6.441568e-02 -8.274744e-03
3.125000e-02 6.250000e-03 8.571836e-01 -6.024035e-02 -1.063591e-02
3.281250e-02 6.250000e-03 8.622053e-01 -5.509179e-02 -1.262587e-02
3.437500e-02 6.250000e-03 8.662438e-01 -4.914606e-02 -1.415128e-02
3.593750e-02 6.250000e-03 8.691679e-01 -4.261609e-02 -1.512713e-02
3.750000e-02 6.250000e-03 8.708938e-01 -3.574683e-02 -1.548205e-02
3.906250e-02 6.250000e-03 8.713939e-01 -2.880776e-02 -1.516490e-02
4.062500e-02 6.250000e-03 8.707032e-01 -2.208257e-02 -1.415330e-02
4.218750e-02 6.250000e-03 8.689219e-01 -1.585540e-02 -1.246450e-02
4.375000e-02 6.250000e-03 8.662123e-01 -1.039402e-02 -1.017082e-02
4.531250e-02 6.250000e-03 8.627844e-01 -5.931318e-03 -7.423620e-03
4.687500e-02 6.250000e-03 8.588729e-01 -2.648052e-03 -4.491299e-03
4.843750e-02 6.250000e-03 8.547162e-01 -6.592206e-04 -1.808159e-03
5.000000e-02 6.250000e-03 8.505595e-01 0.000000e+00 0.000000e+00
0.000000e+00 7.812500e-03 8.167627e-01 0.000000e+00 0.000000e+00
1.562500e-03 7.812500e-03 8.115107e-01 -1.038375e-03 3.582533e-03
3.125000e-03 7.812500e-03 8.062587e-01 -3.747966e-03 7.832333e-03
4.687500e-03 7.812500e-03 8.016740e-01 -8.043277e-03 1.208987e-02
6.250000e-03 7.812500e-03 7.979907e-01 -1.369369e-02 1.589504e-02
7.812500e-03 7.812500e-03 7.952793e-01 -2.041948e-02 1.896627e-02
9.375000e-03 7.812500e-03 7.935976e-01 -2.792346e-02 2.115206e-02
1.093750e-02 7.812500e-03 7.930014e-01 -3.589823e-02 2.239036e-02
1.250000e-02 7.812500e-03 7.935219e-01 -4.403384e-02 2.268048e-02
1.406250e-02 7.812500e-03 7.951553e-01 -5.202835e-02 2.206408e-02
1.562500e-02 7.812500e-03 7.978624e-01 -5.959774e-02 2.061156e-02
1.718750e-02 7.812500e-03 8.015711e-01 -6.648360e-02 1.841266e-02
1.875000e-02 7.812500e-03 8.061802e-01 -7.245848e-02 1.557007e-02
2.031250e-02 7.812500e-03 8.115613e-01 -7.732973e-02 1.219552e-02
2.187500e-02 7.812500e-03 8.175624e-01 -8.094226e-02 8.407489e-03
2.343750e-02 7.812500e-03 8.240101e-01 -8.318062e-02 4.330116e-03
2.500000e-02 7.812500e-03 8.307139e-01 -8.397085e-02 9.270529e-05
2.656250e-02 7.812500e-03 8.374703e-01 -8.328200e-02 -4.170588e-03
2.812500e-02 7.812500e-03 8.440680e-01 -8.112759e-02 -8.321299e-03
2.968750e-02 7.812500e-03 8.502942e-01 -7.756679e-02 -1.221777e-02
3.125000e-02 7.812500e-03 8.559422e-01 -7.270505e-02 -1.571714e-02
3.281250e-02 7.812500e-03 8.608196e-01 -6.669402e-02 -1.867853e-02
3.437500e-02 7.812500e-03 8.647568e-01 -5.973029e-02 -2.096747e-02
3.593750e-02 7.812500e-03 8.676170e-01 -5.205238e-02 -2.246191e-02
3.750000e-02 7.812500e-03 8.693040e-01 -4.393574e-02 -2.305982e-02
3.906250e-02 7.812500e-03 8.697705e-01 -3.568492e-02 -2.268864e-02
4.062500e-02 7.812500e-03 8.690229e-01 -2.762283e-02 -2.131676e-02
4.218750e-02 7.812500e-03 8.671222e-01 -2.007691e-02 -1.896743e-02
4.375000e-02 7.812500e-03 8.641718e-01 -1.336420e-02 -1.573631e-02
4.531250e-02 7.812500e-03 8.602952e-01 -7.778179e-03 -1.181541e-02
4.687500e-02 7.812500e-03 8.556307e-01 -3.577585e-03 -7.527013e-03
4.843750e-02 7.812500e-03 8.504248e-01 -9.612377e-04 -3.363214e-03
5.000000e-02 7.812500e-03 8.452188e-01 0.000000e+00 0.000000e+00
0.000000e+00 9.375000e-03 8.211134e-01 0.000000e+00 0.000000e+00
1.562500e-03 9.375000e-03 8.147668e-01 -1.320407e-03 5.675592e-03
3.125000e-03 9.375000e-03 8.084203e-01 -4.644428e-03 1.175713e-02
4.687500e-03 9.375000e-03 8.030206e-01 -9.841085e-03 1.757939e-02
6.250000e-03 9.375000e-03 7.988175e-01 -1.658893e-02 2.266233e-02
7.812500e-03 9.375000e-03 7.957966e-01 -2.452513e-02 2.670170e-02
9.375000e-03 9.375000e-03 7.939367e-01 -3.328983e-02 2.952988e-02
1.093750e-02 9.375000e-03 7.932393e-01 -4.252799e-02 3.107942e-02
1.250000e-02 9.375000e-03 7.936986e-01 -5.189109e-02 3.135567e-02
1.406250e-02 9.375000e-03 7.952847e-01 -6.104477e-02 3.041629e-02
1.562500e-02 9.375000e-03 7.979411e-01 -6.967755e-02 2.835581e-02
1.718750e-02 9.375000e-03 8.015868e-01 -7.750783e-02 2.529417e-02
1.875000e-02 9.375000e-03 8.061174e-01 -8.428881e-02 2.136877e-02
2.031250e-02 9.375000e-03 8.114068e-01 -8.981194e-02 1.672926e-02
2.187500e-02 9.375000e-03 8.173081e-01 -9.390939e-02 1.153450e-02
2.343750e-02 9.375000e-03 8.236554e-01 -9.645599e-02 5.950960e-03
2.500000e-02 9.375000e-03 8.302662e-01 -9.737094e-02 1.519824e-04
2.656250e-02 9.375000e-03 8.369443e-01 -9.661940e-02 -5.682674e-03
2.812500e-02 9.375000e-03 8.434845e-01 -9.421401e-02 -1.136756e-02
2.968750e-02 9.375000e-03 8.496780e-01 -9.021632e-02 -1.671299e-02
3.125000e-02 9.375000e-03 8.553186e-01 -8.473780e-02 -2.152763e-02
3.281250e-02 9.375000e-03 8.602106e-01 -7.794021e-02 -2.562268e-02
3.437500e-02 9.375000e-03 8.641772e-01 -7.003479e-02 -2.881772e-02
3.593750e-02 9.375000e-03 8.670688e-01 -6.127987e-02 -3.094865e-02
3.750000e-02 9.375000e-03 8.687713e-01 -5.197624e-02 -3.187770e-02
3.906250e-02 9.375000e-03 8.692134e-01 -4.245985e-02 -3.150558e-02
4.062500e-02 9.375000e-03 8.683724e-01 -3.309139e-02 -2.978586e-02
4.218750e-02 9.375000e-03 8.662722e-01 -2.424309e-02 -2.674135e-02
4.375000e-02 9.375000e-03 8.629682e-01 -1.628562e-02 -2.248312e-02
4.531250e-02 9.375000e-03 8.585171e-01 -9.579322e-03 -1.723335e-02
4.687500e-02 9.375000e-03 8.529893e-01 -4.466800e-03 -1.135410e-02
4.843750e-02 9.375000e-03 8.466567e-01 -1.235233e-03 -5.376235e-03
5.000000e-02 9.375000e-03 8.403241e-01 0.000000e+00 0.000000e+00
0.000000e+00 1.093750e-02 8.243593e-01 0.000000e+00 0.000000e+00
1.562500e-03 1.093750e-02 8.169145e-01 -1.581635e-03 8.208732e-03
3.125000e-03 1.093750e-02 8.094697e-01 -5.500633e-03 1.645012e-02
4.687500e-03 1.093750e-02 8.032213e-01 -1.157948e-02 2.406611e-02
6.250000e-03 1.093750e-02 7.984450e-01 -1.940675e-02 3.057250e-02
7.812500e-03 1.093750e-02 7.950623e-01 -2.853475e-02 3.565775e-02
9.375000e-03 1.093750e-02 7.929884e-01 -3.853766e-02 3.915142e-02
1.093750e-02 1.093750e-02 7.921790e-01 -4.901009e-02 4.099148e-02
1.250000e-02 1.093750e-02 7.925951e-01 -5.956412e-02 4.119777e-02
1.406250e-02 1.093750e-02 7.941821e-01 -6.983416e-02 3.985069e-02
1.562500e-02 1.093750e-02 7.968660e-01 -7.948402e-02 3.707423e-02
1.718750e-02 1.093750e-02 8.005542e-01 -8.821274e-02 3.302292e-02
1.875000e-02 1.093750e-02 8.051370e-01 -9.575837e-02 2.787246e-02
2.031250e-02 1.093750e-02 8.104869e-01 -1.019005e-01 2.181352e-02
2.187500e-02 1.093750e-02 8.164585e-01 -1.064620e-01 1.504794e-02
2.343750e-02 1.093750e-02 8.228893e-01 -1.093104e-01 7.786872e-03
2.500000e-02 1.093750e-02 8.296002e-01 -1.103593e-01 2.499119e-04
2.656250e-02 1.093750e-02 8.363981e-01 -1.095696e-01 -7.335354e-03
2.812500e-02 1.093750e-02 8.430789e-01 -1.069515e-01 -1.473406e-02
2.968750e-02 1.093750e-02 8.494321e-01 -1.025659e-01 -2.170569e-02
3.125000e-02 1.093750e-02 8.552468e-01 -9.652632e-02 -2.800709e-02
3.281250e-02 1.093750e-02 8.603181e-01 -8.899981e-02 -3.339749e-02
3.437500e-02 1.093750e-02 8.644557e-01 -8.020733e-02 -3.764575e-02
3.593750e-02 1.093750e-02 8.674920e-01 -7.042232e-02 -4.054010e-02
3.750000e-02 1.093750e-02 8.692898e-01 -5.996737e-02 -4.190059e-02
3.906250e-02 1.093750e-02 8.697508e-01 -4.920791e-02 -4.159400e-02
4.062500e-02 1.093750e-02 8.688216e-01 -3.854273e-02 -3.955097e-02
4.218750e-02 1.093750e-02 8.664922e-01 -2.839177e-02 -3.578483e-02
4.375000e-02 1.093750e-02 8.627779e-01 -1.918445e-02 -3.041190e-02
4.531250e-02 1.093750e-02 8.576848e-01 -1.135396e-02 -2.367336e-02
4.687500e-02 1.093750e-02 8.512385e-01 -5.330951e-03 -1.595938e-02
4.843750e-02 1.093750e-02 8.437497e-01 -1.492251e-03 -7.829046e-03
5.000000e-02 1.093750e-02 8.362609e-01 0.000000e+00 0.000000e+00
0.000000e+00 1.250000e-02 8.261906e-01 0.000000e+00 0.000000e+00
1.562500e-03 1.250000e-02 8.176568e-01 -1.831284e-03 1.116375e-02
3.125000e-03 1.250000e-02 8.091230e-01 -6.332288e-03 2.189071e-02
4.687500e-03 1.250000e-02 8.020174e-01 -1.327985e-02 3.153260e-02
6.250000e-03 1.250000e-02 7.966485e-01 -2.217394e-02 3.961070e-02
7.812500e-03 1.250000e-02 7.928879e-01 -3.248109e-02 4.581917e-02
9.375000e-03 1.250000e-02 7.905977e-01 -4.370692e-02 4.999793e-02
1.093750e-02 1.250000e-02 7.896941e-01 -5.539342e-02 5.210234e-02
1.250000e-02 1.250000e-02 7.901084e-01 -6.711234e-02 5.217692e-02
1.406250e-02 1.250000e-02 7.917625e-01 -7.846752e-02 5.033315e-02
1.562500e-02 1.250000e-02 7.945643e-01 -8.910027e-02 4.673110e-02
1.718750e-02 1.250000e-02 7.984090e-01 -9.869340e-02 4.156505e-02
1.875000e-02 1.250000e-02 8.031791e-01 -1.069734e-01 3.505286e-02
2.031250e-02 1.250000e-02 8.087434e-01 -1.137118e-01 2.742892e-02
2.187500e-02 1.250000e-02 8.149553e-01 -1.187249e-01 1.893998e-02
2.343750e-02 1.250000e-02 8.216523e-01 -1.218754e-01 9.843174e-03
2.500000e-02 1.250000e-02 8.286556e-01 -1.230720e-01 4.052711e-04
2.656250e-02 1.250000e-02 8.357713e-01 -1.222711e-01 -9.097425e-03
2.812500e-02 1.250000e-02 8.427924e-01 -1.194787e-01 -1.837951e-02
2.968750e-02 1.250000e-02 8.495025e-01 -1.147521e-01 -2.714793e-02
3.125000e-02 1.250000e-02 8.556807e-01 -1.082027e-01 -3.510520e-02
3.281250e-02 1.250000e-02 8.611083e-01 -9.999833e-02 -4.195492e-02
3.437500e-02 1.250000e-02 8.655760e-01 -9.036469e-02 -4.741023e-02
3.593750e-02 1.250000e-02 8.688927e-01 -7.958616e-02 -5.120528e-02
3.750000e-02 1.250000e-02 8.708936e-01 -6.800391e-02 -5.311007e-02
3.906250e-02 1.250000e-02 8.714497e-01 -5.601148e-02 -5.294816e-02
4.062500e-02 1.250000e-02 8.704751e-01 -4.404668e-02 -5.061686e-02
4.218750e-02 1.250000e-02 8.679272e-01 -3.258038e-02 -4.610877e-02
4.375000e-02 1.250000e-02 8.637862e-01 -2.210605e-02 -3.953376e-02
4.531250e-02 1.250000e-02 8.580190e-01 -1.313554e-02 -3.114083e-02
4.687500e-02 1.250000e-02 8.506217e-01 -6.192067e-03 -2.133927e-02
4.843750e-02 1.250000e-02 8.419544e-01 -1.743700e-03 -1.071250e-02
5.000000e-02 1.250000e-02 8.332870e-01 0.000000e+00 0.000000e+00
0.000000e+00 1.406250e-02 8.263464e-01 0.000000e+00 0.000000e+00
1.562500e-03 1.406250e-02 8.167306e-01 -2.077079e-03 1.453160e-02
3.125000e-03 1.406250e-02 8.071148e-01 -7.155365e-03 2.806802e-02
4.687500e-03 1.406250e-02 7.991550e-01 -1.496663e-02 3.996909e-02
6.250000e-03 1.406250e-02 7.931969e-01 -2.492219e-02 4.976784e-02
7.812500e-03 1.406250e-02 7.890699e-01 -3.640122e-02 5.717532e-02
9.375000e-03 1.406250e-02 7.865891e-01 -4.883853e-02 6.205490e-02
1.093750e-02 1.406250e-02 7.856349e-01 -6.172169e-02 6.439218e-02
1.250000e-02 1.406250e-02 7.861109e-01 -7.458157e-02 6.426791e-02
1.406250e-02 1.406250e-02 7.879159e-01 -8.699246e-02 6.183444e-02
1.562500e-02 1.406250e-02 7.909400e-01 -9.857545e-02 5.729577e-02
1.718750e-02 1.406250e-02 7.950649e-01 -1.090004e-01 5.089178e-02
1.875000e-02 1.406250e-02 8.001642e-01 -1.179862e-01 4.288652e-02
2.031250e-02 1.406250e-02 8.061010e-01 -1.252996e-01 3.356064e-02
2.187500e-02 1.406250e-02 8.127256e-01 -1.307540e-01 2.320701e-02
2.343750e-02 1.406250e-02 8.198732e-01 -1.342091e-01 1.212895e-02
2.500000e-02 1.406250e-02 8.273629e-01 -1.355699e-01 6.401075e-04
2.656250e-02 1.406250e-02 8.349973e-01 -1.347882e-01 -1.093497e-02
2.812500e-02 1.406250e-02 8.425636e-01 -1.318635e-01 -2.226055e-02
2.968750e-02 1.406250e-02 8.498357e-01 -1.268465e-01 -3.299052e-02
3.125000e-02 1.406250e-02 8.565791e-01 -1.198423e-01 -4.277135e-02
3.281250e-02 1.406250e-02 8.625565e-01 -1.110143e-01 -5.124775e-02
3.437500e-02 1.406250e-02 8.675347e-01 -1.005879e-01 -5.807195e-02
3.593750e-02 1.406250e-02 8.712938e-01 -8.885345e-02 -6.291678e-02
3.750000e-02 1.406250e-02 8.736364e-01 -7.616714e-02 -6.549279e-02
3.906250e-02 1.406250e-02 8.743982e-01 -6.294880e-02 -6.556905e-02
4.062500e-02 1.406250e-02 8.734578e-01 -4.967573e-02 -6.299677e-02
4.218750e-02 1.406250e-02 8.707389e-01 -3.687277e-02 -5.773435e-02
4.375000e-02 1.406250e-02 8.661887e-01 -2.510259e-02 -4.987207e-02
4.531250e-02 1.406250e-02 8.597400e-01 -1.496217e-02 -3.965537e-02
4.687500e-02 1.406250e-02 8.513678e-01 -7.073386e-03 -2.750544e-02
4.843750e-02 1.406250e-02 8.414909e-01 -1.999864e-03 -1.403005e-02
5.000000e-02 1.406250e-02 8.316140e-01 0.000000e+00 0.000000e+00
0.000000e+00 1.562500e-02 8.245773e-01 0.000000e+00 0.000000e+00
1.562500e-03 1.562500e-02 8.138794e-01 -2.325403e-03 1.831154e-02
3.125000e-03 1.562500e-02 8.031816e-01 -7.984493e-03 3.498130e-02
4.687500e-03 1.562500e-02 7.943753e-01 -1.666334e-02 4.937450e-02
6.250000e-03 1.562500e-02 7.878478e-01 -2.768213e-02 6.104079e-02
7.812500e-03 1.562500e-02 7.833884e-01 -4.032963e-02 6.971871e-02
9.375000e-03 1.562500e-02 7.807671e-01 -5.396728e-02 7.530847e-02
1.093750e-02 1.562500e-02 7.798297e-01 -6.802681e-02 7.783985e-02
1.250000e-02 1.562500e-02 7.804523e-01 -8.199837e-02 7.744285e-02
1.406250e-02 1.562500e-02 7.825108e-01 -9.542846e-02 7.432188e-02
1.562500e-02 1.562500e-02 7.858764e-01 -1.079211e-01 6.873382e-02
1.718750e-02 1.562500e-02 7.904168e-01 -1.191374e-01 6.097070e-02
1.875000e-02 1.562500e-02 7.959955e-01 -1.287928e-01 5.134706e-02
2.031250e-02 1.562500e-02 8.024688e-01 -1.366539e-01 4.019194e-02
2.187500e-02 1.562500e-02 8.096826e-01 -1.425349e-01 2.784475e-02
2.343750e-02 1.562500e-02 8.174689e-01 -1.462952e-01 1.465418e-02
2.500000e-02 1.562500e-02 8.256431e-01 -1.478376e-01 9.790881e-04
2.656250e-02 1.562500e-02 8.340026e-01 -1.471086e-01 -1.280974e-02
2.812500e-02 1.562500e-02 8.423266e-01 -1.441000e-01 -2.632789e-02
2.968750e-02 1.562500e-02 8.503773e-01 -1.388523e-01 -3.917704e-02
3.125000e-02 1.562500e-02 8.579032e-01 -1.314592e-01 -5.094691e-02
3.281250e-02 1.562500e-02 8.646441e-01 -1.220741e-01 -6.122063e-02
3.437500e-02 1.562500e-02 8.703384e-01 -1.109157e-01 -6.958431e-02
3.593750e-02 1.562500e-02 8.747322e-01 -9.827453e-02 -7.564142e-02
3.750000e-02 1.562500e-02 8.775894e-01 -8.451665e-02 -7.903220e-02
3.906250e-02 1.562500e-02 8.787047e-01 -7.008511e-02 -7.945782e-02
4.062500e-02 1.562500e-02 8.779162e-01 -5.549613e-02 -7.670815e-02
4.218750e-02 1.562500e-02 8.751101e-01 -4.133081e-02 -7.069133e-02
4.375000e-02 1.562500e-02 8.701989e-01 -2.822620e-02 -6.146285e-02
4.531250e-02 1.562500e-02 8.630812e-01 -1.687193e-02 -4.925226e-02
4.687500e-02 1.562500e-02 8.537133e-01 -7.997426e-03 -3.448580e-02
4.843750e-02 1.562500e-02 8.425817e-01 -2.269963e-03 -1.779730e-02
5.000000e-02 1.562500e-02 8.314502e-01 0.000000e+00 0.000000e+00
0.000000e+00 1.718750e-02 8.206247e-01 0.000000e+00 0.000000e+00
1.562500e-03 1.718750e-02 8.088365e-01 -2.581651e-03 2.250991e-02
3.125000e-03 1.718750e-02 7.970483e-01 -8.832658e-03 4.263913e-02
4.687500e-03 1.718750e-02 7.874056e-01 -1.839116e-02 5.975577e-02
6.250000e-03 1.718750e-02 7.803414e-01 -3.048072e-02 7.343113e-02
7.812500e-03 1.718750e-02 7.756034e-01 -4.429462e-02 8.344236e-02
9.375000e-03 1.718750e-02 7.729147e-01 -5.911760e-02 8.974110e-02
1.093750e-02 1.718750e-02 7.720849e-01 -7.432443e-02 9.241688e-02
1.250000e-02 1.718750e-02 7.729612e-01 -8.936553e-02 9.166371e-02
1.406250e-02 1.718750e-02 7.753953e-01 -1.037626e-01 8.775085e-02
1.562500e-02 1.718750e-02 7.792382e-01 -1.171071e-01 8.099823e-02
1.718750e-02 1.718750e-02 7.843425e-01 -1.290566e-01 7.175722e-02
1.875000e-02 1.718750e-02 7.905608e-01 -1.393293e-01 6.039719e-02
2.031250e-02 1.718750e-02 7.977422e-01 -1.476969e-01 4.729732e-02
2.187500e-02 1.718750e-02 8.057279e-01 -1.539792e-01 3.284315e-02
2.343750e-02 1.718750e-02 8.143461e-01 -1.580388e-01 1.742658e-02
2.500000e-02 1.718750e-02 8.234084e-01 -1.597782e-01 1.448430e-03
2.656250e-02 1.718750e-02 8.327066e-01 -1.591390e-01 -1.467793e-02
2.812500e-02 1.718750e-02 8.420112e-01 -1.561033e-01 -3.052288e-02
2.968750e-02 1.718750e-02 8.510709e-01 -1.506977e-01 -4.563829e-02
3.125000e-02 1.718750e-02 8.596149e-01 -1.429993e-01 -5.955787e-02
3.281250e-02 1.718750e-02 8.673571e-01 -1.331442e-01 -7.180134e-02
3.437500e-02 1.718750e-02 8.740030e-01 -1.213370e-01 -8.188375e-02
3.593750e-02 1.718750e-02 8.792584e-01 -1.078600e-01 -8.933065e-02
3.750000e-02 1.718750e-02 8.828420e-01 -9.308251e-02 -9.369968e-02
3.906250e-02 1.718750e-02 8.844999e-01 -7.746537e-02 -9.460842e-02
4.062500e-02 1.718750e-02 8.840223e-01 -6.156139e-02 -9.176716e-02
4.218750e-02 1.718750e-02 8.812512e-01 -4.600915e-02 -8.501455e-02
4.375000e-02 1.718750e-02 8.760584e-01 -3.152518e-02 -7.435306e-02
4.531250e-02 1.718750e-02 8.683030e-01 -1.890084e-02 -5.998173e-02
4.687500e-02 1.718750e-02 8.579198e-01 -8.985407e-03 -4.232394e-02
4.843750e-02 1.718750e-02 8.454735e-01 -2.562449e-03 -2.204102e-02
5.000000e-02 1.718750e-02 8.330273e-01 0.000000e+00 0.000000e+00
0.000000e+00 1.875000e-02 8.142079e-01 0.000000e+00 0.000000e+00
1.562500e-03 1.875000e-02 8.013126e-01 -2.850646e-03 2.713925e-02
3.125000e-03 1.875000e-02 7.884172e-01 -9.711596e-03 5.105832e-02
4.687500e-03 1.875000e-02 7.779500e-01 -2.016887e-02 7.112650e-02
6.250000e-03 1.875000e-02 7.703944e-01 -3.334060e-02 8.694287e-02
7.812500e-03 1.875000e-02 7.654518e-01 -4.831688e-02 9.833613e-02
9.375000e-03 1.875000e-02 7.627927e-01 -6.430138e-02 1.053262e-01
1.093750e-02 1.875000e-02 7.621864e-01 -8.061093e-02 1.080804e-01
1.250000e-02 1.875000e-02 7.634479e-01 -9.665840e-02 1.068740e-01
1.406250e-02 1.875000e-02 7.664015e-01 -1.119452e-01 1.020557e-01
1.562500e-02 1.875000e-02 7.708763e-01 -1.260567e-01 9.401991e-02
1.718750e-02 1.875000e-02 7.767081e-01 -1.386543e-01 8.318526e-02
1.875000e-02 1.875000e-02 7.837381e-01 -1.494663e-01 6.998026e-02
2.031250e-02 1.875000e-02 7.918082e-01 -1.582771e-01 5.483540e-02
2.187500e-02 1.875000e-02 8.007552e-01 -1.649178e-01 3.818074e-02
2.343750e-02 1.875000e-02 8.104046e-01 -1.692592e-01 2.044780e-02
2.500000e-02 1.875000e-02 8.205650e-01 -1.712063e-01 2.074282e-03
2.656250e-02 1.875000e-02 8.310237e-01 -1.706965e-01 -1.648956e-02
2.812500e-02 1.875000e-02 8.415426e-01 -1.677005e-01 -3.477445e-02
2.968750e-02 1.875000e-02 8.518571e-01 -1.622271e-01 -5.228702e-02
3.125000e-02 1.875000e-02 8.616758e-01 -1.543306e-01 -6.850747e-02
3.281250e-02 1.875000e-02 8.706842e-01 -1.441218e-01 -8.289175e-02
3.437500e-02 1.875000e-02 8.785503e-01 -1.317808e-01 -9.487963e-02
3.593750e-02 1.875000e-02 8.849340e-01 -1.175719e-01 -1.039100e-01
3.750000e-02 1.875000e-02 8.895003e-01 -1.018572e-01 -1.094444e-01
3.906250e-02 1.875000e-02 8.919375e-01 -8.510749e-02 -1.109985e-01
4.062500e-02 1.875000e-02 8.919772e-01 -6.790717e-02 -1.081815e-01
4.218750e-02 1.875000e-02 8.894068e-01 -5.095171e-02 -1.007389e-01
4.375000e-02 1.875000e-02 8.840470e-01 -3.504205e-02 -8.859742e-02
4.531250e-02 1.875000e-02 8.757068e-01 -2.108208e-02 -7.190718e-02
4.687500e-02 1.875000e-02 8.642916e-01 -1.005733e-02 -5.107787e-02
4.843750e-02 1.875000e-02 8.504566e-01 -2.885363e-03 -2.679834e-02
5.000000e-02 1.875000e-02 8.366217e-01 0.000000e+00 0.000000e+00
0.000000e+00 2.031250e-02 8.050116e-01 0.000000e+00 0.000000e+00
1.562500e-03 2.031250e-02 7.909845e-01 -3.137151e-03 3.221782e-02
3.125000e-03 2.031250e-02 7.769573e-01 -1.063269e-02 6.026305e-02
4.687500e-03 2.031250e-02 7.656802e-01 -2.201400e-02 8.350528e-02
6.250000e-03 2.031250e-02 7.576932e-01 -3.628095e-02 1.015796e-01
7.812500e-03 2.031250e-02 7.526433e-01 -5.240965e-02 1.143822e-01
9.375000e-03 2.031250e-02 7.501391e-01 -6.951699e-02 1.220218e-01
1.093750e-02 2.031250e-02 7.499020e-01 -8.686129e-02 1.247654e-01
1.250000e-02 2.031250e-02 7.517086e-01 -1.038214e-01 1.229895e-01
1.406250e-02 2.031250e-02 7.553515e-01 -1.198855e-01 1.171397e-01
1.562500e-02 2.031250e-02 7.606346e-01 -1.346412e-01 1.076975e-01
1.718750e-02 2.031250e-02 7.673752e-01 -1.477640e-01 9.515748e-02
1.875000e-02 2.031250e-02 7.754025e-01 -1.590021e-01 8.001128e-02
2.031250e-02 2.031250e-02 7.845519e-01 -1.681616e-01 6.274102e-02
2.187500e-02 2.031250e-02 7.946570e-01 -1.750931e-01 4.381839e-02
2.343750e-02 2.031250e-02 8.055428e-01 -1.796815e-01 2.370904e-02
2.500000e-02 2.031250e-02 8.170173e-01 -1.818383e-01 2.880424e-03
2.656250e-02 2.031250e-02 8.288655e-01 -1.814982e-01 -1.818845e-02
2.812500e-02 2.031250e-02 8.408433e-01 -1.786195e-01 -3.899679e-02
2.968750e-02 2.031250e-02 8.526739e-01 -1.731891e-01 -5.901307e-02
3.125000e-02 2.031250e-02 8.640458e-01 -1.652313e-01 -7.766904e-02
3.281250e-02 2.031250e-02 8.746144e-01 -1.548218e-01 -9.435859e-02
3.437500e-02 2.031250e-02 8.840066e-01 -1.421047e-01 -1.084434e-01
3.593750e-02 2.031250e-02 8.918299e-01 -1.273125e-01 -1.192675e-01
3.750000e-02 2.031250e-02 8.976868e-01 -1.107865e-01 -1.261815e-01
3.906250e-02 2.031250e-02 9.011954e-01 -9.299536e-02 -1.285788e-01
4.062500e-02 2.031250e-02 9.020153e-01 -7.454640e-02 -1.259412e-01
4.218750e-02 2.031250e-02 8.998640e-01 -5.618898e-02 -1.178921e-01
4.375000e-02 2.031250e-02 8.944951e-01 -3.881252e-02 -1.042538e-01
4.531250e-02 2.031250e-02 8.856504e-01 -2.344613e-02 -8.510252e-02
4.687500e-02 2.031250e-02 8.731932e-01 -1.123248e-02 -6.081886e-02
4.843750e-02 2.031250e-02 8.578837e-01 -3.246767e-03 -3.211622e-02
5.000000e-02 2.031250e-02 8.425741e-01 0.000000e+00 0.000000e+00
0.000000e+00 2.187500e-02 7.926756e-01 0.000000e+00 0.000000e+00
1.562500e-03 2.187500e-02 7.774839e-01 -3.446536e-03 3.776973e-02
3.125000e-03 2.187500e-02 7.622923e-01 -1.160829e-02 7.028460e-02
4.687500e-03 2.187500e-02 7.502251e-01 -2.394456e-02 9.691432e-02
6.250000e-03 2.187500e-02 7.418868e-01 -3.931914e-02 1.173411e-01
7.812500e-03 2.187500e-02 7.368573e-01 -5.657962e-02 1.315495e-01
9.375000e-03 2.187500e-02 7.346690e-01 -7.474896e-02 1.397629e-01
1.093750e-02 2.187500e-02 7.349839e-01 -9.302704e-02 1.423749e-01
1.250000e-02 2.187500e-02 7.375313e-01 -1.107645e-01 1.398878e-01
1.406250e-02 2.187500e-02 7.420652e-01 -1.274457e-01 1.328637e-01
1.562500e-02 2.187500e-02 7.483596e-01 -1.426730e-01 1.218863e-01
1.718750e-02 2.187500e-02 7.562113e-01 -1.561486e-01 1.075345e-01
1.875000e-02 2.187500e-02 7.654371e-01 -1.676533e-01 9.036705e-02
2.031250e-02 2.187500e-02 7.758668e-01 -1.770265e-01 7.091678e-02
2.187500e-02 2.187500e-02 7.873339e-01 -1.841483e-01 4.969235e-02
2.343750e-02 2.187500e-02 7.996660e-01 -1.889251e-01 2.718597e-02
2.500000e-02 2.187500e-02 8.126748e-01 -1.912805e-01 3.885181e-03
2.656250e-02 2.187500e-02 8.261471e-01 -1.911489e-01 -1.971308e-02
2.812500e-02 2.187500e-02 8.398371e-01 -1.884756e-01 -4.308762e-02
2.968750e-02 2.187500e-02 8.534592e-01 -1.832216e-01 -6.567910e-02
3.125000e-02 2.187500e-02 8.666839e-01 -1.753742e-01 -8.687903e-02
3.281250e-02 2.187500e-02 8.791367e-01 -1.649627e-01 -1.060239e-01
3.437500e-02 2.187500e-02 8.904009e-01 -1.520807e-01 -1.223970e-01
3.593750e-02 2.187500e-02 9.000254e-01 -1.369119e-01 -1.352402e-01
3.750000e-02 2.187500e-02 9.075397e-01 -1.197588e-01 -1.437785e-01
3.906250e-02 2.187500e-02 9.124778e-01 -1.010706e-01 -1.472596e-01
4.062500e-02 2.187500e-02 9.144091e-01 -8.146406e-02 -1.450072e-01
4.218750e-02 2.187500e-02 9.129607e-01 -6.173541e-02 -1.364863e-01
4.375000e-02 2.187500e-02 9.077962e-01 -4.286494e-02 -1.213771e-01
4.531250e-02 2.187500e-02 8.985649e-01 -2.602123e-02 -9.964891e-02
4.687500e-02 2.187500e-02 8.850686e-01 -1.253018e-02 -7.163009e-02
4.843750e-02 2.187500e-02 8.681897e-01 -3.655294e-03 -3.805128e-02
5.000000e-02 2.187500e-02 8.513107e-01 0.000000e+00 0.000000e+00
0.000000e+00 2.343750e-02 7.767815e-01 0.000000e+00 0.000000e+00
1.562500e-03 2.343750e-02 7.603842e-01 -3.785663e-03 4.382587e-02
3.125000e-03 2.343750e-02 7.439869e-01 -1.265357e-02 8.116190e-02
4.687500e-03 2.343750e-02 7.311587e-01 -2.598158e-02 1.113783e-01
6.250000e-03 2.343750e-02 7.225774e-01 -4.247321e-02 1.342199e-01
7.812500e-03 2.343750e-02 7.177378e-01 -6.082831e-02 1.497871e-01
9.375000e-03 2.343750e-02 7.160749e-01 -7.996741e-02 1.584522e-01
1.093750e-02 2.343750e-02 7.171739e-01 -9.903342e-02 1.607687e-01
1.250000e-02 2.343750e-02 7.207038e-01 -1.173577e-01 1.573951e-01
1.406250e-02 2.343750e-02 7.263705e-01 -1.344344e-01 1.490333e-01
1.562500e-02 2.343750e-02 7.339125e-01 -1.498968e-01 1.363851e-01
1.718750e-02 2.343750e-02 7.431027e-01 -1.634904e-01 1.201230e-01
1.875000e-02 2.343750e-02 7.537458e-01 -1.750445e-01 1.008756e-01
2.031250e-02 2.343750e-02 7.656683e-01 -1.844457e-01 7.922389e-02
2.187500e-02 2.343750e-02 7.787073e-01 -1.916155e-01 5.570668e-02
2.343750e-02 2.343750e-02 7.926982e-01 -1.964917e-01 3.083280e-02
2.500000e-02 2.343750e-02 8.074623e-01 -1.990160e-01 5.097481e-03
2.656250e-02 2.343750e-02 8.227951e-01 -1.991265e-01 -2.099834e-02
2.812500e-02 2.343750e-02 8.384554e-01 -1.967561e-01 -4.692758e-02
2.968750e-02 2.343750e-02 8.541548e-01 -1.918366e-01 -7.211713e-02
3.125000e-02 2.343750e-02 8.695506e-01 -1.843104e-01 -9.593050e-02
3.281250e-02 2.343750e-02 8.842409e-01 -1.741487e-01 -1.176555e-01
3.437500e-02 2.343750e-02 8.977646e-01 -1.613777e-01 -1.365001e-01
3.593750e-02 2.343750e-02 9.096068e-01 -1.461117e-01 -1.515994e-01
3.750000e-02 2.343750e-02 9.192132e-01 -1.285912e-01 -1.620387e-01
3.906250e-02 2.343750e-02 9.260171e-01 -1.092221e-01 -1.668946e-01
4.062500e-02 2.343750e-02 9.294751e-01 -8.861044e-02 -1.652963e-01
4.218750e-02 2.343750e-02 9.290966e-01 -6.758618e-02 -1.565058e-01
4.375000e-02 2.343750e-02 9.244228e-01 -4.721974e-02 -1.400117e-01
4.531250e-02 2.343750e-02 9.149748e-01 -2.883428e-02 -1.156309e-01
4.687500e-02 2.343750e-02 9.004644e-01 -1.397097e-02 -8.360575e-02
4.843750e-02 2.343750e-02 8.819155e-01 -4.120873e-03 -4.467009e-02
5.000000e-02 2.343750e-02 8.633666e-01 0.000000e+00 0.000000e+00
0.000000e+00 2.500000e-02 7.568363e-01 0.000000e+00 0.000000e+00
1.562500e-03 2.500000e-02 7.391825e-01 -4.164128e-03 5.042589e-02
3.125000e-03 2.500000e-02 7.215286e-01 -1.378901e-02 9.294328e-02
4.687500e-03 2.500000e-02 7.079838e-01 -2.815238e-02 1.269238e-01
6.250000e-03 2.500000e-02 6.993101e-01 -4.576474e-02 1.521966e-01
7.812500e-03 2.500000e-02 6.948894e-01 -6.515330e-02 1.690161e-01
9.375000e-03 2.500000e-02 6.940284e-01 -8.512663e-02 1.779479e-01
1.093750e-02 2.500000e-02 6.962103e-01 -1.047748e-01 1.797497e-01
1.250000e-02 2.500000e-02 7.010252e-01 -1.234236e-01 1.752719e-01
1.406250e-02 2.500000e-02 7.081187e-01 -1.405963e-01 1.653838e-01
1.562500e-02 2.500000e-02 7.171856e-01 -1.559780e-01 1.509227e-01
1.718750e-02 2.500000e-02 7.279726e-01 -1.693786e-01 1.326633e-01
1.875000e-02 2.500000e-02 7.402722e-01 -1.806950e-01 1.113052e-01
2.031250e-02 2.500000e-02 7.539113e-01 -1.898778e-01 8.747261e-02
2.187500e-02 2.500000e-02 7.687361e-01 -1.969033e-01 6.172533e-02
2.343750e-02 2.500000e-02 7.845972e-01 -2.017516e-01 3.457596e-02
2.500000e-02 2.500000e-02 8.013338e-01 -2.043910e-01 6.512112e-03
2.656250e-02 2.500000e-02 8.187594e-01 -2.047681e-01 -2.197840e-02
2.812500e-02 2.500000e-02 8.366465e-01 -2.028048e-01 -5.038075e-02
2.968750e-02 2.500000e-02 8.547133e-01 -1.984017e-01 -7.812627e-02
3.125000e-02 2.500000e-02 8.726120e-01 -1.914495e-01 -1.045675e-01
3.281250e-02 2.500000e-02 8.899191e-01 -1.818490e-01 -1.289573e-01
3.437500e-02 2.500000e-02 9.061311e-01 -1.695409e-01 -1.504366e-01
3.593750e-02 2.500000e-02 9.206661e-01 -1.545456e-01 -1.680337e-01
3.750000e-02 2.500000e-02 9.328762e-01 -1.370124e-01 -1.806820e-01
3.906250e-02 2.500000e-02 9.420748e-01 -1.172727e-01 -1.872606e-01
4.062500e-02 2.500000e-02 9.475790e-01 -9.589204e-02 -1.866629e-01
4.218750e-02 2.500000e-02 9.487441e-01 -7.371276e-02 -1.778920e-01
4.375000e-02 2.500000e-02 9.449450e-01 -5.188856e-02 -1.601814e-01
4.531250e-02 2.500000e-02 9.355231e-01 -3.191207e-02 -1.331318e-01
4.687500e-02 2.500000e-02 9.200576e-01 -1.557822e-02 -9.685032e-02
4.843750e-02 2.500000e-02 8.997369e-01 -4.655764e-03 -5.205022e-02
5.000000e-02 2.500000e-02 8.794162e-01 0.000000e+00 0.000000e+00
0.000000e+00 2.656250e-02 7.322470e-01 0.000000e+00 0.000000e+00
1.562500e-03 2.656250e-02 7.132744e-01 -4.596075e-03 5.762174e-02
3.125000e-03 2.656250e-02 6.943019e-01 -1.504378e-02 1.056896e-01
4.687500e-03 2.656250e-02 6.801102e-01 -3.049470e-02 1.435787e-01
6.250000e-03 2.656250e-02 6.715582e-01 -4.922196e-02 1.712342e-01
7.812500e-03 2.656250e-02 6.678723e-01 -6.954838e-02 1.891176e-01
9.375000e-03 2.656250e-02 6.681841e-01 -9.016101e-02 1.980490e-01
1.093750e-02 2.656250e-02 6.718390e-01 -1.101064e-01 1.990455e-01
1.250000e-02 2.656250e-02 6.783228e-01 -1.287256e-01 1.931943e-01
1.406250e-02 2.656250e-02 6.872040e-01 -1.455974e-01 1.815630e-01
1.562500e-02 2.656250e-02 6.981251e-01 -1.604866e-01 1.651423e-01
1.718750e-02 2.656250e-02 7.108034e-01 -1.732928e-01 1.448161e-01
1.875000e-02 2.656250e-02 7.250214e-01 -1.840032e-01 1.213531e-01
2.031250e-02 2.656250e-02 7.406117e-01 -1.926509e-01 9.541315e-02
2.187500e-02 2.656250e-02 7.574375e-01 -1.992822e-01 6.756445e-02
2.343750e-02 2.656250e-02 7.753740e-01 -2.039314e-01 3.830761e-02
2.500000e-02 2.656250e-02 7.942898e-01 -2.066019e-01 8.104384e-03
2.656250e-02 2.656250e-02 8.140279e-01 -2.072553e-01 -2.259074e-02
2.812500e-02 2.656250e-02 8.343880e-01 -2.058059e-01 -5.329690e-02
2.968750e-02 2.656250e-02 8.551076e-01 -2.021227e-01 -8.347245e-02
3.125000e-02 2.656250e-02 8.758459e-01 -1.960396e-01 -1.124811e-01
3.281250e-02 2.656250e-02 8.961683e-01 -1.873756e-01 -1.395612e-01
3.437500e-02 2.656250e-02 9.155357e-01 -1.759672e-01 -1.638017e-01
3.593750e-02 2.656250e-02 9.332996e-01 -1.617143e-01 -1.841304e-01
3.750000e-02 2.656250e-02 9.487102e-01 -1.446398e-01 -1.993217e-01
3.906250e-02 2.656250e-02 9.609423e-01 -1.249599e-01 -2.080327e-01
4.062500e-02 2.656250e-02 9.691408e-01 -1.031585e-01 -2.088743e-01
4.218750e-02 2.656250e-02 9.724618e-01 -8.005603e-02 -2.005236e-01
4.375000e-02 2.656250e-02 9.700529e-01 -5.687276e-02 -1.818753e-01
4.531250e-02 2.656250e-02 9.610023e-01 -3.528280e-02 -1.522272e-01
4.687500e-02 2.656250e-02 9.446935e-01 -1.738042e-02 -1.114783e-01
4.843750e-02 2.656250e-02 9.225028e-01 -5.276135e-03 -6.028217e-02
5.000000e-02 2.656250e-02 9.003121e-01 0.000000e+00 0.000000e+00
0.000000e+00 2.812500e-02 7.022813e-01 0.000000e+00 0.000000e+00
1.562500e-03 2.812500e-02 6.819156e-01 -5.102952e-03 6.548321e-02
3.125000e-03 2.812500e-02 6.615500e-01 -1.646048e-02 1.194792e-01
4.687500e-03 2.812500e-02 6.468243e-01 -3.306167e-02 1.613715e-01
6.250000e-03 2.812500e-02 6.387055e-01 -5.288226e-02 1.912693e-01
7.812500e-03 2.812500e-02 6.361981e-01 -7.400102e-02 2.099181e-01
9.375000e-03 2.812500e-02 6.381882e-01 -9.497631e-02 2.184743e-01
1.093750e-02 2.812500e-02 6.438312e-01 -1.148291e-01 2.182868e-01
1.250000e-02 2.812500e-02 6.524751e-01 -1.329477e-01 2.107331e-01
1.406250e-02 2.812500e-02 6.635907e-01 -1.490030e-01 1.971125e-01
1.562500e-02 2.812500e-02 6.767589e-01 -1.628741e-01 1.785859e-01
1.718750e-02 2.812500e-02 6.916659e-01 -1.745813e-01 1.561498e-01
1.875000e-02 2.812500e-02 7.080888e-01 -1.842269e-01 1.306361e-01
2.031250e-02 2.812500e-02 7.258735e-01 -1.919462e-01 1.027281e-01
2.187500e-02 2.812500e-02 7.449113e-01 -1.978708e-01 7.298610e-02
2.343750e-02 2.812500e-02 7.651151e-01 -2.021004e-01 4.187996e-02
2.500000e-02 2.812500e-02 7.863965e-01 -2.046832e-01 9.824682e-03
2.656250e-02 2.812500e-02 8.086441e-01 -2.056028e-01 -2.278133e-02
2.812500e-02 2.812500e-02 8.317007e-01 -2.047709e-01 -5.551590e-02
2.968750e-02 2.812500e-02 8.553409e-01 -2.020270e-01 -8.789097e-02
3.125000e-02 2.812500e-02 8.792481e-01 -1.971464e-01 -1.193093e-01
3.281250e-02 2.812500e-02 9.029931e-01 -1.898581e-01 -1.490219e-01
3.437500e-02 2.812500e-02 9.260139e-01 -1.798774e-01 -1.760900e-01
3.593750e-02 2.812500e-02 9.476026e-01 -1.669557e-01 -1.993568e-01
3.750000e-02 2.812500e-02 9.669039e-01 -1.509499e-01 -2.174399e-01
3.906250e-02 2.812500e-02 9.829365e-01 -1.319106e-01 -2.287541e-01
4.062500e-02 2.812500e-02 9.946379e-01 -1.101836e-01 -2.315803e-01
4.218750e-02 2.812500e-02 1.000908e+00 -8.651536e-02 -2.241894e-01
4.375000e-02 2.812500e-02 1.000584e+00 -6.216019e-02 -2.050303e-01
4.531250e-02 2.812500e-02 9.923963e-01 -3.897800e-02 -1.729772e-01
4.687500e-02 2.812500e-02 9.754357e-01 -1.941473e-02 -1.276145e-01
4.843750e-02 2.812500e-02 9.512887e-01 -6.004585e-03 -6.947301e-02
5.000000e-02 2.812500e-02 9.271416e-01 0.000000e+00 0.000000e+00
0.000000e+00 2.968750e-02 6.660046e-01 0.000000e+00 0.000000e+00
1.562500e-03 2.968750e-02 6.441617e-01 -5.717849e-03 7.410648e-02
3.125000e-03 2.968750e-02 6.223188e-01 -1.810174e-02 1.344146e-01
4.687500e-03 2.968750e-02 6.072450e-01 -3.592752e-02 1.803295e-01
6.250000e-03 2.968750e-02 6.000230e-01 -5.679269e-02 2.121994e-01
7.812500e-03 2.968750e-02 5.993275e-01 -7.848435e-02 2.311655e-01
9.375000e-03 2.968750e-02 6.036921e-01 -9.943202e-02 2.388344e-01
1.093750e-02 2.968750e-02 6.120094e-01 -1.186643e-01 2.369785e-01
1.250000e-02 2.968750e-02 6.234446e-01 -1.356645e-01 2.273277e-01
1.406250e-02 2.968750e-02 6.373488e-01 -1.502447e-01 2.114471e-01
1.562500e-02 2.968750e-02 6.532327e-01 -1.624422e-01 1.906796e-01
1.718750e-02 2.968750e-02 6.707534e-01 -1.724328e-01 1.661313e-01
1.875000e-02 2.968750e-02 6.896908e-01 -1.804597e-01 1.386847e-01
2.031250e-02 2.968750e-02 7.099173e-01 -1.867793e-01 1.090286e-01
2.187500e-02 2.968750e-02 7.313668e-01 -1.916214e-01 7.769513e-02
2.343750e-02 2.968750e-02 7.540060e-01 -1.951615e-01 4.510167e-02
2.500000e-02 2.968750e-02 7.778077e-01 -1.975004e-01 1.159372e-02
2.656250e-02 2.968750e-02 8.027245e-01 -1.986509e-01 -2.251069e-02
2.812500e-02 2.968750e-02 8.286634e-01 -1.985290e-01 -5.687462e-02
2.968750e-02 2.968750e-02 8.554578e-01 -1.969505e-01 -9.109310e-02
3.125000e-02 2.968750e-02 8.828391e-01 -1.936349e-01 -1.246407e-01
3.281250e-02 2.968750e-02 9.104069e-01 -1.882184e-01 -1.568163e-01
3.437500e-02 2.968750e-02 9.375982e-01 -1.802834e-01 -1.866878e-01
3.593750e-02 2.968750e-02 9.636618e-01 -1.694073e-01 -2.130437e-01
3.750000e-02 2.968750e-02 9.876425e-01 -1.552390e-01 -2.343599e-01
3.906250e-02 2.968750e-02 1.008391e+00 -1.376038e-01 -2.488011e-01
4.062500e-02 2.968750e-02 1.024602e+00 -1.166358e-01 -2.542732e-01
4.218750e-02 2.968750e-02 1.034851e+00 -9.293071e-02 -2.485516e-01
4.375000e-02 2.968750e-02 1.037556e+00 -6.771878e-02 -2.295034e-01
4.531250e-02 2.968750e-02 1.030935e+00 -4.303452e-02 -1.954139e-01
4.687500e-02 2.968750e-02 1.013637e+00 -2.173223e-02 -1.453949e-01
4.843750e-02 2.968750e-02 9.874725e-01 -6.874319e-03 -7.975219e-02
5.000000e-02 2.968750e-02 9.613078e-01 0.000000e+00 0.000000e+00
0.000000e+00 3.125000e-02 6.221739e-01 0.000000e+00 0.000000e+00
1.562500e-03 3.125000e-02 5.987716e-01 -6.492521e-03 8.362689e-02
3.125000e-03 3.125000e-02 5.753694e-01 -2.005949e-02 1.506313e-01
4.687500e-03 3.125000e-02 5.602622e-01 -3.919325e-02 2.004722e-01
6.250000e-03 3.125000e-02 5.546404e-01 -6.100545e-02 2.338592e-01
7.812500e-03 3.125000e-02 5.566729e-01 -8.293828e-02 2.524954e-01
9.375000e-03 3.125000e-02 5.643793e-01 -1.033083e-01 2.585936e-01
1.093750e-02 3.125000e-02 5.762863e-01 -1.212096e-01 2.544644e-01
1.250000e-02 3.125000e-02 5.913237e-01 -1.362913e-01 2.422581e-01
1.406250e-02 3.125000e-02 6.086999e-01 -1.485718e-01 2.238350e-01
1.562500e-02 3.125000e-02 6.278531e-01 -1.582984e-01 2.007223e-01
1.718750e-02 3.125000e-02 6.484205e-01 -1.658391e-01 1.741213e-01
1.875000e-02 3.125000e-02 6.702004e-01 -1.716024e-01 1.449430e-01
2.031250e-02 3.125000e-02 6.931105e-01 -1.759801e-01 1.138567e-01
2.187500e-02 3.125000e-02 7.171476e-01 -1.793090e-01 8.134152e-02
2.343750e-02 3.125000e-02 7.423532e-01 -1.818455e-01 4.773833e-02
2.500000e-02 3.125000e-02 7.687823e-01 -1.837482e-01 1.329976e-02
2.656250e-02 3.125000e-02 7.964743e-01 -1.850655e-01 -2.176046e-02
2.812500e-02 3.125000e-02 8.254243e-01 -1.857260e-01 -5.721691e-02
2.968750e-02 3.125000e-02 8.555519e-01 -1.855317e-01 -9.277820e-02
3.125000e-02 3.125000e-02 8.866664e-01 -1.841555e-01 -1.280268e-01
3.281250e-02 3.125000e-02 9.184285e-01 -1.811472e-01 -1.623514e-01
3.437500e-02 3.125000e-02 9.503077e-01 -1.759536e-01 -1.948737e-01
3.593750e-02 3.125000e-02 9.815388e-01 -1.679611e-01 -2.243730e-01
3.750000e-02 3.125000e-02 1.011087e+00 -1.565715e-01 -2.492204e-01
3.906250e-02 3.125000e-02 1.037636e+00 -1.413192e-01 -2.673422e-01
4.062500e-02 3.125000e-02 1.059609e+00 -1.220338e-01 -2.762385e-01
4.218750e-02 3.125000e-02 1.075181e+00 -9.905224e-02 -2.730957e-01
4.375000e-02 3.125000e-02 1.082208e+00 -7.348344e-02 -2.550332e-01
4.531250e-02 3.125000e-02 1.078171e+00 -4.749561e-02 -2.195223e-01
4.687500e-02 3.125000e-02 1.061044e+00 -2.440581e-02 -1.649669e-01
4.843750e-02 3.125000e-02 1.032852e+00 -7.936216e-03 -9.128104e-02
5.000000e-02 3.125000e-02 1.004659e+00 0.000000e+00 0.000000e+00
0.000000e+00 3.281250e-02 5.690539e-01 0.000000e+00 0.000000e+00
1.562500e-03 3.281250e-02 5.440492e-01 -7.508986e-03 9.423743e-02
3.125000e-03 3.281250e-02 5.190445e-01 -2.246782e-02 1.683064e-01
4.687500e-03 3.281250e-02 5.044482e-01 -4.298993e-02 2.217960e-01
6.250000e-03 3.281250e-02 5.015135e-01 -6.556183e-02 2.559817e-01
7.812500e-03 3.281250e-02 5.076136e-01 -8.723015e-02 2.733779e-01
9.375000e-03 3.281250e-02 5.200095e-01 -1.062463e-01 2.770156e-01
1.093750e-02 3.281250e-02 5.367251e-01 -1.218672e-01 2.698818e-01
1.250000e-02 3.281250e-02 5.563961e-01 -1.340093e-01 2.546140e-01
1.406250e-02 3.281250e-02 5.780754e-01 -1.429802e-01 2.333826e-01
1.562500e-02 3.281250e-02 6.011388e-01 -1.492947e-01 2.078829e-01
1.718750e-02 3.281250e-02 6.252256e-01 -1.535476e-01 1.793806e-01
1.875000e-02 3.281250e-02 6.501801e-01 -1.563296e-01 1.487804e-01
2.031250e-02 3.281250e-02 6.759935e-01 -1.581735e-01 1.166984e-01
2.187500e-02 3.281250e-02 7.027526e-01 -1.595226e-01 8.353158e-02
2.343750e-02 3.281250e-02 7.305994e-01 -1.607122e-01 4.951933e-02
2.500000e-02 3.281250e-02 7.596961e-01 -1.619586e-01 1.479954e-02
2.656250e-02 3.281250e-02 7.901945e-01 -1.633494e-01 -2.053942e-02
2.812500e-02 3.281250e-02 8.222055e-01 -1.648347e-01 -5.640668e-02
2.968750e-02 3.281250e-02 8.557659e-01 -1.662167e-01 -9.265256e-02
3.125000e-02 3.281250e-02 8.907996e-01 -1.671399e-01 -1.290037e-01
3.281250e-02 3.281250e-02 9.270709e-01 -1.670858e-01 -1.649858e-01
3.437500e-02 3.281250e-02 9.641284e-01 -1.653782e-01 -1.998320e-01
3.593750e-02 3.281250e-02 1.001241e+00 -1.612111e-01 -2.323781e-01
3.750000e-02 3.281250e-02 1.037337e+00 -1.537128e-01 -2.609550e-01
3.906250e-02 3.281250e-02 1.070958e+00 -1.420626e-01 -2.832952e-01
4.062500e-02 3.281250e-02 1.100245e+00 -1.256775e-01 -2.964918e-01
4.218750e-02 3.281250e-02 1.122901e+00 -1.044881e-01 -2.970599e-01
4.375000e-02 3.281250e-02 1.136037e+00 -7.932918e-02 -2.811796e-01
4.531250e-02 3.281250e-02 1.136080e+00 -5.240818e-02 -2.452070e-01
4.687500e-02 3.281250e-02 1.119949e+00 -2.754146e-02 -1.864878e-01
4.843750e-02 3.281250e-02 1.089827e+00 -9.270888e-03 -1.042672e-01
5.000000e-02 3.281250e-02 1.059704e+00 0.000000e+00 0.000000e+00
0.000000e+00 3.437500e-02 5.040936e-01 0.000000e+00 0.000000e+00
1.562500e-03 3.437500e-02 4.775771e-01 -8.898628e-03 1.062149e-01
3.125000e-03 3.437500e-02 4.510606e-01 -2.551955e-02 1.876637e-01
4.687500e-03 3.437500e-02 4.379395e-01 -4.747353e-02 2.442386e-01
6.250000e-03 3.437500e-02 4.393987e-01 -7.045183e-02 2.781293e-01
7.812500e-03 3.437500e-02 4.515385e-01 -9.107730e-02 2.930368e-01
9.375000e-03 3.437500e-02 4.704987e-01 -1.076436e-01 2.930915e-01
1.093750e-02 3.437500e-02 4.936285e-01 -1.197269e-01 2.821104e-01
1.250000e-02 3.437500e-02 5.192221e-01 -1.276515e-01 2.632677e-01
1.406250e-02 3.437500e-02 5.461879e-01 -1.321125e-01 2.390291e-01
1.562500e-02 3.437500e-02 5.738754e-01 -1.339478e-01 2.112124e-01
1.718750e-02 3.437500e-02 6.019709e-01 -1.340031e-01 1.810935e-01
1.875000e-02 3.437500e-02 6.304093e-01 -1.330532e-01 1.495195e-01
2.031250e-02 3.437500e-02 6.592956e-01 -1.317621e-01 1.170116e-01
2.187500e-02 3.437500e-02 6.888430e-01 -1.306652e-01 8.385170e-02
2.343750e-02 3.437500e-02 7.193248e-01 -1.301637e-01 5.015430e-02
2.500000e-02 3.437500e-02 7.510385e-01 -1.305229e-01 1.592500e-02
2.656250e-02 3.437500e-02 7.842757e-01 -1.318691e-01 -1.888791e-02
2.812500e-02 3.437500e-02 8.192927e-01 -1.341817e-01 -5.434391e-02
2.968750e-02 3.437500e-02 8.562779e-01 -1.372813e-01 -9.045638e-02
3.125000e-02 3.437500e-02 8.953117e-01 -1.408112e-01 -1.271279e-01
3.281250e-02 3.437500e-02 9.363141e-01 -1.442181e-01 -1.640682e-01
3.437500e-02 3.437500e-02 9.789759e-01 -1.467371e-01 -2.006878e-01
3.593750e-02 3.437500e-02 1.022672e+00 -1.473942e-01 -2.359650e-01
3.750000e-02 3.437500e-02 1.066368e+00 -1.450428e-01 -2.682880e-01
3.906250e-02 3.437500e-02 1.108528e+00 -1.384605e-01 -2.952892e-01
4.062500e-02 3.437500e-02 1.147042e+00 -1.265383e-01 -3.137061e-01
4.218750e-02 3.437500e-02 1.179094e+00 -1.086139e-01 -3.193396e-01
4.375000e-02 3.437500e-02 1.200841e+00 -8.501659e-02 -3.072313e-01
4.531250e-02 3.437500e-02 1.207197e+00 -5.780916e-02 -2.722337e-01
4.687500e-02 3.437500e-02 1.193429e+00 -3.129302e-02 -2.101158e-01
4.843750e-02 3.437500e-02 1.161702e+00 -1.100908e-02 -1.189860e-01
5.000000e-02 3.437500e-02 1.129975e+00 0.000000e+00 0.000000e+00
0.000000e+00 3.593750e-02 4.233560e-01 0.000000e+00 0.000000e+00
1.562500e-03 3.593750e-02 3.957786e-01 -1.087272e-02 1.199572e-01
3.125000e-03 3.593750e-02 3.682012e-01 -2.948352e-02 2.089675e-01
4.687500e-03 3.593750e-02 3.582979e-01 -5.279589e-02 2.676066e-01
6.250000e-03 3.593750e-02 3.668672e-01 -7.552268e-02 2.995791e-01
7.812500e-03 3.593750e-02 3.879539e-01 -9.390045e-02 3.103308e-01
9.375000e-03 3.593750e-02 4.160605e-01 -1.064758e-01 3.054468e-01
1.093750e-02 3.593750e-02 4.476768e-01 -1.133843e-01 2.897191e-01
1.250000e-02 3.593750e-02 4.807523e-01 -1.155382e-01 2.668610e-01
1.406250e-02 3.593750e-02 5.141163e-01 -1.141229e-01 2.395655e-01
1.562500e-02 3.593750e-02 5.471732e-01 -1.103398e-01 2.096839e-01
1.718750e-02 3.593750e-02 5.797350e-01 -1.052833e-01 1.784181e-01
1.875000e-02 3.593750e-02 6.118962e-01 -9.988899e-02 1.464896e-01
2.031250e-02 3.593750e-02 6.439330e-01 -9.491885e-02 1.142748e-01
2.187500e-02 3.593750e-02 6.762296e-01 -9.096721e-02 8.190883e-02
2.343750e-02 3.593750e-02 7.092266e-01 -8.847323e-02 4.936194e-02
2.500000e-02 3.593750e-02 7.433870e-01 -8.773239e-02 1.649807e-02
2.656250e-02 3.593750e-02 7.791692e-01 -8.890176e-02 -1.687896e-02
2.812500e-02 3.593750e-02 8.170041e-01 -9.199646e-02 -5.098296e-02
2.968750e-02 3.593750e-02 8.572664e-01 -9.687555e-02 -8.599945e-02
3.125000e-02 3.593750e-02 9.002383e-01 -1.032170e-01 -1.220276e-01
3.281250e-02 3.593750e-02 9.460562e-01 -1.104832e-01 -1.590007e-01
3.437500e-02 3.593750e-02 9.946325e-01 -1.178812e-01 -1.965736e-01
3.593750e-02 3.593750e-02 1.045549e+00 -1.243297e-01 -2.339673e-01
3.750000e-02 3.593750e-02 1.097925e+00 -1.284503e-01 -2.697623e-01
3.906250e-02 3.593750e-02 1.150272e+00 -1.286137e-01 -3.016454e-01
4.062500e-02 3.593750e-02 1.200338e+00 -1.230922e-01 -3.261355e-01
4.218750e-02 3.593750e-02 1.244809e+00 -1.104155e-01 -3.383622e-01
4.375000e-02 3.593750e-02 1.278689e+00 -9.008174e-02 -3.320659e-01
4.531250e-02 3.593750e-02 1.294759e+00 -6.368267e-02 -3.001281e-01
4.687500e-02 3.593750e-02 1.285675e+00 -3.587618e-02 -2.359854e-01
4.843750e-02 3.593750e-02 1.253174e+00 -1.336483e-02 -1.358127e-01
5.000000e-02 3.593750e-02 1.220674e+00 0.000000e+00 0.000000e+00
0.000000e+00 3.750000e-02 3.205171e-01 0.000000e+00 0.000000e+00
1.562500e-03 3.750000e-02 2.931981e-01 -1.376783e-02 1.360412e-01
3.125000e-03 3.750000e-02 2.658791e-01 -3.470923e-02 2.324914e-01
4.687500e-03 3.750000e-02 2.623822e-01 -5.901505e-02 2.914363e-01
6.250000e-03 3.750000e-02 2.824132e-01 -8.028400e-02 3.191360e-01
7.812500e-03 3.750000e-02 3.167052e-01 -9.455403e-02 3.235882e-01
9.375000e-03 3.750000e-02 3.574440e-01 -1.010021e-01 3.122377e-01
1.093750e-02 3.750000e-02 4.001281e-01 -1.006645e-01 2.909318e-01
1.250000e-02 3.750000e-02 4.424743e-01 -9.524841e-02 2.638287e-01
1.406250e-02 3.750000e-02 4.833985e-01 -8.650870e-02 2.336973e-01
1.562500e-02 3.750000e-02 5.225140e-01 -7.600617e-02 2.022758e-01
1.718750e-02 3.750000e-02 5.598851e-01 -6.503783e-02 1.705758e-01
1.875000e-02 3.750000e-02 5.958655e-01 -5.463657e-02 1.391112e-01
2.031250e-02 3.750000e-02 6.309774e-01 -4.559886e-02 1.080627e-01
2.187500e-02 3.750000e-02 6.658298e-01 -3.852180e-02 7.739099e-02
2.343750e-02 3.750000e-02 7.010695e-01 -3.383808e-02 4.691343e-02
2.500000e-02 3.750000e-02 7.373532e-01 -3.184284e-02 1.635511e-02
2.656250e-02 3.750000e-02 7.753307e-01 -3.270875e-02 -1.461459e-02
2.812500e-02 3.750000e-02 8.156317e-01 -3.648774e-02 -4.635166e-02
2.968750e-02 3.750000e-02 8.588491e-01 -4.309777e-02 -7.920489e-02
3.125000e-02 3.750000e-02 9.055112e-01 -5.229306e-02 -1.134718e-01
3.281250e-02 3.750000e-02 9.560358e-01 -6.361660e-02 -1.493311e-01
3.437500e-02 3.750000e-02 1.010652e+00 -7.633614e-02 -1.867370e-01
3.593750e-02 3.750000e-02 1.069279e+00 -8.936955e-02 -2.252559e-01
3.750000e-02 3.750000e-02 1.131359e+00 -1.012135e-01 -2.638235e-01
3.906250e-02 3.750000e-02 1.195663e+00 -1.099033e-01 -3.004058e-01
4.062500e-02 3.750000e-02 1.260028e+00 -1.130664e-01 -3.315585e-01
4.218750e-02 3.750000e-02 1.320825e+00 -1.082219e-01 -3.519364e-01
4.375000e-02 3.750000e-02 1.371799e+00 -9.361895e-02 -3.539441e-01
4.531250e-02 3.750000e-02 1.402830e+00 -6.984688e-02 -3.280008e-01
4.687500e-02 3.750000e-02 1.402466e+00 -4.156511e-02 -2.641518e-01
4.843750e-02 3.750000e-02 1.371133e+00 -1.668489e-02 -1.552784e-01
5.000000e-02 3.750000e-02 1.339800e+00 0.000000e+00 0.000000e+00
0.000000e+00 3.906250e-02 1.849878e-01 0.000000e+00 0.000000e+00
1.562500e-03 3.906250e-02 1.612187e-01 -1.810563e-02 1.553177e-01
3.125000e-03 3.906250e-02 1.374496e-01 -4.157950e-02 2.584192e-01
4.687500e-03 3.906250e-02 1.462169e-01 -6.586241e-02 3.147202e-01
6.250000e-03 3.906250e-02 1.846770e-01 -8.350866e-02 3.348276e-01
7.812500e-03 3.906250e-02 2.383303e-01 -9.084545e-02 3.303854e-01
9.375000e-03 3.906250e-02 2.962677e-01 -8.829579e-02 3.110554e-01
1.093750e-02 3.906250e-02 3.530709e-01 -7.822979e-02 2.836447e-01
1.250000e-02 3.906250e-02 4.065724e-01 -6.332971e-02 2.524938e-01
1.406250e-02 3.906250e-02 4.561116e-01 -4.592077e-02 2.201800e-01
1.562500e-02 3.906250e-02 5.017695e-01 -2.783470e-02 1.881200e-01
1.718750e-02 3.906250e-02 5.440517e-01 -1.045382e-02 1.569935e-01
1.875000e-02 3.906250e-02 5.837042e-01 5.205991e-03 1.270223e-01
2.031250e-02 3.906250e-02 6.215852e-01 1.841244e-02 9.814929e-02
2.187500e-02 3.906250e-02 6.585876e-01 2.864446e-02 7.014831e-02
2.343750e-02 3.906250e-02 6.956005e-01 3.553477e-02 4.269040e-02
2.500000e-02 3.906250e-02 7.334970e-01 3.882897e-02 1.538150e-02
2.656250e-02 3.906250e-02 7.731342e-01 3.836150e-02 -1.221600e-02
2.812500e-02 3.906250e-02 8.153564e-01 3.404813e-02 -4.056880e-02
2.968750e-02 3.906250e-02 8.609966e-01 2.589596e-02 -7.015790e-02
3.125000e-02 3.906250e-02 9.108669e-01 1.403339e-02 -1.014546e-01
3.281250e-02 3.906250e-02 9.657302e-01 -1.235858e-03 -1.348753e-01
3.437500e-02 3.906250e-02 1.026235e+00 -1.935082e-02 -1.706989e-01
3.593750e-02 3.906250e-02 1.092797e+00 -3.938093e-02 -2.089183e-01
3.750000e-02 3.906250e-02 1.165416e+00 -5.988501e-02 -2.489924e-01
3.906250e-02 3.906250e-02 1.243442e+00 -7.875205e-02 -2.894473e-01
4.062500e-02 3.906250e-02 1.325231e+00 -9.307620e-02 -3.272723e-01
4.218750e-02 3.906250e-02 1.407302e+00 -9.926474e-02 -3.570835e-01
4.375000e-02 3.906250e-02 1.482316e+00 -9.386421e-02 -3.701979e-01
4.531250e-02 3.906250e-02 1.536442e+00 -7.568226e-02 -3.542238e-01
4.687500e-02 3.906250e-02 1.551929e+00 -4.862427e-02 -2.944490e-01
4.843750e-02 3.906250e-02 1.526131e+00 -2.151189e-02 -1.781608e-01
5.000000e-02 3.906250e-02 1.500332e+00 0.000000e+00 0.000000e+00
0.000000e+00 4.062500e-02 -2.303772e-03 0.000000e+00 0.000000e+00
1.562500e-03 4.062500e-02 -1.471234e-02 -2.464951e-02 1.790113e-01
3.125000e-03 4.062500e-02 -2.712092e-02 -5.030417e-02 2.865119e-01
4.687500e-03 4.062500e-02 4.745477e-03 -7.218319e-02 3.353131e-01
6.250000e-03 4.062500e-02 7.275616e-02 -8.243672e-02 3.433734e-01
7.812500e-03 4.062500e-02 1.545169e-01 -7.870093e-02 3.272554e-01
9.375000e-03 4.062500e-02 2.354134e-01 -6.353047e-02 2.988821e-01
1.093750e-02 4.062500e-02 3.096848e-01 -4.105745e-02 2.655573e-01
1.250000e-02 4.062500e-02 3.760573e-01 -1.497237e-02 2.312882e-01
1.406250e-02 4.062500e-02 4.348974e-01 1.199885e-02 1.980667e-01
1.562500e-02 4.062500e-02 4.871569e-01 3.797879e-02 1.667364e-01
1.718750e-02 4.062500e-02 5.340412e-01 6.170871e-02 1.375062e-01
1.875000e-02 4.062500e-02 5.768510e-01 8.235899e-02 1.102435e-01
2.031250e-02 4.062500e-02 6.168782e-01 9.938964e-02 8.463801e-02
2.187500e-02 4.062500e-02 6.553526e-01 1.124487e-01 6.028983e-02
2.343750e-02 4.062500e-02 6.934317e-01 1.212997e-01 3.675311e-02
2.500000e-02 4.062500e-02 7.322144e-01 1.257730e-01 1.355369e-02
2.656250e-02 4.062500e-02 7.727663e-01 1.257371e-01 -9.807322e-03
2.812500e-02 4.062500e-02 8.161467e-01 1.210862e-01 -3.385664e-02
2.968750e-02 4.062500e-02 8.634344e-01 1.117452e-01 -5.915309e-02
3.125000e-02 4.062500e-02 9.157466e-01 9.769403e-02 -8.628676e-02
3.281250e-02 4.062500e-02 9.742423e-01 7.901743e-02 -1.158640e-01
3.437500e-02 4.062500e-02 1.040091e+00 5.598984e-02 -1.484621e-01
3.593750e-02 4.062500e-02 1.114383e+00 2.920726e-02 -1.845263e-01
3.750000e-02 4.062500e-02 1.197974e+00 -2.161847e-04 -2.241614e-01
3.906250e-02 4.062500e-02 1.291268e+00 -3.036142e-02 -2.667399e-01
4.062500e-02 4.062500e-02 1.393847e+00 -5.812948e-02 -3.101993e-01
4.218750e-02 4.062500e-02 1.503317e+00 -7.897194e-02 -3.498628e-01
4.375000e-02 4.062500e-02 1.612024e+00 -8.741738e-02 -3.767290e-01
4.531250e-02 4.062500e-02 1.701920e+00 -7.951638e-02 -3.757666e-01
4.687500e-02 4.062500e-02 1.746099e+00 -5.704816e-02 -3.260566e-01
4.843750e-02 4.062500e-02 1.735687e+00 -2.863130e-02 -2.055449e-01
5.000000e-02 4.062500e-02 1.725274e+00 0.000000e+00 0.000000e+00
0.000000e+00 4.218750e-02 -2.798060e-01 0.000000e+00 0.000000e+00
1.562500e-03 4.218750e-02 -2.617333e-01 -3.432584e-02 2.085138e-01
3.125000e-03 4.218750e-02 -2.436605e-01 -6.022529e-02 3.150629e-01
4.687500e-03 4.218750e-02 -1.680073e-01 -7.462011e-02 3.486877e-01
6.250000e-03 4.218750e-02 -5.276010e-02 -7.120844e-02 3.393441e-01
7.812500e-03 4.218750e-02 6.909049e-02 -5.075860e-02 3.094117e-01
9.375000e-03 4.218750e-02 1.796889e-01 -1.895828e-02 2.722448e-01
1.093750e-02 4.218750e-02 2.745887e-01 1.816673e-02 2.345480e-01
1.250000e-02 4.218750e-02 3.548830e-01 5.626101e-02 1.991901e-01
1.406250e-02 4.218750e-02 4.229314e-01 9.265706e-02 1.671146e-01
1.562500e-02 4.218750e-02 4.811229e-01 1.258319e-01 1.383712e-01
1.718750e-02 4.218750e-02 5.316808e-01 1.549472e-01 1.126204e-01
1.875000e-02 4.218750e-02 5.766309e-01 1.795632e-01 8.937347e-02
2.031250e-02 4.218750e-02 6.177809e-01 1.994660e-01 6.810181e-02
2.187500e-02 4.218750e-02 6.567289e-01 2.145588e-01 4.828212e-02
2.343750e-02 4.218750e-02 6.949027e-01 2.247913e-01 2.940742e-02
2.500000e-02 4.218750e-02 7.336138e-01 2.301147e-01 1.098139e-02
2.656250e-02 4.218750e-02 7.741151e-01 2.304556e-01 -7.495738e-03
2.812500e-02 4.218750e-02 8.176577e-01 2.257025e-01 -2.654557e-02
2.968750e-02 4.218750e-02 8.655472e-01 2.157043e-01 -4.673197e-02
3.125000e-02 4.218750e-02 9.191985e-01 2.002832e-01 -6.868113e-02
3.281250e-02 4.218750e-02 9.801863e-01 1.792678e-01 -9.309702e-02
3.437500e-02 4.218750e-02 1.050275e+00 1.525589e-01 -1.207622e-01
3.593750e-02 4.218750e-02 1.131407e+00 1.202466e-01 -1.525026e-01
3.750000e-02 4.218750e-02 1.225642e+00 8.281655e-02 -1.890724e-01
3.906250e-02 4.218750e-02 1.335075e+00 4.151932e-02 -2.308672e-01
4.062500e-02 4.218750e-02 1.461605e+00 -9.970499e-04 -2.772817e-01
4.218750e-02 4.218750e-02 1.605596e+00 -3.987144e-02 -3.253688e-01
4.375000e-02 4.218750e-02 1.761069e+00 -6.781139e-02 -3.673474e-01
4.531250e-02 4.218750e-02 1.906620e+00 -7.725364e-02 -3.869261e-01
4.687500e-02 4.218750e-02 2.003639e+00 -6.572697e-02 -3.562549e-01
4.843750e-02 4.218750e-02 2.032011e+00 -3.891526e-02 -2.384409e-01
5.000000e-02 4.218750e-02 2.060382e+00 0.000000e+00 0.000000e+00
0.000000e+00 4.375000e-02 -7.311073e-01 0.000000e+00 0.000000e+00
1.562500e-03 4.375000e-02 -6.330697e-01 -4.719224e-02 2.437831e-01
3.125000e-03 4.375000e-02 -5.350322e-01 -6.747236e-02 3.384129e-01
4.687500e-03 4.375000e-02 -3.741910e-01 -6.448800e-02 3.461280e-01
6.250000e-03 4.375000e-02 -1.844923e-01 -3.787451e-02 3.146208e-01
7.812500e-03 4.375000e-02 -8.273125e-03 5.825516e-03 2.711882e-01
9.375000e-03 4.375000e-02 1.379019e-01 5.733555e-02 2.281126e-01
1.093750e-02 4.375000e-02 2.548206e-01 1.095279e-01 1.896375e-01
1.250000e-02 4.375000e-02 3.483140e-01 1.584226e-01 1.565559e-01
1.406250e-02 4.375000e-02 4.239765e-01 2.022361e-01 1.284250e-01
1.562500e-02 4.375000e-02 4.862512e-01 2.403364e-01 1.044537e-01
1.718750e-02 4.375000e-02 5.386680e-01 2.726205e-01 8.382289e-02
1.875000e-02 4.375000e-02 5.840906e-01 2.992110e-01 6.578947e-02
2.031250e-02 4.375000e-02 6.248639e-01 3.203091e-01 4.970906e-02
2.187500e-02 4.375000e-02 6.629318e-01 3.361160e-01 3.502587e-02
2.343750e-02 4.375000e-02 6.999517e-01 3.467877e-01 2.125043e-02
2.500000e-02 4.375000e-02 7.373990e-01 3.524084e-01 7.933751e-03
2.656250e-02 4.375000e-02 7.766621e-01 3.529751e-01 -5.359235e-03
2.812500e-02 4.375000e-02 8.191299e-01 3.483872e-01 -1.907683e-02
2.968750e-02 4.375000e-02 8.662785e-01 3.384401e-01 -3.370961e-02
3.125000e-02 4.375000e-02 9.197669e-01 3.228228e-01 -4.982289e-02
3.281250e-02 4.375000e-02 9.815440e-01 3.011247e-01 -6.809359e-02
3.437500e-02 4.375000e-02 1.053967e+00 2.728605e-01 -8.935026e-02
3.593750e-02 4.375000e-02 1.139922e+00 2.375306e-01 -1.146085e-01
3.750000e-02 4.375000e-02 1.242967e+00 1.947607e-01 -1.450786e-01
3.906250e-02 4.375000e-02 1.367556e+00 1.446321e-01 -1.820811e-01
4.062500e-02 4.375000e-02 1.519263e+00 8.842549e-02 -2.266984e-01
4.218750e-02 4.375000e-02 1.703833e+00 2.996400e-02 -2.787090e-01
4.375000e-02 4.375000e-02 1.921452e+00 -2.297120e-02 -3.338279e-01
4.531250e-02 4.375000e-02 2.152999e+00 -5.930536e-02 -3.778616e-01
4.687500e-02 4.375000e-02 2.350558e+00 -6.978336e-02 -3.777942e-01
4.843750e-02 4.375000e-02 2.476302e+00 -5.196684e-02 -2.757917e-01
5.000000e-02 4.375000e-02 2.602045e+00 0.000000e+00 0.000000e+00
0.000000e+00 4.531250e-02 -1.525381e+00 0.000000e+00 0.000000e+00
1.562500e-03 4.531250e-02 -1.222916e+00 -5.668834e-02 2.781791e-01
3.125000e-03 4.531250e-02 -9.204522e-01 -5.719131e-02 3.433455e-01
4.687500e-03 4.531250e-02 -5.930536e-01 -2.058930e-02 3.147833e-01
6.250000e-03 4.531250e-02 -2.928034e-01 4.062935e-02 2.609037e-01
7.812500e-03 4.531250e-02 -5.283017e-02 1.119551e-01 2.092339e-01
9.375000e-03 4.531250e-02 1.274421e-01 1.821526e-01 1.667248e-01
