/*--------------------------------*- C++ -*----------------------------------*\
  =========                 |
  \\      /  F ield         | OpenFOAM: The Open Source CFD Toolbox
   \\    /   O peration     | Website:  https://openfoam.org
    \\  /    A nd           | Version:  11
     \\/     M anipulation  |
\*---------------------------------------------------------------------------*/
FoamFile
{
    format      ascii;
    class       surfaceScalarField;
    location    "400";
    object      phi;
}
// * * * * * * * * * * * * * * * * * * * * * * * * * * * * * * * * * * * * * //

dimensions      [0 3 -1 0 0 0 0];

internalField   nonuniform List<scalar> 
8064
(
2.315700134e-11
-2.32274878e-11
5.08822344e-11
-2.772769786e-11
6.12856299e-11
-1.040693532e-11
4.454248586e-11
1.673953239e-11
-2.411767176e-12
4.695090987e-11
-7.915410594e-11
7.673926922e-11
-1.834727115e-10
1.043157387e-10
-3.123262076e-10
1.28850761e-10
-4.623772464e-10
1.500483928e-10
-6.302831324e-10
1.679032998e-10
-8.128485046e-10
1.825628352e-10
-1.007097717e-09
1.942467126e-10
-1.210299275e-09
2.03199095e-10
-1.419961428e-09
2.096597193e-10
-1.633810624e-09
2.138467942e-10
-1.849760489e-09
2.159474867e-10
-2.065876444e-09
2.161136042e-10
-2.28033966e-09
2.144608866e-10
-2.491412912e-09
2.110709472e-10
-2.697410286e-09
2.059950863e-10
-2.896672048e-09
1.992594974e-10
-3.087545689e-09
1.908713917e-10
-3.268373675e-09
1.808257599e-10
-3.437488321e-09
1.691124334e-10
-3.593213776e-09
1.55723265e-10
-3.73387511e-09
1.406591589e-10
-3.857814087e-09
1.239368234e-10
-3.963411233e-09
1.055950084e-10
-4.049113473e-09
8.570012364e-11
-4.113466587e-09
6.4351015e-11
-4.155151468e-09
4.168280565e-11
-4.173023109e-09
1.786958248e-11
-4.166150888e-09
-6.874254202e-12
-4.133859109e-09
-3.229379377e-11
-4.075767148e-09
-5.809395055e-11
-3.991827092e-09
-8.39420259e-11
-3.882356521e-09
-1.094725153e-10
-3.748065185e-09
-1.342932601e-10
-3.590074028e-09
-1.579930564e-10
-3.409925263e-09
-1.801506449e-10
-3.209582302e-09
-2.003448164e-10
-2.991418732e-09
-2.181654062e-10
-2.75819576e-09
-2.332247872e-10
-2.513028045e-09
-2.451695123e-10
-2.259338188e-09
-2.536916334e-10
-2.000800648e-09
-2.585393011e-10
-1.741276204e-09
-2.59526186e-10
-1.484738523e-09
-2.56539406e-10
-1.235194562e-09
-2.495456655e-10
-9.966006985e-10
-2.385955476e-10
-7.7277631e-10
-2.238260482e-10
-5.673161258e-10
-2.054618184e-10
-3.835017704e-10
-1.8381596e-10
-2.242114317e-10
-1.592919148e-10
-9.182404863e-11
-1.323889307e-10
1.188966437e-11
-1.037152415e-10
8.590385391e-11
-7.401570751e-11
1.301267754e-10
-4.422443759e-11
1.45686343e-10
-1.556107905e-11
1.35380943e-10
1.030393546e-11
1.04391569e-10
3.098799229e-11
6.138611245e-11
4.300400918e-11
2.025597287e-11
4.112866567e-11
2.025550363e-11
2.800998837e-11
-5.123855981e-11
4.766428541e-11
-4.738686139e-11
2.039384106e-11
1.685757253e-11
-7.265615236e-11
1.097834823e-10
-2.388439525e-10
2.131329553e-10
-4.783734736e-10
3.162633825e-10
-7.872031541e-10
4.131402862e-10
-1.158934622e-09
5.005772943e-10
-1.586012317e-09
5.771212904e-10
-2.060470315e-09
6.423566037e-10
-2.574383484e-09
6.964713911e-10
-3.120124328e-09
7.399830144e-10
-3.6904915e-09
7.735617849e-10
-4.278753823e-09
7.979176197e-10
-4.878639689e-09
8.137282872e-10
-5.484292665e-09
8.215961397e-10
-6.090208294e-09
8.220249529e-10
-6.691162985e-09
8.154113415e-10
-7.282143098e-09
8.020468618e-10
-7.858280182e-09
7.821280109e-10
-8.414796764e-09
7.557719547e-10
-8.946965785e-09
7.23036325e-10
-9.450085771e-09
6.839416888e-10
-9.919472932e-09
6.384955747e-10
-1.035047072e-08
5.867170586e-10
-1.07384766e-08
5.286610887e-10
-1.107898546e-08
4.644417672e-10
-1.136764827e-08
3.942539318e-10
-1.160034437e-08
3.183923696e-10
-1.177326526e-08
2.372680952e-10
-1.188300735e-08
1.514211103e-10
-1.192667062e-08
6.152911907e-11
-1.190196014e-08
-3.158843632e-11
-1.180728723e-08
-1.26970363e-10
-1.164186782e-08
-2.235169819e-10
-1.140581307e-08
-3.200003583e-10
-1.110020754e-08
-4.150815841e-10
-1.072717121e-08
-5.07333078e-10
-1.028990178e-08
-5.952659472e-10
-9.792693934e-09
-6.773619085e-10
-9.240933084e-09
-7.521090453e-10
-8.64106141e-09
-8.180404212e-10
-8.000515086e-09
-8.737744173e-10
-7.327632406e-09
-9.180554635e-10
-6.631533504e-09
-9.497937753e-10
-5.921973354e-09
-9.681026587e-10
-5.209170645e-09
-9.723320717e-10
-4.503615891e-09
-9.620973047e-10
-3.81586263e-09
-9.373020374e-10
-3.156305725e-09
-8.981555242e-10
-2.534950384e-09
-8.4518442e-10
-1.961174451e-09
-7.792407341e-10
-1.443484574e-09
-7.015087699e-10
-9.892636037e-10
-6.13515765e-10
-6.045017528e-10
-5.171536166e-10
-2.934968846e-10
-4.147229123e-10
-5.84992638e-11
-3.090161182e-10
1.007383629e-10
-2.034648508e-10
1.87560974e-10
-1.023864437e-10
2.092361693e-10
-1.137394243e-11
1.780906831e-10
6.213084978e-11
1.130097748e-10
1.080824029e-10
4.107298152e-11
1.130630922e-10
6.132783166e-11
1.099610819e-11
-6.223608078e-11
-1.630767062e-11
-2.008669185e-11
-1.203687062e-10
1.209137404e-10
-3.216860531e-10
3.110955403e-10
-6.288276852e-10
5.202693204e-10
-1.042128676e-09
7.295592606e-10
-1.556504963e-09
9.275116257e-10
-2.163528017e-09
1.107595536e-09
-2.852889137e-09
1.266477706e-09
-3.613399e-09
1.402861847e-09
-4.433645652e-09
1.516713497e-09
-5.302405368e-09
1.608738247e-09
-6.20887712e-09
1.680029114e-09
-7.142793211e-09
1.73182934e-09
-8.094445072e-09
1.765375829e-09
-9.054653418e-09
1.781800213e-09
-1.001470473e-08
1.782072036e-09
-1.096627079e-08
1.766973211e-09
-1.190132396e-08
1.737095887e-09
-1.281205789e-08
1.692857829e-09
-1.369082073e-08
1.634530722e-09
-1.453006617e-08
1.562277727e-09
-1.532232575e-08
1.476197267e-09
-1.606020466e-08
1.376370517e-09
-1.673640197e-08
1.262910436e-09
-1.734375522e-08
1.13601044e-09
-1.78753084e-08
9.959910845e-10
-1.832440151e-08
8.433432097e-10
-1.868477915e-08
6.787662189e-10
-1.895071501e-08
5.032001955e-10
-1.911714836e-08
3.178507402e-10
-1.917982832e-08
1.242054036e-10
-1.913546102e-08
-7.595937635e-11
-1.898185528e-08
-2.805796947e-10
-1.871806252e-08
-4.873133022e-10
-1.834450421e-08
-6.935621827e-10
-1.786308054e-08
-8.965087252e-10
-1.727725485e-08
-1.093162204e-09
-1.659210886e-08
-1.280415321e-09
-1.581436433e-08
-1.455109793e-09
-1.495236722e-08
-1.614109464e-09
-1.401603186e-08
-1.754379057e-09
-1.301674325e-08
-1.873066268e-09
-1.196721724e-08
-1.967584687e-09
-1.088131937e-08
-2.035694817e-09
-9.773844703e-09
-2.075580476e-09
-8.660261839e-09
-2.085918051e-09
-7.556425741e-09
-2.065936487e-09
-6.478264241e-09
-2.01546659e-09
-5.441443552e-09
-1.93497923e-09
-4.461017565e-09
-1.825613383e-09
-3.55106444e-09
-1.689196789e-09
-2.724311733e-09
-1.528264359e-09
-1.991747761e-09
-1.346082569e-09
-1.362211983e-09
-1.146692185e-09
-8.419505954e-10
-9.349870606e-10
-4.341156917e-10
-7.1685377e-10
-1.381778331e-10
-4.994054562e-10
5.078546847e-11
-2.913524737e-10
1.429664408e-10
-1.035575407e-10
1.54900557e-10
5.019428301e-11
1.107289164e-10
1.522513198e-10
4.370805818e-11
1.800815185e-10
1.050353467e-10
-1.648320593e-11
-4.575385406e-11
-1.114763634e-10
7.490281012e-11
-3.159170683e-10
3.253500342e-10
-6.470165117e-10
6.4219021e-10
-1.111619924e-09
9.848678666e-10
-1.708798627e-09
1.326733143e-09
-2.43209223e-09
1.650800488e-09
-3.271353697e-09
1.946852347e-09
-4.214177086e-09
2.209296514e-09
-5.246951015e-09
2.435631263e-09
-6.355601776e-09
2.625359805e-09
-7.526089975e-09
2.779222052e-09
-8.744717798e-09
2.898652594e-09
-9.998295043e-09
2.985402293e-09
-1.127420335e-08
3.041279893e-09
-1.256039034e-08
3.067983008e-09
-1.384531903e-08
3.066996569e-09
-1.511789258e-08
3.039542643e-09
-1.636737027e-08
2.9865695e-09
-1.758328699e-08
2.908770503e-09
-1.875538556e-08
2.806625291e-09
-1.987356893e-08
2.680457133e-09
-2.09278769e-08
2.530501298e-09
-2.190849041e-08
2.356980131e-09
-2.280576492e-08
2.160181087e-09
-2.361029278e-08
1.940534472e-09
-2.43129935e-08
1.698688016e-09
-2.490522976e-08
1.435575714e-09
-2.537894586e-08
1.1524786e-09
-2.572682471e-08
8.510753695e-10
-2.594245857e-08
5.334809642e-10
-2.602052813e-08
2.022713557e-10
-2.595698386e-08
-1.395071985e-10
-2.574922439e-08
-4.883426811e-10
-2.539626615e-08
-8.402750178e-10
-2.489889681e-08
-1.190934956e-09
-2.425980448e-08
-1.53560444e-09
-2.348367649e-08
-1.869293543e-09
-2.257726166e-08
-2.186833457e-09
-2.154939086e-08
-2.482983855e-09
-2.041095135e-08
-2.752552202e-09
-1.917481159e-08
-2.990522008e-09
-1.785569455e-08
-3.192186463e-09
-1.646999886e-08
-3.353283499e-09
-1.503556871e-08
-3.470128061e-09
-1.357141486e-08
-3.539737385e-09
-1.20973906e-08
-3.559945348e-09
-1.063382748e-08
-3.529502609e-09
-9.201136757e-09
-3.448160286e-09
-7.819382527e-09
-3.316736397e-09
-6.507832509e-09
-3.137166299e-09
-5.28449122e-09
-2.912540932e-09
-4.165618448e-09
-2.647139939e-09
-3.16523303e-09
-2.34647075e-09
-2.294598214e-09
-2.017329723e-09
-1.561680547e-09
-1.667907423e-09
-9.705699209e-10
-1.307967082e-09
-5.208453774e-10
-9.491326836e-10
-2.06870676e-10
-6.053298178e-10
-1.700536589e-11
-2.934254221e-10
6.727906491e-11
-3.409272761e-11
7.239266816e-11
1.471353369e-10
3.395213024e-11
2.185197935e-10
1.389868222e-10
-4.827785446e-11
2.522181422e-12
-2.216142869e-10
2.482358909e-10
-5.401014221e-10
6.43833126e-10
-1.014625401e-09
1.116709798e-09
-1.648086449e-09
1.618324394e-09
-2.436879775e-09
2.115521923e-09
-3.372454079e-09
2.58637027e-09
-4.442754683e-09
3.01714847e-09
-5.633444128e-09
3.399981523e-09
-6.928869501e-09
3.731052249e-09
-8.312787188e-09
4.009273152e-09
-9.768874728e-09
4.235305299e-09
-1.128106638e-08
4.410840002e-09
-1.28337493e-08
4.538081011e-09
-1.441185428e-08
4.619380714e-09
-1.600087089e-08
4.656995506e-09
-1.758681239e-08
4.652933992e-09
-1.915615148e-08
4.608877693e-09
-2.069574423e-08
4.526158261e-09
-2.219275602e-08
4.405778326e-09
-2.363460005e-08
4.248465398e-09
-2.50088968e-08
4.054749992e-09
-2.630345983e-08
3.825060479e-09
-2.750631175e-08
3.559828233e-09
-2.860573197e-08
3.259597522e-09
-2.959033649e-08
2.925135244e-09
-3.044918841e-08
2.557536228e-09
-3.117193663e-08
2.158320263e-09
-3.174897908e-08
1.72951742e-09
-3.217164592e-08
1.273738613e-09
-3.24323972e-08
7.94228691e-10
-3.252502889e-08
2.948995277e-10
-3.244488028e-08
-2.19659273e-10
-3.218903664e-08
-7.44189754e-10
-3.175652084e-08
-1.272794198e-09
-3.114846579e-08
-1.798993353e-09
-3.03682584e-08
-2.315815125e-09
-2.942164847e-08
-2.815906723e-09
-2.831681562e-08
-3.291669517e-09
-2.706438843e-08
-3.735414221e-09
-2.567741074e-08
-4.139533025e-09
-2.417125138e-08
-4.496684461e-09
-2.25634548e-08
-4.7999861e-09
-2.087353174e-08
-5.04320959e-09
-1.912269057e-08
-5.220972227e-09
-1.733351173e-08
-5.328919195e-09
-1.552956899e-08
-5.363891026e-09
-1.37350029e-08
-5.324071605e-09
-1.197405267e-08
-5.209113396e-09
-1.027055342e-08
-5.020238493e-09
-8.64740592e-09
-4.760316602e-09
-7.126025311e-09
-4.433924305e-09
-5.72577415e-09
-4.04739382e-09
-4.463383433e-09
-3.608864142e-09
-3.352363002e-09
-3.128352792e-09
-2.402400685e-09
-2.617872354e-09
-1.618748149e-09
-2.091622222e-09
-1.001591661e-09
-1.566291773e-09
-5.4540797e-10
-1.061516096e-09
-2.383074663e-10
-6.00528403e-10
-6.136554024e-11
-2.11036896e-10
1.207508473e-11
7.369205954e-11
1.728774487e-11
2.133047748e-10
1.562740777e-10
-8.137135599e-11
8.389201023e-11
-3.376594156e-10
5.045201122e-10
-7.771713065e-10
1.083340991e-09
-1.402846094e-09
1.742380391e-09
-2.212128845e-09
2.42760285e-09
-3.197573272e-09
3.100962017e-09
-4.347771599e-09
3.736564261e-09
-5.648362705e-09
4.317735256e-09
-7.082972966e-09
4.83458749e-09
-8.634016859e-09
5.282091882e-09
-1.028333111e-08
5.658583178e-09
-1.201264402e-08
5.964614026e-09
-1.380389684e-08
6.202088676e-09
-1.563944095e-08
6.373621023e-09
-1.750213683e-08
6.482072535e-09
-1.937537993e-08
6.530234583e-09
-2.124307655e-08
6.520626626e-09
-2.308958997e-08
6.455387159e-09
-2.489967398e-08
6.336238361e-09
-2.665840808e-08
6.164508552e-09
-2.835114551e-08
5.941198991e-09
-2.996348284e-08
5.667083516e-09
-3.148125718e-08
5.34283106e-09
-3.28905751e-08
4.969142419e-09
-3.417787498e-08
4.546893702e-09
-3.533002323e-08
4.077279838e-09
-3.633444286e-08
3.561952247e-09
-3.717927168e-08
3.003145497e-09
-3.785354609e-08
2.403788288e-09
-3.834740565e-08
1.767594665e-09
-3.865231228e-08
1.099131861e-09
-3.876127764e-08
4.038614605e-10
-3.866909103e-08
-3.1184926e-10
-3.837254107e-08
-1.040743048e-09
-3.787062462e-08
-1.774713936e-09
-3.716473448e-08
-2.504886733e-09
-3.625881583e-08
-3.221736974e-09
-3.515948409e-08
-3.915241619e-09
-3.387609707e-08
-4.575059645e-09
-3.24207749e-08
-5.190739467e-09
-3.080836213e-08
-5.75194883e-09
-2.905632779e-08
-6.24872179e-09
-2.718460034e-08
-6.671716508e-09
-2.521533609e-08
-7.012476767e-09
-2.317262147e-08
-7.263689742e-09
-2.108211113e-08
-7.419432398e-09
-1.897060566e-08
-7.475399334e-09
-1.686557429e-08
-7.42910578e-09
-1.479462941e-08
-7.280061053e-09
-1.278496064e-08
-7.029910005e-09
-1.086273701e-08
-6.682542934e-09
-9.052485846e-09
-6.244178137e-09
-7.376456691e-09
-5.723425595e-09
-5.853978101e-09
-5.131345309e-09
-4.500814257e-09
-4.481519179e-09
-3.328528113e-09
-3.790161017e-09
-2.343858254e-09
-3.076294594e-09
-1.548118424e-09
-2.362034115e-09
-9.36631744e-10
-1.67300524e-09
-4.982142653e-10
-1.038948276e-09
-2.147224974e-10
-4.945311332e-10
-6.067298926e-11
-8.035960811e-11
-2.897577252e-12
1.555272829e-10
1.533758636e-10
-1.142803632e-10
1.981701118e-10
-4.546339088e-10
8.448700868e-10
-1.01779119e-09
1.646494372e-09
-1.798078437e-09
2.52266359e-09
-2.786588736e-09
3.416109031e-09
-3.971190821e-09
4.285559946e-09
-5.336959142e-09
5.102328416e-09
-6.866788288e-09
5.847560238e-09
-8.542044348e-09
6.509839404e-09
-1.034316446e-08
7.083207871e-09
-1.225015833e-08
7.565572947e-09
-1.424299472e-08
7.957446359e-09
-1.630187447e-08
8.260964396e-09
-1.840740194e-08
8.479144496e-09
-2.054067266e-08
8.615339291e-09
-2.268329658e-08
8.672854591e-09
-2.481737656e-08
8.654702713e-09
-2.692545989e-08
8.56346664e-09
-2.899047924e-08
8.401253898e-09
-3.099569631e-08
8.169721844e-09
-3.292465944e-08
7.870158381e-09
-3.476118371e-08
7.503604084e-09
-3.648935974e-08
7.071003416e-09
-3.809359514e-08
6.573374186e-09
-3.955869069e-08
6.011985657e-09
-4.086995127e-08
5.38853685e-09
-4.20133301e-08
4.705327553e-09
-4.297560349e-08
3.965415402e-09
-4.374457179e-08
3.172753143e-09
-4.430928142e-08
2.332300893e-09
-4.466026182e-08
1.450108895e-09
-4.478977034e-08
5.333666565e-10
-4.469203739e-08
-4.095854871e-10
-4.436350419e-08
-1.369279488e-09
-4.38030468e-08
-2.335174515e-09
-4.301217826e-08
-3.295758411e-09
-4.199521771e-08
-4.23870062e-09
-4.075941889e-08
-5.151043497e-09
-3.93150504e-08
-6.019431139e-09
-3.767542072e-08
-6.830372113e-09
-3.585684166e-08
-7.57053082e-09
-3.387852533e-08
-8.227041e-09
-3.176241098e-08
-8.78783371e-09
-2.953291943e-08
-9.241971142e-09
-2.721663494e-08
-9.57997701e-09
-2.484191608e-08
-9.794154017e-09
-2.243843889e-08
-9.878879249e-09
-2.003667807e-08
-9.830869294e-09
-1.766733319e-08
-9.649408608e-09
-1.536070875e-08
-9.336537073e-09
-1.31460583e-08
-8.897195984e-09
-1.105090332e-08
-8.339335671e-09
-9.100338735e-09
-7.673992687e-09
-7.316336908e-09
-6.915349606e-09
-5.717062571e-09
-6.080795953e-09
-4.316212003e-09
-5.191014e-09
-3.122391148e-09
-4.270117854e-09
-2.138550058e-09
-3.34587761e-09
-1.361494609e-09
-2.450063084e-09
-7.815005097e-10
-1.618944659e-09
-3.820592004e-10
-8.93974434e-10
-1.397938801e-10
-3.226274426e-10
-2.459227946e-11
4.032345731e-11
1.28783161e-10
-1.463262541e-10
3.444945985e-10
-5.699160667e-10
1.268455849e-09
-1.256602873e-09
2.333177219e-09
-2.192011437e-09
3.45806819e-09
-3.360448119e-09
4.584541726e-09
-4.744560136e-09
5.66966796e-09
-6.325407406e-09
6.683171673e-09
-8.082755543e-09
7.604904362e-09
-9.995463073e-09
8.422542931e-09
-1.204187669e-08
9.129617497e-09
-1.420018211e-08
9.723874412e-09
-1.644868412e-08
1.020594443e-08
-1.876600709e-08
1.057828346e-08
-2.113121951e-08
1.084435304e-08
-2.352389271e-08
1.100800865e-08
-2.592410798e-08
1.107306605e-08
-2.831242752e-08
1.104301849e-08
-3.066984453e-08
1.092087991e-08
-3.297772653e-08
1.070913219e-08
-3.521776436e-08
1.040975601e-08
-3.737193709e-08
1.002432747e-08
-3.942250087e-08
9.554164272e-09
-4.135200777e-08
9.000506744e-09
-4.314335812e-08
8.36472101e-09
-4.47798885e-08
7.648512554e-09
-4.624549514e-08
6.854140038e-09
-4.752479127e-08
5.984620262e-09
-4.860329545e-08
5.043916207e-09
-4.94676467e-08
4.037101057e-09
-5.010584105e-08
2.970491941e-09
-5.050748339e-08
1.85174798e-09
-5.066404769e-08
6.899277419e-10
-5.056913766e-08
-5.044986888e-10
-5.021873959e-08
-1.719680684e-09
-4.961146139e-08
-2.942455792e-09
-4.874875037e-08
-4.158472464e-09
-4.763507747e-08
-5.3523765e-09
-4.627808017e-08
-6.508043739e-09
-4.468865577e-08
-7.608858433e-09
-4.288099749e-08
-8.638033243e-09
-4.087256628e-08
-9.578964839e-09
-3.868399246e-08
-1.041561759e-08
-3.633890257e-08
-1.113292634e-08
-3.386366825e-08
-1.171720816e-08
-3.128707619e-08
-1.215657174e-08
-2.863991965e-08
-1.244131319e-08
-2.595451497e-08
-1.256428654e-08
-2.326414815e-08
-1.252123869e-08
-2.060245932e-08
-1.231109997e-08
-1.800277485e-08
-1.193622406e-08
-1.549739872e-08
-1.140257459e-08
-1.311687689e-08
-1.071985993e-08
-1.088924927e-08
-9.90162269e-09
-8.839305692e-09
-8.96529554e-09
-6.987863131e-09
-7.932240832e-09
-5.35108333e-09
-6.827796098e-09
-3.93985159e-09
-5.681351887e-09
-2.759240628e-09
-4.526490865e-09
-1.808087162e-09
-3.401218791e-09
-1.078714331e-09
-2.348319667e-09
-5.568410333e-10
-1.415850048e-09
-2.217334612e-10
-6.577369109e-10
-4.66907654e-11
-1.347210887e-10
8.209179006e-11
-1.772398419e-10
5.217320407e-10
-6.822020218e-10
1.773414466e-09
-1.490637969e-09
3.141609379e-09
-2.579694893e-09
4.547121276e-09
-3.92677381e-09
5.93161679e-09
-5.509016599e-09
7.251906887e-09
-7.303142675e-09
8.477293884e-09
-9.285497558e-09
9.587255381e-09
-1.143221648e-08
1.056925799e-08
-1.37194302e-08
1.141682737e-08
-1.612346385e-08
1.212790424e-08
-1.862099998e-08
1.270347676e-08
-2.118919237e-08
1.314647208e-08
-2.380572842e-08
1.346088534e-08
-2.644884496e-08
1.365112147e-08
-2.909730713e-08
1.372152455e-08
-3.173036201e-08
1.367606971e-08
-3.432767924e-08
1.351819353e-08
-3.686929081e-08
1.325074019e-08
-3.933554054e-08
1.287600219e-08
-4.170705244e-08
1.239583586e-08
-4.396472517e-08
1.181183352e-08
-4.608975789e-08
1.112553602e-08
-4.806371088e-08
1.03386706e-08
-4.986860241e-08
9.453400716e-09
-5.148704178e-08
8.472576077e-09
-5.290239689e-08
7.399972074e-09
-5.409899331e-08
6.240509373e-09
-5.506234079e-08
5.000445322e-09
-5.577938193e-08
3.687529904e-09
-5.623875703e-08
2.311119945e-09
-5.643107834e-08
8.822459497e-10
-5.634920588e-08
-5.863742007e-10
-5.598851585e-08
-2.080373716e-09
-5.534715602e-08
-3.58381857e-09
-5.442628207e-08
-5.079349327e-09
-5.323026105e-08
-6.548400377e-09
-5.176683406e-08
-7.971473548e-09
-5.00472291e-08
-9.328466161e-09
-4.80862158e-08
-1.059904927e-08
-4.59020938e-08
-1.176308951e-08
-4.35166079e-08
-1.280110614e-08
-4.095478377e-08
-1.369475308e-08
-3.824468026e-08
-1.442731424e-08
-3.541705555e-08
-1.498419899e-08
-3.250494721e-08
-1.535342404e-08
-2.95431685e-08
-1.552606773e-08
-2.656772602e-08
-1.549668361e-08
-2.36151668e-08
-1.526366161e-08
-2.072186544e-08
-1.48295278e-08
-1.792326503e-08
-1.420117734e-08
-1.525308767e-08
-1.339003959e-08
-1.274253292e-08
-1.24121797e-08
-1.041948428e-08
-1.12883464e-08
-8.307745875e-09
-1.004398142e-08
-6.426333187e-09
-8.709210953e-09
-4.788843875e-09
-7.318843361e-09
-3.402937423e-09
-5.912399474e-09
-2.26995606e-09
-4.534202311e-09
-1.384724729e-09
-3.233553044e-09
-7.355766374e-10
-2.064999843e-09
-3.046672077e-10
-1.088648667e-09
-6.866976811e-11
-3.707205742e-10
1.342167372e-11
-2.069460322e-10
7.28676362e-10
-7.909006252e-10
2.357365072e-09
-1.718322138e-09
4.069027087e-09
-2.958253754e-09
5.787049146e-09
-4.481272899e-09
7.454632209e-09
-6.2589224e-09
9.029552671e-09
-8.263406169e-09
1.048177394e-08
-1.046746141e-08
1.179130691e-08
-1.284434194e-08
1.294613482e-08
-1.536785779e-08
1.394033954e-08
-1.801243067e-08
1.477247344e-08
-2.0753139e-08
1.544418144e-08
-2.356573847e-08
1.595906793e-08
-2.642665285e-08
1.632179613e-08
-2.931293686e-08
1.653740191e-08
-3.220221701e-08
1.661080116e-08
-3.507261903e-08
1.654646823e-08
-3.790269157e-08
1.634826259e-08
-4.067133577e-08
1.601938094e-08
-4.335774974e-08
1.556241276e-08
-4.594139568e-08
1.497947842e-08
-4.840199561e-08
1.427243012e-08
-5.071956057e-08
1.344309768e-08
-5.287445567e-08
1.249356243e-08
-5.484750252e-08
1.142644434e-08
-5.662011857e-08
1.024518893e-08
-5.81744916e-08
8.954341951e-09
-5.949378669e-08
7.559801338e-09
-6.056238139e-08
6.069036948e-09
-6.136612452e-08
4.491269992e-09
-6.189261254e-08
2.837604961e-09
-6.21314773e-08
1.121107751e-09
-6.207467762e-08
-6.43176801e-10
-6.171678466e-08
-2.438269541e-09
-6.105525623e-08
-4.245349822e-09
-6.009069562e-08
-6.043912709e-09
-5.882707982e-08
-7.812018906e-09
-5.72719485e-08
-9.526607544e-09
-5.543654438e-08
-1.116387292e-08
-5.333589525e-08
-1.269970098e-08
-5.098882852e-08
-1.411015879e-08
-4.84179095e-08
-1.537202766e-08
-4.564929606e-08
-1.646336898e-08
-4.271250357e-08
-1.736410916e-08
-3.964007611e-08
-1.805662884e-08
-3.646716261e-08
-1.852633991e-08
-3.323099911e-08
-1.876223356e-08
-2.997030204e-08
-1.875738298e-08
-2.672458058e-08
-1.850938534e-08
-2.353337979e-08
-1.802073083e-08
-2.043546991e-08
-1.72990894e-08
-1.746800031e-08
-1.635751135e-08
-1.466563953e-08
-1.521454259e-08
-1.205972582e-08
-1.389426218e-08
-9.677454398e-09
-1.242625489e-08
-7.541129898e-09
-1.084553748e-08
-5.667514376e-09
-9.192460904e-09
-4.067303281e-09
-7.512612592e-09
-2.744764675e-09
-5.856742885e-09
-1.697581373e-09
-4.28073826e-09
-9.169425978e-10
-2.845640734e-09
-3.879426409e-10
-1.617650219e-09
-9.037190511e-11
-6.682928908e-10
-7.695079242e-11
-2.354570842e-10
9.641310966e-10
-8.957874236e-10
3.017692079e-09
-1.938863485e-09
5.112099593e-09
-3.326050853e-09
7.17423293e-09
-5.021303183e-09
9.149880963e-09
-6.990604903e-09
1.099885082e-08
-9.201591558e-09
1.269275703e-08
-1.162329971e-08
1.421301151e-08
-1.422600926e-08
1.554884083e-08
-1.698114209e-08
1.669546884e-08
-1.986118774e-08
1.765251558e-08
-2.28396355e-08
1.84226257e-08
-2.589090054e-08
1.90103295e-08
-2.899023876e-08
1.94211309e-08
-3.211365008e-08
1.966080981e-08
-3.523777404e-08
1.973492173e-08
-3.833978384e-08
1.964847468e-08
-4.139728613e-08
1.940576156e-08
-4.438823417e-08
1.901032569e-08
-4.729086158e-08
1.846503692e-08
-5.008364295e-08
1.777225656e-08
-5.274528618e-08
1.693407017e-08
-5.525476043e-08
1.595256877e-08
-5.759136153e-08
1.483016041e-08
-5.973481594e-08
1.356989567e-08
-6.166542258e-08
1.217579253e-08
-6.336423091e-08
1.065314728e-08
-6.481325249e-08
9.008819955e-09
-6.599570244e-08
7.251483965e-09
-6.689626617e-08
5.391830826e-09
-6.750138625e-08
3.442722191e-09
-6.779956352e-08
1.419282208e-09
-6.778166534e-08
-6.610777465e-10
-6.74412303e-08
-2.778707298e-09
-6.677476449e-08
-4.911818303e-09
-6.578202762e-08
-7.036652205e-09
-6.446629213e-08
-9.127756967e-09
-6.283456627e-08
-1.115833594e-08
-6.089777063e-08
-1.310067103e-08
-5.86708575e-08
-1.492661655e-08
-5.617286194e-08
-1.660815674e-08
-5.342687431e-08
-1.811801764e-08
-5.045992457e-08
-1.943032103e-08
-4.730277031e-08
-2.052126569e-08
-4.398958249e-08
-2.13698189e-08
-4.055752557e-08
-2.195839904e-08
-3.704623206e-08
-2.227352925e-08
-3.349717547e-08
-2.230644171e-08
-2.99529496e-08
-2.205361332e-08
-2.645646686e-08
-2.151721564e-08
-2.305009241e-08
-2.070546589e-08
-1.97747354e-08
-1.963287035e-08
-1.666892213e-08
-1.832035781e-08
-1.376787935e-08
-1.679530687e-08
-1.110265844e-08
-1.509147769e-08
-8.699333092e-09
-1.324886469e-08
-6.578304854e-09
-1.1313491e-08
-4.753751708e-09
-9.337167599e-09
-3.2332566e-09
-7.377239858e-09
-2.017654754e-09
-5.496341868e-09
-1.101142379e-09
-3.762154486e-09
-4.716974168e-10
-2.247097267e-09
-1.118709116e-10
-1.028121217e-09
-1.888219691e-10
-2.628132791e-10
1.226942849e-09
-9.9680854e-10
3.751683585e-09
-2.151879655e-09
6.26716717e-09
-3.68214648e-09
8.704496293e-09
-5.545202875e-09
1.101293393e-08
-7.70160606e-09
1.31552506e-08
-1.011446369e-08
1.510561127e-08
-1.274910113e-08
1.684764557e-08
-1.557279516e-08
1.837253149e-08
-1.855455533e-08
1.967722565e-08
-2.166493503e-08
2.076289194e-08
-2.487585877e-08
2.163354613e-08
-2.81604568e-08
2.229492423e-08
-3.149290276e-08
2.27535736e-08
-3.484825409e-08
2.30161579e-08
-3.820229741e-08
2.308896184e-08
-4.153140359e-08
2.297757768e-08
-4.481239787e-08
2.268675269e-08
-4.802245089e-08
2.222037559e-08
-5.113899621e-08
2.158157916e-08
-5.413967912e-08
2.077293641e-08
-5.70023406e-08
1.979672863e-08
-5.97050392e-08
1.865526439e-08
-6.222611229e-08
1.735123055e-08
-6.454427717e-08
1.588805764e-08
-6.663877138e-08
1.427028387e-08
-6.848953055e-08
1.25039036e-08
-7.007740132e-08
1.059668793e-08
-7.138438627e-08
8.558466154e-09
-7.239391666e-08
6.401358497e-09
-7.309114859e-08
4.13995143e-09
-7.346327728e-08
1.791408257e-09
-7.349986331e-08
-6.244943209e-10
-7.319315929e-08
-3.085413876e-09
-7.25384316e-08
-5.566548497e-09
-7.15342786e-08
-8.04080767e-09
-7.018292743e-08
-1.047911054e-08
-6.849049941e-08
-1.285076632e-08
-6.646723245e-08
-1.512394031e-08
-6.412764829e-08
-1.726620298e-08
-6.149065183e-08
-1.924515542e-08
-5.857954986e-08
-2.10291218e-08
-5.542197711e-08
-2.258789593e-08
-5.204971902e-08
-2.389352589e-08
-4.849842248e-08
-2.492111751e-08
-4.480718904e-08
-2.564963452e-08
-4.10180486e-08
-2.606267169e-08
-3.717531627e-08
-2.614917601e-08
-3.332484e-08
-2.590409152e-08
-2.951315203e-08
-2.532890551e-08
-2.57865427e-08
-2.443207707e-08
-2.219008032e-08
-2.322933456e-08
-1.876660543e-08
-2.174383448e-08
-1.555573199e-08
-2.000618206e-08
-1.259289045e-08
-1.805432095e-08
-9.908450089e-09
-1.593330675e-08
-7.526958452e-09
-1.369498434e-08
-5.466535894e-09
-1.139759186e-08
-3.738462769e-09
-9.105314625e-09
-2.346996233e-09
-6.887810005e-09
-1.289453685e-09
-4.819698896e-09
-5.566006684e-10
-2.979951536e-09
-1.333852461e-10
-1.451337912e-09
-3.222077181e-10
-2.890578215e-10
1.515998445e-09
-1.093969097e-09
4.556591868e-09
-2.35717152e-09
7.530366357e-09
-4.025952631e-09
1.037327414e-08
-6.051841932e-09
1.303881998e-08
-8.390159477e-09
1.549356492e-08
-1.099959409e-08
1.771504267e-08
-1.384181526e-08
1.968986354e-08
-1.688112333e-08
2.141183636e-08
-2.008413375e-08
2.288023291e-08
-2.341948847e-08
2.40982435e-08
-2.685758775e-08
2.507164227e-08
-3.037033827e-08
2.580767165e-08
-3.393091515e-08
2.63141474e-08
-3.751353815e-08
2.659877784e-08
-4.109326408e-08
2.666868475e-08
-4.464579889e-08
2.65301095e-08
-4.81473335e-08
2.618828434e-08
-5.157440772e-08
2.564744688e-08
-5.490380648e-08
2.491097501e-08
-5.81124918e-08
2.398161887e-08
-6.117757336e-08
2.286180737e-08
-6.407631943e-08
2.155400766e-08
-6.678620917e-08
2.006111753e-08
-6.928502639e-08
1.838687213e-08
-7.155099394e-08
1.653624873e-08
-7.356294739e-08
1.45158544e-08
-7.530054584e-08
1.233428376e-08
-7.674451722e-08
1.000243495e-08
-7.787693484e-08
7.533773583e-09
-7.868152143e-08
4.944535514e-09
-7.914397626e-08
2.25386062e-09
-7.925232017e-08
-5.161528345e-10
-7.899724739e-08
-3.340489032e-09
-7.837247612e-08
-6.19132209e-09
-7.737510307e-08
-9.038183002e-09
-7.600594509e-08
-1.184827075e-08
-7.42698554e-08
-1.458685818e-08
-7.217600195e-08
-1.721779589e-08
-6.973809402e-08
-1.9704113e-08
-6.697454223e-08
-2.200870926e-08
-6.390853672e-08
-2.409512931e-08
-6.056802848e-08
-2.592840613e-08
-5.698559991e-08
-2.747595639e-08
-5.319821281e-08
-2.87085065e-08
-4.924682516e-08
-2.960102402e-08
-4.517587215e-08
-3.013362652e-08
-4.103261216e-08
-3.029243779e-08
-3.686634441e-08
-3.007036102e-08
-3.272751142e-08
-2.946774021e-08
-2.866670604e-08
-2.849288413e-08
-2.473360939e-08
-2.716243284e-08
-2.097589179e-08
-2.550155367e-08
-1.743811342e-08
-2.354396199e-08
-1.416066483e-08
-2.133177107e-08
-1.117878945e-08
-1.891518364e-08
-8.52173021e-09
-1.635204509e-08
-6.212041011e-09
-1.370728257e-08
-4.265101579e-09
-1.105225558e-08
-2.688870039e-09
-8.464042972e-09
-1.483904072e-09
-6.024665874e-09
-6.436803876e-10
-3.820177012e-09
-1.552271387e-10
-1.93979271e-09
-4.77435031e-10
-3.142193982e-10
1.830216546e-09
-1.187271999e-09
5.429641028e-09
-2.554588622e-09
8.897679781e-09
-4.357015645e-09
1.217569805e-08
-6.540327011e-09
1.522212828e-08
-9.054832928e-09
1.800806779e-08
-1.185496147e-08
2.051516819e-08
-1.489883259e-08
2.273373165e-08
-1.814784325e-08
2.466084403e-08
-2.156627122e-08
2.62986579e-08
-2.512089989e-08
2.765286921e-08
-2.878066442e-08
2.873140388e-08
-3.251631935e-08
2.954332367e-08
-3.630012795e-08
3.009795313e-08
-4.010557495e-08
3.040422198e-08
-4.390710462e-08
3.04702116e-08
-4.767988733e-08
3.030288943e-08
-5.139961755e-08
2.99080118e-08
-5.50423466e-08
2.92901732e-08
-5.858435308e-08
2.84529788e-08
-6.200205333e-08
2.739931646e-08
-6.527195375e-08
2.613170515e-08
-6.837064597e-08
2.46526973e-08
-7.12748455e-08
2.296531449e-08
-7.396147329e-08
2.10734974e-08
-7.640777989e-08
1.898255284e-08
-7.859151064e-08
1.66995827e-08
-8.049111053e-08
1.423388123e-08
-8.208596664e-08
1.159728869e-08
-8.335668586e-08
8.804490466e-09
-8.428540494e-08
5.873252286e-09
-8.485612951e-08
2.824582936e-09
-8.505509807e-08
-3.171865009e-10
-8.487116214e-08
-3.524427149e-09
-8.429616909e-08
-6.766317269e-09
-8.332535572e-08
-1.000899845e-08
-8.195774198e-08
-1.321588653e-08
-8.019650654e-08
-1.634809561e-08
-7.804933128e-08
-1.936497309e-08
-7.55286991e-08
-2.222474708e-08
-7.265212795e-08
-2.488528226e-08
-6.944232289e-08
-2.730493618e-08
-6.592722763e-08
-2.944350315e-08
-6.213995795e-08
-3.12632278e-08
-5.811860117e-08
-3.272986497e-08
-5.390586916e-08
-3.381375769e-08
-4.954859691e-08
-3.449090039e-08
-4.509708469e-08
-3.474395159e-08
-4.060428864e-08
-3.456315862e-08
-3.612487253e-08
-3.394715783e-08
-3.17141415e-08
-3.290361664e-08
-2.742688639e-08
-3.144968938e-08
-2.331617471e-08
-2.961226675e-08
-1.943212971e-08
-2.742800835e-08
-1.582074365e-08
-2.494315847e-08
-1.252277265e-08
-2.221315596e-08
-9.572760657e-09
-1.930205841e-08
-6.998236974e-09
-1.628180757e-08
-4.819127158e-09
-1.323136667e-08
-3.047410336e-09
-1.023576103e-08
-1.687048579e-09
-7.385029186e-09
-7.342069546e-10
-4.77301951e-09
-1.777674308e-10
-2.49623316e-09
-6.552028926e-10
-3.383097671e-10
2.168524249e-09
-1.276684543e-09
6.368013209e-09
-2.743950857e-09
1.036494324e-08
-4.674882796e-09
1.410662711e-08
-7.009812236e-09
1.755705485e-08
-9.694290334e-09
2.069254304e-08
-1.267867683e-08
2.349955187e-08
-1.591768681e-08
2.597273883e-08
-1.936992378e-08
2.811307822e-08
-2.299741615e-08
2.99261475e-08
-2.676516702e-08
3.142061735e-08
-3.064072381e-08
3.260695794e-08
-3.459377167e-08
3.349636885e-08
-3.85957544e-08
3.40999332e-08
-4.261952532e-08
3.442799026e-08
-4.663903113e-08
3.44897148e-08
-5.062903146e-08
3.429288718e-08
-5.456485659e-08
3.384383438e-08
-5.842220575e-08
3.314751985e-08
-6.217698792e-08
3.22077585e-08
-6.580520656e-08
3.102753266e-08
-6.928288919e-08
2.960938537e-08
-7.258606222e-08
2.795586796e-08
-7.569077108e-08
2.607002101e-08
-7.85731451e-08
2.395586912e-08
-8.120950664e-08
2.161891211e-08
-8.357652347e-08
1.906659731e-08
-8.565140356e-08
1.630875913e-08
-8.741213094e-08
1.335801391e-08
-8.883774143e-08
1.023009884e-08
-8.990863639e-08
6.94414516e-09
-9.060693187e-08
3.522876365e-09
-9.09168407e-08
-7.279687015e-12
-9.082508259e-08
-3.61618722e-09
-9.032130472e-08
-7.27009706e-09
-8.939851307e-08
-1.093179198e-08
-8.80535262e-08
-1.456087522e-08
-8.628741806e-08
-1.811420552e-08
-8.410593844e-08
-2.154645444e-08
-8.151989402e-08
-2.481079319e-08
-7.854547036e-08
-2.785970756e-08
-7.520447336e-08
-3.064593479e-08
-7.152446766e-08
-3.31235104e-08
-6.753879012e-08
-3.524890686e-08
-6.328641744e-08
-3.698223913e-08
-5.881167094e-08
-3.828850563e-08
-5.416374574e-08
-3.9138827e-08
-4.93960587e-08
-3.951164e-08
-4.45654172e-08
-3.939380146e-08
-3.973102014e-08
-3.87815562e-08
-3.495331242e-08
-3.768132562e-08
-3.029272378e-08
-3.611027925e-08
-2.580833173e-08
-3.409665999e-08
-2.155649595e-08
-3.167984528e-08
-1.758951636e-08
-2.89101392e-08
-1.395436941e-08
-2.584830402e-08
-1.06915766e-08
-2.256485234e-08
-7.834254678e-09
-1.913913061e-08
-5.40739067e-09
-1.565823181e-08
-3.427374131e-09
-1.221577862e-08
-1.901808483e-09
-8.910595444e-09
-8.296159232e-10
-5.845213513e-09
-2.014165289e-10
-3.124433786e-09
-8.566194979e-10
-3.613177924e-10
2.529840999e-09
-1.362123193e-09
7.368815545e-09
-2.925006591e-09
1.192782384e-08
-4.979025079e-09
1.616064289e-08
-7.459383672e-09
2.003741079e-08
-1.030714031e-08
2.354029705e-08
-1.346880263e-08
2.666121158e-08
-1.689585329e-08
2.939978691e-08
-2.054424034e-08
3.176146271e-08
-2.437385654e-08
3.375576117e-08
-2.834802406e-08
3.539478236e-08
-3.243299574e-08
3.669192714e-08
-3.659748114e-08
3.766085178e-08
-4.081220318e-08
3.83146528e-08
-4.504949001e-08
3.866527468e-08
-4.928290552e-08
3.872312794e-08
-5.348692144e-08
3.849690076e-08
-5.763663319e-08
3.799354383e-08
-6.170752127e-08
3.721840566e-08
-6.567525925e-08
3.617549424e-08
-6.951556908e-08
3.486784029e-08
-7.320412389e-08
3.329793801e-08
-7.67164981e-08
3.146824004e-08
-8.002816454e-08
2.938168535e-08
-8.311453796e-08
2.704224048e-08
-8.595106452e-08
2.445543665e-08
-8.851335677e-08
2.162888757e-08
-9.077737388e-08
1.857277427e-08
-9.271964678e-08
1.530028489e-08
-9.431754821e-08
1.182799838e-08
-9.554960685e-08
8.176201952e-09
-9.639586448e-08
4.36913218e-09
-9.68382747e-08
4.351287483e-10
-9.686114216e-08
-3.593321499e-09
-9.645158233e-08
-7.679658583e-09
-9.559999444e-08
-1.178338151e-08
-9.430057898e-08
-1.586029228e-08
-9.255185449e-08
-1.986293156e-08
-9.035716336e-08
-2.374114709e-08
-8.772514789e-08
-2.744281011e-08
-8.467017457e-08
-3.091468229e-08
-8.121268133e-08
-3.41034294e-08
-7.73794213e-08
-3.695677177e-08
-7.320357564e-08
-3.942475382e-08
-6.872470923e-08
-4.14611068e-08
-6.398854596e-08
-4.302467012e-08
-5.904654544e-08
-4.408082871e-08
-5.395526995e-08
-4.460291664e-08
-4.877554004e-08
-4.45735325e-08
-4.357138739e-08
-4.398570992e-08
-3.840882602e-08
-4.284388804e-08
-3.335447411e-08
-4.116463216e-08
-2.847407066e-08
-3.897706442e-08
-2.383093997e-08
-3.632297691e-08
-1.948446415e-08
-3.325661594e-08
-1.548862652e-08
-2.984414256e-08
-1.189068828e-08
-2.616279149e-08
-8.73005553e-09
-2.229976426e-08
-6.037384427e-09
-1.835090376e-08
-3.833959353e-09
-1.441920453e-08
-2.131364371e-09
-1.061319163e-08
-9.314555595e-10
-7.045122785e-09
-2.266092282e-10
-3.829280664e-09
-1.083229071e-09
-3.832138822e-10
2.913053013e-09
-1.443447677e-09
8.429047197e-09
-3.097413207e-09
1.358178696e-08
-5.268797328e-09
1.833202457e-08
-7.887995296e-09
2.265660633e-08
-1.089184788e-08
2.654414725e-08
-1.422324309e-08
2.999260441e-08
-1.783062322e-08
3.300716469e-08
-2.166743904e-08
3.559827621e-08
-2.569158034e-08
3.777990017e-08
-2.986480379e-08
3.956800353e-08
-3.415217361e-08
4.097929472e-08
-3.852152646e-08
4.203020242e-08
-4.294296875e-08
4.273609291e-08
-4.738841254e-08
4.311071632e-08
-5.183115441e-08
4.316586769e-08
-5.624550045e-08
4.291124471e-08
-6.060643947e-08
4.23544808e-08
-6.48893657e-08
4.150132987e-08
-6.906985148e-08
4.035597803e-08
-7.312347006e-08
3.892145692e-08
-7.702566799e-08
3.720013403e-08
-8.07516866e-08
3.519425676e-08
-8.427653177e-08
3.290652868e-08
-8.757499166e-08
3.034069857e-08
-9.06217019e-08
2.750214511e-08
-9.339125844e-08
2.439844236e-08
-9.585837848e-08
2.103989262e-08
-9.799811036e-08
1.74400151e-08
-9.978609325e-08
1.361597964e-08
-1.011988678e-07
9.588974867e-09
-1.022142377e-07
5.384500551e-09
-1.028116838e-07
1.032573278e-09
-1.029728281e-07
-3.432178681e-09
-1.026819308e-07
-7.97055726e-09
-1.019264123e-07
-1.25389015e-08
-1.006974329e-07
-1.708927295e-08
-9.899049017e-08
-2.156987564e-08
-9.680601706e-08
-2.592562147e-08
-9.414996486e-08
-3.009886354e-08
-9.103434357e-08
-3.403030477e-08
-8.747769238e-08
-3.766008173e-08
-8.35054485e-08
-4.092901675e-08
-7.915018138e-08
-4.378002202e-08
-7.44516594e-08
-4.61596298e-08
-6.945671881e-08
-4.801961171e-08
-6.421890912e-08
-4.931863936e-08
-5.879789739e-08
-5.002392929e-08
-5.325862372e-08
-5.011280705e-08
-4.767021283e-08
-4.957412166e-08
-4.210466083e-08
-4.840944085e-08
-3.663533074e-08
-4.663396303e-08
-3.133530456e-08
-4.427709134e-08
-2.627565179e-08
-4.138263039e-08
-2.152368324e-08
-3.800858518e-08
-1.714126378e-08
-3.42265627e-08
-1.318325698e-08
-3.012079897e-08
-9.696168933e-09
-2.578685299e-08
-6.717047139e-09
-2.133002626e-08
-4.272673864e-09
-1.686357844e-08
-2.379074953e-09
-1.250679072e-08
-1.041352616e-09
-8.382846168e-09
-2.537986567e-10
-4.616835494e-09
-1.337027701e-09
-4.039473458e-10
3.316999595e-09
-1.520462838e-09
9.545560065e-09
-3.260733644e-09
1.532205543e-08
-5.543424743e-09
2.061471342e-08
-8.294442248e-09
2.540762164e-08
-1.144669333e-08
2.969639617e-08
-1.493968968e-08
3.348559864e-08
-1.871903824e-08
3.678651115e-08
-2.27358643e-08
3.961510019e-08
-2.694620012e-08
4.199023395e-08
-3.131036348e-08
4.393216487e-08
-3.579234478e-08
4.546127403e-08
-4.035921694e-08
4.659707262e-08
-4.498057824e-08
4.735745229e-08
-4.962803589e-08
4.775817207e-08
-5.427473539e-08
4.781256533e-08
-5.889493947e-08
4.753144697e-08
-6.346365847e-08
4.692319801e-08
-6.795633333e-08
4.599400297e-08
-7.234857114e-08
4.474821413e-08
-7.661593289e-08
4.3188817e-08
-8.073377243e-08
4.131797192e-08
-8.467712567e-08
3.91376084e-08
-8.842064934e-08
3.665005077e-08
-9.193860844e-08
3.385865613e-08
-9.520491279e-08
3.076844796e-08
-9.819320292e-08
2.738673103e-08
-1.008769868e-07
2.372367508e-08
-1.032298293e-07
1.979285619e-08
-1.052255964e-07
1.561174541e-08
-1.068387574e-07
1.120213448e-08
-1.08044746e-07
6.590487908e-09
-1.088203851e-07
1.808211067e-09
-1.091443717e-07
-3.108193245e-09
-1.089978117e-07
-8.117118494e-09
-1.083647872e-07
-1.317192714e-08
-1.072330013e-07
-1.822105991e-08
-1.055944566e-07
-2.320842139e-08
-1.03446154e-07
-2.807392515e-08
-1.007907908e-07
-3.275422771e-08
-9.763743161e-08
-3.718366488e-08
-9.400211906e-08
-4.129539517e-08
-8.990838886e-08
-4.50227478e-08
-8.538764976e-08
-4.830076194e-08
-8.047938787e-08
-5.106789247e-08
-7.523115669e-08
-5.326784363e-08
-6.969831818e-08
-5.485147859e-08
-6.394350835e-08
-5.577873979e-08
-5.8035812e-08
-5.602050404e-08
-5.204964533e-08
-5.556028893e-08
-4.606336201e-08
-5.439572474e-08
-4.015761612e-08
-5.253970946e-08
-3.441353308e-08
-5.002117488e-08
-2.891075555e-08
-4.688540841e-08
-2.372544342e-08
-4.319389776e-08
-1.892831426e-08
-3.902369232e-08
-1.458281098e-08
-3.44663027e-08
-1.074347768e-08
-2.962618674e-08
-7.454611074e-09
-2.461889327e-08
-4.749235365e-09
-1.956895455e-08
-2.648426014e-09
-1.460760087e-08
-1.160988789e-09
-9.870283415e-09
-2.834491978e-10
-5.494375223e-09
-1.620477145e-09
-4.234534069e-10
3.740451368e-09
-1.592923785e-09
1.071502881e-08
-3.414442959e-09
1.714357269e-08
-5.802007774e-09
2.300227629e-08
-8.677361366e-09
2.828297331e-08
-1.196976679e-08
3.29887997e-08
-1.561560966e-08
3.713143965e-08
-1.955787412e-08
4.072877377e-08
-2.374553954e-08
4.38027638e-08
-2.813293345e-08
4.637762609e-08
-3.267906759e-08
4.847829726e-08
-3.734697821e-08
5.012918294e-08
-4.210308697e-08
5.135317969e-08
-4.691659431e-08
5.217095798e-08
-5.17589145e-08
5.260049064e-08
-5.660315819e-08
5.265680745e-08
-6.14236668e-08
5.235195403e-08
-6.619560054e-08
5.169513025e-08
-7.089458128e-08
5.069298224e-08
-7.549638973e-08
4.935002115e-08
-7.997671623e-08
4.76691421e-08
-8.431096378e-08
4.56522181e-08
-8.847410206e-08
4.330074536e-08
-9.244057153e-08
4.061651896e-08
-9.618423696e-08
3.760232031e-08
-9.96783908e-08
3.426260059e-08
-1.028958076e-07
3.060414661e-08
-1.058088512e-07
2.663671758e-08
-1.083896386e-07
2.237364248e-08
-1.106102628e-07
1.78323685e-08
-1.124430799e-07
1.303495059e-08
-1.138610646e-07
8.008471616e-09
-1.148382378e-07
2.785383244e-09
-1.153501685e-07
-2.596263527e-09
-1.153745422e-07
-8.092745689e-09
-1.148917717e-07
-1.365469852e-08
-1.138857011e-07
-1.922713125e-08
-1.123443682e-07
-2.474975515e-08
-1.10260806e-07
-3.015748804e-08
-1.076338655e-07
-3.538116892e-08
-1.044690276e-07
-4.034850347e-08
-1.007791717e-07
-4.498525176e-08
-9.658525865e-08
-4.92166614e-08
-9.191688311e-08
-5.296913804e-08
-8.681264527e-08
-5.617213083e-08
-8.132029473e-08
-5.876019465e-08
-7.549660032e-08
-6.067517346e-08
-6.940690829e-08
-6.186843224e-08
-6.31243632e-08
-6.230304952e-08
-5.672878126e-08
-6.195587122e-08
-5.030518605e-08
-6.081932027e-08
-4.394203766e-08
-5.890285814e-08
-3.772920891e-08
-5.623400389e-08
-3.175578269e-08
-5.285883487e-08
-2.61077612e-08
-4.884191947e-08
-2.086578857e-08
-4.426566516e-08
-1.610299116e-08
-3.922910032e-08
-1.188303415e-08
-3.384614395e-08
-8.25847826e-09
-2.82434494e-08
-5.269496891e-09
-2.25579361e-08
-2.942986856e-09
-1.693411064e-08
-1.292085783e-09
-1.152118509e-08
-3.160359134e-10
-6.470425564e-09
-1.936512925e-09
-4.416517929e-10
4.182102701e-09
-1.660545505e-09
1.19339204e-08
-3.557943451e-09
1.904096882e-08
-6.043541444e-09
2.548787257e-08
-9.035252993e-09
3.12746832e-08
-1.245899126e-08
3.641253634e-08
-1.624826957e-08
4.092071637e-08
-2.034366495e-08
4.482416758e-08
-2.469219315e-08
4.815129047e-08
-2.924663203e-08
5.093206347e-08
-3.396482181e-08
5.319648557e-08
-3.880896516e-08
5.497332486e-08
-4.374494496e-08
5.628915808e-08
-4.874167342e-08
5.716768508e-08
-5.377048262e-08
5.762929851e-08
-5.88045633e-08
5.769088684e-08
-6.381845656e-08
5.736584603e-08
-6.878760068e-08
5.666427316e-08
-7.368793395e-08
5.559331433e-08
-7.849555286e-08
5.415763892e-08
-8.318642469e-08
5.236001284e-08
-8.773615276e-08
5.020194511e-08
-9.211979282e-08
4.76843844e-08
-9.631171955e-08
4.480844471e-08
-1.002855427e-07
4.157614254e-08
-1.040140735e-07
3.799113051e-08
-1.074693429e-07
3.405941509e-08
-1.106226743e-07
2.979004814e-08
-1.134448157e-07
2.519578307e-08
-1.159061351e-07
2.029368714e-08
-1.179768859e-07
1.510570063e-08
-1.196275477e-07
9.659132732e-09
-1.2082925e-07
3.987084902e-09
-1.215542826e-07
-1.871231654e-09
-1.217766926e-07
-7.870336244e-09
-1.214729341e-07
-1.395845763e-08
-1.206226222e-07
-2.007744373e-08
-1.192093763e-07
-2.616300148e-08
-1.172217271e-07
-3.214513773e-08
-1.146540659e-07
-3.794883057e-08
-1.115076093e-07
-4.349496045e-08
-1.077913405e-07
-4.870152095e-08
-1.035228818e-07
-5.348512039e-08
-9.872924697e-08
-5.776277317e-08
-9.344741427e-08
-6.145396379e-08
-8.772466172e-08
-6.448294742e-08
-8.161860562e-08
-6.678122975e-08
-7.519689113e-08
-6.829014688e-08
-6.853649528e-08
-6.89634455e-08
-6.172262043e-08
-6.876974616e-08
-5.484717856e-08
-6.76947622e-08
-4.800689276e-08
-6.574314397e-08
-4.130107014e-08
-6.293982652e-08
-3.482912679e-08
-5.93307782e-08
-2.868796838e-08
-5.498307785e-08
-2.29693456e-08
-4.99842879e-08
-1.775731027e-08
-4.444113561e-08
-1.312589375e-08
-3.847756045e-08
-9.137113021e-09
-3.223223004e-08
-5.839383492e-09
-2.585566556e-08
-3.266384349e-09
-1.950711014e-08
-1.436394469e-09
-1.335117454e-08
-3.520408441e-10
-7.554778894e-09
-2.288553904e-09
-4.584551935e-10
4.640556536e-09
-1.723013841e-09
1.319847797e-08
-3.69058531e-09
2.100853893e-08
-6.266945442e-09
2.806423131e-08
-9.366519537e-09
3.437425592e-08
-1.291216846e-08
3.995818392e-08
-1.683478769e-08
4.484333429e-08
-2.107276186e-08
4.906214047e-08
-2.557132365e-08
5.264985102e-08
-3.028185406e-08
5.564259267e-08
-3.51611537e-08
5.807578403e-08
-4.017070917e-08
5.99828792e-08
-4.527597393e-08
6.139442173e-08
-5.044567816e-08
6.233738825e-08
-5.565117915e-08
6.283479847e-08
-6.086585963e-08
6.290556634e-08
-6.60645792e-08
6.256456465e-08
-7.122318136e-08
6.182287441e-08
-7.631805701e-08
6.068818911e-08
-8.132576372e-08
5.91653448e-08
-8.62226994e-08
5.725694773e-08
-9.098482854e-08
5.496407351e-08
-9.558745927e-08
5.228701442e-08
-1.0000507e-07
4.922605474e-08
-1.042111851e-07
4.578225708e-08
-1.081783012e-07
4.195824599e-08
-1.118778645e-07
3.775897785e-08
-1.152803049e-07
3.319248796e-08
-1.183551298e-07
2.827060752e-08
-1.210710859e-07
2.300964278e-08
-1.233963944e-07
1.743100872e-08
-1.252990693e-07
1.156180725e-08
-1.26747326e-07
5.435341195e-09
-1.277100904e-07
-9.084676018e-10
-1.281576144e-07
-7.422812564e-09
-1.280621639e-07
-1.405390841e-08
-1.273988029e-07
-2.074080497e-08
-1.261463143e-07
-2.741549021e-08
-1.242882074e-07
-3.400324484e-08
-1.21813796e-07
-4.042324214e-08
-1.187193209e-07
-4.658943565e-08
-1.150090769e-07
-5.241176502e-08
-1.106964956e-07
-5.779770172e-08
-1.058051257e-07
-6.265414302e-08
-1.003694439e-07
-6.688964559e-08
-9.443542371e-08
-7.041696759e-08
-8.806079029e-08
-7.315586309e-08
-8.131489237e-08
-7.503604469e-08
-7.427813453e-08
-7.60002032e-08
-6.704093156e-08
-7.600694896e-08
-5.970217179e-08
-7.503352178e-08
-5.2367207e-08
-7.307810853e-08
-4.514542092e-08
-7.016161235e-08
-3.814746223e-08
-6.632873663e-08
-3.148225888e-08
-6.164828093e-08
-2.525395347e-08
-5.621259304e-08
-1.955891154e-08
-5.013617725e-08
-1.448295325e-08
-4.355351845e-08
-1.009894283e-08
-3.661624021e-08
-6.464839458e-09
-2.948976864e-08
-3.622274485e-09
-2.234967438e-08
-1.595687818e-09
-1.537776133e-08
-3.919546827e-10
-8.758512068e-09
-2.680508345e-09
-4.737686516e-10
5.114325051e-09
-1.7799999e-09
1.450470766e-08
-3.811693149e-09
2.304023094e-08
-6.471103855e-09
3.072364088e-08
-9.669518309e-09
3.757266929e-08
-1.332704422e-08
4.361570879e-08
-1.737221117e-08
4.888850023e-08
-2.174142148e-08
5.343134981e-08
-2.637829938e-08
5.728672799e-08
-3.123297539e-08
6.049726777e-08
-3.626133578e-08
6.310414355e-08
-4.142426219e-08
6.514580476e-08
-4.66868815e-08
6.665704024e-08
-5.201784206e-08
6.766834805e-08
-5.738862821e-08
6.820558391e-08
-6.277292176e-08
6.828985921e-08
-6.814601582e-08
6.793765808e-08
-7.3484284e-08
6.716114199e-08
-7.876470575e-08
6.596861031e-08
-8.39644473e-08
6.436508584e-08
-8.906049639e-08
6.235299636e-08
-9.402934902e-08
5.993292571e-08
-9.8846746e-08
5.710441102e-08
-1.034874582e-07
5.38667666e-08
-1.079251199e-07
5.021991846e-08
-1.121321112e-07
4.616523701e-08
-1.16079492e-07
4.170635843e-08
-1.197369917e-07
3.684998746e-08
-1.2307306e-07
3.160667573e-08
-1.260549873e-07
2.599156997e-08
-1.286491021e-07
2.002512336e-08
-1.308210563e-07
1.373376143e-08
-1.32536208e-07
7.150492883e-09
-1.337601176e-07
3.154419648e-10
-1.344591606e-07
-6.723769569e-09
-1.346012626e-07
-1.391180631e-08
-1.341566818e-07
-2.118538575e-08
-1.330990011e-07
-2.847317082e-08
-1.314062272e-07
-3.569601856e-08
-1.290619931e-07
-4.276747613e-08
-1.260568388e-07
-4.959458977e-08
-1.223895332e-07
-5.60790704e-08
-1.180683846e-07
-6.211885003e-08
-1.131124768e-07
-6.761005051e-08
-1.075527546e-07
-7.244936748e-08
-1.014328739e-07
-7.653684793e-08
-9.480972719e-08
-7.977900948e-08
-8.77535556e-08
-8.209221589e-08
-8.034757044e-08
-8.340618794e-08
-7.268702319e-08
-8.366749576e-08
-6.487769262e-08
-8.284285188e-08
-5.703379252e-08
-8.092200814e-08
-4.927534536e-08
-7.7920059e-08
-4.172511071e-08
-7.387897076e-08
-3.450519801e-08
-6.886819309e-08
-2.773352638e-08
-6.298426413e-08
-2.152031407e-08
-5.634938902e-08
-1.59647842e-08
-4.910904779e-08
-1.115225814e-08
-4.14287657e-08
-7.151774302e-09
-3.349025193e-08
-4.014324192e-09
-2.548712439e-08
-1.771754445e-09
-1.762033018e-08
-4.362743119e-10
-1.009399146e-08
-3.11678267e-09
-4.874991573e-10
5.601823163e-09
-1.831175221e-09
1.584838324e-08
-3.92059638e-09
2.512965134e-08
-6.654912551e-09
3.345795626e-08
-9.942626395e-09
4.086038236e-08
-1.370139048e-08
4.737447213e-08
-1.785761471e-08
5.304472375e-08
-2.234592065e-08
5.791965507e-08
-2.710848889e-08
6.204929559e-08
-3.209433556e-08
6.548311384e-08
-3.725854774e-08
6.826835516e-08
-4.256150329e-08
7.044875979e-08
-4.796809627e-08
7.206363273e-08
-5.344698476e-08
7.314723609e-08
-5.896987429e-08
7.372847304e-08
-6.451084612e-08
7.383083068e-08
-7.004573653e-08
7.347254817e-08
-7.555157039e-08
7.266697558e-08
-8.100605008e-08
7.142308977e-08
-8.63870991e-08
6.974613468e-08
-9.167245864e-08
6.763835576e-08
-9.683933483e-08
6.509980182e-08
-1.018640947e-07
6.212917082e-08
-1.06722009e-07
5.872468089e-08
-1.113870418e-07
5.488495132e-08
-1.158316875e-07
5.060988276e-08
-1.200268576e-07
4.590152868e-08
-1.239418227e-07
4.076495264e-08
-1.275442144e-07
3.520906764e-08
-1.308000978e-07
2.92474536e-08
-1.336741224e-07
2.289914823e-08
-1.361297647e-07
1.618940406e-08
-1.38129673e-07
9.150401445e-09
-1.396361327e-07
1.821901984e-09
-1.406116686e-07
-5.748233341e-09
-1.410197952e-07
-1.350367931e-08
-1.408258006e-07
-2.137937992e-08
-1.399977841e-07
-2.930118693e-08
-1.385078312e-07
-3.718597095e-08
-1.363333297e-07
-4.494197715e-08
-1.334584043e-07
-5.246951467e-08
-1.298754357e-07
-5.96620385e-08
-1.255866118e-07
-6.64076734e-08
-1.206054441e-07
-7.259121762e-08
-1.149581654e-07
-7.809664558e-08
-1.086849108e-07
-8.281010192e-08
-1.018405747e-07
-8.662334491e-08
-9.449523344e-08
-8.943755652e-08
-8.673402831e-08
-9.116739238e-08
-7.865642311e-08
-9.174510025e-08
-7.037477722e-08
-9.112449702e-08
-6.201221764e-08
-8.928456697e-08
-5.369984224e-08
-8.623243363e-08
-4.557334161e-08
-8.20054706e-08
-3.776918026e-08
-7.667235366e-08
-3.042052418e-08
-7.033291942e-08
-2.365313362e-08
-6.311677879e-08
-1.758145137e-08
-5.518072925e-08
-1.230510554e-08
-4.670511077e-08
-7.906009019e-09
-3.788934767e-08
-4.446184412e-09
-2.89469478e-08
-1.966392983e-09
-2.010012122e-08
-4.855050393e-10
-1.157487899e-08
-3.602287359e-09
-4.99555828e-10
6.101379188e-09
-1.876230005e-09
1.722505648e-08
-4.016664416e-09
2.727008514e-08
-6.817334104e-09
3.625862543e-08
-1.018431652e-08
4.42273643e-08
-1.403310236e-08
5.122325753e-08
-1.828821839e-08
5.729983938e-08
-2.288269452e-08
6.251413083e-08
-2.775741888e-08
6.692401962e-08
-3.286041549e-08
7.058611015e-08
-3.814607391e-08
7.355401333e-08
-4.357435683e-08
7.587704251e-08
-4.911000742e-08
7.759928315e-08
-5.47217744e-08
7.875900295e-08
-6.0381669e-08
7.938836756e-08
-6.606426396e-08
7.951342561e-08
-7.17460414e-08
7.915432563e-08
-7.74047934e-08
7.832572764e-08
-8.301907653e-08
7.703737301e-08
-8.856771978e-08
7.529477808e-08
-9.402938408e-08
7.310002026e-08
-9.938217111e-08
7.045258909e-08
-1.046032789e-07
6.735027891e-08
-1.096687026e-07
6.379010493e-08
-1.145529796e-07
5.976922867e-08
-1.192289797e-07
5.528588332e-08
-1.236677434e-07
5.034029286e-08
-1.27838372e-07
4.493558171e-08
-1.317079769e-07
3.907867304e-08
-1.35241697e-07
3.278117428e-08
-1.384027953e-07
2.606024712e-08
-1.411528473e-07
1.893945674e-08
-1.434520366e-07
1.14495914e-08
-1.452595754e-07
3.629441424e-09
-1.465342746e-07
-4.473533411e-09
-1.472352732e-07
-1.280267998e-08
-1.473228379e-07
-2.129181452e-08
-1.467594047e-07
-2.986461936e-08
-1.4551081e-07
-3.843456486e-08
-1.435477012e-07
-4.690508515e-08
-1.408471131e-07
-5.517010198e-08
-1.373941792e-07
-6.311497157e-08
-1.331839297e-07
-7.061792201e-08
-1.282231075e-07
-7.755203904e-08
-1.225319118e-07
-8.378784037e-08
-1.161455615e-07
-8.919645125e-08
-1.091155501e-07
-9.365335538e-08
-1.015104572e-07
-9.704264843e-08
-9.341618237e-08
-9.926166628e-08
-8.493547871e-08
-1.002258029e-07
-7.618669595e-08
-9.987327878e-08
-6.730168452e-08
-9.816957737e-08
-5.842287275e-08
-9.511124437e-08
-4.969959559e-08
-9.072874672e-08
-4.128382345e-08
-8.508812476e-08
-3.332550285e-08
-7.829123898e-08
-2.596776822e-08
-7.047451238e-08
-1.934230849e-08
-6.180618794e-08
-1.356516648e-08
-5.24822517e-08
-8.733211983e-09
-4.272130113e-08
-4.921468085e-09
-3.275869111e-08
-2.181404801e-09
-2.284018314e-08
-5.401581436e-10
-1.321612445e-08
-4.142445386e-09
-5.098604807e-10
6.611238964e-09
-1.91489187e-09
1.8630088e-08
-4.099344976e-09
2.945453811e-08
-6.957458893e-09
3.911673918e-08
-1.039324251e-08
4.766314776e-08
-1.432030841e-08
5.515032332e-08
-1.866152251e-08
6.164105339e-08
-2.334849552e-08
6.720110379e-08
-2.832095684e-08
7.189648093e-08
-3.352604346e-08
7.57911968e-08
-3.89175329e-08
7.894550283e-08
-4.445504618e-08
8.14145559e-08
-5.010324379e-08
8.324748092e-08
-5.583103359e-08
8.448679295e-08
-6.161080597e-08
8.516814018e-08
-6.741770744e-08
8.532032737e-08
-7.322896046e-08
8.496557898e-08
-7.902323368e-08
8.412000125e-08
-8.478006454e-08
8.279420431e-08
-9.047933354e-08
8.099404757e-08
-9.610078859e-08
7.872147585e-08
-1.016236168e-07
7.597541786e-08
-1.07026061e-07
7.275272378e-08
-1.122850795e-07
6.904912412e-08
-1.173760471e-07
6.486019695e-08
-1.222724985e-07
6.018233548e-08
-1.269459165e-07
5.501371169e-08
-1.313655689e-07
4.935523494e-08
-1.354984008e-07
4.321150591e-08
-1.393089925e-07
3.65917669e-08
-1.427595928e-07
2.951084839e-08
-1.45810244e-07
2.199010894e-08
-1.484190138e-07
1.405836215e-08
-1.505423545e-07
5.752783203e-09
-1.521356157e-07
-2.880271162e-09
-1.53153739e-07
-1.178455565e-08
-1.5355205e-07
-2.089350242e-08
-1.532872714e-07
-3.012939694e-08
-1.523187817e-07
-3.940305338e-08
-1.506100959e-07
-4.861376984e-08
-1.481305603e-07
-5.764963647e-08
-1.448572421e-07
-6.638828864e-08
-1.4077697e-07
-7.469819286e-08
-1.358884609e-07
-8.2440547e-08
-1.302044384e-07
-8.947186169e-08
-1.237536261e-07
-9.564726232e-08
-1.165824696e-07
-1.008245106e-07
-1.087564254e-07
-1.048686915e-07
-1.003606463e-07
-1.076574441e-07
-9.149990273e-08
-1.090865452e-07
-8.229760183e-08
-1.090755784e-07
-7.289381898e-08
-1.075733589e-07
-6.344231835e-08
-1.045627437e-07
-5.410662395e-08
-1.000644398e-07
-4.50552901e-08
-9.413945731e-08
-3.645660621e-08
-8.688992159e-08
-2.847303965e-08
-7.845807764e-08
-2.1255763e-08
-6.902346329e-08
-1.493961721e-08
-5.879839622e-08
-9.638826929e-09
-4.802209014e-08
-5.4437148e-09
-3.69538016e-08
-2.418585257e-09
-2.586531177e-08
-6.007524815e-10
-1.503395633e-08
-4.743197413e-09
-5.183486588e-10
7.129588155e-09
-1.946947454e-09
2.00586865e-08
-4.168206653e-09
3.167579733e-08
-7.074572615e-09
4.202310525e-08
-1.056833389e-08
5.11569092e-08
-1.456149311e-08
5.914348273e-08
-1.897545794e-08
6.605501845e-08
-2.374057107e-08
7.196621719e-08
-2.879551559e-08
7.695142575e-08
-3.408662632e-08
8.108230787e-08
-3.956713545e-08
8.442601234e-08
-4.519637896e-08
8.704379984e-08
-5.093898776e-08
8.899009019e-08
-5.67640839e-08
9.03118896e-08
-6.264449842e-08
9.104855527e-08
-6.855602346e-08
9.123185303e-08
-7.447670715e-08
9.088626334e-08
-8.038619659e-08
9.002949141e-08
-8.626513092e-08
8.867313941e-08
-9.209458448e-08
8.682350195e-08
-9.785555814e-08
8.448245039e-08
-1.035285163e-07
8.164837697e-08
-1.090929667e-07
7.83171751e-08
-1.1452708e-07
7.448323853e-08
-1.198073494e-07
7.014046742e-08
-1.249082875e-07
6.52832747e-08
-1.29802165e-07
5.990759031e-08
-1.344587931e-07
5.401186422e-08
-1.388453572e-07
4.759807122e-08
-1.429263099e-07
4.067272097e-08
-1.466633363e-07
3.324787605e-08
-1.500154043e-07
2.534217828e-08
-1.529389204e-07
1.698187961e-08
-1.553880088e-07
8.20187299e-09
-1.573149521e-07
-9.533264078e-10
-1.586708036e-07
-1.04287027e-08
-1.594061889e-07
-2.015811571e-08
-1.594722208e-07
-3.006336362e-08
-1.588217636e-07
-4.005350913e-08
-1.57410947e-07
-5.002458502e-08
-1.55200948e-07
-5.985963399e-08
-1.521600321e-07
-6.942920309e-08
-1.482658207e-07
-7.859240278e-08
-1.43507727e-07
-8.719863918e-08
-1.378894691e-07
-9.509011815e-08
-1.314315345e-07
-1.021051954e-07
-1.241734374e-07
-1.080826062e-07
-1.161755776e-07
-1.128665497e-07
-1.075204942e-07
-1.16312526e-07
-9.831330283e-08
-1.182937351e-07
-8.868112798e-08
-1.187077517e-07
-7.87713864e-08
-1.17483099e-07
-6.874885376e-08
-1.145852748e-07
-5.879154246e-08
-1.100217496e-07
-4.908553005e-08
-1.038454682e-07
-3.981899111e-08
-9.615645899e-08
-3.117578294e-08
-8.710128428e-08
-2.332900349e-08
-7.68702412e-08
-1.643496325e-08
-6.569243489e-08
-1.062798311e-08
-5.382906875e-08
-6.016355692e-09
-4.156542793e-08
-2.679711483e-09
-2.920195418e-08
-6.678110813e-10
-1.70458551e-08
-5.411008242e-09
-5.249810226e-10
7.654568833e-09
-1.97226442e-09
2.150597065e-08
-4.222984181e-09
3.39265176e-08
-7.168229096e-09
4.496835064e-08
-1.07088986e-08
5.469757918e-08
-1.47556303e-08
6.319021493e-08
-1.922855026e-08
7.052793895e-08
-2.405685789e-08
7.679452539e-08
-2.917827716e-08
8.207284563e-08
-3.453840242e-08
8.644243378e-08
-4.008996662e-08
8.997757724e-08
-4.579205919e-08
9.274589315e-08
-5.160931876e-08
9.480735056e-08
-5.751112288e-08
9.621369455e-08
-6.347079276e-08
9.700822604e-08
-6.946482745e-08
9.722588866e-08
-7.547217694e-08
9.689361382e-08
-8.147356056e-08
9.603087608e-08
-8.745083341e-08
9.465041336e-08
-9.338640088e-08
9.275907057e-08
-9.926267979e-08
9.035873051e-08
-1.050616032e-07
8.744730166e-08
-1.10764166e-07
8.401973922e-08
-1.163500081e-07
8.006908194e-08
-1.217970332e-07
7.558749395e-08
-1.270810631e-07
7.056730607e-08
-1.321755274e-07
6.500205609e-08
-1.370511925e-07
5.88875309e-08
-1.416759355e-07
5.222281583e-08
-1.460145706e-07
4.501135765e-08
-1.500287396e-07
3.726204675e-08
-1.53676882e-07
2.899032234e-08
-1.569143011e-07
2.021930052e-08
-1.596933482e-07
1.098092179e-08
-1.619637664e-07
1.317093612e-09
-1.636731949e-07
-8.719272468e-09
-1.647679574e-07
-1.906335143e-08
-1.651938395e-07
-2.963747973e-08
-1.648973169e-07
-4.035002997e-08
-1.638270597e-07
-5.109484044e-08
-1.619357578e-07
-6.175093409e-08
-1.59182274e-07
-7.218268512e-08
-1.555341079e-07
-8.224056705e-08
-1.509701253e-07
-9.176262006e-08
-1.454834687e-07
-1.005767729e-07
-1.390845257e-07
-1.085041366e-07
-1.318037813e-07
-1.153633488e-07
-1.236943421e-07
-1.209759871e-07
-1.148338827e-07
-1.251729836e-07
-1.053257504e-07
-1.278018655e-07
-9.529897348e-08
-1.287345269e-07
-8.490695925e-08
-1.278751114e-07
-7.432474884e-08
-1.251674834e-07
-6.374480442e-08
-1.206016922e-07
-5.337144372e-08
-1.142188271e-07
-4.341418211e-08
-1.061137188e-07
-3.408037848e-08
-9.643508614e-08
-2.556768425e-08
-8.538293365e-08
-1.805684542e-08
-7.320327198e-08
-1.170539078e-08
-6.018052165e-08
-6.642661451e-09
-4.662815521e-08
-2.966526682e-09
-3.28780875e-08
-7.418610662e-10
-1.927051935e-08
-6.152868758e-09
-5.297452832e-10
8.18431497e-09
-1.99081616e-09
2.296704188e-08
-4.26362763e-09
3.619932973e-08
-7.238328871e-09
4.794305262e-08
-1.081473358e-08
5.827398467e-08
-1.490232691e-08
6.727780908e-08
-1.94200965e-08
7.504570938e-08
-2.429619106e-08
8.167062084e-08
-2.946743333e-08
8.724408881e-08
-3.487871307e-08
9.185371448e-08
-4.048228803e-08
9.55811532e-08
-4.623702096e-08
9.850062714e-08
-5.210757999e-08
1.006779107e-07
-5.806362635e-08
1.021697421e-07
-6.407900987e-08
1.030236108e-07
-7.013098813e-08
1.032778682e-07
-7.619948059e-08
1.029621076e-07
-8.226636506e-08
1.020977619e-07
-8.831481999e-08
1.006988697e-07
-9.432871325e-08
9.877296531e-08
-1.002920359e-07
9.632205467e-08
-1.06188378e-07
9.33436454e-08
-1.120004435e-07
8.983180636e-08
-1.177095998e-07
8.577823993e-08
-1.232954605e-07
8.117335638e-08
-1.287354988e-07
7.600734621e-08
-1.340046923e-07
7.027125145e-08
-1.390752003e-07
6.395804076e-08
-1.439160787e-07
5.706369614e-08
-1.484930392e-07
4.958832013e-08
-1.527682631e-07
4.153727268e-08
-1.567002835e-07
3.292234474e-08
-1.602439536e-07
2.376297272e-08
-1.633505232e-07
1.408749356e-08
-1.659678596e-07
3.934432033e-09
-1.680408424e-07
-6.646287539e-09
-1.695120409e-07
-1.759215077e-08
-1.703223952e-07
-2.882712339e-08
-1.704123286e-07
-4.026009443e-08
-1.697231926e-07
-5.178397432e-08
-1.681990814e-07
-6.32750432e-08
-1.657890442e-07
-7.459272019e-08
-1.624496985e-07
-8.557991069e-08
-1.581482171e-07
-9.606409934e-08
-1.52865623e-07
-1.05859365e-07
-1.466002723e-07
-1.147694852e-07
-1.393713525e-07
-1.225922666e-07
-1.31222159e-07
-1.291251785e-07
-1.222228654e-07
-1.341722751e-07
-1.124724621e-07
-1.375522667e-07
-1.02099534e-07
-1.391074529e-07
-9.126157614e-08
-1.387130673e-07
-8.014262489e-08
-1.362864326e-07
-6.894910702e-08
-1.317952081e-07
-5.790397131e-08
-1.252639608e-07
-4.72393555e-08
-1.167783326e-07
-3.718822404e-08
-1.064862156e-07
-2.797556343e-08
-9.459559225e-08
-1.980981272e-08
-8.136902066e-08
-1.287521325e-08
-6.711511914e-08
-7.325686549e-09
-5.217768034e-08
-3.280719511e-09
-3.692305233e-08
-8.234284476e-10
-2.172780837e-08
-6.976296817e-09
-5.326682696e-10
8.716983261e-09
-2.002706937e-09
2.443708189e-08
-4.290354236e-09
3.848697815e-08
-7.285202751e-09
5.093790222e-08
-1.088624279e-08
6.18750258e-08
-1.500197623e-08
7.139354364e-08
-1.955035323e-08
7.959408752e-08
-2.445852594e-08
8.657879472e-08
-2.966244012e-08
9.244800422e-08
-3.510628875e-08
9.729756437e-08
-4.074185544e-08
1.012167212e-07
-4.652777795e-08
1.04286551e-07
-5.242876132e-08
1.065788955e-07
-5.841476743e-08
1.081557496e-07
-6.446020403e-08
1.090690489e-07
-7.054313125e-08
1.093607969e-07
-7.664449891e-08
1.090634769e-07
-8.274742321e-08
1.082006879e-07
-8.883650735e-08
1.067879556e-07
-9.489720715e-08
1.048336669e-07
-1.009152406e-07
1.0234009e-07
-1.068760383e-07
9.930444496e-08
-1.127642308e-07
9.572000081e-08
-1.185631695e-07
9.157718071e-08
-1.242544772e-07
8.686466612e-08
-1.298176251e-07
8.157049626e-08
-1.352295367e-07
7.568316521e-08
-1.404642172e-07
6.919272348e-08
-1.454924126e-07
6.20918938e-08
-1.50281303e-07
5.437721284e-08
-1.54794239e-07
4.605021102e-08
-1.589905333e-07
3.711864139e-08
-1.628253244e-07
2.759776629e-08
-1.662495351e-07
1.75117067e-08
-1.692099553e-07
6.894854638e-09
-1.716495005e-07
-4.206739869e-09
-1.735077206e-07
-1.573392821e-08
-1.747213969e-07
-2.761344475e-08
-1.752254654e-07
-3.97560234e-08
-1.749543455e-07
-5.205509183e-08
-1.738436804e-07
-6.438570591e-08
-1.718325418e-07
-7.660385639e-08
-1.688661264e-07
-8.854632368e-08
-1.64898945e-07
-1.000312784e-07
-1.598984608e-07
-1.108598468e-07
-1.538490788e-07
-1.208188649e-07
-1.467563146e-07
-1.296850284e-07
-1.386509005e-07
-1.372305902e-07
-1.295925051e-07
-1.432306682e-07
-1.196726847e-07
-1.474720848e-07
-1.090166508e-07
-1.497634845e-07
-9.77834475e-08
-1.499462683e-07
-8.616420378e-08
-1.479056741e-07
-7.437825508e-08
-1.435811546e-07
-6.26671212e-08
-1.369750925e-07
-5.128655852e-08
-1.281588931e-07
-4.049714766e-08
-1.172756243e-07
-3.055409349e-08
-1.045386442e-07
-2.169706147e-08
-9.022605049e-08
-1.414091997e-08
-7.467125848e-08
-8.068194581e-09
-5.825040331e-08
-3.623898422e-09
-4.136734654e-08
-9.130354591e-10
-2.443866951e-08
-7.889331642e-09
-5.338189221e-10
9.250803333e-09
-2.008199779e-09
2.591146374e-08
-4.303704308e-09
4.078248395e-08
-7.309701221e-09
5.394390048e-08
-1.092456288e-08
6.548988884e-08
-1.505592045e-08
7.552490261e-08
-1.962073531e-08
8.415890381e-08
-2.454517142e-08
9.15032323e-08
-2.976428391e-08
9.766711821e-08
-3.522154647e-08
1.027548285e-07
-4.086824668e-08
1.06863423e-07
-4.666278216e-08
1.100810881e-07
-5.256989037e-08
1.124860053e-07
-5.855984259e-08
1.141457036e-07
-6.460762806e-08
1.151168361e-07
-7.069214921e-08
1.154453199e-07
-7.679544339e-08
1.151667729e-07
-8.290194137e-08
1.143071878e-07
-8.899776817e-08
1.128837844e-07
-9.507008811e-08
1.109059889e-07
-1.011064931e-07
1.083764971e-07
-1.07094431e-07
1.052923851e-07
-1.130206704e-07
1.016462425e-07
-1.188707967e-07
9.742730928e-08
-1.246287352e-07
9.262260698e-08
-1.302762981e-07
8.721806162e-08
-1.357927521e-07
8.119962168e-08
-1.411544054e-07
7.455437932e-08
-1.463342157e-07
6.727170665e-08
-1.513014214e-07
5.934442116e-08
-1.560212031e-07
5.076999537e-08
-1.604543848e-07
4.15518258e-08
-1.645571901e-07
3.170057435e-08
-1.682810739e-07
2.123559323e-08
-1.715726569e-07
1.018644046e-08
-1.743738265e-07
-1.405567521e-09
-1.766220185e-07
-1.348573349e-08
-1.78250757e-07
-2.598470343e-08
-1.79190293e-07
-3.881648474e-08
-1.793687681e-07
-5.187661403e-08
-1.787138109e-07
-6.504066034e-08
-1.771546529e-07
-7.816301173e-08
-1.746248242e-07
-9.107614976e-08
-1.710654639e-07
-1.035906361e-07
-1.664292358e-07
-1.154960722e-07
-1.606847806e-07
-1.265633175e-07
-1.538215553e-07
-1.365482512e-07
-1.45854817e-07
-1.451973259e-07
-1.368304065e-07
-1.522550762e-07
-1.268288919e-07
-1.574735969e-07
-1.159685673e-07
-1.606238066e-07
-1.044067792e-07
-1.61508054e-07
-9.233910235e-08
-1.599733485e-07
-7.9996018e-08
-1.559242365e-07
-6.76369599e-08
-1.493341482e-07
-5.55418759e-08
-1.402539747e-07
-4.400076724e-08
-1.288167305e-07
-3.330196609e-08
-1.152374429e-07
-2.372013963e-08
-9.980787451e-08
-1.550511433e-08
-8.28862814e-08
-8.872577396e-09
-6.488293822e-08
-3.997560466e-09
-4.62423609e-08
-1.011192974e-09
-2.742503459e-08
-8.900524097e-09
-5.333210618e-10
9.784124775e-09
-2.007745266e-09
2.738588982e-08
-4.304600452e-09
4.307934082e-08
-7.313289617e-09
5.69525913e-08
-1.093169671e-08
6.910829759e-08
-1.506662269e-08
7.965983027e-08
-1.963402477e-08
8.872630759e-08
-2.455903334e-08
9.642824261e-08
-2.97757566e-08
1.028838432e-07
-3.522689464e-08
1.082059683e-07
-4.08631948e-08
1.12499725e-07
-4.664278509e-08
1.158606803e-07
-5.253042287e-08
1.183736451e-07
-5.849669389e-08
1.201119766e-07
-6.451719163e-08
1.211373359e-07
-7.057170107e-08
1.214998315e-07
-7.6643405e-08
1.21238479e-07
-8.2718125e-08
1.203819101e-07
-8.87836038e-08
1.189492655e-07
-9.482883174e-08
1.169512192e-07
-1.008434166e-07
1.143910844e-07
-1.068169938e-07
1.112659647e-07
-1.127386721e-07
1.075679234e-07
-1.185965105e-07
1.032851503e-07
-1.243770197e-07
9.840311878e-08
-1.300646841e-07
9.290572875e-08
-1.356415004e-07
8.677644074e-08
-1.410865285e-07
7.999941029e-08
-1.46375455e-07
7.256063601e-08
-1.514801685e-07
6.444913746e-08
-1.563683509e-07
5.565818074e-08
-1.610030926e-07
4.618657047e-08
-1.653425414e-07
3.604002617e-08
-1.693396051e-07
2.523265998e-08
-1.729417305e-07
1.378856899e-08
-1.760908258e-07
1.743530827e-09
-1.787232949e-07
-1.085326134e-08
-1.80770486e-07
-2.393750929e-08
-1.82159005e-07
-3.742796275e-08
-1.828116528e-07
-5.122396326e-08
-1.826487995e-07
-6.520351065e-08
-1.815903217e-07
-7.922148662e-08
-1.795581972e-07
-9.310827127e-08
-1.764798322e-07
-1.066689982e-07
-1.722921549e-07
-1.196837466e-07
-1.669464529e-07
-1.319090167e-07
-1.604138411e-07
-1.430808602e-07
-1.526911376e-07
-1.529200266e-07
-1.438067961e-07
-1.611394149e-07
-1.338264111e-07
-1.674539792e-07
-1.228571997e-07
-1.715930153e-07
-1.110508004e-07
-1.733144506e-07
-9.860373906e-08
-1.724204072e-07
-8.575502836e-08
-1.687729446e-07
-7.278059568e-08
-1.623085783e-07
-5.998456378e-08
-1.530500041e-07
-4.768780799e-08
-1.411134837e-07
-3.621461686e-08
-1.267106315e-07
-2.587862018e-08
-1.101438686e-07
-1.696934271e-08
-9.179555635e-08
-9.74075622e-09
-7.211152201e-08
-4.403054598e-09
-5.158006012e-08
-1.118394795e-09
-3.070969216e-08
-1.001891819e-08
-5.313578739e-10
1.031548406e-08
-2.002013673e-09
2.885654721e-08
-4.294412087e-09
4.537174107e-08
-7.298150751e-09
5.995633186e-08
-1.091065628e-08
7.272080503e-08
-1.503784948e-08
8.37870254e-08
-1.95945902e-08
9.328305027e-08
-2.45048672e-08
1.013385216e-07
-2.970173797e-08
1.08080716e-07
-3.512704168e-08
1.136312741e-07
-4.073092077e-08
1.181036062e-07
-4.647119377e-08
1.216009555e-07
-5.231262274e-08
1.242150763e-07
-5.822611558e-08
1.260254717e-07
-6.41878984e-08
1.270991211e-07
-7.017868596e-08
1.274906214e-07
-7.61828712e-08
1.272426667e-07
-8.218774807e-08
1.263867894e-07
-8.818277593e-08
1.249442959e-07
-9.415888892e-08
1.229273348e-07
-1.001078497e-07
1.203400479e-07
-1.060216448e-07
1.171797625e-07
-1.118919158e-07
1.134381972e-07
-1.177094219e-07
1.091026592e-07
-1.234635253e-07
1.041572251e-07
-1.291416958e-07
9.858390229e-08
-1.347290268e-07
9.236377469e-08
-1.402077579e-07
8.547814443e-08
-1.45556802e-07
7.790968325e-08
-1.507512731e-07
6.964361169e-08
-1.557620155e-07
6.066892636e-08
-1.60555139e-07
5.09796972e-08
-1.650915667e-07
4.057645714e-08
-1.693266105e-07
2.946770716e-08
-1.73209596e-07
1.76715578e-08
-1.766835807e-07
5.217518886e-09
-1.796851881e-07
-7.851650658e-09
-1.821448034e-07
-2.147789074e-08
-1.839866549e-07
-3.558610798e-08
-1.851294191e-07
-5.008119574e-08
-1.854872977e-07
-6.484562891e-08
-1.849716803e-07
-7.973710084e-08
-1.834935254e-07
-9.458642294e-08
-1.809665765e-07
-1.091959441e-07
-1.773115035e-07
-1.233388165e-07
-1.724610055e-07
-1.367595116e-07
-1.663658173e-07
-1.491760454e-07
-1.590014418e-07
-1.602843992e-07
-1.503752732e-07
-1.697655806e-07
-1.405336027e-07
-1.772956468e-07
-1.29567832e-07
-1.825587832e-07
-1.176190934e-07
-1.852631863e-07
-1.048804318e-07
-1.85159066e-07
-9.159578167e-08
-1.82057592e-07
-7.805519833e-08
-1.758491589e-07
-6.458617864e-08
-1.66519021e-07
-5.154139485e-08
-1.541582648e-07
-3.928370044e-08
-1.389683231e-07
-2.816974792e-08
-1.212578184e-07
-1.853388285e-08
-1.014314187e-07
-1.067407736e-08
-7.99713251e-08
-4.841540412e-09
-5.741259424e-08
-1.235107799e-09
-3.431612208e-08
-1.125402536e-08
-5.281858471e-10
1.084367062e-08
-1.991929342e-09
3.032029306e-08
-4.275025535e-09
4.765483946e-08
-7.267296264e-09
6.294860475e-08
-1.086561659e-08
7.631912751e-08
-1.497486509e-08
8.789627608e-08
-1.950861751e-08
9.781680488e-08
-2.438953994e-08
1.062194463e-07
-2.954948325e-08
1.132406616e-07
-3.492930487e-08
1.19011098e-07
-4.047846016e-08
1.236527638e-07
-4.615441365e-08
1.272769113e-07
-5.192192137e-08
1.299825864e-07
-5.775223176e-08
1.318557846e-07
-6.362224611e-08
1.32969138e-07
-6.951367138e-08
1.333820493e-07
-7.541218961e-08
1.331411876e-07
-8.130666081e-08
1.322812633e-07
-8.718836868e-08
1.308260065e-07
-9.305031351e-08
1.287892825e-07
-9.888655195e-08
1.261762892e-07
-1.046915802e-07
1.229847937e-07
-1.104597554e-07
1.192063754e-07
-1.16184748e-07
1.148276549e-07
-1.218590186e-07
1.098314988e-07
-1.274733103e-07
1.041981972e-07
-1.330161506e-07
9.790661825e-08
-1.384733549e-07
9.093535207e-08
-1.438275258e-07
8.326385749e-08
-1.49057543e-07
7.487363225e-08
-1.541380413e-07
6.574942802e-08
-1.590388756e-07
5.588053504e-08
-1.637245779e-07
4.526216291e-08
-1.681538132e-07
3.389694595e-08
-1.722788547e-07
2.179660287e-08
-1.760451045e-07
8.983772288e-09
-1.793907198e-07
-4.506031835e-09
-1.822464866e-07
-1.862212043e-08
-1.845357134e-07
-3.329687766e-08
-1.86174425e-07
-4.844248068e-08
-1.870720709e-07
-6.394797957e-08
-1.871328199e-07
-7.967634847e-08
-1.862576038e-07
-9.546163567e-08
-1.843470783e-07
-1.111064663e-07
-1.813056515e-07
-1.263802401e-07
-1.770466881e-07
-1.410184718e-07
-1.714989104e-07
-1.547238199e-07
-1.646138892e-07
-1.671694173e-07
-1.563743376e-07
-1.780051291e-07
-1.468027068e-07
-1.868672745e-07
-1.359693513e-07
-1.933921357e-07
-1.239993288e-07
-1.972332059e-07
-1.11076775e-07
-1.980816169e-07
-9.744580706e-08
-1.956885571e-07
-8.340710621e-08
-1.898878569e-07
-6.930973704e-08
-1.806163874e-07
-5.55383433e-08
-1.679296557e-07
-4.249654989e-08
-1.520101137e-07
-3.058806966e-08
-1.331662958e-07
-2.019752115e-08
-1.118219645e-07
-1.167319545e-08
-8.849564791e-08
-5.313942992e-09
-6.377184392e-08
-1.361763689e-09
-3.82682988e-08
-1.261578831e-08
-5.241418004e-10
1.136781403e-08
-1.978710176e-09
3.177486353e-08
-4.248922735e-09
4.992505434e-08
-7.224689969e-09
6.592437434e-08
-1.080208381e-08
7.989652373e-08
-1.488464088e-08
9.197883553e-08
-1.9384354e-08
1.023165204e-07
-2.422230154e-08
1.110573962e-07
-2.932891475e-08
1.183472773e-07
-3.464391566e-08
1.243261014e-07
-4.011597764e-08
1.291248284e-07
-4.570216949e-08
1.328631058e-07
-5.136724447e-08
1.35647664e-07
-5.708283096e-08
1.375713738e-07
-6.282657253e-08
1.387128823e-07
-6.858125586e-08
1.391367354e-07
-7.433395476e-08
1.388938893e-07
-8.007520916e-08
1.380225206e-07
-8.579825048e-08
1.365490508e-07
-9.149827776e-08
1.344893128e-07
-9.717178473e-08
1.318497992e-07
-1.028159337e-07
1.286289458e-07
-1.084279705e-07
1.248184154e-07
-1.140046726e-07
1.204043602e-07
-1.195418218e-07
1.153686514e-07
-1.250336932e-07
1.096900719e-07
-1.304725497e-07
1.033454782e-07
-1.358481357e-07
9.63109415e-08
-1.411471585e-07
8.856288382e-08
-1.463527524e-07
8.007922965e-08
-1.514439166e-07
7.084059581e-08
-1.563949245e-07
6.083154659e-08
-1.611747018e-07
5.004194388e-08
-1.657461778e-07
3.846842566e-08
-1.700656209e-07
2.611604973e-08
-1.740819794e-07
1.300013448e-08
-1.777362986e-07
-8.517088137e-10
-1.809612078e-07
-1.539720754e-08
-1.836807134e-07
-3.057736834e-08
-1.858098746e-07
-4.631331586e-08
-1.872551045e-07
-6.250274609e-08
-1.879150057e-07
-7.901644374e-08
-1.876819551e-07
-9.569468272e-08
-1.864446532e-07
-1.123437647e-07
-1.840918532e-07
-1.287330366e-07
-1.805174623e-07
-1.445928594e-07
-1.75627134e-07
-1.59614145e-07
-1.693463461e-07
-1.73450202e-07
-1.61629766e-07
-1.85721706e-07
-1.524714493e-07
-1.96025588e-07
-1.419151233e-07
-2.039484586e-07
-1.300635063e-07
-2.090848199e-07
-1.170853856e-07
-2.110597346e-07
-1.032190837e-07
-2.095548561e-07
-8.87710785e-08
-2.043358592e-07
-7.410894769e-08
-1.952785153e-07
-5.964847706e-08
-1.823901234e-07
-4.583563987e-08
-1.658229479e-07
-3.312505907e-08
-1.458768736e-07
-2.195732251e-08
-1.229896981e-07
-1.27379571e-08
-9.771501064e-08
-5.820906709e-09
-7.068889134e-08
-1.498748238e-09
-4.25904544e-08
-1.411453582e-08
-5.19659347e-10
1.188747439e-08
-1.96391231e-09
3.321911923e-08
-4.219270622e-09
5.218041526e-08
-7.175386701e-09
6.8880493e-08
-1.072708202e-08
8.344822162e-08
-1.477608338e-08
9.602783946e-08
-1.923236874e-08
1.067728084e-07
-2.401506728e-08
1.158400974e-07
-2.90529162e-08
1.233851289e-07
-3.428431773e-08
1.295575056e-07
-3.965706243e-08
1.344975758e-07
-4.512779451e-08
1.383338406e-07
-5.066129373e-08
1.411811661e-07
-5.622964149e-08
1.431397244e-07
-6.181132787e-08
1.442945716e-07
-6.739034404e-08
1.447157545e-07
-7.295529253e-08
1.444588408e-07
-7.849853693e-08
1.435657681e-07
-8.401540338e-08
1.420659204e-07
-8.950343899e-08
1.399773516e-07
-9.496172669e-08
1.373080902e-07
-1.003902522e-07
1.340574746e-07
-1.057893159e-07
1.302174825e-07
-1.111589817e-07
1.257740294e-07
-1.164985515e-07
1.207082246e-07
-1.218060564e-07
1.149975803e-07
-1.270777539e-07
1.086171793e-07
-1.32307619e-07
1.015408103e-07
-1.3748682e-07
9.374208844e-08
-1.426031671e-07
8.51955804e-08
-1.476405252e-07
7.587795766e-08
-1.52578182e-07
6.576920717e-08
-1.573901648e-07
5.485393055e-08
-1.620445049e-07
4.31227696e-08
-1.665024519e-07
3.057400056e-08
-1.707176546e-07
1.721534107e-08
-1.746353643e-07
3.066004731e-09
-1.781915913e-07
-1.184097661e-08
-1.81312701e-07
-2.745625482e-08
-1.839146363e-07
-4.371137684e-08
-1.859027408e-07
-6.051463782e-08
-1.871720617e-07
-7.774711923e-08
-1.876083617e-07
-9.525837902e-08
-1.870901001e-07
-1.128620227e-07
-1.854916607e-07
-1.303314725e-07
-1.826881098e-07
-1.473964068e-07
-1.785617196e-07
-1.637405317e-07
-1.730103833e-07
-1.79001535e-07
-1.659578541e-07
-1.927742318e-07
-1.573654607e-07
-2.046179781e-07
-1.472445848e-07
-2.140693313e-07
-1.356687879e-07
-2.206606137e-07
-1.227841034e-07
-2.23944416e-07
-1.08815777e-07
-2.235231795e-07
-9.406975267e-08
-2.190818805e-07
-7.892756163e-08
-2.104207034e-07
-6.383400537e-08
-1.974836767e-07
-4.927807581e-08
-1.803788745e-07
-3.576875207e-08
-1.593861943e-07
-2.380840628e-08
-1.34950041e-07
-1.386728385e-08
-1.076561301e-07
-6.362749842e-09
-7.819342231e-08
-1.646392631e-09
-4.73068088e-08
-1.576092771e-08
-5.152807015e-10
1.240275686e-08
-1.94948378e-09
3.465332484e-08
-4.190026143e-09
5.442096033e-08
-7.125692588e-09
7.181616218e-08
-1.064936449e-08
8.697189625e-08
-1.466028692e-08
1.000387646e-07
-1.906583331e-08
1.111783575e-07
-2.378271261e-08
1.205569795e-07
-2.873762875e-08
1.283400478e-07
-3.386745308e-08
1.346873328e-07
-3.911899646e-08
1.39749122e-07
-4.444847589e-08
1.43663323e-07
-4.982076774e-08
1.465534609e-07
-5.520852881e-08
1.485274884e-07
-6.059125208e-08
1.496772979e-07
-6.59543089e-08
1.500788144e-07
-7.12880143e-08
1.497925494e-07
-7.658673958e-08
1.488644966e-07
-8.184808525e-08
1.473272693e-07
-8.707211955e-08
1.452013892e-07
-9.226068128e-08
1.424966553e-07
-9.74167416e-08
1.392135383e-07
-1.025438165e-07
1.353445609e-07
-1.076454201e-07
1.308756365e-07
-1.127245471e-07
1.257873552e-07
-1.177831739e-07
1.200562106e-07
-1.228217637e-07
1.136557729e-07
-1.278387669e-07
1.065578171e-07
-1.328300994e-07
9.873342464e-08
-1.377885898e-07
9.01540746e-08
-1.427033808e-07
8.079275252e-08
-1.475592727e-07
7.062510295e-08
-1.523359987e-07
5.963066039e-08
-1.570074232e-07
4.779419809e-08
-1.615406609e-07
3.510724219e-08
-1.658951217e-07
2.15698058e-08
-1.700215017e-07
7.192388752e-09
-1.738607311e-07
-8.001743297e-09
-1.773431905e-07
-2.397379154e-08
-1.80387643e-07
-4.06669205e-08
-1.829005098e-07
-5.800176716e-08
-1.847755863e-07
-7.587203896e-08
-1.858943883e-07
-9.413957334e-08
-1.861274173e-07
-1.126289901e-07
-1.853366829e-07
-1.311222032e-07
-1.833798551e-07
-1.493532312e-07
-1.801164069e-07
-1.670039765e-07
-1.75416036e-07
-1.837019024e-07
-1.691694747e-07
-1.990207899e-07
-1.61301506e-07
-2.124859435e-07
-1.517855887e-07
-2.235852454e-07
-1.406589792e-07
-2.3178722e-07
-1.28036711e-07
-2.365666812e-07
-1.141223607e-07
-2.374375268e-07
-9.9213364e-08
-2.339908742e-07
-8.369888508e-08
-2.259351793e-07
-6.804899354e-08
-2.131335653e-07
-5.279513385e-08
-1.956327312e-07
-3.850341015e-08
-1.73677915e-07
-2.574373747e-08
-1.477097107e-07
-1.505906784e-08
-1.183407969e-07
-6.939425231e-09
-8.631306194e-08
-1.804965168e-09
-5.244126594e-08
-1.756589208e-08
-5.116786523e-10
1.291443677e-08
-1.937829154e-09
3.607947835e-08
-4.166061826e-09
5.664919593e-08
-7.083353747e-09
7.473345699e-08
-1.057965764e-08
9.046820302e-08
-1.455081775e-08
1.040099276e-07
-1.890082787e-08
1.155283705e-07
-2.354338244e-08
1.251995369e-07
-2.84027463e-08
1.331994146e-07
-3.341402986e-08
1.396986193e-07
-3.852298479e-08
1.4485808e-07
-4.36854417e-08
1.488257829e-07
-4.886650347e-08
1.517345257e-07
-5.40395925e-08
1.537005806e-07
-5.918543078e-08
1.548231393e-07
-6.429101226e-08
1.551843991e-07
-6.934860864e-08
1.54850149e-07
-7.43548348e-08
1.53870726e-07
-7.930978712e-08
1.52282225e-07
-8.421625925e-08
1.501078647e-07
-8.907903254e-08
1.47359432e-07
-9.390423444e-08
1.440387437e-07
-9.869875464e-08
1.401390846e-07
-1.034697075e-07
1.356465929e-07
-1.082239281e-07
1.305415794e-07
-1.129674882e-07
1.247997745e-07
-1.177052198e-07
1.183935082e-07
-1.224402299e-07
1.11292831e-07
-1.271733943e-07
1.034665928e-07
-1.319028142e-07
9.488349835e-08
-1.366232207e-07
8.551316292e-08
-1.413253114e-07
7.532719756e-08
-1.459950044e-07
6.430035731e-08
-1.506125958e-07
5.241179344e-08
-1.5515181e-07
3.964646037e-08
-1.595787391e-07
2.599673882e-08
-1.638506723e-07
1.146432597e-08
-1.679148448e-07
-3.937566777e-09
-1.717072869e-07
-2.018134557e-08
-1.751515193e-07
-3.722268416e-08
-1.781572761e-07
-5.499600653e-08
-1.806196093e-07
-7.340970195e-08
-1.824185032e-07
-9.234067575e-08
-1.834193016e-07
-1.11628188e-07
-1.834743334e-07
-1.310671679e-07
-1.82426187e-07
-1.50401374e-07
-1.801131287e-07
-1.693170313e-07
-1.763771268e-07
-1.87437901e-07
-1.710748151e-07
-2.043230981e-07
-1.640914519e-07
-2.194693035e-07
-1.553574788e-07
-2.323192153e-07
-1.448666783e-07
-2.422780173e-07
-1.326942142e-07
-2.487391423e-07
-1.190121707e-07
-2.511195672e-07
-1.040997723e-07
-2.489032697e-07
-8.834549424e-08
-2.416894544e-07
-7.223895795e-08
-2.292400986e-07
-5.635187581e-08
-2.115198103e-07
-4.130923049e-08
-1.887205573e-07
-2.775394993e-08
-1.612649884e-07
-1.63100856e-08
-1.297846584e-07
-7.550490531e-09
-9.507265388e-08
-1.974666753e-09
-5.801708681e-08
-1.954055813e-08
-5.096775201e-10
1.342411614e-08
-1.931890663e-09
3.750169434e-08
-4.153320066e-09
5.887062831e-08
-7.057783388e-09
7.76379233e-08
-1.05309475e-08
9.394137011e-08
-1.446403845e-08
1.079430216e-07
-1.875667823e-08
1.198210133e-07
-2.331881596e-08
1.297616777e-07
-2.807180655e-08
1.379524082e-07
-3.294876233e-08
1.445755781e-07
-3.789433291e-08
1.498036536e-07
-4.286406915e-08
1.537955222e-07
-4.782351329e-08
1.56693973e-07
-5.274713378e-08
1.586242043e-07
-5.761719762e-08
1.596932064e-07
-6.2422648e-08
1.599898528e-07
-6.715803252e-08
1.595855369e-07
-7.182250917e-08
1.58535206e-07
-7.641894288e-08
1.568786621e-07
-8.095309509e-08
1.546420204e-07
-8.543290158e-08
1.51839242e-07
-8.986782914e-08
1.484736748e-07
-9.42682989e-08
1.44539558e-07
-9.864516252e-08
1.400234602e-07
-1.030092169e-07
1.349056374e-07
-1.073707425e-07
1.291613038e-07
-1.117390503e-07
1.227618196e-07
-1.161220213e-07
1.156758058e-07
-1.205256246e-07
1.078701999e-07
-1.249533946e-07
9.931127217e-08
-1.294058528e-07
8.996562488e-08
-1.338798542e-07
7.980120287e-08
-1.383678415e-07
6.878834852e-08
-1.428569864e-07
5.690094229e-08
-1.473282023e-07
4.411768023e-08
-1.517550128e-07
3.042355325e-08
-1.561022731e-07
1.581159025e-08
-1.603247693e-07
2.84933339e-10
-1.643656587e-07
-1.614045221e-08
-1.681550871e-07
-3.343325194e-08
-1.716083241e-07
-5.154276567e-08
-1.746242831e-07
-7.039373917e-08
-1.770843728e-07
-8.988058243e-08
-1.788520015e-07
-1.098605556e-07
-1.797731435e-07
-1.301460223e-07
-1.796784822e-07
-1.504960319e-07
-1.783877415e-07
-1.706077685e-07
-1.757168568e-07
-1.901087822e-07
-1.71488571e-07
-2.085513808e-07
-1.655468169e-07
-2.254110544e-07
-1.577748054e-07
-2.400912236e-07
-1.481160503e-07
-2.519367694e-07
-1.365966776e-07
-2.602585119e-07
-1.233464091e-07
-2.643698328e-07
-1.086148214e-07
-2.636348546e-07
-9.277917776e-08
-2.575250952e-07
-7.634060894e-08
-2.456786645e-07
-5.990685987e-08
-2.279535565e-07
-4.416212111e-08
-2.044652932e-07
-2.982721461e-08
-1.75599892e-07
-1.761594348e-08
-1.419959267e-07
-8.195096074e-09
-1.044934985e-07
-2.155631308e-09
-6.405654878e-08
-2.169618863e-08
-5.102865275e-10
1.393440412e-08
-1.935250889e-09
3.892666186e-08
-4.159005524e-09
6.109438606e-08
-7.060339387e-09
8.053926024e-08
-1.051882133e-08
9.739985511e-08
-1.441948245e-08
1.118436857e-07
-1.865632904e-08
1.240578629e-07
-2.313468608e-08
1.342400378e-07
-2.777246919e-08
1.425901944e-07
-3.250056772e-08
1.493036798e-07
-3.726254887e-08
1.545656379e-07
-4.201388538e-08
1.585468619e-07
-4.672088348e-08
1.614009743e-07
-5.135945474e-08
1.632627787e-07
-5.591384012e-08
1.64247595e-07
-6.037536209e-08
1.64451378e-07
-6.47412536e-08
1.639514317e-07
-6.901359068e-08
1.628075465e-07
-7.319833915e-08
1.61063414e-07
-7.730451487e-08
1.587481995e-07
-8.134344897e-08
1.558781796e-07
-8.532814537e-08
1.524583748e-07
-8.92727152e-08
1.484841314e-07
-9.319187195e-08
1.439426205e-07
-9.71004706e-08
1.388142397e-07
-1.010130743e-07
1.330739112e-07
-1.049435322e-07
1.266922812e-07
-1.089045515e-07
1.196368288e-07
-1.129072474e-07
1.118728995e-07
-1.169606529e-07
1.033646814e-07
-1.210711702e-07
9.407614602e-08
-1.252419436e-07
8.397198008e-08
-1.294721325e-07
7.301854127e-08
-1.33756063e-07
6.118487663e-08
-1.380822335e-07
4.844385455e-08
-1.42432152e-07
3.477347559e-08
-1.467789957e-07
2.015843786e-08
-1.510860964e-07
4.592037888e-09
-1.553051113e-07
-1.192143351e-08
-1.593744524e-07
-2.9363907e-08
-1.632170382e-07
-4.770017616e-08
-1.66738224e-07
-6.687254969e-08
-1.69823907e-07
-8.67948958e-08
-1.723390714e-07
-1.073453877e-07
-1.741271817e-07
-1.283579085e-07
-1.750109773e-07
-1.496122329e-07
-1.747953727e-07
-1.708233698e-07
-1.732732898e-07
-1.916308619e-07
-1.702352805e-07
-2.115893868e-07
-1.654836635e-07
-2.301626683e-07
-1.588515129e-07
-2.467233712e-07
-1.502261267e-07
-2.605621526e-07
-1.39575564e-07
-2.709090718e-07
-1.269755763e-07
-2.769698178e-07
-1.126330287e-07
-2.779773994e-07
-9.690111231e-08
-2.732570088e-07
-8.028175111e-08
-2.62298023e-07
-6.341195934e-08
-2.448233455e-07
-4.703355544e-08
-2.208436943e-07
-3.194916945e-08
-1.906842753e-07
-1.897106679e-08
-1.549740269e-07
-8.871996242e-09
-1.14592566e-07
-2.347933515e-09
-7.058060867e-08
-2.404412152e-08
-5.147381253e-10
1.444914411e-08
-1.952265701e-09
4.036419248e-08
-4.191829012e-09
6.33339525e-08
-7.104668052e-09
8.345210241e-08
-1.056187887e-08
1.00857069e-07
-1.444028906e-08
1.15722099e-07
-1.862675643e-08
1.282443334e-07
-2.302094769e-08
1.386342321e-07
-2.753676629e-08
1.471060161e-07
-3.21026946e-08
1.538696112e-07
-3.666133588e-08
1.591242823e-07
-4.116841874e-08
1.63053948e-07
-4.559148525e-08
1.65824044e-07
-4.990843507e-08
1.675797318e-07
-5.410605078e-08
1.68445214e-07
-5.817858793e-08
1.685239185e-07
-6.212647982e-08
1.678993269e-07
-6.59551815e-08
1.666362515e-07
-6.967415894e-08
1.647823948e-07
-7.329601744e-08
1.623700615e-07
-7.683575566e-08
1.594179212e-07
-8.031012769e-08
1.559327503e-07
-8.373709392e-08
1.519111011e-07
-8.713534102e-08
1.473408712e-07
-9.052385202e-08
1.422027543e-07
-9.392150798e-08
1.364715708e-07
-9.73467035e-08
1.301174803e-07
-1.008169586e-07
1.231070875e-07
-1.043485091e-07
1.154044537e-07
-1.079558585e-07
1.069720345e-07
-1.116512698e-07
9.7771561e-08
-1.154441796e-07
8.776489361e-08
-1.193405094e-07
7.691487472e-08
-1.233418496e-07
6.518622054e-08
-1.274444897e-07
5.25464984e-08
-1.316382644e-07
3.896725398e-08
-1.359051921e-07
2.442536929e-08
-1.402178716e-07
8.904721152e-09
-1.445375881e-07
-7.601713256e-09
-1.488124446e-07
-2.508904689e-08
-1.529748966e-07
-4.353772056e-08
-1.569391701e-07
-6.290827265e-08
-1.605986743e-07
-8.313538817e-08
-1.638236055e-07
-1.04120453e-07
-1.664591185e-07
-1.257223922e-07
-1.683246158e-07
-1.477467323e-07
-1.692149184e-07
-1.69933064e-07
-1.689042868e-07
-1.919414904e-07
-1.671544138e-07
-2.133392568e-07
-1.637275126e-07
-2.335895665e-07
-1.584053548e-07
-2.52045526e-07
-1.510144549e-07
-2.679530497e-07
-1.414564614e-07
-2.804670626e-07
-1.297412618e-07
-2.886850146e-07
-1.160185614e-07
-2.917000972e-07
-1.006022469e-07
-2.886733207e-07
-8.398132927e-08
-2.78918938e-07
-6.68122885e-08
-2.619923836e-07
-4.98905147e-08
-2.377654655e-07
-3.410292336e-08
-2.064718641e-07
-2.036874504e-08
-1.687082025e-07
-9.579595663e-09
-1.253817128e-07
-2.551608535e-09
-7.76085933e-08
-2.659572927e-08
-5.245439141e-10
1.49736896e-08
-1.988237536e-09
4.18278893e-08
-4.262319176e-09
6.560803732e-08
-7.207132909e-09
8.639691929e-08
-1.068222972e-08
1.04332169e-07
-1.455370822e-08
1.195935806e-07
-1.869941846e-08
1.323900467e-07
-2.301218033e-08
1.429469971e-07
-2.740129627e-08
1.514951352e-07
-3.179274184e-08
1.582610599e-07
-3.612842242e-08
1.634599661e-07
-4.03648374e-08
1.672903661e-07
-4.447142717e-08
1.69930637e-07
-4.842880858e-08
1.715371164e-07
-5.222704082e-08
1.722434495e-07
-5.586401105e-08
1.72160892e-07
-5.934398791e-08
1.713793071e-07
-6.267636161e-08
1.699686286e-07
-6.587456904e-08
1.679806056e-07
-6.895518998e-08
1.654506858e-07
-7.193719347e-08
1.623999281e-07
-7.484131038e-08
1.588368706e-07
-7.768950773e-08
1.547593019e-07
-8.05045412e-08
1.501559081e-07
-8.330956359e-08
1.450077801e-07
-8.612776886e-08
1.392897795e-07
-8.898205255e-08
1.329717675e-07
-9.189467043e-08
1.260197089e-07
-9.488687739e-08
1.183966642e-07
-9.797852851e-08
1.100636891e-07
-1.011876231e-07
1.009806591e-07
-1.045297713e-07
9.110704537e-08
-1.080175596e-07
8.040266655e-08
-1.116597891e-07
6.882845356e-08
-1.154605567e-07
5.634726954e-08
-1.194181448e-07
4.292484563e-08
-1.235236836e-07
2.853091157e-08
-1.277595469e-07
1.314058802e-08
-1.320974271e-07
-3.263829593e-09
-1.364962435e-07
-2.069022703e-08
-1.408995862e-07
-3.913437444e-08
-1.452327158e-07
-5.857513972e-08
-1.493993877e-07
-7.896871299e-08
-1.53278593e-07
-1.002412445e-07
-1.5672153e-07
-1.222794519e-07
-1.595493179e-07
-1.449189413e-07
-1.615522182e-07
-1.679301608e-07
-1.624914259e-07
-1.910022797e-07
-1.621047775e-07
-2.137259023e-07
-1.601178962e-07
-2.355764451e-07
-1.562622223e-07
-2.559011972e-07
-1.503008572e-07
-2.739144122e-07
-1.420620255e-07
-2.887058917e-07
-1.314781711e-07
-2.992688666e-07
-1.186264156e-07
-3.045518503e-07
-1.037638351e-07
-3.035358988e-07
-8.734957873e-08
-2.95333192e-07
-7.004621355e-08
-2.792957463e-07
-5.26955137e-08
-2.551161629e-07
-3.626914427e-08
-2.228982312e-07
-2.180125098e-08
-1.831760937e-07
-1.031603959e-08
-1.368669215e-07
-2.766685681e-09
-8.515794461e-08
-2.936241445e-08
-5.415657168e-10
1.551525713e-08
-2.049643592e-09
4.333597028e-08
-4.383223576e-09
6.794162045e-08
-7.387351402e-09
8.940105025e-08
-1.0906094e-08
1.078509147e-07
-1.47916801e-08
1.234791698e-07
-1.891073204e-08
1.365091017e-07
-2.314789516e-08
1.471841633e-07
-2.740731303e-08
1.557545561e-07
-3.161250138e-08
1.624662514e-07
-3.570514796e-08
1.675526158e-07
-3.964328055e-08
1.712285018e-07
-4.339914381e-08
1.736865034e-07
-4.695702674e-08
1.750950025e-07
-5.031119818e-08
1.755976241e-07
-5.346404104e-08
1.75313738e-07
-5.642442676e-08
1.74339696e-07
-5.920633795e-08
1.72750543e-07
-6.182772601e-08
1.706019969e-07
-6.430957818e-08
1.679325412e-07
-6.667516335e-08
1.647655166e-07
-6.894942418e-08
1.611111347e-07
-7.11584848e-08
1.569683658e-07
-7.33292454e-08
1.52326672e-07
-7.548903838e-08
1.471675764e-07
-7.766532313e-08
1.414660676e-07
-7.988539906e-08
1.351918468e-07
-8.217611831e-08
1.283104314e-07
-8.456358005e-08
1.207841293e-07
-8.707278869e-08
1.12572901e-07
-8.972725787e-08
1.036351316e-07
-9.254854036e-08
9.392833118e-08
-9.555566106e-08
8.340979056e-08
-9.876442685e-08
7.203722266e-08
-1.021865824e-07
5.97694284e-08
-1.058287746e-07
4.656704115e-08
-1.096912822e-07
3.239342247e-08
-1.137664746e-07
1.721578368e-08
-1.180369371e-07
1.006636191e-09
-1.22473182e-07
-1.625397891e-08
-1.270311707e-07
-3.457638257e-08
-1.316490015e-07
-5.39573059e-08
-1.362432831e-07
-7.437442832e-08
-1.407051472e-07
-9.577937733e-08
-1.448961221e-07
-1.180884741e-07
-1.486442957e-07
-1.411707649e-07
-1.517414789e-07
-1.648329748e-07
-1.539424508e-07
-1.888013051e-07
-1.549677838e-07
-2.127005666e-07
-1.545121292e-07
-2.360320972e-07
-1.522600212e-07
-2.581533028e-07
-1.479110031e-07
-2.782634279e-07
-1.412149054e-07
-2.954019871e-07
-1.320162113e-07
-3.084675585e-07
-1.203036594e-07
-3.162643999e-07
-1.06258008e-07
-3.175815481e-07
-9.028820083e-08
-3.113029969e-07
-7.304539807e-08
-2.965385469e-07
-5.540668982e-08
-2.72754869e-07
-3.84262342e-08
-2.398786847e-07
-2.32600432e-08
-1.983422824e-07
-1.107936433e-08
-1.490475983e-07
-2.993245355e-09
-9.324406156e-08
-3.23556591e-08
-5.68115258e-10
1.608337401e-08
-2.144437743e-09
4.491229587e-08
-4.57002616e-09
7.036721198e-08
-7.668865849e-09
9.249989302e-08
-1.126452182e-08
1.114465737e-07
-1.519148558e-08
1.274061366e-07
-1.930254761e-08
1.406201668e-07
-2.347275051e-08
1.513543692e-07
-2.760062763e-08
1.598824363e-07
-3.160751888e-08
1.664731457e-07
-3.543567779e-08
1.713807777e-07
-3.904573943e-08
1.748385665e-07
-4.241396533e-08
1.770547323e-07
-4.55295446e-08
1.782105849e-07
-4.839211879e-08
1.784602014e-07
-5.100961548e-08
1.779312378e-07
-5.339641789e-08
1.767265015e-07
-5.557186102e-08
1.749259892e-07
-5.755902351e-08
1.725891625e-07
-5.938377423e-08
1.697572951e-07
-6.107402947e-08
1.66455775e-07
-6.265917827e-08
1.626962867e-07
-6.416963675e-08
1.584788274e-07
-6.563649754e-08
1.537935359e-07
-6.709124474e-08
1.486223268e-07
-6.856550934e-08
1.429403353e-07
-7.009084354e-08
1.367171841e-07
-7.169849508e-08
1.299180861e-07
-7.341916381e-08
1.225048011e-07
-7.528272368e-08
1.14436464e-07
-7.731789364e-08
1.056703047e-07
-7.955183926e-08
9.616227988e-08
-8.200968378e-08
8.586763814e-08
-8.471390342e-08
7.474144534e-08
-8.768357662e-08
6.273910462e-08
-9.093344952e-08
4.981691707e-08
-9.447277161e-08
3.593274754e-08
-9.830386075e-08
2.10468758e-08
-1.024203328e-07
5.123111208e-09
-1.068047783e-07
-1.186953051e-08
-1.114263556e-07
-2.995480233e-08
-1.162373692e-07
-4.914628946e-08
-1.211693472e-07
-6.944244765e-08
-1.261285043e-07
-9.082021753e-08
-1.309906938e-07
-1.132262819e-07
-1.355961491e-07
-1.36565307e-07
-1.397446111e-07
-1.606845104e-07
-1.43191854e-07
-1.853540597e-07
-1.456491593e-07
-2.102432589e-07
-1.467878769e-07
-2.348933774e-07
-1.462517071e-07
-2.586894703e-07
-1.436794556e-07
-2.808356772e-07
-1.387403735e-07
-3.003410671e-07
-1.311824102e-07
-3.160255199e-07
-1.208905553e-07
-3.265562528e-07
-1.07948232e-07
-3.305238695e-07
-9.269043644e-08
-3.265607906e-07
-7.573479347e-08
-3.134941879e-07
-5.797790721e-08
-2.905117533e-07
-4.055058188e-08
-2.573060082e-07
-2.473607311e-08
-2.141567896e-07
-1.186772291e-08
-1.619159462e-07
-3.231502497e-09
-1.018802798e-07
-3.558716125e-08
-6.070875883e-10
1.66904633e-08
-2.282451891e-09
4.658766322e-08
-4.841615544e-09
7.292637868e-08
-8.079977919e-09
9.573825841e-08
-1.179424098e-08
1.151608397e-07
-1.579644618e-08
1.314083448e-07
-1.992256228e-08
1.447462858e-07
-2.403657779e-08
1.554683877e-07
-2.803118799e-08
1.638770494e-07
-3.18262053e-08
1.702681659e-07
-3.536565382e-08
1.749202292e-07
-3.861427409e-08
1.780871897e-07
-4.155393845e-08
1.799943996e-07
-4.418028853e-08
1.808369379e-07
-4.649976317e-08
1.80779679e-07
-4.852708379e-08
1.799585614e-07
-5.02831995e-08
1.784826202e-07
-5.179365557e-08
1.764364483e-07
-5.308732986e-08
1.738828398e-07
-5.41954753e-08
1.708654435e-07
-5.515100759e-08
1.674113102e-07
-5.598798263e-08
1.635332647e-07
-5.674121574e-08
1.592320635e-07
-5.744600171e-08
1.544983249e-07
-5.813790258e-08
1.493142306e-07
-5.885257529e-08
1.43655011e-07
-5.962561688e-08
1.374902286e-07
-6.049240877e-08
1.307848809e-07
-6.148794252e-08
1.235003378e-07
-6.264661143e-08
1.155951358e-07
-6.400195427e-08
1.070256504e-07
-6.558633509e-08
9.774666351e-08
-6.743054027e-08
8.77118461e-08
-6.956326954e-08
7.687417736e-08
-7.201049271e-08
6.518633051e-08
-7.479463629e-08
5.260106335e-08
-7.793355509e-08
3.907166901e-08
-8.143923678e-08
2.455256015e-08
-8.531616236e-08
9.000039414e-09
-8.955915201e-08
-7.626538265e-09
-9.41510048e-08
-2.5362947e-08
-9.905912445e-08
-4.423816732e-08
-1.042315018e-07
-6.427006787e-08
-1.095918395e-07
-8.545987751e-08
-1.15033816e-07
-1.077843031e-07
-1.204146343e-07
-1.311844865e-07
-1.255482752e-07
-1.555508672e-07
-1.301993105e-07
-1.807030223e-07
-1.340787439e-07
-2.063638235e-07
-1.368441359e-07
-2.321279834e-07
-1.381070988e-07
-2.574265055e-07
-1.374518421e-07
-2.81490932e-07
-1.344683539e-07
-3.033245536e-07
-1.288024035e-07
-3.216914686e-07
-1.202213256e-07
-3.35137329e-07
-1.086894391e-07
-3.420557543e-07
-9.444085286e-08
-3.408093753e-07
-7.803243228e-08
-3.299026069e-07
-6.035879366e-08
-3.081853903e-07
-4.261686877e-08
-2.750479315e-07
-2.622020043e-08
-2.305534561e-07
-1.267970974e-08
-1.754564356e-07
-3.481933124e-09
-1.11078055e-07
-3.906909381e-08
-6.621465269e-10
1.735261143e-08
-2.475931917e-09
4.84014515e-08
-5.221147261e-09
7.567159695e-08
-8.654776481e-09
9.917189053e-08
-1.253862845e-08
1.190446946e-07
-1.665661922e-08
1.355263384e-07
-2.082456165e-08
1.489142311e-07
-2.489405199e-08
1.595378808e-07
-2.875211992e-08
1.677351201e-07
-3.231824027e-08
1.73834289e-07
-3.55399879e-08
1.781419796e-07
-3.838824709e-08
1.809354517e-07
-4.085256156e-08
1.824587169e-07
-4.293695631e-08
1.829213354e-07
-4.465638162e-08
1.824991071e-07
-4.60338109e-08
1.813359935e-07
-4.709795349e-08
1.795467656e-07
-4.78815073e-08
1.772200049e-07
-4.841986236e-08
1.744211976e-07
-4.875016637e-08
1.711957503e-07
-4.891067055e-08
1.675718172e-07
-4.894028558e-08
1.635628825e-07
-4.887828879e-08
1.591700695e-07
-4.876413509e-08
1.543841739e-07
-4.86373341e-08
1.491874323e-07
-4.853736366e-08
1.435550432e-07
-4.850359651e-08
1.374564641e-07
-4.857522372e-08
1.308565107e-07
-4.879115682e-08
1.237162735e-07
-4.918989424e-08
1.159938758e-07
-4.980934273e-08
1.076451014e-07
-5.068658042e-08
9.86239037e-08
-5.185754518e-08
8.888281332e-08
-5.335662822e-08
7.837326283e-08
-5.52161472e-08
6.704585188e-08
-5.746566663e-08
5.485058512e-08
-6.013112378e-08
4.173712848e-08
-6.323370365e-08
2.765514229e-08
-6.678839214e-08
1.255473018e-08
-7.08020547e-08
-3.61287348e-09
-7.527116764e-08
-2.089383189e-08
-8.017866526e-08
-3.933066758e-08
-8.5489992e-08
-5.895873907e-08
-9.114811389e-08
-7.980175361e-08
-9.706737614e-08
-1.018650389e-07
-1.031261686e-07
-1.251256921e-07
-1.091586041e-07
-1.495184298e-07
-1.149458195e-07
-1.749158051e-07
-1.202081452e-07
-2.011014961e-07
-1.246003267e-07
-2.277358002e-07
-1.277131323e-07
-2.543136984e-07
-1.290858146e-07
-2.801182482e-07
-1.282345353e-07
-3.041758315e-07
-1.24701201e-07
-3.252248015e-07
-1.181242869e-07
-3.417142417e-07
-1.083275594e-07
-3.518524805e-07
-9.541458928e-08
-3.537223441e-07
-7.984881313e-08
-3.454683817e-07
-6.24945713e-08
-3.255396308e-07
-4.45983723e-08
-2.929441293e-07
-2.770373464e-08
-2.474480929e-07
-1.351481075e-08
-1.896453578e-07
-3.74545302e-09
-1.208474111e-07
-4.281454667e-08
-7.379810922e-10
1.809059404e-08
-2.740256405e-09
5.040372967e-08
-5.737153501e-09
7.866849686e-08
-9.434384139e-09
1.028691239e-07
-1.354877247e-08
1.231590856e-07
-1.782937823e-08
1.398069468e-07
-2.206829613e-08
1.531531517e-07
-2.610373316e-08
1.635733205e-07
-2.981788686e-08
1.714492765e-07
-3.313186838e-08
1.771482732e-07
-3.599935648e-08
1.810094703e-07
-3.840010202e-08
1.833361999e-07
-4.033394169e-08
1.843925592e-07
-4.181564511e-08
1.844030415e-07
-4.287069792e-08
1.835541625e-07
-4.353199007e-08
1.819972883e-07
-4.383730873e-08
1.798520869e-07
-4.382750616e-08
1.772102049e-07
-4.354520979e-08
1.741389038e-07
-4.303395173e-08
1.706844948e-07
-4.23376117e-08
1.668754797e-07
-4.150008558e-08
1.627253589e-07
-4.056511031e-08
1.582350967e-07
-3.957618962e-08
1.533952557e-07
-3.857658044e-08
1.481878256e-07
-3.760930741e-08
1.425877726e-07
-3.67171824e-08
1.365643415e-07
-3.594281721e-08
1.300821479e-07
-3.532860983e-08
1.231020684e-07
-3.491669022e-08
1.155819584e-07
-3.474882379e-08
1.074772372e-07
-3.48662613e-08
9.874134339e-08
-3.530952187e-08
8.932607601e-08
-3.611809244e-08
7.918183549e-08
-3.733002207e-08
6.825778354e-08
-3.898138287e-08
5.650194792e-08
-4.110556144e-08
4.386130899e-08
-4.373232546e-08
3.028190821e-08
-4.68866059e-08
1.570901248e-08
-5.058687424e-08
8.739668757e-11
-5.484296418e-08
-1.663774017e-08
-5.965334209e-08
-3.452028794e-08
-6.500134499e-08
-5.36107345e-08
-7.085030502e-08
-7.395279195e-08
-7.713730368e-08
-9.557803868e-08
-8.37653209e-08
-1.184976734e-07
-9.059375262e-08
-1.426899966e-07
-9.742759304e-08
-1.680819633e-07
-1.040061679e-07
-1.945229199e-07
-1.099933122e-07
-2.217486546e-07
-1.149723022e-07
-2.493347072e-07
-1.184505098e-07
-2.766400394e-07
-1.198802738e-07
-3.027460663e-07
-1.187029377e-07
-3.264021366e-07
-1.144210491e-07
-3.459961293e-07
-1.066981296e-07
-3.595753991e-07
-9.547572249e-08
-3.649447502e-07
-8.108557145e-08
-3.598585318e-07
-6.432546559e-08
-3.422997358e-07
-4.64671709e-08
-3.108024231e-07
-2.917909063e-08
-2.64736172e-07
-1.437401798e-08
-2.044504298e-07
-4.023679221e-09
-1.311977492e-07
-4.68382255e-08
-8.406666152e-10
1.893126216e-08
-3.094906623e-09
5.265797224e-08
-6.424965896e-09
8.199855875e-08
-1.046843306e-08
1.069125937e-07
-1.48845383e-08
1.275751934e-07
-1.937967094e-08
1.44302082e-07
-2.371866113e-08
1.574921444e-07
-2.772603591e-08
1.675806978e-07
-3.128103219e-08
1.750042752e-07
-3.43094805e-08
1.80176724e-07
-3.677473709e-08
1.834747294e-07
-3.866899386e-08
1.852304591e-07
-4.000566052e-08
1.857292283e-07
-4.081308651e-08
1.852104699e-07
-4.112963122e-08
1.838707097e-07
-4.099995218e-08
1.818676116e-07
-4.047232095e-08
1.793244581e-07
-3.959676432e-08
1.763346507e-07
-3.84238423e-08
1.729659842e-07
-3.700390003e-08
1.692645549e-07
-3.538665907e-08
1.652582411e-07
-3.362104221e-08
1.609597443e-07
-3.175515193e-08
1.563692087e-07
-2.983633889e-08
1.514764449e-07
-2.791132049e-08
1.462628094e-07
-2.602631369e-08
1.40702768e-07
-2.422715647e-08
1.347651864e-07
-2.255942159e-08
1.284144151e-07
-2.106849653e-08
1.216111454e-07
-1.979961168e-08
1.143130755e-07
-1.879783042e-08
1.064754578e-07
-1.810798882e-08
9.805150364e-08
-1.777457313e-08
8.899266212e-08
-1.784152553e-08
7.924878963e-08
-1.835196159e-08
6.876822129e-08
-1.934777392e-08
5.749776187e-08
-2.086909436e-08
4.538263099e-08
-2.295356477e-08
3.236638013e-08
-2.563535633e-08
1.839080551e-08
-2.894384943e-08
3.395891216e-09
-3.290167708e-08
-1.267991115e-08
-3.752246472e-08
-2.989949898e-08
-4.280735982e-08
-4.832583813e-08
-4.874049713e-08
-6.801965343e-08
-5.528294038e-08
-8.903559427e-08
-6.236470295e-08
-1.114159097e-07
-6.987460908e-08
-1.351800894e-07
-7.764791474e-08
-1.603086566e-07
-8.545211242e-08
-1.867187213e-07
-9.297230983e-08
-2.142284563e-07
-9.979914867e-08
-2.425078674e-07
-1.054242978e-07
-2.710148895e-07
-1.092510362e-07
-2.989193271e-07
-1.106293337e-07
-3.250238384e-07
-1.08924457e-07
-3.477010053e-07
-1.036235919e-07
-3.648762635e-07
-9.447431211e-08
-3.740940294e-07
-8.163300136e-08
-3.726998419e-07
-6.578535479e-08
-3.581473818e-07
-4.819407506e-08
-3.283937024e-07
-3.064054984e-08
-2.822896971e-07
-1.526065729e-08
-2.198303214e-07
-4.319301131e-09
-1.421391044e-07
-5.115752667e-08
-9.781807538e-10
1.990944421e-08
-3.564784302e-09
5.524457832e-08
-7.328527647e-09
8.576230455e-08
-1.181674453e-08
1.11400813e-07
-1.661545079e-08
1.32373902e-07
-2.137958181e-08
1.490662153e-07
-2.584362717e-08
1.61956192e-07
-2.981941754e-08
1.715564905e-07
-3.31866724e-08
1.783715324e-07
-3.588056073e-08
1.828706146e-07
-3.787901002e-08
1.854731809e-07
-3.919126256e-08
1.865427139e-07
-3.984832955e-08
1.863862975e-07
-3.989547213e-08
1.852576147e-07
-3.938655541e-08
1.833617952e-07
-3.837999542e-08
1.808610538e-07
-3.693598496e-08
1.778804498e-07
-3.511470203e-08
1.745133699e-07
-3.297524492e-08
1.708265292e-07
-3.057508515e-08
1.668643972e-07
-2.796987315e-08
1.626530311e-07
-2.521347177e-08
1.58203345e-07
-2.235813144e-08
1.535138703e-07
-1.94547302e-08
1.485730456e-07
-1.655305027e-08
1.433611314e-07
-1.370205271e-08
1.378517723e-07
-1.095010104e-08
1.320132365e-07
-8.345187883e-09
1.258095037e-07
-5.935123721e-09
1.192010829e-07
-3.767647199e-09
1.121456007e-07
-1.890509382e-09
1.045983216e-07
-3.515047646e-10
9.651250054e-08
8.015543158e-10
8.783960448e-08
1.520941043e-09
7.852940428e-08
1.759179241e-09
6.85299844e-08
1.469279829e-09
5.778766253e-08
6.051065363e-10
4.624680546e-08
-8.780928681e-10
3.384958064e-08
-3.02293017e-09
2.053564386e-08
-5.868835301e-09
6.241797334e-09
-9.450491059e-09
-9.09825445e-09
-1.37959717e-08
-2.555401746e-08
-1.892370286e-08
-4.319810614e-08
-2.483843498e-08
-6.210492053e-08
-3.152565408e-08
-8.234837445e-08
-3.894383408e-08
-1.03997729e-07
-4.701417964e-08
-1.271097432e-07
-5.560737815e-08
-1.517154575e-07
-6.452721823e-08
-1.777988806e-07
-7.349182508e-08
-2.052638489e-07
-8.211478383e-08
-2.338849082e-07
-8.989070835e-08
-2.632389645e-07
-9.61931991e-08
-2.926168359e-07
-1.002966192e-07
-3.209204179e-07
-1.014349543e-07
-3.465626698e-07
-9.890884216e-08
-3.674023754e-07
-9.224155951e-08
-3.807613117e-07
-8.13658132e-08
-3.83575588e-07
-6.679914144e-08
-3.727140533e-07
-4.974799109e-08
-3.454448525e-07
-3.20850546e-08
-2.999526331e-07
-1.618149655e-08
-2.357338795e-07
-4.636624909e-09
-1.536839761e-07
-5.579415138e-08
-1.161154174e-09
2.107059972e-08
-4.182018098e-09
5.826544438e-08
-8.502677036e-09
9.008296568e-08
-1.355110886e-08
1.16449247e-07
-1.882102516e-08
1.376438205e-07
-2.390654486e-08
1.541517371e-07
-2.851000465e-08
1.665596539e-07
-3.243365782e-08
1.754801457e-07
-3.556346031e-08
1.815013369e-07
-3.785061827e-08
1.851577746e-07
-3.92941911e-08
1.869167558e-07
-3.992629883e-08
1.871748237e-07
-3.980039407e-08
1.862603948e-07
-3.898246186e-08
1.844396845e-07
-3.754473546e-08
1.819240707e-07
-3.556143411e-08
1.788777544e-07
-3.310604586e-08
1.754250635e-07
-3.024974269e-08
1.716570686e-07
-2.706059467e-08
1.676373831e-07
-2.360332611e-08
1.634071305e-07
-1.993941686e-08
1.589891237e-07
-1.61274026e-08
1.543913325e-07
-1.222330064e-08
1.496097701e-07
-8.281044459e-09
1.446307911e-07
-4.352942115e-09
1.394330307e-07
-4.901197999e-10
1.339889515e-07
3.257093964e-09
1.282660243e-07
6.838895951e-09
1.222277032e-07
1.020574361e-08
1.158342366e-07
1.330806392e-08
1.090432816e-07
1.609608407e-08
1.018103027e-07
1.851972187e-08
9.408886389e-08
2.052852824e-08
8.58307992e-08
2.207167348e-08
7.698626005e-08
2.309799534e-08
6.750366347e-08
2.355612394e-08
5.732953477e-08
2.339469451e-08
4.640823565e-08
2.256268861e-08
3.468158723e-08
2.100994005e-08
2.208839304e-08
1.868787659e-08
8.56386136e-09
1.555068677e-08
-5.96106413e-09
1.155681522e-08
-2.156014546e-08
6.671443201e-09
-3.831273373e-08
8.698790805e-10
-5.630335607e-08
-5.857418442e-09
-7.562107662e-08
-1.349775403e-08
-9.635739318e-08
-2.200638611e-08
-1.186011109e-07
-3.129313309e-08
-1.424287103e-07
-4.120472482e-08
-1.678872887e-07
-5.150291166e-08
-1.949656619e-07
-6.183959609e-08
-2.235482236e-07
-7.173253226e-08
-2.533460282e-07
-8.054910357e-08
-2.838002646e-07
-8.751073954e-08
-3.139587819e-07
-9.17350646e-08
-3.423383447e-07
-9.233453491e-08
-3.668029051e-07
-8.858236137e-08
-3.845134853e-07
-8.013625874e-08
-3.920216907e-07
-6.727803813e-08
-3.85572274e-07
-5.109420084e-08
-3.6162869e-07
-3.351290636e-08
-3.175339281e-07
-1.714821885e-08
-2.520985669e-07
-4.982368475e-09
-1.658498263e-07
-6.077652009e-08
-1.403990083e-09
2.247459083e-08
-4.988461543e-09
6.184991794e-08
-1.001596838e-08
9.511047452e-08
-1.57568993e-08
1.221901798e-07
-2.158984674e-08
1.434767698e-07
-2.703907256e-08
1.596009648e-07
-3.177553871e-08
1.712961219e-07
-3.559844932e-08
1.793030581e-07
-3.840905703e-08
1.843119464e-07
-4.018404768e-08
1.869327671e-07
-4.095221194e-08
1.876849218e-07
-4.077574369e-08
1.869983572e-07
-3.973619118e-08
1.85220844e-07
-3.792447069e-08
1.826279658e-07
-3.543414693e-08
1.794337487e-07
-3.235719625e-08
1.758008055e-07
-2.878157099e-08
1.718494399e-07
-2.479001593e-08
1.676655152e-07
-2.045972074e-08
1.633070895e-07
-1.586250405e-08
1.588099154e-07
-1.106531017e-08
1.541919314e-07
-6.130827086e-09
1.494568509e-07
-1.118211935e-09
1.445971564e-07
3.916155706e-09
1.395964248e-07
8.918119454e-09
1.344310682e-07
1.383518673e-08
1.290718855e-07
1.861592918e-08
1.23485283e-07
2.32095014e-08
1.176341321e-07
2.75652605e-08
1.114784786e-07
3.163246164e-08
1.049760815e-07
3.535999393e-08
9.808277128e-08
3.86961756e-08
9.075268303e-08
4.158860253e-08
8.2938373e-08
4.398404177e-08
7.459082147e-08
4.582837651e-08
6.56593293e-08
4.706660901e-08
5.609130277e-08
4.764292964e-08
4.583191542e-08
4.750087617e-08
3.482364103e-08
4.658361744e-08
2.300565202e-08
4.483441899e-08
1.031305996e-08
4.219741414e-08
-3.324059172e-09
3.861873893e-08
-1.798147019e-08
3.40484218e-08
-3.374241661e-08
2.844311838e-08
-5.069805271e-08
2.177027761e-08
-6.894823595e-08
1.401423161e-08
-8.860134733e-08
5.185190262e-09
-1.097720697e-07
-4.667864234e-09
-1.32575656e-07
-1.543931159e-08
-1.571158416e-07
-2.694333817e-08
-1.834616355e-07
-3.88844568e-08
-2.116071052e-07
-5.08242238e-08
-2.414062615e-07
-6.215034493e-08
-2.724741437e-07
-7.206071019e-08
-3.040484169e-07
-7.958171429e-08
-3.348173409e-07
-8.364761106e-08
-3.627370086e-07
-8.326435578e-08
-3.848967409e-07
-7.776340283e-08
-3.97522644e-07
-6.711151639e-08
-3.962241609e-07
-5.219067515e-08
-3.765495317e-07
-3.49280432e-08
-3.347965602e-07
-1.817936004e-08
-2.688472508e-07
-5.366857237e-09
-1.786623299e-07
-6.614337733e-08
-1.726572145e-09
2.420116408e-08
-6.039175609e-09
6.616252305e-08
-1.195402507e-08
1.010253257e-07
-1.853392083e-08
1.287700773e-07
-2.501609692e-08
1.499589476e-07
-3.084804615e-08
1.654329157e-07
-3.567486959e-08
1.761229469e-07
-3.930449414e-08
1.829326843e-07
-4.166712742e-08
1.866745813e-07
-4.277788239e-08
1.880435236e-07
-4.270626233e-08
1.876133033e-07
-4.155315843e-08
1.858452548e-07
-3.943457007e-08
1.831022572e-07
-3.647074689e-08
1.796641441e-07
-3.277941639e-08
1.757424197e-07
-2.847194331e-08
1.714933338e-07
-2.365149568e-08
1.670289937e-07
-1.841252034e-08
1.624265413e-07
-1.284102943e-08
1.577355999e-07
-7.015354947e-09
1.529842422e-07
-1.007126143e-09
1.481837038e-07
5.117591252e-09
1.433321347e-07
1.129736067e-08
1.384173881e-07
1.747449583e-08
1.334192908e-07
2.35940372e-08
1.283115279e-07
2.960294871e-08
1.230629749e-07
3.544946511e-08
1.176387675e-07
4.108250006e-08
1.120010979e-07
4.645115148e-08
1.061098279e-07
5.15042956e-08
9.992293803e-08
5.619024322e-08
9.339682426e-08
6.045645425e-08
8.64864725e-08
6.424930355e-08
7.914552413e-08
6.751388986e-08
7.132623549e-08
7.019388686e-08
6.297933255e-08
7.223143639e-08
5.405375339e-08
7.356708747e-08
4.449626442e-08
7.413979466e-08
3.425093382e-08
7.388700343e-08
2.325844314e-08
7.27448613e-08
1.145520191e-08
7.064862497e-08
-1.227823094e-09
6.753344758e-08
-1.486629312e-08
6.333564989e-08
-2.954461928e-08
5.799474215e-08
-4.535714541e-08
5.145666289e-08
-6.241015717e-08
4.367880509e-08
-8.082349006e-08
3.463778492e-08
-1.007310501e-07
2.434106976e-08
-1.222789415e-07
1.284383881e-08
-1.456186112e-07
2.728638925e-10
-1.708906613e-07
-1.314103745e-08
-1.981932045e-07
-2.702298062e-08
-2.275243189e-07
-4.080940528e-08
-2.586877197e-07
-5.371005828e-08
-2.911477646e-07
-6.469616674e-08
-3.238312331e-07
-7.254848833e-08
-3.548846877e-07
-7.600235296e-08
-3.81442877e-07
-7.401683941e-08
-3.995081582e-07
-6.61539696e-08
-4.040870314e-07
-5.298087441e-08
-3.897226276e-07
-3.633725167e-08
-3.51440184e-07
-1.930279645e-08
-2.858817065e-07
-5.805837423e-09
-1.921592893e-07
-7.194921516e-08
-2.156941816e-09
2.635810664e-08
-7.407297898e-09
7.141288074e-08
-1.442320109e-08
1.080412304e-07
-2.199521452e-08
1.363420922e-07
-2.919111234e-08
1.571548468e-07
-3.538019795e-08
1.716220027e-07
-4.019532377e-08
1.809380741e-07
-4.347270625e-08
1.862100681e-07
-4.519134954e-08
1.883932259e-07
-4.54220197e-08
1.88274195e-07
-4.428850132e-08
1.864797862e-07
-4.19402927e-08
1.834970475e-07
-3.85345813e-08
1.796965471e-07
-3.422515841e-08
1.753547224e-07
-2.915622177e-08
1.706734842e-07
-2.3459472e-08
1.657965852e-07
-1.725331016e-08
1.60822833e-07
-1.064329881e-08
1.55816531e-07
-3.723275066e-09
1.508155772e-07
3.423055923e-09
1.458379122e-07
1.072054682e-08
1.408862139e-07
1.81012739e-08
1.359514085e-07
2.550302228e-08
1.310156406e-07
3.286788903e-08
1.260544248e-07
4.014118922e-08
1.210382284e-07
4.727047693e-08
1.159336879e-07
5.420471593e-08
1.107045291e-07
6.089357117e-08
1.053122432e-07
6.728681534e-08
9.971658416e-08
7.333383371e-08
9.387592003e-08
7.898320469e-08
8.774745356e-08
8.41823433e-08
8.128733409e-08
8.887719605e-08
7.445067149e-08
9.301197675e-08
6.719145483e-08
9.652893637e-08
5.946237288e-08
9.93681625e-08
5.121452713e-08
1.014674068e-07
4.239701983e-08
1.027619467e-07
3.295639364e-08
1.031844973e-07
2.283589212e-08
1.026652003e-07
1.197449844e-08
1.011317157e-07
3.056609468e-10
9.850966174e-08
-1.224423985e-08
9.472328236e-08
-2.57582406e-08
8.969679489e-08
-4.03306587e-08
8.335666566e-08
-5.607002876e-08
7.563541988e-08
-7.310224514e-08
6.64778628e-08
-9.157349396e-08
5.585092039e-08
-1.11652e-07
4.37588105e-08
-1.335265023e-07
3.026580265e-08
-1.573976544e-07
1.55287147e-08
-1.834561176e-07
-1.587155371e-10
-2.118368897e-07
-1.630999448e-08
-2.425364417e-07
-3.218644018e-08
-2.752713198e-07
-4.675140267e-08
-3.092662715e-07
-5.867435741e-08
-3.429617339e-07
-6.643683666e-08
-3.736803986e-07
-6.859252231e-08
-3.973524736e-07
-6.420308065e-08
-4.084764741e-07
-5.338035553e-08
-4.005453538e-07
-3.774693102e-08
-3.670736093e-07
-2.055876253e-08
-3.030698763e-07
-6.323284308e-09
-2.06394769e-07
-7.827249966e-08
-2.735585583e-09
2.909369306e-08
-9.190794878e-09
7.786809116e-08
-1.755375336e-08
1.1640419e-07
-2.626114747e-08
1.450494874e-07
-3.418550659e-08
1.65079207e-07
-4.062796641e-08
1.780644636e-07
-4.523593177e-08
1.855460406e-07
-4.790464673e-08
1.888787841e-07
-4.868969927e-08
1.891782795e-07
-4.773959683e-08
1.873240936e-07
-4.524841678e-08
1.839886072e-07
-4.142493583e-08
1.796735675e-07
-3.647397274e-08
1.747455849e-07
-3.058618603e-08
1.694669367e-07
-2.393339246e-08
1.640206916e-07
-1.666734049e-08
1.585305342e-07
-8.920483664e-09
1.53075977e-07
-8.077507982e-10
1.47703799e-07
7.570966713e-09
1.424368605e-07
1.612862141e-08
1.372802582e-07
2.478890053e-08
1.322259355e-07
3.348387671e-08
1.27256433e-07
4.215215599e-08
1.223473619e-07
5.073729172e-08
1.174692896e-07
5.918640886e-08
1.125891117e-07
6.744904228e-08
1.076710548e-07
7.547616484e-08
1.026774069e-07
8.321937147e-08
9.75690368e-08
9.063019811e-08
9.230575769e-08
9.765955245e-08
8.684656576e-08
1.04257232e-07
8.114977398e-08
1.103715105e-07
7.517305559e-08
1.159487763e-07
6.887340548e-08
1.20933211e-07
6.22070199e-08
1.252664943e-07
5.51290893e-08
1.288875289e-07
4.759349205e-08
1.317321787e-07
3.955236956e-08
1.337330177e-07
3.095555398e-08
1.348190986e-07
2.174981053e-08
1.349157532e-07
1.187784308e-08
1.339444477e-07
1.276965631e-09
1.318228336e-07
-1.012262663e-08
1.284649026e-07
-2.240031057e-08
1.237817067e-07
-3.564746385e-08
1.176826808e-07
-4.997100396e-08
1.100781703e-07
-6.549773582e-08
1.008839282e-07
-8.237925302e-08
9.002876343e-08
-1.007968365e-07
7.746715673e-08
-1.209648969e-07
6.319943542e-08
-1.431299344e-07
4.730273378e-08
-1.675594172e-07
2.997642742e-08
-1.945105846e-07
1.160386593e-08
-2.241638815e-07
-7.169599918e-09
-2.564978552e-07
-2.535692315e-08
-2.910789495e-07
-4.157811167e-08
-3.267405465e-07
-5.410506733e-08
-3.611534442e-07
-6.107762467e-08
-3.903799174e-07
-6.096530406e-08
-4.085887959e-07
-5.325251596e-08
-4.082581431e-07
-3.915461392e-08
-3.811715129e-07
-2.20030242e-08
-3.202214672e-07
-6.955780248e-09
-2.21442014e-07
-8.522828045e-08
-3.522421525e-09
3.261611503e-08
-1.152151236e-08
8.586718305e-08
-2.150029015e-08
1.263829687e-07
-3.144325717e-08
1.549924553e-07
-4.001353617e-08
1.736494869e-07
-4.647564167e-08
1.845265699e-07
-5.053888145e-08
1.896092812e-07
-5.220354844e-08
1.905434519e-07
-5.163911843e-08
1.886138503e-07
-4.909875379e-08
1.847837298e-07
-4.486439669e-08
1.797542509e-07
-3.92143145e-08
1.740234861e-07
-3.240584156e-08
1.679371127e-07
-2.466778868e-08
1.617288845e-07
-1.619858594e-08
1.555514895e-07
-7.167653016e-09
1.494996019e-07
2.281543348e-09
1.436267812e-07
1.202775133e-08
1.379575915e-07
2.19685911e-08
1.324960212e-07
3.201714756e-08
1.272317022e-07
4.209860117e-08
1.221444822e-07
5.214762231e-08
1.172074122e-07
6.210608665e-08
1.123888978e-07
7.192116101e-08
1.076542154e-07
8.154370907e-08
1.029665638e-07
9.092697119e-08
9.828779283e-08
1.00025476e-07
9.357890211e-08
1.087941412e-07
8.880037154e-08
1.171875294e-07
8.391236944e-08
1.251592278e-07
7.88748671e-08
1.326613256e-07
7.364767602e-08
1.396439624e-07
6.819041846e-08
1.460549321e-07
6.24624353e-08
1.518393226e-07
5.642262895e-08
1.569391776e-07
5.00292337e-08
1.612931699e-07
4.323949911e-08
1.648362738e-07
3.600926483e-08
1.674994317e-07
2.829239533e-08
1.692092095e-07
2.004003171e-08
1.698874487e-07
1.119960289e-08
1.694509157e-07
1.713497558e-09
1.678110167e-07
-8.482728835e-09
1.648735541e-07
-1.946284916e-08
1.605387974e-07
-3.131270846e-08
1.547019436e-07
-4.413415148e-08
1.472543795e-07
-5.805017306e-08
1.380863853e-07
-7.321126029e-08
1.27092336e-07
-8.980278865e-08
1.141801301e-07
-1.080526925e-07
9.928754285e-08
-1.282373486e-07
8.240936646e-08
-1.506812424e-07
6.36405044e-08
-1.757417241e-07
4.324029086e-08
-2.037636695e-07
2.172145366e-08
-2.349790195e-07
-4.128581435e-11
-2.693162115e-07
-2.070275725e-08
-3.060790766e-07
-3.840330019e-08
-3.434529027e-07
-5.090054271e-08
-3.778826763e-07
-5.600166284e-08
-4.034876772e-07
-5.236547769e-08
-4.118943297e-07
-4.052954244e-08
-3.930074493e-07
-2.370880921e-08
-3.370422022e-07
-7.759334049e-09
-2.37391491e-07
-9.298761485e-08
-4.60822268e-09
3.722433824e-08
-1.457618578e-08
9.583514673e-08
-2.643376563e-08
1.382405492e-07
-3.760639877e-08
1.661650891e-07
-4.656415888e-08
1.826072476e-07
-5.260431127e-08
1.905667229e-07
-5.557587395e-08
1.925808444e-07
-5.564971172e-08
1.906172902e-07
-5.31564886e-08
1.861206277e-07
-4.848425398e-08
1.801114957e-07
-4.201964338e-08
1.732896408e-07
-3.41177481e-08
1.661215913e-07
-2.508953174e-08
1.589088968e-07
-1.519934762e-08
1.518387008e-07
-4.667488364e-09
1.450196306e-07
6.324365453e-09
1.385077484e-07
1.762728418e-08
1.323238628e-07
2.91197627e-08
1.264651133e-07
4.070219724e-08
1.209135869e-07
5.229210856e-08
1.156417911e-07
6.382032211e-08
1.106162688e-07
7.52277277e-08
1.058000066e-07
8.646261473e-08
1.011540108e-07
9.747850187e-08
9.663832826e-08
1.08232375e-07
9.221269059e-08
1.186832596e-07
8.783690809e-08
1.287910642e-07
8.347109724e-08
1.385156404e-07
7.907579512e-08
1.47816013e-07
7.461199642e-08
1.566497456e-07
7.004113414e-08
1.649724058e-07
6.532501529e-08
1.727371073e-07
6.042571642e-08
1.798941032e-07
5.530543871e-08
1.863904142e-07
4.992631723e-08
1.92169473e-07
4.425017415e-08
1.971707714e-07
3.823819981e-08
2.013294967e-07
3.185053858e-08
2.045761442e-07
2.504574679e-08
2.068360968e-07
1.778007797e-08
2.080291635e-07
1.000653493e-08
2.080690672e-07
1.673592648e-09
2.06862895e-07
-7.276558016e-09
2.043105097e-07
-1.691046531e-08
2.003040521e-07
-2.730625236e-08
1.947276205e-07
-3.855772137e-08
1.874573468e-07
-5.077990096e-08
1.783623417e-07
-6.411625681e-08
1.673073509e-07
-7.874779958e-08
1.54158612e-07
-9.490395529e-08
1.387954369e-07
-1.128741753e-07
1.211315673e-07
-1.330173746e-07
1.011523903e-07
-1.557625489e-07
7.897602038e-08
-1.815873013e-07
5.494697694e-08
-2.109499779e-07
2.976658695e-08
-2.441358233e-07
4.648108684e-09
-2.809606e-07
-1.853912762e-08
-3.20265668e-07
-3.726155715e-08
-3.591602485e-07
-4.864420059e-08
-3.921050354e-07
-5.03165902e-08
-4.102219417e-07
-4.177083138e-08
-4.0155321e-07
-2.576331283e-08
-3.530497224e-07
-8.819573391e-09
-2.54335232e-07
-1.018071889e-07
-6.132923222e-09
4.335726162e-08
-1.858613507e-08
1.08288359e-07
-3.251087727e-08
1.521652918e-07
-4.468541206e-08
1.783396242e-07
-5.346959638e-08
1.913914322e-07
-5.832535301e-08
1.954224798e-07
-5.936130265e-08
1.936167943e-07
-5.700632253e-08
1.882623104e-07
-5.180700366e-08
1.809213091e-07
-4.431527383e-08
1.726197661e-07
-3.503368216e-08
1.640080493e-07
-2.439422016e-08
1.554821295e-07
-1.275520328e-08
1.472698801e-07
-4.070140172e-10
1.394905117e-07
1.241809324e-08
1.321945235e-07
2.553648128e-08
1.253893604e-07
3.88040983e-08
1.190562458e-07
5.210754387e-08
1.131616677e-07
6.535718202e-08
1.076639487e-07
7.848147148e-08
1.025175015e-07
9.142235639e-08
9.767538375e-08
1.041315823e-07
9.309078052e-08
1.165677696e-07
8.871782329e-08
1.286940992e-07
8.451199846e-08
1.404764835e-07
8.043030592e-08
1.518821203e-07
7.643127096e-08
1.628783444e-07
7.247487263e-08
1.734317125e-07
6.852242656e-08
1.835072648e-07
6.453644351e-08
1.930679236e-07
6.04804747e-08
2.020739914e-07
5.631894681e-08
2.104827216e-07
5.201698551e-08
2.182479374e-07
4.754022208e-08
2.253196793e-07
4.28545744e-08
2.316438628e-07
3.792598966e-08
2.371619302e-07
3.272013129e-08
2.418104812e-07
2.720198648e-08
2.455208651e-07
2.133536171e-08
2.482187196e-07
1.508222217e-08
2.498234377e-07
8.401815465e-09
2.50247538e-07
1.24949087e-09
2.493959224e-07
-6.424943993e-09
2.471649986e-07
-1.46795431e-08
2.434417149e-07
-2.358297027e-08
2.38102561e-07
-3.321856917e-08
2.310125793e-07
-4.368992098e-08
2.220246707e-07
-5.512835007e-08
2.109797669e-07
-6.770289756e-08
1.977089865e-07
-8.163317678e-08
1.820398807e-07
-9.720507139e-08
1.638105029e-07
-1.147879987e-07
1.428975736e-07
-1.348496216e-07
1.192683936e-07
-1.579581232e-07
9.306973198e-08
-1.847513182e-07
6.47676815e-08
-2.158337747e-07
3.534381032e-08
-2.515367307e-07
6.524155978e-09
-2.914460156e-07
-1.904024625e-08
-3.335958481e-07
-3.78700992e-08
-3.732751843e-07
-4.640220629e-08
-4.016898364e-07
-4.262008743e-08
-4.053353304e-07
-2.824730705e-08
-3.674225049e-07
-1.026556662e-08
-2.723169746e-07
-1.12072756e-07
-8.313239182e-09
5.167050102e-08
-2.383313738e-08
1.238082573e-07
-3.978659576e-08
1.681187503e-07
-5.230673965e-08
1.908597681e-07
-5.985664907e-08
1.989413417e-07
-6.229079757e-08
1.978566284e-07
-6.014870482e-08
1.914747017e-07
-5.42225185e-08
1.823361242e-07
-4.53274637e-08
1.720262543e-07
-3.419672918e-08
1.614890316e-07
-2.144526316e-08
1.512565833e-07
-7.567299588e-09
1.416041659e-07
7.050348156e-09
1.326522323e-07
2.211035745e-08
1.244305023e-07
3.73881275e-08
1.169167533e-07
5.271550923e-08
1.100619786e-07
6.796702893e-08
1.03804726e-07
8.304940945e-08
9.807928695e-08
9.789312544e-08
9.282023246e-08
1.124458562e-07
8.796477043e-08
1.266674417e-07
8.345379801e-08
1.405260124e-07
7.923220941e-08
1.539950302e-07
7.524880504e-08
1.670510256e-07
7.145600261e-08
1.796718656e-07
6.780946546e-08
1.918354232e-07
6.426771275e-08
2.035185503e-07
6.079174492e-08
2.146962772e-07
5.734469895e-08
2.253411826e-07
5.38915374e-08
2.354228878e-07
5.039876875e-08
2.44907641e-07
4.683419274e-08
2.537579633e-07
4.316666223e-08
2.619323333e-07
3.936585113e-08
2.693848903e-07
3.540201639e-08
2.760651397e-07
3.124573912e-08
2.81917643e-07
2.686762675e-08
2.868816755e-07
2.223795277e-08
2.908908328e-07
1.732620304e-08
2.938725664e-07
1.210048717e-08
2.957476206e-07
6.526759723e-09
2.964293325e-07
5.677773576e-10
2.958227689e-07
-5.818381994e-09
2.938236157e-07
-1.268039159e-08
2.903168686e-07
-2.007622488e-08
2.851752661e-07
-2.807696855e-08
2.782573907e-07
-3.677204741e-08
2.694055279e-07
-4.627648916e-08
2.58443554e-07
-5.674092561e-08
2.451755215e-07
-6.836514622e-08
2.293864211e-07
-8.141597301e-08
2.108481044e-07
-9.624968399e-08
1.893359917e-07
-1.13337511e-07
1.646664327e-07
-1.332885663e-07
1.367706054e-07
-1.568554929e-07
1.058272557e-07
-1.84890427e-07
7.247820326e-08
-2.181876804e-07
3.813445187e-08
-2.571022662e-07
5.320075238e-09
-3.007814735e-07
-2.211821256e-08
-3.458368985e-07
-3.939806024e-08
-3.844099907e-07
-4.248427307e-08
-4.022491197e-07
-3.116987713e-08
-3.787369028e-07
-1.228548114e-08
-2.912013725e-07
-1.243582378e-07
-1.147902003e-08
6.314952098e-08
-3.059189272e-08
1.4292113e-07
-4.798741895e-08
1.855142764e-07
-5.941169912e-08
2.022840482e-07
-6.387921964e-08
2.034088621e-07
-6.199517165e-08
1.959725803e-07
-5.494758713e-08
1.84427117e-07
-4.39939674e-08
1.713825043e-07
-3.024546908e-08
1.582777559e-07
-1.460198484e-08
1.458455472e-07
2.243055154e-09
1.344115431e-07
1.977161883e-08
1.24075602e-07
3.760722339e-08
1.148166275e-07
5.548227206e-08
1.065554534e-07
7.320911642e-08
9.91899087e-08
9.06585829e-08
9.261251176e-08
1.077435016e-07
8.671980688e-08
1.244062982e-07
8.141648998e-08
1.406097998e-07
7.661673051e-08
1.563304876e-07
7.224408214e-08
1.715535668e-07
6.823071833e-08
1.862693685e-07
6.451640726e-08
2.004707253e-07
6.104744759e-08
2.141510559e-07
5.777567148e-08
2.273029608e-07
5.465755988e-08
2.399171916e-07
5.165348129e-08
2.519818867e-07
4.872704904e-08
2.634820014e-07
4.584458346e-08
2.743988747e-07
4.297466322e-08
2.847098937e-07
4.008774882e-08
2.943882232e-07
3.715586236e-08
3.034025765e-07
3.415230781e-08
3.117170092e-07
3.105141741e-08
3.192907159e-07
2.78283085e-08
3.260778183e-07
2.445863547e-08
3.320271258e-07
2.091831801e-08
3.370818532e-07
1.718322396e-08
3.411792765e-07
1.322877837e-08
3.442503e-07
9.029462138e-09
3.462189068e-07
4.558151398e-09
3.470014352e-07
-2.147526423e-10
3.465056698e-07
-5.322618327e-09
3.446295532e-07
-1.080427669e-08
3.412596742e-07
-1.670634772e-08
3.362692511e-07
-2.308654729e-08
3.295155078e-07
-3.001830599e-08
3.208363436e-07
-3.759732693e-08
3.100462638e-07
-4.595084784e-08
2.969317654e-07
-5.525064987e-08
2.812469134e-07
-6.573112305e-08
2.62711005e-07
-7.771377768e-08
2.410125413e-07
-9.163904932e-08
2.158280339e-07
-1.08104061e-07
1.868715316e-07
-1.278989927e-07
1.540017267e-07
-1.520206242e-07
1.17426091e-07
-1.816120467e-07
7.804581642e-08
-2.177219939e-07
3.795268989e-08
-2.606883491e-07
9.618528324e-10
-3.088460636e-07
-2.720189075e-08
-3.562462491e-07
-4.008970526e-08
-3.89361307e-07
-3.429606647e-08
-3.845305438e-07
-1.513393875e-08
-3.103635025e-07
-1.394921771e-07
-1.609268152e-08
7.924220248e-08
-3.889548706e-08
1.657239353e-07
-5.5946479e-08
2.025652681e-07
-6.346823171e-08
2.098058007e-07
-6.185026057e-08
2.017908908e-07
-5.293863887e-08
1.870609584e-07
-3.878425503e-08
1.70272733e-07
-2.115127103e-08
1.537495201e-07
-1.39969693e-09
1.385261815e-07
1.948198599e-08
1.24963864e-07
4.080603401e-08
1.130874948e-07
6.211193407e-08
1.027697016e-07
8.31001337e-08
9.382842757e-08
1.035833205e-07
8.607226617e-08
1.23451095e-07
7.932213379e-08
1.426443384e-07
7.341926797e-08
1.611373122e-07
6.822683265e-08
1.789252685e-07
6.362853321e-08
1.960159406e-07
5.95260579e-08
2.124237446e-07
5.583627761e-08
2.281658482e-07
5.248861413e-08
2.432595167e-07
4.942273819e-08
2.577203286e-07
4.658663498e-08
2.715609829e-07
4.393501654e-08
2.847905051e-07
4.142803698e-08
2.974137239e-07
3.903026169e-08
3.094309285e-07
3.670984359e-08
3.208376455e-07
3.443786559e-08
3.316244939e-07
3.218781393e-08
3.417770881e-07
2.993515362e-08
3.512759682e-07
2.765698118e-08
3.600965404e-07
2.533173457e-08
3.68209015e-07
2.293894173e-08
3.755783303e-07
2.045899195e-08
3.821640512e-07
1.787291333e-08
3.879202282e-07
1.516213973e-08
3.927952035e-07
1.230824725e-08
3.967313438e-07
9.292636655e-09
3.996646736e-07
6.096130773e-09
4.015243755e-07
2.698447964e-09
4.022320931e-07
-9.224718474e-10
4.017010262e-07
-4.79155304e-09
3.998345958e-07
-8.937848058e-09
3.965248035e-07
-1.339655717e-08
3.916499232e-07
-1.821166889e-08
3.850713772e-07
-2.343976182e-08
3.766295333e-07
-2.915548499e-08
3.661381286e-07
-3.545944507e-08
3.533770619e-07
-4.248958519e-08
3.38083529e-07
-5.043759213e-08
3.199421406e-07
-5.957239132e-08
2.985762918e-07
-7.027320259e-08
2.735465922e-07
-8.307436354e-08
2.443692789e-07
-9.872168138e-08
2.105805662e-07
-1.182319136e-07
1.718939219e-07
-1.429254045e-07
1.285237882e-07
-1.743518623e-07
8.176169877e-08
-2.139262619e-07
3.482621171e-08
-2.619105787e-07
-6.276489465e-09
-3.1514355e-07
-3.281196693e-08
-3.628258316e-07
-3.669991051e-08
-3.806426023e-07
-1.906131917e-08
-3.280020957e-07
-1.585534969e-07
-2.257039551e-08
1.018125978e-07
-4.773408676e-08
1.908876264e-07
-6.02197434e-08
2.150509245e-07
-5.88432712e-08
2.084293283e-07
-4.667323032e-08
1.896208496e-07
-2.728949276e-08
1.676772206e-07
-3.657151727e-09
1.466403917e-07
2.209088583e-08
1.280014822e-07
4.854217676e-08
1.120748903e-07
7.481799626e-08
9.868804419e-08
1.004002361e-07
8.750525461e-08
1.250063805e-07
7.816355684e-08
1.485039086e-07
7.033089913e-08
1.708518653e-07
6.3724309e-08
1.92063003e-07
5.811099564e-08
2.121795854e-07
5.33026851e-08
2.312582501e-07
4.914816751e-08
2.493607219e-07
4.552606086e-08
2.665482398e-07
4.233853948e-08
2.828783139e-07
3.950620293e-08
2.98402925e-07
3.696400239e-08
3.131676014e-07
3.465806121e-08
3.272110194e-07
3.254321626e-08
3.405649094e-07
3.058112581e-08
3.532541303e-07
2.873881529e-08
3.652968319e-07
2.698755935e-08
3.767046547e-07
2.530201991e-08
3.874829397e-07
2.365957969e-08
3.976309293e-07
2.20398234e-08
4.07141951e-07
2.04241309e-08
4.160035776e-07
1.879535355e-08
4.241977592e-07
1.713755187e-08
4.317009242e-07
1.543577564e-08
4.384840438e-07
1.367587122e-08
4.445126549e-07
1.184430097e-08
4.497468325e-07
9.927960822e-09
4.541410989e-07
7.913979566e-09
4.576442523e-07
5.789481876e-09
4.601990902e-07
3.541291402e-09
4.617419906e-07
1.155545996e-09
4.622022907e-07
-1.382773485e-09
4.615014227e-07
-4.090686579e-09
4.59551682e-07
-6.988109016e-09
4.562545147e-07
-1.009939161e-08
4.514981083e-07
-1.345526423e-08
4.451540297e-07
-1.709568501e-08
4.370725378e-07
-2.107399491e-08
4.270760736e-07
-2.546298271e-08
4.149503034e-07
-3.036381687e-08
4.004320083e-07
-3.591929901e-08
3.831932353e-07
-4.233362017e-08
3.628218179e-07
-4.990178718e-08
3.388004738e-07
-5.905302138e-08
3.10491902e-07
-7.041311159e-08
2.771489567e-07
-8.488897021e-08
2.379925539e-07
-1.037690039e-07
1.924421817e-07
-1.288014921e-07
1.406443683e-07
-1.621284507e-07
8.448635697e-08
-2.057525694e-07
2.915162113e-08
-2.598088162e-07
-1.539263724e-08
-3.182815751e-07
-3.555424945e-08
-3.60480992e-07
-2.385214113e-08
-3.39704206e-07
-1.824056385e-07
-3.030532091e-08
1.321179187e-07
-5.26092942e-08
2.131915994e-07
-5.176311651e-08
2.142047465e-07
-3.353466954e-08
1.90200881e-07
-5.163101568e-09
1.612492814e-07
2.80416108e-08
1.344725078e-07
6.266336662e-08
1.120186355e-07
9.674418115e-08
9.392066732e-08
1.292779978e-07
7.954107321e-08
1.598231573e-07
6.814288436e-08
1.882578129e-07
5.907059854e-08
2.146302755e-07
5.179109381e-08
2.390712424e-07
4.588993181e-08
2.617438422e-07
4.105170875e-08
2.828166601e-07
3.703817719e-08
3.024500239e-07
3.366932079e-08
3.207897503e-07
3.080844058e-08
3.37964953e-07
2.83508575e-08
3.540879514e-07
2.621554052e-08
3.692551791e-07
2.433897455e-08
3.835484937e-07
2.26706871e-08
3.970365715e-07
2.116998269e-08
4.097762344e-07
1.98035526e-08
4.218136431e-07
1.854371634e-08
4.331853361e-07
1.736712147e-08
4.439191192e-07
1.625377532e-08
4.540348181e-07
1.518632012e-08
4.635449114e-07
1.414948541e-08
4.724550617e-07
1.312967212e-08
4.80764559e-07
1.211463252e-08
4.884666898e-07
1.109322179e-08
4.955490402e-07
1.005520022e-08
5.019937424e-07
8.991072317e-09
5.077776638e-07
7.891948573e-09
5.128725431e-07
6.749420482e-09
5.172450661e-07
5.555436499e-09
5.208568749e-07
4.302169527e-09
5.236644935e-07
2.981861838e-09
5.256191491e-07
1.586634407e-09
5.266664482e-07
1.082453522e-10
5.267458998e-07
-1.462226566e-09
5.257901131e-07
-3.134901451e-09
5.237237472e-07
-4.921744666e-09
5.204618631e-07
-6.837509209e-09
5.159076082e-07
-8.9010109e-09
5.099489189e-07
-1.113699747e-08
5.024538083e-07
-1.357888604e-08
4.932636283e-07
-1.627280446e-08
4.821834468e-07
-1.928363714e-08
4.689683465e-07
-2.270420056e-08
4.533040795e-07
-2.666935493e-08
4.347802512e-07
-3.137796075e-08
4.128545303e-07
-3.712730231e-08
3.868085126e-07
-4.436709574e-08
3.557027799e-07
-5.378323936e-08
3.183569457e-07
-6.642317162e-08
2.734231523e-07
-8.386770068e-08
2.197097241e-07
-1.084150245e-07
1.570619771e-07
-1.431048244e-07
8.825725314e-08
-1.910040942e-07
2.214137435e-08
-2.521656982e-07
-2.348771144e-08
-3.148519082e-07
-2.7468683e-08
-3.357232362e-07
-2.09874322e-07
-3.52029656e-08
1.673208841e-07
-3.869566484e-08
2.166842983e-07
-8.24747255e-09
1.837565539e-07
3.690344339e-08
1.450499647e-07
8.580708276e-08
1.123456416e-07
1.333435143e-07
8.693607591e-08
1.772424319e-07
6.811971754e-08
2.16793436e-07
5.436966281e-08
2.520702751e-07
4.426423365e-08
2.834653645e-07
3.674779453e-08
3.114644268e-07
3.10715358e-08
3.365455369e-07
2.670998324e-08
3.591377855e-07
2.329768273e-08
3.796091629e-07
2.058033081e-08
3.98267958e-07
1.837938153e-08
4.153693879e-07
1.656789025e-08
4.311235549e-07
1.505427299e-08
4.457030401e-07
1.377137166e-08
4.592495049e-07
1.266907502e-08
4.718791649e-07
1.170931385e-08
4.836872157e-07
1.086263543e-08
4.947513642e-07
1.010583342e-08
5.051346266e-07
9.420289346e-09
5.148875434e-07
8.790798676e-09
5.240499337e-07
8.204730263e-09
5.326522899e-07
7.651418118e-09
5.407168927e-07
7.121716359e-09
5.482587065e-07
6.60767064e-09
5.552861048e-07
6.102272694e-09
5.618014609e-07
5.599275321e-09
5.678016309e-07
5.093050557e-09
5.732783507e-07
4.578479293e-09
5.782185595e-07
4.050862348e-09
5.826046607e-07
3.505846103e-09
5.864147242e-07
2.93935568e-09
5.896226291e-07
2.347530322e-09
5.921981429e-07
1.726654315e-09
5.941069258e-07
1.073077623e-09
5.953104391e-07
3.83119614e-10
5.957657158e-07
-3.470327217e-10
5.954250427e-07
-1.121555031e-09
5.942353307e-07
-1.945190911e-09
5.921372036e-07
-2.823619129e-09
5.89063609e-07
-3.763916221e-09
5.849378221e-07
-4.775225592e-09
5.796705496e-07
-5.869726625e-09
5.731557211e-07
-7.064059212e-09
5.652643577e-07
-8.381442647e-09
5.558356033e-07
-9.854884455e-09
5.446635379e-07
-1.153213692e-08
5.31477699e-07
-1.348351772e-08
5.159142572e-07
-1.581452062e-08
4.974735413e-07
-1.868658813e-08
4.754584391e-07
-2.235199531e-08
4.48888511e-07
-2.721331301e-08
4.163907488e-07
-3.392541119e-08
3.760916471e-07
-4.356860086e-08
3.256060448e-07
-5.792942405e-08
2.623976864e-07
-7.989646789e-08
1.851635849e-07
-1.137699946e-07
9.750615651e-08
-1.645082715e-07
1.554898856e-08
-2.328947421e-07
-2.414568094e-08
-2.960285686e-07
-2.340200035e-07
-1.845879222e-08
1.857796762e-07
4.12964566e-08
1.569290493e-07
1.224161465e-07
1.026368638e-07
1.977348076e-07
6.97313033e-08
2.621097282e-07
4.797072067e-08
3.155961012e-07
3.344970267e-08
3.596545398e-07
2.406127859e-08
3.960726436e-07
1.795155875e-08
4.264689791e-07
1.386789783e-08
4.521550128e-07
1.106176049e-08
4.741486881e-07
9.077860084e-09
4.932258721e-07
7.632798874e-09
5.099744061e-07
6.549148298e-09
5.248403912e-07
5.714345362e-09
5.381644112e-07
5.055361058e-09
5.502086599e-07
4.523641003e-09
5.611768451e-07
4.086087316e-09
5.712286661e-07
3.719550111e-09
5.80490327e-07
3.40741353e-09
5.890621932e-07
3.137447129e-09
5.970244006e-07
2.900427354e-09
6.044409983e-07
2.689235053e-09
6.113630341e-07
2.498252872e-09
6.178308767e-07
2.322955332e-09
6.238759813e-07
2.159624901e-09
6.295222464e-07
2.005152226e-09
6.347870685e-07
1.856893379e-09
6.396821717e-07
1.712566575e-09
6.442142671e-07
1.570176374e-09
6.483855841e-07
1.427957431e-09
6.521943017e-07
1.284331988e-09
6.556349028e-07
1.137877196e-09
6.586984651e-07
9.872990753e-10
6.613728993e-07
8.314108831e-10
6.636431402e-07
6.691137297e-10
6.654912916e-07
4.993777609e-10
6.66896723e-07
3.212218808e-10
6.678361088e-07
1.336906042e-10
6.682833958e-07
-6.416849912e-11
6.682097085e-07
-2.733466435e-10
6.675831009e-07
-4.949486519e-10
6.663681548e-07
-7.302460009e-10
6.645253172e-07
-9.80782785e-10
6.620099208e-07
-1.248521146e-09
6.587707401e-07
-1.536046179e-09
6.547478723e-07
-1.846860157e-09
6.498696281e-07
-2.185816306e-09
6.440479519e-07
-2.559767856e-09
6.37171627e-07
-2.978560909e-09
6.290960821e-07
-3.456593335e-09
6.196278985e-07
-4.015335486e-09
6.085009156e-07
-4.687539092e-09
5.953388347e-07
-5.52450859e-09
5.79595945e-07
-6.609107041e-09
5.604624445e-07
-8.079813861e-09
5.367135888e-07
-1.017655688e-08
5.064748895e-07
-1.332990304e-08
4.668815806e-07
-1.833611668e-08
4.13678865e-07
-2.669375378e-08
3.410843179e-07
-4.11754489e-08
2.430999944e-07
-6.652394931e-08
1.205925888e-07
-1.10387338e-07
7.808024763e-09
-1.83244006e-07
-2.262119791e-07
1.857796762e-07
3.427087254e-07
4.453455891e-07
5.150768923e-07
5.63047613e-07
5.964973156e-07
6.205585941e-07
6.385101528e-07
6.523780505e-07
6.634398109e-07
6.725176709e-07
6.801504697e-07
6.866996179e-07
6.924139632e-07
6.974693241e-07
7.01992965e-07
7.060790522e-07
7.097986022e-07
7.132060156e-07
7.163434625e-07
7.192438897e-07
7.219331246e-07
7.244313773e-07
7.267543324e-07
7.289139571e-07
7.309191092e-07
7.327760023e-07
7.344885687e-07
7.360587448e-07
7.37486702e-07
7.387710337e-07
7.399089107e-07
7.408962095e-07
7.417276201e-07
7.423967336e-07
7.42896111e-07
7.432173326e-07
7.433510229e-07
7.432868541e-07
7.430135072e-07
7.425185582e-07
7.417883119e-07
7.408075287e-07
7.395590073e-07
7.380229607e-07
7.361761002e-07
7.339902836e-07
7.314305154e-07
7.284519541e-07
7.249953604e-07
7.209800246e-07
7.162924851e-07
7.107679762e-07
7.041588688e-07
6.960790546e-07
6.859024973e-07
6.725725939e-07
6.542364769e-07
6.275427227e-07
5.863672735e-07
5.198433238e-07
4.094559855e-07
2.262119791e-07
)
;

boundaryField
{
    movingWall
    {
        type            calculated;
        value           uniform 0;
    }
    fixedWalls
    {
        type            calculated;
        value           uniform 0;
    }
    frontAndBack
    {
        type            empty;
    }
}


// ************************************************************************* //
