/*--------------------------------*- C++ -*----------------------------------*\
  =========                 |
  \\      /  F ield         | OpenFOAM: The Open Source CFD Toolbox
   \\    /   O peration     | Website:  https://openfoam.org
    \\  /    A nd           | Version:  11
     \\/     M anipulation  |
\*---------------------------------------------------------------------------*/
FoamFile
{
    format      ascii;
    class       volVectorField;
    location    "400";
    object      U;
}
// * * * * * * * * * * * * * * * * * * * * * * * * * * * * * * * * * * * * * //

dimensions      [0 1 -1 0 0 0 0];

internalField   nonuniform List<vector> 
4096
(
(1.270430483e-05 -1.273916656e-05 0)
(5.10903133e-05 -1.555209821e-05 0)
(7.815946191e-05 -1.129750974e-05 0)
(7.600400832e-05 -4.619330027e-06 0)
(3.567810699e-05 2.365952247e-06 0)
(-4.385817899e-05 8.90905657e-06 0)
(-0.0001604872958 1.467821721e-05 0)
(-0.0003106384935 1.957891614e-05 0)
(-0.0004901136638 2.363554508e-05 0)
(-0.0006945713137 2.692127036e-05 0)
(-0.0009197917502 2.952490891e-05 0)
(-0.001161809143 3.153550287e-05 0)
(-0.001416966106 3.303493972e-05 0)
(-0.001681922038 3.409454166e-05 0)
(-0.001953633639 3.477374814e-05 0)
(-0.002229319346 3.511992314e-05 0)
(-0.002506415491 3.516884895e-05 0)
(-0.002782529634 3.494562638e-05 0)
(-0.00305539494 3.446587142e-05 0)
(-0.003322828442 3.373708266e-05 0)
(-0.003582695208 3.276014966e-05 0)
(-0.003832879889 3.153091793e-05 0)
(-0.004071266595 3.004180747e-05 0)
(-0.004295727703 2.828341585e-05 0)
(-0.00450412185 2.624611471e-05 0)
(-0.004694301065 2.392157693e-05 0)
(-0.004864126797 2.130424794e-05 0)
(-0.005011494287 1.839269883e-05 0)
(-0.005134364586 1.519087309e-05 0)
(-0.005230803269 1.170916068e-05 0)
(-0.005299024706 7.965308383e-06 0)
(-0.005337440599 3.985104684e-06 0)
(-0.005344710981 -1.972531767e-07 0)
(-0.005319796171 -4.539025078e-06 0)
(-0.005262009137 -8.988630561e-06 0)
(-0.005171065433 -1.348597307e-05 0)
(-0.005047129049 -1.79634391e-05 0)
(-0.00489085082 -2.234704341e-05 0)
(-0.004703398072 -2.655791722e-05 0)
(-0.00448647361 -3.051412633e-05 0)
(-0.00424232241 -3.413274258e-05 0)
(-0.003973724729 -3.733214031e-05 0)
(-0.00368397472 -4.003440946e-05 0)
(-0.003376844125 -4.216781935e-05 0)
(-0.003056531156 -4.366919942e-05 0)
(-0.00272759523 -4.448615143e-05 0)
(-0.002394878786 -4.457895765e-05 0)
(-0.00206341791 -4.392210968e-05 0)
(-0.001738343915 -4.250535728e-05 0)
(-0.001424778248 -4.033425465e-05 0)
(-0.001127723107 -3.743019124e-05 0)
(-0.0008519498267 -3.3830006e-05 0)
(-0.0006018862954 -2.958536267e-05 0)
(-0.0003815032032 -2.476227502e-05 0)
(-0.000194196476 -1.944145774e-05 0)
(-4.265920322e-05 -1.372076737e-05 0)
(7.127016145e-05 -7.722048653e-06 0)
(0.0001468077998 -1.606656619e-06 0)
(0.0001845173597 4.39206294e-06 0)
(0.0001867539912 9.905806801e-06 0)
(0.0001583206313 1.434211609e-05 0)
(0.0001077504851 1.677127152e-05 0)
(5.079198452e-05 1.529474656e-05 0)
(7.924106543e-06 7.926448427e-06 0)
(1.572716784e-05 -5.129476749e-05 0)
(5.990885413e-05 -5.943735461e-05 0)
(6.116351902e-05 -1.597502292e-05 0)
(-1.195141712e-05 5.101941016e-05 0)
(-0.000176797598 0.0001259466724 0)
(-0.0004371571853 0.000200265678 0)
(-0.0007897853551 0.0002694557662 0)
(-0.001227539086 0.0003313254285 0)
(-0.001741202288 0.0003850135859 0)
(-0.00232066245 0.0004304071437 0)
(-0.002955642641 0.0004677998543 0)
(-0.003636130822 0.000497688137 0)
(-0.004352610188 0.0005206465399 0)
(-0.005096158602 0.000537251254 0)
(-0.005858462386 0.0005480338705 0)
(-0.006631775734 0.0005534550043 0)
(-0.007408847931 0.000553891545 0)
(-0.008182834519 0.0005496335317 0)
(-0.008947204265 0.0005408880022 0)
(-0.009695650746 0.0005277878906 0)
(-0.01042201508 0.0005104045792 0)
(-0.01112022446 0.0004887629739 0)
(-0.01178424983 0.0004628582378 0)
(-0.01240808465 0.0004326734166 0)
(-0.01298574592 0.0003981973534 0)
(-0.01351129754 0.0003594423183 0)
(-0.01397889554 0.0003164608832 0)
(-0.01438285381 0.0002693615646 0)
(-0.01471772848 0.0002183228281 0)
(-0.01497841855 0.0001636050199 0)
(-0.01516027961 0.0001055598601 0)
(-0.01525924747 4.463706723e-05 0)
(-0.01527196682 -1.861238526e-05 0)
(-0.01519592187 -8.353576996e-05 0)
(-0.01502956587 -0.0001493800665 0)
(-0.01477244231 -0.0002152986829 0)
(-0.01442529499 -0.0002803635066 0)
(-0.0139901587 -0.0003435804982 0)
(-0.01347042693 -0.0004039089487 0)
(-0.01287089219 -0.0004602841072 0)
(-0.0121977551 -0.0005116426247 0)
(-0.01145859912 -0.0005569501393 0)
(-0.01066232889 -0.0005952301326 0)
(-0.009819071245 -0.0006255931002 0)
(-0.008940039144 -0.0006472649611 0)
(-0.008037359994 -0.000659613648 0)
(-0.00712387123 -0.0006621728456 0)
(-0.006212886956 -0.0006546620279 0)
(-0.005317940378 -0.0006370021761 0)
(-0.004452507189 -0.0006093269833 0)
(-0.003629714954 -0.000571989877 0)
(-0.002862042706 -0.0005255679889 0)
(-0.002161013056 -0.0004708652557 0)
(-0.001536875952 -0.0004089184149 0)
(-0.000998278174 -0.0003410119818 0)
(-0.0005519052368 -0.0002687119371 0)
(-0.0002020715426 -0.0001939336271 0)
(4.978173729e-05 -0.000119068305 0)
(0.0002057437666 -4.720524067e-05 0)
(0.0002723084934 1.749943423e-05 0)
(0.000261510292 6.92495572e-05 0)
(0.000192814624 9.98102073e-05 0)
(9.789727188e-05 9.776893004e-05 0)
(1.517216223e-05 5.065577175e-05 0)
(1.172806242e-05 -7.903527696e-05 0)
(1.696997557e-05 -6.105783073e-05 0)
(-5.962724823e-05 5.992681268e-05 0)
(-0.0002507571128 0.0002311695141 0)
(-0.0005749482878 0.0004213899145 0)
(-0.001036935617 0.0006117562885 0)
(-0.001632882738 0.0007912656302 0)
(-0.002353595911 0.0009539054986 0)
(-0.003186710018 0.001096787507 0)
(-0.004118214336 0.001218943926 0)
(-0.005133481321 0.001320554872 0)
(-0.006217926033 0.001402446249 0)
(-0.007357400376 0.001465760805 0)
(-0.008538400017 0.001511742873 0)
(-0.009748141302 0.001541599863 0)
(-0.01097455085 0.001556417173 0)
(-0.01220619986 0.001557111235 0)
(-0.01343220745 0.00154441042 0)
(-0.01464213149 0.0015188565 0)
(-0.01582586104 0.001480821344 0)
(-0.01697352097 0.001430534739 0)
(-0.01807539652 0.001368120111 0)
(-0.01912188337 0.001293635505 0)
(-0.02010346674 0.001207117639 0)
(-0.02101073152 0.001108627141 0)
(-0.02183440392 0.0009982933715 0)
(-0.02256542397 0.0008763573522 0)
(-0.02319504694 0.0007432115168 0)
(-0.02371497115 0.0005994350608 0)
(-0.0241174881 0.0004458237756 0)
(-0.02439565083 0.0002834133274 0)
(-0.0245434552 0.0001134949721 0)
(-0.02455602719 -6.237739589e-05 0)
(-0.02442981192 -0.0002423876244 0)
(-0.02416275923 -0.0004244643173 0)
(-0.02375449469 -0.0006063004693 0)
(-0.02320647409 -0.0007853857621 0)
(-0.02252210815 -0.0009590482656 0)
(-0.02170685336 -0.001124505424 0)
(-0.02076826248 -0.001278923409 0)
(-0.01971598929 -0.001419483467 0)
(-0.01856174337 -0.001543453486 0)
(-0.01731919224 -0.001648262679 0)
(-0.01600380928 -0.001731576995 0)
(-0.01463266789 -0.001791372711 0)
(-0.0132241838 -0.001826005629 0)
(-0.01179780924 -0.001834273491 0)
(-0.01037368387 -0.001815469609 0)
(-0.008972248843 -0.00176942636 0)
(-0.007613830561 -0.001696548163 0)
(-0.006318200924 -0.001597834883 0)
(-0.005104119548 -0.001474898395 0)
(-0.003988861398 -0.001329977432 0)
(-0.002987729557 -0.001165959078 0)
(-0.002113547485 -0.0009864197341 0)
(-0.001376117856 -0.000795704587 0)
(-0.0007816257621 -0.0005990731902 0)
(-0.0003319519719 -0.0004029501869 0)
(-2.384944261e-05 -0.000215333482 0)
(0.000152045813 -4.642138012e-05 0)
(0.0002123492614 9.049590534e-05 0)
(0.0001826124256 0.000177920417 0)
(0.0001019485972 0.000193044458 0)
(1.672991648e-05 0.0001076838203 0)
(5.207303292e-06 -7.771208408e-05 0)
(-5.116325806e-05 1.250152763e-05 0)
(-0.0002355020616 0.0002517414694 0)
(-0.0005748042457 0.0005666793169 0)
(-0.001083321512 0.000911312902 0)
(-0.00176418148 0.00125618632 0)
(-0.002612029457 0.001582996667 0)
(-0.003615720155 0.001881033405 0)
(-0.004760433708 0.002144638825 0)
(-0.006029241563 0.002371446753 0)
(-0.00740423417 0.002561173872 0)
(-0.008867295566 0.002714787369 0)
(-0.01040060155 0.002833931562 0)
(-0.01198690901 0.002920535968 0)
(-0.01360969225 0.002976552788 0)
(-0.01525317151 0.0030037885 0)
(-0.01690226981 0.003003805107 0)
(-0.01854252681 0.002977873603 0)
(-0.02015999252 0.002926966829 0)
(-0.02174111865 0.002851781967 0)
(-0.02327266119 0.002752785001 0)
(-0.02474160474 0.002630270989 0)
(-0.02613511574 0.002484435037 0)
(-0.02744052974 0.002315449697 0)
(-0.02864537518 0.002123545107 0)
(-0.02973743493 0.0019090887 0)
(-0.03070484445 0.001672661634 0)
(-0.03153622473 0.001415129421 0)
(-0.03222084618 0.001137704447 0)
(-0.03274881916 0.0008419982831 0)
(-0.03311130525 0.0005300618948 0)
(-0.03330074339 0.0002044119381 0)
(-0.03331108097 -0.0001319586881 0)
(-0.03313800671 -0.0004755839997 0)
(-0.03277917697 -0.0008225412991 0)
(-0.03223442146 -0.001168489456 0)
(-0.03150592892 -0.001508729162 0)
(-0.03059839425 -0.001838280141 0)
(-0.02951912327 -0.002151974823 0)
(-0.02827808732 -0.002444566768 0)
(-0.02688792114 -0.002710851356 0)
(-0.02536385923 -0.00294579564 0)
(-0.02372360705 -0.003144673664 0)
(-0.02198714549 -0.00330320314 0)
(-0.02017646865 -0.003417679101 0)
(-0.01831525713 -0.003485100131 0)
(-0.01642849082 -0.003503283118 0)
(-0.01454200671 -0.00347096312 0)
(-0.01268200894 -0.003387876052 0)
(-0.01087453867 -0.003254823517 0)
(-0.009144911805 -0.003073721268 0)
(-0.007517131483 -0.002847635633 0)
(-0.006013280717 -0.002580815898 0)
(-0.004652897172 -0.002278735342 0)
(-0.003452328037 -0.001948159549 0)
(-0.002424057585 -0.001597268257 0)
(-0.001575994327 -0.001235866177 0)
(-0.0009106984426 -0.000875728802 0)
(-0.0004245261948 -0.0005311392985 0)
(-0.0001066915067 -0.0002196767663 0)
(6.171332679e-05 3.671018985e-05 0)
(0.0001090750577 0.0002103955916 0)
(7.707536634e-05 0.0002665090556 0)
(1.478793629e-05 0.0001601320676 0)
(-1.869209645e-06 -3.715148966e-05 0)
(-0.0001303846777 0.0001819539042 0)
(-0.0004388784593 0.0005833186727 0)
(-0.0009447072376 0.001079069301 0)
(-0.001654150325 0.00161134467 0)
(-0.002566441676 0.002141373972 0)
(-0.003673414411 0.002643975294 0)
(-0.004961451745 0.003103693651 0)
(-0.006413313848 0.003511859193 0)
(-0.008009542336 0.003864421763 0)
(-0.00972953086 0.004160381778 0)
(-0.0115523055 0.004400656535 0)
(-0.01345705561 0.004587266235 0)
(-0.01542346299 0.004722757174 0)
(-0.01743187541 0.004809802649 0)
(-0.01946336581 0.004850938509 0)
(-0.02149971222 0.004848401731 0)
(-0.02352332816 0.004804048311 0)
(-0.02551716803 0.004719332251 0)
(-0.02746462711 0.004595331283 0)
(-0.02934945193 0.004432807716 0)
(-0.0311556728 0.004232294873 0)
(-0.03286756733 0.003994201066 0)
(-0.03446966073 0.003718924312 0)
(-0.0359467663 0.003406971882 0)
(-0.03728406727 0.00305907955 0)
(-0.03846723917 0.00267632601 0)
(-0.03948261033 0.002260238414 0)
(-0.04031735641 0.001812885381 0)
(-0.04095972365 0.001336954224 0)
(-0.04139927452 0.0008358094666 0)
(-0.04162714886 0.0003135299509 0)
(-0.04163632808 -0.0002250782047 0)
(-0.04142190151 -0.0007744898442 0)
(-0.04098132334 -0.001328489724 0)
(-0.04031464241 -0.001880233973 0)
(-0.03942471171 -0.002422344334 0)
(-0.03831735101 -0.002947027873 0)
(-0.03700146138 -0.003446221317 0)
(-0.03548908191 -0.003911757418 0)
(-0.0337953819 -0.004335549638 0)
(-0.03193858241 -0.00470979054 0)
(-0.02993980347 -0.005027158499 0)
(-0.02782283457 -0.005281026693 0)
(-0.02561382834 -0.005465668003 0)
(-0.02334091934 -0.005576449418 0)
(-0.02103377194 -0.005610009992 0)
(-0.01872306318 -0.005564417325 0)
(-0.01643990822 -0.005439299106 0)
(-0.01421523679 -0.005235948418 0)
(-0.01207913006 -0.004957404489 0)
(-0.01006012655 -0.00460851426 0)
(-0.008184505129 -0.004195984879 0)
(-0.006475550857 -0.003728442782 0)
(-0.004952806967 -0.003216521853 0)
(-0.003631313514 -0.002673010871 0)
(-0.002520830593 -0.002113099067 0)
(-0.001625042444 -0.001554766988 0)
(-0.0009407398673 -0.001019377156 0)
(-0.0004569969253 -0.0005325223143 0)
(-0.0001543740657 -0.0001251658823 0)
(-3.919439265e-06 0.0001649531396 0)
(3.52853745e-05 0.0002913897288 0)
(1.132876634e-05 0.000194448145 0)
(-8.862569997e-06 4.563354077e-05 0)
(-0.0002133166677 0.0004561106892 0)
(-0.0006538103272 0.001067054179 0)
(-0.001336110177 0.001781542293 0)
(-0.002256312784 0.002533139437 0)
(-0.003408015864 0.003275733216 0)
(-0.004779010607 0.003978355405 0)
(-0.006352483789 0.004621328146 0)
(-0.008108479485 0.005193152593 0)
(-0.01002503727 0.005688097964 0)
(-0.01207910461 0.006104371334 0)
(-0.01424723912 0.006442740105 0)
(-0.01650610838 0.006705507327 0)
(-0.01883281378 0.006895762994 0)
(-0.02120507197 0.007016851758 0)
(-0.0236012871 0.007072011051 0)
(-0.02600054511 0.007064143774 0)
(-0.0283825579 0.00699569729 0)
(-0.03072758143 0.00686862598 0)
(-0.03301632765 0.00668441878 0)
(-0.03522988664 0.006444176215 0)
(-0.03734967161 0.006148723874 0)
(-0.03935739605 0.005798751161 0)
(-0.04123508953 0.005394965705 0)
(-0.04296515582 0.004938255038 0)
(-0.04453047458 0.004429848227 0)
(-0.04591454585 0.003871470964 0)
(-0.04710167472 0.003265488361 0)
(-0.04807719157 0.002615030321 0)
(-0.04882770233 0.001924094893 0)
(-0.04934136177 0.001197625611 0)
(-0.0496081627 0.0004415590865 0)
(-0.04962022552 -0.0003371608037 0)
(-0.04937209167 -0.00113059838 0)
(-0.04886100484 -0.001929870385 0)
(-0.04808715848 -0.002725233852 0)
(-0.04705392584 -0.003506218839 0)
(-0.0457680358 -0.004261795767 0)
(-0.04423969657 -0.004980576276 0)
(-0.04248265652 -0.005651044093 0)
(-0.04051419425 -0.006261810932 0)
(-0.03835503154 -0.006801891297 0)
(-0.03602916442 -0.007260989018 0)
(-0.03356360955 -0.007629787493 0)
(-0.03098806517 -0.007900235142 0)
(-0.02833448808 -0.008065817521 0)
(-0.02563659039 -0.008121808037 0)
(-0.02292926198 -0.008065490352 0)
(-0.0202479265 -0.007896347472 0)
(-0.01762784043 -0.007616215168 0)
(-0.01510334562 -0.00722940096 0)
(-0.01270708657 -0.006742774316 0)
(-0.01046920338 -0.006165839091 0)
(-0.008416510694 -0.005510805401 0)
(-0.006571672182 -0.004792685137 0)
(-0.004952379072 -0.004029442751 0)
(-0.003570541263 -0.003242240375 0)
(-0.002431500574 -0.002455822825 0)
(-0.00153327992 -0.001699093521 0)
(-0.0008658920338 -0.001005936648 0)
(-0.0004107185816 -0.0004163227029 0)
(-0.0001398808155 2.231410268e-05 0)
(-1.54557142e-05 0.0002530603263 0)
(7.275166139e-06 0.0002043763533 0)
(-1.55053207e-05 0.0001709694771 0)
(-0.0002962024044 0.000837951321 0)
(-0.000871241035 0.001708441537 0)
(-0.001734178142 0.002680809321 0)
(-0.002869821095 0.003683143674 0)
(-0.00426496029 0.004664156532 0)
(-0.005902357919 0.005588526854 0)
(-0.007761298306 0.006433241653 0)
(-0.009818694534 0.007184481612 0)
(-0.01204992519 0.007835096332 0)
(-0.01442953573 0.008382608965 0)
(-0.01693180798 0.008827660607 0)
(-0.0195311804 0.00917281753 0)
(-0.02220252767 0.009421676611 0)
(-0.02492132058 0.009578214779 0)
(-0.02766369073 0.009646337612 0)
(-0.0304064257 0.009629589966 0)
(-0.03312691883 0.009530997713 0)
(-0.03580309574 0.009353014599 0)
(-0.03841333655 0.009097552097 0)
(-0.04093640959 0.008766073298 0)
(-0.04335142922 0.00835973441 0)
(-0.04563784711 0.007879559575 0)
(-0.04777548351 0.007326636505 0)
(-0.04974460219 0.006702321968 0)
(-0.05152603041 0.006008447447 0)
(-0.05310132299 0.005247516446 0)
(-0.05445296754 0.004422885855 0)
(-0.05556462647 0.003538924647 0)
(-0.05642140932 0.002601143969 0)
(-0.05701016884 0.001616293439 0)
(-0.05731981332 0.0005924189052 0)
(-0.05734161656 -0.0004611230031 0)
(-0.05706953461 -0.001533689308 0)
(-0.05650050857 -0.002613411943 0)
(-0.05563472634 -0.003687313776 0)
(-0.05447587384 -0.004741482827 0)
(-0.05303132495 -0.005761290664 0)
(-0.0513122773 -0.006731653809 0)
(-0.04933382178 -0.00763733381 0)
(-0.0471149369 -0.008463269792 0)
(-0.04467840089 -0.009194935871 0)
(-0.04205061581 -0.00981871448 0)
(-0.03926134001 -0.01032227556 0)
(-0.03634332725 -0.01069495095 0)
(-0.03333187326 -0.01092809298 0)
(-0.03026427307 -0.01101540707 0)
(-0.02717919471 -0.01095324896 0)
(-0.02411597747 -0.01074087971 0)
(-0.02111386513 -0.01038067446 0)
(-0.01821118617 -0.009878284847 0)
(-0.01544449464 -0.009242760234 0)
(-0.01284768609 -0.008486638389 0)
(-0.01045110391 -0.00762602297 0)
(-0.008280651377 -0.006680672062 0)
(-0.006356925912 -0.00567412896 0)
(-0.004694392954 -0.004633932783 0)
(-0.003300619725 -0.003591951424 0)
(-0.0021755957 -0.00258488355 0)
(-0.001311166594 -0.001654980828 0)
(-0.0006905667524 -0.0008510244491 0)
(-0.0002881384204 -0.0002295402973 0)
(-7.028718596e-05 0.0001433745912 0)
(3.14815871e-06 0.0001870677894 0)
(-2.172628674e-05 0.0003380159771 0)
(-0.0003772400338 0.001327290794 0)
(-0.001086216884 0.002508669024 0)
(-0.002130140334 0.003779049575 0)
(-0.003482159434 0.005063725767 0)
(-0.005121576695 0.006308332567 0)
(-0.007025429338 0.007474749412 0)
(-0.009168521104 0.00853771942 0)
(-0.01152422752 0.009481832423 0)
(-0.01406503977 0.01029898109 0)
(-0.01676303803 0.01098627969 0)
(-0.01959029927 0.01154439204 0)
(-0.0225192062 0.01197621618 0)
(-0.02552265304 0.01228587588 0)
(-0.02857415881 0.01247797369 0)
(-0.03164790468 0.01255706437 0)
(-0.03471871504 0.01252731279 0)
(-0.03776200224 0.01239230435 0)
(-0.0407536942 0.01215498003 0)
(-0.04367016188 0.01181767116 0)
(-0.04648816128 0.01138221211 0)
(-0.04918480164 0.01085011134 0)
(-0.05173754883 0.01022276361 0)
(-0.05412427007 0.009501688111 0)
(-0.05632332347 0.008688778813 0)
(-0.05831369353 0.00778655523 0)
(-0.06007517161 0.006798402819 0)
(-0.06158857834 0.005728793668 0)
(-0.06283602332 0.00458347913 0)
(-0.06380119587 0.003369647075 0)
(-0.06446967999 0.002096037394 0)
(-0.06482928672 0.0007730099982 0)
(-0.06487038168 -0.000587440395 0)
(-0.06458622311 -0.001971718795 0)
(-0.06397328697 -0.003364708875 0)
(-0.06303154141 -0.004749917234 0)
(-0.06176472286 -0.00610969055 0)
(-0.06018054377 -0.007425486841 0)
(-0.05829084594 -0.008678199826 0)
(-0.05611168585 -0.009848531365 0)
(-0.0536633417 -0.01091740473 0)
(-0.05097023409 -0.0118664097 0)
(-0.04806075348 -0.01267826877 0)
(-0.04496698939 -0.0133373125 0)
(-0.04172435858 -0.01382995084 0)
(-0.03837113185 -0.01414512721 0)
(-0.03494786194 -0.01427474212 0)
(-0.03149671802 -0.01421403465 0)
(-0.02806073494 -0.01396191203 0)
(-0.0246829885 -0.01352122118 0)
(-0.02140571072 -0.01289896 0)
(-0.01826936106 -0.01210643173 0)
(-0.01531167211 -0.01115935198 0)
(-0.01256668936 -0.01007792433 0)
(-0.01006382676 -0.008886907824 0)
(-0.007826961101 -0.007615705834 0)
(-0.005873590294 -0.00629851145 0)
(-0.0042140845 -0.004974548381 0)
(-0.002851067125 -0.003688449023 0)
(-0.001778952866 -0.002490814645 0)
(-0.0009835973861 -0.001438982734 0)
(-0.0004423100712 -0.000597967933 0)
(-0.0001264719219 -4.190990515e-05 0)
(-7.981176202e-07 0.0001415025467 0)
(-2.754377615e-05 0.0005454113282 0)
(-0.000455649057 0.001922197713 0)
(-0.001296152899 0.003466259201 0)
(-0.002518969635 0.005075389139 0)
(-0.004085670879 0.006674302766 0)
(-0.005967764708 0.008207464506 0)
(-0.008136138652 0.009635489906 0)
(-0.01056070301 0.0109320532 0)
(-0.0132109635 0.01208101389 0)
(-0.01605630406 0.01307391236 0)
(-0.01906623816 0.0139078608 0)
(-0.02221064544 0.01458380602 0)
(-0.02545995222 0.01510513338 0)
(-0.02878524378 0.01547657739 0)
(-0.03215831198 0.01570340285 0)
(-0.03555164846 0.01579082127 0)
(-0.03893839753 0.01574360897 0)
(-0.04229228461 0.0155658954 0)
(-0.04558753612 0.01526109278 0)
(-0.04879880537 0.01483194041 0)
(-0.05190111746 0.0142806393 0)
(-0.05486984346 0.0136090551 0)
(-0.05768071207 0.01281896943 0)
(-0.06030986422 0.0119123617 0)
(-0.0627339536 0.01089170538 0)
(-0.06493029418 0.009760264614 0)
(-0.06687705331 0.008522378413 0)
(-0.06855348754 0.007183721286 0)
(-0.06994021651 0.005751530448 0)
(-0.07101952861 0.004234790898 0)
(-0.07177571204 0.002644370859 0)
(-0.07219540521 0.0009931008539 0)
(-0.07226794071 -0.0007042104054 0)
(-0.07198570374 -0.002430820899 0)
(-0.07134448337 -0.004168151317 0)
(-0.07034375894 -0.005895955831 0)
(-0.06898700774 -0.007592582064 0)
(-0.06728193595 -0.00923529544 0)
(-0.06524065735 -0.01080066739 0)
(-0.06287980344 -0.01226502205 0)
(-0.06022055333 -0.01360493321 0)
(-0.05728857409 -0.01479776146 0)
(-0.05411386292 -0.015822219 0)
(-0.05073048463 -0.01665894822 0)
(-0.04717619989 -0.01729109855 0)
(-0.04349198258 -0.01770488539 0)
(-0.03972142759 -0.01789011513 0)
(-0.03591005383 -0.01784066106 0)
(-0.03210451081 -0.01755487762 0)
(-0.02835170089 -0.01703594316 0)
(-0.02469783272 -0.01629212638 0)
(-0.02118742483 -0.01533697712 0)
(-0.0178622814 -0.01418944843 0)
(-0.0147604648 -0.012873964 0)
(-0.01191529194 -0.01142045211 0)
(-0.00935438383 -0.009864373243 0)
(-0.00709879985 -0.00824677395 0)
(-0.005162292474 -0.006614402071 0)
(-0.003550727742 -0.005019920025 0)
(-0.002261695924 -0.003522253744 0)
(-0.00128423164 -0.002187090779 0)
(-0.0005990471278 -0.001087472221 0)
(-0.000182670443 -0.0003047630469 0)
(-4.471856807e-06 6.762865936e-05 0)
(-3.300304514e-05 0.0007916150242 0)
(-0.0005311583815 0.002619837053 0)
(-0.001499788648 0.004578138171 0)
(-0.002897882819 0.00656693543 0)
(-0.00467576798 0.008512170695 0)
(-0.006797114176 0.01035881469 0)
(-0.00922645796 0.01206766496 0)
(-0.01192856621 0.01361250761 0)
(-0.0148688432 0.01497739464 0)
(-0.01801339268 0.01615420795 0)
(-0.02132906602 0.01714056021 0)
(-0.0247835312 0.017938031 0)
(-0.02834531884 0.01855072546 0)
(-0.03198383007 0.01898413405 0)
(-0.03566930552 0.01924426647 0)
(-0.0393727614 0.01933703043 0)
(-0.04306590219 0.01926782483 0)
(-0.04672102229 0.01904131724 0)
(-0.05031090907 0.01866137643 0)
(-0.05380875971 0.01813113216 0)
(-0.0571881223 0.01745313623 0)
(-0.06042287045 0.01662960029 0)
(-0.06348721807 0.01566268847 0)
(-0.06635577906 0.0145548444 0)
(-0.06900367444 0.01330913453 0)
(-0.07140668735 0.01192959142 0)
(-0.07354146472 0.01042154249 0)
(-0.07538576249 0.008791911466 0)
(-0.07691872999 0.007049481093 0)
(-0.07812122761 0.005205107272 0)
(-0.0789761715 0.003271875934 0)
(-0.07946890077 0.001265195041 0)
(-0.07958753845 -0.0007971862631 0)
(-0.07932336917 -0.00289523207 0)
(-0.07867122362 -0.005006730889 0)
(-0.0776297764 -0.007107489255 0)
(-0.07620189369 -0.00917163276 0)
(-0.07439489471 -0.01117198208 0)
(-0.07222076516 -0.0130805045 0)
(-0.06969630269 -0.01486883549 0)
(-0.06684318161 -0.01650886152 0)
(-0.06368792517 -0.01797335296 0)
(-0.06026177527 -0.01923663322 0)
(-0.05660045057 -0.02027526807 0)
(-0.05274378664 -0.0210687572 0)
(-0.04873525439 -0.02160020882 0)
(-0.04462135655 -0.02185697772 0)
(-0.04045090625 -0.02183124795 0)
(-0.03627419555 -0.02152054332 0)
(-0.03214206693 -0.02092815204 0)
(-0.02810490481 -0.02006345661 0)
(-0.02421156901 -0.01894216589 0)
(-0.02050829575 -0.01758645308 0)
(-0.01703759571 -0.01602501063 0)
(-0.01383718145 -0.01429304058 0)
(-0.01093895946 -0.01243220497 0)
(-0.008368123858 -0.01049056621 0)
(-0.006142393257 -0.008522549342 0)
(-0.004271442309 -0.006588958474 0)
(-0.002756547218 -0.004757078353 0)
(-0.001590324612 -0.003100864104 0)
(-0.0007571053134 -0.001701145045 0)
(-0.0002384461749 -0.0006460878067 0)
(-7.867850086e-06 -3.421421078e-05 0)
(-3.81527708e-05 0.001075069933 0)
(-0.0006037354369 0.003416947268 0)
(-0.001696572145 0.005840306388 0)
(-0.003265392905 0.008249483382 0)
(-0.005249737487 0.01057311994 0)
(-0.007605567518 0.01275815075 0)
(-0.01029103799 0.01476688311 0)
(-0.0132656645 0.01657435633 0)
(-0.01649062157 0.01816575261 0)
(-0.01992862446 0.01953403667 0)
(-0.02354379816 0.02067788709 0)
(-0.02730158974 0.02159993256 0)
(-0.0311686816 0.02230529278 0)
(-0.03511289072 0.02280041315 0)
(-0.03910305156 0.0230921742 0)
(-0.04310888578 0.0231872517 0)
(-0.0471008654 0.02309170038 0)
(-0.05105007846 0.02281073263 0)
(-0.05492810693 0.02234866331 0)
(-0.05870692658 0.02170899221 0)
(-0.06235883758 0.02089459645 0)
(-0.06585643304 0.01990800709 0)
(-0.06917261104 0.01875174557 0)
(-0.07228063396 0.01742869785 0)
(-0.07515423685 0.0159425061 0)
(-0.07776778514 0.01429795975 0)
(-0.08009648003 0.01250136995 0)
(-0.08211660899 0.01056091296 0)
(-0.08380583694 0.008486930006 0)
(-0.08514353281 0.006292172391 0)
(-0.08611112597 0.003991982289 0)
(-0.08669248914 0.001604400765 0)
(-0.08687431808 -0.0008498062191 0)
(-0.0866465265 -0.003347209591 0)
(-0.08600267445 -0.005861840316 0)
(-0.08494027534 -0.008365400196 0)
(-0.08346119442 -0.01082760033 0)
(-0.08157194891 -0.01321658577 0)
(-0.07928396664 -0.01549944832 0)
(-0.07661377909 -0.01764282239 0)
(-0.07358313388 -0.01961355496 0)
(-0.07021901302 -0.02137943766 0)
(-0.0665535441 -0.02290998586 0)
(-0.06262379291 -0.02417724691 0)
(-0.05847142818 -0.02515661676 0)
(-0.05414225239 -0.02582764258 0)
(-0.04968559634 -0.02617478773 0)
(-0.04515357979 -0.02618813579 0)
(-0.04060024586 -0.02586401179 0)
(-0.03608058217 -0.02520550215 0)
(-0.03164944777 -0.02422285906 0)
(-0.02736043025 -0.02293378177 0)
(-0.0232646626 -0.02136357398 0)
(-0.01940963406 -0.01954518481 0)
(-0.01583803282 -0.01751914849 0)
(-0.01258666129 -0.0153334451 0)
(-0.009685466292 -0.01304330988 0)
(-0.007156730686 -0.01071102077 0)
(-0.005014482795 -0.008405693702 0)
(-0.003264135635 -0.006203112214 0)
(-0.001902191847 -0.004185587218 0)
(-0.0009166859286 -0.002441760594 0)
(-0.0002939449248 -0.001066573534 0)
(-1.102728861e-05 -0.0001636630404 0)
(-4.303374906e-05 0.001394265553 0)
(-0.0006734393771 0.004310088511 0)
(-0.001886299084 0.007248235272 0)
(-0.003620715884 0.01011797464 0)
(-0.005805950449 0.01285187209 0)
(-0.008390493841 0.01540009593 0)
(-0.01132621273 0.01772766987 0)
(-0.01456737881 0.01981196628 0)
(-0.01807090263 0.02164022008 0)
(-0.02179607064 0.02320723691 0)
(-0.02570425983 0.02451336295 0)
(-0.02975870778 0.0255627376 0)
(-0.03392429968 0.02636183684 0)
(-0.03816735956 0.02691830379 0)
(-0.04245544379 0.02724005333 0)
(-0.04675713886 0.02733463108 0)
(-0.05104186812 0.02720880246 0)
(-0.05527971402 0.02686834495 0)
(-0.05944126343 0.02631801493 0)
(-0.06349748349 0.02556166015 0)
(-0.06741963462 0.02460244939 0)
(-0.07117922649 0.02344319181 0)
(-0.07474802107 0.02208672035 0)
(-0.07809808558 0.02053631508 0)
(-0.08120189644 0.01879614491 0)
(-0.08403249416 0.01687170793 0)
(-0.08656368762 0.01477025295 0)
(-0.08877030516 0.01250116672 0)
(-0.09062848871 0.01007631305 0)
(-0.09211602615 0.00751031182 0)
(-0.09321271724 0.004820747281 0)
(-0.09390077134 0.002028296484 0)
(-0.09416520831 -0.0008432326433 0)
(-0.09399426695 -0.003766966599 0)
(-0.09337989158 -0.006713097091 0)
(-0.092318044 -0.009649101496 0)
(-0.09080916462 -0.01254011289 0)
(-0.08885852031 -0.01534938849 0)
(-0.08647651947 -0.01803888002 0)
(-0.08367896588 -0.02056990205 0)
(-0.08048723329 -0.02290388926 0)
(-0.0769283449 -0.02500323067 0)
(-0.07303494165 -0.02683216446 0)
(-0.06884512458 -0.02835771382 0)
(-0.06440215864 -0.02955064041 0)
(-0.05975402859 -0.03038638921 0)
(-0.05495284183 -0.03084599687 0)
(-0.05005407857 -0.03091693462 0)
(-0.04511569556 -0.03059385832 0)
(-0.0401970968 -0.02987924058 0)
(-0.03535799112 -0.02878386478 0)
(-0.03065716404 -0.02732716709 0)
(-0.02615119731 -0.02553742064 0)
(-0.02189317523 -0.02345176456 0)
(-0.01793142154 -0.02111608963 0)
(-0.01430831314 -0.01858480041 0)
(-0.01105921861 -0.01592047974 0)
(-0.008211612513 -0.01319348457 0)
(-0.005784426366 -0.01048150183 0)
(-0.00378763989 -0.00786908987 0)
(-0.002221902751 -0.005447198844 0)
(-0.001078981929 -0.003312577998 0)
(-0.000349687188 -0.001567282949 0)
(-1.401491734e-05 -0.0003205615213 0)
(-4.767813515e-05 0.001747751467 0)
(-0.0007403470256 0.00529575624 0)
(-0.002068902334 0.008797084063 0)
(-0.003963401795 0.01216677661 0)
(-0.006343345765 0.01534236814 0)
(-0.009150056781 0.01827837855 0)
(-0.01232929298 0.02094364351 0)
(-0.01583017873 0.02331887928 0)
(-0.01960540584 0.02539426364 0)
(-0.02361085513 0.02716719724 0)
(-0.02780517922 0.02864031116 0)
(-0.0321494457 0.02981974451 0)
(-0.03660680686 0.03071370405 0)
(-0.04114218665 0.03133130676 0)
(-0.0457219847 0.03168169601 0)
(-0.05031379938 0.03177341473 0)
(-0.05488617351 0.03161401367 0)
(-0.05940836757 0.03120986871 0)
(-0.06385016626 0.03056617922 0)
(-0.06818172374 0.02968711828 0)
(-0.07237345268 0.02857610523 0)
(-0.07639596116 0.02723617228 0)
(-0.08022004041 0.02567039795 0)
(-0.0838167051 0.02388238209 0)
(-0.08715728702 0.02187673961 0)
(-0.09021358142 0.01965959177 0)
(-0.09295804479 0.01723903688 0)
(-0.09536404168 0.01462558355 0)
(-0.09740613763 0.01183253214 0)
(-0.09906043392 0.008876291462 0)
(-0.1003049404 0.005776619249 0)
(-0.1011199869 0.002556776811 0)
(-0.101488648 -0.0007564139924 0)
(-0.1013971589 -0.004132633355 0)
(-0.1008354789 -0.007538196846 0)
(-0.09979760003 -0.01093627665 0)
(-0.09828208387 -0.01428729421 0)
(-0.09629246649 -0.01754942567 0)
(-0.09383764171 -0.02067922451 0)
(-0.09093218947 -0.02363235872 0)
(-0.08759662814 -0.02636445459 0)
(-0.08385757164 -0.02883203517 0)
(-0.07974777218 -0.03099353648 0)
(-0.07530602962 -0.03281038033 0)
(-0.0705769507 -0.03424807755 0)
(-0.06561054474 -0.0352773316 0)
(-0.06046164704 -0.03587510941 0)
(-0.0551891672 -0.03602564456 0)
(-0.04985516696 -0.03572133811 0)
(-0.04452378 -0.03496352466 0)
(-0.03925999497 -0.03376307565 0)
(-0.0341283311 -0.03214081866 0)
(-0.02919144435 -0.03012776024 0)
(-0.02450870808 -0.02776510945 0)
(-0.02013481846 -0.02510410998 0)
(-0.0161184771 -0.02220569823 0)
(-0.01250120506 -0.0191400128 0)
(-0.009316344024 -0.01598578482 0)
(-0.006588310613 -0.01282964017 0)
(-0.004332098272 -0.009765341369 0)
(-0.002552770277 -0.006892965391 0)
(-0.001245864145 -0.004317925356 0)
(-0.000406437435 -0.002150055895 0)
(-1.690830561e-05 -0.0005051054941 0)
(-5.210703661e-05 0.002134126858 0)
(-0.000804511842 0.00637041655 0)
(-0.002244332043 0.01048180131 0)
(-0.004293109896 0.01438983517 0)
(-0.006861098521 0.01803794181 0)
(-0.009882790763 0.02138599253 0)
(-0.01329807495 0.02440763448 0)
(-0.0170510913 0.02708787017 0)
(-0.02109042213 0.02942066937 0)
(-0.02536862059 0.03140676451 0)
(-0.02984168124 0.03305168966 0)
(-0.03446857093 0.03436408586 0)
(-0.0392107912 0.03535428581 0)
(-0.04403196657 0.03603318018 0)
(-0.04889746128 0.03641135849 0)
(-0.05377402702 0.03649850961 0)
(-0.05862948488 0.03630306106 0)
(-0.06343244567 0.0358320321 0)
(-0.06815207262 0.03509107259 0)
(-0.07275789058 0.03408465799 0)
(-0.07721964513 0.03281641066 0)
(-0.08150721428 0.03128951791 0)
(-0.08559057471 0.02950721882 0)
(-0.08943982335 0.0274733335 0)
(-0.09302525452 0.02519281083 0)
(-0.09631749195 0.022672273 0)
(-0.09928767438 0.01992053746 0)
(-0.101907693 0.01694909928 0)
(-0.1041504786 0.01377255857 0)
(-0.1059903348 0.01040897949 0)
(-0.1074033147 0.006880168828 0)
(-0.1083676442 0.003211863746 0)
(-0.1088641728 -0.000566183993 0)
(-0.108876789 -0.004420257973 0)
(-0.1083930816 -0.008312807953 0)
(-0.1074046345 -0.01220266294 0)
(-0.105907651 -0.01604543246 0)
(-0.103903426 -0.01979404075 0)
(-0.1013988087 -0.02339939406 0)
(-0.09840662008 -0.02681118135 0)
(-0.09494599878 -0.02997880212 0)
(-0.09104265405 -0.03285241009 0)
(-0.08672900173 -0.03538405598 0)
(-0.08204416008 -0.0375289069 0)
(-0.07703378341 -0.03924651348 0)
(-0.07174971513 -0.0405020908 0)
(-0.0662494465 -0.04126777406 0)
(-0.06059537455 -0.04152380729 0)
(-0.05485386039 -0.04125962189 0)
(-0.04909409937 -0.04047476373 0)
(-0.04338682404 -0.03917963127 0)
(-0.03780287212 -0.03739599454 0)
(-0.03241166082 -0.03515727419 0)
(-0.02727961779 -0.03250857114 0)
(-0.02246862534 -0.02950645006 0)
(-0.01803453822 -0.02621849183 0)
(-0.01402583584 -0.02272264034 0)
(-0.01048247137 -0.019106376 0)
(-0.007434989033 -0.01546575134 0)
(-0.004903896637 -0.01190432364 0)
(-0.002898988918 -0.008531987618 0)
(-0.001419669691 -0.005463621706 0)
(-0.0004651179459 -0.002817786976 0)
(-1.9790251e-05 -0.0007179360191 0)
(-5.633369827e-05 0.002552018343 0)
(-0.0008659477604 0.007530497118 0)
(-0.002412488902 0.01229715425 0)
(-0.004609474538 0.01678074181 0)
(-0.007358412153 0.02093140861 0)
(-0.01058732424 0.02471528675 0)
(-0.01423050761 0.02811175318 0)
(-0.01822732998 0.0311109751 0)
(-0.02252242291 0.03371151928 0)
(-0.02706513476 0.03591816125 0)
(-0.03180890532 0.03773994665 0)
(-0.03671069779 0.03918852337 0)
(-0.04173046376 0.04027675596 0)
(-0.04683063959 0.04101762413 0)
(-0.05197567932 0.04142339842 0)
(-0.05713162807 0.04150507863 0)
(-0.06226573939 0.04127207451 0)
(-0.0673461399 0.04073210392 0)
(-0.07234154449 0.03989128007 0)
(-0.07722102479 0.03875435807 0)
(-0.08195383316 0.0373251101 0)
(-0.08650928364 0.03560679908 0)
(-0.09085669077 0.03360272195 0)
(-0.09496536641 0.03131679573 0)
(-0.09880467442 0.02875416153 0)
(-0.1023441422 0.02592178444 0)
(-0.1055536285 0.02282902959 0)
(-0.1084035459 0.01948819683 0)
(-0.1108651369 0.01591499844 0)
(-0.1129108015 0.01212896606 0)
(-0.1145144743 0.008153774038 0)
(-0.1156520559 0.004017468233 0)
(-0.1163018922 -0.0002474132542 0)
(-0.1164451784 -0.004603861272 0)
(-0.1160667401 -0.009010521374 0)
(-0.1151553028 -0.01342189005 0)
(-0.1137042128 -0.01778870379 0)
(-0.1117119866 -0.02205849249 0)
(-0.1091828648 -0.02617628167 0)
(-0.1061273318 -0.03008544892 0)
(-0.1025625727 -0.03372873109 0)
(-0.09851284042 -0.03704937262 0)
(-0.09400970614 -0.03999239893 0)
(-0.08909216329 -0.04250599174 0)
(-0.08380655763 -0.04454293509 0)
(-0.0782063185 -0.04606209397 0)
(-0.07235147167 -0.04702988038 0)
(-0.06630792155 -0.04742165704 0)
(-0.06014649999 -0.04722302614 0)
(-0.05394179007 -0.04643095078 0)
(-0.04777074558 -0.04505466051 0)
(-0.04171113962 -0.04311629932 0)
(-0.03583988806 -0.04065128539 0)
(-0.03023130407 -0.03770836471 0)
(-0.02495534815 -0.0343493561 0)
(-0.02007594309 -0.0306486001 0)
(-0.01564942302 -0.02669213813 0)
(-0.01172318766 -0.02257665849 0)
(-0.008334640615 -0.01840825223 0)
(-0.005510392263 -0.01430102454 0)
(-0.003265374789 -0.01037557662 0)
(-0.001603054838 -0.006757280496 0)
(-0.0005267560459 -0.003574617145 0)
(-2.274683335e-05 -0.000960199298 0)
(-6.036216114e-05 0.003000053669 0)
(-0.0009246196009 0.008772354103 0)
(-0.002573190953 0.01423771458 0)
(-0.004912030869 0.01933274481 0)
(-0.007834395052 0.02401509601 0)
(-0.01126220722 0.02825800042 0)
(-0.01512447737 0.03204741483 0)
(-0.01935604683 0.03537949122 0)
(-0.02389779194 0.03825815367 0)
(-0.02869601408 0.04069290238 0)
(-0.03370173165 0.04269688682 0)
(-0.03887002504 0.04428526154 0)
(-0.04415941384 0.04547383221 0)
(-0.04953126819 0.0462779918 0)
(-0.05494926252 0.04671193849 0)
(-0.06037887683 0.04678816054 0)
(-0.06578694951 0.04651716678 0)
(-0.07114128508 0.0459074376 0)
(-0.07641031911 0.04496556763 0)
(-0.08156284239 0.04369656949 0)
(-0.08656778529 0.04210430761 0)
(-0.09139406298 0.04019203107 0)
(-0.09601048142 0.03796297634 0)
(-0.1003857037 0.03542101234 0)
(-0.1044882765 0.03257130296 0)
(-0.1082867148 0.02942096467 0)
(-0.1117496465 0.0259796994 0)
(-0.1148460135 0.02226038522 0)
(-0.1175453318 0.01827960922 0)
(-0.119818008 0.01405812832 0)
(-0.1216357122 0.009621245195 0)
(-0.1229718147 0.004999086806 0)
(-0.1238018877 0.0002267718342 0)
(-0.1241041095 -0.004655559743 0)
(-0.1238601382 -0.009602870423 0)
(-0.1230553944 -0.01456538863 0)
(-0.121679856 -0.01948896373 0)
(-0.1197287037 -0.02431562635 0)
(-0.1172029734 -0.02898431284 0)
(-0.1141101923 -0.03343176677 0)
(-0.1104649632 -0.03759361806 0)
(-0.1062894656 -0.04140563284 0)
(-0.1016138432 -0.04480511981 0)
(-0.09647644058 -0.04773246979 0)
(-0.09092385481 -0.05013279578 0)
(-0.0850107703 -0.05195763115 0)
(-0.07879954887 -0.05316663451 0)
(-0.07235955601 -0.05372924255 0)
(-0.06576621455 -0.05362620717 0)
(-0.0590997896 -0.052850952 0)
(-0.05244392378 -0.05141068572 0)
(-0.04588395681 -0.04932721714 0)
(-0.03950507878 -0.04663742828 0)
(-0.0333903801 -0.04339337742 0)
(-0.02761887157 -0.03966202194 0)
(-0.02226355426 -0.03552457033 0)
(-0.01738961979 -0.03107549091 0)
(-0.01305286254 -0.02642121975 0)
(-0.009298393886 -0.02167862133 0)
(-0.006159634402 -0.01697326215 0)
(-0.003657183368 -0.01243752893 0)
(-0.00179889801 -0.008208526208 0)
(-0.0005924477633 -0.004426065924 0)
(-2.586448317e-05 -0.00123358578 0)
(-6.419101749e-05 0.003476834439 0)
(-0.000980444949 0.0100922278 0)
(-0.002726159977 0.01629782005 0)
(-0.005200178359 0.02203872621 0)
(-0.008287994533 0.02728083457 0)
(-0.01190581321 0.03200526051 0)
(-0.01597768004 0.03620533195 0)
(-0.02043417991 0.03988395214 0)
(-0.02521265574 0.04305111913 0)
(-0.03025654536 0.0457217071 0)
(-0.03551460191 0.04791354103 0)
(-0.04094016245 0.04964577152 0)
(-0.04649044629 0.05093755249 0)
(-0.05212588867 0.05180701816 0)
(-0.05780952025 0.05227054865 0)
(-0.06350639932 0.0523423075 0)
(-0.06918310144 0.05203402877 0)
(-0.07480726976 0.0513550272 0)
(-0.08034722812 0.05031240201 0)
(-0.085771658 0.04891140279 0)
(-0.09104933977 0.04715592577 0)
(-0.09614895773 0.04504910905 0)
(-0.1010389685 0.04259399713 0)
(-0.1056875315 0.03979424711 0)
(-0.1100625014 0.03665485161 0)
(-0.114131481 0.03318285635 0)
(-0.1178619352 0.02938805263 0)
(-0.121221366 0.02528362781 0)
(-0.1241775498 0.02088675823 0)
(-0.1266988372 0.01621913066 0)
(-0.1287545161 0.01130737887 0)
(-0.1303152491 0.006183422365 0)
(-0.1313535882 0.0008846930619 0)
(-0.1318444035 -0.0045457733 0)
(-0.1317657868 -0.01005943737 0)
(-0.1310994202 -0.01560238511 0)
(-0.1298314009 -0.02111562204 0)
(-0.1279530035 -0.026535624 0)
(-0.1254614369 -0.03179506778 0)
(-0.1223606091 -0.03682376344 0)
(-0.1186618541 -0.04154979444 0)
(-0.114384589 -0.04590086273 0)
(-0.1095568607 -0.04980582739 0)
(-0.1042157431 -0.05319641495 0)
(-0.09840753923 -0.05600906769 0)
(-0.09218774956 -0.05818688406 0)
(-0.08562076813 -0.05968159318 0)
(-0.07877927875 -0.06045549522 0)
(-0.07174333398 -0.0604832916 0)
(-0.06459911464 -0.05975372494 0)
(-0.05743738465 -0.05827095013 0)
(-0.05035167501 -0.05605556428 0)
(-0.04343624929 -0.05314523609 0)
(-0.03678392028 -0.04959489277 0)
(-0.03048380166 -0.04547644482 0)
(-0.02461908683 -0.04087805322 0)
(-0.01926494954 -0.03590296758 0)
(-0.01448666202 -0.0306679849 0)
(-0.01033803548 -0.02530159574 0)
(-0.006860157586 -0.01994189684 0)
(-0.004079976742 -0.01473432286 0)
(-0.002010230579 -0.009829147985 0)
(-0.000663337482 -0.005379123435 0)
(-2.923081758e-05 -0.00154035624 0)
(-6.781182246e-05 0.003980910589 0)
(-0.001033294726 0.0114861951 0)
(-0.00287102187 0.01847152498 0)
(-0.005473171401 0.0248911603 0)
(-0.0087179718 0.03071992603 0)
(-0.01251629567 0.03594755494 0)
(-0.01678755884 0.0405754846 0)
(-0.02145837539 0.04461408602 0)
(-0.02646279408 0.04808010506 0)
(-0.03174158987 0.05099440589 0)
(-0.0372414224 0.05338003733 0)
(-0.04291403773 0.05526062147 0)
(-0.04871549651 0.05665906159 0)
(-0.05460543695 0.05759656142 0)
(-0.0605463856 0.05809194185 0)
(-0.06650312415 0.0581612357 0)
(-0.07244211784 0.05781753635 0)
(-0.07833100896 0.05707107218 0)
(-0.08413817721 0.05592947583 0)
(-0.08983236764 0.05439821616 0)
(-0.09538238585 0.05248116006 0)
(-0.1007568593 0.05018123248 0)
(-0.1059240639 0.04750114467 0)
(-0.1108518139 0.04444416309 0)
(-0.1155074148 0.04101489442 0)
(-0.119857679 0.03722006489 0)
(-0.1238690035 0.03306927511 0)
(-0.127507512 0.02857571388 0)
(-0.1307392634 0.02375681618 0)
(-0.1335305278 0.01863485184 0)
(-0.1358481341 0.01323743149 0)
(-0.1376599005 0.007597916184 0)
(-0.1389351553 0.001755717315 0)
(-0.1396451953 -0.004243538424 0)
(-0.1397641876 -0.01034806495 0)
(-0.1392696639 -0.01650000033 0)
(-0.1381433407 -0.02263561836 0)
(-0.1363720144 -0.028685848 0)
(-0.1339484269 -0.03457699006 0)
(-0.1308721682 -0.04023166205 0)
(-0.1271505622 -0.04556998392 0)
(-0.1227994973 -0.05051100764 0)
(-0.1178441595 -0.05497438361 0)
(-0.1123196175 -0.0588822448 0)
(-0.1062712096 -0.06216127554 0)
(-0.09975467996 -0.06474491626 0)
(-0.09283601609 -0.06657564014 0)
(-0.08559094866 -0.06760722346 0)
(-0.07810408404 -0.06780691955 0)
(-0.07046765915 -0.06715743958 0)
(-0.06277992679 -0.06565864155 0)
(-0.05514320268 -0.06332883483 0)
(-0.04766162846 -0.0602056206 0)
(-0.0404387273 -0.05634620878 0)
(-0.0335748469 -0.05182717846 0)
(-0.02716459738 -0.04674367929 0)
(-0.02129439574 -0.04120810242 0)
(-0.01604023146 -0.03534827863 0)
(-0.01146577725 -0.02930528607 0)
(-0.00762082276 -0.02323097004 0)
(-0.004539530471 -0.01728525313 0)
(-0.002240193218 -0.01163320661 0)
(-0.0007406026294 -0.006442314625 0)
(-3.293315145e-05 -0.001883359937 0)
(-7.121294929e-05 0.004510757441 0)
(-0.001083001733 0.0129501241 0)
(-0.003007315162 0.02075254876 0)
(-0.005730127406 0.02788206525 0)
(-0.009122906016 0.03432310065 0)
(-0.0130915852 0.04007469319 0)
(-0.01755129349 0.04514707844 0)
(-0.02242496925 0.0495587635 0)
(-0.0276436164 0.05333387363 0)
(-0.03314555756 0.05649984499 0)
(-0.03887553951 0.0590854736 0)
(-0.04478387688 0.06111931226 0)
(-0.05082561844 0.06262840623 0)
(-0.05695974656 0.06363735491 0)
(-0.06314842488 0.0641676814 0)
(-0.06935630385 0.06423748751 0)
(-0.07554989063 0.06386136753 0)
(-0.08169698689 0.06305055032 0)
(-0.08776619651 0.06181323756 0)
(-0.09372650341 0.06015510441 0)
(-0.09954691863 0.05807992921 0)
(-0.1051961952 0.05559031996 0)
(-0.110642609 0.05268850752 0)
(-0.1158538044 0.04937717836 0)
(-0.1207967031 0.04566032267 0)
(-0.1254374764 0.04154407704 0)
(-0.1297415814 0.03703754372 0)
(-0.1336738643 0.03215357104 0)
(-0.1371987326 0.0269094812 0)
(-0.1402804006 0.02132773247 0)
(-0.1428832139 0.01543650295 0)
(-0.1449720641 0.009270182195 0)
(-0.146512907 0.002869757651 0)
(-0.1474732519 -0.003716931628 0)
(-0.1478230307 -0.0104351852 0)
(-0.1475352531 -0.0172234682 0)
(-0.1465867832 -0.02401351695 0)
(-0.1449593808 -0.03073080084 0)
(-0.1426406757 -0.03729520109 0)
(-0.1396252148 -0.04362194493 0)
(-0.1359155193 -0.04962281648 0)
(-0.1315231081 -0.05520765444 0)
(-0.1264694409 -0.06028613623 0)
(-0.1207867233 -0.06476983424 0)
(-0.1145185142 -0.06857451345 0)
(-0.1077200711 -0.07162262065 0)
(-0.1004583717 -0.07384589605 0)
(-0.09281175897 -0.07518801886 0)
(-0.0848691656 -0.07560718212 0)
(-0.07672889478 -0.07507848039 0)
(-0.06849695597 -0.07359598873 0)
(-0.06028498126 -0.07117441512 0)
(-0.0522077767 -0.06785022132 0)
(-0.04438059124 -0.06368213001 0)
(-0.03691621028 -0.05875096698 0)
(-0.02992199892 -0.05315882505 0)
(-0.02349702761 -0.04702757631 0)
(-0.01772941862 -0.04049679823 0)
(-0.01269406313 -0.03372121424 0)
(-0.00845069394 -0.02686777846 0)
(-0.005041761758 -0.02011251499 0)
(-0.00249200238 -0.01363710674 0)
(-0.0008254472269 -0.00762574471 0)
(-3.706033242e-05 -0.002266048112 0)
(-7.43777212e-05 0.005064756699 0)
(-0.001129365424 0.01447963478 0)
(-0.003134506929 0.02313422935 0)
(-0.00597004952 0.03100295691 0)
(-0.009501221175 0.03808047385 0)
(-0.01362941843 0.0443757642 0)
(-0.01826582993 0.04990849947 0)
(-0.02333001756 0.05470594303 0)
(-0.02875019347 0.05880018883 0)
(-0.03446244179 0.06222579249 0)
(-0.0404097796 0.06501779459 0)
(-0.04654125137 0.06721012025 0)
(-0.05281104137 0.06883433946 0)
(-0.05917761684 0.06991876993 0)
(-0.06560291841 0.0704879 0)
(-0.07205160898 0.07056210553 0)
(-0.07849038813 0.07015763066 0)
(-0.08488737626 0.06928680014 0)
(-0.09121157029 0.06795842856 0)
(-0.09743237101 0.06617839159 0)
(-0.1035191809 0.06395032491 0)
(-0.1094410703 0.06127641806 0)
(-0.1151665104 0.05815827324 0)
(-0.1206631704 0.05459780224 0)
(-0.1258977784 0.05059813823 0)
(-0.130836046 0.04616454262 0)
(-0.1354426578 0.04130529037 0)
(-0.1396813286 0.03603251962 0)
(-0.1435149329 0.03036303318 0)
(-0.1469057132 0.02431904018 0)
(-0.1498155711 0.01792882547 0)
(-0.1522064576 0.01122733355 0)
(-0.1540408769 0.00425665473 0)
(-0.1552824057 -0.002933616273 0)
(-0.1558964935 -0.01028627966 0)
(-0.1558513157 -0.01773649081 0)
(-0.1551184609 -0.02521173934 0)
(-0.1536741254 -0.03263221936 0)
(-0.1515001938 -0.03991144277 0)
(-0.1485854331 -0.04695713453 0)
(-0.1449267299 -0.053672442 0)
(-0.1405303231 -0.05995747769 0)
(-0.1354129802 -0.06571120394 0)
(-0.1296030547 -0.07083365274 0)
(-0.1231413532 -0.07522845469 0)
(-0.1160817354 -0.07880562878 0)
(-0.1084913714 -0.08148455997 0)
(-0.100450583 -0.08319706701 0)
(-0.09205220987 -0.08389044036 0)
(-0.08340045927 -0.08353031211 0)
(-0.07460922411 -0.08210320965 0)
(-0.0657998854 -0.07961864484 0)
(-0.05709865068 -0.07611060199 0)
(-0.0486335155 -0.07163831276 0)
(-0.04053096752 -0.06628624217 0)
(-0.03291257808 -0.06016325587 0)
(-0.0258916397 -0.05340098981 0)
(-0.01957001758 -0.04615149475 0)
(-0.01403539821 -0.03858427584 0)
(-0.009358933464 -0.03088288954 0)
(-0.005592676553 -0.02324124586 0)
(-0.002768930385 -0.01585964175 0)
(-0.0009190955549 -0.008941131198 0)
(-4.170176424e-05 -0.002692484972 0)
(-7.728839407e-05 0.005641181731 0)
(-0.001172163965 0.01607006848 0)
(-0.003252013002 0.02560948656 0)
(-0.006191859148 0.03424481163 0)
(-0.009851230322 0.04198151019 0)
(-0.01412739239 0.04883910004 0)
(-0.01892794341 0.05484727343 0)
(-0.02416936758 0.06004262077 0)
(-0.02977733649 0.0644657508 0)
(-0.03568590698 0.06815885093 0)
(-0.04183654651 0.07116367705 0)
(-0.04817718698 0.07351995001 0)
(-0.05466129162 0.07526413665 0)
(-0.06124694896 0.07642859165 0)
(-0.06789601213 0.07704103301 0)
(-0.07457329598 0.07712432095 0)
(-0.08124583957 0.07669650677 0)
(-0.08788223911 0.07577111628 0)
(-0.09445205302 0.07435763123 0)
(-0.1009252792 0.07246213199 0)
(-0.1072719033 0.07008806624 0)
(-0.1134615147 0.06723711034 0)
(-0.11946299 0.06391009361 0)
(-0.1252442388 0.06010795921 0)
(-0.1307720138 0.05583273938 0)
(-0.1360117834 0.05108852666 0)
(-0.1409276692 0.04588242598 0)
(-0.1454824519 0.0402254752 0)
(-0.1496376519 0.03413352346 0)
(-0.1533536899 0.02762805684 0)
(-0.156590138 0.02073696039 0)
(-0.1593060731 0.01349520362 0)
(-0.1614605549 0.005945437944 0)
(-0.1630131674 -0.001861523865 0)
(-0.1639247136 -0.009866483954 0)
(-0.1641583002 -0.01800174563 0)
(-0.1636798886 -0.0261909539 0)
(-0.1624596386 -0.03434932681 0)
(-0.1604730904 -0.0423841736 0)
(-0.1577025028 -0.05019571783 0)
(-0.1541382742 -0.05767827152 0)
(-0.1497803958 -0.0647217918 0)
(-0.144639883 -0.07121384027 0)
(-0.1387401159 -0.07704194872 0)
(-0.1321180071 -0.08209637365 0)
(-0.1248249086 -0.08627319574 0)
(-0.1169271614 -0.08947769028 0)
(-0.1085061971 -0.09162786362 0)
(-0.09965810803 -0.09265802005 0)
(-0.09049262369 -0.09252219788 0)
(-0.08113145784 -0.09119729595 0)
(-0.07170602812 -0.08868570581 0)
(-0.06235459184 -0.08501727393 0)
(-0.0532188868 -0.08025044344 0)
(-0.04444040892 -0.07447246614 0)
(-0.03615649305 -0.06779863081 0)
(-0.02849638601 -0.06037051776 0)
(-0.02157751655 -0.05235335619 0)
(-0.01550218754 -0.04393262552 0)
(-0.0103547098 -0.03531009965 0)
(-0.006198322016 -0.02669952785 0)
(-0.003074286474 -0.01832201598 0)
(-0.001022791397 -0.01040182633 0)
(-4.694965352e-05 -0.003167357512 0)
(-7.992416252e-05 0.006238188097 0)
(-0.001211161694 0.01771646871 0)
(-0.00335922339 0.02817079961 0)
(-0.006394438393 0.03759804369 0)
(-0.01017119498 0.04601500142 0)
(-0.01458304035 0.05345225248 0)
(-0.01953432987 0.05995003726 0)
(-0.02493876382 0.06555479184 0)
(-0.03071971744 0.07031614149 0)
(-0.03680942341 0.07428438181 0)
(-0.04314797121 0.07750842786 0)
(-0.0496823294 0.08003420121 0)
(-0.05636537525 0.08190342706 0)
(-0.063154947 0.08315281182 0)
(-0.07001293836 0.08381356931 0)
(-0.07690444881 0.08391126062 0)
(-0.08379699836 0.0834659108 0)
(-0.09065981209 0.0824923635 0)
(-0.09746317657 0.08100083473 0)
(-0.1041778683 0.07899762695 0)
(-0.1107746522 0.07648596725 0)
(-0.1172238483 0.07346693574 0)
(-0.123494963 0.06994045448 0)
(-0.1295563834 0.06590631133 0)
(-0.1353751333 0.06136519774 0)
(-0.1409166906 0.05631974358 0)
(-0.146144869 0.05077553582 0)
(-0.1510217674 0.04474211067 0)
(-0.1555077942 0.03823391041 0)
(-0.1595617738 0.03127119652 0)
(-0.1631411463 0.02388090961 0)
(-0.1662022732 0.01609746422 0)
(-0.1687008764 0.007963466568 0)
(-0.1705925873 -0.0004696713638 0)
(-0.171833511 -0.009141341696 0)
(-0.1723815383 -0.01798155545 0)
(-0.1721967531 -0.02691063854 0)
(-0.1712428833 -0.03583926389 0)
(-0.1694885866 -0.04466884423 0)
(-0.1669089203 -0.05329224445 0)
(-0.1634869428 -0.0615948794 0)
(-0.159215394 -0.06945624417 0)
(-0.1540983972 -0.07675191155 0)
(-0.1481531119 -0.08335601468 0)
(-0.1414112443 -0.08914421006 0)
(-0.1339203148 -0.09399708566 0)
(-0.1257445661 -0.09780394356 0)
(-0.1169653989 -0.1004668475 0)
(-0.1076812234 -0.1019047861 0)
(-0.09800663718 -0.1020577661 0)
(-0.08807086751 -0.1008906232 0)
(-0.07801545645 -0.09839632296 0)
(-0.06799122034 -0.09459852779 0)
(-0.05815456863 -0.08955323058 0)
(-0.04866332383 -0.08334930063 0)
(-0.03967223256 -0.07610785315 0)
(-0.03132839105 -0.06798043235 0)
(-0.02376683501 -0.05914608427 0)
(-0.01710657176 -0.04980748053 0)
(-0.01144710491 -0.0401863339 0)
(-0.006864745431 -0.03051835279 0)
(-0.003411404891 -0.02104784623 0)
(-0.001137795001 -0.01202283156 0)
(-5.289826481e-05 -0.003695984936 0)
(-8.226531932e-05 0.00685380967 0)
(-0.001246123853 0.01941357508 0)
(-0.003455530688 0.0308102021 0)
(-0.00657667931 0.04105250241 0)
(-0.01045939694 0.05016906418 0)
(-0.01499392601 0.05820198872 0)
(-0.02008172178 0.06520252871 0)
(-0.02563398478 0.07122742924 0)
(-0.03157202598 0.07633578757 0)
(-0.03782644405 0.0805864475 0)
(-0.04433610889 0.08403590003 0)
(-0.05104716204 0.08673665435 0)
(-0.05791201775 0.08873604537 0)
(-0.06488838096 0.09007544282 0)
(-0.07193830351 0.09078982504 0)
(-0.07902729296 0.0909076778 0)
(-0.08612348386 0.09045117746 0)
(-0.09319687726 0.08943661597 0)
(-0.100218651 0.08787502613 0)
(-0.1071605409 0.0857729665 0)
(-0.1139942913 0.08313342797 0)
(-0.1206911714 0.0799568281 0)
(-0.1272215561 0.07624206314 0)
(-0.1335545668 0.07198759331 0)
(-0.1396577725 0.06719254138 0)
(-0.1454969497 0.06185778953 0)
(-0.1510359055 0.05598706331 0)
(-0.1562363652 0.04958799464 0)
(-0.1610579351 0.04267315749 0)
(-0.165458147 0.03526106995 0)
(-0.1693925964 0.02737715541 0)
(-0.17281519 0.01905465241 0)
(-0.1756785302 0.01033545994 0)
(-0.1779344424 0.001270897102 0)
(-0.1795344441 -0.008077703976 0)
(-0.1804311445 -0.01763872607 0)
(-0.1805786325 -0.02732982868 0)
(-0.1799339157 -0.03705771774 0)
(-0.1784583239 -0.04671837787 0)
(-0.1761190868 -0.05619762975 0)
(-0.1728911051 -0.06537210306 0)
(-0.1687588551 -0.07411068991 0)
(-0.1637183729 -0.08227653173 0)
(-0.1577792405 -0.08972957617 0)
(-0.1509664805 -0.0963297168 0)
(-0.1433222382 -0.1019404951 0)
(-0.1349071218 -0.1064333024 0)
(-0.1258010556 -0.1096919737 0)
(-0.1161035064 -0.1116176112 0)
(-0.1059329582 -0.1121334315 0)
(-0.09542553575 -0.1111893844 0)
(-0.08473272855 -0.1087662681 0)
(-0.07401822025 -0.1048790589 0)
(-0.06345390112 -0.09957919243 0)
(-0.05321520991 -0.09295558406 0)
(-0.04347601852 -0.08513424875 0)
(-0.03440332191 -0.07627647981 0)
(-0.02615203642 -0.06657565287 0)
(-0.01886025014 -0.05625283475 0)
(-0.01264501807 -0.0455514831 0)
(-0.007597948126 -0.03473154749 0)
(-0.003783628389 -0.0240631426 0)
(-0.001265383696 -0.01382080485 0)
(-5.964633331e-05 -0.004284328056 0)
(-8.429127053e-05 0.007485961128 0)
(-0.001276826392 0.02115583254 0)
(-0.003540362902 0.0335192978 0)
(-0.006737541145 0.04459749266 0)
(-0.0107142218 0.05443116261 0)
(-0.01535775416 0.0630743119 0)
(-0.02056702577 0.07058960025 0)
(-0.02625100679 0.07704448608 0)
(-0.03232915901 0.08250794629 0)
(-0.03873061932 0.08704777583 0)
(-0.04539317889 0.09072843173 0)
(-0.05226227186 0.09360938028 0)
(-0.05928995666 0.09574390826 0)
(-0.06643390757 0.09717835822 0)
(-0.07365643908 0.09795174552 0)
(-0.0809235787 0.09809571325 0)
(-0.08820419925 0.09763477931 0)
(-0.09546921697 0.09658683025 0)
(-0.1026908586 0.09496381654 0)
(-0.1098419978 0.09277260677 0)
(-0.1168955589 0.09001596135 0)
(-0.1238239856 0.08669359076 0)
(-0.1305987708 0.08280326897 0)
(-0.1371900451 0.07834197768 0)
(-0.1435662221 0.07330706334 0)
(-0.149693701 0.06769739351 0)
(-0.1555366272 0.06151450365 0)
(-0.1610567167 0.05476372892 0)
(-0.1662131515 0.04745531705 0)
(-0.1709625547 0.03960551895 0)
(-0.1752590592 0.03123765209 0)
(-0.1790544842 0.02238312837 0)
(-0.1822986502 0.01308243409 0)
(-0.1849398478 0.003386045787 0)
(-0.1869252875 -0.006644776827 0)
(-0.1882023411 -0.01693755515 0)
(-0.1887191413 -0.02740805835 0)
(-0.1884258263 -0.03795976339 0)
(-0.1872760791 -0.04848387784 0)
(-0.1852287798 -0.0588596935 0)
(-0.1822499259 -0.06895537843 0)
(-0.1783147492 -0.07862929301 0)
(-0.1734099806 -0.0877319041 0)
(-0.1675361872 -0.09610835744 0)
(-0.1607100826 -0.1036017444 0)
(-0.1529666804 -0.1100570646 0)
(-0.1443611399 -0.1153258377 0)
(-0.1349701319 -0.1192712638 0)
(-0.1248925495 -0.1217737664 0)
(-0.114249394 -0.1227366884 0)
(-0.1031826952 -0.1220918539 0)
(-0.0918533722 -0.1198046641 0)
(-0.08043800812 -0.1158783761 0)
(-0.0691245946 -0.110357225 0)
(-0.05810739159 -0.1033280981 0)
(-0.04758113641 -0.09492055365 0)
(-0.03773490698 -0.08530509321 0)
(-0.02874600466 -0.07468973409 0)
(-0.0207742804 -0.06331507233 0)
(-0.01395705497 -0.05144817073 0)
(-0.008403836809 -0.03937565564 0)
(-0.004194294202 -0.02739626672 0)
(-0.001406848785 -0.01581406003 0)
(-6.729644987e-05 -0.004938998586 0)
(-8.598486435e-05 0.008132447275 0)
(-0.001303073094 0.02293741726 0)
(-0.003613218719 0.03628929979 0)
(-0.006876113035 0.04822182282 0)
(-0.0109342524 0.05878815987 0)
(-0.01567249596 0.06805451106 0)
(-0.02098747963 0.07609526201 0)
(-0.0267861923 0.08298892645 0)
(-0.03298643938 0.08881471924 0)
(-0.03951604582 0.09364975245 0)
(-0.04631184342 0.09756681332 0)
(-0.05331865836 0.1006326785 0)
(-0.06048828206 0.102906921 0)
(-0.06777844406 0.1044411652 0)
(-0.07515181098 0.1052787414 0)
(-0.08257502888 0.1054546929 0)
(-0.09001782101 0.1049960842 0)
(-0.09745214845 0.1039225607 0)
(-0.1048514372 0.1022471124 0)
(-0.1121898728 0.09997699516 0)
(-0.1194417595 0.09711476981 0)
(-0.1265809435 0.09365942219 0)
(-0.1335802938 0.08960753531 0)
(-0.1404112395 0.08495449009 0)
(-0.1470433609 0.07969567755 0)
(-0.1534440338 0.07382771128 0)
(-0.1595781285 0.06734963365 0)
(-0.1654077682 0.06026411263 0)
(-0.1708921531 0.05257862859 0)
(-0.1759874616 0.0443066505 0)
(-0.1806468401 0.03546879967 0)
(-0.184820498 0.02609399567 0)
(-0.1884559377 0.01622057445 0)
(-0.1914983411 0.005897367353 0)
(-0.1938909929 -0.00481531058 0)
(-0.1955762885 -0.01584500607 0)
(-0.1964965946 -0.0271064929 0)
(-0.1965952047 -0.03850092371 0)
(-0.1958179974 -0.049915578 0)
(-0.1941151271 -0.06122395999 0)
(-0.1914430597 -0.07228634753 0)
(-0.1877668784 -0.08295090014 0)
(-0.1830628159 -0.0930554243 0)
(-0.1773209458 -0.1024298845 0)
(-0.170547933 -0.1108997263 0)
(-0.1627697072 -0.1182900431 0)
(-0.1540338894 -0.1244305652 0)
(-0.1444117719 -0.1291613885 0)
(-0.1339996361 -0.1323392787 0)
(-0.1229191883 -0.1338443086 0)
(-0.1113169192 -0.1335865025 0)
(-0.09936223493 -0.1315120978 0)
(-0.08724428517 -0.1276089919 0)
(-0.07516750982 -0.1219109393 0)
(-0.06334603694 -0.1145001077 0)
(-0.05199718086 -0.1055076921 0)
(-0.04133438882 -0.09511242319 0)
(-0.03156007294 -0.08353697538 0)
(-0.02285884782 -0.07104246797 0)
(-0.01539140035 -0.05792144042 0)
(-0.00928816194 -0.04448976964 0)
(-0.00464671134 -0.03107786384 0)
(-0.00156349454 -0.01802255671 0)
(-7.595746325e-05 -0.005667268055 0)
(-8.733051231e-05 0.008790979777 0)
(-0.001324707599 0.0247522811 0)
(-0.003673706759 0.03911109559 0)
(-0.006991683672 0.05191388332 0)
(-0.01111837224 0.06322640285 0)
(-0.01593652774 0.07312724498 0)
(-0.02134082702 0.08170275851 0)
(-0.02723649993 0.08904278928 0)
(-0.03353986065 0.09523709858 0)
(-0.04017754522 0.1003724453 0)
(-0.04708552031 0.1045302866 0)
(-0.05420808082 0.1077850485 0)
(-0.06149681953 0.1102029189 0)
(-0.06890958886 0.111841114 0)
(-0.07640948084 0.1127475644 0)
(-0.08396384433 0.1129609689 0)
(-0.09154335269 0.1125111599 0)
(-0.09912113077 0.1114197263 0)
(-0.1066719457 0.1097008426 0)
(-0.1141714621 0.1073622555 0)
(-0.1215955615 0.1044063862 0)
(-0.1289197205 0.1008315093 0)
(-0.1361184472 0.09663298184 0)
(-0.1431647691 0.0918044967 0)
(-0.1500297723 0.08633934681 0)
(-0.156682189 0.08023168946 0)
(-0.163088036 0.07347780724 0)
(-0.1692103063 0.06607736496 0)
(-0.1750087212 0.05803466506 0)
(-0.1804395519 0.04935990409 0)
(-0.1854555249 0.04007043201 0)
(-0.1900058253 0.03019201246 0)
(-0.1940362268 0.01976007739 0)
(-0.197489377 0.008820968439 0)
(-0.200305172 -0.002566877912 0)
(-0.2024214798 -0.0143320137 0)
(-0.2037752705 -0.02638923347 0)
(-0.2043032248 -0.0386384403 0)
(-0.2039434562 -0.05096404057 0)
(-0.2026372065 -0.06323473715 0)
(-0.2003309502 -0.07530376896 0)
(-0.1969788504 -0.08700973094 0)
(-0.1925455301 -0.09817810052 0)
(-0.1870091055 -0.1086235912 0)
(-0.1803643868 -0.1181534374 0)
(-0.1726261093 -0.1265716803 0)
(-0.1638320109 -0.1336844733 0)
(-0.1540455293 -0.1393063511 0)
(-0.1433578621 -0.143267316 0)
(-0.1318891136 -0.1454204931 0)
(-0.1197882653 -0.1456499977 0)
(-0.1072317502 -0.1438785622 0)
(-0.09442048424 -0.1400744012 0)
(-0.08157532601 -0.1342567649 0)
(-0.06893106723 -0.1264996622 0)
(-0.05672920724 -0.1169333283 0)
(-0.0452099009 -0.1057431674 0)
(-0.03460359599 -0.09316610965 0)
(-0.02512299469 -0.07948455809 0)
(-0.01695566414 -0.06501835182 0)
(-0.01025644595 -0.05011530457 0)
(-0.005144136478 -0.0351407637 0)
(-0.001736632389 -0.02046787814 0)
(-8.574391264e-05 -0.006477075531 0)
(-8.831863162e-05 0.009459201931 0)
(-0.001341632698 0.02659421584 0)
(-0.003721586996 0.04197534058 0)
(-0.007083815669 0.05566175872 0)
(-0.01126587719 0.06773184333 0)
(-0.01614878202 0.07827666366 0)
(-0.02162550804 0.08739468295 0)
(-0.02759971412 0.09518728932 0)
(-0.03398635493 0.1017550496 0)
(-0.04071096946 0.107194665 0)
(-0.04770872544 0.1115965803 0)
(-0.0549234384 0.1150431982 0)
(-0.06230654914 0.117607647 0)
(-0.06981608184 0.1193530485 0)
(-0.07741561089 0.1203322282 0)
(-0.08507325779 0.1205878099 0)
(-0.09276073303 0.1201526334 0)
(-0.1004524332 0.1190504375 0)
(-0.1081245988 0.1172967517 0)
(-0.115754534 0.114899946 0)
(-0.1233198881 0.1118623931 0)
(-0.1307979948 0.1081817056 0)
(-0.1381652648 0.1038520169 0)
(-0.1453966299 0.09886528609 0)
(-0.1524650324 0.09321260862 0)
(-0.1593409596 0.08688552869 0)
(-0.1659920239 0.07987734908 0)
(-0.1723825891 0.07218444192 0)
(-0.1784734503 0.06380756549 0)
(-0.1842215748 0.05475319344 0)
(-0.1895799175 0.04503486166 0)
(-0.1944973247 0.03467453528 0)
(-0.1989185528 0.0237039932 0)
(-0.2027844343 0.01216622446 0)
(-0.2060321727 0.000116807393 0)
(-0.2085957684 -0.01237487687 0)
(-0.2104073447 -0.02522476004 0)
(-0.2113974351 -0.03833273374 0)
(-0.2114966564 -0.05158159233 0)
(-0.2106373845 -0.06483647976 0)
(-0.2087558654 -0.07794475176 0)
(-0.2057947653 -0.09073642131 0)
(-0.2017061354 -0.1030253434 0)
(-0.1964547553 -0.1146112959 0)
(-0.190021775 -0.1252831051 0)
(-0.1824085234 -0.134822935 0)
(-0.1736402952 -0.1430118104 0)
(-0.1637698649 -0.1496363618 0)
(-0.1528804308 -0.1544966811 0)
(-0.1410876511 -0.1574150474 0)
(-0.1285404328 -0.1582451453 0)
(-0.115420161 -0.1568812659 0)
(-0.101938136 -0.1532668692 0)
(-0.0883311081 -0.1474018243 0)
(-0.07485496111 -0.1393476517 0)
(-0.06177678527 -0.1292301768 0)
(-0.04936576158 -0.1172391807 0)
(-0.03788345788 -0.1036248794 0)
(-0.02757430481 -0.08869136601 0)
(-0.01865670056 -0.07278747125 0)
(-0.01131389202 -0.05629570368 0)
(-0.005689737808 -0.03961984366 0)
(-0.001927575686 -0.02317319363 0)
(-9.677822525e-05 -0.007377033338 0)
(-8.894394178e-05 0.0101347218 0)
(-0.001353824512 0.02845693904 0)
(-0.003756815886 0.04487258206 0)
(-0.00715242632 0.05945337645 0)
(-0.01137659616 0.07229019882 0)
(-0.01630891022 0.08348657082 0)
(-0.02184086445 0.09315313248 0)
(-0.02787469225 0.1014029582 0)
(-0.0343240808 0.1083476328 0)
(-0.04111352854 0.1140940639 0)
(-0.04817743979 0.1187419839 0)
(-0.05545917667 0.1223820918 0)
(-0.06291005307 0.1250947818 0)
(-0.07048829557 0.1269494017 0)
(-0.07815800255 0.1280039781 0)
(-0.08588812488 0.1283053452 0)
(-0.09365148568 0.1278896097 0)
(-0.1014238509 0.1267828901 0)
(-0.1091830574 0.1250022682 0)
(-0.116908201 0.1225568997 0)
(-0.1245788833 0.1194492346 0)
(-0.1321745155 0.1156763095 0)
(-0.1396736729 0.1112310792 0)
(-0.1470534975 0.1061037679 0)
(-0.1542891436 0.1002832242 0)
(-0.1613532634 0.09375827518 0)
(-0.168215532 0.08651907959 0)
(-0.1748422125 0.07855848474 0)
(-0.1811957659 0.06987339619 0)
(-0.1872345109 0.06046616958 0)
(-0.1929123479 0.05034603426 0)
(-0.1981785577 0.03953055546 0)
(-0.2029777005 0.0280471374 0)
(-0.2072496476 0.01593456439 0)
(-0.2109297488 0.00324456487 0)
(-0.2139490578 -0.009956691993 0)
(-0.2162355399 -0.02358747027 0)
(-0.2177143101 -0.03754901772 0)
(-0.2183090144 -0.05172397468 0)
(-0.2179434846 -0.06597542558 0)
(-0.2165437761 -0.08014631789 0)
(-0.2140407421 -0.09405944335 0)
(-0.2103731261 -0.1075181684 0)
(-0.2054911597 -0.1203081095 0)
(-0.1993606119 -0.1321999523 0)
(-0.1919671718 -0.1429535924 0)
(-0.1833209818 -0.1523237349 0)
(-0.1734610554 -0.1600670057 0)
(-0.1624592454 -0.1659505157 0)
(-0.1504233626 -0.1697616706 0)
(-0.1374990165 -0.1713188461 0)
(-0.1238697612 -0.1704823663 0)
(-0.1097551952 -0.1671650657 0)
(-0.09540679712 -0.1613415978 0)
(-0.08110146466 -0.1530556213 0)
(-0.06713295735 -0.1424240643 0)
(-0.05380168283 -0.1296378499 0)
(-0.04140351129 -0.1149587567 0)
(-0.03021853728 -0.09871246311 0)
(-0.02050039209 -0.08127824174 0)
(-0.01246527663 -0.06307606443 0)
(-0.00628655418 -0.0445518466 0)
(-0.002137628895 -0.02616320128 0)
(-0.0001091900913 -0.00837642927 0)
(-8.920994307e-05 0.01081515453 0)
(-0.001361353819 0.03033420254 0)
(-0.003779593679 0.04779341598 0)
(-0.007197872886 0.0632766945 0)
(-0.01145101944 0.07688715608 0)
(-0.01641745616 0.08874063013 0)
(-0.02198735842 0.09895990699 0)
(-0.02806162746 0.1076698281 0)
(-0.03455272865 0.1149931664 0)
(-0.04138413677 0.1210472753 0)
(-0.04848949579 0.1259414621 0)
(-0.05581171429 0.1297750388 0)
(-0.06330198366 0.1326359956 0)
(-0.07091874752 0.1346002369 0)
(-0.07862665701 0.1357313112 0)
(-0.08639553861 0.1360805659 0)
(-0.09419939455 0.1356876556 0)
(-0.1020154496 0.1345813321 0)
(-0.1098232521 0.1327804547 0)
(-0.1176038337 0.1302951582 0)
(-0.1253389255 0.1271281304 0)
(-0.1330102301 0.1232759576 0)
(-0.1405987428 0.1187305042 0)
(-0.1480841182 0.1134803078 0)
(-0.1554440766 0.1075119742 0)
(-0.1626538471 0.1008115681 0)
(-0.1696856428 0.09336600307 0)
(-0.1765081699 0.08516443657 0)
(-0.1830861714 0.07619968221 0)
(-0.18938001 0.06646965251 0)
(-0.1953453003 0.05597884543 0)
(-0.2009326016 0.04473988662 0)
(-0.206087191 0.03277513509 0)
(-0.2107489499 0.02011835528 0)
(-0.2148523709 0.006816451187 0)
(-0.218326642 -0.007068795813 0)
(-0.2210964906 -0.02145926796 0)
(-0.2230825779 -0.03625901812 0)
(-0.2242023899 -0.05135216375 0)
(-0.2243718413 -0.06660147267 0)
(-0.2235071581 -0.08184727784 0)
(-0.2215273895 -0.09690690624 0)
(-0.2183575412 -0.1115748375 0)
(-0.213932348 -0.1256238266 0)
(-0.2082006642 -0.1388072441 0)
(-0.2011303869 -0.1508628808 0)
(-0.1927137424 -0.1615184351 0)
(-0.1829726711 -0.1704988227 0)
(-0.171963948 -0.1775353307 0)
(-0.1597835809 -0.1823764699 0)
(-0.1465699627 -0.1848001669 0)
(-0.1325052377 -0.1846267063 0)
(-0.1178143864 -0.1817316047 0)
(-0.102761663 -0.1760574142 0)
(-0.08764423034 -0.1676233595 0)
(-0.07278311253 -0.1565317416 0)
(-0.05851189718 -0.1429702235 0)
(-0.04516394722 -0.1272094419 0)
(-0.03305920812 -0.1095958482 0)
(-0.02249140001 -0.09054021657 0)
(-0.01371481853 -0.07050267219 0)
(-0.006937440008 -0.04997514471 0)
(-0.002368075984 -0.02946404619 0)
(-0.0001231182402 -0.009485224022 0)
(-8.912746526e-05 0.01149817401 0)
(-0.001364402557 0.03221992555 0)
(-0.003790415605 0.05072867878 0)
(-0.007221044459 0.06711993098 0)
(-0.01149043596 0.08150861984 0)
(-0.01647604061 0.09402261786 0)
(-0.02206680413 0.1047967536 0)
(-0.02816232569 0.1139676594 0)
(-0.03467384074 0.1216694325 0)
(-0.0415237738 0.128030094 0)
(-0.04864497769 0.133168809 0)
(-0.0559798822 0.1371938234 0)
(-0.06347954269 0.1402010639 0)
(-0.07110262192 0.1422733361 0)
(-0.07881434404 0.1434800481 0)
(-0.08658545129 0.1438773842 0)
(-0.09439118656 0.1435088487 0)
(-0.1022103181 0.142406106 0)
(-0.1100242162 0.1405900446 0)
(-0.1178159866 0.1380720028 0)
(-0.12556966 0.1348551017 0)
(-0.1332694366 0.1309356416 0)
(-0.1408989784 0.1263045297 0)
(-0.1484407461 0.1209487152 0)
(-0.1558753729 0.1148526208 0)
(-0.1631810698 0.1079995662 0)
(-0.1703330601 0.1003731871 0)
(-0.1773030385 0.09195886017 0)
(-0.1840586548 0.0827451472 0)
(-0.1905630261 0.07272527497 0)
(-0.1967742816 0.06189866907 0)
(-0.2026451502 0.05027255771 0)
(-0.2081226078 0.03786365965 0)
(-0.2131476113 0.02469996644 0)
(-0.2176549349 0.01082262359 0)
(-0.2215730861 -0.003712126012 0)
(-0.2248247382 -0.01883112047 0)
(-0.2273272728 -0.03444272089 0)
(-0.2289931251 -0.05043429224 0)
(-0.2297312442 -0.06667024049 0)
(-0.2294487489 -0.08299037736 0)
(-0.2280532779 -0.09920871633 0)
(-0.225456056 -0.1151129424 0)
(-0.2215757334 -0.1304648271 0)
(-0.2163430205 -0.145001896 0)
(-0.2097060766 -0.1584406751 0)
(-0.2016365171 -0.1704818256 0)
(-0.1921357926 -0.1808174209 0)
(-0.1812415644 -0.1891404975 0)
(-0.1690335689 -0.1951568318 0)
(-0.1556383551 -0.1985986464 0)
(-0.1412322164 -0.1992396577 0)
(-0.126041648 -0.196910567 0)
(-0.1103407754 -0.1915138219 0)
(-0.0944454207 -0.183036291 0)
(-0.07870379722 -0.1715584565 0)
(-0.0634842133 -0.1572588899 0)
(-0.04916059948 -0.1404131288 0)
(-0.03609711978 -0.1213866292 0)
(-0.02463287704 -0.1006221407 0)
(-0.01506602864 -0.07862242909 0)
(-0.007645003508 -0.05592944058 0)
(-0.002620163035 -0.033103209 0)
(-0.000138709656 -0.01071404184 0)
(-8.871913283e-05 0.01218157492 0)
(-0.001363287496 0.03410835345 0)
(-0.003790125978 0.05366967634 0)
(-0.007223459391 0.07097183793 0)
(-0.01149707925 0.08614100934 0)
(-0.01648755716 0.09931672381 0)
(-0.0220826123 0.110645658 0)
(-0.02818049598 0.1202762128 0)
(-0.03469114393 0.1283539235 0)
(-0.04153585638 0.1350176956 0)
(-0.04864663006 0.1403968406 0)
(-0.05596536782 0.1446088726 0)
(-0.06344296172 0.1477580121 0)
(-0.07103828881 0.1499343303 0)
(-0.07871716409 0.1512134538 0)
(-0.08645128586 0.1516567479 0)
(-0.0942172004 0.1513118923 0)
(-0.101995305 0.1502137662 0)
(-0.1097689015 0.1483855659 0)
(-0.1175233055 0.1458400868 0)
(-0.1252450123 0.1425811111 0)
(-0.1329209182 0.1386048563 0)
(-0.140537589 0.1339014476 0)
(-0.1480805728 0.1284563933 0)
(-0.1555337475 0.1222520494 0)
(-0.1628786977 0.1152690708 0)
(-0.1700941142 0.1074878541 0)
(-0.1771552126 0.09888998296 0)
(-0.1840331661 0.08945969318 0)
(-0.1906945541 0.07918537579 0)
(-0.1971008273 0.06806114028 0)
(-0.2032077965 0.05608845922 0)
(-0.2089651568 0.04327791438 0)
(-0.2143160695 0.02965106204 0)
(-0.2191968219 0.01524243043 0)
(-0.2235365499 0.0001016368761 0)
(-0.2272572577 -0.01570446771 0)
(-0.2302744196 -0.03209004675 0)
(-0.2324968172 -0.04894757944 0)
(-0.2338277124 -0.06614523053 0)
(-0.234166227 -0.08352464454 0)
(-0.2334094143 -0.1008990436 0)
(-0.231455135 -0.1180519004 0)
(-0.2282058292 -0.134736489 0)
(-0.2235732621 -0.1506766751 0)
(-0.217484259 -0.165569348 0)
(-0.209887352 -0.179088916 0)
(-0.2007601291 -0.1908942469 0)
(-0.1901169235 -0.2006383365 0)
(-0.1780163051 -0.2079807964 0)
(-0.1645676742 -0.2126029788 0)
(-0.1499361338 -0.2142251993 0)
(-0.1343447722 -0.2126251143 0)
(-0.1180735656 -0.2076559196 0)
(-0.1014543275 -0.1992627242 0)
(-0.0848614947 -0.1874953136 0)
(-0.06869901919 -0.1725156131 0)
(-0.05338419377 -0.1545985296 0)
(-0.03932984404 -0.134125493 0)
(-0.02692614786 -0.1115708654 0)
(-0.01652153673 -0.08748216522 0)
(-0.008411530848 -0.06245539603 0)
(-0.002895079299 -0.03710935917 0)
(-0.0001561207516 -0.01207415293 0)
(-8.801830035e-05 0.0128633454 0)
(-0.001358479949 0.03599424495 0)
(-0.003779977381 0.0566084532 0)
(-0.007207371199 0.07482202262 0)
(-0.01147428446 0.09077160517 0)
(-0.01645638103 0.1046079022 0)
(-0.02204004835 0.1164891833 0)
(-0.0281220538 0.1265755652 0)
(-0.03461089321 0.1350241292 0)
(-0.04142661751 0.1419848924 0)
(-0.0485002688 0.1475976214 0)
(-0.05577315591 0.1519894571 0)
(-0.06319597274 0.1552732978 0)
(-0.07072780644 0.1575468698 0)
(-0.07833508664 0.1588924013 0)
(-0.08599051665 0.1593768067 0)
(-0.09367201801 0.1590522888 0)
(-0.1013617107 0.1579572672 0)
(-0.1090449433 0.1561175484 0)
(-0.1167093791 0.1535476644 0)
(-0.1243441418 0.1502523169 0)
(-0.131939016 0.1462278767 0)
(-0.1394836977 0.1414639028 0)
(-0.146967089 0.1359446562 0)
(-0.154376626 0.1296505962 0)
(-0.1616976353 0.1225598549 0)
(-0.1689127081 0.1146496989 0)
(-0.1760010869 0.1058979866 0)
(-0.1829380582 0.0962846431 0)
(-0.1896943478 0.08579317215 0)
(-0.1962355166 0.07441223029 0)
(-0.2025213604 0.06213728994 0)
(-0.2085053187 0.04897241682 0)
(-0.2141339121 0.03493218722 0)
(-0.2193462228 0.02004376748 0)
(-0.2240734029 0.004349163783 0)
(-0.2282383754 -0.01209240049 0)
(-0.2317562017 -0.02920235336 0)
(-0.234533676 -0.0468801644 0)
(-0.2364699675 -0.06499998133 0)
(-0.2374577039 -0.08340783757 0)
(-0.2373846395 -0.1019190082 0)
(-0.2361362059 -0.1203157962 0)
(-0.2335990606 -0.1383460746 0)
(-0.2296657742 -0.1557229898 0)
(-0.2242407477 -0.1721263059 0)
(-0.2172473559 -0.187205925 0)
(-0.20863618 -0.2005881199 0)
(-0.1983940065 -0.2118849415 0)
(-0.1865530568 -0.2207070887 0)
(-0.1731996843 -0.2266802339 0)
(-0.1584815732 -0.22946438 0)
(-0.1426123554 -0.2287753225 0)
(-0.1258725685 -0.2244067477 0)
(-0.1086060709 -0.2162510264 0)
(-0.09121141737 -0.2043164629 0)
(-0.07412826036 -0.1887387416 0)
(-0.05781955781 -0.1697846601 0)
(-0.04275116678 -0.1478469566 0)
(-0.02937035909 -0.1234300849 0)
(-0.018082902 -0.09712782151 0)
(-0.00923890451 -0.069594181 0)
(-0.003193933411 -0.04151216841 0)
(-0.0001755164071 -0.01357744549 0)
(-8.70735583e-05 0.01354175184 0)
(-0.001350633187 0.03787308925 0)
(-0.003761695069 0.05953810503 0)
(-0.007175883513 0.07866131929 0)
(-0.01142665823 0.09538894908 0)
(-0.01638859297 0.1098822742 0)
(-0.02194650607 0.1223108562 0)
(-0.02799543806 0.1328464673 0)
(-0.03444222498 0.1416578596 0)
(-0.04120548938 0.1489064205 0)
(-0.04821518863 0.1547427187 0)
(-0.0554119573 0.1593039194 0)
(-0.06274625718 0.162712019 0)
(-0.07017739204 0.1650728222 0)
(-0.07767244659 0.1664755704 0)
(-0.08520519748 0.1669931198 0)
(-0.09275503284 0.1666825663 0)
(-0.1003059062 0.1655862156 0)
(-0.1078453416 0.1637328072 0)
(-0.1153634971 0.1611389117 0)
(-0.1228522911 0.1578104326 0)
(-0.1303045859 0.1537441596 0)
(-0.1377134248 0.1489293354 0)
(-0.1450713138 0.1433492082 0)
(-0.1523695386 0.1369825586 0)
(-0.1595975075 0.1298051959 0)
(-0.1667421099 0.1217914323 0)
(-0.1737870821 0.1129155462 0)
(-0.1807123705 0.1031532562 0)
(-0.1874934865 0.0924832271 0)
(-0.1941008462 0.08088863793 0)
(-0.2004990936 0.06835883963 0)
(-0.206646408 0.05489113548 0)
(-0.2124938075 0.04049271659 0)
(-0.21798446 0.02518278517 0)
(-0.2230529792 0.008994887853 0)
(-0.2276248467 -0.00802055345 0)
(-0.2316163812 -0.02579367799 0)
(-0.2349342397 -0.04423273245 0)
(-0.2374753877 -0.06322009587 0)
(-0.2391278322 -0.08260886772 0)
(-0.2397717799 -0.1022194658 0)
(-0.2392817209 -0.1218364643 0)
(-0.2375295823 -0.1412060053 0)
(-0.2343891582 -0.1600342185 0)
(-0.2297419951 -0.1779871964 0)
(-0.2234848291 -0.1946931731 0)
(-0.2155385356 -0.2097476087 0)
(-0.2058583528 -0.2227218573 0)
(-0.1944448851 -0.233175956 0)
(-0.1813550954 -0.240675778 0)
(-0.1667122039 -0.2448143334 0)
(-0.1507131824 -0.2452363891 0)
(-0.1336324445 -0.2416648698 0)
(-0.115820455 -0.2339268204 0)
(-0.097696366 -0.2219761797 0)
(-0.07973442969 -0.2059104249 0)
(-0.06244481563 -0.1859783972 0)
(-0.04635050954 -0.1625773968 0)
(-0.0319621103 -0.1362388864 0)
(-0.01975040838 -0.1076034954 0)
(-0.01012851173 -0.07738693502 0)
(-0.0035177286 -0.04634207976 0)
(-0.0001970705125 -0.01523638645 0)
(-8.594833889e-05 0.0142154365 0)
(-0.00134060783 0.03974135735 0)
(-0.003737549748 0.06245313879 0)
(-0.007133078691 0.08248221575 0)
(-0.01136026604 0.09998329953 0)
(-0.01629222257 0.115127582 0)
(-0.02181180001 0.1280955986 0)
(-0.0278119435 0.1390707387 0)
(-0.03419751964 0.1482335976 0)
(-0.04088548723 0.1557572503 0)
(-0.04780456101 0.1618034747 0)
(-0.05489461609 0.1665199158 0)
(-0.06210586037 0.1700381385 0)
(-0.0693978443 0.1724724898 0)
(-0.07673837828 0.1739196694 0)
(-0.08410241328 0.1744588941 0)
(-0.09147092713 0.174152543 0)
(-0.09882984639 0.173047171 0)
(-0.1061690225 0.1711747891 0)
(-0.1134812722 0.1685543238 0)
(-0.120761484 0.1651931807 0)
(-0.1280057887 0.1610888557 0)
(-0.1352107864 0.1562305515 0)
(-0.1423728215 0.1506007713 0)
(-0.1494872951 0.1441768761 0)
(-0.1565480029 0.1369326017 0)
(-0.1635464882 0.128839542 0)
(-0.1704713969 0.1198686119 0)
(-0.1773078239 0.109991511 0)
(-0.184036641 0.09918221182 0)
(-0.1906337957 0.08741850314 0)
(-0.1970695742 0.07468362041 0)
(-0.2033078248 0.06096800058 0)
(-0.209305144 0.0462712004 0)
(-0.2150100368 0.03060402117 0)
(-0.2203620237 0.01399087371 0)
(-0.2252907614 -0.00352760216 0)
(-0.229715641 -0.02189160967 0)
(-0.2335451336 -0.04101981043 0)
(-0.236676138 -0.06080500284 0)
(-0.2389942383 -0.0811100493 0)
(-0.2403742839 -0.1017637412 0)
(-0.2406818683 -0.1225566649 0)
(-0.2397759091 -0.1432373974 0)
(-0.2375125996 -0.1635094746 0)
(-0.2337510076 -0.183029728 0)
(-0.2283605367 -0.2014087404 0)
(-0.2212303429 -0.2182142897 0)
(-0.2122805965 -0.2329787006 0)
(-0.2014751898 -0.2452109434 0)
(-0.1888351299 -0.2544140606 0)
(-0.1744514569 -0.26010802 0)
(-0.1584961677 -0.2618573835 0)
(-0.1412293904 -0.2593022928 0)
(-0.1230010654 -0.2521903217 0)
(-0.1042457194 -0.2404059184 0)
(-0.08546961287 -0.2239936869 0)
(-0.06723059549 -0.2031718324 0)
(-0.05011234624 -0.1783328644 0)
(-0.0346950754 -0.1500301124 0)
(-0.02152285516 -0.1189503444 0)
(-0.01108115267 -0.08587413778 0)
(-0.003867335893 -0.05163003007 0)
(-0.0002209650334 -0.01706396938 0)
(-8.472574506e-05 0.01488353055 0)
(-0.00132950658 0.04159679132 0)
(-0.003710440746 0.06534988609 0)
(-0.007084163352 0.08627933978 0)
(-0.0112828418 0.1045471465 0)
(-0.0161775163 0.1203336972 0)
(-0.02164848132 0.1338302029 0)
(-0.02758607119 0.1452316961 0)
(-0.03389277362 0.1547308735 0)
(-0.04048359084 0.1625129081 0)
(-0.0472858155 0.1687512847 0)
(-0.05423848457 0.1736046614 0)
(-0.06129155679 0.1772147074 0)
(-0.06840489908 0.1797048277 0)
(-0.07554716474 0.1811796625 0)
(-0.08269462853 0.1817252347 0)
(-0.08983002762 0.1814096147 0)
(-0.09694144253 0.1802839816 0)
(-0.104021239 0.1783839648 0)
(-0.1110650819 0.175731172 0)
(-0.1180710224 0.1723348206 0)
(-0.1250386568 0.1681934118 0)
(-0.1319683475 0.1632964019 0)
(-0.1388604966 0.15762584 0)
(-0.1457148603 0.1511579574 0)
(-0.1525298907 0.1438647054 0)
(-0.1593020914 0.1357152453 0)
(-0.1660253735 0.1266774071 0)
(-0.1726903981 0.1167191342 0)
(-0.179283891 0.1058099433 0)
(-0.1857879171 0.09392242715 0)
(-0.1921791021 0.08103383729 0)
(-0.1984277918 0.06712778566 0)
(-0.204497145 0.05219611132 0)
(-0.2103421651 0.03624096307 0)
(-0.2159086433 0.01927714699 0)
(-0.2211319947 0.001334778846 0)
(-0.225936524 -0.01753765972 0)
(-0.2302345198 -0.03727060129 0)
(-0.2339251135 -0.05776930926 0)
(-0.2368939126 -0.07890901676 0)
(-0.2390129839 -0.100530135 0)
(-0.2401415961 -0.122433173 0)
(-0.240128053 -0.1443736815 0)
(-0.2388129369 -0.1660576503 0)
(-0.2360341345 -0.1871379734 0)
(-0.2316339946 -0.2072128092 0)
(-0.2254688731 -0.2258268628 0)
(-0.2174211303 -0.2424767601 0)
(-0.2074133439 -0.2566217026 0)
(-0.1954240785 -0.2677004058 0)
(-0.1815040455 -0.2751548661 0)
(-0.1657909681 -0.2784607207 0)
(-0.1485210399 -0.2771628924 0)
(-0.130034695 -0.2709139562 0)
(-0.1107746214 -0.2595114437 0)
(-0.0912746386 -0.2429294235 0)
(-0.07213928574 -0.2213394574 0)
(-0.0540156393 -0.1951166998 0)
(-0.0375596325 -0.1648285371 0)
(-0.0233973503 -0.1312053475 0)
(-0.01209694859 -0.09509488724 0)
(-0.004243469032 -0.05740712527 0)
(-0.0002473902187 -0.01907365019 0)
(-8.350941211e-05 0.0155457843 0)
(-0.001318710698 0.04343873828 0)
(-0.003683994617 0.06822697755 0)
(-0.007035638428 0.09005001215 0)
(-0.01120402822 0.1090757895 0)
(-0.01605723826 0.125493181 0)
(-0.02147218343 0.1395038466 0)
(-0.02733590136 0.1513146046 0)
(-0.03354798127 0.1611306484 0)
(-0.04002111997 0.1691497964 0)
(-0.04668099661 0.175557862 0)
(-0.05346575301 0.1805251558 0)
(-0.06032514874 0.1842040701 0)
(-0.06721949653 0.1867276444 0)
(-0.07411847615 0.1882089844 0)
(-0.08099990272 0.1887413896 0)
(-0.08784850577 0.1883990441 0)
(-0.09465475706 0.1872381308 0)
(-0.1014137704 0.1852982447 0)
(-0.1081242846 0.1826039976 0)
(-0.1147877309 0.1791667266 0)
(-0.1214073804 0.1749862385 0)
(-0.1279875631 0.1700525417 0)
(-0.1345329453 0.164347533 0)
(-0.1410478521 0.1578466228 0)
(-0.1475356206 0.1505202939 0)
(-0.1539979685 0.1423355985 0)
(-0.1604343612 0.1332576084 0)
(-0.1668413623 0.1232508368 0)
(-0.1732119502 0.1122806593 0)
(-0.1795347852 0.1003147638 0)
(-0.1857934095 0.08732466663 0)
(-0.1919653659 0.07328733708 0)
(-0.1980212233 0.05818698008 0)
(-0.2039235083 0.04201703514 0)
(-0.2096255111 0.02478245561 0)
(-0.2150698986 0.006502322732 0)
(-0.2201876528 -0.01278712429 0)
(-0.2248968778 -0.03302928243 0)
(-0.2291012893 -0.05414362709 0)
(-0.2326891267 -0.07602015746 0)
(-0.2355325449 -0.09851402428 0)
(-0.2374875147 -0.121439579 0)
(-0.2383947575 -0.1445640932 0)
(-0.2380820571 -0.167601531 0)
(-0.2363684121 -0.1902069714 0)
(-0.2330705169 -0.2119725441 0)
(-0.2280120125 -0.2324260317 0)
(-0.2210357967 -0.251033551 0)
(-0.2120193867 -0.2672078764 0)
(-0.2008928734 -0.2803239136 0)
(-0.1876583933 -0.2897424524 0)
(-0.1724093483 -0.2948425319 0)
(-0.1553469434 -0.2950615193 0)
(-0.1367911781 -0.2899404104 0)
(-0.1171834308 -0.2791701598 0)
(-0.0970783834 -0.2626334063 0)
(-0.07712437524 -0.2404352306 0)
(-0.05803332089 -0.2129169729 0)
(-0.040542519 -0.1806488709 0)
(-0.02536912082 -0.144399929 0)
(-0.01317526156 -0.1050860896 0)
(-0.004646663017 -0.06370427164 0)
(-0.0002765443301 -0.02127927109 0)
(-8.242938478e-05 0.01620271945 0)
(-0.001309929635 0.04526853732 0)
(-0.003662684249 0.07108588803 0)
(-0.006995501269 0.09379487483 0)
(-0.01113565738 0.1135679832 0)
(-0.01594701345 0.1306018974 0)
(-0.02130200586 0.1451086393 0)
(-0.02708349289 0.157307142 0)
(-0.03318752684 0.1674156915 0)
(-0.03952409866 0.1756454908 0)
(-0.04601708508 0.1821954706 0)
(-0.05260371803 0.1872483696 0)
(-0.0592336767 0.1909680253 0)
(-0.06586793294 0.1934977604 0)
(-0.0724774663 0.1949597159 0)
(-0.07904193745 0.1954549628 0)
(-0.08554838342 0.1950642272 0)
(-0.0919899769 0.1938490718 0)
(-0.09836487385 0.1918533926 0)
(-0.1046751599 0.1891051143 0)
(-0.110925896 0.1856179867 0)
(-0.1171242565 0.1813934096 0)
(-0.1232787482 0.1764222339 0)
(-0.1293984969 0.1706865035 0)
(-0.135492585 0.1641611203 0)
(-0.1415694236 0.1568154274 0)
(-0.1476361421 0.1486147136 0)
(-0.1536979773 0.1395216539 0)
(-0.159757644 0.1294977039 0)
(-0.1658146676 0.1185044761 0)
(-0.1718646601 0.1065051262 0)
(-0.1778985196 0.0934657879 0)
(-0.1839015316 0.07935710007 0)
(-0.1898523568 0.06415587673 0)
(-0.1957218935 0.04784698495 0)
(-0.2014719859 0.03042550445 0)
(-0.2070538878 0.01189923088 0)
(-0.2124068294 -0.007708396749 0)
(-0.217456689 -0.02835471741 0)
(-0.2221140323 -0.04997478416 0)
(-0.2262724083 -0.07247542869 0)
(-0.2298071075 -0.09572938377 0)
(-0.2325741754 -0.1195685924 0)
(-0.2344103295 -0.1437767993 0)
(-0.2351341432 -0.1680817289 0)
(-0.2345490298 -0.1921473804 0)
(-0.2324486501 -0.2155672885 0)
(-0.2286253806 -0.2378599762 0)
(-0.2228823929 -0.2584682142 0)
(-0.2150496448 -0.2767640273 0)
(-0.2050036205 -0.2920615182 0)
(-0.1926899726 -0.3036393608 0)
(-0.1781473409 -0.3107740874 0)
(-0.1615296854 -0.3127839581 0)
(-0.1431236931 -0.3090812794 0)
(-0.1233574888 -0.2992287696 0)
(-0.1027972758 -0.2829933888 0)
(-0.08212991354 -0.2603895848 0)
(-0.06213184715 -0.2317037829 0)
(-0.04362653463 -0.1974936087 0)
(-0.02743135438 -0.1585584569 0)
(-0.0143146315 -0.1158815694 0)
(-0.005077260246 -0.07055176943 0)
(-0.0003086344102 -0.02369497628 0)
(-8.164540439e-05 0.01685580757 0)
(-0.001305259255 0.0470899717 0)
(-0.003651976856 0.07393156689 0)
(-0.00697349222 0.09751860555 0)
(-0.01109208533 0.118026657 0)
(-0.01586572646 0.1356596778 0)
(-0.02116094552 0.1506401934 0)
(-0.02685531441 0.1631998583 0)
(-0.03284058467 0.1735709284 0)
(-0.03902359951 0.1819789884 0)
(-0.04532626784 0.1886370945 0)
(-0.05168496668 0.1937413599 0)
(-0.05804951238 0.1974679143 0)
(-0.06438186271 0.1999710948 0)
(-0.07065468767 0.2013826941 0)
(-0.07684991141 0.2018120672 0)
(-0.08295729648 0.201346909 0)
(-0.08897311541 0.2000545203 0)
(-0.09489893402 0.1979834083 0)
(-0.100740515 0.1951650895 0)
(-0.1065068394 0.1916159894 0)
(-0.1122092363 0.1873393603 0)
(-0.1178606064 0.1823271619 0)
(-0.1234747222 0.1765618659 0)
(-0.1290655869 0.1700181675 0)
(-0.1346468334 0.1626645957 0)
(-0.1402311436 0.1544650277 0)
(-0.145829669 0.1453801195 0)
(-0.1514514324 0.1353686721 0)
(-0.1571026904 0.1243889574 0)
(-0.1627862342 0.1124000349 0)
(-0.1685006073 0.09936309411 0)
(-0.1742392151 0.08524286758 0)
(-0.1799893027 0.07000916645 0)
(-0.185730784 0.05363860465 0)
(-0.191434895 0.03611659279 0)
(-0.1970625766 0.01743967346 0)
(-0.2025626814 -0.002381713305 0)
(-0.2078706374 -0.02331954371 0)
(-0.2129059499 -0.04532535622 0)
(-0.2175701072 -0.06832445711 0)
(-0.2217446218 -0.09220958106 0)
(-0.2252891896 -0.1168336524 0)
(-0.2280405158 -0.1420014198 0)
(-0.229812219 -0.1674601634 0)
(-0.230396386 -0.1928898915 0)
(-0.2295675116 -0.2178937924 0)
(-0.2270896566 -0.2419901635 0)
(-0.2227276547 -0.2646075684 0)
(-0.2162630387 -0.2850854955 0)
(-0.207514937 -0.3026831735 0)
(-0.1963654747 -0.3165992369 0)
(-0.182788179 -0.3260043906 0)
(-0.1668766517 -0.3300878911 0)
(-0.1488695665 -0.328116467 0)
(-0.1291672391 -0.3195014027 0)
(-0.108335032 -0.3038664162 0)
(-0.08709011881 -0.2811064434 0)
(-0.06627084998 -0.2514264551 0)
(-0.04679031268 -0.2153507452 0)
(-0.0295750895 -0.1736966324 0)
(-0.01551274414 -0.1275111155 0)
(-0.005535409832 -0.07797888143 0)
(-0.0003438780887 -0.02633512403 0)
(-8.13553987e-05 0.01750768346 0)
(-0.001307260962 0.04890980208 0)
(-0.00365852084 0.07677317088 0)
(-0.006981399731 0.1012307327 0)
(-0.01109059691 0.1224597127 0)
(-0.01583599038 0.1406710301 0)
(-0.02107638606 0.1560982041 0)
(-0.02668270984 0.1689866086 0)
(-0.03254152206 0.1795837311 0)
(-0.038556053 0.1881308756 0)
(-0.04464613238 0.1948565094 0)
(-0.05074744344 0.1999712792 0)
(-0.05681029384 0.2036646001 0)
(-0.06279810351 0.2061026458 0)
(-0.06868577264 0.2074275211 0)
(-0.07445804668 0.2077573872 0)
(-0.08010795644 0.207187317 0)
(-0.08563537957 0.2057906749 0)
(-0.09104574598 0.2036208463 0)
(-0.09634889191 0.2007131705 0)
(-0.1015580557 0.1970869632 0)
(-0.1066890009 0.1927475434 0)
(-0.1117592485 0.1876882048 0)
(-0.1167873971 0.1818920934 0)
(-0.1217925103 0.1753339708 0)
(-0.1267935496 0.1679818579 0)
(-0.1318088324 0.1597985612 0)
(-0.1368554931 0.1507430954 0)
(-0.1419489272 0.1407720204 0)
(-0.1471021944 0.1298407159 0)
(-0.1523253604 0.1179046236 0)
(-0.1576247506 0.1049204909 0)
(-0.1630020902 0.09084765914 0)
(-0.168453502 0.07564944767 0)
(-0.1739683367 0.0592947001 0)
(-0.1795278133 0.04175957646 0)
(-0.1851033715 0.0230296814 0)
(-0.190654634 0.003102623953 0)
(-0.1961280502 -0.01800865356 0)
(-0.2014539276 -0.04027251107 0)
(-0.2065441426 -0.06363387132 0)
(-0.2112894025 -0.08800734482 0)
(-0.2155566674 -0.1132696883 0)
(-0.2191868612 -0.1392507264 0)
(-0.2219934058 -0.1657228135 0)
(-0.2237621445 -0.1923890893 0)
(-0.2242534613 -0.2188711381 0)
(-0.2232075967 -0.2446971738 0)
(-0.2203542741 -0.2692925303 0)
(-0.2154277181 -0.2919749745 0)
(-0.2081878348 -0.3119580487 0)
(-0.1984476422 -0.3283660444 0)
(-0.1861059058 -0.3402640045 0)
(-0.1711824061 -0.3467049881 0)
(-0.1538515636 -0.3467944826 0)
(-0.1344687023 -0.3397683428 0)
(-0.1135826332 -0.3250764427 0)
(-0.09192914791 -0.30246031 0)
(-0.0704029042 -0.2720106749 0)
(-0.05000818037 -0.2341913842 0)
(-0.03178917368 -0.1898197916 0)
(-0.01676644208 -0.1399994838 0)
(-0.00602108504 -0.08601339351 0)
(-0.0003825068819 -0.02921420348 0)
(-8.180350296e-05 0.01816240283 0)
(-0.001319061712 0.05073840348 0)
(-0.003690385673 0.07962492422 0)
(-0.007033443862 0.1049465682 0)
(-0.0111519016 0.1268809079 0)
(-0.01588470294 0.1456458884 0)
(-0.02108065442 0.1614870163 0)
(-0.02660239745 0.1746649265 0)
(-0.03233029144 0.1854441103 0)
(-0.03816349579 0.1940833673 0)
(-0.0440197472 0.2008282105 0)
(-0.04983435095 0.2059052316 0)
(-0.05555864428 0.2095182938 0)
(-0.06115817806 0.2118463233 0)
(-0.06661080826 0.2130424349 0)
(-0.07190482884 0.2132341116 0)
(-0.07703722889 0.2125241779 0)
(-0.08201211927 0.210992332 0)
(-0.08683934598 0.2086970385 0)
(-0.09153328869 0.2056776212 0)
(-0.09611183069 0.2019564323 0)
(-0.1005954791 0.1975410063 0)
(-0.1050066118 0.1924261371 0)
(-0.1093688244 0.1865958384 0)
(-0.1137063548 0.1800251674 0)
(-0.1180435585 0.1726819061 0)
(-0.1224044134 0.1645281036 0)
(-0.1268120306 0.1555214927 0)
(-0.1312881504 0.1456167985 0)
(-0.1358525981 0.1347669624 0)
(-0.140522679 0.1229243085 0)
(-0.1453124847 0.1100416851 0)
(-0.1502320846 0.09607362311 0)
(-0.1552865701 0.08097755901 0)
(-0.1604749219 0.06471518668 0)
(-0.1657886729 0.04725402205 0)
(-0.1712102786 0.02856928221 0)
(-0.1767110233 0.008646171213 0)
(-0.1822493475 -0.01251723381 0)
(-0.1877680953 -0.03490624169 0)
(-0.1931916064 -0.05848588665 0)
(-0.1984225147 -0.08319386823 0)
(-0.2033385205 -0.1089329258 0)
(-0.2077890317 -0.1355613461 0)
(-0.211592319 -0.1628814992 0)
(-0.2145336873 -0.1906264476 0)
(-0.2163654972 -0.2184450061 0)
(-0.2168101509 -0.2458861656 0)
(-0.2155674139 -0.272384547 0)
(-0.2123275708 -0.2972495038 0)
(-0.2067917885 -0.3196615185 0)
(-0.1987004993 -0.3386804022 0)
(-0.1878694831 -0.3532701048 0)
(-0.1742315622 -0.3623441906 0)
(-0.1578796008 -0.3648337443 0)
(-0.139104267 -0.3597754698 0)
(-0.1184185216 -0.3464123461 0)
(-0.09656102046 -0.3242934934 0)
(-0.07447341538 -0.2933555934 0)
(-0.05325012298 -0.2539672625 0)
(-0.03406030722 -0.2069211441 0)
(-0.01807179519 -0.1533653844 0)
(-0.006534129148 -0.09468119333 0)
(-0.0004247729247 -0.0323467676 0)
(-8.32943756e-05 0.01882575977 0)
(-0.001344489843 0.0525905351 0)
(-0.003757372828 0.082507136 0)
(-0.007146761859 0.1086882781 0)
(-0.01130074422 0.1313108273 0)
(-0.01604370778 0.1506003829 0)
(-0.02121165057 0.1668161477 0)
(-0.02665699223 0.1802362923 0)
(-0.03225278435 0.1911447545 0)
(-0.0378937132 0.1998201629 0)
(-0.04349556759 0.2065271358 0)
(-0.04899380942 0.2115099207 0)
(-0.05434158772 0.2149881746 0)
(-0.05950749699 0.2171545856 0)
(-0.06447330191 0.2181739971 0)
(-0.069231773 0.2181836998 0)
(-0.07378471749 0.2172945804 0)
(-0.07814124488 0.2155928579 0)
(-0.08231627532 0.2131421845 0)
(-0.08632927903 0.2099859356 0)
(-0.09020322286 0.2061495533 0)
(-0.09396369423 0.2016428505 0)
(-0.09763817097 0.1964622086 0)
(-0.1012554059 0.1905926329 0)
(-0.1048448967 0.1840096437 0)
(-0.1084364139 0.1766810009 0)
(-0.1120595619 0.1685682658 0)
(-0.1157433487 0.159628214 0)
(-0.1195157423 0.1498141185 0)
(-0.12340319 0.1390769229 0)
(-0.1274300772 0.1273663342 0)
(-0.1316181016 0.1146318635 0)
(-0.1359855328 0.1008238524 0)
(-0.1405463271 0.08589453265 0)
(-0.1453090615 0.0697991759 0)
(-0.1502756566 0.05249741573 0)
(-0.1554398149 0.03395484349 0)
(-0.1607849871 0.01414496436 0)
(-0.1662823405 -0.00694834263 0)
(-0.1718885198 -0.0293270587 0)
(-0.1775419967 -0.05297620621 0)
(-0.1831597151 -0.07785707275 0)
(-0.1886332831 -0.1038997081 0)
(-0.1938246816 -0.1309933636 0)
(-0.1985621133 -0.1589745025 0)
(-0.2026364079 -0.1876121892 0)
(-0.2057987754 -0.2165909338 0)
(-0.2077610713 -0.2454915796 0)
(-0.2082001326 -0.2737716242 0)
(-0.2067680718 -0.3007474907 0)
(-0.2031105369 -0.3255826367 0)
(-0.1968946256 -0.3472867993 0)
(-0.1878471367 -0.3647326661 0)
(-0.1758019664 -0.3766962 0)
(-0.1607527493 -0.3819249588 0)
(-0.1429037043 -0.3792345044 0)
(-0.1227089521 -0.3676264111 0)
(-0.1008896568 -0.3464135045 0)
(-0.0784206126 -0.3153309192 0)
(-0.05648185802 -0.2746082004 0)
(-0.03637319344 -0.2249799676 0)
(-0.01942424963 -0.1676204851 0)
(-0.007074337317 -0.1040058993 0)
(-0.0004709588167 -0.0357473994 0)
(-8.621058896e-05 0.01950568324 0)
(-0.001388254029 0.05448628339 0)
(-0.003871421853 0.0854474149 0)
(-0.007342026579 0.1124861159 0)
(-0.01156665855 0.1357779414 0)
(-0.01635057664 0.1555576084 0)
(-0.0215135474 0.1721007163 0)
(-0.02689552584 0.1857062301 0)
(-0.0323610968 0.1966808417 0)
(-0.03780020154 0.2053260372 0)
(-0.04312707101 0.2119281108 0)
(-0.04827816105 0.2167510148 0)
(-0.05320953298 0.2200317397 0)
(-0.05789404233 0.221977822 0)
(-0.06231858889 0.2227665465 0)
(-0.06648158125 0.222545434 0)
(-0.07039069512 0.2214336438 0)
(-0.07406095278 0.2195239838 0)
(-0.07751311688 0.216885277 0)
(-0.0807723714 0.2135648922 0)
(-0.08386725204 0.2095912974 0)
(-0.08682878468 0.2049765372 0)
(-0.08968979086 0.1997185699 0)
(-0.09248432195 0.193803428 0)
(-0.0952471874 0.1872071858 0)
(-0.09801354627 0.1798977306 0)
(-0.1008185345 0.1718363477 0)
(-0.1036969034 0.1629791323 0)
(-0.1066826454 0.1532782475 0)
(-0.1098085859 0.1426830513 0)
(-0.1131059161 0.131141117 0)
(-0.1166036461 0.1185991765 0)
(-0.1203279482 0.1050040198 0)
(-0.1243013609 0.09030339263 0)
(-0.1285418162 0.07444694532 0)
(-0.1330614552 0.05738730708 0)
(-0.1378651785 0.03908138202 0)
(-0.1429487521 0.01949195781 0)
(-0.1482964993 -0.001410258761 0)
(-0.1538796512 -0.02364329245 0)
(-0.1596520325 -0.0472113638 0)
(-0.16554683 -0.07209912596 0)
(-0.1714722632 -0.09826437507 0)
(-0.1773065928 -0.1256287987 0)
(-0.1828928151 -0.1540659195 0)
(-0.1880333979 -0.1833858048 0)
(-0.1924857338 -0.213316265 0)
(-0.1959594368 -0.2434806972 0)
(-0.1981171285 -0.2733735141 0)
(-0.1985809064 -0.3023353234 0)
(-0.1969471114 -0.3295317009 0)
(-0.1928120471 -0.353941389 0)
(-0.1858106017 -0.3743616067 0)
(-0.1756679356 -0.3894391063 0)
(-0.162261334 -0.3977345958 0)
(-0.1456852515 -0.397824104 0)
(-0.1263083772 -0.3884333206 0)
(-0.1048089451 -0.3685906377 0)
(-0.0821756012 -0.3377739853 0)
(-0.05966501107 -0.2960194671 0)
(-0.03871080786 -0.2439597704 0)
(-0.02081887576 -0.1827684687 0)
(-0.007641591739 -0.1140085841 0)
(-0.0005213950015 -0.03943073401 0)
(-9.103943789e-05 0.0202127412 0)
(-0.001456186707 0.05645223078 0)
(-0.004047143283 0.08848213004 0)
(-0.007644234903 0.1163798408 0)
(-0.01198489358 0.1403197417 0)
(-0.01684952227 0.1605483407 0)
(-0.02203754101 0.1773617006 0)
(-0.02737390993 0.1910841407 0)
(-0.03271361692 0.2020495207 0)
(-0.03794182874 0.2105860655 0)
(-0.04297197189 0.217004914 0)
(-0.04774274573 0.2215921433 0)
(-0.05221463404 0.2246038035 0)
(-0.056366346 0.2262634132 0)
(-0.06019146649 0.2267613614 0)
(-0.06369546903 0.2262557081 0)
(-0.06689315586 0.2248739484 0)
(-0.06980653097 0.222715384 0)
(-0.07246307611 0.2198538258 0)
(-0.07489438117 0.2163404201 0)
(-0.07713507246 0.2122064493 0)
(-0.07922198258 0.2074660108 0)
(-0.08119350912 0.2021185107 0)
(-0.08308911525 0.1961509408 0)
(-0.08494893164 0.1895399284 0)
(-0.08681342508 0.1822535586 0)
(-0.08872310391 0.1742529833 0)
(-0.09071823504 0.1654938338 0)
(-0.09283854916 0.1559274555 0)
(-0.09512291229 0.14550199 0)
(-0.09760894253 0.134163328 0)
(-0.1003325505 0.121855961 0)
(-0.1033273785 0.1085237594 0)
(-0.1066241091 0.09411071683 0)
(-0.1102496061 0.07856170548 0)
(-0.1142258527 0.061823308 0)
(-0.1185686425 0.04384481386 0)
(-0.1232858702 0.02457948164 0)
(-0.1283751767 0.003986164466 0)
(-0.1338225806 -0.01796820139 0)
(-0.1395981192 -0.04130568336 0)
(-0.145652611 -0.06603336686 0)
(-0.1519130081 -0.09213632115 0)
(-0.1582769978 -0.1195690256 0)
(-0.1646067595 -0.1482437329 0)
(-0.1707222403 -0.1780151194 0)
(-0.1763944293 -0.2086605669 0)
(-0.1813396202 -0.2398557204 0)
(-0.1852162701 -0.2711456425 0)
(-0.1876268152 -0.3019131066 0)
(-0.1881275625 -0.3313474555 0)
(-0.1862502765 -0.3584199851 0)
(-0.1815388769 -0.3818746296 0)
(-0.1736032305 -0.400245024 0)
(-0.1621888678 -0.4119094233 0)
(-0.1472565488 -0.4151918231 0)
(-0.1290596846 -0.4085096571 0)
(-0.1082026969 -0.3905557007 0)
(-0.08566238692 -0.3604867306 0)
(-0.06275736069 -0.318079011 0)
(-0.0410548003 -0.2638064118 0)
(-0.02225074333 -0.1988041757 0)
(-0.008236064172 -0.1247076458 0)
(-0.0005764844417 -0.0434115687 0)
(-9.840947105e-05 0.02096079018 0)
(-0.001555572379 0.05852292092 0)
(-0.004302520098 0.09165817842 0)
(-0.008083711697 0.1204203442 0)
(-0.01259754136 0.1449839241 0)
(-0.01759243697 0.165611628 0)
(-0.02284260089 0.1826259176 0)
(-0.02815524195 0.1963827361 0)
(-0.03337478476 0.2072489194 0)
(-0.03838199851 0.2155843416 0)
(-0.04309078383 0.2217288357 0)
(-0.04744388573 0.2259934081 0)
(-0.05140824129 0.2286550497 0)
(-0.05497046121 0.2299543874 0)
(-0.05813274093 0.2300954605 0)
(-0.06090933988 0.2292469983 0)
(-0.06332366362 0.2275446838 0)
(-0.06540591961 0.2250939991 0)
(-0.06719128332 0.2219733494 0)
(-0.06871849642 0.2182372453 0)
(-0.07002881656 0.2139193957 0)
(-0.07116524358 0.2090356149 0)
(-0.07217195545 0.2035864909 0)
(-0.07309389728 0.1975597881 0)
(-0.07397647604 0.1909325832 0)
(-0.07486532246 0.1836731401 0)
(-0.0758060882 0.1757425427 0)
(-0.07684425274 0.1670961074 0)
(-0.07802491752 0.1576845952 0)
(-0.07939256571 0.1474552502 0)
(-0.08099076928 0.1363526894 0)
(-0.08286182534 0.1243196685 0)
(-0.08504629969 0.1112977497 0)
(-0.08758245087 0.09722790249 0)
(-0.0905055014 0.08205107957 0)
(-0.09384671911 0.06570881996 0)
(-0.09763227077 0.04814395859 0)
(-0.1018817245 0.02930154121 0)
(-0.1066058984 0.009130022351 0)
(-0.1118052799 -0.01241704287 0)
(-0.117466665 -0.03537802945 0)
(-0.1235592631 -0.05978082111 0)
(-0.1300302482 -0.0856364057 0)
(-0.1367991899 -0.1129312775 0)
(-0.1437511542 -0.1416166912 0)
(-0.1507288288 -0.1715939072 0)
(-0.1575238911 -0.2026944031 0)
(-0.1638683801 -0.2346541339 0)
(-0.1694274976 -0.2670814148 0)
(-0.1737961814 -0.2994190739 0)
(-0.1765028849 -0.3309034585 0)
(-0.1770250259 -0.3605258255 0)
(-0.1748210626 -0.3870054318 0)
(-0.1693834014 -0.4087875411 0)
(-0.160313505 -0.4240820218 0)
(-0.1474151406 -0.4309569093 0)
(-0.1307940276 -0.4274938762 0)
(-0.1109442741 -0.4119978076 0)
(-0.0887977243 -0.3832324737 0)
(-0.06571308685 -0.3406344443 0)
(-0.04338602582 -0.2844461317 0)
(-0.02371545097 -0.215712865 0)
(-0.008858515732 -0.1361188947 0)
(-0.0006367427469 -0.04770510369 0)
(-0.0001091444115 0.02176782498 0)
(-0.001695597368 0.06074271281 0)
(-0.004659833692 0.09503513038 0)
(-0.008697382973 0.1246714945 0)
(-0.01345488857 0.1498295584 0)
(-0.01864002278 0.1707951296 0)
(-0.023996116 0.1879255481 0)
(-0.02930977609 0.20161688 0)
(-0.03441427732 0.2122764829 0)
(-0.03918701097 0.2203020044 0)
(-0.04354437261 0.2260665636 0)
(-0.04743568509 0.2299092673 0)
(-0.05083702175 0.2321300175 0)
(-0.05374548547 0.2329875765 0)
(-0.05617423364 0.2326999688 0)
(-0.05814834841 0.2314464536 0)
(-0.05970153484 0.229370465 0)
(-0.06087356551 0.2265830684 0)
(-0.06170836091 0.2231666043 0)
(-0.06225258882 0.2191782979 0)
(-0.06255467164 0.2146536879 0)
(-0.06266410395 0.2096097904 0)
(-0.06263099782 0.2040479556 0)
(-0.06250578787 0.1979564033 0)
(-0.0623390423 0.1913124453 0)
(-0.06218133736 0.1840844101 0)
(-0.06208316149 0.1762332971 0)
(-0.06209482457 0.1677141859 0)
(-0.06226635147 0.1584774247 0)
(-0.06264733795 0.1484696242 0)
(-0.06328675405 0.1376344882 0)
(-0.0642326825 0.1259135015 0)
(-0.06553197317 0.1132464963 0)
(-0.06722979022 0.09957212504 0)
(-0.06936902278 0.08482827236 0)
(-0.07198952415 0.06895245085 0)
(-0.07512714382 0.05188224597 0)
(-0.07881246619 0.0335558951 0)
(-0.08306896843 0.01391305673 0)
(-0.08791117588 -0.007104141163 0)
(-0.09334257158 -0.02954849238 0)
(-0.09935098182 -0.05346649633 0)
(-0.1059046519 -0.07889292577 0)
(-0.1129467236 -0.1058444429 0)
(-0.12038801 -0.134310169 0)
(-0.1280983564 -0.1642381666 0)
(-0.135896512 -0.1955164745 0)
(-0.143538966 -0.2279472327 0)
(-0.1507088493 -0.2612126432 0)
(-0.1570070061 -0.2948322948 0)
(-0.1619487215 -0.3281131529 0)
(-0.1649711542 -0.3600966507 0)
(-0.1654578667 -0.3895119095 0)
(-0.1627871245 -0.4147497392 0)
(-0.1564086583 -0.4338771646 0)
(-0.145948197 -0.4447138883 0)
(-0.1313299052 -0.4449866847 0)
(-0.1128955787 -0.4325620911 0)
(-0.09149055651 -0.4057322713 0)
(-0.06848290059 -0.3634995857 0)
(-0.0456851919 -0.3057833841 0)
(-0.02520985161 -0.2334695977 0)
(-0.009510724124 -0.1482559367 0)
(-0.0007028559296 -0.05232737426 0)
(-0.0001243411492 0.02265710398 0)
(-0.001887968296 0.06316814744 0)
(-0.00514688858 0.09868783448 0)
(-0.009530379234 0.1292121884 0)
(-0.01461699449 0.1549281271 0)
(-0.02006292539 0.1761549989 0)
(-0.02557424218 0.1932969532 0)
(-0.03091425748 0.2068015587 0)
(-0.03590522052 0.2171263701 0)
(-0.04042314081 0.2247143223 0)
(-0.04438995837 0.2299771798 0)
(-0.04776505566 0.2332856143 0)
(-0.05053712806 0.2349643765 0)
(-0.05271699483 0.2352911574 0)
(-0.05433159583 0.2344979584 0)
(-0.05541919681 0.2327740423 0)
(-0.05602570338 0.2302697719 0)
(-0.05620192602 0.2271008371 0)
(-0.05600162256 0.2233525328 0)
(-0.05548015175 0.2190838682 0)
(-0.05469359009 0.2143313769 0)
(-0.05369818791 0.2091125613 0)
(-0.05255006491 0.2034289482 0)
(-0.05130506562 0.1972687572 0)
(-0.0500187146 0.1906092058 0)
(-0.0487462259 0.1834184769 0)
(-0.04754253071 0.1756573859 0)
(-0.04646230225 0.1672807845 0)
(-0.04555996029 0.1582387193 0)
(-0.04488963127 0.1484773779 0)
(-0.04450505302 0.1379398636 0)
(-0.04445942027 0.1265668116 0)
(-0.04480515453 0.1142968657 0)
(-0.04559357813 0.1010670372 0)
(-0.0468744688 0.08681297169 0)
(-0.04869546471 0.07146916147 0)
(-0.05110128563 0.05496915601 0)
(-0.05413271889 0.03724583455 0)
(-0.05782513737 0.01823178478 0)
(-0.06220647057 -0.002140185613 0)
(-0.06729633996 -0.02393518739 0)
(-0.0731009554 -0.04721565369 0)
(-0.07960986293 -0.07203737711 0)
(-0.08679067405 -0.0984444024 0)
(-0.09458187415 -0.1264612627 0)
(-0.1028838426 -0.1560812747 0)
(-0.1115477403 -0.1872492735 0)
(-0.1203623597 -0.2198368443 0)
(-0.1290395832 -0.2536079766 0)
(-0.137200094 -0.2881734031 0)
(-0.1443625533 -0.3229332544 0)
(-0.149941491 -0.3570106598 0)
(-0.1532613983 -0.3891839739 0)
(-0.153596153 -0.4178325277 0)
(-0.1502424009 -0.4409189465 0)
(-0.1426310484 -0.4560368981 0)
(-0.1304710575 -0.4605517474 0)
(-0.1139049717 -0.4518471361 0)
(-0.09364069587 -0.4276605486 0)
(-0.07101385311 -0.3864502335 0)
(-0.04793356814 -0.3276982667 0)
(-0.02673301221 -0.2520387258 0)
(-0.01019609531 -0.1611309553 0)
(-0.0007757712588 -0.05729595764 0)
(-0.0001454859531 0.02365866036 0)
(-0.002147773403 0.06587098911 0)
(-0.005798636918 0.1027095665 0)
(-0.01063803326 0.1341385467 0)
(-0.01615545704 0.1603642225 0)
(-0.02194268703 0.1817549883 0)
(-0.02766160452 0.1987783963 0)
(-0.03305011947 0.2119485839 0)
(-0.03792079499 0.2217855333 0)
(-0.04215169416 0.2287865084 0)
(-0.04567474991 0.2334079931 0)
(-0.04846409905 0.2360558272 0)
(-0.05052551259 0.2370813207 0)
(-0.05188746899 0.2367814539 0)
(-0.05259400638 0.2354016755 0)
(-0.05269924586 0.233140193 0)
(-0.05226336173 0.2301529724 0)
(-0.05134973627 0.2265589225 0)
(-0.05002304348 0.2224449263 0)
(-0.048348035 0.2178705242 0)
(-0.04638883739 0.2128721442 0)
(-0.04420860757 0.2074668442 0)
(-0.04186942943 0.2016555677 0)
(-0.03943236021 0.1954259379 0)
(-0.03695756185 0.1887546351 0)
(-0.03450447099 0.1816093943 0)
(-0.03213196768 0.1739506703 0)
(-0.02989852765 0.1657330309 0)
(-0.02786234982 0.1569062794 0)
(-0.02608143218 0.147416342 0)
(-0.02461358075 0.1372059905 0)
(-0.02351636658 0.1262153932 0)
(-0.02284701441 0.1143825122 0)
(-0.02266220275 0.1016433594 0)
(-0.0230177602 0.08793213598 0)
(-0.02396824322 0.07318129157 0)
(-0.02556635107 0.05732153769 0)
(-0.02786215622 0.04028185721 0)
(-0.03090197709 0.02198953789 0)
(-0.03472644214 0.00237025634 0)
(-0.03937019003 -0.01865120747 0)
(-0.04485733429 -0.04115015151 0)
(-0.0511983902 -0.06520017103 0)
(-0.05838556325 -0.09086914936 0)
(-0.06638597906 -0.1182134135 0)
(-0.0751327746 -0.1472683316 0)
(-0.08451356575 -0.1780335309 0)
(-0.09435601911 -0.2104504379 0)
(-0.1044106003 -0.244369385 0)
(-0.1143314846 -0.2795032302 0)
(-0.1236582531 -0.3153651769 0)
(-0.1318032973 -0.3511909745 0)
(-0.1380529471 -0.3858506194 0)
(-0.1415935485 -0.4177630488 0)
(-0.1415752813 -0.4448385759 0)
(-0.1372240901 -0.4644847808 0)
(-0.1280026353 -0.4737166822 0)
(-0.1138035342 -0.4694019069 0)
(-0.09513621868 -0.4486395659 0)
(-0.07324848451 -0.4092186702 0)
(-0.05011365883 -0.3500431919 0)
(-0.02828746507 -0.2713733931 0)
(-0.01092052997 -0.1747560086 0)
(-0.0008568325296 -0.06263107529 0)
(-0.0001746308685 0.02481135876 0)
(-0.002494697267 0.0689421571 0)
(-0.006659338415 0.1072157975 0)
(-0.0120883278 0.139566103 0)
(-0.01815524388 0.1662355353 0)
(-0.02437216233 0.1876642624 0)
(-0.03034975629 0.2044060978 0)
(-0.03579972563 0.2170614615 0)
(-0.04052823828 0.2262279707 0)
(-0.04442091308 0.2324678313 0)
(-0.04742598869 0.2362888585 0)
(-0.04953856694 0.238135526 0)
(-0.05078708265 0.2383868858 0)
(-0.05122239929 0.2373588609 0)
(-0.05090945901 0.2353090673 0)
(-0.04992117258 0.232442883 0)
(-0.04833414762 0.2289199173 0)
(-0.04622585377 0.2248603502 0)
(-0.04367286743 0.2203508398 0)
(-0.04074989872 0.2154498445 0)
(-0.03752936212 0.2101923014 0)
(-0.03408130635 0.2045936678 0)
(-0.03047357319 0.1986533709 0)
(-0.02677208044 0.192357706 0)
(-0.02304116366 0.1856822703 0)
(-0.01934393459 0.178593971 0)
(-0.01574261403 0.1710526673 0)
(-0.01229881621 0.1630125356 0)
(-0.009073801168 0.1544231382 0)
(-0.006128695413 0.1452302555 0)
(-0.003524603812 0.1353765615 0)
(-0.001322680194 0.1248021109 0)
(0.0004158570525 0.1134446581 0)
(0.001629806014 0.1012398154 0)
(0.002258170641 0.0881211039 0)
(0.002240389719 0.07401989035 0)
(0.001516726672 0.05886522538 0)
(2.879958004e-05 0.04258362593 0)
(-0.002279619061 0.02509879777 0)
(-0.005460992412 0.00633135571 0)
(-0.00956364666 -0.01380136847 0)
(-0.0146287796 -0.03538462283 0)
(-0.02068705487 -0.05850620717 0)
(-0.02775471284 -0.08325372393 0)
(-0.03582758263 -0.1097107054 0)
(-0.044872623 -0.1379499318 0)
(-0.05481650547 -0.1680217608 0)
(-0.06553072744 -0.1999349373 0)
(-0.07681261519 -0.2336269387 0)
(-0.08836238646 -0.2689194265 0)
(-0.09975807308 -0.3054543959 0)
(-0.1104322768 -0.3426083623 0)
(-0.1196585507 -0.3793859558 0)
(-0.1265599238 -0.4143029635 0)
(-0.1301562045 -0.4452828235 0)
(-0.1294675794 -0.469607058 0)
(-0.1236849897 -0.4839744095 0)
(-0.1123988707 -0.484721955 0)
(-0.09584879468 -0.4682321559 0)
(-0.07512276268 -0.4314861514 0)
(-0.05220962215 -0.3726382022 0)
(-0.02988079596 -0.2914148494 0)
(-0.0116936667 -0.1891449845 0)
(-0.0009479938184 -0.06835726596 0)
(-0.0002146676497 0.02616573909 0)
(-0.002954761677 0.07249683114 0)
(-0.007785439397 0.1123486136 0)
(-0.01396481279 0.1456316599 0)
(-0.0207163017 0.1726515081 0)
(-0.0274547405 0.193953119 0)
(-0.03373337649 0.2102077738 0)
(-0.03923933185 0.2221276303 0)
(-0.04377868454 0.2304064629 0)
(-0.04725300837 0.2356834672 0)
(-0.04963558789 0.2385245634 0)
(-0.05095054296 0.2394157319 0)
(-0.05125583889 0.2387639888 0)
(-0.05063025119 0.2369027765 0)
(-0.04916386222 0.2340995567 0)
(-0.0469514678 0.2305641781 0)
(-0.04408825129 0.2264571498 0)
(-0.04066714727 0.2218973391 0)
(-0.03677741625 0.2169688635 0)
(-0.03250405686 0.211727098 0)
(-0.02792776657 0.2062038082 0)
(-0.02312523439 0.2004114757 0)
(-0.018169632 0.1943469213 0)
(-0.01313118338 0.1879942745 0)
(-0.008077749971 0.1813274186 0)
(-0.003075388908 0.1743119739 0)
(0.001811069124 0.1669068859 0)
(0.006517613864 0.1590657501 0)
(0.01098078596 0.1507378676 0)
(0.01513718476 0.1418689978 0)
(0.018923258 0.1324019531 0)
(0.02227512029 0.1222770145 0)
(0.02512843275 0.1114321776 0)
(0.02741835965 0.09980324848 0)
(0.0290795939 0.08732381509 0)
(0.03004645572 0.0739250815 0)
(0.03025310471 0.0595355655 0)
(0.02963387001 0.04408067806 0)
(0.02812376862 0.02748221692 0)
(0.02565961907 0.009657771282 0)
(0.02218059773 -0.009480083881 0)
(0.01762965826 -0.03002359456 0)
(0.01195720325 -0.05207100196 0)
(0.005124104395 -0.07572516768 0)
(-0.002893439613 -0.1010917617 0)
(-0.01209622372 -0.1282753753 0)
(-0.02245107771 -0.1573710438 0)
(-0.03387643652 -0.188449456 0)
(-0.04622279731 -0.2215321243 0)
(-0.05924712204 -0.2565512828 0)
(-0.07258234724 -0.2932878417 0)
(-0.08570421047 -0.3312821509 0)
(-0.09790227172 -0.3697140514 0)
(-0.1082675128 -0.4072565299 0)
(-0.1157160859 -0.441923243 0)
(-0.1190738424 -0.470951103 0)
(-0.1172443087 -0.4907851353 0)
(-0.1094653911 -0.4972448034 0)
(-0.09562579132 -0.4859320506 0)
(-0.07656190075 -0.4528723049 0)
(-0.05420703493 -0.3952639673 0)
(-0.03152761309 -0.312091163 0)
(-0.0125306737 -0.2043163604 0)
(-0.001052153464 -0.0745058931 0)
(-0.0002697671591 0.02778801781 0)
(-0.003562868557 0.07668110143 0)
(-0.009249410659 0.1182817128 0)
(-0.016369911 0.1524941874 0)
(-0.02395433972 0.1797296083 0)
(-0.03130118831 0.2006853727 0)
(-0.03790249094 0.2161924154 0)
(-0.04342663476 0.2271069619 0)
(-0.04769041757 0.2342408888 0)
(-0.05062372481 0.238323406 0)
(-0.052236698 0.2399847926 0)
(-0.052592681 0.2397541207 0)
(-0.0517873921 0.238065024 0)
(-0.04993377846 0.2352654863 0)
(-0.04715158057 0.2316291033 0)
(-0.0435605531 0.2273663274 0)
(-0.03927638791 0.2226348902 0)
(-0.03440854793 0.2175490393 0)
(-0.02905939834 0.21218749 0)
(-0.02332418558 0.2066001354 0)
(-0.01729152882 0.2008136109 0)
(-0.01104417232 0.1948358623 0)
(-0.004659881456 0.1886598744 0)
(0.00178762213 0.1822666284 0)
(0.008227774247 0.1756275356 0)
(0.01459255311 0.1687064219 0)
(0.02081557659 0.1614610328 0)
(0.02683149519 0.1538442471 0)
(0.03257547584 0.1458050647 0)
(0.03798271177 0.1372893252 0)
(0.04298807751 0.1282402037 0)
(0.04752583364 0.118598546 0)
(0.05152939606 0.1083030511 0)
(0.05493117308 0.09729030447 0)
(0.05766246169 0.08549467409 0)
(0.05965340999 0.07284806736 0)
(0.06083306079 0.05927953403 0)
(0.06112948204 0.04471471373 0)
(0.06047002176 0.02907513352 0)
(0.05878197776 0.01227733428 0)
(0.05599328477 -0.005768345039 0)
(0.0520325616 -0.02515819953 0)
(0.04683279431 -0.04599719758 0)
(0.04033339462 -0.06839892372 0)
(0.03248420814 -0.0924858174 0)
(0.02325203853 -0.118387568 0)
(0.01263017041 -0.1462364409 0)
(0.0006517901388 -0.1761575254 0)
(-0.01259095038 -0.2082499421 0)
(-0.02691996441 -0.2425529185 0)
(-0.04203750249 -0.2789894083 0)
(-0.05748449391 -0.3172793653 0)
(-0.07259723737 -0.3568125758 0)
(-0.08647196661 -0.3964785336 0)
(-0.09795904499 -0.4344664713 0)
(-0.1057164227 -0.4680711118 0)
(-0.1083592037 -0.4935796099 0)
(-0.1047296555 -0.5063446759 0)
(-0.09427743745 -0.5011510719 0)
(-0.07747256063 -0.4729199421 0)
(-0.05609121662 -0.4176509164 0)
(-0.03325186005 -0.3333145507 0)
(-0.01345487038 -0.2202969119 0)
(-0.001173699371 -0.08111889088 0)
(-0.0003461035772 0.02976583553 0)
(-0.004366587404 0.08168063311 0)
(-0.01114483838 0.1252256589 0)
(-0.01942828752 0.1603335832 0)
(-0.02799957481 0.1875874811 0)
(-0.03602199358 0.2079054827 0)
(-0.04292783599 0.2223345096 0)
(-0.04837948108 0.2319150152 0)
(-0.05222178584 0.2376019683 0)
(-0.05443054975 0.2402276086 0)
(-0.05506831884 0.240491182 0)
(-0.05425023783 0.2389641298 0)
(-0.05211929064 0.236102976 0)
(-0.04882936628 0.2322651178 0)
(-0.0445343725 0.2277247793 0)
(-0.03938177004 0.2226877322 0)
(-0.03350919425 0.2173041782 0)
(-0.02704312962 0.2116796505 0)
(-0.02009888345 0.2058840456 0)
(-0.01278134941 0.1999590086 0)
(-0.005186184295 0.1939238368 0)
(0.002598826703 0.1877801611 0)
(0.01049238776 0.1815157323 0)
(0.01841862942 0.175107378 0)
(0.02630567579 0.1685233299 0)
(0.03408463547 0.1617251034 0)
(0.04168863035 0.1546689515 0)
(0.04905199745 0.1473069421 0)
(0.05610960275 0.1395878057 0)
(0.06279625903 0.1314575755 0)
(0.06904625566 0.1228600118 0)
(0.07479295892 0.1137368623 0)
(0.07996848051 0.1040279788 0)
(0.08450340804 0.09367129277 0)
(0.08832658802 0.08260265262 0)
(0.09136496131 0.07075551713 0)
(0.09354345499 0.05806048802 0)
(0.0947849329 0.04444466466 0)
(0.09501021979 0.02983080561 0)
(0.09413838242 0.01413625823 0)
(0.09208744282 -0.002728523863 0)
(0.08877337567 -0.02086109121 0)
(0.0841135119 -0.04036954355 0)
(0.07802780924 -0.06137368055 0)
(0.07044170148 -0.08400682478 0)
(0.06129137071 -0.1084168078 0)
(0.05053164652 -0.1347649665 0)
(0.03814797107 -0.1632214051 0)
(0.02417411891 -0.1939526866 0)
(0.00871814854 -0.2270962231 0)
(-0.008003321958 -0.2627139172 0)
(-0.02561624785 -0.300712105 0)
(-0.04353476412 -0.3407151954 0)
(-0.06090189938 -0.381882218 0)
(-0.07655097315 -0.422666137 0)
(-0.08901573441 -0.4605398772 0)
(-0.09664224941 -0.4917648819 0)
(-0.09784895049 -0.5113272785 0)
(-0.09155652181 -0.5132025795 0)
(-0.07772897025 -0.4910732638 0)
(-0.05784263049 -0.439462063 0)
(-0.03508926407 -0.3549758562 0)
(-0.0145015944 -0.2371264123 0)
(-0.001319409653 -0.08825438006 0)
(-0.0004530888469 0.03221670689 0)
(-0.00543190715 0.08773190229 0)
(-0.01359305934 0.1334325544 0)
(-0.02328939496 0.1693451417 0)
(-0.03299104954 0.1963281279 0)
(-0.04171142743 0.2156175044 0)
(-0.04883452929 0.2285501491 0)
(-0.05404024999 0.2363990648 0)
(-0.05722800524 0.2402890623 0)
(-0.05844379608 0.2411665998 0)
(-0.05782240802 0.2398011023 0)
(-0.05554571451 0.2368019233 0)
(-0.05181443043 0.2326413236 0)
(-0.04683018772 0.2276781347 0)
(-0.0407850473 0.2221794757 0)
(-0.03385610748 0.2163394986 0)
(-0.02620344869 0.2102949466 0)
(-0.01797012476 0.2041377427 0)
(-0.009283318225 0.197925035 0)
(-0.0002561795572 0.1916870978 0)
(0.009010131884 0.1854334265 0)
(0.01842456271 0.1791574774 0)
(0.02790426561 0.1728403777 0)
(0.03737271739 0.1664537868 0)
(0.04675818928 0.1599621103 0)
(0.05599239914 0.1533241614 0)
(0.06500935503 0.146494449 0)
(0.07374437795 0.1394241318 0)
(0.0821332733 0.1320617323 0)
(0.09011163762 0.124353655 0)
(0.09761428085 0.1162445221 0)
(0.1045747339 0.1076773579 0)
(0.1109248284 0.09859364026 0)
(0.1165943358 0.08893322224 0)
(0.121510653 0.07863412171 0)
(0.1255985278 0.06763216947 0)
(0.1287798213 0.05586049506 0)
(0.1309733039 0.04324882342 0)
(0.1320944853 0.02972254998 0)
(0.1320555784 0.01520154378 0)
(0.130766076 -0.0004014780935 0)
(0.1281312043 -0.01718272712 0)
(0.1240545367 -0.03525003655 0)
(0.1184388123 -0.05472515648 0)
(0.1111875664 -0.07574687201 0)
(0.1022090474 -0.09847416658 0)
(0.09142234163 -0.123088553 0)
(0.07876717706 -0.1497941139 0)
(0.0642192847 -0.1788121991 0)
(0.04781398697 -0.210365481 0)
(0.02968067956 -0.2446433981 0)
(0.01009235519 -0.2817348085 0)
(-0.01047220767 -0.3215129806 0)
(-0.03124654545 -0.3634472809 0)
(-0.05110547646 -0.406336996 0)
(-0.06852086196 -0.4479648343 0)
(-0.08161541228 -0.4847346224 0)
(-0.08838078962 -0.511426319 0)
(-0.0871269744 -0.5212810711 0)
(-0.07714889962 -0.5066469117 0)
(-0.05942652422 -0.4602657011 0)
(-0.03708920821 -0.3769334771 0)
(-0.01572394519 -0.254863103 0)
(-0.001499987495 -0.0959951548 0)
(-0.0006055336739 0.03530076366 0)
(-0.006852096695 0.09513654941 0)
(-0.01675142318 0.1431981985 0)
(-0.02812703608 0.1797258375 0)
(-0.03906185071 0.2060134582 0)
(-0.04841656651 0.2237514896 0)
(-0.05555592071 0.2346615219 0)
(-0.06021713764 0.2403044554 0)
(-0.06239303091 0.2420005977 0)
(-0.06223212959 0.2408169222 0)
(-0.05996573579 0.2375882657 0)
(-0.05585921334 0.2329517998 0)
(-0.0501816027 0.2273836693 0)
(-0.0431882077 0.221232539 0)
(-0.03511184387 0.21474805 0)
(-0.02615959762 0.2081039717 0)
(-0.01651291082 0.2014164723 0)
(-0.006329465544 0.1947582262 0)
(0.004254030692 0.1881692306 0)
(0.01511864852 0.1816650313 0)
(0.02616065572 0.175242776 0)
(0.03728829534 0.1688859033 0)
(0.04841933942 0.1625676585 0)
(0.05947883561 0.1562537028 0)
(0.07039721413 0.1499040423 0)
(0.08110866871 0.1434744664 0)
(0.09154979999 0.1369176167 0)
(0.1016584805 0.1301837645 0)
(0.1113729039 0.1232213674 0)
(0.1206307911 0.1159774521 0)
(0.1293687257 0.1083978448 0)
(0.1375215862 0.1004272724 0)
(0.1450220546 0.09200934696 0)
(0.1518001838 0.08308643684 0)
(0.1577830062 0.07359941704 0)
(0.1628941717 0.0634872869 0)
(0.1670536062 0.05268663022 0)
(0.1701771824 0.04113088392 0)
(0.1721763928 0.02874937061 0)
(0.1729580759 0.01546603392 0)
(0.1724246937 0.001197743132 0)
(0.1704727881 -0.01414794149 0)
(0.1669942708 -0.03067551472 0)
(0.1618771596 -0.04850471994 0)
(0.1550060317 -0.06777462652 0)
(0.1462645123 -0.08864856015 0)
(0.1355395205 -0.111319276 0)
(0.1227285689 -0.1360133972 0)
(0.1077520381 -0.1629928306 0)
(0.09057324198 -0.1925487062 0)
(0.07122996443 -0.2249800981 0)
(0.04988239885 -0.2605441272 0)
(0.02688118905 -0.2993586784 0)
(0.002858051758 -0.3412291622 0)
(-0.02116752934 -0.385371855 0)
(-0.04368743058 -0.4300101368 0)
(-0.06267837594 -0.4718872203 0)
(-0.07574057039 -0.5058051123 0)
(-0.08051617954 -0.5244390608 0)
(-0.07545289523 -0.5187830023 0)
(-0.0607714585 -0.4794921567 0)
(-0.03931415986 -0.3989918443 0)
(-0.01720125692 -0.2735890507 0)
(-0.001732732766 -0.1044616882 0)
(-0.0008275289725 0.03924046712 0)
(-0.008761426277 0.1042790405 0)
(-0.02082242034 0.1548575603 0)
(-0.03413094885 0.1916454468 0)
(-0.04630608626 0.2166187247 0)
(-0.05607915341 0.2321109469 0)
(-0.06285395859 0.2403452093 0)
(-0.06648839691 0.243228611 0)
(-0.067123205 0.2422960918 0)
(-0.06505051413 0.2387317064 0)
(-0.06062607825 0.2334213429 0)
(-0.05421588062 0.2270118566 0)
(-0.04616635497 0.2199652957 0)
(-0.03678995416 0.2126041995 0)
(-0.02636007368 0.2051474305 0)
(-0.01511138892 0.1977377845 0)
(-0.003243111791 0.1904626493 0)
(0.009076538542 0.1833692195 0)
(0.02170557722 0.1764757363 0)
(0.03452397714 0.1697795716 0)
(0.04742906658 0.1632631873 0)
(0.06033192394 0.1568984575 0)
(0.07315419687 0.1506497178 0)
(0.08582542099 0.1444759803 0)
(0.09828079045 0.1383325105 0)
(0.1104593057 0.1321719556 0)
(0.1223022458 0.1259451457 0)
(0.1337519085 0.1196016471 0)
(0.1447505686 0.1130901352 0)
(0.1552396139 0.1063586238 0)
(0.1651588218 0.09935457832 0)
(0.1744457431 0.09202492513 0)
(0.1830351655 0.08431596883 0)
(0.1908586341 0.07617321401 0)
(0.1978440094 0.06754108417 0)
(0.2039150454 0.05836252072 0)
(0.2089909746 0.04857843525 0)
(0.2129860863 0.03812697611 0)
(0.2158092818 0.0269425567 0)
(0.2173636268 0.0149545745 0)
(0.2175463293 0.002085693091 0)
(0.2162472086 -0.01175056333 0)
(0.2133490482 -0.02665268381 0)
(0.2087278994 -0.0427348488 0)
(0.2022526864 -0.06013169448 0)
(0.1937862641 -0.07900451964 0)
(0.1831877788 -0.09954866355 0)
(0.1703172992 -0.1220016147 0)
(0.1550444993 -0.1466504188 0)
(0.137264142 -0.1738350838 0)
(0.1169224642 -0.2039414208 0)
(0.09406037761 -0.2373710927 0)
(0.0688804871 -0.2744687862 0)
(0.0418448557 -0.3153749344 0)
(0.01380541598 -0.3597638471 0)
(-0.0138519486 -0.4064269656 0)
(-0.03906927332 -0.4526559252 0)
(-0.05914440591 -0.4935691251 0)
(-0.07104407284 -0.5215649937 0)
(-0.07219629553 -0.5263937723 0)
(-0.06172670899 -0.4963660277 0)
(-0.0418320346 -0.420860556 0)
(-0.01905121886 -0.2934127833 0)
(-0.002046323573 -0.1138323058 0)
(-0.001159513005 0.04435175043 0)
(-0.01135611582 0.1156464548 0)
(-0.02606030466 0.1687647829 0)
(-0.04147910768 0.2051901148 0)
(-0.05470967684 0.227956017 0)
(-0.06442848546 0.2402924483 0)
(-0.07018314402 0.2450589627 0)
(-0.07204759699 0.2445606346 0)
(-0.07038310705 0.2405502802 0)
(-0.0656741139 0.2343086859 0)
(-0.05842969748 0.2267440887 0)
(-0.04913078512 0.2184840826 0)
(-0.03820571495 0.2099511304 0)
(-0.02602249171 0.2014208509 0)
(-0.0128899752 0.1930651324 0)
(0.0009363536581 0.1849836132 0)
(0.01524677895 0.1772259842 0)
(0.02987007641 0.1698075234 0)
(0.0446662941 0.1627202214 0)
(0.05952018571 0.155940399 0)
(0.07433580267 0.1494340117 0)
(0.08903196798 0.1431602225 0)
(0.1035385127 0.1370738427 0)
(0.1177932079 0.1311269945 0)
(0.1317392738 0.1252702246 0)
(0.1453233587 0.1194532411 0)
(0.1584939047 0.11362539 0)
(0.1711998205 0.1077359479 0)
(0.183389401 0.1017342836 0)
(0.1950094388 0.09556992093 0)
(0.2060044856 0.08919252308 0)
(0.2163162249 0.08255180708 0)
(0.2258829248 0.0755973916 0)
(0.2346389465 0.06827857335 0)
(0.2425142828 0.06054402052 0)
(0.2494341108 0.05234136369 0)
(0.2553183369 0.04361665543 0)
(0.2600811205 0.03431365697 0)
(0.2636303509 0.02437289501 0)
(0.2658670791 0.01373041204 0)
(0.2666852535 0.002316083738 0)
(0.2659701784 -0.009948769433 0)
(0.2635982124 -0.02315435155 0)
(0.2594365506 -0.03740620506 0)
(0.2533421307 -0.05283039654 0)
(0.245161395 -0.06958047636 0)
(0.2347308411 -0.08784634065 0)
(0.2218789813 -0.1078650641 0)
(0.2064311878 -0.129933139 0)
(0.1882198636 -0.1544181441 0)
(0.1671039564 -0.1817650723 0)
(0.1430041922 -0.2124872817 0)
(0.1159631302 -0.247123327 0)
(0.08624158629 -0.2861271819 0)
(0.054462114 -0.3296425324 0)
(0.02179816022 -0.3770974233 0)
(-0.009818123143 -0.4265567214 0)
(-0.03753479602 -0.4737985828 0)
(-0.05772039873 -0.5113709175 0)
(-0.06665789808 -0.5280900192 0)
(-0.06198004269 -0.5098019136 0)
(-0.04469053755 -0.4420776891 0)
(-0.02144567429 -0.3144616709 0)
(-0.002489265995 -0.1243738368 0)
(-0.001671109679 0.05109393408 0)
(-0.01492464622 0.1298452057 0)
(-0.03276447632 0.1852395267 0)
(-0.05026537424 0.2202565736 0)
(-0.06400960528 0.2395487276 0)
(-0.07278608161 0.2475659922 0)
(-0.07645994449 0.2479422805 0)
(-0.07545618379 0.2434072123 0)
(-0.07044603691 0.2359038265 0)
(-0.06215733008 0.2267624421 0)
(-0.05127589429 0.2168649651 0)
(-0.03840304832 0.206777305 0)
(-0.02404383032 0.1968485219 0)
(-0.008611039406 0.1872817847 0)
(0.007564163271 0.178183514 0)
(0.02421852884 0.1695972261 0)
(0.04114545586 0.161525939 0)
(0.05818237508 0.1539473768 0)
(0.0752013238 0.14682386 0)
(0.09210075957 0.1401087167 0)
(0.1087990347 0.133750391 0)
(0.1252291444 0.1276950123 0)
(0.1413345418 0.1218879858 0)
(0.1570658262 0.1162749435 0)
(0.1723781279 0.11080228 0)
(0.1872290405 0.105417425 0)
(0.201576984 0.1000689502 0)
(0.2153799027 0.09470657025 0)
(0.2285942226 0.08928107697 0)
(0.2411740058 0.08374422731 0)
(0.2530702544 0.0780485954 0)
(0.2642303233 0.07214739106 0)
(0.2745974081 0.0659942415 0)
(0.2841100824 0.05954292708 0)
(0.2927018581 0.05274705644 0)
(0.3003007491 0.04555965958 0)
(0.3068288177 0.03793266843 0)
(0.3122016822 0.02981624297 0)
(0.3163279601 0.02115788512 0)
(0.319108629 0.01190126264 0)
(0.3204365891 0.001984622754 0)
(0.3201951071 -0.008661474642 0)
(0.3182570666 -0.02011707051 0)
(0.3144842621 -0.03247655122 0)
(0.3087257049 -0.04585394706 0)
(0.3008162799 -0.06039013956 0)
(0.2905756387 -0.07626246054 0)
(0.2778076262 -0.0936971803 0)
(0.2623012995 -0.1129851049 0)
(0.2438354533 -0.1344996428 0)
(0.2221901282 -0.1587146664 0)
(0.1971712022 -0.1862151756 0)
(0.1686579895 -0.2176855637 0)
(0.1366886755 -0.2538457598 0)
(0.1016025481 -0.2952832094 0)
(0.06425542081 -0.3420998332 0)
(0.02630561256 -0.3932684317 0)
(-0.009488845306 -0.4456149155 0)
(-0.03910112093 -0.492406782 0)
(-0.05766164373 -0.5221027491 0)
(-0.0609021615 -0.5182494106 0)
(-0.04784803213 -0.4618691325 0)
(-0.02462621969 -0.3368476885 0)
(-0.00314409529 -0.1364869301 0)
(-0.002484350268 0.060150965 0)
(-0.01988545964 0.1475993096 0)
(-0.04122914249 0.2044426658 0)
(-0.06032577124 0.2363595795 0)
(-0.07341183586 0.2504311256 0)
(-0.07971195986 0.252704394 0)
(-0.07967566172 0.2476909815 0)
(-0.07425391849 0.2385132859 0)
(-0.06452366308 0.2272239399 0)
(-0.05149589578 0.215116499 0)
(-0.03603835209 0.2029724378 0)
(-0.01885867718 0.1912386435 0)
(-0.0005157155929 0.1801490787 0)
(0.01855844458 0.1698056984 0)
(0.038035241 0.1602303196 0)
(0.05766790795 0.1513982815 0)
(0.07727216856 0.1432591022 0)
(0.09671097802 0.135749322 0)
(0.115882479 0.1288000253 0)
(0.1347104973 0.1223412718 0)
(0.1531372362 0.116304527 0)
(0.1711176637 0.1106238823 0)
(0.1886152148 0.1052365627 0)
(0.2055985082 0.1000830244 0)
(0.2220388358 0.09510682668 0)
(0.2379082378 0.09025439181 0)
(0.2531780206 0.08547471643 0)
(0.267817608 0.08071907153 0)
(0.2817936421 0.07594070762 0)
(0.2950692686 0.07109457144 0)
(0.3076035575 0.06613703247 0)
(0.3193510182 0.06102561313 0)
(0.3302611782 0.05571871267 0)
(0.3402781973 0.05017531114 0)
(0.3493404947 0.04435463598 0)
(0.3573803676 0.03821576801 0)
(0.3643235795 0.03171715644 0)
(0.370088896 0.02481600196 0)
(0.3745875377 0.01746745223 0)
(0.3777225242 0.00962353566 0)
(0.3793881265 0.001231727374 0)
(0.3794683269 -0.007767125682 0)
(0.3778357548 -0.01744149084 0)
(0.3743506195 -0.02787269239 0)
(0.3688584884 -0.03916000747 0)
(0.3611880601 -0.05142765754 0)
(0.3511486139 -0.06483442229 0)
(0.3385271644 -0.07958668307 0)
(0.3230859039 -0.09595573784 0)
(0.3045611611 -0.1142999299 0)
(0.2826664461 -0.1350909999 0)
(0.2571046576 -0.158941123 0)
(0.2275987851 -0.1866205402 0)
(0.1939570568 -0.2190424673 0)
(0.1561972155 -0.2571679639 0)
(0.1147621297 -0.3017447433 0)
(0.07085558458 -0.3527425866 0)
(0.02688732902 -0.4083102153 0)
(-0.01309764902 -0.4631301363 0)
(-0.04330053464 -0.5062221122 0)
(-0.05726016133 -0.5194786506 0)
(-0.051005784 -0.4789026498 0)
(-0.02890366601 -0.3605805966 0)
(-0.004153265119 -0.1507821082 0)
(-0.003815877615 0.07256126224 0)
(-0.02681223028 0.1696872501 0)
(-0.05156689468 0.2261079584 0)
(-0.07083684775 0.2522921944 0)
(-0.08103098264 0.2588421078 0)
(-0.08236989417 0.2537583884 0)
(-0.07625702229 0.2424218952 0)
(-0.0643619709 0.2282047168 0)
(-0.04823833867 0.213106856 0)
(-0.0291797564 0.1982479359 0)
(-0.0082000828 0.1842065547 0)
(0.01393680816 0.1712401615 0)
(0.03666880781 0.159421799 0)
(0.05959388755 0.1487241702 0)
(0.08242786647 0.1390692916 0)
(0.1049739253 0.1303568984 0)
(0.1270980928 0.1224803559 0)
(0.1487110765 0.1153351238 0)
(0.1697547163 0.1088227953 0)
(0.1901919881 0.1028527087 0)
(0.2099997017 0.09734220948 0)
(0.2291631727 0.09221622358 0)
(0.2476723361 0.0874065223 0)
(0.2655189119 0.08285088997 0)
(0.2826943323 0.07849230413 0)
(0.2991882218 0.07427818125 0)
(0.3149872758 0.07015970851 0)
(0.330074427 0.06609126328 0)
(0.3444282189 0.06202991336 0)
(0.3580223249 0.05793498539 0)
(0.3708251693 0.05376768738 0)
(0.3827996148 0.04949076937 0)
(0.3939026894 0.0450682062 0)
(0.4040853299 0.04046488441 0)
(0.4132921209 0.03564627356 0)
(0.4214610117 0.03057805809 0)
(0.4285229878 0.02522570047 0)
(0.4344016773 0.01955389723 0)
(0.4390128582 0.01352587741 0)
(0.4422638372 0.007102475997 0)
(0.444052842 0.0002408982552 0)
(0.4442675757 -0.00710710325 0)
(0.4427839102 -0.01499754446 0)
(0.4394646286 -0.0234974607 0)
(0.43415677 -0.03268949271 0)
(0.4266887454 -0.04267826205 0)
(0.416866616 -0.05359934919 0)
(0.4044693461 -0.06563184512 0)
(0.3892431334 -0.07901572617 0)
(0.3708952863 -0.09407547984 0)
(0.3490890721 -0.1112511581 0)
(0.3234429843 -0.1311366325 0)
(0.2935418088 -0.154520709 0)
(0.2589739891 -0.1824168076 0)
(0.2194214757 -0.2160456255 0)
(0.1748445612 -0.2566941328 0)
(0.1258200461 -0.3053044466 0)
(0.07408509628 -0.3615508658 0)
(0.02325724805 -0.4220914749 0)
(-0.02053269212 -0.4778106635 0)
(-0.04871139048 -0.5103194468 0)
(-0.05322883813 -0.4908661775 0)
(-0.03458963155 -0.3853433352 0)
(-0.005774375952 -0.1682002744 0)
(-0.006035191793 0.08987713801 0)
(-0.03635439552 0.1966886181 0)
(-0.06318407583 0.2489835845 0)
(-0.07940495585 0.2655512371 0)
(-0.082789346 0.2617944274 0)
(-0.07540938997 0.2478091411 0)
(-0.06004379596 0.2295873938 0)
(-0.0392138671 0.210423838 0)
(-0.01492647643 0.1919925353 0)
(0.01133598349 0.1750462907 0)
(0.038522857 0.1598370725 0)
(0.06592283292 0.1463588802 0)
(0.09306568086 0.134485404 0)
(0.1196528627 0.1240428145 0)
(0.1455032237 0.1148479925 0)
(0.1705149646 0.1067266241 0)
(0.1946384517 0.09952095224 0)
(0.217857408 0.09309189465 0)
(0.2401759671 0.08731839966 0)
(0.2616098214 0.08209562433 0)
(0.2821802146 0.07733273092 0)
(0.3019098803 0.07295070405 0)
(0.3208203067 0.06888037155 0)
(0.3389299039 0.06506069303 0)
(0.3562527821 0.06143732061 0)
(0.3727979426 0.05796140898 0)
(0.3885687471 0.05458864129 0)
(0.4035625715 0.05127843523 0)
(0.4177705819 0.04799329573 0)
(0.4311775878 0.04469828396 0)
(0.4437619414 0.04136057578 0)
(0.4554954597 0.0379490858 0)
(0.4663433506 0.03443413548 0)
(0.4762641285 0.03078714454 0)
(0.4852095047 0.02698032465 0)
(0.4931242362 0.02298635237 0)
(0.4999459177 0.01877799437 0)
(0.5056046928 0.01432765121 0)
(0.510022855 0.009606776022 0)
(0.5131143127 0.004585111058 0)
(0.5147839625 -0.0007703186214 0)
(0.5149263673 -0.006496703819 0)
(0.5134244551 -0.0126373635 0)
(0.5101480189 -0.01924455811 0)
(0.5049508856 -0.02638333223 0)
(0.497667579 -0.03413695281 0)
(0.488108761 -0.04261470764 0)
(0.476055063 -0.05196304958 0)
(0.4612489717 -0.06238150483 0)
(0.4433845054 -0.07414527021 0)
(0.4220948798 -0.08763688127 0)
(0.396939625 -0.1033893523 0)
(0.3673955394 -0.1221417274 0)
(0.3328620446 -0.1449025615 0)
(0.2927035609 -0.173002137 0)
(0.2463728215 -0.2080797102 0)
(0.1936915833 -0.2518798332 0)
(0.1353999389 -0.305599531 0)
(0.07407755979 -0.3683328886 0)
(0.01536811135 -0.4340062036 0)
(-0.03094506503 -0.4864166877 0)
(-0.05210251651 -0.4937411949 0)
(-0.04167568059 -0.4098140367 0)
(-0.008428445647 -0.189956011 0)
(-0.009606182703 0.1142468287 0)
(-0.04867552452 0.2282081882 0)
(-0.07330078263 0.2696746128 0)
(-0.08002830415 0.2713996722 0)
(-0.07029942163 0.254550545 0)
(-0.04907334587 0.2308210425 0)
(-0.02075942916 0.2060962318 0)
(0.01138330383 0.1830075705 0)
(0.04513632322 0.162515968 0)
(0.07909414174 0.1447805568 0)
(0.112404965 0.129613101 0)
(0.1445883816 0.1166970952 0)
(0.1754006702 0.1056942675 0)
(0.2047454556 0.09629012204 0)
(0.2326141584 0.08821064332 0)
(0.2590480227 0.08122465452 0)
(0.2841141126 0.07514029198 0)
(0.3078904864 0.06979939823 0)
(0.3304572196 0.06507167106 0)
(0.3518911076 0.06084936201 0)
(0.3722626601 0.05704277522 0)
(0.3916344986 0.05357658074 0)
(0.4100605981 0.05038685753 0)
(0.4275860269 0.04741875151 0)
(0.4442469673 0.04462463321 0)
(0.4600708884 0.04196265382 0)
(0.4750767904 0.03939561386 0)
(0.489275474 0.03689007587 0)
(0.5026698075 0.03441566501 0)
(0.5152549759 0.03194451409 0)
(0.5270187029 0.02945081686 0)
(0.5379414388 0.02691046159 0)
(0.5479965116 0.02430071978 0)
(0.5571502344 0.02159996949 0)
(0.5653619642 0.01878743221 0)
(0.5725841014 0.01584290346 0)
(0.5787620192 0.01274645325 0)
(0.5838339023 0.009478069586 0)
(0.5877304665 0.006017209707 0)
(0.5903745468 0.002342216077 0)
(0.591680509 -0.001570431367 0)
(0.591553042 -0.005747294755 0)
(0.5898861332 -0.01021942799 0)
(0.5865612608 -0.01502463284 0)
(0.5814446667 -0.02021041633 0)
(0.5743838046 -0.02583826598 0)
(0.5652023424 -0.03198986436 0)
(0.5536931664 -0.03877611576 0)
(0.5396086984 -0.04635033665 0)
(0.522647645 -0.05492761559 0)
(0.5024372541 -0.06481322798 0)
(0.4785105223 -0.0764440307 0)
(0.4502792337 -0.09044754936 0)
(0.4170076859 -0.1077226507 0)
(0.3778014355 -0.1295395749 0)
(0.331645874 -0.1576365524 0)
(0.2775695998 -0.1942347451 0)
(0.2150751766 -0.241762555 0)
(0.1450618368 -0.3018120712 0)
(0.07148442892 -0.3724039152 0)
(0.003708522188 -0.442196727 0)
(-0.04186982393 -0.4807642913 0)
(-0.04865569966 -0.4303267708 0)
(-0.012450727 -0.2170141578 0)
(-0.01459481507 0.1489513439 0)
(-0.06120243707 0.2611393857 0)
(-0.07295179319 0.2803979811 0)
(-0.05863972183 0.2615143414 0)
(-0.02697018897 0.2302596706 0)
(0.01374472139 0.1979440095 0)
(0.05795071573 0.1689666829 0)
(0.1023627187 0.1444588198 0)
(0.1452120174 0.1242588761 0)
(0.1856661965 0.1077778098 0)
(0.2234233033 0.0943518483 0)
(0.2584716277 0.08337458065 0)
(0.2909464267 0.07433889 0)
(0.3210474287 0.06683795496 0)
(0.3489931571 0.06055188574 0)
(0.374997209 0.05523117203 0)
(0.3992568575 0.05068139205 0)
(0.4219484514 0.04675046579 0)
(0.4432264171 0.04331856585 0)
(0.4632240419 0.04029035785 0)
(0.482055035 0.03758912057 0)
(0.4998153316 0.03515232226 0)
(0.51658487 0.03292830169 0)
(0.5324292184 0.03087377722 0)
(0.5474010075 0.0289519732 0)
(0.5615411625 0.02713120556 0)
(0.5748799498 0.0253838094 0)
(0.587437859 0.02368532112 0)
(0.5992263435 0.02201385078 0)
(0.61024844 0.02034959569 0)
(0.6204992851 0.01867445904 0)
(0.6299665439 0.01697174457 0)
(0.6386307591 0.01522590525 0)
(0.6464656305 0.01342232633 0)
(0.6534382232 0.01154712652 0)
(0.6595091056 0.009586960087 0)
(0.664632407 0.007528803111 0)
(0.6687557816 0.005359703124 0)
(0.6718202516 0.003066468563 0)
(0.6737599347 0.0006352680973 0)
(0.6745015196 -0.001948852725 0)
(0.6739633196 -0.004702837749 0)
(0.6720544288 -0.007646638915 0)
(0.6686728719 -0.01080476237 0)
(0.6637031338 -0.01420832543 0)
(0.6570126974 -0.01789806281 0)
(0.6484470763 -0.02192873001 0)
(0.6378227045 -0.02637557878 0)
(0.624916776 -0.03134399148 0)
(0.6094527427 -0.0369839851 0)
(0.591079707 -0.0435122658 0)
(0.5693434702 -0.05124599302 0)
(0.5436468239 -0.0606545157 0)
(0.5131977165 -0.07243789324 0)
(0.4769484557 -0.08764270694 0)
(0.4335425451 -0.107821653 0)
(0.3813196868 -0.1352189017 0)
(0.3185051544 -0.1728784654 0)
(0.243857493 -0.2243328104 0)
(0.1582982361 -0.291940608 0)
(0.06822362948 -0.3717634476 0)
(-0.009963584696 -0.4415849404 0)
(-0.04940805104 -0.439833061 0)
(-0.01776447549 -0.2518713844 0)
(-0.01996814243 0.2003690163 0)
(-0.06141992398 0.2858724286 0)
(-0.03687038605 0.2657179788 0)
(0.01598466301 0.2233716016 0)
(0.07829918583 0.1811087865 0)
(0.1410521691 0.1453562842 0)
(0.2000070622 0.1172061019 0)
(0.2535087916 0.09561591149 0)
(0.3013271124 0.0791439686 0)
(0.3438642527 0.06652800683 0)
(0.3817307298 0.05677713405 0)
(0.4155641218 0.04914689587 0)
(0.4459531607 0.04309198065 0)
(0.4734098957 0.03821681268 0)
(0.4983661312 0.03423426426 0)
(0.5211804351 0.03093464827 0)
(0.5421483534 0.02816336457 0)
(0.5615127168 0.02580503446 0)
(0.5794728476 0.02377233592 0)
(0.596192306 0.02199816709 0)
(0.6118051974 0.02043013125 0)
(0.6264212207 0.01902663293 0)
(0.6401296747 0.01775409487 0)
(0.6530026277 0.01658495745 0)
(0.6650974239 0.01549622838 0)
(0.676458673 0.01446842181 0)
(0.6871198348 0.01348477579 0)
(0.6971044899 0.01253066963 0)
(0.7064273643 0.0115931865 0)
(0.7150951622 0.0106607812 0)
(0.7231072457 0.009723024806 0)
(0.7304561931 0.008770404295 0)
(0.7371282565 0.007794161129 0)
(0.7431037335 0.006786155005 0)
(0.7483572634 0.005738741888 0)
(0.7528580484 0.004644655093 0)
(0.7565699985 0.00349687907 0)
(0.7594517882 0.002288503418 0)
(0.761456805 0.001012544305 0)
(0.7625330254 -0.0003382657976 0)
(0.7626224504 -0.001771799349 0)
(0.7616608083 -0.003297025291 0)
(0.7595764711 -0.00492461353 0)
(0.7562890144 -0.006667805689 0)
(0.7517071347 -0.008543620308 0)
(0.7457256194 -0.0105746166 0)
(0.7382209487 -0.01279148478 0)
(0.7290448979 -0.01523688973 0)
(0.7180152063 -0.01797126942 0)
(0.7049018972 -0.02108174109 0)
(0.6894071187 -0.02469603365 0)
(0.6711353137 -0.02900468041 0)
(0.6495490739 -0.03429694917 0)
(0.6239042944 -0.04101974537 0)
(0.5931570539 -0.04987469501 0)
(0.5558368843 -0.06197685555 0)
(0.5098951509 -0.07910515865 0)
(0.4525847623 -0.1040604737 0)
(0.3805655524 -0.1410395413 0)
(0.2908023935 -0.1954983015 0)
(0.1834391093 -0.2716452455 0)
(0.06780694223 -0.3627090417 0)
(-0.02703717989 -0.4233605533 0)
(-0.02431210813 -0.3008958727 0)
(-0.008714967369 0.2515033165 0)
(0.0005331735181 0.2721782507 0)
(0.1012335178 0.2052592494 0)
(0.207250487 0.149195849 0)
(0.2975985002 0.1074603701 0)
(0.3726823979 0.07787178966 0)
(0.4346653104 0.05768210797 0)
(0.4857092608 0.04395109032 0)
(0.5280463966 0.03446358758 0)
(0.5635952749 0.02777255905 0)
(0.5938444667 0.02294479147 0)
(0.6199258475 0.01937437243 0)
(0.6426980703 0.01666758246 0)
(0.6628115264 0.01456652143 0)
(0.6807606578 0.01289949586 0)
(0.6969243999 0.01154997546 0)
(0.7115959005 0.01043721511 0)
(0.7250040593 0.009504023452 0)
(0.7373291558 0.00870896683 0)
(0.7487142105 0.008021343255 0)
(0.7592732769 0.007417892778 0)
(0.7690975394 0.006880608906 0)
(0.7782598366 0.00639525821 0)
(0.7868180487 0.005950362902 0)
(0.7948176617 0.005536490468 0)
(0.8022937271 0.005145750711 0)
(0.8092723785 0.00477143457 0)
(0.8157720173 0.004407751786 0)
(0.8218042513 0.004049637741 0)
(0.827374646 0.003692609757 0)
(0.832483333 0.003332658247 0)
(0.8371255075 0.002966162947 0)
(0.8412918369 0.00258982612 0)
(0.8449687977 0.002200617202 0)
(0.8481389489 0.001795723373 0)
(0.8507811476 0.00137250192 0)
(0.8528707044 0.0009284293665 0)
(0.8543794729 0.0004610435144 0)
(0.8552758744 -3.212118021e-05 0)
(0.855524785 -0.0005536138736 0)
(0.8550873378 -0.001106250985 0)
(0.8539205928 -0.001693277214 0)
(0.8519767955 -0.00231861253 0)
(0.8492023863 -0.002987205156 0)
(0.8455365032 -0.003705532778 0)
(0.8409087727 -0.004482327917 0)
(0.8352360764 -0.005329644211 0)
(0.828417802 -0.006264449258 0)
(0.8203288318 -0.007311055608 0)
(0.8108090956 -0.00850492152 0)
(0.7996478173 -0.00989875557 0)
(0.7865594203 -0.01157260947 0)
(0.7711461191 -0.01365107679 0)
(0.752838994 -0.01633349779 0)
(0.7308040947 -0.01994852787 0)
(0.7037920802 -0.02505504213 0)
(0.6698991775 -0.0326311753 0)
(0.6261993947 -0.04442610401 0)
(0.5682409033 -0.06358148849 0)
(0.4896071685 -0.09554523177 0)
(0.3820640768 -0.1486670101 0)
(0.2375769885 -0.2317057349 0)
(0.06797243209 -0.3350508135 0)
(-0.004358785547 -0.3209694456 0)
(0.2405270943 0.1241634186 0)
(0.3465158111 0.1052061004 0)
(0.5045421125 0.05687745962 0)
(0.6215391822 0.03142439936 0)
(0.6953011343 0.01856581985 0)
(0.7452456429 0.01113784723 0)
(0.780996937 0.006843242479 0)
(0.8072494437 0.004410326213 0)
(0.8271658312 0.003001209584 0)
(0.8428254979 0.002154469645 0)
(0.8555230618 0.001627277433 0)
(0.8660887183 0.001285661826 0)
(0.8750757232 0.001054179962 0)
(0.8828611721 0.0008901843875 0)
(0.8897081252 0.0007690766745 0)
(0.8958049433 0.0006762230247 0)
(0.9012897463 0.0006026344623 0)
(0.9062658907 0.0005425970726 0)
(0.9108120558 0.0004923401026 0)
(0.9149889595 0.0004492776957 0)
(0.9188439178 0.0004115688965 0)
(0.9224140059 0.0003778556966 0)
(0.9257282965 0.0003471028413 0)
(0.9288094731 0.0003184973693 0)
(0.9316750159 0.0002913839012 0)
(0.9343380869 0.000265221998 0)
(0.936808203 0.0002395573419 0)
(0.9390917555 0.0002140019493 0)
(0.941192418 0.00018822023 0)
(0.9431114722 0.0001619190773 0)
(0.9448480712 0.0001348405559 0)
(0.9463994567 0.0001067564472 0)
(0.9477611386 7.746385804e-05 0)
(0.9489270454 4.678154744e-05 0)
(0.9498896482 1.454639064e-05 0)
(0.9506400614 -1.939026219e-05 0)
(0.951168119 -5.516698344e-05 0)
(0.951462424 -9.291748472e-05 0)
(0.951510365 -0.000132775408 0)
(0.9512980972 -0.0001748812776 0)
(0.9508104643 -0.0002194059627 0)
(0.9500308074 -0.0002665696091 0)
(0.948940698 -0.0003166596207 0)
(0.9475195133 -0.0003700685503 0)
(0.9457437896 -0.0004273470118 0)
(0.9435862665 -0.0004892781039 0)
(0.9410144832 -0.000556987163 0)
(0.9379887076 -0.0006321072238 0)
(0.9344588592 -0.0007170361369 0)
(0.9303598763 -0.0008153504338 0)
(0.9256046081 -0.0009324991848 0)
(0.9200726504 -0.001077019707 0)
(0.9135923004 -0.001262768126 0)
(0.9059104286 -0.001513202545 0)
(0.8966403754 -0.001869964558 0)
(0.8851685523 -0.002410696969 0)
(0.8704809721 -0.003287094197 0)
(0.8508306004 -0.004808576059 0)
(0.823100484 -0.007627322605 0)
(0.7816599427 -0.01309053166 0)
(0.7158988886 -0.02386118782 0)
(0.603436268 -0.04685835662 0)
(0.4185920231 -0.1003899287 0)
(0.2837415298 -0.1401595026 0)
)
;

boundaryField
{
    movingWall
    {
        type            fixedValue;
        value           uniform (1 0 0);
    }
    fixedWalls
    {
        type            noSlip;
    }
    frontAndBack
    {
        type            empty;
    }
}


// ************************************************************************* //
