/*--------------------------------*- C++ -*----------------------------------*\
  =========                 |
  \\      /  F ield         | OpenFOAM: The Open Source CFD Toolbox
   \\    /   O peration     | Website:  https://openfoam.org
    \\  /    A nd           | Version:  11
     \\/     M anipulation  |
\*---------------------------------------------------------------------------*/
FoamFile
{
    format      ascii;
    class       surfaceScalarField;
    location    "1300";
    object      phi;
}
// * * * * * * * * * * * * * * * * * * * * * * * * * * * * * * * * * * * * * //

dimensions      [0 3 -1 0 0 0 0];

internalField   nonuniform List<scalar> 
8064
(
2.666146807e-11
-2.666177245e-11
6.027697026e-11
-3.361551187e-11
7.580254333e-11
-1.552558688e-11
6.151069105e-11
1.42918382e-11
1.346241936e-11
4.804825865e-11
-6.818214675e-11
8.164455414e-11
-1.811156594e-10
1.129335014e-10
-3.220050936e-10
1.408894236e-10
-4.871273972e-10
1.651222932e-10
-6.727222612e-10
1.85594854e-10
-8.751810419e-10
2.024587709e-10
-1.091138468e-09
2.159574163e-10
-1.317505306e-09
2.263668281e-10
-1.551464906e-09
2.339595908e-10
-1.790448085e-09
2.389831692e-10
-2.032095902e-09
2.41647808e-10
-2.274216953e-09
2.421210416e-10
-2.514743869e-09
2.405269071e-10
-2.751692431e-09
2.369485532e-10
-2.983125732e-09
2.314332923e-10
-3.207125106e-09
2.239993645e-10
-3.421768955e-09
2.146438404e-10
-3.625120159e-09
2.03351195e-10
-3.815222339e-09
1.901021712e-10
-3.990104964e-09
1.748826167e-10
-4.147796998e-09
1.576920255e-10
-4.286348564e-09
1.385515568e-10
-4.403859898e-09
1.175113261e-10
-4.498516692e-09
9.465678562e-11
-4.568630722e-09
7.011402129e-11
-4.612684533e-09
4.405380283e-11
-4.629378768e-09
1.669422687e-11
-4.617680475e-09
-1.169830181e-11
-4.576870745e-09
-4.080973803e-11
-4.506590368e-09
-7.028038513e-11
-4.406881189e-09
-9.970918654e-11
-4.278221284e-09
-1.286599127e-10
-4.121552299e-09
-1.566689931e-10
-3.938297274e-09
-1.832550326e-10
-3.730367471e-09
-2.079298111e-10
-3.50015699e-09
-2.302104885e-10
-3.250524339e-09
-2.496326584e-10
-2.984760525e-09
-2.657638217e-10
-2.706543733e-09
-2.782167983e-10
-2.419881173e-09
-2.866625672e-10
-2.12903916e-09
-2.908420201e-10
-1.838463008e-09
-2.905761593e-10
-1.552688666e-09
-2.857743489e-10
-1.276248306e-09
-2.764403673e-10
-1.013572107e-09
-2.626762053e-10
-7.688882923e-10
-2.446838215e-10
-5.461228586e-10
-2.227654403e-10
-3.487993848e-10
-1.973234802e-10
-1.79937452e-10
-1.68861939e-10
-4.194530892e-11
-1.379921492e-10
6.350243921e-11
-1.054477542e-10
1.356182454e-10
-7.211581215e-11
1.747147319e-10
-3.909649251e-11
1.825252551e-10
-7.810529091e-12
1.627040015e-10
1.982124787e-11
1.216007316e-10
4.110326449e-11
6.943078525e-11
5.216994068e-11
2.202532882e-11
4.740545071e-11
2.2025327e-11
3.400443965e-11
-6.066621643e-11
6.232662689e-11
-6.193771806e-11
4.042007658e-11
6.380940312e-12
-5.413498963e-11
1.088468809e-10
-2.305729597e-10
2.244862063e-10
-4.897842473e-10
3.408558207e-10
-8.276316056e-10
4.507808397e-10
-1.23713836e-09
5.503961585e-10
-1.709898105e-09
6.3788202e-10
-2.236963732e-09
7.126604626e-10
-2.809390663e-09
7.74885684e-10
-3.418549219e-09
8.251159547e-10
-4.0562824e-09
8.640999911e-10
-4.714960776e-09
8.926379495e-10
-5.387470393e-09
9.114927689e-10
-6.067159235e-09
9.213366339e-10
-6.747760849e-09
9.227226388e-10
-7.423308843e-09
9.160748839e-10
-8.088052456e-09
9.016921503e-10
-8.736380697e-09
8.797615165e-10
-9.362760433e-09
8.50379084e-10
-9.961692155e-09
8.135755462e-10
-1.052768573e-08
7.693447556e-10
-1.105525734e-08
7.176737611e-10
-1.153894778e-08
6.585730468e-10
-1.197336167e-08
5.921058953e-10
-1.235322609e-08
5.184159623e-10
-1.267346704e-08
4.377522593e-10
-1.292930111e-08
3.504908375e-10
-1.311633963e-08
2.571525269e-10
-1.323070198e-08
1.584161428e-10
-1.326913437e-08
5.512660503e-11
-1.322913012e-08
-5.17025702e-11
-1.310904716e-08
-1.608927099e-10
-1.290821858e-08
-2.711089837e-10
-1.262705124e-08
-3.808765376e-10
-1.226710826e-08
-4.886029143e-10
-1.183117086e-08
-5.926064007e-10
-1.132327591e-08
-6.911499994e-10
-1.074872541e-08
-7.824803258e-10
-1.011406544e-08
-8.648704672e-10
-9.42703252e-09
-9.366655958e-10
-8.696466443e-09
-9.963299125e-10
-7.932189913e-09
-1.042493342e-09
-7.144856177e-09
-1.073996316e-09
-6.345767197e-09
-1.089931013e-09
-5.546665824e-09
-1.089677544e-09
-4.759506293e-09
-1.072933893e-09
-3.996207817e-09
-1.039738855e-09
-3.26839616e-09
-9.904878741e-10
-2.587137436e-09
-9.259425579e-10
-1.962667068e-09
-8.472358198e-10
-1.404114435e-09
-7.558761256e-10
-9.1921996e-10
-6.537564251e-10
-5.140358879e-10
-5.431762325e-10
-1.925942322e-10
-4.26889421e-10
4.348594702e-11
-3.081960024e-10
1.954938016e-10
-1.91104358e-10
2.682820476e-10
-8.059878594e-11
2.711571469e-10
1.694613808e-11
2.190794939e-10
9.318090729e-11
1.341912523e-10
1.370581724e-10
4.73245486e-11
1.342721452e-10
6.934987308e-11
1.623725521e-11
-7.690347718e-11
-5.778591701e-12
-3.992188537e-11
-1.112454253e-10
1.118477549e-10
-3.24742875e-10
3.223443099e-10
-6.570559485e-10
5.567992592e-10
-1.10936265e-09
7.93162502e-10
-1.67645149e-09
1.017869661e-09
-2.349121646e-09
1.223066295e-09
-3.115894987e-09
1.404655343e-09
-3.964195872e-09
1.560961329e-09
-4.88113393e-09
1.691823724e-09
-5.853995644e-09
1.797977651e-09
-6.870525701e-09
1.880630031e-09
-7.919059469e-09
1.9411717e-09
-8.988553046e-09
1.980986329e-09
-1.006854621e-08
2.00132978e-09
-1.114908525e-08
2.003261668e-09
-1.222062643e-08
1.987616044e-09
-1.327393574e-08
1.955001448e-09
-1.429999704e-08
1.905822799e-09
-1.528993711e-08
1.840319134e-09
-1.62349739e-08
1.758612324e-09
-1.712639191e-08
1.660762752e-09
-1.795554677e-08
1.546828601e-09
-1.871389971e-08
1.416925967e-09
-1.939308122e-08
1.271287392e-09
-1.99849821e-08
1.110316823e-09
-2.048186909e-08
9.346392365e-10
-2.087652167e-08
7.451434006e-10
-2.116238558e-08
5.43016426e-10
-2.133373835e-08
3.297688961e-10
-2.138586126e-08
1.072495051e-10
-2.131521218e-08
-1.223516714e-10
-2.111959285e-08
-3.565120524e-10
-2.079830435e-08
-5.923974955e-10
-2.035228418e-08
-8.268967262e-10
-1.978421884e-08
-1.056668265e-09
-1.9098626e-08
-1.278199251e-09
-1.830190069e-08
-1.487875325e-09
-1.740232091e-08
-1.682060121e-09
-1.641000894e-08
-1.857182448e-09
-1.533684576e-08
-2.009828793e-09
-1.419633731e-08
-2.136838373e-09
-1.300343296e-08
-2.235397709e-09
-1.177429775e-08
-2.303131537e-09
-1.052604182e-08
-2.338186954e-09
-9.276411423e-09
-2.339307952e-09
-8.04344724e-09
-2.305898089e-09
-6.84511622e-09
-2.238069888e-09
-5.698923327e-09
-2.136680779e-09
-4.62150885e-09
-2.003357046e-09
-3.628235399e-09
-1.840509283e-09
-2.732765936e-09
-1.6513456e-09
-1.946630197e-09
-1.439892175e-09
-1.278771299e-09
-1.211035141e-09
-7.350573757e-10
-9.706033556e-10
-3.177348966e-10
-7.255184922e-10
-2.479258615e-11
-4.840466793e-10
1.50801424e-10
-2.561928068e-10
2.220245512e-10
-5.427699936e-11
2.089093694e-10
1.062960795e-10
1.398090954e-10
2.061584358e-10
5.287072143e-11
2.212105098e-10
1.222205924e-10
-1.408409034e-11
-6.281939083e-11
-1.11285805e-10
5.727981499e-11
-3.288474305e-10
3.29409363e-10
-6.878408195e-10
6.813376802e-10
-1.197175891e-09
1.066134312e-09
-1.85662718e-09
1.452613772e-09
-2.659435648e-09
1.82067811e-09
-3.594457346e-09
2.158087976e-09
-4.647834944e-09
2.458032922e-09
-5.80423786e-09
2.717364228e-09
-7.047741012e-09
2.935326857e-09
-8.362413621e-09
3.112650243e-09
-9.732683333e-09
3.250899727e-09
-1.114353182e-08
3.352020168e-09
-1.258056863e-08
3.418023126e-09
-1.403002161e-08
3.450782741e-09
-1.547867469e-08
3.451914732e-09
-1.691377788e-08
3.422719213e-09
-1.832294879e-08
3.364172349e-09
-1.969408089e-08
3.276954876e-09
-2.101526952e-08
3.161507751e-09
-2.227476404e-08
3.018106832e-09
-2.346095114e-08
2.846949831e-09
-2.456237241e-08
2.648249859e-09
-2.55677772e-08
2.422330741e-09
-2.646620986e-08
2.169720038e-09
-2.724712935e-08
1.891236298e-09
-2.79005577e-08
1.588067569e-09
-2.841725291e-08
1.261838598e-09
-2.878890097e-08
9.146644673e-10
-2.900832084e-08
5.49188752e-10
-2.906967585e-08
1.686045024e-10
-2.89686844e-08
-2.233431396e-10
-2.870282229e-08
-6.223741751e-10
-2.827150899e-08
-1.023710807e-09
-2.767627017e-08
-1.42213556e-09
-2.692086919e-08
-1.812069262e-09
-2.601140051e-08
-2.187667942e-09
-2.495633869e-08
-2.542937156e-09
-2.37665374e-08
-2.871861425e-09
-2.245517413e-08
-3.16854573e-09
-2.103763759e-08
-3.427365352e-09
-1.953135617e-08
-3.643119798e-09
-1.79555678e-08
-3.811186099e-09
-1.633103273e-08
-3.927666614e-09
-1.467969315e-08
-3.989526546e-09
-1.302428431e-08
-3.994716805e-09
-1.138790371e-08
-3.942278706e-09
-9.793545352e-09
-3.832428255e-09
-8.263606565e-09
-3.666619578e-09
-6.819374228e-09
-3.447589395e-09
-5.480496152e-09
-3.179387369e-09
-4.264440929e-09
-2.867400834e-09
-3.185946383e-09
-2.518386732e-09
-2.256452681e-09
-2.140528854e-09
-1.483511569e-09
-1.743544478e-09
-8.701590856e-10
-1.338870986e-09
-4.14236651e-10
-9.399691244e-10
-1.0764617e-10
-5.627832981e-10
6.447315919e-11
-2.263963386e-10
1.246553732e-10
4.611385542e-11
1.041247873e-10
2.266890124e-10
4.421215007e-11
2.811231382e-10
1.664327399e-10
-4.993308737e-11
-1.288631064e-11
-2.357109924e-10
2.430577067e-10
-5.825436421e-10
6.762419967e-10
-1.10442664e-09
1.203220661e-09
-1.805793818e-09
1.767501472e-09
-2.683342316e-09
2.330162253e-09
-3.727890376e-09
2.865226152e-09
-4.926082169e-09
3.356279751e-09
-6.261826605e-09
3.793777341e-09
-7.717437966e-09
4.172975572e-09
-9.274490999e-09
4.492379873e-09
-1.091442442e-08
4.752583648e-09
-1.261893527e-08
4.955410558e-09
-1.437020751e-08
5.103292392e-09
-1.615101549e-08
5.198831086e-09
-1.794473821e-08
5.244505445e-09
-1.973531538e-08
5.242491886e-09
-2.150717101e-08
5.19457483e-09
-2.324512568e-08
5.102127002e-09
-2.493431414e-08
4.966143315e-09
-2.656012103e-08
4.787314633e-09
-2.810814407e-08
4.566129858e-09
-2.956419075e-08
4.30299649e-09
-3.091431218e-08
3.998371279e-09
-3.214487531e-08
3.652893854e-09
-3.324267255e-08
3.267517258e-09
-3.41950665e-08
2.843630231e-09
-3.499016579e-08
2.383166846e-09
-3.561702693e-08
1.888699723e-09
-3.606587608e-08
1.363513609e-09
-3.63283439e-08
8.116565578e-10
-3.639770586e-08
2.379664429e-10
-3.626912026e-08
-3.51928749e-10
-3.593985532e-08
-9.516391287e-10
-3.540949672e-08
-1.554069426e-09
-3.468012738e-08
-2.151504913e-09
-3.375647135e-08
-2.735725307e-09
-3.264599407e-08
-3.298145228e-09
-3.135895216e-08
-3.829979086e-09
-2.990838646e-08
-4.32242713e-09
-2.831005377e-08
-4.766878437e-09
-2.658229339e-08
-5.15512574e-09
-2.474582697e-08
-5.479586233e-09
-2.282349116e-08
-5.733521927e-09
-2.083990492e-08
-5.911252857e-09
-1.882107493e-08
-6.008356557e-09
-1.679394402e-08
-6.021847723e-09
-1.478588964e-08
-5.950333093e-09
-1.282417972e-08
-5.794138189e-09
-1.093539446e-08
-5.555404853e-09
-9.144822377e-09
-5.238161485e-09
-7.475838262e-09
-4.848371496e-09
-5.94926924e-09
-4.393969867e-09
-4.582753308e-09
-3.884902674e-09
-3.390092183e-09
-3.333189989e-09
-2.380598227e-09
-2.753038445e-09
-1.558433884e-09
-2.161035339e-09
-9.219425188e-10
-1.5764605e-09
-4.629714235e-10
-1.021754404e-09
-1.661879597e-10
-5.231798121e-10
-8.382709311e-12
-1.116914038e-10
4.227961473e-11
1.76026678e-10
2.728300895e-11
2.961197349e-10
1.93715747e-10
-8.777864718e-11
7.489233029e-11
-3.684964707e-10
5.23775515e-10
-8.5398791e-10
1.16173342e-09
-1.549183069e-09
1.898415803e-09
-2.452239059e-09
2.670557444e-09
-3.555391525e-09
3.433314702e-09
-4.846117784e-09
4.155952394e-09
-6.308356839e-09
4.818518788e-09
-7.923632326e-09
5.409052811e-09
-9.672001614e-09
5.921344843e-09
-1.153280425e-08
6.353182493e-09
-1.348521338e-08
6.704992761e-09
-1.550861083e-08
6.978807992e-09
-1.758281476e-08
7.177496301e-09
-1.968819126e-08
7.304207573e-09
-2.180568074e-08
7.361994905e-09
-2.391676708e-08
7.353578215e-09
-2.60034145e-08
7.281222232e-09
-2.804799276e-08
7.146705246e-09
-3.003320788e-08
6.951358422e-09
-3.194205149e-08
6.696158224e-09
-3.375777854e-08
6.381856891e-09
-3.546392e-08
6.009137938e-09
-3.70443342e-08
5.578785461e-09
-3.848329801e-08
5.091857657e-09
-3.976563709e-08
4.549856321e-09
-4.087689225e-08
3.954885377e-09
-4.18035179e-08
3.309792481e-09
-4.253310688e-08
2.618288692e-09
-4.305463524e-08
1.885041946e-09
-4.335871944e-08
1.115740752e-09
-4.343787825e-08
3.171252383e-10
-4.32867907e-08
-5.030163135e-10
-4.290254126e-08
-1.335888588e-09
-4.228484311e-08
-2.17176759e-09
-4.143623094e-08
-3.000117094e-09
-4.036221459e-08
-3.809741673e-09
-3.90713855e-08
-4.588974324e-09
-3.757546863e-08
-5.325895971e-09
-3.588931308e-08
-6.008582693e-09
-3.403081624e-08
-6.62537529e-09
-3.202077724e-08
-7.165164755e-09
-2.988267731e-08
-7.617686167e-09
-2.764238638e-08
-7.973812869e-09
-2.532779694e-08
-8.225842315e-09
-2.296838842e-08
-8.367765085e-09
-2.059472705e-08
-8.395509102e-09
-1.823790783e-08
-8.307152326e-09
-1.592894693e-08
-8.103099096e-09
-1.369813384e-08
-7.78621796e-09
-1.157435307e-08
-7.361942266e-09
-9.584385647e-09
-6.838338927e-09
-7.752199897e-09
-6.226155628e-09
-6.098240483e-09
-5.538862098e-09
-4.638723822e-09
-4.79270666e-09
-3.384947445e-09
-4.006814832e-09
-2.342621304e-09
-3.203361489e-09
-1.511230514e-09
-2.407851301e-09
-8.834409164e-10
-1.64954401e-09
-4.445584029e-10
-9.620623351e-10
-1.720465993e-10
-3.84203217e-10
-3.509044116e-11
3.907051147e-11
5.879468322e-12
2.551498173e-10
1.995952129e-10
-1.258218641e-10
2.007141854e-10
-5.036650655e-10
9.016187019e-10
-1.131998692e-09
1.79006703e-09
-2.005788367e-09
2.772205462e-09
-3.115807529e-09
3.78057659e-09
-4.448814295e-09
4.766321451e-09
-5.988152375e-09
5.695290456e-09
-7.7145266e-09
6.544892996e-09
-9.606796207e-09
7.301322402e-09
-1.16426921e-08
7.95724072e-09
-1.379941004e-08
8.509900419e-09
-1.60540634e-08
8.959646106e-09
-1.838399942e-08
9.308743994e-09
-2.076699491e-08
9.560491775e-09
-2.318135351e-08
9.71856616e-09
-2.560592874e-08
9.786570119e-09
-2.802009682e-08
9.76774627e-09
-3.040370133e-08
9.664826731e-09
-3.273698914e-08
9.479993042e-09
-3.500055351e-08
9.214922776e-09
-3.717529731e-08
8.870902013e-09
-3.924242578e-08
8.448985345e-09
-4.118347515e-08
7.950187286e-09
-4.298038076e-08
7.375691061e-09
-4.461558577e-08
6.727062651e-09
-4.60721892e-08
6.006459737e-09
-4.733413054e-08
5.216826702e-09
-4.838640631e-08
4.362068238e-09
-4.92153129e-08
3.447195264e-09
-4.980870886e-08
2.478437894e-09
-5.01562892e-08
1.463321077e-09
-5.024986341e-08
4.106994316e-10
-5.008362893e-08
-6.692508045e-10
-4.965443072e-08
-1.765086811e-09
-4.896199781e-08
-2.864200509e-09
-4.80091481e-08
-3.952966821e-09
-4.680195237e-08
-5.016937415e-09
-4.534984933e-08
-6.041077373e-09
-4.366570367e-08
-7.010041646e-09
-4.176580006e-08
-7.908486313e-09
-3.966976707e-08
-8.721408295e-09
-3.740042608e-08
-9.434505755e-09
-3.498356202e-08
-1.003455024e-08
-3.24476143e-08
-1.05097606e-08
-2.982328839e-08
-1.085016824e-08
-2.714309048e-08
-1.104796301e-08
-2.444078992e-08
-1.109780967e-08
-2.175081608e-08
-1.099712617e-08
-1.910759829e-08
-1.07463169e-08
-1.654485921e-08
-1.034895704e-08
-1.409487341e-08
-9.81192808e-09
-1.178770361e-08
-9.145508738e-09
-9.650428063e-09
-8.363431185e-09
-7.706372518e-09
-7.482917652e-09
-5.974360764e-09
-6.524718424e-09
-4.467998285e-09
-5.513177321e-09
-3.195004777e-09
-4.476355006e-09
-2.156613151e-09
-3.446242936e-09
-1.34705481e-09
-2.459102361e-09
-7.531520531e-10
-1.5559651e-09
-3.540383756e-10
-7.833169023e-10
-1.210301039e-10
-1.9393777e-10
-1.767139331e-11
1.517910981e-10
1.819238179e-10
-1.631859209e-10
3.63900099e-10
-6.379091858e-10
1.376341951e-09
-1.409874935e-09
2.562032764e-09
-2.463859937e-09
3.826190448e-09
-3.782678382e-09
5.099395019e-09
-5.346947777e-09
6.33059083e-09
-7.135277753e-09
7.483620415e-09
-9.124676662e-09
8.534291889e-09
-1.129104031e-08
9.467686035e-09
-1.360963179e-08
1.027583219e-08
-1.605549787e-08
1.095576648e-08
-1.860379536e-08
1.150794358e-08
-2.123002083e-08
1.193496946e-08
-2.39101498e-08
1.224062072e-08
-2.662069937e-08
1.242911572e-08
-2.933873256e-08
1.25046033e-08
-3.20418234e-08
1.247083709e-08
-3.470800156e-08
1.233100488e-08
-3.731569353e-08
1.208768499e-08
-3.984367464e-08
1.174290387e-08
-4.227104365e-08
1.1298271e-08
-4.457722838e-08
1.075517006e-08
-4.674202835e-08
1.011498724e-08
-4.874569734e-08
9.379360038e-09
-5.056906674e-08
8.550432041e-09
-5.219370823e-08
7.631101217e-09
-5.36021327e-08
6.625251158e-09
-5.47780208e-08
5.537956324e-09
-5.570647938e-08
4.375653828e-09
-5.637431705e-08
3.146275553e-09
-5.677033147e-08
1.859335477e-09
-5.688560024e-08
5.259681862e-10
-5.671376732e-08
-8.410837275e-10
-5.625131573e-08
-2.227538418e-09
-5.549781736e-08
-3.617698887e-09
-5.445615141e-08
-4.99463279e-09
-5.313268192e-08
-6.340406912e-09
-5.153738614e-08
-7.636373164e-09
-4.968392504e-08
-8.863502758e-09
-4.758964834e-08
-1.000276303e-08
-4.527552696e-08
-1.103552968e-08
-4.276600717e-08
-1.194402555e-08
-4.008878185e-08
-1.271177557e-08
-3.727447622e-08
-1.332406624e-08
-3.435624748e-08
-1.376839699e-08
-3.136929973e-08
-1.403491077e-08
-2.835031833e-08
-1.411679109e-08
-2.533683018e-08
-1.401061433e-08
-2.236649912e-08
-1.371664797e-08
-1.94763676e-08
-1.323908857e-08
-1.670205845e-08
-1.258623724e-08
-1.407695196e-08
-1.177061524e-08
-1.163135524e-08
-1.080902791e-08
-9.391681948e-09
-9.722590957e-09
-7.379661727e-09
-8.536738655e-09
-5.611599909e-09
-7.281239147e-09
-4.097709557e-09
-5.990245368e-09
-2.841540011e-09
-4.702412491e-09
-1.839528607e-09
-3.461113774e-09
-1.080705302e-09
-2.314788414e-09
-5.465853082e-10
-1.317436905e-09
-2.112987248e-10
-5.292243608e-10
-4.203761853e-11
-1.747001535e-11
1.398861971e-10
-1.994671958e-10
5.633672851e-10
-7.694299126e-10
1.946304653e-09
-1.683630718e-09
3.476233553e-09
-2.916816029e-09
5.059375743e-09
-4.443638197e-09
6.626217172e-09
-6.238206313e-09
8.125158931e-09
-8.273995878e-09
9.519409965e-09
-1.052396864e-08
1.078426464e-08
-1.296079937e-08
1.190451675e-08
-1.555713304e-08
1.287216585e-08
-1.828582161e-08
1.368445502e-08
-2.112011149e-08
1.434223344e-08
-2.403376994e-08
1.48486279e-08
-2.700115029e-08
1.520800105e-08
-2.9997204e-08
1.542516941e-08
-3.29974525e-08
1.550485178e-08
-3.597793332e-08
1.545131791e-08
-3.891513599e-08
1.526820753e-08
-4.178594152e-08
1.49584905e-08
-4.456757799e-08
1.452454033e-08
-4.723760203e-08
1.396829504e-08
-4.977391364e-08
1.329148165e-08
-5.215480904e-08
1.249588263e-08
-5.435907421e-08
1.158362519e-08
-5.636611904e-08
1.055747686e-08
-5.815615072e-08
9.421132886e-09
-5.971038291e-08
8.179483334e-09
-6.101127619e-08
6.838849584e-09
-6.204280416e-08
5.407181783e-09
-6.279073876e-08
3.894210141e-09
-6.324294763e-08
2.311544335e-09
-6.338969591e-08
6.72716453e-10
-6.322394463e-08
-1.006835019e-09
-6.2741637e-08
-2.709846055e-09
-6.194196354e-08
-4.41737236e-09
-6.082759749e-08
-6.108998853e-09
-5.940489112e-08
-7.763113299e-09
-5.768402392e-08
-9.357240371e-09
-5.567909373e-08
-1.086843295e-08
-5.340814194e-08
-1.227371484e-08
-5.089310463e-08
-1.3550567e-08
-4.815968259e-08
-1.467744761e-08
-4.523712392e-08
-1.563433425e-08
-4.215791537e-08
-1.640327479e-08
-3.895737995e-08
-1.696893242e-08
-3.567318131e-08
-1.731910941e-08
-3.23447381e-08
-1.744523431e-08
-2.901255431e-08
-1.734279812e-08
-2.571747524e-08
-1.701172706e-08
-2.249988129e-08
-1.645668253e-08
-1.939883533e-08
-1.568728321e-08
-1.645120158e-08
-1.4718249e-08
-1.369075664e-08
-1.356947286e-08
-1.114731529e-08
-1.226603231e-08
-8.845895152e-09
-1.08381588e-08
-6.805946252e-09
-9.321188056e-09
-5.040672917e-09
-7.755518711e-09
-3.556477378e-09
-6.186608039e-09
-2.352557095e-09
-4.665034065e-09
-1.420691827e-09
-3.24665369e-09
-7.45264088e-10
-1.992864651e-09
-3.035732649e-10
-9.709151928e-10
-6.654020954e-11
-2.545030786e-10
7.334598615e-11
-2.344926697e-10
7.978599475e-10
-8.972537359e-10
2.609065702e-09
-1.950879586e-09
4.529859388e-09
-3.360442548e-09
6.468938689e-09
-5.092476345e-09
8.358250954e-09
-7.114441545e-09
1.014712412e-08
-9.394459248e-09
1.179942765e-08
-1.190121787e-08
1.329102324e-08
-1.46039844e-08
1.460728327e-08
-1.747266354e-08
1.574084497e-08
-2.047786349e-08
1.668965496e-08
-2.359094291e-08
1.745531284e-08
-2.678402603e-08
1.804171101e-08
-3.002998325e-08
1.845395825e-08
-3.330238114e-08
1.869756729e-08
-3.657541066e-08
1.877788129e-08
-3.982380458e-08
1.869971181e-08
-4.302275581e-08
1.846715874e-08
-4.614784806e-08
1.808358275e-08
-4.91750086e-08
1.755170085e-08
-5.20804911e-08
1.687377752e-08
-5.484089454e-08
1.605188507e-08
-5.74332217e-08
1.508820978e-08
-5.983497894e-08
1.398538241e-08
-6.202431675e-08
1.274681465e-08
-6.398020932e-08
1.137702544e-08
-6.568266964e-08
9.881943639e-09
-6.711299578e-08
8.269175711e-09
-6.825404304e-08
6.548229029e-09
-6.909051595e-08
4.730683041e-09
-6.96092736e-08
2.830301978e-09
-6.979964125e-08
8.630840829e-10
-6.965372083e-08
-1.152755446e-09
-6.916669269e-08
-3.196874212e-09
-6.833709902e-08
-5.246966038e-09
-6.716710139e-08
-7.278996496e-09
-6.566270214e-08
-9.26751256e-09
-6.383392059e-08
-1.118602194e-08
-6.169491401e-08
-1.300743954e-08
-5.92640336e-08
-1.470459526e-08
-5.656380559e-08
-1.625079502e-08
-5.362082867e-08
-1.762042453e-08
-5.046557984e-08
-1.878958309e-08
-4.713212225e-08
-1.97367324e-08
-4.365771124e-08
-2.044334344e-08
-4.008229714e-08
-2.089452352e-08
-3.64479268e-08
-2.107960466e-08
-3.279804951e-08
-2.099267542e-08
-2.917673673e-08
-2.063303985e-08
-2.562782916e-08
-2.00055901e-08
-2.21940286e-08
-1.912108378e-08
-1.891595543e-08
-1.799632218e-08
-1.58311961e-08
-1.66542322e-08
-1.297336744e-08
-1.512386098e-08
-1.037122689e-08
-1.344029937e-08
-8.047859341e-09
-1.164455561e-08
-6.019972996e-09
-9.783405065e-09
-4.29733766e-09
-7.909243382e-09
-2.882401306e-09
-6.079970427e-09
-1.770123974e-09
-4.358931029e-09
-9.480750087e-10
-2.814913624e-09
-3.968534803e-10
-1.522136727e-09
-9.091972608e-11
-5.604368389e-10
-1.757374207e-11
-2.681935084e-10
1.066053446e-09
-1.02083985e-09
3.36171203e-09
-2.210146267e-09
5.71916579e-09
-3.791956773e-09
8.05074918e-09
-5.724883994e-09
1.029117816e-08
-7.969766538e-09
1.239200664e-08
-1.048929953e-08
1.431896063e-08
-1.324778759e-08
1.604951128e-08
-1.621098335e-08
1.757047902e-08
-1.934597593e-08
1.887583753e-08
-2.262110043e-08
1.996477945e-08
-2.60058495e-08
2.08400619e-08
-2.947077607e-08
2.150663756e-08
-3.298738402e-08
2.197056618e-08
-3.652800883e-08
2.223819209e-08
-4.006569417e-08
2.231556661e-08
-4.357407235e-08
2.220808998e-08
-4.702725759e-08
2.192034398e-08
-5.039976057e-08
2.145608572e-08
-5.366643181e-08
2.081837208e-08
-5.68024399e-08
2.000978559e-08
-5.978328873e-08
1.903273389e-08
-6.258487621e-08
1.788979725e-08
-6.518359501e-08
1.65841012e-08
-6.755647451e-08
1.511969414e-08
-6.968136161e-08
1.350191254e-08
-7.153713731e-08
1.173771932e-08
-7.310396459e-08
9.836002983e-09
-7.436356315e-08
7.807827571e-09
-7.529950533e-08
5.666625208e-09
-7.589752771e-08
3.428324347e-09
-7.614585193e-08
1.111408298e-09
-7.603550824e-08
-1.263099149e-09
-7.556065499e-08
-3.671727471e-09
-7.471888452e-08
-6.088736523e-09
-7.351150838e-08
-8.486372645e-09
-7.194381139e-08
-1.083520956e-08
-7.002526472e-08
-1.310456862e-08
-6.776968719e-08
-1.526301708e-08
-6.519534341e-08
-1.727893905e-08
-6.232496726e-08
-1.912117118e-08
-5.918569951e-08
-2.07596923e-08
-5.580892932e-08
-2.216635329e-08
-5.223003092e-08
-2.331563081e-08
-4.848798888e-08
-2.418538549e-08
-4.46249087e-08
-2.475760372e-08
-4.068541286e-08
-2.501910051e-08
-3.671592705e-08
-2.496216124e-08
-3.276386586e-08
-2.458510104e-08
-2.887673232e-08
-2.389272366e-08
-2.510115038e-08
-2.289666572e-08
-2.148185449e-08
-2.161561808e-08
-1.806066389e-08
-2.00754228e-08
-1.487547329e-08
-1.830905159e-08
-1.195929357e-08
-1.635647909e-08
-9.33937827e-09
-1.426447092e-08
-7.036472308e-09
-1.208631103e-08
-5.064220284e-09
-9.881495413e-09
-3.428772155e-09
-7.715418564e-09
-2.128625926e-09
-5.659077265e-09
-1.154750898e-09
-3.788788657e-09
-4.910437789e-10
-2.185843854e-09
-1.151853333e-10
-9.362952916e-10
-1.327590764e-10
-3.005398776e-10
1.366593317e-09
-1.139855996e-09
4.201028133e-09
-2.460445577e-09
7.039755356e-09
-4.20940214e-09
9.799705728e-09
-6.337708353e-09
1.241948436e-08
-8.79972555e-09
1.485402383e-08
-1.15527684e-08
1.707200347e-08
-1.455674815e-08
1.905349101e-08
-1.777387429e-08
2.078760515e-08
-2.116839843e-08
2.227036165e-08
-2.47063845e-08
2.35027655e-08
-2.835549398e-08
2.448917137e-08
-3.208477952e-08
2.523592308e-08
-3.586448467e-08
2.575027132e-08
-3.966585147e-08
2.603955887e-08
-4.346094001e-08
2.611065515e-08
-4.722246587e-08
2.596961582e-08
-5.092366172e-08
2.562153982e-08
-5.45381694e-08
2.507059338e-08
-5.803996757e-08
2.432017023e-08
-6.140333911e-08
2.337315712e-08
-6.460288081e-08
2.223227557e-08
-6.761355638e-08
2.090047281e-08
-7.041079265e-08
1.938133747e-08
-7.297061741e-08
1.767951888e-08
-7.526983643e-08
1.580113155e-08
-7.728624663e-08
1.375412951e-08
-7.899888152e-08
1.154863785e-08
-8.038828478e-08
9.197230822e-09
-8.143680764e-08
6.715148062e-09
-8.212892503e-08
4.120441718e-09
-8.245156527e-08
1.434048526e-09
-8.239444759e-08
-1.320216832e-09
-8.195042234e-08
-4.115752731e-09
-8.111580328e-08
-6.923355593e-09
-7.989068683e-08
-9.711489106e-09
-7.827924647e-08
-1.244664993e-08
-7.628999228e-08
-1.509382282e-08
-7.393598353e-08
-1.761702583e-08
-7.123498138e-08
-1.997994121e-08
-6.820952787e-08
-2.21466247e-08
-6.48869376e-08
-2.408228257e-08
-6.12991888e-08
-2.57541021e-08
-5.748270199e-08
-2.713211763e-08
-5.347799676e-08
-2.819009073e-08
-4.932922048e-08
-2.890638e-08
-4.508354691e-08
-2.926477409e-08
-4.07904478e-08
-2.925526036e-08
-3.650084633e-08
-2.887470252e-08
-3.226616715e-08
-2.812740284e-08
-2.813730407e-08
-2.702552881e-08
-2.416353206e-08
-2.55893901e-08
-2.039139559e-08
-2.384755929e-08
-1.686360916e-08
-2.183683802e-08
-1.361800919e-08
-1.960207907e-08
-1.06865977e-08
-1.719588242e-08
-8.094718906e-09
-1.467818983e-08
-5.860409242e-09
-1.211580508e-08
-3.993959994e-09
-9.581867819e-09
-2.497730999e-09
-7.155306266e-09
-1.366253717e-09
-4.920265947e-09
-5.866653783e-10
-2.965432198e-09
-1.395182996e-10
-1.383442375e-09
-2.722773779e-10
-3.315078809e-10
1.698101189e-09
-1.254051787e-09
5.123572026e-09
-2.701027699e-09
8.486731254e-09
-4.611262186e-09
1.17099402e-08
-6.928455264e-09
1.473667742e-08
-9.60071813e-09
1.752628668e-08
-1.258011999e-08
2.005140532e-08
-1.582225238e-08
2.229562339e-08
-1.928582228e-08
2.425117504e-08
-2.293227434e-08
2.59168137e-08
-2.672543861e-08
2.729592976e-08
-3.063120053e-08
2.839493328e-08
-3.461719128e-08
2.922191382e-08
-3.86524987e-08
2.978557872e-08
-4.270740079e-08
3.009446095e-08
-4.675312539e-08
3.015637973e-08
-5.076164017e-08
2.997813059e-08
-5.470547762e-08
2.956537726e-08
-5.855759894e-08
2.892271469e-08
-6.229130022e-08
2.80538715e-08
-6.588016306e-08
2.696201995e-08
-6.929805074e-08
2.565016324e-08
-7.251914971e-08
2.412157177e-08
-7.551805543e-08
2.238024317e-08
-7.826990048e-08
2.043136392e-08
-8.075052256e-08
1.828175362e-08
-8.293666933e-08
1.594027626e-08
-8.480623692e-08
1.341820544e-08
-8.633853894e-08
1.072953283e-08
-8.751460226e-08
7.891211364e-09
-8.831748604e-08
4.923325498e-09
-8.873261992e-08
1.849182393e-09
-8.87481561e-08
-1.304680666e-09
-8.835533287e-08
-4.508575965e-09
-8.754883736e-08
-7.729851113e-09
-8.632716471e-08
-1.093316177e-08
-8.469296065e-08
-1.4080854e-08
-8.265333705e-08
-1.713344643e-08
-8.022014713e-08
-2.005021576e-08
-7.741020548e-08
-2.278988286e-08
-7.424543677e-08
-2.531139342e-08
-7.07529363e-08
-2.757478305e-08
-6.696492587e-08
-2.954211254e-08
-6.291858942e-08
-3.117845409e-08
-5.865577512e-08
-3.245290503e-08
-5.422255432e-08
-3.333960081e-08
-4.966863222e-08
-3.38186962e-08
-4.504661113e-08
-3.387728146e-08
-4.041111392e-08
-3.351019973e-08
-3.581778263e-08
-3.272073413e-08
-3.132217459e-08
-3.152113686e-08
-2.697858571e-08
-2.993297899e-08
-2.283883694e-08
-2.798730806e-08
-1.895106507e-08
-2.57246099e-08
-1.535856224e-08
-2.31945819e-08
-1.209871068e-08
-2.045573399e-08
-9.202058376e-09
-1.757484214e-08
-6.691579808e-09
-1.462628366e-08
-4.582162416e-09
-1.169128522e-08
-2.880355206e-09
-8.857113481e-09
-1.584411834e-09
-6.216209323e-09
-6.846589331e-10
-3.865185106e-09
-1.64210848e-10
-1.903890466e-09
-4.364882266e-10
-3.610634973e-10
2.059164681e-09
-1.363188871e-09
6.125697386e-09
-2.93122735e-09
1.005476972e-08
-4.996219414e-09
1.377493225e-08
-7.494964565e-09
1.723542256e-08
-1.036960875e-08
2.040093086e-08
-1.356717797e-08
2.324897452e-08
-1.703908412e-08
2.576752952e-08
-2.074063095e-08
2.795272186e-08
-2.463053398e-08
2.980671672e-08
-2.867046143e-08
3.133585719e-08
-3.28246004e-08
3.254907223e-08
-3.705925155e-08
3.345656496e-08
-4.134245517e-08
3.406878233e-08
-4.564365185e-08
3.439565761e-08
-4.993338115e-08
3.444610902e-08
-5.418302167e-08
3.42277711e-08
-5.836457549e-08
3.374693105e-08
-6.24504993e-08
3.300863849e-08
-6.641358401e-08
3.20169562e-08
-7.022688312e-08
3.077531905e-08
-7.386368962e-08
2.928696973e-08
-7.729756029e-08
2.755544243e-08
-8.050238536e-08
2.558506823e-08
-8.345250137e-08
2.338147993e-08
-8.612284469e-08
2.095209693e-08
-8.8489143e-08
1.830657457e-08
-9.052814249e-08
1.545720492e-08
-9.221786815e-08
1.241925848e-08
-9.353791504e-08
9.211258242e-09
-9.446976807e-08
5.855178516e-09
-9.499714748e-08
2.376561788e-09
-9.510637592e-08
-1.195452232e-09
-9.478676715e-08
-4.828184741e-09
-9.403102237e-08
-8.485595904e-09
-9.283563484e-08
-1.212854931e-08
-9.120128782e-08
-1.571520103e-08
-8.913323535e-08
-1.920149892e-08
-8.664165121e-08
-2.25417999e-08
-8.374192943e-08
-2.568960465e-08
-8.04549173e-08
-2.859840555e-08
-7.680706095e-08
-3.122263942e-08
-7.283044271e-08
-3.351873078e-08
-6.856269056e-08
-3.544620624e-08
-6.404674177e-08
-3.696885383e-08
-5.933044649e-08
-3.805589609e-08
-5.446600245e-08
-3.868314025e-08
-4.950921816e-08
-3.883406576e-08
-4.45186104e-08
-3.85008075e-08
-3.955435014e-08
-3.76849944e-08
-3.467708047e-08
-3.639840653e-08
-2.994663884e-08
-3.466342063e-08
-2.542072395e-08
-3.251322295e-08
-2.115355398e-08
-2.999177988e-08
-1.71945671e-08
-2.715356879e-08
-1.358721714e-08
-2.406308395e-08
-1.036791621e-08
-2.079414307e-08
-7.565172799e-09
-1.742902708e-08
-5.198968051e-09
-1.405748997e-08
-3.280405354e-09
-1.077567618e-08
-1.81165994e-09
-7.684954743e-09
-7.862495691e-10
-4.89059548e-09
-1.896271138e-10
-2.500512925e-09
-6.26115342e-10
-3.891556656e-10
2.448320337e-09
-1.467004515e-09
7.203546223e-09
-3.150378057e-09
1.173814325e-08
-5.36300996e-09
1.598756414e-08
-8.03520527e-09
1.990761786e-08
-1.110347099e-08
2.346919656e-08
-1.451004241e-08
2.665554592e-08
-1.820234353e-08
2.945983063e-08
-2.21324218e-08
3.188280011e-08
-2.625638156e-08
3.393067647e-08
-3.053383227e-08
3.561330789e-08
-3.492736223e-08
3.694260219e-08
-3.94020458e-08
3.793124852e-08
-4.392498994e-08
3.859172646e-08
-4.846492477e-08
3.893559243e-08
-5.29918418e-08
3.897302603e-08
-5.747668276e-08
3.871261206e-08
-6.189108095e-08
3.816132923e-08
-6.620715609e-08
3.732471362e-08
-7.039736283e-08
3.620716294e-08
-7.443439205e-08
3.481234826e-08
-7.829112332e-08
3.314370099e-08
-8.19406264e-08
3.12049455e-08
-8.53562093e-08
2.900065112e-08
-8.851151034e-08
2.653678096e-08
-9.138063178e-08
2.382121835e-08
-9.393831294e-08
2.086425573e-08
-9.616014127e-08
1.767903323e-08
-9.802279978e-08
1.428191699e-08
-9.950435024e-08
1.069280869e-08
-1.005845509e-07
6.935379155e-09
-1.012452076e-07
3.037218483e-09
-1.014705552e-07
-9.701046681e-10
-1.012476719e-07
-5.051067997e-09
-1.005669118e-07
-9.166356061e-09
-9.942235862e-08
-1.327310246e-08
-9.781228582e-08
-1.732527383e-08
-9.573961039e-08
-2.127417436e-08
-9.321232648e-08
-2.506908382e-08
-9.024389921e-08
-2.865803192e-08
-8.685359719e-08
-3.198870759e-08
-8.306673995e-08
-3.500949666e-08
-7.891483538e-08
-3.767063537e-08
-7.443558195e-08
-3.992545968e-08
-6.967271283e-08
-4.173172297e-08
-6.46756618e-08
-4.305294712e-08
-5.949903711e-08
-4.385976495e-08
-5.420189618e-08
-4.413120669e-08
-4.884682374e-08
-4.385587994e-08
-4.349882603e-08
-4.303299212e-08
-3.822406486e-08
-4.167316771e-08
-3.308846649e-08
-3.979901901e-08
-2.81562499e-08
-3.744543954e-08
-2.348842757e-08
-3.465960222e-08
-1.914133697e-08
-3.150065939e-08
-1.516526362e-08
-2.803915731e-08
-1.160321504e-08
-2.435619166e-08
-8.489900126e-09
-2.0542342e-08
-5.850960321e-09
-1.669642978e-08
-3.702487669e-09
-1.292414884e-08
-2.050852482e-09
-9.336589932e-09
-8.928540136e-10
-6.048593954e-09
-2.161773913e-10
-3.177189552e-09
-8.422927336e-10
-4.157143084e-10
2.864034641e-09
-1.565195131e-09
8.353027032e-09
-3.357767685e-09
1.353071579e-08
-5.710342031e-09
1.834013848e-08
-8.547154117e-09
2.274442993e-08
-1.179942924e-08
2.672147168e-08
-1.540490212e-08
3.026101878e-08
-1.930724002e-08
3.336216853e-08
-2.345541819e-08
3.603097828e-08
-2.780308013e-08
3.827833839e-08
-3.23079055e-08
4.011813324e-08
-3.693100226e-08
4.156569894e-08
-4.163633501e-08
4.263658126e-08
-4.639019806e-08
4.33455895e-08
-5.116073971e-08
4.370613407e-08
-5.591754176e-08
4.372982807e-08
-6.063125704e-08
4.342632733e-08
-6.527330615e-08
4.280337834e-08
-6.981563336e-08
4.186704082e-08
-7.423052054e-08
4.06220501e-08
-7.849045707e-08
3.907228478e-08
-8.256806317e-08
3.722130709e-08
-8.643606365e-08
3.507294596e-08
-9.006730904e-08
3.263189651e-08
-9.343484164e-08
2.990431355e-08
-9.651200399e-08
2.689838069e-08
-9.927258854e-08
2.362484027e-08
-1.016910276e-07
2.009747225e-08
-1.037426234e-07
1.633351277e-08
-1.054038191e-07
1.235400441e-08
-1.06652511e-07
8.184071024e-09
-1.074684023e-07
3.853109835e-09
-1.078333976e-07
-6.051093704e-10
-1.077320412e-07
-5.152424432e-09
-1.071519867e-07
-9.746410595e-09
-1.060845033e-07
-1.434058585e-08
-1.045250014e-07
-1.888477569e-08
-1.024735674e-07
-2.332560845e-08
-9.99354905e-08
-2.760716068e-08
-9.692176308e-08
-3.167175935e-08
-9.344952716e-08
-3.546094351e-08
-8.954244182e-08
-3.891658201e-08
-8.523094043e-08
-4.198213676e-08
-8.05523474e-08
-4.46040527e-08
-7.555082471e-08
-4.673324567e-08
-7.027712168e-08
-4.832665015e-08
-6.47881074e-08
-4.934877924e-08
-5.914607273e-08
-4.977324137e-08
-5.34177998e-08
-4.958415287e-08
-4.76734087e-08
-4.877738322e-08
-4.198500453e-08
-4.736157188e-08
-3.642516157e-08
-4.535886197e-08
-3.10652937e-08
-4.280530741e-08
-2.597397099e-08
-3.975092493e-08
-2.121524946e-08
-3.625938093e-08
-1.684708434e-08
-3.240732243e-08
-1.291989593e-08
-2.828338007e-08
-9.475350952e-09
-2.398688697e-08
-6.545411703e-09
-1.962636903e-08
-4.151690362e-09
-1.531787018e-08
-2.305129438e-09
-1.118315086e-08
-1.00601648e-09
-7.347706914e-09
-2.443014605e-10
-3.938904574e-09
-1.086594195e-09
-4.406511737e-10
3.304685807e-09
-1.657412003e-09
9.569787852e-09
-3.552620554e-09
1.542592433e-08
-6.03685735e-09
2.082437526e-08
-9.028732675e-09
2.573630525e-08
-1.245457173e-08
3.014731072e-08
-1.624792703e-08
3.405437407e-08
-2.034896969e-08
3.746321117e-08
-2.470381488e-08
4.038582346e-08
-2.926382013e-08
4.283834363e-08
-3.398488434e-08
4.483919744e-08
-3.88267686e-08
4.640758318e-08
-4.375245415e-08
4.75622668e-08
-4.872754882e-08
4.832068415e-08
-5.371974938e-08
4.869833462e-08
-5.869836508e-08
4.870844377e-08
-6.36339048e-08
4.836186704e-08
-6.849772859e-08
4.766720212e-08
-7.326176285e-08
4.663107508e-08
-7.789827694e-08
4.525856418e-08
-8.23797182e-08
4.355372604e-08
-8.667860211e-08
4.152019099e-08
-9.076745368e-08
3.916179753e-08
-9.461879707e-08
3.648323989e-08
-9.820519044e-08
3.349070691e-08
-1.014993044e-07
3.019249465e-08
-1.04474043e-07
2.659957889e-08
-1.071027077e-07
2.272613694e-08
-1.093592051e-07
1.859001015e-08
-1.112183009e-07
1.421310014e-08
-1.126559218e-07
9.621691951e-09
-1.136495087e-07
4.84669676e-09
-1.141784221e-07
-7.619597189e-11
-1.142243963e-07
-5.106450301e-09
-1.137720527e-07
-1.019875412e-08
-1.128094536e-07
-1.530318499e-08
-1.11328697e-07
-2.036553233e-08
-1.09326537e-07
-2.532776842e-08
-1.068050131e-07
-3.012868459e-08
-1.037720661e-07
-3.470470633e-08
-1.002421147e-07
-3.899089491e-08
-9.623656036e-08
-4.292213639e-08
-9.178418572e-08
-4.64345114e-08
-8.692141003e-08
-4.94668284e-08
-8.169236355e-08
-5.196229215e-08
-7.614874727e-08
-5.387026643e-08
-7.034944835e-08
-5.514807816e-08
-6.435989083e-08
-5.57627989e-08
-5.825111263e-08
-5.569293107e-08
-5.209857389e-08
-5.492992196e-08
-4.598071761e-08
-5.347942816e-08
-3.997732032e-08
-5.136225927e-08
-3.416768617e-08
-4.861494156e-08
-2.862875182e-08
-4.528985928e-08
-2.3433179e-08
-4.145495375e-08
-1.864751718e-08
-3.719298425e-08
-1.433051762e-08
-3.260037964e-08
-1.053167309e-08
-2.77857315e-08
-7.290044921e-09
-2.286799721e-08
-4.633419874e-09
-1.797449523e-08
-2.577819025e-09
-1.323875171e-08
-1.127364177e-09
-8.798161766e-09
-2.744576927e-10
-4.791811061e-09
-1.361051888e-09
-4.638622864e-10
3.768548089e-09
-1.743264729e-09
1.084919028e-08
-3.734097192e-09
1.741675678e-08
-6.34112225e-09
2.343140031e-08
-9.477786335e-09
2.887296932e-08
-1.306591622e-08
3.373544059e-08
-1.703522187e-08
3.802367971e-08
-2.132265999e-08
4.175064929e-08
-2.587171773e-08
4.493488119e-08
-3.063165894e-08
4.759828484e-08
-3.555676489e-08
4.976430339e-08
-4.060559363e-08
5.145641191e-08
-4.574027629e-08
5.269694946e-08
-5.092586367e-08
5.350627153e-08
-5.612973198e-08
5.390220293e-08
-6.132105364e-08
5.389976542e-08
-6.647033577e-08
5.351114916e-08
-7.15490269e-08
5.274589324e-08
-7.652919043e-08
5.16112386e-08
-8.138324193e-08
5.011261567e-08
-8.608374665e-08
4.825423074e-08
-9.060327291e-08
4.603971725e-08
-9.491429754e-08
4.347282214e-08
-9.898915947e-08
4.055810181e-08
-1.028000591e-07
3.730160657e-08
-1.06319102e-07
3.371153747e-08
-1.095183859e-07
2.97988628e-08
-1.12370134e-07
2.557788501e-08
-1.148468748e-07
2.1066751e-08
-1.16921674e-07
1.628789936e-08
-1.185684209e-07
1.126843884e-08
-1.197621747e-07
6.040450502e-09
-1.20479575e-07
6.412043584e-10
-1.206993104e-07
-4.886714924e-09
-1.204026713e-07
-1.049539317e-08
-1.195741456e-07
-1.613171073e-08
-1.18202085e-07
-2.173759293e-08
-1.162794129e-07
-2.725044056e-08
-1.138043604e-07
-3.260373709e-08
-1.107812087e-07
-3.772785801e-08
-1.07221008e-07
-4.255109566e-08
-1.031422378e-07
-4.700090656e-08
-9.857136956e-08
-5.100537964e-08
-9.35432861e-08
-5.449491186e-08
-8.810151384e-08
-5.740406442e-08
-8.229822304e-08
-5.967355722e-08
-7.619395709e-08
-6.125234412e-08
-6.985705992e-08
-6.209969607e-08
-6.336278372e-08
-6.218720727e-08
-5.679207462e-08
-6.150063106e-08
-5.023005329e-08
-6.004144949e-08
-4.376422743e-08
-5.782808514e-08
-3.748249329e-08
-5.48966757e-08
-3.147100114e-08
-5.130135143e-08
-2.581197341e-08
-4.711398148e-08
-2.058157197e-08
-4.242338569e-08
-1.584791149e-08
-3.733404012e-08
-1.166930876e-08
-3.196433423e-08
-8.092842444e-09
-2.644446353e-08
-5.153275431e-09
-2.091406224e-08
-2.872366339e-09
-1.551966081e-08
-1.258576217e-09
-1.041195189e-08
-3.071159518e-10
-5.743271326e-09
-1.668167841e-09
-4.852314764e-10
4.253779559e-09
-1.822329805e-09
1.21862886e-08
-3.901306205e-09
1.949573318e-08
-6.621639795e-09
2.615173389e-08
-9.892093942e-09
3.214342346e-08
-1.36304156e-08
3.747376225e-08
-1.776282752e-08
4.215609162e-08
-2.222336825e-08
4.621119001e-08
-2.695314176e-08
4.96646547e-08
-3.189952139e-08
5.254466445e-08
-3.701534224e-08
5.488012423e-08
-4.225810892e-08
5.669917858e-08
-4.75892388e-08
5.802807934e-08
-5.297335594e-08
5.889038865e-08
-5.837764576e-08
5.930649274e-08
-6.377127709e-08
5.929339675e-08
-6.912489443e-08
5.886476648e-08
-7.441018072e-08
5.803117953e-08
-7.959948901e-08
5.680054688e-08
-8.466553927e-08
5.517866593e-08
-8.958117631e-08
5.316986777e-08
-9.431918393e-08
5.077772487e-08
-9.885215107e-08
4.800578928e-08
-1.031523859e-07
4.485833667e-08
-1.071918759e-07
4.13410965e-08
-1.109422916e-07
3.746195321e-08
-1.143750365e-07
3.323160773e-08
-1.174613432e-07
2.866419162e-08
-1.201724203e-07
2.377782812e-08
-1.224796563e-07
1.859513541e-08
-1.243548843e-07
1.314366676e-08
-1.257707146e-07
7.456280846e-09
-1.267009425e-07
1.571432257e-09
-1.271210287e-07
-4.466628775e-09
-1.270086776e-07
-1.060774427e-08
-1.263444762e-07
-1.679591212e-08
-1.251126256e-07
-2.296944353e-08
-1.233017352e-07
-2.906133099e-08
-1.209056682e-07
-3.499980406e-08
-1.179244164e-07
-4.070910984e-08
-1.143649726e-07
-4.611053947e-08
-1.10242164e-07
-5.112371517e-08
-1.055794003e-07
-5.56681433e-08
-1.004092865e-07
-5.966502566e-08
-9.477404503e-08
-6.303930589e-08
-8.872569302e-08
-6.572190924e-08
-8.232592271e-08
-6.765211444e-08
-7.564564183e-08
-6.877997695e-08
-6.876414371e-08
-6.906870539e-08
-6.176789474e-08
-6.849688004e-08
-5.474894897e-08
-6.706039526e-08
-4.780302395e-08
-6.477401015e-08
-4.102729732e-08
-6.167240234e-08
-3.451800666e-08
-5.781064209e-08
-2.836795441e-08
-5.326403373e-08
-2.266403108e-08
-4.812730903e-08
-1.748487344e-08
-4.251319776e-08
-1.289876755e-08
-3.655044012e-08
-8.961889512e-09
-3.038134157e-08
-5.716950241e-09
-2.415900152e-08
-3.192279847e-09
-1.80443312e-08
-1.40136166e-09
-1.220287008e-08
-3.427530474e-10
-6.801879941e-09
-2.010920888e-09
-5.046345988e-10
4.758414155e-09
-1.894162831e-09
1.357581683e-08
-4.053324876e-09
2.165489521e-08
-6.876877395e-09
2.89752864e-08
-1.026940053e-08
3.553594659e-08
-1.414499423e-08
4.134935594e-08
-1.842676031e-08
4.643785769e-08
-2.304612407e-08
5.083055377e-08
-2.794205794e-08
5.456058856e-08
-3.30602527e-08
5.766285921e-08
-3.835227184e-08
6.017214337e-08
-4.377471727e-08
6.2121624e-08
-4.928842836e-08
6.354179042e-08
-5.485773057e-08
6.445969085e-08
-6.044974509e-08
6.489850725e-08
-6.603376643e-08
6.487741809e-08
-7.158071143e-08
6.441171148e-08
-7.70626399e-08
6.3513108e-08
-8.245234484e-08
6.219025181e-08
-8.772300845e-08
6.044932954e-08
-9.284791927e-08
5.829477858e-08
-9.780024522e-08
5.573005081e-08
-1.02552858e-07
5.275840204e-08
-1.07078205e-07
4.938368365e-08
-1.113482262e-07
4.561111771e-08
-1.153343155e-07
4.144804256e-08
-1.190073276e-07
3.690461979e-08
-1.223376328e-07
3.199449678e-08
-1.252952259e-07
2.673542129e-08
-1.27849895e-07
2.114980447e-08
-1.299714568e-07
1.52652286e-08
-1.316300693e-07
9.114893324e-09
-1.327966268e-07
2.737989755e-09
-1.334432425e-07
-3.820013054e-09
-1.335438448e-07
-1.050714198e-08
-1.330748489e-07
-1.726490803e-08
-1.320159468e-07
-2.40283457e-08
-1.303509824e-07
-3.072629537e-08
-1.280689051e-07
-3.728188138e-08
-1.251647786e-07
-4.361323634e-08
-1.21640816e-07
-4.963450208e-08
-1.175073998e-07
-5.525713133e-08
-1.127840385e-07
-6.039150464e-08
-1.075002006e-07
-6.494886355e-08
-1.016959636e-07
-6.884354291e-08
-9.542240909e-08
-7.199546371e-08
-8.874169952e-08
-7.433282402e-08
-8.172677639e-08
-7.579490007e-08
-7.44606351e-08
-7.633484668e-08
-6.703514928e-08
-7.592236586e-08
-5.954944361e-08
-7.454610093e-08
-5.210784328e-08
-7.221561048e-08
-4.481745943e-08
-6.896278619e-08
-3.778550041e-08
-6.484260111e-08
-3.111642419e-08
-5.993310995e-08
-2.490906524e-08
-5.433466797e-08
-1.925387656e-08
-4.816838644e-08
-1.423042235e-08
-4.157389433e-08
-9.905238852e-09
-3.470652507e-08
-6.330150307e-09
-2.773409006e-08
-3.541089829e-09
-2.083339168e-08
-1.557443625e-09
-1.418651628e-08
-3.818498511e-10
-7.977473714e-09
-2.392770739e-09
-5.219443504e-10
5.280358499e-09
-1.958313456e-09
1.501218593e-08
-4.189226337e-09
2.388580809e-08
-7.105306224e-09
3.189136628e-08
-1.060746797e-08
3.903810832e-08
-1.460660858e-08
4.534849654e-08
-1.902308183e-08
5.085433094e-08
-2.378600816e-08
5.559348009e-08
-2.88324813e-08
5.96070617e-08
-3.410671707e-08
6.293709497e-08
-3.955917997e-08
6.562460627e-08
-4.514571688e-08
6.770816091e-08
-5.082672073e-08
6.922279425e-08
-5.656634154e-08
7.019931166e-08
-6.233175716e-08
7.066392288e-08
-6.809251135e-08
7.063817227e-08
-7.381992286e-08
7.013912299e-08
-7.948656625e-08
6.917975138e-08
-8.506582185e-08
6.776950742e-08
-9.053149134e-08
6.591499902e-08
-9.585747354e-08
6.362076078e-08
-1.010174954e-07
6.089007264e-08
-1.05984893e-07
5.77257997e-08
-1.107324395e-07
5.413123008e-08
-1.15232216e-07
5.01108942e-08
-1.194555273e-07
4.567135388e-08
-1.23372862e-07
4.082195456e-08
-1.269539023e-07
3.5575537e-08
-1.301675877e-07
2.994910671e-08
-1.32982243e-07
2.396445979e-08
-1.353657771e-07
1.764876267e-08
-1.372859645e-07
1.103508074e-08
-1.3871082e-07
4.162845275e-09
-1.3960907e-07
-2.921763106e-09
-1.399507543e-07
-1.016545761e-08
-1.397079195e-07
-1.750774288e-08
-1.388554545e-07
-2.488081064e-08
-1.373720381e-07
-3.220971182e-08
-1.352411918e-07
-3.941272769e-08
-1.324524221e-07
-4.6402006e-08
-1.29002421e-07
-5.308450326e-08
-1.248962839e-07
-5.936326839e-08
-1.201486943e-07
-6.513909427e-08
-1.147850083e-07
-7.031254955e-08
-1.088421678e-07
-7.478638336e-08
-1.023693604e-07
-7.846827109e-08
-9.542834404e-08
-8.127384041e-08
-8.809335876e-08
-8.312988535e-08
-8.045056027e-08
-8.397764517e-08
-7.259692924e-08
-8.377599689e-08
-6.463863968e-08
-8.250439049e-08
-5.668890384e-08
-8.016534633e-08
-4.886534957e-08
-7.678634045e-08
-4.128702533e-08
-7.242092535e-08
-3.407116221e-08
-6.714897307e-08
-2.732984919e-08
-6.1075981e-08
-2.116679094e-08
-5.433144468e-08
-1.567431636e-08
-4.706636891e-08
-1.093078742e-08
-3.945005401e-08
-6.998523766e-09
-3.166635371e-08
-3.922314205e-09
-2.390960124e-08
-1.728547272e-09
-1.638028321e-08
-4.248895083e-10
-9.281131478e-09
-2.817660246e-09
-5.370355137e-10
5.817394012e-09
-2.014342491e-09
1.64894929e-08
-4.308111947e-09
2.617957754e-08
-7.305450005e-09
3.488870434e-08
-1.090413999e-08
4.26367983e-08
-1.501232772e-08
4.945668427e-08
-1.954799406e-08
5.538999728e-08
-2.443826156e-08
6.048374758e-08
-2.961859444e-08
6.478739458e-08
-3.503193588e-08
6.835043641e-08
-4.062781782e-08
7.12204882e-08
-4.636147279e-08
7.344181587e-08
-5.219297137e-08
7.505429283e-08
-5.80864035e-08
7.609274379e-08
-6.400911679e-08
7.658663616e-08
-6.993102013e-08
7.65600756e-08
-7.582395692e-08
7.603205978e-08
-8.166114859e-08
7.501694304e-08
-8.741670632e-08
7.352506514e-08
-9.306520695e-08
7.156349965e-08
-9.858132795e-08
6.913688178e-08
-1.03939536e-07
6.624828069e-08
-1.091138242e-07
6.29000879e-08
-1.14077494e-07
5.909489992e-08
-1.188029799e-07
5.483638001e-08
-1.232617156e-07
5.013008959e-08
-1.274240457e-07
4.498428471e-08
-1.312591851e-07
3.941067638e-08
-1.347352338e-07
3.342515542e-08
-1.378192564e-07
2.704848237e-08
-1.404774359e-07
2.03069422e-08
-1.426753152e-07
1.323296003e-08
-1.443781386e-07
5.865668613e-09
-1.455513004e-07
-1.74860124e-09
-1.461609323e-07
-9.555825784e-09
-1.461746071e-07
-1.749406801e-08
-1.455622031e-07
-2.549321462e-08
-1.442969064e-07
-3.347500852e-08
-1.42356353e-07
-4.135328114e-08
-1.397238946e-07
-4.903446442e-08
-1.363899627e-07
-5.64184351e-08
-1.323534914e-07
-6.339973968e-08
-1.276233442e-07
-6.986924146e-08
-1.222196773e-07
-7.571621653e-08
-1.161751548e-07
-8.08309058e-08
-1.095359238e-07
-8.510750214e-08
-1.02362246e-07
-8.844751822e-08
-9.472868918e-08
-9.076344213e-08
-8.672378661e-08
-9.198254773e-08
-7.844909482e-08
-9.205068867e-08
-7.00176111e-08
-9.09358742e-08
-6.155155083e-08
-8.86314066e-08
-5.317953258e-08
-8.51583587e-08
-4.503326785e-08
-8.056719009e-08
-3.724389868e-08
-7.493834223e-08
-2.993816398e-08
-6.838171569e-08
-2.323459824e-08
-6.103501042e-08
-1.72399708e-08
-5.306099634e-08
-1.204615707e-08
-4.464386774e-08
-7.727594953e-09
-3.598491583e-08
-4.339428223e-09
-2.729776797e-08
-1.916389937e-09
-1.880332149e-08
-4.723562688e-10
-1.072516514e-08
-3.290016515e-09
-5.497906383e-10
6.367184646e-09
-2.061840811e-09
1.800154307e-08
-4.409147885e-09
2.852688461e-08
-7.4759414e-09
3.795549785e-08
-1.115741888e-08
4.631827578e-08
-1.535943004e-08
5.365869543e-08
-1.999795547e-08
6.00285227e-08
-2.499842066e-08
6.548421277e-08
-3.029490119e-08
7.00838751e-08
-3.582926044e-08
7.388479565e-08
-4.155025411e-08
7.694148187e-08
-4.741263074e-08
7.93041925e-08
-5.337625231e-08
8.101791439e-08
-5.940525381e-08
8.212174529e-08
-6.546725581e-08
8.264863816e-08
-7.153263903e-08
8.262545881e-08
-7.75738858e-08
8.207330655e-08
-8.356498963e-08
8.100804686e-08
-8.948093081e-08
7.944100633e-08
-9.529721448e-08
7.737978333e-08
-1.009894657e-07
7.482913302e-08
-1.065330764e-07
7.179189133e-08
-1.119028984e-07
6.826990998e-08
-1.170729804e-07
6.426498188e-08
-1.220163437e-07
5.977974332e-08
-1.267047998e-07
5.48185457e-08
-1.311088096e-07
4.93882945e-08
-1.3519739e-07
4.34992568e-08
-1.38938075e-07
3.716584039e-08
-1.422969403e-07
3.040734774e-08
-1.452387045e-07
2.324870633e-08
-1.477269182e-07
1.572117375e-08
-1.4972426e-07
7.863010473e-09
-1.511929576e-07
-2.799036401e-10
-1.520953128e-07
-8.653470586e-09
-1.523944373e-07
-1.719494354e-08
-1.520550956e-07
-2.583255629e-08
-1.510447517e-07
-3.448535242e-08
-1.493347797e-07
-4.306325318e-08
-1.469018385e-07
-5.146740558e-08
-1.437293903e-07
-5.959088335e-08
-1.398093254e-07
-6.731980452e-08
-1.351436434e-07
-7.453492354e-08
-1.297461154e-07
-8.111374444e-08
-1.236438408e-07
-8.69331804e-08
-1.168785869e-07
-9.187275601e-08
-1.095077951e-07
-9.581831005e-08
-1.016051266e-07
-9.866611066e-08
-9.326042994e-08
-1.003272444e-07
-8.457902881e-08
-1.007320898e-07
-7.56802609e-08
-9.983464212e-08
-6.669524427e-08
-9.761642322e-08
-5.776390309e-08
-9.408969988e-08
-4.903134616e-08
-8.929974702e-08
-4.064375301e-08
-8.332593538e-08
-3.274397445e-08
-7.628149425e-08
-2.546709076e-08
-6.83118941e-08
-1.893618453e-08
-5.959190257e-08
-1.325857225e-08
-5.032148001e-08
-8.522698336e-09
-4.072078975e-08
-4.795835001e-09
-3.102463129e-08
-2.122672049e-09
-2.147648444e-08
-5.247346182e-10
-1.232310257e-08
-3.814751132e-09
-5.601060298e-10
6.927290676e-09
-2.10044977e-09
1.95418868e-08
-4.491605261e-09
3.091804009e-08
-7.615584692e-09
4.107947728e-08
-1.136555193e-08
5.006824302e-08
-1.564551354e-08
5.793865703e-08
-2.036981476e-08
6.475282392e-08
-2.546247393e-08
7.057687194e-08
-3.085640615e-08
7.547780732e-08
-3.649257447e-08
7.952096398e-08
-4.231910128e-08
8.276800867e-08
-4.829036834e-08
8.527545956e-08
-5.436613008e-08
8.709367613e-08
-6.051065958e-08
8.82662748e-08
-6.669194215e-08
8.882992073e-08
-7.288092633e-08
8.8814443e-08
-7.905083816e-08
8.824321838e-08
-8.517656012e-08
8.713376882e-08
-9.123407361e-08
8.549851982e-08
-9.719996118e-08
8.33456709e-08
-1.030509636e-07
8.06801354e-08
-1.087635861e-07
7.750451385e-08
-1.143137494e-07
7.382007334e-08
-1.196764808e-07
6.962771323e-08
-1.248256428e-07
6.492890536e-08
-1.297337007e-07
5.972660357e-08
-1.343715286e-07
5.402612246e-08
-1.387082614e-07
4.783598953e-08
-1.427111972e-07
4.116877618e-08
-1.463457629e-07
3.404191352e-08
-1.495755537e-07
2.647849708e-08
-1.523624611e-07
1.850808113e-08
-1.546669084e-07
1.01674578e-08
-1.564482173e-07
1.501405314e-09
-1.576650773e-07
-7.436610634e-09
-1.582762738e-07
-1.658374703e-08
-1.582414821e-07
-2.586734793e-08
-1.575223362e-07
-3.520449831e-08
-1.560836829e-07
-4.450190654e-08
-1.538950419e-07
-5.365604658e-08
-1.509322597e-07
-6.255366552e-08
-1.471793279e-07
-7.107273628e-08
-1.426303178e-07
-7.908393371e-08
-1.372913592e-07
-8.645270296e-08
-1.311825696e-07
-9.304197001e-08
-1.243398112e-07
-9.87155144e-08
-1.168161396e-07
-1.033419817e-07
-1.086827898e-07
-1.067994605e-07
-1.000295484e-07
-1.089804857e-07
-9.096437135e-08
-1.097972668e-07
-8.161213999e-08
-1.091868735e-07
-7.211249673e-08
-1.071160665e-07
-6.26167667e-08
-1.035854299e-07
-5.328404751e-08
-9.863246621e-08
-4.427662847e-08
-9.233335441e-08
-3.575497219e-08
-8.480315053e-08
-2.787254586e-08
-7.619432043e-08
-2.07708177e-08
-6.669363072e-08
-1.457472865e-08
-5.651756906e-08
-9.388908101e-09
-4.590661029e-08
-5.294834492e-09
-3.51187049e-08
-2.349067668e-09
-2.442225126e-08
-5.825083801e-10
-1.408966185e-08
-4.397259511e-09
-5.678980726e-10
7.495188746e-09
-2.12988287e-09
2.11038716e-08
-4.554903151e-09
3.334306037e-08
-7.723423708e-09
4.424799783e-08
-1.152712593e-08
5.387194524e-08
-1.586861738e-08
6.228014848e-08
-2.066095939e-08
6.954516593e-08
-2.582703697e-08
7.574294952e-08
-3.129881599e-08
8.094958633e-08
-3.701652184e-08
8.523866983e-08
-4.292777026e-08
8.867925709e-08
-4.898667816e-08
9.133436746e-08
-5.515297913e-08
9.325997711e-08
-6.139116401e-08
9.450445967e-08
-6.766966212e-08
9.510841884e-08
-7.396007444e-08
9.510485532e-08
-8.0236465e-08
9.451960895e-08
-8.647471317e-08
9.337201699e-08
-9.265192595e-08
9.16757326e-08
-9.874590712e-08
8.943965207e-08
-1.047346785e-07
8.66689068e-08
-1.105960482e-07
8.336588353e-08
-1.163072203e-07
7.953124547e-08
-1.218444429e-07
7.516493578e-08
-1.271826905e-07
7.026715301e-08
-1.322953821e-07
6.483929518e-08
-1.371541348e-07
5.888487518e-08
-1.417285589e-07
5.241041363e-08
-1.459861006e-07
4.542631786e-08
-1.498919426e-07
3.794775555e-08
-1.534089755e-07
2.999553e-08
-1.564978551e-07
2.159696069e-08
-1.591171645e-07
1.278676717e-08
-1.612237032e-07
3.607944047e-09
-1.62772906e-07
-5.887407819e-09
-1.637194898e-07
-1.563716327e-08
-1.640182141e-07
-2.556862363e-08
-1.636249236e-07
-3.559778881e-08
-1.62497814e-07
-4.562901604e-08
-1.605989464e-07
-5.555491418e-08
-1.578960082e-07
-6.52566038e-08
-1.543643034e-07
-7.460444108e-08
-1.499889318e-07
-8.345930521e-08
-1.447670898e-07
-9.167454494e-08
-1.387103956e-07
-9.909866428e-08
-1.318471112e-07
-1.055787988e-07
-1.242241035e-07
-1.109649894e-07
-1.159083633e-07
-1.151152007e-07
-1.069878916e-07
-1.179009575e-07
-9.757176852e-08
-1.192133899e-07
-8.778924818e-08
-1.189693938e-07
-7.778777206e-08
-1.171175426e-07
-6.772987076e-08
-1.136433312e-07
-5.778901231e-08
-1.085733247e-07
-4.814455731e-08
-1.019778094e-07
-3.897607681e-08
-9.397163102e-08
-3.045736823e-08
-8.471302901e-08
-2.275055304e-08
-7.440044591e-08
-1.600064757e-08
-6.326747453e-08
-1.033095977e-08
-5.157629808e-08
-5.839588587e-09
-3.961007607e-08
-2.597213617e-09
-2.766462623e-08
-6.461595579e-10
-1.604071591e-08
-5.043419067e-09
-5.731097554e-10
8.068298503e-09
-2.149948481e-09
2.268071033e-08
-4.598654063e-09
3.579176595e-08
-7.798814105e-09
4.744815788e-08
-1.164116841e-08
5.771429954e-08
-1.602735294e-08
6.666633301e-08
-2.086947631e-08
7.43872893e-08
-2.608954267e-08
8.096301589e-08
-3.161875876e-08
8.647880243e-08
-3.739675498e-08
9.101666605e-08
-4.337074865e-08
9.465325077e-08
-4.949467696e-08
9.745829576e-08
-5.572832413e-08
9.949362428e-08
-6.203646449e-08
1.008126e-07
-6.838803808e-08
1.014599924e-07
-7.475537124e-08
1.014721885e-07
-8.111344979e-08
1.008776875e-07
-8.743924839e-08
9.969781561e-08
-9.371111607e-08
9.794760028e-08
-9.990821526e-08
9.563675126e-08
-1.060100101e-07
9.277070169e-08
-1.119957992e-07
8.935167264e-08
-1.178442872e-07
8.537973342e-08
-1.235331915e-07
8.085384013e-08
-1.290388817e-07
7.577284315e-08
-1.343360491e-07
7.013646261e-08
-1.393974099e-07
6.394623603e-08
-1.441934437e-07
5.720644743e-08
-1.486921747e-07
4.992504883e-08
-1.528590049e-07
4.211458576e-08
-1.566566117e-07
3.379313681e-08
-1.600449252e-07
2.498527422e-08
-1.629812055e-07
1.572304744e-08
-1.654202419e-07
6.046980494e-09
-1.673146905e-07
-3.992959244e-09
-1.68615617e-07
-1.433623672e-08
-1.692731991e-07
-2.49110416e-08
-1.69237702e-07
-3.56332859e-08
-1.684607174e-07
-4.640600058e-08
-1.668966911e-07
-5.711894048e-08
-1.64504753e-07
-6.76485419e-08
-1.61250846e-07
-7.785834807e-08
-1.571101258e-07
-8.760002541e-08
-1.520695747e-07
-9.671509599e-08
-1.461307371e-07
-1.050375019e-07
-1.393124429e-07
-1.12397093e-07
-1.316533477e-07
-1.186240846e-07
-1.232140798e-07
-1.235544686e-07
-1.140787635e-07
-1.270362738e-07
-1.043556801e-07
-1.289364733e-07
-9.417684956e-08
-1.291482243e-07
-8.369636547e-08
-1.275980267e-07
-7.308739536e-08
-1.242523013e-07
-6.25378683e-08
-1.191228517e-07
-5.224499466e-08
-1.12270683e-07
-4.240889102e-08
-1.038077347e-07
-3.322569465e-08
-9.389622538e-08
-2.488062918e-08
-8.274551137e-08
-1.754151175e-08
-7.060659195e-08
-1.135316064e-08
-5.776464918e-08
-6.433080549e-09
-4.453015616e-08
-2.86869632e-09
-3.122901045e-08
-7.161666462e-10
-1.819324558e-08
-5.759585712e-09
-5.757174283e-10
8.64401593e-09
-2.160573424e-09
2.426556632e-08
-4.622711445e-09
3.825390398e-08
-7.841499309e-09
5.066694574e-08
-1.170725451e-08
6.158005474e-08
-1.612104255e-08
7.108012106e-08
-2.099432274e-08
7.92605695e-08
-2.62484436e-08
8.621713674e-08
-3.181401749e-08
9.204437632e-08
-3.763019961e-08
9.683284817e-08
-4.364389705e-08
1.006669482e-07
-4.980893479e-08
1.036233335e-07
-5.608520389e-08
1.057698934e-07
-6.24378145e-08
1.071652107e-07
-6.883627202e-08
1.0785845e-07
-7.525369026e-08
1.078896067e-07
-8.166605069e-08
1.072900479e-07
-8.805151265e-08
1.060832776e-07
-9.438977541e-08
1.04285863e-07
-1.006614904e-07
1.019084662e-07
-1.068477197e-07
9.895693105e-08
-1.129294366e-07
9.543338954e-08
-1.188870622e-07
9.133735895e-08
-1.247000345e-07
8.666681252e-08
-1.303464076e-07
8.141921622e-08
-1.358024766e-07
7.559253157e-08
-1.410424318e-07
6.918619129e-08
-1.460380433e-07
6.220205895e-08
-1.507583809e-07
5.464538637e-08
-1.551695784e-07
4.652578327e-08
-1.592346541e-07
3.785821253e-08
-1.629134013e-07
2.866402147e-08
-1.661623696e-07
1.89720157e-08
-1.689349609e-07
8.819571859e-09
-1.711816688e-07
-1.746251323e-09
-1.728504703e-07
-1.266743526e-08
-1.738874724e-07
-2.38740395e-08
-1.74237758e-07
-3.528300024e-08
-1.738465586e-07
-4.67972e-08
-1.72660747e-07
-5.830475207e-08
-1.706306873e-07
-6.967860163e-08
-1.677124545e-07
-8.077658082e-08
-1.638704161e-07
-9.14420638e-08
-1.590801334e-07
-1.015053787e-07
-1.533315019e-07
-1.107861334e-07
-1.466320001e-07
-1.190965947e-07
-1.390098654e-07
-1.262462193e-07
-1.305169624e-07
-1.320473716e-07
-1.212310722e-07
-1.36322164e-07
-1.112573049e-07
-1.389102405e-07
-1.007283469e-07
-1.396771823e-07
-8.980329623e-08
-1.385230774e-07
-7.866492426e-08
-1.353906733e-07
-6.751532504e-08
-1.302724509e-07
-5.657006466e-08
-1.232159434e-07
-4.605110863e-08
-1.143266907e-07
-3.617895801e-08
-1.03768376e-07
-2.716454264e-08
-9.175992673e-08
-1.920147921e-08
-7.856965536e-08
-1.245928669e-08
-6.450684169e-08
-7.07806711e-09
-4.991137574e-08
-3.165035583e-09
-3.514204197e-08
-7.930022334e-10
-2.056527892e-08
-6.552587944e-09
-5.75737675e-10
9.219753608e-09
-2.16182728e-09
2.585165593e-08
-4.627218924e-09
4.071929562e-08
-7.851689562e-09
5.389141638e-08
-1.172561855e-08
6.545398373e-08
-1.614986476e-08
7.550436727e-08
-2.103550511e-08
8.414620985e-08
-2.630342405e-08
9.148505569e-08
-3.188377468e-08
9.762472695e-08
-3.771533143e-08
1.026644049e-07
-4.374475808e-08
1.066963749e-07
-4.992581748e-08
1.098043929e-07
-5.621854931e-08
1.120626252e-07
-6.25884399e-08
1.135351013e-07
-6.900560445e-08
1.142756145e-07
-7.54439973e-08
1.143279996e-07
-8.188066117e-08
1.137267118e-07
-8.829502158e-08
1.12497638e-07
-9.466822885e-08
1.106590703e-07
-1.009825467e-07
1.082227841e-07
-1.072207843e-07
1.051951687e-07
-1.133657683e-07
1.015783735e-07
-1.19399848e-07
9.737143867e-08
-1.253044317e-07
9.257139615e-08
-1.31059548e-07
8.717433261e-08
-1.366434324e-07
8.117641593e-08
-1.420321351e-07
7.457489397e-08
-1.471991547e-07
6.736907865e-08
-1.521151001e-07
5.956133172e-08
-1.567473861e-07
5.115806927e-08
-1.610599754e-07
4.217080188e-08
-1.650131786e-07
3.261722465e-08
-1.685635308e-07
2.252236791e-08
-1.716637711e-07
1.191981215e-08
-1.742629703e-07
8.5294793e-10
-1.76306729e-07
-1.062367658e-08
-1.777377755e-07
-2.244299293e-08
-1.784966044e-07
-3.452417136e-08
-1.785225479e-07
-4.677125652e-08
-1.777551794e-07
-5.907212055e-08
-1.761361221e-07
-7.129765884e-08
-1.736112992e-07
-8.330140376e-08
-1.701336389e-07
-9.49197241e-08
-1.656662183e-07
-1.059727993e-07
-1.601857824e-07
-1.162665694e-07
-1.536865201e-07
-1.255958569e-07
-1.461839158e-07
-1.337488236e-07
-1.377184232e-07
-1.405128642e-07
-1.283586502e-07
-1.45681937e-07
-1.182036968e-07
-1.49065194e-07
-1.073842729e-07
-1.504966061e-07
-9.606225603e-08
-1.498450943e-07
-8.442842507e-08
-1.470245042e-07
-7.269824679e-08
-1.420026292e-07
-6.110576831e-08
-1.348084219e-07
-4.989587905e-08
-1.255365799e-07
-3.93154108e-08
-1.143488442e-07
-2.960371658e-08
-1.014716209e-07
-2.098347304e-08
-8.71898989e-08
-1.365246399e-08
-7.183785073e-08
-7.777022162e-09
-5.578681756e-08
-3.487664726e-09
-3.94313994e-08
-8.771296946e-10
-2.317581394e-08
-7.429717636e-09
-5.732343577e-10
9.792987966e-09
-2.153947372e-09
2.743236895e-08
-4.612661156e-09
4.317800941e-08
-7.830143812e-09
5.710889904e-08
-1.169726983e-08
6.932110976e-08
-1.611500501e-08
7.992210246e-08
-2.099426443e-08
8.902546927e-08
-2.625561938e-08
9.674641065e-08
-3.182886454e-08
1.031979721e-07
-3.765246036e-08
1.084880007e-07
-4.367287256e-08
1.127167871e-07
-4.984383542e-08
1.159753558e-07
-5.612556661e-08
1.183443564e-07
-6.248395965e-08
1.198934943e-07
-6.88897767e-08
1.206814316e-07
-7.531785969e-08
1.207560826e-07
-8.174637263e-08
1.201552248e-07
-8.815608335e-08
1.189073487e-07
-9.45296882e-08
1.170326752e-07
-1.008511802e-07
1.145442761e-07
-1.071052585e-07
1.11449247e-07
-1.132767744e-07
1.077498894e-07
-1.193502108e-07
1.034448751e-07
-1.25309189e-07
9.853037434e-08
-1.311359986e-07
9.300114225e-08
-1.368111485e-07
8.685156581e-08
-1.423129352e-07
8.007668075e-08
-1.476170304e-07
7.267317379e-08
-1.52696087e-07
6.464038833e-08
-1.575193714e-07
5.598135368e-08
-1.620524271e-07
4.670385759e-08
-1.662567828e-07
3.682158043e-08
-1.700897217e-07
2.635530682e-08
-1.73504134e-07
1.533422448e-08
-1.764484939e-07
3.79730782e-09
-1.7886692e-07
-8.205250479e-09
-1.80699597e-07
-2.061031596e-08
-1.81883228e-07
-3.334054034e-08
-1.823519391e-07
-4.630254536e-08
-1.820385341e-07
-5.938552558e-08
-1.808761932e-07
-7.245999968e-08
-1.788006793e-07
-8.53769177e-08
-1.757530921e-07
-9.796731132e-08
-1.716831849e-07
-1.100427064e-07
-1.665532101e-07
-1.213965442e-07
-1.603421976e-07
-1.318068694e-07
-1.530504962e-07
-1.41040525e-07
-1.447043181e-07
-1.488590423e-07
-1.353599415e-07
-1.550263135e-07
-1.251071532e-07
-1.593179823e-07
-1.140714676e-07
-1.615322917e-07
-1.024146677e-07
-1.615018941e-07
-9.033327889e-08
-1.59105893e-07
-7.805473084e-08
-1.542811772e-07
-6.583116935e-08
-1.470319834e-07
-5.393113687e-08
-1.374366124e-07
-4.262961152e-08
-1.256503696e-07
-3.219713734e-08
-1.119040951e-07
-2.288894684e-08
-9.649808938e-08
-1.49350341e-08
-7.979176346e-08
-8.532071357e-09
-6.21897803e-08
-3.837906726e-09
-4.412556402e-08
-9.689988917e-10
-2.604472177e-08
-8.398716525e-09
-5.683257774e-10
1.036131375e-08
-2.13736449e-09
2.900140767e-08
-4.5799164e-09
4.562056133e-08
-7.778254528e-09
6.030723717e-08
-1.162411249e-08
7.316696772e-08
-1.601881144e-08
8.431680142e-08
-2.087326742e-08
9.387992526e-08
-2.610784088e-08
1.019809841e-07
-3.165203003e-08
1.087421613e-07
-3.744401839e-08
1.142799891e-07
-4.343009743e-08
1.187028661e-07
-4.956399181e-08
1.221092502e-07
-5.580611731e-08
1.245864819e-07
-6.212280019e-08
1.262101772e-07
-6.848548382e-08
1.270441152e-07
-7.486994302e-08
1.271405418e-07
-8.125552179e-08
1.265408035e-07
-8.762440437e-08
1.252762313e-07
-9.396092525e-08
1.233691961e-07
-1.002509196e-07
1.208342704e-07
-1.064811127e-07
1.176794401e-07
-1.126385453e-07
1.139073221e-07
-1.187100301e-07
1.095163599e-07
-1.246816343e-07
1.045019785e-07
-1.305381837e-07
9.885769171e-08
-1.36262784e-07
9.257616611e-08
-1.418363554e-07
8.565025211e-08
-1.472371792e-07
7.807399759e-08
-1.524404561e-07
6.984366534e-08
-1.574178782e-07
6.095877577e-08
-1.621372189e-07
5.142319832e-08
-1.665619518e-07
4.124631336e-08
-1.706509105e-07
3.044426549e-08
-1.743580116e-07
1.904132562e-08
-1.776320694e-07
7.071365652e-09
-1.80416725e-07
-5.420594881e-09
-1.826505953e-07
-1.83764457e-08
-1.842675858e-07
-3.172354975e-08
-1.85197544e-07
-4.537258721e-08
-1.853673046e-07
-5.9215765e-08
-1.847022063e-07
-7.312509797e-08
-1.831281675e-07
-8.695095646e-08
-1.805743977e-07
-1.005210811e-07
-1.769767945e-07
-1.136403096e-07
-1.722820328e-07
-1.260913059e-07
-1.664522878e-07
-1.376366144e-07
-1.594704464e-07
-1.480223663e-07
-1.51345557e-07
-1.569839317e-07
-1.421181518e-07
-1.642537187e-07
-1.318649697e-07
-1.695711645e-07
-1.207025226e-07
-1.726947387e-07
-1.087889202e-07
-1.734154965e-07
-9.632340988e-08
-1.715714033e-07
-8.354322737e-08
-1.670613597e-07
-7.071758216e-08
-1.598576286e-07
-5.813891112e-08
-1.500152834e-07
-4.611188202e-08
-1.376773987e-07
-3.494096242e-08
-1.230750147e-07
-2.491762736e-08
-1.065214244e-07
-1.630840385e-08
-8.840098696e-08
-9.344917787e-09
-6.915326635e-08
-4.216946346e-09
-4.925353545e-08
-1.069040825e-09
-2.919262728e-08
-9.467757348e-09
-5.61192097e-10
1.092250585e-08
-2.112729612e-09
3.055294519e-08
-4.530311276e-09
4.8038143e-08
-7.69813601e-09
6.347506192e-08
-1.150907003e-08
7.697790174e-08
-1.586495591e-08
8.867268731e-08
-2.067680273e-08
9.869177208e-08
-2.586480499e-08
1.071689864e-07
-3.13581824e-08
1.142355387e-07
-3.709484726e-08
1.20016654e-07
-4.302092005e-08
1.246289389e-07
-4.909012315e-08
1.281784533e-07
-5.526308573e-08
1.307594445e-07
-6.150659233e-08
1.324536838e-07
-6.779280453e-08
1.333303274e-07
-7.409847947e-08
1.334462167e-07
-8.040420377e-08
1.328465279e-07
-8.669365521e-08
1.315656828e-07
-9.29528995e-08
1.296284404e-07
-9.916972521e-08
1.270510961e-07
-1.053330164e-07
1.238427313e-07
-1.114321603e-07
1.20006466e-07
-1.174564853e-07
1.155406849e-07
-1.233947246e-07
1.104402179e-07
-1.292345e-07
1.046974671e-07
-1.349618194e-07
9.830348547e-08
-1.405605846e-07
9.124901737e-08
-1.460121053e-07
8.352551829e-08
-1.512946153e-07
7.512617534e-08
-1.563827922e-07
6.604695265e-08
-1.612472811e-07
5.628768729e-08
-1.658542291e-07
4.58532614e-08
-1.701648398e-07
3.475487619e-08
-1.741349663e-07
2.30114521e-08
-1.777147694e-07
1.065116881e-08
-1.808484822e-07
-2.286882083e-09
-1.834742746e-07
-1.575065332e-08
-1.855244248e-07
-2.967339951e-08
-1.869256477e-07
-4.397136428e-08
-1.875998816e-07
-5.854153111e-08
-1.874655448e-07
-7.325943474e-08
-1.864393886e-07
-8.797711266e-08
-1.844390574e-07
-1.025214123e-07
-1.813864508e-07
-1.166929162e-07
-1.772119428e-07
-1.302658139e-07
-1.718594517e-07
-1.429891055e-07
-1.652922589e-07
-1.54589559e-07
-1.574993564e-07
-1.647768342e-07
-1.485019566e-07
-1.732511185e-07
-1.383596519e-07
-1.797134692e-07
-1.271755778e-07
-1.838788128e-07
-1.150998536e-07
-1.854912208e-07
-1.023305743e-07
-1.843406826e-07
-8.911174569e-08
-1.802801883e-07
-7.5727793e-08
-1.732415812e-07
-6.249463453e-08
-1.632484419e-07
-4.974774824e-08
-1.504242849e-07
-3.78281072e-08
-1.349946557e-07
-2.70672381e-08
-1.172822935e-07
-1.77728816e-08
-9.769534345e-08
-1.021675966e-08
-7.670938829e-08
-4.625798636e-09
-5.484449646e-08
-1.177661342e-09
-3.264076456e-08
-1.064541869e-08
-5.520831028e-10
1.147458896e-08
-2.080942129e-09
3.208180422e-08
-4.465678636e-09
5.042287952e-08
-7.592717476e-09
6.660210076e-08
-1.135621587e-08
8.074140014e-08
-1.565860153e-08
9.297507298e-08
-2.041098298e-08
1.034441535e-07
-2.553336639e-08
1.122913698e-07
-3.09546617e-08
1.19656834e-07
-3.661248283e-08
1.256744751e-07
-4.24527639e-08
1.3046922e-07
-4.842922498e-08
1.341549144e-07
-5.450272502e-08
1.368329446e-07
-6.06405392e-08
1.38591498e-07
-6.681559444e-08
1.395053827e-07
-7.300569099e-08
1.396363133e-07
-7.91927317e-08
1.390335686e-07
-8.536197404e-08
1.377349251e-07
-9.150131432e-08
1.357677806e-07
-9.760060855e-08
1.331503904e-07
-1.036510305e-07
1.298931533e-07
-1.096444651e-07
1.259999005e-07
-1.155729319e-07
1.214691518e-07
-1.214280352e-07
1.162953212e-07
-1.272004319e-07
1.104698639e-07
-1.328793139e-07
1.039823674e-07
-1.384518949e-07
9.682159845e-08
-1.439029001e-07
8.897652346e-08
-1.492140494e-07
8.043732461e-08
-1.543635339e-07
7.119643723e-08
-1.593254829e-07
6.12496363e-08
-1.640694225e-07
5.059720097e-08
-1.685597335e-07
3.924518721e-08
-1.727551204e-07
2.720683904e-08
-1.766081149e-07
1.450416328e-08
-1.800646709e-07
1.169673963e-09
-1.830637295e-07
-1.275159471e-08
-1.855372529e-07
-2.719987612e-08
-1.874101646e-07
-4.209845247e-08
-1.886008355e-07
-5.735086028e-08
-1.89022006e-07
-7.283826417e-08
-1.885823201e-07
-8.841679856e-08
-1.87188616e-07
-1.039151164e-07
-1.84749117e-07
-1.191324151e-07
-1.811776369e-07
-1.33837294e-07
-1.763988558e-07
-1.477678865e-07
-1.703546347e-07
-1.606337802e-07
-1.630111973e-07
-1.721202715e-07
-1.543668449e-07
-1.818954709e-07
-1.444596706e-07
-1.896206435e-07
-1.333745547e-07
-1.949639286e-07
-1.212485717e-07
-1.976172038e-07
-1.082738746e-07
-1.973153797e-07
-9.469719842e-08
-1.938568645e-07
-8.081535262e-08
-1.87123427e-07
-6.696647906e-08
-1.770973154e-07
-5.351738134e-08
-1.638733826e-07
-4.084782091e-08
-1.476642162e-07
-2.933321047e-08
-1.287969039e-07
-1.932750363e-08
-1.077010503e-07
-1.114820203e-08
-8.488868988e-08
-5.065274692e-09
-6.092742379e-08
-1.295234097e-09
-3.641080515e-08
-1.194065278e-08
-5.413266354e-10
1.201591559e-08
-2.043180437e-09
3.358365803e-08
-4.388420111e-09
5.27681192e-08
-7.465843042e-09
6.96795237e-08
-1.117091225e-08
8.444646936e-08
-1.540657878e-08
9.721073952e-08
-2.00839543e-08
1.081215291e-07
-2.512275575e-08
1.173301712e-07
-3.04514972e-08
1.249855755e-07
-3.600743341e-08
1.312304113e-07
-4.1736281e-08
1.361980676e-07
-4.759175604e-08
1.400103894e-07
-5.353497232e-08
1.427761608e-07
-5.953374346e-08
1.445902691e-07
-6.556182807e-08
1.455334673e-07
-7.159815054e-08
1.456726358e-07
-7.762602276e-08
1.450614408e-07
-8.363238465e-08
1.43741287e-07
-8.960707516e-08
1.417424712e-07
-9.554213958e-08
1.390854548e-07
-1.014311748e-07
1.357821885e-07
-1.072687107e-07
1.318374364e-07
-1.130496239e-07
1.27250065e-07
-1.187685775e-07
1.220142749e-07
-1.244194811e-07
1.161207674e-07
-1.299949615e-07
1.095578478e-07
-1.354858393e-07
1.023124763e-07
-1.408806008e-07
9.437128495e-08
-1.461648589e-07
8.572158273e-08
-1.51320797e-07
7.635237535e-08
-1.563265899e-07
6.625542923e-08
-1.611558001e-07
5.542641119e-08
-1.657767507e-07
4.386613783e-08
-1.701518822e-07
3.158197055e-08
-1.74237111e-07
1.858939205e-08
-1.779812279e-07
4.913790892e-09
-1.813252737e-07
-9.407548879e-09
-1.842022618e-07
-2.432288799e-08
-1.865368265e-07
-3.976388771e-08
-1.882453268e-07
-5.564236003e-08
-1.892363714e-07
-7.18472195e-08
-1.894119403e-07
-8.824122965e-08
-1.886692845e-07
-1.046577722e-07
-1.869037957e-07
-1.208979039e-07
-1.84013024e-07
-1.367280656e-07
-1.799019808e-07
-1.518789298e-07
-1.744897772e-07
-1.660459838e-07
-1.677175147e-07
-1.788925339e-07
-1.595571511e-07
-1.900558345e-07
-1.500208293e-07
-1.991569653e-07
-1.39169903e-07
-2.058148548e-07
-1.271226567e-07
-2.096644501e-07
-1.140595657e-07
-2.103784707e-07
-1.00224939e-07
-2.076914912e-07
-8.592398274e-08
-2.014243833e-07
-7.151474841e-08
-1.915065498e-07
-5.739506032e-08
-1.779930707e-07
-4.398526577e-08
-1.610740107e-07
-3.170839134e-08
-1.410737783e-07
-2.096985631e-08
-1.184395853e-07
-1.213916577e-08
-9.371938041e-08
-5.535946163e-09
-6.753064338e-08
-1.422093189e-09
-4.052465811e-08
-1.336274597e-08
-5.293380225e-10
1.254525362e-08
-2.000936197e-09
3.505525622e-08
-4.301575725e-09
5.506875874e-08
-7.322381915e-09
7.27003299e-08
-1.095996137e-08
8.808404883e-08
-1.511757414e-08
1.013683523e-07
-1.970611621e-08
1.127100712e-07
-2.46448236e-08
1.222688786e-07
-2.986166781e-08
1.302024197e-07
-3.529345e-08
1.366621935e-07
-4.088562661e-08
1.417902442e-07
-4.65919139e-08
1.457166767e-07
-5.237372372e-08
1.485579707e-07
-5.819948197e-08
1.504160274e-07
-6.404387526e-08
1.513778606e-07
-6.988706396e-08
1.515158245e-07
-7.571389078e-08
1.508882676e-07
-8.151310614e-08
1.495405024e-07
-8.727662377e-08
1.475059888e-07
-9.299881395e-08
1.44807645e-07
-9.867583683e-08
1.414592114e-07
-1.043050144e-07
1.37466614e-07
-1.098842372e-07
1.328292878e-07
-1.15411399e-07
1.275414367e-07
-1.20883853e-07
1.215932215e-07
-1.262978799e-07
1.149718748e-07
-1.316481592e-07
1.076627556e-07
-1.369272337e-07
9.96503595e-08
-1.421249584e-07
9.091930738e-08
-1.472279225e-07
8.145533949e-08
-1.522188386e-07
7.124634541e-08
-1.570758905e-07
6.028346308e-08
-1.617720368e-07
4.856228413e-08
-1.662742725e-07
3.608420625e-08
-1.70542858e-07
2.285797764e-08
-1.745305341e-07
8.901466934e-09
-1.781817457e-07
-5.756337267e-09
-1.814319704e-07
-2.107266328e-08
-1.842071609e-07
-3.698869711e-08
-1.864233977e-07
-5.342612321e-08
-1.87986967e-07
-7.02836502e-08
-1.887949885e-07
-8.743320817e-08
-1.887368066e-07
-1.047159541e-07
-1.876963823e-07
-1.219383282e-07
-1.855559304e-07
-1.388685174e-07
-1.822010291e-07
-1.552338311e-07
-1.775273575e-07
-1.707196554e-07
-1.714490913e-07
-1.849708002e-07
-1.639087831e-07
-1.975961427e-07
-1.548882812e-07
-2.081774672e-07
-1.444199162e-07
-2.162832198e-07
-1.325968501e-07
-2.214875162e-07
-1.195812152e-07
-2.233941056e-07
-1.056085476e-07
-2.216641588e-07
-9.098714074e-08
-2.160457902e-07
-7.609136089e-08
-2.064023296e-07
-6.134868012e-08
-1.927357515e-07
-4.722111603e-08
-1.752015748e-07
-3.418275834e-08
-1.54112136e-07
-2.269590151e-08
-1.299264421e-07
-1.318879824e-08
-1.032264837e-07
-6.038110683e-09
-7.468133093e-08
-1.558526042e-09
-4.500424274e-08
-1.492127201e-08
-5.166311727e-10
1.30618848e-08
-1.956054195e-09
3.649467925e-08
-4.208904014e-09
5.732160857e-08
-7.168353472e-09
7.565977937e-08
-1.073177404e-08
9.164746942e-08
-1.480233623e-08
1.054389145e-07
-1.929035638e-08
1.171980913e-07
-2.411429337e-08
1.270928157e-07
-2.92013633e-08
1.352894897e-07
-3.448778661e-08
1.419486169e-07
-3.991871175e-08
1.472211694e-07
-4.544787481e-08
1.512458398e-07
-5.103705894e-08
1.541471548e-07
-5.665541491e-08
1.560343834e-07
-6.227869644e-08
1.570011421e-07
-6.788845459e-08
1.571255826e-07
-7.34712248e-08
1.564710379e-07
-7.901773103e-08
1.550870086e-07
-8.45221223e-08
1.530103801e-07
-8.998125025e-08
1.50266773e-07
-9.539399066e-08
1.468719519e-07
-1.007606077e-07
1.42833231e-07
-1.060821562e-07
1.381508364e-07
-1.113599165e-07
1.328191969e-07
-1.165948508e-07
1.268281558e-07
-1.217870754e-07
1.201640994e-07
-1.269353343e-07
1.128110146e-07
-1.320364657e-07
1.047514909e-07
-1.370848477e-07
9.596768939e-08
-1.420718125e-07
8.64423043e-08
-1.469850167e-07
7.61595496e-08
-1.518077574e-07
6.510620384e-08
-1.565182261e-07
5.327275283e-08
-1.610886947e-07
4.065467487e-08
-1.654846368e-07
2.725391977e-08
-1.696637957e-07
1.308062576e-08
-1.735752384e-07
-1.844894496e-09
-1.771583271e-07
-1.748957459e-08
-1.803419867e-07
-3.380503751e-08
-1.830438606e-07
-5.072424921e-08
-1.851699236e-07
-6.815758727e-08
-1.866145502e-07
-8.598858153e-08
-1.872612924e-07
-1.040692118e-07
-1.869846406e-07
-1.2221498e-07
-1.856530786e-07
-1.402000794e-07
-1.831337497e-07
-1.5775316e-07
-1.792990138e-07
-1.745543912e-07
-1.740350684e-07
-1.902347456e-07
-1.672526065e-07
-2.043786045e-07
-1.588991926e-07
-2.16530881e-07
-1.489726404e-07
-2.26209772e-07
-1.375342405e-07
-2.329259161e-07
-1.24720267e-07
-2.36208079e-07
-1.107499122e-07
-2.356345136e-07
-9.592778383e-08
-2.308679185e-07
-8.063945559e-08
-2.216906578e-07
-6.53393299e-08
-2.080358772e-07
-5.05311951e-08
-1.900097096e-07
-3.674315611e-08
-1.67900175e-07
-2.449981431e-08
-1.421697839e-07
-1.429539147e-08
-1.134309065e-07
-6.571761135e-09
-8.240496124e-08
-1.704767407e-09
-4.987123646e-08
-1.662603941e-08
-5.038321139e-10
1.356571692e-08
-1.910780474e-09
3.790162762e-08
-4.114977436e-09
5.952580554e-08
-7.011073743e-09
7.855587569e-08
-1.04965633e-08
9.513295899e-08
-1.447390695e-08
1.094162582e-07
-1.885230624e-08
1.215764906e-07
-2.354902742e-08
1.317895368e-07
-2.849024728e-08
1.402307095e-07
-3.361144886e-08
1.470698184e-07
-3.885742833e-08
1.524671489e-07
-4.418198938e-08
1.565704009e-07
-4.954740425e-08
1.595125697e-07
-5.492371523e-08
1.614106944e-07
-6.028793987e-08
1.623653668e-07
-6.562323131e-08
1.624608741e-07
-7.091803199e-08
1.617658386e-07
-7.616524807e-08
1.603342247e-07
-8.136146154e-08
1.582065936e-07
-8.650618946e-08
1.554115009e-07
-9.160119316e-08
1.519669556e-07
-9.664983591e-08
1.478818738e-07
-1.016564841e-07
1.431574846e-07
-1.066259445e-07
1.377886574e-07
-1.115629283e-07
1.317651396e-07
-1.164715312e-07
1.250727023e-07
-1.213547181e-07
1.176942015e-07
-1.26213799e-07
1.096105719e-07
-1.310478831e-07
1.008017735e-07
-1.358532961e-07
9.124771734e-08
-1.406229473e-07
8.092920082e-08
-1.453456313e-07
6.982888779e-08
-1.500052518e-07
5.793237337e-08
-1.545799574e-07
4.522938055e-08
-1.590411818e-07
3.171514415e-08
-1.633525948e-07
1.73920388e-08
-1.674689977e-07
2.271508431e-09
-1.713350184e-07
-1.36235539e-08
-1.748841533e-07
-3.025590259e-08
-1.780374892e-07
-4.757091332e-08
-1.807028255e-07
-6.549225095e-08
-1.827741455e-07
-8.391726152e-08
-1.841316966e-07
-1.027116606e-07
-1.846429858e-07
-1.217036908e-07
-1.841650518e-07
-1.406780134e-07
-1.825484242e-07
-1.593697876e-07
-1.796431765e-07
-1.774596389e-07
-1.75307416e-07
-1.945705061e-07
-1.694183783e-07
-2.102676422e-07
-1.618859951e-07
-2.240632642e-07
-1.526683605e-07
-2.354274066e-07
-1.417879723e-07
-2.438063043e-07
-1.293470371e-07
-2.486490142e-07
-1.155396411e-07
-2.494419095e-07
-1.00658366e-07
-2.457491936e-07
-8.509315037e-08
-2.372558734e-07
-6.932096481e-08
-2.238080627e-07
-5.388616882e-08
-2.054445055e-07
-3.937306754e-08
-1.824132763e-07
-2.637384367e-08
-1.551690078e-07
-1.545631487e-08
-1.243484353e-07
-7.136562533e-09
-9.072471357e-08
-1.860995599e-09
-5.514680338e-08
-1.848703501e-08
-4.916962093e-10
1.405741314e-08
-1.867822425e-09
3.927775385e-08
-4.02529952e-09
6.168328265e-08
-6.859331884e-09
8.138990807e-08
-1.026657248e-08
9.85401996e-08
-1.414788652e-08
1.132975722e-07
-1.841062483e-08
1.258392289e-07
-2.297031072e-08
1.363492227e-07
-2.775172327e-08
1.450121221e-07
-3.26894278e-08
1.52007523e-07
-3.772783994e-08
1.57505561e-07
-4.282092319e-08
1.616634841e-07
-4.793161932e-08
1.646232659e-07
-5.303110088e-08
1.665101759e-07
-5.809792073e-08
1.674321867e-07
-6.311711755e-08
1.674800709e-07
-6.807932065e-08
1.667280417e-07
-7.297988368e-08
1.652347878e-07
-7.781806548e-08
1.630447754e-07
-8.259626724e-08
1.601897027e-07
-8.731932854e-08
1.566900169e-07
-9.199387955e-08
1.525564248e-07
-9.662774354e-08
1.477913486e-07
-1.012293811e-07
1.423902949e-07
-1.058073655e-07
1.363431241e-07
-1.103698783e-07
1.296352151e-07
-1.149242103e-07
1.222485335e-07
-1.194762563e-07
1.14162618e-07
-1.240299867e-07
1.053555039e-07
-1.285868803e-07
9.580461093e-08
-1.331453021e-07
8.548762261e-08
-1.376998085e-07
7.438339424e-08
-1.422403632e-07
6.247292806e-08
-1.467514468e-07
4.974046422e-08
-1.51211048e-07
3.617474534e-08
-1.55589531e-07
2.177052186e-08
-1.59848385e-07
6.530362473e-09
-1.639387891e-07
-9.533149838e-09
-1.678002828e-07
-2.639440885e-08
-1.713592343e-07
-4.40119618e-08
-1.745274398e-07
-6.232404542e-08
-1.772009881e-07
-8.124371321e-08
-1.792595948e-07
-1.00653054e-07
-1.805667242e-07
-1.203965614e-07
-1.809709015e-07
-1.40273836e-07
-1.803086998e-07
-1.600319893e-07
-1.784099404e-07
-1.793583982e-07
-1.751056327e-07
-1.978748138e-07
-1.702390558e-07
-2.151342191e-07
-1.636801094e-07
-2.306222107e-07
-1.553425951e-07
-2.437649208e-07
-1.452034445e-07
-2.539454549e-07
-1.333221377e-07
-2.605303209e-07
-1.198578171e-07
-2.629062301e-07
-1.050810863e-07
-2.605259245e-07
-8.93774708e-08
-2.529594889e-07
-7.324018836e-08
-2.399453451e-07
-5.725131066e-08
-2.214333832e-07
-4.205243386e-08
-1.976121531e-07
-2.830820753e-08
-1.689132341e-07
-1.666797099e-08
-1.359886718e-07
-7.731841198e-09
-9.966084334e-08
-2.027332443e-09
-6.085131212e-08
-2.051436745e-08
-4.811306115e-10
1.453854376e-08
-1.830425807e-09
4.062704906e-08
-3.946452322e-09
6.379930918e-08
-6.723607843e-09
8.41670636e-08
-1.005634996e-08
1.018729417e-07
-1.384274377e-08
1.17083966e-07
-1.79873193e-08
1.299838045e-07
-2.240315639e-08
1.407650599e-07
-2.701320307e-08
1.496221688e-07
-3.175091339e-08
1.567452333e-07
-3.656032766e-08
1.623149753e-07
-4.139572713e-08
1.664988836e-07
-4.622098848e-08
1.694485272e-07
-5.100874696e-08
1.712979344e-07
-5.573945639e-08
1.721628961e-07
-6.040041341e-08
1.72141028e-07
-6.498479365e-08
1.713124219e-07
-6.949073137e-08
1.697407255e-07
-7.392046074e-08
1.674745048e-07
-7.827952685e-08
1.645487688e-07
-8.257606752e-08
1.609865576e-07
-8.682016131e-08
1.568005187e-07
-9.102323439e-08
1.519944217e-07
-9.51975158e-08
1.465645763e-07
-9.935552957e-08
1.405011379e-07
-1.035096106e-07
1.337892961e-07
-1.076714304e-07
1.264103533e-07
-1.118515171e-07
1.183427046e-07
-1.160587538e-07
1.095627407e-07
-1.202998391e-07
1.000456962e-07
-1.245786884e-07
8.976647193e-08
-1.288957602e-07
7.870046604e-08
-1.332472842e-07
6.682445208e-08
-1.376243722e-07
5.411755228e-08
-1.420119913e-07
4.056236443e-08
-1.46387784e-07
2.614631461e-08
-1.507207217e-07
1.086330014e-08
-1.549695839e-07
-5.284287629e-09
-1.590812955e-07
-2.22826972e-08
-1.629892147e-07
-4.010404261e-08
-1.666112409e-07
-5.87020192e-08
-1.698480979e-07
-7.800685614e-08
-1.725819107e-07
-9.791924118e-08
-1.746753879e-07
-1.183030842e-07
-1.759720304e-07
-1.389771935e-07
-1.762979071e-07
-1.597061126e-07
-1.754656503e-07
-1.80190655e-07
-1.732813829e-07
-2.000590813e-07
-1.695552431e-07
-2.188603589e-07
-1.641159588e-07
-2.360614949e-07
-1.568294747e-07
-2.510514049e-07
-1.476209242e-07
-2.631540054e-07
-1.364982927e-07
-2.716529524e-07
-1.2357508e-07
-2.758294429e-07
-1.090883859e-07
-2.750126185e-07
-9.340845419e-08
-2.686394206e-07
-7.703615346e-08
-2.563176459e-07
-6.05863487e-08
-2.37883188e-07
-4.475753506e-08
-2.134409667e-07
-3.029103381e-08
-1.833797353e-07
-1.792578356e-08
-1.483539221e-07
-8.356591942e-09
-1.092300349e-07
-2.203848839e-09
-6.700405521e-08
-2.271821628e-08
-4.732241922e-10
1.501176796e-08
-1.802475293e-09
4.195630018e-08
-3.886285338e-09
6.588311924e-08
-6.616345373e-09
8.689712365e-08
-9.883085277e-09
1.051396816e-07
-1.358018434e-08
1.207810651e-07
-1.760811067e-08
1.340117308e-07
-2.18766361e-08
1.450335853e-07
-2.630637368e-08
1.540519064e-07
-3.082947662e-08
1.612683363e-07
-3.538967328e-08
1.66875172e-07
-3.994181392e-08
1.710510243e-07
-4.445108815e-08
1.739578015e-07
-4.889204543e-08
1.757388917e-07
-5.324752256e-08
1.765183733e-07
-5.750755354e-08
1.76401059e-07
-6.166831362e-08
1.75473182e-07
-6.573112927e-08
1.738035412e-07
-6.970157075e-08
1.714449463e-07
-7.358863287e-08
1.68435831e-07
-7.740400202e-08
1.648019267e-07
-8.116140216e-08
1.605579188e-07
-8.487600972e-08
1.557090293e-07
-8.856392484e-08
1.502524915e-07
-9.22416857e-08
1.441788988e-07
-9.592581127e-08
1.374734217e-07
-9.963235759e-08
1.301168996e-07
-1.033764714e-07
1.220868184e-07
-1.071719242e-07
1.133581936e-07
-1.110306091e-07
1.039043811e-07
-1.149619801e-07
9.369784297e-08
-1.189724139e-07
8.271089987e-08
-1.23064471e-07
7.091650915e-08
-1.272360321e-07
5.828911339e-08
-1.314792851e-07
4.480561742e-08
-1.357795364e-07
3.044656598e-08
-1.401138293e-07
1.519759305e-08
-1.44449358e-07
-9.487589047e-10
-1.487415576e-07
-1.799049755e-08
-1.529322895e-07
-3.591331075e-08
-1.569475008e-07
-5.468680782e-08
-1.60694996e-07
-7.425936092e-08
-1.640622862e-07
-9.455195097e-08
-1.66914816e-07
-1.154505544e-07
-1.690949782e-07
-1.367970312e-07
-1.704224847e-07
-1.583786061e-07
-1.706968298e-07
-1.799163099e-07
-1.697027297e-07
-2.010531814e-07
-1.672194758e-07
-2.213436127e-07
-1.630350314e-07
-2.402459394e-07
-1.569653219e-07
-2.571211144e-07
-1.488784475e-07
-2.712408798e-07
-1.387224585e-07
-2.818089415e-07
-1.265539845e-07
-2.879979169e-07
-1.125636644e-07
-2.890029386e-07
-9.709341183e-08
-2.841096731e-07
-8.064057432e-08
-2.727704833e-07
-6.384539509e-08
-2.546783672e-07
-4.746093778e-08
-2.29825424e-07
-3.23083581e-08
-1.98532315e-07
-1.922422838e-08
-1.614380518e-07
-9.009510151e-09
-1.194447532e-07
-2.390578347e-09
-7.3622987e-08
-2.510879463e-08
-4.692878784e-10
1.548105584e-08
-1.788627309e-09
4.327563962e-08
-3.854160206e-09
6.794865215e-08
-6.55229798e-09
8.959526144e-08
-9.767023982e-09
1.083544077e-07
-1.338559046e-08
1.243996316e-07
-1.730285171e-08
1.379289921e-07
-2.142423334e-08
1.491549669e-07
-2.566745159e-08
1.582951246e-07
-2.996320009e-08
1.655640848e-07
-3.425505104e-08
1.711670229e-07
-3.849880457e-08
1.752947778e-07
-4.266148791e-08
1.781204848e-07
-4.672016539e-08
1.797975692e-07
-5.066067964e-08
1.804588875e-07
-5.447640764e-08
1.80216787e-07
-5.81670854e-08
1.791638598e-07
-6.173773117e-08
1.77374187e-07
-6.519768013e-08
1.749048953e-07
-6.855973172e-08
1.717978826e-07
-7.18394027e-08
1.680815977e-07
-7.505427467e-08
1.637727908e-07
-7.82234222e-08
1.588781768e-07
-8.136690621e-08
1.533959755e-07
-8.450531694e-08
1.473173095e-07
-8.765935047e-08
1.406274553e-07
-9.084940251e-08
1.333069517e-07
-9.409516286e-08
1.253325788e-07
-9.741519328e-08
1.16678224e-07
-1.008264702e-07
1.073156581e-07
-1.043438728e-07
9.721524558e-08
-1.079795947e-07
8.634662176e-08
-1.117424554e-07
7.467936995e-08
-1.156370861e-07
6.218374407e-08
-1.196629585e-07
4.883148981e-08
-1.238132267e-07
3.459683422e-08
-1.280733574e-07
1.94577238e-08
-1.324195224e-07
3.397406061e-09
-1.368165833e-07
-1.359343665e-08
-1.412161081e-07
-3.151378584e-08
-1.455537969e-07
-5.034911905e-08
-1.497467859e-07
-7.00663719e-08
-1.536908455e-07
-9.06078914e-08
-1.572576906e-07
-1.118837092e-07
-1.602927785e-07
-1.337619433e-07
-1.626141473e-07
-1.560572373e-07
-1.640130784e-07
-1.785173787e-07
-1.642575972e-07
-2.008086625e-07
-1.631000086e-07
-2.225012013e-07
-1.602896994e-07
-2.430562486e-07
-1.555921983e-07
-2.618186154e-07
-1.488148287e-07
-2.780182493e-07
-1.398381249e-07
-2.907856453e-07
-1.286505457e-07
-2.99185496e-07
-1.153821513e-07
-3.022713329e-07
-1.003313056e-07
-2.991605188e-07
-8.397782131e-08
-2.891239676e-07
-6.697694445e-08
-2.716792441e-07
-5.01315101e-08
-2.466708583e-07
-3.43441863e-08
-2.143196388e-07
-2.055691813e-08
-1.752253199e-07
-9.689057096e-09
-1.303126142e-07
-2.587541946e-09
-8.072450214e-08
-2.769633657e-08
-4.709094517e-10
1.59519653e-08
-1.79448667e-09
4.459921685e-08
-3.861269504e-09
7.0015435e-08
-6.548969127e-09
9.228296108e-08
-9.731980632e-09
1.115374192e-07
-1.328854479e-08
1.279561958e-07
-1.710599917e-08
1.417464465e-07
-2.108420953e-08
1.531331773e-07
-2.513740087e-08
1.62348316e-07
-2.91947206e-08
1.696214045e-07
-3.31998804e-08
1.751721827e-07
-3.711018753e-08
1.79205085e-07
-4.089522049e-08
1.819055178e-07
-4.453534306e-08
1.834376918e-07
-4.802019459e-08
1.839437391e-07
-5.134724644e-08
1.835438388e-07
-5.452047718e-08
1.823370906e-07
-5.754919177e-08
1.804029016e-07
-6.044699056e-08
1.778026941e-07
-6.323088179e-08
1.745817738e-07
-6.592052407e-08
1.7077124e-07
-6.853758137e-08
1.663898481e-07
-7.110517178e-08
1.614457672e-07
-7.364739094e-08
1.559381947e-07
-7.618889179e-08
1.498588104e-07
-7.875450256e-08
1.431930661e-07
-8.136886564e-08
1.359213148e-07
-8.405608039e-08
1.280197935e-07
-8.683933222e-08
1.194614759e-07
-8.974049004e-08
1.102168159e-07
-9.277965246e-08
1.00254408e-07
-9.597462156e-08
8.954159088e-08
-9.934028027e-08
7.804502867e-08
-1.028878462e-07
6.573131003e-08
-1.066239705e-07
5.256761407e-08
-1.105496449e-07
3.852250869e-08
-1.146588845e-07
2.356696343e-08
-1.189371354e-07
7.675656902e-09
-1.233593148e-07
-9.17125717e-09
-1.278876148e-07
-2.698548581e-08
-1.324688747e-07
-4.576785917e-08
-1.370315158e-07
-6.550373076e-08
-1.414821992e-07
-8.615720805e-08
-1.457023165e-07
-1.076635919e-07
-1.495446185e-07
-1.299196413e-07
-1.52830482e-07
-1.527713738e-07
-1.553485877e-07
-1.75999273e-07
-1.568560991e-07
-1.99301151e-07
-1.570837511e-07
-2.222735493e-07
-1.557464739e-07
-2.443935258e-07
-1.525611431e-07
-2.650039462e-07
-1.472725588e-07
-2.833068336e-07
-1.396876238e-07
-2.983705803e-07
-1.297158406e-07
-3.091572792e-07
-1.174118349e-07
-3.145753386e-07
-1.030131625e-07
-3.135591912e-07
-8.696504334e-08
-3.051720868e-07
-6.992390775e-08
-2.887203796e-07
-5.273449127e-08
-2.638602748e-07
-3.638062654e-08
-2.306735035e-07
-2.191675267e-08
-1.896891938e-07
-1.039356859e-08
-1.418357983e-07
-2.794788028e-09
-8.83232827e-08
-3.049112459e-08
-4.800282657e-10
1.643199358e-08
-1.826842202e-09
4.59460308e-08
-3.921052671e-09
7.210964548e-08
-6.627171817e-09
9.498908024e-08
-9.805969932e-09
1.147162173e-07
-1.332344699e-08
1.314736728e-07
-1.705713285e-08
1.454801324e-07
-2.089995685e-08
1.569760013e-07
-2.476207071e-08
1.662104298e-07
-2.85711221e-08
1.734304559e-07
-3.227146273e-08
1.788725234e-07
-3.582270135e-08
1.827563236e-07
-3.919792155e-08
1.85280738e-07
-4.238179546e-08
1.866215657e-07
-4.53687472e-08
1.869306908e-07
-4.816125859e-08
1.863363502e-07
-5.076836405e-08
1.84944196e-07
-5.320434984e-08
1.828388874e-07
-5.548765251e-08
1.800859967e-07
-5.763993906e-08
1.767340604e-07
-5.968534584e-08
1.728166468e-07
-6.164985043e-08
1.683543527e-07
-6.356075151e-08
1.633566683e-07
-6.544623294e-08
1.578236761e-07
-6.733499019e-08
1.517475676e-07
-6.92558991e-08
1.45113975e-07
-7.12377083e-08
1.37903124e-07
-7.330873804e-08
1.300908233e-07
-7.549656819e-08
1.21649306e-07
-7.782769784e-08
1.125479455e-07
-8.032715807e-08
1.027538683e-07
-8.301805766e-08
9.223249048e-08
-8.592103864e-08
8.094800967e-08
-8.905361495e-08
6.886388635e-08
-9.24293622e-08
5.594336133e-08
-9.60569202e-08
4.215006671e-08
-9.993876518e-08
2.744880843e-08
-1.040696983e-07
1.180659005e-08
-1.084349772e-07
-4.805978223e-09
-1.130080398e-07
-2.241242323e-08
-1.177478927e-07
-4.102800628e-08
-1.225958183e-07
-6.065580512e-08
-1.274716394e-07
-8.128138692e-08
-1.322695375e-07
-1.028656938e-07
-1.368536343e-07
-1.253355445e-07
-1.410537432e-07
-1.485712649e-07
-1.446619924e-07
-1.723910238e-07
-1.474314105e-07
-1.965317329e-07
-1.490780144e-07
-2.206269454e-07
-1.49288367e-07
-2.441831732e-07
-1.477348059e-07
-2.665575072e-07
-1.441003369e-07
-2.869413027e-07
-1.381142384e-07
-3.043566788e-07
-1.295974989e-07
-3.176740187e-07
-1.185143085e-07
-3.256585291e-07
-1.050224136e-07
-3.270510861e-07
-8.951222888e-08
-3.206822715e-07
-7.262362201e-08
-3.056089865e-07
-5.523158771e-08
-2.812523091e-07
-3.839808782e-08
-2.475070034e-07
-2.329614676e-08
-2.047911348e-07
-1.112141957e-08
-1.540105254e-07
-3.01245312e-09
-9.643224913e-08
-3.350357771e-08
-4.990374345e-10
1.693103102e-08
-1.89398138e-09
4.734097476e-08
-4.049737903e-09
7.426540202e-08
-6.811736207e-09
9.775107856e-08
-1.002197415e-08
1.179264553e-07
-1.353022187e-08
1.349819206e-07
-1.720149543e-08
1.491514059e-07
-2.092028505e-08
1.60694791e-07
-2.459217317e-08
1.69882318e-07
-2.814357632e-08
1.769818591e-07
-3.152027971e-08
1.822492268e-07
-3.468530228e-08
1.859213462e-07
-3.76164888e-08
1.882119245e-07
-4.030409833e-08
1.893091753e-07
-4.274855502e-08
1.893751475e-07
-4.495844927e-08
1.885462445e-07
-4.694882299e-08
1.869345698e-07
-4.873973752e-08
1.846298019e-07
-5.035510207e-08
1.817013613e-07
-5.18217298e-08
1.782006882e-07
-5.316858542e-08
1.741635024e-07
-5.442618819e-08
1.696119555e-07
-5.562613741e-08
1.645566175e-07
-5.680073077e-08
1.589982695e-07
-5.79826501e-08
1.52929487e-07
-5.920469191e-08
1.463360168e-07
-6.049952298e-08
1.391979551e-07
-6.189944351e-08
1.314907438e-07
-6.343614162e-08
1.231860041e-07
-6.514042211e-08
1.142522261e-07
-6.704189284e-08
1.04655339e-07
-6.916859011e-08
9.435918777e-08
-7.154652197e-08
8.332594154e-08
-7.419910395e-08
7.151646834e-08
-7.714645656e-08
5.889071396e-08
-8.040452586e-08
4.540813602e-08
-8.398397896e-08
3.102826154e-08
-8.788882566e-08
1.571143675e-08
-9.211468415e-08
-5.801197199e-10
-9.664652517e-08
-1.78805822e-08
-1.014561756e-07
-3.621835588e-08
-1.064989296e-07
-5.561305108e-08
-1.117095909e-07
-7.607072561e-08
-1.169978069e-07
-9.757747775e-08
-1.222427931e-07
-1.200905584e-07
-1.272877245e-07
-1.435263335e-07
-1.319343642e-07
-1.677443841e-07
-1.359389311e-07
-1.92527166e-07
-1.390107738e-07
-2.175551027e-07
-1.40816051e-07
-2.423778959e-07
-1.409891759e-07
-2.663843824e-07
-1.391549684e-07
-2.887755102e-07
-1.349638812e-07
-3.085477659e-07
-1.281408829e-07
-3.24497017e-07
-1.185453609e-07
-3.352540511e-07
-1.062350015e-07
-3.393614454e-07
-9.152207468e-08
-3.353951983e-07
-7.500773989e-08
-3.221233213e-07
-5.758104258e-08
-2.986790064e-07
-4.037553257e-08
-2.647125134e-07
-2.468734634e-08
-2.204793211e-07
-1.187126041e-08
-1.668266114e-07
-3.240850838e-09
-1.050626587e-07
-3.674442855e-08
-5.309239671e-10
1.746195499e-08
-2.006110576e-09
4.881616139e-08
-4.267045709e-09
7.652633717e-08
-7.132396043e-09
1.006164289e-07
-1.041885785e-08
1.212129171e-07
-1.395509882e-08
1.385181616e-07
-1.759049566e-08
1.527868028e-07
-2.119954561e-08
1.643038409e-07
-2.468296814e-08
1.733657405e-07
-2.796656604e-08
1.80265457e-07
-3.099876187e-08
1.852814226e-07
-3.374750518e-08
1.886700895e-07
-3.619703329e-08
1.906614527e-07
-3.834479024e-08
1.914569322e-07
-4.019867211e-08
1.912290294e-07
-4.177467104e-08
1.901222435e-07
-4.309492765e-08
1.882548264e-07
-4.418616438e-08
1.857210387e-07
-4.507845317e-08
1.825936501e-07
-4.580426385e-08
1.789264989e-07
-4.63977401e-08
1.747569787e-07
-4.68941538e-08
1.701083692e-07
-4.732949554e-08
1.649919593e-07
-4.774016475e-08
1.594089387e-07
-4.816273018e-08
1.533520524e-07
-4.863373554e-08
1.468070222e-07
-4.918952889e-08
1.397537484e-07
-4.98660994e-08
1.321673144e-07
-5.069890591e-08
1.240188107e-07
-5.17226815e-08
1.152760017e-07
-5.297119925e-08
1.059038568e-07
-5.447698333e-08
9.586497185e-08
-5.62709466e-08
8.511990483e-08
-5.838193208e-08
7.362745383e-08
-6.083612962e-08
6.134491151e-08
-6.365633101e-08
4.822833742e-08
-6.686097474e-08
3.423290527e-08
-7.046293286e-08
1.931339488e-08
-7.446795834e-08
3.424905768e-09
-7.887257301e-08
-1.347596751e-08
-8.366167682e-08
-3.142925206e-08
-8.880528485e-08
-5.046944304e-08
-9.425449398e-08
-7.062151647e-08
-9.993654644e-08
-9.189542528e-08
-1.057489422e-07
-1.142781626e-07
-1.115527183e-07
-1.377225575e-07
-1.171652771e-07
-1.621318253e-07
-1.223535893e-07
-1.873388538e-07
-1.268292341e-07
-2.130794579e-07
-1.302475587e-07
-2.389595714e-07
-1.32214134e-07
-2.64417807e-07
-1.323023647e-07
-2.886872794e-07
-1.300860982e-07
-3.107640325e-07
-1.251897359e-07
-3.293933793e-07
-1.173551016e-07
-3.430886854e-07
-1.065190586e-07
-3.501974884e-07
-9.288948127e-08
-3.490247757e-07
-7.700185617e-08
-3.380109464e-07
-5.973759177e-08
-3.159432708e-07
-4.229075372e-08
-2.821593514e-07
-2.60828435e-08
-2.366872313e-07
-1.264234572e-08
-1.802671092e-07
-3.48059967e-09
-1.142244047e-07
-4.022502822e-08
-5.794617393e-10
1.804141674e-08
-2.175916573e-09
5.041261623e-08
-4.5970979e-09
7.894751851e-08
-7.624884019e-09
1.03644215e-07
-1.104242512e-08
1.246304582e-07
-1.46514079e-08
1.421271444e-07
-1.828206306e-08
1.564174579e-07
-2.179742541e-08
1.678192033e-07
-2.509343661e-08
1.766617517e-07
-2.809642945e-08
1.832684499e-07
-3.075923205e-08
1.879442253e-07
-3.305677645e-08
1.909676339e-07
-3.498178338e-08
1.925864596e-07
-3.65408511e-08
1.93016e-07
-3.775110164e-08
1.9243928e-07
-3.863742314e-08
1.91008565e-07
-3.923027828e-08
1.888476815e-07
-3.956401306e-08
1.860547735e-07
-3.967558571e-08
1.827052228e-07
-3.960363498e-08
1.788545481e-07
-3.938781333e-08
1.745411571e-07
-3.906832029e-08
1.697888762e-07
-3.868558321e-08
1.646092222e-07
-3.828004079e-08
1.590033963e-07
-3.789199684e-08
1.529640085e-07
-3.756151662e-08
1.46476542e-07
-3.732834194e-08
1.395205738e-07
-3.723181115e-08
1.320707836e-07
-3.731077002e-08
1.240977695e-07
-3.760345811e-08
1.155686898e-07
-3.814735872e-08
1.064477574e-07
-3.897899991e-08
9.669661305e-08
-4.013369064e-08
8.627459557e-08
-4.164517277e-08
7.513893598e-08
-4.354516373e-08
6.324490248e-08
-4.586275642e-08
5.054593012e-08
-4.862363139e-08
3.699378025e-08
-5.18490277e-08
2.25387912e-08
-5.555439292e-08
7.130271003e-09
-5.974754467e-08
-9.282815756e-09
-6.442639557e-08
-2.675040114e-08
-6.957595246e-08
-4.531988614e-08
-7.516438643e-08
-6.503308249e-08
-8.113804554e-08
-8.592176616e-08
-8.741523554e-08
-1.080009726e-07
-9.387870803e-08
-1.31259085e-07
-1.003670104e-07
-1.556435229e-07
-1.06665262e-07
-1.810406021e-07
-1.124965828e-07
-2.072481371e-07
-1.175163414e-07
-2.339398128e-07
-1.213126061e-07
-2.606215423e-07
-1.234174076e-07
-2.865824779e-07
-1.233341644e-07
-3.108472756e-07
-1.205860662e-07
-3.321414776e-07
-1.147873838e-07
-3.488873678e-07
-1.057339073e-07
-3.592509649e-07
-9.350043185e-08
-3.612582511e-07
-7.85246635e-08
-3.529867147e-07
-6.165216865e-08
-3.328157657e-07
-4.412062082e-08
-2.996908992e-07
-2.747589626e-08
-2.533319558e-07
-1.343498266e-08
-1.943080227e-07
-3.732804933e-09
-1.239265825e-07
-4.395783315e-08
-6.494789085e-10
1.869089565e-08
-2.419317773e-09
5.218245511e-08
-5.069584779e-09
8.159778553e-08
-8.332259297e-09
1.069068896e-07
-1.194658259e-08
1.282447815e-07
-1.568027718e-08
1.45860839e-07
-1.934065422e-08
1.60077835e-07
-2.277812917e-08
1.712566783e-07
-2.588459192e-08
1.797682145e-07
-2.858881858e-08
1.859726765e-07
-3.085057335e-08
1.9020598e-07
-3.2654498e-08
1.927715586e-07
-3.40044393e-08
1.939364009e-07
-3.491853979e-08
1.939301005e-07
-3.542520069e-08
1.929459409e-07
-3.555989584e-08
1.911432601e-07
-3.536274558e-08
1.886505313e-07
-3.487673085e-08
1.855687587e-07
-3.414642283e-08
1.819749147e-07
-3.3217113e-08
1.779252383e-07
-3.213424402e-08
1.734582881e-07
-3.094305825e-08
1.685976904e-07
-2.968840023e-08
1.633545642e-07
-2.841461951e-08
1.577296156e-07
-2.716553935e-08
1.517149283e-07
-2.598446197e-08
1.452954646e-07
-2.49141813e-08
1.384502931e-07
-2.39969962e-08
1.311535985e-07
-2.32747131e-08
1.233754865e-07
-2.27886195e-08
1.150825962e-07
-2.257942122e-08
1.062385591e-07
-2.268713625e-08
9.680432809e-08
-2.315093152e-08
8.673839084e-08
-2.400888698e-08
7.599689145e-08
-2.529766647e-08
6.453368199e-08
-2.705206645e-08
5.230033011e-08
-2.930440232e-08
3.924611613e-08
-3.20836784e-08
2.531806729e-08
-3.541447126e-08
1.046106387e-08
-3.931538994e-08
-5.381897064e-09
-4.379701279e-08
-2.226877829e-08
-4.88592195e-08
-4.025767943e-08
-5.44875208e-08
-5.940478119e-08
-6.064824082e-08
-7.976104614e-08
-6.7282258e-08
-1.013669554e-07
-7.429707066e-08
-1.242442723e-07
-8.155709306e-08
-1.483835005e-07
-8.887242325e-08
-1.737252719e-07
-9.598694611e-08
-2.001336143e-07
-1.025676081e-07
-2.273591508e-07
-1.081981675e-07
-2.549909829e-07
-1.123824871e-07
-2.823981583e-07
-1.145640591e-07
-3.086657036e-07
-1.141690403e-07
-3.325364964e-07
-1.106782685e-07
-3.523781395e-07
-1.037280879e-07
-3.662011456e-07
-9.322993458e-08
-3.717564044e-07
-7.948634079e-08
-3.667303085e-07
-6.327114365e-08
-3.490309628e-07
-4.584119687e-08
-3.17120846e-07
-2.886115117e-08
-2.703120015e-07
-1.425113572e-08
-2.089180382e-07
-3.999317817e-09
-1.341784004e-07
-4.795715097e-08
-7.47232038e-10
1.94381277e-08
-2.756471904e-09
5.419169499e-08
-5.721252592e-09
8.456256622e-08
-9.306471729e-09
1.104921087e-07
-1.319451238e-08
1.321328222e-07
-1.711101225e-08
1.497773388e-07
-2.083656603e-08
1.638033888e-07
-2.420849251e-08
1.746286048e-07
-2.711637601e-08
1.82676098e-07
-2.949444611e-08
1.883507466e-07
-3.131294364e-08
1.920244776e-07
-3.256978867e-08
1.940284036e-07
-3.328324369e-08
1.946498559e-07
-3.348584644e-08
1.941327032e-07
-3.321963106e-08
1.926797255e-07
-3.253251874e-08
1.904561478e-07
-3.14756981e-08
1.875937107e-07
-3.010180227e-08
1.841948629e-07
-2.846370158e-08
1.803368141e-07
-2.661375524e-08
1.76075292e-07
-2.460339349e-08
1.714479264e-07
-2.248292665e-08
1.664772236e-07
-2.030150824e-08
1.611731458e-07
-1.810718493e-08
1.555352923e-07
-1.594700506e-08
1.495547485e-07
-1.38671562e-08
1.432156158e-07
-1.191308379e-08
1.364962207e-07
-1.012960789e-08
1.293701226e-07
-8.561029908e-09
1.218069085e-07
-7.251195105e-09
1.137727614e-07
-6.243519208e-09
1.052308832e-07
-5.580977358e-09
9.614178625e-08
-5.306041194e-09
8.646345468e-08
-5.460554021e-09
7.615140428e-08
-6.085528076e-09
6.515865605e-08
-7.220840535e-09
5.343564257e-08
-8.904793881e-09
4.093006948e-08
-1.117349084e-08
2.758676426e-08
-1.405996394e-08
1.334753697e-08
-1.759295156e-08
-1.848909438e-09
-2.179510033e-08
-1.806662951e-08
-2.668070582e-08
-3.537207394e-08
-3.225242151e-08
-5.38330655e-08
-3.849679795e-08
-7.351666969e-08
-4.537826925e-08
-9.448548408e-08
-5.28311822e-08
-1.167913593e-07
-6.074952638e-08
-1.404651563e-07
-6.897427084e-08
-1.655005274e-07
-7.727869239e-08
-1.918291927e-07
-8.535298071e-08
-2.192848625e-07
-9.279104187e-08
-2.475529217e-07
-9.908458885e-08
-2.761046113e-07
-1.036321512e-07
-3.041181413e-07
-1.057726732e-07
-3.303959744e-07
-1.048532609e-07
-3.532975518e-07
-1.00336065e-07
-3.707183414e-07
-9.193861155e-08
-3.801538579e-07
-7.978575311e-08
-3.788831669e-07
-6.453476883e-08
-3.642819471e-07
-4.742755555e-08
-3.342280593e-07
-3.023534847e-08
-2.875042086e-07
-1.509523722e-08
-2.240581494e-07
-4.283106396e-09
-1.449905312e-07
-5.224025736e-08
-8.809366339e-10
2.031906434e-08
-3.213134122e-09
5.652389249e-08
-6.597780607e-09
8.794721272e-08
-1.061012548e-08
1.145044536e-07
-1.485965176e-08
1.363823485e-07
-1.90207646e-08
1.539384517e-07
-2.284397823e-08
1.676266024e-07
-2.615428904e-08
1.779389156e-07
-2.884227971e-08
1.853640887e-07
-3.085216912e-08
1.903606361e-07
-3.216952526e-08
1.933418337e-07
-3.281013771e-08
1.946690161e-07
-3.281070793e-08
1.946504262e-07
-3.222149945e-08
1.935434948e-07
-3.110080841e-08
1.915590345e-07
-2.951098676e-08
1.888663262e-07
-2.751571552e-08
1.855984394e-07
-2.517823965e-08
1.818573871e-07
-2.256031439e-08
1.777188888e-07
-1.972165943e-08
1.73236637e-07
-1.671976092e-08
1.684460279e-07
-1.360989292e-08
1.633673556e-07
-1.044529233e-08
1.580085452e-07
-7.277379677e-09
1.523673797e-07
-4.156035501e-09
1.464334043e-07
-1.129890423e-09
1.401894707e-07
1.753417038e-09
1.336129133e-07
4.447010967e-09
1.266765287e-07
6.904606737e-09
1.193493127e-07
9.080333417e-09
1.115970347e-07
1.09286014e-08
1.033826153e-07
1.240402486e-08
9.466636279e-08
1.346138753e-08
8.540609202e-08
1.405566045e-08
7.555713137e-08
1.414208329e-08
6.507223321e-08
1.367632692e-08
5.390139894e-08
1.261476518e-08
4.199163122e-08
1.091489874e-08
2.92866307e-08
8.535981523e-09
1.572645419e-08
5.439930322e-09
1.247141765e-09
1.592792426e-09
-1.421949161e-08
-3.033411136e-09
-3.074587037e-08
-8.457868869e-09
-4.840860776e-08
-1.468704247e-08
-6.728749608e-08
-2.170913411e-08
-8.746339243e-08
-2.948646328e-08
-1.090140302e-07
-3.794515552e-08
-1.320064641e-07
-4.696171824e-08
-1.564839647e-07
-5.634636235e-08
-1.824445486e-07
-6.582362412e-08
-2.098076007e-07
-7.501253771e-08
-2.383640081e-07
-8.341088099e-08
-2.67706268e-07
-9.039147925e-08
-2.97137543e-07
-9.522213827e-08
-3.255653154e-07
-9.712304826e-08
-3.513966418e-07
-9.537321089e-08
-3.724681788e-07
-8.946739525e-08
-3.860596735e-07
-7.930586435e-08
-3.890446978e-07
-6.537431608e-08
-3.782134953e-07
-4.885300514e-08
-3.507493702e-07
-3.159805054e-08
-3.047591632e-07
-1.597527005e-08
-2.396809299e-07
-4.588793162e-09
-1.563770081e-07
-5.682905052e-08
-1.061533089e-09
2.138059743e-08
-3.822499454e-09
5.928485886e-08
-7.756116658e-09
9.188082993e-08
-1.23183183e-08
1.190666552e-07
-1.702608363e-08
1.410901138e-07
-2.149280074e-08
1.584051688e-07
-2.543677103e-08
1.715705727e-07
-2.867356154e-08
1.811757061e-07
-3.110035873e-08
1.877908859e-07
-3.267797771e-08
1.919382551e-07
-3.341381985e-08
1.940776759e-07
-3.334733805e-08
1.946025343e-07
-3.253848803e-08
1.938415762e-07
-3.105904808e-08
1.920640548e-07
-2.898641313e-08
1.894863996e-07
-2.639938176e-08
1.862792948e-07
-2.33754699e-08
1.825745276e-07
-1.998934525e-08
1.784712624e-07
-1.63120518e-08
1.740415954e-07
-1.241076864e-08
1.693353539e-07
-8.348919189e-09
1.643841784e-07
-4.186453947e-09
1.592048904e-07
1.972503557e-11
1.538023663e-07
4.215229431e-09
1.481718753e-07
8.347802661e-09
1.423008311e-07
1.236691706e-08
1.361703563e-07
1.622331702e-08
1.297565133e-07
1.986867015e-08
1.230311756e-07
2.32552558e-08
1.159627271e-07
2.63357134e-08
1.085165771e-07
2.906282895e-08
1.006554997e-07
3.138936108e-08
9.233983066e-08
3.326791171e-08
8.352754141e-08
3.465084184e-08
7.417420124e-08
3.549023881e-08
6.423283625e-08
3.573794659e-08
5.365369116e-08
3.534568001e-08
4.238389781e-08
3.426525647e-08
3.036705424e-08
3.244899069e-08
1.754271998e-08
2.985032435e-08
3.845808103e-09
2.642489955e-08
-1.079406681e-08
2.213200968e-08
-2.645298051e-08
1.693686246e-08
-4.321346054e-08
1.081389062e-08
-6.116452425e-08
3.751594474e-09
-8.040109629e-08
-4.240471499e-09
-1.010219642e-07
-1.312186902e-08
-1.231250666e-07
-2.280787049e-08
-1.467979632e-07
-3.31516933e-08
-1.721007258e-07
-4.392215096e-08
-1.99037143e-07
-5.47780742e-08
-2.275080849e-07
-6.524283271e-08
-2.572415095e-07
-7.46865662e-08
-2.876938095e-07
-8.232855439e-08
-3.179233272e-07
-8.727747797e-08
-3.464477183e-07
-8.862860632e-08
-3.711170504e-07
-8.562963902e-08
-3.890586408e-07
-7.790651182e-08
-3.96767825e-07
-6.570711304e-08
-3.904128941e-07
-5.008721146e-08
-3.663692718e-07
-3.295225309e-08
-3.218941216e-07
-1.690420766e-08
-2.557289754e-07
-4.9234458e-09
-1.683577699e-07
-6.175249633e-08
-1.303817421e-09
2.268441486e-08
-4.627722458e-09
6.260876391e-08
-9.267316753e-09
9.652042424e-08
-1.452025903e-08
1.243195975e-07
-1.978759762e-08
1.463574524e-07
-2.461218891e-08
1.632297601e-07
-2.868055656e-08
1.756389404e-07
-3.180513243e-08
1.84300282e-07
-3.389861358e-08
1.89884367e-07
-3.494775428e-08
1.929873958e-07
-3.499031994e-08
1.941202416e-07
-3.40965689e-08
1.937087833e-07
-3.235531544e-08
1.921003227e-07
-2.986400942e-08
1.895727488e-07
-2.672205575e-08
1.863444459e-07
-2.302660088e-08
1.8258384e-07
-1.887011386e-08
1.784180406e-07
-1.433921826e-08
1.739403668e-07
-9.514357285e-09
1.692167344e-07
-4.469968536e-09
1.642909651e-07
7.250001371e-10
1.591892098e-07
6.006355372e-09
1.539235351e-07
1.13140275e-08
1.484946941e-07
1.659142277e-08
1.4289448e-07
2.178464226e-08
1.371076116e-07
2.684186798e-08
1.311131306e-07
3.171284134e-08
1.2488554e-07
3.63483739e-08
1.18395643e-07
4.069992764e-08
1.116111733e-07
4.471926015e-08
1.044972446e-07
4.835812057e-08
9.70166393e-08
5.156799029e-08
8.912996095e-08
5.429986544e-08
8.079566625e-08
5.650407923e-08
7.196998746e-08
5.813016518e-08
6.26067503e-08
5.91267678e-08
5.265708853e-08
5.944161423e-08
4.206905138e-08
5.902157141e-08
3.078709706e-08
5.781282774e-08
1.875146364e-08
5.576125297e-08
5.897382869e-09
5.281307843e-08
-7.845892268e-09
4.891597158e-08
-2.255587366e-08
4.402072824e-08
-3.83182172e-08
3.808389368e-08
-5.52276897e-08
3.107179654e-08
-7.338899915e-08
2.296659186e-08
-9.291675953e-08
1.377510049e-08
-1.139335752e-07
3.541581988e-09
-1.365644447e-07
-7.63433776e-09
-1.609248061e-07
-1.957386549e-08
-1.870976153e-07
-3.198914485e-08
-2.150928056e-07
-4.444900214e-08
-2.447816522e-07
-5.634677052e-08
-2.757960412e-07
-6.688215238e-08
-3.073879453e-07
-7.507753042e-08
-3.382523402e-07
-7.985515364e-08
-3.663394272e-07
-8.019976098e-08
-3.887140335e-07
-7.541333737e-08
-4.015542487e-07
-6.542823418e-08
-4.003979973e-07
-5.109233814e-08
-3.807051679e-07
-3.430456929e-08
-3.386818905e-07
-1.790191078e-08
-2.721316339e-07
-5.297761302e-09
-1.809619194e-07
-6.705025763e-08
-1.628153829e-09
2.431256869e-08
-5.685389756e-09
6.666599984e-08
-1.121985212e-08
1.020548866e-07
-1.732001884e-08
1.304197643e-07
-2.324406132e-08
1.522814949e-07
-2.845687942e-08
1.684425782e-07
-3.261838084e-08
1.798004418e-07
-3.554940074e-08
1.872313019e-07
-3.719165011e-08
1.915266164e-07
-3.757066002e-08
1.933664057e-07
-3.676545294e-08
1.933150345e-07
-3.488563449e-08
1.918289648e-07
-3.20551515e-08
1.892698397e-07
-2.840144476e-08
1.859190421e-07
-2.404867971e-08
1.819916808e-07
-1.911390585e-08
1.776490661e-07
-1.370522812e-08
1.730093628e-07
-7.921299656e-09
1.681564384e-07
-1.851580073e-09
1.631470148e-07
4.42276138e-09
1.580166237e-07
1.082787492e-08
1.527840962e-07
1.729630385e-08
1.474551062e-07
2.376581099e-08
1.42025187e-07
3.017834014e-08
1.364819509e-07
3.64791327e-08
1.30806819e-07
4.261591267e-08
1.249763506e-07
4.853818966e-08
1.18963263e-07
5.419664908e-08
1.127371836e-07
5.954262669e-08
1.062651957e-07
6.452765846e-08
9.951221282e-08
6.910309137e-08
9.244120639e-08
7.321974468e-08
8.501330763e-08
7.682761334e-08
7.71877976e-08
7.987560714e-08
6.892199365e-08
8.231132274e-08
6.017103471e-08
8.408084945e-08
5.088756182e-08
8.512861611e-08
4.102128473e-08
8.539729475e-08
3.051841842e-08
8.482778986e-08
1.932096853e-08
8.335935232e-08
7.365820406e-09
8.092990889e-08
-5.416448843e-09
7.747675352e-08
-1.91027183e-08
7.293768178e-08
-3.377914545e-08
6.725289736e-08
-4.954290528e-08
6.036812527e-08
-6.650422707e-08
5.223953218e-08
-8.478816644e-08
4.284132286e-08
-1.045353659e-07
3.217725206e-08
-1.259003739e-07
2.029748253e-08
-1.490450365e-07
7.3224447e-09
-1.741225775e-07
-6.524615411e-09
-2.012457454e-07
-2.087686179e-08
-2.304294059e-07
-3.517830241e-08
-2.614946005e-07
-4.864377252e-08
-2.939224752e-07
-6.024506975e-08
-3.26651043e-07
-6.875645559e-08
-3.578280414e-07
-7.289732656e-08
-3.845731625e-07
-7.160118373e-08
-4.028503915e-07
-6.439690733e-08
-4.076022737e-07
-5.181566705e-08
-3.932864081e-07
-3.566433023e-08
-3.548332273e-07
-1.899756645e-08
-2.887983977e-07
-5.727870312e-09
-1.942316156e-07
-7.277812794e-08
-2.063138949e-09
2.637570764e-08
-7.070324126e-09
7.167318502e-08
-1.372311766e-08
1.087076802e-07
-2.083507714e-08
1.375317237e-07
-2.749261352e-08
1.589390313e-07
-3.308072134e-08
1.74030686e-07
-3.724596046e-08
1.839656809e-07
-3.983691155e-08
1.89822253e-07
-4.084398422e-08
1.925336891e-07
-4.034858648e-08
1.92871008e-07
-3.848444989e-08
1.914508979e-07
-3.541032041e-08
1.887548353e-07
-3.129189534e-08
1.851514147e-07
-2.629069747e-08
1.809178442e-07
-2.055785203e-08
1.762588354e-07
-1.423116441e-08
1.713223785e-07
-7.4343147e-09
1.662125131e-07
-2.772734387e-10
1.609993971e-07
7.142291721e-09
1.557274497e-07
1.473765372e-08
1.504212617e-07
2.243157239e-08
1.450901776e-07
3.015450677e-08
1.397321718e-07
3.784317512e-08
1.343365187e-07
4.543924663e-08
1.288858794e-07
5.288818875e-08
1.233578769e-07
6.013826705e-08
1.177262723e-07
6.713969124e-08
1.119618388e-07
7.384388396e-08
1.060329909e-07
8.0202856e-08
9.990622369e-08
8.616867097e-08
9.354639785e-08
9.169298148e-08
8.691689588e-08
9.672662154e-08
7.997966757e-08
1.012192425e-07
7.269517665e-08
1.051189824e-07
6.502225379e-08
1.083721615e-07
5.691785559e-08
1.109230007e-07
4.833672261e-08
1.127133633e-07
3.923092208e-08
1.13682529e-07
2.954925272e-08
1.137670169e-07
1.923648065e-08
1.129004842e-07
8.232353062e-09
1.110137503e-07
-3.529714893e-09
1.080351187e-07
-1.612408674e-08
1.038909863e-07
-2.963501308e-08
9.850704613e-08
-4.415896509e-08
9.181045304e-08
-5.980763398e-08
8.373350506e-08
-7.671121847e-08
7.421969492e-08
-9.502155573e-08
6.323340225e-08
-1.149140813e-07
5.077494328e-08
-1.365865776e-07
3.69032193e-08
-1.602508535e-07
2.176837108e-08
-1.861108972e-07
5.656234318e-09
-2.143172691e-07
-1.095515321e-08
-2.44883213e-07
-2.733477266e-08
-2.775428558e-07
-4.245021582e-08
-3.115355998e-07
-5.496990635e-08
-3.453083508e-07
-6.336525791e-08
-3.76177811e-07
-6.616962981e-08
-4.000460196e-07
-6.241462946e-08
-4.113572741e-07
-5.217601655e-08
-4.035250211e-07
-3.704023406e-08
-3.699690098e-07
-2.023264975e-08
-3.05605982e-07
-6.238128406e-09
-2.082261369e-07
-7.901625635e-08
-2.649850706e-09
2.902555835e-08
-8.882183185e-09
7.790551751e-08
-1.691028942e-08
1.167357864e-07
-2.518991857e-08
1.458113529e-07
-3.260911974e-08
1.663582325e-07
-3.84824928e-08
1.799040591e-07
-4.246973305e-08
1.879529212e-07
-4.447769337e-08
1.918302133e-07
-4.457310502e-08
1.926291007e-07
-4.291518923e-08
1.912130922e-07
-3.970824325e-08
1.882439519e-07
-3.517066592e-08
1.84217258e-07
-2.951618947e-08
1.794969382e-07
-2.29435942e-08
1.74345249e-07
-1.563198532e-08
1.689472265e-07
-7.739525189e-09
1.634299184e-07
5.95848627e-10
1.578771393e-07
9.25430549e-09
1.523409403e-07
1.813204115e-08
1.46849714e-07
2.7139018e-08
1.414142849e-07
3.619634519e-08
1.360328504e-07
4.523421138e-08
1.306943056e-07
5.418999468e-08
1.253807354e-07
6.300662803e-08
1.20069246e-07
7.163120376e-08
1.147333012e-07
8.00137914e-08
1.093436847e-07
8.810644339e-08
1.038691868e-07
9.586235665e-08
9.827707762e-08
1.032351634e-07
9.253341692e-08
1.101783265e-07
8.660323474e-08
1.166446164e-07
8.045060602e-08
1.225856499e-07
7.403863406e-08
1.279514749e-07
6.73293517e-08
1.32690186e-07
6.028354264e-08
1.367475621e-07
5.286047948e-08
1.400667162e-07
4.50175685e-08
1.425877551e-07
3.67098832e-08
1.442474485e-07
2.788955933e-08
1.449789161e-07
1.850501296e-08
1.447113457e-07
8.499923497e-09
1.433697605e-07
-2.188129652e-09
1.408749978e-07
-1.36293241e-08
1.371438399e-07
-2.590385515e-08
1.32089557e-07
-3.910468219e-08
1.256231436e-07
-5.334122059e-08
1.176557179e-07
-6.874379276e-08
1.081028548e-07
-8.546869272e-08
9.689206506e-08
-1.037032915e-07
8.397522623e-08
-1.236697388e-07
6.934857652e-08
-1.456242038e-07
5.308362382e-08
-1.698459445e-07
3.537259691e-08
-1.966062422e-07
1.659074832e-08
-2.261013644e-07
-2.625503685e-09
-2.583266038e-07
-2.129636253e-08
-2.92864741e-07
-3.804551212e-08
-3.285592013e-07
-5.114068829e-08
-3.630826348e-07
-5.870757293e-08
-3.92479135e-07
-5.919040171e-08
-4.108744453e-07
-5.203929453e-08
-4.106761282e-07
-3.843173563e-08
-3.835765687e-07
-2.166403198e-08
-3.223736856e-07
-6.865479142e-09
-2.230246898e-07
-8.588173549e-08
-3.448751687e-09
3.247431004e-08
-1.125422895e-08
8.571099477e-08
-2.09382349e-08
1.264197923e-07
-3.04990722e-08
1.553721902e-07
-3.86114813e-08
1.744706416e-07
-4.455076082e-08
1.858433386e-07
-4.803681588e-08
1.914389762e-07
-4.908059225e-08
1.928739897e-07
-4.786226385e-08
1.914107724e-07
-4.4645588e-08
1.879964163e-07
-3.972279757e-08
1.833211615e-07
-3.338195397e-08
1.778764144e-07
-2.588951525e-08
1.720044995e-07
-1.74826295e-08
1.659383632e-07
-8.367224515e-09
1.598318215e-07
1.28067115e-09
1.537820227e-07
1.1311626e-08
1.478461845e-07
2.159948374e-08
1.420530825e-07
3.203782958e-08
1.364113682e-07
4.25361511e-08
1.309159634e-07
5.301679113e-08
1.255522103e-07
6.341223867e-08
1.202988581e-07
7.366281938e-08
1.151301547e-07
8.371475698e-08
1.100173084e-07
9.351856034e-08
1.049294978e-07
1.030276865e-07
9.98345585e-08
1.121974348e-07
9.469943845e-08
1.209840286e-07
8.949048386e-08
1.29343847e-07
8.417359851e-08
1.372327754e-07
7.871430639e-08
1.446056455e-07
7.307773589e-08
1.514157427e-07
6.72285368e-08
1.576143597e-07
6.113073472e-08
1.631503799e-07
5.474752249e-08
1.679698773e-07
4.804098202e-08
1.720157218e-07
4.097172402e-08
1.752271799e-07
3.349842509e-08
1.775395076e-07
2.557723165e-08
1.788835325e-07
1.716098806e-08
1.791852278e-07
8.198228153e-09
1.783652748e-07
-1.368176624e-09
1.763387334e-07
-1.16027827e-08
1.730147506e-07
-2.257987241e-08
1.682965107e-07
-3.438644231e-08
1.620815981e-07
-4.712630796e-08
1.542631373e-07
-6.092533198e-08
1.44732343e-07
-7.593789837e-08
1.333835407e-07
-9.235448929e-08
1.201233859e-07
-1.10409584e-07
1.048869862e-07
-1.303878041e-07
8.766486053e-08
-1.526238189e-07
6.854590157e-08
-1.774872833e-07
4.778188665e-08
-2.053373495e-07
2.587696521e-08
-2.364216824e-07
3.696837436e-09
-2.706846132e-07
-1.74202806e-08
-3.074420832e-07
-3.561696366e-08
-3.448859518e-07
-4.864297081e-08
-3.794531278e-07
-5.428628104e-08
-4.052311351e-07
-5.117518417e-08
-4.137872251e-07
-3.980948777e-08
-3.949422651e-07
-2.336583815e-08
-3.388173353e-07
-7.666249718e-09
-2.387242782e-07
-9.354798522e-08
-4.550970605e-09
3.702528065e-08
-1.436388731e-08
9.552391148e-08
-2.597869007e-08
1.380345951e-07
-3.682807914e-08
1.662215793e-07
-4.538918168e-08
1.830317441e-07
-5.096701358e-08
1.914211705e-07
-5.341926963e-08
1.938912323e-07
-5.292631056e-08
1.923810306e-07
-4.982883649e-08
1.883132983e-07
-4.4525132e-08
1.826927118e-07
-3.741194148e-08
1.76207971e-07
-2.885408339e-08
1.693185563e-07
-1.917164581e-08
1.623220619e-07
-8.637306108e-09
1.554040235e-07
2.520973511e-09
1.486735419e-07
1.411454902e-08
1.421884472e-07
2.598860914e-08
1.359721243e-07
3.80164812e-08
1.300252105e-07
5.009390711e-08
1.243339422e-07
6.213450753e-08
1.188753629e-07
7.406586102e-08
1.136208569e-07
8.582624181e-08
1.085384773e-07
9.736193823e-08
1.035944582e-07
1.086250672e-07
9.875417947e-08
1.195718007e-07
9.398276434e-08
1.301609283e-07
8.924543091e-08
1.403526893e-07
8.450767741e-08
1.501078189e-07
7.973535421e-08
1.593867608e-07
7.489465664e-08
1.681490073e-07
6.995205987e-08
1.763525354e-07
6.487420785e-08
1.839533103e-07
5.962776189e-08
1.909048358e-07
5.417920919e-08
1.971577311e-07
4.849462717e-08
2.026593189e-07
4.25393942e-08
2.073532108e-07
3.627783214e-08
2.111788776e-07
2.967275827e-08
2.140711945e-07
2.26849147e-08
2.159599518e-07
1.527223078e-08
2.167693228e-07
7.388857124e-09
2.164172708e-07
-1.016124646e-09
2.148149586e-07
-1.000047043e-08
2.118660958e-07
-1.963100965e-08
2.074663749e-07
-2.998672139e-08
2.015030461e-07
-4.11629792e-08
1.938548753e-07
-5.327716122e-08
1.843929449e-07
-6.6475968e-08
1.729831328e-07
-8.094467713e-08
1.594917513e-07
-9.691820255e-08
1.437968773e-07
-1.1469293e-07
1.258094477e-07
-1.346363893e-07
1.055102375e-07
-1.571880731e-07
8.301087571e-08
-1.828379877e-07
5.864769725e-08
-2.120585039e-07
3.311268169e-08
-2.451495977e-07
7.610622688e-09
-2.819400242e-07
-1.599599355e-08
-3.212793355e-07
-3.517324552e-08
-3.602758759e-07
-4.703357323e-08
-3.933708074e-07
-4.918143938e-08
-4.11639359e-07
-4.107335318e-08
-4.030503513e-07
-2.542586825e-08
-3.544648202e-07
-8.726319446e-09
-2.55423827e-07
-1.022743047e-07
-6.096385155e-09
4.31216658e-08
-1.844179373e-08
1.078693201e-07
-3.218653767e-08
1.51779339e-07
-4.410860176e-08
1.781436434e-07
-5.256989886e-08
1.914930412e-07
-5.703684814e-08
1.958881198e-07
-5.76246417e-08
1.944790258e-07
-5.477027579e-08
1.895266647e-07
-4.902944975e-08
1.825724722e-07
-4.09636733e-08
1.746269354e-07
-3.10851227e-08
1.663294204e-07
-1.983519721e-08
1.580686308e-07
-7.581036357e-09
1.500679011e-07
5.378501784e-09
1.424444854e-07
1.880348279e-08
1.352485609e-07
3.250352576e-08
1.284884042e-07
4.632823937e-08
1.221474107e-07
6.01585352e-08
1.161949146e-07
7.389976734e-08
1.105927101e-07
8.747600896e-08
1.052991213e-07
1.008254294e-07
1.002714364e-07
1.138966011e-07
9.546730563e-08
1.266455687e-07
9.084549064e-08
1.39033532e-07
8.636621608e-08
1.510250161e-07
8.199128031e-08
1.625864222e-07
7.768402481e-08
1.736848768e-07
7.34092228e-08
1.842873078e-07
6.913292313e-08
1.943596946e-07
6.482226989e-08
2.038664465e-07
6.044530793e-08
2.127698765e-07
5.597077792e-08
2.210297387e-07
5.136789965e-08
2.286028088e-07
4.660613904e-08
2.354424853e-07
4.16549507e-08
2.414983953e-07
3.64834842e-08
2.467159899e-07
3.106023752e-08
2.510361135e-07
2.535263464e-08
2.543945329e-07
1.932649533e-08
2.567214104e-07
1.294535322e-08
2.579407054e-07
6.169562174e-09
2.579694722e-07
-1.044891503e-09
2.567170656e-07
-8.74806384e-09
2.540841957e-07
-1.699813976e-08
2.49961933e-07
-2.586445868e-08
2.442306003e-07
-3.543164648e-08
2.367586686e-07
-4.580522952e-08
2.27401928e-07
-5.711922742e-08
2.160034898e-07
-6.954623897e-08
2.023957316e-07
-8.331044435e-08
1.864062853e-07
-9.870348374e-08
1.678718163e-07
-1.161019203e-07
1.46665885e-07
-1.359821419e-07
1.227506271e-07
-1.589227298e-07
9.626557144e-08
-1.855734482e-07
6.766776598e-08
-2.165517922e-07
3.792912118e-08
-2.522013794e-07
8.767199129e-09
-2.921174135e-07
-1.71724906e-08
-3.343361861e-07
-3.640662837e-08
-3.741366696e-07
-4.535342639e-08
-4.02692561e-07
-4.196486093e-08
-4.064389168e-07
-2.79251113e-08
-3.685045698e-07
-1.017490787e-08
-2.731740305e-07
-1.124492125e-07
-8.300934015e-09
5.142259982e-08
-2.376683183e-08
1.233352179e-07
-3.96109834e-08
1.676234906e-07
-5.195823607e-08
1.90490896e-07
-5.926862425e-08
1.988034294e-07
-6.13977879e-08
1.980172834e-07
-5.888954861e-08
1.919707866e-07
-5.254253536e-08
1.831796514e-07
-4.317983226e-08
1.732097691e-07
-3.154323107e-08
1.629903342e-07
-1.825649203e-08
1.530426813e-07
-3.822629381e-09
1.436347682e-07
1.136279695e-08
1.348824747e-07
2.699439969e-08
1.268128826e-07
4.284010237e-08
1.194028582e-07
5.872451632e-08
1.126039903e-07
7.451554267e-08
1.063563844e-07
9.011380843e-08
1.005966489e-07
1.054442499e-07
9.526226865e-08
1.20449571e-07
9.029380021e-08
1.350852047e-07
8.563580273e-08
1.493154534e-07
8.123705683e-08
1.631105408e-07
7.70504033e-08
1.764443593e-07
7.303239756e-08
1.89292748e-07
6.914289164e-08
2.016321682e-07
6.534460461e-08
2.134386789e-07
6.160271204e-08
2.246871346e-07
5.788446742e-08
2.353505465e-07
5.415885805e-08
2.453995621e-07
5.039629232e-08
2.54802028e-07
4.656831196e-08
2.635226069e-07
4.264732073e-08
2.715224263e-07
3.860631971e-08
2.787587397e-07
3.441863731e-08
2.851845838e-07
3.00576401e-08
2.907484147e-07
2.549640656e-08
2.953937081e-07
2.07073412e-08
2.990585051e-07
1.566169837e-08
3.016748837e-07
1.032897465e-08
3.031683315e-07
4.676114292e-09
3.034569805e-07
-1.333540503e-09
3.024506733e-07
-7.741756676e-09
3.000498038e-07
-1.459727018e-08
2.961439767e-07
-2.195863163e-08
2.906103345e-07
-2.989800432e-08
2.833115466e-07
-3.850644165e-08
2.740935402e-07
-4.790122096e-08
2.627832272e-07
-5.823592605e-08
2.491868905e-07
-6.971410761e-08
2.330906988e-07
-8.260729213e-08
2.142663382e-07
-9.727755962e-08
1.924873934e-07
-1.142031971e-07
1.675663942e-07
-1.340017306e-07
1.394284885e-07
-1.574355425e-07
1.08244195e-07
-1.853674988e-07
7.464551159e-08
-2.18602696e-07
4.003335378e-08
-2.575052557e-07
6.923943998e-09
-3.012267764e-07
-2.083912702e-08
-3.463735986e-07
-3.846424138e-08
-3.850674466e-07
-4.188989158e-08
-4.030132666e-07
-3.087238132e-08
-3.795220801e-07
-1.220020284e-08
-2.91846209e-07
-1.246494154e-07
-1.149259302e-08
6.291519283e-08
-3.060769928e-08
1.424503241e-07
-4.79674738e-08
1.849832651e-07
-5.930211879e-08
2.01825541e-07
-6.361825974e-08
2.031195704e-07
-6.151897245e-08
1.959179961e-07
-5.419414147e-08
1.846459556e-07
-4.290579314e-08
1.718913031e-07
-2.877132348e-08
1.590752995e-07
-1.269782426e-08
1.469168349e-07
4.613319152e-09
1.357315379e-07
2.263599655e-08
1.256120908e-07
4.098585882e-08
1.165326125e-07
5.938736957e-08
1.084113719e-07
7.76451299e-08
1.011450979e-07
9.562257983e-08
9.462654035e-08
1.132255329e-07
8.875343134e-08
1.303898126e-07
8.343236919e-08
1.470721109e-07
7.85799703e-08
1.632432811e-07
7.412263001e-08
1.788834405e-07
6.999564332e-08
1.939784039e-07
6.614209345e-08
2.085170864e-07
6.251172081e-08
2.2248961e-07
5.90598739e-08
2.358859187e-07
5.574658292e-08
2.486947593e-07
5.253576403e-08
2.60902925e-07
4.939454632e-08
2.724946859e-07
4.629270653e-08
2.834513502e-07
4.320219379e-08
2.937509153e-07
4.009672718e-08
3.033677779e-07
3.695144939e-08
3.122724775e-07
3.374262114e-08
3.204314556e-07
3.044734157e-08
3.27806813e-07
2.704327984e-08
3.343560505e-07
2.350840259e-08
3.400317779e-07
1.982067916e-08
3.447813759e-07
1.595774326e-08
3.48546591e-07
1.189648326e-08
3.512630407e-07
7.612524935e-09
3.528595967e-07
3.079558246e-09
3.532575966e-07
-1.731540382e-09
3.523698449e-07
-6.854005021e-09
3.500993265e-07
-1.232675179e-08
3.4633761e-07
-1.819691511e-08
3.409627391e-07
-2.452313344e-08
3.338365037e-07
-3.138020623e-08
3.248009844e-07
-3.886570172e-08
3.136743328e-07
-4.710927448e-08
3.002459718e-07
-5.628574658e-08
2.842719445e-07
-6.663326482e-08
2.654723053e-07
-7.847792041e-08
2.435347756e-07
-9.226566747e-08
2.181332178e-07
-1.086001728e-07
1.889768627e-07
-1.282791875e-07
1.559172621e-07
-1.523078983e-07
1.191526381e-07
-1.81838072e-07
7.957363266e-08
-2.179262503e-07
3.926202564e-08
-2.609151694e-07
2.026681697e-09
-3.091382547e-07
-2.640700246e-08
-3.566337625e-07
-3.957253088e-08
-3.898477382e-07
-3.403189785e-08
-3.850627132e-07
-1.505668475e-08
-3.108214221e-07
-1.397061001e-07
-1.613046521e-08
7.904565804e-08
-3.898773114e-08
1.653075901e-07
-5.607206955e-08
2.020676035e-07
-6.358397195e-08
2.093374434e-07
-6.190092751e-08
2.014365259e-07
-5.28637318e-08
1.868808004e-07
-3.852243923e-08
1.70304663e-07
-2.064340861e-08
1.540122725e-07
-5.908688689e-10
1.390227597e-07
2.064096982e-08
1.256849963e-07
4.235783981e-08
1.140146679e-07
6.409214869e-08
1.038777819e-07
8.553674345e-08
9.50880177e-08
1.064965832e-07
8.745153211e-08
1.268534698e-07
8.078821128e-08
1.465406031e-07
7.493940707e-08
1.655247888e-07
6.976924559e-08
1.837941416e-07
6.516301646e-08
2.013496634e-07
6.102444843e-08
2.181995178e-07
5.727277561e-08
2.343551573e-07
5.384000386e-08
2.49828718e-07
5.066853276e-08
2.646312749e-07
4.770916384e-08
2.787716794e-07
4.49194694e-08
2.922557882e-07
4.226247418e-08
3.050859548e-07
3.970559742e-08
3.172606947e-07
3.72198064e-08
3.28774463e-07
3.477893826e-08
3.396175025e-07
3.235915421e-08
3.497757338e-07
2.993849591e-08
3.592306638e-07
2.749651936e-08
3.679592994e-07
2.501398557e-08
3.759340509e-07
2.247259004e-08
3.831226158e-07
1.985471499e-08
3.8948783e-07
1.714318831e-08
3.949874765e-07
1.432103271e-08
3.99574034e-07
1.137118578e-08
4.031943497e-07
8.276167559e-09
4.057892088e-07
5.017665828e-09
4.072927666e-07
1.576000381e-09
4.076317824e-07
-2.070556129e-09
4.0672462e-07
-5.946842663e-09
4.044799337e-07
-1.008206549e-08
4.007949087e-07
-1.451189016e-08
3.955528677e-07
-1.928109238e-08
3.88620045e-07
-2.444738357e-08
3.798412653e-07
-3.008692202e-08
3.690342256e-07
-3.63022348e-08
3.5598212e-07
-4.323364105e-08
3.404245713e-07
-5.107571608e-08
3.220475054e-07
-6.010085459e-08
3.004742378e-07
-7.06923998e-08
2.752635917e-07
-8.338952674e-08
2.459280063e-07
-9.894360203e-08
2.119976594e-07
-1.183775514e-07
1.731777386e-07
-1.430181512e-07
1.29672581e-07
-1.744210928e-07
8.276299678e-08
-2.140055851e-07
3.565862301e-08
-2.620338809e-07
-5.637781969e-09
-3.153373575e-07
-3.238491636e-08
-3.631006038e-07
-3.647625518e-08
-3.809713744e-07
-1.899438382e-08
-3.283032934e-07
-1.587004839e-07
-2.26259063e-08
1.016715643e-07
-4.788390267e-08
1.905655864e-07
-6.045860085e-08
2.146423017e-07
-5.914012525e-08
2.080189678e-07
-4.698168818e-08
1.892780888e-07
-2.755483199e-08
1.674539442e-07
-3.820834212e-09
1.465706652e-07
2.208794689e-08
1.281034914e-07
4.875709412e-08
1.123536125e-07
7.530408471e-08
9.913800566e-08
1.012055949e-07
8.811315778e-08
1.261727542e-07
7.891062253e-08
1.500659174e-07
7.11948545e-08
1.728365014e-07
6.468094813e-08
1.944893467e-07
5.913536592e-08
2.150587505e-07
5.437000333e-08
2.345935076e-07
5.023448842e-08
2.5314777e-07
4.660875413e-08
2.707755938e-07
4.33966246e-08
2.875277939e-07
4.052057548e-08
3.034502179e-07
3.79175799e-08
3.185828805e-07
3.553587009e-08
3.329596083e-07
3.333243601e-08
3.46607976e-07
3.127110173e-08
3.595494022e-07
2.932104801e-08
3.717993236e-07
2.7455676e-08
3.833673994e-07
2.565173059e-08
3.94257717e-07
2.38886207e-08
4.04468983e-07
2.214788818e-08
4.139946903e-07
2.04127886e-08
4.228232543e-07
1.86679553e-08
4.309381158e-07
1.689912407e-08
4.383178055e-07
1.509290034e-08
4.449359673e-07
1.323655317e-08
4.507613339e-07
1.131782177e-08
4.557576462e-07
9.324720387e-09
4.598835061e-07
7.245325887e-09
4.630921435e-07
5.067530155e-09
4.653310743e-07
2.77873502e-09
4.66541608e-07
3.654665835e-10
4.666581738e-07
-2.187121921e-09
4.6560735e-07
-4.896018834e-09
4.633066339e-07
-7.78134944e-09
4.596626217e-07
-1.086787796e-08
4.54568507e-07
-1.418697765e-08
4.479006224e-07
-1.777949905e-08
4.395136404e-07
-2.169993995e-08
4.292339344e-07
-2.602252881e-08
4.168504736e-07
-3.085018027e-08
4.021025368e-07
-3.632777929e-08
3.846636569e-07
-4.266197468e-08
3.641219035e-07
-5.015064648e-08
3.399587152e-07
-5.922633839e-08
3.115337267e-07
-7.051861358e-08
2.780947154e-07
-8.493854009e-08
2.388554143e-07
-1.037788502e-07
1.932262069e-07
-1.287918854e-07
1.413433137e-07
-1.621226919e-07
8.508413771e-08
-2.057747049e-07
2.962616589e-08
-2.598793857e-07
-1.506335401e-08
-3.184110839e-07
-3.537598601e-08
-3.606587424e-07
-2.379721076e-08
-3.398820687e-07
-1.824976947e-07
-3.036652297e-08
1.320380873e-07
-5.278366206e-08
2.129827255e-07
-5.206004039e-08
2.1391868e-07
-3.393723563e-08
1.89896163e-07
-5.636645308e-09
1.609774985e-07
2.754353191e-08
1.34273767e-07
6.21941937e-08
1.119200034e-07
9.636057519e-08
9.393710989e-08
1.290370754e-07
7.967711228e-08
1.597799785e-07
6.839510252e-08
1.884633262e-07
5.942981011e-08
2.151297323e-07
5.224421644e-08
2.399030708e-07
4.642151603e-08
2.629389128e-07
4.164510607e-08
2.843978802e-07
3.76763985e-08
3.04432219e-07
3.433566454e-08
3.231797739e-07
3.14869335e-08
3.407619735e-07
2.902655462e-08
3.572838752e-07
2.68747229e-08
3.728351776e-07
2.496927304e-08
3.874916045e-07
2.326115304e-08
4.013163529e-07
2.171112165e-08
4.143614568e-07
2.028733207e-08
4.266690029e-07
1.896355567e-08
4.382721822e-07
1.771786871e-08
4.491961833e-07
1.653167489e-08
4.594589413e-07
1.53889726e-08
4.690717611e-07
1.427580089e-08
4.780398324e-07
1.31798168e-08
4.86362652e-07
1.208996899e-08
4.940343654e-07
1.099624192e-08
5.010440385e-07
9.889450986e-09
5.073758654e-07
8.761073431e-09
5.130093161e-07
7.603102489e-09
5.179192239e-07
6.407913909e-09
5.220758099e-07
5.168134446e-09
5.254446343e-07
3.876501467e-09
5.279864628e-07
2.525701586e-09
5.296570236e-07
1.108174277e-09
5.304065994e-07
-3.841092475e-10
5.301795086e-07
-1.960031191e-09
5.289132428e-07
-3.629753042e-09
5.265373331e-07
-5.405439716e-09
5.22971629e-07
-7.302173845e-09
5.181239002e-07
-9.339248886e-09
5.118864482e-07
-1.154204701e-08
5.041312915e-07
-1.394478326e-08
4.947033167e-07
-1.659455406e-08
4.834105299e-07
-1.955739343e-08
4.700102118e-07
-2.292746122e-08
4.541894087e-07
-2.684117162e-08
4.355379301e-07
-3.14991679e-08
4.135123523e-07
-3.720076063e-08
3.873916717e-07
-4.439793292e-08
3.562321781e-07
-5.37790465e-08
3.18847403e-07
-6.639407505e-08
2.738817016e-07
-8.382618405e-08
2.201343369e-07
-1.083753272e-07
1.574413334e-07
-1.430817014e-07
8.85726058e-08
-1.910106581e-07
2.237152399e-08
-2.522100021e-07
-2.335680097e-08
-3.149304174e-07
-2.742668336e-08
-3.358121863e-07
-2.099243781e-07
-3.525393815e-08
1.672920255e-07
-3.885242561e-08
2.16581213e-07
-8.532711647e-09
1.835989661e-07
3.649171938e-08
1.44871732e-07
8.529035054e-08
1.121788673e-07
1.327573444e-07
8.680677315e-08
1.766324469e-07
6.804490097e-08
2.162112412e-07
5.435831556e-08
2.515695847e-07
4.431876877e-08
2.830988827e-07
3.686580449e-08
3.112813749e-07
3.124731791e-08
3.365898252e-07
2.693576611e-08
3.594467788e-07
2.356456249e-08
3.802129391e-07
2.087894572e-08
3.991889577e-07
1.870037996e-08
4.16622372e-07
1.690225023e-08
4.327157935e-07
1.539351192e-08
4.476346706e-07
1.410767757e-08
4.615140095e-07
1.299538396e-08
4.744639322e-07
1.201935039e-08
4.865741569e-07
1.115092826e-08
4.979175639e-07
1.036771464e-08
5.085530128e-07
9.651883182e-09
5.185275651e-07
8.989003379e-09
5.278782381e-07
8.367195707e-09
5.366333927e-07
7.776520246e-09
5.44813836e-07
7.20852937e-09
5.524337e-07
6.65593683e-09
5.595011468e-07
6.112370067e-09
5.660189333e-07
5.572182397e-09
5.71984867e-07
5.030308278e-09
5.773921686e-07
4.482149369e-09
5.8222976e-07
3.923482049e-09
5.864824835e-07
3.350378986e-09
5.901312589e-07
2.759138499e-09
5.931531774e-07
2.146215888e-09
5.95521528e-07
1.508150898e-09
5.972057441e-07
8.414854474e-10
5.981712508e-07
1.426675483e-10
5.983791988e-07
-5.920572483e-10
5.97786038e-07
-1.366870331e-09
5.96342878e-07
-2.186593114e-09
5.939944844e-07
-3.057046101e-09
5.906778285e-07
-3.985517927e-09
5.863200191e-07
-4.981439545e-09
5.808353284e-07
-6.057356309e-09
5.741208989e-07
-7.230353803e-09
5.660505234e-07
-8.524178555e-09
5.564655792e-07
-9.972449229e-09
5.451617349e-07
-1.162361688e-08
5.318693537e-07
-1.354879042e-08
5.162245389e-07
-1.585435313e-08
4.977265172e-07
-1.870273899e-08
4.756758964e-07
-2.234731211e-08
4.490886554e-07
-2.719180546e-08
4.165868414e-07
-3.389226106e-08
3.762907054e-07
-4.35300481e-08
3.25807829e-07
-5.789245075e-08
2.625943297e-07
-7.986820216e-08
1.853404435e-07
-1.137567719e-07
9.764471001e-08
-1.645142687e-07
1.563360189e-08
-2.329193093e-07
-2.411662954e-08
-2.960619549e-07
-2.340410076e-07
-1.848581399e-08
1.857778394e-07
4.119526237e-08
1.569001366e-07
1.222101226e-07
1.025841058e-07
1.97413202e-07
6.966865261e-08
2.616812658e-07
4.791080361e-08
3.150855531e-07
3.340248577e-08
3.590975523e-07
2.403290179e-08
3.955110913e-07
1.79447766e-08
4.259468821e-07
1.388297793e-08
4.51715366e-07
1.109732055e-08
4.738311735e-07
9.13151046e-09
4.930653313e-07
7.701608267e-09
5.099999284e-07
6.629965404e-09
5.250748658e-07
5.804008298e-09
5.386244179e-07
5.150827918e-09
5.509045991e-07
4.622068986e-09
5.621132336e-07
4.18487741e-09
5.724045419e-07
3.816369263e-09
5.818997231e-07
3.500202777e-09
5.906946524e-07
3.22442104e-09
5.988655124e-07
2.980068334e-09
6.064729423e-07
2.760284737e-09
6.135651234e-07
2.559702082e-09
6.201800934e-07
2.374033363e-09
6.263475004e-07
2.199788637e-09
6.320899455e-07
2.034075178e-09
6.374240201e-07
1.874454708e-09
6.423611171e-07
1.718839909e-09
6.469080688e-07
1.565418325e-09
6.510676557e-07
1.412595525e-09
6.54839012e-07
1.258951904e-09
6.582179523e-07
1.103209068e-09
6.611972316e-07
9.442028009e-10
6.637667503e-07
7.808602855e-10
6.659137091e-07
6.121796215e-10
6.676227152e-07
4.372098532e-10
6.688758364e-07
2.550297086e-10
6.696525979e-07
6.472393072e-11
6.699299002e-07
-1.346348068e-10
6.696818903e-07
-3.440473734e-10
6.688796578e-07
-5.646377568e-10
6.674907821e-07
-7.977174323e-10
6.654786267e-07
-1.04489074e-09
6.628013109e-07
-1.308202165e-09
6.594102124e-07
-1.590341017e-09
6.552477922e-07
-1.894936168e-09
6.502444281e-07
-2.226989653e-09
6.443137751e-07
-2.593525522e-09
6.373459084e-07
-3.004582586e-09
6.29197065e-07
-3.474773499e-09
6.196740805e-07
-4.025805934e-09
6.085104195e-07
-4.69069213e-09
5.953287008e-07
-5.521020254e-09
5.795813465e-07
-6.599957883e-09
5.604558423e-07
-8.066301192e-09
5.367238679e-07
-1.016028667e-08
5.065065627e-07
-1.331274291e-08
4.669341987e-07
-1.832008678e-08
4.137468332e-07
-2.668083665e-08
3.41157378e-07
-4.11673168e-08
2.431647416e-07
-6.65216322e-08
1.20636093e-07
-1.103906607e-07
7.824651193e-09
-1.832505131e-07
-2.262163564e-07
1.857778394e-07
3.42677976e-07
4.452620818e-07
5.149307344e-07
5.628415381e-07
5.962440238e-07
6.202769256e-07
6.382217022e-07
6.521046801e-07
6.632020007e-07
6.723335111e-07
6.800351194e-07
6.866650848e-07
6.924690931e-07
6.97619921e-07
7.0224199e-07
7.064268674e-07
7.102432367e-07
7.137434395e-07
7.169678605e-07
7.199479288e-07
7.227082136e-07
7.252679156e-07
7.27641949e-07
7.298417376e-07
7.318758128e-07
7.337502675e-07
7.354691074e-07
7.370345258e-07
7.384471213e-07
7.397060732e-07
7.408092823e-07
7.417534851e-07
7.425343453e-07
7.43146525e-07
7.435837348e-07
7.438387645e-07
7.439034884e-07
7.437688536e-07
7.434248063e-07
7.428601685e-07
7.420624511e-07
7.410175603e-07
7.397093582e-07
7.381190171e-07
7.36224081e-07
7.339970913e-07
7.314035658e-07
7.283989832e-07
7.249242097e-07
7.208984038e-07
7.162077116e-07
7.106866914e-07
7.040867335e-07
6.960204323e-07
6.858601456e-07
6.725474027e-07
6.542273159e-07
6.275464793e-07
5.863791625e-07
5.198575303e-07
4.094668695e-07
2.262163564e-07
)
;

boundaryField
{
    movingWall
    {
        type            calculated;
        value           uniform 0;
    }
    fixedWalls
    {
        type            calculated;
        value           uniform 0;
    }
    frontAndBack
    {
        type            empty;
    }
}


// ************************************************************************* //
