/*--------------------------------*- C++ -*----------------------------------*\
  =========                 |
  \\      /  F ield         | OpenFOAM: The Open Source CFD Toolbox
   \\    /   O peration     | Website:  https://openfoam.org
    \\  /    A nd           | Version:  11
     \\/     M anipulation  |
\*---------------------------------------------------------------------------*/
FoamFile
{
    format      ascii;
    class       volVectorField;
    location    "1300";
    object      U;
}
// * * * * * * * * * * * * * * * * * * * * * * * * * * * * * * * * * * * * * //

dimensions      [0 1 -1 0 0 0 0];

internalField   nonuniform List<vector> 
4096
(
(1.42883152e-05 -1.426573536e-05 0)
(5.943635652e-05 -1.799928929e-05 0)
(9.407074805e-05 -1.365523274e-05 0)
(9.72197645e-05 -6.37117501e-06 0)
(5.797538313e-05 1.390043231e-06 0)
(-2.534471397e-05 8.731435782e-06 0)
(-0.0001506606994 1.524205326e-05 0)
(-0.0003141155827 2.079252048e-05 0)
(-0.0005110531322 2.539843271e-05 0)
(-0.0007366017537 2.913731927e-05 0)
(-0.0009860003027 3.210837333e-05 0)
(-0.001254763785 3.441310073e-05 0)
(-0.001538754186 3.614568623e-05 0)
(-0.001834193707 3.738832341e-05 0)
(-0.00213764288 3.820922946e-05 0)
(-0.002445958199 3.866219041e-05 0)
(-0.002756239194 3.878703848e-05 0)
(-0.003065771986 3.861073022e-05 0)
(-0.003371974341 3.814882332e-05 0)
(-0.003672345902 3.740721662e-05 0)
(-0.003964426181 3.638405472e-05 0)
(-0.0042457621 3.507172185e-05 0)
(-0.004513886223 3.345886579e-05 0)
(-0.004766306243 3.153240425e-05 0)
(-0.005000505906 2.927947517e-05 0)
(-0.005213957128 2.668929846e-05 0)
(-0.005404142781 2.375492079e-05 0)
(-0.00556858934 2.047481642e-05 0)
(-0.005704908333 1.6854317e-05 0)
(-0.005810845315 1.290684072e-05 0)
(-0.005884334881 8.654890407e-06 0)
(-0.005923560055 4.130801341e-06 0)
(-0.005927013814 -6.228968057e-07 0)
(-0.005893561127 -5.553422473e-06 0)
(-0.00582249933 -1.059786212e-05 0)
(-0.005713614059 -1.568388056e-05 0)
(-0.005567228998 -2.07308773e-05 0)
(-0.005384246334 -2.565144254e-05 0)
(-0.005166176109 -3.035322818e-05 0)
(-0.004915152394 -3.474117374e-05 0)
(-0.004633934503 -3.872002861e-05 0)
(-0.004325891935 -4.219709142e-05 0)
(-0.003994972209 -4.508506602e-05 0)
(-0.003645651338 -4.730491665e-05 0)
(-0.003282867366 -4.878859375e-05 0)
(-0.002911938023 -4.948149799e-05 0)
(-0.002538464205 -4.934455569e-05 0)
(-0.002168221563 -4.835579603e-05 0)
(-0.001807042892 -4.65113494e-05 0)
(-0.001460694244 -4.382583179e-05 0)
(-0.0011347476 -4.033214337e-05 0)
(-0.0008344524741 -3.608080128e-05 0)
(-0.0005646077757 -3.113906177e-05 0)
(-0.0003294334955 -2.559029928e-05 0)
(-0.0001324388295 -1.953446368e-05 0)
(2.372140053e-05 -1.309112315e-05 0)
(0.000137417097 -6.407895672e-06 0)
(0.0002082681998 3.214924641e-07 0)
(0.0002374749596 6.819704557e-06 0)
(0.0002283154031 1.265464178e-05 0)
(0.0001868688879 1.714235466e-05 0)
(0.0001234080215 1.922873644e-05 0)
(5.615580948e-05 1.682361816e-05 0)
(8.076691995e-06 8.080929878e-06 0)
(1.825162241e-05 -5.95935054e-05 0)
(7.378005836e-05 -7.313956008e-05 0)
(8.518300495e-05 -2.748805865e-05 0)
(1.549869962e-05 4.61311913e-05 0)
(-0.0001563945497 0.0001298234608 0)
(-0.0004357713465 0.000213589379 0)
(-0.0008196380722 0.0002920312286 0)
(-0.001300340419 0.0003624647905 0)
(-0.001867692133 0.0004237829955 0)
(-0.002510369794 0.000475780597 0)
(-0.003216791131 0.0005187511013 0)
(-0.003975635413 0.0005532411619 0)
(-0.004776125285 0.0005798982735 0)
(-0.005608149726 0.0005993759161 0)
(-0.006462282125 0.0006122756123 0)
(-0.007329731517 0.000619113749 0)
(-0.008202254438 0.0006203056552 0)
(-0.009072047603 0.0006161620234 0)
(-0.009931636379 0.0006068942752 0)
(-0.01077377016 0.0005926263791 0)
(-0.01159133278 0.0005734112153 0)
(-0.01237727357 0.0005492499814 0)
(-0.01312456304 0.00052011342 0)
(-0.01382617511 0.0004859638716 0)
(-0.01447509694 0.0004467773202 0)
(-0.01506436605 0.0004025647358 0)
(-0.01558713339 0.000353392113 0)
(-0.01603675049 0.0002993986792 0)
(-0.01640687789 0.000240812796 0)
(-0.01669161144 0.0001779651123 0)
(-0.01688562254 0.0001112985531 0)
(-0.01698430804 4.137472898e-05 0)
(-0.01698394398 -3.112372761e-05 0)
(-0.01688183978 -0.0001053948936 0)
(-0.01667648554 -0.0001805231735 0)
(-0.01636768669 -0.0002554902617 0)
(-0.01595668183 -0.0003291906921 0)
(-0.01544623619 -0.0004004516772 0)
(-0.01484070636 -0.0004680570932 0)
(-0.01414607135 -0.0005307751302 0)
(-0.01336992591 -0.0005873889107 0)
(-0.01252143316 -0.000636729188 0)
(-0.01161123454 -0.0006777080671 0)
(-0.01065131682 -0.0007093525614 0)
(-0.009654836903 -0.000730836729 0)
(-0.008635907073 -0.0007415111369 0)
(-0.007609344395 -0.0007409285057 0)
(-0.006590389441 -0.000728864595 0)
(-0.005594400223 -0.0007053337324 0)
(-0.004636527693 -0.0006705988788 0)
(-0.003731378863 -0.000625176795 0)
(-0.002892672406 -0.0005698397844 0)
(-0.002132889303 -0.000505616733 0)
(-0.001462917257 -0.0004337979282 0)
(-0.0008916817944 -0.0003559507254 0)
(-0.0004257486407 -0.000273957078 0)
(-6.887003539e-05 -0.0001900901909 0)
(0.0001785696284 -0.0001071561816 0)
(0.0003202762682 -2.873932736e-05 0)
(0.0003649982768 4.039992784e-05 0)
(0.0003277328412 9.372890718e-05 0)
(0.0002317128984 0.0001221585895 0)
(0.000113617537 0.0001135220094 0)
(1.667906339e-05 5.600533091e-05 0)
(1.419590178e-05 -9.509145887e-05 0)
(2.866581284e-05 -8.498316189e-05 0)
(-4.40369695e-05 4.427905571e-05 0)
(-0.0002427728019 0.0002333388921 0)
(-0.0005903255412 0.0004462688046 0)
(-0.001093239823 0.0006610862458 0)
(-0.001748004578 0.0008647471018 0)
(-0.002544758789 0.001049995782 0)
(-0.00346982683 0.001213252699 0)
(-0.00450751298 0.001353228053 0)
(-0.005641322656 0.001470016404 0)
(-0.006854750148 0.001564499176 0)
(-0.008131751554 0.001637947772 0)
(-0.00945699311 0.001691760983 0)
(-0.01081594265 0.001727294904 0)
(-0.0121948555 0.001745758371 0)
(-0.01358069396 0.001748155924 0)
(-0.01496101044 0.00173526582 0)
(-0.01632381719 0.001707643996 0)
(-0.01765746012 0.001665647135 0)
(-0.01895050968 0.001609469464 0)
(-0.02019167819 0.001539188946 0)
(-0.02136977003 0.001454819369 0)
(-0.02247366835 0.001356365384 0)
(-0.02349236009 0.001243878078 0)
(-0.02441499921 0.001117509 0)
(-0.02523100639 0.0009775609098 0)
(-0.02593020235 0.0008245336971 0)
(-0.02650297062 0.0006591641442 0)
(-0.0269404448 0.0004824583113 0)
(-0.02723471441 0.0002957154476 0)
(-0.02737904282 0.0001005424224 0)
(-0.02736808908 -0.0001011422696 0)
(-0.02719812871 -0.0003071153068 0)
(-0.02686726166 -0.0005148663133 0)
(-0.02637560128 -0.0007216283196 0)
(-0.02572543646 -0.0009244196614 0)
(-0.0249213579 -0.001120096896 0)
(-0.02397034182 -0.001305417995 0)
(-0.02288178447 -0.001477114511 0)
(-0.02166748188 -0.00163197095 0)
(-0.02034155095 -0.001766909118 0)
(-0.01892028921 -0.001879074876 0)
(-0.01742197278 -0.001965924417 0)
(-0.01586659357 -0.002025307066 0)
(-0.0142755392 -0.002055541661 0)
(-0.01267122047 -0.002055483807 0)
(-0.01107665307 -0.002024581863 0)
(-0.009515001293 -0.001962920339 0)
(-0.008009092058 -0.00187125055 0)
(-0.006580907131 -0.001751009976 0)
(-0.005251060169 -0.001604333836 0)
(-0.004038262459 -0.001434065118 0)
(-0.00295877693 -0.001243772868 0)
(-0.002025853961 -0.001037793392 0)
(-0.00124913452 -0.0008213154686 0)
(-0.0006339963648 -0.0006005393516 0)
(-0.0001808067649 -0.0003829502607 0)
(0.0001159666008 -0.0001777576001 0)
(0.0002688101436 3.445992814e-06 0)
(0.000298328766 0.0001457867339 0)
(0.0002349825788 0.0002300633952 0)
(0.0001243377315 0.0002319722764 0)
(1.915176583e-05 0.0001232832582 0)
(7.082295856e-06 -9.92017375e-05 0)
(-4.657356678e-05 -1.457972272e-05 0)
(-0.0002392825617 0.0002439587515 0)
(-0.000603833356 0.0005930355099 0)
(-0.001158346762 0.0009795881523 0)
(-0.001907599403 0.001369205011 0)
(-0.002846379341 0.001740235911 0)
(-0.003962623556 0.00207983501 0)
(-0.005239876315 0.002381086595 0)
(-0.006659127784 0.002640979255 0)
(-0.008200146264 0.002858994193 0)
(-0.00984239616 0.003036119302 0)
(-0.01156562896 0.003174161857 0)
(-0.01335022538 0.003275274445 0)
(-0.01517735457 0.003341635902 0)
(-0.01702900443 0.003375246905 0)
(-0.01888792697 0.003377811616 0)
(-0.02073753395 0.003350684407 0)
(-0.02256177081 0.003294865814 0)
(-0.02434499082 0.003211035296 0)
(-0.02607184595 0.003099610838 0)
(-0.02772720681 0.002960827266 0)
(-0.02929612001 0.002794826507 0)
(-0.03076380813 0.002601754161 0)
(-0.03211571481 0.002381857631 0)
(-0.03333759483 0.002135581801 0)
(-0.03441564746 0.001863658839 0)
(-0.03533668925 0.001567189186 0)
(-0.03608836126 0.001247711151 0)
(-0.03665936448 0.0009072568824 0)
(-0.0370397159 0.0005483927058 0)
(-0.03722101738 0.0001742421132 0)
(-0.03719672733 -0.0002115100579 0)
(-0.03696242884 -0.0006046330954 0)
(-0.03651607982 -0.001000386533 0)
(-0.03585823855 -0.001393577939 0)
(-0.03499225461 -0.001778640918 0)
(-0.0339244147 -0.002149732662 0)
(-0.03266403565 -0.002500849496 0)
(-0.03122349669 -0.00282595802 0)
(-0.02961820457 -0.003119138727 0)
(-0.02786648686 -0.003374738211 0)
(-0.02598941025 -0.003587525528 0)
(-0.02401052322 -0.003752847782 0)
(-0.02195552403 -0.003866779852 0)
(-0.01985185777 -0.003926263222 0)
(-0.0177282478 -0.003929229405 0)
(-0.01561416906 -0.00387470429 0)
(-0.01353927199 -0.003762891174 0)
(-0.01153276656 -0.003595232159 0)
(-0.009622775785 -0.003374450161 0)
(-0.007835667177 -0.00310457705 0)
(-0.006195368119 -0.002790977547 0)
(-0.004722667717 -0.002440383612 0)
(-0.003434502909 -0.002060960365 0)
(-0.002343220945 -0.001662432272 0)
(-0.001455804581 -0.001256307152 0)
(-0.0007730402858 -0.0008562446346 0)
(-0.0002886060035 -0.000478622026 0)
(1.191395575e-05 -0.0001433461335 0)
(0.0001520161291 0.0001250810109 0)
(0.0001656801694 0.0002963493479 0)
(0.0001019848472 0.0003330574639 0)
(1.756525562e-05 0.0001886672386 0)
(-8.255616792e-07 -5.944795538e-05 0)
(-0.0001358851013 0.0001634670488 0)
(-0.00046914954 0.0006010775871 0)
(-0.001022674207 0.001152517701 0)
(-0.001805567446 0.001750674143 0)
(-0.002818154577 0.002350129542 0)
(-0.004051969023 0.002921089496 0)
(-0.005492079036 0.003445065034 0)
(-0.007119226278 0.003911530492 0)
(-0.008911479925 0.004315428091 0)
(-0.01084550044 0.00465533497 0)
(-0.01289746049 0.004932122418 0)
(-0.01504367008 0.005147983351 0)
(-0.01726096194 0.005305738168 0)
(-0.01952689195 0.005408353014 0)
(-0.02181980389 0.00545862154 0)
(-0.02411880153 0.005458973368 0)
(-0.02640366417 0.005411380822 0)
(-0.02865473564 0.005317341462 0)
(-0.03085281075 0.005177918214 0)
(-0.03297903794 0.004993822087 0)
(-0.03501485213 0.004765524923 0)
(-0.03694194754 0.004493391647 0)
(-0.03874229651 0.004177823056 0)
(-0.04039821732 0.003819401626 0)
(-0.04189249114 0.003419033885 0)
(-0.04320852583 0.002978083917 0)
(-0.0443305626 0.002498493297 0)
(-0.04524391949 0.001982883463 0)
(-0.04593526456 0.001434637038 0)
(-0.0463929105 0.0008579551008 0)
(-0.04660712126 0.0002578879119 0)
(-0.04657042018 -0.0003596629285 0)
(-0.04627789172 -0.0009879722343 0)
(-0.04572746092 -0.001619550533 0)
(-0.04492014431 -0.002246235301 0)
(-0.04386025982 -0.002859312328 0)
(-0.04255558517 -0.003449666165 0)
(-0.04101745593 -0.004007957195 0)
(-0.03926079466 -0.004524821759 0)
(-0.03730406409 -0.004991090674 0)
(-0.0351691388 -0.005398020528 0)
(-0.03288109211 -0.005737531249 0)
(-0.03046789655 -0.006002442878 0)
(-0.02796003913 -0.006186704136 0)
(-0.02539005443 -0.006285605556 0)
(-0.02279198127 -0.006295970561 0)
(-0.0202007505 -0.006216319117 0)
(-0.01765151317 -0.006047000499 0)
(-0.01517891967 -0.005790294328 0)
(-0.01281636059 -0.005450482479 0)
(-0.0105951799 -0.005033898749 0)
(-0.008543869448 -0.004548968329 0)
(-0.006687251738 -0.004006255235 0)
(-0.005045654973 -0.003418542868 0)
(-0.003634081324 -0.002800980578 0)
(-0.002461366954 -0.002171336908 0)
(-0.001529330634 -0.001550406721 0)
(-0.0008319080798 -0.0009626228258 0)
(-0.0003542930384 -0.0004369193641 0)
(-7.213959096e-05 -7.860257663e-06 0)
(4.949557063e-05 0.0002830309701 0)
(5.946146193e-05 0.0003855081048 0)
(1.411024225e-05 0.0002363374102 0)
(-8.765974923e-06 2.830548852e-05 0)
(-0.0002306649452 0.0004607307343 0)
(-0.0007150881637 0.001131720594 0)
(-0.001470912759 0.00192905272 0)
(-0.002495552165 0.00277520093 0)
(-0.00378281766 0.003615942409 0)
(-0.005319525064 0.004414573014 0)
(-0.007086993842 0.005147561826 0)
(-0.009062780061 0.005800993494 0)
(-0.0112220265 0.006367777545 0)
(-0.01353854219 0.006845505004 0)
(-0.01598562942 0.007234818103 0)
(-0.01853666902 0.007538187434 0)
(-0.02116549645 0.007759013632 0)
(-0.02384660889 0.007900987961 0)
(-0.02655524424 0.007967659747 0)
(-0.02926736977 0.00796216895 0)
(-0.03195961483 0.007887109965 0)
(-0.03460917645 0.007744498562 0)
(-0.03719372245 0.007535818389 0)
(-0.03969131097 0.007262127014 0)
(-0.04208034125 0.006924204421 0)
(-0.04433954588 0.006522729318 0)
(-0.04644803101 0.006058470739 0)
(-0.04838536757 0.005532484272 0)
(-0.05013173356 0.004946303786 0)
(-0.05166810504 0.004302120933 0)
(-0.0529764912 0.003602945818 0)
(-0.05404020721 0.002852743231 0)
(-0.05484417699 0.002056539647 0)
(-0.05537525698 0.001220496948 0)
(-0.055622571 0.0003519495597 0)
(-0.05557784536 -0.0005405975478 0)
(-0.05523573478 -0.00144751181 0)
(-0.05459412365 -0.002358119366 0)
(-0.05365439554 -0.003260834148 0)
(-0.05242165787 -0.00414332772 0)
(-0.0509049106 -0.004992738365 0)
(-0.04911714972 -0.005795916065 0)
(-0.04707539643 -0.006539698607 0)
(-0.04480064401 -0.007211212642 0)
(-0.04231771653 -0.007798192294 0)
(-0.03965503498 -0.008289306774 0)
(-0.03684428883 -0.008674487667 0)
(-0.03392001326 -0.008945246139 0)
(-0.03091907479 -0.009094970409 0)
(-0.02788007056 -0.009119194622 0)
(-0.02484264872 -0.009015831684 0)
(-0.02184675974 -0.008785364996 0)
(-0.0189318499 -0.008430997174 0)
(-0.01613600941 -0.007958758001 0)
(-0.01349508819 -0.007377578895 0)
(-0.01104179202 -0.006699347093 0)
(-0.008804770948 -0.00593895943 0)
(-0.006807710954 -0.005114402807 0)
(-0.005068438619 -0.004246895698 0)
(-0.003598048555 -0.003361131656 0)
(-0.002400063924 -0.002485670447 0)
(-0.001469642935 -0.001653524941 0)
(-0.0007928572011 -0.0009029921865 0)
(-0.0003460687568 -0.0002787531814 0)
(-9.523570926e-05 0.0001667889367 0)
(5.658447186e-06 0.0003715495442 0)
(9.843285016e-06 0.0002585641558 0)
(-1.640136744e-05 0.0001650224119 0)
(-0.0003263853068 0.0008819094239 0)
(-0.0009662543689 0.001843839121 0)
(-0.001930787679 0.002932181955 0)
(-0.003204278003 0.004062504093 0)
(-0.004772606896 0.005174234232 0)
(-0.00661669185 0.006225398686 0)
(-0.008713255927 0.007188452867 0)
(-0.01103616283 0.008046690367 0)
(-0.01355742102 0.008791302152 0)
(-0.01624801768 0.009419029781 0)
(-0.0190785888 0.009930320169 0)
(-0.02201990852 0.01032790167 0)
(-0.02504321059 0.01061571253 0)
(-0.02812036836 0.01079812217 0)
(-0.03122396395 0.01087939473 0)
(-0.0343272783 0.01086335135 0)
(-0.03740423174 0.01075319394 0)
(-0.04042930184 0.01055145823 0)
(-0.04337744145 0.01026006784 0)
(-0.0462240152 0.009880464724 0)
(-0.0489447688 0.009413794699 0)
(-0.05151584116 0.008861129079 0)
(-0.05391382564 0.008223706464 0)
(-0.05611588321 0.007503180643 0)
(-0.05809990744 0.006701862737 0)
(-0.05984473866 0.005822947467 0)
(-0.06133042236 0.004870714959 0)
(-0.06253850519 0.003850700823 0)
(-0.0634523606 0.00276982841 0)
(-0.06405753475 0.001636498147 0)
(-0.0643421026 0.0004606298408 0)
(-0.06429702378 -0.0007463450493 0)
(-0.06391648711 -0.001971543488 0)
(-0.06319822972 -0.003200746426 0)
(-0.062143823 -0.004418568403 0)
(-0.06075891165 -0.005608678898 0)
(-0.05905339454 -0.006754073513 0)
(-0.05704153786 -0.007837390871 0)
(-0.05474201049 -0.008841269343 0)
(-0.05217783319 -0.009748736029 0)
(-0.04937623447 -0.01054361888 0)
(-0.04636840794 -0.01121097141 0)
(-0.04318916789 -0.01173749845 0)
(-0.03987650254 -0.01211197066 0)
(-0.0364710265 -0.01232561577 0)
(-0.03301533714 -0.01237247481 0)
(-0.02955328219 -0.01224971389 0)
(-0.02612914828 -0.01195788387 0)
(-0.0227867829 -0.01150112457 0)
(-0.01956866379 -0.01088731439 0)
(-0.01651493159 -0.01012817193 0)
(-0.01366240238 -0.009239322736 0)
(-0.01104357734 -0.008240351213 0)
(-0.008685667107 -0.007154864917 0)
(-0.006609648898 -0.006010605457 0)
(-0.004829375567 -0.00483964568 0)
(-0.003350757603 -0.003678716516 0)
(-0.002171043644 -0.002569709087 0)
(-0.001278227047 -0.001560400522 0)
(-0.0006505745452 -0.0007054323065 0)
(-0.0002562882236 -6.751659398e-05 0)
(-5.382397359e-05 0.0002807165258 0)
(5.379914472e-06 0.0002515082805 0)
(-2.362422028e-05 0.0003501997424 0)
(-0.0004207464168 0.001427829379 0)
(-0.001216437923 0.002740151615 0)
(-0.002391355614 0.004165907771 0)
(-0.003916103269 0.005616847594 0)
(-0.005767778359 0.007028470909 0)
(-0.007920555474 0.008355333506 0)
(-0.01034586663 0.009567150258 0)
(-0.01301339427 0.01064528268 0)
(-0.01589173596 0.01157975342 0)
(-0.01894897166 0.01236678506 0)
(-0.02215314288 0.01300681027 0)
(-0.02547260928 0.01350289942 0)
(-0.02887628138 0.01385955372 0)
(-0.03233374447 0.01408181371 0)
(-0.03581529542 0.01417463683 0)
(-0.03929191696 0.0141425014 0)
(-0.04273521418 0.01398919845 0)
(-0.04611733643 0.01371777611 0)
(-0.04941090482 0.01333060478 0)
(-0.05258896197 0.01282953455 0)
(-0.05562495713 0.0122161193 0)
(-0.05849277564 0.01149188493 0)
(-0.06116681846 0.01065862206 0)
(-0.06362213415 0.009718686029 0)
(-0.0658346026 0.008675289567 0)
(-0.0677811678 0.00753277571 0)
(-0.06944011432 0.006296860378 0)
(-0.07079138109 0.004974835814 0)
(-0.07181690407 0.003575727493 0)
(-0.07250097905 0.002110398414 0)
(-0.07283063399 0.0005915959571 0)
(-0.07279600209 -0.0009660622138 0)
(-0.07239068209 -0.002546165921 0)
(-0.0716120746 -0.004130657839 0)
(-0.07046168534 -0.005700044427 0)
(-0.06894538171 -0.007233669758 0)
(-0.06707359083 -0.008710050153 0)
(-0.06486142945 -0.01010726494 0)
(-0.06232875456 -0.01140339651 0)
(-0.05950012546 -0.01257701095 0)
(-0.05640466875 -0.01360766848 0)
(-0.0530758397 -0.01447645134 0)
(-0.04955107529 -0.01516649536 0)
(-0.04587133677 -0.01566351031 0)
(-0.04208054205 -0.01595627423 0)
(-0.03822489163 -0.01603708735 0)
(-0.03435209485 -0.01590217272 0)
(-0.03051050622 -0.01555201366 0)
(-0.02674818533 -0.01499162169 0)
(-0.02311189616 -0.01423073368 0)
(-0.01964606446 -0.01328394325 0)
(-0.01639171399 -0.01217077788 0)
(-0.01338540406 -0.01091574081 0)
(-0.01065819233 -0.009548344026 0)
(-0.008234648293 -0.00810316497 0)
(-0.006131944436 -0.006619965063 0)
(-0.004359054908 -0.005143910627 0)
(-0.002916097879 -0.003725938865 0)
(-0.001793848858 -0.00242331441 0)
(-0.0009733868493 -0.001300400956 0)
(-0.0004260684011 -0.0004296088684 0)
(-0.0001157050891 0.0001071003204 0)
(1.034944049e-06 0.0002134984003 0)
(-3.043317738e-05 0.0005826110659 0)
(-0.0005126251701 0.002097045656 0)
(-0.001462129245 0.003819971532 0)
(-0.002845915385 0.005630330152 0)
(-0.004620872423 0.007438665334 0)
(-0.006754896188 0.009178782109 0)
(-0.009214890264 0.01080356654 0)
(-0.01196649644 0.01228137529 0)
(-0.01497481886 0.01359265473 0)
(-0.01820478192 0.01472697715 0)
(-0.02162143579 0.01568053139 0)
(-0.0251902327 0.01645404722 0)
(-0.02887723068 0.01705112367 0)
(-0.03264921472 0.01747692578 0)
(-0.03647374283 0.01773721017 0)
(-0.0403191312 0.01783763891 0)
(-0.04415439684 0.01778334161 0)
(-0.04794917733 0.01757868688 0)
(-0.05167364683 0.01722722636 0)
(-0.05529844535 0.01673177675 0)
(-0.05879463573 0.0160946079 0)
(-0.06213369929 0.01531770799 0)
(-0.06528757803 0.01440309971 0)
(-0.06822876791 0.01335318447 0)
(-0.07093046486 0.01217109455 0)
(-0.0733667624 0.01086103604 0)
(-0.07551289777 0.009428607861 0)
(-0.07734554136 0.007881084562 0)
(-0.07884312285 0.006227652642 0)
(-0.07998618638 0.00447959182 0)
(-0.08075776569 0.002650394289 0)
(-0.08114376977 0.0007558164489 0)
(-0.08113337106 -0.001186140855 0)
(-0.08071938125 -0.003155326778 0)
(-0.07989860623 -0.005129614285 0)
(-0.07867217011 -0.007085151299 0)
(-0.07704579482 -0.008996685937 0)
(-0.07503002297 -0.01083796396 0)
(-0.07264037385 -0.01258219348 0)
(-0.06989742049 -0.01420256948 0)
(-0.066826777 -0.01567284849 0)
(-0.06345898616 -0.01696796138 0)
(-0.05982929871 -0.01806465005 0)
(-0.0559773377 -0.01894211214 0)
(-0.05194664373 -0.01958263625 0)
(-0.04778409975 -0.0199722097 0)
(-0.04353923759 -0.02010108126 0)
(-0.0392634322 -0.01996426235 0)
(-0.03500899351 -0.0195619532 0)
(-0.03082816993 -0.01889988414 0)
(-0.02677208147 -0.01798956772 0)
(-0.02288960401 -0.01684846334 0)
(-0.01922622978 -0.01550006391 0)
(-0.01582293146 -0.01397392108 0)
(-0.0127150602 -0.01230563354 0)
(-0.009931309378 -0.01053682927 0)
(-0.007492778158 -0.008715177521 0)
(-0.005412171749 -0.006894468543 0)
(-0.003693183688 -0.005134800295 0)
(-0.002330084856 -0.003502912566 0)
(-0.001307441822 -0.002072683562 0)
(-0.0006003329339 -0.0009257275734 0)
(-0.0001782649816 -0.0001524247782 0)
(-3.063572845e-06 0.0001440718874 0)
(-3.68620992e-05 0.000860708151 0)
(-0.000601495522 0.00288680749 0)
(-0.001701345261 0.00508041649 0)
(-0.003290332111 0.00732280744 0)
(-0.005311924997 0.009525488549 0)
(-0.007724716702 0.01162256793 0)
(-0.01048807735 0.01356697888 0)
(-0.01356155354 0.01532712109 0)
(-0.01690539582 0.01688362183 0)
(-0.02048065291 0.01822642811 0)
(-0.0242492349 0.01935229311 0)
(-0.02817398977 0.02026266013 0)
(-0.03221874674 0.02096193361 0)
(-0.03634831332 0.02145611568 0)
(-0.04052842868 0.02175177875 0)
(-0.04472568251 0.02185533968 0)
(-0.04890741242 0.02177259843 0)
(-0.05304159519 0.02150850325 0)
(-0.05709674663 0.02106710468 0)
(-0.06104184408 0.02045166166 0)
(-0.06484628298 0.01966486539 0)
(-0.06847987651 0.01870914864 0)
(-0.07191290427 0.01758705166 0)
(-0.07511621342 0.01630161865 0)
(-0.07806137285 0.0148568021 0)
(-0.08072087901 0.01325785565 0)
(-0.08306840973 0.01151169873 0)
(-0.08507912106 0.009627239218 0)
(-0.08672998099 0.007615642566 0)
(-0.08800013249 0.005490537815 0)
(-0.08887127793 0.003268152802 0)
(-0.08932807559 0.0009673723809 0)
(-0.0893585426 -0.001390284758 0)
(-0.08895444742 -0.003780774393 0)
(-0.08811168628 -0.006177725625 0)
(-0.08683063335 -0.008552729119 0)
(-0.08511645069 -0.01087571064 0)
(-0.08297934525 -0.01311538871 0)
(-0.08043476214 -0.01523981166 0)
(-0.07750350101 -0.01721696626 0)
(-0.07421174271 -0.0190154479 0)
(-0.07059097422 -0.02060517908 0)
(-0.066677801 -0.02195816057 0)
(-0.06251363736 -0.02304923709 0)
(-0.0581442683 -0.02385685728 0)
(-0.05361927912 -0.02436380684 0)
(-0.048991353 -0.02455789299 0)
(-0.04431544158 -0.02443255999 0)
(-0.03964781773 -0.02398741726 0)
(-0.03504502557 -0.02322866614 0)
(-0.03056274737 -0.02216941631 0)
(-0.02625461205 -0.02082988979 0)
(-0.02217097429 -0.01923751823 0)
(-0.01835769728 -0.01742694717 0)
(-0.01485497487 -0.01543996927 0)
(-0.01169623167 -0.01332541505 0)
(-0.008907140908 -0.01113903499 0)
(-0.006504803576 -0.008943408791 0)
(-0.004497141415 -0.006807917741 0)
(-0.00288252353 -0.004808815362 0)
(-0.001649504502 -0.003029401351 0)
(-0.0007772024157 -0.001560216387 0)
(-0.0002408123863 -0.0004995451409 0)
(-6.890579084e-06 4.331921629e-05 0)
(-4.294993444e-05 0.001182815298 0)
(-0.000687116067 0.003793612075 0)
(-0.001932932881 0.006517175966 0)
(-0.003721974277 0.009238758313 0)
(-0.005984762443 0.01187264243 0)
(-0.008670703413 0.01435500478 0)
(-0.01173157987 0.01664042164 0)
(-0.01512071037 0.01869870172 0)
(-0.01879334215 0.02051177263 0)
(-0.02270652535 0.02207083947 0)
(-0.02681896012 0.02337389258 0)
(-0.03109088491 0.02442358334 0)
(-0.03548396115 0.02522547125 0)
(-0.03996114138 0.02578663201 0)
(-0.04448652143 0.02611460491 0)
(-0.04902518274 0.02621665084 0)
(-0.05354303412 0.02609928667 0)
(-0.05800666408 0.02576805928 0)
(-0.06238321526 0.02522752088 0)
(-0.06664029126 0.02448136772 0)
(-0.07074590487 0.02353270532 0)
(-0.0746684741 0.02238440582 0)
(-0.07837687032 0.02103952564 0)
(-0.08184052041 0.01950175518 0)
(-0.08502956253 0.01777587566 0)
(-0.08791505371 0.01586820171 0)
(-0.09046922535 0.01378699143 0)
(-0.09266578196 0.01154280905 0)
(-0.09448023725 0.009148827432 0)
(-0.09589028127 0.006621060183 0)
(-0.09687617099 0.003978515024 0)
(-0.09742113621 0.001243261569 0)
(-0.09751179728 -0.001559591322 0)
(-0.09713857674 -0.004402012914 0)
(-0.09629610072 -0.007253269023 0)
(-0.09498358178 -0.01008024209 0)
(-0.09320516771 -0.01284784784 0)
(-0.09097024311 -0.01551954858 0)
(-0.08829367249 -0.01805795917 0)
(-0.08519596996 -0.02042553817 0)
(-0.08170338058 -0.02258535386 0)
(-0.07784785894 -0.0245019114 0)
(-0.07366693081 -0.02614202418 0)
(-0.06920342557 -0.027475709 0)
(-0.06450506957 -0.02847708221 0)
(-0.0596239336 -0.02912523175 0)
(-0.05461573249 -0.02940503898 0)
(-0.04953897966 -0.02930792485 0)
(-0.04445400548 -0.02883249654 0)
(-0.03942185464 -0.02798507484 0)
(-0.03450308392 -0.02678008772 0)
(-0.02975648811 -0.0252403228 0)
(-0.02523778756 -0.02339703966 0)
(-0.02099831545 -0.02128995207 0)
(-0.01708374677 -0.01896709873 0)
(-0.01353291374 -0.01648462923 0)
(-0.0103767535 -0.01390653719 0)
(-0.007637437066 -0.01130437506 0)
(-0.005327738517 -0.008756984544 0)
(-0.00345065701 -0.0063502742 0)
(-0.001999120083 -0.004177041838 0)
(-0.0009564462486 -0.002336744347 0)
(-0.0003033292586 -0.0009354738216 0)
(-1.047671037e-05 -8.854250903e-05 0)
(-4.872931137e-05 0.001547208577 0)
(-0.0007693631354 0.004813498918 0)
(-0.002156159251 0.008124972882 0)
(-0.004139046438 0.01137219167 0)
(-0.006636166398 0.01447374927 0)
(-0.009587999883 0.017369451 0)
(-0.01293884505 0.020016982 0)
(-0.01663580243 0.02238886181 0)
(-0.02062908164 0.02446942457 0)
(-0.02487169508 0.02625203864 0)
(-0.02931911611 0.02773664728 0)
(-0.03392899532 0.0289276574 0)
(-0.03866089396 0.02983218814 0)
(-0.04347602384 0.03045867645 0)
(-0.04833699502 0.03081582404 0)
(-0.05320757551 0.03091186099 0)
(-0.05805246966 0.0307540945 0)
(-0.0628371236 0.0303487067 0)
(-0.06752756568 0.0297007632 0)
(-0.07209028956 0.02881439307 0)
(-0.07649218605 0.02769310179 0)
(-0.08070052777 0.02634018057 0)
(-0.08468300924 0.0247591783 0)
(-0.08840784262 0.02295440572 0)
(-0.0918439082 0.02093144519 0)
(-0.09496095678 0.0186976432 0)
(-0.0977298606 0.01626256625 0)
(-0.1001229081 0.0136384041 0)
(-0.1021141374 0.01084030717 0)
(-0.1036797037 0.007886647219 0)
(-0.1047982728 0.004799192359 0)
(-0.1054514355 0.001603189086 0)
(-0.10562414 -0.001672654107 0)
(-0.1053051259 -0.004996286331 0)
(-0.1044873541 -0.008332544665 0)
(-0.1031684292 -0.01164349862 0)
(-0.1013509962 -0.0148889025 0)
(-0.09904309787 -0.01802675783 0)
(-0.09625848049 -0.02101398293 0)
(-0.09301683224 -0.02380718336 0)
(-0.08934393562 -0.02636351318 0)
(-0.08527171707 -0.02864161314 0)
(-0.08083817581 -0.030602608 0)
(-0.07608717601 -0.03221114058 0)
(-0.07106808795 -0.03343641682 0)
(-0.06583526821 -0.03425323264 0)
(-0.060447373 -0.03464295149 0)
(-0.05496650542 -0.03459440113 0)
(-0.04945720382 -0.03410465906 0)
(-0.04398528652 -0.03317970001 0)
(-0.0386165756 -0.03183488365 0)
(-0.03341553079 -0.03009526898 0)
(-0.02844383083 -0.02799575023 0)
(-0.02375894655 -0.02558101963 0)
(-0.01941275364 -0.02290537225 0)
(-0.01545023672 -0.02003237733 0)
(-0.01190833638 -0.0170344473 0)
(-0.008814994097 -0.01399233864 0)
(-0.006188459388 -0.01099461885 0)
(-0.004036863267 -0.008137130263 0)
(-0.002357834017 -0.00552244586 0)
(-0.001138976911 -0.003259211694 0)
(-0.0003662382166 -0.00146162381 0)
(-1.388290185e-05 -0.0002514403695 0)
(-5.422286566e-05 0.001952137464 0)
(-0.0008481430039 0.005942191355 0)
(-0.002370473435 0.009897824452 0)
(-0.004540175629 0.01371603822 0)
(-0.007263624009 0.01732107049 0)
(-0.0104727311 0.02065774592 0)
(-0.01410452868 0.02368820054 0)
(-0.01810002306 0.02638888977 0)
(-0.02240445132 0.02874762458 0)
(-0.02696682724 0.03076083773 0)
(-0.03173943646 0.03243115925 0)
(-0.03667739824 0.03376533045 0)
(-0.04173825816 0.03477247246 0)
(-0.04688160466 0.03546270999 0)
(-0.0520687125 0.03584613874 0)
(-0.05726221707 0.03593211408 0)
(-0.06242582479 0.03572883113 0)
(-0.06752406522 0.03524316077 0)
(-0.0725220908 0.03448070279 0)
(-0.07738552874 0.03344601583 0)
(-0.08208038891 0.03214298431 0)
(-0.0865730296 0.03057528398 0)
(-0.09083018185 0.02874691062 0)
(-0.09481903147 0.02666274019 0)
(-0.09850735671 0.02432909229 0)
(-0.1018637187 0.02175427317 0)
(-0.1048577009 0.01894907819 0)
(-0.1074601943 0.01592723711 0)
(-0.109643723 0.01270578883 0)
(-0.1113828069 0.009305374104 0)
(-0.1126543567 0.005750437168 0)
(-0.113438094 0.002069328286 0)
(-0.1137169986 -0.001705698867 0)
(-0.1134777684 -0.005538600134 0)
(-0.1127112799 -0.009389773413 0)
(-0.1114130575 -0.01321641768 0)
(-0.1095837272 -0.01697301148 0)
(-0.10722944 -0.02061191556 0)
(-0.1043622549 -0.02408409889 0)
(-0.1010004604 -0.02733998333 0)
(-0.09716881587 -0.03033039809 0)
(-0.09289869075 -0.03300763059 0)
(-0.08822808026 -0.0353265553 0)
(-0.08320147652 -0.03724581664 0)
(-0.07786957646 -0.03872903719 0)
(-0.07228881135 -0.03974601758 0)
(-0.06652068814 -0.04027389136 0)
(-0.06063093957 -0.04029819628 0)
(-0.0546884883 -0.03981382354 0)
(-0.04876423918 -0.03882580978 0)
(-0.04292972375 -0.03734994158 0)
(-0.03725563031 -0.03541315036 0)
(-0.03181026197 -0.03305368551 0)
(-0.02665797244 -0.03032106515 0)
(-0.02185763492 -0.02727581572 0)
(-0.01746120279 -0.02398902269 0)
(-0.01351242075 -0.0205417235 0)
(-0.01004574734 -0.01702417854 0)
(-0.007085559155 -0.01353505705 0)
(-0.004645631863 -0.0101805721 0)
(-0.002728619378 -0.007073562255 0)
(-0.001326495847 -0.004332413678 0)
(-0.0004302507745 -0.002080075499 0)
(-1.718633564e-05 -0.0004456191248 0)
(-5.944282e-05 0.002395818281 0)
(-0.0009233473669 0.007175149776 0)
(-0.00257537102 0.01182917488 0)
(-0.004924160441 0.01626234367 0)
(-0.007864961382 0.02040572474 0)
(-0.01132153889 0.02421041503 0)
(-0.0152239604 0.0276442315 0)
(-0.01950735007 0.03068871036 0)
(-0.02411211916 0.03333616102 0)
(-0.02898339058 0.03558696011 0)
(-0.03407035377 0.03744715758 0)
(-0.03932568953 0.03892642219 0)
(-0.04470503393 0.04003634235 0)
(-0.05016647869 0.04078908424 0)
(-0.05567011357 0.04119639663 0)
(-0.06117761522 0.04126894135 0)
(-0.06665188693 0.04101591983 0)
(-0.0720567534 0.04044496027 0)
(-0.0773567141 0.03956222593 0)
(-0.08251675779 0.0383727033 0)
(-0.08750223954 0.03688062889 0)
(-0.09227882042 0.03509001503 0)
(-0.09681246879 0.033005238 0)
(-0.1010695211 0.03063165556 0)
(-0.1050167995 0.02797622515 0)
(-0.1086217832 0.02504809831 0)
(-0.1118528302 0.02185917096 0)
(-0.1146794458 0.01842457299 0)
(-0.1170725955 0.01476308339 0)
(-0.119005059 0.01089745981 0)
(-0.1204518219 0.006854673 0)
(-0.1213905006 0.002666037625 0)
(-0.1218018028 -0.001632767347 0)
(-0.1216700163 -0.006001794009 0)
(-0.1209835019 -0.01039704833 0)
(-0.1197352156 -0.01477085142 0)
(-0.1179232267 -0.01907233225 0)
(-0.1155512194 -0.02324805917 0)
(-0.1126289639 -0.02724281283 0)
(-0.1091727385 -0.0310004978 0)
(-0.1052056767 -0.03446518649 0)
(-0.1007580162 -0.03758228291 0)
(-0.09586722262 -0.04029978798 0)
(-0.09057796116 -0.04256964149 0)
(-0.0849418928 -0.04434910879 0)
(-0.07901727308 -0.04560217432 0)
(-0.07286833858 -0.04630089867 0)
(-0.06656447323 -0.04642669264 0)
(-0.0601791562 -0.04597146071 0)
(-0.05378870379 -0.04493856811 0)
(-0.04747082958 -0.04334359094 0)
(-0.0413030587 -0.04121481695 0)
(-0.03536104301 -0.03859347578 0)
(-0.02971683363 -0.03553369081 0)
(-0.02443717397 -0.03210215899 0)
(-0.01958188036 -0.02837757878 0)
(-0.01520237716 -0.0244498581 0)
(-0.01134045472 -0.02041914157 0)
(-0.008027327492 -0.01639469955 0)
(-0.005282978944 -0.01249372093 0)
(-0.003115459168 -0.008840015063 0)
(-0.001521246389 -0.005562521559 0)
(-0.0004962676529 -0.002793900083 0)
(-2.047242161e-05 -0.0006717532804 0)
(-6.439188152e-05 0.002876414643 0)
(-0.0009948327096 0.008507575196 0)
(-0.002770320851 0.01391194856 0)
(-0.005289824568 0.01900236884 0)
(-0.008438117811 0.02371781582 0)
(-0.01213128331 0.02801680028 0)
(-0.01629278738 0.03187395055 0)
(-0.02085215152 0.03527694958 0)
(-0.02574517283 0.03822357117 0)
(-0.03091324795 0.04071898206 0)
(-0.03630260754 0.04277337111 0)
(-0.04186362046 0.04439992806 0)
(-0.04755014155 0.0456131848 0)
(-0.05331890437 0.04642771962 0)
(-0.05912896756 0.04685721316 0)
(-0.06494122017 0.04691383436 0)
(-0.07071795018 0.04660792639 0)
(-0.07642247932 0.04594795636 0)
(-0.08201886605 0.04494068812 0)
(-0.08747167748 0.04359153593 0)
(-0.09274582957 0.04190505654 0)
(-0.09780649422 0.03988553892 0)
(-0.1026190705 0.03753765416 0)
(-0.1071492174 0.03486713191 0)
(-0.1113629439 0.03188143439 0)
(-0.1152267548 0.02859040332 0)
(-0.1187078471 0.02500685992 0)
(-0.1217743567 0.02114714123 0)
(-0.1243956521 0.01703155987 0)
(-0.1265426744 0.01268477591 0)
(-0.1281883224 0.008136071545 0)
(-0.1293078792 0.003419519367 0)
(-0.1298794829 -0.001425963418 0)
(-0.1298846477 -0.006356680424 0)
(-0.1293087872 -0.01132435472 0)
(-0.1281417947 -0.01627647777 0)
(-0.1263786341 -0.02115680191 0)
(-0.124019926 -0.02590598698 0)
(-0.1210725218 -0.03046240756 0)
(-0.1175500393 -0.03476312197 0)
(-0.1134733351 -0.03874499923 0)
(-0.1088708831 -0.04234599397 0)
(-0.1037790292 -0.04550655206 0)
(-0.09824208833 -0.04817112115 0)
(-0.09231225282 -0.05028973206 0)
(-0.08604928469 -0.05181960826 0)
(-0.07951996844 -0.05272675339 0)
(-0.07279731109 -0.0529874612 0)
(-0.06595948576 -0.05258968937 0)
(-0.05908852837 -0.05153423931 0)
(-0.05226881051 -0.04983568844 0)
(-0.04558532643 -0.04752303004 0)
(-0.03912184523 -0.04463998816 0)
(-0.03295899171 -0.04124499056 0)
(-0.02717232797 -0.03741080002 0)
(-0.02183051287 -0.03322382162 0)
(-0.01699361639 -0.02878311944 0)
(-0.01271166659 -0.02419918709 0)
(-0.009023515796 -0.01959252387 0)
(-0.005956005892 -0.01509207016 0)
(-0.003523042031 -0.010833521 0)
(-0.001725841006 -0.006957426221 0)
(-0.000565313071 -0.003607381513 0)
(-2.383051569e-05 -0.0009310194224 0)
(-6.90645561e-05 0.003392013138 0)
(-0.001062413055 0.009934386877 0)
(-0.002954729743 0.01613855642 0)
(-0.005635937955 0.02192663011 0)
(-0.008981015618 0.02724649836 0)
(-0.01289886171 0.03206513452 0)
(-0.01730675007 0.03636501944 0)
(-0.02212892975 0.04014097216 0)
(-0.02729684549 0.04339713773 0)
(-0.03274837753 0.04614427839 0)
(-0.03842697263 0.04839741704 0)
(-0.04428084301 0.05017384831 0)
(-0.05026221032 0.05149152493 0)
(-0.05632660024 0.05236781664 0)
(-0.06243219904 0.05281862761 0)
(-0.06853927879 0.05285784898 0)
(-0.07460969569 0.05249711487 0)
(-0.08060646379 0.05174582398 0)
(-0.08649340486 0.05061138498 0)
(-0.09223487359 0.04909964191 0)
(-0.09779555603 0.0472154361 0)
(-0.1031403382 0.044963263 0)
(-0.1082342411 0.04234798588 0)
(-0.1130424185 0.0393755725 0)
(-0.1175302135 0.0360538259 0)
(-0.1216632708 0.03239308536 0)
(-0.1254077025 0.02840687778 0)
(-0.1287303052 0.02411250415 0)
(-0.1315988292 0.01953154821 0)
(-0.1339822991 0.01469029714 0)
(-0.1358513865 0.009620064661 0)
(-0.1371788351 0.00435740727 0)
(-0.1379399373 -0.001055775518 0)
(-0.1381130881 -0.006572263877 0)
(-0.1376803368 -0.01213967382 0)
(-0.1366280274 -0.01770077796 0)
(-0.1349474667 -0.02319398059 0)
(-0.1326356037 -0.02855396252 0)
(-0.1296957152 -0.03371250719 0)
(-0.1261380702 -0.03859951388 0)
(-0.121980544 -0.04314419838 0)
(-0.1172491486 -0.04727647453 0)
(-0.1119784418 -0.05092850143 0)
(-0.1062117767 -0.05403637101 0)
(-0.1000013507 -0.05654190004 0)
(-0.09340801898 -0.05839447923 0)
(-0.08650084106 -0.0595529225 0)
(-0.07935633698 -0.0599872504 0)
(-0.07205744432 -0.05968033713 0)
(-0.0646921795 -0.05862934837 0)
(-0.05735202444 -0.05684690126 0)
(-0.05013007693 -0.05436188596 0)
(-0.04311902027 -0.05121990199 0)
(-0.0364089827 -0.04748328084 0)
(-0.030085369 -0.04323068685 0)
(-0.02422675351 -0.03855631105 0)
(-0.01890292388 -0.03356869279 0)
(-0.01417316597 -0.02838922106 0)
(-0.01008488879 -0.023150379 0)
(-0.006672565131 -0.01799380224 0)
(-0.003956539981 -0.01306818822 0)
(-0.001943140195 -0.008526979093 0)
(-0.0006384911905 -0.004526167251 0)
(-2.735167593e-05 -0.001225142537 0)
(-7.344857052e-05 0.003940598781 0)
(-0.001125860441 0.01145018871 0)
(-0.003127930881 0.01850087734 0)
(-0.005961182376 0.02502490451 0)
(-0.009491495698 0.03098000357 0)
(-0.01362111209 0.03634257757 0)
(-0.01826155595 0.04110391855 0)
(-0.0233321719 0.04526689656 0)
(-0.02876035162 0.04884287356 0)
(-0.03448070293 0.05184896685 0)
(-0.04043409248 0.05430569782 0)
(-0.04656675357 0.05623503266 0)
(-0.05282943857 0.05765881617 0)
(-0.05917662516 0.05859759088 0)
(-0.06556579022 0.05906978364 0)
(-0.07195675951 0.05909123325 0)
(-0.07831113796 0.05867502488 0)
(-0.08459182248 0.05783159121 0)
(-0.09076259712 0.05656903679 0)
(-0.09678780863 0.05489364025 0)
(-0.102632119 0.0528104897 0)
(-0.1082603307 0.05032420914 0)
(-0.1136372801 0.04743973747 0)
(-0.1187277942 0.04416312638 0)
(-0.123496707 0.04050232896 0)
(-0.1279089328 0.03646795573 0)
(-0.1319295939 0.03207397969 0)
(-0.1355242022 0.02733837594 0)
(-0.1386588974 0.02228368438 0)
(-0.1413007415 0.01693748571 0)
(-0.1434180742 0.01133278194 0)
(-0.14498093 0.005508271781 0)
(-0.1459615164 -0.0004914892152 0)
(-0.1463347968 -0.00661605538 0)
(-0.1460790683 -0.01280918552 0)
(-0.1451766608 -0.01900911509 0)
(-0.1436146844 -0.02514899533 0)
(-0.1413858061 -0.03115751627 0)
(-0.138489055 -0.03695973255 0)
(-0.1349306282 -0.04247810388 0)
(-0.1307246623 -0.04763375604 0)
(-0.125893937 -0.05234796053 0)
(-0.1204704638 -0.05654382136 0)
(-0.1144959172 -0.06014814545 0)
(-0.1080218568 -0.0630934597 0)
(-0.1011096955 -0.06532012399 0)
(-0.09383037191 -0.0667784754 0)
(-0.08626369351 -0.06743092766 0)
(-0.07849733145 -0.06725394041 0)
(-0.07062546314 -0.06623976937 0)
(-0.0627470793 -0.06439790963 0)
(-0.05496399286 -0.06175615264 0)
(-0.04737860839 -0.05836119222 0)
(-0.04009153036 -0.05427873552 0)
(-0.03319910402 -0.04959310059 0)
(-0.02679099222 -0.04440630997 0)
(-0.02094789364 -0.03883671673 0)
(-0.01573950865 -0.0330172235 0)
(-0.01122286886 -0.02709317297 0)
(-0.007441004539 -0.02122000208 0)
(-0.004421444865 -0.01556072073 0)
(-0.002176167117 -0.01028315609 0)
(-0.0007169571958 -0.005557368681 0)
(-3.112759375e-05 -0.001556425362 0)
(-7.752624784e-05 0.004520032848 0)
(-0.001184910019 0.01304923377 0)
(-0.00328918748 0.02099022961 0)
(-0.006264146929 0.02828621717 0)
(-0.009967299068 0.03490564255 0)
(-0.01429477766 0.04083522888 0)
(-0.01915282725 0.04607595872 0)
(-0.02445628367 0.05063959444 0)
(-0.03012881157 0.05454549773 0)
(-0.03610201452 0.05781785111 0)
(-0.04231440324 0.06048330333 0)
(-0.04871042555 0.06256903617 0)
(-0.05523953938 0.06410124604 0)
(-0.06185534063 0.06510402665 0)
(-0.0685147621 0.06559863002 0)
(-0.07517735313 0.06560307528 0)
(-0.08180464498 0.06513206765 0)
(-0.08835960393 0.06419718499 0)
(-0.0948061713 0.0628072859 0)
(-0.1011088874 0.06096909247 0)
(-0.107232595 0.05868790186 0)
(-0.1131422176 0.05596838396 0)
(-0.1188026059 0.05281542662 0)
(-0.1241784489 0.04923499547 0)
(-0.1292342446 0.04523498079 0)
(-0.1339343273 0.04082600978 0)
(-0.138242952 0.03602220714 0)
(-0.142124434 0.03084189111 0)
(-0.145543349 0.0253081949 0)
(-0.1484647948 0.01944960494 0)
(-0.1508547228 0.01330040766 0)
(-0.1526803401 0.006901035392 0)
(-0.1539105841 0.0002983001957 0)
(-0.1545167164 -0.006454494906 0)
(-0.1544729484 -0.01329758469 0)
(-0.1537571673 -0.02016492955 0)
(-0.1523517734 -0.02698460155 0)
(-0.1502445534 -0.03367936232 0)
(-0.1474296104 -0.04016746556 0)
(-0.143908319 -0.04636370322 0)
(-0.1396902705 -0.05218070841 0)
(-0.1347941675 -0.05753051966 0)
(-0.1292486199 -0.06232640039 0)
(-0.1230927879 -0.0664848937 0)
(-0.1163768133 -0.0699280763 0)
(-0.1091619821 -0.07258595818 0)
(-0.1015205622 -0.07439895671 0)
(-0.09353527223 -0.0753203579 0)
(-0.08529834741 -0.07531866406 0)
(-0.07691018931 -0.07437971953 0)
(-0.06847760797 -0.07250850459 0)
(-0.06011169064 -0.0697304947 0)
(-0.05192535778 -0.06609249768 0)
(-0.04403069176 -0.06166290494 0)
(-0.03653614468 -0.05653132371 0)
(-0.02954374576 -0.05080759163 0)
(-0.02314643281 -0.04462021102 0)
(-0.01742563532 -0.03811427221 0)
(-0.01244924746 -0.03144896289 0)
(-0.008269968347 -0.02479478176 0)
(-0.004923446361 -0.01833054692 0)
(-0.002428046956 -0.01224016332 0)
(-0.0008018981174 -0.006709625746 0)
(-3.525021688e-05 -0.001927766691 0)
(-8.127585555e-05 0.005128034698 0)
(-0.001239268147 0.01472539321 0)
(-0.003437706687 0.02359734285 0)
(-0.006543344353 0.03169882424 0)
(-0.01040608148 0.03900980103 0)
(-0.01491651682 0.04552812965 0)
(-0.01997610515 0.05126528295 0)
(-0.02549558856 0.05624268244 0)
(-0.03139524838 0.06048840782 0)
(-0.03760396742 0.06403436474 0)
(-0.04405813695 0.06691391907 0)
(-0.05070062189 0.06915998551 0)
(-0.05747976615 0.07080355605 0)
(-0.06434845244 0.07187264747 0)
(-0.07126323445 0.07239163978 0)
(-0.07818355246 0.07238097011 0)
(-0.08507103781 0.07185714054 0)
(-0.09188890853 0.07083299387 0)
(-0.09860145451 0.06931820877 0)
(-0.105173609 0.06731996556 0)
(-0.1115706013 0.06484373559 0)
(-0.1177576841 0.06189415094 0)
(-0.1236999304 0.05847591627 0)
(-0.1293620938 0.0545947305 0)
(-0.1347085289 0.05025819226 0)
(-0.1397031679 0.04547666899 0)
(-0.1443095547 0.0402641146 0)
(-0.1484909374 0.03463882481 0)
(-0.1522104227 0.02862412178 0)
(-0.1554311985 0.02224896104 0)
(-0.1581168321 0.01554845339 0)
(-0.1602316503 0.008564292577 0)
(-0.1617412015 0.001345076714 0)
(-0.1626128502 -0.006053488221 0)
(-0.1628164447 -0.0135685226 0)
(-0.1623250601 -0.02113006662 0)
(-0.1611159193 -0.02866137993 0)
(-0.1591713603 -0.03607944981 0)
(-0.1564798919 -0.04329574329 0)
(-0.1530373021 -0.0502172326 0)
(-0.1488477884 -0.05674771564 0)
(-0.1439250618 -0.06278944492 0)
(-0.1382933748 -0.06824506639 0)
(-0.1319884088 -0.07301985415 0)
(-0.1250579544 -0.07702420813 0)
(-0.1175623119 -0.08017636032 0)
(-0.1095743441 -0.08240521299 0)
(-0.1011791168 -0.08365321037 0)
(-0.09247308177 -0.08387912684 0)
(-0.08356276941 -0.08306064114 0)
(-0.07456299205 -0.08119656081 0)
(-0.06559458287 -0.07830856559 0)
(-0.05678173179 -0.07444235356 0)
(-0.04824900971 -0.06966810043 0)
(-0.04011820116 -0.06408017845 0)
(-0.03250508503 -0.05779612427 0)
(-0.02551631192 -0.05095489101 0)
(-0.01924653236 -0.04371446345 0)
(-0.01377594303 -0.03624895375 0)
(-0.00916823739 -0.02874532732 0)
(-0.005468338782 -0.0213998855 0)
(-0.002701963167 -0.01441449781 0)
(-0.0008945202021 -0.007993145863 0)
(-3.981182186e-05 -0.002342672542 0)
(-8.467289727e-05 0.005762168638 0)
(-0.001288622529 0.01647213378 0)
(-0.003572660765 0.02631233793 0)
(-0.006797242425 0.03525020095 0)
(-0.01080545262 0.04327793633 0)
(-0.01548294768 0.05040526503 0)
(-0.02072689818 0.05665486744 0)
(-0.02644437994 0.06205851429 0)
(-0.03255264444 0.06665365467 0)
(-0.03897814467 0.07048052056 0)
(-0.04565539403 0.07357974286 0)
(-0.05252587971 0.07599045719 0)
(-0.0595370124 0.07774887669 0)
(-0.06664112838 0.07888730413 0)
(-0.07379456362 0.07943354876 0)
(-0.08095681183 0.07941070721 0)
(-0.08808977292 0.07883726245 0)
(-0.09515709382 0.07772745093 0)
(-0.1021236004 0.07609184669 0)
(-0.1089548164 0.0739381113 0)
(-0.115616564 0.07127186157 0)
(-0.1220746389 0.06809761142 0)
(-0.1282945544 0.06441974986 0)
(-0.1342413479 0.06024352407 0)
(-0.1398794462 0.05557600305 0)
(-0.1451725877 0.05042700365 0)
(-0.1500838015 0.04480996638 0)
(-0.1545754451 0.03874277211 0)
(-0.1586093084 0.03224849379 0)
(-0.1621467881 0.0253560777 0)
(-0.1651491448 0.01810094849 0)
(-0.1675778508 0.01052552928 0)
(-0.1693950303 0.00267966402 0)
(-0.1705640394 -0.00537907174 0)
(-0.1710501687 -0.01358518548 0)
(-0.1708213902 -0.0218652502 0)
(-0.1698493471 -0.03013808591 0)
(-0.1681104126 -0.03831516942 0)
(-0.1655868619 -0.04630130477 0)
(-0.1622681372 -0.05399559582 0)
(-0.1581521675 -0.06129275331 0)
(-0.1532466971 -0.06808476072 0)
(-0.1475705684 -0.07426291085 0)
(-0.1411548872 -0.07972020798 0)
(-0.1340439926 -0.08435410873 0)
(-0.1262961467 -0.08806954936 0)
(-0.1179838573 -0.09078217945 0)
(-0.1091937501 -0.09242169357 0)
(-0.1000259243 -0.09293512692 0)
(-0.09059274036 -0.0922899604 0)
(-0.08101702257 -0.09047686924 0)
(-0.07142969167 -0.08751194936 0)
(-0.06196688351 -0.08343826967 0)
(-0.05276665018 -0.07832662672 0)
(-0.04396537698 -0.07227542048 0)
(-0.03569407681 -0.06540962195 0)
(-0.02807473929 -0.05787886198 0)
(-0.02121692198 -0.04985472805 0)
(-0.01521478845 -0.04152740907 0)
(-0.01014459524 -0.03310187459 0)
(-0.006061947107 -0.02479375796 0)
(-0.003001125064 -0.01682497246 0)
(-0.000996040611 -0.009419723959 0)
(-4.490535876e-05 -0.002805262787 0)
(-8.769141412e-05 0.006419836613 0)
(-0.001332653944 0.01828250721 0)
(-0.00369321372 0.02912472036 0)
(-0.007024306783 0.03892704246 0)
(-0.01116303407 0.04769458513 0)
(-0.01599071963 0.05544957542 0)
(-0.02140076594 0.06222653078 0)
(-0.02729701609 0.06806818083 0)
(-0.03359404805 0.07302192584 0)
(-0.04021617631 0.0771368704 0)
(-0.04709627645 0.08046141449 0)
(-0.05417465987 0.08304137117 0)
(-0.06139798012 0.08491858031 0)
(-0.06871818785 0.08612998314 0)
(-0.07609155573 0.08670711672 0)
(-0.08347778609 0.08667598196 0)
(-0.09083920847 0.08605723413 0)
(-0.09814006936 0.08486664208 0)
(-0.105345913 0.08311576153 0)
(-0.1124230485 0.08081276929 0)
(-0.1193380986 0.07796340895 0)
(-0.1260576209 0.07457200396 0)
(-0.1325477978 0.0706425008 0)
(-0.1387741866 0.06617951228 0)
(-0.1447015275 0.06118933835 0)
(-0.150293607 0.05568094864 0)
(-0.1555131774 0.0496669165 0)
(-0.1603219361 0.04316429845 0)
(-0.1646805704 0.03619545561 0)
(-0.1685488777 0.02878881384 0)
(-0.1718859717 0.0209795585 0)
(-0.1746505869 0.0128102564 0)
(-0.1768014856 0.004331391439 0)
(-0.1782980044 -0.004398202126 0)
(-0.1791007853 -0.01331101551 0)
(-0.1791725039 -0.02233071331 0)
(-0.1784789126 -0.03137216698 0)
(-0.1769899777 -0.04034173467 0)
(-0.1746811583 -0.04913781446 0)
(-0.1715348191 -0.05765172605 0)
(-0.1675417407 -0.06576896588 0)
(-0.1627026828 -0.07337087329 0)
(-0.1570299398 -0.08033673317 0)
(-0.150548815 -0.08654632239 0)
(-0.1432989242 -0.0918828833 0)
(-0.1353352283 -0.09623647797 0)
(-0.1267286893 -0.09950764285 0)
(-0.1175664449 -0.101611228 0)
(-0.1079514081 -0.1024802701 0)
(-0.09800121639 -0.1020697196 0)
(-0.08784649075 -0.1003598206 0)
(-0.07762840038 -0.0973589388 0)
(-0.06749558128 -0.0931056389 0)
(-0.05760050511 -0.08766984634 0)
(-0.04809544445 -0.08115297285 0)
(-0.03912822003 -0.07368694971 0)
(-0.03083794073 -0.06543218537 0)
(-0.02335096476 -0.05657453898 0)
(-0.01677733424 -0.04732147367 0)
(-0.01120770947 -0.03789761744 0)
(-0.006710064795 -0.02853995317 0)
(-0.003328742518 -0.01949271098 0)
(-0.001107681917 -0.01100274808 0)
(-5.062499609e-05 -0.003320274949 0)
(-9.030526953e-05 0.007098277376 0)
(-0.001371049237 0.02014915369 0)
(-0.003798552249 0.03202339148 0)
(-0.007223052736 0.04271528332 0)
(-0.01147653242 0.05224338923 0)
(-0.01643660677 0.0606429844 0)
(-0.02199343167 0.06796095851 0)
(-0.02804805109 0.07425152488 0)
(-0.03451272224 0.07957254424 0)
(-0.04130990655 0.08398248106 0)
(-0.04837107437 0.08753796291 0)
(-0.05563555478 0.09029190428 0)
(-0.06304941088 0.09229215621 0)
(-0.07056435868 0.0935806397 0)
(-0.07813675188 0.09419291524 0)
(-0.08572664659 0.09415813614 0)
(-0.09329695364 0.09349932952 0)
(-0.1008126815 0.09223394663 0)
(-0.1082402687 0.09037462447 0)
(-0.1155470012 0.08793010322 0)
(-0.1227005094 0.08490624854 0)
(-0.1296683367 0.08130713437 0)
(-0.1364175735 0.07713614956 0)
(-0.1429145506 0.07239709958 0)
(-0.1491245876 0.06709528292 0)
(-0.1550117953 0.06123852876 0)
(-0.1605389321 0.05483818855 0)
(-0.16566732 0.0479100784 0)
(-0.1703568253 0.04047537148 0)
(-0.1745659162 0.03256143985 0)
(-0.1782518088 0.0242026439 0)
(-0.1813707172 0.01544106344 0)
(-0.1838782132 0.006327157593 0)
(-0.1857297214 -0.003079665448 0)
(-0.1868812623 -0.01271057316 0)
(-0.1872901436 -0.0224869899 0)
(-0.1869160302 -0.03232045845 0)
(-0.1857221437 -0.04211275497 0)
(-0.1836766279 -0.05175628559 0)
(-0.1807540962 -0.06113483347 0)
(-0.1769373254 -0.07012471563 0)
(-0.172219054 -0.0785964027 0)
(-0.1666038254 -0.08641664413 0)
(-0.1601097976 -0.09345112272 0)
(-0.1527704219 -0.09956763691 0)
(-0.1446358757 -0.1046397754 0)
(-0.1357741229 -0.1085510087 0)
(-0.1262714717 -0.1111990778 0)
(-0.1162325053 -0.1125005145 0)
(-0.1057792785 -0.1123950881 0)
(-0.09504970937 -0.1108499383 0)
(-0.08419513652 -0.1078631425 0)
(-0.07337707236 -0.1034664643 0)
(-0.06276324488 -0.09772706202 0)
(-0.05252308334 -0.0907479863 0)
(-0.0428228588 -0.0826673702 0)
(-0.03382072816 -0.07365630673 0)
(-0.02566196034 -0.06391550413 0)
(-0.01847465547 -0.0536709057 0)
(-0.01236601906 -0.04316854897 0)
(-0.007418397505 -0.03266894633 0)
(-0.003688004611 -0.02244111618 0)
(-0.001230668222 -0.01275719324 0)
(-5.706678097e-05 -0.003893066244 0)
(-9.248947739e-05 0.007794572668 0)
(-0.001403515397 0.02206432156 0)
(-0.003887920202 0.03499668097 0)
(-0.007392104389 0.04660014028 0)
(-0.01174382436 0.05690714481 0)
(-0.01681761902 0.06596644956 0)
(-0.02250091862 0.07383774969 0)
(-0.02869239559 0.08058717751 0)
(-0.03530232951 0.08628348801 0)
(-0.04225160253 0.0909949319 0)
(-0.04947049969 0.09478677643 0)
(-0.05689754801 0.09771942821 0)
(-0.06447837363 0.09984711251 0)
(-0.07216459562 0.1012170602 0)
(-0.07991278019 0.1018691479 0)
(-0.08768346998 0.1018359336 0)
(-0.09544029743 0.1011430248 0)
(-0.1031491854 0.0998097182 0)
(-0.1107776346 0.09784984732 0)
(-0.1182940941 0.09527278114 0)
(-0.1256674078 0.09208452092 0)
(-0.1328663314 0.08828885058 0)
(-0.1398591115 0.08388850436 0)
(-0.1466131215 0.07888632466 0)
(-0.1530945504 0.07328639173 0)
(-0.1592681426 0.06709511436 0)
(-0.165096989 0.06032227727 0)
(-0.1705423765 0.05298204519 0)
(-0.1755636996 0.0450939259 0)
(-0.1801184485 0.03668369467 0)
(-0.1841622852 0.0277842807 0)
(-0.1876492274 0.01843661206 0)
(-0.1905319472 0.008690408353 0)
(-0.1927621974 -0.001395099096 0)
(-0.194291534 -0.0117505355 0)
(-0.1950719703 -0.02229586684 0)
(-0.1950570282 -0.03294006276 0)
(-0.1942029787 -0.04358101257 0)
(-0.192470268 -0.05410572305 0)
(-0.1898251771 -0.06439088187 0)
(-0.1862416828 -0.07430386185 0)
(-0.1817034831 -0.08370423712 0)
(-0.1762061324 -0.09244587388 0)
(-0.1697592076 -0.1003796414 0)
(-0.1623883991 -0.1073567624 0)
(-0.1541374012 -0.1132327853 0)
(-0.1450694529 -0.1178721136 0)
(-0.1352683699 -0.1211529753 0)
(-0.1248389096 -0.1229726568 0)
(-0.1139063218 -0.123252769 0)
(-0.102614974 -0.1219442681 0)
(-0.09112598608 -0.1190319206 0)
(-0.07961387789 -0.1145378979 0)
(-0.06826230856 -0.1085242061 0)
(-0.05725906827 -0.1010937127 0)
(-0.04679055714 -0.09238961888 0)
(-0.03703604274 -0.08259333444 0)
(-0.02816203356 -0.0719208356 0)
(-0.02031715243 -0.06061771271 0)
(-0.01362762057 -0.04895323307 0)
(-0.00819250776 -0.03721377237 0)
(-0.004082059573 -0.02569581249 0)
(-0.001366221991 -0.01469960474 0)
(-6.43293908e-05 -0.004529614402 0)
(-9.422153118e-05 0.008505660883 0)
(-0.001429794545 0.02401990471 0)
(-0.003960656001 0.03803240331 0)
(-0.00753025981 0.05056618242 0)
(-0.01196305198 0.06166788023 0)
(-0.01713112808 0.07140004157 0)
(-0.02291970642 0.07983549114 0)
(-0.02922550289 0.08705262129 0)
(-0.03595714705 0.09313143699 0)
(-0.04303419863 0.09815033952 0)
(-0.05038595999 0.1021836009 0)
(-0.05795031934 0.1052994772 0)
(-0.06567260269 0.1075589101 0)
(-0.07350445405 0.1090147594 0)
(-0.08140276843 0.1097115087 0)
(-0.08932869365 0.1096853775 0)
(-0.09724671094 0.1089647729 0)
(-0.1051237984 0.1075710147 0)
(-0.1129286777 0.1055192664 0)
(-0.1206311399 0.1028196116 0)
(-0.1282014452 0.09947822319 0)
(-0.1356097892 0.09549857797 0)
(-0.1428258291 0.09088268308 0)
(-0.1498182635 0.08563228685 0)
(-0.1565544617 0.07975005891 0)
(-0.163000141 0.073240731 0)
(-0.1691190926 0.06611219738 0)
(-0.1748729609 0.05837657794 0)
(-0.1802210839 0.05005124973 0)
(-0.1851204045 0.04115985253 0)
(-0.1895254699 0.03173327208 0)
(-0.1933885356 0.0218106002 0)
(-0.1966597894 0.01144006396 0)
(-0.1992877009 0.000679904765 0)
(-0.2012196337 -0.0104008117 0)
(-0.2024025773 -0.02172148432 0)
(-0.2027840084 -0.03318940792 0)
(-0.2023132019 -0.04469944775 0)
(-0.2009426758 -0.05613399971 0)
(-0.1986299303 -0.06736331762 0)
(-0.1953394474 -0.07824630342 0)
(-0.1910449252 -0.08863185155 0)
(-0.1857316986 -0.09836083401 0)
(-0.1793992705 -0.1072687985 0)
(-0.1720638466 -0.115189426 0)
(-0.1637607358 -0.1219587564 0)
(-0.154546449 -0.1274201368 0)
(-0.1445003062 -0.1314297868 0)
(-0.1337253532 -0.1338628003 0)
(-0.1223483953 -0.1346193312 0)
(-0.1105189846 -0.133630644 0)
(-0.09840724811 -0.1308646579 0)
(-0.08620051895 -0.1263305921 0)
(-0.0740988255 -0.1200823305 0)
(-0.06230939439 -0.1122201808 0)
(-0.05104042331 -0.102890795 0)
(-0.04049446026 -0.09228515637 0)
(-0.03086179509 -0.08063468505 0)
(-0.02231433586 -0.06820568379 0)
(-0.01500014632 -0.05529250162 0)
(-0.00903775637 -0.04220985122 0)
(-0.00451399383 -0.02928456214 0)
(-0.001515560821 -0.016848071 0)
(-7.251491375e-05 -0.005236517458 0)
(-9.54827819e-05 0.009228358637 0)
(-0.001449679722 0.02600749917 0)
(-0.004016232506 0.04111794074 0)
(-0.007636561228 0.05459743175 0)
(-0.01213272641 0.06650696609 0)
(-0.01737500578 0.07692305611 0)
(-0.02324690404 0.08593186406 0)
(-0.02964357609 0.0936242854 0)
(-0.03647230761 0.1000918509 0)
(-0.04365157093 0.1054234142 0)
(-0.05110986707 0.1097025704 0)
(-0.05878458841 0.1130057502 0)
(-0.06662087876 0.1154009331 0)
(-0.07457051117 0.1169469176 0)
(-0.08259080921 0.1176930838 0)
(-0.09064362918 0.1176795754 0)
(-0.09869441429 0.1169378305 0)
(-0.1067113263 0.1154913863 0)
(-0.1146644554 0.1133568896 0)
(-0.1225251059 0.1105452481 0)
(-0.1302651513 0.1070628683 0)
(-0.1378564536 0.1029129315 0)
(-0.1452703386 0.09809667517 0)
(-0.152477122 0.0926146545 0)
(-0.1594456812 0.08646796885 0)
(-0.1661430718 0.07965944936 0)
(-0.1725341882 0.07219480837 0)
(-0.1785814729 0.06408375758 0)
(-0.1842446826 0.05534110394 0)
(-0.1894807198 0.04598783245 0)
(-0.1942435463 0.03605218296 0)
(-0.1984841983 0.02557072348 0)
(-0.2021509191 0.01458941557 0)
(-0.2051894139 0.003164654507 0)
(-0.2075433418 -0.008635734647 0)
(-0.2091550528 -0.02073155686 0)
(-0.209966281 -0.03302946867 0)
(-0.2099194469 -0.04542234593 0)
(-0.208959098 -0.05778897044 0)
(-0.2070336791 -0.06999406706 0)
(-0.2040976334 -0.08188881262 0)
(-0.2001138119 -0.0933119305 0)
(-0.1950561586 -0.1040914841 0)
(-0.188912603 -0.1140474734 0)
(-0.1816880568 -0.1229953157 0)
(-0.1734073695 -0.130750254 0)
(-0.1641180594 -0.1371326795 0)
(-0.1538926008 -0.1419742825 0)
(-0.142830024 -0.1451248599 0)
(-0.1310565827 -0.1464595108 0)
(-0.1187252615 -0.1458858631 0)
(-0.1060139496 -0.1433508953 0)
(-0.09312218236 -0.1388468708 0)
(-0.08026646801 -0.1324158964 0)
(-0.06767433556 -0.1241526668 0)
(-0.05557737464 -0.114205057 0)
(-0.04420364908 -0.1027723822 0)
(-0.03376996746 -0.0901013332 0)
(-0.02447458931 -0.0764798081 0)
(-0.01649062906 -0.06222907004 0)
(-0.009959236894 -0.04769476037 0)
(-0.00498680818 -0.03323715239 0)
(-0.00167989347 -0.01922218496 0)
(-8.172964108e-05 -0.006020992305 0)
(-9.625980918e-05 0.009959390572 0)
(-0.001463031295 0.02801847987 0)
(-0.004054298931 0.04424035435 0)
(-0.007710369444 0.05867749707 0)
(-0.01225183844 0.07140526107 0)
(-0.01754777251 0.08251416231 0)
(-0.02348043654 0.09210378717 0)
(-0.0299437928 0.1002776767 0)
(-0.03684406162 0.1071390831 0)
(-0.04409883643 0.1127875519 0)
(-0.05163597361 0.1173162748 0)
(-0.05939249016 0.1208101508 0)
(-0.0673134451 0.1233445004 0)
(-0.07535082605 0.124984362 0)
(-0.08346246801 0.1257843019 0)
(-0.09161102351 0.1257886588 0)
(-0.09976299673 0.1250321455 0)
(-0.1078878485 0.123540729 0)
(-0.1159571743 0.1213327155 0)
(-0.1239439528 0.1184199724 0)
(-0.1318218615 0.1148092308 0)
(-0.139564651 0.1105034202 0)
(-0.1471455741 0.1055030018 0)
(-0.1545368607 0.09980727619 0)
(-0.161709236 0.09341565339 0)
(-0.1686314782 0.08632888248 0)
(-0.1752700166 0.07855024543 0)
(-0.181588572 0.07008672477 0)
(-0.1875478477 0.06095015788 0)
(-0.1931052787 0.05115839057 0)
(-0.1982148548 0.04073644101 0)
(-0.2028270371 0.02971768048 0)
(-0.2068887864 0.0181450307 0)
(-0.2103437081 0.006072163637 0)
(-0.2131323999 -0.006435316946 0)
(-0.2151931409 -0.0192986915 0)
(-0.2164624273 -0.03242512669 0)
(-0.2168761808 -0.04570670953 0)
(-0.2163711549 -0.05901981667 0)
(-0.2148866827 -0.072224807 0)
(-0.2123668246 -0.0851661787 0)
(-0.2087629079 -0.09767332771 0)
(-0.2040364372 -0.10956205 0)
(-0.198162327 -0.1206369276 0)
(-0.1911323598 -0.1306947233 0)
(-0.1829587293 -0.1395288703 0)
(-0.1736774686 -0.1469350904 0)
(-0.1633515216 -0.1527180888 0)
(-0.1520731672 -0.1566991757 0)
(-0.1399654912 -0.1587245445 0)
(-0.1271826048 -0.1586738168 0)
(-0.1139083538 -0.1564683526 0)
(-0.1003533455 -0.1520787431 0)
(-0.08675024366 -0.1455308714 0)
(-0.07334743542 -0.1369099581 0)
(-0.0604013385 -0.1263621137 0)
(-0.04816777356 -0.1140930989 0)
(-0.03689296904 -0.1003642208 0)
(-0.02680490217 -0.08548556854 0)
(-0.01810534826 -0.06980706239 0)
(-0.01096170001 -0.05370794873 0)
(-0.005503389446 -0.03758525023 0)
(-0.00186041451 -0.02184299204 0)
(-9.208480994e-05 -0.006890871482 0)
(-9.654582608e-05 0.01069542767 0)
(-0.001469793912 0.03004409855 0)
(-0.004074724463 0.04738652532 0)
(-0.007751441727 0.06278974319 0)
(-0.01231997499 0.07634329612 0)
(-0.01764875439 0.08815159079 0)
(-0.02361924335 0.09832759949 0)
(-0.03012454414 0.1069875504 0)
(-0.03707005633 0.1142465331 0)
(-0.04437267199 0.1202149658 0)
(-0.05195973207 0.1249958665 0)
(-0.05976797458 0.1286828688 0)
(-0.06774245032 0.1313589207 0)
(-0.07583542872 0.1330955955 0)
(-0.08400532288 0.1339529375 0)
(-0.09221565483 0.1339797595 0)
(-0.1004340755 0.1332143078 0)
(-0.108631448 0.1316852111 0)
(-0.1167809986 0.1294126343 0)
(-0.1248575321 0.1264095678 0)
(-0.1328367117 0.1226831904 0)
(-0.1406943935 0.1182362591 0)
(-0.1484060119 0.1130684912 0)
(-0.1559460091 0.1071779148 0)
(-0.1632873032 0.1005621783 0)
(-0.1704007913 0.09321981711 0)
(-0.1772548891 0.08515148701 0)
(-0.183815105 0.07636117416 0)
(-0.1900436576 0.06685740016 0)
(-0.1958991425 0.05665443765 0)
(-0.201336262 0.04577355173 0)
(-0.2063056358 0.03424427817 0)
(-0.210753715 0.02210574361 0)
(-0.2146228044 0.009408018974 0)
(-0.2178512386 -0.003786515287 0)
(-0.2203739794 -0.01740175778 0)
(-0.222122998 -0.03134662965 0)
(-0.2230283069 -0.04551378114 0)
(-0.2230192902 -0.05977859779 0)
(-0.2220263679 -0.0739984977 0)
(-0.2199831277 -0.08801266562 0)
(-0.2168289292 -0.1016423838 0)
(-0.2125119843 -0.1146921315 0)
(-0.2069928844 -0.1269516333 0)
(-0.2002485006 -0.1381990298 0)
(-0.1922761217 -0.1482053145 0)
(-0.1830976318 -0.1567401282 0)
(-0.1727634595 -0.1635789138 0)
(-0.1613559708 -0.1685113219 0)
(-0.1489919327 -0.1713506128 0)
(-0.135823663 -0.1719436459 0)
(-0.1220385105 -0.1701808936 0)
(-0.107856392 -0.1660057903 0)
(-0.09352524516 -0.1594226531 0)
(-0.07931443914 -0.1505024147 0)
(-0.06550639027 -0.1393855075 0)
(-0.05238684019 -0.1262814301 0)
(-0.04023445147 -0.1114648086 0)
(-0.02931056862 -0.0952680981 0)
(-0.01984965401 -0.07807143582 0)
(-0.01204946514 -0.060290384 0)
(-0.00606647613 -0.04236221943 0)
(-0.002058297111 -0.02473292211 0)
(-0.0001036972768 -0.007854597423 0)
(-9.63420585e-05 0.01143313431 0)
(-0.001470013854 0.0320756037 0)
(-0.004077643319 0.05054332727 0)
(-0.007760012739 0.0669174976 0)
(-0.01233744051 0.08130149942 0)
(-0.01767824738 0.09381336381 0)
(-0.02366348572 0.1045792853 0)
(-0.03018568508 0.1137281217 0)
(-0.03714962813 0.1213868405 0)
(-0.04447164784 0.1276768575 0)
(-0.05207866923 0.1327112091 0)
(-0.05990722317 0.1365925045 0)
(-0.06790240854 0.1394115933 0)
(-0.07601682723 0.1412468752 0)
(-0.0842095231 0.1421641681 0)
(-0.09244494871 0.1422170486 0)
(-0.1006919765 0.1414475705 0)
(-0.1089229652 0.1398872762 0)
(-0.117112887 0.1375584141 0)
(-0.1252385158 0.134475289 0)
(-0.1332776734 0.1306456834 0)
(-0.1412085299 0.1260722991 0)
(-0.1490089504 0.1207541837 0)
(-0.156655883 0.1146881218 0)
(-0.1641247827 0.1078699791 0)
(-0.171389066 0.1002960028 0)
(-0.1784195952 0.09196408651 0)
(-0.1851841932 0.08287501661 0)
(-0.1916471895 0.0730337181 0)
(-0.1977690076 0.06245052148 0)
(-0.2035058008 0.05114246906 0)
(-0.2088091543 0.0391346769 0)
(-0.2136258759 0.02646176331 0)
(-0.2178978846 0.01316934325 0)
(-0.2215622086 -0.0006844281449 0)
(-0.2245513933 -0.01502724272 0)
(-0.2267938304 -0.02977108935 0)
(-0.2282144495 -0.04481066589 0)
(-0.2287359564 -0.06002196707 0)
(-0.2282803467 -0.07526114815 0)
(-0.2267709456 -0.09036376923 0)
(-0.2241349987 -0.1051446055 0)
(-0.2203068434 -0.1193982247 0)
(-0.2152316634 -0.1329005531 0)
(-0.2088697811 -0.1454116591 0)
(-0.2012013728 -0.1566799652 0)
(-0.1922314199 -0.1664480542 0)
(-0.1819946136 -0.174460148 0)
(-0.1705598534 -0.1804712148 0)
(-0.1580338983 -0.1842574896 0)
(-0.1445636956 -0.1856280025 0)
(-0.1303369117 -0.1844365027 0)
(-0.1155802639 -0.1805929791 0)
(-0.1005553877 -0.1740738494 0)
(-0.08555218278 -0.1649298447 0)
(-0.07087983571 -0.1532906904 0)
(-0.05685598761 -0.1393658923 0)
(-0.04379478885 -0.1234412557 0)
(-0.03199484982 -0.105871187 0)
(-0.02172776622 -0.08706729308 0)
(-0.01322631745 -0.06748412489 0)
(-0.006678617021 -0.04760289411 0)
(-0.002274683485 -0.02791570212 0)
(-0.0001166900635 -0.008921213074 0)
(-9.565914214e-05 0.01216922421 0)
(-0.001463856797 0.03410438308 0)
(-0.004063501156 0.05369783126 0)
(-0.007736878233 0.07104429595 0)
(-0.01230538295 0.08626046389 0)
(-0.01763768781 0.09947756947 0)
(-0.02361476211 0.1108347434 0)
(-0.03012879388 0.1204733213 0)
(-0.03708410467 0.1285321207 0)
(-0.04439657112 0.1351436308 0)
(-0.05199277046 0.1404310665 0)
(-0.0598090741 0.1445062352 0)
(-0.06779066722 0.1474681539 0)
(-0.0758905211 0.1494023395 0)
(-0.08406835274 0.1503806862 0)
(-0.09228959802 0.1504618352 0)
(-0.1005244185 0.149691939 0)
(-0.1087467546 0.1481057262 0)
(-0.1169334333 0.1457277773 0)
(-0.1250633317 0.1425739327 0)
(-0.1331165959 0.1386527678 0)
(-0.1410739096 0.1339670836 0)
(-0.1489158082 0.128515376 0)
(-0.1566220314 0.1222932634 0)
(-0.164170908 0.1152948628 0)
(-0.1715387682 0.1075141182 0)
(-0.1786993809 0.09894609176 0)
(-0.1856234128 0.08958823762 0)
(-0.1922779113 0.07944167879 0)
(-0.1986258157 0.06851251244 0)
(-0.2046255023 0.05681316612 0)
(-0.2102303789 0.0443638263 0)
(-0.2153885476 0.03119395602 0)
(-0.22004255 0.01734391012 0)
(-0.2241291904 0.002866639761 0)
(-0.2275796631 -0.0121705142 0)
(-0.2303199171 -0.02768394581 0)
(-0.2322708676 -0.04357198458 0)
(-0.2333495047 -0.05971299034 0)
(-0.2334702032 -0.07596376233 0)
(-0.2325465787 -0.09215823663 0)
(-0.2304939723 -0.1081066871 0)
(-0.2272326156 -0.1235956588 0)
(-0.2226915182 -0.1383888956 0)
(-0.2168130703 -0.1522295492 0)
(-0.2095582835 -0.1648439576 0)
(-0.2009125029 -0.1759472488 0)
(-0.1908913173 -0.1852509471 0)
(-0.1795462796 -0.1924726324 0)
(-0.1669699417 -0.1973475104 0)
(-0.1532996267 -0.1996415231 0)
(-0.1387193335 -0.1991653588 0)
(-0.1234592113 -0.1957884668 0)
(-0.1077921757 -0.189451965 0)
(-0.09202746696 -0.1801792203 0)
(-0.07650125301 -0.1680829066 0)
(-0.061564728 -0.1533675465 0)
(-0.04757052098 -0.1363269069 0)
(-0.03485859938 -0.1173361294 0)
(-0.02374254803 -0.09683907238 0)
(-0.01449538926 -0.0753318093 0)
(-0.007342122094 -0.05334330249 0)
(-0.002510672743 -0.03141624564 0)
(-0.0001311927613 -0.01010034768 0)
(-9.451848909e-05 0.01290052548 0)
(-0.001451625989 0.03612212956 0)
(-0.004033102958 0.05683754442 0)
(-0.007683481689 0.07515416824 0)
(-0.01222592419 0.09120125887 0)
(-0.01752982875 0.1051226813 0)
(-0.0234763305 0.1170701004 0)
(-0.02995743878 0.1271970942 0)
(-0.03687711377 0.1356542423 0)
(-0.04415083491 0.1425851454 0)
(-0.05170486741 0.1481233334 0)
(-0.05947544833 0.1523900236 0)
(-0.06740787246 0.1554926633 0)
(-0.0754555086 0.1575241824 0)
(-0.08357878421 0.1585628629 0)
(-0.09174416869 0.1586727254 0)
(-0.0999231785 0.1579043285 0)
(-0.1080914201 0.1562958804 0)
(-0.1162276809 0.1538745662 0)
(-0.1243130713 0.1506580103 0)
(-0.1323302199 0.1466558024 0)
(-0.1402625155 0.1418710342 0)
(-0.1480933933 0.1363018098 0)
(-0.1558056573 0.1299427074 0)
(-0.1633808338 0.1227861842 0)
(-0.1707985481 0.1148239279 0)
(-0.1780359218 0.106048169 0)
(-0.1850669849 0.09645297314 0)
(-0.1918621027 0.08603553841 0)
(-0.1983874181 0.07479752515 0)
(-0.2046043127 0.06274644531 0)
(-0.2104688973 0.0498971375 0)
(-0.2159315477 0.03627335105 0)
(-0.2209365013 0.02190945634 0)
(-0.2254215015 0.006852281632 0)
(-0.2293176698 -0.008836925435 0)
(-0.2325497275 -0.02508032085 0)
(-0.2350358981 -0.04178147771 0)
(-0.2366886901 -0.05882298856 0)
(-0.2374159842 -0.07606439295 0)
(-0.2371226097 -0.09334028505 0)
(-0.2357126186 -0.1104588278 0)
(-0.2330923294 -0.1272009247 0)
(-0.2291742258 -0.1433203484 0)
(-0.2238817549 -0.1585451702 0)
(-0.2171549973 -0.1725808627 0)
(-0.2089570866 -0.1851154343 0)
(-0.199281129 -0.1958269003 0)
(-0.1881572312 -0.2043932638 0)
(-0.1756590939 -0.2105049835 0)
(-0.1619095019 -0.2138796316 0)
(-0.1470839581 -0.2142781159 0)
(-0.1314117134 -0.2115214889 0)
(-0.1151735549 -0.2055070567 0)
(-0.0986959527 -0.1962222777 0)
(-0.08234151797 -0.1837549009 0)
(-0.06649615301 -0.1682979535 0)
(-0.05155375754 -0.1501485872 0)
(-0.03789985482 -0.1297004001 0)
(-0.02589525444 -0.1074296041 0)
(-0.01585902625 -0.08387604927 0)
(-0.008059005721 -0.05962033413 0)
(-0.002767306093 -0.03526051539 0)
(-0.0001473417552 -0.01140219636 0)
(-9.295368465e-05 0.01362405494 0)
(-0.001433781076 0.03812103116 0)
(-0.003987662866 0.05995068361 0)
(-0.007602004609 0.07923196681 0)
(-0.01210229586 0.09610578743 0)
(-0.01735892301 0.1107279242 0)
(-0.02325333768 0.123262071 0)
(-0.02967745106 0.1338737414 0)
(-0.03653489702 0.1427251461 0)
(-0.0437407691 0.1499710091 0)
(-0.05122102363 0.155755302 0)
(-0.0589117685 0.1602088617 0)
(-0.06675842166 0.1634478345 0)
(-0.07471477497 0.1655728687 0)
(-0.08274200602 0.1666689583 0)
(-0.09080767279 0.1668058332 0)
(-0.09888471805 0.166038783 0)
(-0.1069505033 0.1644098073 0)
(-0.1149858844 0.1619489912 0)
(-0.1229743356 0.1586760166 0)
(-0.1309011227 0.1546017376 0)
(-0.1387525237 0.1497297625 0)
(-0.1465150915 0.144058003 0)
(-0.1541749531 0.1375801689 0)
(-0.1617171369 0.1302871991 0)
(-0.1691249233 0.1221686335 0)
(-0.1763792087 0.1132139393 0)
(-0.1834578814 0.1034138152 0)
(-0.1903352004 0.09276149752 0)
(-0.1969811791 0.08125410057 0)
(-0.2033609718 0.068894021 0)
(-0.2094342675 0.05569043735 0)
(-0.2151547056 0.04166093459 0)
(-0.2204693263 0.02683328008 0)
(-0.2253180449 0.01124736155 0)
(-0.2296332451 -0.005042711855 0)
(-0.2333398077 -0.02196619129 0)
(-0.2363547664 -0.03943347473 0)
(-0.2385876399 -0.05733331113 0)
(-0.2399412552 -0.07553020874 0)
(-0.2403129583 -0.09386193169 0)
(-0.2395965673 -0.1121372677 0)
(-0.2376851649 -0.1301343349 0)
(-0.2344748635 -0.1475997539 0)
(-0.2298696473 -0.1642490859 0)
(-0.2237873323 -0.179768988 0)
(-0.216166584 -0.1938215674 0)
(-0.2069747949 -0.2060513784 0)
(-0.1962164523 -0.2160954058 0)
(-0.1839414316 -0.2235961719 0)
(-0.1702524638 -0.2282178056 0)
(-0.1553108777 -0.2296645121 0)
(-0.1393396566 -0.227700434 0)
(-0.1226229144 -0.2221694438 0)
(-0.1055011274 -0.2130130584 0)
(-0.08836184488 -0.2002844896 0)
(-0.07162612452 -0.1841569464 0)
(-0.05573155486 -0.1649247035 0)
(-0.04111340179 -0.142996157 0)
(-0.02818525975 -0.1188790259 0)
(-0.01731863992 -0.09315872486 0)
(-0.008830922919 -0.0664713447 0)
(-0.003045549588 -0.03947535512 0)
(-0.0001652802809 -0.01283749223 0)
(-9.101189943e-05 0.01433710213 0)
(-0.001410957917 0.04009398637 0)
(-0.003928856876 0.06302648594 0)
(-0.007495461912 0.08326373841 0)
(-0.01193898216 0.1009571908 0)
(-0.01713091435 0.1162736878 0)
(-0.02295305671 0.1293883609 0)
(-0.02929720476 0.1404783031 0)
(-0.03606662685 0.1497171994 0)
(-0.04317598999 0.1572709036 0)
(-0.05055091276 0.1632939596 0)
(-0.05812736329 0.1679270456 0)
(-0.06585089309 0.1712952908 0)
(-0.07367574852 0.1735073832 0)
(-0.08156390858 0.1746553703 0)
(-0.08948408918 0.1748150375 0)
(-0.09741074559 0.1740467469 0)
(-0.1053230965 0.1723966198 0)
(-0.1132041847 0.1698979545 0)
(-0.1210399841 0.1665727859 0)
(-0.1288185537 0.1624335078 0)
(-0.13652924 0.1574844995 0)
(-0.1441619216 0.1517237146 0)
(-0.1517062897 0.1451442075 0)
(-0.1591511578 0.1377355888 0)
(-0.1664837921 0.1294854152 0)
(-0.1736892536 0.1203805254 0)
(-0.1807497446 0.1104083481 0)
(-0.1876439534 0.09955820732 0)
(-0.1943463887 0.08782265907 0)
(-0.2008267038 0.0751988922 0)
(-0.2070490072 0.06169022981 0)
(-0.2129711676 0.04730776613 0)
(-0.2185441281 0.03207217469 0)
(-0.2237112179 0.01601571164 0)
(-0.2284074791 -0.0008155734347 0)
(-0.2325594177 -0.0183592813 0)
(-0.236084535 -0.03653412522 0)
(-0.2388910705 -0.05523693062 0)
(-0.2408785209 -0.07433946188 0)
(-0.2419384223 -0.09368532131 0)
(-0.2419558665 -0.1130869372 0)
(-0.240811905 -0.1323229239 0)
(-0.2383870154 -0.1511361584 0)
(-0.2345658053 -0.1692330157 0)
(-0.2292430736 -0.1862842942 0)
(-0.222331258 -0.2019284326 0)
(-0.2137691493 -0.2157776293 0)
(-0.2035315619 -0.227427406 0)
(-0.1916394062 -0.2364699742 0)
(-0.1781693582 -0.2425114422 0)
(-0.1632620887 -0.2451924474 0)
(-0.1471278632 -0.2442112317 0)
(-0.1300483167 -0.2393475764 0)
(-0.1123733977 -0.230485471 0)
(-0.09451288309 -0.2176320441 0)
(-0.07692247703 -0.2009302487 0)
(-0.0600852824 -0.1806631649 0)
(-0.04449032119 -0.1572485671 0)
(-0.03060976981 -0.1312235519 0)
(-0.01887455003 -0.1032201707 0)
(-0.009659100354 -0.07393369316 0)
(-0.00334627501 -0.04408828763 0)
(-0.0001851583244 -0.01441746983 0)
(-8.875541833e-05 0.01503732356 0)
(-0.001383990085 0.04203484651 0)
(-0.003858879965 0.06605555828 0)
(-0.007367804884 0.08723714242 0)
(-0.01174187291 0.1057403014 0)
(-0.01685364013 0.1217419868 0)
(-0.02258513524 0.1354281156 0)
(-0.0288279046 0.1469869802 0)
(-0.03548472693 0.1566035854 0)
(-0.04246974654 0.1644549381 0)
(-0.04970818483 0.1707063104 0)
(-0.05713584967 0.1755084717 0)
(-0.06469844218 0.1789958445 0)
(-0.07235071119 0.1812855028 0)
(-0.0800555114 0.1824769095 0)
(-0.08778281203 0.1826522703 0)
(-0.09550869285 0.1818773775 0)
(-0.1032143552 0.1802028186 0)
(-0.1108851666 0.1776654338 0)
(-0.1185097495 0.1742899219 0)
(-0.1260791189 0.1700905102 0)
(-0.1335858687 0.1650726267 0)
(-0.1410234017 0.1592345284 0)
(-0.1483851984 0.1525688606 0)
(-0.1556641146 0.1450641377 0)
(-0.1628516999 0.1367061472 0)
(-0.1699375266 0.1274792934 0)
(-0.1769085186 0.1173679023 0)
(-0.1837482712 0.1063575174 0)
(-0.1904363521 0.09443621871 0)
(-0.1969475755 0.08159600354 0)
(-0.2032512455 0.06783426646 0)
(-0.2093103674 0.05315542032 0)
(-0.2150808376 0.03757270122 0)
(-0.2205106043 0.02111019666 0)
(-0.2255387661 0.003805122752 0)
(-0.2300949851 -0.01428957886 0)
(-0.234098943 -0.03310229072 0)
(-0.2374594886 -0.05253974716 0)
(-0.2400747453 -0.07248323203 0)
(-0.2418324489 -0.09278491968 0)
(-0.2426109127 -0.1132640831 0)
(-0.2422809039 -0.1337034596 0)
(-0.2407086379 -0.1538461203 0)
(-0.2377601331 -0.1733933131 0)
(-0.233307143 -0.1920038738 0)
(-0.2272348 -0.2092959263 0)
(-0.2194509673 -0.2248516556 0)
(-0.2098970844 -0.2382259315 0)
(-0.1985600128 -0.2489594131 0)
(-0.1854840657 -0.2565964601 0)
(-0.1707820723 -0.2607076701 0)
(-0.1546440621 -0.2609161925 0)
(-0.1373420323 -0.2569261796 0)
(-0.1192293728 -0.2485509642 0)
(-0.1007339159 -0.2357379514 0)
(-0.08234426412 -0.2185869768 0)
(-0.06459000037 -0.1973591396 0)
(-0.04801753335 -0.1724739626 0)
(-0.03316352802 -0.144494092 0)
(-0.02052582221 -0.1140982512 0)
(-0.01054426487 -0.08204420817 0)
(-0.003670239876 -0.04912727694 0)
(-0.0002071324359 -0.01615381922 0)
(-8.626333791e-05 0.01572284827 0)
(-0.001353933022 0.04393868786 0)
(-0.003780510009 0.06903026962 0)
(-0.007224035406 0.0911419187 0)
(-0.01151843136 0.1104421472 0)
(-0.01653705023 0.1271169696 0)
(-0.02216185911 0.1413624092 0)
(-0.02828388514 0.1533775891 0)
(-0.03480519728 0.1633587159 0)
(-0.04163926185 0.1714940204 0)
(-0.04871081636 0.1779597096 0)
(-0.05595548588 0.1829169413 0)
(-0.06331915408 0.1865097833 0)
(-0.0707571498 0.1888640756 0)
(-0.07823331475 0.1900870852 0)
(-0.08571900662 0.1902678221 0)
(-0.09319208064 0.1894778805 0)
(-0.1006358817 0.1877726693 0)
(-0.1080382686 0.1851929083 0)
(-0.1153906841 0.1817662802 0)
(-0.1226872751 0.1775091506 0)
(-0.1299240656 0.1724282872 0)
(-0.1370981763 0.1665225306 0)
(-0.1442070855 0.1597843884 0)
(-0.1512479218 0.1522015412 0)
(-0.1582167783 0.1437582622 0)
(-0.165108037 0.1344367651 0)
(-0.1719136911 0.124218502 0)
(-0.178622652 0.1130854412 0)
(-0.1852200301 0.101021358 0)
(-0.1916863764 0.08801317888 0)
(-0.1979968749 0.07405241875 0)
(-0.2041204806 0.05913675841 0)
(-0.2100190052 0.04327181139 0)
(-0.2156461424 0.02647313221 0)
(-0.2209463831 0.008768502971 0)
(-0.225854111 -0.009799449885 0)
(-0.2302928535 -0.0291700298 0)
(-0.2341740741 -0.04926150495 0)
(-0.2373966546 -0.06996682595 0)
(-0.2398468173 -0.0911494329 0)
(-0.2413984409 -0.1126387217 0)
(-0.2419142821 -0.1342254089 0)
(-0.2412483216 -0.1556571276 0)
(-0.2392495454 -0.1766347232 0)
(-0.2357674787 -0.1968098903 0)
(-0.2306597334 -0.2157849688 0)
(-0.2238017111 -0.2331158604 0)
(-0.2150983916 -0.2483190962 0)
(-0.2044978344 -0.260884016 0)
(-0.1920056225 -0.2702907544 0)
(-0.1776990427 -0.2760342151 0)
(-0.1617393844 -0.2776534408 0)
(-0.1443804563 -0.2747648092 0)
(-0.1259714009 -0.2670964231 0)
(-0.1069522114 -0.2545201334 0)
(-0.08784108489 -0.237077078 0)
(-0.06921387401 -0.2149926765 0)
(-0.0516773566 -0.1886778386 0)
(-0.03583852681 -0.1587147274 0)
(-0.0222701082 -0.1258273253 0)
(-0.01148657359 -0.09083858313 0)
(-0.004018068106 -0.05462045442 0)
(-0.0002313655542 -0.01805863061 0)
(-8.363361417e-05 0.01639239631 0)
(-0.001322092368 0.04580211761 0)
(-0.00369718193 0.07194519114 0)
(-0.007070336833 0.0949704098 0)
(-0.01127788342 0.1150525095 0)
(-0.01619344949 0.132385475 0)
(-0.02169843769 0.1471747723 0)
(-0.02768292629 0.1596300451 0)
(-0.0340479463 0.1699586622 0)
(-0.04070606945 0.1783602355 0)
(-0.04758144043 0.1850221958 0)
(-0.05460948768 0.1901164584 0)
(-0.06173634135 0.1937971472 0)
(-0.06891803352 0.1961992928 0)
(-0.07611955774 0.1974383858 0)
(-0.08331385124 0.1976106449 0)
(-0.09048074962 0.1967938492 0)
(-0.0976059507 0.1950485899 0)
(-0.1046800127 0.1924198051 0)
(-0.1116974012 0.1889384819 0)
(-0.1186555927 0.1846234296 0)
(-0.125554234 0.17948305 0)
(-0.1323943549 0.1735170548 0)
(-0.1391776259 0.1667180979 0)
(-0.1459056521 0.1590733088 0)
(-0.1525792901 0.1505657288 0)
(-0.1591979774 0.1411756626 0)
(-0.1657590573 0.1308819662 0)
(-0.1722570867 0.1196633008 0)
(-0.1786831104 0.1074993862 0)
(-0.1850238865 0.09437229419 0)
(-0.1912610488 0.08026782475 0)
(-0.1973701931 0.06517701403 0)
(-0.2033198835 0.04909783021 0)
(-0.2090705699 0.03203711829 0)
(-0.2145733665 0.01401284293 0)
(-0.2197688231 -0.004943315873 0)
(-0.2245859783 -0.02478262451 0)
(-0.2289408993 -0.0454362389 0)
(-0.2327354658 -0.06681072087 0)
(-0.235856864 -0.08878331374 0)
(-0.2381772055 -0.1111967537 0)
(-0.2395539836 -0.1338536787 0)
(-0.2398316076 -0.1565109382 0)
(-0.2388443848 -0.1788742444 0)
(-0.2364213626 -0.2005938191 0)
(-0.232393435 -0.221261923 0)
(-0.2266030256 -0.2404133866 0)
(-0.2189164736 -0.2575304331 0)
(-0.209238933 -0.2720531259 0)
(-0.1975311466 -0.2833965949 0)
(-0.1838269086 -0.2909757162 0)
(-0.1682494465 -0.2942370859 0)
(-0.1510244719 -0.2926969548 0)
(-0.1324874177 -0.2859824087 0)
(-0.1130825721 -0.2738717166 0)
(-0.09335252727 -0.2563287688 0)
(-0.07391765145 -0.2335262292 0)
(-0.05544709994 -0.2058527114 0)
(-0.03862373856 -0.1739010493 0)
(-0.02410349812 -0.138437103 0)
(-0.01248555095 -0.1003507025 0)
(-0.004390233455 -0.06059581066 0)
(-0.0002580270191 -0.02014433025 0)
(-8.098563326e-05 0.01704541272 0)
(-0.001290058528 0.04762361972 0)
(-0.003613076881 0.07479759168 0)
(-0.006914228916 0.09871814393 0)
(-0.01103143764 0.1195645386 0)
(-0.01583777319 0.1375376365 0)
(-0.02121331971 0.1528517551 0)
(-0.02704659153 0.1657268641 0)
(-0.03323713341 0.1763815897 0)
(-0.03969634396 0.1850272155 0)
(-0.04634765221 0.1918628055 0)
(-0.05312629907 0.1970715027 0)
(-0.05997877404 0.2008179763 0)
(-0.06686200079 0.203246928 0)
(-0.07374236262 0.2044825288 0)
(-0.0805946418 0.2046286297 0)
(-0.08740092984 0.2037695851 0)
(-0.09414955032 0.2019715265 0)
(-0.100834022 0.1992839414 0)
(-0.1074520785 0.1957414309 0)
(-0.1140047519 0.1913655421 0)
(-0.1204955205 0.1861665964 0)
(-0.1269295165 0.1801454584 0)
(-0.1333127854 0.1732952116 0)
(-0.1396515859 0.1656027229 0)
(-0.1459517177 0.1570500984 0)
(-0.1522178632 0.1476160387 0)
(-0.1584529262 0.137277116 0)
(-0.1646573514 0.1260090003 0)
(-0.1708284072 0.1137876687 0)
(-0.1769594119 0.1005906372 0)
(-0.1830388861 0.08639825977 0)
(-0.1890496123 0.07119514533 0)
(-0.1949675897 0.05497175274 0)
(-0.2007608763 0.03772623166 0)
(-0.2063882666 0.01946657482 0)
(-0.2117977927 0.0002131478847 0)
(-0.2169255693 -0.01999809004 0)
(-0.2216941503 -0.0411121818 0)
(-0.2260106776 -0.06305095789 0)
(-0.2297658624 -0.08570772973 0)
(-0.2328329421 -0.1089415862 0)
(-0.2350672791 -0.1325709468 0)
(-0.2363069481 -0.1563666381 0)
(-0.2363747054 -0.1800448772 0)
(-0.2350818437 -0.2032607846 0)
(-0.2322344749 -0.2256033392 0)
(-0.2276427484 -0.2465930145 0)
(-0.2211333699 -0.2656836277 0)
(-0.2125654859 -0.2822701274 0)
(-0.2018495271 -0.2957040118 0)
(-0.1889679488 -0.3053176893 0)
(-0.1739960482 -0.3104582552 0)
(-0.1571203018 -0.3105298298 0)
(-0.1386511519 -0.3050418662 0)
(-0.1190271252 -0.2936589556 0)
(-0.09880776104 -0.276246044 0)
(-0.07865423141 -0.2529021272 0)
(-0.05929871033 -0.2239758622 0)
(-0.04150488177 -0.1900583734 0)
(-0.02602039613 -0.1519514042 0)
(-0.01354003954 -0.1106119059 0)
(-0.004787048545 -0.06708085834 0)
(-0.0002872930147 -0.02242360977 0)
(-7.846363953e-05 0.01768222077 0)
(-0.001259750427 0.04940394951 0)
(-0.003533233018 0.07758799899 0)
(-0.006764756737 0.102384488 0)
(-0.01079254784 0.1239754328 0)
(-0.01548790801 0.1425675348 0)
(-0.02072855053 0.1583835176 0)
(-0.02640059688 0.1716536722 0)
(-0.03240152586 0.1826081806 0)
(-0.03864122495 0.1914704804 0)
(-0.04504228352 0.1984518455 0)
(-0.05153980609 0.2037472517 0)
(-0.05808082595 0.2075325035 0)
(-0.0646234354 0.2099625231 0)
(-0.07113574132 0.2111706583 0)
(-0.07759473183 0.2112688349 0)
(-0.08398511904 0.2103483726 0)
(-0.09029820395 0.2084812893 0)
(-0.09653079339 0.205721933 0)
(-0.1026841856 0.2021088042 0)
(-0.1087632315 0.1976664568 0)
(-0.114775471 0.1924073934 0)
(-0.1207303382 0.1863338931 0)
(-0.1266384265 0.1794397366 0)
(-0.1325108006 0.171711808 0)
(-0.1383583418 0.1631315728 0)
(-0.1441911101 0.1536764401 0)
(-0.1500177066 0.1433210287 0)
(-0.1558446161 0.1320383647 0)
(-0.1616755117 0.119801042 0)
(-0.167510499 0.106582385 0)
(-0.1733452783 0.09235765927 0)
(-0.1791702033 0.07710537953 0)
(-0.1849692143 0.06080877912 0)
(-0.1907186369 0.04345751203 0)
(-0.196385793 0.02504966922 0)
(-0.2019273331 0.005594184896 0)
(-0.2072878514 -0.0148861906 0)
(-0.21239807 -0.03635111544 0)
(-0.2171725878 -0.05873893153 0)
(-0.2215081778 -0.08196089977 0)
(-0.2252821986 -0.1058951247 0)
(-0.2283512788 -0.1303794052 0)
(-0.2305508594 -0.1552032031 0)
(-0.2316959735 -0.1800990229 0)
(-0.2315838324 -0.2047337444 0)
(-0.2299988918 -0.2287007887 0)
(-0.2267211055 -0.2515144128 0)
(-0.2215380024 -0.2726078646 0)
(-0.2142609826 -0.2913375017 0)
(-0.2047457578 -0.3069951568 0)
(-0.1929161439 -0.3188308363 0)
(-0.1787894715 -0.3260870893 0)
(-0.162500859 -0.3280449683 0)
(-0.1443227093 -0.3240794262 0)
(-0.1246753767 -0.3137195144 0)
(-0.1041253043 -0.2967063351 0)
(-0.0833683418 -0.2730400442 0)
(-0.0631984934 -0.2430069956 0)
(-0.04446423902 -0.2071798501 0)
(-0.02801343232 -0.1663868314 0)
(-0.014648173 -0.1216502018 0)
(-0.005208663143 -0.07410227471 0)
(-0.0003193477979 -0.0249093525 0)
(-7.624141479e-05 0.0183042001 0)
(-0.00123347239 0.05114658943 0)
(-0.003463686621 0.08032084136 0)
(-0.006632726714 0.1059733826 0)
(-0.01057723398 0.128287186 0)
(-0.01516507405 0.1474738976 0)
(-0.02027018399 0.1637644403 0)
(-0.02577521923 0.1773997075 0)
(-0.03157487239 0.1886220231 0)
(-0.03757713015 0.1976677254 0)
(-0.04370363588 0.2047610971 0)
(-0.04988947683 0.2101097254 0)
(-0.05608251452 0.2139012647 0)
(-0.06224240426 0.2163014882 0)
(-0.06833943277 0.2174534603 0)
(-0.07435327355 0.2174776361 0)
(-0.08027173283 0.2164726816 0)
(-0.08608953564 0.2145168221 0)
(-0.09180718295 0.211669542 0)
(-0.09742989568 0.2079734863 0)
(-0.1029666506 0.2034564439 0)
(-0.1084293054 0.1981333193 0)
(-0.1138318045 0.1920080313 0)
(-0.1191894545 0.185075294 0)
(-0.1245182546 0.1773222628 0)
(-0.1298342654 0.1687300395 0)
(-0.1351530011 0.1592750449 0)
(-0.1404888229 0.1489302764 0)
(-0.1458543167 0.1376664765 0)
(-0.1512596324 0.1254532434 0)
(-0.1567117609 0.1122601211 0)
(-0.1622137269 0.09805771238 0)
(-0.1677636694 0.08281886749 0)
(-0.1733537848 0.06652000779 0)
(-0.1789691156 0.0491426618 0)
(-0.1845861345 0.03067530248 0)
(-0.1901710141 0.01111556627 0)
(-0.1956779645 -0.009527024168 0)
(-0.2010473606 -0.03122719996 0)
(-0.2062032412 -0.05394056911 0)
(-0.2110508569 -0.07759774886 0)
(-0.2154746495 -0.1020980377 0)
(-0.2193360263 -0.1273017686 0)
(-0.2224718121 -0.1530213678 0)
(-0.2246937123 -0.1790112923 0)
(-0.2257893929 -0.2049572538 0)
(-0.2255259527 -0.2304655079 0)
(-0.2236566877 -0.2550534782 0)
(-0.219932068 -0.2781435625 0)
(-0.2141157114 -0.2990625538 0)
(-0.2060057233 -0.3170495559 0)
(-0.195461038 -0.3312753654 0)
(-0.1824313089 -0.3408757576 0)
(-0.1669875654 -0.3449997297 0)
(-0.1493495273 -0.3428714098 0)
(-0.1299045336 -0.3338612075 0)
(-0.1092129715 -0.317558395 0)
(-0.08799634088 -0.2938345138 0)
(-0.06710692196 -0.2628858433 0)
(-0.04748054207 -0.2252444872 0)
(-0.03007342528 -0.1817513725 0)
(-0.01580738121 -0.1334894459 0)
(-0.005655076327 -0.08168553699 0)
(-0.0003543862104 -0.02761456281 0)
(-7.452883504e-05 0.01891399762 0)
(-0.001213989556 0.05285828354 0)
(-0.00341165519 0.0830051894 0)
(-0.006531006548 0.1094941748 0)
(-0.01040448061 0.1325074128 0)
(-0.01489428619 0.1522608427 0)
(-0.0198687629 0.1689937415 0)
(-0.0252057514 0.1829582911 0)
(-0.03079629323 0.1944099392 0)
(-0.03654604832 0.2035990217 0)
(-0.04237565377 0.2107639157 0)
(-0.04822040113 0.2161258152 0)
(-0.05402940106 0.2198850899 0)
(-0.05976441788 0.2222190845 0)
(-0.06539852753 0.2232811625 0)
(-0.07091471304 0.2232007668 0)
(-0.07630447772 0.222084267 0)
(-0.08156652795 0.2200163744 0)
(-0.08670555515 0.2170619323 0)
(-0.09173113016 0.2132679163 0)
(-0.09665671123 0.2086655172 0)
(-0.1014987591 0.2032722051 0)
(-0.1062759477 0.1970937086 0)
(-0.1110084552 0.190125863 0)
(-0.1157173194 0.1823563073 0)
(-0.1204238387 0.1737660223 0)
(-0.125149001 0.1643307179 0)
(-0.1299129186 0.1540220857 0)
(-0.1347342504 0.1428089405 0)
(-0.1396295874 0.1306582818 0)
(-0.1446127782 0.1175363097 0)
(-0.1496941688 0.1034094382 0)
(-0.1548797282 0.08824535575 0)
(-0.16017003 0.07201419244 0)
(-0.1655590648 0.05468986967 0)
(-0.1710328436 0.03625172458 0)
(-0.1765676797 0.01668649525 0)
(-0.1821282649 -0.004009223901 0)
(-0.1876658502 -0.02582532836 0)
(-0.1931155806 -0.04873492815 0)
(-0.1983933839 -0.07268887587 0)
(-0.203393573 -0.09760924389 0)
(-0.2079858017 -0.123381443 0)
(-0.212012433 -0.149844638 0)
(-0.2152866287 -0.1767805022 0)
(-0.2175917499 -0.2039005356 0)
(-0.2186829122 -0.2308325491 0)
(-0.2182917472 -0.257107455 0)
(-0.2161355751 -0.2821482112 0)
(-0.2119321886 -0.3052635757 0)
(-0.205421164 -0.3256500975 0)
(-0.1963919345 -0.3424062556 0)
(-0.1847176906 -0.3545624995 0)
(-0.1703925553 -0.3611297727 0)
(-0.1535676507 -0.3611666274 0)
(-0.1345800646 -0.3538612874 0)
(-0.113967988 -0.3386204758 0)
(-0.09246613686 -0.3151525355 0)
(-0.07097853785 -0.2835297367 0)
(-0.05052893675 -0.2442151049 0)
(-0.03218940974 -0.1980429538 0)
(-0.01701443935 -0.1461485061 0)
(-0.006126168441 -0.08985456929 0)
(-0.000392618157 -0.03055230696 0)
(-7.358112257e-05 0.01951578252 0)
(-0.001204629035 0.05454967441 0)
(-0.003385777697 0.08565562411 0)
(-0.006474910502 0.1129625687 0)
(-0.01029673633 0.1366502579 0)
(-0.01470491578 0.1569386599 0)
(-0.01955988227 0.1740760813 0)
(-0.02473300803 0.1883272381 0)
(-0.03011067825 0.1999622117 0)
(-0.0355957917 0.2092468868 0)
(-0.04110800613 0.2164351809 0)
(-0.04658318801 0.221763155 0)
(-0.05197230031 0.2254449329 0)
(-0.05723995569 0.2276702494 0)
(-0.06236281686 0.2286033843 0)
(-0.06732797296 0.2283832169 0)
(-0.07213137796 0.2271241339 0)
(-0.0767764024 0.224917547 0)
(-0.08127252418 0.2218338037 0)
(-0.08563416595 0.2179243153 0)
(-0.08987967417 0.2132237599 0)
(-0.09403042747 0.2077522581 0)
(-0.09811005775 0.2015174459 0)
(-0.1021437648 0.1945164017 0)
(-0.1061577047 0.1867374019 0)
(-0.1101784314 0.1781614988 0)
(-0.1142323709 0.1687639275 0)
(-0.1183453071 0.1585153571 0)
(-0.122541858 0.1473830093 0)
(-0.1268449188 0.1353316728 0)
(-0.1312750477 0.122324647 0)
(-0.1358497698 0.1083246561 0)
(-0.140582767 0.09329477967 0)
(-0.1454829243 0.07719945802 0)
(-0.1505531994 0.06000564393 0)
(-0.1557892829 0.04168419242 0)
(-0.161177945 0.02221158639 0)
(-0.1666949548 0.001572106517 0)
(-0.172303378 -0.0202390842 0)
(-0.1779506939 -0.04321228385 0)
(-0.1835654386 -0.06731888237 0)
(-0.1890542711 -0.0925046286 0)
(-0.1942983506 -0.1186818075 0)
(-0.1991496755 -0.1457193352 0)
(-0.2034278166 -0.173430679 0)
(-0.2069175578 -0.2015596103 0)
(-0.2093682925 -0.2297641342 0)
(-0.2104963318 -0.2575994978 0)
(-0.2099915697 -0.2845019749 0)
(-0.2075301241 -0.309776146 0)
(-0.2027944841 -0.3325895199 0)
(-0.1955021647 -0.3519793164 0)
(-0.1854427192 -0.3668766347 0)
(-0.1725211294 -0.376152513 0)
(-0.1568032335 -0.3786880283 0)
(-0.1385564331 -0.3734663469 0)
(-0.1182772255 -0.3596788545 0)
(-0.09669719944 -0.3368313019 0)
(-0.07476193908 -0.3048311634 0)
(-0.05358103461 -0.2640362311 0)
(-0.03434874429 -0.2152479578 0)
(-0.01826557486 -0.1596404384 0)
(-0.006621760363 -0.09863142572 0)
(-0.0004342760207 -0.03373567748 0)
(-7.371200497e-05 0.02011556077 0)
(-0.001209416593 0.05623607474 0)
(-0.003396431833 0.08829326544 0)
(-0.00648269681 0.1164017181 0)
(-0.01028054197 0.1407373977 0)
(-0.01463137432 0.1615246178 0)
(-0.01938484552 0.179022123 0)
(-0.02440387729 0.1935091642 0)
(-0.02956907169 0.2052726584 0)
(-0.03478016936 0.214596168 0)
(-0.03995602208 0.2217510417 0)
(-0.04503365304 0.226989779 0)
(-0.04996672089 0.2305414913 0)
(-0.05472366901 0.2326092183 0)
(-0.0592857724 0.233368795 0)
(-0.06364522507 0.2329689513 0)
(-0.06780335611 0.2315323348 0)
(-0.07176902116 0.2291571781 0)
(-0.07555718681 0.2259193747 0)
(-0.07918770589 0.2218747676 0)
(-0.08268426958 0.2170615031 0)
(-0.0860735154 0.2115023367 0)
(-0.08938426766 0.2052068181 0)
(-0.09264688563 0.1981733073 0)
(-0.0958926953 0.1903907979 0)
(-0.09915348157 0.1818405413 0)
(-0.1024610181 0.1724974781 0)
(-0.1058466132 0.1623314926 0)
(-0.1093406493 0.1513085115 0)
(-0.1129720939 0.1393914754 0)
(-0.116767958 0.126541215 0)
(-0.1207526762 0.1127172688 0)
(-0.1249473792 0.09787868706 0)
(-0.1293690261 0.0819848759 0)
(-0.1340293618 0.0649965481 0)
(-0.1389336663 0.04687686758 0)
(-0.1440792009 0.0275928933 0)
(-0.1494531577 0.00711742577 0)
(-0.1550308956 -0.01456850675 0)
(-0.1607731585 -0.03747185295 0)
(-0.1666226113 -0.06158417162 0)
(-0.1725003291 -0.08687506145 0)
(-0.1783018747 -0.1132846328 0)
(-0.1838927213 -0.1407136328 0)
(-0.1891037314 -0.1690109549 0)
(-0.1937270574 -0.1979582893 0)
(-0.1975132552 -0.2272519392 0)
(-0.2001707955 -0.2564823448 0)
(-0.2013695842 -0.2851126975 0)
(-0.2007504855 -0.3124592118 0)
(-0.1979430161 -0.3376770981 0)
(-0.1925931088 -0.3597578279 0)
(-0.184401861 -0.3775444212 0)
(-0.1731742697 -0.3897715322 0)
(-0.1588741241 -0.3951352222 0)
(-0.1416778909 -0.3923928757 0)
(-0.1220174737 -0.3804867319 0)
(-0.1006006062 -0.3586760516 0)
(-0.07839982408 -0.3266552982 0)
(-0.0566050487 -0.2846319343 0)
(-0.03653731227 -0.2333397199 0)
(-0.01955664843 -0.1739717016 0)
(-0.007141709812 -0.1080360417 0)
(-0.0004796263623 -0.0371777979 0)
(-7.531246394e-05 0.02072157091 0)
(-0.001233262004 0.05793841685 0)
(-0.00345615397 0.09094700483 0)
(-0.006576210198 0.1198434875 0)
(-0.01038731866 0.1447991365 0)
(-0.0147139392 0.1660437744 0)
(-0.01939141534 0.1838490048 0)
(-0.02427189735 0.1985116239 0)
(-0.02922899809 0.2103384799 0)
(-0.03415901282 0.2196336638 0)
(-0.03898039113 0.2266883805 0)
(-0.04363218831 0.231773497 0)
(-0.04807191506 0.2351345518 0)
(-0.0522731297 0.2369888889 0)
(-0.05622301719 0.2375245324 0)
(-0.05992010768 0.2369004096 0)
(-0.06337221929 0.2352475642 0)
(-0.06659466079 0.2326710419 0)
(-0.06960869767 0.2292521849 0)
(-0.0724402648 0.2250511273 0)
(-0.07511889832 0.2201093313 0)
(-0.07767685442 0.2144520502 0)
(-0.08014838225 0.208090642 0)
(-0.08256911921 0.2010246874 0)
(-0.08497557952 0.1932438889 0)
(-0.08740470926 0.1847297472 0)
(-0.08989348329 0.1754570217 0)
(-0.09247852107 0.1653949912 0)
(-0.09519569971 0.1545085375 0)
(-0.09807974224 0.1427590789 0)
(-0.1011637579 0.1301053827 0)
(-0.1044787106 0.1165042935 0)
(-0.1080527872 0.1019114174 0)
(-0.1119106347 0.08628181086 0)
(-0.1160724295 0.06957073531 0)
(-0.120552743 0.05173455687 0)
(-0.1253591269 0.0327318947 0)
(-0.1304902179 0.0125251109 0)
(-0.1359338207 -0.008917719088 0)
(-0.1416645091 -0.03161928017 0)
(-0.1476401111 -0.0555903503 0)
(-0.1537977326 -0.08082383156 0)
(-0.1600497523 -0.1072877174 0)
(-0.1662785202 -0.1349156153 0)
(-0.1723307602 -0.1635943154 0)
(-0.1780118629 -0.1931479062 0)
(-0.1830807288 -0.2233180927 0)
(-0.1872462894 -0.2537408004 0)
(-0.1901673783 -0.2839199509 0)
(-0.1914582253 -0.3132005718 0)
(-0.1907023343 -0.3407451744 0)
(-0.187477616 -0.3655194748 0)
(-0.1813950017 -0.3862955741 0)
(-0.1721509784 -0.401681846 0)
(-0.1595913392 -0.4101878542 0)
(-0.1437791716 -0.4103284773 0)
(-0.1250556169 -0.4007635059 0)
(-0.104079027 -0.3804580224 0)
(-0.08182903663 -0.3488374672 0)
(-0.05956599663 -0.3059035596 0)
(-0.03873982657 -0.2522769994 0)
(-0.02088342851 -0.189141441 0)
(-0.00768605757 -0.1180860935 0)
(-0.0005289878708 -0.04089189017 0)
(-7.887754477e-05 0.02134479063 0)
(-0.001282211041 0.05968443707 0)
(-0.003580195245 0.09365499603 0)
(-0.006781709483 0.1233299131 0)
(-0.01065434857 0.1488755914 0)
(-0.01499973478 0.1705297462 0)
(-0.01963464322 0.1885806515 0)
(-0.02439780762 0.2033469921 0)
(-0.02915464459 0.2151597828 0)
(-0.03379793673 0.2243473814 0)
(-0.03824648282 0.2312239016 0)
(-0.04244264721 0.2360809017 0)
(-0.04634935185 0.239181988 0)
(-0.04994692488 0.2407598649 0)
(-0.05323007878 0.2410153303 0)
(-0.05620517302 0.2401177395 0)
(-0.05888783263 0.2382065123 0)
(-0.06130093806 0.2353933239 0)
(-0.06347296748 0.2317646907 0)
(-0.0654366537 0.2273847244 0)
(-0.06722790988 0.2222978914 0)
(-0.0688849767 0.21653166 0)
(-0.07044774644 0.2100989614 0)
(-0.07195722375 0.2030004212 0)
(-0.07345508776 0.1952263425 0)
(-0.07498332536 0.1867584384 0)
(-0.07658390809 0.1775713239 0)
(-0.07829848955 0.1676337865 0)
(-0.08016810194 0.1569098576 0)
(-0.08223283067 0.1453597112 0)
(-0.08453144561 0.13294042 0)
(-0.08710096688 0.119606601 0)
(-0.0899761401 0.1053109896 0)
(-0.09318879138 0.09000498373 0)
(-0.09676702672 0.07363921331 0)
(-0.1007342388 0.05616420527 0)
(-0.1051078632 0.03753123681 0)
(-0.109897708 0.01769346527 0)
(-0.1151039045 -0.003392567885 0)
(-0.1207150379 -0.02576402109 0)
(-0.1267046489 -0.04944938248 0)
(-0.1330269941 -0.07446365312 0)
(-0.139613104 -0.1008018827 0)
(-0.1463650218 -0.1284304633 0)
(-0.1531493707 -0.1572752447 0)
(-0.1597902742 -0.1872057492 0)
(-0.1660620925 -0.2180147543 0)
(-0.1716829432 -0.2493927935 0)
(-0.1763106149 -0.2808978015 0)
(-0.1795432779 -0.3119213832 0)
(-0.180928224 -0.3416551503 0)
(-0.1799824571 -0.369063244 0)
(-0.1762288459 -0.3928702056 0)
(-0.1692501674 -0.4115758961 0)
(-0.1587601905 -0.4235097736 0)
(-0.1446858736 -0.4269337254 0)
(-0.1272485299 -0.420194382 0)
(-0.1070264964 -0.4019124361 0)
(-0.08498051508 -0.3711804586 0)
(-0.06242593234 -0.3277272992 0)
(-0.04094024373 -0.2720024024 0)
(-0.02224198251 -0.2051408656 0)
(-0.008255241043 -0.1287970165 0)
(-0.0005827583972 -0.04489143593 0)
(-8.504483447e-05 0.02199959525 0)
(-0.001363788784 0.06151017044 0)
(-0.003787257139 0.09646647046 0)
(-0.007130927595 0.1269148897 0)
(-0.01112597969 0.1530179417 0)
(-0.01554386557 0.1750253668 0)
(-0.02017772882 0.1932478161 0)
(-0.02484997548 0.2080319546 0)
(-0.02941675127 0.2197386368 0)
(-0.03376764196 0.2287252949 0)
(-0.03782305564 0.2353327201 0)
(-0.0415304838 0.2398758973 0)
(-0.04486033118 0.2426383167 0)
(-0.04780179913 0.2438691 0)
(-0.05035911455 0.2437822904 0)
(-0.05254824721 0.2425577174 0)
(-0.05439415881 0.2403429376 0)
(-0.05592856562 0.2372558436 0)
(-0.05718816295 0.233387626 0)
(-0.05821324414 0.2288058514 0)
(-0.05904664415 0.2235574887 0)
(-0.05973294122 0.2176717701 0)
(-0.06031785802 0.211162818 0)
(-0.06084781151 0.2040320005 0)
(-0.06136956991 0.1962700035 0)
(-0.06192998241 0.1878586216 0)
(-0.06257575159 0.178772282 0)
(-0.06335322471 0.1689793254 0)
(-0.06430818451 0.1584430669 0)
(-0.06548561932 0.1471226638 0)
(-0.06692945284 0.1349738194 0)
(-0.06868221471 0.1219493555 0)
(-0.07078463024 0.1079996859 0)
(-0.07327510285 0.09307323012 0)
(-0.07618905629 0.07711681431 0)
(-0.07955810056 0.06007611718 0)
(-0.08340897748 0.04189624357 0)
(-0.08776214338 0.02252251404 0)
(-0.092629738 0.001901553609 0)
(-0.09801417382 -0.0200167666 0)
(-0.1039047488 -0.04327665634 0)
(-0.1102735456 -0.06791341532 0)
(-0.117071444 -0.09394750052 0)
(-0.1242223073 -0.1213769254 0)
(-0.1316159828 -0.1501663912 0)
(-0.1391001746 -0.1802322548 0)
(-0.1464713786 -0.2114222396 0)
(-0.1534655964 -0.2434888654 0)
(-0.1597502317 -0.27605604 0)
(-0.1649195147 -0.3085793491 0)
(-0.168496956 -0.3403025596 0)
(-0.169949459 -0.3702159264 0)
(-0.1687183343 -0.3970259072 0)
(-0.1642718033 -0.4191500927 0)
(-0.156180791 -0.4347539186 0)
(-0.1442142689 -0.441844616 0)
(-0.1284424425 -0.4384302572 0)
(-0.1093277611 -0.4227363973 0)
(-0.08777899435 -0.3934515257 0)
(-0.06514413474 -0.3499514605 0)
(-0.04312228386 -0.2924406905 0)
(-0.02362921316 -0.2219527374 0)
(-0.008850399417 -0.1401822443 0)
(-0.0006414553675 -0.04919047322 0)
(-9.46500591e-05 0.02270462485 0)
(-0.00148746886 0.06346185413 0)
(-0.004100463143 0.09944395481 0)
(-0.007662418371 0.1306660995 0)
(-0.01185507635 0.157289687 0)
(-0.01641066677 0.1795831103 0)
(-0.0210928037 0.1978876834 0)
(-0.02570451881 0.2125864189 0)
(-0.03009195975 0.2240774725 0)
(-0.03414245111 0.2327534209 0)
(-0.03777999626 0.2389862857 0)
(-0.04095975005 0.2431176117 0)
(-0.04366231395 0.2454526978 0)
(-0.04588839971 0.2462580528 0)
(-0.04765415233 0.2457612267 0)
(-0.04898723879 0.2441522961 0)
(-0.04992369632 0.241586417 0)
(-0.0505054706 0.2381869909 0)
(-0.0507785451 0.2340491063 0)
(-0.05079155561 0.2292430118 0)
(-0.05059478885 0.2238174575 0)
(-0.05023947543 0.2178027993 0)
(-0.04977730215 0.2112138078 0)
(-0.0492600811 0.2040521553 0)
(-0.04873952701 0.1963085782 0)
(-0.04826710553 0.1879647259 0)
(-0.04789391845 0.1789947126 0)
(-0.04767060239 0.1693664073 0)
(-0.0476472253 0.1590424844 0)
(-0.04787316118 0.1479812607 0)
(-0.04839692497 0.1361373519 0)
(-0.04926595359 0.1234621783 0)
(-0.05052631528 0.1099043509 0)
(-0.05222232491 0.09540996911 0)
(-0.05439603659 0.07992287124 0)
(-0.05708658005 0.06338488539 0)
(-0.06032930358 0.04573614632 0)
(-0.06415461198 0.02691556387 0)
(-0.06858618076 0.006861511858 0)
(-0.07363962947 -0.01448707421 0)
(-0.07931978869 -0.03718812312 0)
(-0.08561673027 -0.06129485302 0)
(-0.09250176339 -0.08685075078 0)
(-0.09992195644 -0.1138832821 0)
(-0.1077928656 -0.1423944424 0)
(-0.1159897488 -0.1723471058 0)
(-0.1243371307 -0.2036457609 0)
(-0.1325971016 -0.2361100519 0)
(-0.1404574155 -0.2694397183 0)
(-0.1475214621 -0.3031703163 0)
(-0.1533036002 -0.3366208759 0)
(-0.1572350213 -0.3688378679 0)
(-0.1586867748 -0.3985446768 0)
(-0.1570170114 -0.4241117178 0)
(-0.1516476442 -0.4435678233 0)
(-0.1421702283 -0.4546755669 0)
(-0.128471452 -0.4550877961 0)
(-0.1108568975 -0.4425865416 0)
(-0.09014222997 -0.4153788531 0)
(-0.06767713092 -0.3723932141 0)
(-0.04527003621 -0.3134968511 0)
(-0.02504357511 -0.2395509709 0)
(-0.009473805037 -0.152253743 0)
(-0.0007057761114 -0.05380408724 0)
(-0.0001088082145 0.02348393944 0)
(-0.001665318036 0.06559836852 0)
(-0.004548640732 0.102665978 0)
(-0.008423249353 0.1346671778 0)
(-0.01290471492 0.161767799 0)
(-0.01767497879 0.1842650808 0)
(-0.02246143737 0.2025427813 0)
(-0.02704481393 0.2170315681 0)
(-0.03126121242 0.2281765503 0)
(-0.03499758713 0.236412966 0)
(-0.03818453615 0.2421494327 0)
(-0.04078835129 0.2457575162 0)
(-0.04280333611 0.2475662388 0)
(-0.04424497172 0.2478602414 0)
(-0.04514418097 0.2468805009 0)
(-0.04554272532 0.2448267223 0)
(-0.04548964696 0.241860728 0)
(-0.04503861178 0.2381103483 0)
(-0.04424599077 0.2336734582 0)
(-0.04316952382 0.2286219247 0)
(-0.04186742713 0.2230053107 0)
(-0.04039782682 0.2168542483 0)
(-0.03881842607 0.2101834428 0)
(-0.03718632996 0.2029942909 0)
(-0.0355579733 0.1952771334 0)
(-0.03398911332 0.1870131551 0)
(-0.03253484663 0.1781759549 0)
(-0.03124962898 0.1687328409 0)
(-0.0301872898 0.158645869 0)
(-0.02940102097 0.1478726458 0)
(-0.0289433221 0.1363669396 0)
(-0.0288658956 0.1240791276 0)
(-0.02921947873 0.1109565035 0)
(-0.03005359383 0.0969434762 0)
(-0.03141619363 0.08198168991 0)
(-0.03335317238 0.06601010546 0)
(-0.03590770962 0.04896509202 0)
(-0.03911936559 0.0307805999 0)
(-0.04302263898 0.01138846563 0)
(-0.04764560278 -0.009281115797 0)
(-0.05300806619 -0.03129756557 0)
(-0.05911776448 -0.05472927371 0)
(-0.06596646673 -0.07963980013 0)
(-0.07352509253 -0.1060830295 0)
(-0.0817364893 -0.1340954577 0)
(-0.09050641211 -0.1636844707 0)
(-0.09969223708 -0.1948109677 0)
(-0.109089412 -0.2273642528 0)
(-0.1184162626 -0.2611269584 0)
(-0.127298735 -0.2957281161 0)
(-0.1352582234 -0.3305837793 0)
(-0.141707787 -0.3648276482 0)
(-0.1459644252 -0.3972394073 0)
(-0.1472868623 -0.4261860058 0)
(-0.1449480131 -0.4495996804 0)
(-0.1383469101 -0.4650229492 0)
(-0.127154778 -0.469749624 0)
(-0.1114747874 -0.4610762243 0)
(-0.09197939919 -0.4366471535 0)
(-0.06997835084 -0.3948344764 0)
(-0.04736860089 -0.335053707 0)
(-0.02648601456 -0.2579003081 0)
(-0.01012947173 -0.1650229365 0)
(-0.0007766884853 -0.05874917682 0)
(-0.0001290336458 0.02436857509 0)
(-0.001912888587 0.06799438365 0)
(-0.005168011584 0.1062303567 0)
(-0.009471098869 0.1390200537 0)
(-0.01435007648 0.1665435586 0)
(-0.01942324768 0.1891422432 0)
(-0.02437450345 0.2072588147 0)
(-0.02895987 0.2213866616 0)
(-0.03300654838 0.2320301272 0)
(-0.03640443432 0.2396762184 0)
(-0.03909510537 0.2447762803 0)
(-0.04106066418 0.2477355345 0)
(-0.04231357606 0.248908434 0)
(-0.04288805327 0.2485980742 0)
(-0.04283313426 0.2470582584 0)
(-0.04220736444 0.2444971615 0)
(-0.04107486906 0.2410818288 0)
(-0.03950256885 0.2369429808 0)
(-0.03755829323 0.232179774 0)
(-0.03530957303 0.2268642996 0)
(-0.03282293043 0.2210456934 0)
(-0.03016351627 0.2147537973 0)
(-0.0273949865 0.2080023639 0)
(-0.02457952435 0.2007917969 0)
(-0.02177795327 0.1931114866 0)
(-0.01904990315 0.184941753 0)
(-0.01645397921 0.1762554178 0)
(-0.01404791736 0.16701909 0)
(-0.01188872772 0.1571941773 0)
(-0.01003280637 0.146737661 0)
(-0.008535995121 0.1356026665 0)
(-0.007453592661 0.1237388532 0)
(-0.00684031047 0.1110926532 0)
(-0.006750156884 0.09760738314 0)
(-0.007236233091 0.0832232558 0)
(-0.008350417018 0.06787731797 0)
(-0.01014290656 0.05150335118 0)
(-0.01266156845 0.03403178573 0)
(-0.01595087012 0.01538966479 0)
(-0.02005047181 -0.004499372021 0)
(-0.024994331 -0.02571384194 0)
(-0.03080713735 -0.04833427758 0)
(-0.03750066266 -0.0724409278 0)
(-0.04506963787 -0.09811040067 0)
(-0.05348488363 -0.1254098634 0)
(-0.06268448326 -0.1543876551 0)
(-0.07256221186 -0.1850585694 0)
(-0.082952832 -0.2173813148 0)
(-0.09361437822 -0.2512251553 0)
(-0.104208301 -0.2863226251 0)
(-0.1142799502 -0.3222057191 0)
(-0.1232443444 -0.3581254351 0)
(-0.1303853358 -0.3929596911 0)
(-0.1348795986 -0.4251232552 0)
(-0.1358587695 -0.4525049435 0)
(-0.1325208212 -0.472469201 0)
(-0.124292257 -0.4819646178 0)
(-0.1110248828 -0.4777720222 0)
(-0.09318816551 -0.4568919518 0)
(-0.07199708094 -0.4170164101 0)
(-0.04940466205 -0.3569686932 0)
(-0.027961182 -0.2769559676 0)
(-0.01082401586 -0.178502132 0)
(-0.0008555685534 -0.06404561447 0)
(-0.000157421186 0.02539866414 0)
(-0.002250467466 0.07074442927 0)
(-0.006004419863 0.1102581345 0)
(-0.01087680099 0.1438473131 0)
(-0.01628039559 0.1717227056 0)
(-0.02175407177 0.1942923798 0)
(-0.02693077828 0.212080845 0)
(-0.03154071882 0.2256640151 0)
(-0.03540526253 0.2356208091 0)
(-0.03842261111 0.2425007521 0)
(-0.04055155842 0.2468046377 0)
(-0.04179619404 0.2489748744 0)
(-0.0421927219 0.2493925451 0)
(-0.04179880974 0.2483788211 0)
(-0.04068541626 0.2461989785 0)
(-0.0389307993 0.2430677841 0)
(-0.03661631897 0.2391554183 0)
(-0.03382364701 0.2345934052 0)
(-0.0306330334 0.229480224 0)
(-0.0271223388 0.2238864314 0)
(-0.0233666035 0.2178592109 0)
(-0.01943796443 0.2114263261 0)
(-0.01540580747 0.2045995261 0)
(-0.01133703037 0.197377392 0)
(-0.007296385315 0.1897477119 0)
(-0.003346835249 0.1816894473 0)
(0.0004500942857 0.1731743113 0)
(0.004033981157 0.1641680176 0)
(0.007345260649 0.1546312733 0)
(0.01032499842 0.1445205147 0)
(0.01291469158 0.133788416 0)
(0.01505613675 0.1223842279 0)
(0.01669135437 0.1102539562 0)
(0.01776257563 0.09734040148 0)
(0.01821230188 0.08358308074 0)
(0.01798345468 0.06891804888 0)
(0.01701964004 0.05327764313 0)
(0.01526556001 0.03659018103 0)
(0.01266772099 0.01877963869 0)
(0.009175773026 -0.0002347311775 0)
(0.004742753429 -0.02053814593 0)
(-0.0006719817659 -0.04222017487 0)
(-0.00709940867 -0.06537425474 0)
(-0.01455745279 -0.09009550425 0)
(-0.02304472277 -0.1164770413 0)
(-0.03253231726 -0.1446032284 0)
(-0.04295258462 -0.1745382083 0)
(-0.05418399443 -0.2063070682 0)
(-0.06603185201 -0.2398658077 0)
(-0.07820485406 -0.2750561835 0)
(-0.09028901049 -0.3115407635 0)
(-0.1017229451 -0.348714883 0)
(-0.1117823408 -0.3855967702 0)
(-0.1195861213 -0.420705889 0)
(-0.1241414539 -0.4519535472 0)
(-0.1244458325 -0.4765877092 0)
(-0.1196574659 -0.4912483945 0)
(-0.1093264919 -0.4921893527 0)
(-0.09364964148 -0.4756919909 0)
(-0.07367617089 -0.4386317908 0)
(-0.05136678418 -0.3790691931 0)
(-0.02947897057 -0.2966630533 0)
(-0.01156788563 -0.192706579 0)
(-0.0009444133551 -0.069717973 0)
(-0.000196926012 0.02662636186 0)
(-0.002704850932 0.07396817082 0)
(-0.007116269875 0.1148982021 0)
(-0.01272733656 0.1492942504 0)
(-0.01880064741 0.1774242662 0)
(-0.02477749878 0.1997959608 0)
(-0.03023320816 0.2170469582 0)
(-0.03487344284 0.2298613542 0)
(-0.03851981102 0.2389113953 0)
(-0.04108707218 0.2448213813 0)
(-0.04255988911 0.2481484873 0)
(-0.04297233976 0.2493752775 0)
(-0.04239119965 0.2489097166 0)
(-0.04090309054 0.2470896001 0)
(-0.03860509737 0.2441892804 0)
(-0.03559825114 0.2404273049 0)
(-0.03198325019 0.2359741144 0)
(-0.02785785378 0.2309593086 0)
(-0.02331547444 0.2254782275 0)
(-0.01844459506 0.2195977487 0)
(-0.01332873861 0.2133612963 0)
(-0.008046748282 0.2067930657 0)
(-0.002673294535 0.1999015814 0)
(0.00272057374 0.1926826369 0)
(0.008066730665 0.1851216708 0)
(0.01329954615 0.1771957615 0)
(0.01835526128 0.1688751623 0)
(0.02317152338 0.1601245077 0)
(0.02768694872 0.150903747 0)
(0.03184076204 0.1411688254 0)
(0.0355724984 0.1308721436 0)
(0.03882175637 0.119962841 0)
(0.0415280034 0.108386918 0)
(0.04363043795 0.09608721519 0)
(0.04506791211 0.08300326133 0)
(0.04577892607 0.06907100388 0)
(0.04570171129 0.05422243028 0)
(0.04477442278 0.0383850942 0)
(0.04293553722 0.02148156088 0)
(0.04012489621 0.003428739573 0)
(0.03628374477 -0.01586277141 0)
(0.03135661298 -0.03648860257 0)
(0.0252946036 -0.0585516191 0)
(0.01805789588 -0.08216097443 0)
(0.009621019965 -0.1074305353 0)
(-1.978609388e-05 -0.1344749101 0)
(-0.0108363035 -0.1634016155 0)
(-0.02275342291 -0.1942963922 0)
(-0.03562932032 -0.2271980931 0)
(-0.0492297999 -0.2620585056 0)
(-0.06319705798 -0.2986798359 0)
(-0.07701534342 -0.3366235835 0)
(-0.08998016696 -0.3750875897 0)
(-0.101183609 -0.4127554892 0)
(-0.1095353095 -0.4476379633 0)
(-0.1138447177 -0.4769488487 0)
(-0.1129877362 -0.4970843267 0)
(-0.1061645456 -0.5037871326 0)
(-0.09322010816 -0.4925590894 0)
(-0.07494759438 -0.4593141617 0)
(-0.05324502758 -0.4011454639 0)
(-0.03105641678 -0.3169553042 0)
(-0.01237713628 -0.2076573048 0)
(-0.001046176734 -0.07579807933 0)
(-0.0002518084758 0.02811994933 0)
(-0.00331191195 0.07781725294 0)
(-0.008578393706 0.1203325058 0)
(-0.01512915605 0.1555299599 0)
(-0.02203232283 0.183776989 0)
(-0.0286118294 0.2057286631 0)
(-0.03438106146 0.222178161 0)
(-0.03902663019 0.2339504229 0)
(-0.0423809529 0.2418332988 0)
(-0.04438754958 0.2465391691 0)
(-0.04506866184 0.2486880487 0)
(-0.04449848821 0.2488043611 0)
(-0.0427825346 0.2473216454 0)
(-0.04004257335 0.2445913149 0)
(-0.03640626812 0.2408930074 0)
(-0.03200042947 0.2364450712 0)
(-0.0269469597 0.2314143965 0)
(-0.02136070691 0.2259252112 0)
(-0.01534861222 0.2200667158 0)
(-0.009009688543 0.2138995844 0)
(-0.002435543671 0.2074613891 0)
(0.004288860381 0.2007710594 0)
(0.01108421191 0.1938325392 0)
(0.01787609352 0.1866377854 0)
(0.02459396078 0.1791691552 0)
(0.03117034258 0.1714013079 0)
(0.03754007071 0.1633026915 0)
(0.04363964184 0.1548366647 0)
(0.04940663409 0.1459623523 0)
(0.05477921329 0.1366352669 0)
(0.05969571443 0.1268077146 0)
(0.06409428267 0.1164290197 0)
(0.06791256899 0.1054455921 0)
(0.07108747749 0.09380085255 0)
(0.07355496318 0.08143502216 0)
(0.07524988514 0.06828478312 0)
(0.07610592522 0.05428280805 0)
(0.07605558477 0.03935715698 0)
(0.07503032078 0.02343053909 0)
(0.07296120629 0.006419400295 0)
(0.06977893919 -0.01176727451 0)
(0.06541469508 -0.03122829764 0)
(0.05980300013 -0.05207224211 0)
(0.05288366846 -0.07441783888 0)
(0.04460580148 -0.09839425553 0)
(0.03493415031 -0.1241398675 0)
(0.0238583207 -0.15179797 0)
(0.01140642137 -0.1815069751 0)
(-0.002336056541 -0.2133817593 0)
(-0.01719970312 -0.2474802399 0)
(-0.03289637404 -0.2837463677 0)
(-0.04897707476 -0.3219220724 0)
(-0.06478673968 -0.3614179951 0)
(-0.07942720276 -0.4011399662 0)
(-0.09174809778 -0.4392825005 0)
(-0.1003977811 -0.4731278615 0)
(-0.1039701978 -0.4989257842 0)
(-0.101274456 -0.5119616818 0)
(-0.09171779115 -0.506924743 0)
(-0.07572437698 -0.478622286 0)
(-0.05502910629 -0.4229395993 0)
(-0.0327199355 -0.3377523896 0)
(-0.01327602653 -0.223384859 0)
(-0.001165312682 -0.08232879691 0)
(-0.0003283636556 0.02996969442 0)
(-0.004120391371 0.08248415947 0)
(-0.01048711237 0.1267814956 0)
(-0.01821146045 0.1627462536 0)
(-0.02611201254 0.1909116153 0)
(-0.03337572593 0.2121485871 0)
(-0.03945499028 0.227462678 0)
(-0.04402972468 0.2378603112 0)
(-0.04696025747 0.2442703659 0)
(-0.04823631136 0.2475066651 0)
(-0.04793313402 0.24825691 0)
(-0.04617751656 0.2470867936 0)
(-0.0431231053 0.244451743 0)
(-0.03893348824 0.2407116316 0)
(-0.03377131146 0.236145797 0)
(-0.02779181121 0.230966993 0)
(-0.02113943519 0.2253336786 0)
(-0.01394653217 0.2193604861 0)
(-0.006333338423 0.2131269377 0)
(0.001591238422 0.2066846088 0)
(0.009728320197 0.2000628862 0)
(0.01798784181 0.1932735647 0)
(0.02628709994 0.1863146174 0)
(0.03454940177 0.1791731424 0)
(0.04270281348 0.1718276514 0)
(0.05067907053 0.1642498485 0)
(0.05841260768 0.1564060243 0)
(0.06583972928 0.1482580836 0)
(0.07289788368 0.1397643037 0)
(0.07952504241 0.1308798677 0)
(0.08565916722 0.121557198 0)
(0.09123774715 0.1117461205 0)
(0.09619739424 0.1013938795 0)
(0.1004734883 0.09044501427 0)
(0.1039998648 0.07884110247 0)
(0.1067085435 0.06652036951 0)
(0.1085295038 0.05341715379 0)
(0.1093905096 0.03946121329 0)
(0.1092170204 0.02457685352 0)
(0.1079324857 0.008681824244 0)
(0.1054583287 -0.008314193232 0)
(0.1017139157 -0.02651052724 0)
(0.09661889427 -0.04601797968 0)
(0.09009461703 -0.0669604395 0)
(0.08206686586 -0.08947681656 0)
(0.07247095459 -0.113722239 0)
(0.06125941014 -0.1398673919 0)
(0.04841378374 -0.1680939118 0)
(0.03396226172 -0.1985825459 0)
(0.01800536032 -0.2314878658 0)
(0.0007512919325 -0.2668913468 0)
(-0.01743681626 -0.3047215129 0)
(-0.03598304813 -0.3446250342 0)
(-0.05403981552 -0.3857810512 0)
(-0.07044455163 -0.4266544649 0)
(-0.0837281569 -0.4647156726 0)
(-0.0922228701 -0.4962008902 0)
(-0.09432025052 -0.5160406208 0)
(-0.08890218287 -0.518122892 0)
(-0.0758864307 -0.4960178896 0)
(-0.05670360421 -0.4441280899 0)
(-0.03450767264 -0.358954281 0)
(-0.01430085722 -0.2399340073 0)
(-0.001308676861 -0.08936966484 0)
(-0.0004361568198 0.03229641282 0)
(-0.005197611737 0.08821360812 0)
(-0.01296673981 0.1345089169 0)
(-0.022128486 0.1711521921 0)
(-0.03118532429 0.198946075 0)
(-0.03917173906 0.2190752043 0)
(-0.04549004475 0.2328320534 0)
(-0.04983664548 0.2414534852 0)
(-0.05212604944 0.2460366899 0)
(-0.05241829822 0.2475085183 0)
(-0.05086133076 0.2466258285 0)
(-0.04764931161 0.2439912636 0)
(-0.04299434213 0.2400750236 0)
(-0.03710847421 0.2352374315 0)
(-0.03019317641 0.2297497184 0)
(-0.02243391159 0.2238120039 0)
(-0.01399806171 0.2175682745 0)
(-0.005034932998 0.2111185566 0)
(0.004323064222 0.2045286664 0)
(0.01395839983 0.1978378933 0)
(0.02376669329 0.1910648678 0)
(0.03365443386 0.1842124028 0)
(0.0435370487 0.1772711139 0)
(0.05333709294 0.1702222053 0)
(0.06298267064 0.1630396151 0)
(0.07240606208 0.1556916358 0)
(0.08154254071 0.1481421415 0)
(0.09032936543 0.1403514816 0)
(0.0987049175 0.1322771184 0)
(0.1066079635 0.1238740542 0)
(0.1139770212 0.1150950804 0)
(0.1207498062 0.1058908735 0)
(0.1268627417 0.09620995549 0)
(0.1322505168 0.08599852654 0)
(0.1368456816 0.07520017145 0)
(0.1405782736 0.06375543326 0)
(0.1433754708 0.05160123811 0)
(0.1451612731 0.03867014624 0)
(0.1458562244 0.02488939486 0)
(0.1453773873 0.01017966824 0)
(0.1436382715 -0.005546600197 0)
(0.1405481129 -0.02238671573 0)
(0.1360135885 -0.04045047181 0)
(0.129939772 -0.05986275696 0)
(0.122231624 -0.0807668623 0)
(0.1127977373 -0.103327825 0)
(0.1015562583 -0.1277350449 0)
(0.08844448567 -0.1542025898 0)
(0.07343406165 -0.182964241 0)
(0.05655433784 -0.2142578935 0)
(0.03792699151 -0.2482908414 0)
(0.01781526278 -0.2851727851 0)
(-0.003312071054 -0.3247991102 0)
(-0.02470042413 -0.3666622273 0)
(-0.04523251511 -0.4095778104 0)
(-0.06338343166 -0.451334177 0)
(-0.07726973286 -0.4883219374 0)
(-0.08486367414 -0.5152784967 0)
(-0.0844422638 -0.5253687709 0)
(-0.07525624257 -0.5108341611 0)
(-0.0582374195 -0.4642941627 0)
(-0.03647127266 -0.3804299929 0)
(-0.01550567746 -0.2573691432 0)
(-0.001487058323 -0.09700539126 0)
(-0.0005901799097 0.03526429273 0)
(-0.006638232824 0.09531696273 0)
(-0.01617755581 0.1438239382 0)
(-0.02705855158 0.1809602553 0)
(-0.03739135624 0.2079588805 0)
(-0.04605437095 0.2264555897 0)
(-0.05242837264 0.2381254889 0)
(-0.05626574696 0.2444920131 0)
(-0.05757379505 0.2468469269 0)
(-0.05651500972 0.2462368313 0)
(-0.053334105 0.2434832368 0)
(-0.04830917985 0.2392157745 0)
(-0.04172118062 0.2339076009 0)
(-0.03383635077 0.2279078618 0)
(-0.02489740231 0.2214692541 0)
(-0.01512022704 0.2147704212 0)
(-0.004693944067 0.2079336637 0)
(0.006217201791 0.2010387195 0)
(0.01747082106 0.1941332917 0)
(0.02894367098 0.1872408446 0)
(0.04052827855 0.1803668252 0)
(0.0521300986 0.1735032381 0)
(0.06366492548 0.1666320239 0)
(0.07505663201 0.1597276021 0)
(0.08623523789 0.1527587608 0)
(0.09713526847 0.1456900453 0)
(0.1076943703 0.1384827711 0)
(0.1178521474 0.1310957397 0)
(0.1275491787 0.1234857253 0)
(0.1367261843 0.1156077774 0)
(0.1453233108 0.1074153723 0)
(0.1532795068 0.09886043324 0)
(0.1605319668 0.08989323346 0)
(0.1670156235 0.08046218776 0)
(0.1726626726 0.07051352897 0)
(0.1774021192 0.05999085916 0)
(0.1811593371 0.04883455417 0)
(0.1838556346 0.03698098918 0)
(0.1854078263 0.0243615399 0)
(0.1857279471 0.01090128687 0)
(0.1847230832 -0.003482766465 0)
(0.1822941776 -0.01888361094 0)
(0.1783370496 -0.03540710696 0)
(0.1727429448 -0.05317533323 0)
(0.1653988833 -0.07233093496 0)
(0.1561900289 -0.09304219842 0)
(0.1450037332 -0.1155084562 0)
(0.1317366155 -0.1399648029 0)
(0.1163066141 -0.1666838549 0)
(0.09867278744 -0.1959700591 0)
(0.07886671467 -0.2281385923 0)
(0.05704027559 -0.2634655936 0)
(0.0335340892 -0.302089914 0)
(0.008969224521 -0.3438388417 0)
(-0.01564709974 -0.3879500542 0)
(-0.03881357322 -0.432657768 0)
(-0.05850878754 -0.4747026934 0)
(-0.07232147927 -0.5088575164 0)
(-0.07786846724 -0.5277349931 0)
(-0.07355782259 -0.5222321572 0)
(-0.0595620822 -0.4828840894 0)
(-0.03867518383 -0.4019957955 0)
(-0.01697071539 -0.2757795324 0)
(-0.001717850668 -0.1053588455 0)
(-0.0008147147829 0.03910061563 0)
(-0.00857776348 0.1041897601 0)
(-0.02032442132 0.1550763288 0)
(-0.03319478324 0.1923570693 0)
(-0.04482847582 0.217943134 0)
(-0.05397042938 0.2341114689 0)
(-0.06003780085 0.2430377645 0)
(-0.0629020169 0.2465912366 0)
(-0.06271746383 0.246278012 0)
(-0.05978992573 0.2432614368 0)
(-0.05448857458 0.2384135651 0)
(-0.04719231151 0.2323730094 0)
(-0.03825973922 0.225597941 0)
(-0.0280145279 0.2184103603 0)
(-0.01674026231 0.211031112 0)
(-0.0046807261 0.2036067188 0)
(0.007956925026 0.1962296119 0)
(0.02099746083 0.1889530341 0)
(0.03429325308 0.1818017467 0)
(0.04771922875 0.1747801966 0)
(0.06116866421 0.1678783241 0)
(0.07454943509 0.1610757128 0)
(0.08778080617 0.1543445753 0)
(0.1007907243 0.1476519003 0)
(0.1135135604 0.1409609817 0)
(0.1258882365 0.1342324946 0)
(0.1378566757 0.12742524 0)
(0.1493625187 0.1204966399 0)
(0.1603500561 0.1134030439 0)
(0.1707633294 0.1060998897 0)
(0.1805453659 0.09854174251 0)
(0.1896375112 0.0906822332 0)
(0.1979788343 0.08247390187 0)
(0.2055055799 0.07386794969 0)
(0.2121506507 0.06481389177 0)
(0.2178431006 0.05525909694 0)
(0.2225076305 0.0451481893 0)
(0.2260640712 0.03442227408 0)
(0.2284268428 0.02301793524 0)
(0.2295044733 0.01086592765 0)
(0.229199291 -0.002110606307 0)
(0.2274059704 -0.01599833737 0)
(0.2240118178 -0.03089662638 0)
(0.2188969754 -0.04692136193 0)
(0.2119337633 -0.0642099972 0)
(0.2029877168 -0.08292787303 0)
(0.1919197457 -0.1032757832 0)
(0.178590543 -0.1254983344 0)
(0.1628690203 -0.1498916697 0)
(0.1446474974 -0.1768072304 0)
(0.1238678165 -0.2066448919 0)
(0.1005642891 -0.2398232218 0)
(0.07493071952 -0.2767063003 0)
(0.0474186763 -0.3174555301 0)
(0.01886796934 -0.3617658948 0)
(-0.009345482101 -0.4084435138 0)
(-0.03517265561 -0.4547878543 0)
(-0.05590793179 -0.4958992577 0)
(-0.06850142859 -0.5241286492 0)
(-0.07034842712 -0.5291427573 0)
(-0.06052893671 -0.499138906 0)
(-0.04118888758 -0.4233740006 0)
(-0.01881444588 -0.2952817688 0)
(-0.002029829301 -0.1146111934 0)
(-0.001150363635 0.04412676707 0)
(-0.01121315821 0.1153310435 0)
(-0.02566259944 0.1686357708 0)
(-0.04071613203 0.2054461727 0)
(-0.05348337888 0.2287292127 0)
(-0.06264977985 0.2416580642 0)
(-0.06777328469 0.2470453201 0)
(-0.06893948559 0.2471587318 0)
(-0.06652219671 0.2437226876 0)
(-0.06101890638 0.2379973351 0)
(-0.05295179643 0.2308768037 0)
(-0.04281457669 0.2229798774 0)
(-0.03104772504 0.2147243111 0)
(-0.01803047839 0.2063841891 0)
(-0.004082013589 0.1981323354 0)
(0.01053289503 0.190071072 0)
(0.02559628603 0.1822540551 0)
(0.04092985625 0.174701472 0)
(0.05638726994 0.1674109631 0)
(0.07184784378 0.160365088 0)
(0.08721106435 0.1535364067 0)
(0.1023920039 0.1468909602 0)
(0.1173175421 0.1403906366 0)
(0.1319232775 0.1339947635 0)
(0.1461510186 0.1276611649 0)
(0.1599467505 0.1213468428 0)
(0.1732589861 0.1150083995 0)
(0.1860374247 0.1086022736 0)
(0.1982318503 0.1020848418 0)
(0.2097912169 0.09541241957 0)
(0.2206628744 0.08854118111 0)
(0.2307918975 0.08142700949 0)
(0.2401204872 0.07402528043 0)
(0.248587417 0.06629057689 0)
(0.2561275039 0.05817632439 0)
(0.2626710832 0.04963432923 0)
(0.2681434727 0.04061419229 0)
(0.2724644083 0.03106255748 0)
(0.2755474322 0.0209221389 0)
(0.2772992798 0.01013044734 0)
(0.2776194079 -0.001381929523 0)
(0.2763984586 -0.01369364724 0)
(0.2735178403 -0.02689539263 0)
(0.2688496136 -0.04109396895 0)
(0.2622549975 -0.05641767161 0)
(0.2535841718 -0.07302335047 0)
(0.2426766341 -0.09110542332 0)
(0.229362942 -0.1109069186 0)
(0.2134693095 -0.1327319833 0)
(0.1948274727 -0.1569578682 0)
(0.1732938684 -0.184041569 0)
(0.1487845212 -0.2145110386 0)
(0.1213348654 -0.2489219752 0)
(0.09119622146 -0.2877475421 0)
(0.05897947158 -0.3311512739 0)
(0.02584601667 -0.3785777488 0)
(-0.00628204988 -0.4281007906 0)
(-0.03456027177 -0.4754965325 0)
(-0.05534889532 -0.5132781591 0)
(-0.06490691388 -0.5301943628 0)
(-0.06082668145 -0.5119895494 0)
(-0.04406108322 -0.4441158415 0)
(-0.02120932851 -0.3160119069 0)
(-0.002471598798 -0.125032479 0)
(-0.001666819935 0.05080778866 0)
(-0.01483259677 0.1293591556 0)
(-0.0324900118 0.1848369613 0)
(-0.04971330028 0.2201409037 0)
(-0.06308808064 0.2398579437 0)
(-0.07140727957 0.2483832586 0)
(-0.0745431539 0.2493057278 0)
(-0.07293020771 0.2453191856 0)
(-0.06725081863 0.2383392409 0)
(-0.05824489253 0.2296760127 0)
(-0.04661065349 0.2201972433 0)
(-0.03296171628 0.2104596295 0)
(-0.01781492226 0.20080678 0)
(-0.001594075529 0.1914394683 0)
(0.01535914528 0.1824641882 0)
(0.03277246965 0.1739260481 0)
(0.05043063683 0.1658310852 0)
(0.06816345735 0.1581610596 0)
(0.0858361044 0.1508831182 0)
(0.1033410191 0.1439559776 0)
(0.1205913303 0.1373338699 0)
(0.1375155847 0.1309690134 0)
(0.1540535565 0.1248131163 0)
(0.1701529315 0.1188182549 0)
(0.1857666884 0.1129373484 0)
(0.2008510291 0.1071243754 0)
(0.2153637395 0.1013344285 0)
(0.2292628794 0.09552366242 0)
(0.2425057276 0.08964917488 0)
(0.255047916 0.08366883946 0)
(0.2668427053 0.07754110199 0)
(0.2778403602 0.0712247432 0)
(0.2879875917 0.06467860519 0)
(0.2972270393 0.05786127373 0)
(0.3054967685 0.050730703 0)
(0.312729765 0.04324376241 0)
(0.3188534044 0.0353556763 0)
(0.3237888792 0.02701931513 0)
(0.3274505577 0.018184281 0)
(0.329745301 0.008795709094 0)
(0.3305718271 -0.001207338385 0)
(0.3298192059 -0.01189414569 0)
(0.3273658616 -0.02334497752 0)
(0.3230791206 -0.03565518725 0)
(0.316813077 -0.04894060125 0)
(0.3084072947 -0.06334481815 0)
(0.2976855186 -0.07904893102 0)
(0.2844548939 -0.09628418055 0)
(0.2685067474 -0.115347767 0)
(0.2496208118 -0.1366211782 0)
(0.2275763804 -0.160588333 0)
(0.2021765021 -0.1878465064 0)
(0.1732952092 -0.219094693 0)
(0.1409627217 -0.2550695172 0)
(0.1055076673 -0.2963763016 0)
(0.06777338686 -0.3431335844 0)
(0.02940579254 -0.3943258875 0)
(-0.006846655864 -0.4467793108 0)
(-0.03696176492 -0.4937466739 0)
(-0.0560550637 -0.5236337307 0)
(-0.05982555109 -0.5199011872 0)
(-0.04725038156 -0.4634602919 0)
(-0.02439733116 -0.3380908968 0)
(-0.003125787763 -0.1370268331 0)
(-0.002485987119 0.05983290883 0)
(-0.01985247015 0.147008448 0)
(-0.04109549223 0.2038533996 0)
(-0.06001297314 0.2359698938 0)
(-0.07283525723 0.2503783439 0)
(-0.07878601077 0.253075298 0)
(-0.07831850921 0.2485307084 0)
(-0.07239082849 0.2398336165 0)
(-0.06208924389 0.229010762 0)
(-0.04843543688 0.2173362753 0)
(-0.03230838725 0.2055776439 0)
(-0.01442724202 0.1941723078 0)
(0.004638085849 0.1833483125 0)
(0.0244444944 0.1732046255 0)
(0.04465362343 0.1637621942 0)
(0.06500906546 0.1549972543 0)
(0.08531767802 0.1468616169 0)
(0.1054342676 0.139295086 0)
(0.1252495101 0.1322328029 0)
(0.1446804917 0.1256094507 0)
(0.1636634034 0.1193615317 0)
(0.1821479368 0.113428475 0)
(0.2000930012 0.1077530539 0)
(0.2174634541 0.1022814085 0)
(0.2342276027 0.09696285714 0)
(0.2503552902 0.09174960197 0)
(0.2658164189 0.08659639184 0)
(0.2805798027 0.08146017494 0)
(0.2946122605 0.07629975749 0)
(0.3078778875 0.07107547366 0)
(0.3203374519 0.06574886512 0)
(0.331947878 0.06028236426 0)
(0.3426617828 0.05463897168 0)
(0.3524270405 0.04878191519 0)
(0.3611863511 0.04267427358 0)
(0.3688767932 0.03627854298 0)
(0.375429341 0.02955611626 0)
(0.3807683227 0.02246663501 0)
(0.3848107921 0.01496715905 0)
(0.3874658339 0.007011078699 0)
(0.3886337964 -0.001453336101 0)
(0.3882048533 -0.0104850182 0)
(0.3860576574 -0.02015253088 0)
(0.3820584882 -0.03053799084 0)
(0.3760586832 -0.04174216511 0)
(0.3678924066 -0.05389154091 0)
(0.357373931 -0.06714803924 0)
(0.344294597 -0.08172218106 0)
(0.328420032 -0.09789056317 0)
(0.3094888248 -0.1160181872 0)
(0.2872152252 -0.1365850398 0)
(0.2613009485 -0.1602133545 0)
(0.2314654488 -0.1876853831 0)
(0.1975106898 -0.2199282274 0)
(0.1594451971 -0.2579181621 0)
(0.1176999732 -0.3024179515 0)
(0.07346542725 -0.3534096186 0)
(0.02913877983 -0.4090465789 0)
(-0.01124304484 -0.4640009586 0)
(-0.04188114237 -0.5072639455 0)
(-0.05629049096 -0.520657962 0)
(-0.050457359 -0.4800875097 0)
(-0.02868930672 -0.3615373584 0)
(-0.004134937457 -0.1512083893 0)
(-0.003824042906 0.07224422045 0)
(-0.02684182886 0.1690638559 0)
(-0.05158090673 0.2254264608 0)
(-0.07077423403 0.2517348337 0)
(-0.0808155986 0.2585390563 0)
(-0.08191991945 0.2537957856 0)
(-0.0754909196 0.2428488819 0)
(-0.06320253181 0.2290402323 0)
(-0.04661543313 0.2143459315 0)
(-0.02703206185 0.1998672627 0)
(-0.005475958784 0.1861693641 0)
(0.01727842326 0.1735003597 0)
(0.04065898138 0.1619271506 0)
(0.06425321688 0.1514190448 0)
(0.08776695734 0.1418967206 0)
(0.1109936066 0.1332603326 0)
(0.1337899383 0.125404951 0)
(0.1560579161 0.1182286966 0)
(0.1777312001 0.111636566 0)
(0.1987652185 0.1055418422 0)
(0.2191299084 0.09986620518 0)
(0.2388044282 0.0945391895 0)
(0.2577733082 0.08949736002 0)
(0.2760236477 0.08468340834 0)
(0.2935430687 0.08004527554 0)
(0.310318215 0.07553534946 0)
(0.3263336437 0.07110975342 0)
(0.341570997 0.06672772603 0)
(0.3560083721 0.0623510829 0)
(0.3696198281 0.05794374714 0)
(0.382374986 0.05347133394 0)
(0.3942386859 0.04890077339 0)
(0.4051706745 0.04419995577 0)
(0.4151253003 0.03933738189 0)
(0.4240511971 0.03428179919 0)
(0.431890937 0.02900180082 0)
(0.4385806329 0.02346535866 0)
(0.444049469 0.01763925285 0)
(0.4482191277 0.01148834769 0)
(0.4510031314 0.004974646283 0)
(0.4523060099 -0.001943965023 0)
(0.4520219049 -0.00931551025 0)
(0.4500331651 -0.01719609414 0)
(0.4462090315 -0.02565344479 0)
(0.4404028342 -0.03477147322 0)
(0.4324490295 -0.04465670867 0)
(0.4221593198 -0.05544735274 0)
(0.4093177281 -0.06732591714 0)
(0.3936747171 -0.08053671116 0)
(0.3749408061 -0.09540960986 0)
(0.3527810992 -0.112391274 0)
(0.3268141719 -0.1320835781 0)
(0.2966227127 -0.1552848529 0)
(0.2617904613 -0.1830195577 0)
(0.2219917148 -0.2165206327 0)
(0.1771761222 -0.2570875863 0)
(0.1279073907 -0.3056735964 0)
(0.07590868955 -0.3619593124 0)
(0.02478573156 -0.4225992323 0)
(-0.01933563415 -0.4784565296 0)
(-0.0478747356 -0.5111012252 0)
(-0.05274529523 -0.4916964321 0)
(-0.03439650698 -0.3860424669 0)
(-0.005756730068 -0.1685216027 0)
(-0.006049532884 0.08959440743 0)
(-0.03644223864 0.1961045917 0)
(-0.06333558685 0.2483038685 0)
(-0.07957688868 0.2649331142 0)
(-0.08291597972 0.2613550717 0)
(-0.07541502558 0.247629936 0)
(-0.05984936201 0.2297182305 0)
(-0.03874141052 0.2108880627 0)
(-0.01410236321 0.1927919814 0)
(0.0125789665 0.1761660171 0)
(0.04024388842 0.1612496425 0)
(0.06817233812 0.1480279021 0)
(0.09588451225 0.1363686162 0)
(0.1230719516 0.126094594 0)
(0.1495435 0.1170212635 0)
(0.17518737 0.1089744691 0)
(0.1999441864 0.1017977843 0)
(0.2237882886 0.09535433049 0)
(0.2467148976 0.08952591234 0)
(0.2687313687 0.08421101258 0)
(0.2898512658 0.07932244727 0)
(0.3100903674 0.07478507638 0)
(0.3294639872 0.07053374331 0)
(0.3479851851 0.06651150094 0)
(0.3656635794 0.06266812312 0)
(0.3825045615 0.05895887463 0)
(0.3985087792 0.05534350263 0)
(0.4136717963 0.05178541175 0)
(0.4279838641 0.04825098739 0)
(0.441429762 0.04470903594 0)
(0.4539886743 0.04113031447 0)
(0.4656340812 0.03748712603 0)
(0.4763336455 0.03375295903 0)
(0.4860490799 0.02990215025 0)
(0.4947359809 0.02590955112 0)
(0.5023436155 0.02175017456 0)
(0.508814643 0.01739879606 0)
(0.5140847508 0.01282947588 0)
(0.5180821731 0.008014959676 0)
(0.5207271135 0.002925900964 0)
(0.5219309189 -0.002470158579 0)
(0.521594714 -0.008210251785 0)
(0.5196081763 -0.01433784975 0)
(0.5158477732 -0.02090584304 0)
(0.5101739037 -0.02798037077 0)
(0.5024274395 -0.03564630026 0)
(0.4924250143 -0.04401507637 0)
(0.4799526906 -0.0532359218 0)
(0.4647576512 -0.06351181791 0)
(0.4465376398 -0.07512219453 0)
(0.4249283424 -0.08845470824 0)
(0.3994901662 -0.1040485001 0)
(0.3696988069 -0.1226498414 0)
(0.3349501961 -0.1452756259 0)
(0.2946025045 -0.173265406 0)
(0.2480992541 -0.2082680879 0)
(0.1952501989 -0.2520371206 0)
(0.1367815024 -0.3057755893 0)
(0.07525903878 -0.3685772704 0)
(0.01631795092 -0.4343559604 0)
(-0.03026129378 -0.4868841715 0)
(-0.05169657489 -0.4942774808 0)
(-0.04150961131 -0.41029144 0)
(-0.00841223192 -0.1901842401 0)
(-0.00962481504 0.1140267109 0)
(-0.04880620932 0.2277251319 0)
(-0.07355706397 0.2690792811 0)
(-0.0803851837 0.2708177576 0)
(-0.07070451209 0.2540814402 0)
(-0.04946035216 0.2305373664 0)
(-0.02105467576 0.2060450502 0)
(0.01125603723 0.1832134656 0)
(0.04525228934 0.1629848357 0)
(0.07952475688 0.1455035769 0)
(0.1132157172 0.1305703734 0)
(0.1458372083 0.1178608099 0)
(0.1771367194 0.1070314957 0)
(0.2070083056 0.09776504218 0)
(0.23543334 0.08978623092 0)
(0.2624428103 0.08286402506 0)
(0.2880935911 0.07680768945 0)
(0.3124538184 0.07146091364 0)
(0.3355940801 0.06669575824 0)
(0.3575822568 0.06240719496 0)
(0.3784806242 0.05850848629 0)
(0.3983443332 0.0549274102 0)
(0.4172207162 0.05160323788 0)
(0.4351490725 0.04848434276 0)
(0.4521607223 0.04552632131 0)
(0.4682791996 0.04269051974 0)
(0.4835205065 0.03994287861 0)
(0.4978933826 0.03725302389 0)
(0.5113995639 0.03459354764 0)
(0.5240340133 0.03193943304 0)
(0.5357851173 0.02926758807 0)
(0.5466348398 0.0265564586 0)
(0.5565588306 0.02378569689 0)
(0.5655264832 0.02093586426 0)
(0.573500936 0.01798814808 0)
(0.5804390084 0.01492407286 0)
(0.5862910594 0.01172518283 0)
(0.5910007496 0.008372669103 0)
(0.5945046772 0.004846907843 0)
(0.5967319152 0.001126866903 0)
(0.5976032389 -0.002810650576 0)
(0.597029885 -0.006992131915 0)
(0.5949125476 -0.01144887395 0)
(0.5911393401 -0.01621925194 0)
(0.5855830304 -0.02135169551 0)
(0.5780973614 -0.02690899414 0)
(0.5685119121 -0.03297454002 0)
(0.5566249499 -0.03966138676 0)
(0.5421935728 -0.04712548125 0)
(0.5249202524 -0.05558507676 0)
(0.504434848 -0.06534921201 0)
(0.4802715286 -0.07685917616 0)
(0.451841487 -0.09074765398 0)
(0.4184063148 -0.1079194062 0)
(0.3790664111 -0.1296511903 0)
(0.3327993204 -0.1576880388 0)
(0.2786231014 -0.1942575004 0)
(0.2160275381 -0.2417926924 0)
(0.1458981559 -0.301886663 0)
(0.07217853748 -0.3725538563 0)
(0.004228293894 -0.4424356596 0)
(-0.04154972472 -0.4810729541 0)
(-0.04852085131 -0.4306237979 0)
(-0.01243667479 -0.2171637588 0)
(-0.01461395007 0.148810022 0)
(-0.06134827843 0.260796776 0)
(-0.07325628635 0.2799459541 0)
(-0.05909715284 0.2610441418 0)
(-0.02754515267 0.2298494787 0)
(0.01310531028 0.1976537778 0)
(0.05731218578 0.1688365124 0)
(0.1017965297 0.1445109421 0)
(0.1447922056 0.1245001141 0)
(0.1854655091 0.1082029649 0)
(0.2235103336 0.09494684473 0)
(0.2589084927 0.08411920986 0)
(0.2917870384 0.07520910997 0)
(0.3223363366 0.06780767356 0)
(0.3507648475 0.06159429641 0)
(0.3772757921 0.05631975799 0)
(0.4020560867 0.05179064659 0)
(0.4252719974 0.04785639516 0)
(0.4470683379 0.04439903145 0)
(0.4675694044 0.04132529909 0)
(0.4868806468 0.03856069075 0)
(0.5050905535 0.03604496236 0)
(0.5222724834 0.03372876985 0)
(0.5384863303 0.03157114664 0)
(0.5537799764 0.02953760706 0)
(0.5681905346 0.0275987147 0)
(0.5817453944 0.02572899588 0)
(0.5944630954 0.02390610967 0)
(0.6063540509 0.02211020845 0)
(0.6174211431 0.02032344001 0)
(0.6276602091 0.01852955393 0)
(0.6370604308 0.01671358382 0)
(0.6456046403 0.01486158276 0)
(0.6532695466 0.01296039329 0)
(0.6600258867 0.01099743508 0)
(0.6658384988 0.008960494311 0)
(0.6706663107 0.006837497567 0)
(0.6744622267 0.004616250725 0)
(0.6771728899 0.002284119683 0)
(0.6787383677 -0.0001723616183 0)
(0.6790913504 -0.002768005196 0)
(0.6781564461 -0.005519794092 0)
(0.6758490165 -0.008447952564 0)
(0.6720732866 -0.01157747606 0)
(0.6667197934 -0.01494020935 0)
(0.6596618035 -0.01857787136 0)
(0.6507502196 -0.02254647141 0)
(0.6398063353 -0.02692279915 0)
(0.6266115243 -0.03181407858 0)
(0.6108925669 -0.03737249718 0)
(0.5923008475 -0.04381729192 0)
(0.5703831781 -0.05146854828 0)
(0.544541838 -0.06079896483 0)
(0.5139824665 -0.07251237378 0)
(0.4776530018 -0.08765948156 0)
(0.4341903149 -0.1077972562 0)
(0.3819251711 -0.1351738679 0)
(0.3190718655 -0.1728363341 0)
(0.2443767278 -0.2243180046 0)
(0.1587497497 -0.2919746289 0)
(0.06857901757 -0.3718589467 0)
(-0.009732081622 -0.4417336376 0)
(-0.04930637274 -0.4399939436 0)
(-0.01775330796 -0.2519588002 0)
(-0.0199824871 0.2003034148 0)
(-0.06154517594 0.2856775265 0)
(-0.03715124987 0.2654353408 0)
(0.01553383587 0.2230591211 0)
(0.07769489842 0.1808201634 0)
(0.140331632 0.1451348184 0)
(0.1992238636 0.1170807349 0)
(0.2527266282 0.095602371 0)
(0.30061478 0.07924699469 0)
(0.3432909826 0.0667440678 0)
(0.3813625971 0.05709685131 0)
(0.415461319 0.04955707382 0)
(0.4461680695 0.04357721179 0)
(0.4739858655 0.03876066953 0)
(0.49933682 0.0348201521 0)
(0.5225695904 0.03154640686 0)
(0.5439699342 0.02878567581 0)
(0.5637712654 0.02642368839 0)
(0.5821640418 0.02437439626 0)
(0.5993036372 0.0225720665 0)
(0.6153167343 0.0209657177 0)
(0.6303064282 0.01951518321 0)
(0.6443562649 0.01818830587 0)
(0.6575334269 0.0169589228 0)
(0.6698912433 0.01580540513 0)
(0.681471174 0.01470959004 0)
(0.6923043817 0.01365599258 0)
(0.7024129836 0.0126312182 0)
(0.7118110521 0.01162352018 0)
(0.7205054178 0.0106224622 0)
(0.7284963157 0.009618656917 0)
(0.7357779029 0.008603559248 0)
(0.7423386724 0.007569297909 0)
(0.7481617748 0.006508532046 0)
(0.7532252583 0.005414321783 0)
(0.7575022306 0.004280002239 0)
(0.7609609374 0.003099050369 0)
(0.7635647483 0.001864933335 0)
(0.7652720383 0.0005709259029 0)
(0.7660359696 -0.0007900820846 0)
(0.7658038641 -0.002225964199 0)
(0.7645168454 -0.00374578795 0)
(0.7621086398 -0.005360453878 0)
(0.7585040729 -0.007083559493 0)
(0.7536168961 -0.008932617163 0)
(0.7473466585 -0.0109308248 0)
(0.7395742043 -0.01310965974 0)
(0.7301551652 -0.01551272676 0)
(0.7189105109 -0.01820156265 0)
(0.7056127396 -0.02126455082 0)
(0.6899655754 -0.02483086491 0)
(0.6715739799 -0.02909267409 0)
(0.6498998306 -0.03434108276 0)
(0.6241968895 -0.04102502828 0)
(0.5934175049 -0.04984832227 0)
(0.5560857484 -0.0619282491 0)
(0.5101457768 -0.07904578482 0)
(0.4528417368 -0.1040032868 0)
(0.380823685 -0.1409978857 0)
(0.2910468024 -0.1954840942 0)
(0.1836469808 -0.2716662505 0)
(0.0679527525 -0.3627635748 0)
(-0.02696826879 -0.4234288642 0)
(-0.02430419403 -0.3009376954 0)
(-0.008719789483 0.2514897707 0)
(0.0004596754371 0.2721043398 0)
(0.1010429279 0.2051338174 0)
(0.2069124588 0.1490486043 0)
(0.2971119005 0.1073193722 0)
(0.3720700311 0.07775962181 0)
(0.4339675171 0.05761329188 0)
(0.4849773025 0.04393277093 0)
(0.5273366775 0.03449717416 0)
(0.5629645578 0.02785546318 0)
(0.593346408 0.02307185333 0)
(0.61960862 0.01953894919 0)
(0.642602855 0.01686233248 0)
(0.6629716932 0.01478393709 0)
(0.6812014527 0.01313225055 0)
(0.6976629911 0.01179114374 0)
(0.7126416769 0.0106804047 0)
(0.7263590975 0.009743447883 0)
(0.7389887965 0.008939479744 0)
(0.7506677017 0.008238447954 0)
(0.7615044545 0.007617736493 0)
(0.771585524 0.007059967813 0)
(0.7809797333 0.006551517311 0)
(0.7897416409 0.006081493048 0)
(0.7979140912 0.00564102407 0)
(0.8055301579 0.005222756606 0)
(0.8126146396 0.004820492407 0)
(0.8191852228 0.004428925582 0)
(0.8252533947 0.004043448495 0)
(0.8308251663 0.003660006502 0)
(0.8359016497 0.003274987346 0)
(0.8404795215 0.002885135035 0)
(0.844551394 0.002487480627 0)
(0.8481061108 0.002079284036 0)
(0.8511289758 0.00165798192 0)
(0.8536019199 0.001221137195 0)
(0.8555036056 0.0007663858363 0)
(0.8568094594 0.0002913773573 0)
(0.8574916555 -0.0002062845833 0)
(0.8575188765 -0.0007291450623 0)
(0.8568561969 -0.00128006094 0)
(0.8554645424 -0.00186236415 0)
(0.8532999614 -0.002480110629 0)
(0.8503125654 -0.00313843653 0)
(0.8464449612 -0.003844062577 0)
(0.8416299728 -0.004606020268 0)
(0.8357873349 -0.005436717809 0)
(0.8288188692 -0.006353532938 0)
(0.8206013956 -0.007381244091 0)
(0.8109762033 -0.008555832062 0)
(0.7997332111 -0.00993058618 0)
(0.7865867801 -0.01158619929 0)
(0.7711382063 -0.01364796714 0)
(0.7528166927 -0.01631598839 0)
(0.73078536 -0.01991971412 0)
(0.703790827 -0.02501880632 0)
(0.6699241872 -0.03259208939 0)
(0.6262533843 -0.04438919018 0)
(0.5683199731 -0.06355178926 0)
(0.4897009201 -0.09552716315 0)
(0.3821566665 -0.1486634836 0)
(0.2376496691 -0.2317164905 0)
(0.06801032423 -0.335069566 0)
(-0.004353866044 -0.3209820472 0)
(0.2405304612 0.1241678771 0)
(0.3465004649 0.1052016482 0)
(0.5044739599 0.05686393121 0)
(0.6213935009 0.03140715635 0)
(0.695073046 0.01854929113 0)
(0.7449462455 0.01112518276 0)
(0.7806475385 0.006836146718 0)
(0.8068768946 0.004409284146 0)
(0.8267987158 0.003005899896 0)
(0.8424914307 0.002164132076 0)
(0.8552470434 0.001640953106 0)
(0.8658922053 0.001302344272 0)
(0.8749761787 0.001072904157 0)
(0.8828719483 0.000910071633 0)
(0.8898385562 0.0007893527243 0)
(0.8960605658 0.00069622211 0)
(0.9016725941 0.0006217956316 0)
(0.9067748286 0.000560456835 0)
(0.9114431308 0.0005085238702 0)
(0.9157357549 0.0004634911938 0)
(0.9196979022 0.0004235901618 0)
(0.9233648728 0.0003875278684 0)
(0.9267642902 0.0003543278379 0)
(0.9299177026 0.0003232303337 0)
(0.9328417535 0.0002936283537 0)
(0.9355490533 0.0002650254975 0)
(0.9380488381 0.0002370075731 0)
(0.940347475 0.0002092230332 0)
(0.9424488558 0.0001813692011 0)
(0.9443547071 0.000153182351 0)
(0.9460648384 0.0001244303707 0)
(0.947577342 9.490714269e-05 0)
(0.9488887543 6.442801931e-05 0)
(0.9499941868 3.282591497e-05 0)
(0.9508874289 -5.23888307e-08 0)
(0.9515610266 -3.435011442e-05 0)
(0.9520063338 -7.020507443e-05 0)
(0.9522135396 -0.0001077547664 0)
(0.9521716532 -0.0001471398019 0)
(0.9518684726 -0.0001885128612 0)
(0.9512904558 -0.0002320663211 0)
(0.9504225208 -0.0002780400989 0)
(0.9492477533 -0.0003267458766 0)
(0.9477469533 -0.0003786057658 0)
(0.9458979594 -0.0004342044207 0)
(0.9436746655 -0.0004943630287 0)
(0.9410455877 -0.000560248597 0)
(0.9379717655 -0.0006335390008 0)
(0.9344036568 -0.0007166796204 0)
(0.9302764765 -0.0008132967873 0)
(0.9255030607 -0.000928891208 0)
(0.9199626726 -0.001072053288 0)
(0.9134829278 -0.001256693096 0)
(0.9058096367 -0.00150632237 0)
(0.8965546776 -0.001862633432 0)
(0.8851025921 -0.002403311745 0)
(0.8704371441 -0.003280077655 0)
(0.8508087664 -0.004802348616 0)
(0.823097877 -0.007622264431 0)
(0.7816713693 -0.01308694577 0)
(0.7159173078 -0.02385928658 0)
(0.603453841 -0.04685818418 0)
(0.4186021935 -0.100391013 0)
(0.283742932 -0.1401605988 0)
)
;

boundaryField
{
    movingWall
    {
        type            fixedValue;
        value           uniform (1 0 0);
    }
    fixedWalls
    {
        type            noSlip;
    }
    frontAndBack
    {
        type            empty;
    }
}


// ************************************************************************* //
