/*--------------------------------*- C++ -*----------------------------------*\
  =========                 |
  \\      /  F ield         | OpenFOAM: The Open Source CFD Toolbox
   \\    /   O peration     | Website:  https://openfoam.org
    \\  /    A nd           | Version:  11
     \\/     M anipulation  |
\*---------------------------------------------------------------------------*/
FoamFile
{
    format      ascii;
    class       volVectorField;
    location    "1200";
    object      U;
}
// * * * * * * * * * * * * * * * * * * * * * * * * * * * * * * * * * * * * * //

dimensions      [0 1 -1 0 0 0 0];

internalField   nonuniform List<vector> 
4096
(
(1.428493794e-05 -1.42623501e-05 0)
(5.941831022e-05 -1.799394201e-05 0)
(9.403622023e-05 -1.365010494e-05 0)
(9.717371875e-05 -6.367367151e-06 0)
(5.792701461e-05 1.392170273e-06 0)
(-2.538485359e-05 8.731840389e-06 0)
(-0.0001506820153 1.524086525e-05 0)
(-0.0003141081422 2.078994425e-05 0)
(-0.0005110080359 2.539469034e-05 0)
(-0.0007365112865 2.913262187e-05 0)
(-0.0009858579516 3.210290803e-05 0)
(-0.001254564182 3.440702625e-05 0)
(-0.001538493017 3.613913345e-05 0)
(-0.001833867608 3.738139867e-05 0)
(-0.002137249343 3.820201936e-05 0)
(-0.002445495489 3.865476716e-05 0)
(-0.002755706293 3.877946524e-05 0)
(-0.00306516855 3.860306596e-05 0)
(-0.003371300688 3.814112714e-05 0)
(-0.003671603013 3.73995511e-05 0)
(-0.003963615712 3.63764884e-05 0)
(-0.004244886412 3.506433081e-05 0)
(-0.004512948401 3.345173425e-05 0)
(-0.004765310132 3.152562432e-05 0)
(-0.004999456123 2.927314586e-05 0)
(-0.005212859076 2.668352397e-05 0)
(-0.005403002643 2.374980823e-05 0)
(-0.005567414055 2.047047299e-05 0)
(-0.005703705555 1.685084685e-05 0)
(-0.00580962335 1.290434149e-05 0)
(-0.005883102598 8.653449566e-06 0)
(-0.00592232678 4.130492432e-06 0)
(-0.0059257892 -6.220179946e-07 0)
(-0.005892355002 -5.55132135e-06 0)
(-0.005821321531 -1.059452774e-05 0)
(-0.005712474256 -1.567932735e-05 0)
(-0.005566136508 -2.072514653e-05 0)
(-0.005383209934 -2.564460312e-05 0)
(-0.00516520385 -3.034537667e-05 0)
(-0.004914251421 -3.473243354e-05 0)
(-0.004633110888 -3.871054822e-05 0)
(-0.004325150525 -4.218704178e-05 0)
(-0.003994316499 -4.507463696e-05 0)
(-0.003645083369 -4.729431255e-05 0)
(-0.003282387659 -4.877802854e-05 0)
(-0.002911545542 -4.947118957e-05 0)
(-0.002538156364 -4.933472016e-05 0)
(-0.002167994264 -4.834664174e-05 0)
(-0.001806890609 -4.650307123e-05 0)
(-0.001460610138 -4.381860574e-05 0)
(-0.001134723679 -4.032612171e-05 0)
(-0.0008344797737 -3.60761083e-05 0)
(-0.0005646765817 -3.113579011e-05 0)
(-0.0003295335882 -2.558850655e-05 0)
(-0.0001325597581 -1.953416897e-05 0)
(2.359001374e-05 -1.309230225e-05 0)
(0.0001372852159 -6.410473173e-06 0)
(0.0002081449831 3.176562902e-07 0)
(0.0002373682928 6.814837242e-06 0)
(0.0002282313218 1.264909904e-05 0)
(0.0001868108601 1.713667754e-05 0)
(0.0001233760011 1.922371975e-05 0)
(5.614471117e-05 1.682045375e-05 0)
(8.076317052e-06 8.080551562e-06 0)
(1.82461714e-05 -5.957536038e-05 0)
(7.374999623e-05 -7.31097314e-05 0)
(8.513092961e-05 -2.746304392e-05 0)
(1.54392378e-05 4.614178906e-05 0)
(-0.0001564386461 0.0001298150456 0)
(-0.0004357741625 0.000213560538 0)
(-0.0008195732407 0.0002919824611 0)
(-0.001300182783 0.000362397665 0)
(-0.00186741874 0.0004236996074 0)
(-0.002509960409 0.0004756832296 0)
(-0.003216228422 0.000518642024 0)
(-0.003974904944 0.0005531225192 0)
(-0.004775215388 0.0005797720361 0)
(-0.005607051326 0.0005992438722 0)
(-0.006460988556 0.0006121393855 0)
(-0.007328238357 0.0006189748309 0)
(-0.008200559381 0.0006201654447 0)
(-0.009070150373 0.0006160218671 0)
(-0.009929538684 0.0006067555037 0)
(-0.01077147569 0.0005924903369 0)
(-0.0115888472 0.0005732792821 0)
(-0.0123746046 0.0005491235835 0)
(-0.01312172045 0.0005199940324 0)
(-0.01382317079 0.0004858530095 0)
(-0.01447194491 0.0004466765227 0)
(-0.01506108241 0.0004024755411 0)
(-0.01558373632 0.0003533160276 0)
(-0.01603326012 0.0002993371411 0)
(-0.01640331618 0.0002407671351 0)
(-0.01668800194 0.0001779365076 0)
(-0.01688199018 0.0001112879897 0)
(-0.01698067881 4.13829557e-05 0)
(-0.01698034455 -3.10962393e-05 0)
(-0.01687829714 -0.000105347984 0)
(-0.0166730265 -0.0001804570199 0)
(-0.01636433748 -0.000255405395 0)
(-0.01595346757 -0.0003290880072 0)
(-0.01544318044 -0.0004003324336 0)
(-0.01483783065 -0.0004679229069 0)
(-0.0141433947 -0.0005306279554 0)
(-0.01336746445 -0.0005872310106 0)
(-0.01251919973 -0.0006365630956 0)
(-0.01160923841 -0.0006775365364 0)
(-0.0106495634 -0.0007091785099 0)
(-0.009653327638 -0.0007306631726 0)
(-0.008634639326 -0.0007413411196 0)
(-0.007608311491 -0.000740765026 0)
(-0.006589580775 -0.00072871053 0)
(-0.005593801475 -0.0007051917637 0)
(-0.004636121142 -0.0006704714208 0)
(-0.003731143787 -0.0006250659271 0)
(-0.002892585568 -0.0005697471885 0)
(-0.002132925525 -0.000505543635 0)
(-0.00146305007 -0.0004337450424 0)
(-0.0008918841557 -0.0003559181973 0)
(-0.0004259937401 -0.0002739444192 0)
(-6.913218089e-05 -0.0001900961959 0)
(0.0001783140163 -0.0001071788122 0)
(0.0003200475288 -2.877554893e-05 0)
(0.0003648122201 4.03543736e-05 0)
(0.000327599306 9.367978127e-05 0)
(0.0002316341009 0.0001221134152 0)
(0.0001135855074 0.0001134899126 0)
(1.667594231e-05 5.599426326e-05 0)
(1.419055188e-05 -9.505650381e-05 0)
(2.864049245e-05 -8.493117581e-05 0)
(-4.407062786e-05 4.431297825e-05 0)
(-0.000242789793 0.0002333340928 0)
(-0.0005902916986 0.0004462147843 0)
(-0.001093117168 0.0006609793946 0)
(-0.001747754568 0.0008645882661 0)
(-0.002544344477 0.00104978851 0)
(-0.003469214266 0.001213002025 0)
(-0.004506672003 0.001352939683 0)
(-0.005640227269 0.001469696194 0)
(-0.006853378611 0.001564152821 0)
(-0.008130086296 0.001637580647 0)
(-0.009455020557 0.001691378089 0)
(-0.01081365302 0.001726900883 0)
(-0.0121922426 0.001745357564 0)
(-0.01357775505 0.001747752456 0)
(-0.0149577461 0.00173486368 0)
(-0.01632023125 0.001707247122 0)
(-0.01765355964 0.001665259481 0)
(-0.01894630495 0.001609095041 0)
(-0.02018718281 0.001538831851 0)
(-0.02136500085 0.001454483776 0)
(-0.02246864552 0.001356055525 0)
(-0.02348710706 0.001243598191 0)
(-0.02440954264 0.001117263266 0)
(-0.02522537602 0.0009773533665 0)
(-0.02592443082 0.0008243681451 0)
(-0.02649709321 0.0006590440432 0)
(-0.0269344991 0.0004823866711 0)
(-0.02722873991 0.000295694719 0)
(-0.0273730804 0.0001005743913 0)
(-0.02736218048 -0.0001010565825 0)
(-0.02719231587 -0.0003069757285 0)
(-0.02686158614 -0.0005146735778 0)
(-0.02637010347 -0.0007213841057 0)
(-0.02572015495 -0.0009241266113 0)
(-0.02491632874 -0.001119758611 0)
(-0.02396559785 -0.001305039005 0)
(-0.02287735464 -0.001476700224 0)
(-0.02166339071 -0.001631527567 0)
(-0.02033781796 -0.001766443531 0)
(-0.01891692849 -0.001878594535 0)
(-0.01741899265 -0.00196543718 0)
(-0.01586399638 -0.002024821029 0)
(-0.01427332122 -0.002055064977 0)
(-0.01266937193 -0.002055024491 0)
(-0.01107515835 -0.0020241476 0)
(-0.009513839239 -0.001962518287 0)
(-0.008008236443 -0.00187088715 0)
(-0.006580327247 -0.001750690775 0)
(-0.005250721556 -0.001604063316 0)
(-0.004038127748 -0.001433846538 0)
(-0.002958806808 -0.001243608112 0)
(-0.002026008238 -0.001037682813 0)
(-0.00124937332 -0.0008212577271 0)
(-0.0006342814179 -0.0006005312189 0)
(-0.0001811028296 -0.0003829863758 0)
(0.0001156901816 -0.0001778301579 0)
(0.0002685777478 3.347624883e-06 0)
(0.0002981567278 0.0001456764245 0)
(0.0002348773 0.0002299585351 0)
(0.0001242925009 0.0002318934316 0)
(1.914682268e-05 0.0001232513664 0)
(7.078228063e-06 -9.915502873e-05 0)
(-4.658339337e-05 -1.452100938e-05 0)
(-0.0002392739696 0.0002439754178 0)
(-0.0006037696647 0.0005929780344 0)
(-0.001158183026 0.0009794398836 0)
(-0.001907287261 0.001368960139 0)
(-0.002845870311 0.001739895936 0)
(-0.003961871345 0.002079406076 0)
(-0.005238838375 0.002380577551 0)
(-0.006657766259 0.002640400304 0)
(-0.008198428486 0.002858355985 0)
(-0.009840294829 0.003035432372 0)
(-0.01156312211 0.003173436308 0)
(-0.01334729625 0.003274519825 0)
(-0.0151739914 0.003340861198 0)
(-0.01702520028 0.00337446062 0)
(-0.01888367953 0.003377021886 0)
(-0.02073284543 0.003349899139 0)
(-0.02255664786 0.003294092811 0)
(-0.0243394445 0.003210282357 0)
(-0.0260658917 0.003098885829 0)
(-0.02772086444 0.002960138148 0)
(-0.02928941371 0.002794181325 0)
(-0.03075676643 0.002601160986 0)
(-0.0321083705 0.002381324472 0)
(-0.03332998482 0.002135116475 0)
(-0.03440781257 0.001863268821 0)
(-0.0353286739 0.001566881433 0)
(-0.03608021315 0.001247491918 0)
(-0.03665113403 0.0009071315241 0)
(-0.03703145576 0.0005483654876 0)
(-0.03721278176 0.0001743160243 0)
(-0.03718857127 -0.0002113334751 0)
(-0.03695440743 -0.0006043538864 0)
(-0.03650824734 -0.001000006428 0)
(-0.03585064764 -0.00139310041 0)
(-0.03498495534 -0.001778071205 0)
(-0.03391745374 -0.002149077753 0)
(-0.03265745542 -0.002500118064 0)
(-0.03121733456 -0.002825160319 0)
(-0.02961249215 -0.003118286435 0)
(-0.02786124934 -0.003373844239 0)
(-0.02598466593 -0.003586603776 0)
(-0.02400628306 -0.003751912869 0)
(-0.02195179142 -0.003865846805 0)
(-0.01984862842 -0.003925347148 0)
(-0.01772550979 -0.003928345145 0)
(-0.01561190309 -0.003873866063 0)
(-0.01353745177 -0.003762112227 0)
(-0.01153135937 -0.00359452442 0)
(-0.009621743247 -0.003373823909 0)
(-0.00783496612 -0.003104040603 0)
(-0.006194951645 -0.002790536968 0)
(-0.004722486394 -0.002440042425 0)
(-0.003434506103 -0.002060719278 0)
(-0.002343358281 -0.001662288889 0)
(-0.001456027526 -0.001256255656 0)
(-0.0007733038575 -0.0008562754165 0)
(-0.000288870592 -0.0004787212496 0)
(1.168066284e-05 -0.0001434952401 0)
(0.0001518371956 0.0001249057986 0)
(0.0001655673566 0.0002961773518 0)
(0.0001019349312 0.0003329233365 0)
(1.755963324e-05 0.0001886092787 0)
(-8.278258061e-07 -5.939958854e-05 0)
(-0.0001358729216 0.0001635068495 0)
(-0.0004690831768 0.0006010384697 0)
(-0.001022503857 0.001152357707 0)
(-0.001805237372 0.001750371559 0)
(-0.002817606891 0.002349677196 0)
(-0.004051146725 0.002920490287 0)
(-0.005490928227 0.003444328455 0)
(-0.007117697677 0.003910670029 0)
(-0.00890952983 0.004314459342 0)
(-0.01084309126 0.004654274357 0)
(-0.01289456097 0.004930986353 0)
(-0.01504025532 0.005146787754 0)
(-0.01725701326 0.005304498249 0)
(-0.01952239674 0.005407083237 0)
(-0.02181475543 0.005457335708 0)
(-0.02411319884 0.005457684772 0)
(-0.02639751184 0.005410102415 0)
(-0.02864804378 0.005316086025 0)
(-0.03084559491 0.00517669849 0)
(-0.03297131908 0.004992650862 0)
(-0.03500665659 0.004764415055 0)
(-0.03693330696 0.004492356028 0)
(-0.03873324774 0.004176874521 0)
(-0.04038880229 0.0038185528 0)
(-0.04188275663 0.003418296986 0)
(-0.04319852316 0.002977470517 0)
(-0.04432034723 0.00249801406 0)
(-0.04523355051 0.001982547861 0)
(-0.04592480414 0.00143445306 0)
(-0.04638242314 0.0008579289707 0)
(-0.04659667304 0.0002580238159 0)
(-0.04656007791 -0.0003593630878 0)
(-0.04626772195 -0.000987509038 0)
(-0.04571752902 -0.001618927178 0)
(-0.04491051345 -0.002245457675 0)
(-0.04385098995 -0.002858389031 0)
(-0.04254673206 -0.003448608466 0)
(-0.04100907021 -0.004006778929 0)
(-0.03925292092 -0.004523539151 0)
(-0.03729674008 -0.004989722101 0)
(-0.03516239474 -0.005396586212 0)
(-0.03287495008 -0.005736052897 0)
(-0.03046237008 -0.006000943258 0)
(-0.02795513289 -0.006185206615 0)
(-0.02538576415 -0.006284133599 0)
(-0.02278829382 -0.006294547206 0)
(-0.02019764409 -0.006214966442 0)
(-0.01764895787 -0.006045739082 0)
(-0.01517687802 -0.005789142718 0)
(-0.01281478846 -0.005449456693 0)
(-0.01059402749 -0.005033011789 0)
(-0.008543082508 -0.004548229723 0)
(-0.006686772895 -0.004005670608 0)
(-0.005045425268 -0.003418113522 0)
(-0.003634041854 -0.002800703071 0)
(-0.002461460655 -0.002171202616 0)
(-0.001529504172 -0.001550401353 0)
(-0.0008321138448 -0.0009627258965 0)
(-0.0003544912119 -0.0004371036091 0)
(-7.230022884e-05 -8.091063008e-06 0)
(4.939033159e-05 0.0002827960143 0)
(5.941348122e-05 0.0003853193473 0)
(1.410465229e-05 0.0002362527739 0)
(-8.766182522e-06 2.834290255e-05 0)
(-0.0002306269241 0.0004607199615 0)
(-0.0007149541944 0.001131579139 0)
(-0.001470618578 0.001928731541 0)
(-0.002495030941 0.002774675258 0)
(-0.003782002374 0.003615205217 0)
(-0.005318351108 0.004413629797 0)
(-0.007085400956 0.005146426444 0)
(-0.009060713662 0.005799684996 0)
(-0.01121943855 0.00636631783 0)
(-0.01353539165 0.006843917172 0)
(-0.0159818825 0.007233125372 0)
(-0.01853229918 0.007536412493 0)
(-0.0211604843 0.007757178332 0)
(-0.02384094203 0.007899113243 0)
(-0.02654891711 0.007965765722 0)
(-0.02926038348 0.007960275078 0)
(-0.03195197702 0.007885235256 0)
(-0.03460090124 0.007742661772 0)
(-0.03718483031 0.007534038174 0)
(-0.03968182866 0.007260422018 0)
(-0.04207030176 0.006922593288 0)
(-0.04432898829 0.006521230623 0)
(-0.04643700036 0.006057102843 0)
(-0.0483739146 0.005531265098 0)
(-0.05011991443 0.004945250542 0)
(-0.0516559809 0.004301249777 0)
(-0.05296412773 0.003602271498 0)
(-0.05402767395 0.002852278695 0)
(-0.0548315467 0.002056295657 0)
(-0.05536260477 0.0012204817 0)
(-0.0556099735 0.0003521683275 0)
(-0.05556537969 -0.0005401427352 0)
(-0.05522347754 -0.001446822424 0)
(-0.05458214983 -0.002357200538 0)
(-0.05364277743 -0.00325969476 0)
(-0.05241046398 -0.00414198041 0)
(-0.05089420456 -0.004991199456 0)
(-0.0491069893 -0.005794205404 0)
(-0.04706583254 -0.006537839317 0)
(-0.04479171989 -0.007209230782 0)
(-0.04230946697 -0.00779611644 0)
(-0.03964748569 -0.008287167513 0)
(-0.03683745599 -0.008672317023 0)
(-0.03391390321 -0.008943076935 0)
(-0.03091368392 -0.009092835589 0)
(-0.02787538536 -0.009117126526 0)
(-0.02483864606 -0.00901386132 0)
(-0.02184340738 -0.008783521295 0)
(-0.01892910713 -0.008429306264 0)
(-0.016133828 -0.007957242506 0)
(-0.01349341344 -0.007376257262 0)
(-0.01104056407 -0.006698232958 0)
(-0.008803926244 -0.00593806102 0)
(-0.006807183868 -0.005113722368 0)
(-0.005068163239 -0.004246428941 0)
(-0.003597960582 -0.003360867197 0)
(-0.002400102693 -0.002485589225 0)
(-0.00146975351 -0.001653599603 0)
(-0.0007929925484 -0.0009031864408 0)
(-0.0003461919185 -0.0002790211368 0)
(-9.532211846e-05 0.0001665033731 0)
(5.61709923e-06 0.0003713131876 0)
(9.838164469e-06 0.0002584552195 0)
(-1.639941804e-05 0.0001650348702 0)
(-0.0003263193002 0.000881812681 0)
(-0.0009660468856 0.001843543451 0)
(-0.001930358932 0.002931634815 0)
(-0.003203549707 0.004061680353 0)
(-0.004771503074 0.005173129067 0)
(-0.006615140883 0.006224021784 0)
(-0.008711192097 0.007186823739 0)
(-0.01103352736 0.008044834711 0)
(-0.01355416272 0.008789249127 0)
(-0.01624409333 0.009416810062 0)
(-0.01907396328 0.009927964648 0)
(-0.02201455479 0.01032544067 0)
(-0.02503710959 0.01061317541 0)
(-0.02811350883 0.01079553722 0)
(-0.03121634232 0.01087678926 0)
(-0.03431889847 0.01086075187 0)
(-0.03739510499 0.0107506264 0)
(-0.0404194467 0.01054894823 0)
(-0.04336688361 0.01025764078 0)
(-0.04621278739 0.009878145913 0)
(-0.04893291068 0.009411609309 0)
(-0.05150339913 0.008859102052 0)
(-0.05390085262 0.008221862297 0)
(-0.05610243833 0.007501543083 0)
(-0.05808605565 0.006700454413 0)
(-0.05983055023 0.005821789461 0)
(-0.06131597228 0.004869826333 0)
(-0.06252387247 0.003850098131 0)
(-0.06343762747 0.002769525212 0)
(-0.06404278576 0.001636504531 0)
(-0.06432742364 0.0004609519943 0)
(-0.064282501 -0.0007457052382 0)
(-0.06390220585 -0.001970588734 0)
(-0.06318427333 -0.003199484232 0)
(-0.06213027169 -0.004417011151 0)
(-0.06074584137 -0.005606843839 0)
(-0.05904087582 -0.006751982654 0)
(-0.05702963478 -0.007835070759 0)
(-0.05473077968 -0.008838750729 0)
(-0.05216732293 -0.00974605343 0)
(-0.04936648389 -0.01054081003 0)
(-0.04635944639 -0.01120807662 0)
(-0.04318101445 -0.01173455985 0)
(-0.03986916567 -0.01210903143 0)
(-0.0364645039 -0.0123227192 0)
(-0.03300961583 -0.01236966345 0)
(-0.02954833874 -0.01224702856 0)
(-0.02612494932 -0.01195536272 0)
(-0.02278328581 -0.01149880215 0)
(-0.01956581761 -0.01088522071 0)
(-0.01651267818 -0.0101263316 0)
(-0.01366067772 -0.009237754166 0)
(-0.01104231309 -0.008239065788 0)
(-0.008684792277 -0.007153866298 0)
(-0.006609091726 -0.006009888878 0)
(-0.004829065497 -0.00483919727 0)
(-0.003350627375 -0.003678512627 0)
(-0.002171031468 -0.002569715603 0)
(-0.001278278832 -0.00156057215 0)
(-0.0006506461403 -0.0007057118363 0)
(-0.0002563477771 -6.783416059e-05 0)
(-5.385552018e-05 0.0002804442527 0)
(5.375507557e-06 0.0002513794061 0)
(-2.362009414e-05 0.0003501725121 0)
(-0.0004206513831 0.001427609095 0)
(-0.0012161538 0.002739646577 0)
(-0.002390786384 0.004165066016 0)
(-0.003915158917 0.00561564681 0)
(-0.005766374058 0.007026910944 0)
(-0.007918613021 0.008353430168 0)
(-0.01034331553 0.009564930236 0)
(-0.0130101724 0.01064277956 0)
(-0.01588778998 0.01157700465 0)
(-0.01894425715 0.01236382981 0)
(-0.02214762439 0.01300368793 0)
(-0.02546626025 0.01349964875 0)
(-0.02886908397 0.01385621237 0)
(-0.03232568937 0.0140784181 0)
(-0.03580638171 0.01417122221 0)
(-0.03928215192 0.01413910211 0)
(-0.04272461315 0.01398584813 0)
(-0.04610592269 0.01371450792 0)
(-0.04939870945 0.01332745158 0)
(-0.05257602372 0.01282652895 0)
(-0.05561132221 0.01221329362 0)
(-0.0584784975 0.011489271 0)
(-0.06115195753 0.01065625099 0)
(-0.0636067574 0.009716587756 0)
(-0.06581878311 0.008673492441 0)
(-0.06776498413 0.007531305934 0)
(-0.06942364989 0.006295741442 0)
(-0.07077472331 0.004974087901 0)
(-0.07180014357 0.003575366897 0)
(-0.07248420861 0.002110436984 0)
(-0.07281394758 0.0005920405845 0)
(-0.07277949369 -0.000965210049 0)
(-0.0723744446 -0.0025449105 0)
(-0.07159619861 -0.004129009409 0)
(-0.07044625799 -0.005698019286 0)
(-0.06893048543 -0.00723129022 0)
(-0.06705930231 -0.008707344398 0)
(-0.06484781845 -0.01010426673 0)
(-0.06231588299 -0.01140014477 0)
(-0.0594880464 -0.01257354922 0)
(-0.05639342564 -0.01360404424 0)
(-0.05306546568 -0.01447271527 0)
(-0.04954159269 -0.01516270036 0)
(-0.0458627567 -0.01565971056 0)
(-0.04207286424 -0.01595252413 0)
(-0.03821810448 -0.01603344036 0)
(-0.03434617563 -0.01589868022 0)
(-0.03050542154 -0.0155487238 0)
(-0.02674389183 -0.01498857816 0)
(-0.0231083414 -0.01422797464 0)
(-0.01964318805 -0.01328150021 0)
(-0.01638944897 -0.01216867468 0)
(-0.01338367842 -0.01091399265 0)
(-0.01065693076 -0.009546956567 0)
(-0.008233774081 -0.0081021335 0)
(-0.006131381492 -0.006619273695 0)
(-0.004358729906 -0.005143531539 0)
(-0.002915942472 -0.00372583154 0)
(-0.001793801941 -0.002423424875 0)
(-0.0009733968378 -0.001300660986 0)
(-0.000426095582 -0.0004299351599 0)
(-0.0001157247872 0.0001068071101 0)
(1.031370882e-06 0.0002133552369 0)
(-3.04268982e-05 0.000582529135 0)
(-0.0005125008337 0.002096663255 0)
(-0.001461767424 0.003819200348 0)
(-0.002845203497 0.005629123149 0)
(-0.004619708619 0.007437006498 0)
(-0.006753186926 0.009176678723 0)
(-0.009212551115 0.01080104271 0)
(-0.01196345268 0.01227846659 0)
(-0.01497100571 0.013589404 0)
(-0.01820014463 0.01472343125 0)
(-0.02161592958 0.01567673893 0)
(-0.02518382263 0.01645005691 0)
(-0.02886989143 0.01704698344 0)
(-0.03264093039 0.01747268227 0)
(-0.03646450671 0.01773290859 0)
(-0.04030894559 0.01783332315 0)
(-0.04414327281 0.01777905445 0)
(-0.04793713461 0.01757447027 0)
(-0.05166071363 0.01722312164 0)
(-0.05528465819 0.01672782478 0)
(-0.05878003928 0.01609084913 0)
(-0.06211834609 0.01531418232 0)
(-0.06527152826 0.01439984629 0)
(-0.06821208897 0.0133502413 0)
(-0.07091323093 0.01216849804 0)
(-0.07334905392 0.0108588204 0)
(-0.07549480073 0.009426804513 0)
(-0.0773271466 0.007879721432 0)
(-0.07882452519 0.006226753489 0)
(-0.07996748369 0.004479175557 0)
(-0.08073905787 0.002650474355 0)
(-0.08112515771 0.0007564002287 0)
(-0.08111495544 -0.001185052531 0)
(-0.08070126146 -0.003153740026 0)
(-0.07988087911 -0.005127542387 0)
(-0.07865492878 -0.007082614773 0)
(-0.07702912749 -0.008993712482 0)
(-0.07501401181 -0.01083458826 0)
(-0.0726250939 -0.01257845685 0)
(-0.06988293862 -0.01419851937 0)
(-0.06681315099 -0.01566853787 0)
(-0.06344626386 -0.0169634479 0)
(-0.05981751733 -0.01805999515 0)
(-0.05596652323 -0.01893738 0)
(-0.05193681054 -0.01957789259 0)
(-0.04777525036 -0.01996752055 0)
(-0.04353136264 -0.02009651162 0)
(-0.03925651062 -0.01995987482 0)
(-0.03500299293 -0.01955780658 0)
(-0.0308230473 -0.01889603202 0)
(-0.02676778395 -0.01798605712 0)
(-0.02288607006 -0.01684533342 0)
(-0.01922339049 -0.0154973447 0)
(-0.01582071211 -0.0139716323 0)
(-0.01271338198 -0.01230378357 0)
(-0.009930091326 -0.01053541413 0)
(-0.007491939194 -0.008714179947 0)
(-0.005411632846 -0.006893857152 0)
(-0.003692870108 -0.005134528756 0)
(-0.002329928432 -0.003502918793 0)
(-0.001307383247 -0.0020728889 0)
(-0.0006003240775 -0.0009260359471 0)
(-0.0001782715675 -0.0001527217075 0)
(-3.066265467e-06 0.0001439208752 0)
(-3.685371769e-05 0.0008605565509 0)
(-0.0006013421848 0.002886224292 0)
(-0.001700906312 0.005079322099 0)
(-0.003289478429 0.007321164192 0)
(-0.005310543002 0.009523290373 0)
(-0.00772270436 0.01161983248 0)
(-0.01048534436 0.01356374088 0)
(-0.01355802141 0.01532342688 0)
(-0.01690099768 0.01687952495 0)
(-0.02047533322 0.01822198602 0)
(-0.02424294918 0.01934756478 0)
(-0.02816670421 0.02025770443 0)
(-0.0322104379 0.02095680834 0)
(-0.03633896782 0.02145087709 0)
(-0.04051804289 0.02174648145 0)
(-0.04471426232 0.02185003673 0)
(-0.04889497304 0.02176734161 0)
(-0.0530281609 0.02150334332 0)
(-0.05708235062 0.02106209161 0)
(-0.06102652825 0.02044684476 0)
(-0.06483009771 0.01966029329 0)
(-0.06846288035 0.01870486918 0)
(-0.07189516362 0.01758311153 0)
(-0.07509780207 0.01629806297 0)
(-0.07804237148 0.01485367384 0)
(-0.08070137458 0.01325519496 0)
(-0.08304849472 0.01150954222 0)
(-0.08505889275 0.009625619207 0)
(-0.08670954049 0.007614586262 0)
(-0.08797958382 0.005490066599 0)
(-0.08885072698 0.003268281524 0)
(-0.08930762905 0.0009681087293 0)
(-0.08933830679 -0.001388940801 0)
(-0.08893452718 -0.00377883097 0)
(-0.08809218379 -0.006175199244 0)
(-0.08681164693 -0.008549644703 0)
(-0.08509807365 -0.01087210145 0)
(-0.08296166474 -0.0131112961 0)
(-0.0804178581 -0.01523528468 0)
(-0.07748744514 -0.01721206109 0)
(-0.07419659748 -0.01901022711 0)
(-0.07057679207 -0.02059971073 0)
(-0.06666462352 -0.02195251717 0)
(-0.06250149473 -0.02304349437 0)
(-0.0581331788 -0.0238510929 0)
(-0.0536092488 -0.02435809891 0)
(-0.04898237563 -0.02455231858 0)
(-0.04430749867 -0.02442719348 0)
(-0.0396408789 -0.02398232875 0)
(-0.03503904911 -0.02322391982 0)
(-0.03055768104 -0.02216506882 0)
(-0.02625039409 -0.02082598872 0)
(-0.02216753476 -0.01923410059 0)
(-0.01835495953 -0.01742403806 0)
(-0.0148528573 -0.01543758061 0)
(-0.01169464962 -0.0133235444 0)
(-0.008906008718 -0.01113766453 0)
(-0.00650403677 -0.008942504364 0)
(-0.004496658939 -0.00680742797 0)
(-0.002882250044 -0.004808670832 0)
(-0.001649372666 -0.003029513786 0)
(-0.0007771551686 -0.001560477844 0)
(-0.0002408051205 -0.0004998271028 0)
(-6.892384958e-06 4.316725466e-05 0)
(-4.293952333e-05 0.001182579357 0)
(-0.0006869345063 0.003792790036 0)
(-0.001932418738 0.006515702156 0)
(-0.003720982253 0.009236608871 0)
(-0.005983167545 0.01186982492 0)
(-0.008668395452 0.01435155023 0)
(-0.01172846305 0.01663637783 0)
(-0.01511670288 0.01869412765 0)
(-0.01878837547 0.02050673408 0)
(-0.02270054369 0.0220654057 0)
(-0.02681191979 0.0233681339 0)
(-0.03108275373 0.02441756953 0)
(-0.03547471803 0.02521927067 0)
(-0.03995077587 0.02578031111 0)
(-0.04447503334 0.02610822818 0)
(-0.04901258183 0.02621028099 0)
(-0.05352933985 0.02609298489 0)
(-0.05799190536 0.02576188553 0)
(-0.0623674302 0.02522153411 0)
(-0.06662352696 0.02447562597 0)
(-0.07072821709 0.0235272657 0)
(-0.07464992697 0.02237932426 0)
(-0.0783575359 0.02103485651 0)
(-0.08182047819 0.01949755078 0)
(-0.08500889889 0.01777218555 0)
(-0.08789386123 0.01586507192 0)
(-0.09044760205 0.01378446369 0)
(-0.09264383046 0.01154091991 0)
(-0.0944580639 0.009147607405 0)
(-0.09586799511 0.006620532949 0)
(-0.09685388277 0.003978696673 0)
(-0.09739895733 0.001244159933 0)
(-0.09748983865 -0.001557977241 0)
(-0.09711694771 -0.004399693399 0)
(-0.09627490793 -0.007250263884 0)
(-0.09496292801 -0.01007658072 0)
(-0.09318515075 -0.01284356907 0)
(-0.09095095466 -0.01551470047 0)
(-0.08827519712 -0.01805259851 0)
(-0.08517838404 -0.02041972987 0)
(-0.08168675137 -0.02257917013 0)
(-0.07783224365 -0.02449543078 0)
(-0.07365237583 -0.02613533034 0)
(-0.06918996581 -0.02746888944 0)
(-0.06449272786 -0.02847022677 0)
(-0.05961272032 -0.02911843098 0)
(-0.05460564536 -0.02939838242 0)
(-0.04953000372 -0.0293014992 0)
(-0.04444611331 -0.02882638384 0)
(-0.03941500683 -0.02797935056 0)
(-0.03449722973 -0.02677481893 0)
(-0.02975156649 -0.02523556633 0)
(-0.02523372833 -0.02339284044 0)
(-0.02099504077 -0.02128634148 0)
(-0.01708117284 -0.01896409318 0)
(-0.0135309527 -0.0164822288 0)
(-0.01037531544 -0.01390472444 0)
(-0.007636432226 -0.01130311401 0)
(-0.005327079553 -0.008756219725 0)
(-0.003450261264 -0.006349929814 0)
(-0.001998911881 -0.004177020979 0)
(-0.0009563591479 -0.002336928272 0)
(-0.000303307737 -0.0009357211974 0)
(-1.047764394e-05 -8.868827389e-05 0)
(-4.871696356e-05 0.001546874139 0)
(-0.0007691545474 0.004812401262 0)
(-0.002155573047 0.00812306528 0)
(-0.004137921811 0.01136946838 0)
(-0.006634367464 0.01447023514 0)
(-0.009585408762 0.01736519342 0)
(-0.01293536089 0.02001204425 0)
(-0.0166313405 0.02238331749 0)
(-0.02062357223 0.02446335322 0)
(-0.02486508251 0.02624552252 0)
(-0.02931135788 0.02772976902 0)
(-0.03392006128 0.02892049849 0)
(-0.03865076569 0.02982482807 0)
(-0.04346469409 0.03045119238 0)
(-0.04832446725 0.0308082908 0)
(-0.05319386347 0.03090435131 0)
(-0.05803759713 0.03074667929 0)
(-0.06282112403 0.0303414554 0)
(-0.06751048194 0.02969374396 0)
(-0.07207217365 0.02880767286 0)
(-0.07647309872 0.02768674628 0)
(-0.08068053818 0.02633425388 0)
(-0.08466219446 0.0247537425 0)
(-0.08838628711 0.02294952024 0)
(-0.09182170316 0.02092716608 0)
(-0.09493819948 0.01869402227 0)
(-0.09770665356 0.01625965016 0)
(-0.1000993582 0.01363623346 0)
(-0.1020903552 0.01083891562 0)
(-0.1036558021 0.007886060554 0)
(-0.1047743663 0.004799427757 0)
(-0.105427639 0.001604254407 0)
(-0.1056005681 -0.001670760912 0)
(-0.1052818915 -0.004993577696 0)
(-0.1044645675 -0.008329043674 0)
(-0.1031461968 -0.01163923904 0)
(-0.1013294198 -0.01488392866 0)
(-0.09902227323 -0.01802112432 0)
(-0.09623849654 -0.02100775412 0)
(-0.09299776995 -0.02380043274 0)
(-0.08932586707 -0.02635632247 0)
(-0.0852547045 -0.02863407124 0)
(-0.08082227081 -0.03059480974 0)
(-0.07607241871 -0.03220318526 0)
(-0.07105450643 -0.03342840659 0)
(-0.06582287792 -0.03424527073 0)
(-0.06043617649 -0.03463514029 0)
(-0.05495649216 -0.03458684015 0)
(-0.0494483503 -0.03409744289 0)
(-0.04397755654 -0.03317291611 0)
(-0.03860992089 -0.03182861032 0)
(-0.03340989183 -0.03008957325 0)
(-0.02843913801 -0.0279906859 0)
(-0.02375512151 -0.02557662542 0)
(-0.01940971097 -0.02290167011 0)
(-0.01544788575 -0.02002937095 0)
(-0.01190658327 -0.01703212073 0)
(-0.00881374397 -0.01399065519 0)
(-0.006187618604 -0.01099352004 0)
(-0.004036341716 -0.008136535014 0)
(-0.002357547423 -0.005522249762 0)
(-0.001138849068 -0.003259286381 0)
(-0.000366202235 -0.001461816405 0)
(-1.388298542e-05 -0.0002515726719 0)
(-5.420869536e-05 0.001951691085 0)
(-0.0008479089723 0.005940783148 0)
(-0.002369819397 0.009895431409 0)
(-0.004538926214 0.01371267687 0)
(-0.00726163316 0.01731678646 0)
(-0.01046987383 0.0206526059 0)
(-0.01410069957 0.02368228566 0)
(-0.01809513489 0.02638229014 0)
(-0.02239843354 0.02874043503 0)
(-0.02695962465 0.03075315472 0)
(-0.03173100803 0.03242307862 0)
(-0.03666771611 0.03375694611 0)
(-0.04172730679 0.03476387564 0)
(-0.04686938017 0.03545398901 0)
(-0.05205522206 0.03583737913 0)
(-0.05724747848 0.03592339886 0)
(-0.06240986603 0.03572024118 0)
(-0.06750692414 0.03523477517 0)
(-0.07250381475 0.03447259902 0)
(-0.07736617423 0.03343826984 0)
(-0.0820600212 0.03213567037 0)
(-0.08655172227 0.03056847432 0)
(-0.0908080163 0.02874067493 0)
(-0.09479609629 0.0266571449 0)
(-0.09848374705 0.02432419976 0)
(-0.1018395355 0.02175014076 0)
(-0.1048330502 0.01894575728 0)
(-0.1074351862 0.01592477216 0)
(-0.1096184709 0.01270421638 0)
(-0.1113574266 0.009304721892 0)
(-0.1126289652 0.005750723335 0)
(-0.113412809 0.002070560652 0)
(-0.1136919371 -0.001703523399 0)
(-0.1134530459 -0.005535496074 0)
(-0.1126870094 -0.009385766976 0)
(-0.1113893486 -0.01321154681 0)
(-0.1095606848 -0.01696732572 0)
(-0.1072071636 -0.02060547575 0)
(-0.1043408375 -0.02407697666 0)
(-0.1009799874 -0.02733226041 0)
(-0.09714936425 -0.03032216542 0)
(-0.09288032796 -0.03299898719 0)
(-0.08821086341 -0.03531760695 0)
(-0.0831854515 -0.03723667436 0)
(-0.07785477719 -0.03871981547 0)
(-0.07227525912 -0.03973683247 0)
(-0.06650839116 -0.0402648584 0)
(-0.06061989264 -0.04028942823 0)
(-0.05467867273 -0.0398054281 0)
(-0.04875562297 -0.03881788717 0)
(-0.04292226197 -0.03734258218 0)
(-0.03724926587 -0.03540643236 0)
(-0.0318049266 -0.03304767267 0)
(-0.02665358798 -0.03031580467 0)
(-0.02185411489 -0.02727133631 0)
(-0.0174584542 -0.02398533285 0)
(-0.0135103461 -0.02053881003 0)
(-0.0100442468 -0.01702200526 0)
(-0.007084532831 -0.01353356371 0)
(-0.004644982088 -0.01017967359 0)
(-0.002728253059 -0.007073147873 0)
(-0.001326326717 -0.004332346688 0)
(-0.000430200234 -0.002080192769 0)
(-1.718559127e-05 -0.0004457306494 0)
(-5.942696295e-05 0.002395247419 0)
(-0.0009230898416 0.007173398446 0)
(-0.002574654395 0.01182624828 0)
(-0.004922795974 0.0162582845 0)
(-0.007862793737 0.02040060271 0)
(-0.01131843667 0.02420431892 0)
(-0.01521981416 0.02763726255 0)
(-0.01950207054 0.03068097701 0)
(-0.02410563531 0.03332777484 0)
(-0.02897564795 0.03557803287 0)
(-0.03406131303 0.03743779924 0)
(-0.03931532525 0.03891673976 0)
(-0.04469333358 0.0400264393 0)
(-0.0501534418 0.04077906045 0)
(-0.05565575103 0.04118634861 0)
(-0.06116194875 0.04125896265 0)
(-0.06663494858 0.04100610143 0)
(-0.07203858514 0.04043539096 0)
(-0.07733736742 0.03955299254 0)
(-0.08249629325 0.03836389072 0)
(-0.08748072636 0.03687231987 0)
(-0.09225633596 0.03508228979 0)
(-0.096789098 0.03299817364 0)
(-0.1010453559 0.03062532529 0)
(-0.104991938 0.02797069738 0)
(-0.1085963292 0.02504343566 0)
(-0.1118268919 0.02185542929 0)
(-0.1146531355 0.01842180031 0)
(-0.1170460286 0.01476131893 0)
(-0.1189783528 0.0108967331 0)
(-0.120425095 0.006855003026 0)
(-0.1213638721 0.002667432135 0)
(-0.1217753912 -0.00163031243 0)
(-0.1216439387 -0.005998295109 0)
(-0.1209578733 -0.01039253454 0)
(-0.1197101477 -0.01476536455 0)
(-0.1178988273 -0.01906592664 0)
(-0.1155275909 -0.02324080148 0)
(-0.1126062031 -0.02723478146 0)
(-0.109150935 -0.03099178225 0)
(-0.1051849123 -0.03445588646 0)
(-0.1007383637 -0.0375725071 0)
(-0.09584874495 -0.04028965281 0)
(-0.09056071036 -0.04255926943 0)
(-0.08492590921 -0.04433862657 0)
(-0.07900258453 -0.04559171088 0)
(-0.07285495974 -0.04629058289 0)
(-0.06655240511 -0.04641665092 0)
(-0.06016838587 -0.04596181443 0)
(-0.05377920437 -0.04492943098 0)
(-0.04746256048 -0.04333506632 0)
(-0.04129596612 -0.04120699523 0)
(-0.03535506086 -0.03858643183 0)
(-0.02971188467 -0.03552748156 0)
(-0.0244331713 -0.03209682123 0)
(-0.01957872913 -0.02837312721 0)
(-0.0151999766 -0.02444628363 0)
(-0.01133870026 -0.0204164099 0)
(-0.008026113056 -0.01639275005 0)
(-0.005282199277 -0.01249246576 0)
(-0.003115012218 -0.008839338579 0)
(-0.001521035613 -0.005562279954 0)
(-0.0004962024962 -0.002793921259 0)
(-2.04708661e-05 -0.0006718366916 0)
(-6.437449627e-05 0.00287570784 0)
(-0.00099455399 0.008505451032 0)
(-0.002769547842 0.01390844457 0)
(-0.005288356571 0.01899755748 0)
(-0.008435791258 0.02371179399 0)
(-0.0121279612 0.02800968136 0)
(-0.01628835686 0.03186585803 0)
(-0.02084652169 0.03526801193 0)
(-0.0257382725 0.03821391805 0)
(-0.03090502364 0.04070874162 0)
(-0.03629302176 0.04276266824 0)
(-0.04185265033 0.04438888347 0)
(-0.04753777754 0.04560191467 0)
(-0.05330514938 0.04641633573 0)
(-0.05911383611 0.04684582322 0)
(-0.06492473772 0.04690254256 0)
(-0.07070015261 0.04659683388 0)
(-0.07640341239 0.04593716165 0)
(-0.08199858496 0.04493028729 0)
(-0.08745024635 0.04358162268 0)
(-0.09272332098 0.04189572192 0)
(-0.09778298862 0.0398768709 0)
(-0.1025946556 0.03752973697 0)
(-0.1071239876 0.0348600452 0)
(-0.1113369994 0.03187525229 0)
(-0.115200201 0.02858519341 0)
(-0.1186807938 0.02500268216 0)
(-0.1217469171 0.02114404694 0)
(-0.1243679423 0.01702959073 0)
(-0.1265148122 0.01268396304 0)
(-0.128160427 0.008136434689 0)
(-0.1292800698 0.003421066222 0)
(-0.1298518786 -0.00142323779 0)
(-0.1298573662 -0.00635279413 0)
(-0.1292819444 -0.0113193394 0)
(-0.1281155038 -0.01627037862 0)
(-0.1263530046 -0.02114967761 0)
(-0.123995063 -0.02589790938 0)
(-0.1210485253 -0.03045346124 0)
(-0.1175270029 -0.03475340356 0)
(-0.113451345 -0.03873461652 0)
(-0.1088500176 -0.04233506482 0)
(-0.1037593571 -0.04549520298 0)
(-0.09822366812 -0.04815948571 0)
(-0.0922951318 -0.05027794897 0)
(-0.08603349785 -0.05180781926 0)
(-0.07950553765 -0.05271510081 0)
(-0.07278424442 -0.0529760854 0)
(-0.06594777699 -0.05257872592 0)
(-0.0590781567 -0.05152381612 0)
(-0.05225974063 -0.04982592278 0)
(-0.04557750883 -0.04751402559 0)
(-0.03911521689 -0.04463183212 0)
(-0.03295347714 -0.04123775096 0)
(-0.02716784052 -0.03740452317 0)
(-0.02182695645 -0.03321852991 0)
(-0.01699088738 -0.0287788094 0)
(-0.01270965599 -0.02419582783 0)
(-0.009022111537 -0.01959005584 0)
(-0.005955095172 -0.01509040427 0)
(-0.003522513792 -0.01083253806 0)
(-0.001725588308 -0.006956976714 0)
(-0.0005652332428 -0.00360728567 0)
(-2.382815809e-05 -0.0009310673694 0)
(-6.904582357e-05 0.003391160193 0)
(-0.001062115772 0.009931863488 0)
(-0.002953907448 0.01613443618 0)
(-0.005634379607 0.02192101848 0)
(-0.008978550606 0.02723952216 0)
(-0.01289534832 0.03205693408 0)
(-0.01730207267 0.03635574238 0)
(-0.0221229963 0.04013076855 0)
(-0.02728958494 0.04338615654 0)
(-0.03273973755 0.04613266511 0)
(-0.0384169177 0.04838531223 0)
(-0.04426935276 0.05016138693 0)
(-0.05024927821 0.05147883628 0)
(-0.05631223244 0.05235502463 0)
(-0.06241641349 0.05280585133 0)
(-0.06852210449 0.05284520333 0)
(-0.07459117202 0.05248471115 0)
(-0.08058663992 0.05173377032 0)
(-0.08647233924 0.05059978657 0)
(-0.09221263337 0.04908860102 0)
(-0.09777221653 0.0472050518 0)
(-0.1031159822 0.0449536307 0)
(-0.1082089584 0.04233919656 0)
(-0.1130163051 0.03936771187 0)
(-0.1175033708 0.03604697342 0)
(-0.1216358049 0.03238731315 0)
(-0.1253797234 0.02840224958 0)
(-0.1287019262 0.02410907423 0)
(-0.131570166 0.01952936044 0)
(-0.133953469 0.01468938407 0)
(-0.1358225078 0.00962044671 0)
(-0.1371500265 0.004359092107 0)
(-0.1379113171 -0.001052793539 0)
(-0.1380847736 -0.006568004255 0)
(-0.1376524438 -0.01213417032 0)
(-0.1366006695 -0.01769407868 0)
(-0.1349207546 -0.02318614788 0)
(-0.1326096444 -0.02854507275 0)
(-0.129670611 -0.03370265033 0)
(-0.1261139181 -0.0385887929 0)
(-0.1219574346 -0.04313272842 0)
(-0.1172271653 -0.04726438181 0)
(-0.1119576594 -0.05091592191 0)
(-0.1061922604 -0.0540234488 0)
(-0.09998315484 -0.05652878542 0)
(-0.09339118636 -0.05838132651 0)
(-0.0864854014 -0.05953988744 0)
(-0.07934230621 -0.05997448752 0)
(-0.07204482381 -0.05966799664 0)
(-0.06468095555 -0.05861757307 0)
(-0.05734216804 -0.05683582323 0)
(-0.05012154387 -0.05435162328 0)
(-0.04311175161 -0.05121055553 0)
(-0.03640290559 -0.04747493113 0)
(-0.03008039791 -0.04322339129 0)
(-0.02422279179 -0.03855010133 0)
(-0.01889986564 -0.03356357273 0)
(-0.0141708982 -0.02838516483 0)
(-0.01008329372 -0.02314732975 0)
(-0.006671522584 -0.01799167119 0)
(-0.003955929954 -0.01306685412 0)
(-0.001942845326 -0.008526288144 0)
(-0.0006383966162 -0.004525933333 0)
(-2.734851605e-05 -0.001225147643 0)
(-7.342869417e-05 0.003939590909 0)
(-0.001125547538 0.01144724346 0)
(-0.003127067229 0.01849610762 0)
(-0.005959548384 0.02501845159 0)
(-0.009488915018 0.03097202661 0)
(-0.01361743925 0.03633324587 0)
(-0.01825667326 0.04109340554 0)
(-0.02332598663 0.04525537525 0)
(-0.02875279314 0.04883051332 0)
(-0.03447172024 0.05183593136 0)
(-0.04042365204 0.05429214395 0)
(-0.04655483753 0.05622111012 0)
(-0.05281604324 0.05764466767 0)
(-0.05916175981 0.0585833527 0)
(-0.06554947601 0.05905558634 0)
(-0.07193902865 0.05907720245 0)
(-0.07829203299 0.05866128192 0)
(-0.08457139559 0.05781825367 0)
(-0.09074090951 0.05655621875 0)
(-0.09676492995 0.05488145226 0)
(-0.1026081267 0.05279903851 0)
(-0.1082353093 0.05031359717 0)
(-0.1136113205 0.04743006203 0)
(-0.1187009932 0.0441544788 0)
(-0.1234691663 0.04049479356 0)
(-0.1278807584 0.03646160874 0)
(-0.131900895 0.03206888818 0)
(-0.1354950912 0.02733459681 0)
(-0.1386294885 0.02228126339 0)
(-0.1412711503 0.01693645664 0)
(-0.1433884172 0.01133316581 0)
(-0.1449513241 0.00551007625 0)
(-0.1459320781 -0.0004882703358 0)
(-0.1463056417 -0.006611442656 0)
(-0.1460503112 -0.01280321437 0)
(-0.1451484147 -0.01900183592 0)
(-0.1435870601 -0.02514047347 0)
(-0.1413589113 -0.03114783181 0)
(-0.1384629939 -0.03694897998 0)
(-0.1349055004 -0.04246639159 0)
(-0.1307005624 -0.04762120556 0)
(-0.1258709527 -0.05233470554 0)
(-0.1204486759 -0.05653000642 0)
(-0.1144753975 -0.06013392444 0)
(-0.1080026671 -0.06307899391 0)
(-0.1010918865 -0.06530557985 0)
(-0.09381398177 -0.06676402197 0)
(-0.08624874679 -0.06741673364 0)
(-0.078483838 -0.06724017102 0)
(-0.07061341733 -0.06622658288 0)
(-0.06273645951 -0.06438545381 0)
(-0.05495476129 -0.06174456111 0)
(-0.04737071126 -0.05835058082 0)
(-0.04008489854 -0.05426919885 0)
(-0.03319365405 -0.04958470878 0)
(-0.02678662774 -0.04439910576 0)
(-0.02094450723 -0.03883071301 0)
(-0.0157369839 -0.03301240129 0)
(-0.01122108271 -0.02708947987 0)
(-0.007439829754 -0.02121735131 0)
(-0.004420752681 -0.01555899061 0)
(-0.00217582984 -0.01028218999 0)
(-0.0007168477746 -0.005556975511 0)
(-3.112362209e-05 -0.001556380207 0)
(-7.750545201e-05 0.004518862841 0)
(-0.001184584726 0.01304584816 0)
(-0.003288291157 0.02098478335 0)
(-0.006262453381 0.02827888972 0)
(-0.009964627616 0.0348966274 0)
(-0.01429098012 0.040824726 0)
(-0.01914778457 0.04606416876 0)
(-0.02444990291 0.05062671448 0)
(-0.03012102281 0.05453171847 0)
(-0.0360927682 0.05780335513 0)
(-0.04230366783 0.06046826438 0)
(-0.04869818563 0.06255361907 0)
(-0.05522579399 0.0640856072 0)
(-0.06184010189 0.06508831485 0)
(-0.06849805412 0.06558298732 0)
(-0.07515921104 0.06558763796 0)
(-0.08178511408 0.06511696697 0)
(-0.08833873899 0.06418254777 0)
(-0.0947840358 0.0627932348 0)
(-0.1010855529 0.06095574595 0)
(-0.1072081404 0.05867537393 0)
(-0.1131167285 0.05595678358 0)
(-0.1187761739 0.05280485696 0)
(-0.1241511706 0.04922555295 0)
(-0.1292062212 0.04522675408 0)
(-0.1339056637 0.04081907872 0)
(-0.1382137559 0.0360166417 0)
(-0.1420948157 0.03083775039 0)
(-0.1455134202 0.02530552625 0)
(-0.1484346686 0.01944844313 0)
(-0.1508245127 0.0133007742 0)
(-0.1526501597 0.006902937972 0)
(-0.1538805473 0.0003017322129 0)
(-0.1544869361 -0.006449554757 0)
(-0.154443537 -0.013291173 0)
(-0.1537282361 -0.02015709841 0)
(-0.1523234319 -0.02697541851 0)
(-0.1502169092 -0.03366891031 0)
(-0.1474027684 -0.04015584262 0)
(-0.1438823808 -0.04635102212 0)
(-0.1396653333 -0.05216709599 0)
(-0.1347703233 -0.05751611597 0)
(-0.1292259546 -0.06231135756 0)
(-0.1230713796 -0.06646937443 0)
(-0.1163567314 -0.06991225206 0)
(-0.1091432853 -0.07257000696 0)
(-0.1015032976 -0.07438306042 0)
(-0.09351947355 -0.07530469935 0)
(-0.08528403381 -0.07530342363 0)
(-0.07689736421 -0.07436507147 0)
(-0.06846625825 -0.07249461315 0)
(-0.06010178609 -0.06971751011 0)
(-0.05191685101 -0.06608055212 0)
(-0.04402351855 -0.06165210865 0)
(-0.03653022478 -0.05652176129 0)
(-0.02953898417 -0.05079931876 0)
(-0.02314272146 -0.04461325158 0)
(-0.01742285517 -0.03810861598 0)
(-0.0124472708 -0.03144456385 0)
(-0.008268661339 -0.02479155694 0)
(-0.004922671815 -0.0183283759 0)
(-0.002427667055 -0.01223888826 0)
(-0.0008017737274 -0.006709052035 0)
(-3.524541502e-05 -0.001927663796 0)
(-8.12543843e-05 0.00512669706 0)
(-0.001238933948 0.01472155325 0)
(-0.003436787049 0.02359119973 0)
(-0.006541608554 0.03169059744 0)
(-0.01040334601 0.03899971995 0)
(-0.01491263185 0.04551642626 0)
(-0.01997095103 0.0512521862 0)
(-0.02548907261 0.05622841444 0)
(-0.03138730166 0.06047318132 0)
(-0.03759454192 0.06401838182 0)
(-0.04404720313 0.06689737076 0)
(-0.05068816664 0.06914305209 0)
(-0.05746579103 0.0707864078 0)
(-0.06433297221 0.07185544575 0)
(-0.07124627587 0.07237453816 0)
(-0.07816515321 0.07236411542 0)
(-0.0850512456 0.07184067377 0)
(-0.09186778024 0.07081705079 0)
(-0.09857905545 0.06930292026 0)
(-0.1051500122 0.06730545761 0)
(-0.1115458865 0.06483012898 0)
(-0.1177319373 0.06188156068 0)
(-0.123673243 0.05846445081 0)
(-0.1293345619 0.05458449079 0)
(-0.1346802522 0.05024927077 0)
(-0.1396742494 0.04546914862 0)
(-0.1442800998 0.04025806772 0)
(-0.1484610534 0.0346343123 0)
(-0.1521802179 0.02862119219 0)
(-0.1554007822 0.02224764987 0)
(-0.1580863139 0.01554878249 0)
(-0.1602011398 0.008566269628 0)
(-0.1617108084 0.001348694842 0)
(-0.1625826835 -0.006048250811 0)
(-0.1627866132 -0.0135617032 0)
(-0.1622956721 -0.02112171837 0)
(-0.1610870819 -0.02865157184 0)
(-0.1591431797 -0.03606826673 0)
(-0.1564524723 -0.04328328578 0)
(-0.1530107457 -0.05020361663 0)
(-0.1488221943 -0.05673307216 0)
(-0.1439005252 -0.06277391911 0)
(-0.1382699859 -0.06822881669 0)
(-0.1319662516 -0.07300305095 0)
(-0.1250371052 -0.07700703203 0)
(-0.1175428378 -0.08015899999 0)
(-0.109556301 -0.08238786258 0)
(-0.1011625483 -0.08363606645 0)
(-0.09245801688 -0.08386238492 0)
(-0.08354922163 -0.08304449176 0)
(-0.07455095784 -0.08118118537 0)
(-0.0655840409 -0.07829413195 0)
(-0.05677264238 -0.07442901156 0)
(-0.04824131492 -0.06965597755 0)
(-0.04011182529 -0.06406937559 0)
(-0.03249993564 -0.05778671198 0)
(-0.02551228147 -0.05094690624 0)
(-0.01924350012 -0.04370790687 0)
(-0.01377377747 -0.03624378773 0)
(-0.009166798736 -0.02874147468 0)
(-0.005467481913 -0.02139722892 0)
(-0.002701540494 -0.01441288 0)
(-0.0008943807145 -0.007992370236 0)
(-3.980616358e-05 -0.002342504355 0)
(-8.465101153e-05 0.005760659709 0)
(-0.001288283129 0.01646783029 0)
(-0.003571727744 0.02630548479 0)
(-0.006795482717 0.03524105892 0)
(-0.01080268142 0.04326677186 0)
(-0.01547901467 0.050392343 0)
(-0.02072168389 0.05664044593 0)
(-0.02643779241 0.06204284108 0)
(-0.03254461598 0.06663696511 0)
(-0.0389686289 0.07046303666 0)
(-0.04564436337 0.07356167327 0)
(-0.0525133232 0.07597199785 0)
(-0.05952293392 0.0777302119 0)
(-0.06662554507 0.07886860788 0)
(-0.07377750456 0.07941498604 0)
(-0.08093831692 0.07939243526 0)
(-0.08806989186 0.07881943174 0)
(-0.09513588521 0.0777102059 0)
(-0.1021011309 0.07607532606 0)
(-0.1089311598 0.07392244809 0)
(-0.1155918006 0.07125718286 0)
(-0.1220488547 0.06808403769 0)
(-0.1282678399 0.06440739425 0)
(-0.1342137977 0.06023249148 0)
(-0.1398511582 0.0555663891 0)
(-0.1451436623 0.05041889376 0)
(-0.1500543408 0.04480343473 0)
(-0.1545455527 0.03873788087 0)
(-0.1585790884 0.0322452923 0)
(-0.162116345 0.02535460188 0)
(-0.1651185833 0.01810122028 0)
(-0.1675472754 0.01052755628 0)
(-0.1693645454 0.002683439141 0)
(-0.1705337489 -0.00537357056 0)
(-0.1710201764 -0.01357799584 0)
(-0.1707917999 -0.02185642572 0)
(-0.1698202623 -0.0301276963 0)
(-0.1680819362 -0.03830330051 0)
(-0.1655590962 -0.04628805856 0)
(-0.1622411836 -0.05398109029 0)
(-0.1581261254 -0.06127712217 0)
(-0.1532216637 -0.06806815289 0)
(-0.1475466374 -0.07424548968 0)
(-0.1411321475 -0.07970215013 0)
(-0.1340225268 -0.08433560263 0)
(-0.1262760297 -0.08805079323 0)
(-0.117965154 -0.09076337876 0)
(-0.1091765141 -0.09240305802 0)
(-0.1000101952 -0.09291686685 0)
(-0.09057854244 -0.09227228272 0)
(-0.08100436309 -0.09045997298 0)
(-0.07141855943 -0.0874960209 0)
(-0.06195724801 -0.08342347776 0)
(-0.05275846127 -0.07831311765 0)
(-0.04395856499 -0.07226331331 0)
(-0.03568855338 -0.0653990042 0)
(-0.02807039872 -0.05786978585 0)
(-0.0212136431 -0.0498472073 0)
(-0.01521243695 -0.0415214167 0)
(-0.01014302628 -0.03309734136 0)
(-0.006061008313 -0.02479057171 0)
(-0.003000659592 -0.01682297825 0)
(-0.0009958859119 -0.009418725001 0)
(-4.489881146e-05 -0.002805021681 0)
(-8.766938925e-05 0.006418154674 0)
(-0.001332313231 0.0182777361 0)
(-0.003692277712 0.02911715155 0)
(-0.007022542345 0.03891697876 0)
(-0.01116025674 0.0476823306 0)
(-0.01598677973 0.05543542838 0)
(-0.02139554494 0.06221077892 0)
(-0.02729042328 0.06805109798 0)
(-0.03358601721 0.0730037703 0)
(-0.04020666276 0.0771178844 0)
(-0.0470852545 0.08044182451 0)
(-0.05416212059 0.08302138896 0)
(-0.06138392946 0.08489840425 0)
(-0.06870264504 0.08610979982 0)
(-0.07607455186 0.08668710247 0)
(-0.08345936292 0.08665630425 0)
(-0.09081941732 0.08603805266 0)
(-0.09811897016 0.08484810958 0)
(-0.1053235733 0.08309802415 0)
(-0.1123995426 0.08079596664 0)
(-0.1193135067 0.07794767381 0)
(-0.1260320283 0.07455746171 0)
(-0.1325212938 0.07062926867 0)
(-0.1387468639 0.06616769844 0)
(-0.1446734814 0.06117904098 0)
(-0.1502649347 0.055672255 0)
(-0.1554839772 0.04965990203 0)
(-0.160292307 0.04315902603 0)
(-0.1646506115 0.0361919749 0)
(-0.1685186881 0.02878716075 0)
(-0.1718556502 0.0209797548 0)
(-0.1746202317 0.0128123094 0)
(-0.1767711946 0.004335293795 0)
(-0.1782678753 -0.004392472623 0)
(-0.1790709155 -0.01330349647 0)
(-0.1791429912 -0.02232145832 0)
(-0.1784498551 -0.03136124575 0)
(-0.1769614739 -0.04032923315 0)
(-0.1746533067 -0.04912383499 0)
(-0.1715077184 -0.05763638737 0)
(-0.1675154893 -0.06575240306 0)
(-0.1626773782 -0.07335323745 0)
(-0.1570056775 -0.08031819097 0)
(-0.1505256875 -0.08652705513 0)
(-0.1432770198 -0.09186308569 0)
(-0.1353146288 -0.09621635631 0)
(-0.1267094684 -0.09948741269 0)
(-0.117548666 -0.1015911112 0)
(-0.1079351219 -0.1024604912 0)
(-0.09798645882 -0.1020505017 0)
(-0.08783328078 -0.1003413806 0)
(-0.07761673828 -0.09734148218 0)
(-0.06748544724 -0.09308935451 0)
(-0.05759185841 -0.08765490079 0)
(-0.04808822319 -0.08113950523 0)
(-0.03912234159 -0.07367506663 0)
(-0.03083330287 -0.06542195658 0)
(-0.02334744734 -0.05656599375 0)
(-0.01677480146 -0.04731459803 0)
(-0.01120601253 -0.03789235242 0)
(-0.006709044985 -0.02853619395 0)
(-0.003328234425 -0.0194903071 0)
(-0.001107511936 -0.01100150442 0)
(-5.061752271e-05 -0.003319953236 0)
(-9.028339144e-05 0.007096422729 0)
(-0.001370711229 0.02014391612 0)
(-0.003797623995 0.0320151092 0)
(-0.007221303366 0.04270430124 0)
(-0.01147377946 0.05223004912 0)
(-0.01643270236 0.06062761814 0)
(-0.02198825902 0.06794388347 0)
(-0.02804152121 0.07423304111 0)
(-0.03450477064 0.07955293312 0)
(-0.04130049031 0.08396200514 0)
(-0.0483601696 0.08751686662 0)
(-0.0556231544 0.09027041522 0)
(-0.06303552269 0.09227048687 0)
(-0.07054900371 0.0935589892 0)
(-0.07811996291 0.09417147112 0)
(-0.08570846688 0.09413707589 0)
(-0.09327743579 0.09347882179 0)
(-0.1007918864 0.09221415209 0)
(-0.1082182644 0.09035569627 0)
(-0.1155238621 0.08791218703 0)
(-0.1226763152 0.0848894823 0)
(-0.1296431715 0.08129164775 0)
(-0.136391525 0.07712206323 0)
(-0.1428877092 0.07238452433 0)
(-0.1490970455 0.06708431879 0)
(-0.1549836459 0.06122926419 0)
(-0.1605102694 0.05483069959 0)
(-0.1656382378 0.04790442806 0)
(-0.1703274171 0.04047160916 0)
(-0.1745362749 0.03255960099 0)
(-0.1782220263 0.02420274967 0)
(-0.1813408846 0.01544312059 0)
(-0.183848421 0.006331158345 0)
(-0.1857000596 -0.003073743471 0)
(-0.1868518206 -0.01270276741 0)
(-0.1872610126 -0.02247735355 0)
(-0.1868873007 -0.03230906061 0)
(-0.1856939077 -0.0420996809 0)
(-0.1836489784 -0.05174163695 0)
(-0.1807271274 -0.06111872852 0)
(-0.1769111326 -0.07010728934 0)
(-0.1721937331 -0.07857780678 0)
(-0.1665794721 -0.08639704676 0)
(-0.1600865066 -0.09343070803 0)
(-0.1527482854 -0.09954660401 0)
(-0.1446149816 -0.1046183369 0)
(-0.1357545528 -0.1085293886 0)
(-0.1262532988 -0.1111775088 0)
(-0.1162157913 -0.1124792344 0)
(-0.1057640714 -0.1123743354 0)
(-0.09503604099 -0.1108299477 0)
(-0.08418301984 -0.1078441392 0)
(-0.07336649981 -0.103448658 0)
(-0.06275418693 -0.0977106411 0)
(-0.05251548776 -0.09073311168 0)
(-0.0428166506 -0.08265416975 0)
(-0.03381581044 -0.07364487018 0)
(-0.02565821571 -0.06390587877 0)
(-0.01847194822 -0.0536630932 0)
(-0.01236419777 -0.04316250315 0)
(-0.007417298276 -0.03266457217 0)
(-0.003687454367 -0.02243826997 0)
(-0.001230482962 -0.01275568368 0)
(-5.705834198e-05 -0.003892656198 0)
(-9.246803904e-05 0.007792547692 0)
(-0.001403184199 0.02205862411 0)
(-0.003887010661 0.03498769543 0)
(-0.007390390269 0.04658825311 0)
(-0.01174112684 0.05689273503 0)
(-0.01681379327 0.06594988226 0)
(-0.02249585039 0.07381937171 0)
(-0.02868599807 0.08056731495 0)
(-0.03529454016 0.08626244526 0)
(-0.04224238026 0.0909729918 0)
(-0.04945982233 0.09476420133 0)
(-0.05688541016 0.09769646155 0)
(-0.06446478467 0.09982398082 0)
(-0.0721495781 0.101193975 0)
(-0.07989636825 0.1018463079 0)
(-0.08766570807 0.101813526 0)
(-0.09542123906 0.1011212269 0)
(-0.103128892 0.09978869829 0)
(-0.1107561745 0.09782976508 0)
(-0.1182715413 0.09525378779 0)
(-0.1256438413 0.09206675901 0)
(-0.1328418338 0.08827245345 0)
(-0.1398337685 0.08387359544 0)
(-0.1465870207 0.0788730167 0)
(-0.1530677806 0.07327478594 0)
(-0.159240793 0.06708529967 0)
(-0.1650691488 0.06031432964 0)
(-0.170514134 0.05297602706 0)
(-0.175535142 0.04508988582 0)
(-0.1800896618 0.03668166702 0)
(-0.1841333539 0.02778428555 0)
(-0.1876202345 0.01843865517 0)
(-0.1905029748 0.008694481208 0)
(-0.1927333267 -0.001389019248 0)
(-0.1942628457 -0.01174248593 0)
(-0.1950435459 -0.02228590008 0)
(-0.1950289498 -0.03292824689 0)
(-0.19417533 -0.04356743149 0)
(-0.1924431344 -0.05409047681 0)
(-0.1897986464 -0.06437408704 0)
(-0.1862158449 -0.07428565189 0)
(-0.1816784299 -0.08368476262 0)
(-0.1761819579 -0.09242530266 0)
(-0.1697360065 -0.1003581584 0)
(-0.1623662659 -0.107334569 0)
(-0.1541164285 -0.1132100983 0)
(-0.1450497291 -0.1178491634 0)
(-0.135249977 -0.1211300037 0)
(-0.1248219204 -0.1229499133 0)
(-0.1138907967 -0.1232305067 0)
(-0.1026009582 -0.1219227389 0)
(-0.0911135065 -0.1190113693 0)
(-0.0796029408 -0.1145185559 0)
(-0.06825289745 -0.1085062846 0)
(-0.05725114256 -0.1010773962 0)
(-0.04678405163 -0.09237505873 0)
(-0.03703086794 -0.08258064276 0)
(-0.02815807687 -0.07191008044 0)
(-0.02031428007 -0.06060891412 0)
(-0.01362568016 -0.04894636044 0)
(-0.008191331593 -0.03720874316 0)
(-0.004081468045 -0.02569249227 0)
(-0.00136602157 -0.01469780842 0)
(-6.431994663e-05 -0.004529108302 0)
(-9.420082791e-05 0.008503470069 0)
(-0.001429474291 0.02401375946 0)
(-0.003959776206 0.03802273285 0)
(-0.007528601256 0.05055341356 0)
(-0.01196044119 0.06165242826 0)
(-0.01712742444 0.071382304 0)
(-0.02291479901 0.07981584366 0)
(-0.02921930755 0.08703141563 0)
(-0.03594960345 0.09310900025 0)
(-0.04302526753 0.09812697465 0)
(-0.05037562087 0.102159588 0)
(-0.05793856825 0.1052750755 0)
(-0.06565945038 0.10753436 0)
(-0.07348992428 0.1089902849 0)
(-0.08138689639 0.1096873192 0)
(-0.08931152464 0.1096616698 0)
(-0.09722829905 0.1089417327 0)
(-0.1051042054 0.1075488175 0)
(-0.1129079716 0.105498078 0)
(-0.1206093943 0.1027995883 0)
(-0.1281787378 0.09945951149 0)
(-0.135586201 0.09548131432 0)
(-0.1428014435 0.09086699303 0)
(-0.149793165 0.0856182844 0)
(-0.1565287354 0.07973784574 0)
(-0.1629738718 0.07323039579 0)
(-0.1690923643 0.06610381527 0)
(-0.1748458561 0.05837021012 0)
(-0.180193683 0.05004694315 0)
(-0.1850927862 0.04115763986 0)
(-0.1894977105 0.03173317169 0)
(-0.1933607096 0.0218126163 0)
(-0.1966319693 0.01144418681 0)
(-0.1992599582 0.0006861108512 0)
(-0.2011920388 -0.01039255967 0)
(-0.2023752013 -0.02171123817 0)
(-0.2027569229 -0.03317723446 0)
(-0.2022864805 -0.04468542901 0)
(-0.2009163943 -0.05611823336 0)
(-0.1986041675 -0.0673459175 0)
(-0.1953142855 -0.07822740006 0)
(-0.1910204502 -0.08861159275 0)
(-0.1857079999 -0.09833938529 0)
(-0.1793764406 -0.1072463433 0)
(-0.1720419801 -0.1151661658 0)
(-0.1637399279 -0.1219349096 0)
(-0.1545267936 -0.1273959379 0)
(-0.1444818932 -0.1314054843 0)
(-0.1337082655 -0.1338386535 0)
(-0.1223327058 -0.1345956064 0)
(-0.1105047524 -0.1336076092 0)
(-0.09839451498 -0.1308425771 0)
(-0.08618930646 -0.1263097185 0)
(-0.07408913201 -0.1200628993 0)
(-0.06230119311 -0.1122024015 0)
(-0.05103366109 -0.1028748445 0)
(-0.04048905737 -0.09227117174 0)
(-0.03085764598 -0.08062275787 0)
(-0.02231131083 -0.06819585545 0)
(-0.01499809396 -0.05528476009 0)
(-0.009036506834 -0.04220412934 0)
(-0.004513362387 -0.0292807376 0)
(-0.001515345508 -0.01684596765 0)
(-7.250442724e-05 -0.005235907655 0)
(-9.54631072e-05 0.009226008585 0)
(-0.00144937452 0.0260009237 0)
(-0.004015393423 0.0411076118 0)
(-0.007634978438 0.05458381473 0)
(-0.01213023345 0.06649051098 0)
(-0.01737146743 0.07690419158 0)
(-0.02324221351 0.08591099371 0)
(-0.02963765238 0.09360178587 0)
(-0.03646509279 0.1000680715 0)
(-0.04364302765 0.1053986776 0)
(-0.05109997635 0.1096771743 0)
(-0.0587733476 0.1129799694 0)
(-0.06660829969 0.1153750217 0)
(-0.07455661851 0.1169211117 0)
(-0.0825756389 0.1176676035 0)
(-0.09062722705 0.117654627 0)
(-0.0986768347 0.1169136077 0)
(-0.1066926309 0.1154680714 0)
(-0.1146447119 0.113334654 0)
(-0.1225043869 0.1105242528 0)
(-0.1302435332 0.1070432633 0)
(-0.1378340155 0.1028948556 0)
(-0.1452471612 0.09808025556 0)
(-0.1524532867 0.09260000566 0)
(-0.1594212693 0.0864551922 0)
(-0.1661181634 0.07964863261 0)
(-0.1725088617 0.07218602509 0)
(-0.1785558048 0.06407706692 0)
(-0.1842187465 0.05533655053 0)
(-0.1894545864 0.04598544647 0)
(-0.1942172834 0.03605198033 0)
(-0.1984578711 0.02557270619 0)
(-0.2021245902 0.01459357201 0)
(-0.205163144 0.00317095987 0)
(-0.2075171901 -0.008627318132 0)
(-0.2091290783 -0.02072108052 0)
(-0.2099405435 -0.033016998 0)
(-0.2098940079 -0.04540796083 0)
(-0.2089340216 -0.05777276562 0)
(-0.2070090331 -0.0699761527 0)
(-0.2040734898 -0.0818693151 0)
(-0.2000902479 -0.09329099321 0)
(-0.1950332566 -0.1040692683 0)
(-0.1888904506 -0.1140241588 0)
(-0.1816667462 -0.122971101 0)
(-0.1733869963 -0.1307253568 0)
(-0.1640987207 -0.1371073355 0)
(-0.1538743929 -0.1419487443 0)
(-0.142813039 -0.145099394 0)
(-0.1310409051 -0.1464343943 0)
(-0.1187109646 -0.1458613788 0)
(-0.1060010908 -0.1433273255 0)
(-0.09311079981 -0.1388244903 0)
(-0.08025657668 -0.1323949648 0)
(-0.0676659246 -0.1241334201 0)
(-0.05557040534 -0.1141876994 0)
(-0.04419805401 -0.1027570782 0)
(-0.03376565066 -0.09008820086 0)
(-0.02447142758 -0.07646891327 0)
(-0.01648847419 -0.06222042245 0)
(-0.009957918867 -0.04768831151 0)
(-0.004986138812 -0.03323279516 0)
(-0.001679663725 -0.01921975515 0)
(-8.171808029e-05 -0.006020271301 0)
(-9.624144964e-05 0.009956889963 0)
(-0.00146274517 0.02801149715 0)
(-0.004053511311 0.04422940144 0)
(-0.007708882229 0.0586630754 0)
(-0.01224949383 0.07138785329 0)
(-0.01754444188 0.08249422657 0)
(-0.023476018 0.09208175364 0)
(-0.02993820896 0.100253946 0)
(-0.03683725718 0.1071140259 0)
(-0.04409077598 0.1127615102 0)
(-0.05162663962 0.1172895634 0)
(-0.05938188104 0.1207830597 0)
(-0.06730157352 0.1233172974 0)
(-0.07533771729 0.1249572952 0)
(-0.08344815843 0.1257576019 0)
(-0.09159555913 0.1257625409 0)
(-0.09974643187 0.1250068112 0)
(-0.1078702445 0.1235163672 0)
(-0.1159385981 0.1213095029 0)
(-0.1239244759 0.118398074 0)
(-0.1318015586 0.1147887995 0)
(-0.1395435992 0.1104845969 0)
(-0.1471238513 0.1054859143 0)
(-0.154514545 0.09979203907 0)
(-0.1616864046 0.09340236705 0)
(-0.1686082065 0.08631763291 0)
(-0.1752463776 0.07854110385 0)
(-0.1815646357 0.0700797475 0)
(-0.1875236806 0.06094538638 0)
(-0.1930809436 0.05115585171 0)
(-0.1981904109 0.04073614744 0)
(-0.2028025396 0.02971963112 0)
(-0.2068642874 0.0181492113 0)
(-0.2103192568 0.006078547406 0)
(-0.2131080434 -0.006426768911 0)
(-0.2151689251 -0.01928803054 0)
(-0.2164383988 -0.03241241721 0)
(-0.2168523873 -0.04569202925 0)
(-0.216347647 -0.05900325704 0)
(-0.2148635147 -0.07220647387 0)
(-0.2123440562 -0.08514619322 0)
(-0.2087406046 -0.09765182739 0)
(-0.2040146717 -0.1095391898 0)
(-0.198141179 -0.1206128814 0)
(-0.1911119164 -0.1306696844 0)
(-0.1829390835 -0.1395030523 0)
(-0.1736587184 -0.1469087272 0)
(-0.1633337675 -0.1526914337 0)
(-0.1520565089 -0.1566724996 0)
(-0.1399500241 -0.1586981327 0)
(-0.1271684157 -0.1586479644 0)
(-0.1138955163 -0.1564433586 0)
(-0.100341915 -0.1520549033 0)
(-0.08674025354 -0.1455084698 0)
(-0.07333889279 -0.1368892579 0)
(-0.06039422158 -0.1263433484 0)
(-0.04816202989 -0.1140764626 0)
(-0.03688851498 -0.100349861 0)
(-0.02680162372 -0.08547357884 0)
(-0.01810310292 -0.06979747776 0)
(-0.01096031989 -0.05370074273 0)
(-0.005502684876 -0.03758033444 0)
(-0.001860171032 -0.02184021753 0)
(-9.207215107e-05 -0.00689003204 0)
(-9.652905689e-05 0.01069278721 0)
(-0.001469530747 0.03003673685 0)
(-0.004073998694 0.04737499074 0)
(-0.007750069251 0.06277457016 0)
(-0.01231780828 0.07632499731 0)
(-0.01764567257 0.08813065171 0)
(-0.02361515022 0.09830447524 0)
(-0.03011936638 0.1069626642 0)
(-0.0370637415 0.1142202762 0)
(-0.04436518664 0.1201876987 0)
(-0.05195105998 0.1249679208 0)
(-0.05975811507 0.1286545494 0)
(-0.06773141658 0.1313305086 0)
(-0.07582324635 0.1330673506 0)
(-0.08399202832 0.1339251007 0)
(-0.09220129396 0.133952555 0)
(-0.1004187022 0.1331879446 0)
(-0.1086151231 0.1316598841 0)
(-0.1167637879 0.1293885254 0)
(-0.1248395058 0.1263868455 0)
(-0.1328179427 0.1226620102 0)
(-0.1406749564 0.1182167631 0)
(-0.1483859819 0.1130508076 0)
(-0.1559254609 0.1071621574 0)
(-0.1632663096 0.1005484458 0)
(-0.1703794232 0.09320819309 0)
(-0.1772332138 0.08514203958 0)
(-0.1837931862 0.07635395599 0)
(-0.1900215547 0.06685244871 0)
(-0.1958769102 0.05665177558 0)
(-0.2013139505 0.04577318748 0)
(-0.2062832905 0.03424620666 0)
(-0.2107313769 0.02210994705 0)
(-0.2146005109 0.009414467651 0)
(-0.217829024 -0.003777862252 0)
(-0.2203518757 -0.01739095245 0)
(-0.2221010373 -0.03133373584 0)
(-0.2230065219 -0.04549887466 0)
(-0.2229977161 -0.05976176678 0)
(-0.2220050437 -0.07397984331 0)
(-0.2199620981 -0.08799230298 0)
(-0.2168082459 -0.1016204433 0)
(-0.2124917071 -0.1146687602 0)
(-0.2069730823 -0.1269269967 0)
(-0.2002292522 -0.1381733132 0)
(-0.1922575146 -0.1481787244 0)
(-0.1830797618 -0.1567128932 0)
(-0.1727464287 -0.1635512845 0)
(-0.1613398844 -0.1684835699 0)
(-0.1489768953 -0.1713230282 0)
(-0.1358097742 -0.1719165332 0)
(-0.1220258596 -0.1701545664 0)
(-0.1078450526 -0.1659805637 0)
(-0.09351527012 -0.1593988349 0)
(-0.07930585551 -0.1504802959 0)
(-0.06549919557 -0.139365352 0)
(-0.05238099967 -0.1262634642 0)
(-0.04022989676 -0.1114492119 0)
(-0.02930719782 -0.09525499516 0)
(-0.01984733316 -0.07806089056 0)
(-0.01204803105 -0.06028239586 0)
(-0.006065739929 -0.04235672239 0)
(-0.002058040875 -0.02472978628 0)
(-0.0001036835075 -0.007853632692 0)
(-9.632713856e-05 0.01143036665 0)
(-0.001469777333 0.03206789635 0)
(-0.004076989281 0.05053126085 0)
(-0.007758773264 0.06690163587 0)
(-0.01233547992 0.08128238199 0)
(-0.01767545365 0.09379150102 0)
(-0.02365976911 0.1045551552 0)
(-0.0301809768 0.1137021684 0)
(-0.0371438788 0.1213594749 0)
(-0.04446482602 0.1276484576 0)
(-0.05207075991 0.1326821226 0)
(-0.0598982263 0.1365630508 0)
(-0.06789233762 0.1393820666 0)
(-0.0760057078 0.1412175467 0)
(-0.08419739134 0.1421352889 0)
(-0.09243185002 0.1421888513 0)
(-0.1006779641 0.1414202715 0)
(-0.1089080987 0.1398610764 0)
(-0.1170972311 0.1375334997 0)
(-0.1252221389 0.1344518319 0)
(-0.1332606465 0.1306238413 0)
(-0.141190925 0.1260522148 0)
(-0.1489908397 0.1207359852 0)
(-0.1566373375 0.1146719213 0)
(-0.1641058713 0.1078558733 0)
(-0.1713698544 0.100284072 0)
(-0.1784001455 0.09195439496 0)
(-0.1851645626 0.08286761253 0)
(-0.1916274303 0.07302863408 0)
(-0.1977491667 0.06244777506 0)
(-0.2034859192 0.05114206351 0)
(-0.2087892675 0.03913660216 0)
(-0.213606014 0.02646599698 0)
(-0.2178780728 0.01317585164 0)
(-0.2215424681 -0.0006756889549 0)
(-0.2245317417 -0.01501632646 0)
(-0.2267742844 -0.02975805999 0)
(-0.2281950258 -0.04479559788 0)
(-0.2287166734 -0.06000494554 0)
(-0.2282612265 -0.07524226948 0)
(-0.2267520159 -0.09034314207 0)
(-0.2241162948 -0.1051223521 0)
(-0.2202884096 -0.1193744828 0)
(-0.2152135549 -0.1328754778 0)
(-0.2088520647 -0.1453854251 0)
(-0.2011841276 -0.1566527688 0)
(-0.1922147362 -0.1664201149 0)
(-0.1819785919 -0.1744317099 0)
(-0.1705446015 -0.180442546 0)
(-0.1580195281 -0.184228881 0)
(-0.1445503176 -0.1855997647 0)
(-0.1303246303 -0.1844089604 0)
(-0.1155691709 -0.1805664646 0)
(-0.1005455563 -0.1740486933 0)
(-0.08554366156 -0.1649063653 0)
(-0.07087264378 -0.153269183 0)
(-0.05685011062 -0.139346617 0)
(-0.04379017669 -0.123424427 0)
(-0.03199141584 -0.1058569641 0)
(-0.02172538803 -0.08705577247 0)
(-0.01322483943 -0.06747533585 0)
(-0.006677853713 -0.04759679713 0)
(-0.002274415788 -0.0279121904 0)
(-0.0001166751859 -0.008920116738 0)
(-9.564630981e-05 0.01216634381 0)
(-0.001463650353 0.03409636818 0)
(-0.004062928085 0.05368528995 0)
(-0.007735788866 0.07102781712 0)
(-0.01230365495 0.08624061051 0)
(-0.01763521912 0.09945487377 0)
(-0.02361147017 0.1108097039 0)
(-0.03012461488 0.1204464016 0)
(-0.03707899252 0.1285037494 0)
(-0.04439049639 0.1351142028 0)
(-0.05198571922 0.1404009448 0)
(-0.05980104676 0.1444757533 0)
(-0.06778167721 0.1474376185 0)
(-0.07588059359 0.149372033 0)
(-0.08405752325 0.1503508695 0)
(-0.09227791107 0.1504327494 0)
(-0.1005119261 0.1496638074 0)
(-0.1087335151 0.1480787554 0)
(-0.1169195097 0.1457021577 0)
(-0.1250487906 0.1425498392 0)
(-0.1331015057 0.1386303597 0)
(-0.1410583397 0.133946504 0)
(-0.1488998275 0.1284967521 0)
(-0.1566057073 0.1222767057 0)
(-0.164154305 0.1152804649 0)
(-0.1715219473 0.1075019566 0)
(-0.1786823986 0.09893622626 0)
(-0.1856063202 0.08958071114 0)
(-0.1922607537 0.0794365182 0)
(-0.1986086319 0.06850972925 0)
(-0.2046083247 0.05681275745 0)
(-0.2102132332 0.04436577604 0)
(-0.2153714529 0.03119823607 0)
(-0.2200255196 0.01735048171 0)
(-0.2241122321 0.002875454699 0)
(-0.2275627803 -0.01215951249 0)
(-0.2303031106 -0.02767082245 0)
(-0.2322541374 -0.04355681349 0)
(-0.2333328517 -0.05969585425 0)
(-0.2334536311 -0.07594475318 0)
(-0.2325300967 -0.09213745649 0)
(-0.2304775971 -0.1080842496 0)
(-0.2272163736 -0.1235716911 0)
(-0.2226754479 -0.1383635407 0)
(-0.2167972239 -0.1522029687 0)
(-0.2095427276 -0.1648163346 0)
(-0.2008973189 -0.1759187902 0)
(-0.1908766005 -0.1852218861 0)
(-0.1795321375 -0.1924432293 0)
(-0.16695649 -0.1973180526 0)
(-0.1532869852 -0.1996123224 0)
(-0.1387076199 -0.1991367476 0)
(-0.1234485349 -0.1957607913 0)
(-0.1077826304 -0.1894255763 0)
(-0.092019124 -0.1801544633 0)
(-0.07649415502 -0.168060108 0)
(-0.06155888365 -0.1533470019 0)
(-0.04756590141 -0.136308868 0)
(-0.03485513638 -0.1173207932 0)
(-0.02374013407 -0.09682657194 0)
(-0.01449387944 -0.07532220798 0)
(-0.007341337255 -0.05333659165 0)
(-0.002510395242 -0.031412346 0)
(-0.000131176796 -0.01009911413 0)
(-9.450795806e-05 0.01289754848 0)
(-0.001451452752 0.03611384963 0)
(-0.004032619315 0.05682459177 0)
(-0.00768255816 0.0751371522 0)
(-0.01222445321 0.09118076178 0)
(-0.01752771924 0.105099254 0)
(-0.02347350783 0.1170442593 0)
(-0.02995384454 0.12716932 0)
(-0.03687270537 0.1356249802 0)
(-0.04414558494 0.1425548055 0)
(-0.05169876292 0.1480922935 0)
(-0.0594684899 0.1523586304 0)
(-0.06740007317 0.1554612357 0)
(-0.07544689285 0.1574930137 0)
(-0.08356938645 0.1585322236 0)
(-0.09173403211 0.1586428647 0)
(-0.09991235361 0.1578754766 0)
(-0.1080799634 0.1562682491 0)
(-0.1162156532 0.1538483499 0)
(-0.124300537 0.1506333867 0)
(-0.1323172447 0.1466329318 0)
(-0.1402491657 0.1418500598 0)
(-0.1480797343 0.1362828575 0)
(-0.1557917527 0.1299258854 0)
(-0.1633667438 0.1227715825 0)
(-0.1707843287 0.1148116188 0)
(-0.178021624 0.1060382069 0)
(-0.1850526536 0.09644539506 0)
(-0.1918477764 0.08603036472 0)
(-0.198373128 0.07479476043 0)
(-0.2045900827 0.06274607958 0)
(-0.2104547436 0.04989914757 0)
(-0.2159174789 0.03627770199 0)
(-0.2209225188 0.02191610308 0)
(-0.2254076004 0.00686117054 0)
(-0.2293038394 -0.008825855124 0)
(-0.2325359527 -0.0250671367 0)
(-0.2350221622 -0.04176625422 0)
(-0.2366749759 -0.05880580696 0)
(-0.2374022766 -0.07604534137 0)
(-0.237108898 -0.09331945933 0)
(-0.2356988996 -0.1104363328 0)
(-0.2330786096 -0.1271768764 0)
(-0.2291605245 -0.1432948763 0)
(-0.2238681063 -0.158518421 0)
(-0.2171414524 -0.1725530031 0)
(-0.2089437142 -0.1850866553 0)
(-0.1992680157 -0.1957974201 0)
(-0.1881444799 -0.2043633301 0)
(-0.175646821 -0.2104748748 0)
(-0.1618978331 -0.2138496564 0)
(-0.1470730225 -0.2142486093 0)
(-0.1314016363 -0.2114928072 0)
(-0.1151644503 -0.2054795682 0)
(-0.0986879153 -0.1961963521 0)
(-0.08233461531 -0.183730896 0)
(-0.066490419 -0.1682762009 0)
(-0.05154918742 -0.1501293781 0)
(-0.0378964021 -0.1296839724 0)
(-0.02589282984 -0.1074161311 0)
(-0.01585749895 -0.08386563289 0)
(-0.00805820606 -0.05961300121 0)
(-0.00276702084 -0.03525621892 0)
(-0.0001473247449 -0.01140082088 0)
(-9.294564062e-05 0.013620999 0)
(-0.001433643829 0.03811253274 0)
(-0.003987276224 0.05993738923 0)
(-0.00760126106 0.0792145011 0)
(-0.01210110392 0.09608474773 0)
(-0.01735720361 0.1107038763 0)
(-0.02325102477 0.1232355461 0)
(-0.02967449207 0.1338452353 0)
(-0.03653125305 0.1426951183 0)
(-0.04373641478 0.1499398842 0)
(-0.05121594683 0.155723471 0)
(-0.05890596974 0.1601766842 0)
(-0.06675191331 0.163415641 0)
(-0.07470758024 0.1655409631 0)
(-0.08273415783 0.1666376202 0)
(-0.0907992125 0.1667753199 0)
(-0.09887569412 0.166009331 0)
(-0.1069409699 0.1643816336 0)
(-0.1149758999 0.161922294 0)
(-0.1229639614 0.1586509756 0)
(-0.1308904214 0.1545785144 0)
(-0.1387415583 0.1497084998 0)
(-0.1465039236 0.144038825 0)
(-0.1541636419 0.137563181 0)
(-0.1617057383 0.1302724875 0)
(-0.1691134881 0.1221562654 0)
(-0.1763677826 0.1132039634 0)
(-0.1834465031 0.1034062619 0)
(-0.1903239017 0.09275637996 0)
(-0.196969984 0.08125141564 0)
(-0.2033498958 0.06889375073 0)
(-0.2094233178 0.05569255047 0)
(-0.2151438808 0.04166538826 0)
(-0.2204586168 0.02684002176 0)
(-0.2253074335 0.01125633088 0)
(-0.2296227075 -0.005031581196 0)
(-0.2333293139 -0.02195297072 0)
(-0.2363442832 -0.0394182406 0)
(-0.2385771323 -0.05731614437 0)
(-0.2399306889 -0.07551119474 0)
(-0.2403023027 -0.09384116078 0)
(-0.239585798 -0.1121148364 0)
(-0.2376742673 -0.1301103476 0)
(-0.2344638356 -0.1475743262 0)
(-0.229858503 -0.1642223476 0)
(-0.2237761039 -0.1797410876 0)
(-0.216155324 -0.1937926764 0)
(-0.206963577 -0.2060216959 0)
(-0.196205371 -0.2160651621 0)
(-0.1839305998 -0.2235656316 0)
(-0.1702420094 -0.2281872681 0)
(-0.1553009379 -0.2296343099 0)
(-0.1393303707 -0.2276709282 0)
(-0.1226144153 -0.2221410163 0)
(-0.1054935327 -0.2129861005 0)
(-0.08835524809 -0.2002593887 0)
(-0.07162058657 -0.1841340703 0)
(-0.05572709771 -0.1649043843 0)
(-0.04111000375 -0.1429786761 0)
(-0.02818285324 -0.1188646009 0)
(-0.01731711174 -0.09314750046 0)
(-0.008830116334 -0.06646338808 0)
(-0.003045259062 -0.03947065659 0)
(-0.0001652622943 -0.01283597121 0)
(-9.100649726e-05 0.01433398623 0)
(-0.001410859063 0.04008531953 0)
(-0.003928573823 0.06301292478 0)
(-0.00749491072 0.08324591739 0)
(-0.01193808865 0.1009357175 0)
(-0.01712961237 0.116249139 0)
(-0.02295128945 0.1293612796 0)
(-0.02929492591 0.1404491973 0)
(-0.03606380136 0.1496865412 0)
(-0.04317259455 0.1572391303 0)
(-0.05054693593 0.1632614744 0)
(-0.05812280524 0.1678942201 0)
(-0.06584576509 0.1712624665 0)
(-0.07367007217 0.1734748742 0)
(-0.08155771474 0.174623465 0)
(-0.08947741684 0.1747840008 0)
(-0.09740364056 0.1740168217 0)
(-0.10531561 0.1723680279 0)
(-0.1131963721 0.1698708977 0)
(-0.1210319032 0.1665474458 0)
(-0.1288102637 0.1624100465 0)
(-0.1365207998 0.1574630592 0)
(-0.1441533887 0.1517044176 0)
(-0.1516977187 0.1451271558 0)
(-0.1591425997 0.1377208645 0)
(-0.1664752926 0.1294730801 0)
(-0.1736808524 0.1203706218 0)
(-0.1807414748 0.1104008994 0)
(-0.18763584 0.09955321879 0)
(-0.1943384485 0.08782011924 0)
(-0.2008189448 0.07519877434 0)
(-0.2070414281 0.0616924937 0)
(-0.2129637578 0.04731236007 0)
(-0.2185368676 0.03207903757 0)
(-0.2237040781 0.01602477516 0)
(-0.2284004233 -0.0008043825391 0)
(-0.2325524018 -0.01834603982 0)
(-0.2360775103 -0.03651891276 0)
(-0.238883985 -0.05521982922 0)
(-0.240871322 -0.0743205555 0)
(-0.2419310596 -0.09366469592 0)
(-0.2419482946 -0.1130646817 0)
(-0.2408040871 -0.1322991318 0)
(-0.2383789273 -0.151110931 0)
(-0.2345574384 -0.1692064652 0)
(-0.2292344389 -0.1862565488 0)
(-0.2223223884 -0.2018996418 0)
(-0.2137601019 -0.2157479695 0)
(-0.2035224182 -0.2273970856 0)
(-0.1916302714 -0.2364392382 0)
(-0.1781603581 -0.242480575 0)
(-0.1632533648 -0.2451617728 0)
(-0.1471195652 -0.24418111 0)
(-0.1300405943 -0.2393183974 0)
(-0.1123663905 -0.230457644 0)
(-0.09450671035 -0.2176059835 0)
(-0.07691722798 -0.2009063575 0)
(-0.0600810078 -0.1806418169 0)
(-0.04448702708 -0.1572300895 0)
(-0.03060741365 -0.13120821 0)
(-0.01887303984 -0.1032081563 0)
(-0.00965829596 -0.07392511876 0)
(-0.003345982132 -0.04408318609 0)
(-0.00018513946 -0.01441580097 0)
(-8.87527803e-05 0.01503416779 0)
(-0.001383931615 0.04202606436 0)
(-0.003858706026 0.06604180995 0)
(-0.007367456513 0.0872190664 0)
(-0.01174129433 0.1057185106 0)
(-0.01685277894 0.1217170646 0)
(-0.02258394449 0.1354006134 0)
(-0.02882634461 0.1469574152 0)
(-0.03548276671 0.1565724404 0)
(-0.04246736484 0.1644226613 0)
(-0.04970537071 0.1706733162 0)
(-0.05713260268 0.1754751425 0)
(-0.06469477211 0.1789625322 0)
(-0.0723466375 0.1812525309 0)
(-0.08005106236 0.1824445751 0)
(-0.08777802364 0.1826208456 0)
(-0.09550360762 0.1818471113 0)
(-0.1032090208 0.1801739375 0)
(-0.1108796346 0.1776381426 0)
(-0.1185040736 0.1742644041 0)
(-0.1260733539 0.1700669283 0)
(-0.133580069 0.165051122 0)
(-0.14101762 0.1592152208 0)
(-0.1483794844 0.1525518488 0)
(-0.1556585138 0.1450494991 0)
(-0.1628462526 0.1366939379 0)
(-0.1699322667 0.1274695491 0)
(-0.1769034729 0.1173606389 0)
(-0.1837434584 0.1063527319 0)
(-0.1904317821 0.09443389073 0)
(-0.196943249 0.081596097 0)
(-0.2032471533 0.06783673152 0)
(-0.2093064903 0.05316019556 0)
(-0.2150771466 0.03757971604 0)
(-0.2205070605 0.02111937374 0)
(-0.2255353215 0.003816380578 0)
(-0.2300915835 -0.0142763238 0)
(-0.2340955213 -0.03308712287 0)
(-0.2374559797 -0.05252275122 0)
(-0.2400710793 -0.07246449208 0)
(-0.2418285566 -0.09276451879 0)
(-0.2426067283 -0.1132421039 0)
(-0.2422763692 -0.1336799857 0)
(-0.2407037055 -0.153821239 0)
(-0.2377547712 -0.173367119 0)
(-0.2333013392 -0.1919764741 0)
(-0.2272285648 -0.2092674463 0)
(-0.2194443376 -0.2248222458 0)
(-0.2098901247 -0.2381957741 0)
(-0.1985528158 -0.2489287285 0)
(-0.1854767504 -0.2565655115 0)
(-0.1707747795 -0.2606767659 0)
(-0.1546369481 -0.2608856855 0)
(-0.1373352603 -0.2568964619 0)
(-0.1192231022 -0.2485224574 0)
(-0.1007282909 -0.2357110932 0)
(-0.08233940241 -0.2185622034 0)
(-0.06458598313 -0.1973368663 0)
(-0.04801439677 -0.172454564 0)
(-0.03316125777 -0.1444778839 0)
(-0.02052435109 -0.114085477 0)
(-0.01054347299 -0.08203503037 0)
(-0.003669948026 -0.04912177636 0)
(-0.0002071128255 -0.0161520018 0)
(-8.626355262e-05 0.01571967362 0)
(-0.001353916497 0.04392984599 0)
(-0.003780449588 0.06901641758 0)
(-0.007223898297 0.09112369301 0)
(-0.01151818114 0.1104201607 0)
(-0.01653664902 0.1270918082 0)
(-0.02216127038 0.1413346286 0)
(-0.02828307617 0.1533477131 0)
(-0.03480414132 0.1633272353 0)
(-0.0416379397 0.1714613925 0)
(-0.04870921744 0.1779263586 0)
(-0.05595360881 0.1828832594 0)
(-0.06331700675 0.1864761319 0)
(-0.07075474902 0.1888307873 0)
(-0.07823068557 0.1900544651 0)
(-0.08571618137 0.1902361493 0)
(-0.09318909782 0.1894474094 0)
(-0.1006327846 0.1877436309 0)
(-0.1080351042 0.1851655103 0)
(-0.1153875012 0.1817407078 0)
(-0.1226841235 0.1774855664 0)
(-0.1299209944 0.1724068313 0)
(-0.1370952327 0.1665033205 0)
(-0.1442043134 0.1597675192 0)
(-0.151245361 0.1521870853 0)
(-0.158214463 0.14374627 0)
(-0.1651059951 0.1344272654 0)
(-0.171911943 0.1242115028 0)
(-0.17862121 0.1130809309 0)
(-0.1852188974 0.1010193072 0)
(-0.1916855468 0.0880135417 0)
(-0.197996332 0.07405513522 0)
(-0.2041201976 0.05914175682 0)
(-0.2100189449 0.04327901091 0)
(-0.2156462571 0.02648244562 0)
(-0.2209466154 0.008779839515 0)
(-0.2258543938 -0.009786181831 0)
(-0.2302931119 -0.02915492101 0)
(-0.2341742273 -0.04924464437 0)
(-0.2373966178 -0.06994829942 0)
(-0.2398465044 -0.09112932237 0)
(-0.2413977675 -0.1126171052 0)
(-0.2419131693 -0.1342023616 0)
(-0.2412466998 -0.1556327242 0)
(-0.2392473591 -0.1766090413 0)
(-0.2357646912 -0.1967830157 0)
(-0.230656331 -0.2157570018 0)
(-0.2237977073 -0.2330869233 0)
(-0.2150938302 -0.2482893416 0)
(-0.204492791 -0.2608536346 0)
(-0.1920002038 -0.2702599824 0)
(-0.1776933841 -0.2760033387 0)
(-0.1617336438 -0.2776227982 0)
(-0.1443748059 -0.2747347872 0)
(-0.1259660165 -0.2670674498 0)
(-0.1069472602 -0.2544926646 0)
(-0.08783671264 -0.2370515798 0)
(-0.06921019286 -0.2149696042 0)
(-0.05167443476 -0.1886576147 0)
(-0.03583638094 -0.1586977209 0)
(-0.02226869924 -0.1258138345 0)
(-0.0114858057 -0.09082882559 0)
(-0.004017781115 -0.05461456425 0)
(-0.0002313453665 -0.01805666568 0)
(-8.363673676e-05 0.01638922446 0)
(-0.001322118907 0.04579327354 0)
(-0.003697238277 0.0719313219 0)
(-0.007070417328 0.09495214377 0)
(-0.0112779718 0.1150304542 0)
(-0.01619352307 0.1323602139 0)
(-0.02169847082 0.1471468618 0)
(-0.02768289357 0.1596000124 0)
(-0.03404782536 0.1699270035 0)
(-0.04070584312 0.1783274152 0)
(-0.04758109834 0.1849886462 0)
(-0.05460902722 0.1900825804 0)
(-0.06173576806 0.1937633109 0)
(-0.06891736101 0.1961658389 0)
(-0.07611880721 0.1974056269 0)
(-0.08331305062 0.1975788667 0)
(-0.09047993256 0.1967633116 0)
(-0.09760515536 0.1950195277 0)
(-0.1046792804 0.1923924287 0)
(-0.1116967752 0.1889129779 0)
(-0.1186551167 0.1845999604 0)
(-0.125553951 0.1794617544 0)
(-0.1323943056 0.1734980479 0)
(-0.1391778479 0.1667014707 0)
(-0.1459061786 0.1590591289 0)
(-0.1525801488 0.1505540406 0)
(-0.1591991896 0.1411664879 0)
(-0.1657606368 0.1308753053 0)
(-0.1722590392 0.1196591335 0)
(-0.1786854326 0.1074976735 0)
(-0.1850265657 0.09437298053 0)
(-0.1912640619 0.08027083975 0)
(-0.1973735067 0.06518227538 0)
(-0.2033234533 0.04910524639 0)
(-0.2090743411 0.0320465916 0)
(-0.2145772737 0.01402427255 0)
(-0.2197727909 -0.004930030737 0)
(-0.2245899221 -0.02476758232 0)
(-0.2289447271 -0.0454195343 0)
(-0.2327390805 -0.06679244323 0)
(-0.235860165 -0.08876354576 0)
(-0.2381800923 -0.1111755708 0)
(-0.2395563586 -0.1338311498 0)
(-0.2398333809 -0.156487127 0)
(-0.2388454781 -0.1788492129 0)
(-0.2364217149 -0.2005676327 0)
(-0.2323930073 -0.2212346567 0)
(-0.2266018061 -0.2403851335 0)
(-0.2189144821 -0.2575013135 0)
(-0.2092362235 -0.2720232971 0)
(-0.197527809 -0.2833662603 0)
(-0.1838230668 -0.2909451334 0)
(-0.1682452544 -0.2942065705 0)
(-0.1510201056 -0.2926668809 0)
(-0.1324830651 -0.285953203 0)
(-0.1130784201 -0.2738438468 0)
(-0.09334874779 -0.2563027261 0)
(-0.0739143874 -0.2335025063 0)
(-0.05544445263 -0.2058317782 0)
(-0.03862175782 -0.1738833292 0)
(-0.02410217617 -0.1384229527 0)
(-0.01248481958 -0.1003403989 0)
(-0.004389955583 -0.06058954639 0)
(-0.0002580064626 -0.0201422209 0)
(-8.099168643e-05 0.01704226578 0)
(-0.00129012881 0.04761483232 0)
(-0.00361325208 0.07478379395 0)
(-0.006914531221 0.09869994989 0)
(-0.01103187159 0.1195425448 0)
(-0.01583833182 0.1375124194 0)
(-0.02121398869 0.1528238678 0)
(-0.02704735307 0.1656968336 0)
(-0.03323796966 0.1763499151 0)
(-0.03969723976 0.1849943661 0)
(-0.04634859725 0.19182922 0)
(-0.05312728919 0.1970375893 0)
(-0.059979812 0.2007841127 0)
(-0.06686309644 0.2032134624 0)
(-0.07374353261 0.2044497806 0)
(-0.0805959089 0.2045968906 0)
(-0.087402322 0.2037391198 0)
(-0.09415109959 0.2019425735 0)
(-0.1008357633 0.1992567136 0)
(-0.1074540482 0.1957161159 0)
(-0.1140069868 0.1913423021 0)
(-0.1204980563 0.1861455686 0)
(-0.1269323868 0.1801267552 0)
(-0.1333160204 0.1732789201 0)
(-0.1396552114 0.1655889058 0)
(-0.1459557543 0.1570387942 0)
(-0.1522223249 0.1476072623 0)
(-0.1584578199 0.1372708599 0)
(-0.164662676 0.1260052358 0)
(-0.170834153 0.1137863477 0)
(-0.1769655598 0.1005916942 0)
(-0.183045407 0.08640161415 0)
(-0.1890564668 0.07120070415 0)
(-0.194974728 0.0549794137 0)
(-0.2007682377 0.03773588627 0)
(-0.2063957798 0.01947811175 0)
(-0.2118053758 0.0002264564877 0)
(-0.2169331308 -0.01998311714 0)
(-0.2217015901 -0.04109564623 0)
(-0.2260178891 -0.06303295413 0)
(-0.229772734 -0.08568834315 0)
(-0.23283936 -0.1089208918 0)
(-0.2350731303 -0.1325490094 0)
(-0.2363121246 -0.1563435129 0)
(-0.2363791084 -0.180020613 0)
(-0.2350853891 -0.2032354279 0)
(-0.2322370986 -0.225576941 0)
(-0.2276444124 -0.2465656387 0)
(-0.2211340673 -0.2656553608 0)
(-0.2125652461 -0.2822410901 0)
(-0.201848418 -0.2956743706 0)
(-0.1889660774 -0.3052876665 0)
(-0.1739935583 -0.3104281366 0)
(-0.1571173671 -0.3104999682 0)
(-0.1386479672 -0.3050126786 0)
(-0.1190238927 -0.2936309139 0)
(-0.09880467586 -0.2762196583 0)
(-0.07865146568 -0.2528779233 0)
(-0.05929639856 -0.2239543556 0)
(-0.04150310848 -0.1900400423 0)
(-0.02601918734 -0.151936666 0)
(-0.01353935808 -0.1106011005 0)
(-0.004786784443 -0.06707424197 0)
(-0.000287272339 -0.02242136129 0)
(-7.847261575e-05 0.01767912109 0)
(-0.001259864701 0.04939527839 0)
(-0.003533527992 0.07757436281 0)
(-0.006765282911 0.1023664802 0)
(-0.01079333101 0.1239536334 0)
(-0.01548895735 0.1425425084 0)
(-0.02072986338 0.1583558096 0)
(-0.02640216328 0.1716238064 0)
(-0.03240333259 0.1825766558 0)
(-0.0386432589 0.1914377685 0)
(-0.04504453424 0.1984183899 0)
(-0.05154226762 0.2037134664 0)
(-0.05808349782 0.2074987726 0)
(-0.06462632313 0.2099292013 0)
(-0.07113885633 0.2111380711 0)
(-0.0775980909 0.2112372793 0)
(-0.08398874355 0.2103181177 0)
(-0.09030211885 0.2084525769 0)
(-0.09653502605 0.205694978 0)
(-0.1026887646 0.2020837949 0)
(-0.1087681856 0.1976435551 0)
(-0.1147808276 0.1923867349 0)
(-0.1207361227 0.1863155872 0)
(-0.1266446606 0.1794238667 0)
(-0.132517502 0.1716984319 0)
(-0.1383655228 0.1631207232 0)
(-0.1441987772 0.1536681252 0)
(-0.1500258591 0.1433152336 0)
(-0.1558532459 0.1320350526 0)
(-0.1616846024 0.1198001558 0)
(-0.1675200253 0.1065838499 0)
(-0.1733552058 0.09236138459 0)
(-0.1791804874 0.07711126209 0)
(-0.1849798006 0.06081670603 0)
(-0.1907294603 0.0434673641 0)
(-0.1963967782 0.02506132454 0)
(-0.2019383943 0.005607522457 0)
(-0.2072988926 -0.01487128752 0)
(-0.2124089861 -0.03633475667 0)
(-0.2171832659 -0.05872121805 0)
(-0.2215184989 -0.08194192139 0)
(-0.2252920395 -0.1058749582 0)
(-0.2283605148 -0.1303581138 0)
(-0.2305593679 -0.1551808363 0)
(-0.2317036382 -0.1800756189 0)
(-0.2315905485 -0.2047093339 0)
(-0.2300045717 -0.2286754006 0)
(-0.2267256851 -0.251488083 0)
(-0.2215414475 -0.2725806461 0)
(-0.2142632947 -0.2913094772 0)
(-0.2047469792 -0.3069664519 0)
(-0.1929163593 -0.3188016328 0)
(-0.1787888082 -0.3260576361 0)
(-0.1624994822 -0.3280155885 0)
(-0.1443208138 -0.3240505181 0)
(-0.1246731747 -0.3136915452 0)
(-0.1041230098 -0.296679826 0)
(-0.08336615339 -0.2730155483 0)
(-0.06319657781 -0.2429850704 0)
(-0.04446271603 -0.2071610277 0)
(-0.02801236368 -0.1663715911 0)
(-0.01464755551 -0.1216389499 0)
(-0.005208417787 -0.07409533513 0)
(-0.000319327295 -0.02490697262 0)
(-7.625327925e-05 0.01830117003 0)
(-0.00123363049 0.05113809441 0)
(-0.003464101159 0.08030745726 0)
(-0.006633476692 0.105955676 0)
(-0.01057836671 0.1282657151 0)
(-0.01516661509 0.1474492099 0)
(-0.02027214262 0.1637370697 0)
(-0.02577759352 0.1773701706 0)
(-0.03157765386 0.1885908157 0)
(-0.0375803077 0.1976353197 0)
(-0.04370719884 0.204727939 0)
(-0.04989341711 0.2100762331 0)
(-0.05608682806 0.2138678274 0)
(-0.0622470917 0.2162684658 0)
(-0.06834449958 0.2174211837 0)
(-0.07435872976 0.2174464069 0)
(-0.0802775923 0.2164427727 0)
(-0.08609581522 0.2144884781 0)
(-0.09181390144 0.2116429794 0)
(-0.09743707275 0.207948894 0)
(-0.1029743057 0.2034339829 0)
(-0.1084374566 0.1981131236 0)
(-0.1138404676 0.1919902075 0)
(-0.1191986422 0.1850599217 0)
(-0.1245279751 0.1773093951 0)
(-0.1298445222 0.1687197035 0)
(-0.135163792 0.1592672427 0)
(-0.1405001392 0.148924986 0)
(-0.1458661429 0.1376636534 0)
(-0.1512719453 0.1254528224 0)
(-0.1567245293 0.1122620183 0)
(-0.1622269111 0.0980618282 0)
(-0.1677772205 0.08282508894 0)
(-0.1733676448 0.06652821198 0)
(-0.1789832164 0.04915271933 0)
(-0.1846003986 0.03068708113 0)
(-0.1901853537 0.01112893483 0)
(-0.1956922821 -0.009512192217 0)
(-0.201061549 -0.03121102326 0)
(-0.2062171849 -0.05392315619 0)
(-0.2110644331 -0.07757919551 0)
(-0.2154877296 -0.1020784246 0)
(-0.2193484781 -0.1272811597 0)
(-0.2224835028 -0.1529998101 0)
(-0.2247045121 -0.1789888167 0)
(-0.2257991798 -0.2049338784 0)
(-0.2255346184 -0.2304412429 0)
(-0.2236641435 -0.255028334 0)
(-0.2199382527 -0.2781175601 0)
(-0.2141205976 -0.2990357377 0)
(-0.2060093242 -0.3170220094 0)
(-0.1954634116 -0.3312472255 0)
(-0.1824325602 -0.3408472298 0)
(-0.1669878442 -0.3449710992 0)
(-0.1493490217 -0.3428430468 0)
(-0.1299034589 -0.3338335647 0)
(-0.109211555 -0.3175319958 0)
(-0.08799480381 -0.2938099312 0)
(-0.06710546092 -0.2628636716 0)
(-0.04747931157 -0.2252253097 0)
(-0.03007252388 -0.1817357304 0)
(-0.01580684209 -0.1334778138 0)
(-0.005654854933 -0.08167831024 0)
(-0.0003543662134 -0.02761206185 0)
(-7.454352964e-05 0.01891105934 0)
(-0.001214190919 0.05285002406 0)
(-0.003412187979 0.08299214751 0)
(-0.006531978168 0.1094768842 0)
(-0.01040595993 0.1324864041 0)
(-0.01489631528 0.152236642 0)
(-0.01987136311 0.1689668665 0)
(-0.02520892894 0.1829292478 0)
(-0.03080004447 0.1943792174 0)
(-0.03655036418 0.2035670912 0)
(-0.04238052323 0.2107312227 0)
(-0.04822581379 0.2160927804 0)
(-0.05403534886 0.2198521063 0)
(-0.05977089609 0.2221865162 0)
(-0.06540553505 0.2232493444 0)
(-0.0709222523 0.2231700043 0)
(-0.0763125542 0.2220548361 0)
(-0.08157514939 0.219988522 0)
(-0.08671473071 0.2170358759 0)
(-0.09174086942 0.213243845 0)
(-0.09666702324 0.2086435912 0)
(-0.1015096515 0.2032525565 0)
(-0.1062874257 0.1970764411 0)
(-0.1110205208 0.1901110527 0)
(-0.1157299707 0.1823440028 0)
(-0.1204370695 0.1737562457 0)
(-0.1251627997 0.1643234655 0)
(-0.1299272679 0.154017329 0)
(-0.1347491268 0.1428066282 0)
(-0.1396449609 0.1306583413 0)
(-0.1446286115 0.1175386493 0)
(-0.1497104171 0.1034139499 0)
(-0.1548963389 0.08825191779 0)
(-0.1601869423 0.07202267291 0)
(-0.1655762092 0.05470012983 0)
(-0.1710501417 0.03626362262 0)
(-0.176585044 0.01669989024 0)
(-0.1821455983 -0.00399446806 0)
(-0.1876830469 -0.02580933944 0)
(-0.1931325256 -0.04871782286 0)
(-0.1984099546 -0.07267075713 0)
(-0.2034096396 -0.09759019793 0)
(-0.208001229 -0.1233615371 0)
(-0.2120270826 -0.1498239196 0)
(-0.2153003619 -0.1767589983 0)
(-0.2176044322 -0.2038782557 0)
(-0.2186944181 -0.2308094887 0)
(-0.218301967 -0.2570836029 0)
(-0.2161444219 -0.2821235593 0)
(-0.2119396064 -0.3052381323 0)
(-0.2054271352 -0.3256239028 0)
(-0.1963964871 -0.3423793996 0)
(-0.184720902 -0.3545351395 0)
(-0.1703945532 -0.3611021485 0)
(-0.1535686091 -0.361139072 0)
(-0.1345801949 -0.3538342285 0)
(-0.1139675241 -0.3385944289 0)
(-0.09246531718 -0.3151280842 0)
(-0.07097758535 -0.2835075051 0)
(-0.05052803894 -0.2441957232 0)
(-0.03218870206 -0.1980270235 0)
(-0.01701399298 -0.146136571 0)
(-0.006125976352 -0.08984709861 0)
(-0.0003925990381 -0.0305496979 0)
(-7.359856988e-05 0.01951295779 0)
(-0.001204872731 0.054541709 0)
(-0.003386426355 0.08564301335 0)
(-0.006476099539 0.1129458076 0)
(-0.01029855596 0.136629844 0)
(-0.01470742456 0.1569150929 0)
(-0.01956311361 0.174049859 0)
(-0.02473697639 0.1882988521 0)
(-0.03011538489 0.1999321425 0)
(-0.03560122958 0.2092155992 0)
(-0.04111416385 0.2164031196 0)
(-0.04659005268 0.221730741 0)
(-0.05197985957 0.2254125613 0)
(-0.05724819896 0.2276382872 0)
(-0.06237173589 0.2285721693 0)
(-0.06733756189 0.2283530573 0)
(-0.07214163299 0.227095308 0)
(-0.07678732123 0.2248903031 0)
(-0.08128410526 0.2218083602 0)
(-0.08564640769 0.2179008608 0)
(-0.08989257411 0.2132024537 0)
(-0.09404398153 0.2077332301 0)
(-0.09812425948 0.2015007973 0)
(-0.1021586048 0.1945022051 0)
(-0.1061731699 0.1867257019 0)
(-0.1101945046 0.1781523128 0)
(-0.1142490305 0.1687572466 0)
(-0.1183625267 0.1585111475 0)
(-0.1225596057 0.1473812136 0)
(-0.1268631572 0.135332212 0)
(-0.1312937336 0.1223274227 0)
(-0.1358688537 0.1083295531 0)
(-0.1406021929 0.09330166882 0)
(-0.1455026292 0.07720819959 0)
(-0.1505731132 0.060016091 0)
(-0.155809328 0.04169619471 0)
(-0.1611980358 0.0222249942 0)
(-0.1667149973 0.001586774928 0)
(-0.1723232699 -0.02022329211 0)
(-0.177970324 -0.04319549311 0)
(-0.183584688 -0.06730120374 0)
(-0.1890730129 -0.0924861552 0)
(-0.1943164511 -0.1186626121 0)
(-0.1991669955 -0.145699468 0)
(-0.2034442138 -0.1734101672 0)
(-0.2069328902 -0.2015384587 0)
(-0.2093824225 -0.2297423283 0)
(-0.2105091324 -0.2575770095 0)
(-0.2100029319 -0.2844787715 0)
(-0.2075399648 -0.3097522027 0)
(-0.2028027554 -0.3325648359 0)
(-0.195508862 -0.351953934 0)
(-0.1854478884 -0.3668506597 0)
(-0.1725248702 -0.3761261338 0)
(-0.1568056989 -0.3786615317 0)
(-0.1385578224 -0.3734401258 0)
(-0.1182777719 -0.3596534048 0)
(-0.09669715216 -0.3368072077 0)
(-0.07476154246 -0.3048090699 0)
(-0.05358050617 -0.264016809 0)
(-0.03434825529 -0.2152318654 0)
(-0.01826523518 -0.1596282877 0)
(-0.006621602913 -0.09862376145 0)
(-0.0004342581858 -0.03373297606 0)
(-7.373211269e-05 0.0201128708 0)
(-0.001209701337 0.05622846049 0)
(-0.003397192932 0.08828117265 0)
(-0.006484096982 0.1163855972 0)
(-0.01028269234 0.1407177084 0)
(-0.01463434963 0.1615018286 0)
(-0.01938869119 0.1789967074 0)
(-0.02440861601 0.1934815961 0)
(-0.02957470969 0.205243406 0)
(-0.03478670172 0.2145656885 0)
(-0.03996343697 0.2217197756 0)
(-0.04504193499 0.2269581459 0)
(-0.04997585303 0.2305098866 0)
(-0.05473363458 0.2325780102 0)
(-0.05929655546 0.2333383231 0)
(-0.06365681083 0.2329395256 0)
(-0.06781573074 0.2315042347 0)
(-0.07178217141 0.2291306528 0)
(-0.07557109947 0.2258946425 0)
(-0.07920236719 0.2218520166 0)
(-0.0826996645 0.2170408912 0)
(-0.08608962713 0.2114839917 0)
(-0.08940107706 0.2051908386 0)
(-0.09266437074 0.1981597627 0)
(-0.09591083097 0.1903797292 0)
(-0.09917223915 0.1818319619 0)
(-0.1024803652 0.1724913749 0)
(-0.1058665134 0.162327827 0)
(-0.109361062 0.1513072212 0)
(-0.1129929743 0.1393924764 0)
(-0.1167892567 0.1265444035 0)
(-0.120774339 0.112722524 0)
(-0.124969347 0.09788587372 0)
(-0.1293912346 0.08199384803 0)
(-0.1340517411 0.06500715214 0)
(-0.1389561405 0.04688894618 0)
(-0.1441016878 0.02760628927 0)
(-0.1494755681 0.007131986245 0)
(-0.155053133 -0.01455292669 0)
(-0.1607951182 -0.03745538659 0)
(-0.1666441813 -0.06156693779 0)
(-0.1725213892 -0.08685716101 0)
(-0.1783222969 -0.1132661454 0)
(-0.1839123704 -0.1406946143 0)
(-0.1891224665 -0.1689914355 0)
(-0.1937447343 -0.1979382736 0)
(-0.1975297298 -0.2272314075 0)
(-0.200185929 -0.2564612574 0)
(-0.2013832497 -0.2850910025 0)
(-0.2007625764 -0.3124368564 0)
(-0.1979534556 -0.3376540442 0)
(-0.1926018597 -0.3597340716 0)
(-0.184408935 -0.3775200155 0)
(-0.1731797338 -0.3897466101 0)
(-0.1588781036 -0.3951100169 0)
(-0.1416805654 -0.3923677348 0)
(-0.1220190677 -0.3804621208 0)
(-0.1006013723 -0.3586525428 0)
(-0.07840002177 -0.3266335475 0)
(-0.05660492122 -0.284612645 0)
(-0.03653706441 -0.2333236018 0)
(-0.01955642845 -0.1739594323 0)
(-0.007141592163 -0.1080282409 0)
(-0.000479610245 -0.03717502254 0)
(-7.533512811e-05 0.02071903619 0)
(-0.001233586167 0.05793120889 0)
(-0.003457023031 0.09093551391 0)
(-0.00657781312 0.1198281141 0)
(-0.01038978674 0.1447802975 0)
(-0.01471736295 0.1660219027 0)
(-0.01939585194 0.1838245457 0)
(-0.02427737767 0.1984850301 0)
(-0.02923553338 0.2103102043 0)
(-0.03416660036 0.2196041531 0)
(-0.03898901877 0.2266580689 0)
(-0.04364183799 0.2317428006 0)
(-0.04808256528 0.2351038641 0)
(-0.05228475726 0.236958578 0)
(-0.05623559811 0.2374949381 0)
(-0.05993361769 0.2368718423 0)
(-0.06338663387 0.2352203038 0)
(-0.06660995502 0.2326453372 0)
(-0.06962484585 0.2292282537 0)
(-0.07245724006 0.2250291565 0)
(-0.07513667218 0.2200894772 0)
(-0.07769539644 0.2144344386 0)
(-0.08016765967 0.2080753689 0)
(-0.08258909674 0.2010118194 0)
(-0.08499621911 0.1932334638 0)
(-0.08742597005 0.1847217753 0)
(-0.08991532148 0.1754514863 0)
(-0.09250088993 0.1653918503 0)
(-0.09521854958 0.1545077252 0)
(-0.09810302047 0.1427605073 0)
(-0.1011874089 0.1301089441 0)
(-0.1045026755 0.116509863 0)
(-0.1080770042 0.1019188557 0)
(-0.1119350384 0.08629096738 0)
(-0.1160969509 0.06958145157 0)
(-0.1205773087 0.05174667018 0)
(-0.1253836593 0.03274524203 0)
(-0.1305146339 0.01253953282 0)
(-0.1359580312 -0.008902374466 0)
(-0.1416884183 -0.03160315356 0)
(-0.1476636163 -0.05557356829 0)
(-0.1538207235 -0.08080650306 0)
(-0.1600721102 -0.10726993 0)
(-0.1663001183 -0.1348974323 0)
(-0.1723514641 -0.1635757729 0)
(-0.1780315314 -0.1931290123 0)
(-0.183099217 -0.2232988275 0)
(-0.1872634524 -0.2537211184 0)
(-0.1901830771 -0.2838997873 0)
(-0.1914723346 -0.3131798517 0)
(-0.1907147518 -0.3407238278 0)
(-0.1874882734 -0.3654974555 0)
(-0.1814038759 -0.3862728835 0)
(-0.1721581006 -0.4016585594 0)
(-0.1595968013 -0.4101641456 0)
(-0.1437831266 -0.4103046403 0)
(-0.1250582723 -0.4007399638 0)
(-0.1040806304 -0.3804353239 0)
(-0.08182985584 -0.3488162668 0)
(-0.05956629498 -0.3058845828 0)
(-0.03873983881 -0.2522610001 0)
(-0.02088333981 -0.189129158 0)
(-0.007685984535 -0.1180782193 0)
(-0.0005289739221 -0.04088906189 0)
(-7.8902652e-05 0.02134243073 0)
(-0.001282572636 0.05967768803 0)
(-0.003581166677 0.09364418705 0)
(-0.006783504541 0.1233153897 0)
(-0.01065711772 0.1488577227 0)
(-0.01500358363 0.1705089256 0)
(-0.01963964033 0.1885572924 0)
(-0.02440399195 0.2033215227 0)
(-0.02916203249 0.2151326378 0)
(-0.0338065278 0.2243189944 0)
(-0.03825626475 0.2311946979 0)
(-0.04245359948 0.2360512916 0)
(-0.04636144837 0.2391523615 0)
(-0.04996013589 0.2407305879 0)
(-0.05324437201 0.2409867415 0)
(-0.05622051437 0.2400901482 0)
(-0.05890418643 0.2381801974 0)
(-0.0613182671 0.2353685332 0)
(-0.06349123291 0.2317416408 0)
(-0.06545581485 0.2273636005 0)
(-0.0672479241 0.2222788479 0)
(-0.06890579917 0.2165148205 0)
(-0.07046933013 0.2100844195 0)
(-0.07197951935 0.2029882411 0)
(-0.07347804378 0.1952165596 0)
(-0.07500688816 0.1867510602 0)
(-0.07660802209 0.1775663315 0)
(-0.07832309735 0.1676311355 0)
(-0.08019314449 0.1569094798 0)
(-0.08225824743 0.1453615165 0)
(-0.08455717466 0.1329442984 0)
(-0.08712694495 0.1196124255 0)
(-0.09000230257 0.1053186183 0)
(-0.09321507212 0.09001426344 0)
(-0.09679335785 0.07364998261 0)
(-0.1007605503 0.05617629805 0)
(-0.1051340824 0.03754448599 0)
(-0.109923759 0.01770770667 0)
(-0.1151297067 -0.003377491657 0)
(-0.1207405061 -0.02574825713 0)
(-0.1267296918 -0.04943306434 0)
(-0.1330515134 -0.07444689748 0)
(-0.1396369934 -0.1007847856 0)
(-0.1463881665 -0.1284130965 0)
(-0.1531716467 -0.1572576527 0)
(-0.1598115488 -0.1871879468 0)
(-0.1660822256 -0.2179967257 0)
(-0.1717017898 -0.2493744931 0)
(-0.1763280301 -0.2808791579 0)
(-0.1795591233 -0.3119023068 0)
(-0.180942377 -0.3416355458 0)
(-0.1799948218 -0.3690430287 0)
(-0.1762393656 -0.392849333 0)
(-0.1692588364 -0.411554384 0)
(-0.1587670636 -0.4234877337 0)
(-0.1446910708 -0.4269113899 0)
(-0.127252234 -0.4201721214 0)
(-0.1070289419 -0.4018907627 0)
(-0.08498196975 -0.3711600125 0)
(-0.0624266731 -0.3277088166 0)
(-0.0409405305 -0.2719866716 0)
(-0.02224203466 -0.20512868 0)
(-0.008255216889 -0.1287891374 0)
(-0.0005827470743 -0.04488857813 0)
(-8.507226072e-05 0.02199742867 0)
(-0.001364185424 0.06150392987 0)
(-0.00378832411 0.09645641867 0)
(-0.007132901694 0.1269013124 0)
(-0.01112902923 0.1530011563 0)
(-0.01554811034 0.1750057231 0)
(-0.02018324834 0.1932256926 0)
(-0.02485681663 0.2080077517 0)
(-0.02942493555 0.2197127682 0)
(-0.03377717155 0.2286981786 0)
(-0.03783391835 0.23530477 0)
(-0.04154265686 0.2398475157 0)
(-0.04487378409 0.2426098881 0)
(-0.04781649565 0.2438409863 0)
(-0.05037501408 0.2437548271 0)
(-0.05256530564 0.2425312115 0)
(-0.05441232901 0.2403176657 0)
(-0.05594779775 0.2372320515 0)
(-0.05720840459 0.2333655281 0)
(-0.05823444036 0.2287856308 0)
(-0.05906873761 0.2235392976 0)
(-0.0597558723 0.2176557298 0)
(-0.06034156495 0.21114902 0)
(-0.06087223061 0.204020507 0)
(-0.06139463586 0.1962608481 0)
(-0.06195562858 0.1878518102 0)
(-0.06260191036 0.1787677943 0)
(-0.06337982785 0.1689771158 0)
(-0.06433516352 0.1584430665 0)
(-0.06551290572 0.1471247817 0)
(-0.06695697842 0.1349779452 0)
(-0.06870991172 0.1219553616 0)
(-0.07081243147 0.1080074299 0)
(-0.07330294152 0.09308255835 0)
(-0.07621686593 0.07712756431 0)
(-0.07958581458 0.06008812145 0)
(-0.08343652867 0.041909333 0)
(-0.08778946327 0.02253652161 0)
(-0.09265675548 0.001916318314 0)
(-0.09804081498 -0.02000139703 0)
(-0.1039309346 -0.04326082117 0)
(-0.1102991916 -0.06789723828 0)
(-0.1170964584 -0.09393108581 0)
(-0.1242465899 -0.121360354 0)
(-0.1316394238 -0.1501497171 0)
(-0.1391226537 -0.1802155022 0)
(-0.1464927655 -0.2114054007 0)
(-0.1534857521 -0.2434718995 0)
(-0.1597690117 -0.2760388757 0)
(-0.1649367743 -0.3085618892 0)
(-0.1685125584 -0.3402846916 0)
(-0.169963286 -0.3701975382 0)
(-0.168730299 -0.3970069104 0)
(-0.1642818639 -0.4191304507 0)
(-0.1561889634 -0.4347336801 0)
(-0.1442206356 -0.4418239466 0)
(-0.1284471546 -0.4384094656 0)
(-0.1093310318 -0.4227159472 0)
(-0.08778108335 -0.3934320292 0)
(-0.06514532479 -0.3499336511 0)
(-0.04312285408 -0.2924253796 0)
(-0.02362941319 -0.2219407642 0)
(-0.008850427657 -0.1401744326 0)
(-0.0006414471189 -0.04918761136 0)
(-9.467966494e-05 0.02270266881 0)
(-0.001487897673 0.06345616781 0)
(-0.00410161735 0.09943472953 0)
(-0.00766455552 0.1306535569 0)
(-0.01185838095 0.1572740888 0)
(-0.01641527173 0.1795647597 0)
(-0.02109879886 0.1978669209 0)
(-0.02571195883 0.2125636145 0)
(-0.0301008714 0.2240530162 0)
(-0.03415283947 0.2327277127 0)
(-0.03779184963 0.2389597258 0)
(-0.04097304386 0.2430905921 0)
(-0.0436770136 0.2454255952 0)
(-0.04590446278 0.246231223 0)
(-0.04767153002 0.2457350004 0)
(-0.04900587704 0.2441269762 0)
(-0.04994353654 0.2415622766 0)
(-0.05052645019 0.2381642726 0)
(-0.05080059793 0.2340280216 0)
(-0.05081461233 0.229223741 0)
(-0.05061877729 0.2238001503 0)
(-0.05026432099 0.2177875749 0)
(-0.04980292821 0.2112007558 0)
(-0.04928640954 0.2040413362 0)
(-0.04876647865 0.1963000246 0)
(-0.04829460073 0.187958443 0)
(-0.04792187762 0.1789906798 0)
(-0.04769894655 0.1693645793 0)
(-0.04767587658 0.1590427927 0)
(-0.04790204325 0.1479836155 0)
(-0.04842596344 0.1361416439 0)
(-0.0492950763 0.1234682814 0)
(-0.05055545246 0.1099121242 0)
(-0.05225140918 0.09541926009 0)
(-0.05442500286 0.07993351864 0)
(-0.05711536515 0.06339672235 0)
(-0.06035784574 0.04574900375 0)
(-0.06418285014 0.02692927388 0)
(-0.06861405355 0.006875911447 0)
(-0.07366707397 -0.01447214015 0)
(-0.07934673887 -0.0371727984 0)
(-0.08564311621 -0.06127926723 0)
(-0.09252750904 -0.08683501563 0)
(-0.09994697794 -0.1138674876 0)
(-0.1078170695 -0.1423786528 0)
(-0.1160130308 -0.1723313562 0)
(-0.1243593746 -0.2036300544 0)
(-0.1326181794 -0.2360943572 0)
(-0.1404771894 -0.2694239694 0)
(-0.1475397878 -0.3031544159 0)
(-0.1533203339 -0.3366047023 0)
(-0.1572500288 -0.3688212886 0)
(-0.1586999445 -0.3985275688 0)
(-0.1570282687 -0.4240939962 0)
(-0.1516569665 -0.4435494756 0)
(-0.1421776578 -0.4546566902 0)
(-0.128477103 -0.45506863 0)
(-0.1108609544 -0.4425674902 0)
(-0.09014493572 -0.4153604869 0)
(-0.06767876617 -0.3723762496 0)
(-0.04527089235 -0.3134821097 0)
(-0.02504392698 -0.2395393268 0)
(-0.009473888221 -0.152246074 0)
(-0.000705771361 -0.05380124842 0)
(-0.0001088398332 0.0234822096 0)
(-0.001665775521 0.06559327768 0)
(-0.00454987204 0.1026576413 0)
(-0.008425530046 0.134655749 0)
(-0.01290824374 0.1617534813 0)
(-0.01767990047 0.1842481278 0)
(-0.02246785141 0.2025234931 0)
(-0.02705278258 0.2170102819 0)
(-0.03127076793 0.2281536303 0)
(-0.03500873789 0.2363887917 0)
(-0.03819727152 0.2421243884 0)
(-0.04080264544 0.2457319814 0)
(-0.04281915094 0.24754058 0)
(-0.04426225905 0.2478348062 0)
(-0.04516288424 0.2468556133 0)
(-0.04556278084 0.2448026795 0)
(-0.04551098495 0.2418377982 0)
(-0.04506115712 0.2380887696 0)
(-0.0442696638 0.2336534384 0)
(-0.04319424096 0.2286036409 0)
(-0.0418931016 0.2229889097 0)
(-0.04042436928 0.2168398472 0)
(-0.03884574532 0.2101711295 0)
(-0.0372143337 0.202984125 0)
(-0.03558656886 0.1952691469 0)
(-0.03401820835 0.1870073536 0)
(-0.03256434993 0.1781723187 0)
(-0.03127945116 0.1687313262 0)
(-0.03021734391 0.1586464093 0)
(-0.02943122308 0.1478751537 0)
(-0.02897359182 0.1363713089 0)
(-0.02889615645 0.1240852352 0)
(-0.0292496584 0.1109642119 0)
(-0.03008362423 0.09695263623 0)
(-0.03144601085 0.08199214333 0)
(-0.03338271638 0.06602168807 0)
(-0.0359369237 0.04897763675 0)
(-0.03914819569 0.03079394002 0)
(-0.04305103283 0.01140243806 0)
(-0.04767350812 -0.009266667286 0)
(-0.05303542986 -0.03128278752 0)
(-0.05914453089 -0.05471430011 0)
(-0.0659925757 -0.079624749 0)
(-0.07355047722 -0.1060679991 0)
(-0.08176107415 -0.1340805225 0)
(-0.09053011074 -0.1636696776 0)
(-0.0997149505 -0.1947963325 0)
(-0.1091110276 -0.2273497564 0)
(-0.1184366546 -0.2611125455 0)
(-0.1273177663 -0.2957136955 0)
(-0.1352757503 -0.3305692283 0)
(-0.1417236672 -0.3648128226 0)
(-0.145978529 -0.3972241593 0)
(-0.1472990875 -0.4261702098 0)
(-0.1449583016 -0.449583268 0)
(-0.1383552638 -0.4650059496 0)
(-0.1271612705 -0.4697322037 0)
(-0.1114795682 -0.4610587183 0)
(-0.09198268679 -0.4366300778 0)
(-0.06998041531 -0.3948185158 0)
(-0.04736973824 -0.3350396787 0)
(-0.02648651866 -0.2578891082 0)
(-0.01012961124 -0.1650154863 0)
(-0.0007766876129 -0.05874638929 0)
(-0.0001290670643 0.02436708522 0)
(-0.0019133704 0.06798992391 0)
(-0.00516930752 0.1062229619 0)
(-0.009473499239 0.1390098066 0)
(-0.01435379196 0.1665306013 0)
(-0.01942843338 0.1891267781 0)
(-0.02438126783 0.2072410995 0)
(-0.02896828275 0.2213669991 0)
(-0.03301664753 0.2320088535 0)
(-0.03641623212 0.2396536905 0)
(-0.03910859295 0.2447528642 0)
(-0.04107581523 0.2477115948 0)
(-0.04233034968 0.248884325 0)
(-0.04290639631 0.2485741333 0)
(-0.04285298305 0.2470348007 0)
(-0.04222864632 0.2444744768 0)
(-0.04109750366 0.2410601788 0)
(-0.03952646914 0.2369225982 0)
(-0.03758336663 0.232160862 0)
(-0.03533572237 0.2268470313 0)
(-0.03285005496 0.2210302127 0)
(-0.03019151258 0.2147402192 0)
(-0.02742374952 0.2079907748 0)
(-0.02460894835 0.200782256 0)
(-0.02180793279 0.1931040263 0)
(-0.01908033385 0.1849363801 0)
(-0.01648475894 0.1762521144 0)
(-0.01407894691 0.1670178151 0)
(-0.01191991161 0.1571948678 0)
(-0.01006405343 0.1467402337 0)
(-0.008567219221 0.1356070195 0)
(-0.007484713105 0.1237448684 0)
(-0.006871252336 0.1111001981 0)
(-0.006780851166 0.09761631364 0)
(-0.007266616667 0.08323341858 0)
(-0.008380432401 0.06788855337 0)
(-0.01017250142 0.05151549607 0)
(-0.0126906949 0.03404467645 0)
(-0.01597948395 0.01540314019 0)
(-0.02007853052 -0.004485467462 0)
(-0.0250217933 -0.02569965578 0)
(-0.03083396108 -0.04831994619 0)
(-0.03752680293 -0.07242657403 0)
(-0.04509504459 -0.09809613001 0)
(-0.05350949927 -0.1253957598 0)
(-0.06270824037 -0.1543737771 0)
(-0.07258503062 -0.185044946 0)
(-0.08297461832 -0.2173679415 0)
(-0.09363502269 -0.2512119907 0)
(-0.1042276794 -0.2863095896 0)
(-0.1142979261 -0.3221926963 0)
(-0.123260775 -0.3581122783 0)
(-0.1304000816 -0.3929462371 0)
(-0.1348925371 -0.4251093476 0)
(-0.1358698121 -0.452490466 0)
(-0.1325299316 -0.4724541188 0)
(-0.1242994673 -0.4819490233 0)
(-0.1110303029 -0.4777561746 0)
(-0.09319198246 -0.4568763011 0)
(-0.07199954616 -0.417001595 0)
(-0.0494060681 -0.3569555111 0)
(-0.02796183474 -0.2769453223 0)
(-0.01082421173 -0.1784949759 0)
(-0.0008555718755 -0.06404290695 0)
(-0.000157456114 0.02539742561 0)
(-0.002250968131 0.07074062933 0)
(-0.006005764941 0.1102517241 0)
(-0.01087929172 0.1438383017 0)
(-0.01628425201 0.171711173 0)
(-0.02175945778 0.1942784762 0)
(-0.02693781058 0.2120647843 0)
(-0.03154947449 0.2256460642 0)
(-0.03541578577 0.2356012747 0)
(-0.03843491876 0.2424799668 0)
(-0.04056564424 0.2467829472 0)
(-0.04181203219 0.248952626 0)
(-0.04221026972 0.2493700786 0)
(-0.04181801006 0.2483564613 0)
(-0.04070619933 0.2461770301 0)
(-0.03895308451 0.2430465273 0)
(-0.03664001635 0.2391351073 0)
(-0.0338486587 0.2345742658 0)
(-0.03065925498 0.229462454 0)
(-0.02714966063 0.2238701996 0)
(-0.02339491201 0.2178446579 0)
(-0.01946714333 0.2114135647 0)
(-0.01543573904 0.2045886419 0)
(-0.01136759664 0.197368444 0)
(-0.007327469237 0.1897407337 0)
(-0.003378321685 0.1816844479 0)
(0.0004183173268 0.1731712758 0)
(0.004002022145 0.164166909 0)
(0.007313222896 0.1546320331 0)
(0.01029297975 0.144523065 0)
(0.01288278357 0.1337926607 0)
(0.01502442425 0.1223900552 0)
(0.01665991505 0.1102612403 0)
(0.01773147982 0.09734900494 0)
(0.01818161251 0.08359285675 0)
(0.0179532275 0.06892884401 0)
(0.01698992406 0.05328929988 0)
(0.01523639817 0.03660254054 0)
(0.01263915095 0.01879254354 0)
(0.009147828659 -0.0002214339551 0)
(0.004715466221 -0.02052460325 0)
(-0.0006985814971 -0.0422065239 0)
(-0.0071252906 -0.06536062162 0)
(-0.0145825825 -0.09008199953 0)
(-0.02306905966 -0.1164637569 0)
(-0.03255581263 -0.1445902333 0)
(-0.04297517857 -0.1745255446 0)
(-0.05420561308 -0.2062947469 0)
(-0.06605240554 -0.2398538034 0)
(-0.07822423575 -0.275044432 0)
(-0.09030709742 -0.3115291606 0)
(-0.1017396017 -0.3487032875 0)
(-0.1117974263 -0.3855850139 0)
(-0.1195995013 -0.4206937954 0)
(-0.1241530167 -0.4519409619 0)
(-0.1244555084 -0.4765745408 0)
(-0.1196652466 -0.4912346634 0)
(-0.1093324455 -0.492175239 0)
(-0.09365391808 -0.4756778693 0)
(-0.07367899577 -0.4386182403 0)
(-0.05136843828 -0.379056976 0)
(-0.02947976407 -0.2966530654 0)
(-0.01156813636 -0.1926997891 0)
(-0.000944421103 -0.06971537399 0)
(-0.0001969620393 0.02662538298 0)
(-0.002705363467 0.07396505077 0)
(-0.007117644776 0.1148928053 0)
(-0.01272988159 0.1492865124 0)
(-0.01880458913 0.1774142041 0)
(-0.02478300828 0.1997836722 0)
(-0.0302404097 0.2170326132 0)
(-0.03488242092 0.2298451832 0)
(-0.03853061658 0.2388936741 0)
(-0.04109972749 0.2448024165 0)
(-0.04257439162 0.2481286022 0)
(-0.04298866529 0.2493548001 0)
(-0.04240930502 0.2488889699 0)
(-0.04092291588 0.2470688945 0)
(-0.03862656821 0.2441689076 0)
(-0.03562128032 0.2404075346 0)
(-0.03200773968 0.235955191 0)
(-0.02788369645 0.2309414506 0)
(-0.02334255564 0.225461626 0)
(-0.01847279435 0.2195825679 0)
(-0.01335793139 0.2133476734 0)
(-0.008076807222 0.2067811115 0)
(-0.002704091051 0.1998913807 0)
(0.002689168371 0.1926742495 0)
(0.00803484349 0.1851151321 0)
(0.01326730184 0.1771910831 0)
(0.01832278071 0.1688723334 0)
(0.02313892275 0.160123496 0)
(0.02765433859 0.1509044998 0)
(0.03180824647 0.141171271 0)
(0.03554017416 0.1308761931 0)
(0.03878971233 0.1199683901 0)
(0.04149632015 0.1083938488 0)
(0.04359918749 0.09609539823 0)
(0.04503715783 0.08301255781 0)
(0.04574872289 0.06908126803 0)
(0.04567210602 0.05423351177 0)
(0.04474545476 0.03839684054 0)
(0.04290723916 0.02149382003 0)
(0.04009729515 0.003441362496 0)
(0.03625686368 -0.01584992866 0)
(0.03133047261 -0.03647567679 0)
(0.0252692232 -0.05853873742 0)
(0.0180332963 -0.08214825088 0)
(0.009597226219 -0.107418068 0)
(-4.274302033e-05 -0.1344627772 0)
(-0.01085838357 -0.1633898711 0)
(-0.02277457304 -0.1942850614 0)
(-0.03564947187 -0.2271871673 0)
(-0.0492488669 -0.262047938 0)
(-0.06321493614 -0.2986695392 0)
(-0.07703191126 -0.3366134287 0)
(-0.08999529068 -0.3750774126 0)
(-0.1011971515 -0.4127451043 0)
(-0.1095471447 -0.4476271894 0)
(-0.1138547497 -0.4769375479 0)
(-0.1129959201 -0.4970724535 0)
(-0.1061709079 -0.5037747881 0)
(-0.09322475856 -0.4925465666 0)
(-0.07495072548 -0.4593019683 0)
(-0.05324690081 -0.4011343117 0)
(-0.03105733866 -0.3169460651 0)
(-0.01237743872 -0.2076509482 0)
(-0.001046189033 -0.07579561629 0)
(-0.0002518450158 0.02811923449 0)
(-0.003312427428 0.07781482216 0)
(-0.008579774365 0.120328136 0)
(-0.01513171122 0.1555235132 0)
(-0.02203628259 0.183768421 0)
(-0.02861737039 0.2057180198 0)
(-0.03438831492 0.2221655696 0)
(-0.03903568827 0.2339360768 0)
(-0.04239187394 0.2418174423 0)
(-0.0444003623 0.2465220813 0)
(-0.04508336863 0.2486700287 0)
(-0.04451506793 0.2487857157 0)
(-0.04280094508 0.2473026787 0)
(-0.04006275369 0.2445723205 0)
(-0.03642814089 0.2408742626 0)
(-0.03202390291 0.236426833 0)
(-0.02697192977 0.2313968988 0)
(-0.0213870593 0.2259086635 0)
(-0.01537622435 0.2200513025 0)
(-0.009038431508 0.2138854645 0)
(-0.002465284224 0.2074486962 0)
(0.004258258684 0.2007599022 0)
(0.01105288629 0.1938230023 0)
(0.01784418113 0.1866299295 0)
(0.02456159704 0.1791630178 0)
(0.03113766009 0.1713969039 0)
(0.03750719787 0.1633000146 0)
(0.04360670174 0.1548356879 0)
(0.04937374354 0.1459630294 0)
(0.05474648185 0.1366375337 0)
(0.05966324361 0.1268114904 0)
(0.0640621653 0.1164342086 0)
(0.06788088872 0.1054520851 0)
(0.07105630849 0.09380852926 0)
(0.07352437008 0.08144375294 0)
(0.07521992305 0.06829443105 0)
(0.0760766401 0.05429323117 0)
(0.07602701393 0.03936821054 0)
(0.07500249369 0.02344207776 0)
(0.07293414538 0.00643128055 0)
(0.06975266152 -0.01175519221 0)
(0.0653892137 -0.03121614734 0)
(0.05977832506 -0.05206015022 0)
(0.05285980932 -0.0744059212 0)
(0.04458276972 -0.0983826143 0)
(0.03491196169 -0.1241285881 0)
(0.02383699812 -0.1517871165 0)
(0.0113859984 -0.1814965854 0)
(-0.00235553356 -0.213371841 0)
(-0.01721817095 -0.2474707646 0)
(-0.03291375085 -0.2837372661 0)
(-0.04899325845 -0.3219132328 0)
(-0.06480161104 -0.3614092652 0)
(-0.07944063096 -0.4011311617 0)
(-0.09175995223 -0.4392734258 0)
(-0.1004079482 -0.4731183441 0)
(-0.103978603 -0.498915722 0)
(-0.1012810868 -0.5119511008 0)
(-0.0917227151 -0.506913852 0)
(-0.07572774927 -0.478611512 0)
(-0.05503116171 -0.4229295898 0)
(-0.0327209688 -0.3377439762 0)
(-0.01327637578 -0.2233789952 0)
(-0.001165329531 -0.08232649542 0)
(-0.0003283998772 0.02996924294 0)
(-0.00412089846 0.08248241401 0)
(-0.01048846908 0.1267781466 0)
(-0.01821397221 0.1627410925 0)
(-0.02611590988 0.1909045391 0)
(-0.03338118949 0.2121395929 0)
(-0.03946215786 0.2274518508 0)
(-0.04403869639 0.2378478085 0)
(-0.04697109989 0.2442564 0)
(-0.04824906081 0.2474914865 0)
(-0.04794779925 0.248240792 0)
(-0.0461940811 0.2470700198 0)
(-0.04314152983 0.2444345968 0)
(-0.03895371289 0.2406943879 0)
(-0.03379325812 0.2361287169 0)
(-0.02781538594 0.2309503194 0)
(-0.02116453057 0.2253176338 0)
(-0.01397302952 0.2193452697 0)
(-0.006361110029 0.2131127266 0)
(0.001562326889 0.2066715564 0)
(0.009698408238 0.2000511224 0)
(0.01795707165 0.1932631962 0)
(0.02625561525 0.1863057284 0)
(0.03451734603 0.1791657945 0)
(0.0426703284 0.1718218843 0)
(0.05064629479 0.164245681 0)
(0.05837967553 0.156403455 0)
(0.0658067694 0.1482570915 0)
(0.07286501806 0.1397648498 0)
(0.07949238542 0.1308818955 0)
(0.08562682471 0.1215606354 0)
(0.09120581583 0.111750881 0)
(0.09616596112 0.1013998638 0)
(0.1004426303 0.09045211175 0)
(0.1039696486 0.07884919343 0)
(0.1066790257 0.06652932681 0)
(0.1085007309 0.05342684483 0)
(0.1093625187 0.03947150205 0)
(0.1091898397 0.02458760263 0)
(0.1079061351 0.008692897009 0)
(0.1054328216 -0.008302930767 0)
(0.1016892601 -0.02649920491 0)
(0.09659509347 -0.04600672139 0)
(0.09007167204 -0.06694936068 0)
(0.0820447774 -0.08946602134 0)
(0.07244972542 -0.1137118171 0)
(0.06123904772 -0.1398574149 0)
(0.0483943033 -0.1680844285 0)
(0.0339436895 -0.1985735781 0)
(0.01798773723 -0.2314794022 0)
(0.0007346754304 -0.2668833379 0)
(-0.01745234766 -0.3047138665 0)
(-0.03599739646 -0.3446176149 0)
(-0.05405286413 -0.3857736845 0)
(-0.07045617515 -0.4266469528 0)
(-0.08373823422 -0.4647078213 0)
(-0.09223130519 -0.4961925531 0)
(-0.09432699729 -0.516031757 0)
(-0.08890726813 -0.5181136272 0)
(-0.0758899689 -0.4960085643 0)
(-0.05670579733 -0.4441192753 0)
(-0.03450879598 -0.3589467529 0)
(-0.01430124661 -0.2399286863 0)
(-0.001308698113 -0.08936754763 0)
(-0.0004361915734 0.03229621753 0)
(-0.005198096294 0.08821252779 0)
(-0.01296803656 0.1345065596 0)
(-0.02213089065 0.1711482837 0)
(-0.03118906477 0.1989404588 0)
(-0.03917699864 0.2190678319 0)
(-0.04549696751 0.2328229708 0)
(-0.04984533991 0.2414428146 0)
(-0.05213659126 0.2460246116 0)
(-0.05243073265 0.2474952535 0)
(-0.05087567449 0.2466116236 0)
(-0.04766555476 0.2439763772 0)
(-0.04301245041 0.2400597164 0)
(-0.03712839126 0.2352219585 0)
(-0.03021482624 0.2297343228 0)
(-0.02245720111 0.2237969134 0)
(-0.0140228834 0.2175536985 0)
(-0.005061167097 0.2111046845 0)
(0.004295546872 0.2045156668 0)
(0.0139297362 0.1978259134 0)
(0.02373702522 0.1910540335 0)
(0.03362390682 0.1842028187 0)
(0.04350580986 0.1772628634 0)
(0.0533052895 0.1702153508 0)
(0.06295044826 0.1630341988 0)
(0.07237356347 0.1556876803 0)
(0.08150990425 0.1481396503 0)
(0.09029672395 0.14035044 0)
(0.09867239715 0.1322774945 0)
(0.1065756828 0.1238757998 0)
(0.11394509 0.1150981324 0)
(0.1207183251 0.1058951548 0)
(0.1268318014 0.09621537689 0)
(0.1322201976 0.08600498787 0)
(0.1368160534 0.0752075634 0)
(0.1405493956 0.06376363902 0)
(0.1433473916 0.05161013516 0)
(0.1451340313 0.03867960816 0)
(0.1458298489 0.02489929313 0)
(0.1453518978 0.01018987413 0)
(0.1436136803 -0.005536213781 0)
(0.1405244252 -0.02237627295 0)
(0.1359908035 -0.04044009241 0)
(0.1299178848 -0.05985255398 0)
(0.1222106273 -0.08075693963 0)
(0.1127776235 -0.1033182745 0)
(0.1015370219 -0.127725943 0)
(0.08842612606 -0.1541939932 0)
(0.0734165863 -0.1829561827 0)
(0.05653776584 -0.2142503766 0)
(0.03791135691 -0.2482838348 0)
(0.01780061854 -0.2851662173 0)
(-0.003325652494 -0.3247928669 0)
(-0.02471284728 -0.36665615 0)
(-0.04524366886 -0.4095717086 0)
(-0.06339319771 -0.4513278488 0)
(-0.07727800352 -0.4883152058 0)
(-0.08487037738 -0.5152712653 0)
(-0.08444738918 -0.5253610882 0)
(-0.07525986293 -0.510826279 0)
(-0.05823969925 -0.4642865668 0)
(-0.03647246052 -0.3804233893 0)
(-0.01550609855 -0.257364403 0)
(-0.001487083667 -0.09700347736 0)
(-0.0005902116613 0.03526433839 0)
(-0.006638677694 0.09531650786 0)
(-0.01617875019 0.1438225166 0)
(-0.02706077547 0.1809575356 0)
(-0.03739483213 0.2079546592 0)
(-0.04605928354 0.2264497783 0)
(-0.0524348721 0.2381180971 0)
(-0.05627395061 0.2444831299 0)
(-0.05758378873 0.2468367013 0)
(-0.05652684891 0.2462254545 0)
(-0.05334781607 0.2434709272 0)
(-0.04832476167 0.2392027645 0)
(-0.04173860652 0.2338941275 0)
(-0.0338555709 0.2278941583 0)
(-0.02491834612 0.221455545 0)
(-0.01514280594 0.214756918 0)
(-0.004718054245 0.2079205621 0)
(0.006191677529 0.2010261976 0)
(0.01744400955 0.1941215093 0)
(0.02891570747 0.1872299424 0)
(0.04049930413 0.1803569245 0)
(0.05210025859 0.1734944405 0)
(0.06363436746 0.1666244118 0)
(0.07502550413 0.1597212385 0)
(0.08620368726 0.1527536899 0)
(0.09710343975 0.1456862932 0)
(0.1076624043 0.1384803461 0)
(0.1178201797 0.1310946333 0)
(0.1275173386 0.1234859124 0)
(0.1366945939 0.115609218 0)
(0.1452920837 0.1074180121 0)
(0.1532487476 0.09886420472 0)
(0.1605017703 0.08989805749 0)
(0.1669860742 0.08046797469 0)
(0.1726338444 0.07052018018 0)
(0.1773740753 0.05999826854 0)
(0.1811321298 0.04884260975 0)
(0.1838293057 0.0369895747 0)
(0.1853824073 0.02437053648 0)
(0.1857034597 0.01091057467 0)
(0.1846995406 -0.00347330654 0)
(0.1822715845 -0.01887409604 0)
(0.1783154036 -0.03539765106 0)
(0.1727222377 -0.05316604513 0)
(0.1653791026 -0.07232191605 0)
(0.1561711591 -0.09303354014 0)
(0.1449857584 -0.115500237 0)
(0.1317195219 -0.1399570847 0)
(0.1162903924 -0.1666766786 0)
(0.09865743698 -0.1959634399 0)
(0.07885224659 -0.2281325142 0)
(0.05702671721 -0.2634600037 0)
(0.03352148714 -0.3020847191 0)
(0.008957646095 -0.3438339065 0)
(-0.01565756347 -0.3879452022 0)
(-0.03882281748 -0.4326528015 0)
(-0.05851670303 -0.4746974196 0)
(-0.07232797739 -0.5088517979 0)
(-0.07787350631 -0.5277288112 0)
(-0.07356143522 -0.5222256774 0)
(-0.05956439214 -0.4828777062 0)
(-0.0386764071 -0.4019901332 0)
(-0.01697115811 -0.2757753972 0)
(-0.001717879619 -0.1053571493 0)
(-0.0008147415812 0.03910087724 0)
(-0.008578148704 0.1041898686 0)
(-0.02032546542 0.1550757569 0)
(-0.03319674474 0.19235544 0)
(-0.04483156921 0.2179402063 0)
(-0.0539748397 0.2341071205 0)
(-0.06004368418 0.2430319733 0)
(-0.06290949983 0.2465840604 0)
(-0.0627266432 0.2462695692 0)
(-0.05980086864 0.2432518889 0)
(-0.054501319 0.2384031019 0)
(-0.04720686747 0.2323618364 0)
(-0.03827609065 0.2255862704 0)
(-0.02803263486 0.2183984032 0)
(-0.0167600635 0.2110190733 0)
(-0.004702141622 0.2035947927 0)
(0.007933991644 0.1962179796 0)
(0.02097311896 0.1889418619 0)
(0.03426762353 0.1817911851 0)
(0.04769244132 0.1747703787 0)
(0.06114085553 0.1678693657 0)
(0.07452074684 0.1610677122 0)
(0.08775138322 0.1543376129 0)
(0.1007607129 0.1476460389 0)
(0.1134831069 0.1409562671 0)
(0.1258574854 0.1342289557 0)
(0.1378257685 0.1274228892 0)
(0.1493315927 0.1204954739 0)
(0.160319243 0.1134030445 0)
(0.1707327542 0.1061010242 0)
(0.1805151457 0.09854396516 0)
(0.1896077549 0.09068548578 0)
(0.1979496411 0.08247811507 0)
(0.2054770394 0.0738730442 0)
(0.2121228417 0.06481977962 0)
(0.2178160914 0.05526568285 0)
(0.2224814785 0.04515537208 0)
(0.2260388229 0.03442994807 0)
(0.228402534 0.02302599179 0)
(0.2294811294 0.01087425663 0)
(0.2291769278 -0.002102114996 0)
(0.2273845945 -0.01598979264 0)
(0.2239914271 -0.03088813496 0)
(0.2188775607 -0.04691302655 0)
(0.2119153088 -0.06420191463 0)
(0.2029702018 -0.08292013183 0)
(0.1919031466 -0.1032684611 0)
(0.1785748348 -0.1254914949 0)
(0.1628541798 -0.1498853588 0)
(0.1446335063 -0.1768014718 0)
(0.1238546648 -0.2066396818 0)
(0.1005519797 -0.2398185238 0)
(0.07491927232 -0.2767020407 0)
(0.04740813139 -0.3174515947 0)
(0.01885839032 -0.3617621298 0)
(-0.009354012143 -0.4084397375 0)
(-0.03518003586 -0.45478387 0)
(-0.05591406707 -0.4958949031 0)
(-0.06850625402 -0.5241238521 0)
(-0.07035193886 -0.5291376043 0)
(-0.06053121677 -0.4991336986 0)
(-0.04119011432 -0.4233692724 0)
(-0.01881489872 -0.2952782477 0)
(-0.002029861191 -0.1146097239 0)
(-0.001150383155 0.04412720842 0)
(-0.01121346197 0.1153316284 0)
(-0.0256634425 0.1686359303 0)
(-0.0407177462 0.2054454998 0)
(-0.05348596839 0.2287274396 0)
(-0.06265352909 0.2416550427 0)
(-0.06777835524 0.2470410009 0)
(-0.06894601349 0.2471531444 0)
(-0.06653029051 0.2437159213 0)
(-0.06102864614 0.2379895222 0)
(-0.05296323369 0.2308681054 0)
(-0.04282773531 0.2229704724 0)
(-0.03106260277 0.2147143863 0)
(-0.01804704894 0.206373933 0)
(-0.004100229178 0.1981219325 0)
(0.01051310195 0.1900606986 0)
(0.02557499903 0.1822438776 0)
(0.04090717355 0.1746916442 0)
(0.05636330201 0.1674016247 0)
(0.07182271111 0.1603563637 0)
(0.08718489552 0.1535284059 0)
(0.1023649337 0.1468837765 0)
(0.1172897098 0.1403843475 0)
(0.1318948251 0.1339894308 0)
(0.1461220893 0.1276568345 0)
(0.159917487 0.1213435454 0)
(0.1732295295 0.1150061507 0)
(0.1860079126 0.1086010746 0)
(0.1982024161 0.1020846799 0)
(0.2097619882 0.09541326895 0)
(0.2206339719 0.08854300367 0)
(0.2307634343 0.08142975569 0)
(0.2400925675 0.07402889031 0)
(0.2485601356 0.06629498115 0)
(0.2561009456 0.05818144549 0)
(0.2626453222 0.04964008266 0)
(0.2681185723 0.04062048774 0)
(0.272440421 0.0310693002 0)
(0.2755243992 0.02092923096 0)
(0.2772772314 0.01013778898 0)
(0.277598364 -0.001374438444 0)
(0.2763784291 -0.0136861063 0)
(0.2734988252 -0.02688789988 0)
(0.2688316038 -0.04108661936 0)
(0.2622379761 -0.05641055532 0)
(0.2535681148 -0.07301655079 0)
(0.2426615118 -0.09109901449 0)
(0.229348721 -0.110900963 0)
(0.213455955 -0.1327265284 0)
(0.1948149512 -0.1569529423 0)
(0.1732821514 -0.1840371774 0)
(0.1487735892 -0.2145071581 0)
(0.1213247128 -0.2489185495 0)
(0.09118686108 -0.2877444781 0)
(0.05897093864 -0.3311484406 0)
(0.02583836975 -0.3785749836 0)
(-0.006288732459 -0.4280979143 0)
(-0.03456589667 -0.4754933698 0)
(-0.05535338389 -0.5132746009 0)
(-0.06491023182 -0.5301904283 0)
(-0.06082887006 -0.5119854505 0)
(-0.04406227976 -0.4441120157 0)
(-0.02120977886 -0.3160089926 0)
(-0.002471632777 -0.1250312391 0)
(-0.001666829656 0.05080836153 0)
(-0.01483279744 0.1293601053 0)
(-0.03249060512 0.1848377027 0)
(-0.0497144871 0.2201410183 0)
(-0.06309005297 0.23985715 0)
(-0.07141021981 0.2483813907 0)
(-0.07454722837 0.2493027147 0)
(-0.0729355616 0.2453150318 0)
(-0.06725757257 0.2383340086 0)
(-0.05825314066 0.2296698064 0)
(-0.04662046289 0.2201901966 0)
(-0.03297312731 0.2104518942 0)
(-0.01782794975 0.2007985184 0)
(-0.0016087108 0.191430846 0)
(0.01534293317 0.182455369 0)
(0.03275473054 0.1739171905 0)
(0.0504114383 0.1658223396 0)
(0.06814288239 0.158152566 0)
(0.08581424942 0.1508750046 0)
(0.103317992 0.1439483592 0)
(0.1205672484 0.1373268481 0)
(0.1374905732 0.1309626756 0)
(0.1540277468 0.1248075358 0)
(0.1701264593 0.1188134909 0)
(0.185739692 0.1129334455 0)
(0.2008236482 0.1071213647 0)
(0.2153361134 0.1013323274 0)
(0.2292351456 0.09552247537 0)
(0.2424780205 0.08964889363 0)
(0.2550203654 0.0836694439 0)
(0.2668154353 0.07754256082 0)
(0.277813488 0.07122701471 0)
(0.2879612265 0.06468163813 0)
(0.2972012815 0.05786500826 0)
(0.3054717089 0.05073507172 0)
(0.3127054842 0.04324869136 0)
(0.3188299721 0.03536108612 0)
(0.3237663541 0.02702512218 0)
(0.3274289871 0.0181903985 0)
(0.3297247207 0.008802048314 0)
(0.3305522617 -0.001200866813 0)
(0.3298006691 -0.01188763094 0)
(0.3273483561 -0.02333850767 0)
(0.3230626388 -0.03564884794 0)
(0.3167976018 -0.04893447412 0)
(0.3083927997 -0.06333897917 0)
(0.2976719701 -0.07904344849 0)
(0.2844422519 -0.09627911284 0)
(0.2684949675 -0.1153431599 0)
(0.2496098481 -0.1366170615 0)
(0.2275661886 -0.1605847171 0)
(0.2021670434 -0.1878433778 0)
(0.1732864551 -0.2190920099 0)
(0.1409546593 -0.2550672059 0)
(0.1055003041 -0.2963742541 0)
(0.0677667546 -0.3431316613 0)
(0.02939994705 -0.3943239274 0)
(-0.006851639931 -0.4467771523 0)
(-0.03696580328 -0.4937441842 0)
(-0.05605809928 -0.5236308774 0)
(-0.0598275878 -0.5198981005 0)
(-0.04725151394 -0.4634573122 0)
(-0.02439776577 -0.3380885649 0)
(-0.003125822808 -0.137025819 0)
(-0.002485984728 0.05983355369 0)
(-0.01985254988 0.1470096282 0)
(-0.04109579722 0.203854546 0)
(-0.06001367028 0.2359705973 0)
(-0.07283652427 0.2503783228 0)
(-0.07878802621 0.2530743776 0)
(-0.07832144247 0.2485288017 0)
(-0.07239483291 0.2398307072 0)
(-0.062094452 0.2290068879 0)
(-0.04844195761 0.2173315153 0)
(-0.03231630485 0.2055721055 0)
(-0.01443661559 0.1941661176 0)
(0.004627221199 0.1833416084 0)
(0.02443212725 0.1731975505 0)
(0.04463976332 0.1637548915 0)
(0.06499374218 0.1549898639 0)
(0.08530093973 0.1468542722 0)
(0.1054161791 0.139287912 0)
(0.1252301509 0.1322259145 0)
(0.1446599547 0.1256029517 0)
(0.1636417927 0.119355514 0)
(0.1821253662 0.1134230184 0)
(0.2000695924 0.1077482254 0)
(0.2174393351 0.1022772626 0)
(0.2342029062 0.09695943589 0)
(0.2503301516 0.09174693505 0)
(0.2657909752 0.08659449696 0)
(0.2805541904 0.08145905819 0)
(0.2945866143 0.07629941383 0)
(0.307852339 0.0710758875 0)
(0.3203121279 0.06575001092 0)
(0.3319228995 0.06028420723 0)
(0.3426372635 0.05464146858 0)
(0.3524030861 0.04878501511 0)
(0.3611630579 0.04267791884 0)
(0.3688542476 0.03628267003 0)
(0.3754076188 0.02956065667 0)
(0.3807474882 0.02247151642 0)
(0.3847908983 0.01497230624 0)
(0.3874469216 0.007016414587 0)
(0.3886158947 -0.001447889343 0)
(0.3881879795 -0.01047953837 0)
(0.3860418168 -0.02014709492 0)
(0.3820436747 -0.03053267363 0)
(0.3760448795 -0.0417370382 0)
(0.3678795852 -0.05388667103 0)
(0.3573620546 -0.06714348667 0)
(0.3442836204 -0.08171799777 0)
(0.3284099034 -0.09788679061 0)
(0.3094794883 -0.1160148538 0)
(0.2872066238 -0.1365821577 0)
(0.2612930273 -0.1602109163 0)
(0.2314581604 -0.1876833583 0)
(0.1975039988 -0.2199265588 0)
(0.1594390861 -0.2579167635 0)
(0.1176944478 -0.302416708 0)
(0.07346051883 -0.3534083926 0)
(0.02913454424 -0.4090452246 0)
(-0.01124653582 -0.4639993503 0)
(-0.04188381633 -0.5072620122 0)
(-0.05629231965 -0.5206557653 0)
(-0.05045839469 -0.4800852967 0)
(-0.02868971232 -0.3615355681 0)
(-0.004134972384 -0.1512075906 0)
(-0.003824026992 0.07224486949 0)
(-0.02684177893 0.1690651179 0)
(-0.05158090608 0.225427818 0)
(-0.07077441386 0.2517359079 0)
(-0.08081611977 0.2585395792 0)
(-0.08192095346 0.2537955824 0)
(-0.07549263615 0.2428478563 0)
(-0.06320509033 0.2290383515 0)
(-0.04661897698 0.2143432132 0)
(-0.02703671471 0.1998637629 0)
(-0.005481822857 0.1861651668 0)
(0.01727126902 0.1734955677 0)
(0.04065047989 0.1619218789 0)
(0.06424333376 0.1514134141 0)
(0.08775567961 0.1418908536 0)
(0.110980942 0.1332543497 0)
(0.133775914 0.1253989675 0)
(0.156042577 0.1182228212 0)
(0.1777146081 0.1116308987 0)
(0.1987474501 0.1055364737 0)
(0.2191110537 0.09986121581 0)
(0.2387845887 0.09453464913 0)
(0.2577525955 0.08949332764 0)
(0.2760021815 0.08467993207 0)
(0.2935209752 0.08004239269 0)
(0.3102956249 0.07553308671 0)
(0.3263106907 0.07110812713 0)
(0.341547816 0.06672674258 0)
(0.3559850973 0.06235073909 0)
(0.3695965918 0.05794403073 0)
(0.3823519167 0.05347222415 0)
(0.3942159071 0.04890224154 0)
(0.4051483031 0.04420196593 0)
(0.4151034456 0.03933989157 0)
(0.4240299596 0.03428476011 0)
(0.4318704074 0.02900515967 0)
(0.4385608913 0.02346905796 0)
(0.444030584 0.01764323175 0)
(0.4482011561 0.01149254287 0)
(0.4509861178 0.00497899283 0)
(0.4522899863 -0.001939532686 0)
(0.452006891 -0.0093110577 0)
(0.4500191677 -0.01719168615 0)
(0.4461960451 -0.02564914437 0)
(0.4403908412 -0.03476734049 0)
(0.4324380006 -0.04465279966 0)
(0.4221492151 -0.05544371809 0)
(0.4093084981 -0.06732260057 0)
(0.3936663042 -0.08053374779 0)
(0.3749331468 -0.09540702415 0)
(0.3527741267 -0.1123890775 0)
(0.3268078197 -0.1320817667 0)
(0.2966169185 -0.1552834042 0)
(0.2617851721 -0.183018428 0)
(0.2219868929 -0.2165197548 0)
(0.1771717504 -0.2570868696 0)
(0.1279034773 -0.3056729295 0)
(0.07590526975 -0.3619585725 0)
(0.02478286362 -0.4225983042 0)
(-0.01933788198 -0.4784553388 0)
(-0.04787630822 -0.5110997749 0)
(-0.05274620526 -0.4916948862 0)
(-0.03439687108 -0.3860411622 0)
(-0.005756763548 -0.1685210023 0)
(-0.006049503966 0.0895949912 0)
(-0.03644206639 0.1961057858 0)
(-0.06333529798 0.2483052412 0)
(-0.07957657776 0.2649343374 0)
(-0.08291578669 0.2613559031 0)
(-0.0754151101 0.2476302095 0)
(-0.05984988967 0.2297178469 0)
(-0.03874254339 0.2108869789 0)
(-0.01410425305 0.1927901995 0)
(0.01257618261 0.1761635745 0)
(0.04024009148 0.1612466023 0)
(0.06816742863 0.148024346 0)
(0.0958784118 0.1363646372 0)
(0.1230646034 0.1260902913 0)
(0.1495348689 0.1170167386 0)
(0.1751774421 0.108969822 0)
(0.1999329683 0.1017931111 0)
(0.2237758065 0.09534972169 0)
(0.2467011958 0.08952145132 0)
(0.2687165085 0.08420677482 0)
(0.2898353235 0.0793184997 0)
(0.310073433 0.07478147703 0)
(0.3294461622 0.07053054116 0)
(0.3479665809 0.0665087359 0)
(0.3656443152 0.06266582611 0)
(0.3824847627 0.05895706778 0)
(0.3984885753 0.05534219953 0)
(0.413651319 0.05178461778 0)
(0.4279632457 0.04825070011 0)
(0.4414091335 0.04470924547 0)
(0.4539681638 0.04113100399 0)
(0.4656138122 0.0374882723 0)
(0.4763137356 0.03375453289 0)
(0.4860296394 0.02990411728 0)
(0.4947171114 0.02591187219 0)
(0.5023254091 0.02175280651 0)
(0.5087971811 0.01740169238 0)
(0.5140681034 0.01283258742 0)
(0.5180663982 0.008018235323 0)
(0.5207122566 0.0029292884 0)
(0.5219170125 -0.002466712152 0)
(0.5215817778 -0.008206799091 0)
(0.5195962168 -0.0143344427 0)
(0.515836784 -0.02090253192 0)
(0.5101638659 -0.02797720341 0)
(0.5024183217 -0.03564332106 0)
(0.4924167739 -0.04401232528 0)
(0.4799452747 -0.05323343317 0)
(0.4647509981 -0.0635096192 0)
(0.4465316809 -0.07512030484 0)
(0.4249230048 -0.08845313663 0)
(0.3994853754 -0.1040472437 0)
(0.3696944912 -0.1226488833 0)
(0.3349462908 -0.1452749333 0)
(0.2945989575 -0.1732649283 0)
(0.2480960312 -0.2082677562 0)
(0.1952472892 -0.2520368497 0)
(0.1367789221 -0.3057752829 0)
(0.07525683056 -0.3685768336 0)
(0.01631617398 -0.4343553227 0)
(-0.0302625743 -0.4868833093 0)
(-0.05169733602 -0.4942764859 0)
(-0.0415099232 -0.4102905517 0)
(-0.008412262541 -0.1901838148 0)
(-0.009624776813 0.1140271693 0)
(-0.04880594509 0.2277261278 0)
(-0.07355655127 0.2690804954 0)
(-0.0803844793 0.2708189268 0)
(-0.07070372887 0.2540823579 0)
(-0.04945963117 0.2305378838 0)
(-0.02105417243 0.2060450726 0)
(0.0112561633 0.1832129463 0)
(0.04525188184 0.1629837671 0)
(0.0795236688 0.1455019823 0)
(0.1132138153 0.1305682991 0)
(0.1458343762 0.1178583182 0)
(0.1771328604 0.1070286593 0)
(0.207003344 0.09776193895 0)
(0.2354272218 0.08978294059 0)
(0.2624355036 0.08286062629 0)
(0.2880850854 0.07680425773 0)
(0.3124441242 0.07145751976 0)
(0.3355832274 0.06669246726 0)
(0.3575702938 0.06240406551 0)
(0.3784676154 0.05850557011 0)
(0.398330358 0.05492475195 0)
(0.4172058668 0.05160087503 0)
(0.4351334519 0.04848230565 0)
(0.4521444422 0.04552463325 0)
(0.4682623786 0.0426891972 0)
(0.483503268 0.03994193147 0)
(0.497875853 0.0372524557 0)
(0.5113818703 0.03459335594 0)
(0.5240162822 0.03193960974 0)
(0.5357674727 0.02926811978 0)
(0.5466174013 0.0265573271 0)
(0.5565417121 0.02378687952 0)
(0.5655097916 0.02093733439 0)
(0.5734847696 0.01798987561 0)
(0.5804234562 0.01492602472 0)
(0.5862761999 0.0117273235 0)
(0.5909866498 0.008374961168 0)
(0.5944913923 0.004849312543 0)
(0.5967194876 0.001129344688 0)
(0.5975916986 -0.002808139482 0)
(0.5970192488 -0.006989627114 0)
(0.5949028194 -0.0114464142 0)
(0.5911305108 -0.01621687454 0)
(0.5855750782 -0.02134943573 0)
(0.5780902527 -0.02690688448 0)
(0.5685056019 -0.03297260942 0)
(0.5566193832 -0.03965965986 0)
(0.5421886857 -0.04712397744 0)
(0.5249159742 -0.05558380917 0)
(0.5044311033 -0.06534818641 0)
(0.4802682403 -0.07685838969 0)
(0.4518385795 -0.09074709378 0)
(0.4184037182 -0.1079190481 0)
(0.3790640659 -0.1296509977 0)
(0.3327971827 -0.1576879623 0)
(0.2786211478 -0.1942574787 0)
(0.2160257699 -0.2417926558 0)
(0.1458966009 -0.3018865406 0)
(0.07217724493 -0.3725535896 0)
(0.004227324623 -0.4424352229 0)
(-0.04155032242 -0.4810723841 0)
(-0.04852110349 -0.430623247 0)
(-0.01243670119 -0.2171634808 0)
(-0.01461391025 0.1488103193 0)
(-0.06134797863 0.2607974879 0)
(-0.07325566485 0.2799468835 0)
(-0.0590962262 0.2610450962 0)
(-0.02754399901 0.2298502954 0)
(0.01310657656 0.1976543334 0)
(0.0573134257 0.1688367259 0)
(0.1017975925 0.1445107704 0)
(0.1447929364 0.1244995464 0)
(0.1854657571 0.1082020157 0)
(0.2235099578 0.09494554679 0)
(0.2589073672 0.08411760846 0)
(0.2917850556 0.075207258 0)
(0.3223334093 0.06780562772 0)
(0.3507609106 0.06159211435 0)
(0.3772708025 0.05631749623 0)
(0.4020500237 0.05178835895 0)
(0.4252648611 0.04785413174 0)
(0.4470601487 0.04439683794 0)
(0.4675602007 0.0413232163 0)
(0.4868704842 0.03855875441 0)
(0.5050795019 0.03604320302 0)
(0.5222606258 0.03372721285 0)
(0.5384737602 0.03156981223 0)
(0.5537667963 0.02953651051 0)
(0.5681768535 0.02759786647 0)
(0.5817313261 0.02572840185 0)
(0.5944487564 0.02390577132 0)
(0.6063395585 0.02211012315 0)
(0.6174066138 0.02032360126 0)
(0.6276457568 0.01852995165 0)
(0.6370461653 0.01671420464 0)
(0.6455906658 0.01486241038 0)
(0.6532559603 0.01296140875 0)
(0.6600127777 0.01099861715 0)
(0.665825947 0.008961819827 0)
(0.6706543857 0.006838941823 0)
(0.6744509876 0.004617787851 0)
(0.677162384 0.002285723034 0)
(0.6787286305 -0.0001707191065 0)
(0.6790824054 -0.002766350583 0)
(0.6781483045 -0.005518154121 0)
(0.6758416771 -0.008446353195 0)
(0.6720667362 -0.01157594208 0)
(0.6667140073 -0.01493876396 0)
(0.6596567458 -0.01857653569 0)
(0.6507458443 -0.02254526398 0)
(0.6398025873 -0.02692173545 0)
(0.6266083407 -0.03181317039 0)
(0.6108898788 -0.03737175204 0)
(0.592298582 -0.0438167124 0)
(0.5703812609 -0.05146813128 0)
(0.5445401961 -0.06079870076 0)
(0.5139810321 -0.0725122458 0)
(0.4776517158 -0.087659465 0)
(0.4341891315 -0.1077973184 0)
(0.3819240621 -0.1351739686 0)
(0.3190708238 -0.1728364279 0)
(0.2443757699 -0.2243180449 0)
(0.158748914 -0.2919745751 0)
(0.06857835818 -0.3718587753 0)
(-0.009732511943 -0.4417333646 0)
(-0.04930656203 -0.4399936462 0)
(-0.01775332883 -0.2519586382 0)
(-0.01998245672 0.2003035551 0)
(-0.06154491493 0.2856779349 0)
(-0.03715066868 0.2654359259 0)
(0.01553476284 0.2230597602 0)
(0.07769613217 0.1808207444 0)
(0.1403330907 0.145135252 0)
(0.199225432 0.1170809625 0)
(0.252728171 0.0956023619 0)
(0.3006161527 0.07924674127 0)
(0.3432920409 0.06674357964 0)
(0.3813632045 0.05709615007 0)
(0.4154613527 0.04955618889 0)
(0.4461674242 0.0435761769 0)
(0.4739844555 0.03875952026 0)
(0.4993345807 0.03481892405 0)
(0.5225664785 0.03154513438 0)
(0.5439659273 0.02878439118 0)
(0.5637663607 0.02642242122 0)
(0.582158255 0.02437317321 0)
(0.5992970008 0.02257091107 0)
(0.615309296 0.02096465018 0)
(0.6302982485 0.01951422065 0)
(0.6443474159 0.01818746217 0)
(0.6575239895 0.01695820881 0)
(0.6698813062 0.01580482873 0)
(0.6814608311 0.0147091563 0)
(0.6922937307 0.01365570391 0)
(0.7024021242 0.01263107448 0)
(0.711800084 0.01162351895 0)
(0.7204944397 0.0106225988 0)
(0.7284854233 0.009618924676 0)
(0.7357671879 0.008603949691 0)
(0.7423282212 0.007569800927 0)
(0.748151667 0.006509136102 0)
(0.7532155664 0.005415014124 0)
(0.7574930184 0.004280769115 0)
(0.7609522597 0.003099877249 0)
(0.7635566503 0.001865805142 0)
(0.7652645551 0.0005718272396 0)
(0.7660291257 -0.0007891667518 0)
(0.7657976735 -0.002225050242 0)
(0.7645113116 -0.0037448904 0)
(0.7621037558 -0.005359587179 0)
(0.7584998216 -0.007082737277 0)
(0.7536132508 -0.008931851998 0)
(0.7473435833 -0.01093012792 0)
(0.7395716552 -0.01310904081 0)
(0.7301530911 -0.01551219352 0)
(0.7189088548 -0.01820112072 0)
(0.70561144 -0.0212642033 0)
(0.6899645682 -0.02483061208 0)
(0.6715732004 -0.0290925131 0)
(0.649899216 -0.03434100718 0)
(0.6241963817 -0.04102502781 0)
(0.5934170532 -0.04984838244 0)
(0.556085313 -0.06192835127 0)
(0.5101453322 -0.07904590659 0)
(0.4528412745 -0.1040034032 0)
(0.3808232154 -0.1409979712 0)
(0.2910463541 -0.1954841264 0)
(0.1836465975 -0.2716662151 0)
(0.06795248271 -0.3627634755 0)
(-0.02696839654 -0.4234287383 0)
(-0.02430420874 -0.300937618 0)
(-0.008719778671 0.2514898013 0)
(0.0004598312454 0.2721044964 0)
(0.1010433274 0.2051340788 0)
(0.2069131619 0.1490489075 0)
(0.2971129053 0.1073196583 0)
(0.372071286 0.07775984425 0)
(0.4339689346 0.0576134213 0)
(0.4849787734 0.0439327935 0)
(0.527338083 0.034497088 0)
(0.5629657794 0.02785527469 0)
(0.5933473347 0.02307157418 0)
(0.6196091534 0.01953859399 0)
(0.642602912 0.01686191718 0)
(0.6629712077 0.01478347783 0)
(0.6812003763 0.01313176297 0)
(0.6976612926 0.01179064249 0)
(0.7126393415 0.01067990318 0)
(0.7263561258 0.009742958109 0)
(0.7389852031 0.008939012262 0)
(0.7506635136 0.00823801184 0)
(0.7614997097 0.007617339379 0)
(0.7715802698 0.007059615932 0)
(0.7809740248 0.006551215552 0)
(0.7897355394 0.006081245027 0)
(0.7979076628 0.005640832198 0)
(0.8055234719 0.005222622163 0)
(0.8126077674 0.004820415612 0)
(0.8191782364 0.004428905671 0)
(0.8252463656 0.004043483794 0)
(0.8308181643 0.003660094505 0)
(0.835894742 0.003275124794 0)
(0.8404727715 0.002885317995 0)
(0.8445448606 0.002487704578 0)
(0.8480998476 0.00207954395 0)
(0.8511230305 0.001658272353 0)
(0.8535963338 0.00122145238 0)
(0.8554984127 0.0007667197721 0)
(0.8568046867 0.0002917239032 0)
(0.8574873223 -0.0002059316287 0)
(0.8575149944 -0.0007287918303 0)
(0.8568527701 -0.001279713429 0)
(0.8554615671 -0.001862028132 0)
(0.8532974267 -0.002479791559 0)
(0.8503104534 -0.003138139453 0)
(0.8464432474 -0.003843792028 0)
(0.8416286266 -0.004605780173 0)
(0.8357863205 -0.005436511383 0)
(0.8288181464 -0.006353362586 0)
(0.8206009205 -0.007381111306 0)
(0.8109759299 -0.008555737318 0)
(0.7997330924 -0.009930528826 0)
(0.7865867695 -0.01158617744 0)
(0.7711382592 -0.01364797755 0)
(0.7528167686 -0.01631602639 0)
(0.7307854244 -0.0199197735 0)
(0.7037908532 -0.02501887943 0)
(0.6699241588 -0.0325921673 0)
(0.6262532967 -0.04438926322 0)
(0.5683198344 -0.06355184783 0)
(0.4897007507 -0.09552719901 0)
(0.3821564969 -0.1486634915 0)
(0.2376495351 -0.2317164712 0)
(0.06801025414 -0.3350695314 0)
(-0.004353875167 -0.3209820238 0)
(0.2405304547 0.1241678684 0)
(0.3465004992 0.1052016583 0)
(0.5044741054 0.05686395981 0)
(0.6213938073 0.03140719214 0)
(0.695073521 0.0185493249 0)
(0.7449468638 0.01112520805 0)
(0.7806482539 0.006836160145 0)
(0.8068776501 0.004409284853 0)
(0.8267994512 0.003005888692 0)
(0.8424920885 0.002164110656 0)
(0.855247572 0.001640923551 0)
(0.865892561 0.00130230874 0)
(0.8749763266 0.001072864699 0)
(0.8828718621 0.0009100301001 0)
(0.8898382183 0.0007893107368 0)
(0.8960599668 0.0006961810481 0)
(0.9016717318 0.0006217566452 0)
(0.9067737074 0.0005604208602 0)
(0.911441761 0.0005084916485 0)
(0.9157341517 0.0004634632919 0)
(0.9196960852 0.0004235669893 0)
(0.9233628647 0.0003875096951 0)
(0.9267621169 0.0003543148082 0)
(0.9299153917 0.0003232224806 0)
(0.9328393341 0.0002936256104 0)
(0.9355465554 0.0002650277083 0)
(0.9380462917 0.0002370145031 0)
(0.9403449101 0.0002092343778 0)
(0.9424463014 0.0001813845947 0)
(0.9443521911 0.0001532013749 0)
(0.9460623871 0.000124452562 0)
(0.9475749796 9.493200221e-05 0)
(0.9488865028 6.445501992e-05 0)
(0.9499920655 3.285450992e-05 0)
(0.9508854546 -2.275742401e-08 0)
(0.9515592127 -3.432000705e-05 0)
(0.952004691 -7.017504547e-05 0)
(0.952212075 -0.000107725356 0)
(0.952170371 -0.0001471115302 0)
(0.9518673736 -0.0001884862182 0)
(0.9512895378 -0.0002320417532 0)
(0.9504217783 -0.0002780180104 0)
(0.9492471783 -0.0003267266215 0)
(0.9477465348 -0.0003785896384 0)
(0.9458976841 -0.0004341916482 0)
(0.9436745179 -0.0004943537642 0)
(0.9410455505 -0.0005602429132 0)
(0.9379718203 -0.0006335368842 0)
(0.934403784 -0.0007166809668 0)
(0.9302766563 -0.0008133013975 0)
(0.9255032732 -0.0009288987844 0)
(0.9199628991 -0.001072063432 0)
(0.9134831507 -0.001256705307 0)
(0.9058098407 -0.001506336048 0)
(0.8965548504 -0.001862647879 0)
(0.8851027249 -0.002403326189 0)
(0.8704372329 -0.00328009128 0)
(0.8508088117 -0.004802360621 0)
(0.8230978846 -0.007622274108 0)
(0.7816713494 -0.01308695257 0)
(0.7159172741 -0.02385929015 0)
(0.6034538085 -0.04685818449 0)
(0.4186021746 -0.100391011 0)
(0.2837429294 -0.1401605967 0)
)
;

boundaryField
{
    movingWall
    {
        type            fixedValue;
        value           uniform (1 0 0);
    }
    fixedWalls
    {
        type            noSlip;
    }
    frontAndBack
    {
        type            empty;
    }
}


// ************************************************************************* //
