/*--------------------------------*- C++ -*----------------------------------*\
  =========                 |
  \\      /  F ield         | OpenFOAM: The Open Source CFD Toolbox
   \\    /   O peration     | Website:  https://openfoam.org
    \\  /    A nd           | Version:  11
     \\/     M anipulation  |
\*---------------------------------------------------------------------------*/
FoamFile
{
    format      ascii;
    class       surfaceScalarField;
    location    "1952";
    object      phi;
}
// * * * * * * * * * * * * * * * * * * * * * * * * * * * * * * * * * * * * * //

dimensions      [0 3 -1 0 0 0 0];

internalField   nonuniform List<scalar> 
8064
(
2.666903352e-11
-2.666913897e-11
6.029718844e-11
-3.362814856e-11
7.583374528e-11
-1.553655606e-11
6.15471204e-11
1.428662467e-11
1.349645686e-11
4.805066463e-11
-6.815866076e-11
8.165512034e-11
-1.811106499e-10
1.129519935e-10
-3.22025829e-10
1.40915185e-10
-4.871802891e-10
1.651544674e-10
-6.728128009e-10
1.856325203e-10
-8.75313815e-10
2.025010238e-10
-1.091317212e-09
2.160034073e-10
-1.317732984e-09
2.264157834e-10
-1.551743786e-09
2.340108132e-10
-1.790779803e-09
2.390360292e-10
-2.032481521e-09
2.417017303e-10
-2.274656997e-09
2.421754882e-10
-2.515238346e-09
2.405813606e-10
-2.752240836e-09
2.370025022e-10
-2.983727043e-09
2.314862186e-10
-3.207777767e-09
2.24050735e-10
-3.422470859e-09
2.14693102e-10
-3.625868623e-09
2.033977735e-10
-3.816014089e-09
1.901454748e-10
-3.990936124e-09
1.749220422e-10
-4.148663085e-09
1.577269683e-10
-4.287244503e-09
1.38581423e-10
-4.404780047e-09
1.175355469e-10
-4.499454878e-09
9.467483321e-11
-4.569580303e-09
7.012542602e-11
-4.613638475e-09
4.405817013e-11
-4.630329732e-09
1.669125452e-11
-4.618620929e-09
-1.170880748e-11
-4.577793088e-09
-4.082784808e-11
-4.507487058e-09
-7.030603783e-11
-4.407744888e-09
-9.97421805e-11
-4.279044996e-09
-1.286999027e-10
-4.12232952e-09
-1.567154896e-10
-3.93902213e-09
-1.833074044e-10
-3.731034852e-09
-2.079872927e-10
-3.500762677e-09
-2.302721916e-10
-3.251065107e-09
-2.49697587e-10
-2.985234233e-09
-2.658308913e-10
-2.706949391e-09
-2.782848594e-10
-2.420218979e-09
-2.867304302e-10
-2.129310512e-09
-2.909084838e-10
-1.838670489e-09
-2.906400402e-10
-1.552835993e-09
-2.858345109e-10
-1.276340257e-09
-2.764957515e-10
-1.013614412e-09
-2.62725858e-10
-7.688875028e-10
-2.447269214e-10
-5.460861909e-10
-2.228013224e-10
-3.487345404e-10
-1.973516591e-10
-1.79852417e-10
-1.688821304e-10
-4.184813014e-11
-1.38004292e-10
6.360390276e-11
-1.054520363e-10
1.357166048e-10
-7.211270394e-11
1.748033985e-10
-3.908679414e-11
1.825988409e-10
-7.795441663e-12
1.627588207e-10
1.98400216e-11
1.21635433e-10
4.11233896e-11
6.944712472e-11
5.218831018e-11
2.202898715e-11
4.741813864e-11
2.202898684e-11
3.401734288e-11
-6.068647272e-11
6.235812172e-11
-6.196892278e-11
4.046301931e-11
6.358546483e-12
-5.409538197e-11
1.088450249e-10
-2.305554571e-10
2.245107389e-10
-4.898090313e-10
3.409086946e-10
-8.277185777e-10
4.508615408e-10
-1.237306102e-09
5.505027113e-10
-1.7101633e-09
6.380116677e-10
-2.237340891e-09
7.128101142e-10
-2.809892057e-09
7.750521944e-10
-3.419184934e-09
8.252962884e-10
-4.057060449e-09
8.642913028e-10
-4.715887239e-09
8.928376087e-10
-5.388549552e-09
9.116983473e-10
-6.068393687e-09
9.2154587e-10
-6.749151585e-09
9.229333916e-10
-7.424855303e-09
9.162850839e-10
-8.089752551e-09
9.018997542e-10
-8.738230798e-09
8.799644705e-10
-9.364755356e-09
8.505752976e-10
-9.96382513e-09
8.137628794e-10
-1.052994837e-08
7.695210186e-10
-1.105763962e-08
7.178367276e-10
-1.154143806e-08
6.587204788e-10
-1.197594666e-08
5.922355785e-10
-1.235589099e-08
5.185257501e-10
-1.267619557e-08
4.378401241e-10
-1.293207566e-08
3.505549261e-10
-1.311914146e-08
2.571912191e-10
-1.32335114e-08
1.584281103e-10
-1.327193102e-08
5.511086911e-11
-1.323189325e-08
-5.174658469e-11
-1.311175597e-08
-1.60965129e-10
-1.291085257e-08
-2.712094517e-10
-1.262959056e-08
-3.81004196e-10
-1.226953408e-08
-4.887563909e-10
-1.183346577e-08
-5.92783811e-10
-1.132542422e-08
-6.913489607e-10
-1.075071354e-08
-7.826979857e-10
-1.01158822e-08
-8.651035463e-10
-9.428669352e-09
-9.369104436e-10
-8.697917679e-09
-9.965825767e-10
-7.933452902e-09
-1.042749649e-09
-7.14593138e-09
-1.074251964e-09
-6.34665821e-09
-1.090181666e-09
-5.547379324e-09
-1.089918937e-09
-4.760051908e-09
-1.073161938e-09
-3.996597928e-09
-1.039949742e-09
-3.268645622e-09
-9.906781741e-10
-2.587263233e-09
-9.261093195e-10
-1.962687906e-09
-8.473766573e-10
-1.404050268e-09
-7.559893036e-10
-9.190914654e-10
-6.538409389e-10
-5.138638725e-10
-5.432318898e-10
-1.92398982e-10
-4.269169307e-10
4.368539374e-11
-3.081970827e-10
1.956804724e-10
-1.910818751e-10
2.684419667e-10
-8.055693766e-11
2.712804025e-10
1.700158457e-11
2.191614425e-10
9.324234869e-11
1.342337967e-10
1.371159554e-10
4.733718267e-11
1.343147507e-10
6.9366167e-11
1.624851069e-11
-7.693498032e-11
-5.756059659e-12
-3.996435129e-11
-1.112260583e-10
1.118285438e-10
-3.247498409e-10
3.223688054e-10
-6.571171039e-10
5.568779994e-10
-1.109507563e-09
7.932991505e-10
-1.676709341e-09
1.018063316e-09
-2.349519839e-09
1.223313207e-09
-3.116458305e-09
1.40495013e-09
-3.964946021e-09
1.561297827e-09
-4.882089362e-09
1.692195532e-09
-5.855171555e-09
1.798378478e-09
-6.871934129e-09
1.881053874e-09
-7.920709441e-09
1.941612917e-09
-8.990450731e-09
1.981439634e-09
-1.007069506e-08
2.001790191e-09
-1.11514861e-08
2.00372443e-09
-1.222327756e-08
1.988076542e-09
-1.327683294e-08
1.955455128e-09
-1.430313357e-08
1.906265103e-09
-1.529330373e-08
1.840745455e-09
-1.623855885e-08
1.759017987e-09
-1.713018085e-08
1.661143016e-09
-1.795952282e-08
1.547178698e-09
-1.871804349e-08
1.417241147e-09
-1.939737092e-08
1.271563004e-09
-1.998939358e-08
1.110548405e-09
-2.048637608e-08
9.348226182e-10
-2.088109597e-08
7.452748179e-10
-2.11669974e-08
5.430926377e-10
-2.133835659e-08
3.297873008e-10
-2.139045398e-08
1.072082543e-10
-2.1319747e-08
-1.224535687e-10
-2.112403749e-08
-3.566746427e-10
-2.080262712e-08
-5.926198209e-10
-2.035645454e-08
-8.271767866e-10
-1.978820793e-08
-1.057003002e-09
-1.910240718e-08
-1.278584558e-09
-1.830545007e-08
-1.48830608e-09
-1.740561781e-08
-1.682530251e-09
-1.641303634e-08
-1.857685019e-09
-1.533959066e-08
-2.010356127e-09
-1.419879104e-08
-2.137382191e-09
-1.30055914e-08
-2.235949297e-09
-1.177616143e-08
-2.303681931e-09
-1.052761597e-08
-2.338727136e-09
-9.277705846e-09
-2.339829061e-09
-8.044476152e-09
-2.306391634e-09
-6.845897938e-09
-2.238527958e-09
-5.699479859e-09
-2.137096255e-09
-4.621865388e-09
-2.003723793e-09
-3.628419709e-09
-1.840822339e-09
-2.73280766e-09
-1.651601354e-09
-1.946560069e-09
-1.440088533e-09
-1.27862027e-09
-1.211171691e-09
-7.348556545e-10
-9.70681549e-10
-3.175109013e-10
-7.255418385e-10
-2.457179395e-11
-4.840209852e-10
1.509977324e-10
-2.561264668e-10
2.221806498e-10
-5.418133567e-11
2.09016529e-10
1.064064668e-10
1.398670483e-10
2.062654336e-10
5.28890696e-11
2.212927256e-10
1.222552332e-10
-1.407898701e-11
-6.285599383e-11
-1.112856229e-10
5.724228344e-11
-3.288756922e-10
3.294186111e-10
-6.87929267e-10
6.814223777e-10
-1.19736059e-09
1.06630932e-09
-1.85694557e-09
1.452884127e-09
-2.659924374e-09
1.821042118e-09
-3.595150761e-09
2.15853959e-09
-4.648764135e-09
2.458563502e-09
-5.805430097e-09
2.717963785e-09
-7.049219481e-09
2.935984912e-09
-8.364197369e-09
3.113356363e-09
-9.734787332e-09
3.251643834e-09
-1.114596709e-08
3.352792676e-09
-1.258334241e-08
3.418814951e-09
-1.403313747e-08
3.451585245e-09
-1.548213266e-08
3.452719614e-09
-1.691757452e-08
3.423518395e-09
-1.832707725e-08
3.364957857e-09
-1.96985309e-08
3.277718754e-09
-2.102002745e-08
3.162242002e-09
-2.227981286e-08
3.018803392e-09
-2.346627044e-08
2.847600592e-09
-2.456793848e-08
2.648846727e-09
-2.557356306e-08
2.422865727e-09
-2.647218545e-08
2.170185386e-09
-2.725326168e-08
1.891624634e-09
-2.790681114e-08
1.588372073e-09
-2.842358951e-08
1.262053184e-09
-2.879528085e-08
9.147839728e-10
-2.901470267e-08
5.492091198e-10
-2.907601738e-08
1.685229585e-10
-2.897494303e-08
-2.235279242e-10
-2.870895572e-08
-6.226619534e-10
-2.827747588e-08
-1.024099667e-09
-2.768203079e-08
-1.422621873e-09
-2.692638613e-08
-1.812647667e-09
-2.601663933e-08
-2.188331367e-09
-2.496126853e-08
-2.543676883e-09
-2.377113158e-08
-2.872667201e-09
-2.245941069e-08
-3.169405915e-09
-2.10414997e-08
-3.428267118e-09
-1.953483254e-08
-3.644049358e-09
-1.795865286e-08
-3.812128979e-09
-1.633372684e-08
-3.92860795e-09
-1.468200258e-08
-3.990451405e-09
-1.302622112e-08
-3.995610523e-09
-1.138948552e-08
-3.943127232e-09
-9.79479499e-09
-3.833218495e-09
-8.264551512e-09
-3.667339735e-09
-6.820046018e-09
-3.44822929e-09
-5.480929608e-09
-3.179938752e-09
-4.264673294e-09
-2.86785767e-09
-3.186016348e-09
-2.518745482e-09
-2.256399299e-09
-2.140788743e-09
-1.483373082e-09
-1.743707768e-09
-8.699716517e-10
-1.338943271e-09
-4.140329786e-10
-9.399596608e-10
-1.074540708e-10
-5.627053772e-10
6.463229405e-11
-2.262677031e-10
1.247681592e-10
4.627059902e-11
1.041874908e-10
2.268460998e-10
4.423252782e-11
2.812476849e-10
1.664877573e-10
-4.993675323e-11
-1.291924315e-11
-2.357416846e-10
2.430472117e-10
-5.826356247e-10
6.763125488e-10
-1.104620737e-09
1.203407487e-09
-1.80613399e-09
1.76782257e-09
-2.683872996e-09
2.33062313e-09
-3.72865445e-09
2.865823568e-09
-4.92711954e-09
3.357004677e-09
-6.263173232e-09
3.794617191e-09
-7.719125288e-09
4.173915838e-09
-9.276545638e-09
4.493405259e-09
-1.09168681e-08
4.753678817e-09
-1.262178483e-08
4.956560565e-09
-1.437347505e-08
5.104482891e-09
-1.615470847e-08
5.200048371e-09
-1.794885962e-08
5.245736387e-09
-1.973986382e-08
5.243723806e-09
-2.151214078e-08
5.195795352e-09
-2.325050684e-08
5.103323917e-09
-2.494009256e-08
4.967304467e-09
-2.656627842e-08
4.788427855e-09
-2.811465799e-08
4.567182956e-09
-2.957103468e-08
4.303977283e-09
-3.092145565e-08
3.999267694e-09
-3.2152284e-08
3.653694068e-09
-3.32503085e-08
3.268209883e-09
-3.420288841e-08
2.844204537e-09
-3.499812934e-08
2.383613001e-09
-3.562508522e-08
1.889009055e-09
-3.607398011e-08
1.363678864e-09
-3.633644316e-08
8.116721618e-10
-3.640574894e-08
2.378287401e-10
-3.62770556e-08
-3.522212737e-10
-3.594763188e-08
-9.520856751e-10
-3.541706479e-08
-1.554666764e-09
-3.468743934e-08
-2.152247322e-09
-3.376348245e-08
-2.736604563e-09
-3.265266318e-08
-3.299150646e-09
-3.136524244e-08
-3.831097628e-09
-2.991426608e-08
-4.323643564e-09
-2.831549643e-08
-4.768175562e-09
-2.658727889e-08
-5.15648467e-09
-2.475034152e-08
-5.480986729e-09
-2.282752772e-08
-5.734942784e-09
-2.084346334e-08
-5.91267233e-09
-1.882416193e-08
-6.009752816e-09
-1.679657312e-08
-6.023199337e-09
-1.478808083e-08
-5.951619522e-09
-1.282595906e-08
-5.795340276e-09
-1.093679349e-08
-5.55650531e-09
-9.145877418e-09
-5.23914536e-09
-7.476589549e-09
-4.849226622e-09
-5.949759938e-09
-4.394687284e-09
-4.583028397e-09
-3.885477025e-09
-3.390197237e-09
-3.333619904e-09
-2.380578088e-09
-2.75332692e-09
-1.558331242e-09
-2.16119012e-09
-9.217964056e-10
-1.576494499e-09
-4.628156485e-10
-1.021686137e-09
-1.660494766e-10
-5.230338775e-10
-8.279923584e-12
-1.114989563e-10
4.233864842e-11
1.762275255e-10
2.730267265e-11
2.962836568e-10
1.937904266e-10
-8.779258994e-11
7.487334192e-11
-3.685633282e-10
5.238179458e-10
-8.541540869e-10
1.161903305e-09
-1.549499071e-09
1.898752468e-09
-2.452756714e-09
2.67108021e-09
-3.556161753e-09
3.434028165e-09
-4.84718888e-09
4.156850691e-09
-6.30977322e-09
4.819589014e-09
-7.925433688e-09
5.410277655e-09
-9.674222406e-09
5.922704552e-09
-1.153547341e-08
6.354656258e-09
-1.348835424e-08
6.706559644e-09
-1.551224116e-08
6.980447478e-09
-1.758694684e-08
7.179188568e-09
-1.969283204e-08
7.305933569e-09
-2.181083194e-08
7.363736274e-09
-2.39224253e-08
7.355317163e-09
-2.600957131e-08
7.282941358e-09
-2.805463478e-08
7.148387383e-09
-3.004031683e-08
6.952986515e-09
-3.194960425e-08
6.697715265e-09
-3.376574722e-08
6.383325921e-09
-3.547227206e-08
6.010502115e-09
-3.705303257e-08
5.580028203e-09
-3.849230135e-08
5.092962837e-09
-3.97749e-08
4.550808527e-09
-4.088636566e-08
3.955670201e-09
-4.181314951e-08
3.310396844e-09
-4.254284165e-08
2.618701184e-09
-4.306441595e-08
1.88525316e-09
-4.336848741e-08
1.115743621e-09
-4.344757401e-08
3.169153346e-10
-4.329635479e-08
-5.034404974e-10
-4.291191505e-08
-1.336525425e-09
-4.229396963e-08
-2.172612183e-09
-4.144505575e-08
-3.001161208e-09
-4.037068658e-08
-3.810973737e-09
-3.907945773e-08
-4.590379498e-09
-3.758309907e-08
-5.3274563e-09
-3.589646531e-08
-6.010277325e-09
-3.403746009e-08
-6.627180784e-09
-3.202688932e-08
-7.167055448e-09
-2.988824142e-08
-7.619634628e-09
-2.764739381e-08
-7.9757904e-09
-2.533224663e-08
-8.227819514e-09
-2.2972287e-08
-8.369712448e-09
-2.059808868e-08
-8.397397658e-09
-1.824075392e-08
-8.308954285e-09
-1.59313057e-08
-8.104788504e-09
-1.370003966e-08
-7.787771346e-09
-1.157584576e-08
-7.363339266e-09
-9.585509504e-09
-6.839562882e-09
-7.753002641e-09
-6.22719415e-09
-6.098772069e-09
-5.5397076e-09
-4.639035115e-09
-4.79335686e-09
-3.385088798e-09
-4.007273239e-09
-2.342641041e-09
-3.203637879e-09
-1.511173337e-09
-2.407962206e-09
-8.833462582e-10
-1.649513217e-09
-4.444587227e-10
-9.619214155e-10
-1.719656176e-10
-3.839920639e-10
-3.504125782e-11
3.930316365e-11
5.896513621e-12
2.553458821e-10
1.996869371e-10
-1.258469055e-10
2.007202405e-10
-5.037712066e-10
9.017422412e-10
-1.132245517e-09
1.790377612e-09
-2.006236597e-09
2.772743545e-09
-3.116516934e-09
3.781360544e-09
-4.449841986e-09
4.767353213e-09
-5.989551472e-09
5.696560172e-09
-7.71634526e-09
6.546382798e-09
-9.609076967e-09
7.303009358e-09
-1.164547148e-08
7.959099056e-09
-1.380271834e-08
8.511903115e-09
-1.605792466e-08
8.961765962e-09
-1.838843147e-08
9.310954282e-09
-2.077200947e-08
9.562766565e-09
-2.318695632e-08
9.720880411e-09
-2.561211967e-08
9.788899613e-09
-2.802686997e-08
9.770067463e-09
-3.041104518e-08
9.667116561e-09
-3.274488657e-08
9.482228769e-09
-3.500898192e-08
9.217081851e-09
-3.718422868e-08
8.872962026e-09
-3.925182681e-08
8.450924048e-09
-4.119330741e-08
7.951982708e-09
-4.299060091e-08
7.377321693e-09
-4.462614579e-08
6.728507716e-09
-4.608303679e-08
6.007699515e-09
-4.734520949e-08
5.217842901e-09
-4.839765705e-08
4.3628444e-09
-4.922667306e-08
3.447717181e-09
-4.982011392e-08
2.478694022e-09
-5.016767325e-08
1.463302937e-09
-5.026115989e-08
4.104019726e-10
-5.009477152e-08
-6.698288752e-10
-4.966535417e-08
-1.765942777e-09
-4.897263886e-08
-2.865327494e-09
-4.801944636e-08
-3.95435372e-09
-4.681185119e-08
-5.01856891e-09
-4.535929665e-08
-6.04293404e-09
-4.367465281e-08
-7.012100146e-09
-4.177421046e-08
-7.910719683e-09
-3.967760492e-08
-8.723786329e-09
-3.740766489e-08
-9.436995475e-09
-3.499018308e-08
-1.003711645e-08
-3.245360696e-08
-1.051236652e-08
-2.982865026e-08
-1.085277622e-08
-2.714782747e-08
-1.105053524e-08
-2.444491612e-08
-1.110030901e-08
-2.175435345e-08
-1.099951696e-08
-1.91105762e-08
-1.074856575e-08
-1.654731387e-08
-1.035103369e-08
-1.409684699e-08
-9.813806148e-09
-1.178924335e-08
-9.14716652e-09
-9.651585157e-09
-8.364852348e-09
-7.707200845e-09
-7.484091914e-09
-5.974915524e-09
-6.525642183e-09
-4.468334515e-09
-5.51385425e-09
-3.195175772e-09
-4.476796625e-09
-2.156668816e-09
-3.446469164e-09
-1.347039958e-09
-2.459142077e-09
-7.531046598e-10
-1.555856716e-09
-3.539877766e-10
-7.831089492e-10
-1.209951079e-10
-1.936895072e-10
-1.765822541e-11
1.520089963e-10
1.820287094e-10
-1.632224497e-10
3.63942681e-10
-6.380562254e-10
1.37657601e-09
-1.410205916e-09
2.5625273e-09
-2.464446166e-09
3.826983791e-09
-3.783587638e-09
5.100502012e-09
-5.348243155e-09
6.332008726e-09
-7.13701677e-09
7.485333783e-09
-9.126910618e-09
8.536276642e-09
-1.129381388e-08
9.469912613e-09
-1.361298279e-08
1.027826796e-08
-1.605945718e-08
1.09583775e-08
-1.860838697e-08
1.151069575e-08
-2.123526193e-08
1.193782924e-08
-2.391605088e-08
1.22435555e-08
-2.662726438e-08
1.243209391e-08
-2.934595904e-08
1.250759427e-08
-3.204970259e-08
1.2473811e-08
-3.471651851e-08
1.233393247e-08
-3.73248272e-08
1.209053745e-08
-3.985339802e-08
1.174565266e-08
-4.228132385e-08
1.130088786e-08
-4.458802685e-08
1.075762703e-08
-4.675330101e-08
1.011725687e-08
-4.875739492e-08
9.381415589e-09
-5.058113505e-08
8.552247844e-09
-5.220608861e-08
7.632653068e-09
-5.361476248e-08
6.62651677e-09
-5.47908339e-08
5.53891581e-09
-5.571940692e-08
4.376290195e-09
-5.638728809e-08
3.146575188e-09
-5.678327377e-08
1.859288608e-09
-5.68984411e-08
5.255693007e-10
-5.672643447e-08
-8.418355103e-10
-5.626373819e-08
-2.228639065e-09
-5.550992641e-08
-3.619139283e-09
-5.446788145e-08
-4.996398681e-09
-5.314397143e-08
-6.34247894e-09
-5.154817847e-08
-7.638726999e-09
-4.969416928e-08
-8.866109348e-09
-4.759930002e-08
-1.000558895e-08
-4.528454876e-08
-1.103853759e-08
-4.277436948e-08
-1.194717476e-08
-4.009646321e-08
-1.271502272e-08
-3.728146371e-08
-1.332736602e-08
-3.436253691e-08
-1.377170302e-08
-3.137489569e-08
-1.403817647e-08
-2.835523408e-08
-1.411997062e-08
-2.534108744e-08
-1.40136636e-08
-2.237012757e-08
-1.371952563e-08
-1.947940428e-08
-1.324175698e-08
-1.6704547e-08
-1.258866344e-08
-1.407894162e-08
-1.17727719e-08
-1.163289975e-08
-1.081089422e-08
-9.392838278e-09
-9.72415339e-09
-7.380488668e-09
-8.537991794e-09
-5.612156555e-09
-7.282186365e-09
-4.098053688e-09
-5.990899494e-09
-2.841726416e-09
-4.702796438e-09
-1.839607348e-09
-3.461261148e-09
-1.080719946e-09
-2.31474412e-09
-5.465711251e-10
-1.317257772e-09
-2.112808468e-10
-5.289797873e-10
-4.202912535e-11
-1.724272755e-11
1.399995823e-10
-1.995153014e-10
5.634579712e-10
-7.696183695e-10
1.94667907e-09
-1.68404711e-09
3.476956037e-09
-2.917542417e-09
5.060479093e-09
-4.444750356e-09
6.627709947e-09
-6.239773131e-09
8.127031497e-09
-8.27607892e-09
9.521639566e-09
-1.052662187e-08
1.078681959e-08
-1.296406904e-08
1.190735977e-08
-1.556105765e-08
1.287525657e-08
-1.829043199e-08
1.368775184e-08
-2.112543097e-08
1.434569472e-08
-2.403981446e-08
1.485221272e-08
-2.700792858e-08
1.521166961e-08
-3.000471777e-08
1.54288831e-08
-3.300569657e-08
1.550857306e-08
-3.598689578e-08
1.54550102e-08
-3.892479827e-08
1.527183496e-08
-4.179627858e-08
1.496201775e-08
-4.457855841e-08
1.452793249e-08
-4.72491882e-08
1.397151764e-08
-4.978606194e-08
1.329450077e-08
-5.216747012e-08
1.249866504e-08
-5.437219328e-08
1.158613874e-08
-5.637963628e-08
1.055969084e-08
-5.817000175e-08
9.423018531e-09
-5.972449931e-08
8.181014327e-09
-6.102558614e-08
6.840002633e-09
-6.205723313e-08
5.407937176e-09
-6.280521025e-08
3.8945523e-09
-6.325738398e-08
2.311462328e-09
-6.340401914e-08
6.722044618e-10
-6.323807737e-08
-1.007777294e-09
-6.275550335e-08
-2.711213082e-09
-6.195549004e-08
-4.419152603e-09
-6.084071401e-08
-6.111174719e-09
-5.941753176e-08
-7.765661194e-09
-5.76961279e-08
-9.360130868e-09
-5.569060617e-08
-1.087163108e-08
-5.341901462e-08
-1.22771805e-08
-5.090329672e-08
-1.355425549e-08
-4.81691612e-08
-1.46813103e-08
-4.524586461e-08
-1.563831931e-08
-4.216590254e-08
-1.64073281e-08
-3.896460706e-08
-1.697299851e-08
-3.567965102e-08
-1.732313251e-08
-3.235046217e-08
-1.744915948e-08
-2.901755341e-08
-1.734657236e-08
-2.572177853e-08
-1.701530051e-08
-2.250352586e-08
-1.646000965e-08
-1.940186541e-08
-1.569032389e-08
-1.645366761e-08
-1.47209697e-08
-1.369271417e-08
-1.357184765e-08
-1.114882369e-08
-1.226804387e-08
-8.84701621e-09
-1.083979928e-08
-6.806742632e-09
-9.322459945e-09
-5.041206538e-09
-7.75643559e-09
-3.556807704e-09
-6.187195273e-09
-2.352739392e-09
-4.665329462e-09
-1.420775385e-09
-3.246708129e-09
-7.452904417e-10
-1.992742717e-09
-3.035744148e-10
-9.706958164e-10
-6.65368707e-11
-2.54280274e-10
7.346271096e-11
-2.345522228e-10
7.980101806e-10
-8.974832741e-10
2.609610111e-09
-1.951380835e-09
4.530853595e-09
-3.361308274e-09
6.470406527e-09
-5.093790194e-09
8.360191862e-09
-7.116277974e-09
1.014951927e-08
-9.396883552e-09
1.180224514e-08
-1.190428629e-08
1.329422232e-08
-1.460774429e-08
1.461081777e-08
-1.74771536e-08
1.574466587e-08
-2.048311402e-08
1.669371225e-08
-2.359697604e-08
1.745955673e-08
-2.679085601e-08
1.804609269e-08
-3.003761666e-08
1.845843025e-08
-3.33108171e-08
1.870208352e-08
-3.6584641e-08
1.878239697e-08
-3.983381402e-08
1.870418321e-08
-4.303352211e-08
1.847154304e-08
-4.615934217e-08
1.80878378e-08
-4.91871948e-08
1.755578511e-08
-5.209332725e-08
1.687765008e-08
-5.485433228e-08
1.605550579e-08
-5.74472068e-08
1.509153956e-08
-5.984945163e-08
1.398838356e-08
-6.203921218e-08
1.274945138e-08
-6.399545806e-08
1.137926441e-08
-6.569819829e-08
9.883754543e-09
-6.712872759e-08
8.27053193e-09
-6.826989866e-08
6.549108238e-09
-6.910641418e-08
4.73106782e-09
-6.962513224e-08
2.830180372e-09
-6.981537788e-08
8.62450103e-10
-6.96692538e-08
-1.153901388e-09
-6.918194191e-08
-3.198524972e-09
-6.835198697e-08
-5.249107551e-09
-6.718155396e-08
-7.281607738e-09
-6.567664954e-08
-9.270565622e-09
-6.384729819e-08
-1.118948222e-08
-6.17076632e-08
-1.301126608e-08
-5.927610248e-08
-1.470874123e-08
-5.657514973e-08
-1.625520825e-08
-5.363141172e-08
-1.762504831e-08
-5.047537404e-08
-1.8794357e-08
-4.714110886e-08
-1.974159328e-08
-4.366588086e-08
-2.044822651e-08
-4.008964985e-08
-2.089936353e-08
-3.645447216e-08
-2.108433717e-08
-3.280380641e-08
-2.099723812e-08
-2.918173304e-08
-2.063737388e-08
-2.563210124e-08
-2.000964146e-08
-2.219762052e-08
-1.912480461e-08
-1.891891811e-08
-1.799967211e-08
-1.583358624e-08
-1.665717953e-08
-1.297524624e-08
-1.512638387e-08
-1.037265864e-08
-1.344238689e-08
-8.048909909e-09
-1.164620867e-08
-6.020708178e-09
-9.784637323e-09
-4.297821474e-09
-7.910081979e-09
-2.882694233e-09
-6.080456705e-09
-1.770281192e-09
-4.359121172e-09
-9.481446331e-10
-2.814879278e-09
-3.968748579e-10
-1.521965593e-09
-9.092181365e-11
-5.602333194e-10
-1.745910265e-11
-2.682641948e-10
1.06627436e-09
-1.021109423e-09
3.362455328e-09
-2.210730285e-09
5.720474454e-09
-3.792958454e-09
8.05263469e-09
-5.7263946e-09
1.0293628e-08
-7.971865817e-09
1.239499048e-08
-1.049205619e-08
1.432243551e-08
-1.325125979e-08
1.605342591e-08
-1.62152192e-08
1.757477717e-08
-1.935101391e-08
1.888046058e-08
-2.26269699e-08
1.996966823e-08
-2.601257106e-08
2.084515788e-08
-2.947836193e-08
2.151188355e-08
-3.299583829e-08
2.19759066e-08
-3.653732782e-08
2.224357304e-08
-4.007586655e-08
2.232093569e-08
-4.358507942e-08
2.221339607e-08
-4.703907341e-08
2.192553702e-08
-5.041235216e-08
2.146111654e-08
-5.367975937e-08
2.082319231e-08
-5.681645703e-08
2.001434773e-08
-5.979794274e-08
1.90369915e-08
-6.260010847e-08
1.789370528e-08
-6.519934135e-08
1.658761643e-08
-6.757266568e-08
1.512277571e-08
-6.969792389e-08
1.350452261e-08
-7.155399307e-08
1.173982371e-08
-7.312103299e-08
9.83757185e-09
-7.438076088e-08
7.808836113e-09
-7.531674736e-08
5.667054298e-09
-7.591472813e-08
3.428161132e-09
-7.616292476e-08
1.110646724e-09
-7.605236827e-08
-1.264457881e-09
-7.55772187e-08
-3.673674554e-09
-7.473507091e-08
-6.091255346e-09
-7.352723989e-08
-8.489438761e-09
-7.195901475e-08
-1.083879078e-08
-7.003987176e-08
-1.310862522e-08
-6.778363568e-08
-1.526750217e-08
-6.520857781e-08
-1.72837991e-08
-6.233743945e-08
-1.912634662e-08
-5.919736942e-08
-2.076511835e-08
-5.581976552e-08
-2.21719609e-08
-5.224001109e-08
-2.332134772e-08
-4.849710018e-08
-2.419113742e-08
-4.4633148e-08
-2.476331572e-08
-4.069278682e-08
-2.502469835e-08
-3.672245207e-08
-2.496757287e-08
-3.276956779e-08
-2.459025816e-08
-2.888164602e-08
-2.389756324e-08
-2.510531908e-08
-2.290113155e-08
-2.148532893e-08
-2.161966226e-08
-1.806350132e-08
-2.007900714e-08
-1.487773621e-08
-1.831214898e-08
-1.196104838e-08
-1.635907472e-08
-9.340693711e-09
-1.426656335e-08
-7.037417862e-09
-1.208791317e-08
-5.064864443e-09
-9.8826354e-09
-3.429180663e-09
-7.716140486e-09
-2.128860018e-09
-5.659441819e-09
-1.154865565e-09
-3.788873732e-09
-4.910861083e-10
-2.185745052e-09
-1.151929882e-10
-9.361264408e-10
-1.326520896e-10
-3.006212249e-10
1.366895568e-09
-1.140163927e-09
4.201998019e-09
-2.461108925e-09
7.041419448e-09
-4.210534123e-09
9.802059882e-09
-6.339407464e-09
1.242250134e-08
-8.802076482e-09
1.485765949e-08
-1.155584295e-08
1.707620197e-08
-1.456060607e-08
1.905818902e-08
-1.77785641e-08
2.079273519e-08
-2.117395812e-08
2.227585459e-08
-2.471284218e-08
2.350855228e-08
-2.836286844e-08
2.449518414e-08
-3.209308069e-08
2.524209579e-08
-3.587371402e-08
2.575653993e-08
-3.967600234e-08
2.604586134e-08
-4.347199788e-08
2.611693122e-08
-4.723440859e-08
2.597580677e-08
-5.093645976e-08
2.562758818e-08
-5.455178604e-08
2.507644281e-08
-5.805435918e-08
2.432576544e-08
-6.141845543e-08
2.337844397e-08
-6.461866525e-08
2.223720131e-08
-6.762994645e-08
2.090498647e-08
-7.042772039e-08
1.938539036e-08
-7.298800989e-08
1.76830652e-08
-7.528761637e-08
1.580412908e-08
-7.730433301e-08
1.375654033e-08
-7.901719023e-08
1.155042907e-08
-8.040672943e-08
9.198375303e-09
-8.145530025e-08
6.71562511e-09
-8.214737682e-08
4.120237689e-09
-8.246988747e-08
1.433157375e-09
-8.241255227e-08
-1.321793092e-09
-8.196822318e-08
-4.118003651e-09
-8.113321645e-08
-6.926262084e-09
-7.990763181e-08
-9.715023408e-09
-7.829564688e-08
-1.245077571e-08
-7.630577669e-08
-1.509849542e-08
-7.395108625e-08
-1.762219261e-08
-7.124934323e-08
-1.998554212e-08
-6.822309692e-08
-2.215259295e-08
-6.489966983e-08
-2.408854544e-08
-6.131104876e-08
-2.576058199e-08
-5.74936633e-08
-2.713873318e-08
-5.34880426e-08
-2.819675813e-08
-4.933834388e-08
-2.891301444e-08
-4.509175097e-08
-2.927129127e-08
-4.079774568e-08
-2.926157816e-08
-3.650726113e-08
-2.888074272e-08
-3.227173154e-08
-2.813309284e-08
-2.814205972e-08
-2.703080337e-08
-2.416752892e-08
-2.559419307e-08
-2.039469087e-08
-2.38518452e-08
-1.68662662e-08
-2.184057366e-08
-1.362009608e-08
-1.960524484e-08
-1.068818578e-08
-1.719847364e-08
-8.095881182e-09
-1.468021778e-08
-5.861218612e-09
-1.211729797e-08
-3.994487516e-09
-9.582871584e-09
-2.498044123e-09
-7.155885213e-09
-1.366414555e-09
-4.920503302e-09
-5.867290842e-10
-2.965430524e-09
-1.395315882e-10
-1.383323937e-09
-2.721836758e-10
-3.315992635e-10
1.698494812e-09
-1.254395829e-09
5.124794571e-09
-2.701765711e-09
8.488789326e-09
-4.612516755e-09
1.171281092e-08
-6.930331609e-09
1.474031619e-08
-9.603305471e-09
1.753063335e-08
-1.258349285e-08
2.005638935e-08
-1.582647181e-08
2.230116797e-08
-1.929093694e-08
2.425720031e-08
-2.293832146e-08
2.592323911e-08
-2.673244486e-08
2.730267567e-08
-3.06391827e-08
2.840192197e-08
-3.462615688e-08
2.922906996e-08
-3.866244646e-08
2.979282949e-08
-4.271832105e-08
3.010173592e-08
-4.676500042e-08
3.016361059e-08
-5.07744445e-08
2.998525084e-08
-5.471917829e-08
2.957232196e-08
-5.857215576e-08
2.892942027e-08
-6.230666606e-08
2.806027574e-08
-6.58962842e-08
2.69680621e-08
-6.931486722e-08
2.565578432e-08
-7.253659576e-08
2.4126715e-08
-7.553605995e-08
2.238485454e-08
-7.82883876e-08
2.043539285e-08
-8.076941222e-08
1.82851537e-08
-8.295587792e-08
1.594300602e-08
-8.482567797e-08
1.342022911e-08
-8.635812381e-08
1.073082113e-08
-8.753424086e-08
7.891742158e-09
-8.833708763e-08
4.923084444e-09
-8.875209375e-08
1.848163488e-09
-8.876741223e-08
-1.306474618e-09
-8.837428292e-08
-4.511132971e-09
-8.756739526e-08
-7.733149753e-09
-8.63452475e-08
-1.093717118e-08
-8.471048925e-08
-1.408553396e-08
-8.267023706e-08
-1.713874762e-08
-8.023634957e-08
-2.005608011e-08
-7.742564758e-08
-2.279624412e-08
-7.426006268e-08
-2.531817785e-08
-7.076669785e-08
-2.758191028e-08
-6.697778325e-08
-2.95494966e-08
-6.293051177e-08
-3.118600467e-08
-5.86667411e-08
-3.246052881e-08
-5.423255253e-08
-3.334720302e-08
-4.967766149e-08
-3.382618231e-08
-4.50546807e-08
-3.388455896e-08
-4.041824341e-08
-3.351718002e-08
-3.582400179e-08
-3.272733447e-08
-3.132752286e-08
-3.152728231e-08
-2.698311157e-08
-2.993860436e-08
-2.284259703e-08
-2.799235975e-08
-1.895412304e-08
-2.572904765e-08
-1.53609875e-08
-2.319838038e-08
-1.21005769e-08
-2.045888424e-08
-9.203441866e-09
-1.757735281e-08
-6.692557808e-09
-1.462818203e-08
-4.582811327e-09
-1.169261807e-08
-2.880748812e-09
-8.85794773e-09
-1.584619572e-09
-6.216632542e-09
-6.847442652e-10
-3.865305833e-09
-1.642297969e-10
-1.903838405e-09
-4.364134694e-10
-3.611641504e-10
2.059658942e-09
-1.363566238e-09
6.127196645e-09
-2.932034218e-09
1.00572573e-08
-4.997586947e-09
1.377836364e-08
-7.497004089e-09
1.723973332e-08
-1.037241353e-08
2.040604279e-08
-1.357082489e-08
2.325480069e-08
-1.70436352e-08
2.577397827e-08
-2.074613476e-08
2.795969986e-08
-2.463702681e-08
2.981413115e-08
-2.867796834e-08
3.134361719e-08
-3.283313609e-08
3.25570897e-08
-3.706882105e-08
3.346475491e-08
-4.135305444e-08
3.407706288e-08
-4.565526827e-08
3.440394974e-08
-4.994599392e-08
3.445433623e-08
-5.419660215e-08
3.423585906e-08
-5.83790875e-08
3.37548073e-08
-6.246589949e-08
3.301623225e-08
-6.642982217e-08
3.20241984e-08
-7.024390251e-08
3.078214244e-08
-7.388142745e-08
2.929330925e-08
-7.731594813e-08
2.756123567e-08
-8.052134967e-08
2.559025607e-08
-8.347196407e-08
2.338600724e-08
-8.614272373e-08
2.095591335e-08
-8.850935303e-08
1.830963532e-08
-9.05485955e-08
1.545947157e-08
-9.223847414e-08
1.242069977e-08
-9.355858272e-08
9.211850724e-09
-9.449040551e-08
5.854907229e-09
-9.501766281e-08
2.375420783e-09
-9.5126678e-08
-1.197459437e-09
-9.480676622e-08
-4.831044758e-09
-9.405063077e-08
-8.489285212e-09
-9.285476772e-08
-1.213303423e-08
-9.121986388e-08
-1.572043782e-08
-8.915117753e-08
-1.920743398e-08
-8.665888747e-08
-2.254837018e-08
-8.375839349e-08
-2.569673811e-08
-8.047054941e-08
-2.860602194e-08
-7.682180863e-08
-3.123065106e-08
-7.284426151e-08
-3.352704372e-08
-6.857554476e-08
-3.545472142e-08
-6.405860501e-08
-3.697746857e-08
-5.934130235e-08
-3.806450568e-08
-5.447584487e-08
-3.86916398e-08
-4.951805175e-08
-3.884235209e-08
-4.452645056e-08
-3.850878122e-08
-3.956122296e-08
-3.769256206e-08
-3.468302246e-08
-3.640548281e-08
-2.995169635e-08
-3.466993047e-08
-2.542495242e-08
-3.251910368e-08
-2.115701688e-08
-2.99969832e-08
-1.719733471e-08
-2.715806255e-08
-1.358936511e-08
-2.406685384e-08
-1.036952396e-08
-2.079719397e-08
-7.566321779e-09
-1.743138421e-08
-5.199739989e-09
-1.405919986e-08
-3.280880438e-09
-1.077680728e-08
-1.811915066e-09
-7.685597915e-09
-7.863566891e-10
-4.890864212e-09
-1.896517375e-10
-2.500543356e-09
-6.26065203e-10
-3.892646841e-10
2.448923604e-09
-1.467411916e-09
7.205343862e-09
-3.151246912e-09
1.174109229e-08
-5.364479072e-09
1.599159579e-08
-8.037391356e-09
1.99126456e-08
-1.110647082e-08
2.347512224e-08
-1.451393479e-08
2.666226466e-08
-1.82071912e-08
2.946723467e-08
-2.2138273e-08
3.189078165e-08
-2.62632715e-08
3.393912965e-08
-3.054178432e-08
3.562213e-08
-3.493638894e-08
3.695169431e-08
-3.941214972e-08
3.794051569e-08
-4.393616434e-08
3.860107749e-08
-4.847715417e-08
3.894493956e-08
-5.300510247e-08
3.898228451e-08
-5.749094311e-08
3.872169969e-08
-6.190630191e-08
3.817016608e-08
-6.622329148e-08
3.733322181e-08
-7.041435975e-08
3.621526666e-08
-7.445219129e-08
3.481997397e-08
-7.830965981e-08
3.315077775e-08
-8.195982968e-08
3.121140553e-08
-8.537600409e-08
2.900643047e-08
-8.853181707e-08
2.654182021e-08
-9.140136721e-08
2.382546348e-08
-9.395939082e-08
2.086765891e-08
-9.618147288e-08
1.768155363e-08
-9.804429464e-08
1.428352152e-08
-9.95259167e-08
1.069347277e-08
-1.006060967e-07
6.935087258e-09
-1.012666407e-07
3.035964693e-09
-1.014917839e-07
-9.723162219e-10
-1.012686059e-07
-5.054222731e-09
-1.005874625e-07
-9.170428649e-09
-9.944243994e-08
-1.327805679e-08
-9.783181471e-08
-1.733106306e-08
-9.575850758e-08
-2.128074112e-08
-9.323051719e-08
-2.507636058e-08
-9.026131386e-08
-2.866594145e-08
-8.687017217e-08
-3.199716363e-08
-8.308241844e-08
-3.50184048e-08
-7.892956811e-08
-3.767989407e-08
-7.444932802e-08
-3.993496152e-08
-6.968544045e-08
-4.174135615e-08
-6.4687349e-08
-4.306259714e-08
-5.950967231e-08
-4.38693165e-08
-5.421147868e-08
-4.414054572e-08
-4.885536399e-08
-4.386489591e-08
-4.350634573e-08
-4.304158034e-08
-3.82305968e-08
-4.168123174e-08
-3.309405419e-08
-3.980647309e-08
-2.816094694e-08
-3.745221094e-08
-2.349229664e-08
-3.46656335e-08
-1.914444873e-08
-3.150591047e-08
-1.51676953e-08
-2.804360727e-08
-1.160504887e-08
-2.43598404e-08
-8.491221598e-09
-2.054521149e-08
-5.851856394e-09
-1.669856506e-08
-3.703044933e-09
-1.292561874e-08
-2.051155358e-09
-9.337487491e-09
-8.929830491e-10
-6.049036523e-09
-2.162077055e-10
-3.177318699e-09
-8.422729032e-10
-4.158306603e-10
2.864754242e-09
-1.565628801e-09
8.355141987e-09
-3.358690664e-09
1.353415415e-08
-5.711899704e-09
1.834480483e-08
-8.549467781e-09
2.275021367e-08
-1.180259857e-08
2.672825302e-08
-1.540900744e-08
3.026867352e-08
-1.931234446e-08
3.337057168e-08
-2.34615695e-08
3.604000669e-08
-2.781031231e-08
3.828787244e-08
-3.231624017e-08
4.012805785e-08
-3.694044985e-08
4.157590398e-08
-4.164689566e-08
4.264696149e-08
-4.640186245e-08
4.335604426e-08
-5.117348967e-08
4.371656677e-08
-5.593135083e-08
4.374014566e-08
-6.064609095e-08
4.34364398e-08
-6.528912325e-08
4.281319838e-08
-6.983238505e-08
4.18764836e-08
-7.424815169e-08
4.063103329e-08
-7.850890648e-08
3.908072875e-08
-8.258726406e-08
3.722913533e-08
-8.645594416e-08
3.508008563e-08
-9.008779283e-08
3.263827913e-08
-9.34558484e-08
2.990987577e-08
-9.653345008e-08
2.690306515e-08
-9.929438756e-08
2.362859638e-08
-1.01713091e-07
2.010025703e-08
-1.03764861e-07
1.633529157e-08
-1.054261399e-07
1.235475161e-08
-1.066748232e-07
8.1837706e-09
-1.074906144e-07
3.851755892e-09
-1.078554184e-07
-6.075122198e-10
-1.077537805e-07
-5.155860643e-09
-1.071733558e-07
-9.750853374e-09
-1.061054155e-07
-1.434599707e-08
-1.045453727e-07
-1.889110593e-08
-1.024933166e-07
-2.333279718e-08
-9.995454072e-08
-2.76151365e-08
-9.694004169e-08
-3.168044049e-08
-9.346696692e-08
-3.547023841e-08
-8.955898162e-08
-3.892639011e-08
-8.524652614e-08
-4.199234956e-08
-8.056693275e-08
-4.461455491e-08
-7.556437214e-08
-4.674391677e-08
-7.028960321e-08
-4.833736607e-08
-6.479950537e-08
-4.935941435e-08
-5.915638046e-08
-4.978367065e-08
-5.342702205e-08
-4.959425432e-08
-4.7681562e-08
-4.87870404e-08
-4.199211719e-08
-4.737067655e-08
-3.643127348e-08
-4.536731681e-08
-3.107045582e-08
-4.28130286e-08
-2.597824457e-08
-3.975784475e-08
-2.121870496e-08
-3.626545009e-08
-1.684980007e-08
-3.241251216e-08
-1.292195654e-08
-2.828768393e-08
-9.476845692e-09
-2.399032233e-08
-6.546432587e-09
-1.962897817e-08
-4.152330295e-09
-1.531972104e-08
-2.30548035e-09
-1.118433744e-08
-1.006167556e-09
-7.348349318e-09
-2.443374927e-10
-3.939148759e-09
-1.08661039e-09
-4.407737003e-10
3.305527918e-09
-1.657867733e-09
9.572236004e-09
-3.553588884e-09
1.54298753e-08
-6.03848907e-09
2.082970501e-08
-9.031152778e-09
2.574287737e-08
-1.245788214e-08
3.015498237e-08
-1.625220916e-08
3.406300054e-08
-2.035428676e-08
3.747264927e-08
-2.471021397e-08
4.039593389e-08
-2.927133396e-08
4.284899242e-08
-3.399353281e-08
4.485025669e-08
-3.883656003e-08
4.641893119e-08
-4.376338639e-08
4.757378784e-08
-4.87396101e-08
4.833226795e-08
-5.373291904e-08
4.87098757e-08
-5.87126142e-08
4.871984081e-08
-6.364919672e-08
4.837302231e-08
-6.851401942e-08
4.767802107e-08
-7.327900197e-08
4.664146614e-08
-7.791640743e-08
4.526843874e-08
-8.23986774e-08
4.356299871e-08
-8.669832209e-08
4.152878e-08
-9.078786181e-08
3.916962534e-08
-9.463981657e-08
3.649023388e-08
-9.822674098e-08
3.349680018e-08
-1.015213027e-07
3.019762684e-08
-1.044964033e-07
2.6603697e-08
-1.071253424e-07
2.272919613e-08
-1.093820253e-07
1.859197442e-08
-1.112412167e-07
1.421394302e-08
-1.126788431e-07
9.621396995e-09
-1.136723453e-07
4.845258068e-09
-1.142010841e-07
-7.877342599e-11
-1.142467945e-07
-5.110150249e-09
-1.137940992e-07
-1.020354868e-08
-1.128310618e-07
-1.530903449e-08
-1.113497824e-07
-2.037238533e-08
-1.093470177e-07
-2.533556185e-08
-1.068248103e-07
-3.013734393e-08
-1.037911048e-07
-3.471414604e-08
-1.002603243e-07
-3.900101887e-08
-9.62538757e-08
-4.293283872e-08
-9.180054795e-08
-4.644567731e-08
-8.693676744e-08
-4.947833544e-08
-8.170667263e-08
-5.197401159e-08
-7.616197368e-08
-5.388206503e-08
-7.036156784e-08
-5.51598202e-08
-6.437089011e-08
-5.577434839e-08
-5.826099008e-08
-5.570415435e-08
-5.210734005e-08
-5.494069043e-08
-4.598839546e-08
-5.348962115e-08
-3.998394526e-08
-5.137176701e-08
-3.417330575e-08
-4.862366812e-08
-2.863342504e-08
-4.529772547e-08
-2.343697539e-08
-4.146189975e-08
-1.865051554e-08
-3.7198972e-08
-1.433280451e-08
-3.260539497e-08
-1.053334113e-08
-2.778978572e-08
-7.291190872e-09
-2.287112842e-08
-4.634142772e-09
-1.797676914e-08
-2.578218206e-09
-1.3240262e-08
-1.127537421e-09
-8.799030105e-09
-2.744994821e-10
-4.792186696e-09
-1.361109865e-09
-4.6398972e-10
3.769517613e-09
-1.743737908e-09
1.085198418e-08
-3.73510127e-09
1.742123865e-08
-6.342812152e-09
2.343741588e-08
-9.480289801e-09
2.888035501e-08
-1.306933675e-08
3.374402931e-08
-1.70396415e-08
3.803330527e-08
-2.132814174e-08
4.17611495e-08
-2.587830784e-08
4.494609998e-08
-3.063938881e-08
4.761007338e-08
-3.556565269e-08
4.977652055e-08
-4.06156457e-08
5.146892419e-08
-4.575148832e-08
5.270963045e-08
-5.093822164e-08
5.351900125e-08
-5.614321296e-08
5.391486701e-08
-6.133562651e-08
5.391225434e-08
-6.64859618e-08
5.352335758e-08
-7.156566033e-08
5.275771959e-08
-7.654677899e-08
5.162258479e-08
-8.14017274e-08
5.012338713e-08
-8.610306535e-08
4.826433665e-08
-9.062335633e-08
4.604907097e-08
-9.493507283e-08
4.348134183e-08
-9.901055008e-08
4.056571112e-08
-1.028219854e-07
3.730823546e-08
-1.063414815e-07
3.371712299e-08
-1.095411344e-07
2.980334991e-08
-1.123931656e-07
2.558122733e-08
-1.148701027e-07
2.106891145e-08
-1.169450105e-07
1.62888508e-08
-1.18591778e-07
1.126816452e-08
-1.197854645e-07
6.038944519e-09
-1.205027098e-07
6.384719461e-10
-1.207222031e-07
-4.890657015e-09
-1.204252354e-07
-1.050051633e-08
-1.195962957e-07
-1.613797423e-08
-1.182237371e-07
-2.174494391e-08
-1.163004849e-07
-2.725881409e-08
-1.138247725e-07
-3.261305632e-08
-1.108008841e-07
-3.773803445e-08
-1.072398734e-07
-4.256202956e-08
-1.031602246e-07
-4.701248757e-08
-9.858841429e-08
-5.101748762e-08
-9.355933177e-08
-5.450741797e-08
-8.811651091e-08
-5.741683245e-08
-8.231213059e-08
-5.968644536e-08
-7.620674389e-08
-6.12652069e-08
-6.986870555e-08
-6.211238674e-08
-6.337327944e-08
-6.219958047e-08
-5.680142419e-08
-6.151254569e-08
-5.023827347e-08
-6.005277187e-08
-4.377134823e-08
-5.783869225e-08
-3.748855786e-08
-5.490645849e-08
-3.147606535e-08
-5.131021798e-08
-2.581610503e-08
-4.712186007e-08
-2.058484952e-08
-4.243022752e-08
-1.58504228e-08
-3.733982169e-08
-1.167114925e-08
-3.196905928e-08
-8.09411323e-09
-2.644816444e-08
-5.154081362e-09
-2.091680101e-08
-2.872813946e-09
-1.552152942e-08
-1.258771758e-09
-1.041307229e-08
-3.071635497e-10
-5.7437949e-09
-1.668273406e-09
-4.853624435e-10
4.254880031e-09
-1.822815461e-09
1.218943718e-08
-3.902335697e-09
1.950075888e-08
-6.623370828e-09
2.6158451e-08
-9.894656003e-09
3.215164017e-08
-1.363391307e-08
3.748328637e-08
-1.776734254e-08
4.216673473e-08
-2.222896337e-08
4.622277033e-08
-2.695986226e-08
4.967699886e-08
-3.190739728e-08
5.255760839e-08
-3.702439005e-08
5.48935133e-08
-4.226833311e-08
5.671286724e-08
-4.760063306e-08
5.80419304e-08
-5.29859042e-08
5.890427237e-08
-5.839132308e-08
5.932028589e-08
-6.378605044e-08
5.930698169e-08
-6.914072332e-08
5.887803045e-08
-7.442701787e-08
5.804401413e-08
-7.961728091e-08
5.681284782e-08
-8.468422678e-08
5.519033299e-08
-8.960069525e-08
5.31808051e-08
-9.433946566e-08
5.078784138e-08
-9.887312309e-08
4.801499925e-08
-1.031739725e-07
4.486656049e-08
-1.072139985e-07
4.134826143e-08
-1.109648696e-07
3.746799415e-08
-1.143979877e-07
3.323646802e-08
-1.174845841e-07
2.866782369e-08
-1.201958668e-07
2.378019413e-08
-1.225032238e-07
1.859620777e-08
-1.243784878e-07
1.314342855e-08
-1.257942695e-07
7.454726203e-09
-1.267243642e-07
1.568566616e-09
-1.271442328e-07
-4.470788387e-09
-1.270315803e-07
-1.061316884e-08
-1.263669942e-07
-1.680256032e-08
-1.251346765e-07
-2.297726167e-08
-1.233232376e-07
-2.907025301e-08
-1.209265423e-07
-3.500975158e-08
-1.179445844e-07
-4.071999235e-08
-1.143843594e-07
-4.612225456e-08
-1.102606979e-07
-5.113614908e-08
-1.05597014e-07
-5.568117153e-08
-1.00425918e-07
-5.967851396e-08
-9.478963899e-08
-6.305311151e-08
-8.874020183e-08
-6.573588253e-08
-8.233930792e-08
-6.766610082e-08
-7.565787538e-08
-6.879381928e-08
-6.877520914e-08
-6.908224672e-08
-6.177778822e-08
-6.850996662e-08
-5.475768012e-08
-6.707287998e-08
-4.781061637e-08
-6.478575601e-08
-4.103378874e-08
-6.168328612e-08
-3.452344878e-08
-5.782055795e-08
-2.837241224e-08
-5.327289661e-08
-2.266758194e-08
-4.813505782e-08
-1.74876056e-08
-4.251979803e-08
-1.290077857e-08
-3.655588631e-08
-8.963284277e-09
-3.038565873e-08
-5.717838961e-09
-2.416224632e-08
-3.19277592e-09
-1.804659246e-08
-1.401579601e-09
-1.220426862e-08
-3.428065092e-10
-6.802567989e-09
-2.011079906e-09
-5.047676425e-10
4.759647648e-09
-1.894655686e-09
1.35793252e-08
-4.054368822e-09
2.166047202e-08
-6.878631499e-09
2.898271367e-08
-1.027199498e-08
3.554500364e-08
-1.414853354e-08
4.135982492e-08
-1.843132627e-08
4.644952746e-08
-2.305177847e-08
5.084322252e-08
-2.794884494e-08
5.457406532e-08
-3.306820095e-08
5.767696438e-08
-3.836139625e-08
6.018670859e-08
-4.378502058e-08
6.213649156e-08
-4.929990243e-08
6.355681224e-08
-5.487035753e-08
6.447472746e-08
-6.046349824e-08
6.491342658e-08
-6.60486111e-08
6.489209453e-08
-7.15966057e-08
6.442602504e-08
-7.707953529e-08
6.352694371e-08
-8.247018697e-08
6.220349949e-08
-8.774173769e-08
6.04618837e-08
-9.286747132e-08
5.830653873e-08
-9.782055178e-08
5.574092183e-08
-1.025738474e-07
5.276829483e-08
-1.070998027e-07
4.939251581e-08
-1.113703556e-07
4.561881428e-08
-1.153568982e-07
4.145453678e-08
-1.19030284e-07
3.690985379e-08
-1.223608825e-07
3.199842224e-08
-1.253186883e-07
2.673799993e-08
-1.278734891e-07
2.115100854e-08
-1.299951018e-07
1.526504123e-08
-1.316536844e-07
9.113308783e-09
-1.328201314e-07
2.735013667e-09
-1.334665563e-07
-3.824363507e-09
-1.335668875e-07
-1.051283765e-08
-1.330975404e-07
-1.727190741e-08
-1.320382073e-07
-2.403659484e-08
-1.303727325e-07
-3.073572777e-08
-1.280900661e-07
-3.729241798e-08
-1.251852729e-07
-4.362478555e-08
-1.216605676e-07
-4.964695991e-08
-1.17526335e-07
-5.527038171e-08
-1.128020866e-07
-6.040541989e-08
-1.075172954e-07
-6.496330521e-08
-1.017120441e-07
-6.885836276e-08
-9.543742139e-08
-7.201050529e-08
-8.875559776e-08
-7.434792446e-08
-8.173952458e-08
-7.580989247e-08
-7.447220848e-08
-7.634956283e-08
-6.704553567e-08
-7.593663944e-08
-5.955864456e-08
-7.45597711e-08
-5.211587491e-08
-7.222852567e-08
-4.482435293e-08
-6.897480811e-08
-3.779130212e-08
-6.485360877e-08
-3.11211952e-08
-5.994300353e-08
-2.49128806e-08
-5.434337243e-08
-1.925682399e-08
-4.817585464e-08
-1.423260063e-08
-4.158010967e-08
-9.906755924e-09
-3.471150344e-08
-6.331121138e-09
-2.773788111e-08
-3.541634218e-09
-2.083607938e-08
-1.557684016e-09
-1.418821882e-08
-3.819092302e-10
-7.97834277e-09
-2.392989126e-09
-5.220779379e-10
5.28172556e-09
-1.958807981e-09
1.501605523e-08
-4.190273275e-09
2.38919373e-08
-7.107064528e-09
3.189950492e-08
-1.061006745e-08
3.904800656e-08
-1.461015313e-08
4.535991059e-08
-1.902765241e-08
5.086702673e-08
-2.379166551e-08
5.56072356e-08
-2.883926835e-08
5.962166815e-08
-3.411466107e-08
6.295235708e-08
-3.956829432e-08
6.564034184e-08
-4.515600274e-08
6.772419996e-08
-5.083816835e-08
6.923897784e-08
-5.657893145e-08
7.021549055e-08
-6.234546118e-08
7.06799563e-08
-6.810729344e-08
7.065392678e-08
-7.383573998e-08
7.015447156e-08
-7.950336905e-08
6.919457277e-08
-8.508355542e-08
6.778368585e-08
-9.055009587e-08
6.592842415e-08
-9.587688503e-08
6.363332787e-08
-1.010376463e-07
6.090168304e-08
-1.060057128e-07
5.77363614e-08
-1.107538554e-07
5.414065841e-08
-1.152541537e-07
5.011911248e-08
-1.194779111e-07
4.567829419e-08
-1.233956156e-07
4.082755832e-08
-1.269769489e-07
3.557975554e-08
-1.301908507e-07
2.995190176e-08
-1.33005646e-07
2.396580377e-08
-1.353892438e-07
1.764863901e-08
-1.37309419e-07
1.103348404e-08
-1.387341868e-07
4.159781431e-09
-1.396322735e-07
-2.926276794e-09
-1.399737191e-07
-1.017139204e-08
-1.397305698e-07
-1.751505673e-08
-1.388777145e-07
-2.488945016e-08
-1.373938315e-07
-3.221961076e-08
-1.352624424e-07
-3.942380711e-08
-1.324730537e-07
-4.64141742e-08
-1.290223579e-07
-5.309765576e-08
-1.249154516e-07
-5.937728804e-08
-1.201670199e-07
-6.515385154e-08
-1.148024221e-07
-7.032790307e-08
-1.088586041e-07
-7.480218078e-08
-1.02384759e-07
-7.848435038e-08
-9.54426519e-08
-8.129003155e-08
-8.810653184e-08
-8.314601254e-08
-8.046256509e-08
-8.399352958e-08
-7.260774458e-08
-8.379145995e-08
-6.464825811e-08
-8.251925758e-08
-5.66973329e-08
-8.017945089e-08
-4.887261268e-08
-7.679952833e-08
-4.129316216e-08
-7.243305929e-08
-3.407622864e-08
-6.715993706e-08
-2.733391669e-08
-6.108568438e-08
-2.116994551e-08
-5.433982582e-08
-1.567665696e-08
-4.707339823e-08
-1.093242408e-08
-3.945573632e-08
-6.999575441e-09
-3.167072975e-08
-3.922906484e-09
-2.391274834e-08
-1.728810066e-09
-1.638231524e-08
-4.249548423e-10
-9.282197989e-09
-2.817943956e-09
-5.371680632e-10
5.818893598e-09
-2.014832972e-09
1.649372012e-08
-4.309150039e-09
2.618625437e-08
-7.307193039e-09
3.489754791e-08
-1.09067163e-08
4.264752981e-08
-1.501583982e-08
4.94690341e-08
-1.955252158e-08
5.540370848e-08
-2.44438639e-08
6.049857792e-08
-2.962531319e-08
6.480311743e-08
-3.50397969e-08
6.836684078e-08
-4.06368331e-08
7.123737803e-08
-4.637164206e-08
7.345900891e-08
-5.220428348e-08
7.507161924e-08
-5.809883763e-08
7.611004469e-08
-6.40226435e-08
7.660376216e-08
-6.994560231e-08
7.657688558e-08
-7.583955068e-08
7.604841992e-08
-8.167770401e-08
7.503272609e-08
-8.743416826e-08
7.354015009e-08
-9.308351577e-08
7.157777165e-08
-9.860042023e-08
6.915023232e-08
-1.039593453e-07
6.626060806e-08
-1.091342815e-07
6.291129767e-08
-1.140985288e-07
5.910490566e-08
-1.188245202e-07
5.484510388e-08
-1.23283689e-07
5.013746301e-08
-1.274463796e-07
4.49902489e-08
-1.312818069e-07
3.941518287e-08
-1.347580715e-07
3.342816633e-08
-1.378422385e-07
2.704997075e-08
-1.405004916e-07
2.030689213e-08
-1.426983743e-07
1.32313667e-08
-1.444011312e-07
5.862538379e-09
-1.455741572e-07
-1.753250878e-09
-1.461835834e-07
-9.561965838e-09
-1.461969825e-07
-1.750165755e-08
-1.455842322e-07
-2.550220055e-08
-1.443185175e-07
-3.348532538e-08
-1.423774738e-07
-4.136485086e-08
-1.397444518e-07
-4.904719615e-08
-1.364098826e-07
-5.643222498e-08
-1.323726999e-07
-6.341447077e-08
-1.276417677e-07
-6.988478376e-08
-1.222372435e-07
-7.573242729e-08
-1.161917942e-07
-8.084763009e-08
-1.095515707e-07
-8.512457386e-08
-1.023768407e-07
-8.846476157e-08
-9.474217959e-08
-9.078067365e-08
-8.673613023e-08
-9.199957895e-08
-7.846026084e-08
-9.206732935e-08
-7.002758223e-08
-9.09519362e-08
-6.156032495e-08
-8.864670818e-08
-5.318712403e-08
-8.517272926e-08
-4.503970824e-08
-8.058047508e-08
-3.724923721e-08
-7.49504081e-08
-2.99424671e-08
-6.839245449e-08
-2.323794881e-08
-6.104434411e-08
-1.724246669e-08
-5.306888036e-08
-1.204790927e-08
-4.465029374e-08
-7.728725441e-09
-3.598991358e-08
-4.340067581e-09
-2.73014062e-08
-1.916674944e-09
-1.880570788e-08
-4.724275696e-10
-1.072644536e-08
-3.290371513e-09
-5.4992053e-10
6.368814104e-09
-2.062321419e-09
1.800612099e-08
-4.410165061e-09
2.8534098e-08
-7.477649323e-09
3.796503216e-08
-1.115994329e-08
4.632982377e-08
-1.536287131e-08
5.36719621e-08
-2.000239138e-08
6.004322854e-08
-2.500390903e-08
6.550009555e-08
-3.030148214e-08
7.010069053e-08
-3.583695845e-08
7.390231708e-08
-4.155907987e-08
7.695949943e-08
-4.742258272e-08
7.932251174e-08
-5.338731814e-08
8.103635465e-08
-5.941741157e-08
8.21401381e-08
-6.548047507e-08
8.266682565e-08
-7.154688187e-08
8.264329238e-08
-7.758910775e-08
8.209064578e-08
-8.358114046e-08
8.10247588e-08
-8.949795543e-08
7.945696505e-08
-9.531505368e-08
7.739486989e-08
-1.01008057e-07
7.484323558e-08
-1.065523545e-07
7.180490557e-08
-1.119227964e-07
6.828173958e-08
-1.170934299e-07
6.427553916e-08
-1.220372758e-07
5.978894983e-08
-1.267261456e-07
5.482633276e-08
-1.311305004e-07
4.939460369e-08
-1.352193579e-07
4.350404034e-08
-1.389602529e-07
3.716906137e-08
-1.423192624e-07
3.040898028e-08
-1.452611059e-07
2.324873558e-08
-1.477493351e-07
1.571959589e-08
-1.497466293e-07
7.859832628e-09
-1.512152166e-07
-2.846635682e-10
-1.521173988e-07
-8.659783613e-09
-1.524162871e-07
-1.720276928e-08
-1.520766451e-07
-2.584184253e-08
-1.510659356e-07
-3.449603494e-08
-1.49355531e-07
-4.307525548e-08
-1.469220886e-07
-5.14806385e-08
-1.437490688e-07
-5.960524477e-08
-1.398283606e-07
-6.733517898e-08
-1.351619623e-07
-7.45511821e-08
-1.29763645e-07
-8.11307446e-08
-1.236605087e-07
-8.695076636e-08
-1.168943232e-07
-9.189075937e-08
-1.095225338e-07
-9.583655095e-08
-1.01618808e-07
-9.868439954e-08
-9.327300249e-08
-1.003453844e-07
-8.459045174e-08
-1.007498801e-07
-7.569050631e-08
-9.985188163e-08
-6.670429934e-08
-9.763291515e-08
-5.777177178e-08
-9.410525683e-08
-4.903805053e-08
-8.931419634e-08
-4.064933397e-08
-8.333912467e-08
-3.27484918e-08
-7.629329667e-08
-2.547062263e-08
-6.832221328e-08
-1.893882619e-08
-5.960067681e-08
-1.326043433e-08
-5.03286856e-08
-8.52390464e-09
-4.072644326e-08
-4.796520137e-09
-3.10287907e-08
-2.122978882e-09
-2.147924913e-08
-5.248118549e-10
-1.232461238e-08
-3.815183354e-09
-5.602316357e-10
6.929045716e-09
-2.100914633e-09
1.954680398e-08
-4.492589371e-09
3.092577274e-08
-7.617237533e-09
4.108968032e-08
-1.136799553e-08
5.008058176e-08
-1.564884534e-08
5.795281189e-08
-2.037411024e-08
6.476849343e-08
-2.546778902e-08
7.059377432e-08
-3.08627794e-08
7.549568089e-08
-3.650002903e-08
7.95395667e-08
-4.232764662e-08
8.278711701e-08
-4.830000183e-08
8.529486694e-08
-5.437683837e-08
8.711319119e-08
-6.052241986e-08
8.828571958e-08
-6.670472325e-08
8.884912903e-08
-7.28946898e-08
8.883325891e-08
-7.906553916e-08
8.826149514e-08
-8.51921484e-08
8.715136803e-08
-9.125049435e-08
8.5515311e-08
-9.721715584e-08
8.336153137e-08
-1.030688707e-07
8.069495041e-08
-1.087821421e-07
7.751817695e-08
-1.143328893e-07
7.383248683e-08
-1.196961389e-07
6.963878872e-08
-1.248457534e-07
6.493856432e-08
-1.297541984e-07
5.973477779e-08
-1.343923492e-07
5.403275445e-08
-1.387293416e-07
4.784103279e-08
-1.427324756e-07
4.117219532e-08
-1.463671796e-07
3.404368428e-08
-1.495970502e-07
2.647860622e-08
-1.523839806e-07
1.85065263e-08
-1.546883953e-07
1.01642473e-08
-1.564696167e-07
1.496557858e-09
-1.576863344e-07
-7.44306587e-09
-1.582973336e-07
-1.659177013e-08
-1.582622884e-07
-2.587688768e-08
-1.575428314e-07
-3.521549204e-08
-1.561038071e-07
-4.451427979e-08
-1.539147329e-07
-5.366971269e-08
-1.509514525e-07
-6.256852509e-08
-1.471979549e-07
-7.108867666e-08
-1.426483085e-07
-7.910082849e-08
-1.373086414e-07
-8.647041164e-08
-1.311990699e-07
-9.306033787e-08
-1.243554566e-07
-9.873437272e-08
-1.16830859e-07
-1.033611486e-07
-1.086965164e-07
-1.068187421e-07
-1.00042222e-07
-1.089996788e-07
-9.097594104e-08
-1.098161611e-07
-8.16225667e-08
-1.09205256e-07
-7.212175596e-08
-1.071337259e-07
-6.262485075e-08
-1.03602162e-07
-5.329096736e-08
-9.864807973e-08
-4.428241503e-08
-9.2347677e-08
-3.575967683e-08
-8.481603487e-08
-2.787624021e-08
-7.620564991e-08
-2.077359272e-08
-6.670332431e-08
-1.457669299e-08
-5.652558533e-08
-9.390186056e-09
-4.59129502e-08
-5.295563479e-09
-3.512341328e-08
-2.349395683e-09
-2.442541693e-08
-5.825914659e-10
-1.409141659e-08
-4.397774805e-09
-5.680177709e-10
7.497063464e-09
-2.130326153e-09
2.110911234e-08
-4.555842116e-09
3.33512887e-08
-7.725001612e-09
4.42588398e-08
-1.152945998e-08
5.388504012e-08
-1.587180132e-08
6.229515323e-08
-2.066506589e-08
6.9561758e-08
-2.583211982e-08
7.576082824e-08
-3.130491206e-08
8.096847313e-08
-3.702365295e-08
8.525830758e-08
-4.293594479e-08
8.869940884e-08
-4.899589256e-08
9.13548147e-08
-5.516321928e-08
9.32805179e-08
-6.140240645e-08
9.452490674e-08
-6.76818752e-08
9.512859778e-08
-7.397321938e-08
9.512460308e-08
-8.02504969e-08
9.453877264e-08
-8.648958195e-08
9.339045307e-08
-9.266757729e-08
9.169330633e-08
-9.876228335e-08
8.945623742e-08
-1.047517195e-07
8.668438652e-08
-1.10613692e-07
8.338014948e-08
-1.163254042e-07
7.954419905e-08
-1.218631039e-07
7.517648844e-08
-1.272017663e-07
7.027722668e-08
-1.323148112e-07
6.48478227e-08
-1.371738573e-07
5.889180058e-08
-1.417485168e-07
5.241569228e-08
-1.46006238e-07
4.54299165e-08
-1.499122059e-07
3.794965217e-08
-1.534293132e-07
2.999571359e-08
-1.565182179e-07
2.159543093e-08
-1.591375047e-07
1.278353411e-08
-1.612439745e-07
3.60302768e-09
-1.627930626e-07
-5.893977744e-09
-1.637394858e-07
-1.564534698e-08
-1.640380026e-07
-2.557837084e-08
-1.636444561e-07
-3.560903852e-08
-1.625170397e-07
-4.564169622e-08
-1.606178111e-07
-5.556894123e-08
-1.579144542e-07
-6.527188197e-08
-1.543822692e-07
-7.46208617e-08
-1.500063518e-07
-8.347674594e-08
-1.447838944e-07
-9.169286904e-08
-1.387265121e-07
-9.91177201e-08
-1.318624653e-07
-1.055984195e-07
-1.242386205e-07
-1.109849934e-07
-1.159219704e-07
-1.151353923e-07
-1.070005203e-07
-1.179211288e-07
-9.758335807e-08
-1.192333234e-07
-8.779974799e-08
-1.189888661e-07
-7.779714519e-08
-1.171363287e-07
-6.773809669e-08
-1.136612106e-07
-5.779608942e-08
-1.08590087e-07
-4.815050477e-08
-1.019932617e-07
-3.898093563e-08
-9.398560402e-08
-3.046120158e-08
-8.472538396e-08
-2.275344564e-08
-7.441108025e-08
-1.600270434e-08
-6.327632663e-08
-1.033230382e-08
-5.158335072e-08
-5.840358759e-09
-3.961535833e-08
-2.597561856e-09
-2.766821383e-08
-6.462483317e-10
-1.604273011e-08
-5.04402312e-09
-5.732219613e-10
8.070285405e-09
-2.150364465e-09
2.268625483e-08
-4.599536039e-09
3.580046027e-08
-7.800297593e-09
4.745960135e-08
-1.164336468e-08
5.77281072e-08
-1.60303513e-08
6.668213983e-08
-2.087334612e-08
7.440475281e-08
-2.609433531e-08
8.098181741e-08
-3.162450934e-08
8.649864715e-08
-3.7403484e-08
9.103728223e-08
-4.337846353e-08
9.467438836e-08
-4.95033734e-08
9.747972455e-08
-5.573798745e-08
9.951513195e-08
-6.204707084e-08
1.008339901e-07
-6.839955557e-08
1.014810825e-07
-7.476776102e-08
1.014928085e-07
-8.112666711e-08
1.008976787e-07
-8.74532436e-08
9.971702955e-08
-9.372583555e-08
9.796589828e-08
-9.992360239e-08
9.565400425e-08
-1.060260062e-07
9.278679032e-08
-1.120123442e-07
8.936648753e-08
-1.178613207e-07
8.539317555e-08
-1.235506535e-07
8.086582124e-08
-1.290567131e-07
7.578328622e-08
-1.343541924e-07
7.014530207e-08
-1.394158099e-07
6.395341803e-08
-1.442120475e-07
5.721192986e-08
-1.487109321e-07
4.99288012e-08
-1.528778689e-07
4.211658895e-08
-1.566755381e-07
3.379338272e-08
-1.600638724e-07
2.498376527e-08
-1.630001343e-07
1.571979606e-08
-1.654391152e-07
6.042008591e-09
-1.673334722e-07
-3.999620751e-09
-1.686342714e-07
-1.434454775e-08
-1.692916898e-07
-2.492095251e-08
-1.69255991e-07
-3.564473729e-08
-1.684787642e-07
-4.641892294e-08
-1.669144517e-07
-5.713325373e-08
-1.645221791e-07
-6.766415464e-08
-1.612678841e-07
-7.787515665e-08
-1.571267171e-07
-8.761791297e-08
-1.520856548e-07
-9.673393133e-08
-1.461462363e-07
-1.050571386e-07
-1.393272875e-07
-1.124173684e-07
-1.31667461e-07
-1.186448199e-07
-1.232273844e-07
-1.235754689e-07
-1.140911839e-07
-1.270573293e-07
-1.04367146e-07
-1.289573614e-07
-9.418729894e-08
-1.291687131e-07
-8.370574845e-08
-1.276178792e-07
-7.309567759e-08
-1.242712814e-07
-6.254503417e-08
-1.191407304e-07
-5.22510498e-08
-1.12287246e-07
-4.241386414e-08
-1.038227897e-07
-3.322963834e-08
-9.390960976e-08
-2.488361985e-08
-8.275709874e-08
-1.754364855e-08
-7.061629794e-08
-1.135456364e-08
-5.777243564e-08
-6.433888358e-09
-4.453603361e-08
-2.86906345e-09
-3.123303874e-08
-7.16260858e-10
-1.819553269e-08
-5.760283961e-09
-5.758206094e-10
8.646105995e-09
-2.160956584e-09
2.42713908e-08
-4.623524978e-09
3.826302866e-08
-7.842869523e-09
5.067894589e-08
-1.170928567e-08
6.159452335e-08
-1.612381876e-08
7.109667291e-08
-2.09979096e-08
7.927884364e-08
-2.625288978e-08
8.623679758e-08
-3.181935625e-08
9.206511361e-08
-3.763645018e-08
9.685437616e-08
-4.3651066e-08
1.006890042e-07
-4.981701726e-08
1.036456758e-07
-5.609418487e-08
1.057922995e-07
-6.244766999e-08
1.071874752e-07
-6.884697014e-08
1.078803826e-07
-7.526519237e-08
1.079110307e-07
-8.167831244e-08
1.073107988e-07
-8.806448502e-08
1.061032021e-07
-9.44034057e-08
1.04304819e-07
-1.006757232e-07
1.019263218e-07
-1.06862498e-07
9.89735651e-08
-1.129447023e-07
9.544869188e-08
-1.189027574e-07
9.135123057e-08
-1.247161021e-07
8.667916599e-08
-1.303627919e-07
8.142997601e-08
-1.358191241e-07
7.56016343e-08
-1.410592919e-07
6.919358582e-08
-1.460550683e-07
6.220770629e-08
-1.507755266e-07
5.464925947e-08
-1.551868042e-07
4.652786663e-08
-1.592519232e-07
3.785850167e-08
-1.629306802e-07
2.866252228e-08
-1.661796279e-07
1.896874378e-08
-1.68952171e-07
8.814551767e-09
-1.71198805e-07
-1.752986777e-09
-1.728675078e-07
-1.267584498e-08
-1.739043862e-07
-2.388407406e-08
-1.74254522e-07
-3.529460148e-08
-1.738631441e-07
-4.681030089e-08
-1.726771216e-07
-5.831927618e-08
-1.706468138e-07
-6.969446238e-08
-1.6772829e-07
-8.079368048e-08
-1.638859108e-07
-9.146029221e-08
-1.590952302e-07
-1.015246119e-07
-1.533461366e-07
-1.108062321e-07
-1.46646102e-07
-1.191174031e-07
-1.390233579e-07
-1.26267564e-07
-1.305297654e-07
-1.320690613e-07
-1.212431046e-07
-1.3634399e-07
-1.112684879e-07
-1.389319781e-07
-1.007386075e-07
-1.396985935e-07
-8.981257129e-08
-1.385439154e-07
-7.867316497e-08
-1.354106877e-07
-6.752250053e-08
-1.302913949e-07
-5.65761654e-08
-1.232335812e-07
-4.605614899e-08
-1.143428061e-07
-3.618297785e-08
-1.037827809e-07
-2.716760777e-08
-9.177246883e-08
-1.920368079e-08
-7.858022492e-08
-1.246073968e-08
-6.451537675e-08
-7.078908015e-09
-4.991786528e-08
-3.165419832e-09
-3.514652692e-08
-7.931015252e-10
-2.056785099e-08
-6.553385468e-09
-5.758303812e-10
9.221936359e-09
-2.162172365e-09
2.585773277e-08
-4.627953109e-09
4.07288094e-08
-7.85292852e-09
5.39039213e-08
-1.17274585e-08
6.546905332e-08
-1.615238386e-08
7.552159826e-08
-2.103876471e-08
8.416522448e-08
-2.63074699e-08
9.150550276e-08
-3.188863807e-08
9.764628177e-08
-3.772103035e-08
1.026867684e-07
-4.375129836e-08
1.067192722e-07
-4.993319393e-08
1.098275714e-07
-5.622674681e-08
1.120858524e-07
-6.259743456e-08
1.13558163e-07
-6.90153647e-08
1.142983128e-07
-7.545448496e-08
1.14350151e-07
-8.189183257e-08
1.137481464e-07
-8.830682858e-08
1.125181981e-07
-9.46806199e-08
1.106786103e-07
-1.009954678e-07
1.082411697e-07
-1.072341803e-07
1.052122775e-07
-1.133795832e-07
1.015940948e-07
-1.194140264e-07
9.73856738e-08
-1.253189194e-07
9.258405897e-08
-1.31074293e-07
8.718534962e-08
-1.366583851e-07
8.118572643e-08
-1.420472494e-07
7.458245009e-08
-1.472143882e-07
6.737484516e-08
-1.521304144e-07
5.956528566e-08
-1.567627472e-07
5.116019946e-08
-1.610753538e-07
4.217110822e-08
-1.650285488e-07
3.26157173e-08
-1.685788714e-07
2.251906645e-08
-1.716790643e-07
1.191474464e-08
-1.74278201e-07
8.4615001e-10
-1.763218839e-07
-1.063216206e-08
-1.777528419e-07
-2.245311606e-08
-1.785115687e-07
-3.453587471e-08
-1.785373944e-07
-4.678447515e-08
-1.77769889e-07
-5.908678159e-08
-1.761506706e-07
-7.131368077e-08
-1.736256557e-07
-8.331869532e-08
-1.701477651e-07
-9.493818286e-08
-1.65680067e-07
-1.059923099e-07
-1.601992973e-07
-1.162870018e-07
-1.536996359e-07
-1.256170645e-07
-1.461965587e-07
-1.337706413e-07
-1.377305126e-07
-1.405351074e-07
-1.283701013e-07
-1.457044013e-07
-1.182144236e-07
-1.490876558e-07
-1.073941924e-07
-1.505188247e-07
-9.607129237e-08
-1.498668155e-07
-8.443651448e-08
-1.470454656e-07
-7.270534218e-08
-1.420225672e-07
-6.111184348e-08
-1.348270799e-07
-4.990093213e-08
-1.255537174e-07
-3.931946671e-08
-1.143642463e-07
-2.960682816e-08
-1.014851074e-07
-2.098572108e-08
-8.7201332e-08
-1.365395604e-08
-7.184714178e-08
-7.777890505e-09
-5.579393082e-08
-3.48806383e-09
-3.94363536e-08
-8.772335859e-10
-2.317868122e-08
-7.430619035e-09
-5.733152356e-10
9.795251579e-09
-2.154249477e-09
2.7438667e-08
-4.613305782e-09
4.31878657e-08
-7.831234645e-09
5.712185015e-08
-1.169889403e-08
6.933671271e-08
-1.611723409e-08
7.993993831e-08
-2.099715503e-08
8.904514541e-08
-2.625921405e-08
9.676756178e-08
-3.183319253e-08
1.032202602e-07
-3.765753845e-08
1.085111143e-07
-4.367870599e-08
1.127404397e-07
-4.985041885e-08
1.159992842e-07
-5.613288509e-08
1.183683187e-07
-6.249198968e-08
1.199172676e-07
-6.88984873e-08
1.207048104e-07
-7.532721347e-08
1.207788772e-07
-8.175632687e-08
1.201772598e-07
-8.816659109e-08
1.189284623e-07
-9.454069928e-08
1.170527185e-07
-1.008626424e-07
1.145631128e-07
-1.071171183e-07
1.114667535e-07
-1.132889784e-07
1.077659549e-07
-1.193627062e-07
1.034594017e-07
-1.253219248e-07
9.85432775e-08
-1.311489261e-07
9.301235098e-08
-1.368242223e-07
8.686102258e-08
-1.423261137e-07
8.008434151e-08
-1.476302761e-07
7.267900762e-08
-1.527093675e-07
6.464437702e-08
-1.57532659e-07
5.598349104e-08
-1.620656994e-07
4.670414865e-08
-1.662700226e-07
3.682004045e-08
-1.701029163e-07
2.635196021e-08
-1.735172754e-07
1.532910372e-08
-1.764615777e-07
3.790452319e-09
-1.788799445e-07
-8.213795239e-09
-1.807125619e-07
-2.06204986e-08
-1.818961331e-07
-3.335230344e-08
-1.823647828e-07
-4.631582549e-08
-1.820513113e-07
-5.940025306e-08
-1.808888941e-07
-7.247609796e-08
-1.788132871e-07
-8.539430226e-08
-1.757655818e-07
-9.798588815e-08
-1.716955217e-07
-1.1006237e-07
-1.665653481e-07
-1.214171755e-07
-1.603540796e-07
-1.31828333e-07
-1.530620539e-07
-1.41062667e-07
-1.447154731e-07
-1.488816882e-07
-1.353706076e-07
-1.550492667e-07
-1.251172394e-07
-1.59341024e-07
-1.140808822e-07
-1.61555182e-07
-1.024233229e-07
-1.615243748e-07
-9.034109611e-08
-1.591276924e-07
-7.806164624e-08
-1.543020171e-07
-6.583713887e-08
-1.470515873e-07
-5.393614067e-08
-1.374547157e-07
-4.263365739e-08
-1.256667296e-07
-3.220026278e-08
-1.11918502e-07
-2.289121977e-08
-9.651037502e-08
-1.493655216e-08
-7.980180939e-08
-8.532960272e-09
-6.219752271e-08
-3.838317873e-09
-4.4130996e-08
-9.691067619e-10
-2.604789232e-08
-8.399725777e-09
-5.683935971e-10
1.036364516e-08
-2.137619128e-09
2.900789252e-08
-4.580462092e-09
4.563070866e-08
-7.779181698e-09
6.032056975e-08
-1.162549828e-08
7.318302928e-08
-1.602072003e-08
8.433516007e-08
-2.087575031e-08
9.390017568e-08
-2.611093717e-08
1.020027486e-07
-3.165576682e-08
1.087650899e-07
-3.744841131e-08
1.143037588e-07
-4.343515128e-08
1.187271797e-07
-4.956970131e-08
1.221338342e-07
-5.581246794e-08
1.246110853e-07
-6.212976918e-08
1.262345688e-07
-6.84930411e-08
1.270680823e-07
-7.487805233e-08
1.271638884e-07
-8.12641417e-08
1.265633492e-07
-8.763348941e-08
1.252978101e-07
-9.397042699e-08
1.233896561e-07
-1.002607877e-07
1.208534735e-07
-1.06491296e-07
1.176972618e-07
-1.126489928e-07
1.139236517e-07
-1.187206919e-07
1.095311008e-07
-1.246924625e-07
1.045150481e-07
-1.305491333e-07
9.88690218e-08
-1.362738135e-07
9.258570283e-08
-1.418474277e-07
8.565795566e-08
-1.472482619e-07
7.807984193e-08
-1.524515225e-07
6.984763755e-08
-1.574289067e-07
6.096087534e-08
-1.621481942e-07
5.142343611e-08
-1.665728642e-07
4.124471048e-08
-1.70661756e-07
3.044085207e-08
-1.743687917e-07
1.903613946e-08
-1.776427902e-07
7.064450868e-09
-1.804273964e-07
-5.42918907e-09
-1.826612295e-07
-1.838666547e-08
-1.842781962e-07
-3.173533672e-08
-1.85208143e-07
-4.538587865e-08
-1.853779023e-07
-5.923049378e-08
-1.847128081e-07
-7.31411921e-08
-1.831387723e-07
-8.696833805e-08
-1.805849956e-07
-1.005396649e-07
-1.769873648e-07
-1.136600008e-07
-1.722925426e-07
-1.261119977e-07
-1.664626908e-07
-1.376581847e-07
-1.594806828e-07
-1.48044675e-07
-1.513555535e-07
-1.570068175e-07
-1.421278237e-07
-1.642769966e-07
-1.318742233e-07
-1.695946244e-07
-1.207112596e-07
-1.727181456e-07
-1.087970423e-07
-1.734385922e-07
-9.633082441e-08
-1.715939103e-07
-8.35498537e-08
-1.670829878e-07
-7.072335757e-08
-1.598780834e-07
-5.814379637e-08
-1.500342769e-07
-4.61158658e-08
-1.376946602e-07
-3.494406451e-08
-1.230903033e-07
-2.491990023e-08
-1.065345393e-07
-1.630993265e-08
-8.841177697e-08
-9.345819113e-09
-6.916163624e-08
-4.217366135e-09
-4.925944898e-08
-1.069151901e-09
-2.919610655e-08
-9.468877657e-09
-5.612457627e-10
1.092489092e-08
-2.112932772e-09
3.055957953e-08
-4.530749618e-09
4.80485255e-08
-7.698885517e-09
6.348870565e-08
-1.151019692e-08
7.699434068e-08
-1.58665164e-08
8.869147954e-08
-2.067884272e-08
9.871250199e-08
-2.586735989e-08
1.071912658e-07
-3.136127712e-08
1.142590071e-07
-3.70984963e-08
1.20040978e-07
-4.302512792e-08
1.246538113e-07
-4.909488487e-08
1.282035912e-07
-5.526838752e-08
1.307845879e-07
-6.151241246e-08
1.324785937e-07
-6.779911423e-08
1.333547841e-07
-7.410524397e-08
1.334700181e-07
-8.041138336e-08
1.328694886e-07
-8.670120629e-08
1.31587633e-07
-9.296077571e-08
1.296492255e-07
-9.917787853e-08
1.270705763e-07
-1.053413982e-07
1.238607814e-07
-1.114407223e-07
1.200229758e-07
-1.174651807e-07
1.155555592e-07
-1.23403509e-07
1.104533764e-07
-1.29243332e-07
1.047088448e-07
-1.349706615e-07
9.831303241e-08
-1.405694043e-07
9.125669848e-08
-1.460208752e-07
8.353131282e-08
-1.513033138e-07
7.513007622e-08
-1.56391404e-07
6.604896556e-08
-1.612557975e-07
5.628782958e-08
-1.658626477e-07
4.585156077e-08
-1.701731649e-07
3.475136925e-08
-1.741432083e-07
2.300618286e-08
-1.777229444e-07
1.064418706e-08
-1.808566111e-07
-2.295522356e-09
-1.834823819e-07
-1.576089464e-08
-1.855325371e-07
-2.968518156e-08
-1.869337917e-07
-4.398462401e-08
-1.876080824e-07
-5.855620303e-08
-1.874738238e-07
-7.327545066e-08
-1.864477609e-07
-8.799440091e-08
-1.844475296e-07
-1.025398962e-07
-1.813950183e-07
-1.167125121e-07
-1.772205879e-07
-1.30286428e-07
-1.718681416e-07
-1.430106309e-07
-1.65300945e-07
-1.546118716e-07
-1.575079736e-07
-1.647997888e-07
-1.485104249e-07
-1.732745453e-07
-1.383678781e-07
-1.797371711e-07
-1.271834596e-07
-1.839025641e-07
-1.151072841e-07
-1.855147677e-07
-1.023374482e-07
-1.843637461e-07
-8.911796623e-08
-1.803024698e-07
-7.573327851e-08
-1.732627711e-07
-6.249932531e-08
-1.632682301e-07
-4.97516122e-08
-1.504423733e-07
-3.78311442e-08
-1.350107713e-07
-2.706948261e-08
-1.172962009e-07
-1.777440357e-08
-9.770685601e-08
-1.021766389e-08
-7.671837591e-08
-4.626223039e-09
-5.485088984e-08
-1.177774684e-09
-3.264455489e-08
-1.064665232e-08
-5.521216738e-10
1.147701258e-08
-2.081090329e-09
3.208854818e-08
-4.466002278e-09
5.043343745e-08
-7.593277028e-09
6.66159804e-08
-1.13570658e-08
8.075812945e-08
-1.565978946e-08
9.29942032e-08
-2.041254883e-08
1.034652614e-07
-2.553534166e-08
1.123140586e-07
-3.095706899e-08
1.196807344e-07
-3.661533559e-08
1.256992446e-07
-4.24560665e-08
1.304945422e-07
-4.8432973e-08
1.341804977e-07
-5.450690573e-08
1.368585207e-07
-6.064513229e-08
1.386168203e-07
-6.682057286e-08
1.395302247e-07
-7.301102191e-08
1.396604672e-07
-7.919837753e-08
1.390568442e-07
-8.536789353e-08
1.37757149e-07
-9.150746364e-08
1.357887956e-07
-9.760694241e-08
1.331700551e-07
-1.036575032e-07
1.299113423e-07
-1.096510315e-07
1.260165041e-07
-1.155795487e-07
1.214840763e-07
-1.214346613e-07
1.163084891e-07
-1.272070301e-07
1.104812136e-07
-1.328858509e-07
1.039918532e-07
-1.384583427e-07
9.682919027e-08
-1.43909236e-07
8.898220621e-08
-1.492202572e-07
8.044109745e-08
-1.543696042e-07
7.119831252e-08
-1.59331413e-07
6.124963839e-08
-1.640752169e-07
5.059536475e-08
-1.685654041e-07
3.924155648e-08
-1.72760686e-07
2.720146478e-08
-1.766136008e-07
1.449710185e-08
-1.800701083e-07
1.160985228e-09
-1.830691543e-07
-1.27618486e-08
-1.855427041e-07
-2.721163176e-08
-1.874156828e-07
-4.211164532e-08
-1.886064604e-07
-5.736542537e-08
-1.890277749e-07
-7.285413612e-08
-1.885882647e-07
-8.843391105e-08
-1.8719476e-07
-1.039334009e-07
-1.847554733e-07
-1.191517988e-07
-1.811842045e-07
-1.338576968e-07
-1.764056179e-07
-1.477892175e-07
-1.703615565e-07
-1.60655933e-07
-1.630182255e-07
-1.721431198e-07
-1.543739072e-07
-1.819188636e-07
-1.444666777e-07
-1.896444007e-07
-1.333814034e-07
-1.949878383e-07
-1.212551495e-07
-1.976410217e-07
-1.082800657e-07
-1.973388299e-07
-9.470289099e-08
-1.938796445e-07
-8.082044657e-08
-1.871452155e-07
-6.697089377e-08
-1.771177829e-07
-5.352106266e-08
-1.638922044e-07
-4.085074684e-08
-1.476810871e-07
-2.933539508e-08
-1.288115527e-07
-1.932899898e-08
-1.077132521e-07
-1.114909832e-08
-8.489827657e-08
-5.06569904e-09
-6.093428912e-08
-1.295348592e-09
-3.641490533e-08
-1.194200089e-08
-5.413493312e-10
1.201836191e-08
-2.043270766e-09
3.359046961e-08
-4.388622856e-09
5.277878954e-08
-7.466202204e-09
6.969355974e-08
-1.11714698e-08
8.446339704e-08
-1.540737318e-08
9.723010657e-08
-2.008501909e-08
1.081429073e-07
-2.51241183e-08
1.173531578e-07
-3.045317774e-08
1.250097939e-07
-3.600944441e-08
1.312555113e-07
-4.173862686e-08
1.362237246e-07
-4.759443315e-08
1.40036304e-07
-5.353796936e-08
1.428020569e-07
-5.953704195e-08
1.446158929e-07
-6.556540311e-08
1.455585858e-07
-7.160197174e-08
1.456970358e-07
-7.763005519e-08
1.450849276e-07
-8.363658991e-08
1.437636837e-07
-8.961141249e-08
1.417636182e-07
-9.554656692e-08
1.391052095e-07
-1.014356498e-07
1.358004252e-07
-1.07273192e-07
1.318540463e-07
-1.130540718e-07
1.272649561e-07
-1.187729552e-07
1.220273725e-07
-1.244237552e-07
1.161320136e-07
-1.299991034e-07
1.095672014e-07
-1.354898254e-07
1.023199124e-07
-1.408844135e-07
9.43767943e-08
-1.461684871e-07
8.572517105e-08
-1.513242365e-07
7.635406203e-08
-1.563298441e-07
6.625524599e-08
-1.611588799e-07
5.542440057e-08
-1.657796747e-07
4.386235135e-08
-1.701546768e-07
3.157646683e-08
-1.742398096e-07
1.858223476e-08
-1.779838711e-07
4.905046695e-09
-1.813279074e-07
-9.417812195e-09
-1.842049365e-07
-2.433460263e-08
-1.865395953e-07
-3.97769865e-08
-1.882482434e-07
-5.565677726e-08
-1.892394881e-07
-7.186289135e-08
-1.894153052e-07
-8.8258094e-08
-1.886729384e-07
-1.046757677e-07
-1.869077693e-07
-1.209169678e-07
-1.840173346e-07
-1.367481315e-07
-1.799066291e-07
-1.51899923e-07
-1.74494745e-07
-1.660678171e-07
-1.67722763e-07
-1.789151018e-07
-1.59562619e-07
-1.900790076e-07
-1.500264351e-07
-1.991805845e-07
-1.391755464e-07
-2.05838727e-07
-1.271282228e-07
-2.096883453e-07
-1.14064931e-07
-2.104021217e-07
-1.002299788e-07
-2.077145967e-07
-8.592857969e-08
-2.014466147e-07
-7.151880119e-08
-1.915275614e-07
-5.739849202e-08
-1.780125136e-07
-4.398803098e-08
-1.610915481e-07
-3.171048157e-08
-1.410891021e-07
-2.097130313e-08
-1.184524306e-07
-1.214004195e-08
-9.372953774e-08
-5.536365147e-09
-6.753796593e-08
-1.422207543e-09
-4.052906292e-08
-1.336420841e-08
-5.29344236e-10
1.254770615e-08
-2.000966343e-09
3.506209171e-08
-4.301652594e-09
5.507947579e-08
-7.32253222e-09
7.271443937e-08
-1.096021391e-08
8.810107872e-08
-1.511795771e-08
1.013878504e-07
-1.970665764e-08
1.127316072e-07
-2.464554591e-08
1.222920461e-07
-2.986258881e-08
1.302268368e-07
-3.529458122e-08
1.366875037e-07
-4.088697267e-08
1.418161161e-07
-4.659347228e-08
1.457428036e-07
-5.237548487e-08
1.485840695e-07
-5.820142967e-08
1.504418377e-07
-6.404598728e-08
1.514031434e-07
-6.988931288e-08
1.515403614e-07
-7.57162449e-08
1.509118597e-07
-8.151553054e-08
1.495629694e-07
-8.727908134e-08
1.47527169e-07
-9.300126647e-08
1.448273947e-07
-9.867824603e-08
1.414774048e-07
-1.04307343e-07
1.374831433e-07
-1.098864499e-07
1.32844063e-07
-1.154134633e-07
1.27554386e-07
-1.208857403e-07
1.216042907e-07
-1.262995662e-07
1.149810273e-07
-1.316496256e-07
1.076699718e-07
-1.369284677e-07
9.965563638e-08
-1.421259538e-07
9.092265719e-08
-1.472286805e-07
8.14567888e-08
-1.52219368e-07
7.124593354e-08
-1.570762079e-07
6.028124048e-08
-1.61772167e-07
4.855831041e-08
-1.662742482e-07
3.607854812e-08
-1.705427201e-07
2.285070666e-08
-1.745303306e-07
8.892657227e-09
-1.781815315e-07
-5.766611251e-09
-1.814318057e-07
-2.108432832e-08
-1.8420711e-07
-3.700168219e-08
-1.864235267e-07
-5.344036057e-08
-1.879873418e-07
-7.029907619e-08
-1.887956723e-07
-8.744976342e-08
-1.88737857e-07
-1.04733583e-07
-1.876978476e-07
-1.219569772e-07
-1.855578464e-07
-1.388881326e-07
-1.822034154e-07
-1.552543539e-07
-1.775302142e-07
-1.707410182e-07
-1.714523964e-07
-1.849929197e-07
-1.639124905e-07
-1.976189135e-07
-1.548923205e-07
-2.082007545e-07
-1.444241938e-07
-2.163068537e-07
-1.326012528e-07
-2.215112863e-07
-1.195856153e-07
-2.234177591e-07
-1.056128106e-07
-2.216874014e-07
-9.099113405e-08
-2.160682912e-07
-7.609496348e-08
-2.064237319e-07
-6.135179226e-08
-1.927556848e-07
-4.722366796e-08
-1.752196724e-07
-3.418471718e-08
-1.541280529e-07
-2.269727597e-08
-1.299398718e-07
-1.318964092e-08
-1.032371728e-07
-6.038518373e-09
-7.468908848e-08
-1.558638784e-09
-4.50089425e-08
-1.492284717e-08
-5.166204685e-10
1.306432662e-08
-1.956022463e-09
3.650149371e-08
-4.208851289e-09
5.733230462e-08
-7.168288501e-09
7.567387658e-08
-1.073171188e-08
9.16645021e-08
-1.480229559e-08
1.054584341e-07
-1.929035702e-08
1.172196686e-07
-2.41143538e-08
1.271160429e-07
-2.920149883e-08
1.353139818e-07
-3.448800791e-08
1.419740128e-07
-3.991902385e-08
1.47247132e-07
-4.544827657e-08
1.512720563e-07
-5.103754294e-08
1.541733358e-07
-5.665596767e-08
1.560602624e-07
-6.227929894e-08
1.570264747e-07
-6.788908295e-08
1.571501454e-07
-7.347185122e-08
1.564946279e-07
-7.901832472e-08
1.551094429e-07
-8.452265049e-08
1.530314948e-07
-8.998167928e-08
1.502864235e-07
-9.539428695e-08
1.468900125e-07
-1.007607388e-07
1.428495951e-07
-1.060820918e-07
1.38165416e-07
-1.11359629e-07
1.328319232e-07
-1.165943168e-07
1.268389784e-07
-1.217862758e-07
1.201729863e-07
-1.269342556e-07
1.128179516e-07
-1.320351002e-07
1.04756481e-07
-1.370831944e-07
9.597075145e-08
-1.420698776e-07
8.644347205e-08
-1.469828141e-07
7.615887001e-08
-1.518053089e-07
6.510373532e-08
-1.565155617e-07
5.326856322e-08
-1.610858527e-07
4.064883918e-08
-1.654816638e-07
2.724651779e-08
-1.696607461e-07
1.307173956e-08
-1.735721741e-07
-1.855183131e-09
-1.771553164e-07
-1.7501186e-08
-1.803391028e-07
-3.381789578e-08
-1.830411801e-07
-5.073828327e-08
-1.851675241e-07
-6.817273211e-08
-1.866125085e-07
-8.600477898e-08
-1.872596811e-07
-1.040864103e-07
-1.869835248e-07
-1.222331335e-07
-1.856525122e-07
-1.402191452e-07
-1.831337714e-07
-1.577730947e-07
-1.792996435e-07
-1.745751462e-07
-1.740363029e-07
-1.902562602e-07
-1.672544175e-07
-2.044007988e-07
-1.589015245e-07
-2.165536475e-07
-1.489754105e-07
-2.262329676e-07
-1.375373415e-07
-2.329493553e-07
-1.247235715e-07
-2.362315291e-07
-1.107532794e-07
-2.356576935e-07
-9.593106882e-08
-2.308905019e-07
-8.064251962e-08
-2.217122811e-07
-6.534205124e-08
-2.080561532e-07
-5.053347931e-08
-1.900282444e-07
-3.674494468e-08
-1.679165875e-07
-2.450109104e-08
-1.421837254e-07
-1.429618617e-08
-1.134420777e-07
-6.572151034e-09
-8.241312362e-08
-1.704876895e-09
-4.987621663e-08
-1.662772405e-08
-5.038042326e-10
1.356813086e-08
-1.910685791e-09
3.790837527e-08
-4.114792678e-09
5.95364115e-08
-7.010789172e-09
7.856987307e-08
-1.049617977e-08
9.51498927e-08
-1.44734327e-08
1.09435687e-07
-1.885175371e-08
1.215979896e-07
-2.354841043e-08
1.318126996e-07
-2.84895786e-08
1.4025515e-07
-3.361073836e-08
1.470951725e-07
-3.885668162e-08
1.524930753e-07
-4.418120699e-08
1.565965817e-07
-4.95465813e-08
1.595387101e-07
-5.492284144e-08
1.614365225e-07
-6.028699998e-08
1.623906333e-07
-6.562220566e-08
1.624853511e-07
-7.091689733e-08
1.617893196e-07
-7.616397847e-08
1.60356524e-07
-8.136002936e-08
1.582275457e-07
-8.650456635e-08
1.554309605e-07
-9.159935103e-08
1.519847972e-07
-9.664774789e-08
1.47897992e-07
-1.016541255e-07
1.431717936e-07
-1.066232935e-07
1.378010913e-07
-1.115599669e-07
1.317756519e-07
-1.164682461e-07
1.250812655e-07
-1.213511011e-07
1.177008066e-07
-1.262098478e-07
1.096152278e-07
-1.310436019e-07
1.008045055e-07
-1.35848696e-07
9.124856623e-08
-1.406180469e-07
8.092822096e-08
-1.45340457e-07
6.982614541e-08
-1.499998381e-07
5.792794441e-08
-1.545743472e-07
4.522334828e-08
-1.59035426e-07
3.170759667e-08
-1.633467528e-07
1.738306635e-08
-1.674631365e-07
2.261200618e-09
-1.713292121e-07
-1.363511039e-08
-1.748784819e-07
-3.026862596e-08
-1.780320371e-07
-4.7584728e-08
-1.806976799e-07
-6.550708922e-08
-1.827693942e-07
-8.393306466e-08
-1.841274252e-07
-1.027283793e-07
-1.846392742e-07
-1.217212845e-07
-1.841619708e-07
-1.406964485e-07
-1.825460313e-07
-1.593890342e-07
-1.796415112e-07
-1.774796662e-07
-1.753064957e-07
-1.945912758e-07
-1.694181943e-07
-2.102891001e-07
-1.618865101e-07
-2.240853318e-07
-1.526695068e-07
-2.354499709e-07
-1.41789653e-07
-2.438292091e-07
-1.293491295e-07
-2.486720526e-07
-1.155420028e-07
-2.494648202e-07
-1.006608435e-07
-2.457716611e-07
-8.509559007e-08
-2.372775346e-07
-6.93232247e-08
-2.238285186e-07
-5.388813032e-08
-2.054633388e-07
-3.937464589e-08
-1.824300719e-07
-2.637499619e-08
-1.551833751e-07
-1.545704628e-08
-1.243600276e-07
-7.136927659e-09
-9.073324224e-08
-1.861100032e-09
-5.515204424e-08
-1.848882406e-08
-4.916510593e-10
1.405978192e-08
-1.867664334e-09
3.928438855e-08
-4.024981569e-09
6.169372874e-08
-6.858825501e-09
8.1403717e-08
-1.026586398e-08
9.855693119e-08
-1.414697337e-08
1.133167964e-07
-1.840951193e-08
1.258605282e-07
-2.296900705e-08
1.363721947e-07
-2.775023904e-08
1.45036382e-07
-3.268777213e-08
1.520327056e-07
-3.772601918e-08
1.575313223e-07
-4.281893983e-08
1.616895023e-07
-4.79294714e-08
1.646492417e-07
-5.302878182e-08
1.66535833e-07
-5.80954196e-08
1.67457271e-07
-6.311441955e-08
1.675043511e-07
-6.807640784e-08
1.667513079e-07
-7.297673577e-08
1.65256852e-07
-7.781466075e-08
1.630654707e-07
-8.25925835e-08
1.602088832e-07
-8.731534401e-08
1.567075577e-07
-9.198957377e-08
1.525722218e-07
-9.662309821e-08
1.478053181e-07
-1.012243809e-07
1.42402374e-07
-1.058019988e-07
1.363532699e-07
-1.103641377e-07
1.296434045e-07
-1.149180936e-07
1.222547626e-07
-1.194697669e-07
1.141669011e-07
-1.24023134e-07
1.053578727e-07
-1.285796803e-07
9.580511257e-08
-1.331377779e-07
8.548631861e-08
-1.376919907e-07
7.438035826e-08
-1.4223229e-07
6.246824376e-08
-1.467431645e-07
4.973422283e-08
-1.512026109e-07
3.616704305e-08
-1.555810015e-07
2.176145698e-08
-1.598398334e-07
6.520032586e-09
-1.639302931e-07
-9.544650678e-09
-1.677919267e-07
-2.640699227e-08
-1.713511079e-07
-4.402554679e-08
-1.745196368e-07
-6.233856024e-08
-1.771936045e-07
-8.125909698e-08
-1.792527262e-07
-1.006692576e-07
-1.80560463e-07
-1.204135476e-07
-1.809653334e-07
-1.402915781e-07
-1.803038991e-07
-1.600504684e-07
-1.78405966e-07
-1.793775994e-07
-1.751025225e-07
-1.978947192e-07
-1.702368226e-07
-2.151548e-07
-1.636787363e-07
-2.30643418e-07
-1.553420333e-07
-2.437866739e-07
-1.452036119e-07
-2.539676305e-07
-1.333229213e-07
-2.605527431e-07
-1.198590777e-07
-2.629286638e-07
-1.050826665e-07
-2.605480723e-07
-8.937920608e-08
-2.52980995e-07
-7.324191907e-08
-2.399658056e-07
-5.725289549e-08
-2.214523623e-07
-4.2053762e-08
-1.976292054e-07
-2.830920885e-08
-1.689279283e-07
-1.666862323e-08
-1.360006132e-07
-7.732174197e-09
-9.966969128e-08
-2.02742989e-09
-6.085678854e-08
-2.051625393e-08
-4.81068265e-10
1.45408502e-08
-1.830204449e-09
4.063352474e-08
-3.946001284e-09
6.380952557e-08
-6.72287954e-09
8.418059526e-08
-1.005531598e-08
1.018893676e-07
-1.384139058e-08
1.17102871e-07
-1.798564411e-08
1.300047817e-07
-2.240116323e-08
1.407877138e-07
-2.701089952e-08
1.496461182e-07
-3.174830789e-08
1.56770114e-07
-3.655742747e-08
1.623404419e-07
-4.139253695e-08
1.665246118e-07
-4.621750963e-08
1.694742144e-07
-5.100497704e-08
1.713233004e-07
-5.57353894e-08
1.721876834e-07
-6.039604007e-08
1.721650018e-07
-6.498010205e-08
1.713353699e-07
-6.948570767e-08
1.697624576e-07
-7.391509e-08
1.67494853e-07
-7.827379391e-08
1.645675872e-07
-8.256995779e-08
1.610037216e-07
-8.681366161e-08
1.568159256e-07
-9.10163337e-08
1.520079902e-07
-9.519020596e-08
1.465762462e-07
-9.934780595e-08
1.405108699e-07
-1.035014727e-07
1.337970713e-07
-1.076628824e-07
1.264161723e-07
-1.118425682e-07
1.183465869e-07
-1.16049419e-07
1.095647236e-07
-1.202901394e-07
1.000458329e-07
-1.245686512e-07
8.976483048e-08
-1.288854198e-07
7.869712685e-08
-1.332366819e-07
6.681950592e-08
-1.376135568e-07
5.411109777e-08
-1.42001019e-07
4.055450532e-08
-1.463767189e-07
2.613715691e-08
-1.507096354e-07
1.085294913e-08
-1.549585557e-07
-5.295730392e-09
-1.590704114e-07
-2.229513645e-08
-1.62978567e-07
-4.011739122e-08
-1.666009268e-07
-5.871620037e-08
-1.698382184e-07
-7.802180536e-08
-1.725725682e-07
-9.793490769e-08
-1.746666841e-07
-1.183194316e-07
-1.759640627e-07
-1.389941994e-07
-1.762907646e-07
-1.597237665e-07
-1.754594093e-07
-1.802089547e-07
-1.732761013e-07
-2.000780271e-07
-1.695509553e-07
-2.18879946e-07
-1.641126703e-07
-2.360817029e-07
-1.568271582e-07
-2.51072186e-07
-1.476195167e-07
-2.63175272e-07
-1.364976957e-07
-2.716745641e-07
-1.235751628e-07
-2.758511966e-07
-1.090889927e-07
-2.750342423e-07
-9.34094139e-08
-2.686605738e-07
-7.703729262e-08
-2.563379269e-07
-6.058750571e-08
-2.379021493e-07
-4.475857414e-08
-2.13458137e-07
-3.029185714e-08
-1.833946453e-07
-1.792634057e-08
-1.483661298e-07
-8.356885239e-09
-1.092391466e-07
-2.203937264e-09
-6.700973651e-08
-2.272019118e-08
-4.731448735e-10
1.501399509e-08
-1.802191389e-09
4.196257127e-08
-3.885702554e-09
6.589303674e-08
-6.615397131e-09
8.691028984e-08
-9.881728362e-09
1.051556989e-07
-1.357839417e-08
1.207995368e-07
-1.76058766e-08
1.340322642e-07
-2.187395715e-08
1.450557944e-07
-2.630325479e-08
1.540754159e-07
-3.082592556e-08
1.612927848e-07
-3.538569834e-08
1.669002147e-07
-3.993742225e-08
1.710763357e-07
-4.444628468e-08
1.739830768e-07
-4.888683242e-08
1.757638481e-07
-5.324189945e-08
1.765427504e-07
-5.750151724e-08
1.764246196e-07
-6.166185899e-08
1.754957117e-07
-6.572424973e-08
1.738248484e-07
-6.969425899e-08
1.714648623e-07
-7.358088164e-08
1.684542098e-07
-7.739580481e-08
1.648186448e-07
-8.115275397e-08
1.605728748e-07
-8.486690765e-08
1.557221439e-07
-8.855436874e-08
1.502637074e-07
-9.223167869e-08
1.441881799e-07
-9.591536024e-08
1.374807528e-07
-9.962147362e-08
1.301222857e-07
-1.033651702e-07
1.220902835e-07
-1.071602265e-07
1.133597799e-07
-1.110185408e-07
1.039041474e-07
-1.14949573e-07
9.369586267e-08
-1.189597056e-07
8.270725947e-08
-1.230515053e-07
7.091130567e-08
-1.272228595e-07
5.8282452e-08
-1.314659627e-07
4.479760863e-08
-1.357661286e-07
3.04373228e-08
-1.401004073e-07
1.518722789e-08
-1.444360004e-07
-9.601373026e-10
-1.487283498e-07
-1.800278694e-08
-1.529193234e-07
-3.592641762e-08
-1.569348742e-07
-5.470064956e-08
-1.606828113e-07
-7.42738682e-08
-1.640506493e-07
-9.456706968e-08
-1.66903834e-07
-1.154662469e-07
-1.690847569e-07
-1.368132765e-07
-1.704131246e-07
-1.583953987e-07
-1.70688422e-07
-1.799336573e-07
-1.696953502e-07
-2.010710989e-07
-1.6721318e-07
-2.213621162e-07
-1.630298477e-07
-2.402650352e-07
-1.569612464e-07
-2.571407873e-07
-1.488754395e-07
-2.712610788e-07
-1.387204388e-07
-2.818295648e-07
-1.265528365e-07
-2.880187989e-07
-1.125632391e-07
-2.890238397e-07
-9.709353718e-08
-2.841302757e-07
-8.064106762e-08
-2.727903964e-07
-6.384607792e-08
-2.546971389e-07
-4.746165142e-08
-2.298425635e-07
-3.230897769e-08
-1.98547319e-07
-1.922467437e-08
-1.614504331e-07
-9.009756135e-09
-1.194540648e-07
-2.390655661e-09
-7.362883697e-08
-2.511084683e-08
-4.691919556e-10
1.548318706e-08
-1.788282135e-09
4.328166146e-08
-3.853448231e-09
6.795820284e-08
-6.551133855e-09
8.960797547e-08
-9.765349794e-09
1.083699148e-07
-1.338337057e-08
1.244175576e-07
-1.730006761e-08
1.379489612e-07
-2.142087898e-08
1.491766058e-07
-2.566352919e-08
1.583180661e-07
-2.995871681e-08
1.655879724e-07
-3.425001628e-08
1.711915142e-07
-3.84932281e-08
1.753195475e-07
-4.265537859e-08
1.781452273e-07
-4.67135305e-08
1.798220001e-07
-5.06535246e-08
1.804827446e-07
-5.446873617e-08
1.802398311e-07
-5.815889983e-08
1.791858753e-07
-6.172903293e-08
1.773949815e-07
-6.518847039e-08
1.749242998e-07
-6.855001199e-08
1.718157514e-07
-7.182917543e-08
1.680978082e-07
-7.504354388e-08
1.637872433e-07
-7.821219398e-08
1.58890794e-07
-8.135518919e-08
1.534067026e-07
-8.449312272e-08
1.473261134e-07
-8.764669397e-08
1.406343241e-07
-9.08363023e-08
1.33311894e-07
-9.408164146e-08
1.253356227e-07
-9.740127738e-08
1.166794159e-07
-1.00812191e-07
1.07315061e-07
-1.043292661e-07
9.721293782e-08
-1.079647013e-07
8.634269468e-08
-1.117273213e-07
7.467392579e-08
-1.156217627e-07
6.217689343e-08
-1.19647503e-07
4.882334895e-08
-1.237977023e-07
3.458752216e-08
-1.280578336e-07
1.944735924e-08
-1.324040751e-07
3.386104235e-09
-1.368012951e-07
-1.36055669e-08
-1.412010682e-07
-3.152664458e-08
-1.455391002e-07
-5.036261751e-08
-1.497325332e-07
-7.00804351e-08
-1.536771424e-07
-9.062246046e-08
-1.572446461e-07
-1.118987431e-07
-1.602805026e-07
-1.3377742e-07
-1.626027481e-07
-1.560731532e-07
-1.640026583e-07
-1.785337471e-07
-1.642482475e-07
-2.008255097e-07
-1.630918035e-07
-2.225185601e-07
-1.602826896e-07
-2.43074149e-07
-1.555864043e-07
-2.618370726e-07
-1.488102346e-07
-2.780372485e-07
-1.398346743e-07
-2.908051251e-07
-1.286481411e-07
-2.992053321e-07
-1.153806566e-07
-3.022913242e-07
-1.003305534e-07
-2.991803789e-07
-8.39776252e-08
-2.891433246e-07
-6.697711356e-08
-2.716976506e-07
-5.013186583e-08
-2.466878112e-07
-3.434457835e-08
-2.143346065e-07
-2.055723805e-08
-1.752377734e-07
-9.689248338e-09
-1.303220546e-07
-2.587606051e-09
-8.073047925e-08
-2.769845287e-08
-4.707974267e-10
1.595398451e-08
-1.794082044e-09
4.460494609e-08
-3.860432095e-09
7.002455289e-08
-6.547595254e-09
9.229513863e-08
-9.72999796e-09
1.115523175e-07
-1.328590675e-08
1.279734664e-07
-1.710267945e-08
1.417657339e-07
-2.108019695e-08
1.531541233e-07
-2.513269492e-08
1.623705641e-07
-2.918932778e-08
1.696446052e-07
-3.319381126e-08
1.751959977e-07
-3.71034546e-08
1.792291909e-07
-4.088783676e-08
1.819296095e-07
-4.452732118e-08
1.834614845e-07
-4.801154643e-08
1.839669698e-07
-5.133798304e-08
1.835662678e-07
-5.451060897e-08
1.823585013e-07
-5.753872894e-08
1.804231014e-07
-6.043594349e-08
1.778215144e-07
-6.321926156e-08
1.745990695e-07
-6.590834293e-08
1.707868896e-07
-6.852485315e-08
1.664037535e-07
-7.109191231e-08
1.614578532e-07
-7.363361838e-08
1.559484087e-07
-7.617462688e-08
1.498671219e-07
-7.873976884e-08
1.431994661e-07
-8.135368967e-08
1.359258149e-07
-8.404049187e-08
1.280224249e-07
-8.682336415e-08
1.194622882e-07
-8.972417886e-08
1.102158757e-07
-9.27630382e-08
1.002517972e-07
-9.5957748e-08
8.953740451e-08
-9.932319513e-08
7.803937295e-08
-1.028706014e-07
6.572429974e-08
-1.066066224e-07
5.255936995e-08
-1.105322547e-07
3.851315455e-08
-1.146415186e-07
2.355662312e-08
-1.189198656e-07
7.664451258e-09
-1.23342219e-07
-9.18321345e-09
-1.278707768e-07
-2.699808677e-08
-1.324523843e-07
-4.578100993e-08
-1.370154692e-07
-6.551735022e-08
-1.41466698e-07
-8.617123157e-08
-1.456874676e-07
-1.076779735e-07
-1.495305322e-07
-1.299343554e-07
-1.528172699e-07
-1.527864155e-07
-1.553363592e-07
-1.760146578e-07
-1.56844957e-07
-1.993169118e-07
-1.570737857e-07
-2.222897314e-07
-1.557377561e-07
-2.444101786e-07
-1.52553717e-07
-2.650211117e-07
-1.472664343e-07
-2.833245311e-07
-1.396827706e-07
-2.983887888e-07
-1.297121844e-07
-3.091759183e-07
-1.174092578e-07
-3.145942508e-07
-1.030115083e-07
-3.135781283e-07
-8.696412764e-08
-3.051907053e-07
-6.992353253e-08
-2.887382457e-07
-5.273446209e-08
-2.638768816e-07
-3.638077017e-08
-2.306882984e-07
-2.191693283e-08
-1.897016107e-07
-1.039369809e-08
-1.418452893e-07
-2.79483688e-09
-8.832934046e-08
-3.049328974e-08
-4.799007708e-10
1.64338853e-08
-1.826380482e-09
4.595142581e-08
-3.920094807e-09
7.211826722e-08
-6.625596469e-09
9.50006403e-08
-9.803690801e-09
1.147304118e-07
-1.332040685e-08
1.314901824e-07
-1.705329766e-08
1.454986247e-07
-2.089531033e-08
1.569961359e-07
-2.475660956e-08
1.662318633e-07
-2.856485209e-08
1.734528478e-07
-3.226439555e-08
1.788955411e-07
-3.58148523e-08
1.827796476e-07
-3.918930792e-08
1.853040651e-07
-4.23724355e-08
1.866446121e-07
-4.535865956e-08
1.869531939e-07
-4.815046211e-08
1.863580703e-07
-5.075687781e-08
1.84964917e-07
-5.319219339e-08
1.82858417e-07
-5.547484611e-08
1.801041671e-07
-5.762650406e-08
1.767507275e-07
-5.967130497e-08
1.728316906e-07
-6.163522805e-08
1.683676766e-07
-6.354557387e-08
1.633681991e-07
-6.543052834e-08
1.578333632e-07
-6.731878907e-08
1.517553827e-07
-6.923923414e-08
1.451199112e-07
-7.122061445e-08
1.379071952e-07
-7.329125252e-08
1.30093063e-07
-7.547873053e-08
1.216497662e-07
-7.780954988e-08
1.125466951e-07
-8.030874401e-08
1.027509914e-07
-8.299942415e-08
9.222808468e-08
-8.590223491e-08
8.094218374e-08
-8.9034693e-08
6.885675787e-08
-9.241037707e-08
5.593505405e-08
-9.603793032e-08
4.214070783e-08
-9.991983282e-08
2.743852565e-08
-1.040508901e-07
1.179550855e-08
-1.084163647e-07
-4.81773883e-09
-1.129896997e-07
-2.242475175e-08
-1.177299075e-07
-4.10408021e-08
-1.225782766e-07
-6.066898103e-08
-1.274546362e-07
-8.129487194e-08
-1.32253174e-07
-1.028794358e-07
-1.36838017e-07
-1.253495123e-07
-1.410389827e-07
-1.485854498e-07
-1.446482009e-07
-1.724054396e-07
-1.474186977e-07
-1.96546415e-07
-1.490664826e-07
-2.206419465e-07
-1.492781042e-07
-2.441985569e-07
-1.477258782e-07
-2.665733377e-07
-1.440927795e-07
-2.869576298e-07
-1.381080483e-07
-3.0437352e-07
-1.295926285e-07
-3.176913381e-07
-1.185106631e-07
-3.256762162e-07
-1.05019854e-07
-3.270689374e-07
-8.951057909e-08
-3.206999802e-07
-7.26226827e-08
-3.056261421e-07
-5.523115353e-08
-2.812684108e-07
-3.839796614e-08
-2.475214858e-07
-2.329617538e-08
-2.048034015e-07
-1.112148103e-08
-1.540199836e-07
-3.012484805e-09
-9.643833669e-08
-3.350577454e-08
-4.988952351e-10
1.693278057e-08
-1.893465491e-09
4.734599608e-08
-4.048665854e-09
7.427346758e-08
-6.809969927e-09
9.776194438e-08
-1.001941403e-08
1.17939856e-07
-1.352680042e-08
1.349975688e-07
-1.719717107e-08
1.491689954e-07
-2.09150364e-08
1.607140013e-07
-2.458599407e-08
1.69902821e-07
-2.813647168e-08
1.770033254e-07
-3.151226226e-08
1.822713317e-07
-3.467639006e-08
1.859437755e-07
-3.760670341e-08
1.882343785e-07
-4.029346375e-08
1.893313724e-07
-4.273709691e-08
1.893968271e-07
-4.49461946e-08
1.88567168e-07
-4.693579991e-08
1.869545223e-07
-4.87259754e-08
1.846485925e-07
-5.03406316e-08
1.817188233e-07
-5.180658315e-08
1.782166791e-07
-5.315279635e-08
1.741779038e-07
-5.440979215e-08
1.696246724e-07
-5.560917158e-08
1.645675785e-07
-5.678323406e-08
1.590074257e-07
-5.796466309e-08
1.529368118e-07
-5.918625677e-08
1.463415049e-07
-6.048068334e-08
1.392016218e-07
-6.188024435e-08
1.314926241e-07
-6.341662914e-08
1.23186151e-07
-6.512064363e-08
1.142507096e-07
-6.702189675e-08
1.046522445e-07
-6.914842585e-08
9.435461382e-08
-7.152624011e-08
8.331999803e-08
-7.417875632e-08
7.15092741e-08
-7.712609651e-08
5.888239427e-08
-8.038420861e-08
4.539881995e-08
-8.396376207e-08
3.101807914e-08
-8.786876964e-08
1.570051614e-08
-9.209485313e-08
-5.916553158e-10
-9.662698759e-08
-1.789261727e-08
-1.014370048e-07
-3.623078486e-08
-1.064802048e-07
-5.562578101e-08
-1.116913976e-07
-7.608367911e-08
-1.169802376e-07
-9.759059579e-08
-1.22225947e-07
-1.201038029e-07
-1.272717072e-07
-1.435396895e-07
-1.31919286e-07
-1.677578608e-07
-1.359249041e-07
-1.925407968e-07
-1.389979075e-07
-2.17568943e-07
-1.408044464e-07
-2.42392018e-07
-1.409789174e-07
-2.663988667e-07
-1.39146115e-07
-2.887904321e-07
-1.349564571e-07
-3.085631778e-07
-1.281348692e-07
-3.24512926e-07
-1.185406899e-07
-3.352703954e-07
-1.062315563e-07
-3.39378071e-07
-9.151969396e-08
-3.354118426e-07
-7.500622937e-08
-3.221396066e-07
-5.758019164e-08
-2.986944485e-07
-4.037513363e-08
-2.647265438e-07
-2.468721416e-08
-2.204913209e-07
-1.187124854e-08
-1.668359493e-07
-3.240863641e-09
-1.050687216e-07
-3.674663818e-08
-5.307679776e-10
1.746354857e-08
-2.005544075e-09
4.88207722e-08
-4.265867186e-09
7.65337907e-08
-7.130451894e-09
1.006265291e-07
-1.041603601e-08
1.212254401e-07
-1.395132206e-08
1.385328549e-07
-1.758571511e-08
1.528033884e-07
-2.119373483e-08
1.64322021e-07
-2.467611796e-08
1.733852041e-07
-2.795868035e-08
1.802858878e-07
-3.098985422e-08
1.853025056e-07
-3.373759618e-08
1.886915174e-07
-3.618614876e-08
1.906829311e-07
-3.83329599e-08
1.914781836e-07
-4.018592872e-08
1.912497959e-07
-4.176104986e-08
1.901422892e-07
-4.308046615e-08
1.882739386e-07
-4.417090208e-08
1.857390285e-07
-4.506243151e-08
1.826103528e-07
-4.57875262e-08
1.789417738e-07
-4.638033161e-08
1.747707092e-07
-4.687612134e-08
1.701204622e-07
-4.731088754e-08
1.650023447e-07
-4.772103103e-08
1.594175692e-07
-4.814312168e-08
1.533589024e-07
-4.861370411e-08
1.468120874e-07
-4.9169127e-08
1.397570447e-07
-4.984537986e-08
1.32168877e-07
-5.067792166e-08
1.240186928e-07
-5.170148535e-08
1.152742733e-07
-5.294984375e-08
1.059006029e-07
-5.445552065e-08
9.586029075e-08
-5.624942858e-08
8.511390598e-08
-5.836041024e-08
7.362025579e-08
-6.081465545e-08
6.133663951e-08
-6.363495628e-08
4.821912081e-08
-6.683975202e-08
3.42228749e-08
-7.044191614e-08
1.930268028e-08
-7.444720381e-08
3.413632366e-09
-7.885213993e-08
-1.348768113e-08
-8.364162842e-08
-3.144129635e-08
-8.878568937e-08
-5.048172005e-08
-9.423542572e-08
-7.063394274e-08
-9.991808672e-08
-9.190793478e-08
-1.057311801e-07
-1.142907095e-07
-1.115357506e-07
-1.37735119e-07
-1.171492081e-07
-1.621444033e-07
-1.223385286e-07
-1.873514763e-07
-1.268152936e-07
-2.130921781e-07
-1.302348471e-07
-2.389724645e-07
-1.322027499e-07
-2.644309638e-07
-1.322923876e-07
-2.887007945e-07
-1.300775777e-07
-3.107779877e-07
-1.25182682e-07
-3.294078217e-07
-1.173494764e-07
-3.43103601e-07
-1.065147717e-07
-3.502127756e-07
-9.288639182e-08
-3.490402225e-07
-7.699978138e-08
-3.380262171e-07
-5.973632191e-08
-3.15957908e-07
-4.229007147e-08
-2.821727942e-07
-2.60825444e-08
-2.36698848e-07
-1.264225647e-08
-1.802762372e-07
-3.480592159e-09
-1.142303859e-07
-4.022723034e-08
-5.792930562e-10
1.804284166e-08
-2.175303777e-09
5.041678294e-08
-4.595822306e-09
7.895430923e-08
-7.622777979e-09
1.036534848e-07
-1.103936518e-08
1.246420273e-07
-1.464730775e-08
1.421407975e-07
-1.827686681e-08
1.564329475e-07
-2.179110158e-08
1.678362558e-07
-2.508597287e-08
1.766800754e-07
-2.808782838e-08
1.832877433e-07
-3.074950771e-08
1.879641849e-07
-3.304595174e-08
1.909879615e-07
-3.496988811e-08
1.926068674e-07
-3.652792055e-08
1.93036216e-07
-3.773717559e-08
1.924590509e-07
-3.862254515e-08
1.910276587e-07
-3.921449517e-08
1.888658886e-07
-3.954737458e-08
1.860719079e-07
-3.965814419e-08
1.827211224e-07
-3.958544509e-08
1.788690747e-07
-3.936893174e-08
1.745541959e-07
-3.904880541e-08
1.698003359e-07
-3.86654948e-08
1.646190341e-07
-3.825943959e-08
1.59011514e-07
-3.787094419e-08
1.52970407e-07
-3.754007402e-08
1.464812172e-07
-3.730657064e-08
1.395235414e-07
-3.720977175e-08
1.320720781e-07
-3.728852209e-08
1.240974432e-07
-3.758105989e-08
1.155668112e-07
-3.812486686e-08
1.064444099e-07
-3.895646928e-08
9.669189319e-08
-4.011117427e-08
8.6268611e-08
-4.162272192e-08
7.513180346e-08
-4.352282802e-08
6.323674563e-08
-4.58405842e-08
5.053687701e-08
-4.860167021e-08
3.698396092e-08
-5.182732501e-08
2.25283351e-08
-5.553299691e-08
7.11930429e-09
-5.972650524e-08
-9.294172792e-09
-6.440576533e-08
-2.676203624e-08
-6.955578799e-08
-4.533169739e-08
-7.514474966e-08
-6.504498107e-08
-8.111900508e-08
-8.593367935e-08
-8.739686794e-08
-1.080128467e-07
-9.386109863e-08
-1.312708883e-07
-1.003502536e-07
-1.556552484e-07
-1.066494607e-07
-1.810522691e-07
-1.12481846e-07
-2.072597928e-07
-1.175027805e-07
-2.3395153e-07
-1.213003286e-07
-2.606334157e-07
-1.234065084e-07
-2.865946146e-07
-1.233247157e-07
-3.108597804e-07
-1.205781054e-07
-3.32154432e-07
-1.147809034e-07
-3.48900803e-07
-1.057288467e-07
-3.592648323e-07
-9.349667564e-08
-3.612723935e-07
-7.852204643e-08
-3.530008463e-07
-6.165048828e-08
-3.328294661e-07
-4.411965592e-08
-2.997036265e-07
-2.747542778e-08
-2.533430762e-07
-1.343481359e-08
-1.943168514e-07
-3.732776042e-09
-1.239324234e-07
-4.396000639e-08
-6.492988658e-10
1.869214056e-08
-2.418663946e-09
5.218614804e-08
-5.068223584e-09
8.160386887e-08
-8.33001084e-09
1.06915272e-07
-1.194331329e-08
1.282553297e-07
-1.567589238e-08
1.458733766e-07
-1.933509138e-08
1.600921465e-07
-2.277135174e-08
1.712725161e-07
-2.587658417e-08
1.797853079e-07
-2.857958141e-08
1.859907405e-07
-3.08401209e-08
1.902247244e-07
-3.264285502e-08
1.927906956e-07
-3.399163918e-08
1.939556516e-07
-3.490462306e-08
1.939491999e-07
-3.541021386e-08
1.929646418e-07
-3.55438905e-08
1.911613354e-07
-3.534577775e-08
1.886677759e-07
-3.485886033e-08
1.855849905e-07
-3.412771268e-08
1.819899748e-07
-3.319762905e-08
1.779389911e-07
-3.21140543e-08
1.734706211e-07
-3.092223249e-08
1.686085141e-07
-2.966700929e-08
1.63363811e-07
-2.839273484e-08
1.577372396e-07
-2.714323241e-08
1.517209046e-07
-2.596180366e-08
1.452997885e-07
-2.489124139e-08
1.384529791e-07
-2.397384281e-08
1.311546795e-07
-2.325141225e-08
1.233750127e-07
-2.276523469e-08
1.150806336e-07
-2.255601308e-08
1.062351883e-07
-2.266376232e-08
9.679964245e-08
-2.312764607e-08
8.673249478e-08
-2.398574108e-08
7.598989849e-08
-2.527470809e-08
6.452571266e-08
-2.702934077e-08
5.22915097e-08
-2.928195222e-08
3.923657239e-08
-3.206154513e-08
2.530792803e-08
-3.539269534e-08
1.045045451e-08
-3.929401218e-08
-5.392855943e-09
-4.377607533e-08
-2.227997309e-08
-4.883876724e-08
-4.026900548e-08
-5.446760295e-08
-5.941614535e-08
-6.062891253e-08
-7.977236977e-08
-6.726358198e-08
-1.013781772e-07
-7.427911863e-08
-1.242553516e-07
-8.153994685e-08
-1.483944201e-07
-8.885617509e-08
-1.737360409e-07
-9.597169767e-08
-2.001442702e-07
-1.025534679e-07
-2.273697597e-07
-1.081852462e-07
-2.550016375e-07
-1.123708898e-07
-2.82408971e-07
-1.145538753e-07
-3.086767949e-07
-1.14160332e-07
-3.325479753e-07
-1.106710575e-07
-3.523900775e-07
-1.037223448e-07
-3.662135449e-07
-9.32255733e-08
-3.71769165e-07
-7.948321902e-08
-3.667432005e-07
-6.326907248e-08
-3.490436127e-07
-4.583995736e-08
-3.171327417e-07
-2.886051502e-08
-2.703225185e-07
-1.425088618e-08
-2.089264802e-07
-3.999266924e-09
-1.341840427e-07
-4.795927332e-08
-7.470422933e-10
1.943918289e-08
-2.755783539e-09
5.41948893e-08
-5.719819865e-09
8.45679052e-08
-9.304104611e-09
1.104995568e-07
-1.319106861e-08
1.321422938e-07
-1.71063897e-08
1.497886977e-07
-2.083069578e-08
1.638164526e-07
-2.420133291e-08
1.746431533e-07
-2.71079076e-08
1.826918826e-07
-2.948466763e-08
1.883675006e-07
-3.130186873e-08
1.920419256e-07
-3.255744336e-08
1.940462702e-07
-3.326966439e-08
1.946678726e-07
-3.347107834e-08
1.941506139e-07
-3.32037269e-08
1.926972903e-07
-3.251553768e-08
1.904731462e-07
-3.145770485e-08
1.876099431e-07
-3.008286624e-08
1.842101519e-07
-2.844389609e-08
1.803510046e-07
-2.659315675e-08
1.760882517e-07
-2.458208088e-08
1.714595453e-07
-2.246098043e-08
1.664874136e-07
-2.027900985e-08
1.611818404e-07
-1.808421594e-08
1.555424457e-07
-1.59236465e-08
1.495603352e-07
-1.384348786e-08
1.432196299e-07
-1.188918345e-08
1.364986748e-07
-1.010555074e-08
1.293710468e-07
-8.536888085e-09
1.218063501e-07
-7.227037124e-09
1.137707827e-07
-6.219409551e-09
1.052275608e-07
-5.556976185e-09
9.613720911e-08
-5.282204162e-09
8.645772278e-08
-5.43693224e-09
7.614462659e-08
-6.062168216e-09
6.515094865e-08
-7.197785107e-09
5.34271266e-08
-8.882081696e-09
4.092086899e-08
-1.115115767e-08
2.757700402e-08
-1.403804338e-08
1.333734022e-08
-1.757147603e-08
-1.859423281e-09
-2.177410227e-08
-1.807734684e-08
-2.6660219e-08
-3.538288876e-08
-3.22324828e-08
-5.384388156e-08
-3.847744903e-08
-7.352740354e-08
-4.535955854e-08
-9.449606774e-08
-5.281316671e-08
-1.168017435e-07
-6.073227344e-08
-1.404753134e-07
-6.895785915e-08
-1.655104552e-07
-7.726321229e-08
-1.918389171e-07
-8.533853299e-08
-2.19294439e-07
-9.277773445e-08
-2.47562436e-07
-9.907253081e-08
-2.761141747e-07
-1.036214438e-07
-3.041278819e-07
-1.05763398e-07
-3.304060211e-07
-1.04845466e-07
-3.533080095e-07
-1.003297522e-07
-3.707292587e-07
-9.193372585e-08
-3.801651914e-07
-7.978217969e-08
-3.788947467e-07
-6.453233819e-08
-3.642934541e-07
-4.742605728e-08
-3.342390226e-07
-3.02345509e-08
-2.875140249e-07
-1.509490864e-08
-2.240661225e-07
-4.283033404e-09
-1.449959179e-07
-5.224230674e-08
-8.807392856e-10
2.031992221e-08
-3.212419314e-09
5.652656935e-08
-6.596293694e-09
8.795177959e-08
-1.060766873e-08
1.145109318e-07
-1.485607585e-08
1.363907009e-07
-1.901596079e-08
1.539485826e-07
-2.283787157e-08
1.676383634e-07
-2.614683261e-08
1.779521143e-07
-2.883344992e-08
1.853784999e-07
-3.084196192e-08
1.903760126e-07
-3.215795309e-08
1.933579167e-07
-3.279722711e-08
1.946855443e-07
-3.279649755e-08
1.946671431e-07
-3.220603841e-08
1.935601547e-07
-3.108415486e-08
1.915754068e-07
-2.949320666e-08
1.88882198e-07
-2.749688147e-08
1.856136179e-07
-2.515842984e-08
1.818717003e-07
-2.253961152e-08
1.777321863e-07
-1.970014975e-08
1.7324879e-07
-1.669753321e-08
1.684569288e-07
-1.358703761e-08
1.633769181e-07
-1.042190044e-08
1.580167032e-07
-7.253541969e-09
1.523740872e-07
-4.131841699e-09
1.46438635e-07
-1.105428208e-09
1.401932164e-07
1.778062423e-09
1.336151841e-07
4.471757664e-09
1.266773516e-07
6.929377092e-09
1.193487306e-07
9.105054238e-09
1.115951056e-07
1.095320449e-08
1.033794106e-07
1.242844739e-08
9.466196622e-08
1.348557226e-08
8.540059792e-08
1.407955584e-08
7.555064303e-08
1.416564341e-08
6.506486109e-08
1.369951122e-08
5.389325881e-08
1.263753805e-08
4.198284218e-08
1.09372289e-08
2.927731317e-08
8.557841201e-09
1.571672792e-08
5.461294256e-09
1.237123664e-09
1.613636774e-09
-1.422968936e-08
-3.013110171e-09
-3.075614182e-08
-8.438136756e-09
-4.841885498e-08
-1.466790817e-08
-6.729763213e-08
-2.169063214e-08
-8.747334378e-08
-2.946863572e-08
-1.090237399e-07
-3.79280542e-08
-1.320158949e-07
-4.694540648e-08
-1.564931029e-07
-5.633091616e-08
-1.824534074e-07
-6.580913229e-08
-2.098162229e-07
-7.499910014e-08
-2.383724682e-07
-8.339860445e-08
-2.677146704e-07
-9.038047009e-08
-2.971460163e-07
-9.521249154e-08
-3.255739996e-07
-9.711483403e-08
-3.51405667e-07
-9.536645925e-08
-3.724776335e-07
-8.946208302e-08
-3.860695676e-07
-7.930190715e-08
-3.890549225e-07
-6.537156881e-08
-3.782237925e-07
-4.885127201e-08
-3.507593194e-07
-3.159710263e-08
-3.047681942e-07
-1.59748661e-08
-2.39688359e-07
-4.588698563e-09
-1.563820855e-07
-5.683100532e-08
-1.06133083e-09
2.138125307e-08
-3.821768359e-09
5.92870069e-08
-7.754596998e-09
9.188460823e-08
-1.231580739e-08
1.190721422e-07
-1.70224268e-08
1.410973203e-07
-2.148788356e-08
1.584140394e-07
-2.543051272e-08
1.715809926e-07
-2.866590972e-08
1.811875113e-07
-3.10912851e-08
1.878038753e-07
-3.26674747e-08
1.919522022e-07
-3.340189784e-08
1.940923399e-07
-3.333402317e-08
1.946176696e-07
-3.252382018e-08
1.938569401e-07
-3.104307925e-08
1.920794138e-07
-2.896920584e-08
1.895015334e-07
-2.638100761e-08
1.862939998e-07
-2.335600819e-08
1.825886185e-07
-1.996888171e-08
1.784845738e-07
-1.629067724e-08
1.740539818e-07
-1.238857777e-08
1.693466905e-07
-8.326009298e-09
1.643943603e-07
-4.162923799e-09
1.592138326e-07
4.37758908e-11
1.538100036e-07
4.239702108e-09
1.48178161e-07
8.372600051e-09
1.42305737e-07
1.23919443e-08
1.361738722e-07
1.624848254e-08
1.297586459e-07
1.989388633e-08
1.230319479e-07
2.328043968e-08
1.159621773e-07
2.636078739e-08
1.085147579e-07
2.908772128e-08
1.006524767e-07
3.141400625e-08
9.233568127e-08
3.329225069e-08
8.352235349e-08
3.467482227e-08
7.416807146e-08
3.551381491e-08
6.422586846e-08
3.576107899e-08
5.364599474e-08
3.536833532e-08
4.237558585e-08
3.428740676e-08
3.035824173e-08
3.247061272e-08
1.753352196e-08
2.98713986e-08
3.836337782e-09
2.644540913e-08
-1.08036999e-08
2.215193901e-08
-2.646267171e-08
1.695619583e-08
-4.322311182e-08
1.083261032e-08
-6.117404664e-08
3.769678882e-09
-8.041041236e-08
-4.223050241e-09
-1.010310108e-07
-1.310514723e-08
-1.23133798e-07
-2.279189517e-08
-1.46806355e-07
-3.313652414e-08
-1.721087784e-07
-4.390786154e-08
-1.990448855e-07
-5.476475179e-08
-2.275155779e-07
-6.523057594e-08
-2.572488462e-07
-7.467547974e-08
-2.877011125e-07
-8.231873985e-08
-3.179307395e-07
-8.72690211e-08
-3.464553857e-07
-8.862156144e-08
-3.711250932e-07
-8.56240131e-08
-3.890671159e-07
-7.790225224e-08
-3.967766834e-07
-6.5704103e-08
-3.904219417e-07
-5.008527531e-08
-3.66378147e-07
-3.295117082e-08
-3.219022987e-07
-1.690373438e-08
-2.557357954e-07
-4.923330733e-09
-1.683624891e-07
-6.175433607e-08
-1.303613722e-09
2.268486683e-08
-4.626987818e-09
6.261038102e-08
-9.265790773e-09
9.652341119e-08
-1.451773707e-08
1.243240885e-07
-1.978392149e-08
1.463635048e-07
-2.46072393e-08
1.632373572e-07
-2.867424705e-08
1.756480003e-07
-3.17974048e-08
1.843106691e-07
-3.388943419e-08
1.898959047e-07
-3.493711116e-08
1.929998792e-07
-3.497822043e-08
1.941334492e-07
-3.408303755e-08
1.937224867e-07
-3.234039217e-08
1.921142947e-07
-2.984774777e-08
1.895867694e-07
-2.670452115e-08
1.863583068e-07
-2.300786907e-08
1.825973477e-07
-1.885026921e-08
1.784310186e-07
-1.431835234e-08
1.739526569e-07
-9.492567264e-09
1.692281968e-07
-4.447355563e-09
1.643014788e-07
7.483317688e-10
1.59198673e-07
6.03029976e-09
1.539318646e-07
1.133847881e-08
1.485018245e-07
1.661627577e-08
1.429003641e-07
2.180979335e-08
1.371122195e-07
2.686721634e-08
1.311164492e-07
3.173828981e-08
1.248875725e-07
3.637382979e-08
1.183964079e-07
4.072530347e-08
1.116107037e-07
4.474447434e-08
1.04495587e-07
4.838309801e-08
9.701385302e-08
5.159266275e-08
8.912611655e-08
5.43241719e-08
8.079084436e-08
5.652796598e-08
7.196427739e-08
5.815358589e-08
6.260024856e-08
5.914968335e-08
5.264989729e-08
5.946399235e-08
4.206127686e-08
5.90433862e-08
3.077884788e-08
5.7834059e-08
1.874284916e-08
5.578188527e-08
5.888511499e-09
5.283310011e-08
-7.854914746e-09
4.893537361e-08
-2.256494523e-08
4.403950283e-08
-3.832724106e-08
3.810203259e-08
-5.523657642e-08
3.108928914e-08
-7.339766893e-08
2.298342305e-08
-9.292514476e-08
1.37912485e-08
-1.139416235e-07
3.557015864e-09
-1.365721224e-07
-7.619660647e-09
-1.60932102e-07
-1.95600014e-08
-1.871045448e-07
-3.197616485e-08
-2.150994145e-07
-4.443699158e-08
-2.447880195e-07
-5.633582605e-08
-2.75802278e-07
-6.687237488e-08
-3.073941907e-07
-7.506901418e-08
-3.382587464e-07
-7.984797127e-08
-3.663461361e-07
-8.019394603e-08
-3.887211412e-07
-7.540886846e-08
-4.01561761e-07
-6.542502523e-08
-4.004057849e-07
-5.109023837e-08
-3.807129339e-07
-3.430337351e-08
-3.386891636e-07
-1.790137664e-08
-2.721377923e-07
-5.29762759e-09
-1.809662382e-07
-6.705196369e-08
-1.627953136e-09
2.431282e-08
-5.684667426e-09
6.666709534e-08
-1.121835206e-08
1.020570958e-07
-1.731753768e-08
1.304232742e-07
-2.324043914e-08
1.522864062e-07
-2.84519928e-08
1.684489109e-07
-3.261213774e-08
1.798081453e-07
-3.554173669e-08
1.872402681e-07
-3.718252536e-08
1.915366934e-07
-3.756005723e-08
1.93377411e-07
-3.675337517e-08
1.933267671e-07
-3.48721034e-08
1.918412149e-07
-3.204020553e-08
1.892823969e-07
-2.838513732e-08
1.859317012e-07
-2.403107734e-08
1.820042468e-07
-1.909508643e-08
1.776613568e-07
-1.368527901e-08
1.730212112e-07
-7.900316084e-09
1.68167694e-07
-1.829663135e-09
1.631575438e-07
4.445505733e-09
1.5802631e-07
1.085133771e-08
1.52792841e-07
1.73203748e-08
1.474628275e-07
2.379037918e-08
1.420318202e-07
3.02032954e-08
1.364874479e-07
3.650436671e-08
1.308111482e-07
4.264131998e-08
1.249794959e-07
4.85636687e-08
1.189652238e-07
5.422210297e-08
1.127379736e-07
5.956796412e-08
1.062648425e-07
6.45527943e-08
9.951075684e-08
6.912794731e-08
9.243870002e-08
7.324424972e-08
8.500981416e-08
7.685170407e-08
7.718339003e-08
7.989922799e-08
6.891675347e-08
8.233442602e-08
6.016505054e-08
8.410339526e-08
5.088092806e-08
8.515057206e-08
4.101410006e-08
8.541863556e-08
3.051078438e-08
8.484849673e-08
1.931298798e-08
8.337941219e-08
7.357596034e-09
8.094931349e-08
-5.424816056e-09
7.749549841e-08
-1.911113017e-08
7.295576509e-08
-3.378750775e-08
6.727031829e-08
-4.955112964e-08
6.038488237e-08
-6.651223303e-08
5.225562136e-08
-8.479588378e-08
4.285673526e-08
-1.045427374e-07
3.219197155e-08
-1.259073587e-07
2.031148322e-08
-1.490516137e-07
7.335688467e-09
-1.741287501e-07
-6.512181302e-09
-2.012515448e-07
-2.086530555e-08
-2.304348953e-07
-3.516770706e-08
-2.614998766e-07
-4.863423129e-08
-2.939276665e-07
-6.023667778e-08
-3.266563e-07
-6.874929667e-08
-3.578335172e-07
-7.289145543e-08
-3.845789824e-07
-7.159660776e-08
-4.028566086e-07
-6.439357198e-08
-4.076088207e-07
-5.181344993e-08
-3.932930559e-07
-3.566304638e-08
-3.548395671e-07
-1.899698232e-08
-2.888038563e-07
-5.727720483e-09
-1.942355e-07
-7.27796842e-08
-2.062946864e-09
2.63757669e-08
-7.069633486e-09
7.167378198e-08
-1.372168217e-08
1.087091445e-07
-2.083269798e-08
1.3753429e-07
-2.748913076e-08
1.58942839e-07
-3.307600812e-08
1.740357883e-07
-3.723991907e-08
1.839720562e-07
-3.982947076e-08
1.898298198e-07
-4.083509731e-08
1.925423199e-07
-4.033822961e-08
1.928805433e-07
-3.847262053e-08
1.91461158e-07
-3.539703575e-08
1.887656302e-07
-3.127719051e-08
1.851625516e-07
-2.627462371e-08
1.809291344e-07
-2.054047474e-08
1.762700978e-07
-1.421256119e-08
1.713334432e-07
-7.414573295e-09
1.662232233e-07
-2.564899007e-10
1.610096106e-07
7.164014346e-09
1.557370396e-07
1.476020762e-08
1.504301167e-07
2.245484673e-08
1.450982019e-07
3.017838852e-08
1.397392857e-07
3.786755057e-08
1.343426581e-07
4.546400266e-08
1.288909958e-07
5.291321394e-08
1.233619369e-07
6.016345281e-08
1.177292571e-07
6.716493278e-08
1.119637438e-07
7.386908121e-08
1.060338252e-07
8.022791443e-08
9.990600933e-08
8.619350231e-08
9.354516897e-08
9.171750438e-08
8.691469797e-08
9.675076203e-08
7.997655652e-08
1.012429344e-07
7.269121766e-08
1.051421676e-07
6.501752027e-08
1.083947902e-07
5.691242801e-08
1.10945031e-07
4.83306872e-08
1.127347615e-07
3.922436956e-08
1.13703269e-07
2.954227697e-08
1.137870796e-07
1.922917738e-08
1.129198571e-07
8.224818439e-09
1.110324267e-07
-3.53738562e-09
1.080530968e-07
-1.61318003e-08
1.039082681e-07
-2.964267908e-08
9.852363617e-08
-4.416649771e-08
9.182635695e-08
-5.981495384e-08
8.374872781e-08
-7.671825467e-08
7.423423877e-08
-9.502824838e-08
6.324726445e-08
-1.149203845e-07
5.078811352e-08
-1.365924628e-07
3.691567692e-08
-1.602563135e-07
2.178008261e-08
-1.861159505e-07
5.667151122e-09
-2.143219638e-07
-1.094509606e-08
-2.448876294e-07
-2.732565496e-08
-2.775471076e-07
-4.2442126e-08
-3.11539829e-07
-5.496293165e-08
-3.453127116e-07
-6.335946745e-08
-3.761824467e-07
-6.616505535e-08
-4.000510207e-07
-6.24112469e-08
-4.113626291e-07
-5.217373417e-08
-4.035305687e-07
-3.703889174e-08
-3.699744096e-07
-2.023202871e-08
-3.056107194e-07
-6.237965684e-09
-2.082295631e-07
-7.901764991e-08
-2.649674096e-09
2.902544103e-08
-8.881547267e-09
7.790565517e-08
-1.690896347e-08
1.167365607e-07
-2.518771159e-08
1.458130381e-07
-3.26058734e-08
1.663610009e-07
-3.847807734e-08
1.799079922e-07
-4.246404498e-08
1.879580239e-07
-4.447065414e-08
1.918364289e-07
-4.456466005e-08
1.926363259e-07
-4.2905307e-08
1.912211903e-07
-3.969691413e-08
1.882527652e-07
-3.515790076e-08
1.842266168e-07
-2.950201797e-08
1.795066688e-07
-2.292806297e-08
1.743551794e-07
-1.561515589e-08
1.689571907e-07
-7.721471796e-09
1.634397591e-07
6.150404714e-10
1.57886711e-07
9.274541274e-09
1.523501098e-07
1.815321975e-08
1.468583611e-07
2.716103278e-08
1.414223037e-07
3.621908548e-08
1.360401492e-07
4.525756405e-08
1.307008071e-07
5.421384551e-08
1.253863767e-07
6.303086296e-08
1.200739784e-07
7.165571005e-08
1.147370898e-07
8.00384588e-08
1.093465083e-07
8.81311651e-08
1.038710375e-07
9.588703029e-08
9.827796005e-08
1.032596919e-07
9.253334777e-08
1.102026187e-07
8.660224215e-08
1.166685879e-07
8.044872877e-08
1.226092237e-07
7.403592075e-08
1.279745815e-07
6.732585981e-08
1.327127643e-07
6.027933753e-08
1.36769559e-07
5.285563333e-08
1.40088087e-07
4.501215922e-08
1.426084632e-07
3.670399328e-08
1.442674656e-07
2.78832746e-08
1.449982216e-07
1.849842144e-08
1.447299258e-07
8.493114164e-09
1.433876083e-07
-2.19506812e-09
1.408921123e-07
-1.363630433e-08
1.37160225e-07
-2.591079177e-08
1.321052206e-07
-3.911149338e-08
1.256380965e-07
-5.334782969e-08
1.176699719e-07
-6.875013017e-08
1.081164215e-07
-8.547469803e-08
9.690495321e-08
-1.037089162e-07
8.398743958e-08
-1.236749492e-07
6.936011097e-08
-1.45628985e-07
5.309446449e-08
-1.698503041e-07
3.538271523e-08
-1.966102146e-07
1.660010023e-08
-2.261050145e-07
-2.616979424e-09
-2.58330028e-07
-2.128874125e-08
-2.928680672e-07
-3.803887674e-08
-3.285625761e-07
-5.11351147e-08
-3.630862087e-07
-5.870311133e-08
-3.924830241e-07
-5.918705558e-08
-4.108786849e-07
-5.203700341e-08
-4.106806208e-07
-3.843036785e-08
-3.835810451e-07
-2.166338913e-08
-3.223776981e-07
-6.865307406e-09
-2.230276448e-07
-8.588295734e-08
-3.448598631e-09
3.247403968e-08
-1.1253674e-08
8.571073056e-08
-2.09370687e-08
1.264199555e-07
-3.049711463e-08
1.553730841e-07
-3.860857706e-08
1.744724633e-07
-4.454677774e-08
1.858461929e-07
-4.803164462e-08
1.914428908e-07
-4.907414644e-08
1.928789307e-07
-4.78544802e-08
1.914166596e-07
-4.463642601e-08
1.880031361e-07
-3.971223884e-08
1.83328578e-07
-3.337000096e-08
1.778843789e-07
-2.587618971e-08
1.720128576e-07
-1.746797063e-08
1.659469603e-07
-8.35128674e-09
1.598405068e-07
1.297819495e-09
1.537906529e-07
1.13299052e-08
1.478546253e-07
2.161880503e-08
1.420612099e-07
3.205809617e-08
1.364190699e-07
4.255726012e-08
1.309231397e-07
5.303863508e-08
1.255587742e-07
6.343470689e-08
1.203047353e-07
7.368579938e-08
1.151352842e-07
8.373813578e-08
1.10021642e-07
9.35422256e-08
1.04933e-07
1.030515277e-07
9.983720628e-08
1.122213442e-07
9.470122099e-08
1.210079023e-07
8.9491402e-08
1.293675858e-07
8.417366426e-08
1.372562856e-07
7.871354234e-08
1.446288398e-07
7.307617456e-08
1.514385407e-07
6.722621985e-08
1.576366884e-07
6.112771218e-08
1.63172174e-07
5.474385187e-08
1.679910801e-07
4.803672733e-08
1.720362845e-07
4.096695483e-08
1.752470623e-07
3.349321548e-08
1.775586777e-07
2.557165914e-08
1.789019666e-07
1.715513257e-08
1.792029099e-07
8.192170881e-09
1.783821961e-07
-1.374354323e-09
1.76354892e-07
-1.160900024e-08
1.730301508e-07
-2.258605058e-08
1.68311162e-07
-3.439250464e-08
1.620955144e-07
-4.713218215e-08
1.542763358e-07
-6.093095154e-08
1.447448422e-07
-7.594320454e-08
1.333953593e-07
-9.23594333e-08
1.201345398e-07
-1.104141297e-07
1.048974863e-07
-1.303919315e-07
8.767470946e-08
-1.526275273e-07
6.855509054e-08
-1.774905958e-07
4.779039238e-08
-2.053403163e-07
2.588474803e-08
-2.364243837e-07
3.703840296e-09
-2.706871595e-07
-1.741412833e-08
-3.074446075e-07
-3.561173749e-08
-3.448885996e-07
-4.863873232e-08
-3.794560293e-07
-5.428305658e-08
-4.052343607e-07
-5.117294351e-08
-4.137907339e-07
-3.980813004e-08
-3.949458586e-07
-2.33651902e-08
-3.388206379e-07
-7.666073424e-09
-2.387267616e-07
-9.35490308e-08
-4.550850051e-09
3.702488976e-08
-1.436344143e-08
9.552332195e-08
-2.597773624e-08
1.380342503e-07
-3.682645083e-08
1.662217987e-07
-4.538672794e-08
1.830327404e-07
-5.096360039e-08
1.914230654e-07
-5.341478187e-08
1.938940723e-07
-5.292065371e-08
1.923848026e-07
-4.982193775e-08
1.883179437e-07
-4.451694065e-08
1.82698139e-07
-3.740242853e-08
1.762140658e-07
-2.884324062e-08
1.69325191e-07
-1.915948433e-08
1.623291013e-07
-8.62385445e-09
1.554113304e-07
2.535670602e-09
1.486809817e-07
1.413043297e-08
1.421958905e-07
2.600560986e-08
1.359794484e-07
3.803451812e-08
1.300323017e-07
5.011289106e-08
1.24340697e-07
6.215434233e-08
1.188816884e-07
7.408644496e-08
1.136266716e-07
8.584746906e-08
1.085437112e-07
9.738370015e-08
1.035990531e-07
1.086472536e-07
9.87580885e-08
1.195943012e-07
9.398595243e-08
1.301836332e-07
8.924787426e-08
1.40375491e-07
8.450936324e-08
1.501306126e-07
7.973628038e-08
1.594094456e-07
7.489483125e-08
1.681714873e-07
6.995150069e-08
1.763747201e-07
6.487294175e-08
1.839751158e-07
5.962582417e-08
1.909261851e-07
5.417664289e-08
1.971785547e-07
4.849148223e-08
2.026795554e-07
4.253572671e-08
2.073728068e-07
3.627370341e-08
2.111977884e-07
2.966823392e-08
2.140893838e-07
2.268006375e-08
2.159773916e-07
1.526712468e-08
2.167859937e-07
7.383568779e-09
2.164331613e-07
-1.021521888e-09
2.148300646e-07
-1.000590361e-08
2.118804208e-07
-1.963640677e-08
2.074799287e-07
-2.999201259e-08
2.015158446e-07
-4.116809802e-08
1.938669391e-07
-5.328204605e-08
1.844042982e-07
-6.64805637e-08
1.729938018e-07
-8.094893697e-08
1.595017625e-07
-9.692209049e-08
1.438062545e-07
-1.146964235e-07
1.258182094e-07
-1.346394823e-07
1.055183935e-07
-1.571907798e-07
8.301842307e-08
-1.82840346e-07
5.865461761e-08
-2.120605783e-07
3.31189387e-08
-2.451514806e-07
7.616163711e-09
-2.819418326e-07
-1.59912346e-08
-3.212812013e-07
-3.516933479e-08
-3.602779291e-07
-4.703055407e-08
-3.933731414e-07
-4.917930891e-08
-4.116419791e-07
-4.107204225e-08
-4.030531252e-07
-2.542523294e-08
-3.544674472e-07
-8.726143497e-09
-2.554258511e-07
-1.022751743e-07
-6.096306111e-09
4.312119588e-08
-1.844148416e-08
1.078685e-07
-3.218584609e-08
1.517786122e-07
-4.410737753e-08
1.781433301e-07
-5.256799666e-08
1.914933596e-07
-5.703413295e-08
1.958892017e-07
-5.762099304e-08
1.944809324e-07
-5.476559095e-08
1.895294005e-07
-4.902364586e-08
1.825759985e-07
-4.095668822e-08
1.746311813e-07
-3.107691505e-08
1.663342926e-07
-1.982574577e-08
1.580740217e-07
-7.570338688e-09
1.500736942e-07
5.390430183e-09
1.424505615e-07
1.881661051e-08
1.352548014e-07
3.251780758e-08
1.284946934e-07
4.634361719e-08
1.221536388e-07
6.017493977e-08
1.162009791e-07
7.391711981e-08
1.105985169e-07
8.749422237e-08
1.053045859e-07
1.008444101e-07
1.002764839e-07
1.139162499e-07
9.547187137e-08
1.266657826e-07
9.084952037e-08
1.390542052e-07
8.636966589e-08
1.51046041e-07
8.199411661e-08
1.626076912e-07
7.768622414e-08
1.737062828e-07
7.341077157e-08
1.843087459e-07
6.913381731e-08
1.943810626e-07
6.48225146e-08
2.038876463e-07
6.0444917e-08
2.127908147e-07
5.596977334e-08
2.210503279e-07
5.136631101e-08
2.286229679e-07
4.66040029e-08
2.354621402e-07
4.165230991e-08
2.415174798e-07
3.648038715e-08
2.467344458e-07
3.105673739e-08
2.510538911e-07
2.534878861e-08
2.544115911e-07
1.932236375e-08
2.567377171e-07
1.294099875e-08
2.579562369e-07
6.165048952e-09
2.579842138e-07
-1.049498767e-09
2.567310107e-07
-8.752700601e-09
2.540973461e-07
-1.700274218e-08
2.499742982e-07
-2.586896467e-08
2.442421969e-07
-3.543599677e-08
2.367695197e-07
-4.580936891e-08
2.274120622e-07
-5.712310616e-08
2.160129395e-07
-6.954981436e-08
2.024045317e-07
-8.331368266e-08
1.864144705e-07
-9.87063624e-08
1.678794188e-07
-1.161044306e-07
1.466729308e-07
-1.359842919e-07
1.227571321e-07
-1.589245474e-07
9.627153782e-08
-1.855749841e-07
6.767317857e-08
-2.165531214e-07
3.793394625e-08
-2.522026003e-07
8.77138658e-09
-2.921186417e-07
-1.716900185e-08
-3.343375408e-07
-3.640389259e-08
-3.741382507e-07
-4.535146379e-08
-4.026944079e-07
-4.196363325e-08
-4.064409558e-07
-2.792450671e-08
-3.685065737e-07
-1.017473742e-08
-2.731756203e-07
-1.124499118e-07
-8.300904096e-09
5.142209998e-08
-2.376668045e-08
1.233342764e-07
-3.961059321e-08
1.67622525e-07
-5.195747413e-08
1.904902111e-07
-5.926735249e-08
1.988032379e-07
-6.139587163e-08
1.980177208e-07
-5.888686304e-08
1.919719238e-07
-5.253897007e-08
1.831815075e-07
-4.317529408e-08
1.732123225e-07
-3.153764555e-08
1.629935328e-07
-1.824980384e-08
1.530464509e-07
-3.81480211e-09
1.436390199e-07
1.137178101e-08
1.34887111e-07
2.700454114e-08
1.268178013e-07
4.285138613e-08
1.194079563e-07
5.873691233e-08
1.126091671e-07
7.452900738e-08
1.063615437e-07
9.012828614e-08
1.006017003e-07
1.054596741e-07
9.526712898e-08
1.204658656e-07
9.029839427e-08
1.351022857e-07
8.564006383e-08
1.493332299e-07
8.124092715e-08
1.631289162e-07
7.705383406e-08
1.76463233e-07
7.303534907e-08
1.893120164e-07
6.914533322e-08
2.016517261e-07
6.534651444e-08
2.134584207e-07
6.160407697e-08
2.247069554e-07
5.788528262e-08
2.353703433e-07
5.415912671e-08
2.454192351e-07
5.039602522e-08
2.548214814e-07
4.656752702e-08
2.6354175e-07
4.264604249e-08
2.715411741e-07
3.86045788e-08
2.787770141e-07
3.441646987e-08
2.852023142e-07
3.005508712e-08
2.907655383e-07
2.549351324e-08
2.954101707e-07
2.070415625e-08
2.990742611e-07
1.565827331e-08
3.016898968e-07
1.032536309e-08
3.031825746e-07
4.672371147e-09
3.034704355e-07
-1.337359731e-09
3.024633315e-07
-7.745596556e-09
3.000616652e-07
-1.460107588e-08
2.961550503e-07
-2.196234982e-08
2.906206376e-07
-2.990158406e-08
2.833211041e-07
-3.850983544e-08
2.741023838e-07
-4.790438589e-08
2.627913944e-07
-5.823882507e-08
2.491944228e-07
-6.97167111e-08
2.3309764e-07
-8.260957963e-08
2.142727314e-07
-9.727952192e-08
1.92493278e-07
-1.142048386e-07
1.675718024e-07
-1.340030718e-07
1.394334406e-07
-1.574366223e-07
1.082486957e-07
-1.853683766e-07
7.464954659e-08
-2.186034512e-07
4.00368895e-08
-2.575059846e-07
6.926931612e-09
-3.012275829e-07
-2.08367428e-08
-3.463745763e-07
-3.846249916e-08
-3.850686516e-07
-4.188878141e-08
-4.030146736e-07
-3.087182493e-08
-3.795235302e-07
-1.220004308e-08
-2.918474022e-07
-1.246499549e-07
-1.149261618e-08
6.291471616e-08
-3.060771621e-08
1.424493764e-07
-4.796740238e-08
1.849822111e-07
-5.930184555e-08
2.018246542e-07
-6.361765603e-08
2.031190484e-07
-6.151790624e-08
1.95917971e-07
-5.419248552e-08
1.84646503e-07
-4.290343052e-08
1.718924525e-07
-2.876815115e-08
1.590770431e-07
-1.269375502e-08
1.469191366e-07
4.618355115e-09
1.357343407e-07
2.264205153e-08
1.256153234e-07
4.099296814e-08
1.165361943e-07
5.939555163e-08
1.084152178e-07
7.765438672e-08
1.011491212e-07
9.563289805e-08
9.463065578e-08
1.132368847e-07
8.875755701e-08
1.304021568e-07
8.343642813e-08
1.470853943e-07
7.85838915e-08
1.632574393e-07
7.412634922e-08
1.788983996e-07
6.999910351e-08
1.939940816e-07
6.614524518e-08
2.085333933e-07
6.251452229e-08
2.225064513e-07
5.906229109e-08
2.359031951e-07
5.574858943e-08
2.487123686e-07
5.253734096e-08
2.609207634e-07
4.93956821e-08
2.725126495e-07
4.629339661e-08
2.834693358e-07
4.320244035e-08
2.937688223e-07
4.009653878e-08
3.033855087e-07
3.695084057e-08
3.122899393e-07
3.374161199e-08
3.204485608e-07
3.044595726e-08
3.278234805e-07
2.704155015e-08
3.343722063e-07
2.350636131e-08
3.40047356e-07
1.981836362e-08
3.447963186e-07
1.595519368e-08
3.485608497e-07
1.189374219e-08
3.512765761e-07
7.609636647e-09
3.528723792e-07
3.076568094e-09
3.53269606e-07
-1.734586586e-09
3.52381071e-07
-6.857061532e-09
3.501097685e-07
-1.232977347e-08
3.463472768e-07
-1.819985811e-08
3.409716487e-07
-2.452595601e-08
3.338446828e-07
-3.13828695e-08
3.248084675e-07
-3.886817064e-08
3.136811612e-07
-4.711151883e-08
3.002521922e-07
-5.628774214e-08
2.842776073e-07
-6.66349947e-08
2.65477462e-07
-7.847937662e-08
2.43539476e-07
-9.226685266e-08
2.181375063e-07
-1.086011022e-07
1.889807746e-07
-1.282798906e-07
1.559208186e-07
-1.523084206e-07
1.191558425e-07
-1.818384752e-07
7.957646846e-08
-2.179266106e-07
3.926445686e-08
-2.609155713e-07
2.028660193e-09
-3.091387797e-07
-2.640552426e-08
-3.566344671e-07
-3.957156814e-08
-3.898486297e-07
-3.403140549e-08
-3.850636929e-07
-1.505654055e-08
-3.108222672e-07
-1.397064954e-07
-1.613053874e-08
7.904525488e-08
-3.89879068e-08
1.653067444e-07
-5.607229981e-08
2.020666041e-07
-6.358416486e-08
2.093365193e-07
-6.190096726e-08
2.014358508e-07
-5.286349255e-08
1.868804963e-07
-3.85217943e-08
1.703048048e-07
-2.064223683e-08
1.54012895e-07
-5.890587326e-10
1.39023865e-07
2.064351696e-08
1.256865608e-07
4.236120817e-08
1.140166495e-07
6.409640698e-08
1.038801246e-07
8.554194386e-08
9.509065742e-08
1.065027613e-07
8.745440025e-08
1.268606447e-07
8.079123778e-08
1.465487777e-07
7.494252278e-08
1.655339506e-07
6.97723841e-08
1.838042633e-07
6.516611539e-08
2.013607045e-07
6.102745032e-08
2.182114251e-07
5.727562856e-08
2.343678666e-07
5.384266197e-08
2.498421555e-07
5.067095629e-08
2.646453585e-07
4.771131934e-08
2.787863198e-07
4.49213297e-08
2.92270891e-07
4.226401829e-08
3.051014215e-07
3.970681041e-08
3.172764245e-07
3.722067918e-08
3.287903537e-07
3.477946738e-08
3.396334525e-07
3.235934157e-08
3.497916428e-07
2.993834847e-08
3.592464346e-07
2.749604879e-08
3.679748387e-07
2.501320792e-08
3.759492706e-07
2.247152535e-08
3.831374339e-07
1.985338689e-08
3.895021716e-07
1.714162357e-08
3.950012744e-07
1.431926083e-08
3.995872296e-07
1.13692385e-08
4.032068934e-07
8.274078365e-09
4.058010606e-07
5.01546949e-09
4.073038962e-07
1.573732445e-09
4.076421694e-07
-2.072859835e-09
4.067342543e-07
-5.949146431e-09
4.044888151e-07
-1.008433424e-08
4.008030469e-07
-1.451408999e-08
3.955602821e-07
-1.928319114e-08
3.88626764e-07
-2.444935151e-08
3.798473258e-07
-3.008873245e-08
3.690396719e-07
-3.63038649e-08
3.559870024e-07
-4.323507268e-08
3.404289444e-07
-5.107693674e-08
3.220514262e-07
-6.010185851e-08
3.004777627e-07
-7.069318918e-08
2.752667736e-07
-8.339011304e-08
2.459308902e-07
-9.894400728e-08
2.120002789e-07
-1.183778093e-07
1.73180111e-07
-1.430183074e-07
1.296747044e-07
-1.74421204e-07
8.276484858e-08
-2.140057156e-07
3.566016376e-08
-2.620340949e-07
-5.636598604e-09
-3.153377048e-07
-3.238412431e-08
-3.63101104e-07
-3.647583989e-08
-3.809719773e-07
-1.899425936e-08
-3.283038477e-07
-1.587007548e-07
-2.262601757e-08
1.016712724e-07
-4.78842003e-08
1.905649271e-07
-6.045907004e-08
2.146414739e-07
-5.914069874e-08
2.08018148e-07
-4.698226773e-08
1.892774198e-07
-2.755530291e-08
1.674535314e-07
-3.821074728e-09
1.465705766e-07
2.208805874e-08
1.281037615e-07
4.875767525e-08
1.123542484e-07
7.530524321e-08
9.913899283e-08
1.01207427e-07
8.811446559e-08
1.261753423e-07
7.891220927e-08
1.500693281e-07
7.11966716e-08
1.728407848e-07
6.468294348e-08
1.944945362e-07
5.913748632e-08
2.150648625e-07
5.437219647e-08
2.346005423e-07
5.023670425e-08
2.531557118e-07
4.661094586e-08
2.707844128e-07
4.339874937e-08
2.875374465e-07
4.052259481e-08
3.034606485e-07
3.791945993e-08
3.185940231e-07
3.553758174e-08
3.329713874e-07
3.333395495e-08
3.466203087e-07
3.12724084e-08
3.595621995e-07
2.932212748e-08
3.718124921e-07
2.745651784e-08
3.833808426e-07
2.565232873e-08
3.942713368e-07
2.388897318e-08
4.044826814e-07
2.214799697e-08
4.140083705e-07
2.041265936e-08
4.228368222e-07
1.866759709e-08
4.30951481e-07
1.689854913e-08
4.383308826e-07
1.509212374e-08
4.449486769e-07
1.323559256e-08
4.507736035e-07
1.131669702e-08
4.557694111e-07
9.323453244e-09
4.598947099e-07
7.243939663e-09
4.63102739e-07
5.066049343e-09
4.653410235e-07
2.777184932e-09
4.665508829e-07
3.638730033e-10
4.666667563e-07
-2.188733152e-09
4.656152318e-07
-4.897622019e-09
4.633138171e-07
-7.782919537e-09
4.59669118e-07
-1.086939093e-08
4.545743377e-07
-1.418841087e-08
4.47905818e-07
-1.778083177e-08
4.395182393e-07
-2.170115376e-08
4.292379826e-07
-2.60236082e-08
4.16854023e-07
-3.085111316e-08
4.021056439e-07
-3.632855766e-08
3.846663806e-07
-4.266259527e-08
3.64124303e-07
-5.015111158e-08
3.399608466e-07
-5.922665664e-08
3.115356401e-07
-7.051880082e-08
2.780964507e-07
-8.493861998e-08
2.388569977e-07
-1.037788544e-07
1.932276469e-07
-1.287918532e-07
1.413445992e-07
-1.621226679e-07
8.508523872e-08
-2.057747345e-07
2.96270412e-08
-2.598795073e-07
-1.506274583e-08
-3.18411317e-07
-3.537565636e-08
-3.606590668e-07
-2.379710906e-08
-3.39882395e-07
-1.824978639e-07
-3.036664769e-08
1.320379201e-07
-5.278401511e-08
2.129822945e-07
-5.206063751e-08
2.139180963e-07
-3.393803845e-08
1.898955489e-07
-5.637579217e-09
1.609769605e-07
2.754256521e-08
1.34273387e-07
6.219330622e-08
1.119198355e-07
9.635988474e-08
9.393718292e-08
1.290366998e-07
7.967743336e-08
1.597800302e-07
6.839566234e-08
1.884639082e-07
5.943058756e-08
2.151309349e-07
5.224518256e-08
2.399049692e-07
4.642263723e-08
2.629415661e-07
4.164634659e-08
2.844013302e-07
3.767772217e-08
3.044364905e-07
3.433703616e-08
3.23184875e-07
3.14883197e-08
3.407678963e-07
2.902792452e-08
3.572905972e-07
2.687604848e-08
3.728426626e-07
2.49705294e-08
3.87499804e-07
2.326231847e-08
4.01325208e-07
2.171217773e-08
4.143708993e-07
2.028826361e-08
4.266789571e-07
1.896435063e-08
4.382825665e-07
1.771851812e-08
4.492069116e-07
1.653217275e-08
4.594699246e-07
1.53893157e-08
4.690829091e-07
1.427598872e-08
4.780510547e-07
1.317985134e-08
4.863738595e-07
1.208985457e-08
4.940454716e-07
1.099598502e-08
5.010549606e-07
9.889060082e-09
5.073865256e-07
8.760558763e-09
5.130196423e-07
7.602475872e-09
5.179291508e-07
6.407188513e-09
5.220852794e-07
5.167324572e-09
5.254535968e-07
3.875622318e-09
5.279948771e-07
2.524769026e-09
5.296648574e-07
1.107204591e-09
5.3041383e-07
-3.850995376e-10
5.301861225e-07
-1.961025665e-09
5.28919236e-07
-3.630735514e-09
5.26542711e-07
-5.406394531e-09
5.229764061e-07
-7.303086115e-09
5.181281e-07
-9.340104754e-09
5.118901022e-07
-1.154283394e-08
5.041344387e-07
-1.394549032e-08
4.947060028e-07
-1.659517226e-08
4.834128056e-07
-1.955791601e-08
4.70012132e-07
-2.292788406e-08
4.541910303e-07
-2.684149359e-08
4.3553931e-07
-3.149939131e-08
4.13513545e-07
-3.720089165e-08
3.873927262e-07
-4.439798204e-08
3.56233135e-07
-5.377902883e-08
3.18848291e-07
-6.639401046e-08
2.738825345e-07
-8.382609668e-08
2.201351109e-07
-1.083752443e-07
1.574420272e-07
-1.430816508e-07
8.85731842e-08
-1.910106644e-07
2.237194702e-08
-2.522100799e-07
-2.335655997e-08
-3.149305598e-07
-2.742660595e-08
-3.35812349e-07
-2.099244699e-07
-3.525404352e-08
1.672919636e-07
-3.885274741e-08
2.165809984e-07
-8.533293554e-09
1.835986424e-07
3.649088493e-08
1.448713704e-07
8.528931121e-08
1.121785342e-07
1.327561765e-07
8.680652165e-08
1.766312468e-07
6.804476518e-08
2.162101169e-07
5.43583128e-08
2.515686475e-07
4.431890273e-08
2.830982409e-07
3.686606895e-08
3.112811285e-07
3.124769993e-08
3.365900624e-07
2.693624862e-08
3.594475734e-07
2.356512624e-08
3.802143492e-07
2.087957067e-08
3.991910251e-07
1.870104628e-08
4.166251223e-07
1.690293894e-08
4.327192366e-07
1.539420536e-08
4.476388015e-07
1.410835962e-08
4.615188098e-07
1.299604023e-08
4.744693709e-07
1.201996826e-08
4.865801924e-07
1.115149694e-08
4.97924145e-07
1.036822512e-08
5.085600805e-07
9.652328177e-09
5.185350538e-07
8.989377299e-09
5.278860773e-07
8.367494564e-09
5.366415085e-07
7.776741579e-09
5.44822152e-07
7.208672163e-09
5.524421393e-07
6.656001421e-09
5.595096326e-07
6.112358058e-09
5.660273906e-07
5.572096557e-09
5.719932232e-07
5.030152445e-09
5.774003549e-07
4.481928348e-09
5.822377122e-07
3.923201502e-09
5.864901427e-07
3.350045323e-09
5.901385725e-07
2.758758763e-09
5.931600994e-07
2.145797635e-09
5.955280197e-07
1.507702076e-09
5.972117744e-07
8.410142717e-10
5.981767966e-07
1.421823831e-10
5.983842451e-07
-5.925480297e-10
5.977905779e-07
-1.36735844e-09
5.963469129e-07
-2.187070495e-09
5.939980234e-07
-3.057505047e-09
5.906808884e-07
-3.985951205e-09
5.863226242e-07
-4.981840528e-09
5.808375094e-07
-6.057719121e-09
5.741226925e-07
-7.23067346e-09
5.660519714e-07
-8.524451111e-09
5.564667273e-07
-9.972671934e-09
5.451626315e-07
-1.162378833e-08
5.318700487e-07
-1.354891076e-08
5.162250815e-07
-1.585442417e-08
4.977269543e-07
-1.870276446e-08
4.756762701e-07
-2.23472978e-08
4.490890006e-07
-2.719175935e-08
4.165871834e-07
-3.389219329e-08
3.762910575e-07
-4.352997073e-08
3.258081903e-07
-5.789237714e-08
2.625946853e-07
-7.986814575e-08
1.853407654e-07
-1.137567445e-07
9.76449633e-08
-1.645142778e-07
1.563375696e-08
-2.329193535e-07
-2.411657623e-08
-2.960620159e-07
-2.340410461e-07
-1.848587102e-08
1.857778346e-07
4.119505168e-08
1.569000757e-07
1.222096973e-07
1.025839968e-07
1.974125429e-07
6.966852485e-08
2.616803939e-07
4.791068323e-08
3.150845225e-07
3.340239311e-08
3.590964386e-07
2.403284911e-08
3.955099822e-07
1.794476913e-08
4.259458692e-07
1.388301576e-08
4.517145377e-07
1.109740042e-08
4.738306105e-07
9.13162707e-09
4.930651039e-07
7.701755257e-09
5.100000941e-07
6.630136017e-09
5.250754689e-07
5.804195811e-09
5.386254892e-07
5.151025913e-09
5.509061566e-07
4.622271517e-09
5.621152829e-07
4.185079086e-09
5.724070772e-07
3.816565297e-09
5.819027284e-07
3.500388996e-09
5.906981027e-07
3.224593887e-09
5.988693748e-07
2.980224842e-09
6.064771774e-07
2.76042251e-09
6.135696863e-07
2.559819268e-09
6.20184935e-07
2.374128623e-09
6.263525684e-07
2.199861113e-09
6.320951855e-07
2.034124465e-09
6.374293768e-07
1.874480821e-09
6.42366535e-07
1.718843255e-09
6.469134934e-07
1.565399667e-09
6.51073034e-07
1.412555956e-09
6.548442936e-07
1.258892812e-09
6.582230899e-07
1.103132103e-09
6.612021815e-07
9.441098405e-10
6.637714735e-07
7.807534025e-10
6.659181712e-07
6.12061046e-10
6.676268869e-07
4.370819361e-10
6.688796941e-07
2.54894884e-10
6.696561237e-07
6.458467878e-11
6.699330821e-07
-1.347759884e-10
6.696847221e-07
-3.441880369e-10
6.688821392e-07
-5.647755121e-10
6.674929187e-07
-7.97849989e-10
6.654804296e-07
-1.045015945e-09
6.628027964e-07
-1.308318042e-09
6.594114017e-07
-1.590445804e-09
6.55248711e-07
-1.895028357e-09
6.502451055e-07
-2.227068032e-09
6.443142436e-07
-2.593589209e-09
6.373462028e-07
-3.004631075e-09
6.291972211e-07
-3.474806697e-09
6.196741346e-07
-4.025824201e-09
6.085104067e-07
-4.690696325e-09
5.95328654e-07
-5.521011774e-09
5.795812949e-07
-6.5999387e-09
5.604558095e-07
-8.066273872e-09
5.367238705e-07
-1.016025435e-08
5.06506609e-07
-1.331270919e-08
4.669342873e-07
-1.832005551e-08
4.137469532e-07
-2.668081157e-08
3.411575096e-07
-4.116730099e-08
2.431648593e-07
-6.652162747e-08
1.206361725e-07
-1.103906666e-07
7.824681632e-09
-1.83250525e-07
-2.262163645e-07
1.857778346e-07
3.426779104e-07
4.452619072e-07
5.149304321e-07
5.628411153e-07
5.962435084e-07
6.202763575e-07
6.382211267e-07
6.521041424e-07
6.632015428e-07
6.723331699e-07
6.800349251e-07
6.866650611e-07
6.924692569e-07
6.976202828e-07
7.022425543e-07
7.064276333e-07
7.102441986e-07
7.137445875e-07
7.169691814e-07
7.199494062e-07
7.227098287e-07
7.252696479e-07
7.276437765e-07
7.298436376e-07
7.318777621e-07
7.337522429e-07
7.354710862e-07
7.370364858e-07
7.384490418e-07
7.397079346e-07
7.408110667e-07
7.417551766e-07
7.4253593e-07
7.43147991e-07
7.43585073e-07
7.438399679e-07
7.439045526e-07
7.437697766e-07
7.434255886e-07
7.428608131e-07
7.420629632e-07
7.410179472e-07
7.397096292e-07
7.381191834e-07
7.362241551e-07
7.339970871e-07
7.314034979e-07
7.283988668e-07
7.249240601e-07
7.208982359e-07
7.162075396e-07
7.106865278e-07
7.040865891e-07
6.960203153e-07
6.858600609e-07
6.725473517e-07
6.542272962e-07
6.275464846e-07
5.863791836e-07
5.198575562e-07
4.094668895e-07
2.262163645e-07
)
;

boundaryField
{
    movingWall
    {
        type            calculated;
        value           uniform 0;
    }
    fixedWalls
    {
        type            calculated;
        value           uniform 0;
    }
    frontAndBack
    {
        type            empty;
    }
}


// ************************************************************************* //
