/*--------------------------------*- C++ -*----------------------------------*\
  =========                 |
  \\      /  F ield         | OpenFOAM: The Open Source CFD Toolbox
   \\    /   O peration     | Website:  https://openfoam.org
    \\  /    A nd           | Version:  11
     \\/     M anipulation  |
\*---------------------------------------------------------------------------*/
FoamFile
{
    format      ascii;
    class       volVectorField;
    location    "1952";
    object      U;
}
// * * * * * * * * * * * * * * * * * * * * * * * * * * * * * * * * * * * * * //

dimensions      [0 1 -1 0 0 0 0];

internalField   nonuniform List<vector> 
4096
(
(1.429174303e-05 -1.426900245e-05 0)
(5.945435205e-05 -1.800453588e-05 0)
(9.410500043e-05 -1.366028872e-05 0)
(9.726538924e-05 -6.374930292e-06 0)
(5.802328578e-05 1.387949512e-06 0)
(-2.530498007e-05 8.731046161e-06 0)
(-0.0001506396253 1.524324006e-05 0)
(-0.0003141230045 2.079508176e-05 0)
(-0.0005110978629 2.540214878e-05 0)
(-0.0007366914337 2.914198114e-05 0)
(-0.000986141382 3.211379573e-05 0)
(-0.001254961579 3.441912647e-05 0)
(-0.001539012969 3.615218569e-05 0)
(-0.001834516808 3.739519124e-05 0)
(-0.002138032785 3.821637985e-05 0)
(-0.002446416624 3.866955182e-05 0)
(-0.00275676715 3.879454833e-05 0)
(-0.00306636981 3.861833005e-05 0)
(-0.003372641719 3.815645456e-05 0)
(-0.003673081863 3.741481726e-05 0)
(-0.003965229082 3.63915568e-05 0)
(-0.004246629605 3.507905e-05 0)
(-0.004514815273 3.346593655e-05 0)
(-0.00476729303 3.153912634e-05 0)
(-0.005001545856 2.928575047e-05 0)
(-0.005215044889 2.669502375e-05 0)
(-0.005405272229 2.375998996e-05 0)
(-0.005569753601 2.047912328e-05 0)
(-0.005706099825 1.685775835e-05 0)
(-0.005812055812 1.290931987e-05 0)
(-0.005885555597 8.656320707e-06 0)
(-0.005924781751 4.131109967e-06 0)
(-0.00592822693 -6.237651075e-07 0)
(-0.005894755928 -5.555501935e-06 0)
(-0.005823666072 -1.060116358e-05 0)
(-0.005714743164 -1.568838968e-05 0)
(-0.005568311238 -2.073655319e-05 0)
(-0.005385273015 -2.56582169e-05 0)
(-0.005167139257 -3.036100533e-05 0)
(-0.004916044931 -3.47498314e-05 0)
(-0.004634750416 -3.872941966e-05 0)
(-0.004326626424 -4.220704651e-05 0)
(-0.003995621811 -4.509539706e-05 0)
(-0.003646214031 -4.731542115e-05 0)
(-0.003283342635 -4.87990598e-05 0)
(-0.002912326892 -4.949170969e-05 0)
(-0.002538769238 -4.935429898e-05 0)
(-0.002168446817 -4.836486449e-05 0)
(-0.001807193842 -4.651954998e-05 0)
(-0.00146077766 -4.383299014e-05 0)
(-0.0011347714 -4.033810863e-05 0)
(-0.0008344255358 -3.608545034e-05 0)
(-0.0005645397202 -3.114230287e-05 0)
(-0.0003293344444 -2.559207535e-05 0)
(-0.0001323191334 -1.953475582e-05 0)
(2.385146352e-05 -1.308995535e-05 0)
(0.0001375476586 -6.405342626e-06 0)
(0.0002083901893 3.252923282e-07 0)
(0.0002375805671 6.824525851e-06 0)
(0.0002283986509 1.266013213e-05 0)
(0.0001869263406 1.714797824e-05 0)
(0.0001234397241 1.923370621e-05 0)
(5.616679814e-05 1.682675357e-05 0)
(8.077063408e-06 8.081305613e-06 0)
(1.825706361e-05 -5.961133896e-05 0)
(7.380991147e-05 -7.316898576e-05 0)
(8.523463259e-05 -2.751274319e-05 0)
(1.555761152e-05 4.612076971e-05 0)
(-0.0001563508874 0.0001298318602 0)
(-0.0004357685998 0.0002136180025 0)
(-0.0008197023543 0.0002920795839 0)
(-0.001300496644 0.0003625313257 0)
(-0.001867963031 0.0004238656362 0)
(-0.002510775406 0.000475877082 0)
(-0.003217348619 0.0005188591832 0)
(-0.003976359074 0.0005533587169 0)
(-0.004777026676 0.0005800233499 0)
(-0.005609237832 0.0005995067429 0)
(-0.006463563548 0.0006124105812 0)
(-0.007331210635 0.0006192513827 0)
(-0.008203933534 0.000620444568 0)
(-0.00907392695 0.0006163008816 0)
(-0.009933714285 0.0006070317608 0)
(-0.01077604298 0.0005927611602 0)
(-0.01159379488 0.0005735419251 0)
(-0.01237991733 0.0005493752069 0)
(-0.01312737876 0.0005202317004 0)
(-0.01382915101 0.0004860737058 0)
(-0.01447821915 0.0004468771836 0)
(-0.01506761861 0.0004026531046 0)
(-0.0155904983 0.0003534674951 0)
(-0.0160402078 0.0002994596503 0)
(-0.01641040587 0.0002408580388 0)
(-0.01669518674 0.0001779934592 0)
(-0.01688922048 0.0001113090282 0)
(-0.01698790287 4.136659097e-05 0)
(-0.01698750929 -3.115094565e-05 0)
(-0.01688534885 -0.0001054413497 0)
(-0.01667991179 -0.000180588692 0)
(-0.01637100417 -0.0002555743162 0)
(-0.01595986565 -0.0003292923965 0)
(-0.015449263 -0.0004005697836 0)
(-0.01484355486 -0.0004681900007 0)
(-0.01414872268 -0.0005309209033 0)
(-0.0133723641 -0.0005875453076 0)
(-0.01252364549 -0.0006368936997 0)
(-0.01161321185 -0.0006778779657 0)
(-0.01065305372 -0.0007095249573 0)
(-0.009656331988 -0.0007310086347 0)
(-0.008637162944 -0.0007416795374 0)
(-0.007610367665 -0.0007410904313 0)
(-0.006591190613 -0.0007290171959 0)
(-0.005594993476 -0.0007054743525 0)
(-0.00463693058 -0.0006707251268 0)
(-0.003731611908 -0.0006252866113 0)
(-0.00289275862 -0.0005699315033 0)
(-0.002132853621 -0.0005056891402 0)
(-0.001462785897 -0.0004338503165 0)
(-0.0008914815356 -0.0003559829505 0)
(-0.0004255060362 -0.0002739696236 0)
(-6.861052986e-05 -0.0001900842511 0)
(0.0001788226827 -0.0001071337751 0)
(0.0003205027275 -2.870345979e-05 0)
(0.000365182483 4.044503922e-05 0)
(0.0003278650494 9.377755688e-05 0)
(0.0002317909129 0.0001222033268 0)
(0.0001136492497 0.0001135537969 0)
(1.668215362e-05 5.601629303e-05 0)
(1.420121401e-05 -9.512599133e-05 0)
(2.869093187e-05 -8.50345222e-05 0)
(-4.400359971e-05 4.424559057e-05 0)
(-0.0002427559592 0.000233343773 0)
(-0.0005903590711 0.0004463224276 0)
(-0.001093361342 0.0006611921867 0)
(-0.001748252261 0.0008649045235 0)
(-0.002545169225 0.001050201171 0)
(-0.003470433643 0.00121350107 0)
(-0.004508346041 0.001353513756 0)
(-0.005642407707 0.001470333639 0)
(-0.006856108722 0.001564842303 0)
(-0.00813340105 0.001638311468 0)
(-0.009458946971 0.001692140294 0)
(-0.01081821056 0.001727685234 0)
(-0.01219744359 0.001746155419 0)
(-0.01358360494 0.001748555607 0)
(-0.01496424375 0.001735664186 0)
(-0.01632736904 0.001708037143 0)
(-0.0176613235 0.001666031149 0)
(-0.01895467438 0.001609840369 0)
(-0.02019613078 0.001539542687 0)
(-0.0213744938 0.00145515181 0)
(-0.02247864333 0.001356672334 0)
(-0.02349756307 0.001244155337 0)
(-0.02442040378 0.001117752429 0)
(-0.0252365831 0.0009777665096 0)
(-0.02593591887 0.0008246977028 0)
(-0.02650879199 0.0006592831294 0)
(-0.02694633379 0.000482529295 0)
(-0.02724063193 0.0002957360027 0)
(-0.02738494837 0.0001005107807 0)
(-0.02737394133 -0.0001012271191 0)
(-0.0272038861 -0.0003072535349 0)
(-0.02687288306 -0.0005150571927 0)
(-0.02638104666 -0.000721870187 0)
(-0.02573066761 -0.0009247098998 0)
(-0.02492633911 -0.001120431938 0)
(-0.02397504059 -0.001305793353 0)
(-0.02288617209 -0.00147752483 0)
(-0.02167153408 -0.001632410086 0)
(-0.02034524841 -0.001767370247 0)
(-0.01892361797 -0.001879550619 0)
(-0.01742492459 -0.00196640699 0)
(-0.01586916611 -0.002025788451 0)
(-0.01427773617 -0.002056013784 0)
(-0.01267305155 -0.002055938728 0)
(-0.01107813371 -0.002025011973 0)
(-0.009516152457 -0.001963318548 0)
(-0.008009939719 -0.001871610478 0)
(-0.006581481697 -0.001751326129 0)
(-0.005251395769 -0.001604601775 0)
(-0.004038396101 -0.001434281615 0)
(-0.00295874755 -0.00124393606 0)
(-0.002025701359 -0.001037902927 0)
(-0.001248898188 -0.0008213726733 0)
(-0.0006337142038 -0.000600547424 0)
(-0.0001805136758 -0.0003829145106 0)
(0.0001162402567 -0.0001776857571 0)
(0.0002690402232 3.54339853e-06 0)
(0.0002984990918 0.0001458959678 0)
(0.0002350868102 0.0002301672349 0)
(0.0001243825136 0.000232050355 0)
(1.915665999e-05 0.000123314841 0)
(7.086330878e-06 -9.92479286e-05 0)
(-4.656381247e-05 -1.463773875e-05 0)
(-0.0002392910479 0.000243942405 0)
(-0.0006038964222 0.0005930926014 0)
(-0.00115850893 0.0009797351648 0)
(-0.001907908573 0.001369447695 0)
(-0.002846883531 0.001740572779 0)
(-0.003963368612 0.002080259979 0)
(-0.005240904376 0.0023815909 0)
(-0.006660476341 0.002641552791 0)
(-0.008201847668 0.002859626412 0)
(-0.009844477448 0.003036799772 0)
(-0.01156811188 0.00317488057 0)
(-0.01335312653 0.003276021945 0)
(-0.0151806856 0.00334240329 0)
(-0.01703277222 0.003376025762 0)
(-0.0188921338 0.00337859388 0)
(-0.02074217762 0.003351462248 0)
(-0.02256684474 0.003295631505 0)
(-0.02435048406 0.003211781112 0)
(-0.02607774321 0.003100328988 0)
(-0.02773348846 0.002961509863 0)
(-0.02930276209 0.002795465585 0)
(-0.03077078238 0.002602341725 0)
(-0.03212298876 0.00238238575 0)
(-0.03334513193 0.00213604273 0)
(-0.03442340729 0.001864045177 0)
(-0.03534462778 0.00156749404 0)
(-0.03609643129 0.001247928328 0)
(-0.03666751605 0.0009073810787 0)
(-0.03704789686 0.0005484196976 0)
(-0.03722917405 0.0001741689403 0)
(-0.03720480519 -0.0002116849223 0)
(-0.03697037334 -0.0006049096056 0)
(-0.03652383719 -0.001000762975 0)
(-0.03586575668 -0.001394050872 0)
(-0.0349994839 -0.001779205153 0)
(-0.03393130893 -0.002150381279 0)
(-0.03267055282 -0.002501573902 0)
(-0.03122959977 -0.002826748062 0)
(-0.02962386227 -0.003119982835 0)
(-0.02787167421 -0.0033756236 0)
(-0.02599410915 -0.00358843843 0)
(-0.02401472281 -0.00375377372 0)
(-0.02195922096 -0.003867703942 0)
(-0.01985505629 -0.003927170503 0)
(-0.0177309597 -0.003930105179 0)
(-0.01561641346 -0.003875534474 0)
(-0.01354107493 -0.003763662649 0)
(-0.01153416044 -0.003595933111 0)
(-0.009623798611 -0.00337507041 0)
(-0.007836361706 -0.003105108358 0)
(-0.006195780795 -0.002791413911 0)
(-0.004722847494 -0.002440721542 0)
(-0.003434499931 -0.002061199159 0)
(-0.002343085101 -0.001662574303 0)
(-0.001455583933 -0.001256358182 0)
(-0.0007727793817 -0.0008562141792 0)
(-0.0002883440703 -0.0004785237879 0)
(1.214491791e-05 -0.000143198492 0)
(0.0001521932787 0.0001252545084 0)
(0.0001657918586 0.0002965196638 0)
(0.0001020342678 0.0003331902821 0)
(1.757082214e-05 0.0001887246332 0)
(-8.233150527e-07 -5.949579288e-05 0)
(-0.0001358971494 0.0001634277703 0)
(-0.0004692152445 0.0006011165068 0)
(-0.0010228429 0.001152676353 0)
(-0.001805894333 0.001750974021 0)
(-0.002818696996 0.002350577744 0)
(-0.004052783424 0.002921683145 0)
(-0.0054932188 0.003445794726 0)
(-0.007120740211 0.003912382873 0)
(-0.008913411308 0.00431638771 0)
(-0.0108478865 0.004656385562 0)
(-0.01290033218 0.004933247731 0)
(-0.01504705206 0.005149167618 0)
(-0.01726487271 0.005306966326 0)
(-0.01953134398 0.005409610737 0)
(-0.02182480383 0.00545989516 0)
(-0.02412435038 0.005460249721 0)
(-0.02640975737 0.005412647079 0)
(-0.02866136317 0.005318584964 0)
(-0.03085995721 0.005179126341 0)
(-0.03298668257 0.004994982175 0)
(-0.03502296886 0.004766624239 0)
(-0.03695050502 0.004494417419 0)
(-0.03875125824 0.004178762574 0)
(-0.04040754177 0.003820242385 0)
(-0.04190213198 0.003419763785 0)
(-0.04321843225 0.002978691495 0)
(-0.04434067967 0.002498967992 0)
(-0.04525418866 0.001983215896 0)
(-0.0459456243 0.001434819295 0)
(-0.0464032969 0.0008579810209 0)
(-0.04661746888 0.0002577533486 0)
(-0.04658066288 -0.0003599598584 0)
(-0.04628796357 -0.0009884309544 0)
(-0.04573729718 -0.001620167876 0)
(-0.04492968242 -0.002247005435 0)
(-0.04386944041 -0.002860226735 0)
(-0.04256435301 -0.003450713682 0)
(-0.04102576089 -0.004009124121 0)
(-0.03926859258 -0.004526092024 0)
(-0.03731131758 -0.004992446079 0)
(-0.03517581795 -0.005399441042 0)
(-0.03288717503 -0.005738995376 0)
(-0.03047336986 -0.006003928069 0)
(-0.02796489819 -0.006188187249 0)
(-0.02539430346 -0.006287063352 0)
(-0.02279563331 -0.006297380221 0)
(-0.02020382711 -0.006217658779 0)
(-0.01765404399 -0.006048249784 0)
(-0.01518094179 -0.005791434864 0)
(-0.01281791772 -0.005451498404 0)
(-0.01059632135 -0.005034777188 0)
(-0.008544648958 -0.004549699845 0)
(-0.006687726117 -0.004006834258 0)
(-0.005045882611 -0.003418968109 0)
(-0.003634120551 -0.002801255445 0)
(-0.002461274282 -0.002171469944 0)
(-0.001529158879 -0.001550412075 0)
(-0.0008317043927 -0.0009625207892 0)
(-0.0003540968508 -0.0004367369358 0)
(-7.19805573e-05 -7.63171644e-06 0)
(4.959976047e-05 0.0002832636258 0)
(5.950896628e-05 0.0003856950154 0)
(1.411577681e-05 0.0002364212186 0)
(-8.765766062e-06 2.826849761e-05 0)
(-0.0002307025878 0.0004607415474 0)
(-0.0007152208188 0.001131860878 0)
(-0.001471204076 0.001929371024 0)
(-0.002496068336 0.002775721772 0)
(-0.003783625061 0.003616672738 0)
(-0.005320687681 0.004415507384 0)
(-0.007088571355 0.005148686507 0)
(-0.009064826525 0.005802289618 0)
(-0.0112245895 0.006369223425 0)
(-0.01354166235 0.006847077759 0)
(-0.0159893402 0.00723649474 0)
(-0.01854099672 0.007539945482 0)
(-0.02117046026 0.007760831449 0)
(-0.02385222109 0.007902844811 0)
(-0.02656151033 0.007969535711 0)
(-0.02927428867 0.007964044757 0)
(-0.03196717893 0.007888966787 0)
(-0.0346173718 0.007746317824 0)
(-0.03720252878 0.007537581614 0)
(-0.03970070176 0.007263815737 0)
(-0.04209028383 0.006925800177 0)
(-0.04435000155 0.006524213708 0)
(-0.04645895517 0.006059825581 0)
(-0.04839670996 0.005533691813 0)
(-0.05014343857 0.004947346985 0)
(-0.05168011209 0.004302983785 0)
(-0.05298873527 0.003603613719 0)
(-0.05405261941 0.002853203357 0)
(-0.05485668528 0.002056781339 0)
(-0.05538778695 0.001220512093 0)
(-0.05563504677 0.0003517329345 0)
(-0.05559019056 -0.0005410479512 0)
(-0.05524787356 -0.001448194534 0)
(-0.05460598174 -0.002359029325 0)
(-0.05366590134 -0.003261962545 0)
(-0.05243274355 -0.004144662039 0)
(-0.05091551313 -0.004994262438 0)
(-0.04912721192 -0.005797610236 0)
(-0.04708486785 -0.006541539975 0)
(-0.04480948184 -0.007213175397 0)
(-0.04232588633 -0.007800248136 0)
(-0.03966251129 -0.00829142541 0)
(-0.03685105563 -0.008676637385 0)
(-0.03392606426 -0.008947394428 0)
(-0.03092441358 -0.009097084647 0)
(-0.02788471051 -0.009121242777 0)
(-0.02484661273 -0.009017783052 0)
(-0.02185007976 -0.008787190924 0)
(-0.01893456622 -0.008432671786 0)
(-0.01613816981 -0.007960258892 0)
(-0.01349674684 -0.007378887798 0)
(-0.01104300819 -0.006700450502 0)
(-0.00880560758 -0.005939849199 0)
(-0.006808233037 -0.005115076712 0)
(-0.005068711427 -0.004247357986 0)
(-0.003598135762 -0.003361393602 0)
(-0.002400025607 -0.002485750928 0)
(-0.001469533495 -0.001653451044 0)
(-0.0007927232172 -0.000902799853 0)
(-0.0003459468272 -0.0002784878579 0)
(-9.51501618e-05 0.0001670717019 0)
(5.699384735e-06 0.0003717835855 0)
(9.848354832e-06 0.0002586720251 0)
(-1.640329431e-05 0.0001650101358 0)
(-0.0003264506626 0.00088200538 0)
(-0.0009664598202 0.001844132139 0)
(-0.001931212245 0.002932724051 0)
(-0.003204999217 0.00406332014 0)
(-0.004773700003 0.005175329 0)
(-0.00661822778 0.006226762574 0)
(-0.008715299762 0.007190066546 0)
(-0.01103877278 0.008048528385 0)
(-0.01356064778 0.00879333563 0)
(-0.01625190405 0.009421228337 0)
(-0.01908316956 0.009932653209 0)
(-0.02202521044 0.01033033917 0)
(-0.02504925256 0.0106182254 0)
(-0.0281271615 0.0108006824 0)
(-0.03123151182 0.01088197528 0)
(-0.03433557704 0.01086592596 0)
(-0.03741327016 0.0107557369 0)
(-0.04043906159 0.01055394421 0)
(-0.04338789709 0.01026247166 0)
(-0.04623513432 0.009882761336 0)
(-0.04895651212 0.009415959165 0)
(-0.05152816273 0.008863136697 0)
(-0.05392667305 0.008225532975 0)
(-0.05612919789 0.007504802526 0)
(-0.05811362508 0.00670325758 0)
(-0.05985878966 0.005824094393 0)
(-0.06134473245 0.00487159509 0)
(-0.06255299613 0.003851297764 0)
(-0.06346695096 0.002770128736 0)
(-0.06407214079 0.001636491865 0)
(-0.06435663928 0.0004603108272 0)
(-0.06431140577 -0.0007469786634 0)
(-0.06393062992 -0.001972489013 0)
(-0.06321205079 -0.003201996427 0)
(-0.06215724289 -0.004420110618 0)
(-0.06077185517 -0.005610496241 0)
(-0.05906579183 -0.006756144186 0)
(-0.05705332547 -0.007839688584 0)
(-0.05475313234 -0.00884376364 0)
(-0.05218824148 -0.009751392727 0)
(-0.04938589045 -0.01054640061 0)
(-0.04637728253 -0.01121383825 0)
(-0.04319724221 -0.01174040866 0)
(-0.03988376823 -0.01211488151 0)
(-0.03647748581 -0.01232848435 0)
(-0.03302100295 -0.01237525901 0)
(-0.02955817769 -0.01225237328 0)
(-0.02613330653 -0.01196038066 0)
(-0.02279024609 -0.01150342456 0)
(-0.01957148238 -0.01088938785 0)
(-0.01651716317 -0.01012999448 0)
(-0.01366411034 -0.009240876166 0)
(-0.01104482937 -0.008241624238 0)
(-0.008686533489 -0.007155853911 0)
(-0.006610200705 -0.006011315141 0)
(-0.004829682669 -0.004840089789 0)
(-0.003350886604 -0.003678918472 0)
(-0.002171055736 -0.002569702675 0)
(-0.001278175794 -0.001560230597 0)
(-0.0006505036684 -0.000705155523 0)
(-0.0002562292638 -6.720213942e-05 0)
(-5.379273918e-05 0.0002809861313 0)
(5.384278058e-06 0.0002516358922 0)
(-2.362830276e-05 0.0003502267703 0)
(-0.0004208405159 0.001428047681 0)
(-0.001216719262 0.002740651977 0)
(-0.002391919284 0.004166741635 0)
(-0.003917038417 0.005618037045 0)
(-0.005769168993 0.007030016087 0)
(-0.007922479042 0.008357218749 0)
(-0.01034839294 0.009569349128 0)
(-0.01301658485 0.01064776192 0)
(-0.01589564364 0.01158247592 0)
(-0.01895364042 0.01236971204 0)
(-0.02215860782 0.01300990271 0)
(-0.02547889671 0.01350611894 0)
(-0.02888340896 0.01386286304 0)
(-0.03234172142 0.01408517677 0)
(-0.03582412265 0.0141780187 0)
(-0.03930158726 0.01414586807 0)
(-0.04274571234 0.01399251662 0)
(-0.04612863941 0.01372101293 0)
(-0.04942298184 0.01333372771 0)
(-0.05260177466 0.0128325113 0)
(-0.05563845972 0.01221891785 0)
(-0.05850691518 0.01149447376 0)
(-0.06118153512 0.01066097037 0)
(-0.06363736159 0.009720764154 0)
(-0.06585026848 0.008677069438 0)
(-0.06779719429 0.007534231376 0)
(-0.06945641884 0.006297968579 0)
(-0.07080787704 0.004975576561 0)
(-0.07183350174 0.003576084649 0)
(-0.07251758652 0.002110360249 0)
(-0.07284715823 0.0005911556484 0)
(-0.07281235001 -0.0009669061298 0)
(-0.07240676172 -0.002547409203 0)
(-0.07162779621 -0.004132290334 0)
(-0.07047696267 -0.005702049995 0)
(-0.06896013309 -0.007236026295 0)
(-0.06708774036 -0.008712729752 0)
(-0.06487490801 -0.01011023417 0)
(-0.06234150088 -0.01140661682 0)
(-0.05951208698 -0.01258043922 0)
(-0.05641580244 -0.01361125766 0)
(-0.05308611273 -0.01448015128 0)
(-0.04956046559 -0.01517025366 0)
(-0.04587983332 -0.0156672733 0)
(-0.04208814511 -0.01595998805 0)
(-0.0382316127 -0.01604069905 0)
(-0.03435795643 -0.01590563141 0)
(-0.03051554137 -0.01555527169 0)
(-0.02675243702 -0.01499463577 0)
(-0.0231154163 -0.01423346602 0)
(-0.01964891285 -0.01328636265 0)
(-0.01639395694 -0.01217286073 0)
(-0.01338711289 -0.01091747206 0)
(-0.0106594416 -0.009549718069 0)
(-0.008235513987 -0.008104186474 0)
(-0.006132501896 -0.006620649759 0)
(-0.004359376745 -0.00514428607 0)
(-0.002916251776 -0.003726045179 0)
(-0.001793895323 -0.002423205047 0)
(-0.0009733769633 -0.001300143479 0)
(-0.0004260414895 -0.000429285771 0)
(-0.0001156855845 0.0001073906606 0)
(1.038482293e-06 0.0002136401619 0)
(-3.043939113e-05 0.0005826922627 0)
(-0.0005127482836 0.002097424502 0)
(-0.001462487518 0.003820735459 0)
(-0.002846620312 0.005631525726 0)
(-0.004622024866 0.0074403084 0)
(-0.006756588783 0.009180865446 0)
(-0.009217206624 0.01080606627 0)
(-0.01196951057 0.01228425617 0)
(-0.0149785949 0.01359587433 0)
(-0.0182093741 0.01473048905 0)
(-0.02162688844 0.01568428748 0)
(-0.02519658044 0.01645799922 0)
(-0.02888449857 0.01705522413 0)
(-0.0326574185 0.01748112852 0)
(-0.03648288914 0.01774147041 0)
(-0.04032921778 0.01784191319 0)
(-0.04416541271 0.01778758755 0)
(-0.04796110295 0.01758286293 0)
(-0.05168645426 0.01723129159 0)
(-0.05531209842 0.01673569068 0)
(-0.05880909022 0.01609833049 0)
(-0.06214890314 0.01532119972 0)
(-0.06530347166 0.01440632182 0)
(-0.06824528458 0.01335609931 0)
(-0.07094753108 0.01217366607 0)
(-0.07338429854 0.01086323035 0)
(-0.07553081865 0.009430393844 0)
(-0.07736375703 0.007882434566 0)
(-0.07886153942 0.006228543141 0)
(-0.08000470692 0.004480004085 0)
(-0.08077629128 0.002650315015 0)
(-0.0811622005 0.0007552383241 0)
(-0.08115160722 -0.001187218648 0)
(-0.08073732445 -0.003156898181 0)
(-0.07991616055 -0.005131666142 0)
(-0.07868924335 -0.007087663286 0)
(-0.07706229963 -0.008999630621 0)
(-0.07504587798 -0.01084130699 0)
(-0.07265550476 -0.01258589394 0)
(-0.06991176107 -0.01420658037 0)
(-0.06684027005 -0.01567711737 0)
(-0.0634715843 -0.01697243114 0)
(-0.05984096509 -0.01806925985 0)
(-0.0559880466 -0.01894679844 0)
(-0.05195638091 -0.01958733395 0)
(-0.04779286272 -0.01997685341 0)
(-0.04354703563 -0.02010560661 0)
(-0.03927028616 -0.01996860735 0)
(-0.03501493546 -0.01956605962 0)
(-0.03083324249 -0.01890369892 0)
(-0.02677633697 -0.01799304427 0)
(-0.0228931034 -0.01685156291 0)
(-0.01922904129 -0.01550275676 0)
(-0.01582512909 -0.01397618767 0)
(-0.01271672197 -0.01230746557 0)
(-0.009932515487 -0.0105382307 0)
(-0.007493608886 -0.008716165426 0)
(-0.005412705353 -0.00689507401 0)
(-0.003693494178 -0.00513506921 0)
(-0.002330239732 -0.003502906411 0)
(-0.001307499813 -0.002072480232 0)
(-0.0006003416981 -0.0009254222098 0)
(-0.0001782584571 -0.0001521307494 0)
(-3.060905935e-06 0.0001442214233 0)
(-3.687039475e-05 0.0008608583375 0)
(-0.000601647351 0.002887385178 0)
(-0.001701779901 0.00508150048 0)
(-0.003291177434 0.007324435019 0)
(-0.00531329348 0.009527665717 0)
(-0.00772670939 0.0116252772 0)
(-0.01049078367 0.01357018583 0)
(-0.01356505122 0.01533077985 0)
(-0.01690975109 0.01688767937 0)
(-0.02048592074 0.01823082751 0)
(-0.02425545937 0.01935697597 0)
(-0.02818120435 0.02026756815 0)
(-0.03222697464 0.02096700955 0)
(-0.03635756778 0.02146130382 0)
(-0.0405387133 0.02175702503 0)
(-0.04473699144 0.02186059154 0)
(-0.04891973062 0.02177780459 0)
(-0.05305489861 0.02151361346 0)
(-0.05711100238 0.02107206943 0)
(-0.06105701066 0.02045643213 0)
(-0.06486231052 0.01966939339 0)
(-0.06849670701 0.01871338682 0)
(-0.07193047199 0.01759095378 0)
(-0.07513444527 0.01630514003 0)
(-0.07808018894 0.01485990018 0)
(-0.08074019323 0.01326049065 0)
(-0.08308813047 0.0115138344 0)
(-0.08509915203 0.009628843578 0)
(-0.08675022204 0.007616688661 0)
(-0.08802048061 0.005491004472 0)
(-0.08889162827 0.00326802532 0)
(-0.08934832249 0.0009666431498 0)
(-0.08937858079 -0.001391615717 0)
(-0.08897417308 -0.003782699011 0)
(-0.08813099824 -0.006180227553 0)
(-0.08684943424 -0.008555783671 0)
(-0.08513464813 -0.01087928487 0)
(-0.08299685292 -0.01311944167 0)
(-0.08045150089 -0.01524429476 0)
(-0.07751939987 -0.01722182388 0)
(-0.0742267398 -0.01902061807 0)
(-0.07060501764 -0.0206105944 0)
(-0.06669084954 -0.02196374924 0)
(-0.06252566115 -0.02305492409 0)
(-0.05815524926 -0.02386256573 0)
(-0.05362921123 -0.02436945936 0)
(-0.04900024247 -0.0245634133 0)
(-0.04432330669 -0.02443787441 0)
(-0.03965468856 -0.02399245636 0)
(-0.03505094344 -0.02323336637 0)
(-0.03056776403 -0.02217372157 0)
(-0.02625878863 -0.02083375298 0)
(-0.02217438007 -0.01924090266 0)
(-0.01836040814 -0.01742982801 0)
(-0.01485707163 -0.01544233472 0)
(-0.01169779815 -0.01332726752 0)
(-0.008908261934 -0.01114039212 0)
(-0.006505562806 -0.008944304413 0)
(-0.00449761911 -0.006808402734 0)
(-0.002882794296 -0.004808958472 0)
(-0.001649635019 -0.003029289997 0)
(-0.0007772491844 -0.001559957467 0)
(-0.0002408195741 -0.0004992659224 0)
(-6.88878992e-06 4.346969672e-05 0)
(-4.296023893e-05 0.001183049001 0)
(-0.0006872958404 0.003794426272 0)
(-0.001933441973 0.006518635675 0)
(-0.003722956575 0.009240887154 0)
(-0.005986341727 0.01187543291 0)
(-0.0086729888 0.01435842615 0)
(-0.01173466623 0.01664442657 0)
(-0.01512467872 0.01870323178 0)
(-0.01879826032 0.02051676268 0)
(-0.0227124486 0.02207622092 0)
(-0.02682593175 0.02337959578 0)
(-0.03109893673 0.02442953916 0)
(-0.03549311406 0.02523161203 0)
(-0.03997140574 0.02579289193 0)
(-0.04449789742 0.0261209201 0)
(-0.04903766068 0.0262229592 0)
(-0.05355659475 0.0261055276 0)
(-0.05802127877 0.02577417341 0)
(-0.06239884626 0.02523344982 0)
(-0.06665689192 0.02448705399 0)
(-0.07076341996 0.02353809237 0)
(-0.07468684013 0.02238943827 0)
(-0.07839601593 0.02104414963 0)
(-0.08186036686 0.01950591892 0)
(-0.0850500243 0.01777953008 0)
(-0.08793603912 0.0158713012 0)
(-0.09049063733 0.01378949468 0)
(-0.09268751887 0.01154467988 0)
(-0.09450219381 0.009150035618 0)
(-0.09591234949 0.006621582278 0)
(-0.0968982412 0.003978335098 0)
(-0.09744309809 0.001242371871 0)
(-0.09753354102 -0.001561189797 0)
(-0.09715999407 -0.00440430998 0)
(-0.09631708603 -0.007256245056 0)
(-0.0950040333 -0.01008386799 0)
(-0.09322498862 -0.01285208512 0)
(-0.0909893426 -0.01552434967 0)
(-0.08831196684 -0.01806326782 0)
(-0.08521338353 -0.0204312901 0)
(-0.0817198468 -0.02259147756 0)
(-0.07786332114 -0.0245083291 0)
(-0.07368134305 -0.02614865301 0)
(-0.06921675331 -0.02748246231 0)
(-0.0645172902 -0.02848387104 0)
(-0.05963503685 -0.02913196643 0)
(-0.05462572062 -0.02941163085 0)
(-0.04954786746 -0.02931428803 0)
(-0.04446182013 -0.0288385498 0)
(-0.03942863517 -0.02799074345 0)
(-0.03450888055 -0.02678530527 0)
(-0.02976136132 -0.02524503299 0)
(-0.02524180684 -0.02340119801 0)
(-0.02100155787 -0.0212935275 0)
(-0.0170862953 -0.018970075 0)
(-0.01353485542 -0.01648700627 0)
(-0.01037817734 -0.01390833225 0)
(-0.007638431947 -0.01130562378 0)
(-0.005328390933 -0.008757741867 0)
(-0.00345104881 -0.006350615183 0)
(-0.001999326198 -0.004177062449 0)
(-0.0009565324696 -0.002336562177 0)
(-0.000303350558 -0.0009352288353 0)
(-1.047578428e-05 -8.83981583e-05 0)
(-4.874153368e-05 0.001547539812 0)
(-0.0007695696691 0.004814586036 0)
(-0.002156739691 0.008126862147 0)
(-0.004140160028 0.01137488875 0)
(-0.006637947699 0.01447722957 0)
(-0.009590565629 0.01737366756 0)
(-0.01294229511 0.02002187216 0)
(-0.01664022072 0.02239435268 0)
(-0.02063453718 0.02447543735 0)
(-0.024878243 0.02625849187 0)
(-0.02932679851 0.02774345913 0)
(-0.03393784205 0.02893474717 0)
(-0.03867092324 0.02983947711 0)
(-0.04348724286 0.0304660882 0)
(-0.04834940037 0.03082328446 0)
(-0.05322115353 0.03091929807 0)
(-0.05806719683 0.03076143799 0)
(-0.06285296678 0.03035588785 0)
(-0.06754448241 0.02970771452 0)
(-0.07210822836 0.02882104824 0)
(-0.07651108673 0.02769939576 0)
(-0.08072032185 0.02634604987 0)
(-0.0847036204 0.02476456145 0)
(-0.08842918723 0.02295924385 0)
(-0.09186589592 0.0209356828 0)
(-0.09498349131 0.018701229 0)
(-0.09775284042 0.01626545402 0)
(-0.1001462273 0.01364055363 0)
(-0.1021376867 0.01084168516 0)
(-0.1037033712 0.00788722812 0)
(-0.1048219451 0.004798959168 0)
(-0.1054749987 0.001602134024 0)
(-0.1056474807 -0.001674529005 0)
(-0.1053281324 -0.004998968746 0)
(-0.1045099172 -0.008336011731 0)
(-0.1031904435 -0.01164771689 0)
(-0.1013723609 -0.01489382808 0)
(-0.0990637181 -0.01803233665 0)
(-0.09627826825 -0.02102015124 0)
(-0.09303570734 -0.0238138684 0)
(-0.08936182671 -0.02637063401 0)
(-0.0852885625 -0.02864908173 0)
(-0.08085392453 -0.03061033043 0)
(-0.07610178826 -0.03221901853 0)
(-0.07108153597 -0.03344434913 0)
(-0.06584753666 -0.03426111707 0)
(-0.06045845938 -0.03465068667 0)
(-0.05497642015 -0.0346018885 0)
(-0.0494659702 -0.03411180498 0)
(-0.04399294038 -0.03318641784 0)
(-0.03862316476 -0.03184109587 0)
(-0.03342111416 -0.03010090921 0)
(-0.02844847737 -0.0280007652 0)
(-0.02376273382 -0.02558537099 0)
(-0.01941576624 -0.02290903826 0)
(-0.01545256441 -0.02003535435 0)
(-0.01191007211 -0.01703675111 0)
(-0.008816231808 -0.0139940056 0)
(-0.0061892918 -0.01099570686 0)
(-0.004037379607 -0.008137719616 0)
(-0.002358117736 -0.005522639959 0)
(-0.001139103463 -0.003259137663 0)
(-0.00036627383 -0.001461433046 0)
(-1.388281708e-05 -0.0002513093407 0)
(-5.423689176e-05 0.001952579542 0)
(-0.0008483747285 0.005943585983 0)
(-0.002371121036 0.00990019441 0)
(-0.004541412769 0.01371936713 0)
(-0.007265595321 0.01732531317 0)
(-0.01047556035 0.02066283631 0)
(-0.01410832027 0.02369405829 0)
(-0.01810486336 0.02639542565 0)
(-0.02241041018 0.02875474464 0)
(-0.02697395932 0.03076844647 0)
(-0.03174778239 0.03243916173 0)
(-0.03668698562 0.03377363369 0)
(-0.04174910235 0.0347809861 0)
(-0.04689370952 0.03547134656 0)
(-0.05208207091 0.03585481355 0)
(-0.05727681141 0.03594074491 0)
(-0.06244162734 0.03573733788 0)
(-0.0675410385 0.03525146512 0)
(-0.07254018791 0.03448872801 0)
(-0.07740469373 0.03345368671 0)
(-0.08210055714 0.03215022732 0)
(-0.08659412819 0.03058202757 0)
(-0.09085213021 0.02875308579 0)
(-0.09484174187 0.02666828114 0)
(-0.09853073492 0.02433393728 0)
(-0.1018876647 0.0217583654 0)
(-0.1048821098 0.01895236676 0)
(-0.107484957 0.01592967803 0)
(-0.1096687272 0.0127073459 0)
(-0.1114079381 0.009306019857 0)
(-0.1126794988 0.005750153653 0)
(-0.1134631307 0.002068107768 0)
(-0.113741814 -0.001707853317 0)
(-0.1135022481 -0.005541674139 0)
(-0.1127353119 -0.009393741006 0)
(-0.1114365334 -0.01322124128 0)
(-0.1096065431 -0.01697864202 0)
(-0.1072514974 -0.02061829279 0)
(-0.1043834617 -0.02409115188 0)
(-0.101020732 -0.02734763114 0)
(-0.09718807608 -0.03033855066 0)
(-0.09291687281 -0.03301618987 0)
(-0.08824512763 -0.03533541653 0)
(-0.08321734376 -0.0372548699 0)
(-0.07788422999 -0.0387381691 0)
(-0.07230223008 -0.0397551132 0)
(-0.06653286395 -0.0402828363 0)
(-0.06064187761 -0.04030687887 0)
(-0.05469820708 -0.03982213713 0)
(-0.0487727704 -0.03883365513 0)
(-0.04293711189 -0.03735722919 0)
(-0.0372619319 -0.0354198028 0)
(-0.03181554462 -0.03305963965 0)
(-0.02666231354 -0.03032627426 0)
(-0.0218611201 -0.02728025136 0)
(-0.01746392414 -0.02399267643 0)
(-0.01351447481 -0.02054460841 0)
(-0.01004723295 -0.01702633048 0)
(-0.007086575243 -0.01353653566 0)
(-0.004646275137 -0.0101814617 0)
(-0.002728982017 -0.007073972457 0)
(-0.001326663269 -0.0043324799 0)
(-0.0004303007992 -0.002079959297 0)
(-1.718706998e-05 -0.0004455086596 0)
(-5.945851647e-05 0.002396383616 0)
(-0.0009236023523 0.007176884159 0)
(-0.002576080586 0.01183207316 0)
(-0.004925511489 0.01626636357 0)
(-0.007867107733 0.02041079721 0)
(-0.01132461066 0.02421645217 0)
(-0.01522806595 0.02765113302 0)
(-0.01951257782 0.03069636887 0)
(-0.02411853944 0.03334446601 0)
(-0.02899105732 0.03559580091 0)
(-0.0340793059 0.03745642527 0)
(-0.03933595224 0.03893601081 0)
(-0.04471661961 0.04004614943 0)
(-0.05017938782 0.04079901086 0)
(-0.05568433535 0.04120634721 0)
(-0.06119312813 0.04127882327 0)
(-0.06666865923 0.04102564298 0)
(-0.07207474353 0.04045443672 0)
(-0.07737587108 0.03957136968 0)
(-0.08253702163 0.0383814303 0)
(-0.08752354169 0.03688885719 0)
(-0.09230108427 0.03509766518 0)
(-0.09683561022 0.03301223365 0)
(-0.1010934491 0.03063792423 0)
(-0.1050414169 0.02798169909 0)
(-0.1086469873 0.0250527155 0)
(-0.1118785136 0.02186287611 0)
(-0.1147054974 0.01842731854 0)
(-0.1170989012 0.0147648305 0)
(-0.1190315026 0.01089817926 0)
(-0.1204782859 0.006854345998 0)
(-0.1214168671 0.002664656498 0)
(-0.1218279544 -0.001635198554 0)
(-0.1216958371 -0.006005259024 0)
(-0.1210088782 -0.01040151833 0)
(-0.1197600365 -0.01477628502 0)
(-0.1179473858 -0.0190786756 0)
(-0.115574615 -0.02325524629 0)
(-0.1126515004 -0.02725076605 0)
(-0.109194327 -0.03100912849 0)
(-0.1052262363 -0.03447439595 0)
(-0.1007774749 -0.03759196348 0)
(-0.09588551806 -0.04030982438 0)
(-0.0905950418 -0.04257991243 0)
(-0.0849577187 -0.04435948879 0)
(-0.07903181668 -0.0456125357 0)
(-0.07288158536 -0.0463111138 0)
(-0.06657642219 -0.04643663636 0)
(-0.06018982014 -0.04598101282 0)
(-0.05379810933 -0.04494761602 0)
(-0.04747901694 -0.04335203229 0)
(-0.04131008112 -0.04122256223 0)
(-0.03536696595 -0.03860045086 0)
(-0.02972173356 -0.03553983932 0)
(-0.02444113696 -0.03210744449 0)
(-0.0195850003 -0.02838198672 0)
(-0.01520475385 -0.02445339748 0)
(-0.0113421917 -0.02042184636 0)
(-0.008028529801 -0.0163966298 0)
(-0.005283750804 -0.01249496363 0)
(-0.003115901626 -0.008840684747 0)
(-0.001521455035 -0.005562760641 0)
(-0.000496332146 -0.002793879002 0)
(-2.04739588e-05 -0.0006716706397 0)
(-6.440909031e-05 0.002877114581 0)
(-0.0009951086771 0.008509678749 0)
(-0.002771086239 0.01391541857 0)
(-0.005291278114 0.01900713355 0)
(-0.008440421482 0.02372377929 0)
(-0.01213457278 0.0280238502 0)
(-0.01629717439 0.03188196465 0)
(-0.02085772608 0.0352858006 0)
(-0.02575200542 0.03823313071 0)
(-0.03092139155 0.04072912321 0)
(-0.03631209925 0.04278397017 0)
(-0.04187448296 0.04441086549 0)
(-0.04756238424 0.04562434555 0)
(-0.05333252438 0.04643899301 0)
(-0.05914395052 0.04686849251 0)
(-0.06495754084 0.04692501648 0)
(-0.07073557304 0.04661891113 0)
(-0.07644135905 0.04595864617 0)
(-0.08203894799 0.04495098783 0)
(-0.08749289811 0.04360135276 0)
(-0.09276811703 0.04191430033 0)
(-0.09782976883 0.03989412255 0)
(-0.1026432454 0.03754549422 0)
(-0.1071741991 0.03487414954 0)
(-0.1113886332 0.03188755616 0)
(-0.1152530473 0.02859556234 0)
(-0.1187346342 0.0250109968 0)
(-0.1218015261 0.02115020516 0)
(-0.124423089 0.01703350959 0)
(-0.1265702621 0.01268558062 0)
(-0.128215943 0.008135711681 0)
(-0.1293354145 0.003417987328 0)
(-0.1299068151 -0.001428662732 0)
(-0.1299116602 -0.006360529075 0)
(-0.1293353652 -0.01132932137 0)
(-0.1281678263 -0.01628251765 0)
(-0.1264040107 -0.02116385691 0)
(-0.1240445435 -0.02591398595 0)
(-0.1210962814 -0.03047126674 0)
(-0.1175728484 -0.03477274568 0)
(-0.113495108 -0.03875528071 0)
(-0.1088915426 -0.04235681653 0)
(-0.1037985071 -0.04551779042 0)
(-0.09826032655 -0.04818264304 0)
(-0.09232920465 -0.05030140011 0)
(-0.08606491549 -0.05183128214 0)
(-0.07953425656 -0.05273829215 0)
(-0.07281024854 -0.05299872586 0)
(-0.06597107871 -0.05260054568 0)
(-0.05909879739 -0.05154456061 0)
(-0.05227779059 -0.0498453586 0)
(-0.04559306658 -0.0475319464 0)
(-0.03912840786 -0.04464806435 0)
(-0.03296445158 -0.04125215925 0)
(-0.02717677086 -0.03741701533 0)
(-0.02183403393 -0.0332290614 0)
(-0.01699631823 -0.02878738711 0)
(-0.01271365713 -0.02420251326 0)
(-0.00902490602 -0.0195949675 0)
(-0.005956907485 -0.01509371949 0)
(-0.003523564957 -0.01083449407 0)
(-0.001726091151 -0.006957871117 0)
(-0.0005653920865 -0.003607476267 0)
(-2.383284639e-05 -0.0009309718827 0)
(-6.908309915e-05 0.003392857779 0)
(-0.0010627074 0.009936885726 0)
(-0.002955543922 0.01614263662 0)
(-0.005637480944 0.02193218724 0)
(-0.008983456357 0.02725340684 0)
(-0.01290234053 0.03207325536 0)
(-0.01731138147 0.03637420645 0)
(-0.02213480486 0.04015107673 0)
(-0.02730403468 0.04340801232 0)
(-0.03275693261 0.04615577892 0)
(-0.03843692877 0.0484094043 0)
(-0.04429222037 0.05018618863 0)
(-0.05027501536 0.05150409029 0)
(-0.05634082687 0.05238048432 0)
(-0.06244782946 0.05283127966 0)
(-0.06855628429 0.05287037163 0)
(-0.07462803728 0.05250939791 0)
(-0.08062609275 0.05175776033 0)
(-0.08651426332 0.05062287047 0)
(-0.09225689503 0.04911057526 0)
(-0.09781866589 0.04722571919 0)
(-0.1031644544 0.04497280138 0)
(-0.1082592748 0.04235668944 0)
(-0.1130682747 0.03938335635 0)
(-0.1175567918 0.03606061138 0)
(-0.1216904661 0.03239880105 0)
(-0.1254354057 0.02841146059 0)
(-0.1287584043 0.02411590032 0)
(-0.1316272097 0.01953371432 0)
(-0.1340108446 0.01469120098 0)
(-0.1358799801 0.009619686002 0)
(-0.1372073593 0.004355738537 0)
(-0.1379682748 -0.001058728721 0)
(-0.138141123 -0.006576482234 0)
(-0.1377079542 -0.01214512389 0)
(-0.1366551149 -0.01770741211 0)
(-0.1349739147 -0.02320173707 0)
(-0.1326613064 -0.02856276569 0)
(-0.1297205712 -0.03372226796 0)
(-0.1261619834 -0.03861013028 0)
(-0.1220034247 -0.0431555564 0)
(-0.1172709144 -0.04728844918 0)
(-0.1119990187 -0.05094095807 0)
(-0.1062311 -0.05404916697 0)
(-0.1000193664 -0.05655488648 0)
(-0.09342468496 -0.05840750338 0)
(-0.08651612785 -0.05956583008 0)
(-0.07937022879 -0.05999988845 0)
(-0.0720699398 -0.05969255687 0)
(-0.06470329222 -0.05864100842 0)
(-0.05736178312 -0.05685787083 0)
(-0.05013852534 -0.05437204811 0)
(-0.04312621678 -0.05122915686 0)
(-0.03641499944 -0.04749154866 0)
(-0.03009029067 -0.0432379108 0)
(-0.0242306758 -0.03856245974 0)
(-0.01890595165 -0.03357376245 0)
(-0.01417541109 -0.02839323728 0)
(-0.01008646791 -0.02315339807 0)
(-0.006673597222 -0.01799591209 0)
(-0.003957143871 -0.01306950894 0)
(-0.001943432083 -0.008527663003 0)
(-0.0006385848029 -0.004526398684 0)
(-2.735480075e-05 -0.0012251374 0)
(-7.346824526e-05 0.003941596817 0)
(-0.001126170247 0.01145310527 0)
(-0.003128785999 0.01850560064 0)
(-0.005962800243 0.02503129466 0)
(-0.009494050936 0.03098790297 0)
(-0.01362474874 0.03635181856 0)
(-0.01826639056 0.04111432938 0)
(-0.02333829629 0.0452783059 0)
(-0.02876783573 0.04885511366 0)
(-0.03448959725 0.05186187562 0)
(-0.04044443022 0.05431911989 0)
(-0.0465785524 0.05624881978 0)
(-0.05284270212 0.05767282702 0)
(-0.05919134426 0.05861169049 0)
(-0.0655819439 0.05908384273 0)
(-0.07197431585 0.05910512743 0)
(-0.07833005485 0.05868863396 0)
(-0.08461204824 0.05784479876 0)
(-0.09078407112 0.05658172985 0)
(-0.09681046192 0.05490570934 0)
(-0.1026558749 0.05282182911 0)
(-0.1082851055 0.05033471746 0)
(-0.1136629837 0.04744931833 0)
(-0.1187543308 0.04417168934 0)
(-0.1235239759 0.04050979054 0)
(-0.1279368292 0.03647424046 0)
(-0.1319580093 0.03207902114 0)
(-0.1355530256 0.02734211778 0)
(-0.1386880157 0.02228608131 0)
(-0.1413300401 0.01693850432 0)
(-0.1434474379 0.01133240141 0)
(-0.1450102431 0.005506484522 0)
(-0.1459906635 -0.0004946770512 0)
(-0.1463636634 -0.006620623415 0)
(-0.1461075407 -0.01281509867 0)
(-0.1452046272 -0.01901632343 0)
(-0.1436420352 -0.02515743418 0)
(-0.1414124345 -0.03116710631 0)
(-0.138514858 -0.0369703802 0)
(-0.134955507 -0.04248970181 0)
(-0.1307485235 -0.04764618392 0)
(-0.1259166934 -0.05236108597 0)
(-0.1204920358 -0.05655750122 0)
(-0.1145162336 -0.06016222736 0)
(-0.1080408563 -0.06310778397 0)
(-0.101127328 -0.06533452578 0)
(-0.09384659952 -0.06679278734 0)
(-0.08627849199 -0.06744498268 0)
(-0.07851069104 -0.06726757493 0)
(-0.07063738941 -0.06625282665 0)
(-0.06275759367 -0.06441024335 0)
(-0.05497313275 -0.0617676305 0)
(-0.04738642704 -0.05837169951 0)
(-0.04009809624 -0.05428817855 0)
(-0.03320449975 -0.04960140994 0)
(-0.02679531321 -0.04441344329 0)
(-0.02095124626 -0.03884266128 0)
(-0.01574200817 -0.03302199809 0)
(-0.01122463713 -0.02709682948 0)
(-0.007442167535 -0.02122262646 0)
(-0.004422130081 -0.01556243352 0)
(-0.002176500986 -0.01028411239 0)
(-0.0007170655043 -0.005557757756 0)
(-3.113152167e-05 -0.001556469973 0)
(-7.754683328e-05 0.004521191415 0)
(-0.001185232091 0.01305258634 0)
(-0.003290074935 0.02099562277 0)
(-0.006265823743 0.02829347324 0)
(-0.00996994415 0.03491456992 0)
(-0.01429853774 0.04084562954 0)
(-0.01915782021 0.04608763396 0)
(-0.02446260154 0.05065234907 0)
(-0.03013652358 0.0545591429 0)
(-0.03611116975 0.05783220599 0)
(-0.04232503289 0.06049819588 0)
(-0.0487225449 0.06258430314 0)
(-0.05525314937 0.06411673255 0)
(-0.06187042923 0.06511958536 0)
(-0.06853130544 0.06561412025 0)
(-0.07519531642 0.06561836208 0)
(-0.08182398334 0.06514702103 0)
(-0.08838026314 0.06421167937 0)
(-0.09482808846 0.06282119982 0)
(-0.1011319916 0.06098230861 0)
(-0.1072568082 0.05870030732 0)
(-0.113167455 0.05597987085 0)
(-0.1188287768 0.05282589279 0)
(-0.1242054577 0.04924434543 0)
(-0.1292619909 0.04524312676 0)
(-0.1339627075 0.04083287271 0)
(-0.1382718592 0.03602771775 0)
(-0.1421537592 0.03084599087 0)
(-0.1455729815 0.02531083695 0)
(-0.1484946227 0.01945075487 0)
(-0.1508846337 0.01330004418 0)
(-0.1527102213 0.006899150907 0)
(-0.1539403232 0.0002949012548 0)
(-0.1545462015 -0.006459387193 0)
(-0.1545020682 -0.01330393407 0)
(-0.1537858116 -0.02017268446 0)
(-0.1523798337 -0.02699369507 0)
(-0.1502719232 -0.03368971234 0)
(-0.1474561859 -0.04017897497 0)
(-0.1439339998 -0.04637626038 0)
(-0.1397149603 -0.05219418772 0)
(-0.1348177749 -0.05754478243 0)
(-0.1292710602 -0.06234129599 0)
(-0.1231139836 -0.06650026102 0)
(-0.1163966959 -0.06994374556 0)
(-0.1091804932 -0.07260175312 0)
(-0.1015376553 -0.07441469721 0)
(-0.09355091399 -0.07533586294 0)
(-0.08531251882 -0.07533375504 0)
(-0.07692288696 -0.07439422391 0)
(-0.06848884487 -0.07252225972 0)
(-0.0601214967 -0.06974335182 0)
(-0.05193377992 -0.0661043259 0)
(-0.04403779356 -0.06167359511 0)
(-0.0365420056 -0.05654079205 0)
(-0.02954845987 -0.05081578302 0)
(-0.02315010709 -0.04462710181 0)
(-0.01742838767 -0.03811987252 0)
(-0.01245120433 -0.03145331831 0)
(-0.008271262232 -0.02479797446 0)
(-0.004924213107 -0.01833269619 0)
(-0.002428423016 -0.01224142547 0)
(-0.0008020212433 -0.006710193535 0)
(-3.525496663e-05 -0.001927868455 0)
(-8.129710886e-05 0.005129359236 0)
(-0.001239599032 0.01472919563 0)
(-0.003438617214 0.02360342599 0)
(-0.006545062977 0.0317069708 0)
(-0.01040878992 0.03901978383 0)
(-0.01492036342 0.04553971901 0)
(-0.01998120839 0.0512782521 0)
(-0.02550204021 0.05625681144 0)
(-0.03140311669 0.06050348598 0)
(-0.03761329994 0.06405019192 0)
(-0.04406896292 0.0669303061 0)
(-0.05071295428 0.06917675386 0)
(-0.05749360341 0.07082053708 0)
(-0.06436377993 0.07188968138 0)
(-0.07128002569 0.07240857451 0)
(-0.0782017701 0.07239766026 0)
(-0.08509063463 0.0718734465 0)
(-0.09190982817 0.07084878117 0)
(-0.0986236323 0.06933334781 0)
(-0.1051969727 0.06733433159 0)
(-0.1115950718 0.06485720899 0)
(-0.1177831763 0.06190661784 0)
(-0.1237263537 0.05848726928 0)
(-0.1293893533 0.05460486966 0)
(-0.1347365257 0.05026702602 0)
(-0.1397317999 0.04548411527 0)
(-0.1443387177 0.04027010176 0)
(-0.1485205253 0.03464329258 0)
(-0.152240328 0.02862702209 0)
(-0.155461313 0.02225025875 0)
(-0.1581470475 0.01554812689 0)
(-0.1602618578 0.008562334269 0)
(-0.1617712927 0.001341493427 0)
(-0.1626427172 -0.006058674893 0)
(-0.1628459797 -0.01357527571 0)
(-0.1623541561 -0.02113833355 0)
(-0.16114447 -0.02867109234 0)
(-0.1591992608 -0.03609052367 0)
(-0.1565070388 -0.04330807903 0)
(-0.1530635945 -0.05023071536 0)
(-0.1488731281 -0.05676221579 0)
(-0.1439493545 -0.06280481868 0)
(-0.1383165311 -0.06826115688 0)
(-0.1320103456 -0.07303649266 0)
(-0.1250785962 -0.07704121583 0)
(-0.1175815924 -0.08019355039 0)
(-0.1095922077 -0.08242239318 0)
(-0.1011955206 -0.08367018604 0)
(-0.0924879968 -0.08389570442 0)
(-0.08357618241 -0.08307663194 0)
(-0.07457490649 -0.08121178522 0)
(-0.06560501989 -0.07832285739 0)
(-0.05679073066 -0.07445556436 0)
(-0.04825662782 -0.06968010402 0)
(-0.04012451346 -0.06409087493 0)
(-0.03251018301 -0.05780544375 0)
(-0.0255203021 -0.05096279692 0)
(-0.01924953426 -0.04372095516 0)
(-0.01377808689 -0.03625406851 0)
(-0.009169661592 -0.02874914158 0)
(-0.005469187021 -0.02140251544 0)
(-0.002702381568 -0.01441609927 0)
(-0.0008946582725 -0.007993913528 0)
(-3.981741897e-05 -0.002342838933 0)
(-8.46945613e-05 0.005763662766 0)
(-0.001288958557 0.01647639514 0)
(-0.003573584529 0.02631912408 0)
(-0.006798984696 0.03525925369 0)
(-0.01080819638 0.04328899183 0)
(-0.01548684177 0.05041806099 0)
(-0.02073206092 0.05666914828 0)
(-0.02645090236 0.06207403465 0)
(-0.03256059356 0.06667018146 0)
(-0.03898756643 0.07049783392 0)
(-0.04566631573 0.07359763616 0)
(-0.05253831218 0.07600873639 0)
(-0.05955095179 0.07776735927 0)
(-0.06665655771 0.0789058178 0)
(-0.07381145409 0.07945193013 0)
(-0.08097512392 0.07942880059 0)
(-0.08810945741 0.0788549188 0)
(-0.09517809266 0.07774452725 0)
(-0.1021458476 0.0761082056 0)
(-0.1089782388 0.07395362105 0)
(-0.1156410821 0.07128639637 0)
(-0.1221001677 0.06811105196 0)
(-0.1283210042 0.0644319841 0)
(-0.1342686249 0.06025444815 0)
(-0.1399074536 0.05558552228 0)
(-0.1452012261 0.0504350335 0)
(-0.1501129696 0.04481643337 0)
(-0.1546050407 0.03874761472 0)
(-0.1586392282 0.03225166317 0)
(-0.1621769285 0.02535753831 0)
(-0.1651794023 0.01810067861 0)
(-0.167608122 0.01052352142 0)
(-0.1694252119 0.002675925215 0)
(-0.1705940285 -0.005384519634 0)
(-0.1710798624 -0.01359230522 0)
(-0.1708506858 -0.02187398868 0)
(-0.1698781424 -0.0301483741 0)
(-0.1681386054 -0.0383269223 0)
(-0.1656143509 -0.04631442137 0)
(-0.1622948224 -0.0540099593 0)
(-0.1581779501 -0.06130823128 0)
(-0.153271481 -0.06810120573 0)
(-0.147594261 -0.07428016115 0)
(-0.1411774004 -0.07973808865 0)
(-0.1340652445 -0.08437243319 0)
(-0.1263160634 -0.08808812134 0)
(-0.1180023743 -0.09080079549 0)
(-0.1092108145 -0.09244014605 0)
(-0.1000414968 -0.09295320756 0)
(-0.09060679684 -0.09230746431 0)
(-0.08102955591 -0.09049359934 0)
(-0.07144071296 -0.08752772113 0)
(-0.06197642293 -0.08345291597 0)
(-0.05277475741 -0.07834000273 0)
(-0.04397212098 -0.07228740829 0)
(-0.03569954506 -0.06542013491 0)
(-0.02807903646 -0.05788784841 0)
(-0.02122016803 -0.04986217432 0)
(-0.01521711637 -0.04153334193 0)
(-0.01014614844 -0.03310636263 0)
(-0.006062876444 -0.02479691229 0)
(-0.00300158583 -0.01682694652 0)
(-0.0009961937395 -0.009420712699 0)
(-4.4911836e-05 -0.002805501353 0)
(-8.771321503e-05 0.006421502031 0)
(-0.001332991267 0.01828723156 0)
(-0.003694140427 0.02913221508 0)
(-0.007026053709 0.03893700776 0)
(-0.01116578387 0.04770671993 0)
(-0.01599462049 0.05546358429 0)
(-0.02140593524 0.06224212885 0)
(-0.02730354364 0.0680850969 0)
(-0.03360199941 0.07303990412 0)
(-0.04022559573 0.07715567102 0)
(-0.04710718936 0.08048081316 0)
(-0.0541870751 0.08306115819 0)
(-0.06141189175 0.08493855921 0)
(-0.06873357685 0.08614996915 0)
(-0.0761083913 0.08672693523 0)
(-0.08349602687 0.08669546714 0)
(-0.09085880362 0.08607622782 0)
(-0.09816095955 0.08488499304 0)
(-0.1053680313 0.08313332504 0)
(-0.1124463213 0.08082940711 0)
(-0.1193624465 0.0779789896 0)
(-0.1260829596 0.07458640329 0)
(-0.1325740387 0.07065560274 0)
(-0.1388012379 0.06619120972 0)
(-0.1447292948 0.06119953409 0)
(-0.1503219942 0.0556895563 0)
(-0.1555420871 0.04967386138 0)
(-0.1603512704 0.04316951831 0)
(-0.164710231 0.03619890131 0)
(-0.1685787666 0.02879044984 0)
(-0.1719159911 0.02097936325 0)
(-0.1746806396 0.01280822269 0)
(-0.1768314745 0.004327526578 0)
(-0.1783278331 -0.004403876145 0)
(-0.1791303571 -0.01331846143 0)
(-0.179201722 -0.02233987805 0)
(-0.17850768 -0.03138298153 0)
(-0.1770181971 -0.04035411389 0)
(-0.1747087319 -0.04915165702 0)
(-0.1715616492 -0.05766691439 0)
(-0.1675677301 -0.06578536624 0)
(-0.162727735 -0.07338833605 0)
(-0.15705396 -0.08035509332 0)
(-0.1505717117 -0.0865654004 0)
(-0.1433206101 -0.09190248639 0)
(-0.1353556223 -0.09625640186 0)
(-0.1267477184 -0.09952767412 0)
(-0.1175840465 -0.101631147 0)
(-0.1079675318 -0.1024998545 0)
(-0.09801582675 -0.1020887484 0)
(-0.08785956894 -0.1003780791 0)
(-0.07763994612 -0.09737622351 0)
(-0.06750561417 -0.09312176284 0)
(-0.05760906548 -0.08768464454 0)
(-0.04810259358 -0.08116630758 0)
(-0.03913403971 -0.0736987154 0)
(-0.03084253218 -0.06544231297 0)
(-0.02335444694 -0.05658299951 0)
(-0.0167798416 -0.04732828098 0)
(-0.01120938935 -0.03790282997 0)
(-0.00671107433 -0.02854367471 0)
(-0.003329245475 -0.01949509059 0)
(-0.001107850174 -0.01100397905 0)
(-5.063238975e-05 -0.003320593304 0)
(-9.032692547e-05 0.007100113781 0)
(-0.001371383876 0.02015433987 0)
(-0.00379947126 0.03203159259 0)
(-0.007224784713 0.0427261579 0)
(-0.01147925804 0.05225659885 0)
(-0.01644047242 0.06065820044 0)
(-0.021998553 0.06797786666 0)
(-0.02805451622 0.07426982802 0)
(-0.03452059503 0.07959196371 0)
(-0.04131922948 0.08400275685 0)
(-0.04838187109 0.08755885298 0)
(-0.05564783228 0.09031318321 0)
(-0.06306316143 0.09231361359 0)
(-0.07057956145 0.09360207834 0)
(-0.07815337441 0.09421414941 0)
(-0.08574464601 0.0941789901 0)
(-0.09331627787 0.09351963625 0)
(-0.1008332703 0.09225354704 0)
(-0.1082620546 0.09039336691 0)
(-0.1155699106 0.08794784344 0)
(-0.1227244633 0.08492284994 0)
(-0.1296932517 0.08132246857 0)
(-0.1364433629 0.07715009709 0)
(-0.1429411248 0.07240955074 0)
(-0.1491518554 0.06710613865 0)
(-0.1550396642 0.06124770151 0)
(-0.1605673091 0.05484560305 0)
(-0.1656961121 0.04791567229 0)
(-0.17038594 0.04047909585 0)
(-0.1745952616 0.03256325965 0)
(-0.178281294 0.02420253818 0)
(-0.1814002518 0.01543902553 0)
(-0.1839077077 0.006323195226 0)
(-0.1857590867 -0.003085530097 0)
(-0.1869104095 -0.01271830299 0)
(-0.1873189834 -0.02249653225 0)
(-0.1869444724 -0.03233174488 0)
(-0.1857500973 -0.04212570104 0)
(-0.1837040009 -0.05177079065 0)
(-0.1807807951 -0.06115078042 0)
(-0.1769632561 -0.07014197082 0)
(-0.1722441217 -0.07861481594 0)
(-0.1666279352 -0.08643604888 0)
(-0.1601328557 -0.09347133668 0)
(-0.1527923372 -0.09958846292 0)
(-0.144656561 -0.104661003 0)
(-0.1357934973 -0.108572416 0)
(-0.1262894631 -0.1112204344 0)
(-0.1162490523 -0.1125215852 0)
(-0.1057943336 -0.1124156363 0)
(-0.09506324121 -0.1108697319 0)
(-0.08420713216 -0.1078819585 0)
(-0.07338753927 -0.103484095 0)
(-0.06277221229 -0.09774332089 0)
(-0.05253060299 -0.09076271401 0)
(-0.04282900488 -0.08268044013 0)
(-0.03382559665 -0.07366763006 0)
(-0.02566566745 -0.06392503401 0)
(-0.01847733556 -0.05367864052 0)
(-0.01236782204 -0.04317453448 0)
(-0.007419485657 -0.03267327664 0)
(-0.003688549293 -0.02244393367 0)
(-0.001230851602 -0.01275868743 0)
(-5.707513068e-05 -0.003893472034 0)
(-9.25106971e-05 0.007796577698 0)
(-0.001403843286 0.02206996302 0)
(-0.00388882067 0.03500557834 0)
(-0.007393801434 0.04661191096 0)
(-0.01174649503 0.05692141349 0)
(-0.01682140672 0.06598285472 0)
(-0.02250593648 0.07385594788 0)
(-0.02869872956 0.08060684578 0)
(-0.03531004151 0.08630432493 0)
(-0.04226073325 0.09101665736 0)
(-0.04948107106 0.09480913065 0)
(-0.05690956539 0.09774217007 0)
(-0.06449182768 0.09987001772 0)
(-0.07217946404 0.1012399192 0)
(-0.07992902914 0.1018917641 0)
(-0.08770105545 0.1018581215 0)
(-0.09545916641 0.1011646088 0)
(-0.103169277 0.09983053172 0)
(-0.1107988814 0.09786973224 0)
(-0.1183164225 0.09529158769 0)
(-0.1256907398 0.09210210797 0)
(-0.132890585 0.0883050861 0)
(-0.1398842019 0.08390326613 0)
(-0.146638962 0.07889950107 0)
(-0.1531210532 0.07329788257 0)
(-0.1592952191 0.0671048316 0)
(-0.1651245512 0.06033014572 0)
(-0.1705703368 0.05298800304 0)
(-0.1755919717 0.04509792512 0)
(-0.1801469472 0.03668570124 0)
(-0.1841909271 0.02778427476 0)
(-0.18767793 0.01843458793 0)
(-0.1905606295 0.008686374509 0)
(-0.1927907788 -0.001401120116 0)
(-0.1943199348 -0.01175850677 0)
(-0.1951001099 -0.02230573634 0)
(-0.1950848252 -0.03295176306 0)
(-0.1942303502 -0.0435944606 0)
(-0.1924971295 -0.05412081973 0)
(-0.1898514419 -0.06440751178 0)
(-0.1862672618 -0.07432189285 0)
(-0.1817282851 -0.08372352011 0)
(-0.1762300647 -0.09246624268 0)
(-0.1697821762 -0.1004009129 0)
(-0.1624103106 -0.1073787373 0)
(-0.154158164 -0.1132552489 0)
(-0.1450889793 -0.1178948376 0)
(-0.1352865788 -0.1211757205 0)
(-0.1248557288 -0.1229951761 0)
(-0.1139216916 -0.1232748118 0)
(-0.1026288496 -0.1219655849 0)
(-0.09113834084 -0.1190522691 0)
(-0.07962470559 -0.114557049 0)
(-0.06827162553 -0.1085419506 0)
(-0.05726691467 -0.1011098679 0)
(-0.04679699752 -0.09240403496 0)
(-0.03704116569 -0.08260590037 0)
(-0.02816595057 -0.071931484 0)
(-0.02031999595 -0.06062642377 0)
(-0.01362954146 -0.04896003711 0)
(-0.008193672076 -0.03721875118 0)
(-0.004082645125 -0.02569909924 0)
(-0.00136642038 -0.01470138279 0)
(-6.433873537e-05 -0.004530115271 0)
(-9.42420235e-05 0.008507830091 0)
(-0.001430111593 0.02402598949 0)
(-0.003961527001 0.03804197879 0)
(-0.007531901804 0.05057882601 0)
(-0.01196563673 0.06168318073 0)
(-0.01713479482 0.07141760538 0)
(-0.02292456497 0.07985494622 0)
(-0.02923163656 0.08707361933 0)
(-0.0359646156 0.09315365406 0)
(-0.0430430409 0.09817347562 0)
(-0.0503961963 0.1022073786 0)
(-0.05796195357 0.1053236399 0)
(-0.06568562419 0.1075832195 0)
(-0.0735188393 0.109038994 0)
(-0.08141848255 0.109735461 0)
(-0.08934569179 0.1097088524 0)
(-0.09726493951 0.1089875867 0)
(-0.1051431963 0.1075929937 0)
(-0.1129491775 0.1055402464 0)
(-0.1206526688 0.1028394378 0)
(-0.1282239261 0.09949675043 0)
(-0.1356331419 0.09551567123 0)
(-0.1428499712 0.09089821804 0)
(-0.1498431112 0.08564615066 0)
(-0.1565799307 0.07976215091 0)
(-0.1630261473 0.0732509634 0)
(-0.1691455532 0.06612049581 0)
(-0.1748997942 0.05838288184 0)
(-0.1802482101 0.05005551262 0)
(-0.1851477459 0.04116204211 0)
(-0.1895529508 0.03173337019 0)
(-0.1934160824 0.02180860269 0)
(-0.1966873302 0.01143598052 0)
(-0.1993151648 0.0006737586904 0)
(-0.2012469512 -0.01040898347 0)
(-0.2024296783 -0.02173163045 0)
(-0.2028108216 -0.03320146225 0)
(-0.2023396547 -0.04471332905 0)
(-0.2009686932 -0.05614961126 0)
(-0.1986554342 -0.06738054672 0)
(-0.1953643564 -0.07826502082 0)
(-0.1910691543 -0.08865191091 0)
(-0.1857551594 -0.09838207145 0)
(-0.1794218712 -0.1072910324 0)
(-0.1720854936 -0.115212457 0)
(-0.1637813349 -0.1219823681 0)
(-0.1545659072 -0.127444097 0)
(-0.1445185346 -0.1314538495 0)
(-0.1337422695 -0.1338867087 0)
(-0.1223639276 -0.1346428218 0)
(-0.1105330743 -0.1336534514 0)
(-0.09841985371 -0.1308865206 0)
(-0.08621161917 -0.1263512594 0)
(-0.07410842192 -0.1201015697 0)
(-0.06231751353 -0.1122377841 0)
(-0.05104711778 -0.1029065875 0)
(-0.04049980899 -0.09229900233 0)
(-0.03086590258 -0.08064649376 0)
(-0.0223173305 -0.06821541429 0)
(-0.01500217803 -0.05530016587 0)
(-0.009038993314 -0.04221551573 0)
(-0.004514618894 -0.02928834813 0)
(-0.001515773954 -0.016850153 0)
(-7.252529045e-05 -0.005237120979 0)
(-9.550225509e-05 0.009230685485 0)
(-0.001449981859 0.02601400988 0)
(-0.004017063179 0.0411281681 0)
(-0.007638128177 0.05461091504 0)
(-0.01213519445 0.06652325975 0)
(-0.01737850879 0.07694173567 0)
(-0.02325154775 0.08595252985 0)
(-0.02964944071 0.09364656444 0)
(-0.0364794505 0.1001153973 0)
(-0.04366002905 0.1054479083 0)
(-0.05111965922 0.1097277175 0)
(-0.0587957172 0.1130312783 0)
(-0.06663333246 0.1154265903 0)
(-0.07458426536 0.1169724703 0)
(-0.08260582828 0.1177183138 0)
(-0.09065986774 0.1177042787 0)
(-0.0987118185 0.1169618152 0)
(-0.1067298351 0.1155144718 0)
(-0.1146840018 0.1133789061 0)
(-0.1225456179 0.1105660364 0)
(-0.1302865532 0.1070822798 0)
(-0.1378786672 0.1029308286 0)
(-0.145293284 0.09811293225 0)
(-0.1525007185 0.09262915808 0)
(-0.1594698485 0.08648061852 0)
(-0.1661677304 0.0796701583 0)
(-0.1725592604 0.07220350376 0)
(-0.1786068832 0.0640903809 0)
(-0.1842703582 0.05534561102 0)
(-0.1895065904 0.04599019346 0)
(-0.1942695449 0.03605238215 0)
(-0.1985102604 0.02556875893 0)
(-0.2021769829 0.01458529878 0)
(-0.2052154192 0.003158410068 0)
(-0.2075692301 -0.008644069307 0)
(-0.2091807656 -0.02074193091 0)
(-0.2099917591 -0.03304181723 0)
(-0.2099446295 -0.04543658991 0)
(-0.2089839216 -0.05780501603 0)
(-0.2070580768 -0.07001180518 0)
(-0.2041215338 -0.08190811815 0)
(-0.2001371386 -0.09333266147 0)
(-0.19507883 -0.1041134809 0)
(-0.1889345325 -0.1140705581 0)
(-0.181709153 -0.1230192915 0)
(-0.1734275378 -0.1307749055 0)
(-0.1641372038 -0.1371577732 0)
(-0.1539106259 -0.1419995686 0)
(-0.1428468386 -0.1451500743 0)
(-0.1310721029 -0.1464843791 0)
(-0.118739415 -0.1459101054 0)
(-0.1060266794 -0.1433742321 0)
(-0.09313345079 -0.1388690299 0)
(-0.08027626018 -0.1324366209 0)
(-0.06768266221 -0.1241717229 0)
(-0.05558427405 -0.1142222426 0)
(-0.04420918802 -0.1027875343 0)
(-0.03377424092 -0.09011433501 0)
(-0.02447771927 -0.07649059443 0)
(-0.01649276226 -0.06223763125 0)
(-0.009960541641 -0.04770114457 0)
(-0.004987470788 -0.03324146571 0)
(-0.001680120889 -0.01922459013 0)
(-8.17410812e-05 -0.006021705899 0)
(-9.627798071e-05 0.009961866459 0)
(-0.001463314539 0.02802539373 0)
(-0.004055078633 0.04425119944 0)
(-0.007711841731 0.05869177696 0)
(-0.01225415955 0.07142249789 0)
(-0.0175510698 0.0825339024 0)
(-0.02348481088 0.09212560455 0)
(-0.02994932082 0.1003011747 0)
(-0.03685079806 0.1071638945 0)
(-0.04410681635 0.1128133382 0)
(-0.05164521438 0.1173427241 0)
(-0.05940299332 0.120836976 0)
(-0.06732519811 0.1233714362 0)
(-0.07536380387 0.1250111629 0)
(-0.08347663462 0.1258107394 0)
(-0.09162633333 0.1258145197 0)
(-0.09977939597 0.1250572304 0)
(-0.1079052765 0.1235648509 0)
(-0.1159755646 0.1213556993 0)
(-0.1239632347 0.1184416547 0)
(-0.1318419608 0.1148294601 0)
(-0.1395854917 0.1105220572 0)
(-0.1471670789 0.1055199198 0)
(-0.1545589523 0.09982236197 0)
(-0.161731838 0.09342880746 0)
(-0.1686545159 0.08634001973 0)
(-0.1752934177 0.07855929535 0)
(-0.1816122672 0.07009363165 0)
(-0.1875717712 0.06095488069 0)
(-0.1931293682 0.05116090275 0)
(-0.198239052 0.04073673008 0)
(-0.2028512872 0.02971574754 0)
(-0.2069130379 0.01814088987 0)
(-0.2103679123 0.006065841496 0)
(-0.2131565102 -0.006443781866 0)
(-0.2152171117 -0.01930924835 0)
(-0.2164862128 -0.03243771167 0)
(-0.2168997336 -0.04572124569 0)
(-0.2163944251 -0.05903621346 0)
(-0.2149096164 -0.07224295961 0)
(-0.2123893629 -0.08518596719 0)
(-0.2087849858 -0.09769461594 0)
(-0.204057983 -0.1095846844 0)
(-0.1981832615 -0.1206607364 0)
(-0.1911525971 -0.1307195149 0)
(-0.182978177 -0.1395544332 0)
(-0.1736960299 -0.146961193 0)
(-0.1633690971 -0.1527444804 0)
(-0.152089658 -0.156725588 0)
(-0.1399808028 -0.1587506951 0)
(-0.1271966513 -0.1586994134 0)
(-0.1139210624 -0.1564930991 0)
(-0.1003646612 -0.1521023468 0)
(-0.08676013352 -0.1455530512 0)
(-0.07335589232 -0.1369304531 0)
(-0.06040838399 -0.126380693 0)
(-0.04817345959 -0.1141095699 0)
(-0.03689737836 -0.1003784378 0)
(-0.02680814767 -0.08549743876 0)
(-0.01810757101 -0.06981655126 0)
(-0.01096306623 -0.05371508248 0)
(-0.005504086903 -0.0375901165 0)
(-0.001860655526 -0.02184573841 0)
(-9.209733748e-05 -0.006891702316 0)
(-9.656242239e-05 0.01069804199 0)
(-0.001470054418 0.03005138757 0)
(-0.00407544291 0.04739794623 0)
(-0.00775280038 0.06280476692 0)
(-0.0123221199 0.07636141505 0)
(-0.01765180525 0.08817232417 0)
(-0.02362329541 0.09835049668 0)
(-0.03012966999 0.1070121923 0)
(-0.03707630789 0.1142725322 0)
(-0.04438008236 0.1202419652 0)
(-0.05196831731 0.1250235379 0)
(-0.05977773538 0.1287109101 0)
(-0.06775337357 0.1313870535 0)
(-0.07584748909 0.1331235626 0)
(-0.08401848428 0.1339805004 0)
(-0.0922298718 0.1340066961 0)
(-0.1004492946 0.1332404113 0)
(-0.1086476093 0.1317102882 0)
(-0.1167980365 0.1294365053 0)
(-0.1248753774 0.1264320656 0)
(-0.1328552921 0.122704161 0)
(-0.140713635 0.1182555618 0)
(-0.1484258402 0.1130859992 0)
(-0.1559663504 0.1071935155 0)
(-0.163308085 0.1005757738 0)
(-0.1704219439 0.09323132483 0)
(-0.1772763455 0.08516083951 0)
(-0.1838368022 0.07636831932 0)
(-0.1900655369 0.06686230093 0)
(-0.1959211496 0.05665707164 0)
(-0.2013583474 0.04577391062 0)
(-0.2063277547 0.034242367 0)
(-0.2107758266 0.02210158005 0)
(-0.2146448717 0.009401632489 0)
(-0.2178732278 -0.003795084209 0)
(-0.2203958586 -0.01741245758 0)
(-0.2221447358 -0.03135939712 0)
(-0.2230498707 -0.0455285412 0)
(-0.2230406454 -0.05979526318 0)
(-0.2220474757 -0.07401696826 0)
(-0.220003944 -0.08803282737 0)
(-0.2168494029 -0.1016641077 0)
(-0.2125320561 -0.1147152719 0)
(-0.2070124861 -0.1269760264 0)
(-0.2002675544 -0.1382244921 0)
(-0.1922945408 -0.1482316416 0)
(-0.1831153213 -0.1567670937 0)
(-0.1727803184 -0.1636062696 0)
(-0.161371895 -0.1685387992 0)
(-0.1490068186 -0.1713779243 0)
(-0.135837412 -0.17197049 0)
(-0.1220510341 -0.17020696 0)
(-0.1078676173 -0.166030767 0)
(-0.09353511997 -0.1594462351 0)
(-0.07932293654 -0.150524314 0)
(-0.0655135127 -0.1394054629 0)
(-0.05239262203 -0.1262992175 0)
(-0.04023896041 -0.1114802502 0)
(-0.02931390552 -0.0952810704 0)
(-0.0198519515 -0.07808187568 0)
(-0.01205088478 -0.06029829204 0)
(-0.006067204902 -0.04236766109 0)
(-0.002058550758 -0.02473602616 0)
(-0.0001037109038 -0.007855552278 0)
(-9.635682446e-05 0.01143587454 0)
(-0.001470247975 0.03208323487 0)
(-0.00407829073 0.05055527466 0)
(-0.007761239681 0.06693320308 0)
(-0.0123393813 0.08132042874 0)
(-0.01768101294 0.09383501163 0)
(-0.0236671649 0.1046031784 0)
(-0.030190346 0.1137538199 0)
(-0.03715531966 0.1214139373 0)
(-0.04447840112 0.1277049784 0)
(-0.05208649911 0.1327400098 0)
(-0.05991612968 0.1366216686 0)
(-0.06791237833 0.1394408296 0)
(-0.07602783498 0.1412759151 0)
(-0.08422153299 0.142192763 0)
(-0.09245791579 0.142244968 0)
(-0.100705848 0.1414746002 0)
(-0.1089376822 0.1399132174 0)
(-0.1171283854 0.1375830823 0)
(-0.1252547277 0.1344985139 0)
(-0.1332945287 0.1306673091 0)
(-0.1412259572 0.126092184 0)
(-0.1490268782 0.1207722013 0)
(-0.1566742411 0.1147041608 0)
(-0.1641435029 0.107883944 0)
(-0.171408083 0.100307814 0)
(-0.1784388478 0.09197368047 0)
(-0.1852036245 0.0828823456 0)
(-0.1916667479 0.07303874991 0)
(-0.1977886468 0.06245323879 0)
(-0.2035254801 0.05114286866 0)
(-0.2088288386 0.0391327688 0)
(-0.2136455355 0.02645756973 0)
(-0.2179174945 0.01316289755 0)
(-0.2215817478 -0.0006930824165 0)
(-0.2245708445 -0.01503805235 0)
(-0.226813177 -0.02978399099 0)
(-0.2282336751 -0.04482558582 0)
(-0.2287550428 -0.060038821 0)
(-0.2282992719 -0.07527984064 0)
(-0.2267896824 -0.09038419271 0)
(-0.2241535123 -0.1051666389 0)
(-0.2203250897 -0.1194217317 0)
(-0.215249588 -0.1329253802 0)
(-0.2088873175 -0.1454376333 0)
(-0.2012184432 -0.1567068923 0)
(-0.1922479346 -0.1664757166 0)
(-0.1820104732 -0.1744883043 0)
(-0.170574951 -0.1804995995 0)
(-0.1580481235 -0.1842858145 0)
(-0.1445769386 -0.1856559604 0)
(-0.1303490693 -0.1844637718 0)
(-0.1155912451 -0.1806192305 0)
(-0.1005651201 -0.174098756 0)
(-0.08556061829 -0.1649530909 0)
(-0.07088695534 -0.1533119841 0)
(-0.05686180551 -0.1393849758 0)
(-0.04379935463 -0.1234579167 0)
(-0.03199824926 -0.1058852681 0)
(-0.02173012048 -0.08707869852 0)
(-0.01322778057 -0.0674928258 0)
(-0.006679372628 -0.04760892969 0)
(-0.002274948479 -0.02791917827 0)
(-0.0001167047881 -0.008922298205 0)
(-9.567184074e-05 0.01217207602 0)
(-0.001464061134 0.03411231867 0)
(-0.004064068389 0.05371024873 0)
(-0.007737956527 0.0710606123 0)
(-0.01230709341 0.08628012173 0)
(-0.01764013149 0.09950004182 0)
(-0.02361802075 0.1108595366 0)
(-0.03013293067 0.1204999763 0)
(-0.03708916522 0.128560213 0)
(-0.04440258459 0.1351727694 0)
(-0.05199975061 0.1404608919 0)
(-0.05981702055 0.1445364173 0)
(-0.06779956663 0.1474983889 0)
(-0.07590034857 0.1494323476 0)
(-0.08407907306 0.1504102092 0)
(-0.09230116713 0.1504906342 0)
(-0.1005367848 0.1497197929 0)
(-0.1087598604 0.1481324306 0)
(-0.1169472162 0.1457531435 0)
(-0.1250777259 0.1425977875 0)
(-0.1331315334 0.1386749538 0)
(-0.1410893218 0.1339874587 0)
(-0.1489316269 0.1285338145 0)
(-0.1566381899 0.1223096559 0)
(-0.1641873422 0.1153091167 0)
(-0.1715554179 0.1075261576 0)
(-0.1787161902 0.0989558577 0)
(-0.1856403311 0.08959568756 0)
(-0.1922948938 0.0794467862 0)
(-0.1986428238 0.06851526595 0)
(-0.2046425041 0.05681356864 0)
(-0.210247349 0.04436189382 0)
(-0.2154054671 0.03118971639 0)
(-0.2200594058 0.01733740179 0)
(-0.2241459747 0.002857910441 0)
(-0.2275963727 -0.01218140845 0)
(-0.2303365511 -0.0276969405 0)
(-0.232287426 -0.04358700649 0)
(-0.2333659869 -0.05972995758 0)
(-0.2334866053 -0.07598258387 0)
(-0.2325628919 -0.09217881141 0)
(-0.23051018 -0.1081289026 0)
(-0.2272486916 -0.1236193892 0)
(-0.2227074243 -0.1384139992 0)
(-0.2168287552 -0.1522558661 0)
(-0.2095736811 -0.1648713067 0)
(-0.2009275326 -0.175975425 0)
(-0.1909058846 -0.1852797197 0)
(-0.1795602783 -0.1925017436 0)
(-0.1669832572 -0.1973766759 0)
(-0.1533121404 -0.199670434 0)
(-0.1387309289 -0.199193686 0)
(-0.12346978 -0.1958158675 0)
(-0.1078016249 -0.1894780917 0)
(-0.0920357259 -0.1802037314 0)
(-0.07650827955 -0.1681054786 0)
(-0.06157051354 -0.1533878867 0)
(-0.04757509408 -0.136344766 0)
(-0.03486202754 -0.1173513125 0)
(-0.02374493769 -0.09685144781 0)
(-0.01449688387 -0.07534131432 0)
(-0.007342899017 -0.05334994576 0)
(-0.002510947444 -0.0314201058 0)
(-0.0001312085629 -0.01010156864 0)
(-9.45289099e-05 0.01290347289 0)
(-0.001451797445 0.03613032746 0)
(-0.004033581639 0.05685036901 0)
(-0.007684395766 0.07517101633 0)
(-0.01222738016 0.09122155388 0)
(-0.01753191676 0.1051458778 0)
(-0.02347912446 0.1170956872 0)
(-0.02996099651 0.127224595 0)
(-0.03688147744 0.1356832166 0)
(-0.04415603167 0.1426151866 0)
(-0.05171091007 0.1481540679 0)
(-0.05948233631 0.1524211078 0)
(-0.0674155928 0.1555237814 0)
(-0.07546403715 0.1575550439 0)
(-0.08358808683 0.1585932 0)
(-0.09175420263 0.1587022913 0)
(-0.09993389372 0.1579328954 0)
(-0.1081027607 0.1563232384 0)
(-0.1162395864 0.1539005228 0)
(-0.1243254784 0.1506823899 0)
(-0.1323430633 0.146678446 0)
(-0.1402757295 0.1418918 0)
(-0.148106913 0.1363205732 0)
(-0.1558194201 0.1299593614 0)
(-0.1633947799 0.1228006395 0)
(-0.1708126221 0.1148361131 0)
(-0.1780500732 0.1060580303 0)
(-0.1850811691 0.09646047394 0)
(-0.1918762818 0.08604065858 0)
(-0.198401561 0.07480026018 0)
(-0.204618396 0.06274680513 0)
(-0.210482905 0.04989514514 0)
(-0.2159454712 0.03626904112 0)
(-0.2209503392 0.02190287351 0)
(-0.2254352588 0.006843479023 0)
(-0.2293313572 -0.008847887625 0)
(-0.2325633596 -0.0250933757 0)
(-0.2350494918 -0.04179655146 0)
(-0.2367022624 -0.05884000078 0)
(-0.2374295501 -0.07608325635 0)
(-0.2371361798 -0.09336090477 0)
(-0.2357261963 -0.1104811 0)
(-0.233105908 -0.1272247346 0)
(-0.2291877864 -0.1433455677 0)
(-0.2238952636 -0.158571654 0)
(-0.2171684036 -0.1726084456 0)
(-0.2089703223 -0.1851439274 0)
(-0.1992941086 -0.1958560877 0)
(-0.1881698527 -0.2044229002 0)
(-0.1756712421 -0.210534793 0)
(-0.1619210523 -0.213909309 0)
(-0.1470947831 -0.2143073292 0)
(-0.1314216887 -0.2115498856 0)
(-0.1151825675 -0.2055342719 0)
(-0.09870390904 -0.1962479454 0)
(-0.08234835108 -0.183778667 0)
(-0.06650182927 -0.1683194895 0)
(-0.05155828164 -0.1501676047 0)
(-0.03790327278 -0.1297166639 0)
(-0.02589765463 -0.1074429422 0)
(-0.01586053817 -0.08388636115 0)
(-0.008059797318 -0.05962759323 0)
(-0.002767588469 -0.03526476839 0)
(-0.0001473585918 -0.01140355782 0)
(-9.296164295e-05 0.01362708047 0)
(-0.001433916894 0.03812944529 0)
(-0.003988045498 0.05996384642 0)
(-0.007602740473 0.07924925996 0)
(-0.01210347551 0.09612661952 0)
(-0.01736062474 0.1107517351 0)
(-0.02325562688 0.1232883345 0)
(-0.02968037976 0.1339019668 0)
(-0.03653850377 0.1427548781 0)
(-0.04374507898 0.1500018274 0)
(-0.05122604867 0.1557868194 0)
(-0.05891750819 0.1602407221 0)
(-0.06676486374 0.1634797107 0)
(-0.07472189645 0.1656044596 0)
(-0.0827497743 0.1666999871 0)
(-0.0908160469 0.1668360451 0)
(-0.09889365002 0.1660679438 0)
(-0.1069599395 0.1644377021 0)
(-0.114995767 0.1619754238 0)
(-0.1229846039 0.158700809 0)
(-0.1309117146 0.15462473 0)
(-0.1387633768 0.1497508135 0)
(-0.1465261449 0.1440769895 0)
(-0.154186148 0.1375969868 0)
(-0.1617284182 0.1303017631 0)
(-0.1691362404 0.1221808769 0)
(-0.1763905168 0.1132238141 0)
(-0.1834691418 0.1034212913 0)
(-0.1903463818 0.0927665619 0)
(-0.1969922579 0.08125675641 0)
(-0.2033719325 0.06889428615 0)
(-0.209445103 0.05568834283 0)
(-0.2151654172 0.04165652283 0)
(-0.2204799236 0.02682660317 0)
(-0.2253285451 0.01123847926 0)
(-0.2296436722 -0.005053733814 0)
(-0.2333501914 -0.02197928219 0)
(-0.2363651398 -0.03944855896 0)
(-0.2385980375 -0.05735030855 0)
(-0.2399517109 -0.07554903482 0)
(-0.2403235026 -0.093882497 0)
(-0.2396072244 -0.1121594768 0)
(-0.2376959492 -0.1301580842 0)
(-0.234485777 -0.1476249292 0)
(-0.2298806764 -0.1642755586 0)
(-0.223798445 -0.1797966111 0)
(-0.2161777283 -0.1938501712 0)
(-0.2069858979 -0.2060807658 0)
(-0.1962274204 -0.2161253486 0)
(-0.183952153 -0.2236264084 0)
(-0.1702628118 -0.2282480393 0)
(-0.1553207166 -0.2296944139 0)
(-0.1393488485 -0.2277296462 0)
(-0.1226313276 -0.2221975885 0)
(-0.1055086453 -0.213039748 0)
(-0.0883683751 -0.2003093406 0)
(-0.07163160662 -0.1841795946 0)
(-0.0557359671 -0.16494482 0)
(-0.0411167656 -0.1430134633 0)
(-0.02818764202 -0.1188933066 0)
(-0.01732015271 -0.09316983665 0)
(-0.008831721373 -0.06647922123 0)
(-0.003045837188 -0.03948000614 0)
(-0.0001652980844 -0.01283899777 0)
(-9.101724287e-05 0.01434018699 0)
(-0.00141105572 0.04010256715 0)
(-0.00392913694 0.06303991275 0)
(-0.007496007313 0.08328138319 0)
(-0.01193986632 0.100978452 0)
(-0.01713220277 0.1162979944 0)
(-0.02295480563 0.1294151752 0)
(-0.02929946003 0.1405071222 0)
(-0.03606942316 0.1497475556 0)
(-0.04317935043 0.1573023639 0)
(-0.05055484867 0.1633261245 0)
(-0.05813187448 0.1679595474 0)
(-0.0658559684 0.1713277912 0)
(-0.07368136658 0.1735395714 0)
(-0.08157003882 0.1746869605 0)
(-0.08949069297 0.1748457673 0)
(-0.09741777758 0.1740763759 0)
(-0.1053305059 0.1724249284 0)
(-0.1132119169 0.169924743 0)
(-0.1210479816 0.1665978743 0)
(-0.1288267581 0.1624567356 0)
(-0.1365375929 0.157505726 0)
(-0.1441703661 0.1517428188 0)
(-0.1517147716 0.1451610882 0)
(-0.1591596268 0.1377501651 0)
(-0.1664922029 0.1294976257 0)
(-0.1736975667 0.1203903283 0)
(-0.1807579275 0.1104157203 0)
(-0.1876519812 0.09956314376 0)
(-0.1943542448 0.08782517108 0)
(-0.2008343804 0.07519900631 0)
(-0.2070565055 0.06168798586 0)
(-0.2129784983 0.04730321539 0)
(-0.2185513109 0.0320653777 0)
(-0.2237182812 0.01600673605 0)
(-0.2284144592 -0.0008266550525 0)
(-0.2325663582 -0.0183723929 0)
(-0.2360914843 -0.03654918797 0)
(-0.2388980799 -0.05525386325 0)
(-0.2408856427 -0.07435818129 0)
(-0.2419457065 -0.0937057424 0)
(-0.241963358 -0.113108972 0)
(-0.2408196401 -0.1323464797 0)
(-0.2383950183 -0.1511611352 0)
(-0.2345740844 -0.1692593023 0)
(-0.2292516183 -0.1863117635 0)
(-0.2223400355 -0.2019569368 0)
(-0.2137781033 -0.2158069938 0)
(-0.2035406115 -0.2274574245 0)
(-0.1916484473 -0.2365004041 0)
(-0.1781782662 -0.242542002 0)
(-0.1632707238 -0.2452228166 0)
(-0.1471360769 -0.2442410536 0)
(-0.1300559608 -0.2393764648 0)
(-0.1123803339 -0.2305130208 0)
(-0.09451899343 -0.217657845 0)
(-0.0769276731 -0.2009539017 0)
(-0.06008951388 -0.1806842998 0)
(-0.0444935821 -0.15726686 0)
(-0.03061210223 -0.1312387403 0)
(-0.018876045 -0.1032320645 0)
(-0.009659896641 -0.07394218124 0)
(-0.003346564939 -0.0440933376 0)
(-0.0001851769977 -0.0144191217 0)
(-8.875802517e-05 0.01504044785 0)
(-0.001384047904 0.04204354136 0)
(-0.003859051995 0.06606917026 0)
(-0.007368149467 0.0872550395 0)
(-0.01174244526 0.1057618768 0)
(-0.0168544921 0.1217666629 0)
(-0.02258631332 0.1354553465 0)
(-0.02882944809 0.1470162536 0)
(-0.03548666651 0.1566344233 0)
(-0.04247210325 0.1644868967 0)
(-0.0497109695 0.1707389792 0)
(-0.05713906273 0.1755414721 0)
(-0.06470207396 0.179028828 0)
(-0.07235474241 0.181318149 0)
(-0.08005991407 0.1825089242 0)
(-0.0877875505 0.1826833841 0)
(-0.09551372503 0.1819073439 0)
(-0.1032196339 0.1802314133 0)
(-0.1108906408 0.1776924541 0)
(-0.1185153659 0.174315186 0)
(-0.1260848233 0.1701138572 0)
(-0.1335916072 0.1650939168 0)
(-0.1410291223 0.1592536428 0)
(-0.1483908517 0.1525857017 0)
(-0.1556696557 0.145078629 0)
(-0.1628570889 0.1367182329 0)
(-0.1699427298 0.1274889384 0)
(-0.1769135095 0.1173750909 0)
(-0.1837530314 0.1063622527 0)
(-0.1904408716 0.09443852082 0)
(-0.1969518539 0.08159590828 0)
(-0.2032552918 0.06783182324 0)
(-0.2093142005 0.05315068999 0)
(-0.2150844865 0.03756575373 0)
(-0.2205141074 0.02110110859 0)
(-0.2255421709 0.00379397485 0)
(-0.2300983475 -0.01430270389 0)
(-0.2341023252 -0.03311730926 0)
(-0.2374629574 -0.05255657531 0)
(-0.2400783696 -0.07250178658 0)
(-0.2418362974 -0.09280511835 0)
(-0.2426150504 -0.1132858442 0)
(-0.2422853887 -0.1337267002 0)
(-0.2407135166 -0.1538707542 0)
(-0.2377654372 -0.1734192464 0)
(-0.233312885 -0.1920310006 0)
(-0.2272409693 -0.2093241225 0)
(-0.2194575276 -0.2248807724 0)
(-0.2099039717 -0.2382557882 0)
(-0.1985671353 -0.2489897918 0)
(-0.1854913058 -0.2566271002 0)
(-0.1707892904 -0.2607382663 0)
(-0.1546511034 -0.2609463954 0)
(-0.1373487353 -0.2569556012 0)
(-0.1192355798 -0.2485791868 0)
(-0.100739484 -0.2357645417 0)
(-0.08234907669 -0.2186115029 0)
(-0.06459397706 -0.1973811904 0)
(-0.0480206383 -0.1724931672 0)
(-0.03316577539 -0.1445101377 0)
(-0.0205272785 -0.1141108972 0)
(-0.01054504877 -0.08205329359 0)
(-0.00367052879 -0.04913272194 0)
(-0.0002071518481 -0.01615561816 0)
(-8.626312126e-05 0.0157259912 0)
(-0.001353949314 0.04394744173 0)
(-0.003780569647 0.06904398413 0)
(-0.007224170821 0.0911599638 0)
(-0.01151867859 0.1104639161 0)
(-0.01653744677 0.1271418824 0)
(-0.02216244114 0.1413899155 0)
(-0.02828468503 0.1534071701 0)
(-0.03480624153 0.1633898858 0)
(-0.04164056948 0.1715263263 0)
(-0.04871239784 0.1779927314 0)
(-0.05595734257 0.1829502907 0)
(-0.06332127819 0.1865431022 0)
(-0.07075952468 0.1888970349 0)
(-0.07823591559 0.1901193828 0)
(-0.0857218014 0.1902991815 0)
(-0.09319503127 0.1895080496 0)
(-0.1006389452 0.1878014196 0)
(-0.1080413987 0.185220034 0)
(-0.1153938322 0.181791598 0)
(-0.1226903921 0.1775324996 0)
(-0.1299271028 0.1724495287 0)
(-0.1371010871 0.1665415482 0)
(-0.1442098262 0.1598010882 0)
(-0.1512504532 0.1522158513 0)
(-0.1582190664 0.1437701329 0)
(-0.1651100543 0.1344461678 0)
(-0.1719154174 0.1242254289 0)
(-0.1786240751 0.1130899037 0)
(-0.1852211468 0.1010233855 0)
(-0.191687193 0.0880128168 0)
(-0.1979974076 0.07404972651 0)
(-0.2041207558 0.05913180704 0)
(-0.2100190599 0.04326468096 0)
(-0.2156460237 0.02646390912 0)
(-0.2209461481 0.008757277118 0)
(-0.2258538259 -0.009812587767 0)
(-0.2302925925 -0.02918498982 0)
(-0.2341739173 -0.04927819904 0)
(-0.237396686 -0.0699851691 0)
(-0.2398471222 -0.09116934398 0)
(-0.2413991028 -0.1126601234 0)
(-0.2419153794 -0.1342482269 0)
(-0.2412499229 -0.155681288 0)
(-0.2392517057 -0.1766601491 0)
(-0.2357702345 -0.1968364969 0)
(-0.2306630983 -0.2158126568 0)
(-0.2238056716 -0.2331445088 0)
(-0.2151029045 -0.248348554 0)
(-0.2045028249 -0.2609140942 0)
(-0.1920109847 -0.2703212194 0)
(-0.1777046428 -0.2760647833 0)
(-0.1617450661 -0.2776837777 0)
(-0.144386049 -0.2747945316 0)
(-0.1259767305 -0.2671251073 0)
(-0.1069571123 -0.254547328 0)
(-0.08784541286 -0.2371023216 0)
(-0.06921751795 -0.2150155182 0)
(-0.05168024895 -0.1886978602 0)
(-0.03584065106 -0.1587315636 0)
(-0.02227150295 -0.1258406806 0)
(-0.01148733374 -0.09084824246 0)
(-0.004018352212 -0.0546262851 0)
(-0.0002313855385 -0.01806057557 0)
(-8.363051888e-05 0.01639553644 0)
(-0.001322066024 0.04581087355 0)
(-0.003697125962 0.07195892253 0)
(-0.007070256807 0.09498849465 0)
(-0.01127779541 0.1150743464 0)
(-0.01619337596 0.1324104863 0)
(-0.02169840403 0.147202407 0)
(-0.02768295763 0.1596597811 0)
(-0.0340480648 0.1699900083 0)
(-0.04070629212 0.1783927318 0)
(-0.04758177753 0.1850554141 0)
(-0.05460994181 0.1901500018 0)
(-0.06173690703 0.1938306492 0)
(-0.06891869727 0.1962324159 0)
(-0.07612029859 0.1974708205 0)
(-0.08331464152 0.1976421083 0)
(-0.09048155601 0.1968240841 0)
(-0.09760673543 0.1950773637 0)
(-0.1046807348 0.1924469093 0)
(-0.111698018 0.188963732 0)
(-0.1186560608 0.1846466646 0)
(-0.125554511 0.1795041326 0)
(-0.1323944002 0.1735358712 0)
(-0.1391774025 0.1667345579 0)
(-0.145905127 0.1590873455 0)
(-0.152578436 0.1505772983 0)
(-0.1591967732 0.1411847434 0)
(-0.1657574893 0.1308885581 0)
(-0.1722551493 0.1196674237 0)
(-0.1786808068 0.1075010788 0)
(-0.1850212295 0.09437161173 0)
(-0.1912580611 0.08026483686 0)
(-0.1973669079 0.06517180227 0)
(-0.2033163444 0.04909048522 0)
(-0.2090668315 0.03202773687 0)
(-0.2145694934 0.01400152492 0)
(-0.2197648901 -0.004956470655 0)
(-0.2245820692 -0.02479751857 0)
(-0.2289371049 -0.0454527785 0)
(-0.2327318826 -0.06682881753 0)
(-0.2358535913 -0.08880288559 0)
(-0.2381743431 -0.111217726 0)
(-0.2395516279 -0.1338759835 0)
(-0.2398298479 -0.1565345123 0)
(-0.2388432984 -0.1788990263 0)
(-0.2364210101 -0.2006197443 0)
(-0.232393855 -0.2212889171 0)
(-0.2266042297 -0.2404413575 0)
(-0.2189184424 -0.2575592618 0)
(-0.2092416128 -0.2720826569 0)
(-0.1975344486 -0.2834266265 0)
(-0.18383071 -0.2910059937 0)
(-0.1682535951 -0.2942672966 0)
(-0.1510287933 -0.2927267284 0)
(-0.1324917259 -0.2860113228 0)
(-0.1130866819 -0.273899308 0)
(-0.09335626838 -0.2563545513 0)
(-0.07392088245 -0.2335497149 0)
(-0.05544972051 -0.2058734351 0)
(-0.03862569931 -0.1739185918 0)
(-0.02410480675 -0.1384511111 0)
(-0.01248627496 -0.1003609024 0)
(-0.004390508535 -0.06060201169 0)
(-0.0002580473693 -0.0201464182 0)
(-8.097963757e-05 0.01704852814 0)
(-0.001289988879 0.04763231946 0)
(-0.003612903249 0.07481125213 0)
(-0.006913929293 0.09873615735 0)
(-0.0110310075 0.1195863144 0)
(-0.01583721944 0.1375626039 0)
(-0.02121265651 0.1528793667 0)
(-0.0270458365 0.1657565977 0)
(-0.03323630425 0.1764129514 0)
(-0.03969545564 0.1850597405 0)
(-0.04634671498 0.1918960591 0)
(-0.05312531704 0.1971050809 0)
(-0.05997774449 0.200851505 0)
(-0.06686091397 0.2032800626 0)
(-0.07374120206 0.2045149527 0)
(-0.08059338495 0.2046600543 0)
(-0.08739954902 0.2037997482 0)
(-0.09414801382 0.2020001919 0)
(-0.1008322953 0.1993108983 0)
(-0.1074501255 0.1957664937 0)
(-0.1140025362 0.1913885501 0)
(-0.1204930068 0.1861874137 0)
(-0.1269266715 0.180163974 0)
(-0.1333095791 0.173311339 0)
(-0.1396479928 0.1656164002 0)
(-0.1459477176 0.1570612876 0)
(-0.1522134421 0.1476247251 0)
(-0.1584480773 0.137283307 0)
(-0.1646520758 0.1260127243 0)
(-0.1708227146 0.1137889735 0)
(-0.1769533212 0.1005895877 0)
(-0.1830324261 0.08639493582 0)
(-0.1890428218 0.071189639 0)
(-0.1949605183 0.05496416538 0)
(-0.200753584 0.03771667074 0)
(-0.2063808241 0.01945515056 0)
(-0.2117902809 0.0001999698851 0)
(-0.2169180789 -0.02001291546 0)
(-0.2216867804 -0.041128554 0)
(-0.2260035338 -0.06306878332 0)
(-0.2297590552 -0.0857269239 0)
(-0.2328265843 -0.1089620747 0)
(-0.2350614823 -0.1325926658 0)
(-0.2363018195 -0.1563895328 0)
(-0.2363703427 -0.1800688994 0)
(-0.2350783303 -0.203285888 0)
(-0.2322318742 -0.2256294736 0)
(-0.2276410981 -0.2466201167 0)
(-0.2211326766 -0.265711612 0)
(-0.2125657208 -0.2822988743 0)
(-0.201850623 -0.2957333567 0)
(-0.1889697996 -0.3053474121 0)
(-0.1739985118 -0.3104880728 0)
(-0.1571232058 -0.310559393 0)
(-0.1386543037 -0.3050707621 0)
(-0.1190303246 -0.2936867169 0)
(-0.09881081479 -0.2762721659 0)
(-0.07865696907 -0.2529260889 0)
(-0.05930099871 -0.2239971534 0)
(-0.04150663715 -0.1900765208 0)
(-0.02602159272 -0.1519659945 0)
(-0.01354071413 -0.1106226025 0)
(-0.004787309996 -0.06708740793 0)
(-0.0002873134834 -0.02242583545 0)
(-7.84547505e-05 0.01768528936 0)
(-0.001259637227 0.04941253402 0)
(-0.00353294081 0.07760149935 0)
(-0.006764235484 0.1024023169 0)
(-0.01079177197 0.1239970159 0)
(-0.01548686846 0.1425923133 0)
(-0.02072724989 0.1584109513 0)
(-0.02639904503 0.1716832427 0)
(-0.03239973588 0.1826393937 0)
(-0.03863920984 0.1915028689 0)
(-0.04504005361 0.1984849703 0)
(-0.05153736733 0.203780703 0)
(-0.05807817878 0.2075659007 0)
(-0.06462057436 0.2099955151 0)
(-0.07113265514 0.2112029228 0)
(-0.07759140388 0.2113000777 0)
(-0.08398152816 0.2103783273 0)
(-0.09029432546 0.2085097164 0)
(-0.09652660017 0.2057486197 0)
(-0.1026796493 0.2021335641 0)
(-0.1087583239 0.1976891297 0)
(-0.1147701647 0.192427845 0)
(-0.1207246083 0.1863520152 0)
(-0.1266322513 0.1794554465 0)
(-0.1325041626 0.1717250486 0)
(-0.1383512288 0.1631423119 0)
(-0.144183516 0.1536846694 0)
(-0.1500096318 0.1433267631 0)
(-0.1558360688 0.1320416408 0)
(-0.161666508 0.1198019162 0)
(-0.1675010639 0.1065809317 0)
(-0.1733354462 0.09235396804 0)
(-0.1791600179 0.07709955268 0)
(-0.1849587298 0.06080092846 0)
(-0.1907079176 0.0434477556 0)
(-0.1963749136 0.02503812777 0)
(-0.2019163786 0.005580978248 0)
(-0.2072769166 -0.01490094685 0)
(-0.2123872592 -0.03636731255 0)
(-0.2171620125 -0.05875646952 0)
(-0.221497956 -0.08197968974 0)
(-0.2252724524 -0.1059150905 0)
(-0.2283421316 -0.1304004845 0)
(-0.2305424326 -0.1552253467 0)
(-0.2316883821 -0.1801221931 0)
(-0.2315771803 -0.204757911 0)
(-0.2299932657 -0.2287259228 0)
(-0.2267165689 -0.2515404792 0)
(-0.2215345892 -0.2726348107 0)
(-0.2142586911 -0.2913652457 0)
(-0.2047445467 -0.3070235744 0)
(-0.1929159289 -0.3188597475 0)
(-0.1787901268 -0.3261162478 0)
(-0.1625022208 -0.3280740542 0)
(-0.1443245848 -0.3241080451 0)
(-0.1246775559 -0.3137472039 0)
(-0.1041275754 -0.2967325791 0)
(-0.08337050792 -0.2730642949 0)
(-0.06320038956 -0.2430287011 0)
(-0.04446574662 -0.2071984837 0)
(-0.02801449019 -0.1664019186 0)
(-0.01464878427 -0.1216613405 0)
(-0.005208906038 -0.07410914425 0)
(-0.0003193680962 -0.02491170825 0)
(-7.622966736e-05 0.01830719973 0)
(-0.001233315807 0.0511549995 0)
(-0.003463276052 0.08033409202 0)
(-0.006631983904 0.105990913 0)
(-0.01057611207 0.1283084438 0)
(-0.01516354769 0.1474983406 0)
(-0.02026824401 0.1637915398 0)
(-0.02577286755 0.1774289521 0)
(-0.0315721174 0.1886529217 0)
(-0.03757398285 0.1976998106 0)
(-0.04370010685 0.2047939273 0)
(-0.04988557407 0.2101428865 0)
(-0.05607824208 0.2139343712 0)
(-0.06223776151 0.2163341835 0)
(-0.06833441428 0.217485417 0)
(-0.07434786944 0.2175085555 0)
(-0.08026592936 0.2165022935 0)
(-0.08608331614 0.2145448843 0)
(-0.09180052881 0.2116958401 0)
(-0.09742278744 0.2079978334 0)
(-0.102959069 0.2034786803 0)
(-0.1084212325 0.1981533127 0)
(-0.1138232247 0.1920256761 0)
(-0.1191803555 0.1850905112 0)
(-0.1245086279 0.177335 0)
(-0.1298241078 0.16874027 0)
(-0.1351423147 0.1592827667 0)
(-0.1404776162 0.1489355112 0)
(-0.1458426053 0.1376692684 0)
(-0.151247439 0.1254536572 0)
(-0.1566991165 0.1122582396 0)
(-0.162200671 0.09805363453 0)
(-0.1677502502 0.08281270512 0)
(-0.17334006 0.06651188263 0)
(-0.1789551522 0.04913270198 0)
(-0.1845720096 0.03066363894 0)
(-0.1901568143 0.01110232897 0)
(-0.1956637867 -0.009541709972 0)
(-0.2010333108 -0.03124321678 0)
(-0.2061894337 -0.0539578095 0)
(-0.2110374133 -0.07761611799 0)
(-0.215461697 -0.1021174557 0)
(-0.2193236959 -0.1273221722 0)
(-0.2224602353 -0.1530427104 0)
(-0.2246830176 -0.1790335433 0)
(-0.225779701 -0.2049803955 0)
(-0.2255173711 -0.2304895301 0)
(-0.2236493039 -0.2550783706 0)
(-0.2199259428 -0.2781693045 0)
(-0.2141108719 -0.2990891011 0)
(-0.2060021565 -0.3170768265 0)
(-0.1954586864 -0.3313032236 0)
(-0.1824300686 -0.3409039998 0)
(-0.1669872883 -0.3450280736 0)
(-0.1493500269 -0.3428994889 0)
(-0.1299055968 -0.3338885736 0)
(-0.1092143734 -0.3175845299 0)
(-0.08799786221 -0.2938588502 0)
(-0.06710836813 -0.2629077928 0)
(-0.04748176011 -0.2252634724 0)
(-0.03007431758 -0.1817668576 0)
(-0.0158079149 -0.133500961 0)
(-0.005655295502 -0.08169269082 0)
(-0.0003544060084 -0.02761703844 0)
(-7.451428654e-05 0.01891690636 0)
(-0.001213790145 0.05286646033 0)
(-0.003411127563 0.08301810111 0)
(-0.006530044326 0.1095112932 0)
(-0.01040301559 0.1325282127 0)
(-0.01489227668 0.1522848034 0)
(-0.01986618778 0.1690203502 0)
(-0.02520260451 0.1829870468 0)
(-0.03079257818 0.1944403569 0)
(-0.0365417741 0.2036306364 0)
(-0.0423708313 0.2107962851 0)
(-0.04821504071 0.216158523 0)
(-0.05402351069 0.219917747 0)
(-0.05975800228 0.2222513302 0)
(-0.06539158778 0.2233126652 0)
(-0.07090724673 0.223231224 0)
(-0.07629647946 0.2221134055 0)
(-0.08155799007 0.2200439499 0)
(-0.0866964686 0.2170877291 0)
(-0.09172148547 0.2132917475 0)
(-0.09664649944 0.2086872239 0)
(-0.1014879727 0.2032916568 0)
(-0.1062645816 0.1971108025 0)
(-0.1109965073 0.1901405238 0)
(-0.1157047914 0.1823684869 0)
(-0.1204107372 0.1737756989 0)
(-0.1251353372 0.1643378954 0)
(-0.1298987097 0.154026792 0)
(-0.1347195197 0.1428112267 0)
(-0.1396143646 0.1306582198 0)
(-0.1445971003 0.1175339903 0)
(-0.14967808 0.1034049685 0)
(-0.1548632805 0.08823885622 0)
(-0.1601532838 0.07200579377 0)
(-0.165542089 0.05467970928 0)
(-0.1710157157 0.03623994289 0)
(-0.1765504863 0.01667323182 0)
(-0.1821111019 -0.004023834315 0)
(-0.1876488228 -0.02584115924 0)
(-0.1930988024 -0.04875186394 0)
(-0.1983769763 -0.07270681468 0)
(-0.2033776645 -0.09762810034 0)
(-0.2079705261 -0.1234011504 0)
(-0.2119979275 -0.1498651497 0)
(-0.2152730304 -0.1768017911 0)
(-0.2175791921 -0.2039225926 0)
(-0.2186715191 -0.2308553786 0)
(-0.2182816274 -0.2571310681 0)
(-0.2161268148 -0.282172616 0)
(-0.2119248432 -0.305288764 0)
(-0.2054152507 -0.3256760295 0)
(-0.1963874259 -0.3424328423 0)
(-0.18471451 -0.3545895853 0)
(-0.1703905764 -0.36115712 0)
(-0.1535667009 -0.3611939069 0)
(-0.134579935 -0.3538880751 0)
(-0.1139684469 -0.3386462619 0)
(-0.092466948 -0.3151767418 0)
(-0.0709794806 -0.2835517454 0)
(-0.05052982545 -0.244234292 0)
(-0.03219011027 -0.198058724 0)
(-0.01701488123 -0.1461603212 0)
(-0.006126358608 -0.08986196459 0)
(-0.0003926370865 -0.0305548896 0)
(-7.356384992e-05 0.01951857881 0)
(-0.001204387721 0.05455755998 0)
(-0.003385135373 0.08566810886 0)
(-0.006473733058 0.1129791629 0)
(-0.01029493442 0.1366704687 0)
(-0.01470243142 0.1569619929 0)
(-0.01955668237 0.1741020437 0)
(-0.02472907828 0.188355343 0)
(-0.0301060174 0.1999919832 0)
(-0.03559040671 0.2092778647 0)
(-0.04110190832 0.2164669249 0)
(-0.04657639016 0.221795248 0)
(-0.05196481464 0.225476984 0)
(-0.05723179271 0.227701895 0)
(-0.06235398475 0.2286342899 0)
(-0.06731847755 0.2284130771 0)
(-0.07212122302 0.2271526734 0)
(-0.07676559021 0.2249445198 0)
(-0.08126105629 0.2218589938 0)
(-0.08562204396 0.2179475357 0)
(-0.0898669005 0.213244853 0)
(-0.09401700619 0.2077710952 0)
(-0.09809599526 0.2015339269 0)
(-0.1021290705 0.1945304549 0)
(-0.1061423915 0.1867489831 0)
(-0.1101625162 0.1781705907 0)
(-0.1142158751 0.168770539 0)
(-0.118328257 0.1585195218 0)
(-0.1225242852 0.1473847841 0)
(-0.1268268601 0.135331136 0)
(-0.1312565461 0.122321896 0)
(-0.1358308743 0.108319805 0)
(-0.140563533 0.09328795634 0)
(-0.1454634141 0.07719080091 0)
(-0.1505334824 0.05999529854 0)
(-0.155769436 0.04167230758 0)
(-0.161158053 0.02219831031 0)
(-0.1666751107 0.001557582706 0)
(-0.172283683 -0.02025472017 0)
(-0.1779312581 -0.04322890819 0)
(-0.1835463798 -0.06733638543 0)
(-0.1890357148 -0.09252291818 0)
(-0.1942804293 -0.1187008116 0)
(-0.1991325268 -0.1457390041 0)
(-0.2034115814 -0.1734509858 0)
(-0.206902377 -0.2015805502 0)
(-0.2093543021 -0.2297857216 0)
(-0.2104836575 -0.2576217607 0)
(-0.2099803196 -0.2845249456 0)
(-0.2075203803 -0.3097998492 0)
(-0.2027862942 -0.3326139562 0)
(-0.1954955331 -0.3520044441 0)
(-0.1854376007 -0.3669023492 0)
(-0.172517425 -0.3761786276 0)
(-0.156800792 -0.3787142592 0)
(-0.1385550571 -0.3734923052 0)
(-0.1182766842 -0.3597040491 0)
(-0.09669724593 -0.3368551546 0)
(-0.07476233153 -0.3048530354 0)
(-0.05358155765 -0.2640554583 0)
(-0.03434922834 -0.2152638885 0)
(-0.01826591112 -0.1596524667 0)
(-0.006621916241 -0.09863901269 0)
(-0.0004342936793 -0.03373835157 0)
(-7.36920995e-05 0.02011822361 0)
(-0.001209134648 0.05624361257 0)
(-0.003395678207 0.08830523727 0)
(-0.006481310369 0.1164176782 0)
(-0.01027841268 0.1407568909 0)
(-0.01462842813 0.1615471806 0)
(-0.01938103748 0.1790472864 0)
(-0.02439918493 0.193536459 0)
(-0.02956348884 0.2053016209 0)
(-0.03477370091 0.2146263456 0)
(-0.03994867974 0.2217819982 0)
(-0.04502545214 0.2270210988 0)
(-0.04995767814 0.230572783 0)
(-0.05471380105 0.2326401171 0)
(-0.05927509499 0.2333989647 0)
(-0.0636337529 0.232998085 0)
(-0.06779110288 0.2315601557 0)
(-0.071756 0.2291834396 0)
(-0.0755434108 0.2259438604 0)
(-0.07917318871 0.2218972915 0)
(-0.08266902609 0.2170819089 0)
(-0.08605756225 0.2115204977 0)
(-0.08936762385 0.2052226368 0)
(-0.09262957289 0.198186715 0)
(-0.09587473855 0.190401754 0)
(-0.09913490917 0.1818490326 0)
(-0.1024418622 0.1725035178 0)
(-0.1058269098 0.1623351188 0)
(-0.1093204385 0.1513097859 0)
(-0.1129514201 0.1393904813 0)
(-0.1167468703 0.1265380553 0)
(-0.1207312282 0.1127120632 0)
(-0.1249256293 0.09787156928 0)
(-0.1293470379 0.08197599061 0)
(-0.1340072047 0.06498604739 0)
(-0.1389114152 0.04686490726 0)
(-0.1440569373 0.02757962899 0)
(-0.1494309699 0.00710300887 0)
(-0.1550088792 -0.01458393277 0)
(-0.160751417 -0.03748815612 0)
(-0.1666012557 -0.06160123429 0)
(-0.1724794784 -0.08689278378 0)
(-0.1782816555 -0.1133029359 0)
(-0.1838732675 -0.1407324615 0)
(-0.1890851823 -0.1690302791 0)
(-0.193709556 -0.1979781047 0)
(-0.1974969441 -0.2272722653 0)
(-0.2001558122 -0.2565032207 0)
(-0.2013560542 -0.2851341748 0)
(-0.2007385144 -0.3124813427 0)
(-0.19793268 -0.3376999206 0)
(-0.1925844444 -0.3597813457 0)
(-0.1843948569 -0.3775685819 0)
(-0.1731688594 -0.3897962043 0)
(-0.1588701838 -0.3951601747 0)
(-0.1416752425 -0.3924177643 0)
(-0.1220158952 -0.3805110962 0)
(-0.1005998476 -0.3586993245 0)
(-0.07839962822 -0.3266768305 0)
(-0.05660517482 -0.2846510298 0)
(-0.03653755762 -0.233355676 0)
(-0.01955686619 -0.1739838474 0)
(-0.00714182629 -0.1080437638 0)
(-0.0004796423213 -0.03718054518 0)
(-7.529002864e-05 0.02072408003 0)
(-0.001232941043 0.05794555237 0)
(-0.003455293482 0.09095838068 0)
(-0.006574623066 0.1198587073 0)
(-0.01038487486 0.1448177878 0)
(-0.01471054911 0.1660654287 0)
(-0.01938702234 0.183873221 0)
(-0.02426647087 0.198537954 0)
(-0.02922252699 0.2103664752 0)
(-0.03415149981 0.219662882 0)
(-0.03897184825 0.2267183918 0)
(-0.04362263345 0.2318038895 0)
(-0.0480613695 0.2351649354 0)
(-0.05226161646 0.2370188994 0)
(-0.05621056002 0.2375538331 0)
(-0.05990673063 0.2369286932 0)
(-0.06335794663 0.2352745538 0)
(-0.06657951723 0.2326964909 0)
(-0.06959270867 0.2292758776 0)
(-0.072423457 0.2250728787 0)
(-0.07510129991 0.2201289867 0)
(-0.07765849556 0.2144694851 0)
(-0.08012929537 0.2081057614 0)
(-0.08254933929 0.2010374253 0)
(-0.08495514421 0.1932542078 0)
(-0.08738365906 0.1847376373 0)
(-0.08987186156 0.1754624993 0)
(-0.09245637406 0.165398098 0)
(-0.09517307662 0.154509339 0)
(-0.09805669518 0.142757662 0)
(-0.101140342 0.130101854 0)
(-0.1044549839 0.1164987767 0)
(-0.1080288111 0.1019040506 0)
(-0.1118864739 0.08627274312 0)
(-0.1160481524 0.06956012358 0)
(-0.1205284219 0.05172256225 0)
(-0.125334839 0.03271867863 0)
(-0.1304660453 0.01251083122 0)
(-0.1359098517 -0.008932911975 0)
(-0.1416408383 -0.03163524696 0)
(-0.1476168403 -0.05560696565 0)
(-0.1537749711 -0.08084098765 0)
(-0.1600276174 -0.1073053275 0)
(-0.1662571374 -0.1349336169 0)
(-0.1723102628 -0.1636126724 0)
(-0.1779923904 -0.1931666109 0)
(-0.1830624247 -0.2233371649 0)
(-0.1872292972 -0.2537602849 0)
(-0.1901518356 -0.2839399122 0)
(-0.1914442564 -0.3132210837 0)
(-0.1906900403 -0.3407663065 0)
(-0.1874670645 -0.3655412729 0)
(-0.1813862157 -0.3863180367 0)
(-0.1721439269 -0.4017048988 0)
(-0.1595859313 -0.4102113247 0)
(-0.1437752557 -0.4103520749 0)
(-0.1250529879 -0.4007868118 0)
(-0.1040774394 -0.3804804931 0)
(-0.0818282255 -0.3488584548 0)
(-0.05956570121 -0.3059223458 0)
(-0.03873981443 -0.2522928379 0)
(-0.02088351632 -0.1891536004 0)
(-0.007686129883 -0.1180938883 0)
(-0.0005290016833 -0.04089468986 0)
(-7.885269194e-05 0.02134712665 0)
(-0.001281853031 0.05969111819 0)
(-0.003579233433 0.09366569666 0)
(-0.006779932171 0.1233442914 0)
(-0.01065160676 0.1488932819 0)
(-0.01499592392 0.1705503598 0)
(-0.01962969539 0.1886037785 0)
(-0.02439168424 0.2033722088 0)
(-0.02914732951 0.2151866588 0)
(-0.03378943032 0.2243754871 0)
(-0.03823679727 0.2312528161 0)
(-0.04243180289 0.2361102185 0)
(-0.04633737459 0.2392113209 0)
(-0.04993384415 0.2407888516 0)
(-0.05321592655 0.2410436356 0)
(-0.05618998308 0.240145057 0)
(-0.05887164032 0.2382325657 0)
(-0.06128378022 0.235417868 0)
(-0.0634548826 0.2317875109 0)
(-0.06541768206 0.2274056374 0)
(-0.06720809375 0.2223167445 0)
(-0.06886436044 0.2165483307 0)
(-0.07042637665 0.210113357 0)
(-0.07193514923 0.2030124783 0)
(-0.07343235954 0.195236026 0)
(-0.07495999652 0.1867657407 0)
(-0.07656003369 0.177576264 0)
(-0.07827412642 0.1676364084 0)
(-0.08014330853 0.1569102289 0)
(-0.08220766693 0.1453579212 0)
(-0.08450597285 0.1329365775 0)
(-0.08707524772 0.119600832 0)
(-0.08995023852 0.1053034345 0)
(-0.09316277285 0.08999579414 0)
(-0.09674095842 0.07362854918 0)
(-0.1007081901 0.05615223108 0)
(-0.1050819059 0.03751811799 0)
(-0.1098719173 0.01767936438 0)
(-0.1150783601 -0.003407495009 0)
(-0.1206898242 -0.02577962881 0)
(-0.1266798564 -0.04946553858 0)
(-0.13300272 -0.07448024207 0)
(-0.1395894534 -0.1008188094 0)
(-0.1463421085 -0.1284476568 0)
(-0.1531273173 -0.1572926609 0)
(-0.1597692121 -0.1872233735 0)
(-0.1660421606 -0.2180326023 0)
(-0.1716642849 -0.2494109104 0)
(-0.1762933737 -0.2809162579 0)
(-0.1795275907 -0.311940268 0)
(-0.1809142122 -0.3416745578 0)
(-0.1799702156 -0.3690832561 0)
(-0.176218431 -0.3928908685 0)
(-0.1692415848 -0.411597192 0)
(-0.1587533859 -0.4235315921 0)
(-0.1446807282 -0.4269558366 0)
(-0.1272448628 -0.4202164191 0)
(-0.1070240753 -0.4019338919 0)
(-0.08497907489 -0.3712006994 0)
(-0.06242519895 -0.3277455961 0)
(-0.04093995983 -0.2720179751 0)
(-0.02224193089 -0.2051529286 0)
(-0.008255264968 -0.1288048163 0)
(-0.0005827696108 -0.04489426485 0)
(-8.501768678e-05 0.02200173987 0)
(-0.001363396089 0.06151634813 0)
(-0.003786200766 0.09647642138 0)
(-0.007128973072 0.1269283312 0)
(-0.01112296036 0.1530345597 0)
(-0.0155396628 0.175044815 0)
(-0.02017226389 0.1932697197 0)
(-0.02484320195 0.2080559173 0)
(-0.02940864787 0.219764249 0)
(-0.03375820653 0.2287521425 0)
(-0.03781230025 0.2353603933 0)
(-0.04151843102 0.2399039976 0)
(-0.04484701122 0.2426664635 0)
(-0.04778724788 0.243896935 0)
(-0.05034337223 0.2438094813 0)
(-0.05253135752 0.2425839603 0)
(-0.05437616841 0.2403679584 0)
(-0.0559095239 0.237279399 0)
(-0.05716812182 0.2334095037 0)
(-0.058192258 0.2288258702 0)
(-0.05902476978 0.223575498 0)
(-0.05971023768 0.2176876496 0)
(-0.06029438647 0.2111764771 0)
(-0.06082363502 0.2040433778 0)
(-0.06134475314 0.1962790658 0)
(-0.06190459137 0.1878653629 0)
(-0.06254985322 0.1787767226 0)
(-0.06332688656 0.1689815104 0)
(-0.0642814744 0.1584430648 0)
(-0.06545860507 0.1471205645 0)
(-0.06690220195 0.1349697322 0)
(-0.06865479425 0.1219434069 0)
(-0.07075710677 0.1079920166 0)
(-0.07324754244 0.09306399264 0)
(-0.07616152476 0.07710616939 0)
(-0.07953066381 0.06006423071 0)
(-0.08338170204 0.041883283 0)
(-0.087735097 0.02250864472 0)
(-0.09260299107 0.001886934947 0)
(-0.0979877995 -0.02003198384 0)
(-0.1038788253 -0.04329233427 0)
(-0.1102481566 -0.06792943148 0)
(-0.1170466802 -0.09396375172 0)
(-0.1241982679 -0.1213933315 0)
(-0.1315927767 -0.1501828987 0)
(-0.1390779206 -0.1802488398 0)
(-0.1464502058 -0.2114389099 0)
(-0.1534456424 -0.2435056611 0)
(-0.1597316396 -0.276073032 0)
(-0.1649024278 -0.3085966336 0)
(-0.1684815095 -0.3403202481 0)
(-0.1699357701 -0.3702341297 0)
(-0.1687064891 -0.3970447131 0)
(-0.1642618431 -0.4191695372 0)
(-0.1561727002 -0.4347739538 0)
(-0.1442079658 -0.4418650777 0)
(-0.1284377775 -0.4384508399 0)
(-0.109324523 -0.4227566419 0)
(-0.08777692623 -0.3934708263 0)
(-0.0651429566 -0.3499690909 0)
(-0.04312171938 -0.2924558474 0)
(-0.02362901515 -0.22196459 0)
(-0.008850371477 -0.1401899772 0)
(-0.0006414635377 -0.04919330617 0)
(-9.462075472e-05 0.02270656102 0)
(-0.001487044323 0.06346748306 0)
(-0.004099320431 0.09945308741 0)
(-0.00766030247 0.1306785166 0)
(-0.01185180457 0.1573051295 0)
(-0.0164061075 0.1796012781 0)
(-0.02108686796 0.1979082395 0)
(-0.02569715251 0.2126089969 0)
(-0.03008313635 0.2241016862 0)
(-0.03413216561 0.2327788743 0)
(-0.03776826023 0.2390125824 0)
(-0.04094658786 0.2431443635 0)
(-0.04364775984 0.2454795318 0)
(-0.04587249573 0.2462846166 0)
(-0.04763694679 0.2457871929 0)
(-0.04896878523 0.2441773648 0)
(-0.04990405278 0.2416103176 0)
(-0.05048469906 0.2382094833 0)
(-0.05075671108 0.234069981 0)
(-0.05076872778 0.2292620903 0)
(-0.05057103868 0.2238345917 0)
(-0.05021487679 0.2178178711 0)
(-0.04975193091 0.2112267286 0)
(-0.04923401463 0.204062865 0)
(-0.0487128437 0.1963170448 0)
(-0.04823988425 0.1879709442 0)
(-0.047866238 0.178998703 0)
(-0.04764254096 0.1693682147 0)
(-0.04761886 0.1590421768 0)
(-0.04784456757 0.147978927 0)
(-0.04836817669 0.1361331002 0)
(-0.04923712207 0.1234561338 0)
(-0.0504974696 0.1098966529 0)
(-0.05219353175 0.09540076863 0)
(-0.0543673604 0.07991232803 0)
(-0.05705808335 0.06337316466 0)
(-0.06030104748 0.04572341552 0)
(-0.06412665695 0.0269019892 0)
(-0.0685585875 0.006847254717 0)
(-0.07361246027 -0.01450186025 0)
(-0.07929310892 -0.03720329571 0)
(-0.08559060909 -0.06131028383 0)
(-0.09247627608 -0.08686632923 0)
(-0.09989718602 -0.1138989192 0)
(-0.1077689045 -0.1424100744 0)
(-0.1159667003 -0.1723626978 0)
(-0.12431511 -0.2036613101 0)
(-0.1325762351 -0.2361255893 0)
(-0.1404378399 -0.2694553091 0)
(-0.14750332 -0.3031860569 0)
(-0.1532870342 -0.3366368869 0)
(-0.157220164 -0.3688542805 0)
(-0.1586737369 -0.3985616127 0)
(-0.1570058668 -0.4241292612 0)
(-0.1516384152 -0.4435859865 0)
(-0.1421628731 -0.4546942539 0)
(-0.1284658576 -0.4551067695 0)
(-0.1108528812 -0.4426054015 0)
(-0.09013955133 -0.4153970348 0)
(-0.06767551208 -0.3724100081 0)
(-0.04526918868 -0.3135114442 0)
(-0.02504322681 -0.2395624978 0)
(-0.009473722706 -0.1522613346 0)
(-0.0007057808191 -0.05380689739 0)
(-0.0001087769181 0.02348565166 0)
(-0.001664865124 0.0656034079 0)
(-0.004547421713 0.1026742308 0)
(-0.008420991384 0.1346784921 0)
(-0.01290122122 0.1617819738 0)
(-0.01767010605 0.1842818648 0)
(-0.02245508704 0.2025618776 0)
(-0.02703692439 0.2170526428 0)
(-0.03125175172 0.2281992429 0)
(-0.03498654698 0.2364369005 0)
(-0.03817192708 0.2421742287 0)
(-0.04077419889 0.245782798 0)
(-0.04278767813 0.2475916434 0)
(-0.04422785586 0.2478854244 0)
(-0.04512566326 0.2469051417 0)
(-0.04552286882 0.2448505266 0)
(-0.04546852081 0.2418834301 0)
(-0.04501629034 0.2381317123 0)
(-0.04422255294 0.2336932786 0)
(-0.04314505236 0.2286400262 0)
(-0.04184200799 0.2230215478 0)
(-0.04037154847 0.2168685051 0)
(-0.0387913788 0.2101956323 0)
(-0.03715860517 0.2030043542 0)
(-0.03552966276 0.1952850387 0)
(-0.03396030844 0.1870188969 0)
(-0.03250563775 0.1781795529 0)
(-0.03122010459 0.1687343385 0)
(-0.03015753597 0.158645332 0)
(-0.0293711208 0.1478701607 0)
(-0.02891335518 0.1363626117 0)
(-0.02883593762 0.1240730787 0)
(-0.0291896013 0.1109488698 0)
(-0.03002386432 0.09693440551 0)
(-0.03138667532 0.08197133887 0)
(-0.03332392469 0.06599863666 0)
(-0.03587878866 0.04895267088 0)
(-0.03909082485 0.0307673915 0)
(-0.04299453019 0.01137463143 0)
(-0.04761797769 -0.009295421115 0)
(-0.05298097739 -0.03131219693 0)
(-0.05909126698 -0.05474409846 0)
(-0.06594062009 -0.07965470142 0)
(-0.07349996288 -0.1060979101 0)
(-0.08171215145 -0.1341102438 0)
(-0.09048295157 -0.1636991159 0)
(-0.09966975179 -0.1948254565 0)
(-0.1090680134 -0.227378604 0)
(-0.1183960752 -0.2611412267 0)
(-0.1272798947 -0.2957423919 0)
(-0.1352408723 -0.3305981841 0)
(-0.1416920661 -0.3648423246 0)
(-0.1459504628 -0.397254502 0)
(-0.1472747596 -0.4262016429 0)
(-0.1449378277 -0.4496159278 0)
(-0.1383386402 -0.4650397779 0)
(-0.1271483505 -0.4697668691 0)
(-0.1114700545 -0.4610935543 0)
(-0.09197614458 -0.4366640576 0)
(-0.06997630712 -0.3948502765 0)
(-0.04736747499 -0.3350675942 0)
(-0.02648551556 -0.2579113954 0)
(-0.01012933363 -0.1650303115 0)
(-0.000776689354 -0.05875193621 0)
(-0.0001290005685 0.02437004976 0)
(-0.001912411599 0.06799879824 0)
(-0.005166728608 0.106237677 0)
(-0.009468722463 0.139030198 0)
(-0.01434639804 0.1665563864 0)
(-0.01941811362 0.189157554 0)
(-0.02436780637 0.2072763536 0)
(-0.0289515409 0.2214061289 0)
(-0.03299654959 0.2320511899 0)
(-0.03639275372 0.239698523 0)
(-0.03908175175 0.2447994643 0)
(-0.04104566361 0.247759237 0)
(-0.04229696901 0.2489323041 0)
(-0.04286989241 0.2486217779 0)
(-0.04281348263 0.2470814836 0)
(-0.04218629399 0.2445196213 0)
(-0.04105245942 0.2411032639 0)
(-0.03947890616 0.2369631607 0)
(-0.03753346918 0.2321984979 0)
(-0.03528368385 0.2268813957 0)
(-0.0327960759 0.2210610194 0)
(-0.03013579878 0.2147672396 0)
(-0.02736651007 0.2080138365 0)
(-0.02455039368 0.2008012415 0)
(-0.0217482728 0.1931188711 0)
(-0.01901977616 0.1849470707 0)
(-0.01642350686 0.1762586865 0)
(-0.01401719786 0.1670203504 0)
(-0.01185785562 0.1571934917 0)
(-0.0100018719 0.146735112 0)
(-0.008505083568 0.1355983548 0)
(-0.007422783902 0.123732896 0)
(-0.006809678672 0.1110851815 0)
(-0.006719770351 0.09759853984 0)
(-0.007206154301 0.08321319264 0)
(-0.008320702866 0.06786619302 0)
(-0.01011360884 0.05149132598 0)
(-0.01263273455 0.03401902232 0)
(-0.01592254377 0.01537632273 0)
(-0.02002269509 -0.004513138783 0)
(-0.02496714476 -0.0257278873 0)
(-0.03078058332 -0.04834846653 0)
(-0.03747478526 -0.07245513874 0)
(-0.04504448664 -0.09812452915 0)
(-0.05346051554 -0.1254238263 0)
(-0.06266096507 -0.1544013945 0)
(-0.07253962254 -0.1850720566 0)
(-0.08293126472 -0.2173945541 0)
(-0.09359394126 -0.2512381878 0)
(-0.1041891174 -0.2863355297 0)
(-0.1142621549 -0.3222186111 0)
(-0.1232280788 -0.3581384597 0)
(-0.1303707381 -0.3929730098 0)
(-0.13486679 -0.4251370228 0)
(-0.1358478377 -0.4525192753 0)
(-0.1325118022 -0.4724841314 0)
(-0.1242851191 -0.4819800554 0)
(-0.1110195171 -0.4777877104 0)
(-0.09318438691 -0.4569074452 0)
(-0.07199464051 -0.4170310763 0)
(-0.04940327016 -0.3569817426 0)
(-0.02796053585 -0.2769665057 0)
(-0.01082382198 -0.178509216 0)
(-0.0008555652701 -0.06404829466 0)
(-0.000157386615 0.02539988999 0)
(-0.002249971824 0.07074819066 0)
(-0.006003088259 0.1102644803 0)
(-0.01087433517 0.1438562339 0)
(-0.01627657768 0.1717341227 0)
(-0.02174873948 0.1943061447 0)
(-0.02692381605 0.2120967458 0)
(-0.03153205034 0.2256817876 0)
(-0.035394844 0.2356401496 0)
(-0.03841042588 0.2425213313 0)
(-0.04053761268 0.2468261133 0)
(-0.04178051337 0.2489969024 0)
(-0.04217534854 0.2494147891 0)
(-0.0417798003 0.2484009593 0)
(-0.04066483982 0.2462207094 0)
(-0.03890873571 0.24308883 0)
(-0.03659285729 0.2391755278 0)
(-0.03379888416 0.2346123543 0)
(-0.03060707279 0.2294978173 0)
(-0.027095289 0.2239025015 0)
(-0.02333857696 0.2178736186 0)
(-0.0194090763 0.2114389598 0)
(-0.01537617431 0.2046103012 0)
(-0.01130676898 0.1973862498 0)
(-0.007265611594 0.1897546192 0)
(-0.003315663211 0.1816943954 0)
(0.0004815537705 0.1731773149 0)
(0.004065620698 0.1641691135 0)
(0.007376977962 0.1546305193 0)
(0.01035669666 0.1445179881 0)
(0.01294628008 0.1337842117 0)
(0.01508753153 0.1223784568 0)
(0.01672247853 0.1102467428 0)
(0.01779335957 0.09733188211 0)
(0.0182426833 0.0835734006 0)
(0.01801337839 0.06890735992 0)
(0.01704905754 0.0532661013 0)
(0.01529442882 0.0365779436 0)
(0.01269600386 0.01876686153 0)
(0.009203436415 -0.0002478966321 0)
(0.00476976619 -0.02055155424 0)
(-0.0006456496276 -0.0422336902 0)
(-0.007073787158 -0.06538775224 0)
(-0.01453257597 -0.09010887447 0)
(-0.02302063079 -0.1164901932 0)
(-0.03250905834 -0.1446160938 0)
(-0.04293021804 -0.1745507454 0)
(-0.05416259332 -0.2063192663 0)
(-0.06601150526 -0.2398776917 0)
(-0.07818566733 -0.2750678171 0)
(-0.09027110545 -0.3115522499 0)
(-0.1017064559 -0.3487263619 0)
(-0.1117674069 -0.3856084082 0)
(-0.1195728757 -0.4207178608 0)
(-0.1241300072 -0.4519660059 0)
(-0.1244362539 -0.4766007452 0)
(-0.1196497634 -0.4912619875 0)
(-0.1093205982 -0.4922033244 0)
(-0.09364540789 -0.4757059706 0)
(-0.07367337444 -0.438645205 0)
(-0.05136514675 -0.3790812874 0)
(-0.02947818508 -0.2966729407 0)
(-0.01156763744 -0.1927133004 0)
(-0.0009444056903 -0.06972054578 0)
(-0.0001968903534 0.02662733067 0)
(-0.002704343547 0.07397125913 0)
(-0.007114908766 0.1149035444 0)
(-0.01272481702 0.1493019105 0)
(-0.01879674509 0.1774342275 0)
(-0.0247720443 0.1998081268 0)
(-0.03022607848 0.2170611603 0)
(-0.03486455426 0.2298773645 0)
(-0.0385091131 0.2389289406 0)
(-0.04107454288 0.2448401581 0)
(-0.04254553095 0.2481681754 0)
(-0.0429561767 0.249395552 0)
(-0.04237327444 0.2489302577 0)
(-0.04088346246 0.2471101006 0)
(-0.03858384018 0.2442094512 0)
(-0.03557545114 0.2404468793 0)
(-0.03195900443 0.23599285 0)
(-0.02783226839 0.2309769894 0)
(-0.02328866291 0.225494664 0)
(-0.01841667666 0.2196127783 0)
(-0.0132998367 0.2133747833 0)
(-0.00801698898 0.2068049004 0)
(-0.002642805123 0.1999116798 0)
(0.00275166573 0.1926909398 0)
(0.008098299514 0.1851281433 0)
(0.01333146841 0.177200392 0)
(0.01838741728 0.1688779615 0)
(0.02320379806 0.1601255077 0)
(0.02771923263 0.1509030001 0)
(0.03187295215 0.1411664025 0)
(0.03560449893 0.1308681327 0)
(0.03885347932 0.1199573454 0)
(0.04155936902 0.1083800547 0)
(0.04366137494 0.09607911218 0)
(0.04509835774 0.08299405607 0)
(0.04580882599 0.0690608407 0)
(0.04573101916 0.05421145806 0)
(0.04480309967 0.03837346389 0)
(0.0429635508 0.02146942304 0)
(0.04015221969 0.003416241723 0)
(0.03631035543 -0.01587548674 0)
(0.0313824903 -0.03650139995 0)
(0.02531972855 -0.05856437269 0)
(0.01808224782 -0.08217357132 0)
(0.00964457416 -0.1074428784 0)
(2.939692875e-06 -0.1344869221 0)
(-0.01081444575 -0.1634132425 0)
(-0.02273248572 -0.1943076096 0)
(-0.03560937164 -0.2272089096 0)
(-0.04921092483 -0.2620689672 0)
(-0.06317935974 -0.2986900293 0)
(-0.07699894228 -0.3366336363 0)
(-0.08996519538 -0.3750976644 0)
(-0.1011702027 -0.4127657696 0)
(-0.1095235932 -0.4476486287 0)
(-0.1138347867 -0.4769600357 0)
(-0.1129796346 -0.4970960803 0)
(-0.1061582472 -0.5037993528 0)
(-0.09321550455 -0.4925714862 0)
(-0.07494449482 -0.4593262324 0)
(-0.05324317323 -0.4011565038 0)
(-0.03105550422 -0.3169644503 0)
(-0.0123768369 -0.2076635973 0)
(-0.001046164563 -0.07580051751 0)
(-0.0002517723099 0.02812065675 0)
(-0.003311401658 0.0778196589 0)
(-0.008577026912 0.1203368314 0)
(-0.0151266265 0.1555363417 0)
(-0.0220284027 0.1837854712 0)
(-0.02860634381 0.2057392 0)
(-0.03437388044 0.2221906271 0)
(-0.03901766251 0.2339646265 0)
(-0.04237014076 0.2418489979 0)
(-0.04437486455 0.2465560875 0)
(-0.04505410155 0.2487058902 0)
(-0.0444820736 0.2488228218 0)
(-0.04276430743 0.2473404242 0)
(-0.04002259393 0.2446101212 0)
(-0.0363846131 0.2409115665 0)
(-0.03197718973 0.2364631287 0)
(-0.02692223827 0.2314317206 0)
(-0.02133461695 0.2259415945 0)
(-0.01532127515 0.2200819759 0)
(-0.008981231967 0.2139135638 0)
(-0.002406099539 0.2074739555 0)
(0.004319156952 0.2007821051 0)
(0.01111522507 0.1938419805 0)
(0.01790768748 0.1866455623 0)
(0.02462600144 0.1791752306 0)
(0.03120269864 0.1714056668 0)
(0.03757261505 0.1633053406 0)
(0.0436722526 0.1548376304 0)
(0.04943919562 0.1459616804 0)
(0.05481161713 0.1366330211 0)
(0.05972786008 0.126803975 0)
(0.06412607825 0.1164238811 0)
(0.06794393168 0.1054391624 0)
(0.07111833386 0.09379325095 0)
(0.07358524928 0.08142637709 0)
(0.07527954641 0.06827523013 0)
(0.07613491619 0.05427248771 0)
(0.0760838685 0.03934621262 0)
(0.07505786811 0.02341911457 0)
(0.07298799505 0.006407637736 0)
(0.0698049525 -0.01177923697 0)
(0.06543992003 -0.03124032728 0)
(0.05982742681 -0.05208421381 0)
(0.05290728737 -0.07442963798 0)
(0.04462860131 -0.09840578082 0)
(0.03495611547 -0.1241510345 0)
(0.02387942853 -0.1518087151 0)
(0.01142663865 -0.1815172609 0)
(-0.002316775685 -0.2133915783 0)
(-0.01718142129 -0.2474896204 0)
(-0.0328791722 -0.2837553781 0)
(-0.04896105401 -0.3219308232 0)
(-0.06477201802 -0.3614266372 0)
(-0.07941390972 -0.4011486822 0)
(-0.09173636262 -0.4392914838 0)
(-0.1003877163 -0.4731372831 0)
(-0.1039618773 -0.4989357451 0)
(-0.1012678921 -0.5119721562 0)
(-0.09171291677 -0.5069355244 0)
(-0.07572103866 -0.4786329515 0)
(-0.05502707161 -0.422949508 0)
(-0.03271891263 -0.3377607182 0)
(-0.0132756808 -0.2233906636 0)
(-0.001165296007 -0.08233107519 0)
(-0.000328327805 0.02997014114 0)
(-0.004119889389 0.08248588698 0)
(-0.0104857693 0.1267848105 0)
(-0.01820897389 0.1627513626 0)
(-0.02610815426 0.1909186205 0)
(-0.03337031705 0.2121574916 0)
(-0.03944789434 0.2274733973 0)
(-0.04402084257 0.2378726897 0)
(-0.04694952326 0.2442841933 0)
(-0.04822368907 0.2475216933 0)
(-0.04791861499 0.2482728683 0)
(-0.04616111707 0.2471034013 0)
(-0.0431048643 0.2444687196 0)
(-0.03891346503 0.2407287046 0)
(-0.03374958337 0.236162708 0)
(-0.02776847126 0.2309835014 0)
(-0.02111458975 0.2253495645 0)
(-0.01392029876 0.2193755515 0)
(-0.006305843495 0.2131410076 0)
(0.001619861857 0.2066975314 0)
(0.009757934009 0.2000745329 0)
(0.01801830517 0.1932838296 0)
(0.02631827058 0.1863234174 0)
(0.03458113767 0.1791804166 0)
(0.04273497429 0.1718333602 0)
(0.05071151895 0.1642539734 0)
(0.05844521078 0.1564085669 0)
(0.06587235968 0.1482590646 0)
(0.07293042059 0.1397637619 0)
(0.07955737263 0.1308778588 0)
(0.08569118592 0.1215537934 0)
(0.09126935861 0.1117414061 0)
(0.09622851235 0.1013879536 0)
(0.1005040369 0.09043798626 0)
(0.1040297778 0.07883309094 0)
(0.106737765 0.06651150037 0)
(0.1085579877 0.05340755833 0)
(0.1094182193 0.03945102616 0)
(0.109243928 0.02456621074 0)
(0.1079585714 0.008670861156 0)
(0.1054835791 -0.008325344015 0)
(0.1017383232 -0.02652173717 0)
(0.09664245552 -0.0460291261 0)
(0.09011733103 -0.06697140815 0)
(0.08208873189 -0.08948750432 0)
(0.07249196994 -0.1137325571 0)
(0.06127956746 -0.1398772694 0)
(0.04843306793 -0.1681033005 0)
(0.03398064685 -0.1985914241 0)
(0.01802280588 -0.2314962447 0)
(0.0007677410503 -0.2668992755 0)
(-0.01742144129 -0.3047290826 0)
(-0.0359688443 -0.3446323791 0)
(-0.05402689831 -0.3857883439 0)
(-0.07043304515 -0.4266619013 0)
(-0.08371818104 -0.4647234448 0)
(-0.09221451993 -0.4962091433 0)
(-0.09431357168 -0.5160493954 0)
(-0.08889714884 -0.5181320635 0)
(-0.07588292815 -0.4960271211 0)
(-0.05670143321 -0.4441368158 0)
(-0.03450656064 -0.3589617333 0)
(-0.01430047177 -0.2399392747 0)
(-0.001308655829 -0.0893717607 0)
(-0.0004361224224 0.03229660593 0)
(-0.005197132065 0.0882146772 0)
(-0.0129654561 0.1345112501 0)
(-0.02212610551 0.1711560609 0)
(-0.03118162133 0.1989516348 0)
(-0.03916653216 0.2190825029 0)
(-0.04548319123 0.2328410456 0)
(-0.04982803795 0.2414640499 0)
(-0.05211561289 0.2460486484 0)
(-0.05240598785 0.2475216516 0)
(-0.05084713007 0.2466398928 0)
(-0.04763323038 0.2440060027 0)
(-0.04297641429 0.2400901794 0)
(-0.03708875558 0.2352527515 0)
(-0.03017174223 0.2297649617 0)
(-0.02241085404 0.223826945 0)
(-0.01397348726 0.2175827061 0)
(-0.005008960219 0.2111322911 0)
(0.004350307434 0.204541537 0)
(0.01398677786 0.1978497541 0)
(0.02379606567 0.1910755942 0)
(0.03368465657 0.1842218913 0)
(0.04356797601 0.177279282 0)
(0.05336857912 0.1702289911 0)
(0.06301457144 0.1630449768 0)
(0.07243823623 0.1556955511 0)
(0.08157485119 0.148144607 0)
(0.09036168072 0.1403525118 0)
(0.09873711271 0.1322767449 0)
(0.1066399214 0.1238723247 0)
(0.1140086329 0.1150920576 0)
(0.1207809722 0.1058866336 0)
(0.1268933721 0.09620458693 0)
(0.1322805321 0.08599212846 0)
(0.1368750128 0.07519285209 0)
(0.140606862 0.06374730827 0)
(0.1434032682 0.05159242879 0)
(0.1451882414 0.03866077778 0)
(0.1458823349 0.02487959449 0)
(0.1454026206 0.01016956341 0)
(0.1436626154 -0.005556883647 0)
(0.1405715624 -0.02239705488 0)
(0.1360361443 -0.04046074813 0)
(0.129961439 -0.05987285852 0)
(0.1222524094 -0.08077668625 0)
(0.1128176485 -0.1033372804 0)
(0.101575301 -0.1277440562 0)
(0.08846266033 -0.1542111006 0)
(0.07345136094 -0.182972219 0)
(0.05657074287 -0.2142653352 0)
(0.03794246859 -0.2482977778 0)
(0.01782975947 -0.2851792871 0)
(-0.003298626443 -0.3248052907 0)
(-0.02468812613 -0.3666682436 0)
(-0.04522147371 -0.4095838509 0)
(-0.06337376397 -0.4513404414 0)
(-0.07726154552 -0.4883286012 0)
(-0.08485703841 -0.5152856553 0)
(-0.08443719007 -0.5253763762 0)
(-0.0752526587 -0.5108419639 0)
(-0.05823516276 -0.4643016821 0)
(-0.03647009678 -0.38043653 0)
(-0.01550526063 -0.2573738357 0)
(-0.00148703324 -0.09700728586 0)
(-0.0005901484841 0.03526424732 0)
(-0.006637792446 0.09531741265 0)
(-0.01617637347 0.1438253451 0)
(-0.02705635006 0.1809629474 0)
(-0.03738791525 0.2079630594 0)
(-0.04604950761 0.2264613431 0)
(-0.05242193826 0.238132807 0)
(-0.05625762535 0.2445008081 0)
(-0.0575639012 0.2468570512 0)
(-0.0565032887 0.2462480954 0)
(-0.0533205307 0.2434954247 0)
(-0.04829375339 0.2392286558 0)
(-0.04170392839 0.2339209411 0)
(-0.03381732214 0.2279214298 0)
(-0.02487666713 0.2214828275 0)
(-0.01509787302 0.2147837908 0)
(-0.004670074011 0.2079466356 0)
(0.006242471843 0.2010511175 0)
(0.01749736552 0.1941449573 0)
(0.02897135591 0.1872516386 0)
(0.04055696427 0.1803766275 0)
(0.05215964122 0.173511948 0)
(0.06369517886 0.1666395601 0)
(0.07508744948 0.1597339021 0)
(0.08626647376 0.1527637806 0)
(0.09716677954 0.1456937593 0)
(0.1077260172 0.1384851711 0)
(0.1178837958 0.1310968343 0)
(0.1275807006 0.1234855391 0)
(0.1367574589 0.1156063501 0)
(0.1453542256 0.1074127578 0)
(0.1533099583 0.09885669828 0)
(0.1605618611 0.08988845646 0)
(0.1670448769 0.08045645747 0)
(0.172691212 0.07050694307 0)
(0.177429882 0.05998352269 0)
(0.1811862714 0.04882657802 0)
(0.1838816993 0.03697248845 0)
(0.18543299 0.02435263228 0)
(0.1857521885 0.01089209102 0)
(0.1847463892 -0.003492132638 0)
(0.1823165436 -0.01889303145 0)
(0.1783584778 -0.03541646898 0)
(0.1727634435 -0.05318452905 0)
(0.165418465 -0.07233986418 0)
(0.1562087087 -0.09305077053 0)
(0.1450215269 -0.1155165936 0)
(0.131753537 -0.1399724443 0)
(0.1163226723 -0.1666909597 0)
(0.09868798324 -0.1959766123 0)
(0.07888103695 -0.2281446097 0)
(0.05705369735 -0.2634711275 0)
(0.03354656428 -0.3020950568 0)
(0.008980686278 -0.3438437274 0)
(-0.01563674143 -0.3879548575 0)
(-0.03880442211 -0.4326626844 0)
(-0.0585009518 -0.474707914 0)
(-0.07231504662 -0.5088631773 0)
(-0.07786347895 -0.5277411128 0)
(-0.07355424637 -0.5222385718 0)
(-0.05955979556 -0.4828904084 0)
(-0.03867397292 -0.4020014009 0)
(-0.01697027715 -0.2757836259 0)
(-0.001717822014 -0.1053605245 0)
(-0.0008146882605 0.03910035646 0)
(-0.008577382152 0.1041896524 0)
(-0.02032338775 0.1550768947 0)
(-0.03319284148 0.1923586819 0)
(-0.04482541352 0.2179460323 0)
(-0.0539660633 0.2341157739 0)
(-0.06003197645 0.2430434981 0)
(-0.06289460883 0.2465983416 0)
(-0.06270837619 0.2462863712 0)
(-0.05977909207 0.2432708902 0)
(-0.05447595731 0.238423925 0)
(-0.04717790068 0.2323840719 0)
(-0.03824355075 0.2256094962 0)
(-0.02799660132 0.2184221992 0)
(-0.01672065832 0.2110430317 0)
(-0.004659523826 0.2036185269 0)
(0.007979630066 0.1962411292 0)
(0.02102156035 0.1889640956 0)
(0.03431862742 0.1818122036 0)
(0.04774574942 0.174789917 0)
(0.06119619591 0.1678871934 0)
(0.07457783754 0.1610836338 0)
(0.08780993594 0.1543514684 0)
(0.1008204365 0.147657703 0)
(0.1135437103 0.1409656489 0)
(0.1259186809 0.1342359978 0)
(0.1378872744 0.1274275668 0)
(0.149393136 0.1204977935 0)
(0.1603805615 0.1134030425 0)
(0.1707935993 0.1060987656 0)
(0.180575284 0.09853954111 0)
(0.18966697 0.09067901209 0)
(0.1980077353 0.08246972974 0)
(0.2055338348 0.07386290505 0)
(0.2121781812 0.06480806172 0)
(0.2178698392 0.05525257583 0)
(0.2225335204 0.04514107733 0)
(0.2260890663 0.03441467585 0)
(0.2284509078 0.02300995832 0)
(0.229527583 0.01085768111 0)
(0.2292214297 -0.002119013494 0)
(0.2274271316 -0.01600679736 0)
(0.2240320035 -0.03090503353 0)
(0.2189161949 -0.04692961453 0)
(0.2119520322 -0.06421799945 0)
(0.2030050554 -0.08293553725 0)
(0.1919361778 -0.1032830325 0)
(0.178606093 -0.1255051057 0)
(0.1628837113 -0.1498979176 0)
(0.1446613477 -0.1768129316 0)
(0.1238808358 -0.20665005 0)
(0.1005764745 -0.2398278728 0)
(0.07494205135 -0.2767105173 0)
(0.04742911494 -0.3174594261 0)
(0.01887745182 -0.3617696219 0)
(-0.009337038019 -0.4084472521 0)
(-0.03516534973 -0.4547917984 0)
(-0.05590185834 -0.4959035685 0)
(-0.0684966518 -0.5241333979 0)
(-0.07034495077 -0.5291478585 0)
(-0.06052667964 -0.499144061 0)
(-0.04118767323 -0.4233786812 0)
(-0.01881399761 -0.2952852544 0)
(-0.002029797736 -0.114612648 0)
(-0.001150344319 0.04412632999 0)
(-0.01121285753 0.1153304641 0)
(-0.02566176492 0.1686356125 0)
(-0.04071453415 0.2054468386 0)
(-0.05348081543 0.2287309678 0)
(-0.06264606828 0.2416610555 0)
(-0.06776826497 0.2470495963 0)
(-0.06893302303 0.2471642638 0)
(-0.06651418381 0.2437293869 0)
(-0.06100926388 0.2380050708 0)
(-0.05294047327 0.230885416 0)
(-0.04280154925 0.2229891896 0)
(-0.03103299555 0.2147341379 0)
(-0.01801407287 0.206394344 0)
(-0.004063979358 0.1981426356 0)
(0.01055249109 0.1900813428 0)
(0.02561736118 0.182264132 0)
(0.04095231321 0.1747112026 0)
(0.05641099933 0.1674202091 0)
(0.0718727263 0.1603737257 0)
(0.08723697268 0.153544328 0)
(0.1024188045 0.1468980725 0)
(0.1173450972 0.140396863 0)
(0.1319514465 0.134000043 0)
(0.1461796597 0.1276654518 0)
(0.1599757223 0.1213501069 0)
(0.173288149 0.1150106254 0)
(0.1860666424 0.1086034601 0)
(0.1982609907 0.1020850015 0)
(0.2098201538 0.09541157792 0)
(0.2206914881 0.08853937594 0)
(0.2308200763 0.08142428986 0)
(0.2401481278 0.07402170571 0)
(0.2486144256 0.06628621573 0)
(0.2561537965 0.05817125353 0)
(0.2626965864 0.0496286324 0)
(0.2681681237 0.04060795888 0)
(0.2724881553 0.03105588131 0)
(0.2755702344 0.02091511693 0)
(0.2773211071 0.01012317833 0)
(0.2776402406 -0.001389346416 0)
(0.276418287 -0.01370111344 0)
(0.2735366645 -0.02690281105 0)
(0.2688674424 -0.04110124558 0)
(0.2622718478 -0.05642471722 0)
(0.2536000674 -0.07303008256 0)
(0.2426916043 -0.09111176841 0)
(0.2293770199 -0.1109128149 0)
(0.2134825296 -0.1327373839 0)
(0.1948398681 -0.1569627449 0)
(0.1733054675 -0.1840459168 0)
(0.148795343 -0.2145148804 0)
(0.1213449156 -0.2489253666 0)
(0.09120548751 -0.2877505754 0)
(0.05898791853 -0.3311540789 0)
(0.02585358652 -0.3785804862 0)
(-0.00627543465 -0.4281036381 0)
(-0.03455470357 -0.4754996634 0)
(-0.05534445199 -0.5132816815 0)
(-0.0649036294 -0.5301982577 0)
(-0.06082451491 -0.5119936071 0)
(-0.04405989875 -0.4441196288 0)
(-0.0212088827 -0.316014792 0)
(-0.002471565164 -0.1250337064 0)
(-0.001666810317 0.05080722139 0)
(-0.01483239815 0.1293582152 0)
(-0.03248942451 0.184836227 0)
(-0.04971212548 0.22014079 0)
(-0.0630861282 0.2398587292 0)
(-0.0714043689 0.2483851078 0)
(-0.07453912032 0.249308711 0)
(-0.07292490745 0.2453232983 0)
(-0.06724413223 0.2383444214 0)
(-0.05823672677 0.2296821577 0)
(-0.04660094195 0.2202042205 0)
(-0.032950419 0.2104672884 0)
(-0.01780202452 0.2008149601 0)
(-0.001579585955 0.1914480054 0)
(0.01537519606 0.1824729204 0)
(0.03279003228 0.1739348183 0)
(0.05044964441 0.1658397444 0)
(0.06818382768 0.1581694693 0)
(0.08585774203 0.1508911514 0)
(0.1033638173 0.1439635206 0)
(0.1206151727 0.1373408221 0)
(0.1375403473 0.1309752881 0)
(0.1540791094 0.1248186411 0)
(0.1701791403 0.1188229715 0)
(0.185793416 0.1129412122 0)
(0.2008781373 0.1071273558 0)
(0.2153910903 0.1013365082 0)
(0.2292903367 0.09552483716 0)
(0.2425331584 0.08964945277 0)
(0.2550751918 0.08366824042 0)
(0.2668697032 0.07753965704 0)
(0.2778669642 0.07122249365 0)
(0.2880136937 0.06467560179 0)
(0.2972525398 0.05785757572 0)
(0.3055215776 0.05072637715 0)
(0.312753803 0.04323888193 0)
(0.3188766022 0.03535031977 0)
(0.3238111789 0.02701356538 0)
(0.3274719124 0.01817822395 0)
(0.3297656753 0.008789432566 0)
(0.3305911964 -0.001213745895 0)
(0.3298375568 -0.0119005959 0)
(0.3273831915 -0.02335138322 0)
(0.3230954369 -0.03566146366 0)
(0.3168283969 -0.04894666754 0)
(0.308421644 -0.06335059914 0)
(0.2976989309 -0.07905435907 0)
(0.2844674088 -0.09628919787 0)
(0.2685184087 -0.1153523283 0)
(0.2496316651 -0.1366252538 0)
(0.2275864696 -0.1605919128 0)
(0.2021858655 -0.1878496039 0)
(0.173303875 -0.2190973493 0)
(0.1409707029 -0.2550718054 0)
(0.1055149563 -0.2963783286 0)
(0.06777995227 -0.3431354882 0)
(0.02941157912 -0.394327828 0)
(-0.006841722029 -0.4467814475 0)
(-0.03695776725 -0.4937491386 0)
(-0.05605205872 -0.5236365553 0)
(-0.05982353491 -0.5199042429 0)
(-0.04724926062 -0.4634632417 0)
(-0.02439690094 -0.3380932052 0)
(-0.003125753074 -0.1370278369 0)
(-0.002485989491 0.05983227033 0)
(-0.01985239127 0.1470072794 0)
(-0.0410951904 0.2038522643 0)
(-0.06001228313 0.2359691972 0)
(-0.07283400304 0.2503783645 0)
(-0.07878401566 0.2530762092 0)
(-0.07831560543 0.2485325961 0)
(-0.07238686422 0.2398364971 0)
(-0.06208408789 0.2290145977 0)
(-0.04842898127 0.2173409884 0)
(-0.03230054862 0.2055831277 0)
(-0.01441796183 0.1941784371 0)
(0.004648842342 0.1833549506 0)
(0.0244567385 0.1732116308 0)
(0.04466734571 0.1637694249 0)
(0.06502423642 0.1550045718 0)
(0.08533424996 0.1468688891 0)
(0.1054521764 0.1393021891 0)
(0.1252686768 0.1322396232 0)
(0.1447008246 0.1256158854 0)
(0.1636847994 0.1193674896 0)
(0.1821702831 0.1134338775 0)
(0.2001161773 0.1077578344 0)
(0.2174873332 0.1022855131 0)
(0.2342520536 0.09696624419 0)
(0.2503801787 0.0917522421 0)
(0.2658416095 0.08659826755 0)
(0.2806051601 0.08146128019 0)
(0.2946376513 0.07630009728 0)
(0.3079031815 0.07107506345 0)
(0.3203625235 0.06574773021 0)
(0.3319726074 0.06028053908 0)
(0.3426860575 0.05463649907 0)
(0.3524507559 0.04877884557 0)
(0.3612094117 0.04267066407 0)
(0.3688991136 0.03627445649 0)
(0.3754508463 0.02955162056 0)
(0.3807889489 0.02246180173 0)
(0.384830487 0.01496206268 0)
(0.3874845569 0.007005795556 0)
(0.3886515189 -0.001458728967 0)
(0.3882215581 -0.01049044377 0)
(0.3860733392 -0.02015791298 0)
(0.3820731532 -0.03054325532 0)
(0.3760723483 -0.04174724116 0)
(0.3679050993 -0.05389636246 0)
(0.3573856881 -0.06715254661 0)
(0.3443054633 -0.0817263228 0)
(0.3284300587 -0.09789429823 0)
(0.3094980673 -0.1160214876 0)
(0.2872237402 -0.1365878933 0)
(0.2613087899 -0.1602157684 0)
(0.2314726639 -0.1876873877 0)
(0.1975173134 -0.2199298793 0)
(0.1594512465 -0.2579195469 0)
(0.117705443 -0.3024191826 0)
(0.07347028621 -0.3534108322 0)
(0.02914297274 -0.4090479197 0)
(-0.01123958904 -0.4640025507 0)
(-0.04187849536 -0.5072658594 0)
(-0.05628868069 -0.5206601367 0)
(-0.05045633375 -0.4800897005 0)
(-0.0286889052 -0.3615391306 0)
(-0.004134902883 -0.1512091799 0)
(-0.003824058667 0.07224357783 0)
(-0.02684187833 0.1690626063 0)
(-0.05158090747 0.2254251169 0)
(-0.07077405615 0.2517337702 0)
(-0.08081508282 0.2585385385 0)
(-0.08191889598 0.2537959866 0)
(-0.07548922038 0.2428498974 0)
(-0.06319999899 0.2290420946 0)
(-0.04661192475 0.2143486231 0)
(-0.02702745547 0.1998707281 0)
(-0.005470153175 0.1861735201 0)
(0.01728550628 0.1735051045 0)
(0.04066739831 0.1619323705 0)
(0.06426300178 0.1514246199 0)
(0.08777812304 0.1419025298 0)
(0.1110061454 0.1332662565 0)
(0.1338038235 0.1254108754 0)
(0.1560731028 0.118234514 0)
(0.1777476275 0.1116421773 0)
(0.1987828105 0.1055471577 0)
(0.2191485761 0.09987114515 0)
(0.2388240708 0.09454368486 0)
(0.2577938152 0.08950135236 0)
(0.2760449007 0.08468685002 0)
(0.2935649428 0.08004812963 0)
(0.3103405806 0.07553758952 0)
(0.3263563685 0.07111136329 0)
(0.3415939476 0.0667286994 0)
(0.3560314154 0.06235142293 0)
(0.3696428332 0.05794346599 0)
(0.3823978257 0.05347045216 0)
(0.3942612379 0.0488993194 0)
(0.405192823 0.04419796517 0)
(0.4151469371 0.03933489673 0)
(0.4240722229 0.0342788673 0)
(0.4319112619 0.02899847497 0)
(0.4386001776 0.02346169578 0)
(0.4440681655 0.01763531318 0)
(0.4482369198 0.01148419392 0)
(0.451019975 0.00497034268 0)
(0.4523218733 -0.001948353528 0)
(0.4520367687 -0.009319918733 0)
(0.4500470225 -0.01720045846 0)
(0.4462218879 -0.02565770259 0)
(0.4404147071 -0.03477556498 0)
(0.4324599478 -0.04466057891 0)
(0.4221693232 -0.05545095134 0)
(0.4093268655 -0.06732920079 0)
(0.3936830456 -0.08053964513 0)
(0.3749483885 -0.09541216991 0)
(0.3527880016 -0.1123934488 0)
(0.3268204603 -0.1320853715 0)
(0.2966284487 -0.1552862872 0)
(0.2617956972 -0.1830206763 0)
(0.2219964881 -0.2165215018 0)
(0.17718045 -0.2570882959 0)
(0.1279112647 -0.3056742567 0)
(0.0759120749 -0.3619600449 0)
(0.02478857061 -0.4226001511 0)
(-0.01933340897 -0.4784577084 0)
(-0.04787317883 -0.5111026609 0)
(-0.05274439438 -0.4916979626 0)
(-0.03439614654 -0.3860437585 0)
(-0.005756696927 -0.1685221972 0)
(-0.006049561517 0.08959382946 0)
(-0.0364424092 0.1961034095 0)
(-0.06333587292 0.2483025093 0)
(-0.07957719662 0.264931903 0)
(-0.082916171 0.2613542484 0)
(-0.07541494209 0.2476296651 0)
(-0.05984883979 0.2297186103 0)
(-0.0387402891 0.2108891359 0)
(-0.01410049232 0.1927937457 0)
(0.01258172258 0.1761684357 0)
(0.04024764753 0.1612526527 0)
(0.06817719878 0.1480314233 0)
(0.0958905521 0.1363725561 0)
(0.1230792268 0.1260988542 0)
(0.1495520455 0.1170257438 0)
(0.1751971996 0.1089790704 0)
(0.1999552933 0.1018024114 0)
(0.2238006471 0.09535889384 0)
(0.2467284636 0.08953032933 0)
(0.2687460816 0.08421520848 0)
(0.28986705 0.07932635581 0)
(0.3101071339 0.07478864008 0)
(0.3294816355 0.0705369137 0)
(0.3480036049 0.0665142385 0)
(0.3656826525 0.06267039724 0)
(0.3825241639 0.0589606634 0)
(0.3985287826 0.0553447926 0)
(0.4136920703 0.05178619759 0)
(0.4280042777 0.04825127155 0)
(0.4414501855 0.0447088282 0)
(0.4540089809 0.04112963148 0)
(0.4656541487 0.03748599083 0)
(0.4763533574 0.03375140047 0)
(0.486068327 0.02990020244 0)
(0.4947546625 0.02590725281 0)
(0.5023616406 0.02174756846 0)
(0.508831931 0.01739592823 0)
(0.5141012322 0.012826395 0)
(0.5180977906 0.008011716341 0)
(0.5207418222 0.002922546977 0)
(0.5219446866 -0.002473570945 0)
(0.521607521 -0.00821367033 0)
(0.5196200163 -0.01434122309 0)
(0.5158586524 -0.02090912137 0)
(0.5101838412 -0.02798350675 0)
(0.5024364661 -0.03564924993 0)
(0.4924331722 -0.04401780019 0)
(0.4799600322 -0.05323838575 0)
(0.4647642376 -0.06351399482 0)
(0.4465435389 -0.07512406549 0)
(0.4249336266 -0.08845626428 0)
(0.3994949089 -0.104049744 0)
(0.3697030792 -0.12265079 0)
(0.3349540621 -0.1452763117 0)
(0.2946060158 -0.1732658791 0)
(0.2481024446 -0.2082684163 0)
(0.1952530792 -0.2520373889 0)
(0.1367840567 -0.3057758927 0)
(0.07526122477 -0.3685777028 0)
(0.01631970997 -0.4343565918 0)
(-0.03026002616 -0.4868850251 0)
(-0.05169582142 -0.4942784658 0)
(-0.04150930257 -0.4102923195 0)
(-0.008412201608 -0.1901846612 0)
(-0.009624852887 0.114026257 0)
(-0.04880647095 0.2277241459 0)
(-0.07355757163 0.2690780788 0)
(-0.08038588118 0.2708166 0)
(-0.07070528763 0.2540805315 0)
(-0.04946106611 0.2305368542 0)
(-0.02105517423 0.2060450279 0)
(0.01125591229 0.1832139797 0)
(0.04525269268 0.1629858937 0)
(0.07952583408 0.1455051557 0)
(0.1132176003 0.1305724273 0)
(0.1458400123 0.117863277 0)
(0.1771405402 0.1070343042 0)
(0.2070132181 0.09776811491 0)
(0.2354393976 0.08978948888 0)
(0.2624500448 0.08286739038 0)
(0.2881020127 0.07681108739 0)
(0.3124634168 0.07146427409 0)
(0.3356048255 0.06669901677 0)
(0.3575941016 0.06241029354 0)
(0.3784935043 0.05851137367 0)
(0.3983581701 0.05493004216 0)
(0.4172354187 0.05160557731 0)
(0.4351645385 0.04848635964 0)
(0.4521768412 0.04552799256 0)
(0.468295854 0.04269182906 0)
(0.4835375742 0.03994381622 0)
(0.4979107386 0.03725358629 0)
(0.511417082 0.03459373725 0)
(0.5240515685 0.0319392579 0)
(0.5358025869 0.02926706141 0)
(0.5466521053 0.02655559848 0)
(0.5565757792 0.02378452576 0)
(0.5655430091 0.02093440849 0)
(0.5735169417 0.01798643747 0)
(0.5804544059 0.01492214016 0)
(0.5863057712 0.01172306321 0)
(0.5910147091 0.008370399607 0)
(0.59451783 0.004844526848 0)
(0.596744219 0.001124413567 0)
(0.5976146643 -0.002813136872 0)
(0.5970404152 -0.006994611961 0)
(0.5949221789 -0.01145130939 0)
(0.5911480815 -0.01622160581 0)
(0.5855909032 -0.02135393292 0)
(0.5781043992 -0.02691108293 0)
(0.5685181592 -0.0329764515 0)
(0.5566304609 -0.03966309656 0)
(0.542198411 -0.04712697019 0)
(0.5249244878 -0.05558633182 0)
(0.5044385551 -0.06535022748 0)
(0.4802747839 -0.07685995489 0)
(0.4518443654 -0.09074820867 0)
(0.4184088854 -0.1079197608 0)
(0.3790687327 -0.1296513811 0)
(0.3328014366 -0.1576881147 0)
(0.2786250353 -0.1942575219 0)
(0.2160292884 -0.2417927287 0)
(0.1458996952 -0.3018867842 0)
(0.07217981702 -0.3725541204 0)
(0.004229253413 -0.4424360918 0)
(-0.04154913303 -0.4810735185 0)
(-0.04852060167 -0.4306243434 0)
(-0.01243664865 -0.217164034 0)
(-0.01461398949 0.1488097276 0)
(-0.06134857526 0.2607960711 0)
(-0.0732569017 0.279945034 0)
(-0.0590980703 0.2610431968 0)
(-0.02754629493 0.2298486701 0)
(0.01310405651 0.1976532278 0)
(0.05731095812 0.1688363011 0)
(0.1017954774 0.1445111122 0)
(0.1447914821 0.1245006762 0)
(0.1854652637 0.1082039047 0)
(0.2235107056 0.09494812993 0)
(0.258909607 0.08412079553 0)
(0.2917890017 0.07521094375 0)
(0.322339235 0.06780969931 0)
(0.3507687456 0.06159645702 0)
(0.3772807324 0.05632199752 0)
(0.40206209 0.05179291173 0)
(0.4252790633 0.0478586363 0)
(0.4470764465 0.04440120337 0)
(0.4675785173 0.04132736135 0)
(0.4868907093 0.03856260798 0)
(0.5051014961 0.03604670433 0)
(0.522284224 0.03373031145 0)
(0.5384987762 0.03157246782 0)
(0.5537930263 0.02953869272 0)
(0.5682040804 0.02759955446 0)
(0.5817593236 0.02572958395 0)
(0.5944772927 0.02390644456 0)
(0.6063684 0.02211029279 0)
(0.6174355287 0.02032328024 0)
(0.6276745183 0.01852916002 0)
(0.637074555 0.01671296899 0)
(0.6456184763 0.01486076319 0)
(0.6532829982 0.01295938775 0)
(0.6600388657 0.01099626459 0)
(0.6658509262 0.008959181803 0)
(0.6706781173 0.006836067505 0)
(0.6744733543 0.004614728725 0)
(0.6771832915 0.002282532124 0)
(0.6787480082 -0.0001739879373 0)
(0.6791002065 -0.002769643484 0)
(0.6781645068 -0.005521417873 0)
(0.675856283 -0.008449536135 0)
(0.6720797719 -0.01157899487 0)
(0.666725522 -0.01494164045 0)
(0.6596668109 -0.01857919384 0)
(0.6507545514 -0.0225476669 0)
(0.639810046 -0.02692385235 0)
(0.6266146762 -0.0318149778 0)
(0.6108952282 -0.03737323498 0)
(0.5923030904 -0.04381786575 0)
(0.5703850762 -0.05146896121 0)
(0.5445434634 -0.06079922635 0)
(0.5139838866 -0.07251250055 0)
(0.4776542749 -0.08765949802 0)
(0.4341914865 -0.1077971948 0)
(0.3819262691 -0.1351737683 0)
(0.3190728968 -0.1728362413 0)
(0.2443776761 -0.2243179647 0)
(0.1587505769 -0.2919746823 0)
(0.06857967034 -0.3718591164 0)
(-0.009731655623 -0.4417339078 0)
(-0.04930618536 -0.4399942381 0)
(-0.01775328729 -0.2519589606 0)
(-0.01998251719 0.200303276 0)
(-0.06154543436 0.2856771222 0)
(-0.03715182529 0.2654347616 0)
(0.01553291811 0.2230584883 0)
(0.07769367692 0.1808195882 0)
(0.1403301878 0.1451343891 0)
(0.1992223107 0.1170805096 0)
(0.2527251006 0.09560238003 0)
(0.3006134209 0.07924724565 0)
(0.3432899349 0.06674455118 0)
(0.3813619957 0.05709754569 0)
(0.4154612857 0.04955795008 0)
(0.4461687086 0.04357823652 0)
(0.4739872617 0.03876180752 0)
(0.4993390374 0.03482136811 0)
(0.5225726717 0.03154766685 0)
(0.5439739019 0.02878694784 0)
(0.563776122 0.02642494311 0)
(0.5821697718 0.02437560728 0)
(0.5993102083 0.02257321056 0)
(0.6153240995 0.02096677472 0)
(0.6303145274 0.01951613629 0)
(0.6443650269 0.01818914124 0)
(0.6575427713 0.01695962974 0)
(0.6699010825 0.01580597582 0)
(0.6814814149 0.01471001946 0)
(0.6923149276 0.01365627835 0)
(0.7024237359 0.01263136044 0)
(0.7118219119 0.01162352134 0)
(0.7205162876 0.01062232689 0)
(0.7285071005 0.009618391733 0)
(0.7357885121 0.008603172592 0)
(0.7423490204 0.007568799793 0)
(0.7481717826 0.006507933892 0)
(0.7532348544 0.005413636219 0)
(0.7575113517 0.004279242884 0)
(0.7609695291 0.003098231608 0)
(0.7635727661 0.001864070098 0)
(0.7652794475 0.0005700334342 0)
(0.7660427458 -0.0007909884051 0)
(0.7658099934 -0.002226869151 0)
(0.7645223244 -0.003746676654 0)
(0.7621134754 -0.005361312032 0)
(0.7585082821 -0.007084373602 0)
(0.7536205054 -0.008933374783 0)
(0.7473497033 -0.0109315148 0)
(0.7395767281 -0.01311027258 0)
(0.7301572188 -0.01551325474 0)
(0.7189121507 -0.01820200025 0)
(0.7056140265 -0.02126489495 0)
(0.6899665727 -0.02483111527 0)
(0.6715747517 -0.02909283353 0)
(0.6499004391 -0.03434115763 0)
(0.6241973923 -0.04102502879 0)
(0.5934179523 -0.04984826274 0)
(0.5560861795 -0.06192814799 0)
(0.510146217 -0.07904566432 0)
(0.4528421944 -0.1040031717 0)
(0.38082415 -0.1409978011 0)
(0.2910472463 -0.1954840624 0)
(0.1836473604 -0.2716662855 0)
(0.06795301959 -0.3627636731 0)
(-0.02696814232 -0.423428989 0)
(-0.02430417946 -0.300937772 0)
(-0.008719800185 0.2514897403 0)
(0.000459521183 0.2721041848 0)
(0.1010425323 0.2051335585 0)
(0.2069117627 0.1490483042 0)
(0.2971109057 0.107319089 0)
(0.3720687887 0.07775940157 0)
(0.4339661137 0.05761316374 0)
(0.4849758462 0.0439327486 0)
(0.527335286 0.03449725949 0)
(0.5629633484 0.02785564983 0)
(0.5933454906 0.02307212976 0)
(0.6196080921 0.01953930092 0)
(0.6426027988 0.01686274373 0)
(0.6629721741 0.01478439186 0)
(0.6812025187 0.01313273337 0)
(0.6976646731 0.01179164009 0)
(0.7126439896 0.01068090131 0)
(0.7263620402 0.009743932861 0)
(0.7389923548 0.008939942647 0)
(0.7506718488 0.008238879792 0)
(0.7615091528 0.00761812971 0)
(0.7715907267 0.007060316239 0)
(0.7809853858 0.006551816102 0)
(0.7897476826 0.006081738625 0)
(0.7979204566 0.005641214045 0)
(0.8055367782 0.005222889714 0)
(0.8126214443 0.004820568432 0)
(0.8191921406 0.00442894528 0)
(0.8252603547 0.004043413524 0)
(0.8308320994 0.003659919344 0)
(0.8359084895 0.00327485123 0)
(0.8404862052 0.002884953854 0)
(0.8445578631 0.002487258862 0)
(0.8481123123 0.002079026664 0)
(0.8511348624 0.001657694329 0)
(0.853607451 0.001220825099 0)
(0.8555087473 0.0007660551757 0)
(0.8568141851 0.0002910342129 0)
(0.8574959461 -0.0002066340712 0)
(0.8575227202 -0.0007294948232 0)
(0.85685959 -0.001280405036 0)
(0.8554674885 -0.001862696865 0)
(0.8533024711 -0.002480426561 0)
(0.8503146566 -0.003138730686 0)
(0.8464466582 -0.003844330467 0)
(0.8416313058 -0.004606258007 0)
(0.8357883394 -0.005436922211 0)
(0.8288195851 -0.006353701623 0)
(0.8206018661 -0.007381375583 0)
(0.8109764741 -0.00855592589 0)
(0.7997333287 -0.00993064299 0)
(0.7865867908 -0.01158622095 0)
(0.771138154 -0.01364795685 0)
(0.7528166176 -0.0163159508 0)
(0.7307852965 -0.01991965535 0)
(0.7037908011 -0.02501873396 0)
(0.6699242154 -0.03259201227 0)
(0.6262534711 -0.04438911789 0)
(0.5683201104 -0.06355173128 0)
(0.4897010879 -0.09552712765 0)
(0.3821568345 -0.1486634758 0)
(0.2376498018 -0.2317165097 0)
(0.06801039362 -0.3350696002 0)
(-0.004353857011 -0.3209820703 0)
(0.2405304676 0.1241678857 0)
(0.3465004309 0.1052016383 0)
(0.504473816 0.05686390289 0)
(0.6213931976 0.03140712092 0)
(0.6950725757 0.0185492577 0)
(0.7449456333 0.01112515771 0)
(0.7806468301 0.006836133425 0)
(0.8068761466 0.004409283446 0)
(0.8267979878 0.003005910991 0)
(0.8424907795 0.002164153288 0)
(0.8552465201 0.001640982372 0)
(0.8658918531 0.001302379457 0)
(0.8749760324 0.001072943231 0)
(0.8828720338 0.0009101127612 0)
(0.8898388909 0.0007893943027 0)
(0.8960611591 0.0006962627719 0)
(0.9016734481 0.0006218342384 0)
(0.9067759389 0.0005604924597 0)
(0.9114444873 0.0005085557783 0)
(0.9157373424 0.0004635188243 0)
(0.9196997016 0.000423613109 0)
(0.9233668612 0.0003875458652 0)
(0.9267664423 0.000354340741 0)
(0.929919991 0.0003232381107 0)
(0.9328441493 0.0002936310708 0)
(0.9355515269 0.0002650233089 0)
(0.9380513596 0.0002370007114 0)
(0.9403500149 0.0002092118 0)
(0.9424513852 0.0001813539587 0)
(0.9443571984 0.0001531635138 0)
(0.9460672658 0.0001244083972 0)
(0.9475796813 9.488252709e-05 0)
(0.9488909838 6.440128369e-05 0)
(0.9499962872 3.279760069e-05 0)
(0.9508893839 -8.17293456e-08 0)
(0.9515628227 -3.43799262e-05 0)
(0.9520079606 -7.023480858e-05 0)
(0.9522149898 -0.0001077838881 0)
(0.9521729228 -0.0001471677961 0)
(0.9518695608 -0.0001885392429 0)
(0.9512913649 -0.0002320906484 0)
(0.950423256 -0.0002780619712 0)
(0.9492483228 -0.0003267649437 0)
(0.9477473678 -0.0003786217363 0)
(0.9458982322 -0.0004342170696 0)
(0.9436748118 -0.0004943722045 0)
(0.9410456246 -0.0005602542278 0)
(0.9379717114 -0.0006335410999 0)
(0.934403531 -0.000716678291 0)
(0.9302762987 -0.0008132922267 0)
(0.9255028503 -0.0009288837105 0)
(0.9199624485 -0.001072043248 0)
(0.9134827072 -0.001256681009 0)
(0.9058094348 -0.001506308833 0)
(0.8965545067 -0.001862619132 0)
(0.8851024605 -0.002403297449 0)
(0.8704370563 -0.00328006417 0)
(0.8508087215 -0.004802336733 0)
(0.8230978696 -0.007622254854 0)
(0.781671389 -0.01308693904 0)
(0.7159173412 -0.02385928304 0)
(0.6034538733 -0.04685818389 0)
(0.4186022122 -0.1003910151 0)
(0.2837429346 -0.1401606009 0)
)
;

boundaryField
{
    movingWall
    {
        type            fixedValue;
        value           uniform (1 0 0);
    }
    fixedWalls
    {
        type            noSlip;
    }
    frontAndBack
    {
        type            empty;
    }
}


// ************************************************************************* //
