/*--------------------------------*- C++ -*----------------------------------*\
  =========                 |
  \\      /  F ield         | OpenFOAM: The Open Source CFD Toolbox
   \\    /   O peration     | Website:  https://openfoam.org
    \\  /    A nd           | Version:  11
     \\/     M anipulation  |
\*---------------------------------------------------------------------------*/
FoamFile
{
    format      ascii;
    class       surfaceScalarField;
    location    "1600";
    object      phi;
}
// * * * * * * * * * * * * * * * * * * * * * * * * * * * * * * * * * * * * * //

dimensions      [0 3 -1 0 0 0 0];

internalField   nonuniform List<scalar> 
8064
(
2.666814257e-11
-2.666831545e-11
6.02948508e-11
-3.362671241e-11
7.583015312e-11
-1.553530686e-11
6.154293408e-11
1.428721441e-11
1.34925505e-11
4.805037903e-11
-6.816135005e-11
8.165389616e-11
-1.811112114e-10
1.129498571e-10
-3.22023427e-10
1.409122116e-10
-4.871741862e-10
1.651507554e-10
-6.728023655e-10
1.856281756e-10
-8.752985198e-10
2.024961506e-10
-1.091296627e-09
2.159981034e-10
-1.317706768e-09
2.264101379e-10
-1.551711678e-09
2.340049064e-10
-1.790741615e-09
2.390299338e-10
-2.032437131e-09
2.416955125e-10
-2.274606345e-09
2.421692101e-10
-2.51518143e-09
2.405750818e-10
-2.752177715e-09
2.369962817e-10
-2.983657835e-09
2.314801162e-10
-3.207702651e-09
2.240448121e-10
-3.422390077e-09
2.146874223e-10
-3.625782483e-09
2.033924032e-10
-3.815922969e-09
1.901404822e-10
-3.99084047e-09
1.749174966e-10
-4.148563413e-09
1.577229395e-10
-4.287141396e-09
1.385779794e-10
-4.404674154e-09
1.17532754e-10
-4.49934691e-09
9.467275186e-11
-4.569471024e-09
7.012411023e-11
-4.613528693e-09
4.405766535e-11
-4.630220293e-09
1.669159552e-11
-4.618512699e-09
-1.17075984e-11
-4.57768694e-09
-4.082576277e-11
-4.507383861e-09
-7.030308341e-11
-4.407645485e-09
-9.973838019e-11
-4.278950193e-09
-1.286952963e-10
-4.122240064e-09
-1.567101335e-10
-3.938938697e-09
-1.833013713e-10
-3.73095803e-09
-2.079806708e-10
-3.500692951e-09
-2.302650831e-10
-3.251002849e-09
-2.496901067e-10
-2.985179689e-09
-2.658231642e-10
-2.706902675e-09
-2.782770178e-10
-2.420180068e-09
-2.867226111e-10
-2.129279247e-09
-2.909008257e-10
-1.838646571e-09
-2.906326793e-10
-1.552818997e-09
-2.858275781e-10
-1.276329632e-09
-2.764893688e-10
-1.013609501e-09
-2.627201353e-10
-7.688875513e-10
-2.447219532e-10
-5.460903695e-10
-2.227971855e-10
-3.487419637e-10
-1.973484094e-10
-1.798621665e-10
-1.688798007e-10
-4.185928058e-11
-1.380028893e-10
6.359225531e-11
-1.054515392e-10
1.357053102e-10
-7.211305816e-11
1.747932147e-10
-3.908790763e-11
1.825903877e-10
-7.79717613e-12
1.627525224e-10
1.983786221e-11
1.216314455e-10
4.11210741e-11
6.944524644e-11
5.218619615e-11
2.202856582e-11
4.741667773e-11
2.20285649e-11
3.401584614e-11
-6.068416544e-11
6.235448784e-11
-6.196536147e-11
4.045807556e-11
6.361097702e-12
-5.409993591e-11
1.08845218e-10
-2.305574644e-10
2.245078996e-10
-4.898061727e-10
3.409025968e-10
-8.277085656e-10
4.508522426e-10
-1.2372868e-09
5.504904391e-10
-1.71013279e-09
6.379967382e-10
-2.237297504e-09
7.127928828e-10
-2.809834384e-09
7.750330229e-10
-3.419111813e-09
8.25275526e-10
-4.056970958e-09
8.642692769e-10
-4.71578068e-09
8.92814622e-10
-5.388425433e-09
9.116746794e-10
-6.068251708e-09
9.215217811e-10
-6.748991632e-09
9.229091282e-10
-7.424677441e-09
9.162608842e-10
-8.089557019e-09
9.018758535e-10
-8.738018015e-09
8.799411051e-10
-9.364525917e-09
8.505527081e-10
-9.963579814e-09
8.137413121e-10
-1.052968814e-08
7.695007256e-10
-1.105736563e-08
7.178179652e-10
-1.154115165e-08
6.587035043e-10
-1.197564936e-08
5.922206469e-10
-1.23555845e-08
5.185131084e-10
-1.267588176e-08
4.378300056e-10
-1.293175656e-08
3.505475439e-10
-1.311881921e-08
2.571867597e-10
-1.323318828e-08
1.584267266e-10
-1.327160937e-08
5.511267353e-11
-1.323157545e-08
-5.174152595e-11
-1.311144442e-08
-1.609568015e-10
-1.291054961e-08
-2.711978963e-10
-1.262929849e-08
-3.809895115e-10
-1.226925506e-08
-4.887387352e-10
-1.18332018e-08
-5.927634008e-10
-1.13251771e-08
-6.913260703e-10
-1.075048484e-08
-7.826729432e-10
-1.01156732e-08
-8.65076729e-10
-9.428481044e-09
-9.368822714e-10
-8.697750711e-09
-9.965535044e-10
-7.933307579e-09
-1.042720157e-09
-7.145807651e-09
-1.074222547e-09
-6.346555662e-09
-1.090152822e-09
-5.54729719e-09
-1.089891158e-09
-4.759989082e-09
-1.073135694e-09
-3.996552986e-09
-1.039925471e-09
-3.268616857e-09
-9.906562712e-10
-2.587248693e-09
-9.260901242e-10
-1.962685441e-09
-8.473604442e-10
-1.404057584e-09
-7.559762725e-10
-9.191061852e-10
-6.538312056e-10
-5.13883604e-10
-5.432254767e-10
-1.924213928e-10
-4.269137564e-10
4.366249289e-11
-3.081969497e-10
1.956590333e-10
-1.910844539e-10
2.684235968e-10
-8.056174532e-11
2.712662421e-10
1.699521137e-11
2.191520262e-10
9.323528459e-11
1.342289064e-10
1.371093108e-10
4.733572891e-11
1.343098506e-10
6.936429254e-11
1.624720847e-11
-7.693137765e-11
-5.758661963e-12
-3.995949782e-11
-1.112282962e-10
1.11830725e-10
-3.2474905e-10
3.223659647e-10
-6.57110082e-10
5.568689243e-10
-1.109490911e-09
7.932834182e-10
-1.676679705e-09
1.018041029e-09
-2.349474068e-09
1.223284795e-09
-3.116393549e-09
1.404916212e-09
-3.964859785e-09
1.561259111e-09
-4.881979524e-09
1.692152755e-09
-5.855036368e-09
1.798332363e-09
-6.87177221e-09
1.881005111e-09
-7.92051975e-09
1.941562156e-09
-8.990232559e-09
1.981387482e-09
-1.007044801e-08
2.001737222e-09
-1.115121007e-08
2.00367119e-09
-1.222297276e-08
1.988023562e-09
-1.327649984e-08
1.955402932e-09
-1.430277296e-08
1.906214215e-09
-1.529291667e-08
1.840696406e-09
-1.623814667e-08
1.758971313e-09
-1.712974522e-08
1.661099264e-09
-1.795906568e-08
1.547138416e-09
-1.871756706e-08
1.417204881e-09
-1.939687771e-08
1.27153129e-09
-1.998888637e-08
1.110521755e-09
-2.048585788e-08
9.348015122e-10
-2.088057003e-08
7.452596888e-10
-2.116646714e-08
5.430838583e-10
-2.133782559e-08
3.297851704e-10
-2.138992591e-08
1.072129853e-10
-2.131922558e-08
-1.224418623e-10
-2.112352643e-08
-3.566559554e-10
-2.080213007e-08
-5.925942629e-10
-2.0355975e-08
-8.27144588e-10
-1.978774923e-08
-1.056964514e-09
-1.910197239e-08
-1.278540253e-09
-1.830504192e-08
-1.488256548e-09
-1.740523868e-08
-1.682476189e-09
-1.641268819e-08
-1.857627225e-09
-1.533927498e-08
-2.010295484e-09
-1.419850885e-08
-2.137319651e-09
-1.300534315e-08
-2.235885861e-09
-1.177594707e-08
-2.303618631e-09
-1.052743489e-08
-2.338665008e-09
-9.277556932e-09
-2.339769125e-09
-8.044357767e-09
-2.306334866e-09
-6.845807976e-09
-2.238475268e-09
-5.699415791e-09
-2.137048463e-09
-4.621824319e-09
-2.003681603e-09
-3.628398447e-09
-1.840786323e-09
-2.732802799e-09
-1.651571927e-09
-1.946568075e-09
-1.440065936e-09
-1.278637585e-09
-1.211155972e-09
-7.348788057e-10
-9.706725417e-10
-3.175366215e-10
-7.255391397e-10
-2.459715358e-11
-4.840239276e-10
1.509751806e-10
-2.561340852e-10
2.221627148e-10
-5.419232826e-11
2.090042152e-10
1.06393779e-10
1.39860387e-10
2.062531336e-10
5.288695892e-11
2.212832738e-10
1.222512503e-10
-1.407957934e-11
-6.285180173e-11
-1.112856553e-10
5.724657183e-11
-3.288724594e-10
3.294175227e-10
-6.879191193e-10
6.81412618e-10
-1.197339381e-09
1.066289179e-09
-1.856908996e-09
1.452853026e-09
-2.659868222e-09
1.821000248e-09
-3.595071081e-09
2.158487647e-09
-4.648657354e-09
2.458502478e-09
-5.805293079e-09
2.717894829e-09
-7.04904956e-09
2.935909229e-09
-8.363992355e-09
3.113275151e-09
-9.734545505e-09
3.251558254e-09
-1.114568719e-08
3.352703829e-09
-1.258302359e-08
3.418723883e-09
-1.403277933e-08
3.451492948e-09
-1.548173519e-08
3.452627043e-09
-1.691713811e-08
3.423426479e-09
-1.83266027e-08
3.364867512e-09
-1.969801938e-08
3.277630897e-09
-2.101948054e-08
3.16215755e-09
-2.22792325e-08
3.018723274e-09
-2.346565899e-08
2.847525741e-09
-2.456729865e-08
2.648778072e-09
-2.557289796e-08
2.422804188e-09
-2.647149854e-08
2.170131854e-09
-2.725255675e-08
1.891579957e-09
-2.790609228e-08
1.588337036e-09
-2.842286108e-08
1.262028487e-09
-2.879454744e-08
9.147702088e-10
-2.901396903e-08
5.492067555e-10
-2.907528837e-08
1.685323129e-10
-2.897422354e-08
-2.235066981e-10
-2.870825062e-08
-6.22628884e-10
-2.827678991e-08
-1.024054974e-09
-2.768136853e-08
-1.422565974e-09
-2.692575188e-08
-1.812581178e-09
-2.601603704e-08
-2.1882551e-09
-2.496070175e-08
-2.543591841e-09
-2.377060339e-08
-2.872574563e-09
-2.24589236e-08
-3.169307019e-09
-2.104105565e-08
-3.428163438e-09
-1.953443283e-08
-3.643942481e-09
-1.795829813e-08
-3.812020567e-09
-1.633341705e-08
-3.928499713e-09
-1.468173701e-08
-3.99034506e-09
-1.302599838e-08
-3.995507755e-09
-1.13893036e-08
-3.943029658e-09
-9.794651251e-09
-3.83312762e-09
-8.264442804e-09
-3.667256916e-09
-6.819968716e-09
-3.448155697e-09
-5.48087971e-09
-3.179875334e-09
-4.264646521e-09
-2.867805123e-09
-3.186008251e-09
-2.518704211e-09
-2.25640539e-09
-2.140758839e-09
-1.483388965e-09
-1.743688972e-09
-8.699931694e-10
-1.338934941e-09
-4.140563706e-10
-9.399607322e-10
-1.07476139e-10
-5.627143224e-10
6.461400973e-11
-2.262824824e-10
1.247551984e-10
4.625258496e-11
1.041802832e-10
2.268280437e-10
4.423018368e-11
2.812333687e-10
1.664814327e-10
-4.993633587e-11
-1.291546947e-11
-2.35738168e-10
2.430483976e-10
-5.826250714e-10
6.763044197e-10
-1.104598453e-09
1.203385993e-09
-1.806094923e-09
1.767785642e-09
-2.683812036e-09
2.330570132e-09
-3.728566667e-09
2.865754872e-09
-4.927000346e-09
3.356921319e-09
-6.263018495e-09
3.794520619e-09
-7.718931392e-09
4.173807719e-09
-9.276309523e-09
4.493287352e-09
-1.091658726e-08
4.753552886e-09
-1.262145735e-08
4.956428328e-09
-1.437309952e-08
5.104345997e-09
-1.615428404e-08
5.199908397e-09
-1.794838594e-08
5.245594842e-09
-1.973934106e-08
5.243582147e-09
-2.151156959e-08
5.195655002e-09
-2.324988836e-08
5.103186281e-09
-2.493942841e-08
4.967170942e-09
-2.656557071e-08
4.788299839e-09
-2.81139093e-08
4.567061852e-09
-2.957024805e-08
4.303864491e-09
-3.092063459e-08
3.999164602e-09
-3.215143245e-08
3.653602036e-09
-3.324943082e-08
3.26813022e-09
-3.420198935e-08
2.844138477e-09
-3.499721399e-08
2.383561675e-09
-3.562415897e-08
1.888973458e-09
-3.60730486e-08
1.363659833e-09
-3.633551219e-08
8.116703356e-10
-3.640482442e-08
2.3784454e-10
-3.627614346e-08
-3.521876735e-10
-3.594673798e-08
-9.520343664e-10
-3.541619484e-08
-1.554598118e-09
-3.468659883e-08
-2.152161996e-09
-3.376267651e-08
-2.736503502e-09
-3.265189654e-08
-3.299035079e-09
-3.136451933e-08
-3.830969052e-09
-2.991359017e-08
-4.323503732e-09
-2.831487075e-08
-4.76802645e-09
-2.658670574e-08
-5.156328449e-09
-2.474982251e-08
-5.480825726e-09
-2.282706364e-08
-5.734779437e-09
-2.084305422e-08
-5.912509138e-09
-1.8823807e-08
-6.009592289e-09
-1.679627082e-08
-6.023043939e-09
-1.478782887e-08
-5.951471614e-09
-1.282575444e-08
-5.79520206e-09
-1.093663259e-08
-5.556378774e-09
-9.145756068e-09
-5.239032224e-09
-7.476503122e-09
-4.849128286e-09
-5.949703472e-09
-4.394604778e-09
-4.582996723e-09
-3.885410966e-09
-3.390185118e-09
-3.33357045e-09
-2.380580368e-09
-2.753293728e-09
-1.558343014e-09
-2.161172301e-09
-9.218131821e-10
-1.576490569e-09
-4.628335422e-10
-1.021693968e-09
-1.660653879e-10
-5.23050642e-10
-8.291735515e-12
-1.115210723e-10
4.233186222e-11
1.762044406e-10
2.730041045e-11
2.962648156e-10
1.937818421e-10
-8.779098997e-11
7.487551685e-11
-3.685556545e-10
5.238130554e-10
-8.541350081e-10
1.161883767e-09
-1.549462781e-09
1.89871376e-09
-2.452697254e-09
2.671020109e-09
-3.556073269e-09
3.43394614e-09
-4.847065819e-09
4.156747415e-09
-6.309610476e-09
4.81946597e-09
-7.925226697e-09
5.410136833e-09
-9.673967209e-09
5.922548224e-09
-1.153516668e-08
6.354486816e-09
-1.34879933e-08
6.706379494e-09
-1.551182395e-08
6.98025898e-09
-1.758647197e-08
7.178994001e-09
-1.96922987e-08
7.305735123e-09
-2.181023992e-08
7.36353606e-09
-2.392177501e-08
7.355117226e-09
-2.600886371e-08
7.282743698e-09
-2.805387141e-08
7.148193974e-09
-3.00394998e-08
6.952799317e-09
-3.19487362e-08
6.697536234e-09
-3.376483136e-08
6.383157006e-09
-3.547131213e-08
6.010345252e-09
-3.705203283e-08
5.579885299e-09
-3.849126655e-08
5.092835746e-09
-3.977383536e-08
4.55069902e-09
-4.088527682e-08
3.955579936e-09
-4.181204248e-08
3.310327324e-09
-4.254172275e-08
2.618653721e-09
-4.306329176e-08
1.885228836e-09
-4.336736468e-08
1.115743249e-09
-4.344645957e-08
3.169394226e-10
-4.329525548e-08
-5.033917753e-10
-4.291083759e-08
-1.336452256e-09
-4.229292059e-08
-2.172515128e-09
-4.144404138e-08
-3.001041215e-09
-4.036971275e-08
-3.810832135e-09
-3.907852984e-08
-4.590217994e-09
-3.758222195e-08
-5.327276956e-09
-3.589564315e-08
-6.010082539e-09
-3.403669636e-08
-6.626973249e-09
-3.20261867e-08
-7.166838114e-09
-2.988760178e-08
-7.619410649e-09
-2.764681815e-08
-7.975563074e-09
-2.533173507e-08
-8.227592221e-09
-2.297183879e-08
-8.369488579e-09
-2.059770219e-08
-8.397180544e-09
-1.824042669e-08
-8.30874712e-09
-1.593103448e-08
-8.104594273e-09
-1.369982051e-08
-7.787592747e-09
-1.15756741e-08
-7.363178641e-09
-9.585380249e-09
-6.839422146e-09
-7.752910305e-09
-6.227074728e-09
-6.09871091e-09
-5.539610366e-09
-4.638999288e-09
-4.793282078e-09
-3.385072514e-09
-4.007220507e-09
-2.342638745e-09
-3.203606075e-09
-1.51117989e-09
-2.40794943e-09
-8.833571271e-10
-1.649516736e-09
-4.444701744e-10
-9.619375999e-10
-1.719749239e-10
-3.840163279e-10
-3.504691205e-11
3.9276424e-11
5.894552408e-12
2.553233468e-10
1.996763933e-10
-1.258440287e-10
2.007195414e-10
-5.037590169e-10
9.017280368e-10
-1.132217169e-09
1.790341912e-09
-2.00618511e-09
2.772681694e-09
-3.116435437e-09
3.781270428e-09
-4.449723912e-09
4.767234608e-09
-5.989390713e-09
5.696414209e-09
-7.71613628e-09
6.54621153e-09
-9.608814877e-09
7.302815422e-09
-1.164515208e-08
7.958885417e-09
-1.380233815e-08
8.511672878e-09
-1.605748091e-08
8.961522254e-09
-1.838792212e-08
9.310700177e-09
-2.077143317e-08
9.562505044e-09
-2.31863124e-08
9.720614352e-09
-2.561140815e-08
9.7886318e-09
-2.802609154e-08
9.769800602e-09
-3.041020115e-08
9.666853304e-09
-3.274397891e-08
9.481971729e-09
-3.500801322e-08
9.216833621e-09
-3.718320218e-08
8.87272518e-09
-3.925074632e-08
8.450701146e-09
-4.119217735e-08
7.951776274e-09
-4.298942626e-08
7.3771342e-09
-4.462493207e-08
6.728341553e-09
-4.608179001e-08
6.007556948e-09
-4.734393612e-08
5.217726034e-09
-4.839636392e-08
4.362755125e-09
-4.922536734e-08
3.447657131e-09
-4.981880304e-08
2.478664526e-09
-5.016636477e-08
1.463304968e-09
-5.025986146e-08
4.104361128e-10
-5.009349077e-08
-6.697624772e-10
-4.96640986e-08
-1.765844433e-09
-4.897141574e-08
-2.865197993e-09
-4.801826262e-08
-3.954194339e-09
-4.681071335e-08
-5.01838141e-09
-4.53582107e-08
-6.042720653e-09
-4.367362411e-08
-7.011863553e-09
-4.177324367e-08
-7.910462984e-09
-3.967670393e-08
-8.723512995e-09
-3.740683275e-08
-9.436709298e-09
-3.498942194e-08
-1.003682147e-08
-3.245291804e-08
-1.051206698e-08
-2.982803384e-08
-1.085247643e-08
-2.714728287e-08
-1.105023955e-08
-2.444444173e-08
-1.11000217e-08
-2.175394674e-08
-1.099924211e-08
-1.911023381e-08
-1.074830721e-08
-1.654703162e-08
-1.035079494e-08
-1.409662004e-08
-9.813590222e-09
-1.178906628e-08
-9.146975912e-09
-9.65145208e-09
-8.364688937e-09
-7.707105569e-09
-7.483956883e-09
-5.974851705e-09
-6.525535948e-09
-4.468295826e-09
-5.513776391e-09
-3.195156086e-09
-4.47674582e-09
-2.156662397e-09
-3.446443124e-09
-1.347041653e-09
-2.459137485e-09
-7.531101013e-10
-1.555869156e-09
-3.539935908e-10
-7.831328429e-10
-1.209991315e-10
-1.937180405e-10
-1.76597408e-11
1.519839515e-10
1.820166516e-10
-1.632182511e-10
3.639377886e-10
-6.380393334e-10
1.376549112e-09
-1.410167894e-09
2.562470466e-09
-2.464378816e-09
3.826892609e-09
-3.783483167e-09
5.100374773e-09
-5.348094309e-09
6.331845743e-09
-7.136816935e-09
7.485136827e-09
-9.126653896e-09
8.536048485e-09
-1.129349513e-08
9.469656652e-09
-1.361259768e-08
1.027798795e-08
-1.605900214e-08
1.095807734e-08
-1.860785926e-08
1.151037936e-08
-2.123465957e-08
1.193750048e-08
-2.391537265e-08
1.224321812e-08
-2.662650984e-08
1.243175153e-08
-2.934512847e-08
1.250725043e-08
-3.2048797e-08
1.247346912e-08
-3.471553961e-08
1.233359591e-08
-3.732377741e-08
1.209020952e-08
-3.985228045e-08
1.174533665e-08
-4.228014228e-08
1.130058701e-08
-4.45867857e-08
1.075734456e-08
-4.675200536e-08
1.011699593e-08
-4.875605042e-08
9.381179251e-09
-5.057974794e-08
8.552039062e-09
-5.220466562e-08
7.632474624e-09
-5.361331082e-08
6.626371227e-09
-5.478936116e-08
5.538805454e-09
-5.571792101e-08
4.376216981e-09
-5.638579718e-08
3.14654068e-09
-5.678178614e-08
1.85929393e-09
-5.689696513e-08
5.256150872e-10
-5.672497845e-08
-8.417491579e-10
-5.626231028e-08
-2.22851261e-09
-5.550853451e-08
-3.618973771e-09
-5.446653311e-08
-4.996195752e-09
-5.314267371e-08
-6.342240817e-09
-5.154693789e-08
-7.638456478e-09
-4.969299168e-08
-8.865809768e-09
-4.759819052e-08
-1.000526415e-08
-4.528351165e-08
-1.103819187e-08
-4.277340816e-08
-1.194681279e-08
-4.009558015e-08
-1.271464949e-08
-3.728066041e-08
-1.332698673e-08
-3.436181384e-08
-1.3771323e-08
-3.137425233e-08
-1.403780107e-08
-2.835466891e-08
-1.411960512e-08
-2.534059796e-08
-1.401331307e-08
-2.236971037e-08
-1.371919481e-08
-1.947905511e-08
-1.32414502e-08
-1.670426084e-08
-1.25883845e-08
-1.407871281e-08
-1.177252394e-08
-1.163272213e-08
-1.081067963e-08
-9.392705285e-09
-9.723973729e-09
-7.380393551e-09
-8.537847687e-09
-5.612092521e-09
-7.282077426e-09
-4.098014095e-09
-5.990824251e-09
-2.841704965e-09
-4.70275226e-09
-1.839598282e-09
-3.461244173e-09
-1.080718255e-09
-2.314749188e-09
-5.465727533e-10
-1.31727835e-09
-2.112829025e-10
-5.290078955e-10
-4.203010311e-11
-1.726885188e-11
1.399865472e-10
-1.995097708e-10
5.63447555e-10
-7.695967146e-10
1.946636048e-09
-1.683999268e-09
3.476873013e-09
-2.917458953e-09
5.060352287e-09
-4.444622557e-09
6.62753837e-09
-6.239593075e-09
8.126816254e-09
-8.275839528e-09
9.521383273e-09
-1.052631694e-08
1.078652589e-08
-1.296369325e-08
1.190703295e-08
-1.556060658e-08
1.287490127e-08
-1.828990209e-08
1.368737285e-08
-2.112481956e-08
1.434529682e-08
-2.403911971e-08
1.485180062e-08
-2.700714948e-08
1.521124789e-08
-3.000385414e-08
1.542845618e-08
-3.300474899e-08
1.550814528e-08
-3.598586563e-08
1.545458574e-08
-3.892368768e-08
1.527141796e-08
-4.179509042e-08
1.496161226e-08
-4.45772963e-08
1.452754252e-08
-4.724785646e-08
1.397114716e-08
-4.978466558e-08
1.329415367e-08
-5.216601482e-08
1.249834515e-08
-5.437068533e-08
1.158584975e-08
-5.637808256e-08
1.055943628e-08
-5.816840965e-08
9.422801713e-09
-5.972287671e-08
8.180838273e-09
-6.102394128e-08
6.83987002e-09
-6.205557458e-08
5.407850271e-09
-6.28035468e-08
3.894512894e-09
-6.325572455e-08
2.311471678e-09
-6.340237271e-08
6.722632371e-10
-6.323645282e-08
-1.007669058e-09
-6.275390941e-08
-2.711056021e-09
-6.195393515e-08
-4.418948042e-09
-6.083920623e-08
-6.110924679e-09
-5.941607867e-08
-7.765368386e-09
-5.769473648e-08
-9.359798674e-09
-5.568928273e-08
-1.087126352e-08
-5.341776471e-08
-1.227678218e-08
-5.090212503e-08
-1.355383155e-08
-4.816807151e-08
-1.468086632e-08
-4.524485974e-08
-1.563786126e-08
-4.216498427e-08
-1.64068622e-08
-3.896377616e-08
-1.697253112e-08
-3.567890718e-08
-1.732267006e-08
-3.234980404e-08
-1.744870827e-08
-2.901697862e-08
-1.734613849e-08
-2.572128372e-08
-1.701488971e-08
-2.250310677e-08
-1.645962716e-08
-1.940151697e-08
-1.568997431e-08
-1.645338402e-08
-1.47206569e-08
-1.369248905e-08
-1.35715746e-08
-1.114865021e-08
-1.226781257e-08
-8.846887269e-09
-1.083961064e-08
-6.806651029e-09
-9.322313671e-09
-5.041145154e-09
-7.75633013e-09
-3.556769704e-09
-6.187127715e-09
-2.352718419e-09
-4.665295462e-09
-1.420765771e-09
-3.246701841e-09
-7.452874095e-10
-1.992756716e-09
-3.035742828e-10
-9.707210271e-10
-6.65372556e-11
-2.543058834e-10
7.344929082e-11
-2.345453747e-10
7.979929257e-10
-8.974568944e-10
2.60954756e-09
-1.951323235e-09
4.530739346e-09
-3.361208787e-09
6.470237831e-09
-5.093639201e-09
8.359968777e-09
-7.116066914e-09
1.014924396e-08
-9.396604915e-09
1.180192127e-08
-1.190393361e-08
1.329385457e-08
-1.460731212e-08
1.461041146e-08
-1.74766375e-08
1.574422664e-08
-2.04825105e-08
1.669324584e-08
-2.359628256e-08
1.745906887e-08
-2.679007093e-08
1.804558899e-08
-3.003673922e-08
1.845791617e-08
-3.330984741e-08
1.870156436e-08
-3.658358e-08
1.878187786e-08
-3.983266346e-08
1.87036692e-08
-4.303228455e-08
1.847103904e-08
-4.615802095e-08
1.808734864e-08
-4.918579402e-08
1.755531559e-08
-5.209185175e-08
1.687720489e-08
-5.485278763e-08
1.605508954e-08
-5.744559923e-08
1.509115675e-08
-5.984778801e-08
1.398803852e-08
-6.203749996e-08
1.274914823e-08
-6.399370522e-08
1.137900697e-08
-6.569641326e-08
9.883546306e-09
-6.71269192e-08
8.270375954e-09
-6.826807603e-08
6.549007091e-09
-6.910458665e-08
4.731023504e-09
-6.962330924e-08
2.830194263e-09
-6.98135689e-08
8.625228885e-10
-6.966746821e-08
-1.153769754e-09
-6.918018893e-08
-3.198335309e-09
-6.83502755e-08
-5.248861475e-09
-6.717989252e-08
-7.281307666e-09
-6.567504615e-08
-9.270214759e-09
-6.384576029e-08
-1.118908454e-08
-6.170619752e-08
-1.30108263e-08
-5.927471499e-08
-1.470826472e-08
-5.657384553e-08
-1.625470101e-08
-5.3630195e-08
-1.762451686e-08
-5.047424799e-08
-1.879380828e-08
-4.714007565e-08
-1.974103455e-08
-4.366494156e-08
-2.044766522e-08
-4.008880444e-08
-2.089880718e-08
-3.645371956e-08
-2.108379316e-08
-3.280314445e-08
-2.099671361e-08
-2.918115852e-08
-2.063687565e-08
-2.563160998e-08
-2.00091757e-08
-2.219720746e-08
-1.912437684e-08
-1.89185774e-08
-1.799928696e-08
-1.583331136e-08
-1.665684065e-08
-1.297503016e-08
-1.512609378e-08
-1.037249396e-08
-1.344214684e-08
-8.048789072e-09
-1.164601857e-08
-6.020623614e-09
-9.784495593e-09
-4.297765822e-09
-7.909985511e-09
-2.882660539e-09
-6.08040075e-09
-1.770263109e-09
-4.359099275e-09
-9.481366258e-10
-2.814883203e-09
-3.968724e-10
-1.521985257e-09
-9.092157428e-11
-5.602567126e-10
-1.747228461e-11
-2.682560654e-10
1.066248987e-09
-1.021078438e-09
3.362369925e-09
-2.210663167e-09
5.720324067e-09
-3.792843331e-09
8.052417988e-09
-5.726220978e-09
1.029334642e-08
-7.971624525e-09
1.23946475e-08
-1.049173933e-08
1.432203607e-08
-1.325086067e-08
1.605297591e-08
-1.621473229e-08
1.757428307e-08
-1.935043479e-08
1.887992913e-08
-2.262629519e-08
1.996910624e-08
-2.60117984e-08
2.084457207e-08
-2.947748991e-08
2.151128049e-08
-3.299486644e-08
2.197529269e-08
-3.653625656e-08
2.224295447e-08
-4.007469719e-08
2.232031849e-08
-4.358381411e-08
2.221278611e-08
-4.703771512e-08
2.192494005e-08
-5.04109047e-08
2.146053821e-08
-5.36782273e-08
2.082263819e-08
-5.681484569e-08
2.001382327e-08
-5.979625819e-08
1.903650204e-08
-6.259835744e-08
1.789325599e-08
-6.519753122e-08
1.658721229e-08
-6.757080441e-08
1.512242141e-08
-6.969601996e-08
1.350422251e-08
-7.155205539e-08
1.173958173e-08
-7.311907086e-08
9.837391422e-09
-7.437878387e-08
7.80872009e-09
-7.531476525e-08
5.667004878e-09
-7.591275079e-08
3.428179794e-09
-7.616096207e-08
1.110734165e-09
-7.605043003e-08
-1.264301799e-09
-7.557531451e-08
-3.673450841e-09
-7.473321008e-08
-6.090965911e-09
-7.352543134e-08
-8.489086412e-09
-7.195726689e-08
-1.083837921e-08
-7.003819243e-08
-1.3108159e-08
-6.778203204e-08
-1.52669867e-08
-6.520705625e-08
-1.728324051e-08
-6.23360055e-08
-1.912575177e-08
-5.919602768e-08
-2.076449468e-08
-5.581851962e-08
-2.217131635e-08
-5.223886358e-08
-2.332069059e-08
-4.849605255e-08
-2.419047625e-08
-4.463220061e-08
-2.476265913e-08
-4.069193891e-08
-2.502405486e-08
-3.672170176e-08
-2.496695077e-08
-3.276891211e-08
-2.45896653e-08
-2.888108095e-08
-2.389700686e-08
-2.510483967e-08
-2.290061812e-08
-2.148492935e-08
-2.161919728e-08
-1.806317499e-08
-2.007859502e-08
-1.487747595e-08
-1.831179282e-08
-1.196084655e-08
-1.635877624e-08
-9.340542409e-09
-1.426632271e-08
-7.037309102e-09
-1.20877289e-08
-5.064790351e-09
-9.882504267e-09
-3.429133677e-09
-7.716057428e-09
-2.128833095e-09
-5.659399861e-09
-1.154852378e-09
-3.788863923e-09
-4.910812411e-10
-2.185756398e-09
-1.151921083e-10
-9.361458493e-10
-1.326643936e-10
-3.006118682e-10
1.366860851e-09
-1.14012853e-09
4.201886579e-09
-2.461032682e-09
7.041228212e-09
-4.210404012e-09
9.801789311e-09
-6.33921216e-09
1.242215456e-08
-8.801806243e-09
1.485724158e-08
-1.155548952e-08
1.707571934e-08
-1.456016257e-08
1.905764895e-08
-1.777802497e-08
2.079214546e-08
-2.117331898e-08
2.227522314e-08
-2.47120998e-08
2.350788705e-08
-2.836202067e-08
2.449449293e-08
-3.209212638e-08
2.524138619e-08
-3.5872653e-08
2.575581931e-08
-3.967483538e-08
2.604513684e-08
-4.347072665e-08
2.611620975e-08
-4.723303564e-08
2.597509508e-08
-5.093498848e-08
2.562689288e-08
-5.455022065e-08
2.507577038e-08
-5.80527047e-08
2.432512223e-08
-6.141671764e-08
2.337783619e-08
-6.461685065e-08
2.223663504e-08
-6.762806222e-08
2.090446756e-08
-7.042577435e-08
1.938492441e-08
-7.298601042e-08
1.768265748e-08
-7.528557235e-08
1.580378443e-08
-7.730225375e-08
1.375626312e-08
-7.901508541e-08
1.155022307e-08
-8.040460897e-08
9.198243644e-09
-8.145317427e-08
6.715570168e-09
-8.214525551e-08
4.120261033e-09
-8.246778105e-08
1.4332597e-09
-8.241047084e-08
-1.321612015e-09
-8.196617667e-08
-4.117745023e-09
-8.113121449e-08
-6.925928097e-09
-7.990568366e-08
-9.714617252e-09
-7.829376131e-08
-1.245030156e-08
-7.630396192e-08
-1.509795841e-08
-7.394934984e-08
-1.762159878e-08
-7.124769197e-08
-1.998489838e-08
-6.822153679e-08
-2.215190697e-08
-6.489820589e-08
-2.408782558e-08
-6.130968508e-08
-2.575983717e-08
-5.749240293e-08
-2.713797275e-08
-5.348688746e-08
-2.819599172e-08
-4.933729479e-08
-2.89122518e-08
-4.509080757e-08
-2.927054209e-08
-4.079690646e-08
-2.926085188e-08
-3.650652344e-08
-2.888004833e-08
-3.227109163e-08
-2.813243868e-08
-2.81415128e-08
-2.703019695e-08
-2.416706925e-08
-2.559364084e-08
-2.039431187e-08
-2.38513524e-08
-1.68659606e-08
-2.18401441e-08
-1.361985605e-08
-1.960488079e-08
-1.068800312e-08
-1.719817564e-08
-8.095747496e-09
-1.467998453e-08
-5.861125519e-09
-1.211712625e-08
-3.994426843e-09
-9.582756108e-09
-2.498008111e-09
-7.155818597e-09
-1.36639606e-09
-4.920475979e-09
-5.867217587e-10
-2.965430702e-09
-1.395300601e-10
-1.383337551e-09
-2.721944548e-10
-3.315887518e-10
1.698449598e-09
-1.254356276e-09
5.124654096e-09
-2.701680879e-09
8.488552807e-09
-4.612372543e-09
1.171248097e-08
-6.930115916e-09
1.473989792e-08
-9.603008035e-09
1.753013369e-08
-1.258310511e-08
2.00558164e-08
-1.582598673e-08
2.230053057e-08
-1.929034893e-08
2.425650765e-08
-2.293762624e-08
2.592250045e-08
-2.673163937e-08
2.730190017e-08
-3.0638265e-08
2.840111856e-08
-3.462512612e-08
2.922824731e-08
-3.866130278e-08
2.979199596e-08
-4.271706557e-08
3.010089961e-08
-4.676363517e-08
3.016277935e-08
-5.077297242e-08
2.998443232e-08
-5.471760316e-08
2.957152362e-08
-5.85704822e-08
2.892864941e-08
-6.230489949e-08
2.805953951e-08
-6.58944308e-08
2.69673675e-08
-6.931293388e-08
2.565513811e-08
-7.253459003e-08
2.412612371e-08
-7.553399002e-08
2.238432439e-08
-7.828626218e-08
2.043492964e-08
-8.076724052e-08
1.828476277e-08
-8.295366955e-08
1.594269213e-08
-8.482344286e-08
1.341999639e-08
-8.635587216e-08
1.073067293e-08
-8.753198303e-08
7.891681027e-09
-8.833483403e-08
4.923112033e-09
-8.874985483e-08
1.848280489e-09
-8.876519832e-08
-1.306268527e-09
-8.837210419e-08
-4.510839167e-09
-8.756526159e-08
-7.732770697e-09
-8.634316843e-08
-1.093671042e-08
-8.470847389e-08
-1.408499612e-08
-8.266829394e-08
-1.713813836e-08
-8.023448663e-08
-2.00554061e-08
-7.742387204e-08
-2.279551298e-08
-7.425838096e-08
-2.531739805e-08
-7.07651155e-08
-2.758109106e-08
-6.697630483e-08
-2.954864784e-08
-6.292914084e-08
-3.118513675e-08
-5.866548011e-08
-3.245965246e-08
-5.42314028e-08
-3.334632912e-08
-4.967662316e-08
-3.382532173e-08
-4.505375271e-08
-3.388372234e-08
-4.041742351e-08
-3.351637754e-08
-3.582328656e-08
-3.272657564e-08
-3.132690777e-08
-3.152657575e-08
-2.698259104e-08
-2.993795757e-08
-2.284216456e-08
-2.799177888e-08
-1.895377132e-08
-2.572853735e-08
-1.536070855e-08
-2.319794357e-08
-1.210036225e-08
-2.045852194e-08
-9.203282736e-09
-1.757706405e-08
-6.69244532e-09
-1.462796367e-08
-4.582736694e-09
-1.169246474e-08
-2.880703545e-09
-8.857851749e-09
-1.584595684e-09
-6.216583843e-09
-6.847344527e-10
-3.865291937e-09
-1.642276176e-10
-1.90384439e-09
-4.364220729e-10
-3.611525713e-10
2.059602166e-09
-1.363522852e-09
6.127024368e-09
-2.931941465e-09
1.005697141e-08
-4.997429739e-09
1.377796923e-08
-7.496769623e-09
1.72392378e-08
-1.037209108e-08
2.040545514e-08
-1.357040561e-08
2.325413092e-08
-1.704311196e-08
2.577323691e-08
-2.074550197e-08
2.795889766e-08
-2.463628031e-08
2.981327878e-08
-2.867710524e-08
3.134272509e-08
-3.28321547e-08
3.255616801e-08
-3.70677208e-08
3.34638134e-08
-4.13518358e-08
3.407611096e-08
-4.565393269e-08
3.440299649e-08
-4.994454378e-08
3.445339044e-08
-5.419504076e-08
3.423492929e-08
-5.837741901e-08
3.375390186e-08
-6.246412889e-08
3.301535929e-08
-6.642795522e-08
3.202336584e-08
-7.024194575e-08
3.078135802e-08
-7.387938809e-08
2.929258044e-08
-7.731383403e-08
2.756056965e-08
-8.051916929e-08
2.558965964e-08
-8.346972639e-08
2.338548673e-08
-8.614043818e-08
2.095547455e-08
-8.850702942e-08
1.830928337e-08
-9.054624395e-08
1.545921091e-08
-9.223610499e-08
1.242053397e-08
-9.355620646e-08
9.211782493e-09
-9.448803272e-08
5.854938285e-09
-9.501530405e-08
2.37555181e-09
-9.512434374e-08
-1.197228841e-09
-9.480446678e-08
-4.83071613e-09
-9.404837623e-08
-8.488861255e-09
-9.285256784e-08
-1.213251882e-08
-9.1217728e-08
-1.571983596e-08
-8.91491145e-08
-1.920675185e-08
-8.665690559e-08
-2.254761502e-08
-8.375650037e-08
-2.56959182e-08
-8.046875193e-08
-2.86051465e-08
-7.682011282e-08
-3.122973017e-08
-7.284267248e-08
-3.352608818e-08
-6.857406663e-08
-3.545374261e-08
-6.40572408e-08
-3.697647828e-08
-5.934005396e-08
-3.806351596e-08
-5.447471299e-08
-3.86906627e-08
-4.951703587e-08
-3.884139947e-08
-4.45255489e-08
-3.850786451e-08
-3.956043253e-08
-3.769169201e-08
-3.468233907e-08
-3.640466922e-08
-2.995111467e-08
-3.466918197e-08
-2.542446608e-08
-3.251842748e-08
-2.115661858e-08
-2.999638486e-08
-1.719701638e-08
-2.715754577e-08
-1.358911805e-08
-2.406642028e-08
-1.036933904e-08
-2.079684306e-08
-7.566189627e-09
-1.743111308e-08
-5.199651206e-09
-1.405900316e-08
-3.280825802e-09
-1.077667716e-08
-1.811885729e-09
-7.68552392e-09
-7.863443709e-10
-4.890833297e-09
-1.896489052e-10
-2.500539858e-09
-6.26070979e-10
-3.89252142e-10
2.448854303e-09
-1.467365074e-09
7.205137293e-09
-3.151147026e-09
1.174075336e-08
-5.364310177e-09
1.599113238e-08
-8.037140026e-09
1.991206764e-08
-1.110612592e-08
2.347444103e-08
-1.451348727e-08
2.666149226e-08
-1.820663383e-08
2.946638347e-08
-2.213760024e-08
3.188986406e-08
-2.62624793e-08
3.393815783e-08
-3.054087e-08
3.562111578e-08
-3.493535105e-08
3.695064906e-08
-3.941098798e-08
3.793945033e-08
-4.393487952e-08
3.860000249e-08
-4.847574805e-08
3.894386502e-08
-5.300357777e-08
3.898122016e-08
-5.748930347e-08
3.872065499e-08
-6.190455183e-08
3.816915021e-08
-6.622143626e-08
3.733224371e-08
-7.041240548e-08
3.621433506e-08
-7.445014478e-08
3.481909731e-08
-7.830752853e-08
3.314996419e-08
-8.195762174e-08
3.121066285e-08
-8.537372814e-08
2.900576603e-08
-8.852948225e-08
2.654124084e-08
-9.13989831e-08
2.382497539e-08
-9.395696733e-08
2.086726759e-08
-9.617902021e-08
1.768126378e-08
-9.80418232e-08
1.428333695e-08
-9.952343701e-08
1.06933963e-08
-1.006036194e-07
6.935120674e-09
-1.012641763e-07
3.036108678e-09
-1.01489343e-07
-9.72062142e-10
-1.012661989e-07
-5.053860231e-09
-1.005850995e-07
-9.169960637e-09
-9.944013092e-08
-1.327748741e-08
-9.782956919e-08
-1.73303977e-08
-9.575633467e-08
-2.127998638e-08
-9.322842549e-08
-2.507552421e-08
-9.025931138e-08
-2.866503232e-08
-8.686826621e-08
-3.199619167e-08
-8.308061554e-08
-3.501738085e-08
-7.892787394e-08
-3.767882979e-08
-7.444774728e-08
-3.993386926e-08
-6.96839768e-08
-4.174024877e-08
-6.468600497e-08
-4.30614878e-08
-5.950844924e-08
-4.386821844e-08
-5.421037664e-08
-4.413947207e-08
-4.88543818e-08
-4.386385936e-08
-4.350548088e-08
-4.304059293e-08
-3.822984555e-08
-4.168030456e-08
-3.309341152e-08
-3.9805616e-08
-2.81604067e-08
-3.745143231e-08
-2.349185162e-08
-3.466493993e-08
-1.914409081e-08
-3.150530658e-08
-1.516741561e-08
-2.804309548e-08
-1.160483795e-08
-2.435942073e-08
-8.491069607e-09
-2.054488142e-08
-5.851753336e-09
-1.669831944e-08
-3.702980846e-09
-1.292544965e-08
-2.051120529e-09
-9.337384239e-09
-8.929682108e-10
-6.048985619e-09
-2.162042185e-10
-3.177303853e-09
-8.422751979e-10
-4.158172738e-10
2.864671573e-09
-1.565578936e-09
8.354898947e-09
-3.358584551e-09
1.353375896e-08
-5.711720618e-09
1.834426844e-08
-8.54920177e-09
2.274954878e-08
-1.180223417e-08
2.672747341e-08
-1.540853541e-08
3.026779349e-08
-1.931175754e-08
3.33696056e-08
-2.34608622e-08
3.603896872e-08
-2.780948072e-08
3.828677635e-08
-3.231528181e-08
4.012691687e-08
-3.693936353e-08
4.157473076e-08
-4.164568135e-08
4.264576814e-08
-4.640052122e-08
4.335484236e-08
-5.117202362e-08
4.371536741e-08
-5.592976301e-08
4.373895954e-08
-6.06443853e-08
4.343527727e-08
-6.528730455e-08
4.281206946e-08
-6.98304589e-08
4.187539805e-08
-7.424612442e-08
4.063000057e-08
-7.850678513e-08
3.907975801e-08
-8.258505631e-08
3.722823536e-08
-8.645365827e-08
3.507926481e-08
-9.008543757e-08
3.263754533e-08
-9.345343301e-08
2.990923628e-08
-9.653098417e-08
2.690252655e-08
-9.929188107e-08
2.362816448e-08
-1.017105541e-07
2.009993678e-08
-1.037623041e-07
1.633508696e-08
-1.054235734e-07
1.235466557e-08
-1.066722577e-07
8.183804989e-09
-1.074880604e-07
3.851911383e-09
-1.078528864e-07
-6.072361551e-10
-1.077512808e-07
-5.15546579e-09
-1.071708987e-07
-9.75034281e-09
-1.061030109e-07
-1.434537517e-08
-1.045430302e-07
-1.889037838e-08
-1.024910457e-07
-2.333197093e-08
-9.995235013e-08
-2.761421976e-08
-9.693793981e-08
-3.167944266e-08
-9.346496147e-08
-3.546917001e-08
-8.955707963e-08
-3.892526269e-08
-8.524473384e-08
-4.199117559e-08
-8.056525546e-08
-4.461334765e-08
-7.556281418e-08
-4.674269005e-08
-7.028816781e-08
-4.833613417e-08
-6.479819456e-08
-4.93581917e-08
-5.9155195e-08
-4.978247163e-08
-5.342596141e-08
-4.959309295e-08
-4.768062427e-08
-4.878593006e-08
-4.199129914e-08
-4.73696297e-08
-3.643057051e-08
-4.536634463e-08
-3.106986208e-08
-4.281214074e-08
-2.597775303e-08
-3.975704899e-08
-2.12183075e-08
-3.626475211e-08
-1.684948771e-08
-3.241191528e-08
-1.292171953e-08
-2.828718891e-08
-9.476673775e-09
-2.398992718e-08
-6.546315176e-09
-1.962867804e-08
-4.152256702e-09
-1.531950813e-08
-2.305439998e-09
-1.118420095e-08
-1.006150183e-09
-7.348275437e-09
-2.443333477e-10
-3.93912069e-09
-1.086608546e-09
-4.407596029e-10
3.305431172e-09
-1.657815329e-09
9.571954666e-09
-3.553477552e-09
1.542942118e-08
-6.038301463e-09
2.082909234e-08
-9.030874517e-09
2.574212183e-08
-1.24575015e-08
3.015410039e-08
-1.625171678e-08
3.406200876e-08
-2.035367537e-08
3.747156417e-08
-2.470947815e-08
4.039477149e-08
-2.927046996e-08
4.284776814e-08
-3.399253833e-08
4.484898523e-08
-3.883543412e-08
4.641762655e-08
-4.376212931e-08
4.757246332e-08
-4.873822319e-08
4.833093623e-08
-5.373140468e-08
4.87085489e-08
-5.871097573e-08
4.871853058e-08
-6.364743834e-08
4.837173988e-08
-6.851214619e-08
4.76767773e-08
-7.32770197e-08
4.664027156e-08
-7.791432267e-08
4.526730354e-08
-8.239649736e-08
4.356193269e-08
-8.669605457e-08
4.152779257e-08
-9.078551517e-08
3.91687254e-08
-9.463739963e-08
3.648942979e-08
-9.822426299e-08
3.349609962e-08
-1.015187732e-07
3.019703675e-08
-1.044938322e-07
2.660322348e-08
-1.071227398e-07
2.272884433e-08
-1.093794013e-07
1.859174848e-08
-1.112385817e-07
1.421384598e-08
-1.126762075e-07
9.62143075e-09
-1.136697194e-07
4.845423297e-09
-1.141984782e-07
-7.847729324e-11
-1.14244219e-07
-5.109725081e-09
-1.137915641e-07
-1.020299768e-08
-1.128285771e-07
-1.530836221e-08
-1.113473578e-07
-2.037159769e-08
-1.093446626e-07
-2.533466609e-08
-1.068225338e-07
-3.013634862e-08
-1.037889154e-07
-3.471306099e-08
-1.002582303e-07
-3.899985515e-08
-9.625188449e-08
-4.293160848e-08
-9.179866632e-08
-4.644439376e-08
-8.693500134e-08
-4.947701264e-08
-8.170502706e-08
-5.197266434e-08
-7.616045259e-08
-5.388070864e-08
-7.036017402e-08
-5.515847027e-08
-6.43696251e-08
-5.577302055e-08
-5.825985407e-08
-5.570286398e-08
-5.210633184e-08
-5.493945231e-08
-4.59875124e-08
-5.348844914e-08
-3.998318329e-08
-5.137067374e-08
-3.41726594e-08
-4.862266463e-08
-2.863288753e-08
-4.529682086e-08
-2.343653873e-08
-4.146110092e-08
-1.865017068e-08
-3.719828334e-08
-1.433254148e-08
-3.260481811e-08
-1.053314928e-08
-2.778931939e-08
-7.29105908e-09
-2.287076824e-08
-4.63405964e-09
-1.797650757e-08
-2.578172304e-09
-1.324008828e-08
-1.127517499e-09
-8.798930245e-09
-2.744946747e-10
-4.792143516e-09
-1.361103221e-09
-4.639750573e-10
3.769406226e-09
-1.743683495e-09
1.08516631e-08
-3.734985823e-09
1.74207235e-08
-6.342617848e-09
2.343672436e-08
-9.480001945e-09
2.887950592e-08
-1.306894344e-08
3.374304188e-08
-1.703913329e-08
3.80321986e-08
-2.132751139e-08
4.175994227e-08
-2.587755003e-08
4.494481013e-08
-3.063849993e-08
4.760871803e-08
-3.556463065e-08
4.977511595e-08
-4.061448978e-08
5.146748567e-08
-4.575019902e-08
5.270817256e-08
-5.093680057e-08
5.351753777e-08
-5.614166276e-08
5.391341109e-08
-6.133395075e-08
5.391081857e-08
-6.648416494e-08
5.352195406e-08
-7.156374764e-08
5.275636e-08
-7.654475648e-08
5.162128039e-08
-8.139960176e-08
5.012214881e-08
-8.61008439e-08
4.826317483e-08
-9.062104695e-08
4.604799561e-08
-9.49326839e-08
4.348036235e-08
-9.900809039e-08
4.056483628e-08
-1.028194641e-07
3.730747331e-08
-1.063389081e-07
3.371648078e-08
-1.095385186e-07
2.980283396e-08
-1.123905173e-07
2.558084298e-08
-1.148674317e-07
2.106866295e-08
-1.16942327e-07
1.628874127e-08
-1.185890922e-07
1.12681959e-08
-1.197827864e-07
6.03911748e-09
-1.205000496e-07
6.387858902e-10
-1.207195706e-07
-4.890204011e-09
-1.204226408e-07
-1.049992756e-08
-1.195937486e-07
-1.613725436e-08
-1.182212473e-07
-2.174409902e-08
-1.162980617e-07
-2.725785164e-08
-1.138224252e-07
-3.261198513e-08
-1.107986215e-07
-3.77368647e-08
-1.07237704e-07
-4.256077272e-08
-1.031581561e-07
-4.701115631e-08
-9.858645415e-08
-5.101609575e-08
-9.355748649e-08
-5.45059803e-08
-8.81147862e-08
-5.741536463e-08
-8.231053116e-08
-5.968496369e-08
-7.620527333e-08
-6.12637281e-08
-6.98673662e-08
-6.211092768e-08
-6.337207233e-08
-6.219815786e-08
-5.680034888e-08
-6.151117576e-08
-5.023732804e-08
-6.005146998e-08
-4.377052923e-08
-5.783747255e-08
-3.748786034e-08
-5.490533352e-08
-3.147548288e-08
-5.130919833e-08
-2.581562982e-08
-4.712095398e-08
-2.058447254e-08
-4.242944062e-08
-1.585013396e-08
-3.733915669e-08
-1.167093757e-08
-3.196851578e-08
-8.093967085e-09
-2.644773873e-08
-5.153988684e-09
-2.091648597e-08
-2.872762477e-09
-1.552131449e-08
-1.258749272e-09
-1.041294345e-08
-3.071580741e-10
-5.743734715e-09
-1.668261296e-09
-4.85347374e-10
4.254753595e-09
-1.822759611e-09
1.218907533e-08
-3.902217324e-09
1.950018121e-08
-6.623171788e-09
2.615767882e-08
-9.8943614e-09
3.215069553e-08
-1.363351089e-08
3.748219137e-08
-1.776682335e-08
4.216551105e-08
-2.222831996e-08
4.622143888e-08
-2.695908943e-08
4.96755796e-08
-3.190649158e-08
5.255612018e-08
-3.702334958e-08
5.489197394e-08
-4.226715736e-08
5.671129345e-08
-4.759932277e-08
5.804033796e-08
-5.29844612e-08
5.89026762e-08
-5.838975026e-08
5.931870014e-08
-6.378435158e-08
5.930541989e-08
-6.913890308e-08
5.887650556e-08
-7.44250817e-08
5.804253861e-08
-7.961523496e-08
5.681143365e-08
-8.468207785e-08
5.518899169e-08
-8.959845071e-08
5.317954769e-08
-9.433713342e-08
5.078667832e-08
-9.887071147e-08
4.80139404e-08
-1.031714902e-07
4.4865615e-08
-1.072114545e-07
4.134743765e-08
-1.109622733e-07
3.746729958e-08
-1.143953485e-07
3.323590916e-08
-1.174819116e-07
2.866740601e-08
-1.201931706e-07
2.377992199e-08
-1.225005137e-07
1.859608434e-08
-1.243757736e-07
1.314345578e-08
-1.257915609e-07
7.454904756e-09
-1.267216708e-07
1.568895876e-09
-1.271415645e-07
-4.470310376e-09
-1.270289466e-07
-1.061254541e-08
-1.263644048e-07
-1.680179622e-08
-1.251321407e-07
-2.297636306e-08
-1.233207649e-07
-2.906922749e-08
-1.209241419e-07
-3.500860816e-08
-1.179422651e-07
-4.071874142e-08
-1.1438213e-07
-4.61209079e-08
-1.102585665e-07
-5.113471975e-08
-1.055949884e-07
-5.567967385e-08
-1.004240054e-07
-5.967696335e-08
-9.478784563e-08
-6.305152438e-08
-8.873853325e-08
-6.573427608e-08
-8.233776853e-08
-6.766449282e-08
-7.565646843e-08
-6.879222779e-08
-6.877393651e-08
-6.908068978e-08
-6.177665036e-08
-6.850846191e-08
-5.475667593e-08
-6.707144442e-08
-4.780974314e-08
-6.478440534e-08
-4.103304213e-08
-6.168203453e-08
-3.452282285e-08
-5.781941761e-08
-2.837189952e-08
-5.327187731e-08
-2.266717354e-08
-4.81341666e-08
-1.748729137e-08
-4.251903887e-08
-1.290054728e-08
-3.655525986e-08
-8.963123878e-09
-3.038516214e-08
-5.717736765e-09
-2.416187309e-08
-3.19271888e-09
-1.804633238e-08
-1.40155454e-09
-1.220410779e-08
-3.42800359e-10
-6.802488898e-09
-2.011061655e-09
-5.047523334e-10
4.759505926e-09
-1.894599006e-09
1.357892199e-08
-4.054248784e-09
2.165983098e-08
-6.8784298e-09
2.898185983e-08
-1.027169664e-08
3.554396236e-08
-1.414812654e-08
4.135862126e-08
-1.84308012e-08
4.644818571e-08
-2.305112823e-08
5.08417659e-08
-2.794806444e-08
5.457251581e-08
-3.30672869e-08
5.767534263e-08
-3.836034694e-08
6.018503397e-08
-4.37838357e-08
6.21347822e-08
-4.929858292e-08
6.355508518e-08
-5.486890544e-08
6.447299871e-08
-6.046191665e-08
6.491171134e-08
-6.604690399e-08
6.489040723e-08
-7.15947779e-08
6.442437946e-08
-7.707759238e-08
6.352535308e-08
-8.246813519e-08
6.220197646e-08
-8.77395839e-08
6.04604404e-08
-9.286522292e-08
5.830518671e-08
-9.781821662e-08
5.573967202e-08
-1.025714337e-07
5.276715747e-08
-1.070973191e-07
4.939150037e-08
-1.113678108e-07
4.561792938e-08
-1.153543013e-07
4.145379009e-08
-1.190276441e-07
3.690925196e-08
-1.223582089e-07
3.199797083e-08
-1.253159903e-07
2.673770334e-08
-1.278707759e-07
2.115086996e-08
-1.299923828e-07
1.526506261e-08
-1.316509688e-07
9.113490773e-09
-1.328174285e-07
2.735355625e-09
-1.334638754e-07
-3.823863553e-09
-1.335642377e-07
-1.051218305e-08
-1.33094931e-07
-1.727110293e-08
-1.320356474e-07
-2.403564668e-08
-1.303702313e-07
-3.073464357e-08
-1.280876327e-07
-3.729120683e-08
-1.251829161e-07
-4.362345796e-08
-1.216582962e-07
-4.964552785e-08
-1.175241574e-07
-5.52688585e-08
-1.128000111e-07
-6.040382021e-08
-1.075153294e-07
-6.496164497e-08
-1.017101948e-07
-6.8856659e-08
-9.543569491e-08
-7.2008776e-08
-8.875399938e-08
-7.434618835e-08
-8.173805845e-08
-7.580816873e-08
-7.447087744e-08
-7.634787079e-08
-6.704434113e-08
-7.593499822e-08
-5.955758635e-08
-7.45581992e-08
-5.211495117e-08
-7.222704052e-08
-4.482356009e-08
-6.897342562e-08
-3.779063484e-08
-6.485234285e-08
-3.112064648e-08
-5.994186568e-08
-2.491244179e-08
-5.434237129e-08
-1.925648501e-08
-4.817499565e-08
-1.423235012e-08
-4.157939475e-08
-9.906581465e-09
-3.47109308e-08
-6.331009502e-09
-2.773744505e-08
-3.541571623e-09
-2.083577026e-08
-1.557656374e-09
-1.418802304e-08
-3.819023992e-10
-7.978242873e-09
-2.392964055e-09
-5.220625661e-10
5.281568488e-09
-1.958751108e-09
1.501561053e-08
-4.190152889e-09
2.389123275e-08
-7.106862341e-09
3.189856928e-08
-1.060976853e-08
3.904686854e-08
-1.460974552e-08
4.535859824e-08
-1.90271268e-08
5.086556699e-08
-2.379101491e-08
5.560565401e-08
-2.883848783e-08
5.961998872e-08
-3.411374749e-08
6.295060229e-08
-3.956724615e-08
6.563853263e-08
-4.515481984e-08
6.772235589e-08
-5.083685185e-08
6.923711718e-08
-5.657748359e-08
7.021363045e-08
-6.234388521e-08
7.067811295e-08
-6.810559349e-08
7.065211551e-08
-7.383392101e-08
7.015270698e-08
-7.950143673e-08
6.91928688e-08
-8.508151608e-08
6.77820558e-08
-9.054795638e-08
6.59268807e-08
-9.587465274e-08
6.363188306e-08
-1.010353289e-07
6.090034822e-08
-1.060033186e-07
5.773514713e-08
-1.107513927e-07
5.413957442e-08
-1.152516309e-07
5.01181676e-08
-1.19475337e-07
4.567749621e-08
-1.23392999e-07
4.082691398e-08
-1.269742986e-07
3.557927044e-08
-1.301881756e-07
2.995158029e-08
-1.330029547e-07
2.396564911e-08
-1.353865452e-07
1.764865306e-08
-1.373067218e-07
1.103366743e-08
-1.387314997e-07
4.160133482e-09
-1.396296052e-07
-2.92575807e-09
-1.399710782e-07
-1.017070999e-08
-1.397279651e-07
-1.751421609e-08
-1.388751547e-07
-2.488845711e-08
-1.373913253e-07
-3.221847292e-08
-1.352599986e-07
-3.942253353e-08
-1.324706811e-07
-4.641277544e-08
-1.290200652e-07
-5.309614382e-08
-1.249132473e-07
-5.937567637e-08
-1.201649125e-07
-6.515215504e-08
-1.148004195e-07
-7.032613798e-08
-1.088567139e-07
-7.480036462e-08
-1.023829881e-07
-7.848250176e-08
-9.544100643e-08
-8.128817001e-08
-8.810501686e-08
-8.31441583e-08
-8.046118445e-08
-8.399170319e-08
-7.260650073e-08
-8.378968195e-08
-6.46471519e-08
-8.251754803e-08
-5.669636347e-08
-8.017782895e-08
-4.887177735e-08
-7.679801174e-08
-4.129245636e-08
-7.243166384e-08
-3.407564595e-08
-6.715867609e-08
-2.73334489e-08
-6.108456834e-08
-2.116958272e-08
-5.433886182e-08
-1.567638779e-08
-4.707258969e-08
-1.093223587e-08
-3.945508271e-08
-6.999454514e-09
-3.167022641e-08
-3.922838385e-09
-2.391238638e-08
-1.728779849e-09
-1.638208158e-08
-4.249473264e-10
-9.282075396e-09
-2.817911381e-09
-5.371528104e-10
5.818721296e-09
-2.014776563e-09
1.649323428e-08
-4.309030667e-09
2.618548685e-08
-7.306992603e-09
3.489653121e-08
-1.090642003e-08
4.264629597e-08
-1.501543593e-08
4.946761413e-08
-1.95520009e-08
5.540213196e-08
-2.444321961e-08
6.049687271e-08
-2.96245405e-08
6.480130961e-08
-3.503889284e-08
6.836495462e-08
-4.06357963e-08
7.123543608e-08
-4.637047254e-08
7.345703213e-08
-5.220298253e-08
7.506962716e-08
-5.809740765e-08
7.610805557e-08
-6.402108788e-08
7.660179317e-08
-6.994392532e-08
7.657495295e-08
-7.583775735e-08
7.604653901e-08
-8.16758001e-08
7.503091155e-08
-8.743216011e-08
7.353841581e-08
-9.308141024e-08
7.157613083e-08
-9.859822461e-08
6.914869744e-08
-1.039570672e-07
6.625919079e-08
-1.091319289e-07
6.291000889e-08
-1.140961098e-07
5.910375528e-08
-1.188220431e-07
5.484410086e-08
-1.232811621e-07
5.013661523e-08
-1.274438112e-07
4.498956312e-08
-1.312792055e-07
3.941466466e-08
-1.347554452e-07
3.342782005e-08
-1.378395956e-07
2.704979949e-08
-1.404978403e-07
2.030689773e-08
-1.426957225e-07
1.323154971e-08
-1.443984871e-07
5.862898067e-09
-1.455715287e-07
-1.752716517e-09
-1.461809785e-07
-9.561260133e-09
-1.461944094e-07
-1.750078521e-08
-1.455816989e-07
-2.550116766e-08
-1.443160323e-07
-3.348413947e-08
-1.423750449e-07
-4.13635209e-08
-1.397420878e-07
-4.904573259e-08
-1.364075919e-07
-5.643063974e-08
-1.32370491e-07
-6.341277729e-08
-1.27639649e-07
-6.988299699e-08
-1.222352234e-07
-7.573056363e-08
-1.161898806e-07
-8.084570734e-08
-1.095497713e-07
-8.512261111e-08
-1.023751623e-07
-8.846277903e-08
-9.474062814e-08
-9.077869242e-08
-8.673471066e-08
-9.199762068e-08
-7.845897669e-08
-9.206541592e-08
-7.002643549e-08
-9.095008923e-08
-6.155931586e-08
-8.864494857e-08
-5.318625096e-08
-8.517107665e-08
-4.503896755e-08
-8.057894724e-08
-3.724862325e-08
-7.494902039e-08
-2.994197223e-08
-6.839121936e-08
-2.323756349e-08
-6.104327055e-08
-1.724217967e-08
-5.306797351e-08
-1.204770778e-08
-4.46495546e-08
-7.728595455e-09
-3.598933874e-08
-4.339994072e-09
-2.730098777e-08
-1.916642173e-09
-1.880543348e-08
-4.724193672e-10
-1.07262982e-08
-3.290330748e-09
-5.499055829e-10
6.368626876e-09
-2.062266144e-09
1.800559483e-08
-4.410048093e-09
2.85332688e-08
-7.47745292e-09
3.796393603e-08
-1.115965299e-08
4.632849603e-08
-1.536247555e-08
5.367043669e-08
-2.000188123e-08
6.004153763e-08
-2.500327783e-08
6.549826931e-08
-3.030072528e-08
7.009875706e-08
-3.583607312e-08
7.390030246e-08
-4.155806484e-08
7.69574278e-08
-4.742143816e-08
7.932040545e-08
-5.338604549e-08
8.103423449e-08
-5.941601334e-08
8.213802342e-08
-6.547895478e-08
8.26647346e-08
-7.154524387e-08
8.264124204e-08
-7.758735715e-08
8.208865229e-08
-8.357928305e-08
8.102283744e-08
-8.949599754e-08
7.94551303e-08
-9.531300212e-08
7.739313541e-08
-1.010059189e-07
7.484161423e-08
-1.065501374e-07
7.180340933e-08
-1.119205081e-07
6.828037953e-08
-1.170910782e-07
6.427432537e-08
-1.220348686e-07
5.978789132e-08
-1.267236908e-07
5.482543742e-08
-1.311280059e-07
4.939387825e-08
-1.352168316e-07
4.350349028e-08
-1.389577025e-07
3.716869093e-08
-1.423166954e-07
3.040879245e-08
-1.452585297e-07
2.324873206e-08
-1.477467572e-07
1.571977713e-08
-1.497440569e-07
7.860197798e-09
-1.512126569e-07
-2.841165173e-10
-1.52114859e-07
-8.659058012e-09
-1.524137744e-07
-1.720186977e-08
-1.52074167e-07
-2.58407751e-08
-1.510634995e-07
-3.449480698e-08
-1.493531446e-07
-4.307387578e-08
-1.469197599e-07
-5.14791173e-08
-1.437468058e-07
-5.96035938e-08
-1.398261716e-07
-6.733341152e-08
-1.351598556e-07
-7.454931296e-08
-1.297616291e-07
-8.112879015e-08
-1.236585919e-07
-8.694874452e-08
-1.168925135e-07
-9.188868949e-08
-1.095208389e-07
-9.58344537e-08
-1.016172346e-07
-9.868229671e-08
-9.327155662e-08
-1.003432986e-07
-8.458913807e-08
-1.007478345e-07
-7.568932806e-08
-9.984989924e-08
-6.670325798e-08
-9.763101865e-08
-5.777086685e-08
-9.410346777e-08
-4.903727951e-08
-8.931253458e-08
-4.064869215e-08
-8.333760776e-08
-3.27479723e-08
-7.62919392e-08
-2.547021648e-08
-6.832102637e-08
-1.893852242e-08
-5.959966758e-08
-1.326022021e-08
-5.03278568e-08
-8.523765942e-09
-4.072579301e-08
-4.796441366e-09
-3.102831234e-08
-2.122943602e-09
-2.147893124e-08
-5.248029697e-10
-1.232443883e-08
-3.815133717e-09
-5.602171815e-10
6.928844056e-09
-2.100861168e-09
1.954623882e-08
-4.492476203e-09
3.092488383e-08
-7.61704746e-09
4.108850728e-08
-1.136771452e-08
5.007916309e-08
-1.564846217e-08
5.795118434e-08
-2.037361623e-08
6.476669169e-08
-2.546717774e-08
7.059183081e-08
-3.086204641e-08
7.549362573e-08
-3.649917168e-08
7.953742773e-08
-4.232666382e-08
8.278491993e-08
-4.829889388e-08
8.529263551e-08
-5.437560681e-08
8.711094742e-08
-6.052106732e-08
8.828348393e-08
-6.670325332e-08
8.88469206e-08
-7.289310689e-08
8.883109561e-08
-7.906384844e-08
8.825939384e-08
-8.519035565e-08
8.714934465e-08
-9.124860587e-08
8.551338052e-08
-9.721517836e-08
8.33597079e-08
-1.030668113e-07
8.069324714e-08
-1.08780008e-07
7.75166061e-08
-1.143306882e-07
7.383105964e-08
-1.196938781e-07
6.963751534e-08
-1.248434406e-07
6.493745379e-08
-1.297518411e-07
5.973383794e-08
-1.343899548e-07
5.40319919e-08
-1.387269174e-07
4.784045287e-08
-1.427300285e-07
4.117180211e-08
-1.463647166e-07
3.404348056e-08
-1.495945781e-07
2.647859352e-08
-1.523815059e-07
1.85067049e-08
-1.546859243e-07
1.016461623e-08
-1.564671558e-07
1.497114984e-09
-1.576838899e-07
-7.442323905e-09
-1.582949118e-07
-1.659084791e-08
-1.582598958e-07
-2.587579109e-08
-1.575404745e-07
-3.521422828e-08
-1.561014928e-07
-4.451285742e-08
-1.539124685e-07
-5.366814167e-08
-1.509492454e-07
-6.256681684e-08
-1.471958128e-07
-7.108684411e-08
-1.426462396e-07
-7.909888619e-08
-1.37306654e-07
-8.646837572e-08
-1.311971724e-07
-9.305822611e-08
-1.243536574e-07
-9.873220452e-08
-1.168291663e-07
-1.033589448e-07
-1.086949379e-07
-1.068165251e-07
-1.000407646e-07
-1.089974719e-07
-9.097461054e-08
-1.098139885e-07
-8.162136763e-08
-1.092031421e-07
-7.212069115e-08
-1.071316951e-07
-6.262392109e-08
-1.036002378e-07
-5.329017159e-08
-9.864628408e-08
-4.428174959e-08
-9.234602975e-08
-3.575913582e-08
-8.481455298e-08
-2.787581539e-08
-7.62043468e-08
-2.077327362e-08
-6.670220934e-08
-1.457646713e-08
-5.652466329e-08
-9.390039124e-09
-4.591222101e-08
-5.29547967e-09
-3.51228718e-08
-2.349357969e-09
-2.442505294e-08
-5.825819079e-10
-1.409121489e-08
-4.397715625e-09
-5.680039964e-10
7.496848049e-09
-2.130275169e-09
2.110850999e-08
-4.555734137e-09
3.335034279e-08
-7.724820153e-09
4.42575933e-08
-1.152919155e-08
5.388353448e-08
-1.587143514e-08
6.229342793e-08
-2.06645936e-08
6.955985015e-08
-2.583153523e-08
7.575877244e-08
-3.130421094e-08
8.096630143e-08
-3.702283278e-08
8.525604957e-08
-4.293500462e-08
8.869709176e-08
-4.899483279e-08
9.135246369e-08
-5.516204155e-08
9.327815617e-08
-6.140111344e-08
9.452255583e-08
-6.768047057e-08
9.512627773e-08
-7.397170759e-08
9.512233263e-08
-8.02488831e-08
9.453656936e-08
-8.648787192e-08
9.338833346e-08
-9.266577727e-08
9.169128587e-08
-9.876039996e-08
8.94543306e-08
-1.047497596e-07
8.668260681e-08
-1.106116629e-07
8.337850932e-08
-1.16323313e-07
7.954270976e-08
-1.218609578e-07
7.51751602e-08
-1.271995725e-07
7.027606846e-08
-1.323125768e-07
6.484684223e-08
-1.371715892e-07
5.889100429e-08
-1.417462216e-07
5.24150853e-08
-1.460039222e-07
4.542950266e-08
-1.499098756e-07
3.794943399e-08
-1.534269744e-07
2.999569234e-08
-1.565158761e-07
2.159560666e-08
-1.591351656e-07
1.278390565e-08
-1.612416433e-07
3.603592742e-09
-1.627907446e-07
-5.893222578e-09
-1.637371863e-07
-1.564440628e-08
-1.64035727e-07
-2.557725038e-08
-1.636422099e-07
-3.560774532e-08
-1.625148288e-07
-4.564023854e-08
-1.606156418e-07
-5.556732869e-08
-1.57912333e-07
-6.527012557e-08
-1.543802032e-07
-7.461897392e-08
-1.500043486e-07
-8.347474084e-08
-1.447819619e-07
-9.169076234e-08
-1.387246588e-07
-9.911552923e-08
-1.318606997e-07
-1.055961637e-07
-1.242369512e-07
-1.109826934e-07
-1.159204057e-07
-1.151330706e-07
-1.069990681e-07
-1.179188095e-07
-9.758202533e-08
-1.192310313e-07
-8.779854056e-08
-1.189866269e-07
-7.779606733e-08
-1.171341684e-07
-6.773715075e-08
-1.136591544e-07
-5.77952756e-08
-1.085881592e-07
-4.814982085e-08
-1.019914845e-07
-3.898037691e-08
-9.398399692e-08
-3.046076079e-08
-8.472396292e-08
-2.275311304e-08
-7.440985709e-08
-1.600246786e-08
-6.327530847e-08
-1.033214929e-08
-5.158253958e-08
-5.840270216e-09
-3.961475087e-08
-2.597521817e-09
-2.766780134e-08
-6.462381193e-10
-1.604249859e-08
-5.043953744e-09
-5.732090487e-10
8.070057097e-09
-2.15031662e-09
2.268561756e-08
-4.599434611e-09
3.579946078e-08
-7.800126988e-09
4.745828567e-08
-1.16431121e-08
5.772651959e-08
-1.603000645e-08
6.668032228e-08
-2.087290105e-08
7.440274473e-08
-2.609378409e-08
8.097965548e-08
-3.162384794e-08
8.649636528e-08
-3.740271006e-08
9.103491169e-08
-4.33775762e-08
9.467195791e-08
-4.950237318e-08
9.747726066e-08
-5.573687603e-08
9.951265903e-08
-6.204585097e-08
1.008315308e-07
-6.839823091e-08
1.014786577e-07
-7.476633605e-08
1.014904378e-07
-8.112514697e-08
1.008953803e-07
-8.7451634e-08
9.971482049e-08
-9.372414267e-08
9.796379454e-08
-9.992183273e-08
9.565202066e-08
-1.060241665e-07
9.27849406e-08
-1.120104414e-07
8.936478424e-08
-1.178593617e-07
8.539163008e-08
-1.235486453e-07
8.086444374e-08
-1.290546624e-07
7.578208554e-08
-1.343521059e-07
7.014428574e-08
-1.394136938e-07
6.395259224e-08
-1.44209908e-07
5.721129946e-08
-1.48708775e-07
4.992836969e-08
-1.528756995e-07
4.211635853e-08
-1.566733615e-07
3.379335432e-08
-1.600616934e-07
2.498393861e-08
-1.629979575e-07
1.572016973e-08
-1.654369448e-07
6.042580056e-09
-1.673313124e-07
-3.998855037e-09
-1.686321262e-07
-1.434359239e-08
-1.692895634e-07
-2.491981322e-08
-1.692538878e-07
-3.564342088e-08
-1.68476689e-07
-4.64174374e-08
-1.669124094e-07
-5.713160827e-08
-1.645201752e-07
-6.766235975e-08
-1.612659249e-07
-7.787322425e-08
-1.571248092e-07
-8.761585648e-08
-1.520838057e-07
-9.673176583e-08
-1.461444541e-07
-1.050548809e-07
-1.393255805e-07
-1.124150372e-07
-1.316658381e-07
-1.186424358e-07
-1.232258545e-07
-1.235730542e-07
-1.140897557e-07
-1.270549082e-07
-1.043658275e-07
-1.289549595e-07
-9.418609736e-08
-1.29166357e-07
-8.370466949e-08
-1.276155962e-07
-7.309472522e-08
-1.242690987e-07
-6.254421017e-08
-1.191386743e-07
-5.225035353e-08
-1.122853411e-07
-4.24132923e-08
-1.038210581e-07
-3.322918489e-08
-9.390807033e-08
-2.488327599e-08
-8.275576598e-08
-1.754340288e-08
-7.061518159e-08
-1.135440234e-08
-5.777154011e-08
-6.433795491e-09
-4.453535771e-08
-2.869021239e-09
-3.123257559e-08
-7.162500199e-10
-1.819526981e-08
-5.760203763e-09
-5.758087353e-10
8.645865831e-09
-2.160912514e-09
2.427072133e-08
-4.62343142e-09
3.826197968e-08
-7.842711942e-09
5.067756619e-08
-1.170905207e-08
6.159285972e-08
-1.612349946e-08
7.109476967e-08
-2.099749706e-08
7.927674233e-08
-2.625237839e-08
8.623453681e-08
-3.18187422e-08
9.206272908e-08
-3.763573125e-08
9.685190075e-08
-4.365024144e-08
1.006864681e-07
-4.981608764e-08
1.036431069e-07
-5.609315191e-08
1.057897233e-07
-6.244653645e-08
1.071849153e-07
-6.88457397e-08
1.078778609e-07
-7.526386946e-08
1.079085675e-07
-8.167690217e-08
1.07308413e-07
-8.806299303e-08
1.061009114e-07
-9.440183805e-08
1.043026396e-07
-1.006740863e-07
1.019242689e-07
-1.068607983e-07
9.897165266e-08
-1.129429466e-07
9.544693255e-08
-1.189009523e-07
9.134963572e-08
-1.247142542e-07
8.667774567e-08
-1.303609076e-07
8.142873891e-08
-1.358172095e-07
7.560058771e-08
-1.410573529e-07
6.91927356e-08
-1.460531104e-07
6.220705694e-08
-1.507735547e-07
5.464881409e-08
-1.551848232e-07
4.652762701e-08
-1.592499372e-07
3.785846831e-08
-1.629286931e-07
2.866269452e-08
-1.661776432e-07
1.896911982e-08
-1.689501919e-07
8.81512879e-09
-1.711968344e-07
-1.752212541e-09
-1.728655485e-07
-1.267487825e-08
-1.739024412e-07
-2.388292053e-08
-1.742525943e-07
-3.529326782e-08
-1.738612369e-07
-4.68087948e-08
-1.726752387e-07
-5.831760645e-08
-1.706449595e-07
-6.969263896e-08
-1.677264691e-07
-8.07917146e-08
-1.638841291e-07
-9.145819651e-08
-1.590934943e-07
-1.015224006e-07
-1.533444539e-07
-1.108039213e-07
-1.466444805e-07
-1.191150106e-07
-1.390218064e-07
-1.262651098e-07
-1.305282932e-07
-1.320665674e-07
-1.212417211e-07
-1.363414804e-07
-1.11267202e-07
-1.389294785e-07
-1.007374277e-07
-1.396961314e-07
-8.98115048e-08
-1.385415191e-07
-7.867221742e-08
-1.354083861e-07
-6.752167547e-08
-1.302892162e-07
-5.657546392e-08
-1.232315527e-07
-4.605556945e-08
-1.143409526e-07
-3.618251566e-08
-1.037811241e-07
-2.716725536e-08
-9.177102628e-08
-1.920342768e-08
-7.857900926e-08
-1.246057264e-08
-6.451439514e-08
-7.078811346e-09
-4.991711901e-08
-3.165375654e-09
-3.514601127e-08
-7.930901027e-10
-2.056755536e-08
-6.553293865e-09
-5.758197123e-10
9.221685543e-09
-2.162132673e-09
2.585703429e-08
-4.627868673e-09
4.072771568e-08
-7.85278603e-09
5.390248355e-08
-1.172724689e-08
6.546732058e-08
-1.615209413e-08
7.551961691e-08
-2.10383898e-08
8.4163038e-08
-2.630700455e-08
9.150315156e-08
-3.188807868e-08
9.764380322e-08
-3.772037486e-08
1.026841969e-07
-4.37505461e-08
1.067166393e-07
-4.993234549e-08
1.098249063e-07
-5.622580394e-08
1.120831818e-07
-6.259640001e-08
1.135555114e-07
-6.90142421e-08
1.14295703e-07
-7.545327871e-08
1.143476041e-07
-8.189054768e-08
1.13745682e-07
-8.83054706e-08
1.125158343e-07
-9.467919475e-08
1.106763637e-07
-1.009939817e-07
1.082390559e-07
-1.072326396e-07
1.052103105e-07
-1.133779943e-07
1.015922873e-07
-1.194123957e-07
9.738403716e-08
-1.253172532e-07
9.258260309e-08
-1.310725972e-07
8.718408295e-08
-1.366566654e-07
8.118465595e-08
-1.420455111e-07
7.45815813e-08
-1.472126363e-07
6.737418211e-08
-1.521286532e-07
5.956483099e-08
-1.567609806e-07
5.115995446e-08
-1.610735852e-07
4.21710729e-08
-1.650267812e-07
3.261589049e-08
-1.685771073e-07
2.251944591e-08
-1.716773056e-07
1.191532713e-08
-1.742764496e-07
8.469314488e-10
-1.763201412e-07
-1.06311866e-08
-1.777511094e-07
-2.245195232e-08
-1.785098479e-07
-3.453452928e-08
-1.785356872e-07
-4.67829555e-08
-1.777681976e-07
-5.908509609e-08
-1.761489977e-07
-7.131183879e-08
-1.73624005e-07
-8.331670735e-08
-1.701461408e-07
-9.493606067e-08
-1.656784747e-07
-1.059900667e-07
-1.601977433e-07
-1.162846527e-07
-1.536981278e-07
-1.256146261e-07
-1.46195105e-07
-1.337681327e-07
-1.377291225e-07
-1.405325498e-07
-1.283687847e-07
-1.457018182e-07
-1.182131903e-07
-1.49085073e-07
-1.073930519e-07
-1.505162698e-07
-9.607025338e-08
-1.498643176e-07
-8.443558437e-08
-1.470430551e-07
-7.270452637e-08
-1.420202742e-07
-6.111114498e-08
-1.348249341e-07
-4.990035115e-08
-1.255517464e-07
-3.931900039e-08
-1.143624749e-07
-2.960647042e-08
-1.014835562e-07
-2.098546263e-08
-8.720001705e-08
-1.365378452e-08
-7.184607325e-08
-7.777790684e-09
-5.579311284e-08
-3.488017944e-09
-3.943578401e-08
-8.77221634e-10
-2.317835166e-08
-7.430515498e-09
-5.733059279e-10
9.79499147e-09
-2.154214728e-09
2.743794309e-08
-4.613231644e-09
4.31867326e-08
-7.831109186e-09
5.712036109e-08
-1.169870722e-08
6.933491861e-08
-1.61169777e-08
7.993788739e-08
-2.099682255e-08
8.904288284e-08
-2.625880058e-08
9.67651296e-08
-3.18326947e-08
1.032176973e-07
-3.765695435e-08
1.085084566e-07
-4.367803501e-08
1.1273772e-07
-4.98496616e-08
1.159965328e-07
-5.61320433e-08
1.183655635e-07
-6.249106605e-08
1.199145341e-07
-6.88974854e-08
1.207021224e-07
-7.53261376e-08
1.207762563e-07
-8.175518195e-08
1.201747263e-07
-8.816538251e-08
1.189260348e-07
-9.453943282e-08
1.17050414e-07
-1.008613241e-07
1.145609471e-07
-1.071157543e-07
1.114647407e-07
-1.132875747e-07
1.077641078e-07
-1.193612691e-07
1.034577315e-07
-1.2532046e-07
9.854179399e-08
-1.311474393e-07
9.301106227e-08
-1.368227186e-07
8.685993529e-08
-1.42324598e-07
8.00834607e-08
-1.476287528e-07
7.267833684e-08
-1.527078401e-07
6.464391837e-08
-1.575311309e-07
5.598324524e-08
-1.620641731e-07
4.670411511e-08
-1.662685e-07
3.682021742e-08
-1.70101399e-07
2.635234488e-08
-1.735157642e-07
1.532969236e-08
-1.764600731e-07
3.791240401e-09
-1.788784468e-07
-8.212812942e-09
-1.807110711e-07
-2.0619328e-08
-1.818946492e-07
-3.335095112e-08
-1.82363306e-07
-4.631429875e-08
-1.820498421e-07
-5.939855991e-08
-1.808874337e-07
-7.247424719e-08
-1.788118375e-07
-8.539230358e-08
-1.757641458e-07
-9.798375236e-08
-1.716941033e-07
-1.100601092e-07
-1.665639525e-07
-1.214148034e-07
-1.603527135e-07
-1.318258652e-07
-1.53060725e-07
-1.410601211e-07
-1.447141906e-07
-1.488790843e-07
-1.353693813e-07
-1.550466275e-07
-1.251160798e-07
-1.593383745e-07
-1.140797998e-07
-1.615525498e-07
-1.024223278e-07
-1.615217896e-07
-9.034019735e-08
-1.591251855e-07
-7.806085116e-08
-1.542996204e-07
-6.583645255e-08
-1.470493327e-07
-5.393556538e-08
-1.374526336e-07
-4.263319225e-08
-1.25664848e-07
-3.219990347e-08
-1.11916845e-07
-2.289095847e-08
-9.650896204e-08
-1.493637765e-08
-7.980065407e-08
-8.532858088e-09
-6.21966324e-08
-3.838270603e-09
-4.413037149e-08
-9.690943521e-10
-2.604752791e-08
-8.399609849e-09
-5.683857919e-10
1.036337726e-08
-2.137589838e-09
2.900714714e-08
-4.58039933e-09
4.562954209e-08
-7.779075058e-09
6.031903682e-08
-1.162533888e-08
7.318118244e-08
-1.60205005e-08
8.433304901e-08
-2.087546471e-08
9.389784705e-08
-2.611058101e-08
1.020002459e-07
-3.165533698e-08
1.087624533e-07
-3.7447906e-08
1.143010256e-07
-4.343456994e-08
1.187243839e-07
-4.956904456e-08
1.221310075e-07
-5.581173745e-08
1.246082564e-07
-6.212896757e-08
1.262317643e-07
-6.849217183e-08
1.270653266e-07
-7.487711957e-08
1.271612041e-07
-8.126315022e-08
1.26560757e-07
-8.763244444e-08
1.252953291e-07
-9.39693341e-08
1.233873037e-07
-1.002596527e-07
1.208512657e-07
-1.064901247e-07
1.176952128e-07
-1.126477912e-07
1.139217742e-07
-1.187194656e-07
1.09529406e-07
-1.246912171e-07
1.045135455e-07
-1.305478739e-07
9.886771915e-08
-1.36272545e-07
9.258460636e-08
-1.418461542e-07
8.565706994e-08
-1.472469873e-07
7.807916995e-08
-1.524502498e-07
6.984718081e-08
-1.574276384e-07
6.096063389e-08
-1.62146932e-07
5.14234087e-08
-1.665716093e-07
4.12448947e-08
-1.706605088e-07
3.044124444e-08
-1.743675521e-07
1.903673564e-08
-1.776415575e-07
7.065245789e-09
-1.804261693e-07
-5.428201067e-09
-1.826600067e-07
-1.838549057e-08
-1.842769762e-07
-3.173398164e-08
-1.852069244e-07
-4.538435059e-08
-1.853766838e-07
-5.922880046e-08
-1.847115892e-07
-7.313934178e-08
-1.831375531e-07
-8.69663397e-08
-1.805837771e-07
-1.005375283e-07
-1.769861495e-07
-1.136577368e-07
-1.722913343e-07
-1.261096186e-07
-1.664614949e-07
-1.376557046e-07
-1.59479506e-07
-1.4804211e-07
-1.513544043e-07
-1.57004186e-07
-1.421267118e-07
-1.6427432e-07
-1.318731595e-07
-1.695919268e-07
-1.207102552e-07
-1.72715454e-07
-1.087961085e-07
-1.734359363e-07
-9.6329972e-08
-1.71591322e-07
-8.354909191e-08
-1.670805005e-07
-7.072269361e-08
-1.59875731e-07
-5.814323474e-08
-1.500320924e-07
-4.611540782e-08
-1.376926749e-07
-3.49437079e-08
-1.230885449e-07
-2.491963895e-08
-1.06533031e-07
-1.630975691e-08
-8.84105361e-08
-9.345715504e-09
-6.91606738e-08
-4.217317871e-09
-4.925876912e-08
-1.069139122e-09
-2.919570665e-08
-9.46874897e-09
-5.612395863e-10
1.092461685e-08
-2.112909401e-09
3.055881695e-08
-4.5306992e-09
4.804733189e-08
-7.698799306e-09
6.348713693e-08
-1.15100673e-08
7.699245043e-08
-1.58663369e-08
8.868931861e-08
-2.067860805e-08
9.871011821e-08
-2.586706599e-08
1.071887038e-07
-3.136092112e-08
1.142563085e-07
-3.709807654e-08
1.20038181e-07
-4.302464387e-08
1.246509513e-07
-4.909433712e-08
1.282007007e-07
-5.526777764e-08
1.307816969e-07
-6.151174297e-08
1.324757296e-07
-6.779838843e-08
1.333519721e-07
-7.410446587e-08
1.334672815e-07
-8.041055751e-08
1.328668486e-07
-8.670033772e-08
1.315851093e-07
-9.295986976e-08
1.296468357e-07
-9.917694071e-08
1.270683366e-07
-1.053404341e-07
1.238587062e-07
-1.114397375e-07
1.200210776e-07
-1.174641806e-07
1.155538491e-07
-1.234024986e-07
1.104518635e-07
-1.292423161e-07
1.047075367e-07
-1.349696445e-07
9.831193477e-08
-1.405683899e-07
9.125581535e-08
-1.460198666e-07
8.353064659e-08
-1.513023134e-07
7.512962769e-08
-1.563904136e-07
6.604873409e-08
-1.612548181e-07
5.628781317e-08
-1.658616796e-07
4.585175624e-08
-1.701722076e-07
3.47517724e-08
-1.741422605e-07
2.300678862e-08
-1.777220044e-07
1.06449897e-08
-1.808556764e-07
-2.29452903e-09
-1.834814498e-07
-1.575971724e-08
-1.855316044e-07
-2.968382702e-08
-1.869328554e-07
-4.398309957e-08
-1.876071396e-07
-5.855451622e-08
-1.87472872e-07
-7.327360932e-08
-1.864467985e-07
-8.799241327e-08
-1.844465556e-07
-1.025377711e-07
-1.813940334e-07
-1.167102591e-07
-1.772195941e-07
-1.302840579e-07
-1.718671427e-07
-1.43008156e-07
-1.652999465e-07
-1.546093061e-07
-1.575069831e-07
-1.647971494e-07
-1.485094514e-07
-1.732718516e-07
-1.383669325e-07
-1.797344457e-07
-1.271825536e-07
-1.838998329e-07
-1.151064299e-07
-1.855120599e-07
-1.02336658e-07
-1.843610938e-07
-8.911725115e-08
-1.802999074e-07
-7.573264791e-08
-1.732603342e-07
-6.249878607e-08
-1.632659543e-07
-4.975116802e-08
-1.50440293e-07
-3.783079509e-08
-1.350089178e-07
-2.70692246e-08
-1.172946015e-07
-1.777422862e-08
-9.770553207e-08
-1.021755995e-08
-7.671734246e-08
-4.626174245e-09
-5.485015482e-08
-1.177761644e-09
-3.264411925e-08
-1.064651061e-08
-5.521172343e-10
1.147673409e-08
-2.08107328e-09
3.2087773e-08
-4.465965049e-09
5.043222366e-08
-7.593212659e-09
6.661438454e-08
-1.135696802e-08
8.07562058e-08
-1.56596528e-08
9.299200339e-08
-2.041236869e-08
1.034628341e-07
-2.553511441e-08
1.123114496e-07
-3.095679204e-08
1.196779861e-07
-3.66150074e-08
1.256963964e-07
-4.245568656e-08
1.304916305e-07
-4.843254182e-08
1.34177556e-07
-5.450642478e-08
1.368555798e-07
-6.064460391e-08
1.386139087e-07
-6.682000016e-08
1.395273684e-07
-7.301040867e-08
1.3965769e-07
-7.919772807e-08
1.390541681e-07
-8.53672126e-08
1.377545938e-07
-9.150675628e-08
1.357863794e-07
-9.760621382e-08
1.331677942e-07
-1.036567587e-07
1.299092511e-07
-1.096502762e-07
1.260145951e-07
-1.155787876e-07
1.214823604e-07
-1.214338992e-07
1.163069752e-07
-1.272062712e-07
1.104799087e-07
-1.32885099e-07
1.039907626e-07
-1.384576011e-07
9.682831742e-08
-1.439085073e-07
8.898155285e-08
-1.492195433e-07
8.044066366e-08
-1.543689061e-07
7.11980969e-08
-1.59330731e-07
6.124963812e-08
-1.640745506e-07
5.059557583e-08
-1.68564752e-07
3.924197388e-08
-1.72760046e-07
2.720208263e-08
-1.7661297e-07
1.449791368e-08
-1.800694832e-07
1.161984149e-09
-1.830685307e-07
-1.276066973e-08
-1.855420775e-07
-2.721028023e-08
-1.874150485e-07
-4.211012855e-08
-1.886058138e-07
-5.736375083e-08
-1.890271118e-07
-7.285231131e-08
-1.885875815e-07
-8.843194361e-08
-1.871940539e-07
-1.039312987e-07
-1.847547428e-07
-1.191495702e-07
-1.811834497e-07
-1.33855351e-07
-1.764048407e-07
-1.477867649e-07
-1.70360761e-07
-1.606533859e-07
-1.630174177e-07
-1.721404927e-07
-1.543730955e-07
-1.819161738e-07
-1.444658723e-07
-1.896416689e-07
-1.333806162e-07
-1.94985089e-07
-1.212543934e-07
-1.976382828e-07
-1.082793541e-07
-1.973361332e-07
-9.470223665e-08
-1.938770248e-07
-8.081986103e-08
-1.871427098e-07
-6.697038631e-08
-1.77115429e-07
-5.35206395e-08
-1.638900398e-07
-4.085041051e-08
-1.476791468e-07
-2.933514397e-08
-1.28809868e-07
-1.932882709e-08
-1.077118489e-07
-1.114899529e-08
-8.489717425e-08
-5.065650252e-09
-6.093349986e-08
-1.295335419e-09
-3.641443408e-08
-1.194184603e-08
-5.413467186e-10
1.20180808e-08
-2.043260372e-09
3.358968666e-08
-4.388599529e-09
5.277756282e-08
-7.466160878e-09
6.969194589e-08
-1.117140564e-08
8.446145057e-08
-1.540728177e-08
9.722787951e-08
-2.008489657e-08
1.081404489e-07
-2.512396151e-08
1.173505145e-07
-3.045298437e-08
1.250070089e-07
-3.600921302e-08
1.31252625e-07
-4.173835695e-08
1.362207744e-07
-4.759412513e-08
1.400333242e-07
-5.353762454e-08
1.427990793e-07
-5.953666245e-08
1.446129466e-07
-6.55649918e-08
1.455556977e-07
-7.160153212e-08
1.456942304e-07
-7.762959127e-08
1.450822272e-07
-8.363610612e-08
1.437611087e-07
-8.961091351e-08
1.417611868e-07
-9.554605759e-08
1.391029383e-07
-1.01435135e-07
1.357983285e-07
-1.072726765e-07
1.318521366e-07
-1.130535601e-07
1.272632441e-07
-1.187724516e-07
1.220258667e-07
-1.244232635e-07
1.161307207e-07
-1.299986269e-07
1.09566126e-07
-1.354893669e-07
1.023190574e-07
-1.40883975e-07
9.437616089e-08
-1.461680698e-07
8.57247585e-08
-1.51323841e-07
7.63538681e-08
-1.563294699e-07
6.625526705e-08
-1.611585258e-07
5.542463172e-08
-1.657793385e-07
4.386278668e-08
-1.701543555e-07
3.157709959e-08
-1.742394994e-07
1.858305764e-08
-1.779835673e-07
4.906052015e-09
-1.813276048e-07
-9.41663222e-09
-1.842046292e-07
-2.433325579e-08
-1.865392772e-07
-3.977548052e-08
-1.882479083e-07
-5.565511969e-08
-1.892391301e-07
-7.186108953e-08
-1.894149186e-07
-8.825615507e-08
-1.886725186e-07
-1.046736987e-07
-1.869073128e-07
-1.20914776e-07
-1.840168394e-07
-1.367458244e-07
-1.799060951e-07
-1.518975093e-07
-1.744941742e-07
-1.660653067e-07
-1.677221599e-07
-1.78912507e-07
-1.595619907e-07
-1.900763431e-07
-1.500257909e-07
-1.991778687e-07
-1.391748979e-07
-2.05835982e-07
-1.271275831e-07
-2.096855975e-07
-1.140643144e-07
-2.103994019e-07
-1.002293996e-07
-2.077119396e-07
-8.592805133e-08
-2.01444058e-07
-7.151833537e-08
-1.915251449e-07
-5.739809758e-08
-1.780102776e-07
-4.398771314e-08
-1.610895313e-07
-3.171024131e-08
-1.410873398e-07
-2.097113682e-08
-1.184509534e-07
-1.213994124e-08
-9.372836983e-08
-5.536316975e-09
-6.753712411e-08
-1.422194385e-09
-4.052855666e-08
-1.336404041e-08
-5.2934352e-10
1.254742433e-08
-2.00096287e-09
3.506130601e-08
-4.301643741e-09
5.50782437e-08
-7.32251491e-09
7.271281706e-08
-1.096018483e-08
8.809912049e-08
-1.511791355e-08
1.013856082e-07
-1.97065953e-08
1.127291307e-07
-2.464546276e-08
1.22289382e-07
-2.986248279e-08
1.30224029e-07
-3.5294451e-08
1.366845933e-07
-4.088681774e-08
1.418131411e-07
-4.659329292e-08
1.457397994e-07
-5.237528218e-08
1.485810685e-07
-5.820120551e-08
1.5043887e-07
-6.404574423e-08
1.514002364e-07
-6.988905407e-08
1.515375402e-07
-7.5715974e-08
1.509091471e-07
-8.151525155e-08
1.495603862e-07
-8.727879854e-08
1.475247338e-07
-9.300098425e-08
1.44825124e-07
-9.86779688e-08
1.414753131e-07
-1.043070751e-07
1.374812429e-07
-1.098861953e-07
1.328423643e-07
-1.154132258e-07
1.275528972e-07
-1.208855232e-07
1.21603018e-07
-1.262993721e-07
1.14979975e-07
-1.316494569e-07
1.076691422e-07
-1.369283257e-07
9.96550297e-08
-1.421258393e-07
9.092227207e-08
-1.472285933e-07
8.145662218e-08
-1.522193072e-07
7.124598091e-08
-1.570761715e-07
6.028149603e-08
-1.61772152e-07
4.855876729e-08
-1.662742511e-07
3.607919866e-08
-1.705427361e-07
2.285154263e-08
-1.745303541e-07
8.8936701e-09
-1.781815563e-07
-5.765430029e-09
-1.814318249e-07
-2.108298717e-08
-1.842071162e-07
-3.700018927e-08
-1.864235122e-07
-5.343872368e-08
-1.879872991e-07
-7.029730263e-08
-1.887955941e-07
-8.744786002e-08
-1.887377366e-07
-1.047315561e-07
-1.876976795e-07
-1.219548331e-07
-1.855576266e-07
-1.388858773e-07
-1.822031415e-07
-1.552519943e-07
-1.775298862e-07
-1.70738562e-07
-1.714520168e-07
-1.849903764e-07
-1.639120647e-07
-1.976162952e-07
-1.548918565e-07
-2.081980768e-07
-1.444237024e-07
-2.163041361e-07
-1.326007469e-07
-2.21508553e-07
-1.195851097e-07
-2.234150391e-07
-1.056123207e-07
-2.216847285e-07
-9.099067513e-08
-2.160657036e-07
-7.609454945e-08
-2.064212706e-07
-6.135143458e-08
-1.927533924e-07
-4.722337466e-08
-1.752175912e-07
-3.418449204e-08
-1.541262224e-07
-2.269711799e-08
-1.299383275e-07
-1.318954406e-08
-1.032359438e-07
-6.038471499e-09
-7.468819667e-08
-1.558625811e-09
-4.500840234e-08
-1.492266622e-08
-5.166216993e-10
1.306404603e-08
-1.956026107e-09
3.650071042e-08
-4.208857338e-09
5.733107493e-08
-7.168295946e-09
7.567225568e-08
-1.073171899e-08
9.166254354e-08
-1.48023002e-08
1.054561895e-07
-1.929035687e-08
1.172171873e-07
-2.411434676e-08
1.271133719e-07
-2.920148314e-08
1.353111654e-07
-3.448798234e-08
1.419710925e-07
-3.991898783e-08
1.472441466e-07
-4.544823022e-08
1.512690418e-07
-5.103748713e-08
1.541703254e-07
-5.665590394e-08
1.560572868e-07
-6.227922948e-08
1.57023562e-07
-6.788901052e-08
1.571473213e-07
-7.3471779e-08
1.564919156e-07
-7.901825626e-08
1.551068635e-07
-8.452258958e-08
1.530290672e-07
-8.998162976e-08
1.502841642e-07
-9.539425271e-08
1.46887936e-07
-1.007607235e-07
1.428477137e-07
-1.060820991e-07
1.381637398e-07
-1.113596619e-07
1.328304601e-07
-1.165943781e-07
1.268377342e-07
-1.217863677e-07
1.201719646e-07
-1.269343795e-07
1.128171541e-07
-1.320352572e-07
1.047559073e-07
-1.370833845e-07
9.597039943e-08
-1.420701001e-07
8.644333782e-08
-1.469830674e-07
7.615894818e-08
-1.518055905e-07
6.510401917e-08
-1.565158681e-07
5.326904494e-08
-1.610861796e-07
4.064951015e-08
-1.654820058e-07
2.724736883e-08
-1.696610969e-07
1.307276125e-08
-1.735725267e-07
-1.854000206e-09
-1.771556629e-07
-1.749985099e-08
-1.803394347e-07
-3.381641743e-08
-1.830414887e-07
-5.073666973e-08
-1.851678004e-07
-6.817099087e-08
-1.866127437e-07
-8.600291671e-08
-1.872598668e-07
-1.04084433e-07
-1.869836536e-07
-1.222310463e-07
-1.856525778e-07
-1.402169531e-07
-1.831337694e-07
-1.577708027e-07
-1.792995716e-07
-1.745727598e-07
-1.740361615e-07
-1.902537865e-07
-1.672542098e-07
-2.043982469e-07
-1.589012568e-07
-2.165510297e-07
-1.489750924e-07
-2.262303005e-07
-1.375369854e-07
-2.3294666e-07
-1.247231919e-07
-2.362288325e-07
-1.107528926e-07
-2.356550279e-07
-9.593069137e-08
-2.308879048e-07
-8.064216753e-08
-2.217097945e-07
-6.534173851e-08
-2.080538214e-07
-5.05332168e-08
-1.900261129e-07
-3.674473912e-08
-1.679147001e-07
-2.45009443e-08
-1.421821223e-07
-1.429609483e-08
-1.134407932e-07
-6.572106205e-09
-8.241218528e-08
-1.704864296e-09
-4.987564424e-08
-1.662753052e-08
-5.0380744e-10
1.356785347e-08
-1.910696675e-09
3.790759966e-08
-4.114813909e-09
5.953519217e-08
-7.010821869e-09
7.856826364e-08
-1.049622384e-08
9.514794551e-08
-1.447348718e-08
1.094334528e-07
-1.885181717e-08
1.215955173e-07
-2.354848129e-08
1.31810036e-07
-2.84896554e-08
1.402523395e-07
-3.361081995e-08
1.47092257e-07
-3.885676736e-08
1.52490094e-07
-4.418129682e-08
1.565935712e-07
-4.954667578e-08
1.595357044e-07
-5.492294176e-08
1.614335528e-07
-6.02871079e-08
1.623877281e-07
-6.562232344e-08
1.624825368e-07
-7.091702765e-08
1.617866199e-07
-7.61641243e-08
1.603539602e-07
-8.136019389e-08
1.582251368e-07
-8.650475284e-08
1.554287232e-07
-9.159956271e-08
1.519827459e-07
-9.664798786e-08
1.478961389e-07
-1.016543966e-07
1.431701485e-07
-1.066235982e-07
1.377996618e-07
-1.115603074e-07
1.317744433e-07
-1.164686238e-07
1.25080281e-07
-1.21351517e-07
1.177000473e-07
-1.262103021e-07
1.096146925e-07
-1.310440942e-07
1.008041915e-07
-1.35849225e-07
9.124846868e-08
-1.406186105e-07
8.092833367e-08
-1.453410521e-07
6.982646076e-08
-1.500004608e-07
5.792845367e-08
-1.545749925e-07
4.522404187e-08
-1.590360881e-07
3.170846446e-08
-1.633474248e-07
1.738409797e-08
-1.674638108e-07
2.262385764e-09
-1.713298801e-07
-1.363378168e-08
-1.748791344e-07
-3.02671631e-08
-1.780326644e-07
-4.758313968e-08
-1.80698272e-07
-6.550538322e-08
-1.82769941e-07
-8.393124773e-08
-1.841279168e-07
-1.027264571e-07
-1.846397015e-07
-1.217192617e-07
-1.841623256e-07
-1.406943289e-07
-1.82546307e-07
-1.593868213e-07
-1.796417033e-07
-1.774773635e-07
-1.75306602e-07
-1.945888877e-07
-1.69418216e-07
-2.102866329e-07
-1.618864514e-07
-2.240827944e-07
-1.526693755e-07
-2.354473764e-07
-1.417894602e-07
-2.438265753e-07
-1.293488893e-07
-2.486694034e-07
-1.155417316e-07
-2.494621856e-07
-1.006605589e-07
-2.457690775e-07
-8.509530979e-08
-2.372750436e-07
-6.932296504e-08
-2.238261662e-07
-5.388790492e-08
-2.05461173e-07
-3.937446451e-08
-1.824281405e-07
-2.637486373e-08
-1.55181723e-07
-1.545696221e-08
-1.243586947e-07
-7.136885678e-09
-9.07322618e-08
-1.861088015e-09
-5.51514419e-08
-1.848861853e-08
-4.916562538e-10
1.405950973e-08
-1.86768251e-09
3.928362592e-08
-4.025018115e-09
6.169252778e-08
-6.858883704e-09
8.140212924e-08
-1.026594542e-08
9.855500723e-08
-1.414707832e-08
1.133145857e-07
-1.840963984e-08
1.258580789e-07
-2.296915688e-08
1.36369553e-07
-2.775040962e-08
1.450335922e-07
-3.268796241e-08
1.520298098e-07
-3.772622844e-08
1.575283601e-07
-4.281916778e-08
1.616865106e-07
-4.792971826e-08
1.646462549e-07
-5.302904836e-08
1.665328829e-07
-5.809570707e-08
1.674543869e-07
-6.311472966e-08
1.675015594e-07
-6.807674265e-08
1.667486329e-07
-7.297709761e-08
1.652543151e-07
-7.781505213e-08
1.630630913e-07
-8.259300697e-08
1.60206678e-07
-8.731580207e-08
1.56705541e-07
-9.199006879e-08
1.525704056e-07
-9.662363229e-08
1.47803712e-07
-1.012249558e-07
1.424009853e-07
-1.058026158e-07
1.363521034e-07
-1.103647978e-07
1.29642463e-07
-1.149187969e-07
1.222540465e-07
-1.194705131e-07
1.141664087e-07
-1.24023922e-07
1.053576004e-07
-1.285805083e-07
9.580505497e-08
-1.331386432e-07
8.54864686e-08
-1.376928898e-07
7.438070738e-08
-1.422332185e-07
6.246878239e-08
-1.467441171e-07
4.973494048e-08
-1.512035813e-07
3.616792866e-08
-1.555819826e-07
2.176249924e-08
-1.598408171e-07
6.521220284e-09
-1.639312704e-07
-9.54332836e-09
-1.67792888e-07
-2.640554549e-08
-1.713520427e-07
-4.402398487e-08
-1.745205345e-07
-6.233689142e-08
-1.77194454e-07
-8.125732826e-08
-1.792535165e-07
-1.006673946e-07
-1.805611835e-07
-1.204115946e-07
-1.809659742e-07
-1.402895382e-07
-1.803044517e-07
-1.600483438e-07
-1.784064235e-07
-1.793753917e-07
-1.751028807e-07
-1.978924305e-07
-1.702370799e-07
-2.151524337e-07
-1.636788947e-07
-2.306409796e-07
-1.553420984e-07
-2.437841727e-07
-1.452035931e-07
-2.539650806e-07
-1.333228316e-07
-2.605501648e-07
-1.198589331e-07
-2.629260841e-07
-1.050824851e-07
-2.605455254e-07
-8.93790068e-08
-2.529785219e-07
-7.324172026e-08
-2.399634527e-07
-5.72527134e-08
-2.214501798e-07
-4.205360939e-08
-1.976272445e-07
-2.830909378e-08
-1.689262386e-07
-1.666854826e-08
-1.359992402e-07
-7.732135909e-09
-9.966867414e-08
-2.027418675e-09
-6.085615913e-08
-2.05160372e-08
-4.810754384e-10
1.454058517e-08
-1.8302299e-09
4.063278039e-08
-3.946053133e-09
6.380835102e-08
-6.722963261e-09
8.417903937e-08
-1.005543483e-08
1.018874788e-07
-1.384154613e-08
1.17100697e-07
-1.798583668e-08
1.300023694e-07
-2.240139236e-08
1.407851087e-07
-2.701116433e-08
1.496433642e-07
-3.174860741e-08
1.567672529e-07
-3.655776087e-08
1.623375135e-07
-4.139290369e-08
1.665216534e-07
-4.621790956e-08
1.694712608e-07
-5.100541043e-08
1.713203838e-07
-5.573585695e-08
1.721848334e-07
-6.039654285e-08
1.721622453e-07
-6.498064142e-08
1.713327314e-07
-6.948628523e-08
1.69759959e-07
-7.391570747e-08
1.674925135e-07
-7.827445304e-08
1.645654236e-07
-8.257066025e-08
1.610017482e-07
-8.681440893e-08
1.568141543e-07
-9.101712714e-08
1.520064303e-07
-9.519104647e-08
1.465749046e-07
-9.934869406e-08
1.40509751e-07
-1.035024085e-07
1.337961774e-07
-1.076638653e-07
1.264155033e-07
-1.118435972e-07
1.183461406e-07
-1.160504925e-07
1.095644957e-07
-1.202912548e-07
1.000458173e-07
-1.245698055e-07
8.976501929e-08
-1.28886609e-07
7.869751085e-08
-1.332379012e-07
6.682007467e-08
-1.376148007e-07
5.411183994e-08
-1.42002281e-07
4.055540897e-08
-1.463779916e-07
2.613820986e-08
-1.507109105e-07
1.085413927e-08
-1.549598241e-07
-5.294414742e-09
-1.590716634e-07
-2.229370624e-08
-1.629797918e-07
-4.011585647e-08
-1.666021132e-07
-5.87145699e-08
-1.698393549e-07
-7.80200866e-08
-1.72573643e-07
-9.793310647e-08
-1.746676855e-07
-1.183175521e-07
-1.759649795e-07
-1.389922442e-07
-1.762915865e-07
-1.597217368e-07
-1.754601275e-07
-1.802068507e-07
-1.732767091e-07
-2.000758488e-07
-1.695514489e-07
-2.188776939e-07
-1.64113049e-07
-2.360793794e-07
-1.568274251e-07
-2.510697966e-07
-1.47619679e-07
-2.631728267e-07
-1.364977647e-07
-2.716720791e-07
-1.235751537e-07
-2.758486952e-07
-1.090889233e-07
-2.750317558e-07
-9.340930381e-08
-2.686581414e-07
-7.703716183e-08
-2.563355947e-07
-6.058737281e-08
-2.378999689e-07
-4.475845476e-08
-2.134561626e-07
-3.029176253e-08
-1.833929309e-07
-1.792627655e-08
-1.483647262e-07
-8.356851515e-09
-1.092380992e-07
-2.203927088e-09
-6.700908355e-08
-2.271996429e-08
-4.731539997e-10
1.501373917e-08
-1.802224033e-09
4.196185043e-08
-3.885769552e-09
6.589189655e-08
-6.615506142e-09
8.690877597e-08
-9.881884355e-09
1.05153857e-07
-1.357859997e-08
1.207974126e-07
-1.760613344e-08
1.340299029e-07
-2.187426514e-08
1.450532404e-07
-2.630361336e-08
1.540727124e-07
-3.082633382e-08
1.612899734e-07
-3.538615533e-08
1.668973351e-07
-3.993792716e-08
1.710734252e-07
-4.444683694e-08
1.739801706e-07
-4.888743177e-08
1.757609786e-07
-5.324254595e-08
1.765399476e-07
-5.750221126e-08
1.764219106e-07
-6.166260111e-08
1.754931213e-07
-6.572504072e-08
1.738223986e-07
-6.969509969e-08
1.714625725e-07
-7.358177288e-08
1.684520968e-07
-7.739674734e-08
1.648167227e-07
-8.115374837e-08
1.605711553e-07
-8.486795425e-08
1.557206362e-07
-8.855546758e-08
1.502624179e-07
-9.223282939e-08
1.441871129e-07
-9.591656202e-08
1.374799101e-07
-9.962272521e-08
1.301216665e-07
-1.033664698e-07
1.220898852e-07
-1.071615717e-07
1.133595976e-07
-1.110199287e-07
1.039041743e-07
-1.149509998e-07
9.369609045e-08
-1.189611671e-07
8.270767811e-08
-1.230529964e-07
7.091190402e-08
-1.272243744e-07
5.828321797e-08
-1.314674949e-07
4.47985295e-08
-1.357676706e-07
3.043838559e-08
-1.40101951e-07
1.518841967e-08
-1.444375367e-07
-9.588290458e-10
-1.48729869e-07
-1.800137395e-08
-1.529208148e-07
-3.592491066e-08
-1.569363265e-07
-5.469905812e-08
-1.606842129e-07
-7.427220026e-08
-1.640519879e-07
-9.456533145e-08
-1.669050973e-07
-1.154644427e-07
-1.690859328e-07
-1.368114087e-07
-1.704142015e-07
-1.58393468e-07
-1.706893893e-07
-1.799316628e-07
-1.696961993e-07
-2.010690388e-07
-1.672139044e-07
-2.213599888e-07
-1.630304443e-07
-2.402628396e-07
-1.569617155e-07
-2.571385254e-07
-1.488757859e-07
-2.712587563e-07
-1.387206714e-07
-2.818271935e-07
-1.265529688e-07
-2.880163978e-07
-1.125632883e-07
-2.890214363e-07
-9.709352303e-08
-2.841279066e-07
-8.06410111e-08
-2.727881066e-07
-6.384599955e-08
-2.546949804e-07
-4.746156945e-08
-2.298405927e-07
-3.23089065e-08
-1.985455938e-07
-1.922462311e-08
-1.614490096e-07
-9.009727851e-09
-1.194529944e-07
-2.390646762e-09
-7.362816463e-08
-2.511061105e-08
-4.692029925e-10
1.548294217e-08
-1.788321826e-09
4.328096927e-08
-3.853530084e-09
6.795710481e-08
-6.551267689e-09
8.960651358e-08
-9.76554227e-09
1.083681316e-07
-1.338362579e-08
1.244154962e-07
-1.73003877e-08
1.379466648e-07
-2.142126464e-08
1.491741174e-07
-2.566398016e-08
1.58315428e-07
-2.995923227e-08
1.655852255e-07
-3.425059515e-08
1.711886979e-07
-3.849386926e-08
1.753166994e-07
-4.265608102e-08
1.781423823e-07
-4.671429336e-08
1.79819191e-07
-5.065434728e-08
1.804800015e-07
-5.446961824e-08
1.802371816e-07
-5.815984101e-08
1.791833441e-07
-6.173003306e-08
1.773925907e-07
-6.518952935e-08
1.749220688e-07
-6.85511296e-08
1.718136971e-07
-7.183035142e-08
1.680959445e-07
-7.504477778e-08
1.637855817e-07
-7.821348509e-08
1.588893435e-07
-8.135653653e-08
1.534054694e-07
-8.449452495e-08
1.473251013e-07
-8.764814938e-08
1.406335345e-07
-9.083780875e-08
1.333113259e-07
-9.408319637e-08
1.253352728e-07
-9.740287768e-08
1.166792789e-07
-1.008138331e-07
1.073151297e-07
-1.043309459e-07
9.721320326e-08
-1.07966414e-07
8.63431463e-08
-1.117290618e-07
7.467455182e-08
-1.15623525e-07
6.217768117e-08
-1.196492805e-07
4.882428502e-08
-1.237994878e-07
3.458859287e-08
-1.28059619e-07
1.944855095e-08
-1.324058518e-07
3.387403692e-09
-1.368030535e-07
-1.360417221e-08
-1.41202798e-07
-3.152516615e-08
-1.455407906e-07
-5.036106554e-08
-1.497341726e-07
-7.007881821e-08
-1.536787186e-07
-9.062078543e-08
-1.572461466e-07
-1.118970147e-07
-1.602819147e-07
-1.337756406e-07
-1.626040594e-07
-1.560713233e-07
-1.64003857e-07
-1.785318652e-07
-1.642493231e-07
-2.008235727e-07
-1.630927475e-07
-2.225165643e-07
-1.602834962e-07
-2.430720909e-07
-1.55587071e-07
-2.618349505e-07
-1.488107633e-07
-2.78035064e-07
-1.398350715e-07
-2.908028853e-07
-1.28648418e-07
-2.992030513e-07
-1.153808288e-07
-3.022890255e-07
-1.003306402e-07
-2.991780952e-07
-8.397764795e-08
-2.891410988e-07
-6.697709426e-08
-2.716955341e-07
-5.013182502e-08
-2.466858619e-07
-3.434453332e-08
-2.143328855e-07
-2.055720129e-08
-1.752363416e-07
-9.689226349e-09
-1.303209694e-07
-2.587598672e-09
-8.07297923e-08
-2.769820972e-08
-4.708103163e-10
1.595375249e-08
-1.794128571e-09
4.460428753e-08
-3.860528371e-09
7.002350462e-08
-6.547753205e-09
9.229373842e-08
-9.730225908e-09
1.115506043e-07
-1.328621005e-08
1.279714803e-07
-1.710306113e-08
1.417635159e-07
-2.10806583e-08
1.531517146e-07
-2.5133236e-08
1.623680057e-07
-2.918994784e-08
1.696419373e-07
-3.319450909e-08
1.751932592e-07
-3.710422875e-08
1.79226419e-07
-4.088868575e-08
1.819268393e-07
-4.452824355e-08
1.834587488e-07
-4.801254082e-08
1.839642988e-07
-5.133904817e-08
1.83563689e-07
-5.451174365e-08
1.823560396e-07
-5.7539932e-08
1.80420779e-07
-6.043721374e-08
1.778193506e-07
-6.322059773e-08
1.745970811e-07
-6.59097436e-08
1.707850904e-07
-6.852631675e-08
1.664021549e-07
-7.109343701e-08
1.614564638e-07
-7.36352021e-08
1.559472345e-07
-7.617626723e-08
1.498661665e-07
-7.874146312e-08
1.431987304e-07
-8.135543483e-08
1.359252976e-07
-8.404228449e-08
1.280221225e-07
-8.682520044e-08
1.194621949e-07
-8.972605463e-08
1.102159839e-07
-9.276494885e-08
1.002520975e-07
-9.595968849e-08
8.953788595e-08
-9.932515997e-08
7.804002332e-08
-1.028725846e-07
6.572510584e-08
-1.066086175e-07
5.25603179e-08
-1.105342547e-07
3.851423011e-08
-1.146435158e-07
2.355781205e-08
-1.189218518e-07
7.66573966e-09
-1.233441852e-07
-9.181838761e-09
-1.278727133e-07
-2.699663798e-08
-1.324542809e-07
-4.577949794e-08
-1.370173148e-07
-6.551578436e-08
-1.414684809e-07
-8.616961927e-08
-1.456891755e-07
-1.0767632e-07
-1.495321524e-07
-1.299326637e-07
-1.528187896e-07
-1.527846862e-07
-1.553377658e-07
-1.76012889e-07
-1.568462387e-07
-1.993150998e-07
-1.570749321e-07
-2.222878709e-07
-1.55738759e-07
-2.44408264e-07
-1.525545714e-07
-2.650191381e-07
-1.47267139e-07
-2.833224963e-07
-1.39683329e-07
-2.983866952e-07
-1.297126052e-07
-3.091737752e-07
-1.174095544e-07
-3.145920762e-07
-1.030116988e-07
-3.135759509e-07
-8.696423312e-08
-3.051885645e-07
-6.992357581e-08
-2.887361914e-07
-5.273446553e-08
-2.638749722e-07
-3.638075371e-08
-2.306865973e-07
-2.191691214e-08
-1.897001832e-07
-1.03936832e-08
-1.418441983e-07
-2.794831256e-09
-8.832864424e-08
-3.049304097e-08
-4.799154405e-10
1.643366793e-08
-1.826433575e-09
4.595080567e-08
-3.920204933e-09
7.211727598e-08
-6.625777586e-09
9.499931108e-08
-9.803952838e-09
1.147287796e-07
-1.332075639e-08
1.314882839e-07
-1.705373862e-08
1.454964981e-07
-2.089584458e-08
1.569938205e-07
-2.475723749e-08
1.662293986e-07
-2.856557302e-08
1.734502729e-07
-3.226520815e-08
1.788928943e-07
-3.581575481e-08
1.827769657e-07
-3.919029834e-08
1.853013829e-07
-4.237351175e-08
1.866419622e-07
-4.535981948e-08
1.869506065e-07
-4.815170354e-08
1.86355573e-07
-5.075819855e-08
1.849625346e-07
-5.31935912e-08
1.828561717e-07
-5.547631867e-08
1.80102078e-07
-5.762804892e-08
1.767488113e-07
-5.96729195e-08
1.72829961e-07
-6.163690946e-08
1.683661448e-07
-6.354731915e-08
1.633668735e-07
-6.543233423e-08
1.578322496e-07
-6.732065208e-08
1.517544843e-07
-6.92411505e-08
1.451192288e-07
-7.122258015e-08
1.379067273e-07
-7.329326329e-08
1.300928057e-07
-7.548078181e-08
1.216497134e-07
-7.781163687e-08
1.12546839e-07
-8.031086162e-08
1.027513223e-07
-8.300156702e-08
9.222859136e-08
-8.590439738e-08
8.094285369e-08
-8.903686908e-08
6.885757756e-08
-9.241256044e-08
5.593600927e-08
-9.604011426e-08
4.214178394e-08
-9.992201016e-08
2.743970797e-08
-1.040530532e-07
1.179678268e-08
-1.084185053e-07
-4.816386639e-09
-1.12991809e-07
-2.242333428e-08
-1.17731976e-07
-4.103933092e-08
-1.225802941e-07
-6.066746617e-08
-1.274565918e-07
-8.129332156e-08
-1.32255056e-07
-1.028778558e-07
-1.368398132e-07
-1.253479065e-07
-1.410406804e-07
-1.48583819e-07
-1.446497872e-07
-1.724037823e-07
-1.4742016e-07
-1.96544727e-07
-1.49067809e-07
-2.206402218e-07
-1.492792847e-07
-2.441967883e-07
-1.477269052e-07
-2.665715177e-07
-1.440936489e-07
-2.869557526e-07
-1.381087605e-07
-3.043715837e-07
-1.295931889e-07
-3.176893468e-07
-1.185110826e-07
-3.256741825e-07
-1.050201485e-07
-3.270668849e-07
-8.951076897e-08
-3.20697944e-07
-7.262279084e-08
-3.056241695e-07
-5.523120353e-08
-2.812665595e-07
-3.839798017e-08
-2.475198207e-07
-2.32961721e-08
-2.048019913e-07
-1.112147397e-08
-1.540188964e-07
-3.012481156e-09
-9.643763704e-08
-3.350552213e-08
-4.989115965e-10
1.693257953e-08
-1.893524813e-09
4.73454189e-08
-4.048789109e-09
7.427254029e-08
-6.810172998e-09
9.776069498e-08
-1.001970837e-08
1.17938315e-07
-1.352719381e-08
1.349957693e-07
-1.719766828e-08
1.491669726e-07
-2.091563989e-08
1.607117921e-07
-2.458670456e-08
1.699004633e-07
-2.81372886e-08
1.770008569e-07
-3.151318413e-08
1.822687899e-07
-3.467741483e-08
1.859411964e-07
-3.760782858e-08
1.882317966e-07
-4.029468656e-08
1.893288202e-07
-4.273841442e-08
1.893943344e-07
-4.494760371e-08
1.885647623e-07
-4.693729738e-08
1.869522283e-07
-4.872755786e-08
1.846464322e-07
-5.034229552e-08
1.817168157e-07
-5.180832483e-08
1.782148406e-07
-5.315461191e-08
1.741762481e-07
-5.441167752e-08
1.696232104e-07
-5.561112248e-08
1.645663184e-07
-5.678524603e-08
1.590063731e-07
-5.796673145e-08
1.529359698e-07
-5.918837669e-08
1.463408741e-07
-6.048284979e-08
1.392012004e-07
-6.188245217e-08
1.314924081e-07
-6.341887301e-08
1.231861343e-07
-6.512291811e-08
1.142508841e-07
-6.702419627e-08
1.046526004e-07
-6.915074474e-08
9.435513984e-08
-7.152857255e-08
8.332068151e-08
-7.418109634e-08
7.151010137e-08
-7.712843798e-08
5.888335092e-08
-8.038654517e-08
4.539989114e-08
-8.396608711e-08
3.101924992e-08
-8.787107619e-08
1.570177177e-08
-9.209713382e-08
-5.903289974e-10
-9.662923455e-08
-1.789123355e-08
-1.014392096e-07
-3.622935586e-08
-1.064823583e-07
-5.562431744e-08
-1.1169349e-07
-7.608218985e-08
-1.169822582e-07
-9.758908763e-08
-1.222278845e-07
-1.201022802e-07
-1.272735494e-07
-1.435381541e-07
-1.319210202e-07
-1.677563115e-07
-1.359265174e-07
-1.925392298e-07
-1.389993873e-07
-2.175673519e-07
-1.408057811e-07
-2.423903945e-07
-1.409800973e-07
-2.663972015e-07
-1.391471334e-07
-2.887887166e-07
-1.349573111e-07
-3.085614059e-07
-1.28135561e-07
-3.245110969e-07
-1.185412273e-07
-3.352685162e-07
-1.062319527e-07
-3.393761594e-07
-9.151996786e-08
-3.354099289e-07
-7.500640317e-08
-3.221377342e-07
-5.758028955e-08
-2.986926731e-07
-4.037517954e-08
-2.647249307e-07
-2.468722937e-08
-2.204899414e-07
-1.18712499e-08
-1.668348759e-07
-3.240862166e-09
-1.050680248e-07
-3.674638429e-08
-5.307859258e-10
1.746336546e-08
-2.005609217e-09
4.882024219e-08
-4.266002683e-09
7.653293376e-08
-7.130675416e-09
1.006253677e-07
-1.041636045e-08
1.21224e-07
-1.39517563e-08
1.385311652e-07
-1.758626478e-08
1.528014811e-07
-2.119440296e-08
1.643199303e-07
-2.467690562e-08
1.733829659e-07
-2.795958708e-08
1.802835384e-07
-3.099087846e-08
1.853000813e-07
-3.373873557e-08
1.886890535e-07
-3.618740032e-08
1.906804614e-07
-3.833432022e-08
1.914757401e-07
-4.018739402e-08
1.912474082e-07
-4.17626161e-08
1.901399844e-07
-4.308212902e-08
1.882717412e-07
-4.417265703e-08
1.857369602e-07
-4.506427379e-08
1.826084325e-07
-4.578945082e-08
1.789400177e-07
-4.638233338e-08
1.747691307e-07
-4.687819487e-08
1.701190719e-07
-4.731302727e-08
1.650011508e-07
-4.772323123e-08
1.594165771e-07
-4.814537649e-08
1.53358115e-07
-4.861600757e-08
1.468115052e-07
-4.917147309e-08
1.397566659e-07
-4.98477625e-08
1.321686975e-07
-5.068033476e-08
1.240187066e-07
-5.170392284e-08
1.152744722e-07
-5.295229959e-08
1.059009772e-07
-5.445798884e-08
9.58608291e-08
-5.625190315e-08
8.511459583e-08
-5.836288527e-08
7.36210835e-08
-6.081712502e-08
6.133759068e-08
-6.363741443e-08
4.822018057e-08
-6.68421927e-08
3.42240282e-08
-7.044433315e-08
1.930391223e-08
-7.444959067e-08
3.414928536e-09
-7.885448984e-08
-1.348633437e-08
-8.364393411e-08
-3.143991159e-08
-8.878794297e-08
-5.048030856e-08
-9.42376187e-08
-7.063251411e-08
-9.992020973e-08
-9.19064966e-08
-1.057332229e-07
-1.142892671e-07
-1.11537702e-07
-1.377336749e-07
-1.171510562e-07
-1.621429573e-07
-1.223402608e-07
-1.873500252e-07
-1.268168969e-07
-2.130907158e-07
-1.302363091e-07
-2.389709823e-07
-1.322040593e-07
-2.644294513e-07
-1.322935351e-07
-2.886992407e-07
-1.300785577e-07
-3.107763833e-07
-1.251834933e-07
-3.294061613e-07
-1.173501234e-07
-3.431018862e-07
-1.065152648e-07
-3.50211018e-07
-9.28867472e-08
-3.490384465e-07
-7.700002005e-08
-3.380244613e-07
-5.973646798e-08
-3.159562251e-07
-4.229014995e-08
-2.821712487e-07
-2.60825788e-08
-2.366975126e-07
-1.264226674e-08
-1.802751879e-07
-3.480593022e-09
-1.142296985e-07
-4.022697731e-08
-5.793124646e-10
1.804267793e-08
-2.175374243e-09
5.041630398e-08
-4.595968963e-09
7.895352848e-08
-7.623020115e-09
1.036524189e-07
-1.1039717e-08
1.246406969e-07
-1.464777918e-08
1.421392274e-07
-1.827746428e-08
1.564311662e-07
-2.179182871e-08
1.678342948e-07
-2.508683108e-08
1.766779683e-07
-2.808881737e-08
1.832855247e-07
-3.075062586e-08
1.879618898e-07
-3.304719643e-08
1.909856241e-07
-3.497125589e-08
1.926045209e-07
-3.652940738e-08
1.930338916e-07
-3.773877689e-08
1.924567777e-07
-3.86242559e-08
1.910254634e-07
-3.921631001e-08
1.888637953e-07
-3.954928777e-08
1.86069938e-07
-3.966014973e-08
1.827192945e-07
-3.958753669e-08
1.788674046e-07
-3.937110289e-08
1.745526969e-07
-3.905104939e-08
1.697990185e-07
-3.866780475e-08
1.646179062e-07
-3.826180852e-08
1.590105809e-07
-3.787336505e-08
1.529696716e-07
-3.754253974e-08
1.464806799e-07
-3.730907418e-08
1.395232004e-07
-3.721230614e-08
1.320719295e-07
-3.729108048e-08
1.240974809e-07
-3.758363559e-08
1.155670273e-07
-3.812745335e-08
1.06444795e-07
-3.895906025e-08
9.669243601e-08
-4.011376362e-08
8.626929921e-08
-4.162530376e-08
7.513262364e-08
-4.352539664e-08
6.323768356e-08
-4.584313403e-08
5.053791797e-08
-4.860419578e-08
3.698508996e-08
-5.182982087e-08
2.252953732e-08
-5.553545752e-08
7.120565195e-09
-5.972892485e-08
-9.292867035e-09
-6.440813789e-08
-2.676069854e-08
-6.955810699e-08
-4.533033946e-08
-7.514700797e-08
-6.504361312e-08
-8.112119483e-08
-8.593230974e-08
-8.739898031e-08
-1.080114816e-07
-9.386312381e-08
-1.312695314e-07
-1.003521807e-07
-1.556539004e-07
-1.06651278e-07
-1.810509279e-07
-1.124835409e-07
-2.072584529e-07
-1.175043401e-07
-2.33950183e-07
-1.213017406e-07
-2.606320508e-07
-1.234077619e-07
-2.865932194e-07
-1.233258024e-07
-3.108583428e-07
-1.20579021e-07
-3.321529427e-07
-1.147816487e-07
-3.488992584e-07
-1.057294287e-07
-3.59263238e-07
-9.349710766e-08
-3.612707676e-07
-7.852234744e-08
-3.529992216e-07
-6.165068155e-08
-3.32827891e-07
-4.411976689e-08
-2.997021634e-07
-2.747548166e-08
-2.533417978e-07
-1.343483303e-08
-1.943158366e-07
-3.732779364e-09
-1.239317521e-07
-4.395975668e-08
-6.493195813e-10
1.869199751e-08
-2.41873913e-09
5.218572353e-08
-5.068380084e-09
8.160316945e-08
-8.330269351e-09
1.069143081e-07
-1.194368918e-08
1.282541167e-07
-1.567639654e-08
1.458719347e-07
-1.9335731e-08
1.600905007e-07
-2.277213103e-08
1.712706948e-07
-2.587750493e-08
1.797833422e-07
-2.858064354e-08
1.859886633e-07
-3.084132278e-08
1.90222569e-07
-3.264419379e-08
1.927884951e-07
-3.399311101e-08
1.939534381e-07
-3.490622328e-08
1.939470039e-07
-3.541193712e-08
1.929624916e-07
-3.554573088e-08
1.911592572e-07
-3.53477288e-08
1.886657933e-07
-3.486091518e-08
1.855831243e-07
-3.412986408e-08
1.819882434e-07
-3.319986943e-08
1.7793741e-07
-3.211637585e-08
1.734692033e-07
-3.092462718e-08
1.686072698e-07
-2.966946899e-08
1.63362748e-07
-2.839525133e-08
1.577363632e-07
-2.714579748e-08
1.517202177e-07
-2.596440914e-08
1.452992916e-07
-2.489387928e-08
1.384526705e-07
-2.397650527e-08
1.311545554e-07
-2.32540917e-08
1.233750674e-07
-2.276792381e-08
1.150808594e-07
-2.255870491e-08
1.062355761e-07
-2.266645023e-08
9.680018134e-08
-2.313032384e-08
8.673317282e-08
-2.398840282e-08
7.599070263e-08
-2.527734828e-08
6.452662904e-08
-2.703195421e-08
5.229252391e-08
-2.928453398e-08
3.923766974e-08
-3.206409048e-08
2.530909382e-08
-3.53951996e-08
1.045167433e-08
-3.929647066e-08
-5.39159597e-09
-4.377848318e-08
-2.227868601e-08
-4.884111929e-08
-4.026770334e-08
-5.446989355e-08
-5.941483886e-08
-6.063113533e-08
-7.977106796e-08
-6.726572976e-08
-1.013768872e-07
-7.428118315e-08
-1.24254078e-07
-8.154191871e-08
-1.483931648e-07
-8.885804367e-08
-1.73734803e-07
-9.597345128e-08
-2.001430452e-07
-1.025550941e-07
-2.273685402e-07
-1.081867322e-07
-2.550004127e-07
-1.123722235e-07
-2.82407728e-07
-1.145550465e-07
-3.086755199e-07
-1.141613335e-07
-3.325466557e-07
-1.106718868e-07
-3.523887051e-07
-1.037230053e-07
-3.662121195e-07
-9.322607487e-08
-3.71767698e-07
-7.948357804e-08
-3.667417184e-07
-6.326931067e-08
-3.490421584e-07
-4.58400999e-08
-3.171313741e-07
-2.886058817e-08
-2.703213095e-07
-1.425091487e-08
-2.089255099e-07
-3.999272779e-09
-1.341833942e-07
-4.795902945e-08
-7.470641248e-10
1.943906164e-08
-2.755862694e-09
5.419452211e-08
-5.719984588e-09
8.456729134e-08
-9.304376765e-09
1.104987003e-07
-1.319146456e-08
1.321412045e-07
-1.710692119e-08
1.497873914e-07
-2.083137075e-08
1.638149502e-07
-2.420215614e-08
1.746414802e-07
-2.710888134e-08
1.826900674e-07
-2.9485792e-08
1.88365574e-07
-3.130314218e-08
1.920399192e-07
-3.255886289e-08
1.940442158e-07
-3.32712258e-08
1.94665801e-07
-3.347277645e-08
1.941485545e-07
-3.320555563e-08
1.926952708e-07
-3.251749024e-08
1.904711918e-07
-3.145977379e-08
1.876080768e-07
-3.008504359e-08
1.842083941e-07
-2.844617342e-08
1.803493732e-07
-2.659552527e-08
1.760867619e-07
-2.458453152e-08
1.714582096e-07
-2.246350394e-08
1.664862422e-07
-2.028159686e-08
1.611808409e-07
-1.808685708e-08
1.555416235e-07
-1.592633245e-08
1.495596931e-07
-1.384620946e-08
1.432191686e-07
-1.189193174e-08
1.364983928e-07
-1.010831709e-08
1.293709408e-07
-8.539664194e-09
1.218064145e-07
-7.229815114e-09
1.137710104e-07
-6.222182008e-09
1.05227943e-07
-5.559736189e-09
9.613773553e-08
-5.284945313e-09
8.645838195e-08
-5.439648658e-09
7.614540598e-08
-6.064854532e-09
6.515183492e-08
-7.200436431e-09
5.342810581e-08
-8.884693563e-09
4.092192687e-08
-1.115372597e-08
2.757812623e-08
-1.404056423e-08
1.333851259e-08
-1.757394571e-08
-1.858214481e-09
-2.177651705e-08
-1.807611467e-08
-2.666257498e-08
-3.538164541e-08
-3.223477575e-08
-5.384263809e-08
-3.847967416e-08
-7.352616955e-08
-4.536171027e-08
-9.449485104e-08
-5.281523848e-08
-1.168005498e-07
-6.073425751e-08
-1.404741458e-07
-6.895974647e-08
-1.65509314e-07
-7.726499248e-08
-1.918377992e-07
-8.534019446e-08
-2.192933382e-07
-9.277926478e-08
-2.475613424e-07
-9.907391746e-08
-2.761130754e-07
-1.036226751e-07
-3.041267622e-07
-1.057644646e-07
-3.304048662e-07
-1.048463624e-07
-3.533068073e-07
-1.003304782e-07
-3.707280037e-07
-9.193428768e-08
-3.801638885e-07
-7.978259062e-08
-3.788934155e-07
-6.45326177e-08
-3.642921313e-07
-4.742622957e-08
-3.342377623e-07
-3.023464261e-08
-2.875128965e-07
-1.509494642e-08
-2.24065206e-07
-4.283041802e-09
-1.449952989e-07
-5.224207126e-08
-8.807619919e-10
2.031982364e-08
-3.212501509e-09
5.652626163e-08
-6.596464648e-09
8.795125449e-08
-1.060795119e-08
1.145101869e-07
-1.4856487e-08
1.363897403e-07
-1.901651313e-08
1.539474175e-07
-2.283857372e-08
1.676370108e-07
-2.614768998e-08
1.779505965e-07
-2.883446521e-08
1.853768426e-07
-3.084313559e-08
1.903742444e-07
-3.215928371e-08
1.933560673e-07
-3.279871163e-08
1.946836437e-07
-3.279813152e-08
1.946652209e-07
-3.220781618e-08
1.935582392e-07
-3.108606975e-08
1.915735243e-07
-2.949525108e-08
1.888803732e-07
-2.749904707e-08
1.856118728e-07
-2.516070764e-08
1.818700547e-07
-2.2541992e-08
1.777306576e-07
-1.970262301e-08
1.732473929e-07
-1.670008904e-08
1.684556756e-07
-1.358966561e-08
1.633758188e-07
-1.042459016e-08
1.580157655e-07
-7.25628296e-09
1.523733163e-07
-4.134623653e-09
1.464380338e-07
-1.108241046e-09
1.40192786e-07
1.775228502e-09
1.336149233e-07
4.468912071e-09
1.266772572e-07
6.926528755e-09
1.193487978e-07
9.102211574e-09
1.115953276e-07
1.095037534e-08
1.033797792e-07
1.242563898e-08
9.466247189e-08
1.348279118e-08
8.540122976e-08
1.407680801e-08
7.555138915e-08
1.416293412e-08
6.506570881e-08
1.369684513e-08
5.38941948e-08
1.263491925e-08
4.198385275e-08
1.0934661e-08
2.927838448e-08
8.555327398e-09
1.571784619e-08
5.458837456e-09
1.238275463e-09
1.611239722e-09
-1.422851694e-08
-3.015444735e-09
-3.075496095e-08
-8.4404059e-09
-4.841767692e-08
-1.467010856e-08
-6.729646689e-08
-2.169275981e-08
-8.747219979e-08
-2.947068582e-08
-1.090226237e-07
-3.793002079e-08
-1.320148109e-07
-4.694728226e-08
-1.564920525e-07
-5.633269239e-08
-1.824523891e-07
-6.581079877e-08
-2.098152319e-07
-7.500064538e-08
-2.383714957e-07
-8.340001617e-08
-2.677137046e-07
-9.038173606e-08
-2.971450423e-07
-9.521360083e-08
-3.255730014e-07
-9.711577859e-08
-3.514046296e-07
-9.536723562e-08
-3.724765467e-07
-8.946269387e-08
-3.860684302e-07
-7.930236217e-08
-3.890537472e-07
-6.53718847e-08
-3.782226088e-07
-4.885147129e-08
-3.507581757e-07
-3.159721162e-08
-3.047671561e-07
-1.597491255e-08
-2.396875051e-07
-4.588709448e-09
-1.56381502e-07
-5.68307807e-08
-1.061354101e-09
2.138117774e-08
-3.821852427e-09
5.928675996e-08
-7.754771717e-09
9.188417378e-08
-1.231609608e-08
1.190715112e-07
-1.702284725e-08
1.410964915e-07
-2.148844893e-08
1.584130192e-07
-2.543123231e-08
1.715797942e-07
-2.866678955e-08
1.811861537e-07
-3.109232842e-08
1.878023815e-07
-3.266868238e-08
1.919505983e-07
-3.340326869e-08
1.940906537e-07
-3.333555417e-08
1.946159292e-07
-3.252550674e-08
1.938551735e-07
-3.10449154e-08
1.920776478e-07
-2.897118438e-08
1.894997933e-07
-2.638312031e-08
1.862923091e-07
-2.335824594e-08
1.825869984e-07
-1.997123464e-08
1.784830434e-07
-1.629313493e-08
1.740525579e-07
-1.239112932e-08
1.693453873e-07
-8.328643529e-09
1.643931898e-07
-4.165629356e-09
1.592128047e-07
4.10104504e-11
1.538091257e-07
4.236888152e-09
1.481774386e-07
8.369748742e-09
1.423051732e-07
1.238906654e-08
1.361734682e-07
1.624558886e-08
1.29758401e-07
1.989098681e-08
1.230318593e-07
2.327754385e-08
1.159622408e-07
2.635790417e-08
1.085149672e-07
2.908485893e-08
1.006528244e-07
3.14111723e-08
9.233615853e-08
3.328945193e-08
8.352295013e-08
3.467206472e-08
7.416877637e-08
3.551110384e-08
6.42266697e-08
3.575841892e-08
5.364687972e-08
3.53657301e-08
4.237654158e-08
3.428485961e-08
3.035925497e-08
3.24681263e-08
1.75345795e-08
2.986897517e-08
3.837426599e-09
2.644305063e-08
-1.08025924e-08
2.214964724e-08
-2.646155756e-08
1.69539726e-08
-4.322200228e-08
1.083045766e-08
-6.117295195e-08
3.767599283e-09
-8.040934142e-08
-4.225053571e-09
-1.010299709e-07
-1.310707011e-08
-1.231327943e-07
-2.27937322e-08
-1.468053904e-07
-3.313826845e-08
-1.721078529e-07
-4.390950468e-08
-1.990439956e-07
-5.476628373e-08
-2.275147167e-07
-6.523198533e-08
-2.57248003e-07
-7.467675454e-08
-2.877002731e-07
-8.231986838e-08
-3.179298876e-07
-8.726999351e-08
-3.464545044e-07
-8.862237149e-08
-3.711241687e-07
-8.562465998e-08
-3.890661418e-07
-7.7902742e-08
-3.967756651e-07
-6.570444909e-08
-3.904209017e-07
-5.008549792e-08
-3.663771269e-07
-3.295129525e-08
-3.219013588e-07
-1.69037888e-08
-2.557350116e-07
-4.923343973e-09
-1.683619468e-07
-6.175412468e-08
-1.303637158e-09
2.26848149e-08
-4.627072294e-09
6.26101951e-08
-9.265966219e-09
9.652306771e-08
-1.451802703e-08
1.24323572e-07
-1.978434416e-08
1.463628087e-07
-2.460780841e-08
1.632364834e-07
-2.867497253e-08
1.756469583e-07
-3.179829335e-08
1.843094745e-07
-3.389048967e-08
1.898945778e-07
-3.493833495e-08
1.929984436e-07
-3.497961168e-08
1.941319304e-07
-3.408459343e-08
1.93720911e-07
-3.234210809e-08
1.921126882e-07
-2.984961757e-08
1.895851573e-07
-2.670653731e-08
1.863567131e-07
-2.301002287e-08
1.825957947e-07
-1.885255096e-08
1.784295265e-07
-1.432075151e-08
1.73951244e-07
-9.495072686e-09
1.69226879e-07
-4.449955609e-09
1.643002702e-07
7.45649089e-10
1.591975851e-07
6.027546619e-09
1.539309071e-07
1.133566737e-08
1.485010049e-07
1.661341813e-08
1.428996878e-07
2.180690143e-08
1.371116899e-07
2.686430172e-08
1.311160679e-07
3.173536366e-08
1.24887339e-07
3.637090277e-08
1.183963202e-07
4.072238564e-08
1.116107579e-07
4.474157508e-08
1.044957778e-07
4.838022595e-08
9.701417358e-08
5.158982574e-08
8.912655874e-08
5.432137695e-08
8.079139892e-08
5.652521928e-08
7.196493404e-08
5.815089276e-08
6.260099621e-08
5.914704829e-08
5.265072419e-08
5.946141908e-08
4.206217079e-08
5.90408777e-08
3.077979635e-08
5.783161759e-08
1.874383961e-08
5.577951273e-08
5.88953145e-09
5.283079778e-08
-7.853877452e-09
4.893314254e-08
-2.256390232e-08
4.403734392e-08
-3.832620366e-08
3.809994678e-08
-5.523555482e-08
3.108727766e-08
-7.33966723e-08
2.298148764e-08
-9.292418087e-08
1.378939165e-08
-1.139406983e-07
3.555241151e-09
-1.365712399e-07
-7.621348327e-09
-1.609312634e-07
-1.956159558e-08
-1.871037484e-07
-3.197765735e-08
-2.150986549e-07
-4.443837259e-08
-2.447872877e-07
-5.633708447e-08
-2.758015612e-07
-6.687349911e-08
-3.07393473e-07
-7.506999337e-08
-3.382580102e-07
-7.984879709e-08
-3.66345365e-07
-8.01946146e-08
-3.887203242e-07
-7.540938226e-08
-4.015608975e-07
-6.542539417e-08
-4.004048898e-07
-5.109047978e-08
-3.807120412e-07
-3.430351098e-08
-3.386883276e-07
-1.790143806e-08
-2.721370845e-07
-5.297642976e-09
-1.809657419e-07
-6.705176765e-08
-1.627976226e-09
2.431279113e-08
-5.684750487e-09
6.666696936e-08
-1.121852453e-08
1.020568418e-07
-1.731782295e-08
1.304228705e-07
-2.324085561e-08
1.522858413e-07
-2.845255467e-08
1.684481825e-07
-3.261285559e-08
1.798072593e-07
-3.554261794e-08
1.872392369e-07
-3.718357457e-08
1.915355345e-07
-3.756127638e-08
1.933761454e-07
-3.675476391e-08
1.933254179e-07
-3.487365924e-08
1.918398063e-07
-3.204192404e-08
1.89280953e-07
-2.838701237e-08
1.859302456e-07
-2.403310127e-08
1.82002802e-07
-1.909725028e-08
1.776599437e-07
-1.368757274e-08
1.73019849e-07
-7.90272875e-09
1.681664e-07
-1.832183112e-09
1.631563334e-07
4.442890624e-09
1.580251965e-07
1.084864e-08
1.527918358e-07
1.731760716e-08
1.4746194e-07
2.378755436e-08
1.420310577e-07
3.020042607e-08
1.364868161e-07
3.650146532e-08
1.308106507e-07
4.263839865e-08
1.249791346e-07
4.856073911e-08
1.189649986e-07
5.421917626e-08
1.12737883e-07
5.956505078e-08
1.062648834e-07
6.454990412e-08
9.951092446e-08
6.91250893e-08
9.24389884e-08
7.324143204e-08
8.501021601e-08
7.684893401e-08
7.718389695e-08
7.989651195e-08
6.89173561e-08
8.233176947e-08
6.016573868e-08
8.410080281e-08
5.088169086e-08
8.514804742e-08
4.101492618e-08
8.541618164e-08
3.051166213e-08
8.48461157e-08
1.931390554e-08
8.337710555e-08
7.358541595e-09
8.09470822e-08
-5.423854102e-09
7.749334298e-08
-1.911016311e-08
7.295368574e-08
-3.378654642e-08
6.726831511e-08
-4.95501842e-08
6.038295553e-08
-6.651131272e-08
5.225377134e-08
-8.479499668e-08
4.285496307e-08
-1.045418901e-07
3.219027905e-08
-1.259065559e-07
2.030987339e-08
-1.490508577e-07
7.334165679e-09
-1.741280407e-07
-6.513610978e-09
-2.012508783e-07
-2.086663427e-08
-2.304342644e-07
-3.516892528e-08
-2.614992702e-07
-4.86353283e-08
-2.939270699e-07
-6.023764263e-08
-3.266556958e-07
-6.875011974e-08
-3.578328879e-07
-7.289213043e-08
-3.845783136e-07
-7.159713385e-08
-4.028558941e-07
-6.439395542e-08
-4.076080682e-07
-5.181370482e-08
-3.932922919e-07
-3.566319398e-08
-3.548388385e-07
-1.899704948e-08
-2.88803229e-07
-5.727737723e-09
-1.942350536e-07
-7.277950538e-08
-2.062968964e-09
2.637576009e-08
-7.069712903e-09
7.167371331e-08
-1.372184722e-08
1.087089761e-07
-2.083297153e-08
1.375339948e-07
-2.748953121e-08
1.58942401e-07
-3.307655006e-08
1.740352014e-07
-3.724061374e-08
1.83971323e-07
-3.983032634e-08
1.898289495e-07
-4.083611917e-08
1.925413273e-07
-4.033942048e-08
1.928794467e-07
-3.847398071e-08
1.914599781e-07
-3.539856325e-08
1.887643889e-07
-3.127888129e-08
1.85161271e-07
-2.627647187e-08
1.809278362e-07
-2.054247277e-08
1.762688029e-07
-1.421470016e-08
1.713321711e-07
-7.416843116e-09
1.66221992e-07
-2.588795315e-10
1.610084364e-07
7.161516751e-09
1.557359371e-07
1.475761445e-08
1.504290988e-07
2.245217074e-08
1.450972795e-07
3.017564269e-08
1.39738468e-07
3.786474798e-08
1.343419525e-07
4.54611563e-08
1.288904078e-07
5.291033663e-08
1.233614704e-07
6.016055702e-08
1.177289142e-07
6.716203058e-08
1.11963525e-07
7.386618409e-08
1.060337295e-07
8.022503325e-08
9.990603421e-08
8.619064723e-08
9.354531048e-08
9.171468475e-08
8.691495088e-08
9.674798636e-08
7.99769144e-08
1.012402103e-07
7.2691673e-08
1.051395018e-07
6.501806464e-08
1.083921883e-07
5.691305215e-08
1.109424979e-07
4.833138121e-08
1.127323011e-07
3.922512299e-08
1.137008842e-07
2.954307903e-08
1.137847727e-07
1.923001707e-08
1.129176296e-07
8.225684696e-09
1.110302792e-07
-3.536503744e-09
1.080510296e-07
-1.613091353e-08
1.03906281e-07
-2.964179781e-08
9.852172861e-08
-4.41656318e-08
9.182452829e-08
-5.981411241e-08
8.374697748e-08
-7.671744588e-08
7.423256652e-08
-9.502747912e-08
6.324567059e-08
-1.1491966e-07
5.078659923e-08
-1.365917864e-07
3.691424459e-08
-1.60255686e-07
2.177873608e-08
-1.861153698e-07
5.665895981e-09
-2.143214243e-07
-1.094625234e-08
-2.448871219e-07
-2.732670322e-08
-2.775466191e-07
-4.244305607e-08
-3.11539343e-07
-5.49637335e-08
-3.453122105e-07
-6.336013314e-08
-3.761819139e-07
-6.616558123e-08
-4.00050446e-07
-6.241163575e-08
-4.113620137e-07
-5.217399654e-08
-4.035299311e-07
-3.703904605e-08
-3.69973789e-07
-2.023210012e-08
-3.056101749e-07
-6.237984406e-09
-2.082291694e-07
-7.901748979e-08
-2.649694416e-09
2.902545451e-08
-8.881620393e-09
7.790563928e-08
-1.690911593e-08
1.167364716e-07
-2.518796535e-08
1.458128442e-07
-3.260624667e-08
1.663606823e-07
-3.847858505e-08
1.799075397e-07
-4.246469903e-08
1.879574369e-07
-4.447146355e-08
1.91835714e-07
-4.456563111e-08
1.926354949e-07
-4.29064433e-08
1.912202589e-07
-3.969821679e-08
1.882517516e-07
-3.515936853e-08
1.842255406e-07
-2.950364742e-08
1.795055499e-07
-2.292984874e-08
1.743540376e-07
-1.561709091e-08
1.68956045e-07
-7.723547524e-09
1.634386277e-07
6.128338659e-10
1.578856106e-07
9.272214656e-09
1.523490556e-07
1.815078475e-08
1.46857367e-07
2.715850165e-08
1.414213819e-07
3.621647094e-08
1.360393102e-07
4.525487911e-08
1.307000598e-07
5.421110329e-08
1.253857283e-07
6.302807658e-08
1.200734345e-07
7.165289247e-08
1.147366545e-07
8.00356227e-08
1.093461839e-07
8.812832275e-08
1.03870825e-07
9.588419345e-08
9.827785883e-08
1.032568717e-07
9.253335595e-08
1.101998257e-07
8.660235649e-08
1.166658318e-07
8.044894481e-08
1.226065133e-07
7.40362329e-08
1.279719248e-07
6.732626145e-08
1.327101683e-07
6.027982114e-08
1.367670299e-07
5.285619063e-08
1.400856298e-07
4.501278124e-08
1.426060823e-07
3.670467053e-08
1.442651641e-07
2.788399721e-08
1.449960019e-07
1.849917929e-08
1.447277895e-07
8.493897032e-09
1.433855562e-07
-2.194270434e-09
1.408901445e-07
-1.363550187e-08
1.371583411e-07
-2.590999435e-08
1.321034197e-07
-3.911071041e-08
1.256363772e-07
-5.334706998e-08
1.176683331e-07
-6.874940171e-08
1.081148617e-07
-8.547400778e-08
9.690347141e-08
-1.037082697e-07
8.398603538e-08
-1.236743504e-07
6.935878485e-08
-1.456284355e-07
5.309321815e-08
-1.698498031e-07
3.538155196e-08
-1.966097582e-07
1.659902508e-08
-2.261045951e-07
-2.617959404e-09
-2.583296346e-07
-2.12896174e-08
-2.92867685e-07
-3.803963953e-08
-3.285621883e-07
-5.113575542e-08
-3.630857981e-07
-5.870362421e-08
-3.924825772e-07
-5.918744022e-08
-4.108781977e-07
-5.203726677e-08
-4.106801045e-07
-3.843052508e-08
-3.835805307e-07
-2.166346304e-08
-3.22377237e-07
-6.865327165e-09
-2.230273052e-07
-8.588281695e-08
-3.448616241e-09
3.247407075e-08
-1.125373782e-08
8.571076086e-08
-2.093720279e-08
1.264199366e-07
-3.049733972e-08
1.553729811e-07
-3.860891101e-08
1.744722536e-07
-4.454723575e-08
1.858458645e-07
-4.803223926e-08
1.914424404e-07
-4.907488764e-08
1.928783624e-07
-4.785537523e-08
1.914159825e-07
-4.463747952e-08
1.880023632e-07
-3.971345293e-08
1.83327725e-07
-3.337137535e-08
1.77883463e-07
-2.587772189e-08
1.720118965e-07
-1.746965609e-08
1.659459717e-07
-8.353119225e-09
1.598395082e-07
1.295847845e-09
1.537896606e-07
1.132780355e-08
1.478536549e-07
2.161658358e-08
1.420602756e-07
3.205576606e-08
1.364181845e-07
4.255483317e-08
1.309223148e-07
5.303612364e-08
1.255580197e-07
6.343212368e-08
1.203040598e-07
7.368315734e-08
1.151346946e-07
8.37354479e-08
1.100211439e-07
9.353950479e-08
1.049325976e-07
1.030487866e-07
9.983690209e-08
1.122185953e-07
9.470101628e-08
1.210051575e-07
8.949129666e-08
1.293648565e-07
8.417365692e-08
1.372535826e-07
7.87136304e-08
1.446261731e-07
7.307635427e-08
1.514359196e-07
6.722648641e-08
1.576341212e-07
6.112805985e-08
1.631696683e-07
5.474427402e-08
1.679886423e-07
4.803721662e-08
1.720339203e-07
4.096750324e-08
1.752447764e-07
3.34938145e-08
1.775564737e-07
2.557229986e-08
1.788998472e-07
1.71558058e-08
1.792008769e-07
8.192867283e-09
1.783802506e-07
-1.373644102e-09
1.763530342e-07
-1.160828547e-08
1.730283802e-07
-2.258534036e-08
1.683094775e-07
-3.439180775e-08
1.620939145e-07
-4.713150692e-08
1.542748183e-07
-6.09303056e-08
1.447434052e-07
-7.594259466e-08
1.333940006e-07
-9.235886507e-08
1.201332575e-07
-1.104136073e-07
1.048962791e-07
-1.303914571e-07
8.76735772e-08
-1.526271012e-07
6.855403416e-08
-1.774902151e-07
4.778941457e-08
-2.053399755e-07
2.588385334e-08
-2.364240734e-07
3.703035284e-09
-2.70686867e-07
-1.741483555e-08
-3.074443175e-07
-3.561233824e-08
-3.448882954e-07
-4.863921952e-08
-3.794556959e-07
-5.428342721e-08
-4.0523399e-07
-5.117320105e-08
-4.137903307e-07
-3.98082861e-08
-3.949454456e-07
-2.336526469e-08
-3.388202584e-07
-7.666093706e-09
-2.387264762e-07
-9.354891066e-08
-4.550863922e-09
3.702493467e-08
-1.436349271e-08
9.552338964e-08
-2.597784592e-08
1.380342898e-07
-3.682663808e-08
1.662217733e-07
-4.538701011e-08
1.830326257e-07
-5.096399289e-08
1.914228473e-07
-5.341529794e-08
1.938937455e-07
-5.292130422e-08
1.923843686e-07
-4.982273105e-08
1.883174093e-07
-4.451788256e-08
1.826975147e-07
-3.740352239e-08
1.762133649e-07
-2.884448736e-08
1.69324428e-07
-1.916088268e-08
1.623282918e-07
-8.625401109e-09
1.554104902e-07
2.533980773e-09
1.486801263e-07
1.41286067e-08
1.421950347e-07
2.600365522e-08
1.359786063e-07
3.803244437e-08
1.300314864e-07
5.011070845e-08
1.243399205e-07
6.215206192e-08
1.188809613e-07
7.408407843e-08
1.136260032e-07
8.584502858e-08
1.085431097e-07
9.738119822e-08
1.03598525e-07
1.086447029e-07
9.875763928e-08
1.195917143e-07
9.39855861e-08
1.301810229e-07
8.924759356e-08
1.403728695e-07
8.450916963e-08
1.501279921e-07
7.973617411e-08
1.594068376e-07
7.489481138e-08
1.681689028e-07
6.995156517e-08
1.763721696e-07
6.48730875e-08
1.839726089e-07
5.962604712e-08
1.909237307e-07
5.417693809e-08
1.971761607e-07
4.849184394e-08
2.026772289e-07
4.253614848e-08
2.073705539e-07
3.627417818e-08
2.111956143e-07
2.966875416e-08
2.140872926e-07
2.268062151e-08
2.159753867e-07
1.526771175e-08
2.167840772e-07
7.384176777e-09
2.164313345e-07
-1.020901394e-09
2.14828328e-07
-1.000527901e-08
2.11878774e-07
-1.963578633e-08
2.074783706e-07
-2.999140435e-08
2.015143732e-07
-4.116750962e-08
1.938655522e-07
-5.328148457e-08
1.84402993e-07
-6.648003548e-08
1.729925753e-07
-8.094844738e-08
1.595006117e-07
-9.692164367e-08
1.438051765e-07
-1.14696022e-07
1.258172022e-07
-1.346391269e-07
1.055174559e-07
-1.571904688e-07
8.301755549e-08
-1.82840075e-07
5.865382211e-08
-2.1206034e-07
3.311821947e-08
-2.451512643e-07
7.615526796e-09
-2.819416249e-07
-1.599178161e-08
-3.21280987e-07
-3.516978429e-08
-3.602776933e-07
-4.703090108e-08
-3.933728732e-07
-4.917955377e-08
-4.11641678e-07
-4.107219292e-08
-4.030528065e-07
-2.542530598e-08
-3.544671453e-07
-8.726163738e-09
-2.554256185e-07
-1.022750744e-07
-6.096315208e-09
4.312124988e-08
-1.844151977e-08
1.078685942e-07
-3.218592563e-08
1.517786957e-07
-4.410751833e-08
1.78143366e-07
-5.256821543e-08
1.914933228e-07
-5.703444522e-08
1.95889077e-07
-5.762141265e-08
1.944807129e-07
-5.476612972e-08
1.895290857e-07
-4.902431329e-08
1.825755929e-07
-4.095749146e-08
1.746306929e-07
-3.107785884e-08
1.663337322e-07
-1.982683255e-08
1.580734017e-07
-7.571568737e-09
1.50073028e-07
5.389058655e-09
1.424498628e-07
1.881510112e-08
1.352540838e-07
3.251616552e-08
1.284939703e-07
4.634184915e-08
1.221529227e-07
6.01730537e-08
1.162002819e-07
7.391512479e-08
1.105978494e-07
8.749212839e-08
1.053039577e-07
1.008422279e-07
1.002759037e-07
1.13913991e-07
9.547134659e-08
1.266634587e-07
9.084905724e-08
1.390518285e-07
8.636926944e-08
1.510436239e-07
8.19937907e-08
1.62605246e-07
7.768597147e-08
1.737038219e-07
7.34105937e-08
1.843062813e-07
6.913371469e-08
1.943786061e-07
6.482248665e-08
2.038852091e-07
6.044496212e-08
2.127884076e-07
5.5969889e-08
2.210479609e-07
5.136649381e-08
2.286206504e-07
4.660424863e-08
2.354598807e-07
4.165261364e-08
2.415152858e-07
3.648074332e-08
2.467323241e-07
3.105713988e-08
2.510518474e-07
2.534923085e-08
2.544096301e-07
1.93228388e-08
2.567358425e-07
1.29414994e-08
2.579544514e-07
6.165567835e-09
2.579825191e-07
-1.048969093e-09
2.567294077e-07
-8.752167556e-09
2.540958344e-07
-1.70022131e-08
2.499728768e-07
-2.586844669e-08
2.442408638e-07
-3.543549671e-08
2.367682724e-07
-4.580889312e-08
2.274108972e-07
-5.712266035e-08
2.160118533e-07
-6.954940344e-08
2.024035201e-07
-8.33133105e-08
1.864135297e-07
-9.87060316e-08
1.678785449e-07
-1.161041421e-07
1.466721209e-07
-1.359840449e-07
1.227563844e-07
-1.589243386e-07
9.627085203e-08
-1.855748076e-07
6.767255644e-08
-2.165529688e-07
3.793339166e-08
-2.522024601e-07
8.770905293e-09
-2.921185006e-07
-1.716940282e-08
-3.343373852e-07
-3.640420701e-08
-3.74138069e-07
-4.535168934e-08
-4.026941957e-07
-4.196377434e-08
-4.064407215e-07
-2.79245762e-08
-3.685063435e-07
-1.017475703e-08
-2.731754377e-07
-1.124498314e-07
-8.300907542e-09
5.142215742e-08
-2.376669788e-08
1.233343845e-07
-3.961063811e-08
1.676226359e-07
-5.195756179e-08
1.904902897e-07
-5.926749879e-08
1.988032598e-07
-6.139609206e-08
1.980176703e-07
-5.888717195e-08
1.919717928e-07
-5.253938013e-08
1.831812939e-07
-4.3175816e-08
1.732120287e-07
-3.153828789e-08
1.629931648e-07
-1.825057295e-08
1.530460173e-07
-3.815702173e-09
1.436385309e-07
1.137074797e-08
1.348865778e-07
2.700337505e-08
1.268172357e-07
4.285008873e-08
1.194073701e-07
5.873548708e-08
1.126085719e-07
7.452745929e-08
1.063609505e-07
9.012662161e-08
1.006011196e-07
1.054579007e-07
9.526657024e-08
1.204639923e-07
9.029786617e-08
1.351003219e-07
8.563957403e-08
1.493311862e-07
8.12404823e-08
1.631268037e-07
7.705343976e-08
1.764610633e-07
7.303500988e-08
1.893098013e-07
6.914505267e-08
2.016494777e-07
6.534629503e-08
2.134561512e-07
6.16039202e-08
2.247046769e-07
5.788518906e-08
2.353680675e-07
5.415909598e-08
2.454169735e-07
5.039605608e-08
2.548192451e-07
4.65676174e-08
2.635395494e-07
4.264618958e-08
2.715390189e-07
3.860477907e-08
2.787749134e-07
3.441671917e-08
2.85200276e-07
3.005538072e-08
2.907635699e-07
2.549384595e-08
2.954082783e-07
2.070452248e-08
2.990724499e-07
1.565866713e-08
3.01688171e-07
1.032577833e-08
3.031809373e-07
4.672801497e-09
3.034688889e-07
-1.336920651e-09
3.024618764e-07
-7.745155118e-09
3.000603017e-07
-1.460063839e-08
2.961537774e-07
-2.19619224e-08
2.906194533e-07
-2.990117257e-08
2.833200055e-07
-3.850944535e-08
2.741013672e-07
-4.790402212e-08
2.627904557e-07
-5.823849188e-08
2.491935571e-07
-6.971641189e-08
2.330968422e-07
-8.260931676e-08
2.142719965e-07
-9.727929644e-08
1.924926017e-07
-1.1420465e-07
1.675711808e-07
-1.340029177e-07
1.394328714e-07
-1.574364983e-07
1.082481784e-07
-1.853682758e-07
7.464908284e-08
-2.186033645e-07
4.003648314e-08
-2.575059009e-07
6.926588258e-09
-3.012274903e-07
-2.08370168e-08
-3.46374464e-07
-3.846269937e-08
-3.850685131e-07
-4.188890899e-08
-4.030145119e-07
-3.087188888e-08
-3.795233636e-07
-1.220006145e-08
-2.918472651e-07
-1.246498929e-07
-1.149261352e-08
6.291477093e-08
-3.060771429e-08
1.424494853e-07
-4.796741064e-08
1.849823322e-07
-5.930187703e-08
2.018247561e-07
-6.361772554e-08
2.031191083e-07
-6.151802896e-08
1.959179737e-07
-5.419267607e-08
1.846464399e-07
-4.290370233e-08
1.718923201e-07
-2.876851606e-08
1.590768425e-07
-1.269422306e-08
1.469188718e-07
4.617775942e-09
1.357340183e-07
2.264135521e-08
1.256149516e-07
4.099215062e-08
1.165357824e-07
5.939461079e-08
1.084147755e-07
7.765332234e-08
1.011486586e-07
9.563171167e-08
9.463018259e-08
1.132355795e-07
8.875708267e-08
1.304007376e-07
8.343596149e-08
1.470838671e-07
7.858344072e-08
1.632558116e-07
7.412592168e-08
1.788966798e-07
6.999870577e-08
1.939922792e-07
6.614488292e-08
2.085315186e-07
6.251420031e-08
2.225045152e-07
5.906201331e-08
2.35901209e-07
5.574835887e-08
2.487103442e-07
5.253715979e-08
2.609187128e-07
4.939555165e-08
2.725105844e-07
4.62933174e-08
2.834672683e-07
4.320241213e-08
2.937667638e-07
4.009656056e-08
3.033834705e-07
3.695091068e-08
3.12287932e-07
3.374172812e-08
3.204465945e-07
3.044611651e-08
3.278215646e-07
2.704174909e-08
3.343703493e-07
2.350659607e-08
3.400455653e-07
1.981862989e-08
3.447946009e-07
1.595548685e-08
3.485592107e-07
1.189405736e-08
3.512750203e-07
7.609968732e-09
3.528709099e-07
3.076911877e-09
3.532682256e-07
-1.734236372e-09
3.523797806e-07
-6.856710146e-09
3.501085683e-07
-1.23294261e-08
3.463461657e-07
-1.81995198e-08
3.409706247e-07
-2.452563155e-08
3.338437427e-07
-3.138256337e-08
3.248076074e-07
-3.886788686e-08
3.136803764e-07
-4.711126087e-08
3.002514773e-07
-5.628751279e-08
2.842769565e-07
-6.66347959e-08
2.654768693e-07
-7.847920929e-08
2.435389358e-07
-9.226671649e-08
2.181370135e-07
-1.086009954e-07
1.88980325e-07
-1.282798098e-07
1.559204098e-07
-1.523083606e-07
1.191554743e-07
-1.818384289e-07
7.957614256e-08
-2.179265692e-07
3.926417746e-08
-2.609155252e-07
2.02843283e-09
-3.091387194e-07
-2.640569413e-08
-3.566343862e-07
-3.957167877e-08
-3.898485273e-07
-3.403146208e-08
-3.850635803e-07
-1.505655713e-08
-3.108221701e-07
-1.3970645e-07
-1.613053029e-08
7.904530122e-08
-3.898788662e-08
1.653068416e-07
-5.607227338e-08
2.02066719e-07
-6.358414276e-08
2.093366254e-07
-6.190096281e-08
2.014359283e-07
-5.28635202e-08
1.868805311e-07
-3.852186862e-08
1.703047883e-07
-2.064237174e-08
1.540128233e-07
-5.89267048e-10
1.390237378e-07
2.064322391e-08
1.256863808e-07
4.236082071e-08
1.140164215e-07
6.409591721e-08
1.038798551e-07
8.554134579e-08
9.509035382e-08
1.065020509e-07
8.745407041e-08
1.268598197e-07
8.079088976e-08
1.465478378e-07
7.494216453e-08
1.655328972e-07
6.977202325e-08
1.838030995e-07
6.516575911e-08
2.01359435e-07
6.102710521e-08
2.182100561e-07
5.727530059e-08
2.343664055e-07
5.384235642e-08
2.498406107e-07
5.067067772e-08
2.646437394e-07
4.771107159e-08
2.787846368e-07
4.49211159e-08
2.922691548e-07
4.226384085e-08
3.050996435e-07
3.970667104e-08
3.172746162e-07
3.722057893e-08
3.28788527e-07
3.477940664e-08
3.39631619e-07
3.235932012e-08
3.497898141e-07
2.993836551e-08
3.592446217e-07
2.749610298e-08
3.679730525e-07
2.50132974e-08
3.759475211e-07
2.247164783e-08
3.831357306e-07
1.985353964e-08
3.895005231e-07
1.714180353e-08
3.949996884e-07
1.431946459e-08
3.995857128e-07
1.136946242e-08
4.032054516e-07
8.27431859e-09
4.057996983e-07
5.015722024e-09
4.07302617e-07
1.5739932e-09
4.076409756e-07
-2.072594976e-09
4.06733147e-07
-5.948881574e-09
4.044877943e-07
-1.008407342e-08
4.008021116e-07
-1.45138371e-08
3.955594299e-07
-1.928294988e-08
3.886259918e-07
-2.444912529e-08
3.798466293e-07
-3.008852435e-08
3.690390459e-07
-3.630367753e-08
3.559864413e-07
-4.323490813e-08
3.404284418e-07
-5.107679645e-08
3.220509757e-07
-6.010174314e-08
3.004773576e-07
-7.069309848e-08
2.752664079e-07
-8.339004568e-08
2.459305588e-07
-9.894396073e-08
2.119999779e-07
-1.183777797e-07
1.731798384e-07
-1.430182895e-07
1.296744604e-07
-1.744211912e-07
8.276463578e-08
-2.140057006e-07
3.56599867e-08
-2.620340703e-07
-5.636734585e-09
-3.153376649e-07
-3.238421532e-08
-3.631010465e-07
-3.647588761e-08
-3.80971908e-07
-1.899427368e-08
-3.28303784e-07
-1.587007237e-07
-2.262600477e-08
1.01671306e-07
-4.788416609e-08
1.905650029e-07
-6.045901614e-08
2.14641569e-07
-5.914063289e-08
2.080182422e-07
-4.698220122e-08
1.892774966e-07
-2.755524892e-08
1.674535788e-07
-3.821047256e-09
1.465705866e-07
2.208804568e-08
1.281037303e-07
4.875760822e-08
1.123541752e-07
7.53051098e-08
9.913887922e-08
1.012072162e-07
8.811431512e-08
1.261750445e-07
7.891202674e-08
1.500689357e-07
7.11964626e-08
1.728402921e-07
6.4682714e-08
1.944939394e-07
5.913724248e-08
2.150641596e-07
5.437194428e-08
2.345997334e-07
5.023644947e-08
2.531547987e-07
4.661069386e-08
2.707833988e-07
4.339850509e-08
2.875363367e-07
4.052236266e-08
3.034594493e-07
3.791924381e-08
3.18592742e-07
3.553738498e-08
3.329700333e-07
3.333378036e-08
3.466188909e-07
3.127225822e-08
3.595607284e-07
2.932200343e-08
3.718109783e-07
2.745642111e-08
3.833792972e-07
2.565226002e-08
3.942697711e-07
2.388893271e-08
4.044811067e-07
2.214798452e-08
4.14006798e-07
2.041267427e-08
4.228352626e-07
1.866763834e-08
4.309499447e-07
1.689861528e-08
4.383293794e-07
1.509221308e-08
4.44947216e-07
1.323570304e-08
4.507721932e-07
1.131682637e-08
4.557680588e-07
9.323598966e-09
4.598934222e-07
7.244099071e-09
4.631015211e-07
5.066219621e-09
4.6533988e-07
2.777363169e-09
4.665498169e-07
3.640562352e-10
4.666657698e-07
-2.188547896e-09
4.65614326e-07
-4.897437694e-09
4.633129915e-07
-7.78273902e-09
4.596683714e-07
-1.086921699e-08
4.545736676e-07
-1.41882461e-08
4.479052209e-07
-1.778067855e-08
4.395177108e-07
-2.170101422e-08
4.292375173e-07
-2.602348412e-08
4.168536151e-07
-3.085100592e-08
4.021052869e-07
-3.632846819e-08
3.846660676e-07
-4.266252394e-08
3.641240273e-07
-5.015105813e-08
3.399606017e-07
-5.922662007e-08
3.115354202e-07
-7.051877931e-08
2.780962513e-07
-8.493861081e-08
2.388568158e-07
-1.037788539e-07
1.932274814e-07
-1.287918569e-07
1.413444515e-07
-1.621226706e-07
8.508511219e-08
-2.057747311e-07
2.962694061e-08
-2.598794934e-07
-1.506281571e-08
-3.184112902e-07
-3.537569425e-08
-3.606590295e-07
-2.379712075e-08
-3.398823575e-07
-1.824978445e-07
-3.036663334e-08
1.320379393e-07
-5.278397453e-08
2.129823441e-07
-5.20605689e-08
2.139181634e-07
-3.393794623e-08
1.898956195e-07
-5.637471963e-09
1.609770223e-07
2.75426762e-08
1.342734306e-07
6.219340808e-08
1.119198548e-07
9.635996392e-08
9.393717446e-08
1.290367427e-07
7.967739637e-08
1.597800241e-07
6.83955979e-08
1.884638411e-07
5.94304981e-08
2.151307964e-07
5.224507142e-08
2.399047507e-07
4.642250826e-08
2.629412608e-07
4.164620391e-08
2.844009333e-07
3.767756994e-08
3.044359992e-07
3.433687842e-08
3.231842884e-07
3.14881603e-08
3.407672152e-07
2.9027767e-08
3.572898242e-07
2.687589606e-08
3.728418019e-07
2.497038495e-08
3.874988613e-07
2.326218448e-08
4.013241899e-07
2.171205632e-08
4.143698137e-07
2.028815652e-08
4.266778127e-07
1.896425925e-08
4.382813727e-07
1.771844347e-08
4.492056782e-07
1.653211553e-08
4.59468662e-07
1.538927628e-08
4.690816275e-07
1.427596715e-08
4.780497646e-07
1.31798474e-08
4.863725711e-07
1.208986776e-08
4.940441949e-07
1.099601459e-08
5.010537051e-07
9.889105058e-09
5.073853002e-07
8.760617969e-09
5.130184553e-07
7.602547948e-09
5.179280097e-07
6.407271944e-09
5.22084191e-07
5.167417715e-09
5.254525666e-07
3.875723423e-09
5.2799391e-07
2.524876271e-09
5.29663957e-07
1.107316102e-09
5.304129989e-07
-3.849856598e-10
5.301853623e-07
-1.960911309e-09
5.289185472e-07
-3.63062254e-09
5.265420929e-07
-5.406284739e-09
5.229758571e-07
-7.302981216e-09
5.181276173e-07
-9.340006343e-09
5.118896822e-07
-1.154274346e-08
5.04134077e-07
-1.394540902e-08
4.947056941e-07
-1.659510118e-08
4.834125441e-07
-1.955785592e-08
4.700119113e-07
-2.292783544e-08
4.541908439e-07
-2.684145658e-08
4.355391514e-07
-3.149936562e-08
4.135134079e-07
-3.720087658e-08
3.87392605e-07
-4.439797639e-08
3.562330251e-07
-5.377903086e-08
3.18848189e-07
-6.639401788e-08
2.738824388e-07
-8.382610672e-08
2.201350219e-07
-1.083752538e-07
1.574419475e-07
-1.430816566e-07
8.857311772e-08
-1.910106636e-07
2.237189841e-08
-2.522100709e-07
-2.335658767e-08
-3.149305434e-07
-2.742661485e-08
-3.358123303e-07
-2.099244593e-07
-3.52540314e-08
1.672919707e-07
-3.885271042e-08
2.165810231e-07
-8.533226688e-09
1.835986797e-07
3.64909808e-08
1.44871412e-07
8.52894306e-08
1.121785725e-07
1.327563107e-07
8.680655055e-08
1.766313846e-07
6.804478077e-08
2.16210246e-07
5.435831308e-08
2.515687551e-07
4.431888729e-08
2.830983145e-07
3.68660385e-08
3.112811566e-07
3.124765597e-08
3.365900349e-07
2.69361931e-08
3.594474818e-07
2.356506138e-08
3.802141869e-07
2.087949878e-08
3.991907872e-07
1.870096963e-08
4.166248059e-07
1.690285972e-08
4.327188406e-07
1.53941256e-08
4.476383264e-07
1.410828117e-08
4.615182577e-07
1.299596475e-08
4.744687455e-07
1.20198972e-08
4.865794984e-07
1.115143154e-08
4.979233883e-07
1.036816641e-08
5.085592678e-07
9.652277004e-09
5.185341928e-07
8.989334301e-09
5.27885176e-07
8.3674602e-09
5.366405754e-07
7.776716132e-09
5.44821196e-07
7.20865575e-09
5.524411691e-07
6.655994002e-09
5.59508657e-07
6.11235945e-09
5.660264184e-07
5.57210644e-09
5.719922626e-07
5.030170378e-09
5.773994138e-07
4.481953779e-09
5.82236798e-07
3.923233778e-09
5.864892623e-07
3.350083709e-09
5.901377318e-07
2.758802447e-09
5.931593037e-07
2.145845748e-09
5.955272734e-07
1.507753705e-09
5.972110812e-07
8.410684711e-10
5.981761591e-07
1.422381911e-10
5.98383665e-07
-5.924915762e-10
5.97790056e-07
-1.367302294e-09
5.963464491e-07
-2.187015584e-09
5.939976166e-07
-3.057452256e-09
5.906805367e-07
-3.985901366e-09
5.863223248e-07
-4.981794404e-09
5.808372587e-07
-6.057677387e-09
5.741224864e-07
-7.230636689e-09
5.660518049e-07
-8.524419757e-09
5.564665953e-07
-9.972646313e-09
5.451625285e-07
-1.16237686e-08
5.318699688e-07
-1.354889691e-08
5.162250192e-07
-1.585441599e-08
4.977269041e-07
-1.870276152e-08
4.756762271e-07
-2.234729943e-08
4.490889609e-07
-2.719176464e-08
4.165871441e-07
-3.389220107e-08
3.76291017e-07
-4.352997962e-08
3.258081488e-07
-5.789238559e-08
2.625946444e-07
-7.986815223e-08
1.853407284e-07
-1.137567477e-07
9.764493418e-08
-1.645142767e-07
1.563373913e-08
-2.329193484e-07
-2.411658236e-08
-2.960620089e-07
-2.340410417e-07
-1.848586445e-08
1.857778352e-07
4.11950759e-08
1.569000828e-07
1.222097462e-07
1.025840093e-07
1.974126186e-07
6.966853955e-08
2.616804941e-07
4.791069708e-08
3.150846409e-07
3.340240376e-08
3.590965665e-07
2.403285516e-08
3.955101096e-07
1.794476998e-08
4.259459855e-07
1.38830114e-08
4.517146327e-07
1.109739122e-08
4.738306751e-07
9.131613644e-09
4.930651298e-07
7.701738335e-09
5.100000748e-07
6.630116376e-09
5.250753994e-07
5.804174226e-09
5.386253659e-07
5.151003123e-09
5.509059774e-07
4.622248204e-09
5.621150471e-07
4.185055872e-09
5.724067855e-07
3.816542732e-09
5.819023827e-07
3.500367562e-09
5.906977059e-07
3.224573992e-09
5.988689306e-07
2.980206827e-09
6.064766904e-07
2.760406652e-09
6.135691616e-07
2.559805779e-09
6.201843782e-07
2.374117657e-09
6.263519857e-07
2.19985277e-09
6.32094583e-07
2.034118791e-09
6.374287609e-07
1.874477814e-09
6.423659121e-07
1.718842869e-09
6.469128697e-07
1.565401814e-09
6.510724156e-07
1.412560509e-09
6.548436864e-07
1.258899613e-09
6.582224992e-07
1.103140961e-09
6.612016124e-07
9.441205399e-10
6.637709304e-07
7.807657047e-10
6.659176582e-07
6.120746943e-10
6.676264073e-07
4.370966599e-10
6.688792506e-07
2.549104032e-10
6.696557183e-07
6.460070793e-11
6.699327162e-07
-1.347597368e-10
6.696843965e-07
-3.441718444e-10
6.688818539e-07
-5.647596539e-10
6.67492673e-07
-7.978347288e-10
6.654802223e-07
-1.045001531e-09
6.628026256e-07
-1.308304701e-09
6.594112649e-07
-1.590433739e-09
6.552486053e-07
-1.895017742e-09
6.502450276e-07
-2.227059005e-09
6.443141897e-07
-2.593581873e-09
6.373461689e-07
-3.004625488e-09
6.291972031e-07
-3.47480287e-09
6.196741283e-07
-4.025822092e-09
6.085104082e-07
-4.690695836e-09
5.953286594e-07
-5.521012743e-09
5.795813008e-07
-6.599940901e-09
5.604558132e-07
-8.066277009e-09
5.367238702e-07
-1.016025806e-08
5.065066036e-07
-1.331271306e-08
4.669342771e-07
-1.832005911e-08
4.137469393e-07
-2.668081445e-08
3.411574945e-07
-4.11673028e-08
2.431648458e-07
-6.652162801e-08
1.206361633e-07
-1.10390666e-07
7.824678129e-09
-1.832505237e-07
-2.262163635e-07
1.857778352e-07
3.426779179e-07
4.452619273e-07
5.149304668e-07
5.628411639e-07
5.962435676e-07
6.202764228e-07
6.382211928e-07
6.521042042e-07
6.632015954e-07
6.72333209e-07
6.800349474e-07
6.866650637e-07
6.92469238e-07
6.976202411e-07
7.022424893e-07
7.064275452e-07
7.102440879e-07
7.137444555e-07
7.169690294e-07
7.199492363e-07
7.227096429e-07
7.252694487e-07
7.276435664e-07
7.298434191e-07
7.318775379e-07
7.337520157e-07
7.354708586e-07
7.370362604e-07
7.384488209e-07
7.397077205e-07
7.408108615e-07
7.41754982e-07
7.425357477e-07
7.431478224e-07
7.435849191e-07
7.438398295e-07
7.439044302e-07
7.437696704e-07
7.434254986e-07
7.428607389e-07
7.420629042e-07
7.410179027e-07
7.39709598e-07
7.381191642e-07
7.362241465e-07
7.339970875e-07
7.314035056e-07
7.283988801e-07
7.249240773e-07
7.208982552e-07
7.162075593e-07
7.106865466e-07
7.040866057e-07
6.960203287e-07
6.858600706e-07
6.725473575e-07
6.542272984e-07
6.27546484e-07
5.863791812e-07
5.198575532e-07
4.094668872e-07
2.262163635e-07
)
;

boundaryField
{
    movingWall
    {
        type            calculated;
        value           uniform 0;
    }
    fixedWalls
    {
        type            calculated;
        value           uniform 0;
    }
    frontAndBack
    {
        type            empty;
    }
}


// ************************************************************************* //
