/*--------------------------------*- C++ -*----------------------------------*\
  =========                 |
  \\      /  F ield         | OpenFOAM: The Open Source CFD Toolbox
   \\    /   O peration     | Website:  https://openfoam.org
    \\  /    A nd           | Version:  11
     \\/     M anipulation  |
\*---------------------------------------------------------------------------*/
FoamFile
{
    format      ascii;
    class       volVectorField;
    location    "100";
    object      U;
}
// * * * * * * * * * * * * * * * * * * * * * * * * * * * * * * * * * * * * * //

dimensions      [0 1 -1 0 0 0 0];

internalField   nonuniform List<vector> 
4096
(
(9.711607805e-06 -8.454361929e-06 0)
(3.022210433e-05 -8.822901983e-06 0)
(3.401429848e-05 -4.621032797e-06 0)
(1.276057525e-05 6.776683495e-07 0)
(-3.674131342e-05 5.720361644e-06 0)
(-0.0001131561136 1.013854615e-05 0)
(-0.0002135480128 1.382800463e-05 0)
(-0.0003344394085 1.680786205e-05 0)
(-0.0004722694889 1.914699161e-05 0)
(-0.0006236286292 2.092671912e-05 0)
(-0.0007853697919 2.222596386e-05 0)
(-0.0009546518243 2.311600494e-05 0)
(-0.001128946138 2.36591592e-05 0)
(-0.001306023725 2.390875202e-05 0)
(-0.001483931541 2.390981796e-05 0)
(-0.001660963611 2.369972157e-05 0)
(-0.001835629997 2.330907772e-05 0)
(-0.002006625731 2.276237735e-05 0)
(-0.002172801025 2.207889381e-05 0)
(-0.002333133688 2.127324976e-05 0)
(-0.002486704317 2.035628005e-05 0)
(-0.002632674629 1.933552971e-05 0)
(-0.0027702691 1.821605678e-05 0)
(-0.002898759963 1.700085023e-05 0)
(-0.00301745548 1.569155893e-05 0)
(-0.003125691387 1.428882341e-05 0)
(-0.003222825302 1.279292582e-05 0)
(-0.003308233904 1.120403834e-05 0)
(-0.003381312662 9.522797419e-06 0)
(-0.003441477892 7.750477319e-06 0)
(-0.003488170939 5.889494161e-06 0)
(-0.003520864292 3.943514631e-06 0)
(-0.003539069445 1.9178967e-06 0)
(-0.003542346237 -1.803124158e-07 0)
(-0.003530313736 -2.34193046e-06 0)
(-0.003502663254 -4.555323715e-06 0)
(-0.003459173125 -6.805994225e-06 0)
(-0.003399724578 -9.076762488e-06 0)
(-0.003324317971 -1.134757572e-05 0)
(-0.003233089328 -1.359569564e-05 0)
(-0.003126326908 -1.579562807e-05 0)
(-0.003004487439 -1.791942487e-05 0)
(-0.002868211683 -1.993675587e-05 0)
(-0.002718338903 -2.181533641e-05 0)
(-0.00255591984 -2.352114338e-05 0)
(-0.002382227743 -2.501894931e-05 0)
(-0.002198767057 -2.627264449e-05 0)
(-0.002007279345 -2.724581065e-05 0)
(-0.001809746114 -2.790205618e-05 0)
(-0.001608388209 -2.820550077e-05 0)
(-0.001405661551 -2.812096604e-05 0)
(-0.001204248906 -2.761418069e-05 0)
(-0.001007047402 -2.665163162e-05 0)
(-0.0008171510522 -2.520032399e-05 0)
(-0.0006378268903 -2.322728705e-05 0)
(-0.0004724815582 -2.0699369e-05 0)
(-0.0003246116344 -1.758396606e-05 0)
(-0.0001977232304 -1.385313212e-05 0)
(-9.519091104e-05 -9.496756402e-06 0)
(-2.000242683e-05 -4.558284133e-06 0)
(2.570463898e-05 7.93804067e-07 0)
(4.168009668e-05 6.14747259e-06 0)
(3.258184055e-05 1.020971368e-05 0)
(9.438855085e-06 9.428421804e-06 0)
(9.550148508e-06 -2.842204389e-05 0)
(2.064407084e-05 -1.916459141e-05 0)
(-1.358016972e-05 2.212920201e-05 0)
(-0.0001086512484 7.445062583e-05 0)
(-0.0002703766486 0.0001277987268 0)
(-0.0004969342086 0.000177370753 0)
(-0.0007827062803 0.0002210125786 0)
(-0.001120281508 0.0002579723533 0)
(-0.001501566218 0.0002882227902 0)
(-0.001918435005 0.0003120997461 0)
(-0.002363104907 0.0003301093006 0)
(-0.002828335378 0.0003428222879 0)
(-0.003307519768 0.000350815601 0)
(-0.003794709343 0.0003546392078 0)
(-0.004284595616 0.0003547981222 0)
(-0.004772467432 0.0003517431458 0)
(-0.005254153794 0.0003458674197 0)
(-0.005725959864 0.0003375064954 0)
(-0.006184601325 0.0003269410882 0)
(-0.006627140679 0.0003144012942 0)
(-0.007050927981 0.000300072097 0)
(-0.007453547647 0.0002840993004 0)
(-0.00783277236 0.000266595989 0)
(-0.008186524618 0.0002476488216 0)
(-0.008512846106 0.0002273244217 0)
(-0.008809874795 0.0002056752804 0)
(-0.009075829521 0.0001827455482 0)
(-0.009309001628 0.0001585762055 0)
(-0.00950775324 0.0001332100597 0)
(-0.00967052166 0.0001066961033 0)
(-0.009795829407 7.909371398e-05 0)
(-0.009882299434 5.047626033e-05 0)
(-0.009928675112 2.093457851e-05 0)
(-0.00993384418 -9.420191165e-06 0)
(-0.009896867057 -4.045304801e-05 0)
(-0.009817010351 -7.200104418e-05 0)
(-0.009693784086 -0.0001038704706 0)
(-0.009526982134 -0.0001358358085 0)
(-0.009316723626 -0.0001676388491 0)
(-0.009063495184 -0.0001989885817 0)
(-0.008768193133 -0.0002295615331 0)
(-0.008432164742 -0.0002590030294 0)
(-0.00805724751 -0.0002869290564 0)
(-0.007645805392 -0.0003129291441 0)
(-0.007200760791 -0.0003365699429 0)
(-0.00672562111 -0.0003573998354 0)
(-0.006224498598 -0.0003749542252 0)
(-0.005702122221 -0.0003887617548 0)
(-0.005163840284 -0.0003983510832 0)
(-0.004615612483 -0.0004032584335 0)
(-0.004063989935 -0.000403035652 0)
(-0.003516081434 -0.000397259177 0)
(-0.002979503439 -0.0003855402235 0)
(-0.00246230999 -0.0003675375926 0)
(-0.001972896081 -0.0003429755909 0)
(-0.001519863337 -0.0003116725345 0)
(-0.001111828241 -0.0002735902704 0)
(-0.0007571378318 -0.0002289255998 0)
(-0.0004634328511 -0.0001782843206 0)
(-0.0002369627565 -0.0001230197907 0)
(-8.147497396e-05 -6.588355271e-05 0)
(3.771666354e-06 -1.222578754e-05 0)
(2.788192622e-05 2.757458391e-05 0)
(1.022942899e-05 3.2535579e-05 0)
(5.00286926e-06 -3.353641409e-05 0)
(-2.093685248e-05 1.447214308e-05 0)
(-0.0001216802552 0.000122553334 0)
(-0.0003119326647 0.000253389724 0)
(-0.0005965740472 0.0003871340471 0)
(-0.0009732361221 0.0005130018475 0)
(-0.001434822166 0.0006254477736 0)
(-0.001971591434 0.0007220291468 0)
(-0.002572551979 0.0008021036566 0)
(-0.003226356527 0.0008660513926 0)
(-0.003921874535 0.0009148111143 0)
(-0.00464853944 0.0009495991954 0)
(-0.005396540542 0.0009717370215 0)
(-0.006156909651 0.0009825445547 0)
(-0.006921537299 0.000983275357 0)
(-0.007683142816 0.0009750785405 0)
(-0.008435215464 0.0009589786624 0)
(-0.009171938979 0.0009358680074 0)
(-0.009888108431 0.0009065074069 0)
(-0.01057904584 0.0008715330734 0)
(-0.01124051916 0.0008314674325 0)
(-0.01186866781 0.0007867326296 0)
(-0.01245993693 0.0007376655014 0)
(-0.01301102164 0.0006845333 0)
(-0.01351882194 0.0006275494315 0)
(-0.01398040849 0.000566888884 0)
(-0.01439299908 0.0005027029236 0)
(-0.01475394535 0.0004351329919 0)
(-0.01506072938 0.0003643235878 0)
(-0.0153109693 0.0002904342197 0)
(-0.01550243347 0.000213650323 0)
(-0.01563306241 0.0001341933146 0)
(-0.01570099808 5.232967252e-05 0)
(-0.01570461891 -3.162094169e-05 0)
(-0.01564258182 -0.0001172766011 0)
(-0.01551387183 -0.0002041827857 0)
(-0.01531785611 -0.0002918055641 0)
(-0.01505434361 -0.0003795281727 0)
(-0.01472364574 -0.0004666488457 0)
(-0.0143266383 -0.0005523801531 0)
(-0.01386482329 -0.000635850167 0)
(-0.01334038907 -0.000716105545 0)
(-0.01275626732 -0.0007921167995 0)
(-0.01211618513 -0.0008627858289 0)
(-0.01142471035 -0.0009269559085 0)
(-0.01068728809 -0.0009834241404 0)
(-0.009910266587 -0.001030956456 0)
(-0.009100909978 -0.001068305107 0)
(-0.008267395827 -0.001094228721 0)
(-0.007418794884 -0.001107514993 0)
(-0.006565030166 -0.001107006441 0)
(-0.005716811816 -0.001091630143 0)
(-0.004885542904 -0.001060433459 0)
(-0.004083189215 -0.001012629571 0)
(-0.0033221024 -0.0009476601273 0)
(-0.002614779876 -0.0008652880816 0)
(-0.001973535197 -0.0007657443518 0)
(-0.001410037677 -0.0006499699928 0)
(-0.0009346609033 -0.000520027984 0)
(-0.0005555513853 -0.0003798167057 0)
(-0.000277251912 -0.0002362937121 0)
(-9.866606239e-05 -0.0001015044086 0)
(-1.059599486e-05 3.767846864e-06 0)
(6.309093335e-06 4.192480482e-05 0)
(-3.199893913e-07 -1.319050551e-05 0)
(-7.389343079e-05 0.0001092247566 0)
(-0.0002543527136 0.0003128327177 0)
(-0.0005509789396 0.0005484396001 0)
(-0.0009645951222 0.0007875259653 0)
(-0.001491105528 0.001013292277 0)
(-0.002121838611 0.001216359897 0)
(-0.002845238703 0.001392111547 0)
(-0.003648227819 0.001538914634 0)
(-0.004517146861 0.001656966157 0)
(-0.005438410478 0.001747547779 0)
(-0.006398943141 0.001812541429 0)
(-0.007386447213 0.001854112342 0)
(-0.008389547449 0.001874501804 0)
(-0.009397846909 0.001875893161 0)
(-0.01040192095 0.00186032788 0)
(-0.01139326964 0.001829656569 0)
(-0.01236424399 0.001785514839 0)
(-0.01330795778 0.001729316937 0)
(-0.01421819363 0.001662262065 0)
(-0.01508931001 0.001585349594 0)
(-0.01591615367 0.001499400246 0)
(-0.01669398096 0.001405081033 0)
(-0.01741839011 0.001302932212 0)
(-0.01808526576 0.001193394974 0)
(-0.01869073619 0.001076838911 0)
(-0.01923114363 0.0009535886032 0)
(-0.01970302704 0.0008239488841 0)
(-0.02010311706 0.0006882285492 0)
(-0.02042834248 0.0005467623726 0)
(-0.02067584729 0.00039993143 0)
(-0.02084301785 0.0002481817681 0)
(-0.02092751938 9.204140822e-05 0)
(-0.02092733899 -6.786458382e-05 0)
(-0.02084083908 -0.0002307972157 0)
(-0.02066681958 -0.0003958852191 0)
(-0.02040458449 -0.0005621128129 0)
(-0.02005401709 -0.0007283133092 0)
(-0.01961565538 -0.0008931650155 0)
(-0.01909076926 -0.001055190119 0)
(-0.01848143735 -0.00121275693 0)
(-0.01779062139 -0.001364085862 0)
(-0.01702223636 -0.001507259467 0)
(-0.01618121382 -0.00164023689 0)
(-0.01527355607 -0.00176087299 0)
(-0.01430637846 -0.001866942378 0)
(-0.01328793695 -0.001956168517 0)
(-0.01222763795 -0.002026258082 0)
(-0.01113602705 -0.002074940811 0)
(-0.01002475309 -0.00210001538 0)
(-0.008906503388 -0.002099402351 0)
(-0.007794905115 -0.002071206282 0)
(-0.006704386184 -0.002013790892 0)
(-0.005649987079 -0.001925874286 0)
(-0.004647111244 -0.00180665637 0)
(-0.003711196712 -0.001655999126 0)
(-0.002857284235 -0.00147469423 0)
(-0.00209944812 -0.00126487449 0)
(-0.001450050254 -0.001030661684 0)
(-0.000918762593 -0.000779200755 0)
(-0.000511230307 -0.0005222898913 0)
(-0.0002274435219 -0.0002788568613 0)
(-6.15045105e-05 -7.901731602e-05 0)
(1.296900632e-06 2.730373086e-05 0)
(-5.419324404e-06 3.600576815e-05 0)
(-0.000128998267 0.0002722833744 0)
(-0.0003933246142 0.0006000876043 0)
(-0.00080013741 0.0009634424076 0)
(-0.001344214176 0.001327611781 0)
(-0.00201852362 0.001670878337 0)
(-0.002812286155 0.001980390735 0)
(-0.003712097819 0.002249362313 0)
(-0.004703087113 0.002475046858 0)
(-0.005769758172 0.002657324255 0)
(-0.006896625655 0.002797725962 0)
(-0.008068672964 0.002898762754 0)
(-0.009271656935 0.002963461091 0)
(-0.01049228938 0.002995045152 0)
(-0.01171832415 0.002996721732 0)
(-0.01293857419 0.00297153895 0)
(-0.01414287871 0.002922298567 0)
(-0.01532203707 0.002851507758 0)
(-0.01646772232 0.002761359845 0)
(-0.01757238482 0.002653736339 0)
(-0.01862915372 0.002530224188 0)
(-0.01963174236 0.002392143675 0)
(-0.02057436164 0.002240583218 0)
(-0.02145164457 0.002076438317 0)
(-0.02225858369 0.001900452369 0)
(-0.02299048237 0.001713257831 0)
(-0.02364292054 0.001515416469 0)
(-0.02421173458 0.00130745801 0)
(-0.02469301112 0.00108991662 0)
(-0.02508309398 0.0008633650304 0)
(-0.02537860364 0.0006284461297 0)
(-0.02557646836 0.0003859021337 0)
(-0.0256739667 0.000136601107 0)
(-0.02566877591 -0.0001184395919 0)
(-0.02555903552 -0.0003780269881 0)
(-0.02534341947 -0.000640764476 0)
(-0.02502121191 -0.0009050333521 0)
(-0.02459239545 -0.001168982898 0)
(-0.0240577383 -0.001430524152 0)
(-0.02341888341 -0.001687328371 0)
(-0.02267843697 -0.001936830921 0)
(-0.02184005395 -0.002176241077 0)
(-0.02090851785 -0.002402558397 0)
(-0.01988981216 -0.002612596145 0)
(-0.01879118019 -0.002803012352 0)
(-0.01762117006 -0.002970348861 0)
(-0.01638966121 -0.003111078851 0)
(-0.01510786874 -0.003221663165 0)
(-0.0137883213 -0.003298616125 0)
(-0.01244480815 -0.003338581763 0)
(-0.01109229028 -0.003338422335 0)
(-0.009746769811 -0.003295322327 0)
(-0.008425110422 -0.00320691367 0)
(-0.007144800158 -0.003071431732 0)
(-0.005923645296 -0.002887917934 0)
(-0.004779381259 -0.002656494398 0)
(-0.003729182976 -0.00237875052 0)
(-0.002789055938 -0.002058302675 0)
(-0.001973097185 -0.00170162004 0)
(-0.001292607201 -0.001319254409 0)
(-0.0007549524445 -0.0009276442347 0)
(-0.000362503904 -0.0005516554511 0)
(-0.0001146894586 -0.0002284212322 0)
(-3.528250486e-06 -1.523282901e-05 0)
(-1.000413021e-05 0.0001133195893 0)
(-0.000182009437 0.0005038592068 0)
(-0.000529147902 0.0009852068826 0)
(-0.001045003535 0.001498651782 0)
(-0.001717400005 0.002005764376 0)
(-0.002535500617 0.002481398327 0)
(-0.003485849473 0.002910022628 0)
(-0.004552941947 0.003283044892 0)
(-0.005720118061 0.003596734422 0)
(-0.006970233016 0.003850674571 0)
(-0.008286202911 0.004046632006 0)
(-0.00965143039 0.004187734978 0)
(-0.01105010673 0.004277879815 0)
(-0.0124674046 0.004321306623 0)
(-0.01388958071 0.004322301044 0)
(-0.01530400786 0.004284990671 0)
(-0.01669915391 0.004213213027 0)
(-0.01806452352 0.004110437865 0)
(-0.01939057571 0.003979730598 0)
(-0.02066862829 0.003823746579 0)
(-0.02189075756 0.00364474808 0)
(-0.02304970023 0.003444637441 0)
(-0.02413876241 0.003225001177 0)
(-0.02515173933 0.002987160914 0)
(-0.02608284815 0.002732227949 0)
(-0.02692667527 0.002461158985 0)
(-0.02767813892 0.002174811314 0)
(-0.028332467 0.001873996176 0)
(-0.02888519018 0.001559529545 0)
(-0.02933214939 0.001232279838 0)
(-0.0296695172 0.0008932123307 0)
(-0.02989383237 0.000543430238 0)
(-0.03000204748 0.0001842121347 0)
(-0.02999158049 -0.0001829552063 0)
(-0.02986038868 -0.0005563395091 0)
(-0.02960704814 -0.0009339240942 0)
(-0.02923083651 -0.0013133824 0)
(-0.02873183303 -0.001692064233 0)
(-0.0281110151 -0.002066987187 0)
(-0.02737035729 -0.002434834893 0)
(-0.02651292958 -0.002791963038 0)
(-0.0255429917 -0.00313441402 0)
(-0.02446608074 -0.003457941075 0)
(-0.02328908851 -0.003758042744 0)
(-0.02202032525 -0.004030008436 0)
(-0.02066956551 -0.004268975807 0)
(-0.01924807223 -0.004470000599 0)
(-0.01776859441 -0.004628139657 0)
(-0.01624533376 -0.004738548048 0)
(-0.01469387526 -0.004796591745 0)
(-0.01313107616 -0.00479797827 0)
(-0.01157490755 -0.004738909442 0)
(-0.0100442418 -0.004616263057 0)
(-0.008558578514 -0.004427814567 0)
(-0.007137700873 -0.004172516177 0)
(-0.005801253865 -0.003850860017 0)
(-0.004568236688 -0.003465364863 0)
(-0.003456406986 -0.003021243446 0)
(-0.002481612768 -0.002527330518 0)
(-0.001657060901 -0.001997380596 0)
(-0.0009924280104 -0.001451849778 0)
(-0.000493328794 -0.0009202323996 0)
(-0.0001653689978 -0.0004443377659 0)
(-7.803507191e-06 -8.490894269e-05 0)
(-1.402021335e-05 0.0002167843729 0)
(-0.0002312016497 0.0008009663089 0)
(-0.0006572926888 0.001465169788 0)
(-0.001278028938 0.002150774992 0)
(-0.002074118559 0.002817810199 0)
(-0.003030438085 0.003439204224 0)
(-0.004130422732 0.003997715763 0)
(-0.00535618358 0.00448352474 0)
(-0.00668915215 0.004892235746 0)
(-0.008110558003 0.005223300338 0)
(-0.009601850894 0.005478801705 0)
(-0.01114505811 0.005662529093 0)
(-0.01272305331 0.005779281066 0)
(-0.01431973673 0.005834348664 0)
(-0.01592013662 0.005833139729 0)
(-0.01751044497 0.005780914059 0)
(-0.01907800168 0.005682605598 0)
(-0.02061124075 0.005542712829 0)
(-0.0220996108 0.005365242221 0)
(-0.0235334806 0.005153692435 0)
(-0.02490403834 0.004911069136 0)
(-0.02620319183 0.004639922142 0)
(-0.02742347488 0.004342398095 0)
(-0.02855796407 0.004020303192 0)
(-0.02960020857 0.003675171652 0)
(-0.03054417475 0.003308336607 0)
(-0.0313842066 0.00292100097 0)
(-0.03211500235 0.002514306535 0)
(-0.03273160706 0.002089400143 0)
(-0.03322942089 0.001647496194 0)
(-0.03360422212 0.001189935082 0)
(-0.03385220481 0.0007182374073 0)
(-0.03397003118 0.0002341533799 0)
(-0.03395488435 -0.0002602940028 0)
(-0.03380455389 -0.0007627594343 0)
(-0.03351752034 -0.001270524375 0)
(-0.03309304346 -0.001780463905 0)
(-0.03253127367 -0.002289028774 0)
(-0.03183335669 -0.002792234367 0)
(-0.03100154145 -0.003285658864 0)
(-0.03003928688 -0.003764451953 0)
(-0.02895136426 -0.004223355232 0)
(-0.02774395154 -0.004656735543 0)
(-0.02642471603 -0.005058632369 0)
(-0.02500288108 -0.005422820401 0)
(-0.0234892725 -0.005742888249 0)
(-0.02189633986 -0.006012334217 0)
(-0.02023814782 -0.006224680096 0)
(-0.0185303324 -0.006373604148 0)
(-0.01679001688 -0.006453094984 0)
(-0.01503568208 -0.006457629057 0)
(-0.01328698558 -0.00638237622 0)
(-0.01156452446 -0.006223440435 0)
(-0.009889536688 -0.005978146788 0)
(-0.008283537068 -0.005645391628 0)
(-0.006767885538 -0.005226080384 0)
(-0.005363289912 -0.004723687735 0)
(-0.004089254957 -0.004144986827 0)
(-0.002963514043 -0.00350100818 0)
(-0.00200146559 -0.002808302647 0)
(-0.001215506727 -0.002090568475 0)
(-0.0006149297417 -0.001380638754 0)
(-0.0002115590528 -0.0007230667535 0)
(-1.14331711e-05 -0.0001794205552 0)
(-1.749954851e-05 0.0003440642403 0)
(-0.0002760798025 0.001159245985 0)
(-0.0007760115522 0.002034923868 0)
(-0.001495886281 0.002914404671 0)
(-0.002409593115 0.003757845436 0)
(-0.003497566624 0.004537585087 0)
(-0.004739881376 0.005235650216 0)
(-0.006116040257 0.00584166424 0)
(-0.007605420435 0.006351004235 0)
(-0.009187572676 0.00676326386 0)
(-0.01084251266 0.007081011042 0)
(-0.01255099284 0.007308800978 0)
(-0.01429471846 0.007452404965 0)
(-0.01605649721 0.007518219198 0)
(-0.01782032459 0.007512822157 0)
(-0.01957141208 0.007442653834 0)
(-0.0212961684 0.007313794235 0)
(-0.02298214488 0.007131822109 0)
(-0.02461795573 0.006901737731 0)
(-0.02619318304 0.006627935976 0)
(-0.02769827508 0.006314217976 0)
(-0.02912444492 0.005963831431 0)
(-0.0304635748 0.005579531334 0)
(-0.03170813068 0.005163654274 0)
(-0.03285108984 0.004718200914 0)
(-0.03388588351 0.004244922376 0)
(-0.03480635577 0.003745407378 0)
(-0.03560673924 0.003221167801 0)
(-0.03628164753 0.00267372115 0)
(-0.03682608428 0.002104668816 0)
(-0.03723546781 0.001515769584 0)
(-0.03750567166 0.0009090080071 0)
(-0.03763308185 0.0002866568092 0)
(-0.03761464888 -0.0003486687608 0)
(-0.03744798706 -0.0009939480833 0)
(-0.037131462 -0.001645691271 0)
(-0.03666428363 -0.002299897519 0)
(-0.03604662931 -0.002952032606 0)
(-0.0352797561 -0.003597015212 0)
(-0.03436611735 -0.004229215101 0)
(-0.03330947805 -0.004842464957 0)
(-0.03211502506 -0.005430087424 0)
(-0.03078946845 -0.005984938929 0)
(-0.02934112954 -0.006499471826 0)
(-0.02778001119 -0.006965816258 0)
(-0.02611784512 -0.007375882994 0)
(-0.02436811146 -0.007721488371 0)
(-0.02254602488 -0.007994502422 0)
(-0.02066848233 -0.008187021448 0)
(-0.01875396702 -0.008291566699 0)
(-0.01682240378 -0.008301311755 0)
(-0.01489496139 -0.008210342713 0)
(-0.01299379825 -0.008013957611 0)
(-0.01114174922 -0.00770901492 0)
(-0.009361953731 -0.007294345464 0)
(-0.007677429053 -0.006771247913 0)
(-0.006110598715 -0.006144094764 0)
(-0.004682798217 -0.005421082348 0)
(-0.003413806828 -0.00461516457 0)
(-0.00232143134 -0.00374521213 0)
(-0.001421007684 -0.002837412499 0)
(-0.0007255795981 -0.001926855965 0)
(-0.0002527475837 -0.001059446963 0)
(-1.444757355e-05 -0.0002960392558 0)
(-2.052757592e-05 0.0004928445917 0)
(-0.0003167767122 0.001573929325 0)
(-0.0008850912336 0.002688583869 0)
(-0.001697769655 0.003783150861 0)
(-0.002722398029 0.004819131661 0)
(-0.003935038244 0.005769371279 0)
(-0.005312314884 0.006616056325 0)
(-0.006830987186 0.007348932296 0)
(-0.008468257047 0.007963639991 0)
(-0.01020192203 0.008460258532 0)
(-0.01201054621 0.008842075627 0)
(-0.01387364366 0.009114572792 0)
(-0.01577183237 0.009284605661 0)
(-0.01768694206 0.00935975697 0)
(-0.01960207221 0.009347839452 0)
(-0.0215016031 0.009256526961 0)
(-0.02337116633 0.009093093843 0)
(-0.02519758348 0.008864244386 0)
(-0.02696878186 0.008576015967 0)
(-0.02867369622 0.008233741301 0)
(-0.03030216427 0.007842056841 0)
(-0.03184482266 0.007404946109 0)
(-0.03329300897 0.006925808315 0)
(-0.0346386739 0.006407544261 0)
(-0.03587430666 0.005852652964 0)
(-0.03699287583 0.005263333893 0)
(-0.03798778692 0.004641590854 0)
(-0.03885285717 0.0039893347 0)
(-0.03958230809 0.003308482826 0)
(-0.04017077509 0.002601054094 0)
(-0.04061333389 0.001869258328 0)
(-0.0409055438 0.00111557988 0)
(-0.04104351028 0.0003428539876 0)
(-0.04102393438 -0.000445666786 0)
(-0.04084422875 -0.001246235461 0)
(-0.04050260635 -0.00205453285 0)
(-0.03999817774 -0.002865616343 0)
(-0.03933108713 -0.003673892384 0)
(-0.03850263245 -0.00447309984 0)
(-0.03751539117 -0.005256308177 0)
(-0.03637334496 -0.00601593275 0)
(-0.03508199879 -0.006743769191 0)
(-0.03364849026 -0.007431048922 0)
(-0.03208168435 -0.008068517684 0)
(-0.03039224849 -0.008646538842 0)
(-0.0285927025 -0.009155222913 0)
(-0.0266974379 -0.009584584607 0)
(-0.02472270102 -0.009924728431 0)
(-0.02268653448 -0.01016606395 0)
(-0.02060867216 -0.01029955201 0)
(-0.01851038336 -0.01031698393 0)
(-0.01641426277 -0.01021129667 0)
(-0.01434396468 -0.009976929036 0)
(-0.0123238819 -0.009610226139 0)
(-0.01037877324 -0.009109902876 0)
(-0.008533348334 -0.008477580647 0)
(-0.006811825387 -0.007718415198 0)
(-0.005237490372 -0.006841835875 0)
(-0.003832312788 -0.005862416654 0)
(-0.002616636952 -0.004800893784 0)
(-0.001608781813 -0.003685314088 0)
(-0.0008253947742 -0.002552229862 0)
(-0.0002891819741 -0.001448015553 0)
(-1.693604182e-05 -0.0004320904063 0)
(-2.317835325e-05 0.0006610054266 0)
(-0.000353685401 0.00204037044 0)
(-0.0009851329786 0.003420171228 0)
(-0.001884339933 0.004750395143 0)
(-0.003013188405 0.005994727463 0)
(-0.004343571858 0.007127373682 0)
(-0.005848695996 0.008131445612 0)
(-0.00750252503 0.008997445339 0)
(-0.009280008281 0.00972177624 0)
(-0.01115712422 0.01030538071 0)
(-0.01311095023 0.01075254545 0)
(-0.01511976414 0.011069882 0)
(-0.01716313487 0.01126547888 0)
(-0.01922198278 0.01134821512 0)
(-0.0212786034 0.01132722082 0)
(-0.02331665389 0.01121146889 0)
(-0.0253211063 0.01100948123 0)
(-0.02727817384 0.01072913261 0)
(-0.02917521772 0.01037753665 0)
(-0.03100064212 0.009960998565 0)
(-0.03274378442 0.009485021207 0)
(-0.03439480682 0.008954351864 0)
(-0.03594459474 0.008373059164 0)
(-0.03738466578 0.007744630864 0)
(-0.03870709254 0.00707208502 0)
(-0.03990444127 0.006358088478 0)
(-0.04096972785 0.005605078088 0)
(-0.0418963917 0.004815381186 0)
(-0.04267828805 0.003991332915 0)
(-0.04330969834 0.00313538867 0)
(-0.04378535809 0.002250230553 0)
(-0.04410050319 0.001338867149 0)
(-0.04425093808 0.0004047249048 0)
(-0.0442330812 -0.0005482723268 0)
(-0.04404410066 -0.001515611147 0)
(-0.04368200312 -0.002492096013 0)
(-0.04314573506 -0.00347178697 0)
(-0.04243533355 -0.004447966477 0)
(-0.04155205504 -0.005413119326 0)
(-0.04049851158 -0.006358930587 0)
(-0.03927880632 -0.00727630448 0)
(-0.03789866331 -0.008155406668 0)
(-0.03636554667 -0.008985732468 0)
(-0.03468876409 -0.009756203293 0)
(-0.03287954901 -0.01045529338 0)
(-0.03095111533 -0.01107118844 0)
(-0.02891867907 -0.01159197757 0)
(-0.02679944073 -0.01200587922 0)
(-0.02461252329 -0.01230150193 0)
(-0.02237886087 -0.01246814048 0)
(-0.02012103457 -0.0124961082 0)
(-0.01786305327 -0.01237710705 0)
(-0.01563007955 -0.01210463817 0)
(-0.01344810343 -0.01167445692 0)
(-0.01134357119 -0.01108507874 0)
(-0.009342981132 -0.01033834343 0)
(-0.007472465532 -0.009440047085 0)
(-0.005757390278 -0.00840064964 0)
(-0.004222027997 -0.007236062661 0)
(-0.002889315056 -0.005968512514 0)
(-0.001780491355 -0.004627442871 0)
(-0.0009155166268 -0.003250359531 0)
(-0.0003214624742 -0.001883662308 0)
(-1.899269508e-05 -0.0005851921539 0)
(-2.553177482e-05 0.00084670504 0)
(-0.0003873280556 0.002554338262 0)
(-0.001077152728 0.004224065313 0)
(-0.00205707995 0.005809797213 0)
(-0.003283869864 0.007277954755 0)
(-0.004725513842 0.008604745851 0)
(-0.006351906353 0.00977483833 0)
(-0.008134230481 0.01078005644 0)
(-0.01004514973 0.01161804329 0)
(-0.01205877843 0.01229099052 0)
(-0.01415067276 0.01280448708 0)
(-0.01629786194 0.01316650824 0)
(-0.01847887935 0.01338655352 0)
(-0.02067377465 0.01347493349 0)
(-0.02286409949 0.01344219867 0)
(-0.02503286458 0.01329870022 0)
(-0.02716447055 0.01305426907 0)
(-0.02924461705 0.01271799901 0)
(-0.03126019648 0.0122981185 0)
(-0.03319917866 0.01180193633 0)
(-0.03505049301 0.01123584681 0)
(-0.03680391363 0.01060538115 0)
(-0.03844995234 0.009915293507 0)
(-0.03997976325 0.00916967135 0)
(-0.04138506194 0.008372061789 0)
(-0.04265806127 0.007525606961 0)
(-0.04379142517 0.00663318323 0)
(-0.04477824123 0.005697540202 0)
(-0.04561201247 0.004721436712 0)
(-0.04628666815 0.003707771738 0)
(-0.04679659313 0.002659708867 0)
(-0.04713667714 0.001580793417 0)
(-0.04730238921 0.0004750600628 0)
(-0.04728981777 -0.0006528733104 0)
(-0.04709582882 -0.001797697699 0)
(-0.04671815522 -0.00295330457 0)
(-0.04615550074 -0.004112710524 0)
(-0.04540770872 -0.005268017611 0)
(-0.04447590055 -0.006410389031 0)
(-0.0433626243 -0.007530046356 0)
(-0.04207200331 -0.008616291859 0)
(-0.04060987904 -0.009657559041 0)
(-0.03898394285 -0.01064149438 0)
(-0.03720385119 -0.01155507304 0)
(-0.0352813177 -0.01238475097 0)
(-0.03323017586 -0.013116655 0)
(-0.03106640578 -0.01373681242 0)
(-0.0288081188 -0.01423142021 0)
(-0.02647549449 -0.01458715413 0)
(-0.02409066545 -0.01479151715 0)
(-0.02167754678 -0.01483322648 0)
(-0.01926160918 -0.0147026387 0)
(-0.01686959709 -0.01439221293 0)
(-0.01452919678 -0.01389701234 0)
(-0.01226866357 -0.01321524546 0)
(-0.01011642253 -0.01234884863 0)
(-0.008100663447 -0.01130411059 0)
(-0.006248962286 -0.01009233721 0)
(-0.00458798351 -0.008730548887 0)
(-0.003143260278 -0.007242192712 0)
(-0.001938819006 -0.005657822969 0)
(-0.0009976061602 -0.00401565121 0)
(-0.0003503573824 -0.002361993921 0)
(-2.071609895e-05 -0.0007533592722 0)
(-2.764588347e-05 0.001048396432 0)
(-0.0004182455934 0.003112157249 0)
(-0.001162354475 0.005095264324 0)
(-0.002217904175 0.006955622997 0)
(-0.003537060362 0.008662732332 0)
(-0.00508419347 0.01019527221 0)
(-0.006826033133 0.01153997407 0)
(-0.008731038041 0.01269047413 0)
(-0.010769588 0.01364609541 0)
(-0.01291391077 0.01441065579 0)
(-0.0151380158 0.01499135839 0)
(-0.01741766827 0.01539779401 0)
(-0.01973036757 0.01564107286 0)
(-0.02205531323 0.01573309325 0)
(-0.02437335162 0.01568594729 0)
(-0.02666690101 0.0155114576 0)
(-0.02891985626 0.0152208355 0)
(-0.03111747705 0.01482444781 0)
(-0.03324626471 0.0143316784 0)
(-0.03529383339 0.01375086942 0)
(-0.03724878125 0.01308932775 0)
(-0.03910056671 0.01235338269 0)
(-0.04083939407 0.01154848239 0)
(-0.04245611213 0.01067931779 0)
(-0.0439421285 0.009749965091 0)
(-0.04528934145 0.008764038808 0)
(-0.04649009075 0.007724849862 0)
(-0.0475371282 0.006635563998 0)
(-0.04842360845 0.005499357421 0)
(-0.04914309986 0.004319567257 0)
(-0.04968961499 0.00309983524 0)
(-0.05005766307 0.001844243492 0)
(-0.05024233112 0.0005574398235 0)
(-0.05023931785 -0.0007552525955 0)
(-0.05004511618 -0.002087710909 0)
(-0.04965710497 -0.00343288718 0)
(-0.04907365382 -0.004782717309 0)
(-0.0482943134 -0.006128073679 0)
(-0.04731996528 -0.007458735535 0)
(-0.04615298538 -0.008763384636 0)
(-0.04479740845 -0.0100296306 0)
(-0.04325908713 -0.01124406972 0)
(-0.04154583988 -0.01239238089 0)
(-0.0396675813 -0.01345946182 0)
(-0.03763642802 -0.01442960832 0)
(-0.0354667728 -0.01528673843 0)
(-0.03317531993 -0.01601466243 0)
(-0.03078107519 -0.01659739866 0)
(-0.0283052844 -0.01701953422 0)
(-0.02577131625 -0.01726662864 0)
(-0.0232044864 -0.01732565789 0)
(-0.02063182272 -0.01718549589 0)
(-0.01808177399 -0.01683742989 0)
(-0.0155838686 -0.01627570651 0)
(-0.01316833383 -0.0154981047 0)
(-0.01086569146 -0.01450653111 0)
(-0.008706351072 -0.01330763202 0)
(-0.00672023226 -0.01191341186 0)
(-0.004936467049 -0.01034184246 0)
(-0.00338316937 -0.008617437542 0)
(-0.00208700958 -0.006771741721 0)
(-0.001073584714 -0.004843639715 0)
(-0.0003766757615 -0.002879513827 0)
(-2.218702887e-05 -0.0009350375552 0)
(-2.958122004e-05 0.001264826631 0)
(-0.0004469842314 0.003710767454 0)
(-0.001242002406 0.006029524275 0)
(-0.002368917681 0.008182942061 0)
(-0.003775740396 0.01014379567 0)
(-0.005423482651 0.01189357437 0)
(-0.007275866117 0.0134214769 0)
(-0.009298704042 0.01472336954 0)
(-0.01146011839 0.01580065336 0)
(-0.01373044662 0.01665913102 0)
(-0.01608213687 0.0173079302 0)
(-0.01848967771 0.01775851806 0)
(-0.02092953179 0.01802382954 0)
(-0.02338005935 0.01811752314 0)
(-0.02582142678 0.01805336895 0)
(-0.02823549842 0.01784476725 0)
(-0.03060571287 0.01750439085 0)
(-0.03291694737 0.01704394019 0)
(-0.03515537468 0.01647399826 0)
(-0.03730831786 0.01580397056 0)
(-0.03936410769 0.01504209533 0)
(-0.04131194762 0.01419550948 0)
(-0.04314179001 0.01327035705 0)
(-0.044844227 0.01227192817 0)
(-0.04641039837 0.01120481874 0)
(-0.04783191819 0.01007310235 0)
(-0.04910082165 0.008880508172 0)
(-0.05020953267 0.007630599948 0)
(-0.05115085294 0.006326952372 0)
(-0.05191797238 0.004973322379 0)
(-0.05250450043 0.003573813443 0)
(-0.05290452155 0.002133031558 0)
(-0.05311268356 0.0006562299376 0)
(-0.05312422496 -0.0008505636682 0)
(-0.05293518202 -0.002380405621 0)
(-0.05254248779 -0.003925292518 0)
(-0.0519440736 -0.005476050975 0)
(-0.05113908607 -0.007022281062 0)
(-0.05012805028 -0.008552319837 0)
(-0.04891305077 -0.01005323414 0)
(-0.04749791542 -0.01151084814 0)
(-0.0458883945 -0.01290981014 0)
(-0.04409232887 -0.01423370306 0)
(-0.04211979987 -0.0154652023 0)
(-0.03998325331 -0.01658628408 0)
(-0.0376975894 -0.01757848621 0)
(-0.03528021071 -0.01842322188 0)
(-0.0327510208 -0.01910214583 0)
(-0.03013236707 -0.01959757068 0)
(-0.02744892297 -0.01989292983 0)
(-0.02472750704 -0.0199732822 0)
(-0.02199683855 -0.0198258527 0)
(-0.01928723334 -0.01944060185 0)
(-0.01663024698 -0.01881081679 0)
(-0.01405827707 -0.01793371528 0)
(-0.01160414123 -0.01681105312 0)
(-0.009300651781 -0.01544972286 0)
(-0.007180217429 -0.0138623283 0)
(-0.005274520588 -0.01206771357 0)
(-0.003614244754 -0.01009141718 0)
(-0.002228565039 -0.007966001427 0)
(-0.001145453629 -0.00573117002 0)
(-0.0004012373384 -0.003433703866 0)
(-2.34863022e-05 -0.001129102074 0)
(-3.137902226e-05 0.001495019541 0)
(-0.0004740511605 0.004347734808 0)
(-0.001317350582 0.007023419452 0)
(-0.002512273708 0.009487733522 0)
(-0.00400302939 0.01171682892 0)
(-0.00574749871 0.01369524533 0)
(-0.007706542447 0.01541497016 0)
(-0.009843412614 0.01687445618 0)
(-0.0121240111 0.01807754011 0)
(-0.01451679386 0.01903234612 0)
(-0.01699264249 0.01975022961 0)
(-0.01952476115 0.02024479776 0)
(-0.02208857293 0.02053103336 0)
(-0.02466160536 0.02062453936 0)
(-0.02722336265 0.02054091263 0)
(-0.02975518408 0.0202952486 0)
(-0.03224009063 0.01990177183 0)
(-0.03466262332 0.01937358348 0)
(-0.03700867781 0.0187225132 0)
(-0.03926533998 0.01795906095 0)
(-0.04142072729 0.01709241366 0)
(-0.04346384004 0.01613052173 0)
(-0.04538442613 0.01508022141 0)
(-0.04717286223 0.01394739037 0)
(-0.04882005363 0.01273712602 0)
(-0.05031735424 0.01145393753 0)
(-0.05165650801 0.01010194487 0)
(-0.05282961265 0.008685079497 0)
(-0.0538291059 0.00720728288 0)
(-0.05464777489 0.005672700055 0)
(-0.05527878764 0.004085866157 0)
(-0.05571575136 0.002451884422 0)
(-0.05595280836 0.0007765923412 0)
(-0.0559846571 -0.0009332911812 0)
(-0.0558067816 -0.002670006815 0)
(-0.05541556633 -0.004424590557 0)
(-0.0548083875 -0.006186740147 0)
(-0.0539838633 -0.007944747344 0)
(-0.05294203231 -0.009685452541 0)
(-0.05168455549 -0.01139423291 0)
(-0.0502149232 -0.0130550308 0)
(-0.04853865892 -0.01465042787 0)
(-0.04666351239 -0.01616177019 0)
(-0.04459963428 -0.01756934872 0)
(-0.04235972352 -0.01885263868 0)
(-0.039959138 -0.01999059982 0)
(-0.03741595982 -0.02096203783 0)
(-0.03475100636 -0.02174602543 0)
(-0.03198778016 -0.02232237954 0)
(-0.02915235198 -0.02267218884 0)
(-0.02627317417 -0.02277838445 0)
(-0.02338082431 -0.02262634456 0)
(-0.02050768299 -0.02220452231 0)
(-0.01768755367 -0.0215050853 0)
(-0.01495523702 -0.02052455342 0)
(-0.01234607692 -0.01926442073 0)
(-0.009895498971 -0.01773174438 0)
(-0.007638570647 -0.01593968104 0)
(-0.005609629026 -0.01390794625 0)
(-0.003841943948 -0.01166316647 0)
(-0.002367108843 -0.009239076685 0)
(-0.001215239948 -0.006676484804 0)
(-0.0004248246698 -0.004023044188 0)
(-2.467522954e-05 -0.001334841938 0)
(-3.308510622e-05 0.001738257442 0)
(-0.0004999306071 0.005021236463 0)
(-0.001389602359 0.008074354887 0)
(-0.0026500842 0.01086692994 0)
(-0.004222041572 0.01337853169 0)
(-0.006060404989 0.01559692451 0)
(-0.008123298718 0.01751714457 0)
(-0.01037149041 0.01914053806 0)
(-0.01276870151 0.02047370005 0)
(-0.01528152103 0.02152739191 0)
(-0.01787926499 0.02231549057 0)
(-0.02053384972 0.02285400645 0)
(-0.02321965765 0.02316019871 0)
(-0.02591338921 0.02325180771 0)
(-0.02859390075 0.02314641587 0)
(-0.0312420301 0.02286094074 0)
(-0.03384041272 0.02241125712 0)
(-0.03637329252 0.02181194023 0)
(-0.0388263321 0.02107611783 0)
(-0.04118642705 0.02021541696 0)
(-0.04344152886 0.01923998985 0)
(-0.04558048036 0.01815860333 0)
(-0.04759286691 0.01697877717 0)
(-0.04946888602 0.01570695818 0)
(-0.05119923734 0.01434871868 0)
(-0.05277503445 0.01290897015 0)
(-0.0541877395 0.01139218473 0)
(-0.05542912156 0.009802619078 0)
(-0.05649123917 0.008144536529 0)
(-0.05736644748 0.006422424599 0)
(-0.05804742928 0.004641205601 0)
(-0.05852725556 0.002806438783 0)
(-0.05879948917 0.0009245103677 0)
(-0.05885820071 -0.0009971967906 0)
(-0.05869821466 -0.002950125985 0)
(-0.05831525366 -0.004924359421 0)
(-0.05770600887 -0.006908456286 0)
(-0.05686843158 -0.008889371371 0)
(-0.05580192895 -0.01085239806 0)
(-0.05450759045 -0.01278114936 0)
(-0.05298842269 -0.01465758521 0)
(-0.05124958262 -0.01646209276 0)
(-0.04929860149 -0.01817362574 0)
(-0.04714559015 -0.0197699084 0)
(-0.04480341579 -0.02122770782 0)
(-0.04228783947 -0.02252317692 0)
(-0.03961760392 -0.02363226804 0)
(-0.03681446178 -0.02453121454 0)
(-0.03390313561 -0.02519707528 0)
(-0.03091120329 -0.02560833418 0)
(-0.02786890507 -0.02574554433 0)
(-0.02480887199 -0.02559200414 0)
(-0.02176577955 -0.02513445066 0)
(-0.01877593507 -0.02436375394 0)
(-0.01587681186 -0.02327559472 0)
(-0.01310654767 -0.02187110631 0)
(-0.01050342876 -0.02015746008 0)
(-0.008105388238 -0.01814837166 0)
(-0.005949563749 -0.01586450184 0)
(-0.004071874235 -0.01333372287 0)
(-0.002506288943 -0.01059120754 0)
(-0.00128493547 -0.007679270525 0)
(-0.0004482038096 -0.004647012031 0)
(-2.581924094e-05 -0.001551938809 0)
(-3.472865123e-05 0.00199405905 0)
(-0.0005250570283 0.005730030399 0)
(-0.00145989174 0.009180548294 0)
(-0.002784372052 0.0123184192 0)
(-0.004435798052 0.0151266387 0)
(-0.006366280936 0.0175963271 0)
(-0.008531301954 0.01972578665 0)
(-0.01088920482 0.02151952741 0)
(-0.01340156389 0.02298719807 0)
(-0.01603311544 0.02414249536 0)
(-0.0187516132 0.0250021029 0)
(-0.02152768507 0.02558469605 0)
(-0.02433467387 0.02591004245 0)
(-0.02714845917 0.02599821951 0)
(-0.02994726301 0.02586896206 0)
(-0.03271144328 0.02554114498 0)
(-0.03542327895 0.02503239909 0)
(-0.03806675224 0.02435885272 0)
(-0.04062733283 0.02353498702 0)
(-0.04309176894 0.02257359052 0)
(-0.04544788981 0.02148579692 0)
(-0.0476844232 0.02028118991 0)
(-0.04979083105 0.01896795973 0)
(-0.05175716562 0.01755309758 0)
(-0.05357394783 0.01604261608 0)
(-0.05523206907 0.0144417861 0)
(-0.05672271749 0.01275538222 0)
(-0.05803732948 0.01098793135 0)
(-0.05916756706 0.009143960208 0)
(-0.06010532164 0.007228238567 0)
(-0.06084274354 0.005246016119 0)
(-0.0613723039 0.00320325115 0)
(-0.06168690589 0.00110682732 0)
(-0.06177989804 -0.001035251043 0)
(-0.0616453265 -0.003213663033 0)
(-0.06127812884 -0.005417557403 0)
(-0.06067416768 -0.007634356605 0)
(-0.05983057368 -0.009849658612 0)
(-0.05874596053 -0.01204716478 0)
(-0.05742067979 -0.0142086505 0)
(-0.05585708832 -0.01631398876 0)
(-0.05405981687 -0.0183412346 0)
(-0.05203603108 -0.02026677806 0)
(-0.04979567447 -0.02206557195 0)
(-0.04735168172 -0.02371143914 0)
(-0.04472015007 -0.02517746192 0)
(-0.04192045629 -0.02643645286 0)
(-0.03897530746 -0.02746150379 0)
(-0.03591071532 -0.02822660591 0)
(-0.03275588597 -0.02870733049 0)
(-0.02954302012 -0.02888155658 0)
(-0.02630702281 -0.02873022895 0)
(-0.02308512641 -0.02823812709 0)
(-0.01991643542 -0.0273946241 0)
(-0.016841407 -0.02619441321 0)
(-0.01390128563 -0.02463817819 0)
(-0.01113751394 -0.02273318375 0)
(-0.00859114886 -0.02049376031 0)
(-0.00630232825 -0.01794165716 0)
(-0.004309745421 -0.01510623646 0)
(-0.002649789098 -0.0120244703 0)
(-0.001356527044 -0.008740677498 0)
(-0.0004721008154 -0.005306067192 0)
(-2.696599276e-05 -0.001780448444 0)
(-3.634545639e-05 0.002262158895 0)
(-0.0005498389743 0.006473418582 0)
(-0.001529272328 0.01034099463 0)
(-0.002917040854 0.01384101957 0)
(-0.004647172842 0.01695990669 0)
(-0.006669039718 0.019692239 0)
(-0.008935538173 0.02203977532 0)
(-0.01140262613 0.02401043565 0)
(-0.01402975188 0.02561719861 0)
(-0.01677980776 0.02687698199 0)
(-0.01961898717 0.02780955511 0)
(-0.02251662985 0.02843651923 0)
(-0.02544504154 0.02878038579 0)
(-0.02837928861 0.02886377482 0)
(-0.03129697324 0.02870874746 0)
(-0.03417799505 0.02833627845 0)
(-0.03700430517 0.02776586701 0)
(-0.03975965874 0.02701527901 0)
(-0.04242937165 0.02610040795 0)
(-0.04500008672 0.02503524004 0)
(-0.04745955378 0.02383190653 0)
(-0.04979642747 0.02250080631 0)
(-0.05200008531 0.02105078296 0)
(-0.05406046852 0.01948934142 0)
(-0.0559679468 0.01782289229 0)
(-0.05771320843 0.01605701341 0)
(-0.05928717631 0.01419672098 0)
(-0.06068095096 0.0122467446 0)
(-0.06188578109 0.01021180171 0)
(-0.06289306241 0.008096868778 0)
(-0.06369436429 0.005907446654 0)
(-0.06428149178 0.003649818517 0)
(-0.06464660367 0.001331296732 0)
(-0.06478222734 -0.001039552506 0)
(-0.06468150048 -0.003452694384 0)
(-0.06433844319 -0.005896380172 0)
(-0.06374793195 -0.008356911239 0)
(-0.06290610648 -0.01081852003 0)
(-0.06181060567 -0.01326327834 0)
(-0.06046085481 -0.01567105336 0)
(-0.05885837101 -0.01801952375 0)
(-0.05700707358 -0.02028426572 0)
(-0.05491358935 -0.02243891788 0)
(-0.05258754129 -0.02445543298 0)
(-0.05004180685 -0.02630442203 0)
(-0.04729273161 -0.02795559374 0)
(-0.04436028339 -0.02937828884 0)
(-0.04126813266 -0.03054210444 0)
(-0.03804364641 -0.03141759986 0)
(-0.03471778528 -0.03197707028 0)
(-0.03132489713 -0.03219537096 0)
(-0.027902405 -0.03205077061 0)
(-0.0244903925 -0.03152580965 0)
(-0.02113109547 -0.03060813699 0)
(-0.01786831463 -0.02929129747 0)
(-0.01474676897 -0.02757544209 0)
(-0.01181141362 -0.02546793313 0)
(-0.009106753093 -0.02298381696 0)
(-0.006676197926 -0.02014613848 0)
(-0.00456141705 -0.01698607229 0)
(-0.002801328737 -0.01354283857 0)
(-0.001431983978 -0.009863346907 0)
(-0.0004972434181 -0.006001648404 0)
(-2.817262903e-05 -0.002020785941 0)
(-3.795628258e-05 0.002542487191 0)
(-0.0005746370753 0.007251206724 0)
(-0.001598717289 0.0115554207 0)
(-0.003049865812 0.01543443787 0)
(-0.004858866365 0.01887807938 0)
(-0.006972381413 0.02188448747 0)
(-0.009340744311 0.02445905436 0)
(-0.01191753914 0.02661334279 0)
(-0.01466009247 0.02836392716 0)
(-0.01752945193 0.02973122541 0)
(-0.02049024813 0.03073836924 0)
(-0.02351053164 0.03141014804 0)
(-0.02656157432 0.03177205657 0)
(-0.02961763854 0.031849469 0)
(-0.03265572283 0.0316669537 0)
(-0.03565529207 0.03124773463 0)
(-0.03859799988 0.03061329816 0)
(-0.04146741048 0.02978313717 0)
(-0.04424872661 0.02877462019 0)
(-0.04692852923 0.02760296924 0)
(-0.04949453355 0.02628132925 0)
(-0.05193536509 0.02482091094 0)
(-0.05424035854 0.02323119036 0)
(-0.05639938117 0.02152015004 0)
(-0.05840268235 0.01969454877 0)
(-0.0602407698 0.01776020969 0)
(-0.06190431369 0.0157223187 0)
(-0.06338407904 0.0135857275 0)
(-0.06467088763 0.01135525705 0)
(-0.06575561001 0.009035998635 0)
(-0.0666291875 0.006633610328 0)
(-0.06728269246 0.004154607207 0)
(-0.06770745197 0.001606642079 0)
(-0.0678950703 -0.001001236115 0)
(-0.0678376357 -0.003658348736 0)
(-0.06752811002 -0.006352103876 0)
(-0.06696021175 -0.009067714501 0)
(-0.06612890164 -0.01178805331 0)
(-0.06503064077 -0.01449353571 0)
(-0.06366371447 -0.01716205578 0)
(-0.06202858138 -0.01976899022 0)
(-0.06012823268 -0.02228728199 0)
(-0.05796854992 -0.02468761485 0)
(-0.0555586485 -0.02693868831 0)
(-0.05291119096 -0.02900760002 0)
(-0.05004265301 -0.0308603395 0)
(-0.04697352472 -0.0324623924 0)
(-0.04372842941 -0.03377944997 0)
(-0.04033614417 -0.03477821254 0)
(-0.03682950908 -0.03542727069 0)
(-0.0332452156 -0.03569804217 0)
(-0.02962347031 -0.03556573813 0)
(-0.02600753611 -0.03501032831 0)
(-0.02244315972 -0.03401747269 0)
(-0.01897790132 -0.03257938583 0)
(-0.01566038808 -0.03069560071 0)
(-0.01253951786 -0.02837360024 0)
(-0.009663647487 -0.02562928753 0)
(-0.00707981655 -0.02248726885 0)
(-0.004832961666 -0.01898092795 0)
(-0.002964750845 -0.0151522646 0)
(-0.001513330655 -0.01105144668 0)
(-0.0005243459158 -0.006736178316 0)
(-2.94808129e-05 -0.002273720337 0)
(-3.959003645e-05 0.002835151366 0)
(-0.0005997905796 0.008063664434 0)
(-0.001669119651 0.01282423585 0)
(-0.003184489014 0.01709921868 0)
(-0.005073394076 0.02088183914 0)
(-0.007279770661 0.02417389561 0)
(-0.009751372412 0.02698458782 0)
(-0.01243939331 0.02932935062 0)
(-0.01529902284 0.03122861757 0)
(-0.01828945072 0.03270658565 0)
(-0.02137373523 0.03379002771 0)
(-0.02451863371 0.03450718783 0)
(-0.0276943869 0.03488678964 0)
(-0.03087446376 0.03495718005 0)
(-0.03403527779 0.03474562287 0)
(-0.03715588561 0.03427774791 0)
(-0.0402176769 0.03357715365 0)
(-0.0432040646 0.0326651548 0)
(-0.04610018266 0.03156066124 0)
(-0.04889259764 0.0302801711 0)
(-0.05156903908 0.02883785957 0)
(-0.05411815209 0.02724574431 0)
(-0.05652927512 0.02551390985 0)
(-0.05879224423 0.02365077492 0)
(-0.0608972252 0.02166338967 0)
(-0.06283457418 0.01955775177 0)
(-0.06459472756 0.01733913378 0)
(-0.06616812172 0.01501241583 0)
(-0.06754514402 0.01258241989 0)
(-0.06871611586 0.01005424302 0)
(-0.06967130759 0.007433587434 0)
(-0.07040099472 0.004727086286 0)
(-0.07089558511 0.001942622494 0)
(-0.07114565719 -0.0009103737323 0)
(-0.07114209848 -0.003820672982 0)
(-0.07087666521 -0.006774915914 0)
(-0.070341732 -0.009757281096 0)
(-0.06953087383 -0.01274930619 0)
(-0.06843914724 -0.0157297385 0)
(-0.06706345501 -0.01867444408 0)
(-0.06540294511 -0.0215563932 0)
(-0.06345942613 -0.0243457366 0)
(-0.06123778697 -0.02700998578 0)
(-0.05874640558 -0.02951430956 0)
(-0.05599752887 -0.0318219557 0)
(-0.05300760347 -0.03389480268 0)
(-0.04979753612 -0.03569404135 0)
(-0.04639286237 -0.03718098014 0)
(-0.04282380359 -0.03831796071 0)
(-0.03912519504 -0.039069364 0)
(-0.03533627257 -0.03940267987 0)
(-0.0315003111 -0.03928960785 0)
(-0.02766411562 -0.03870715155 0)
(-0.02387737358 -0.0376386669 0)
(-0.02019188537 -0.03607482331 0)
(-0.01666069779 -0.03401443819 0)
(-0.01333717022 -0.03146514856 0)
(-0.01027401316 -0.02844388822 0)
(-0.007522356585 -0.02497714481 0)
(-0.005130801836 -0.02110097886 0)
(-0.003144073844 -0.0168607836 0)
(-0.001602657071 -0.01231074095 0)
(-0.0005541629379 -0.00751309553 0)
(-3.094728035e-05 -0.002540377557 0)
(-4.126153006e-05 0.003140419486 0)
(-0.0006255968045 0.008911487215 0)
(-0.00174130027 0.01414848237 0)
(-0.003322428381 0.01883669009 0)
(-0.0052930907 0.0229727517 0)
(-0.007594434299 0.02656222735 0)
(-0.01017157913 0.02961830451 0)
(-0.0129732832 0.03216052456 0)
(-0.01595256191 0.03421344896 0)
(-0.01906671902 0.0358053386 0)
(-0.0222772219 0.0369668933 0)
(-0.02554952596 0.03773008646 0)
(-0.02885284237 0.03812712465 0)
(-0.03215985824 0.03818955489 0)
(-0.03544642343 0.03794753323 0)
(-0.03869121652 0.03742925968 0)
(-0.04187540139 0.03666057671 0)
(-0.04498228441 0.03566472114 0)
(-0.04799698057 0.03446221463 0)
(-0.05090609546 0.03307087421 0)
(-0.05369742826 0.03150592269 0)
(-0.05635969935 0.02978017896 0)
(-0.05888230501 0.02790430914 0)
(-0.0612551008 0.02588712222 0)
(-0.06346821438 0.02373589615 0)
(-0.06551188836 0.02145672367 0)
(-0.06737635374 0.01905486996 0)
(-0.06905173466 0.0165351366 0)
(-0.07052798589 0.01390222841 0)
(-0.07179486427 0.01116112093 0)
(-0.07284193397 0.008317426878 0)
(-0.07365861507 0.005377760665 0)
(-0.07423431139 0.002350099954 0)
(-0.07455847494 -0.0007558713689 0)
(-0.07462063193 -0.003928492279 0)
(-0.07441118131 -0.007153736634 0)
(-0.0739209549 -0.01041482961 0)
(-0.07314191581 -0.0136920232 0)
(-0.07206746369 -0.0169624057 0)
(-0.07069284435 -0.02019977565 0)
(-0.06901560446 -0.02337460109 0)
(-0.06703607149 -0.02645408125 0)
(-0.0647578451 -0.02940232738 0)
(-0.06218828331 -0.03218067765 0)
(-0.05933896255 -0.03474815779 0)
(-0.05622608785 -0.03706209446 0)
(-0.05287082759 -0.03907888177 0)
(-0.04929954659 -0.0407548944 0)
(-0.04554391237 -0.04204753189 0)
(-0.04164085243 -0.0429163703 0)
(-0.03763234517 -0.04332438888 0)
(-0.0335650343 -0.04323923197 0)
(-0.029489665 -0.04263446041 0)
(-0.02546035014 -0.04149074354 0)
(-0.02153368486 -0.03979694214 0)
(-0.01776773753 -0.03755103482 0)
(-0.01422095249 -0.03476084587 0)
(-0.01095101022 -0.03144453943 0)
(-0.008013710758 -0.02763085469 0)
(-0.005461840332 -0.02335906789 0)
(-0.003343626456 -0.0186786652 0)
(-0.001702218149 -0.01364868869 0)
(-0.0005874780136 -0.008336907493 0)
(-3.261589359e-05 -0.002822256167 0)
(-4.299491163e-05 0.003458705547 0)
(-0.0006523392014 0.009795761869 0)
(-0.001816013618 0.01552978856 0)
(-0.003465085872 0.02064890994 0)
(-0.005520121558 0.02515320915 0)
(-0.007919372644 0.02905212841 0)
(-0.01060523447 0.03236303666 0)
(-0.01352395305 0.03510982899 0)
(-0.01662630976 0.03732147579 0)
(-0.01986767803 0.03903059909 0)
(-0.02320790514 0.04027212379 0)
(-0.02661113008 0.04108203922 0)
(-0.03004553388 0.04149630078 0)
(-0.03348303428 0.04154989399 0)
(-0.03689894171 0.04127607398 0)
(-0.04027159142 0.04070578438 0)
(-0.04358196518 0.03986725109 0)
(-0.04681331383 0.03878573947 0)
(-0.0499507903 0.0374834581 0)
(-0.05298110033 0.03597958866 0)
(-0.05589217645 0.03429042039 0)
(-0.05867287885 0.03242956726 0)
(-0.06131272549 0.03040824812 0)
(-0.06380165265 0.02823561216 0)
(-0.06612980648 0.02591909557 0)
(-0.06828736594 0.02346479842 0)
(-0.07026439745 0.02087787379 0)
(-0.07205074203 0.01816292445 0)
(-0.07363593633 0.01532440382 0)
(-0.07500916952 0.01236701971 0)
(-0.07615927554 0.009296139615 0)
(-0.07707477019 0.006118197303 0)
(-0.077743975 0.002841101339 0)
(-0.07815511998 -0.0005253693639 0)
(-0.07829620324 -0.003969270133 0)
(-0.07815611258 -0.007476037039 0)
(-0.07772392726 -0.01102805759 0)
(-0.076989753 -0.01460437901 0)
(-0.07594505372 -0.01818046745 0)
(-0.07458310925 -0.02172803717 0)
(-0.07289953187 -0.02521497361 0)
(-0.07089281878 -0.02860537145 0)
(-0.06856492629 -0.03185970816 0)
(-0.06592184683 -0.03493517211 0)
(-0.06297416494 -0.03778616038 0)
(-0.05973756453 -0.04036495607 0)
(-0.05623325647 -0.04262258725 0)
(-0.0524882946 -0.04450986093 0)
(-0.04853574839 -0.04597855475 0)
(-0.04441470357 -0.04698273856 0)
(-0.0401700673 -0.04748018713 0)
(-0.03585216258 -0.04743383569 0)
(-0.03151610689 -0.04681322262 0)
(-0.02722098199 -0.04559585917 0)
(-0.02302881483 -0.04376846537 0)
(-0.01900340156 -0.04132801488 0)
(-0.01520901644 -0.03828253861 0)
(-0.01170906076 -0.03465164757 0)
(-0.008564728884 -0.03046674916 0)
(-0.005833654504 -0.02577094584 0)
(-0.003568131221 -0.02061860839 0)
(-0.001814457368 -0.01507459246 0)
(-0.0006251662262 -0.009213280388 0)
(-3.455134813e-05 -0.003121254616 0)
(-4.480094747e-05 0.003790557244 0)
(-0.0006802674931 0.01071793659 0)
(-0.001893960216 0.01697032686 0)
(-0.003613766529 0.02253861618 0)
(-0.00575650437 0.02742637502 0)
(-0.00825738331 0.03164706747 0)
(-0.01105594631 0.03522245722 0)
(-0.01409582071 0.03818105971 0)
(-0.0173254698 0.04055655445 0)
(-0.02069827481 0.04238624023 0)
(-0.02417242207 0.04370958276 0)
(-0.02771071295 0.04456689047 0)
(-0.03128029516 0.04499814862 0)
(-0.03485233015 0.04504203339 0)
(-0.03840161625 0.04473511803 0)
(-0.04190618508 0.04411127354 0)
(-0.04534688631 0.04320125752 0)
(-0.04870697385 0.0420324774 0)
(-0.05197170384 0.04062890911 0)
(-0.05512795244 0.03901114858 0)
(-0.0581638592 0.03719657231 0)
(-0.0610684996 0.03519958377 0)
(-0.06383158881 0.03303192427 0)
(-0.0664432177 0.03070303004 0)
(-0.0688936212 0.02822042073 0)
(-0.07117297914 0.02559010837 0)
(-0.07327124957 0.02281701915 0)
(-0.07517803539 0.01990542372 0)
(-0.07688248592 0.01685937366 0)
(-0.07837323554 0.01368314317 0)
(-0.07963837932 0.01038167571 0)
(-0.08066549382 0.006961035467 0)
(-0.08144175151 0.003428866563 0)
(-0.08195407177 -0.0002051538864 0)
(-0.08218876488 -0.003928976236 0)
(-0.08213304509 -0.007727659817 0)
(-0.08177402389 -0.01158291515 0)
(-0.08109968572 -0.01547270456 0)
(-0.08009925355 -0.019370945 0)
(-0.0787636966 -0.02324728121 0)
(-0.07708631354 -0.02706696035 0)
(-0.07506336587 -0.03079083422 0)
(-0.07269474645 -0.03437551502 0)
(-0.06998466229 -0.03777370857 0)
(-0.06694230476 -0.040934745 0)
(-0.06358247453 -0.04380532074 0)
(-0.05992612476 -0.04633045652 0)
(-0.05600078322 -0.04845466572 0)
(-0.05184081371 -0.05012331429 0)
(-0.04748747964 -0.05128414018 0)
(-0.04298877836 -0.05188888641 0)
(-0.03839902403 -0.05189498963 0)
(-0.03377816894 -0.05126725616 0)
(-0.02919086815 -0.04997945165 0)
(-0.02470530828 -0.04801572943 0)
(-0.02039183733 -0.0453718271 0)
(-0.01632144536 -0.04205597068 0)
(-0.01256416267 -0.03808944035 0)
(-0.009187465774 -0.03350677 0)
(-0.006254666611 -0.02835557404 0)
(-0.00382286994 -0.0226960006 0)
(-0.001942124863 -0.01659978908 0)
(-0.0006681846198 -0.01014915792 0)
(-3.680846514e-05 -0.003439713775 0)
(-4.670076938e-05 0.004136646028 0)
(-0.0007096269923 0.01167979611 0)
(-0.001975795993 0.01847277825 0)
(-0.003769694709 0.02450918344 0)
(-0.006004134568 0.02979613479 0)
(-0.008611093361 0.03435128106 0)
(-0.01152709725 0.03820101908 0)
(-0.01469301705 0.04137877698 0)
(-0.01805488922 0.04392326902 0)
(-0.02156402245 0.045876811 0)
(-0.02517688871 0.04728374818 0)
(-0.02885492324 0.04818903249 0)
(-0.03256423431 0.04863697913 0)
(-0.03627524068 0.04867022384 0)
(-0.03996225932 0.04832889147 0)
(-0.04360306331 0.04764997647 0)
(-0.04717842743 0.04666692644 0)
(-0.05067167558 0.04540941257 0)
(-0.05406824184 0.04390326498 0)
(-0.05735525353 0.04217054804 0)
(-0.06052114232 0.04022974942 0)
(-0.06355528681 0.03809605786 0)
(-0.06644768846 0.03578170668 0)
(-0.06918868132 0.03329636386 0)
(-0.07176867532 0.03064755354 0)
(-0.0741779328 0.02784109785 0)
(-0.07640637799 0.02488157197 0)
(-0.0784434401 0.02177276872 0)
(-0.08027793176 0.01851817134 0)
(-0.08189796554 0.0151214346 0)
(-0.08329090856 0.01158687475 0)
(-0.08444338168 0.007919968924 0)
(-0.08534135787 0.004127867634 0)
(-0.08597035229 0.0002199082542 0)
(-0.08631490533 -0.00379196927 0)
(-0.0863603237 -0.007892653462 0)
(-0.08609155476 -0.01206338758 0)
(-0.08549418184 -0.01628121593 0)
(-0.08455485826 -0.02051862522 0)
(-0.08326186276 -0.0247432482 0)
(-0.08160575309 -0.02891767424 0)
(-0.07958008844 -0.0329994001 0)
(-0.07718220424 -0.03694095346 0)
(-0.07441401717 -0.0406902196 0)
(-0.0712828299 -0.04419099732 0)
(-0.06780209818 -0.04738380342 0)
(-0.06399211681 -0.05020693488 0)
(-0.05988057678 -0.05259778484 0)
(-0.05550294417 -0.05449439318 0)
(-0.05090261303 -0.05583719545 0)
(-0.04613079041 -0.05657091657 0)
(-0.04124608193 -0.05664653954 0)
(-0.03631376046 -0.05602326638 0)
(-0.03140471909 -0.05467038038 0)
(-0.02659412949 -0.05256891649 0)
(-0.02195984747 -0.04971305226 0)
(-0.0175806256 -0.0461111445 0)
(-0.01353421359 -0.04178635602 0)
(-0.009895455712 -0.03677684149 0)
(-0.006734369625 -0.03113548979 0)
(-0.004113783997 -0.02492923134 0)
(-0.00208830743 -0.01823790029 0)
(-0.0007176415001 -0.01115292358 0)
(-3.946880814e-05 -0.003780473396 0)
(-4.870288417e-05 0.004497759917 0)
(-0.0007406394115 0.01268344365 0)
(-0.002062147953 0.02004030519 0)
(-0.003934040024 0.02656458832 0)
(-0.006264818754 0.03226705415 0)
(-0.008983000285 0.03716972509 0)
(-0.01202189205 0.04130389926 0)
(-0.0153194384 0.04470824155 0)
(-0.01881911443 0.04742685846 0)
(-0.02247005676 0.04950745373 0)
(-0.02622695644 0.05099961969 0)
(-0.03004984628 0.0519533022 0)
(-0.0339037859 0.0524174696 0)
(-0.03775846565 0.05243900613 0)
(-0.04158775544 0.05206183877 0)
(-0.04536922096 0.05132629566 0)
(-0.04908362696 0.05026868449 0)
(-0.05271444347 0.04892107126 0)
(-0.05624736759 0.04731123455 0)
(-0.05966986999 0.04546276702 0)
(-0.06297077204 0.04339529558 0)
(-0.06613985704 0.04112479257 0)
(-0.06916751674 0.0386639538 0)
(-0.07204443338 0.03602262297 0)
(-0.07476129604 0.03320824699 0)
(-0.07730855082 0.03022635109 0)
(-0.07967618383 0.02708102735 0)
(-0.08185353764 0.02377543362 0)
(-0.08382916279 0.02031230292 0)
(-0.08559070758 0.01669446472 0)
(-0.08712484674 0.01292537984 0)
(-0.08841725346 0.009009690342 0)
(-0.08945267388 0.004953788798 0)
(-0.09021513075 0.000766397679 0)
(-0.09068737749 -0.003540914736 0)
(-0.09085253128 -0.007953138413 0)
(-0.09069320148 -0.01245130421 0)
(-0.09019227945 -0.01701176136 0)
(-0.08933350047 -0.02160574347 0)
(-0.0881020397 -0.02619898522 0)
(-0.08648523843 -0.03075144916 0)
(-0.08447342244 -0.03521720526 0)
(-0.08206079533 -0.03954450348 0)
(-0.07924638282 -0.04367607724 0)
(-0.07603499484 -0.04754971237 0)
(-0.07243816259 -0.05109910802 0)
(-0.06847499972 -0.054255045 0)
(-0.06417292987 -0.05694686153 0)
(-0.05956821945 -0.0591042178 0)
(-0.05470625461 -0.06065910956 0)
(-0.04964150696 -0.06154806893 0)
(-0.04443714382 -0.0617144694 0)
(-0.03916425533 -0.06111083466 0)
(-0.03390069317 -0.05970103859 0)
(-0.02872954089 -0.05746228063 0)
(-0.02373726295 -0.05438672595 0)
(-0.01901160344 -0.05048271641 0)
(-0.01463933277 -0.04577548278 0)
(-0.01070397342 -0.04030732179 0)
(-0.007283509546 -0.03413723924 0)
(-0.004447653789 -0.0273400773 0)
(-0.002256557537 -0.02000513168 0)
(-0.0007747868171 -0.01223459633 0)
(-4.260740597e-05 -0.004146945489 0)
(-5.082710496e-05 0.004874799288 0)
(-0.0007735333052 0.01373128904 0)
(-0.002153626612 0.02167653339 0)
(-0.004107939759 0.02870938471 0)
(-0.006540310133 0.03484434729 0)
(-0.009375518695 0.04010803495 0)
(-0.01254341351 0.04453695 0)
(-0.01597880929 0.04817535576 0)
(-0.01962245852 0.05107314679 0)
(-0.02342120617 0.05328382283 0)
(-0.02732788218 0.05486262533 0)
(-0.03130107273 0.0558648757 0)
(-0.03530477643 0.05634454608 0)
(-0.0393079704 0.05635308167 0)
(-0.04328411587 0.05593848188 0)
(-0.04721062872 0.05514463517 0)
(-0.0510683369 0.05401089265 0)
(-0.05484094248 0.052571857 0)
(-0.05851450173 0.05085735811 0)
(-0.06207693298 0.04889258371 0)
(-0.06551755826 0.04669833316 0)
(-0.06882668167 0.04429136464 0)
(-0.07199520542 0.04168480939 0)
(-0.07501428258 0.0388886317 0)
(-0.07787500515 0.03591011849 0)
(-0.08056812579 0.03275438781 0)
(-0.08308381196 0.02942491031 0)
(-0.08541143253 0.02592404205 0)
(-0.08753937833 0.02225356994 0)
(-0.08945492053 0.01841527313 0)
(-0.09114410767 0.0144115037 0)
(-0.0925917046 0.01024578936 0)
(-0.09378123492 0.005923463614 0)
(-0.09469517983 0.001452320361 0)
(-0.09531445745 -0.003156767884 0)
(-0.09561977797 -0.007889230962 0)
(-0.09559124198 -0.01272619588 0)
(-0.09520875493 -0.01764360699 0)
(-0.09445277173 -0.02261169399 0)
(-0.0933049223 -0.0275944791 0)
(-0.0917488098 -0.03254939638 0)
(-0.08977093055 -0.03742707553 0)
(-0.08736169696 -0.04217133901 0)
(-0.08451653871 -0.04671945999 0)
(-0.0812370465 -0.05100272583 0)
(-0.07753211057 -0.05494734373 0)
(-0.0734189948 -0.0584757127 0)
(-0.06892427746 -0.06150806839 0)
(-0.06408458319 -0.06396448472 0)
(-0.05894702909 -0.06576719017 0)
(-0.0535693119 -0.06684312866 0)
(-0.04801937527 -0.06712666717 0)
(-0.04237461504 -0.06656232843 0)
(-0.03672060725 -0.06510740994 0)
(-0.03114937562 -0.06273434367 0)
(-0.02575724966 -0.05943265661 0)
(-0.02064239746 -0.05521041129 0)
(-0.01590215246 -0.05009503742 0)
(-0.01163029453 -0.04413350906 0)
(-0.007914308965 -0.03739187041 0)
(-0.004832196933 -0.02995414227 0)
(-0.002450920931 -0.02192063398 0)
(-0.0008410847875 -0.01340607217 0)
(-4.633181948e-05 -0.004543203004 0)
(-5.308161631e-05 0.005268775559 0)
(-0.0008085259173 0.01482604559 0)
(-0.002250844642 0.02338554474 0)
(-0.004292530631 0.03094869115 0)
(-0.006832351196 0.03753385679 0)
(-0.00979103413 0.04317249623 0)
(-0.01309468626 0.04790665851 0)
(-0.0166747542 0.05178661107 0)
(-0.02046907845 0.05486847741 0)
(-0.02442207183 0.05721200512 0)
(-0.02848460889 0.05887852763 0)
(-0.03261377697 0.05992916024 0)
(-0.03677249847 0.0604232614 0)
(-0.0409290538 0.06041717697 0)
(-0.04505653843 0.05996327166 0)
(-0.04913228301 0.05910923942 0)
(-0.05313726088 0.05789767311 0)
(-0.05705550237 0.05636586609 0)
(-0.06087353054 0.05454581223 0)
(-0.06457982833 0.05246436899 0)
(-0.0681643431 0.05014354804 0)
(-0.07161803106 0.04760090088 0)
(-0.07493244155 0.04484997123 0)
(-0.07809933974 0.04190079156 0)
(-0.08111036495 0.03876040721 0)
(-0.08395672237 0.03543341774 0)
(-0.08662890609 0.03192253037 0)
(-0.08911645279 0.02822912519 0)
(-0.09140772753 0.02435383533 0)
(-0.09348974552 0.02029714744 0)
(-0.09534803158 0.01606002783 0)
(-0.09696651906 0.01164457921 0)
(-0.09832754957 0.007054735451 0)
(-0.09941205064 0.002296999105 0)
(-0.1001990834 -0.002618834626 0)
(-0.1006667583 -0.007679043035 0)
(-0.1007925223 -0.0128652232 0)
(-0.1005530124 -0.01815328575 0)
(-0.09992503763 -0.02351279251 0)
(-0.09888622062 -0.02890632774 0)
(-0.09741586519 -0.03428898215 0)
(-0.09549598056 -0.03960801105 0)
(-0.09311244297 -0.04480272516 0)
(-0.09025627049 -0.04980467321 0)
(-0.08692497382 -0.05453817366 0)
(-0.08312393071 -0.0589212457 0)
(-0.07886771608 -0.0628669756 0)
(-0.07418130663 -0.06628533508 0)
(-0.06910106777 -0.06908544096 0)
(-0.06367542595 -0.07117821413 0)
(-0.05796513155 -0.07247935958 0)
(-0.05204302886 -0.0729125538 0)
(-0.04599327137 -0.0724126931 0)
(-0.03990995189 -0.07092903158 0)
(-0.03389515706 -0.0684280261 0)
(-0.02805650011 -0.06489570897 0)
(-0.02250422949 -0.0603394319 0)
(-0.01734805804 -0.05478886464 0)
(-0.01269390683 -0.04829618741 0)
(-0.008640620928 -0.04093548136 0)
(-0.005276237719 -0.03280136262 0)
(-0.00267606471 -0.02400690991 0)
(-0.0009182010108 -0.0146813987 0)
(-5.07464378e-05 -0.004974085496 0)
(-5.548682751e-05 0.005680813815 0)
(-0.0008458546843 0.01597073426 0)
(-0.002354432666 0.02517188128 0)
(-0.004488977214 0.03328819105 0)
(-0.007142718078 0.04034204656 0)
(-0.01023196161 0.04637002725 0)
(-0.01367874711 0.05142011661 0)
(-0.01741087692 0.05554904277 0)
(-0.02136306029 0.05881965166 0)
(-0.02547711553 0.06129844173 0)
(-0.02970185311 0.06305332869 0)
(-0.03399280142 0.06415168247 0)
(-0.0383117891 0.06465866718 0)
(-0.04262641827 0.06463589987 0)
(-0.04690946686 0.06414042901 0)
(-0.0511382526 0.06322401979 0)
(-0.05529398579 0.06193272187 0)
(-0.05936113199 0.06030668657 0)
(-0.06332680044 0.05838019534 0)
(-0.06718016839 0.05618185915 0)
(-0.07091194703 0.05373494954 0)
(-0.07451389095 0.05105782561 0)
(-0.07797835013 0.04816442647 0)
(-0.08129786171 0.04506480524 0)
(-0.08446477787 0.04176568773 0)
(-0.08747092624 0.03827104552 0)
(-0.09030729996 0.03458267966 0)
(-0.09296377577 0.03070081604 0)
(-0.09542886123 0.02662471785 0)
(-0.0976894749 0.02235332272 0)
(-0.09973076191 0.01788591288 0)
(-0.1015359451 0.01322282542 0)
(-0.1030862695 0.008366213255 0)
(-0.1043611423 0.003320870737 0)
(-0.1053377925 -0.001904927139 0)
(-0.1059915652 -0.007298781037 0)
(-0.10629715 -0.0128432034 0)
(-0.1062276606 -0.01851453985 0)
(-0.1057559035 -0.02428212328 0)
(-0.1048550256 -0.03010748195 0)
(-0.1034994423 -0.03594365702 0)
(-0.1016659652 -0.04173469957 0)
(-0.09933510852 -0.04741541678 0)
(-0.09649255144 -0.05291144023 0)
(-0.09313072152 -0.05813969 0)
(-0.08925044118 -0.0630093012 0)
(-0.0848625621 -0.0674230662 0)
(-0.07998949229 -0.07127942315 0)
(-0.07466650506 -0.07447499031 0)
(-0.06894270916 -0.07690760712 0)
(-0.06288155773 -0.07847979793 0)
(-0.05656078406 -0.07910252785 0)
(-0.05007167485 -0.07869907569 0)
(-0.04351762874 -0.07720881408 0)
(-0.03701199633 -0.07459066649 0)
(-0.03067525511 -0.07082601124 0)
(-0.02463163067 -0.06592082765 0)
(-0.01900533796 -0.05990692828 0)
(-0.01391668065 -0.05284219271 0)
(-0.009478100818 -0.04480980434 0)
(-0.005789774995 -0.0359165515 0)
(-0.002937289124 -0.02629027483 0)
(-0.001008073325 -0.01607709156 0)
(-5.599336532e-05 -0.005445319584 0)
(-5.805291841e-05 0.006112158452 0)
(-0.0008857608035 0.01716869859 0)
(-0.002465061325 0.02704056289 0)
(-0.004698509852 0.03573414772 0)
(-0.007473272232 0.0432760093 0)
(-0.01070081094 0.04970817453 0)
(-0.01429872218 0.05508500077 0)
(-0.01819084657 0.05947019221 0)
(-0.02230851074 0.0629338717 0)
(-0.02659075307 0.06554985084 0)
(-0.03098419651 0.06739317274 0)
(-0.03544274293 0.06853797138 0)
(-0.03992710793 0.0690556776 0)
(-0.04440423667 0.06901358509 0)
(-0.04884664393 0.06847377281 0)
(-0.05323171533 0.06749236575 0)
(-0.05754099974 0.06611910335 0)
(-0.06175951601 0.06439717668 0)
(-0.06587509078 0.06236329014 0)
(-0.06987773779 0.060047902 0)
(-0.07375908397 0.05747560014 0)
(-0.07751184314 0.0546655737 0)
(-0.08112933541 0.05163214777 0)
(-0.08460504791 0.04838535583 0)
(-0.08793223188 0.04493153251 0)
(-0.09110353117 0.04127391704 0)
(-0.0941106379 0.03741326455 0)
(-0.09694397293 0.03334846845 0)
(-0.09959239095 0.02907720138 0)
(-0.1020429144 0.02459658546 0)
(-0.1042804988 0.01990390309 0)
(-0.1062878282 0.01499735848 0)
(-0.1080451914 0.009876903474 0)
(-0.1095305642 0.004545152424 0)
(-0.1107194211 -0.0009916552424 0)
(-0.111584243 -0.006722981293 0)
(-0.1120968913 -0.01263277268 0)
(-0.1122267515 -0.01869839596 0)
(-0.111942299 -0.02488951136 0)
(-0.1112117475 -0.03116709931 0)
(-0.110004026 -0.03748257782 0)
(-0.1082900017 -0.04377709676 0)
(-0.1060439311 -0.04998109236 0)
(-0.1032451219 -0.05601419207 0)
(-0.09987977079 -0.06178556274 0)
(-0.0959429192 -0.06719479041 0)
(-0.0914404439 -0.07213336671 0)
(-0.08639097287 -0.07648683308 0)
(-0.0808275954 -0.080137598 0)
(-0.07479921752 -0.08296839659 0)
(-0.0683714072 -0.08486630581 0)
(-0.06162658025 -0.08572716835 0)
(-0.05466340124 -0.08546021877 0)
(-0.04759531544 -0.08399265534 0)
(-0.04054818679 -0.08127386852 0)
(-0.03365708867 -0.0772790303 0)
(-0.02706237138 -0.07201177428 0)
(-0.02090521264 -0.06550575488 0)
(-0.01532294032 -0.0578249654 0)
(-0.01044427382 -0.04906280685 0)
(-0.006384107435 -0.03933998356 0)
(-0.003240637912 -0.02880134722 0)
(-0.001112890903 -0.01761247609 0)
(-6.221447022e-05 -0.00596365395 0)
(-6.080325107e-05 0.006564184102 0)
(-0.0009285218667 0.01842362852 0)
(-0.002583461439 0.02899711831 0)
(-0.004922460293 0.03829343502 0)
(-0.007826014618 0.04634348943 0)
(-0.01120025711 0.05319512202 0)
(-0.01495791021 0.05890956294 0)
(-0.01901848987 0.06355807613 0)
(-0.02330965394 0.06721868652 0)
(-0.02776745116 0.06997314965 0)
(-0.03233617871 0.07190424418 0)
(-0.0369680374 0.07309343301 0)
(-0.04162261004 0.07361892195 0)
(-0.04626621028 0.07355412552 0)
(-0.05087115158 0.07296653109 0)
(-0.05541497777 0.07191693645 0)
(-0.05987968863 0.07045902304 0)
(-0.06425098571 0.06863921865 0)
(-0.06851755598 0.06649679833 0)
(-0.07267040395 0.0640641721 0)
(-0.0767022366 0.06136731036 0)
(-0.08060690123 0.05842626419 0)
(-0.08437887225 0.05525574473 0)
(-0.08801278142 0.05186573502 0)
(-0.09150298452 0.04826211626 0)
(-0.09484315799 0.04444729957 0)
(-0.0980259197 0.04042086171 0)
(-0.1010424702 0.03618019003 0)
(-0.103882253 0.03172114694 0)
(-0.1065326381 0.02703876787 0)
(-0.1089786307 0.0221280077 0)
(-0.1112026038 0.01698454916 0)
(-0.1131840928 0.01160568967 0)
(-0.1148997976 0.005991339909 0)
(-0.1163235372 0.0001451087439 0)
(-0.1174250802 -0.00592491199 0)
(-0.1181732686 -0.01220472329 0)
(-0.1185336764 -0.01867341842 0)
(-0.1184701671 -0.02530166925 0)
(-0.1179456043 -0.03205056139 0)
(-0.1169228493 -0.03887047428 0)
(-0.1153660663 -0.04570012413 0)
(-0.1132423111 -0.05246587045 0)
(-0.1105233961 -0.05908139646 0)
(-0.1071880021 -0.06544787897 0)
(-0.1032239773 -0.07145476283 0)
(-0.0986307375 -0.07698124335 0)
(-0.09342164394 -0.08189853558 0)
(-0.08762620506 -0.0860729699 0)
(-0.08129192243 -0.08936989863 0)
(-0.07448558492 -0.09165833031 0)
(-0.06729381565 -0.0928161308 0)
(-0.05982269804 -0.09273555113 0)
(-0.0521963526 -0.09132877151 0)
(-0.04455440598 -0.08853309967 0)
(-0.03704838369 -0.08431544361 0)
(-0.02983715796 -0.07867570088 0)
(-0.02308169317 -0.0716487758 0)
(-0.01693944054 -0.06330504949 0)
(-0.01155858824 -0.05374927379 0)
(-0.007071833532 -0.04311797984 0)
(-0.003592876724 -0.03157556906 0)
(-0.001235156797 -0.01931005799 0)
(-6.959338351e-05 -0.006537005838 0)
(-6.375294675e-05 0.007038409858 0)
(-0.0009744382532 0.01973959743 0)
(-0.002710450767 0.03104763303 0)
(-0.005162307566 0.0409735857 0)
(-0.008203148261 0.04955292282 0)
(-0.01173321835 0.05683971458 0)
(-0.01565987296 0.06290263212 0)
(-0.01989788934 0.06782116224 0)
(-0.02437093242 0.07168193944 0)
(-0.02901182591 0.07457537317 0)
(-0.03376238817 0.07659265797 0)
(-0.03857303868 0.07782321358 0)
(-0.04340220869 0.0783525818 0)
(-0.04821561178 0.07826078501 0)
(-0.05298543101 0.0776211306 0)
(-0.05768946962 0.07649942819 0)
(-0.06231030228 0.07495357334 0)
(-0.06683445431 0.07303344288 0)
(-0.07125162744 0.07078104275 0)
(-0.07555398235 0.06823084993 0)
(-0.07973548168 0.06541029376 0)
(-0.0837912919 0.06234032952 0)
(-0.08771723846 0.05903606546 0)
(-0.09150930657 0.05550741509 0)
(-0.09516317873 0.05175975632 0)
(-0.09867380044 0.04779458904 0)
(-0.1020349666 0.04361019112 0)
(-0.1052389229 0.03920228055 0)
(-0.1082759799 0.03456469695 0)
(-0.1111341418 0.02969012006 0)
(-0.1137987545 0.02457084455 0)
(-0.1162521672 0.01919962865 0)
(-0.1184734352 0.01357063567 0)
(-0.1204382181 0.007680506886 0)
(-0.1221187959 0.001529563011 0)
(-0.1234826988 -0.004877180499 0)
(-0.1244953955 -0.01152856412 0)
(-0.1251187373 -0.01840619424 0)
(-0.1253117717 -0.02548257519 0)
(-0.1250316657 -0.03271971459 0)
(-0.1242346842 -0.04006772248 0)
(-0.1228775518 -0.04746354731 0)
(-0.1209191646 -0.05482996929 0)
(-0.1183226541 -0.06207498247 0)
(-0.1150577815 -0.06909170791 0)
(-0.1111036104 -0.07575898504 0)
(-0.1064513682 -0.08194278041 0)
(-0.1011073616 -0.08749853011 0)
(-0.09509577178 -0.09227448961 0)
(-0.08846111401 -0.0961161019 0)
(-0.08127011839 -0.09887131279 0)
(-0.07361278079 -0.1003966641 0)
(-0.06560234684 -0.1005638913 0)
(-0.05737404022 -0.099266654 0)
(-0.04908242692 -0.09642694891 0)
(-0.04089741661 -0.09200071897 0)
(-0.03299903303 -0.08598218441 0)
(-0.02557123088 -0.07840649982 0)
(-0.01879518233 -0.06935048081 0)
(-0.01284232357 -0.05893133323 0)
(-0.007866890735 -0.04730348234 0)
(-0.004001565731 -0.03465372312 0)
(-0.001377653753 -0.02119590168 0)
(-7.831571901e-05 -0.007174616509 0)
(-6.693144586e-05 0.007536520612 0)
(-0.001023867287 0.02112111048 0)
(-0.002846960591 0.0331988135 0)
(-0.005419723755 0.0437828584 0)
(-0.00860714545 0.05291349437 0)
(-0.01230294113 0.06065149616 0)
(-0.0164085327 0.06707362574 0)
(-0.02083348737 0.07226834933 0)
(-0.02549711125 0.07633171445 0)
(-0.03032874075 0.07936358617 0)
(-0.03526754808 0.08146433811 0)
(-0.04026208694 0.08273204603 0)
(-0.04526962172 0.08326020766 0)
(-0.05025530579 0.08313598711 0)
(-0.05519127414 0.08243895943 0)
(-0.06005570334 0.08124031214 0)
(-0.0648318797 0.07960244705 0)
(-0.06950730565 0.07757891739 0)
(-0.07407286321 0.07521463209 0)
(-0.07852204487 0.07254626063 0)
(-0.08285025387 0.06960277784 0)
(-0.08705417074 0.0664060962 0)
(-0.09113117819 0.06297174422 0)
(-0.09507883444 0.05930956058 0)
(-0.09889438379 0.05542438532 0)
(-0.1025742935 0.05131674043 0)
(-0.1061138073 0.04698350143 0)
(-0.1095065081 0.04241857019 0)
(-0.1127438848 0.03761356549 0)
(-0.1158149053 0.03255855293 0)
(-0.1187055985 0.02724283845 0)
(-0.1213986404 0.02165584787 0)
(-0.1238729584 0.01578811476 0)
(-0.1261035043 0.009632419002 0)
(-0.1280612444 0.003185106193 0)
(-0.1297119641 -0.003552621613 0)
(-0.1310175828 -0.01057337221 0)
(-0.1319364385 -0.01786211153 0)
(-0.1324226674 -0.02539414562 0)
(-0.1324274984 -0.03313340139 0)
(-0.1319001629 -0.0410306966 0)
(-0.1307892771 -0.04902210945 0)
(-0.1290446491 -0.05702758512 0)
(-0.1266195232 -0.06494993314 0)
(-0.1234732558 -0.0726743876 0)
(-0.1195743795 -0.08006891504 0)
(-0.1149039705 -0.08698545399 0)
(-0.1094591783 -0.09326225037 0)
(-0.1032567223 -0.0987274102 0)
(-0.09633610426 -0.103203721 0)
(-0.08876224162 -0.1065146961 0)
(-0.08062720129 -0.1084916742 0)
(-0.07205071825 -0.1089816717 0)
(-0.06317922891 -0.1078555484 0)
(-0.05418323769 -0.1050159345 0)
(-0.0452529679 -0.1004042959 0)
(-0.03659241356 -0.0940065133 0)
(-0.02841210174 -0.08585643084 0)
(-0.02092107044 -0.07603699748 0)
(-0.01431844722 -0.06467886887 0)
(-0.00878444546 -0.05195656137 0)
(-0.004474986305 -0.03808243773 0)
(-0.001543492177 -0.02330001504 0)
(-8.861165331e-05 -0.007887211988 0)
(-7.036277738e-05 0.008060392396 0)
(-0.001077214161 0.02257316976 0)
(-0.002994069723 0.03545807262 0)
(-0.005696631723 0.04673032617 0)
(-0.009040825769 0.05643521467 0)
(-0.01291309515 0.06464076264 0)
(-0.01720827858 0.07143256995 0)
(-0.02183019653 0.07690894937 0)
(-0.02669338466 0.08117627761 0)
(-0.03172340167 0.08434478368 0)
(-0.03685659318 0.0865248785 0)
(-0.04203956118 0.08782407372 0)
(-0.04722839455 0.08834450833 0)
(-0.05238773826 0.08818107287 0)
(-0.05748977617 0.08742009569 0)
(-0.0625131873 0.08613853566 0)
(-0.06744212094 0.08440361233 0)
(-0.07226522282 0.08227279652 0)
(-0.07697473187 0.07979408262 0)
(-0.081565657 0.0770064673 0)
(-0.08603503437 0.07394056648 0)
(-0.09038125961 0.07061931343 0)
(-0.09460348467 0.06705869266 0)
(-0.09870106662 0.0632684778 0)
(-0.1026730545 0.0592529543 0)
(-0.1065177005 0.0550116199 0)
(-0.1102319842 0.05053986655 0)
(-0.1138111381 0.04582965643 0)
(-0.1172481697 0.0408702123 0)
(-0.1205333776 0.03564874793 0)
(-0.1236538656 0.03015126814 0)
(-0.1265930503 0.02436346721 0)
(-0.1293301625 0.01827175205 0)
(-0.1318398785 0.01186443709 0)
(-0.1340922211 0.005133175936 0)
(-0.1360516651 -0.001925505683 0)
(-0.1376767447 -0.009308971686 0)
(-0.1389225644 -0.01700647446 0)
(-0.1397384194 -0.02499725635 0)
(-0.1400695052 -0.03324834754 0)
(-0.1398577255 -0.04171247442 0)
(-0.1390430441 -0.05032600271 0)
(-0.1375653442 -0.05900707741 0)
(-0.135366819 -0.06765413617 0)
(-0.1323949089 -0.07614500164 0)
(-0.1286057595 -0.08433678076 0)
(-0.1239681265 -0.09206680827 0)
(-0.1184675876 -0.0991548596 0)
(-0.1121108507 -0.1054068182 0)
(-0.104929872 -0.1106199079 0)
(-0.09698543425 -0.1145894883 0)
(-0.08836978252 -0.1171172646 0)
(-0.07920790738 -0.1180205883 0)
(-0.06965709616 -0.1171423423 0)
(-0.05990446917 -0.114360739 0)
(-0.05016237149 -0.1095982441 0)
(-0.0406616983 -0.1028288039 0)
(-0.03164348355 -0.09408262873 0)
(-0.0233493437 -0.08344798636 0)
(-0.01601128422 -0.0710697595 0)
(-0.009840803419 -0.05714483167 0)
(-0.005022157552 -0.04191463679 0)
(-0.001736059205 -0.02565671463 0)
(-0.0001007152851 -0.008687164423 0)
(-7.408686352e-05 0.008612127451 0)
(-0.001134968665 0.02410135459 0)
(-0.003153041228 0.03783363621 0)
(-0.005995266605 0.04982598784 0)
(-0.009507442827 0.06012901706 0)
(-0.01356787906 0.0688186293 0)
(-0.01806408273 0.07599012681 0)
(-0.02289351661 0.08175266808 0)
(-0.02796548404 0.08622400836 0)
(-0.03320144701 0.08952577328 0)
(-0.03853473311 0.09177937868 0)
(-0.04390990905 0.09310264311 0)
(-0.049281891 0.09360710449 0)
(-0.05461488406 0.0933960192 0)
(-0.05988123678 0.09256299387 0)
(-0.06506027852 0.09119117918 0)
(-0.07013718987 0.08935294163 0)
(-0.07510194033 0.08710992225 0)
(-0.07994831345 0.08451339144 0)
(-0.08467302711 0.08160481429 0)
(-0.08927494779 0.07841655082 0)
(-0.09375439009 0.07497262778 0)
(-0.09811248859 0.07128953364 0)
(-0.1023506259 0.0673770026 0)
(-0.1064699001 0.06323876847 0)
(-0.1104706155 0.05887328202 0)
(-0.1143517812 0.05427439747 0)
(-0.1181106049 0.0494320438 0)
(-0.1217419726 0.04433290428 0)
(-0.1252379107 0.03896113495 0)
(-0.1285870324 0.03329915703 0)
(-0.1317739648 0.02732855886 0)
(-0.1347787471 0.02103113968 0)
(-0.1375763052 0.01439014516 0)
(-0.1401362105 0.007391785641 0)
(-0.1424220809 2.696911488e-05 0)
(-0.1443897451 -0.007707414139 0)
(-0.1459911909 -0.01580596813 0)
(-0.1471712297 -0.02425315262 0)
(-0.1478691252 -0.03302046482 0)
(-0.1480193641 -0.04206397125 0)
(-0.1475529105 -0.05132176619 0)
(-0.146399056 -0.06071155988 0)
(-0.1444879026 -0.07012859824 0)
(-0.1417535187 -0.0794441543 0)
(-0.1381377696 -0.08850486715 0)
(-0.1335947701 -0.09713322756 0)
(-0.1280958297 -0.1051295099 0)
(-0.1216346749 -0.1122754177 0)
(-0.1142326328 -0.1183396367 0)
(-0.1059433678 -0.1230853622 0)
(-0.09685668394 -0.1262796958 0)
(-0.08710086112 -0.1277045862 0)
(-0.07684301274 -0.1271687449 0)
(-0.06628703857 -0.1245197375 0)
(-0.05566892264 -0.1196552607 0)
(-0.04524937836 -0.1125325349 0)
(-0.0353041688 -0.1031747931 0)
(-0.02611278148 -0.09167406857 0)
(-0.01794609864 -0.07818986525 0)
(-0.01105315121 -0.06294370238 0)
(-0.005652697281 -0.04620991576 0)
(-0.001959048317 -0.02830496558 0)
(-0.0001149076367 -0.00958865072 0)
(-7.814229286e-05 0.009194094898 0)
(-0.001197703386 0.02571192434 0)
(-0.003325368524 0.04033467727 0)
(-0.006318252756 0.05308090635 0)
(-0.01001078659 0.06400687667 0)
(-0.01427214103 0.0731971123 0)
(-0.01898162877 0.0807576255 0)
(-0.02402965905 0.08680957883 0)
(-0.02931978632 0.09148331369 0)
(-0.03476902844 0.09491303087 0)
(-0.04030749626 0.09723224478 0)
(-0.04587764562 0.09857005496 0)
(-0.05143324086 0.09904823572 0)
(-0.05693813904 0.09877910697 0)
(-0.06236499405 0.0978641186 0)
(-0.06769395709 0.09639305906 0)
(-0.07291142881 0.0944437859 0)
(-0.0780088994 0.09208237091 0)
(-0.0829818964 0.08936355508 0)
(-0.08782904642 0.08633141632 0)
(-0.09255124655 0.0830201657 0)
(-0.09715093363 0.07945500306 0)
(-0.1016314347 0.07565297934 0)
(-0.1059963795 0.07162383032 0)
(-0.1102491538 0.06737076166 0)
(-0.1143923761 0.06289118036 0)
(-0.1184273764 0.0581773802 0)
(-0.1223536649 0.05321719952 0)
(-0.1261683756 0.04799467897 0)
(-0.1298656783 0.04249075405 0)
(-0.1334361607 0.03668402354 0)
(-0.1368661764 0.03055163675 0)
(-0.1401371413 0.02407033884 0)
(-0.1432248472 0.01721772545 0)
(-0.1460990321 0.009973810214 0)
(-0.1487229222 0.002322908384 0)
(-0.1510509694 -0.005744765021 0)
(-0.1530318722 -0.01423049843 0)
(-0.1546067011 -0.02312528692 0)
(-0.1557091319 -0.03240662185 0)
(-0.1562664157 -0.0420355713 0)
(-0.1562004442 -0.05195369589 0)
(-0.1554295134 -0.0620799998 0)
(-0.1538708206 -0.07230814051 0)
(-0.1514437686 -0.08250417145 0)
(-0.1480741166 -0.09250514314 0)
(-0.1436989577 -0.102118931 0)
(-0.1382724211 -0.1111256781 0)
(-0.1317718894 -0.1192812231 0)
(-0.1242044021 -0.1263228177 0)
(-0.1156127822 -0.1319773057 0)
(-0.1060809054 -0.1359717351 0)
(-0.09573744881 -0.138046107 0)
(-0.08475743079 -0.1379676501 0)
(-0.07336093219 -0.1355456841 0)
(-0.06180856861 -0.1306458544 0)
(-0.05039358714 -0.1232023514 0)
(-0.03943087289 -0.1132267333 0)
(-0.02924361794 -0.1008122065 0)
(-0.02014845003 -0.08613267648 0)
(-0.01243930134 -0.06943642249 0)
(-0.006376769881 -0.05103479346 0)
(-0.002216391921 -0.03128866784 0)
(-0.0001314768822 -0.01060780238 0)
(-8.258607379e-05 0.009808985033 0)
(-0.001266115373 0.02741194301 0)
(-0.003512829062 0.04297147915 0)
(-0.006668691233 0.05650737644 0)
(-0.01055530175 0.06808195287 0)
(-0.01503151679 0.0777892231 0)
(-0.01996745512 0.08574709385 0)
(-0.02524567994 0.09209008323 0)
(-0.03076342128 0.09696251605 0)
(-0.03643287883 0.1005125185 0)
(-0.0421807465 0.102886943 0)
(-0.04794731006 0.1042272607 0)
(-0.05368523004 0.1046664074 0)
(-0.05935813955 0.1043265256 0)
(-0.06493917132 0.1033175132 0)
(-0.07040950008 0.101736265 0)
(-0.07575696083 0.09966648423 0)
(-0.08097478087 0.09717893664 0)
(-0.08606044441 0.0943320272 0)
(-0.09101469352 0.09117258888 0)
(-0.09584065739 0.08773679032 0)
(-0.1005430943 0.08405108672 0)
(-0.1051277254 0.08013315785 0)
(-0.109600637 0.07599279546 0)
(-0.1139677281 0.07163272062 0)
(-0.1182341783 0.06704932686 0)
(-0.1224039171 0.06223335891 0)
(-0.1264790743 0.05717054857 0)
(-0.130459396 0.05184223875 0)
(-0.134341615 0.04622603539 0)
(-0.1381187752 0.04029653385 0)
(-0.1417795044 0.03402617042 0)
(-0.1453072162 0.02738624632 0)
(-0.1486792714 0.02034817703 0)
(-0.1518663309 0.01288507384 0)
(-0.1548318702 0.00497374071 0)
(-0.1575302867 -0.003403279548 0)
(-0.1599072315 -0.01225545739 0)
(-0.1619010064 -0.02158161643 0)
(-0.1634403354 -0.03136691841 0)
(-0.1644457383 -0.0415793072 0)
(-0.1648303176 -0.05216583996 0)
(-0.1645013342 -0.06304892311 0)
(-0.1633626142 -0.0741226966 0)
(-0.1613178985 -0.08524987016 0)
(-0.1582752212 -0.09625938669 0)
(-0.1541523463 -0.1069453549 0)
(-0.1488832056 -0.1170677389 0)
(-0.1424251573 -0.126355302 0)
(-0.1347667389 -0.1345112491 0)
(-0.1259354149 -0.1412218889 0)
(-0.116004649 -0.1461684115 0)
(-0.1050994879 -0.1490415623 0)
(-0.0933997663 -0.1495585926 0)
(-0.0811400765 -0.147481426 0)
(-0.06860582385 -0.1426345665 0)
(-0.05612503307 -0.1349209766 0)
(-0.04405608374 -0.1243340734 0)
(-0.03277216883 -0.1109642054 0)
(-0.02264342603 -0.09499852114 0)
(-0.01401725405 -0.07671382892 0)
(-0.007204874141 -0.05646281089 0)
(-0.00251227229 -0.03465687951 0)
(-0.0001507619649 -0.01176284493 0)
(-8.747993318e-05 0.01045987258 0)
(-0.001341036296 0.02920943582 0)
(-0.003717551625 0.04575563716 0)
(-0.007050269721 0.06011912782 0)
(-0.01114623056 0.07236875749 0)
(-0.01585259132 0.08260907439 0)
(-0.02102911713 0.09097128423 0)
(-0.02654962264 0.09760484897 0)
(-0.03230437557 0.1026697023 0)
(-0.03820036085 0.1063294494 0)
(-0.04416066283 0.1087456892 0)
(-0.05012336601 0.1100734869 0)
(-0.05604011492 0.1104579603 0)
(-0.06187448719 0.1100318978 0)
(-0.06760031147 0.1089142878 0)
(-0.07320002684 0.1072096183 0)
(-0.07866314924 0.1050077968 0)
(-0.08398488385 0.1023845422 0)
(-0.08916490025 0.0994021084 0)
(-0.0942062705 0.09611021652 0)
(-0.09911455753 0.0925470923 0)
(-0.1038970334 0.08874052606 0)
(-0.108562002 0.08470889558 0)
(-0.1131181985 0.08046211303 0)
(-0.1175742373 0.07600247621 0)
(-0.1219380825 0.07132542181 0)
(-0.1262165158 0.06642019246 0)
(-0.1304145791 0.06127044238 0)
(-0.1345349745 0.05585481623 0)
(-0.138577404 0.05014754518 0)
(-0.1425378464 0.04411911235 0)
(-0.1464077651 0.03773704588 0)
(-0.1501732264 0.030966896 0)
(-0.153813928 0.02377345353 0)
(-0.1573023278 0.01612231571 0)
(-0.1606030243 0.007981948973 0)
(-0.1636713413 -0.0006739385471 0)
(-0.166451115 -0.009864356631 0)
(-0.1688787424 -0.01959731887 0)
(-0.1708790397 -0.02986744668 0)
(-0.1723666798 -0.04065159926 0)
(-0.1732466973 -0.0519046211 0)
(-0.1734157521 -0.06355480143 0)
(-0.1727643156 -0.07549932523 0)
(-0.171179926 -0.08760004384 0)
(-0.1685516551 -0.09967998559 0)
(-0.1647758836 -0.1115211216 0)
(-0.1597633926 -0.1228639833 0)
(-0.1534476508 -0.1334097726 0)
(-0.145794001 -0.1428255889 0)
(-0.1368092368 -0.1507532879 0)
(-0.1265508268 -0.1568222595 0)
(-0.1151348201 -0.1606660488 0)
(-0.1027413091 -0.1619422532 0)
(-0.08961628515 -0.1603545456 0)
(-0.07606886938 -0.1556750821 0)
(-0.06246326737 -0.1477650689 0)
(-0.04920541777 -0.1365910288 0)
(-0.036725103 -0.1222344641 0)
(-0.02545461359 -0.1048932218 0)
(-0.01580474467 -0.0848737443 0)
(-0.008147714339 -0.06257442061 0)
(-0.002851041075 -0.03846394826 0)
(-0.0001731160236 -0.0130742201 0)
(-9.290851415e-05 0.01115029988 0)
(-0.001423484126 0.0311135794 0)
(-0.003942099755 0.0487003027 0)
(-0.007467395009 0.06393156828 0)
(-0.01178978494 0.07688335041 0)
(-0.01674309002 0.08767199438 0)
(-0.02217537236 0.09644368629 0)
(-0.02795067134 0.1033647124 0)
(-0.03395159045 0.1086125178 0)
(-0.04007948827 0.1123679815 0)
(-0.04625366815 0.1148090544 0)
(-0.05241002662 0.1161057662 0)
(-0.05849933692 0.1164165417 0)
(-0.06448535028 0.1158857037 0)
(-0.07034286618 0.114642008 0)
(-0.07605587976 0.1127980336 0)
(-0.08161587606 0.1104502474 0)
(-0.08702030999 0.1076795664 0)
(-0.09227128563 0.1045522608 0)
(-0.09737442956 0.101121055 0)
(-0.1023379404 0.09742631623 0)
(-0.1071717878 0.09349723943 0)
(-0.1118870304 0.08935296617 0)
(-0.1164952201 0.08500359786 0)
(-0.1210078602 0.08045108392 0)
(-0.1254358877 0.07568998434 0)
(-0.1297891511 0.07070812111 0)
(-0.1340758581 0.06548714617 0)
(-0.1383019722 0.06000306418 0)
(-0.1424705367 0.0542267582 0)
(-0.1465809191 0.04812457528 0)
(-0.1506279673 0.04165903753 0)
(-0.1546010604 0.03478974498 0)
(-0.1584830276 0.02747453392 0)
(-0.1622490668 0.01967099261 0)
(-0.1658659062 0.01133851443 0)
(-0.1692906612 0.002440856801 0)
(-0.1724677018 -0.007051623263 0)
(-0.1753318585 -0.01715780021 0)
(-0.1778056838 -0.02788346062 0)
(-0.1797993175 -0.03921651147 0)
(-0.1812109629 -0.05112208068 0)
(-0.1819276932 -0.06353715769 0)
(-0.1818272651 -0.07636502159 0)
(-0.1807811039 -0.089469798 0)
(-0.1786586704 -0.1026715987 0)
(-0.1753333877 -0.1157428258 0)
(-0.1706902277 -0.1284063448 0)
(-0.1646349299 -0.1403363291 0)
(-0.1571046285 -0.1511626093 0)
(-0.1480794115 -0.1604792954 0)
(-0.1375940287 -0.1678582264 0)
(-0.1257486475 -0.1728674103 0)
(-0.1127172764 -0.1750940336 0)
(-0.09875232468 -0.1741708728 0)
(-0.0841838314 -0.1698041175 0)
(-0.06941225481 -0.1617998676 0)
(-0.05489443563 -0.1500860889 0)
(-0.04112336201 -0.134726822 0)
(-0.02860290618 -0.1159260752 0)
(-0.01781859358 -0.09401991277 0)
(-0.009215908495 -0.06945662681 0)
(-0.003237211844 -0.04276953799 0)
(-0.0001989506177 -0.01456469174 0)
(-9.897061615e-05 0.0118843758 0)
(-0.001514693729 0.03313494067 0)
(-0.004189577716 0.05182048422 0)
(-0.007925361663 0.06796207594 0)
(-0.01249335948 0.08164356559 0)
(-0.01771210882 0.09299464565 0)
(-0.02341639513 0.1021785152 0)
(-0.02945931661 0.1093805288 0)
(-0.03571504798 0.1147978826 0)
(-0.04207890799 0.1186308136 0)
(-0.04846628845 0.1210754574 0)
(-0.05481097875 0.1223183473 0)
(-0.06106310563 0.1225324514 0)
(-0.06718690484 0.1218745799 0)
(-0.07315849814 0.1204839615 0)
(-0.07896379476 0.1184817664 0)
(-0.08459659075 0.1159713593 0)
(-0.09005690293 0.1130390757 0)
(-0.09534954567 0.1097553394 0)
(-0.1004829387 0.1061759645 0)
(-0.1054681203 0.1023435184 0)
(-0.1103179326 0.09828865042 0)
(-0.1150463419 0.09403131974 0)
(-0.1196678568 0.08958188269 0)
(-0.1241970062 0.08494202212 0)
(-0.1286478447 0.08010551977 0)
(-0.1330334527 0.07505888929 0)
(-0.1373654033 0.06978190039 0)
(-0.1416531706 0.06424803602 0)
(-0.1459034562 0.05842493429 0)
(-0.1501194188 0.05227487651 0)
(-0.1542997993 0.04575539309 0)
(-0.1584379218 0.03882006312 0)
(-0.1625205346 0.03141958025 0)
(-0.1665265542 0.02350318028 0)
(-0.1704259687 0.01502061356 0)
(-0.1741787216 0.005924771484 0)
(-0.1777320475 -0.003825518228 0)
(-0.181020095 -0.01426191428 0)
(-0.183965111 -0.02540284952 0)
(-0.186474468 -0.0372494279 0)
(-0.1884413257 -0.0497796768 0)
(-0.1897448475 -0.06294236695 0)
(-0.1902514665 -0.07665036095 0)
(-0.1898173939 -0.09077383564 0)
(-0.1882926454 -0.1051338478 0)
(-0.1855268601 -0.1194968741 0)
(-0.1813771313 -0.1335711306 0)
(-0.1757179502 -0.1470056364 0)
(-0.1684531679 -0.1593930942 0)
(-0.1595295887 -0.1702776629 0)
(-0.1489514344 -0.1791685383 0)
(-0.1367944806 -0.1855598618 0)
(-0.1232182367 -0.1889568224 0)
(-0.1084742187 -0.1889068904 0)
(-0.09290827764 -0.1850340137 0)
(-0.07695523841 -0.177072498 0)
(-0.0611248952 -0.164896443 0)
(-0.045979661 -0.1485403408 0)
(-0.03210500715 -0.1282070219 0)
(-0.02007401417 -0.1042604046 0)
(-0.01041976946 -0.0772023128 0)
(-0.003675368589 -0.04763852061 0)
(-0.0002287046245 -0.01625942727 0)
(-0.0001057964795 0.01266690562 0)
(-0.001616189173 0.03528577132 0)
(-0.004463768123 0.05513341477 0)
(-0.008430564963 0.07223034904 0)
(-0.01326579698 0.08666926913 0)
(-0.01877039414 0.09859514135 0)
(-0.0247640268 0.1081906598 0)
(-0.0310875328 0.1156629463 0)
(-0.03760583766 0.1212316021 0)
(-0.04420782559 0.1251186509 0)
(-0.0508049162 0.1275405124 0)
(-0.05732897162 0.1287019497 0)
(-0.06372980776 0.1287918287 0)
(-0.06997256584 0.1279804626 0)
(-0.07603514174 0.1264182765 0)
(-0.08190580293 0.1242355205 0)
(-0.08758106777 0.121542766 0)
(-0.0930638793 0.1184319463 0)
(-0.09836207372 0.1149777323 0)
(-0.1034871225 0.1112390711 0)
(-0.1084531132 0.1072607512 0)
(-0.1132759279 0.1030748949 0)
(-0.1179725741 0.09870230983 0)
(-0.1225606258 0.09415366003 0)
(-0.1270577331 0.08943044165 0)
(-0.1314811618 0.08452576703 0)
(-0.1358473295 0.079424978 0)
(-0.1401713065 0.07410612191 0)
(-0.1444662538 0.06854033576 0)
(-0.148742771 0.06269219308 0)
(-0.1530081347 0.05652007885 0)
(-0.1572654151 0.04997666881 0)
(-0.1615124538 0.04300959773 0)
(-0.1657406596 0.03556239924 0)
(-0.1699336338 0.02757581103 0)
(-0.174065831 0.0189896191 0)
(-0.178101333 0.009745253507 0)
(-0.18199173 -0.0002110758541 0)
(-0.1856730192 -0.01092519355 0)
(-0.1890687624 -0.0224297096 0)
(-0.192085894 -0.03474095958 0)
(-0.194614881 -0.047852478 0)
(-0.1965293698 -0.06172804109 0)
(-0.1976867158 -0.07629392601 0)
(-0.1979297847 -0.0914307229 0)
(-0.1970903545 -0.1069651607 0)
(-0.1949944966 -0.1226626 0)
(-0.1914702952 -0.1382210734 0)
(-0.1863581792 -0.15326799 0)
(-0.1795239593 -0.1673608262 0)
(-0.1708743545 -0.1799932381 0)
(-0.1603743586 -0.1906079629 0)
(-0.1480652307 -0.1986175441 0)
(-0.1340812751 -0.2034332128 0)
(-0.1186630153 -0.2045011677 0)
(-0.1021640408 -0.2013440532 0)
(-0.08504892644 -0.1936038514 0)
(-0.06788041988 -0.1810810059 0)
(-0.0512955767 -0.1637638614 0)
(-0.03597171924 -0.1418428614 0)
(-0.02258370346 -0.1157053581 0)
(-0.01176891783 -0.08590920029 0)
(-0.004170135526 -0.05314071357 0)
(-0.0002628880389 -0.01818605743 0)
(-0.0001135462286 0.01350355021 0)
(-0.001729851067 0.03758038122 0)
(-0.004769310509 0.05865900878 0)
(-0.008990776656 0.07675882714 0)
(-0.0141177247 0.09198265194 0)
(-0.01993068717 0.1044931487 0)
(-0.0262320695 0.1144955682 0)
(-0.0328489652 0.1222220725 0)
(-0.03963618951 0.1279178314 0)
(-0.04647584878 0.131829498 0)
(-0.05327544047 0.1341961844 0)
(-0.05996522161 0.1352428182 0)
(-0.06649518474 0.1351756407 0)
(-0.07283194359 0.134179537 0)
(-0.07895575098 0.1324168575 0)
(-0.0848577875 0.1300273914 0)
(-0.09053779404 0.1271291758 0)
(-0.09600207143 0.123819862 0)
(-0.1012618361 0.1201784002 0)
(-0.1063318981 0.1162668547 0)
(-0.1112296156 0.1121322028 0)
(-0.1159740739 0.1078080135 0)
(-0.120585437 0.1033159381 0)
(-0.1250844224 0.09866697651 0)
(-0.1294918523 0.09386250463 0)
(-0.1338282415 0.0888950741 0)
(-0.1381133824 0.08374900594 0)
(-0.1423658964 0.07840081648 0)
(-0.1466027191 0.07281952323 0)
(-0.150838492 0.06696688862 0)
(-0.1550848345 0.06079766937 0)
(-0.1593494806 0.05425995142 0)
(-0.1636352622 0.04729566144 0)
(-0.1679388983 0.03984134838 0)
(-0.1722495609 0.03182933172 0)
(-0.1765473474 0.02318937341 0)
(-0.1808018523 0.01385112405 0)
(-0.1849703077 0.003747360321 0)
(-0.1889939706 -0.007182700027 0)
(-0.1927990856 -0.01898768377 0)
(-0.1962950477 -0.03170078672 0)
(-0.1993725207 -0.04533348814 0)
(-0.2019027471 -0.05986777561 0)
(-0.2037371588 -0.07524735904 0)
(-0.2047082343 -0.09136806077 0)
(-0.2046319646 -0.1080678005 0)
(-0.2033124041 -0.12511681 0)
(-0.2005488228 -0.1422089915 0)
(-0.1961459408 -0.1589556532 0)
(-0.1899275915 -0.1748831825 0)
(-0.1817538681 -0.1894364781 0)
(-0.1715413322 -0.2019900569 0)
(-0.1592851831 -0.2118685457 0)
(-0.1450814474 -0.2183776052 0)
(-0.1291463788 -0.2208451116 0)
(-0.1118295695 -0.2186706311 0)
(-0.09361708654 -0.2113790346 0)
(-0.07512160346 -0.1986719413 0)
(-0.05705817318 -0.1804691841 0)
(-0.04020588774 -0.1569323657 0)
(-0.02535685322 -0.1284639715 0)
(-0.01327194856 -0.09567836968 0)
(-0.004726071746 -0.05935042997 0)
(-0.0003020580221 -0.02037470305 0)
(-0.000122428334 0.01440103672 0)
(-0.001858031571 0.04003560907 0)
(-0.005111940715 0.06242042866 0)
(-0.009615504516 0.08157319771 0)
(-0.01506198351 0.09760855677 0)
(-0.02120814969 0.1107099629 0)
(-0.02783663003 0.1211090388 0)
(-0.03475911982 0.1290669876 0)
(-0.04181945114 0.1348583411 0)
(-0.0488927097 0.1387577212 0)
(-0.05588268976 0.1410296972 0)
(-0.06271856586 0.1419215246 0)
(-0.0693512 0.1416584197 0)
(-0.0757494377 0.14044095 0)
(-0.08189664033 0.1384441027 0)
(-0.08778759762 0.1358176121 0)
(-0.09342588559 0.1326871666 0)
(-0.09882167973 0.1291561727 0)
(-0.1039899956 0.125307809 0)
(-0.1089493076 0.1212071633 0)
(-0.1137204844 0.116903299 0)
(-0.1183259798 0.1124311445 0)
(-0.1227892151 0.1078131406 0)
(-0.1271340992 0.1030606115 0)
(-0.1313846345 0.09817485314 0)
(-0.1355645636 0.09314795185 0)
(-0.13969702 0.08796336081 0)
(-0.1438041437 0.08259627593 0)
(-0.1479066341 0.07701386154 0)
(-0.1520232061 0.07117538623 0)
(-0.156169924 0.06503233859 0)
(-0.1603593886 0.05852860454 0)
(-0.1645997609 0.05160080167 0)
(-0.1688935823 0.04417887302 0)
(-0.1732363441 0.03618704363 0)
(-0.1776148549 0.02754528057 0)
(-0.1820056022 0.01817149982 0)
(-0.1863729303 0.007984709137 0)
(-0.1906660042 -0.00309125528 0)
(-0.1948162438 -0.01512277096 0)
(-0.1987384757 -0.02816108814 0)
(-0.2023269088 -0.04223774164 0)
(-0.2054541408 -0.05735591529 0)
(-0.2079697195 -0.07348074211 0)
(-0.2096998313 -0.09052834459 0)
(-0.2104485119 -0.1083539712 0)
(-0.2100009384 -0.1267397946 0)
(-0.2081294693 -0.1453832569 0)
(-0.2046031494 -0.1638872493 0)
(-0.1992013367 -0.1817538763 0)
(-0.1917318829 -0.198384006 0)
(-0.1820538271 -0.2130851346 0)
(-0.1701037997 -0.2250901198 0)
(-0.1559242712 -0.2335888316 0)
(-0.1396905362 -0.2377735195 0)
(-0.1217321363 -0.2368965765 0)
(-0.1025437136 -0.230336498 0)
(-0.08278060533 -0.2176646425 0)
(-0.06323620259 -0.1987027512 0)
(-0.04480009396 -0.1735601456 0)
(-0.02839793167 -0.1426406008 0)
(-0.01493592906 -0.1066122667 0)
(-0.005347610938 -0.0663458122 0)
(-0.000346860288 -0.02285797224 0)
(-0.0001327094587 0.01536742631 0)
(-0.002003691221 0.04267142913 0)
(-0.005498808594 0.0664447982 0)
(-0.01031646511 0.08670300872 0)
(-0.01611417886 0.1035748374 0)
(-0.02262089129 0.117268525 0)
(-0.02959651805 0.1280468692 0)
(-0.03683553951 0.1362050433 0)
(-0.04416997019 0.1420515137 0)
(-0.05146780636 0.1458928058 0)
(-0.05862960793 0.1480221192 0)
(-0.06558426842 0.1487114459 0)
(-0.07228448666 0.148206691 0)
(-0.0787023492 0.1467252324 0)
(-0.08482529291 0.1444553593 0)
(-0.09065258955 0.1415570713 0)
(-0.09619240274 0.1381637879 0)
(-0.1014594054 0.1343845975 0)
(-0.1064729072 0.1303067478 0)
(-0.1112554225 0.1259981556 0)
(-0.115831599 0.1215097777 0)
(-0.1202274322 0.1168777366 0)
(-0.1244696924 0.112125141 0)
(-0.1285855024 0.1072635742 0)
(-0.1326020105 0.1022942503 0)
(-0.1365461101 0.09720885751 0)
(-0.1404441682 0.09199012087 0)
(-0.1443217225 0.08661213077 0)
(-0.1482031194 0.08104048939 0)
(-0.1521110571 0.07523233812 0)
(-0.1560660072 0.06913633633 0)
(-0.1600854866 0.06269267394 0)
(-0.1641831569 0.05583321458 0)
(-0.1683677181 0.04848187808 0)
(-0.1726415398 0.04055537417 0)
(-0.1769990189 0.03196441889 0)
(-0.1814247995 0.02261565334 0)
(-0.1858918823 0.01241454082 0)
(-0.1903589882 0.001269197749 0)
(-0.1947666841 -0.01090516031 0)
(-0.1990376127 -0.02417909707 0)
(-0.203073357 -0.03860569717 0)
(-0.2067521499 -0.05421186692 0)
(-0.2099264771 -0.07098785717 0)
(-0.2124214127 -0.08887512 0)
(-0.2140342897 -0.1077527087 0)
(-0.214536301 -0.1274226568 0)
(-0.2136768325 -0.1475951101 0)
(-0.2111914789 -0.1678744604 0)
(-0.2068147563 -0.1877483259 0)
(-0.2002984158 -0.2065818957 0)
(-0.1914358743 -0.2236207934 0)
(-0.1800924949 -0.2380059948 0)
(-0.1662402073 -0.2488041612 0)
(-0.1499932986 -0.2550556485 0)
(-0.1316403804 -0.2558401244 0)
(-0.1116660451 -0.2503561057 0)
(-0.09075536966 -0.2380062303 0)
(-0.06977589724 -0.2184757519 0)
(-0.049734009 -0.1917891394 0)
(-0.03170536882 -0.1583298652 0)
(-0.01676594142 -0.1188121249 0)
(-0.006038945234 -0.07420791798 0)
(-0.0003980145978 -0.02567091425 0)
(-0.0001447394912 0.01641247373 0)
(-0.002170603105 0.04551173482 0)
(-0.005938912668 0.07076410249 0)
(-0.01110821192 0.09218240733 0)
(-0.01729339087 0.1099127399 0)
(-0.02419061923 0.1241933427 0)
(-0.03153369488 0.1353242956 0)
(-0.03909793335 0.1436408589 0)
(-0.04670281839 0.1494909739 0)
(-0.05420947017 0.1532177108 0)
(-0.06151604547 0.1551465346 0)
(-0.06855234071 0.1555768357 0)
(-0.07527422184 0.1547770149 0)
(-0.0816583471 0.1529823702 0)
(-0.08769746594 0.150395068 0)
(-0.0933964234 0.1471855644 0)
(-0.09876889318 0.1434949456 0)
(-0.1038347961 0.1394377618 0)
(-0.1086183232 0.1351050316 0)
(-0.1131464663 0.1305671805 0)
(-0.117447957 0.1258767537 0)
(-0.1215525213 0.1210708043 0)
(-0.1254903665 0.1161729032 0)
(-0.1292918311 0.1111947566 0)
(-0.1329871375 0.1061374369 0)
(-0.1366061992 0.1009922565 0)
(-0.1401784387 0.09574132215 0)
(-0.1437325828 0.09035782018 0)
(-0.1472964011 0.08480608813 0)
(-0.1508963582 0.07904153715 0)
(-0.154557148 0.07301049603 0)
(-0.158301082 0.06665005818 0)
(-0.1621473036 0.05988802753 0)
(-0.166110797 0.05264307474 0)
(-0.1702011342 0.0448252229 0)
(-0.1744209147 0.03633679239 0)
(-0.1787639524 0.027073995 0)
(-0.1832132948 0.01692946052 0)
(-0.1877387305 0.005795860277 0)
(-0.1922932862 -0.006429644511 0)
(-0.1968104673 -0.01983829832 0)
(-0.2012030461 -0.03450539604 0)
(-0.205359472 -0.05048338559 0)
(-0.2091405544 -0.06779073402 0)
(-0.2123763443 -0.0863988587 0)
(-0.2148640441 -0.1062170417 0)
(-0.2163675346 -0.1270755606 0)
(-0.2166194082 -0.148707605 0)
(-0.2153266629 -0.1707310615 0)
(-0.2121814352 -0.192631961 0)
(-0.2068782223 -0.2137522876 0)
(-0.1991388348 -0.2332858504 0)
(-0.1887456301 -0.2502868 0)
(-0.1755822521 -0.263695746 0)
(-0.1596790568 -0.2723877627 0)
(-0.1412578292 -0.2752442833 0)
(-0.1207678234 -0.2712466137 0)
(-0.09890367456 -0.2595827623 0)
(-0.07659647628 -0.2397526465 0)
(-0.05497154894 -0.2116516186 0)
(-0.03527006228 -0.1756106291 0)
(-0.01876449678 -0.1323747218 0)
(-0.006803949661 -0.08301952872 0)
(-0.0004563539066 -0.02885093852 0)
(-0.0001589818077 0.01754810144 0)
(-0.002363627654 0.04858536829 0)
(-0.006443688546 0.07541633524 0)
(-0.01200896914 0.09805102977 0)
(-0.01862308624 0.1166572839 0)
(-0.02594342815 0.131510247 0)
(-0.03367375264 0.1429551199 0)
(-0.04156819562 0.1513748945 0)
(-0.04943325074 0.1571637208 0)
(-0.05712381463 0.1607066916 0)
(-0.06453698873 0.1623656808 0)
(-0.07160517453 0.1624703841 0)
(-0.07828920941 0.1613135583 0)
(-0.08457206088 0.159149456 0)
(-0.09045336172 0.1561945463 0)
(-0.09594488481 0.1526297476 0)
(-0.1010669377 0.1486035514 0)
(-0.1058455885 0.1442355612 0)
(-0.1103106025 0.1396200943 0)
(-0.1144939582 0.1348296085 0)
(-0.1184288194 0.1299177958 0)
(-0.1221488512 0.1249222572 0)
(-0.1256877864 0.119866718 0)
(-0.1290791638 0.1147627823 0)
(-0.132356176 0.1096112466 0)
(-0.1355515752 0.1044030085 0)
(-0.1386975965 0.09911961866 0)
(-0.1418258631 0.09373352865 0)
(-0.1449672417 0.08820809475 0)
(-0.1481516211 0.08249740305 0)
(-0.1514075831 0.07654598594 0)
(-0.1547619363 0.0702885095 0)
(-0.158239082 0.0636495246 0)
(-0.1618601799 0.05654339182 0)
(-0.165642061 0.04887450343 0)
(-0.1695958265 0.0405379342 0)
(-0.173725124 0.0314206885 0)
(-0.1780241509 0.02140379704 0)
(-0.1824752349 0.01036553262 0)
(-0.1870457672 -0.001814245684 0)
(-0.1916840479 -0.01524783026 0)
(-0.1963174878 -0.0300328536 0)
(-0.2008493607 -0.04624821654 0)
(-0.2051544516 -0.06394279612 0)
(-0.2090744834 -0.08312181851 0)
(-0.2124141568 -0.1037306845 0)
(-0.2149383284 -0.125636225 0)
(-0.2163712266 -0.148605654 0)
(-0.2163990006 -0.1722839869 0)
(-0.2146772955 -0.1961714746 0)
(-0.2108458759 -0.219603705 0)
(-0.2045523892 -0.2417384255 0)
(-0.1954869289 -0.2615546389 0)
(-0.1834278237 -0.2778707074 0)
(-0.1682967844 -0.2893883482 0)
(-0.1502181847 -0.2947676031 0)
(-0.129573324 -0.2927332548 0)
(-0.107037314 -0.2822055167 0)
(-0.08358549961 -0.2624381988 0)
(-0.06045783096 -0.2331386496 0)
(-0.0390738597 -0.1945387818 0)
(-0.0209310439 -0.1473884285 0)
(-0.007646106555 -0.09286367766 0)
(-0.0005228275464 -0.03243769466 0)
(-0.0001760584214 0.01878904923 0)
(-0.002589106372 0.05192748124 0)
(-0.007027824352 0.08044696434 0)
(-0.01304174668 0.1043550617 0)
(-0.02013228391 0.1238475983 0)
(-0.02791073583 0.1392458773 0)
(-0.03604637061 0.1509503762 0)
(-0.04427019817 0.1594014244 0)
(-0.05237572365 0.1650475855 0)
(-0.06021293754 0.1683224222 0)
(-0.06767995949 0.1696289008 0)
(-0.0747141916 0.16933014 0)
(-0.0812838573 0.1677450943 0)
(-0.08738047801 0.1651478467 0)
(-0.09301254365 0.1617693609 0)
(-0.09820041872 0.1578007618 0)
(-0.102972398 0.1533974266 0)
(-0.1073617618 0.1486833608 0)
(-0.1114046568 0.1437554925 0)
(-0.1151386322 0.1386876464 0)
(-0.1186016761 0.1335340563 0)
(-0.1218316215 0.1283323478 0)
(-0.1248658156 0.1231059711 0)
(-0.1277409655 0.1178660989 0)
(-0.1304930973 0.1126130265 0)
(-0.1331575755 0.1073371209 0)
(-0.1357691436 0.1020193745 0)
(-0.1383619509 0.09663162239 0)
(-0.1409695389 0.0911364882 0)
(-0.143624761 0.08548712215 0)
(-0.1463596093 0.07962680274 0)
(-0.1492049189 0.07348847685 0)
(-0.1521899178 0.06699432654 0)
(-0.1553415881 0.06005546816 0)
(-0.1586837889 0.05257190682 0)
(-0.1622360771 0.04443287999 0)
(-0.16601218 0.03551774444 0)
(-0.1700181118 0.02569762231 0)
(-0.1742498398 0.01483808477 0)
(-0.1786902832 0.002803080335 0)
(-0.1833061902 -0.01053968421 0)
(-0.1880427038 -0.025310195 0)
(-0.1928222348 -0.04161349939 0)
(-0.1975391054 -0.05952989064 0)
(-0.2020535932 -0.07910105842 0)
(-0.2061861544 -0.1003133474 0)
(-0.2097121435 -0.1230777176 0)
(-0.2123578599 -0.1472062794 0)
(-0.2137992425 -0.1723857055 0)
(-0.2136651252 -0.1981485887 0)
(-0.2115475765 -0.2238450435 0)
(-0.2070223163 -0.2486186085 0)
(-0.1996822152 -0.2713926972 0)
(-0.1891860071 -0.2908760822 0)
(-0.175322081 -0.3055973481 0)
(-0.1580832276 -0.3139775949 0)
(-0.1377427487 -0.3144463836 0)
(-0.1149167671 -0.305596911 0)
(-0.09059428469 -0.286363225 0)
(-0.06611613205 -0.2561880024 0)
(-0.04308804398 -0.2151387308 0)
(-0.02326149546 -0.1639284969 0)
(-0.008568514902 -0.1038219032 0)
(-0.0005985493976 -0.03647294826 0)
(-0.0001968223726 0.02015376149 0)
(-0.002855424238 0.05558135575 0)
(-0.007710381885 0.08591081174 0)
(-0.01423582108 0.11114848 0)
(-0.02185702151 0.1315271227 0)
(-0.03013033958 0.1474267274 0)
(-0.03868563324 0.1593163112 0)
(-0.04722914818 0.1677056683 0)
(-0.05554218125 0.1731077704 0)
(-0.06347211903 0.1760121962 0)
(-0.07092117793 0.1768682252 0)
(-0.07783507125 0.1760756459 0)
(-0.08419259618 0.1739813189 0)
(-0.08999669125 0.1708797511 0)
(-0.0952671514 0.1670162449 0)
(-0.1000349466 0.1625915167 0)
(-0.1043379618 0.1577669695 0)
(-0.1082179254 0.1526700561 0)
(-0.1117182849 0.1473993623 0)
(-0.114882811 0.142029188 0)
(-0.117754743 0.1366135123 0)
(-0.1203763203 0.1311892994 0)
(-0.1227885842 0.1257791555 0)
(-0.1250313548 0.1203933726 0)
(-0.1271433193 0.1150314156 0)
(-0.1291621802 0.1096829137 0)
(-0.1311248251 0.1043282199 0)
(-0.1330674875 0.09893860477 0)
(-0.1350258737 0.09347615263 0)
(-0.1370352347 0.08789342786 0)
(-0.1391303635 0.08213297787 0)
(-0.1413454895 0.07612674414 0)
(-0.1437140387 0.06979546227 0)
(-0.1462682225 0.06304815022 0)
(-0.1490384078 0.05578180424 0)
(-0.1520522091 0.04788143483 0)
(-0.1553332401 0.03922058827 0)
(-0.1588994774 0.02966253708 0)
(-0.1627611102 0.01906237723 0)
(-0.1669176544 0.007270303267 0)
(-0.1713553475 -0.005863615522 0)
(-0.1760413232 -0.02048128837 0)
(-0.1809203785 -0.03671251062 0)
(-0.1859114088 -0.05466859442 0)
(-0.1908997978 -0.07442880862 0)
(-0.1957300636 -0.09602367758 0)
(-0.2001982192 -0.1194144104 0)
(-0.204044536 -0.1444678635 0)
(-0.2069479213 -0.1709267404 0)
(-0.208523864 -0.1983753722 0)
(-0.2083288146 -0.2262026458 0)
(-0.2058748063 -0.2535656434 0)
(-0.2006587727 -0.2793604039 0)
(-0.1922108418 -0.3022096779 0)
(-0.1801641035 -0.3204808048 0)
(-0.1643441254 -0.3323482374 0)
(-0.1448695646 -0.3359123718 0)
(-0.1222467071 -0.3293768212 0)
(-0.09743356168 -0.3112693867 0)
(-0.07184491142 -0.2806705392 0)
(-0.04727199947 -0.2373935667 0)
(-0.02574802268 -0.1820516167 0)
(-0.009574038188 -0.1159723119 0)
(-0.000684845798 -0.04100049368 0)
(-0.000222458389 0.0216656322 0)
(-0.003173818698 0.05960085711 0)
(-0.008516362713 0.09187445815 0)
(-0.01562870257 0.1184944538 0)
(-0.02384215934 0.1397435139 0)
(-0.03264750545 0.1560774767 0)
(-0.04162998164 0.1680513466 0)
(-0.05047014899 0.1762597285 0)
(-0.05893913366 0.1812921413 0)
(-0.06688545244 0.1837029212 0)
(-0.07421986859 0.1839933507 0)
(-0.08090090494 0.1826031129 0)
(-0.08692207968 0.1799083681 0)
(-0.09230134633 0.1762241818 0)
(-0.09707279015 0.1718095379 0)
(-0.1012803768 0.1668736435 0)
(-0.1049734362 0.1615826295 0)
(-0.1082035385 0.1560660613 0)
(-0.1110224412 0.1504229094 0)
(-0.1134808295 0.1447267915 0)
(-0.1156276279 0.1390304138 0)
(-0.1175097056 0.1333692098 0)
(-0.1191718461 0.1277642179 0)
(-0.1206568845 0.1222242675 0)
(-0.1220059457 0.1167475493 0)
(-0.1232587376 0.1113226472 0)
(-0.1244538643 0.1059291052 0)
(-0.1256291299 0.1005376009 0)
(-0.1268218131 0.0951098028 0)
(-0.1280688987 0.08959797931 0)
(-0.1294072538 0.08394442385 0)
(-0.130873726 0.07808075958 0)
(-0.1325051319 0.0719271956 0)
(-0.1343380969 0.0653918265 0)
(-0.1364087006 0.05837009055 0)
(-0.1387518734 0.05074451255 0)
(-0.1414004836 0.04238486814 0)
(-0.1443840468 0.03314892936 0)
(-0.1477268989 0.02288398616 0)
(-0.151445558 0.01142937245 0)
(-0.1555460545 -0.001379642716 0)
(-0.1600204071 -0.01570476078 0)
(-0.1648384186 -0.03169853581 0)
(-0.1699476209 -0.04950141152 0)
(-0.1752642303 -0.06922957661 0)
(-0.1806645305 -0.09095894203 0)
(-0.1859752258 -0.1147049347 0)
(-0.1909631176 -0.1403969942 0)
(-0.1953250576 -0.1678467952 0)
(-0.1986799545 -0.1967096059 0)
(-0.2005657764 -0.2264392124 0)
(-0.2004459115 -0.2562388728 0)
(-0.1977306759 -0.2850140681 0)
(-0.1918206428 -0.3113374841 0)
(-0.1821777779 -0.3334421404 0)
(-0.1684266605 -0.3492630705 0)
(-0.1504801998 -0.3565481347 0)
(-0.1286725668 -0.3530502495 0)
(-0.1038694565 -0.3367934545 0)
(-0.0775150196 -0.3063751433 0)
(-0.05157215979 -0.2612338384 0)
(-0.02837916887 -0.2017897288 0)
(-0.01066569012 -0.1293875583 0)
(-0.0007833552517 -0.04606621702 0)
(-0.0002546556501 0.02335476394 0)
(-0.003559573953 0.06405376441 0)
(-0.009478883392 0.0984193008 0)
(-0.01726870878 0.1264668226 0)
(-0.02614350261 0.1485479645 0)
(-0.03551587094 0.1652181762 0)
(-0.04492136567 0.1771415234 0)
(-0.05401533843 0.1850168395 0)
(-0.06256274871 0.1895248307 0)
(-0.07041902311 0.1912945426 0)
(-0.07750976204 0.1908852413 0)
(-0.08381230715 0.1887794466 0)
(-0.08934020438 0.1853834247 0)
(-0.09413086112 0.1810322305 0)
(-0.09823621586 0.1759971656 0)
(-0.1017159935 0.1704941825 0)
(-0.104633045 0.1646922834 0)
(-0.1070502896 0.1587213462 0)
(-0.109028842 0.1526790719 0)
(-0.1106269828 0.1466369299 0)
(-0.1118997121 0.1406450871 0)
(-0.1128986878 0.1347363742 0)
(-0.1136724108 0.1289293724 0)
(-0.1142665537 0.1232307267 0)
(-0.1147243741 0.1176367897 0)
(-0.1150871715 0.1121346893 0)
(-0.1153947591 0.1067028979 0)
(-0.115685919 0.1013113872 0)
(-0.115998828 0.09592145224 0)
(-0.1163714508 0.09048528038 0)
(-0.1168418979 0.08494532099 0)
(-0.1174487337 0.07923351134 0)
(-0.1182312051 0.07327041444 0)
(-0.1192293437 0.06696435574 0)
(-0.1204839008 0.06021067314 0)
(-0.1220360693 0.05289119681 0)
(-0.1239269381 0.04487407913 0)
(-0.1261966095 0.03601411574 0)
(-0.1288828207 0.0261537195 0)
(-0.1320187147 0.0151247106 0)
(-0.1356299064 0.002751245572 0)
(-0.1397337824 -0.01114476634 0)
(-0.144327695 -0.02673607035 0)
(-0.1493902957 -0.04418886253 0)
(-0.1548730562 -0.06365373001 0)
(-0.1606904588 -0.08525086562 0)
(-0.1667089526 -0.1090511658 0)
(-0.1727340651 -0.1350515402 0)
(-0.1784962668 -0.163142772 0)
(-0.1836369348 -0.1930682699 0)
(-0.1876970938 -0.2243726547 0)
(-0.1901134239 -0.2563408958 0)
(-0.1902282339 -0.2879321027 0)
(-0.1873223469 -0.3177176192 0)
(-0.1806809539 -0.3438409078 0)
(-0.1697003883 -0.3640252708 0)
(-0.1540361393 -0.3756607622 0)
(-0.1337780689 -0.3759974276 0)
(-0.1096196133 -0.3624515192 0)
(-0.08296693098 -0.3329921649 0)
(-0.05592129398 -0.2865247868 0)
(-0.03114054342 -0.2231431686 0)
(-0.01184745094 -0.1441329844 0)
(-0.0008961977467 -0.0517184726 0)
(-0.0002958639547 0.02526050615 0)
(-0.004033779136 0.06902631597 0)
(-0.01064222068 0.1056453824 0)
(-0.0192182817 0.1351514312 0)
(-0.02883010876 0.1579934235 0)
(-0.03879769569 0.1748595964 0)
(-0.04860280532 0.1865536873 0)
(-0.05787853954 0.1939032352 0)
(-0.0663906918 0.1976975627 0)
(-0.07401024539 0.1986514416 0)
(-0.08068634691 0.1973880351 0)
(-0.08642303759 0.1944349375 0)
(-0.0912605482 0.1902283422 0)
(-0.09526109003 0.1851216844 0)
(-0.09849858685 0.1793962501 0)
(-0.1010516032 0.1732721495 0)
(-0.1029987264 0.1669187024 0)
(-0.1044157514 0.1604637358 0)
(-0.1053741391 0.1540015824 0)
(-0.1059403414 0.1475997481 0)
(-0.1061756922 0.1413043215 0)
(-0.1061366555 0.1351442451 0)
(-0.1058752802 0.1291345829 0)
(-0.105439761 0.1232789336 0)
(-0.1048750513 0.1175711312 0)
(-0.1042235063 0.1119963377 0)
(-0.1035255297 0.1065316059 0)
(-0.1028201906 0.101146006 0)
(-0.1021457988 0.09580042059 0)
(-0.101540455 0.09044708761 0)
(-0.1010425868 0.08502894144 0)
(-0.1006914674 0.07947879106 0)
(-0.1005276862 0.07371836475 0)
(-0.100593516 0.06765730765 0)
(-0.1009331348 0.0611922605 0)
(-0.1015926784 0.05420611948 0)
(-0.1026200757 0.04656757179 0)
(-0.1040646041 0.03813102611 0)
(-0.1059760305 0.02873707752 0)
(-0.1084029428 0.01821362189 0)
(-0.1113899926 0.006377813364 0)
(-0.1149775462 -0.006960242636 0)
(-0.1191930745 -0.02198997561 0)
(-0.1240469505 -0.03889893211 0)
(-0.1295286326 -0.05786779735 0)
(-0.1355953922 -0.07905754429 0)
(-0.142160679 -0.10259273 0)
(-0.1490794942 -0.1285389336 0)
(-0.1561309564 -0.1568721051 0)
(-0.1629987528 -0.1874370893 0)
(-0.1692515214 -0.2198925388 0)
(-0.1743272277 -0.2536406439 0)
(-0.1775283847 -0.2877430393 0)
(-0.1780386869 -0.3208299195 0)
(-0.1749751942 -0.3510192007 0)
(-0.1674910038 -0.375875801 0)
(-0.1549378874 -0.3924537144 0)
(-0.1370831068 -0.3974675195 0)
(-0.1143487723 -0.387623597 0)
(-0.08800752275 -0.360095206 0)
(-0.06023802743 -0.3130516891 0)
(-0.03401623304 -0.2460730071 0)
(-0.0131256829 -0.1602651794 0)
(-0.001026252347 -0.0580090719 0)
(-0.0003497393352 0.02743516732 0)
(-0.004625990349 0.07462943096 0)
(-0.01206604205 0.1136760509 0)
(-0.02155810339 0.1446468517 0)
(-0.03198637268 0.1681308292 0)
(-0.04256252088 0.1849956467 0)
(-0.05271293587 0.1962253151 0)
(-0.0620556218 0.2028066632 0)
(-0.07036866416 0.2056579329 0)
(-0.07755118236 0.205591265 0)
(-0.0835876731 0.2032989266 0)
(-0.08851899125 0.1993544717 0)
(-0.09242019615 0.1942222948 0)
(-0.09538455379 0.1882711164 0)
(-0.09751257605 0.1817885738 0)
(-0.09890491988 0.1749952731 0)
(-0.09965809993 0.1680574419 0)
(-0.09986216528 0.1610978299 0)
(-0.09959969412 0.1542047969 0)
(-0.09894563114 0.1474396888 0)
(-0.09796763681 0.1408426901 0)
(-0.09672673535 0.1344373568 0)
(-0.0952781096 0.1282340136 0)
(-0.09367193465 0.122232222 0)
(-0.09195421659 0.1164225118 0)
(-0.09016764445 0.1107874876 0)
(-0.08835243496 0.1053023669 0)
(-0.08654711947 0.09993505736 0)
(-0.08478926358 0.09464591799 0)
(-0.08311616264 0.08938728934 0)
(-0.08156554408 0.08410283423 0)
(-0.08017628644 0.0787267072 0)
(-0.07898912952 0.07318252508 0)
(-0.07804729853 0.06738224036 0)
(-0.07739699411 0.06122509269 0)
(-0.07708776261 0.05459670279 0)
(-0.07717271013 0.04736836742 0)
(-0.07770849513 0.0393966489 0)
(-0.07875499909 0.03052338099 0)
(-0.08037431454 0.02057618106 0)
(-0.08262849966 0.009369506789 0)
(-0.08557869821 -0.003293275952 0)
(-0.08928196482 -0.01761339597 0)
(-0.09377991589 -0.03379474288 0)
(-0.09910078732 -0.05204226989 0)
(-0.1052470336 -0.072551986 0)
(-0.1121839299 -0.09549720101 0)
(-0.1198242638 -0.121009279 0)
(-0.1280087973 -0.1491503533 0)
(-0.1364823613 -0.1798743461 0)
(-0.1448667394 -0.2129716849 0)
(-0.1526333673 -0.2479935937 0)
(-0.1590817868 -0.2841537067 0)
(-0.1633348195 -0.3202092928 0)
(-0.1643678249 -0.354335064 0)
(-0.1610943204 -0.3840202301 0)
(-0.1525295173 -0.406040921 0)
(-0.1380406211 -0.4165771334 0)
(-0.1176623558 -0.4115389852 0)
(-0.09240518804 -0.3871206546 0)
(-0.06442600639 -0.3405024371 0)
(-0.03699105958 -0.2704923253 0)
(-0.01451155865 -0.1778313632 0)
(-0.001177666304 -0.06499532986 0)
(-0.000421864514 0.02994955132 0)
(-0.005378263654 0.08100722304 0)
(-0.01383125466 0.1226633294 0)
(-0.02439189049 0.155063528 0)
(-0.03571293503 0.17900183 0)
(-0.04688242408 0.1955911491 0)
(-0.05727500915 0.2060493766 0)
(-0.06650754598 0.2115602276 0)
(-0.07438833554 0.2131936812 0)
(-0.08086245899 0.2118705836 0)
(-0.08596538119 0.208355743 0)
(-0.0897874028 0.2032672459 0)
(-0.09244804357 0.1970936444 0)
(-0.09407861038 0.190213794 0)
(-0.09481102628 0.182916353 0)
(-0.09477118172 0.1754174244 0)
(-0.09407539835 0.1678757164 0)
(-0.09282893881 0.1604051186 0)
(-0.09112580299 0.1530848629 0)
(-0.089049276 0.1459675417 0)
(-0.08667287608 0.1390853278 0)
(-0.08406151068 0.1324546997 0)
(-0.08127269343 0.1260798882 0)
(-0.07835769603 0.1199553248 0)
(-0.07536263006 0.1140673709 0)
(-0.07232952633 0.1083954313 0)
(-0.06929740531 0.1029124409 0)
(-0.06630325017 0.09758484712 0)
(-0.06338285798 0.09237232923 0)
(-0.06057166651 0.08722732173 0)
(-0.05790560259 0.0820943798 0)
(-0.05542196181 0.07690939712 0)
(-0.05316034296 0.07159850724 0)
(-0.05116353704 0.06607682898 0)
(-0.04947824573 0.0602473499 0)
(-0.04815574159 0.05399991486 0)
(-0.0472524413 0.04721033951 0)
(-0.04683031608 0.0397397197 0)
(-0.04695706431 0.03143403917 0)
(-0.0477057782 0.02212415669 0)
(-0.04915346095 0.01162612847 0)
(-0.0513793871 -0.0002580200538 0)
(-0.05446726721 -0.0137358112 0)
(-0.05848856999 -0.02902182509 0)
(-0.06350895439 -0.04633825024 0)
(-0.06957609173 -0.06590851286 0)
(-0.07670909511 -0.08794695426 0)
(-0.08488371603 -0.1126437965 0)
(-0.09401211785 -0.1401428787 0)
(-0.103916239 -0.1705079165 0)
(-0.1142950429 -0.2036709284 0)
(-0.1246870427 -0.2393563122 0)
(-0.1344318017 -0.2769744195 0)
(-0.1426401525 -0.3154800806 0)
(-0.1481919166 -0.3532013149 0)
(-0.1497894027 -0.3876642041 0)
(-0.1461017416 -0.4154699795 0)
(-0.136030219 -0.4323149654 0)
(-0.119095472 -0.4332626383 0)
(-0.0958809451 -0.4133438654 0)
(-0.0683714745 -0.3684457018 0)
(-0.0400536162 -0.2962554098 0)
(-0.01602487055 -0.1968698828 0)
(-0.001356690616 -0.0727438921 0)
(-0.0005210244827 0.03290135981 0)
(-0.00635139169 0.08834857272 0)
(-0.016047907 0.1327934258 0)
(-0.0278512009 0.1665194757 0)
(-0.04012431417 0.1906254108 0)
(-0.0518204287 0.2065623001 0)
(-0.06227590088 0.2158519166 0)
(-0.07113103646 0.2199198152 0)
(-0.07825137737 0.220011831 0)
(-0.08365253013 0.2171668169 0)
(-0.08744098571 0.2122221218 0)
(-0.08977169809 0.2058352597 0)
(-0.09081949411 0.1985115674 0)
(-0.09076100556 0.1906321335 0)
(-0.0897641124 0.1824791604 0)
(-0.08798247126 0.1742576451 0)
(-0.08555331626 0.1661131852 0)
(-0.08259724709 0.158146209 0)
(-0.07921916012 0.150423106 0)
(-0.07550974418 0.1429847447 0)
(-0.0715471806 0.1358529331 0)
(-0.06739892371 0.1290352425 0)
(-0.06312343876 0.1225283862 0)
(-0.05877172262 0.116320527 0)
(-0.05438863129 0.1103929589 0)
(-0.05001417834 0.1047212442 0)
(-0.04568484875 0.09927560869 0)
(-0.04143480465 0.09402074898 0)
(-0.03729684927 0.08891551104 0)
(-0.03330338462 0.08391239709 0)
(-0.02948740469 0.07895697053 0)
(-0.02588337286 0.07398719416 0)
(-0.02252830811 0.06893223703 0)
(-0.01946308992 0.06371108206 0)
(-0.01673331756 0.05823143961 0)
(-0.01439021483 0.05238868158 0)
(-0.01249152398 0.0460648269 0)
(-0.01110229547 0.03912763725 0)
(-0.01029551271 0.03142990306 0)
(-0.01015238618 0.02280899337 0)
(-0.01076173214 0.01308661371 0)
(-0.01221808746 0.002068674253 0)
(-0.01462651917 -0.01045271682 0)
(-0.01808651102 -0.02469662854 0)
(-0.02269768472 -0.04089475679 0)
(-0.02855068088 -0.05928894252 0)
(-0.03571760105 -0.08012456446 0)
(-0.04423897527 -0.1036402385 0)
(-0.0541041506 -0.1300517262 0)
(-0.06522356011 -0.1595257876 0)
(-0.07739330529 -0.1921361351 0)
(-0.0902507532 -0.2277931697 0)
(-0.1032208893 -0.2661380559 0)
(-0.1154608542 -0.3063881155 0)
(-0.1258202731 -0.3471273481 0)
(-0.1328477412 -0.3860569079 0)
(-0.1348907628 -0.4197555719 0)
(-0.1303453457 -0.4435542631 0)
(-0.1180933357 -0.4516829878 0)
(-0.09809142622 -0.4378501142 0)
(-0.07193639659 -0.396301502 0)
(-0.04319941473 -0.3231428207 0)
(-0.01770001523 -0.2174120088 0)
(-0.001573199721 -0.08133744622 0)
(-0.0006614201836 0.03642819407 0)
(-0.007634547454 0.09690260732 0)
(-0.01886542643 0.1442908126 0)
(-0.03209835937 0.179128993 0)
(-0.04533889046 0.2029740953 0)
(-0.0574056376 0.2177457418 0)
(-0.0676273524 0.2253591333 0)
(-0.07570849311 0.2275329415 0)
(-0.08161119038 0.2257115524 0)
(-0.08545431177 0.221056147 0)
(-0.08744011556 0.2144706833 0)
(-0.08780554813 0.2066414623 0)
(-0.086792027 0.1980786412 0)
(-0.08462819939 0.189154095 0)
(-0.08152128925 0.1801334906 0)
(-0.07765383584 0.171202283 0)
(-0.07318360842 0.1624861238 0)
(-0.06824522484 0.154066565 0)
(-0.06295261415 0.1459929444 0)
(-0.05740173532 0.1382911472 0)
(-0.05167317961 0.1309701052 0)
(-0.04583466887 0.1240266198 0)
(-0.03994341916 0.1174485105 0)
(-0.03404811816 0.1112165907 0)
(-0.02819051712 0.1053062456 0)
(-0.02240682347 0.09968862829 0)
(-0.01672916198 0.09433089671 0)
(-0.01118723509 0.08919574041 0)
(-0.005809334752 0.08424108385 0)
(-0.0006234868443 0.07941952743 0)
(0.004341128763 0.0746775578 0)
(0.009054084056 0.06995533584 0)
(0.01348283015 0.0651856152 0)
(0.017589972 0.06029192507 0)
(0.02133266561 0.05518760029 0)
(0.02466154258 0.04977470343 0)
(0.02751956213 0.0439429316 0)
(0.02984090227 0.03756856898 0)
(0.03154994909 0.03051354178 0)
(0.03256047274 0.02262463001 0)
(0.0327754472 0.01373279017 0)
(0.03208842189 0.003652398688 0)
(0.03037879977 -0.007818843077 0)
(0.02752256114 -0.02089793751 0)
(0.02339084717 -0.03581832402 0)
(0.01785422388 -0.05283050655 0)
(0.01079100289 -0.07219925592 0)
(0.002097114162 -0.09419821785 0)
(-0.008295570151 -0.119100603 0)
(-0.02039130616 -0.1471623244 0)
(-0.03409695589 -0.1785885284 0)
(-0.04917574679 -0.2134746624 0)
(-0.06518124896 -0.2517108565 0)
(-0.08137907826 -0.2928272874 0)
(-0.0966694919 -0.3357609941 0)
(-0.1095351053 -0.3785413439 0)
(-0.1180698254 -0.4179243681 0)
(-0.1201700678 -0.4490756861 0)
(-0.1139773002 -0.4655023732 0)
(-0.09859684229 -0.459497921 0)
(-0.07494185594 -0.4232989955 0)
(-0.04643240891 -0.3508378815 0)
(-0.01959490727 -0.239484452 0)
(-0.001843302907 -0.09088610074 0)
(-0.0008666861901 0.04072803252 0)
(-0.009360243083 0.1069986644 0)
(-0.02248459909 0.1574171292 0)
(-0.03732270714 0.1929778053 0)
(-0.05145230591 0.2159325849 0)
(-0.06358316185 0.2288501697 0)
(-0.07309595822 0.2341496837 0)
(-0.07982335655 0.2338966461 0)
(-0.08387917181 0.2297500281 0)
(-0.08552725007 0.2229879786 0)
(-0.08509434232 0.2145656612 0)
(-0.08291744062 0.2051796062 0)
(-0.07931462489 0.1953267774 0)
(-0.07457104134 0.1853540467 0)
(-0.0689340348 0.1754974954 0)
(-0.0626134836 0.1659126772 0)
(-0.05578480459 0.1566972795 0)
(-0.04859303744 0.147907895 0)
(-0.0411572608 0.1395723064 0)
(-0.03357485133 0.1316980756 0)
(-0.02592514433 0.1242787846 0)
(-0.01827260865 0.1172987286 0)
(-0.01066984227 0.1107356315 0)
(-0.003160251406 0.1045620938 0)
(0.004219685253 0.09874668491 0)
(0.01143958468 0.09325542018 0)
(0.01847440672 0.08805227514 0)
(0.02530103501 0.08309791665 0)
(0.0318976683 0.07834948543 0)
(0.03824272414 0.07376006476 0)
(0.04431354688 0.06927785515 0)
(0.0500853444 0.06484542294 0)
(0.05553006364 0.06039887569 0)
(0.06061487753 0.05586668178 0)
(0.06530099805 0.05116848905 0)
(0.06954238782 0.04621397087 0)
(0.07328439636 0.04090168261 0)
(0.07646239686 0.03511794121 0)
(0.07900046615 0.02873574598 0)
(0.0808101415 0.02161376335 0)
(0.08178957123 0.0135953345 0)
(0.08182408575 0.004507274608 0)
(0.08078204138 -0.005841488959 0)
(0.07852053122 -0.01765925463 0)
(0.07488684623 -0.03117352635 0)
(0.0697188221 -0.04663353984 0)
(0.0628515222 -0.06431106387 0)
(0.05412514649 -0.08450025111 0)
(0.04339895921 -0.1075148263 0)
(0.03057318741 -0.133679291 0)
(0.01562098855 -0.1633088956 0)
(-0.00136700718 -0.1966681389 0)
(-0.02010847154 -0.2338945186 0)
(-0.04003615204 -0.2748584692 0)
(-0.06019076614 -0.318927628 0)
(-0.079102946 -0.3646100355 0)
(-0.09473052579 -0.4090731864 0)
(-0.104541202 -0.4476049504 0)
(-0.1058889116 -0.4732333962 0)
(-0.09680309972 -0.4768724546 0)
(-0.07713142807 -0.4484132068 0)
(-0.04976017692 -0.3788862617 0)
(-0.02180391824 -0.2631104635 0)
(-0.002194138221 -0.1015462289 0)
(-0.001177152867 0.04609191933 0)
(-0.0117270307 0.119070035 0)
(-0.0271680452 0.1724565887 0)
(-0.04371892961 0.208072632 0)
(-0.05847628962 0.2292273202 0)
(-0.07011687769 0.2393818361 0)
(-0.07817870612 0.2415871418 0)
(-0.08271861119 0.2383026212 0)
(-0.08407543933 0.2314020577 0)
(-0.08270769948 0.2222584666 0)
(-0.07909668263 0.2118486335 0)
(-0.0736950231 0.2008500392 0)
(-0.0669032503 0.1897209372 0)
(-0.0590625819 0.1787624813 0)
(-0.05045640018 0.1681650757 0)
(-0.04131590782 0.1580423113 0)
(-0.03182736779 0.1484550765 0)
(-0.02213932573 0.1394286455 0)
(-0.01236924863 0.130964799 0)
(-0.002609692811 0.123049634 0)
(0.007066481556 0.1156589149 0)
(0.01660286116 0.1087626608 0)
(0.02595660667 0.1023277582 0)
(0.03509397102 0.09631835588 0)
(0.04398862708 0.09069677845 0)
(0.05261980006 0.08542407729 0)
(0.06097070838 0.08046029177 0)
(0.06902679332 0.07576400035 0)
(0.07677455717 0.07129171868 0)
(0.08420034123 0.06699716988 0)
(0.09128902393 0.06283043679 0)
(0.09802276666 0.05873712891 0)
(0.1043797905 0.05465754517 0)
(0.1103330994 0.05052567482 0)
(0.1158491894 0.04626809216 0)
(0.1208866564 0.04180282188 0)
(0.1253947092 0.03703820525 0)
(0.1293116399 0.03187177145 0)
(0.1325632795 0.02618910663 0)
(0.1350614473 0.01986271359 0)
(0.1367025848 0.01275081907 0)
(0.137367518 0.004695901789 0)
(0.1369176969 -0.004477329649 0)
(0.1351974048 -0.01496269165 0)
(0.1320359644 -0.02697481861 0)
(0.1272455157 -0.04075261756 0)
(0.120625535 -0.05656286023 0)
(0.1119677025 -0.07470393192 0)
(0.1010653217 -0.09550898668 0)
(0.08772965563 -0.1193464011 0)
(0.07181658237 -0.1466136202 0)
(0.05326864693 -0.1777163732 0)
(0.03218190559 -0.2130160063 0)
(0.008901654005 -0.2527181085 0)
(-0.01584522924 -0.2966639279 0)
(-0.04076686047 -0.3439646114 0)
(-0.06385159613 -0.3924429088 0)
(-0.08229199423 -0.4378726255 0)
(-0.09270279069 -0.4732090538 0)
(-0.0918615638 -0.4882291287 0)
(-0.07809598532 -0.4702690477 0)
(-0.05317193624 -0.4066225185 0)
(-0.02447476282 -0.2883023552 0)
(-0.002672292706 -0.113550311 0)
(-0.001663016153 0.05295654951 0)
(-0.01503215547 0.1336767702 0)
(-0.03323833163 0.1896700736 0)
(-0.05142173426 0.2242436254 0)
(-0.06620692455 0.2423090378 0)
(-0.07640486366 0.2485326707 0)
(-0.0818847731 0.2467280169 0)
(-0.08306325878 0.239770343 0)
(-0.08059468896 0.2297178844 0)
(-0.07518469925 0.21798983 0)
(-0.06749410646 0.2055351614 0)
(-0.0580981932 0.1929695533 0)
(-0.04747618801 0.1806785716 0)
(-0.0360158001 0.168892111 0)
(-0.02402427014 0.1577363614 0)
(-0.01174119555 0.1472698791 0)
(0.0006487871201 0.1375076514 0)
(0.0130047357 0.1284372717 0)
(0.02522126188 0.12003049 0)
(0.03722046013 0.1122499379 0)
(0.04894514521 0.1050530199 0)
(0.06035439575 0.09839501058 0)
(0.07141971442 0.09223102188 0)
(0.08212171849 0.08651663325 0)
(0.09244779518 0.08120800945 0)
(0.1023899843 0.07626186677 0)
(0.1119432529 0.07163534731 0)
(0.121104064 0.06728557374 0)
(0.1298691677 0.06316895245 0)
(0.1382343914 0.05924035566 0)
(0.1461934032 0.05545226064 0)
(0.1537364885 0.05175389841 0)
(0.1608493452 0.0480904053 0)
(0.1675118578 0.0444018972 0)
(0.173696806 0.04062246223 0)
(0.17936846 0.03667910899 0)
(0.1844810601 0.03249070144 0)
(0.1889772093 0.02796688121 0)
(0.1927861983 0.02300695982 0)
(0.1958222546 0.01749875228 0)
(0.1979828181 0.01131730273 0)
(0.1991476289 0.004323299658 0)
(0.1991751003 -0.003639203754 0)
(0.1979024813 -0.01274470161 0)
(0.1951471275 -0.02318878673 0)
(0.1907029278 -0.03519194327 0)
(0.1843423929 -0.04900500549 0)
(0.1758184142 -0.06491582059 0)
(0.164869183 -0.0832571469 0)
(0.1512284112 -0.1044149794 0)
(0.1346441878 -0.128835048 0)
(0.1149119417 -0.1570214794 0)
(0.09193073697 -0.1895139072 0)
(0.06579488139 -0.2268176413 0)
(0.03693652352 -0.2692421721 0)
(0.0063290107 -0.3165763084 0)
(-0.02425418761 -0.367510478 0)
(-0.05197518922 -0.4187069966 0)
(-0.07289884589 -0.4636225446 0)
(-0.08250291217 -0.4914344496 0)
(-0.07712594655 -0.486998309 0)
(-0.05657372319 -0.4330357052 0)
(-0.02782559093 -0.3150294088 0)
(-0.003358055077 -0.127252142 0)
(-0.002447985959 0.06198964835 0)
(-0.01971196854 0.1515125051 0)
(-0.04103264247 0.209181014 0)
(-0.06033900702 0.2409621301 0)
(-0.07395086387 0.2541622298 0)
(-0.0811351158 0.2550190115 0)
(-0.08235882503 0.2482052149 0)
(-0.0785740831 0.236976302 0)
(-0.07084795222 0.2234921275 0)
(-0.06017479513 0.2091305398 0)
(-0.04740199648 0.1947379127 0)
(-0.03321514113 0.1808103976 0)
(-0.01815068828 0.1676188352 0)
(-0.002617981182 0.1552925921 0)
(0.01307606449 0.1438739308 0)
(0.02870572088 0.133353616 0)
(0.04410882476 0.1236935886 0)
(0.05917049467 0.1148401572 0)
(0.07381200331 0.1067328107 0)
(0.08798149824 0.09930944581 0)
(0.101647005 0.09250903916 0)
(0.1147911199 0.08627306461 0)
(0.127406893 0.08054631082 0)
(0.139494741 0.07527693873 0)
(0.1510600484 0.07041606835 0)
(0.1621111607 0.0659172662 0)
(0.172657781 0.06173602367 0)
(0.1827096969 0.05782910948 0)
(0.1922756817 0.05415378102 0)
(0.201362424 0.05066692693 0)
(0.2099734478 0.04732420326 0)
(0.2181080227 0.04407918671 0)
(0.2257600609 0.04088253838 0)
(0.2329169717 0.03768113865 0)
(0.2395584342 0.03441717914 0)
(0.2456550493 0.03102722209 0)
(0.2511668624 0.02744124288 0)
(0.2560417626 0.02358165133 0)
(0.2602137693 0.01936227019 0)
(0.2636011883 0.01468723048 0)
(0.2661046798 0.009449727953 0)
(0.2676058663 0.003530464633 0)
(0.2679636611 -0.003204624896 0)
(0.2670134895 -0.01090698421 0)
(0.2645667041 -0.01974806911 0)
(0.2604065268 -0.02992313257 0)
(0.2542877683 -0.04165761285 0)
(0.2459357344 -0.05521556368 0)
(0.235046831 -0.07091076305 0)
(0.2212924698 -0.08912086971 0)
(0.2043289358 -0.1103041097 0)
(0.1838181777 -0.1350153471 0)
(0.1594684591 -0.163912372 0)
(0.1311093814 -0.1977320141 0)
(0.09882321691 -0.2371943402 0)
(0.06315934796 -0.2827580617 0)
(0.02545504558 -0.3341020515 0)
(-0.01176694334 -0.3891741825 0)
(-0.04438686045 -0.4426243473 0)
(-0.06677445493 -0.4839278982 0)
(-0.07293355511 -0.4960407886 0)
(-0.05962570175 -0.4565326558 0)
(-0.03214625727 -0.3431351936 0)
(-0.00439119824 -0.1432033584 0)
(-0.003752003349 0.07422565783 0)
(-0.02636967611 0.1733521834 0)
(-0.05073006737 0.2307190409 0)
(-0.06975432261 0.2570125094 0)
(-0.07996904928 0.2630096097 0)
(-0.08165453809 0.2568666317 0)
(-0.07624495334 0.2441020513 0)
(-0.06542165371 0.2282055509 0)
(-0.05073730233 0.2112747924 0)
(-0.03347661204 0.1945081499 0)
(-0.01463977358 0.1785460927 0)
(0.005026008337 0.1636938304 0)
(0.02497649563 0.150060726 0)
(0.04482815751 0.1376468582 0)
(0.06431671985 0.1263947136 0)
(0.08326586939 0.1162191303 0)
(0.1015632882 0.1070249515 0)
(0.1191424283 0.09871650956 0)
(0.1359693155 0.09120250911 0)
(0.1520327043 0.08439847398 0)
(0.1673369982 0.07822744366 0)
(0.1818970432 0.07261978881 0)
(0.1957343284 0.06751271398 0)
(0.2088742693 0.06284946778 0)
(0.2213441757 0.05857836867 0)
(0.2331716492 0.05465185726 0)
(0.2443833305 0.05102561285 0)
(0.2550039125 0.04765769224 0)
(0.2650552924 0.04450764096 0)
(0.2745557527 0.04153561417 0)
(0.2835191235 0.03870151828 0)
(0.2919539064 0.03596419482 0)
(0.2998623497 0.03328062347 0)
(0.3072394512 0.03060513522 0)
(0.31407186 0.027888609 0)
(0.3203366502 0.02507766089 0)
(0.3259999515 0.02211381729 0)
(0.3310154323 0.0189326731 0)
(0.3353226347 0.01546300276 0)
(0.3388451402 0.01162578914 0)
(0.3414885714 0.007333103222 0)
(0.3431389183 0.002486690187 0)
(0.3436588026 -0.003024135695 0)
(0.3428864099 -0.009325296715 0)
(0.3406329286 -0.01656043229 0)
(0.3366784809 -0.02489446615 0)
(0.3307698117 -0.03452007252 0)
(0.3226167997 -0.0456666863 0)
(0.3118892541 -0.05861308257 0)
(0.2982148854 -0.07370480141 0)
(0.2811801109 -0.09137751019 0)
(0.260337336 -0.112186158 0)
(0.2352260935 -0.1368360778 0)
(0.2054218829 -0.1662034927 0)
(0.1706370999 -0.201313545 0)
(0.1309126614 -0.2432059373 0)
(0.08695268752 -0.2925519704 0)
(0.04064260334 -0.3487971771 0)
(-0.004285247899 -0.4085228363 0)
(-0.04165074908 -0.4627622996 0)
(-0.06315693619 -0.4939032308 0)
(-0.06136891701 -0.4745291258 0)
(-0.03773246298 -0.3721204394 0)
(-0.006026213292 -0.1622757158 0)
(-0.005949871084 0.09123248617 0)
(-0.03569655056 0.199810655 0)
(-0.06182620596 0.2530734523 0)
(-0.07741285524 0.2699282962 0)
(-0.0803694555 0.2658908437 0)
(-0.07284180696 0.2511718669 0)
(-0.05765264058 0.2318748592 0)
(-0.03734729136 0.2113950924 0)
(-0.01394309662 0.1914934102 0)
(0.0110766466 0.1729945795 0)
(0.03666617086 0.1562081275 0)
(0.06212366575 0.1411732211 0)
(0.08699176977 0.1277981007 0)
(0.1109874913 0.1159347532 0)
(0.1339476453 0.105419002 0)
(0.1557904591 0.09609017828 0)
(0.1764883571 0.08780032856 0)
(0.1960490459 0.08041754207 0)
(0.2145025364 0.07382614832 0)
(0.2318922645 0.06792562992 0)
(0.2482691147 0.06262889411 0)
(0.2636873612 0.05786038135 0)
(0.2782019262 0.05355430077 0)
(0.2918665708 0.04965298847 0)
(0.3047326564 0.04610540121 0)
(0.3168482552 0.04286578871 0)
(0.3282574853 0.03989254356 0)
(0.339000003 0.03714717458 0)
(0.3491105512 0.03459336127 0)
(0.3586184997 0.03219607357 0)
(0.3675473249 0.02992075568 0)
(0.3759140169 0.02773256571 0)
(0.383728393 0.02559565879 0)
(0.3909923124 0.02347249666 0)
(0.3976987627 0.02132316984 0)
(0.4038308112 0.01910472499 0)
(0.4093603966 0.01677049104 0)
(0.4142469635 0.01426939421 0)
(0.4184359218 0.01154523795 0)
(0.4218569185 0.008535910155 0)
(0.4244218974 0.005172457605 0)
(0.4260233225 0.001377905944 0)
(0.4265305122 -0.002934583219 0)
(0.4257885254 -0.007864272899 0)
(0.4236141369 -0.01352494694 0)
(0.4197919389 -0.02004810238 0)
(0.4140705423 -0.02758880385 0)
(0.406157312 -0.03633418638 0)
(0.3957121687 -0.04651581108 0)
(0.3823405826 -0.05842768036 0)
(0.3655862533 -0.07245217434 0)
(0.3449252783 -0.08909626268 0)
(0.319766438 -0.10903916 0)
(0.2894680256 -0.1331879097 0)
(0.2533928869 -0.1627239672 0)
(0.2110430763 -0.1990915151 0)
(0.1623458995 -0.2438088763 0)
(0.1081935224 -0.2978561647 0)
(0.05132730404 -0.3601966013 0)
(-0.002501463654 -0.4248376889 0)
(-0.0435144711 -0.4759426415 0)
(-0.05938930874 -0.4827403473 0)
(-0.04456857825 -0.4004757751 0)
(-0.008681133264 -0.185609519 0)
(-0.009512610427 0.1152008498 0)
(-0.04790617912 0.2305763024 0)
(-0.07164244042 0.2729435711 0)
(-0.07746511026 0.2750607266 0)
(-0.06696434388 0.2581435205 0)
(-0.04518393976 0.2339594027 0)
(-0.01659179395 0.2084785595 0)
(0.01551501988 0.1844158567 0)
(0.04889215998 0.1628073688 0)
(0.0821223671 0.1438755719 0)
(0.1143487416 0.1274841647 0)
(0.145093315 0.1133570914 0)
(0.174120468 0.101186584 0)
(0.2013468211 0.09068041151 0)
(0.2267808824 0.08158035237 0)
(0.25048437 0.07366615159 0)
(0.2725476838 0.06675333923 0)
(0.2930746518 0.06068871292 0)
(0.3121732278 0.05534532064 0)
(0.3299499519 0.05061780017 0)
(0.3465067999 0.04641833674 0)
(0.3619394753 0.04267325051 0)
(0.3763365792 0.03932023217 0)
(0.3897793076 0.03630606081 0)
(0.4023414315 0.03358474133 0)
(0.4140893902 0.03111595245 0)
(0.4250824223 0.02886378477 0)
(0.4353726812 0.02679566008 0)
(0.4450052952 0.02488141448 0)
(0.4540183317 0.02309247245 0)
(0.4624426461 0.02140112673 0)
(0.4703016035 0.01977987265 0)
(0.4776106707 0.01820081295 0)
(0.4843768711 0.01663508728 0)
(0.4905980966 0.01505234178 0)
(0.496262267 0.01342020289 0)
(0.5013463277 0.01170377134 0)
(0.5058150802 0.00986510317 0)
(0.509619834 0.007862678662 0)
(0.5126968628 0.0056508088 0)
(0.5149656383 0.003178946548 0)
(0.5163270856 0.0003908018052 0)
(0.5166602548 -0.002777194351 0)
(0.5158210993 -0.006397895912 0)
(0.5136378803 -0.01055498639 0)
(0.5099074808 -0.01534565118 0)
(0.5043907894 -0.02088533113 0)
(0.4968064098 -0.02731485556 0)
(0.4868225334 -0.03481113496 0)
(0.4740464053 -0.043603343 0)
(0.4580107543 -0.05399736546 0)
(0.4381569863 -0.06641237326 0)
(0.4138163547 -0.08143431563 0)
(0.3841940973 -0.09989073484 0)
(0.3483704913 -0.1229459811 0)
(0.3053521928 -0.1521967412 0)
(0.2542456494 -0.1896942582 0)
(0.1946889535 -0.2376915836 0)
(0.1277563437 -0.2976472095 0)
(0.05756812195 -0.3675712403 0)
(-0.006427674098 -0.4363668426 0)
(-0.04796195507 -0.4741660287 0)
(-0.05115439793 -0.4243519489 0)
(-0.01268833217 -0.2140932927 0)
(-0.01451335231 0.149484357 0)
(-0.06046960329 0.2626745916 0)
(-0.07129855372 0.2826905991 0)
(-0.0559679534 0.2642224208 0)
(-0.0233248319 0.2330358178 0)
(0.01822481626 0.2004800182 0)
(0.06304899476 0.1710173786 0)
(0.1078109265 0.1458438293 0)
(0.1507008574 0.1248608385 0)
(0.1908613204 0.1075324343 0)
(0.2279766575 0.09323755114 0)
(0.2620320075 0.08140221573 0)
(0.29316795 0.07154307006 0)
(0.3215964131 0.06327001794 0)
(0.3475535556 0.05627445574 0)
(0.3712748014 0.05031416151 0)
(0.3929824585 0.04519917525 0)
(0.4128803526 0.04077999179 0)
(0.4311522759 0.03693816175 0)
(0.447962369 0.03357905858 0)
(0.4634564364 0.03062634731 0)
(0.4777635866 0.02801779095 0)
(0.4909979231 0.025702054 0)
(0.5032601149 0.02363626576 0)
(0.5146388007 0.02178411737 0)
(0.5252117623 0.02011438041 0)
(0.5350468984 0.01859972061 0)
(0.5442029772 0.0172157493 0)
(0.5527302106 0.01594022704 0)
(0.560670623 0.01475239834 0)
(0.568058252 0.01363240857 0)
(0.5749191595 0.01256080144 0)
(0.5812712913 0.01151806268 0)
(0.5871241627 0.01048421247 0)
(0.5924784 0.009438420631 0)
(0.5973251136 0.008358649145 0)
(0.6016451231 0.007221302679 0)
(0.6054080108 0.006000888315 0)
(0.6085710172 0.004669661676 0)
(0.6110777429 0.003197243749 0)
(0.6128566609 0.001550166328 0)
(0.6138194746 -0.0003087015122 0)
(0.6138585864 -0.002421327233 0)
(0.6128453299 -0.004835831117 0)
(0.6106260087 -0.007607464782 0)
(0.6070183865 -0.01080059005 0)
(0.601806978 -0.01449207237 0)
(0.5947365865 -0.01877649144 0)
(0.5855035034 -0.02377416197 0)
(0.5737433015 -0.02964362762 0)
(0.5590137103 -0.0366012394 0)
(0.5407706318 -0.04495192521 0)
(0.5183352001 -0.05513743693 0)
(0.4908507274 -0.06781114044 0)
(0.4572326162 -0.08395055521 0)
(0.4161270613 -0.1050156442 0)
(0.3659270821 -0.1331375048 0)
(0.3049680458 -0.1712388863 0)
(0.2321695235 -0.22274902 0)
(0.1486370526 -0.2899876914 0)
(0.06091455708 -0.369117058 0)
(-0.0145877844 -0.4382826704 0)
(-0.05138958435 -0.4365435561 0)
(-0.01796711472 -0.2501463097 0)
(-0.01992198987 0.200555392 0)
(-0.0608815243 0.2866552768 0)
(-0.03554647067 0.2670461992 0)
(0.01827087445 0.2250455525 0)
(0.08159214339 0.182898188 0)
(0.145296219 0.1470436998 0)
(0.205054279 0.1186187431 0)
(0.2591411545 0.09663023777 0)
(0.3072743843 0.07968255597 0)
(0.3498231517 0.06655123566 0)
(0.3873805138 0.0562748205 0)
(0.4205796099 0.04813032713 0)
(0.4500149451 0.04158734949 0)
(0.4762120655 0.03626014926 0)
(0.4996218985 0.03186769142 0)
(0.520626101 0.02820375591 0)
(0.5395460039 0.02511544459 0)
(0.5566520149 0.02248797696 0)
(0.5721721922 0.02023398522 0)
(0.5862995933 0.01828601535 0)
(0.5991983351 0.01659121915 0)
(0.6110085286 0.0151075864 0)
(0.6218502265 0.013801218 0)
(0.6318265927 0.01264434868 0)
(0.6410264063 0.01161386329 0)
(0.6495260515 0.01069018915 0)
(0.6573910578 0.009856431472 0)
(0.6646772997 0.009097708613 0)
(0.6714318833 0.008400604971 0)
(0.6776937918 0.007752733272 0)
(0.6834942927 0.007142354819 0)
(0.6888571601 0.00655806638 0)
(0.6937987054 0.005988516546 0)
(0.6983276576 0.005422164528 0)
(0.7024448807 0.004847052131 0)
(0.7061429572 0.004250602937 0)
(0.7094056222 0.003619425046 0)
(0.7122070678 0.002939128771 0)
(0.7145110999 0.002194135503 0)
(0.7162701512 0.001367478662 0)
(0.7174241356 0.0004405628954 0)
(0.7178990712 -0.0006071541857 0)
(0.7176053844 -0.00179890911 0)
(0.7164359001 -0.003161274647 0)
(0.7142629742 -0.004724710046 0)
(0.710935445 -0.006524730102 0)
(0.706274521 -0.00860390306 0)
(0.7000680584 -0.01101497028 0)
(0.6920624689 -0.01382575645 0)
(0.6819510047 -0.01712699748 0)
(0.6693564612 -0.02104497479 0)
(0.6538053245 -0.02576215902 0)
(0.634688946 -0.03155134977 0)
(0.6112055496 -0.03883265625 0)
(0.5822755098 -0.04826885954 0)
(0.546424156 -0.06092334468 0)
(0.5016396026 -0.07851204681 0)
(0.4452592363 -0.1037673768 0)
(0.3740747125 -0.1408249505 0)
(0.2852159828 -0.195109279 0)
(0.1789892049 -0.2708631894 0)
(0.06481228695 -0.3614759808 0)
(-0.02841629755 -0.4219799427 0)
(-0.02446271181 -0.3000861282 0)
(-0.008717378438 0.2514943406 0)
(0.0007780615619 0.2724255234 0)
(0.1019984572 0.205799208 0)
(0.2087596341 0.1499328667 0)
(0.2999650189 0.1082763606 0)
(0.3759085719 0.07865401458 0)
(0.4386579479 0.05834323406 0)
(0.4903026861 0.04443250748 0)
(0.5330250277 0.03473212872 0)
(0.5687144989 0.02781459577 0)
(0.5988470565 0.02276076142 0)
(0.6245544151 0.01897413707 0)
(0.6467040715 0.01606689791 0)
(0.6659614175 0.01378452852 0)
(0.6828398844 0.01195702639 0)
(0.6977398183 0.01046845842 0)
(0.7109771093 0.009238023634 0)
(0.7228040161 0.008208116562 0)
(0.7334243558 0.007336737045 0)
(0.7430046227 0.006592585538 0)
(0.7516821746 0.005951855038 0)
(0.7595713119 0.005396073257 0)
(0.7667678296 0.004910639267 0)
(0.7733524563 0.004483792036 0)
(0.779393467 0.00410588327 0)
(0.7849486764 0.003768836028 0)
(0.7900669535 0.003465749875 0)
(0.7947893696 0.003190589867 0)
(0.7991500501 0.002937951325 0)
(0.8031767887 0.002702861956 0)
(0.8068914596 0.002480627121 0)
(0.8103102624 0.002266692699 0)
(0.813443817 0.002056535368 0)
(0.8162971316 0.001845560979 0)
(0.8188694528 0.001629020992 0)
(0.8211540096 0.001401932136 0)
(0.8231376586 0.001159008175 0)
(0.8248004333 0.0008945917385 0)
(0.8261150001 0.0006025917915 0)
(0.8270460184 0.0002764142644 0)
(0.8275494014 -9.111434567e-05 0)
(0.8275713964 -0.0005078926466 0)
(0.8270475313 -0.0009828472646 0)
(0.8259010801 -0.001526149958 0)
(0.824041259 -0.002149415392 0)
(0.8213610976 -0.002866172542 0)
(0.8177345553 -0.003692685517 0)
(0.8130124257 -0.004649256152 0)
(0.8070163758 -0.00576231014 0)
(0.7995300376 -0.00706779515 0)
(0.7902853807 -0.008616815052 0)
(0.7789414549 -0.01048517607 0)
(0.7650506581 -0.01278996515 0)
(0.7480044413 -0.01571909745 0)
(0.7269450126 -0.0195853063 0)
(0.7006213236 -0.02492681273 0)
(0.6671564013 -0.03269696379 0)
(0.6236844024 -0.04461819878 0)
(0.5658476188 -0.06380814649 0)
(0.4873502182 -0.09570127583 0)
(0.3800851512 -0.1486567823 0)
(0.2361141922 -0.2314873163 0)
(0.06723337937 -0.3347083328 0)
(-0.004449711861 -0.3207501311 0)
(0.2404971457 0.1241263505 0)
(0.3465183149 0.1052022 0)
(0.5047479734 0.05692264219 0)
(0.6221034803 0.03150101309 0)
(0.6963072293 0.01865394318 0)
(0.7467020183 0.01122067093 0)
(0.7828540969 0.00690932312 0)
(0.8094180996 0.00445354106 0)
(0.8295335756 0.003019530901 0)
(0.8452699363 0.002148451254 0)
(0.8579207443 0.00159896427 0)
(0.8683209964 0.001237831095 0)
(0.8770323849 0.0009898529196 0)
(0.8844424685 0.0008123472023 0)
(0.8908257331 0.0006805410548 0)
(0.8963822626 0.0005795677832 0)
(0.9012618058 0.0005001973813 0)
(0.9055790446 0.0004364913018 0)
(0.9094235956 0.0003844848054 0)
(0.9128667128 0.0003414303441 0)
(0.9159658816 0.0003053585963 0)
(0.9187680351 0.0002748104583 0)
(0.9213118556 0.0002486736959 0)
(0.9236294464 0.0002260744753 0)
(0.9257475649 0.000206308284 0)
(0.9276885385 0.000188788828 0)
(0.9294709466 0.0001730149431 0)
(0.9311101262 0.000158543066 0)
(0.9326185419 0.0001449693877 0)
(0.9340060462 0.000131912778 0)
(0.9352800526 0.0001190040631 0)
(0.936445634 0.0001058746794 0)
(0.9375055592 9.215013597e-05 0)
(0.938460276 7.744232662e-05 0)
(0.9393078471 6.134556687e-05 0)
(0.9400438452 4.343139609e-05 0)
(0.94066121 2.324639581e-05 0)
(0.9411500713 3.089056483e-07 0)
(0.9414975397 -2.589203193e-05 0)
(0.9416874654 -5.589908966e-05 0)
(0.9417001624 -9.028834886e-05 0)
(0.9415120784 -0.0001296842077 0)
(0.9410953543 -0.0001747942746 0)
(0.9404172275 -0.0002264207699 0)
(0.9394393489 -0.0002854619741 0)
(0.938116959 -0.0003529613982 0)
(0.9363977468 -0.0004301978108 0)
(0.9342201758 -0.000518825838 0)
(0.9315109685 -0.0006211054458 0)
(0.9281812319 -0.0007402881678 0)
(0.9241203365 -0.000881282646 0)
(0.9191860014 -0.001051841748 0)
(0.9131878038 -0.001264764578 0)
(0.9058589444 -0.001542154314 0)
(0.8968063723 -0.001923986257 0)
(0.8854198555 -0.002485944676 0)
(0.8707009235 -0.003377561013 0)
(0.8509319263 -0.004906091377 0)
(0.8230390544 -0.00772189674 0)
(0.7814451228 -0.01317113124 0)
(0.7155952828 -0.02391710802 0)
(0.6031506714 -0.04688209716 0)
(0.4184304361 -0.1003865233 0)
(0.2837260824 -0.1401507856 0)
)
;

boundaryField
{
    movingWall
    {
        type            fixedValue;
        value           uniform (1 0 0);
    }
    fixedWalls
    {
        type            noSlip;
    }
    frontAndBack
    {
        type            empty;
    }
}


// ************************************************************************* //
