/*--------------------------------*- C++ -*----------------------------------*\
  =========                 |
  \\      /  F ield         | OpenFOAM: The Open Source CFD Toolbox
   \\    /   O peration     | Website:  https://openfoam.org
    \\  /    A nd           | Version:  11
     \\/     M anipulation  |
\*---------------------------------------------------------------------------*/
FoamFile
{
    format      ascii;
    class       surfaceScalarField;
    location    "700";
    object      phi;
}
// * * * * * * * * * * * * * * * * * * * * * * * * * * * * * * * * * * * * * //

dimensions      [0 3 -1 0 0 0 0];

internalField   nonuniform List<scalar> 
8064
(
2.618707131e-11
-2.619597728e-11
5.900555645e-11
-3.281880469e-11
7.383965598e-11
-1.48345599e-11
5.921906283e-11
1.462012359e-11
1.132205669e-11
4.789657196e-11
-6.965721588e-11
8.097887441e-11
-1.81426143e-10
1.117685557e-10
-3.206930134e-10
1.392665163e-10
-4.837886849e-10
1.630953293e-10
-6.670108239e-10
1.832218047e-10
-8.668078481e-10
1.997966966e-10
-1.079867985e-09
2.130598138e-10
-1.303150818e-09
2.232825154e-10
-1.533883725e-09
2.30732594e-10
-1.769537275e-09
2.356532404e-10
-2.00778888e-09
2.38251299e-10
-2.246481119e-09
2.386919362e-10
-2.483579278e-09
2.370978592e-10
-2.717131403e-09
2.335518289e-10
-2.945233232e-09
2.28101536e-10
-3.165999672e-09
2.207661485e-10
-3.377543929e-09
2.115439691e-10
-3.577964977e-09
2.004207619e-10
-3.765343633e-09
1.873783732e-10
-3.937747261e-09
1.724033476e-10
-4.093242811e-09
1.554952715e-10
-4.229917714e-09
1.366746275e-10
-4.34590794e-09
1.15989952e-10
-4.43943233e-09
9.352412053e-11
-4.50883218e-09
6.939958185e-11
-4.552614831e-09
4.378238568e-11
-4.569499928e-09
1.688483502e-11
-4.558466702e-09
-1.103348559e-11
-4.518800724e-09
-3.966623456e-11
-4.450138909e-09
-6.866206794e-11
-4.352510442e-09
-9.762871749e-11
-4.226371684e-09
-1.261390049e-10
-4.072633468e-09
-1.53738461e-10
-3.892679108e-09
-1.799546008e-10
-3.688371677e-09
-2.04307669e-10
-3.462049331e-09
-2.26322581e-10
-3.216507847e-09
-2.455417174e-10
-2.954969926e-09
-2.615381502e-10
-2.681041317e-09
-2.73928836e-10
-2.398654274e-09
-2.823872679e-10
-2.111999405e-09
-2.866550907e-10
-1.825447417e-09
-2.865522081e-10
-1.543462633e-09
-2.819850016e-10
-1.270510444e-09
-2.729524033e-10
-1.01096089e-09
-2.595497659e-10
-7.689903725e-10
-2.419707259e-10
-5.484829486e-10
-2.205076292e-10
-3.529315741e-10
-1.955515759e-10
-1.853378986e-10
-1.675938732e-10
-4.810633859e-11
-1.37231754e-10
5.707658903e-11
-1.051831191e-10
1.293935965e-10
-7.231719755e-11
1.691067065e-10
-3.971329978e-11
1.778733445e-10
-8.766827027e-12
1.592400817e-10
1.863307966e-11
1.194091506e-10
3.983075842e-11
6.839963513e-11
5.100933455e-11
2.179490996e-11
4.660454096e-11
2.179485132e-11
3.319349739e-11
-5.9389613e-11
6.034608504e-11
-5.997202407e-11
3.771980491e-11
7.790948725e-12
-5.662383029e-11
1.089629737e-10
-2.316680697e-10
2.229400644e-10
-4.882143237e-10
3.375244272e-10
-8.221428327e-10
4.456963997e-10
-1.226559878e-09
5.436829225e-10
-1.693178647e-09
6.297134779e-10
-2.213188714e-09
7.032312655e-10
-2.777786609e-09
7.643939957e-10
-3.378480549e-09
8.137531678e-10
-4.007244215e-09
8.520456035e-10
-4.656570184e-09
8.800579926e-10
-5.31945808e-09
8.985405732e-10
-5.989362347e-09
9.081550099e-10
-6.660117728e-09
9.094467657e-10
-7.32585578e-09
9.028353674e-10
-7.980922344e-09
8.886178529e-10
-8.61980322e-09
8.66981878e-10
-9.23706335e-09
8.380257494e-10
-9.827303108e-09
8.01783202e-10
-1.0385134e-08
7.582511373e-10
-1.0905175e-08
7.074188545e-10
-1.13820697e-08
6.492975386e-10
-1.18105239e-08
5.839489656e-10
-1.21853623e-08
5.115125224e-10
-1.25016026e-08
4.322297603e-10
-1.275454475e-08
3.464657734e-10
-1.293987242e-08
2.547267661e-10
-1.305376374e-08
1.576732203e-10
-1.309300748e-08
5.612810537e-11
-1.305512101e-08
-4.892042625e-11
-1.293846577e-08
-1.563219391e-10
-1.274235639e-08
-2.647719143e-10
-1.246715841e-08
-3.728271532e-10
-1.211437031e-08
-4.789275513e-10
-1.168668553e-08
-5.814236818e-10
-1.118803064e-08
-6.786099355e-10
-1.06235762e-08
-7.687625414e-10
-9.999717671e-09
-8.501815363e-10
-9.324024307e-09
-9.212355047e-10
-8.605155173e-09
-9.80407702e-10
-7.852742408e-09
-1.026342014e-09
-7.077242958e-09
-1.057887127e-09
-6.289761167e-09
-1.074137287e-09
-5.501845586e-09
-1.074468189e-09
-4.725264202e-09
-1.058566782e-09
-3.971762745e-09
-1.026454252e-09
-3.252810839e-09
-9.785020582e-10
-2.579340177e-09
-9.154417695e-10
-1.961477601e-09
-8.383705793e-10
-1.408273634e-09
-7.487559113e-10
-9.274232963e-10
-6.484445718e-10
-5.249706291e-10
-5.396847764e-10
-2.049806586e-10
-4.251734406e-10
3.084860536e-11
-3.081468107e-10
1.836756731e-10
-1.925407161e-10
2.581638123e-10
-8.325531053e-11
2.633625994e-10
1.343395725e-11
2.138995475e-10
8.929348191e-11
1.315033779e-10
1.3340519e-10
4.652693396e-11
1.315806893e-10
6.832170369e-11
1.552974719e-11
-7.491954171e-11
-7.19455091e-12
-3.724819157e-11
-1.124602761e-10
1.130560432e-10
-3.24297466e-10
3.207994778e-10
-6.531957223e-10
5.518376381e-10
-1.100225049e-09
7.845530915e-10
-1.660198101e-09
1.005668812e-09
-2.324025679e-09
1.207509878e-09
-3.080394691e-09
1.386081881e-09
-3.916923128e-09
1.539759106e-09
-4.82092565e-09
1.668395931e-09
-5.77989405e-09
1.77272099e-09
-6.781772161e-09
1.853923144e-09
-7.815085356e-09
1.913370624e-09
-8.868970064e-09
1.952424725e-09
-9.933137761e-09
1.972322157e-09
-1.099779974e-08
1.974108204e-09
-1.205357282e-08
1.958607911e-09
-1.309138132e-08
1.926425818e-09
-1.410236691e-08
1.877966942e-09
-1.50778149e-08
1.81347321e-09
-1.600910287e-08
1.733070657e-09
-1.688767573e-08
1.636823488e-09
-1.770504919e-08
1.524791801e-09
-1.845284238e-08
1.397090222e-09
-1.912283907e-08
1.253945163e-09
-1.970707576e-08
1.095748719e-09
-2.019795396e-08
9.231074708e-10
-2.058837338e-08
7.368847112e-10
-2.087188181e-08
5.382347114e-10
-2.104283692e-08
3.286278557e-10
-2.109657482e-08
1.09865541e-10
-2.102957964e-08
-1.159160711e-10
-2.083964825e-08
-3.462537897e-10
-2.05260439e-08
-5.783767096e-10
-2.008963232e-08
-8.092391808e-10
-1.953299393e-08
-1.035566381e-09
-1.886050646e-08
-1.253911587e-09
-1.807839244e-08
-1.460724388e-09
-1.719472697e-08
-1.652428433e-09
-1.621940206e-08
-1.825506869e-09
-1.516404485e-08
-1.976593132e-09
-1.404188856e-08
-2.102564401e-09
-1.286759624e-08
-2.200634741e-09
-1.165703895e-08
-2.268444814e-09
-1.042703154e-08
-2.304145095e-09
-9.195030326e-09
-2.306469793e-09
-7.978798259e-09
-2.274799237e-09
-6.796043578e-09
-2.209209317e-09
-5.664038254e-09
-2.110507761e-09
-4.599221755e-09
-1.980258642e-09
-3.616794174e-09
-1.820798528e-09
-2.730300086e-09
-1.635250361e-09
-1.951200516e-09
-1.427544497e-09
-1.288424974e-09
-1.202460668e-09
-7.478885763e-10
-9.657101842e-10
-3.319511507e-10
-7.2408458e-10
-3.878739235e-11
-4.857048179e-10
1.383692669e-10
-2.604123107e-10
2.121451568e-10
-6.03422606e-11
2.021307633e-10
9.93075694e-11
1.361448953e-10
1.993907179e-10
5.171127931e-11
2.160140017e-10
1.200329152e-10
-1.440452732e-11
-6.051513803e-11
-1.112948742e-10
5.964168349e-11
-3.270636827e-10
3.288242811e-10
-6.822651867e-10
6.760003638e-10
-1.185536753e-09
1.055108575e-09
-1.836566089e-09
1.435581803e-09
-2.628643723e-09
1.797745834e-09
-3.550769922e-09
2.129635475e-09
-4.589292617e-09
2.424603984e-09
-5.72912178e-09
2.679587687e-09
-6.954589445e-09
2.893863022e-09
-8.250025785e-09
3.068156763e-09
-9.600115393e-09
3.204012192e-09
-1.099008882e-08
3.303343503e-09
-1.240579517e-08
3.368130525e-09
-1.383369301e-08
3.400219455e-09
-1.526078988e-08
3.401204536e-09
-1.667455432e-08
3.372371824e-09
-1.806281949e-08
3.314690464e-09
-1.941369294e-08
3.228839882e-09
-2.07154837e-08
3.115263451e-09
-2.195665436e-08
2.974240811e-09
-2.312580371e-08
2.805972331e-09
-2.421168259e-08
2.610670187e-09
-2.520324428e-08
2.388651416e-09
-2.608972856e-08
2.140428951e-09
-2.686077758e-08
1.866797261e-09
-2.750658025e-08
1.568909659e-09
-2.801804074e-08
1.24834473e-09
-2.838696614e-08
9.071596451e-10
-2.860626719e-08
5.479284404e-10
-2.867016565e-08
1.737635379e-10
-2.85744014e-08
-2.116807737e-10
-2.831643198e-08
-6.042236578e-10
-2.789561698e-08
-9.991921437e-10
-2.73133797e-08
-1.391476894e-09
-2.657333854e-08
-1.775607975e-09
-2.56814013e-08
-2.145849247e-09
-2.464581607e-08
-2.496310042e-09
-2.347717307e-08
-2.821071847e-09
-2.218835329e-08
-3.114327055e-09
-2.079442068e-08
-3.370526147e-09
-1.931245636e-08
-3.584529118e-09
-1.776133494e-08
-3.751756555e-09
-1.616144459e-08
-3.868335556e-09
-1.453435428e-08
-3.931235785e-09
-1.290243311e-08
-3.938391346e-09
-1.128842774e-08
-3.888804982e-09
-9.715005067e-09
-3.782632366e-09
-8.204267224e-09
-3.621245973e-09
-6.777245862e-09
-3.407280368e-09
-5.453381153e-09
-3.144663593e-09
-4.249988903e-09
-2.838642962e-09
-3.181715853e-09
-2.495817893e-09
-2.259979283e-09
-2.124197578e-09
-1.492382473e-09
-1.733307332e-09
-8.820933955e-10
-1.334373993e-09
-4.271715725e-10
-9.406269762e-10
-1.198285123e-10
-5.677557008e-10
5.439077301e-11
-2.345618668e-10
1.175143768e-10
3.618364374e-11
1.001569531e-10
2.167478448e-10
4.292342246e-11
2.732472502e-10
1.629562561e-10
-4.970174591e-11
-1.081362635e-11
-2.337770228e-10
2.437165297e-10
-5.767492844e-10
6.71796021e-10
-1.092200946e-09
1.191451458e-09
-1.784367784e-09
1.747274829e-09
-2.649916873e-09
2.301130304e-09
-3.67976321e-09
2.827591587e-09
-4.860738461e-09
3.310610147e-09
-6.176999613e-09
3.740864563e-09
-7.611145638e-09
4.113733146e-09
-9.145054539e-09
4.427771363e-09
-1.076047416e-08
4.68357583e-09
-1.243940839e-08
4.882945881e-09
-1.416434132e-08
5.028275891e-09
-1.591833891e-08
5.12212758e-09
-1.768506345e-08
5.166943468e-09
-1.944873085e-08
5.16487141e-09
-2.119403594e-08
5.117676401e-09
-2.290606644e-08
5.026720451e-09
-2.457022174e-08
4.892994667e-09
-2.617214911e-08
4.717190324e-09
-2.769770651e-08
4.499797707e-09
-2.913295791e-08
4.241223237e-09
-3.046420496e-08
3.941916754e-09
-3.167805607e-08
3.602502038e-09
-3.276153227e-08
3.223904674e-09
-3.370220767e-08
2.80747219e-09
-3.448838062e-08
2.355082142e-09
-3.510927076e-08
1.869234408e-09
-3.555523605e-08
1.353124473e-09
-3.581800302e-08
8.106949578e-10
-3.589090297e-08
2.466630441e-10
-3.576910629e-08
-3.334778915e-10
-3.544984671e-08
-9.234836785e-10
-3.493262719e-08
-1.516412091e-09
-3.42193991e-08
-2.10470541e-09
-3.331470632e-08
-2.680301163e-09
-3.222578692e-08
-3.234769063e-09
-3.09626252e-08
-3.759472166e-09
-2.953794834e-08
-4.24574911e-09
-2.796716248e-08
-4.685113306e-09
-2.626822493e-08
-5.069464088e-09
-2.446145035e-08
-5.391304086e-09
-2.256925078e-08
-5.643956504e-09
-2.0615811e-08
-5.82177572e-09
-1.862670246e-08
-5.920344697e-09
-1.662844094e-08
-5.936653227e-09
-1.464799424e-08
-5.869252048e-09
-1.271224748e-08
-5.718379488e-09
-1.084743428e-08
-5.486059527e-09
-9.07854193e-09
-5.176173074e-09
-7.428698048e-09
-4.794507821e-09
-5.91854501e-09
-4.348796341e-09
-4.565606194e-09
-3.848757043e-09
-3.383646013e-09
-3.306158089e-09
-2.382023378e-09
-2.734930294e-09
-1.565037023e-09
-2.151360672e-09
-9.312614827e-10
-1.574402841e-09
-4.728744567e-10
-1.026143049e-09
-1.749766526e-10
-5.324599796e-10
-1.489889473e-11
-1.238943935e-10
3.85400663e-11
1.633085533e-10
2.603831145e-11
2.857487114e-10
1.889945066e-10
-8.690078487e-11
7.608696373e-11
-3.64286862e-10
5.21102112e-10
-8.435245375e-10
1.151033177e-09
-1.529285292e-09
1.877211672e-09
-2.41964231e-09
2.637631292e-09
-3.506887723e-09
3.388375158e-09
-4.778663521e-09
4.099366826e-09
-6.219152239e-09
4.751098308e-09
-7.810174657e-09
5.331886428e-09
-9.532118288e-09
5.835676229e-09
-1.136466994e-08
6.260322472e-09
-1.328735571e-08
6.606261065e-09
-1.527990861e-08
6.875498243e-09
-1.732249192e-08
7.070858678e-09
-1.939580911e-08
7.195444245e-09
-2.148113005e-08
7.252263887e-09
-2.356026118e-08
7.244002034e-09
-2.561548366e-08
7.172898374e-09
-2.762947977e-08
7.040716057e-09
-2.958526432e-08
6.84877872e-09
-3.146613393e-08
6.598059444e-09
-3.325564381e-08
6.289307102e-09
-3.493761853e-08
5.923197477e-09
-3.649620054e-08
5.500498293e-09
-3.791593781e-08
5.022238836e-09
-3.918190975e-08
4.489876145e-09
-4.027988895e-08
3.90545093e-09
-4.119653464e-08
3.271727375e-09
-4.191961251e-08
2.592311823e-09
-4.243823458e-08
1.871746097e-09
-4.274311192e-08
1.115571868e-09
-4.282681239e-08
3.303630731e-10
-4.268401506e-08
-4.76275653e-10
-4.23117528e-08
-1.295746353e-09
-4.170963419e-08
-2.118531119e-09
-4.088003593e-08
-2.934304078e-09
-3.98282572e-08
-3.732080306e-09
-3.856262778e-08
-4.500398875e-09
-3.709456277e-08
-5.227537574e-09
-3.543855703e-08
-5.901755237e-09
-3.361211425e-08
-6.511556465e-09
-3.163560632e-08
-7.045972398e-09
-2.953206055e-08
-7.494850228e-09
-2.732687401e-08
-7.849143411e-09
-2.504745594e-08
-8.101194151e-09
-2.272280129e-08
-8.244999702e-09
-2.03830002e-08
-8.276454674e-09
-1.805868998e-08
-8.193562623e-09
-1.578045768e-08
-7.996612139e-09
-1.357820232e-08
-7.688315224e-09
-1.148046663e-08
-7.273909102e-09
-9.513748028e-09
-6.761226759e-09
-7.701798491e-09
-6.160746206e-09
-6.06492203e-09
-5.485633826e-09
-4.619277708e-09
-4.751802727e-09
-3.376195753e-09
-3.978012563e-09
-2.341514627e-09
-3.186042112e-09
-1.514948488e-09
-2.400969293e-09
-8.894965264e-10
-1.651595317e-09
-4.50905536e-10
-9.710512681e-10
-1.771915879e-10
-3.976086489e-10
-3.821093252e-11
2.432762937e-11
4.799196894e-12
2.427383234e-10
1.937936244e-10
-1.242458409e-10
2.003325127e-10
-4.969839098e-10
8.938397224e-10
-1.116460716e-09
1.770509481e-09
-1.977569686e-09
2.73832012e-09
-3.071143112e-09
3.731204187e-09
-4.384105629e-09
4.701337141e-09
-5.900051366e-09
5.615312027e-09
-7.599997043e-09
6.451043448e-09
-9.463155479e-09
7.19504433e-09
-1.146763643e-08
7.840156647e-09
-1.359102696e-08
8.383712472e-09
-1.581083491e-08
8.826068495e-09
-1.810479908e-08
9.169461899e-09
-2.045108151e-08
9.417140594e-09
-2.282836331e-08
9.572725536e-09
-2.521586773e-08
9.639767804e-09
-2.759333372e-08
9.621467531e-09
-2.994096161e-08
9.520525771e-09
-3.223934968e-08
9.339103634e-09
-3.446943747e-08
9.078866027e-09
-3.661246839e-08
8.741089885e-09
-3.864998089e-08
8.326819129e-09
-4.056383467e-08
7.837050786e-09
-4.233627548e-08
7.272938648e-09
-4.395003981e-08
6.636002708e-09
-4.538849836e-08
5.928334237e-09
-4.663583571e-08
5.152787834e-09
-4.767726185e-08
4.313153076e-09
-4.849924998e-08
3.414299514e-09
-4.908979405e-08
2.462289726e-09
-4.943867865e-08
1.464456042e-09
-4.953775329e-08
4.294372955e-10
-4.938120261e-08
-6.32826747e-10
-4.896580361e-08
-1.71114576e-09
-4.829116113e-08
-2.793174007e-09
-4.735991262e-08
-3.865552983e-09
-4.617789321e-08
-4.914100105e-09
-4.475425266e-08
-5.924039807e-09
-4.310151645e-08
-6.88027417e-09
-4.123558379e-08
-7.767688267e-09
-3.917565662e-08
-8.571483997e-09
-3.694409459e-08
-9.277534798e-09
-3.456619273e-08
-9.872752445e-09
-3.206988035e-08
-1.034545615e-08
-2.948534126e-08
-1.068573359e-08
-2.684455788e-08
-1.088578342e-08
-2.418078361e-08
-1.094022929e-08
-2.152795005e-08
-1.084639652e-08
-1.892001761e-08
-1.060454492e-08
-1.639027957e-08
-1.021805359e-08
-1.397063117e-08
-9.693557821e-09
-1.169081615e-08
-9.041042103e-09
-9.577663713e-09
-8.273898954e-09
-7.6543295e-09
-7.408968346e-09
-5.939554128e-09
-6.466578402e-09
-4.446953809e-09
-5.470613182e-09
-3.184358614e-09
-4.448637607e-09
-2.153215996e-09
-3.432112209e-09
-1.34807949e-09
-2.456732121e-09
-7.562039442e-10
-1.562927097e-09
-3.572691298e-10
-7.965437106e-10
-1.23257e-10
-2.096848128e-10
-1.850753908e-11
1.379885864e-10
1.752860329e-10
-1.608873919e-10
3.612196789e-10
-6.286550677e-10
1.361606876e-09
-1.389041919e-09
2.530895822e-09
-2.426957443e-09
3.776235135e-09
-3.725436604e-09
5.029682834e-09
-5.265390618e-09
6.24129064e-09
-7.025779305e-09
7.375700197e-09
-8.984001718e-09
8.409265345e-09
-1.111637061e-08
9.327412706e-09
-1.339858034e-08
1.012236587e-08
-1.580611402e-08
1.079124564e-08
-1.831456329e-08
1.133451726e-08
-2.089985383e-08
1.175475194e-08
-2.353838238e-08
1.205566864e-08
-2.620707875e-08
1.224142142e-08
-2.888341044e-08
1.2316099e-08
-3.154534844e-08
1.228340505e-08
-3.417131269e-08
1.214648954e-08
-3.67401135e-08
1.190790397e-08
-3.92309033e-08
1.156965536e-08
-4.162315004e-08
1.113333616e-08
-4.389664077e-08
1.06003094e-08
-4.603152132e-08
9.971930888e-09
-4.800837521e-08
9.249792083e-09
-4.98083426e-08
8.435969656e-09
-5.141327829e-08
7.533269488e-09
-5.280594562e-08
6.54545473e-09
-5.397024205e-08
5.477449079e-09
-5.489145076e-08
4.335507807e-09
-5.555651176e-08
3.127350307e-09
-5.595430512e-08
1.862248988e-09
-5.607593854e-08
5.510703071e-10
-5.591503092e-08
-7.937347677e-10
-5.546798303e-08
-2.158194042e-09
-5.473422653e-08
-3.526930896e-09
-5.371644263e-08
-4.883337263e-09
-5.242074091e-08
-6.209802205e-09
-5.085678967e-08
-7.487991414e-09
-4.903788958e-08
-8.699174619e-09
-4.698098268e-08
-9.824595529e-09
-4.47065898e-08
-1.084587723e-08
-4.223867063e-08
-1.174545432e-08
-3.960440181e-08
-1.25070216e-08
-3.683387056e-08
-1.311598774e-08
-3.395968276e-08
-1.355992171e-08
-3.10164874e-08
-1.382897911e-08
-2.804042094e-08
-1.391629608e-08
-2.506847819e-08
-1.381833959e-08
-2.213781864e-08
-1.353520479e-08
-1.928501923e-08
-1.307085331e-08
-1.654528721e-08
-1.243329014e-08
-1.395164798e-08
-1.163468164e-08
-1.153412464e-08
-1.069142259e-08
-9.318927223e-09
-9.624166057e-09
-7.327670569e-09
-8.457835344e-09
-5.576641261e-09
-7.221642776e-09
-4.07613554e-09
-5.949143613e-09
-2.829892321e-09
-4.678355712e-09
-1.834648073e-09
-3.451976647e-09
-1.079843701e-09
-2.317731739e-09
-5.475192611e-10
-1.328868438e-09
-2.124462104e-10
-5.447580982e-10
-4.257908031e-11
-3.187877281e-11
1.327068777e-10
-1.964405199e-10
5.576598892e-10
-7.5757021e-10
1.92273611e-09
-1.657423569e-09
3.430748694e-09
-2.871093471e-09
4.989904544e-09
-4.373626247e-09
6.532215115e-09
-6.139563174e-09
8.007227072e-09
-8.142839647e-09
9.378976174e-09
-1.035689481e-08
1.062332002e-08
-1.275488931e-08
1.172540671e-08
-1.530995505e-08
1.267743112e-08
-1.79954265e-08
1.347671659e-08
-2.078502451e-08
1.412411478e-08
-2.365298078e-08
1.462270773e-08
-2.657410241e-08
1.49767898e-08
-2.952378443e-08
1.519110297e-08
-3.247798236e-08
1.527029646e-08
-3.541315933e-08
1.521858156e-08
-3.830622258e-08
1.503955233e-08
-4.1134463e-08
1.473614394e-08
-4.387551e-08
1.431070191e-08
-4.650731135e-08
1.376513707e-08
-4.90081455e-08
1.31011431e-08
-5.135667114e-08
1.23204561e-08
-5.353201675e-08
1.142513725e-08
-5.551391025e-08
1.041786273e-08
-5.728284764e-08
9.302206457e-09
-5.882029728e-08
8.082903953e-09
-6.01089356e-08
6.766086985e-09
-6.113290872e-08
5.359480527e-09
-6.187811375e-08
3.872554931e-09
-6.233249259e-08
2.316627428e-09
-6.248633088e-08
7.049082134e-10
-6.233255411e-08
-9.47511925e-10
-6.186701212e-08
-2.623736412e-09
-6.108874352e-08
-4.305199862e-09
-6.000021169e-08
-5.971869462e-09
-5.860750225e-08
-7.602512001e-09
-5.692047339e-08
-9.175020632e-09
-5.495284978e-08
-1.066679857e-08
-5.272225161e-08
-1.205519404e-08
-5.025015034e-08
-1.331797884e-08
-4.756174421e-08
-1.443386078e-08
-4.468574743e-08
-1.538301871e-08
-4.165408882e-08
-1.614764667e-08
-3.850151782e-08
-1.671249303e-08
-3.526511805e-08
-1.706537919e-08
-3.198373161e-08
-1.719768283e-08
-2.869730014e-08
-1.710477136e-08
-2.544613186e-08
-1.678637337e-08
-2.227010688e-08
-1.624687859e-08
-1.920783602e-08
-1.549556129e-08
-1.629579102e-08
-1.454672692e-08
-1.356742643e-08
-1.341978746e-08
-1.105231533e-08
-1.213927744e-08
-8.775323017e-09
-1.073482792e-08
-6.755844213e-09
-9.241121848e-09
-5.007131037e-09
-7.697857056e-09
-3.535741153e-09
-6.149745864e-09
-2.341138041e-09
-4.646580026e-09
-1.415479646e-09
-3.243390387e-09
-7.436393648e-10
-2.000708929e-09
-3.035199221e-10
-9.848778287e-10
-6.675646978e-11
-2.686424779e-10
6.595036506e-11
-2.307459903e-10
7.884056619e-10
-8.828093941e-10
2.574799001e-09
-1.919332759e-09
4.467271571e-09
-3.305950674e-09
6.376521979e-09
-5.009769032e-09
8.236032996e-09
-6.99882513e-09
9.996282692e-09
-9.24181561e-09
1.162196618e-08
-1.170799804e-08
1.308950197e-08
-1.436719794e-08
1.438460613e-08
-1.718986483e-08
1.550009753e-08
-2.014713628e-08
1.643398757e-08
-2.321088426e-08
1.71878623e-08
-2.635373075e-08
1.776555375e-08
-2.95490294e-08
1.817208799e-08
-3.277081716e-08
1.841289027e-08
-3.599374398e-08
1.849322283e-08
-3.91929915e-08
1.841782863e-08
-4.234419203e-08
1.819075242e-08
-4.542335912e-08
1.781531058e-08
-4.840683919e-08
1.729418156e-08
-5.127129255e-08
1.662959e-08
-5.399370939e-08
1.582355952e-08
-5.655146479e-08
1.487821108e-08
-5.89224143e-08
1.379608634e-08
-6.108503004e-08
1.258047807e-08
-6.301857563e-08
1.123575165e-08
-6.470331668e-08
9.7676446e-09
-6.612076269e-08
8.183532599e-09
-6.725393523e-08
6.492652686e-09
-6.808765649e-08
4.706275801e-09
-6.860885161e-08
2.83782217e-09
-6.880685803e-08
9.029142664e-10
-6.867373425e-08
-1.080636072e-09
-6.820455997e-08
-3.092911057e-09
-6.739771891e-08
-5.112041269e-09
-6.625515695e-08
-7.114431776e-09
-6.478260465e-08
-9.075064644e-09
-6.29897553e-08
-1.096787031e-08
-6.089038845e-08
-1.276616575e-08
-5.850242903e-08
-1.444315379e-08
-5.584793263e-08
-1.597247555e-08
-5.295298785e-08
-1.732880588e-08
-4.984752792e-08
-1.848847894e-08
-4.65650455e-08
-1.943012939e-08
-4.314220646e-08
-2.013533237e-08
-3.961836154e-08
-2.058922441e-08
-3.603495764e-08
-2.078108702e-08
-3.243485432e-08
-2.070487496e-08
-2.886155486e-08
-2.035967311e-08
-2.535836507e-08
-1.975006866e-08
-2.196749707e-08
-1.888642957e-08
-1.872913873e-08
-1.778508552e-08
-1.568051258e-08
-1.646841387e-08
-1.285495082e-08
-1.496483945e-08
-1.02810151e-08
-1.33087639e-08
-7.981691584e-09
-1.154044562e-08
-5.973693258e-09
-9.705855632e-09
-4.26690297e-09
-7.856536402e-09
-2.863992753e-09
-6.049490487e-09
-1.760258679e-09
-4.347124697e-09
-9.437172303e-10
-2.817250639e-09
-3.955227316e-10
-1.533072524e-09
-9.079338453e-11
-5.733720194e-10
-2.484308846e-11
-2.637464542e-10
1.052151814e-09
-1.003876372e-09
3.314928494e-09
-2.173390133e-09
5.636784877e-09
-3.728906736e-09
7.932038123e-09
-5.629789067e-09
1.013691487e-08
-7.837598579e-09
1.220409175e-08
-1.031572385e-08
1.4100091e-08
-1.302913264e-08
1.580291031e-08
-1.59442105e-08
1.729968354e-08
-1.902865016e-08
1.858453674e-08
-2.225136291e-08
1.965669987e-08
-2.558239254e-08
2.051889148e-08
-2.899282096e-08
2.117598172e-08
-3.245466185e-08
2.163392845e-08
-3.594074413e-08
2.189897212e-08
-3.942459091e-08
2.197706918e-08
-4.288030162e-08
2.187353892e-08
-4.628244611e-08
2.159289649e-08
-4.960597894e-08
2.113884301e-08
-5.282618167e-08
2.051438387e-08
-5.591863883e-08
1.972204675e-08
-5.885925222e-08
1.87641725e-08
-6.16242959e-08
1.764325436e-08
-6.419051287e-08
1.636230293e-08
-6.653525264e-08
1.492521744e-08
-6.863664768e-08
1.333714631e-08
-7.047382583e-08
1.160482236e-08
-7.202715432e-08
9.736860722e-09
-7.327851117e-08
7.744009162e-09
-7.421157824e-08
5.639342515e-09
-7.48121506e-08
3.438394176e-09
-7.506845564e-08
1.159218946e-09
-7.497147533e-08
-1.177616728e-09
-7.451526447e-08
-3.54912225e-09
-7.369725576e-08
-5.930050319e-09
-7.251854556e-08
-8.293142297e-09
-7.098414893e-08
-1.06094616e-08
-6.910321405e-08
-1.28488055e-08
-6.688918551e-08
-1.49801946e-08
-6.435990498e-08
-1.697243462e-08
-6.153763796e-08
-1.879474287e-08
-5.844901548e-08
-2.041742864e-08
-5.512488067e-08
-2.181261403e-08
-5.160003141e-08
-2.295497894e-08
-4.791285279e-08
-2.382251126e-08
-4.410483598e-08
-2.43972415e-08
-4.021998366e-08
-2.46659396e-08
-3.630410677e-08
-2.462075212e-08
-3.240402152e-08
-2.425975862e-08
-2.8566661e-08
-2.358742945e-08
-2.483812014e-08
-2.261497067e-08
-2.126265781e-08
-2.13605481e-08
-1.788168334e-08
-1.984938858e-08
-1.473275866e-08
-1.811376437e-08
-1.184864938e-08
-1.619287341e-08
-9.256460173e-09
-1.413263505e-08
-6.976890544e-09
-1.198542549e-08
-5.023648125e-09
-9.80977905e-09
-3.403057148e-09
-7.670081693e-09
-2.113901599e-09
-5.636280463e-09
-1.147546452e-09
-3.783605955e-09
-4.88389067e-10
-2.192230165e-09
-1.147072611e-10
-9.470540489e-10
-1.395503819e-10
-2.95422043e-10
1.347573664e-09
-1.120478126e-09
4.139984096e-09
-2.418695115e-09
6.935001414e-09
-4.138147342e-09
9.651489908e-09
-6.230741584e-09
1.222950867e-08
-8.651705848e-09
1.462505558e-08
-1.135916513e-08
1.680754985e-08
-1.431378739e-08
1.875753214e-08
-1.747848916e-08
2.046438488e-08
-2.081818398e-08
2.192423114e-08
-2.429955784e-08
2.313807331e-08
-2.789085965e-08
2.411019287e-08
-3.156170007e-08
2.484682172e-08
-3.528285604e-08
2.535508401e-08
-3.902608254e-08
2.56421982e-08
-4.276393533e-08
2.571492157e-08
-4.646961066e-08
2.557921384e-08
-5.011680785e-08
2.524009328e-08
-5.367962126e-08
2.470165603e-08
-5.713246673e-08
2.396722895e-08
-6.045004666e-08
2.303962629e-08
-6.36073567e-08
2.192148217e-08
-6.657973516e-08
2.061563244e-08
-6.934295518e-08
1.912552258e-08
-7.187335858e-08
1.745562047e-08
-7.414802891e-08
1.561181629e-08
-7.614500101e-08
1.36017941e-08
-7.784350321e-08
1.143536257e-08
-7.922422835e-08
9.124733953e-09
-8.026962893e-08
6.684742756e-09
-8.096423175e-08
4.132996666e-09
-8.129496661e-08
1.489953471e-09
-8.125150304e-08
-1.221080619e-09
-8.082658936e-08
-3.974036251e-09
-8.001638397e-08
-6.740256017e-09
-7.8820775e-08
-9.488751572e-09
-7.724367522e-08
-1.218656168e-08
-7.529328237e-08
-1.479919864e-08
-7.298229302e-08
-1.729118423e-08
-7.032805681e-08
-1.962667111e-08
-6.735265777e-08
-2.177014219e-08
-6.408290901e-08
-2.368717767e-08
-6.055024774e-08
-2.534527557e-08
-5.679051895e-08
-2.671470798e-08
-5.284363849e-08
-2.776939198e-08
-4.87531293e-08
-2.848775094e-08
-4.456552898e-08
-2.885354017e-08
-4.03296716e-08
-2.885660974e-08
-3.609585252e-08
-2.849357794e-08
-3.19148908e-08
-2.77683914e-08
-2.783710987e-08
-2.669275183e-08
-2.391126283e-08
-2.528639536e-08
-2.018343387e-08
-2.357721777e-08
-1.669595128e-08
-2.160124718e-08
-1.348635067e-08
-1.940247423e-08
-1.058642843e-08
-1.70325575e-08
-8.021426179e-09
-1.455042795e-08
-5.809386256e-09
-1.202181918e-08
-3.960717369e-09
-9.518750782e-09
-2.478008554e-09
-7.118989474e-09
-1.356129588e-09
-4.905485149e-09
-5.826590958e-10
-2.965700811e-09
-1.38684106e-10
-1.391029194e-09
-2.782345492e-10
-3.257583392e-10
1.673331718e-09
-1.232400146e-09
5.046625524e-09
-2.654574855e-09
8.357175712e-09
-4.532285308e-09
1.152919995e-08
-6.810321739e-09
1.450754469e-08
-9.437800258e-09
1.725253369e-08
-1.236771332e-08
1.97374625e-08
-1.555649995e-08
2.194631837e-08
-1.896364615e-08
2.387153067e-08
-2.2551315e-08
2.551189959e-08
-2.628400262e-08
2.687076053e-08
-3.012821606e-08
2.795440591e-08
-3.405217106e-08
2.877077633e-08
-3.80255095e-08
2.932842206e-08
-4.201903832e-08
2.963572663e-08
-4.60044933e-08
2.970037617e-08
-4.995433189e-08
2.952905206e-08
-5.384155947e-08
2.912732048e-08
-5.763959327e-08
2.849968947e-08
-6.13221674e-08
2.764980271e-08
-6.486328124e-08
2.658073977e-08
-6.823719264e-08
2.529539322e-08
-7.141845603e-08
2.379689548e-08
-7.438200454e-08
2.208907075e-08
-7.710327454e-08
2.017689013e-08
-7.955837021e-08
1.806691163e-08
-8.172426546e-08
1.576768903e-08
-8.357904002e-08
1.329013681e-08
-8.510214648e-08
1.06478401e-08
-8.627470485e-08
7.857300804e-09
-8.707982071e-08
4.938112221e-09
-8.750292302e-08
1.913055469e-09
-8.75321161e-08
-1.191887834e-09
-8.715854208e-08
-4.347610569e-09
-8.637674229e-08
-7.522056092e-09
-8.518501655e-08
-1.068047759e-08
-8.358576573e-08
-1.378581278e-08
-8.15858074e-08
-1.679915724e-08
-7.919665129e-08
-1.968034061e-08
-7.643471992e-08
-2.238860274e-08
-7.33214983e-08
-2.488336406e-08
-6.98835963e-08
-2.712507991e-08
-6.615270716e-08
-2.907616495e-08
-6.216544692e-08
-3.070196846e-08
-5.79630617e-08
-3.197177743e-08
-5.359099331e-08
-3.285981955e-08
-4.909829816e-08
-3.334623555e-08
-4.453692037e-08
-3.341798775e-08
-3.996082659e-08
-3.306967194e-08
-3.542501717e-08
-3.230420103e-08
-3.098443587e-08
-3.113333333e-08
-2.669280729e-08
-2.957802414e-08
-2.260143744e-08
-2.766858781e-08
-1.875801812e-08
-2.544466668e-08
-1.520547911e-08
-2.295501343e-08
-1.198093368e-08
-2.025710311e-08
-9.114763205e-09
-1.74165986e-08
-6.629884141e-09
-1.450669843e-08
-4.541237969e-09
-1.160739714e-08
-2.855540179e-09
-8.804687438e-09
-1.571320433e-09
-6.189705017e-09
-6.792845489e-10
-3.857736914e-09
-1.630186465e-10
-1.907295285e-09
-4.412532166e-10
-3.547301214e-10
2.028061677e-09
-1.339437678e-09
6.031332643e-09
-2.880435433e-09
9.898173061e-09
-4.910122404e-09
1.355888652e-08
-7.366543641e-09
1.696396554e-08
-1.019297979e-08
2.007896945e-08
-1.333748654e-08
2.288196886e-08
-1.675240912e-08
2.536124058e-08
-2.039389849e-08
2.751301966e-08
-2.422144198e-08
2.933944272e-08
-2.819741518e-08
3.084673335e-08
-3.228665835e-08
3.204364872e-08
-3.645608052e-08
3.294019813e-08
-4.067429362e-08
3.35466348e-08
-4.491127982e-08
3.387271248e-08
-4.913809519e-08
3.392719119e-08
-5.332661306e-08
3.371756957e-08
-5.744931014e-08
3.325001722e-08
-6.147909801e-08
3.252947701e-08
-6.538920159e-08
3.155990596e-08
-6.915308548e-08
3.034462333e-08
-7.274442821e-08
2.888673561e-08
-7.613714331e-08
2.718961026e-08
-7.930544584e-08
2.525737296e-08
-8.222396214e-08
2.309540612e-08
-8.486788063e-08
2.071082981e-08
-8.721314118e-08
1.811294927e-08
-8.923666059e-08
1.531365592e-08
-9.091659194e-08
1.232777115e-08
-9.223261532e-08
9.173323894e-09
-9.316625756e-08
5.871754181e-09
-9.370123801e-08
2.448035639e-09
-9.382383611e-08
-1.069290009e-09
-9.352327911e-08
-4.648167838e-09
-9.279213683e-08
-8.253198634e-09
-9.162672576e-08
-1.184588892e-08
-9.002750646e-08
-1.538503233e-08
-8.799946355e-08
-1.882720039e-08
-8.555245401e-08
-2.212735038e-08
-8.270150693e-08
-2.523955005e-08
-7.946705628e-08
-2.811781494e-08
-7.587508671e-08
-3.071704971e-08
-7.195717213e-08
-3.299407974e-08
-6.775038751e-08
-3.49087533e-08
-6.32970763e-08
-3.642508885e-08
-5.86444596e-08
-3.751243645e-08
-5.38440782e-08
-3.814661714e-08
-4.895106511e-08
-3.831100103e-08
-4.402325415e-08
-3.799748308e-08
-3.912013874e-08
-3.720731663e-08
-3.430170391e-08
-3.595176833e-08
-2.962716361e-08
-3.425256461e-08
-2.515364288e-08
-3.214210871e-08
-2.093485108e-08
-2.966345865e-08
-1.701979644e-08
-2.687006824e-08
-1.345159407e-08
-2.382530565e-08
-1.02664187e-08
-2.060177413e-08
-7.492650207e-09
-1.728046709e-08
-5.15025412e-09
-1.394979338e-08
-3.250432089e-09
-1.070450962e-08
-1.795568801e-09
-7.644568495e-09
-7.79496159e-10
-4.873809661e-09
-1.880758079e-10
-2.498715747e-09
-6.293290765e-10
-3.822950171e-10
2.410356431e-09
-1.441359648e-09
7.090396949e-09
-3.095677017e-09
1.155249007e-08
-5.270505451e-09
1.573371459e-08
-7.897537393e-09
1.959099712e-08
-1.091453337e-08
2.309596507e-08
-1.426485611e-08
2.623229125e-08
-1.789694206e-08
2.899332618e-08
-2.176374872e-08
3.137982597e-08
-2.58222015e-08
3.339789515e-08
-3.003265499e-08
3.50571865e-08
-3.435837911e-08
3.63693725e-08
-3.876507739e-08
3.734689607e-08
-4.3220443e-08
3.800200008e-08
-4.769375704e-08
3.83460262e-08
-5.215553253e-08
3.838896636e-08
-5.65772071e-08
3.813924382e-08
-6.093088642e-08
3.760369622e-08
-6.51891396e-08
3.678772988e-08
-6.932484692e-08
3.569561296e-08
-7.331109929e-08
3.43308754e-08
-7.712114839e-08
3.269678442e-08
-8.072840546e-08
3.079686703e-08
-8.410648664e-08
2.863545385e-08
-8.722930268e-08
2.621822188e-08
-9.007119064e-08
2.355271749e-08
-9.260708565e-08
2.064884401e-08
-9.481273123e-08
1.751930123e-08
-9.666492666e-08
1.417996632e-08
-9.81418105e-08
1.065020747e-08
-9.922317902e-08
6.953122449e-09
-9.989083832e-08
3.115694681e-09
-1.001289868e-07
-8.311418005e-10
-9.992462894e-08
-4.852525903e-09
-9.926800588e-08
-8.909821931e-09
-9.815304808e-08
-1.296084694e-08
-9.657783386e-08
-1.696024677e-08
-9.454504202e-08
-2.085999244e-08
-9.206238344e-08
-2.461000917e-08
-8.914299291e-08
-2.815894079e-08
-8.580575983e-08
-3.145504821e-08
-8.207557433e-08
-3.44472354e-08
-7.79834641e-08
-3.708619017e-08
-7.356659734e-08
-3.932562024e-08
-6.886812903e-08
-4.112355733e-08
-6.393687104e-08
-4.244369461e-08
-5.882677212e-08
-4.325671624e-08
-5.359620117e-08
-4.354157215e-08
-4.830703615e-08
-4.328664827e-08
-4.302357108e-08
-4.249078185e-08
-3.781126489e-08
-4.116407468e-08
-3.273536612e-08
-3.932846353e-08
-2.785945795e-08
-3.701801703e-08
-2.324397544e-08
-3.427894129e-08
-1.894475285e-08
-3.116929097e-08
-1.501166078e-08
-2.775839785e-08
-1.148739193e-08
-2.412604311e-08
-8.406449317e-09
-2.036140983e-08
-5.794382891e-09
-1.656185994e-08
-3.667309275e-09
-1.283158336e-08
-2.031737301e-09
-9.280140541e-09
-8.847128267e-10
-6.020834309e-09
-2.142658121e-10
-3.16916291e-09
-8.435948972e-10
-4.083909909e-10
2.818747295e-09
-1.537892301e-09
8.219897872e-09
-3.29964963e-09
1.331424705e-08
-5.612245196e-09
1.804630982e-08
-8.401428246e-09
2.238017984e-08
-1.159978326e-08
2.629431976e-08
-1.514625959e-08
2.977876725e-08
-1.898560766e-08
3.283267393e-08
-2.306776918e-08
3.546198717e-08
-2.734725273e-08
3.767737838e-08
-3.178251679e-08
3.949245025e-08
-3.633537587e-08
4.092223127e-08
-4.097044137e-08
4.198196126e-08
-4.565460537e-08
4.268616377e-08
-5.035657342e-08
4.304799396e-08
-5.504645059e-08
4.307884323e-08
-5.969538332e-08
4.278817626e-08
-6.427525867e-08
4.218357128e-08
-6.8758461e-08
4.127093194e-08
-7.311768548e-08
4.005483717e-08
-7.732580655e-08
3.85389962e-08
-8.135579929e-08
3.672677688e-08
-8.518071094e-08
3.462177843e-08
-8.877368014e-08
3.22284228e-08
-9.210800115e-08
2.955254265e-08
-9.515723138e-08
2.660194747e-08
-9.789534051e-08
2.33869529e-08
-1.002969007e-07
1.992086119e-08
-1.023373176e-07
1.622038296e-08
-1.039931023e-07
1.230599194e-08
-1.052421852e-07
8.202205121e-09
-1.060642715e-07
3.937780798e-09
-1.064412374e-07
-4.541761638e-10
-1.063575678e-07
-4.936195631e-09
-1.058008255e-07
-9.466564492e-09
-1.047621532e-07
-1.39995194e-08
-1.032367986e-07
-1.848560154e-08
-1.012246463e-07
-2.287214495e-08
-9.873074218e-08
-2.710391349e-08
-9.576578967e-08
-3.112389347e-08
-9.234659348e-08
-3.487424457e-08
-8.849642352e-08
-3.829740553e-08
-8.424526976e-08
-4.133734408e-08
-7.962995774e-08
-4.394093242e-08
-7.469409534e-08
-4.605941988e-08
-6.948782501e-08
-4.764996508e-08
-6.406736087e-08
-4.867718052e-08
-5.849429815e-08
-4.9114635e-08
-5.283469278e-08
-4.894625377e-08
-4.71579208e-08
-4.816755395e-08
-4.15353405e-08
-4.678665511e-08
-3.603879342e-08
-4.482501073e-08
-3.073899286e-08
-4.23178177e-08
-2.570385879e-08
-3.931407547e-08
-2.099686539e-08
-3.587628448e-08
-1.667547053e-08
-3.207979282e-08
-1.278969553e-08
-2.801181822e-08
-9.380917217e-09
-2.377018825e-08
-6.480924027e-09
-1.946185323e-08
-4.111273326e-09
-1.520123416e-08
-2.282970646e-09
-1.110844337e-08
-9.96479035e-10
-7.307325974e-09
-2.420277243e-10
-3.923614284e-09
-1.085622663e-09
-4.32937637e-10
3.251684695e-09
-1.628714672e-09
9.415674644e-09
-3.491634996e-09
1.517716707e-08
-5.934077488e-09
2.048875201e-08
-8.876273453e-09
2.53223755e-08
-1.224599784e-08
2.966404385e-08
-1.597809279e-08
3.35108619e-08
-2.001387359e-08
3.686845444e-08
-2.430047068e-08
3.974858397e-08
-2.879014485e-08
4.216705228e-08
-3.343960283e-08
4.414190794e-08
-3.820933337e-08
4.569196154e-08
-4.306297893e-08
4.683560655e-08
-4.79667536e-08
4.758993817e-08
-5.288891482e-08
4.797015491e-08
-5.77992939e-08
4.798922206e-08
-6.266888798e-08
4.765777008e-08
-6.746951443e-08
4.698419748e-08
-7.217352714e-08
4.597494441e-08
-7.675359306e-08
4.463490284e-08
-8.118252617e-08
4.296792908e-08
-8.543317615e-08
4.097742664e-08
-8.947836828e-08
3.866697033e-08
-9.329089162e-08
3.604094591e-08
-9.68435331e-08
3.310518392e-08
-1.001091557e-07
2.986756989e-08
-1.030608201e-07
2.633861703e-08
-1.056719493e-07
2.253199024e-08
-1.07916539e-07
1.846497241e-08
-1.097694127e-07
1.415886552e-08
-1.112065271e-07
9.63931928e-09
-1.122053262e-07
4.93657967e-09
-1.127451496e-07
8.564714485e-11
-1.128076882e-07
-4.873657272e-09
-1.123774958e-07
-9.896757043e-09
-1.114425377e-07
-1.493447768e-08
-1.099947847e-07
-1.993335468e-08
-1.080308302e-07
-2.483609966e-08
-1.055525149e-07
-2.958222885e-08
-1.025675391e-07
-3.410886946e-08
-9.909003303e-08
-3.835175077e-08
-9.514105754e-08
-4.224638115e-08
-9.074899776e-08
-4.572940399e-08
-8.594981486e-08
-4.874011544e-08
-8.07871188e-08
-5.122211606e-08
-7.531202821e-08
-5.31250558e-08
-6.958278864e-08
-5.44064202e-08
-6.366412923e-08
-5.503329452e-08
-5.762634871e-08
-5.49840344e-08
-5.154413599e-08
-5.424976678e-08
-4.549514606e-08
-5.283564512e-08
-3.955836838e-08
-5.07617885e-08
-3.381234043e-08
-4.806384574e-08
-2.833327284e-08
-4.479314315e-08
-2.319316208e-08
-4.101639532e-08
-1.84579719e-08
-3.681498307e-08
-1.418596368e-08
-3.228382652e-08
-1.042624924e-08
-2.752990277e-08
-7.217626895e-09
-2.267047566e-08
-4.58774295e-09
-1.783111818e-08
-2.552600509e-09
-1.314358583e-08
-1.116421697e-09
-8.743504909e-09
-2.718191675e-10
-4.768216916e-09
-1.357441826e-09
-4.558379588e-10
3.707522564e-09
-1.713461789e-09
1.067329815e-08
-3.670845825e-09
1.713455082e-08
-6.234653714e-09
2.305255962e-08
-9.320040455e-09
2.840776198e-08
-1.285035635e-08
3.319435948e-08
-1.675666232e-08
3.741716761e-08
-2.097710955e-08
4.108890141e-08
-2.54562408e-08
4.422771497e-08
-3.014425487e-08
4.685506611e-08
-3.499626481e-08
4.899391763e-08
-3.997157347e-08
5.066726996e-08
-4.50329843e-08
5.189701715e-08
-5.014616002e-08
5.270311365e-08
-5.527903822e-08
5.310303289e-08
-6.040130958e-08
5.311149319e-08
-6.548396148e-08
5.274042177e-08
-7.049888791e-08
5.199912369e-08
-7.541856434e-08
5.089462063e-08
-8.021578534e-08
4.943212364e-08
-8.486346148e-08
4.761560502e-08
-8.933447185e-08
4.544843681e-08
-9.360156844e-08
4.293406674e-08
-9.763732933e-08
4.007670661e-08
-1.014141579e-07
3.688201231e-08
-1.049043271e-07
3.335773891e-08
-1.080800683e-07
2.951435811e-08
-1.109137063e-07
2.536562806e-08
-1.133778421e-07
2.092910798e-08
-1.154455875e-07
1.622661075e-08
-1.170908552e-07
1.128458686e-08
-1.182887079e-07
6.134432209e-09
-1.190157709e-07
8.127100444e-10
-1.192507046e-07
-4.638723793e-09
-1.189747544e-07
-1.017270734e-08
-1.181723418e-07
-1.57368904e-08
-1.168317287e-07
-2.127396794e-08
-1.149457212e-07
-2.672210722e-08
-1.125124013e-07
-3.201554885e-08
-1.095358627e-07
-3.708540818e-08
-1.060269232e-07
-4.186069037e-08
-1.020037785e-07
-4.6269526e-08
-9.749255737e-08
-5.02406252e-08
-9.252773588e-08
-5.370493702e-08
-8.71523648e-08
-5.659748722e-08
-8.141806767e-08
-5.885935302e-08
-7.53847705e-08
-6.043971745e-08
-6.912013312e-08
-6.129793198e-08
-6.26986643e-08
-6.140550329e-08
-5.620051881e-08
-6.074791233e-08
-4.970999312e-08
-5.932617088e-08
-4.331375614e-08
-5.715802553e-08
-3.709887163e-08
-5.427873031e-08
-3.115068596e-08
-5.074132887e-08
-2.555066898e-08
-4.661641235e-08
-2.037430284e-08
-4.199134926e-08
-1.568911482e-08
-3.69690146e-08
-1.155294245e-08
-3.16660752e-08
-8.012504866e-09
-2.621091328e-08
-5.102331833e-09
-2.074129126e-08
-2.844076767e-09
-1.540184099e-08
-1.24622006e-09
-1.034136162e-08
-3.041092543e-10
-5.710327733e-09
-1.661551109e-09
-4.769823387e-10
4.184504698e-09
-1.791732791e-09
1.198804841e-08
-3.836436964e-09
1.917925476e-08
-6.512551974e-09
2.57286744e-08
-9.730615339e-09
3.162582511e-08
-1.340995308e-08
3.687369699e-08
-1.747818548e-08
4.148539979e-08
-2.18705841e-08
4.548129981e-08
-2.652933988e-08
4.888647053e-08
-3.140278577e-08
5.172851178e-08
-3.64446073e-08
5.403573895e-08
-4.161306694e-08
5.58357294e-08
-4.687026221e-08
5.715421222e-08
-5.218143203e-08
5.801428328e-08
-5.751432157e-08
5.843592223e-08
-6.283861186e-08
5.843578329e-08
-6.812541745e-08
5.802722718e-08
-7.334685267e-08
5.722055873e-08
-7.847566493e-08
5.602343273e-08
-8.348493232e-08
5.444139086e-08
-8.834782132e-08
5.247849385e-08
-9.303740064e-08
5.013801597e-08
-9.752650705e-08
4.7423173e-08
-1.017876597e-07
4.433785915e-08
-1.057930209e-07
4.088737333e-08
-1.095144016e-07
3.707911949e-08
-1.129233134e-07
3.292326978e-08
-1.159910678e-07
2.843338233e-08
-1.186889272e-07
2.362696721e-08
-1.209883118e-07
1.85259953e-08
-1.228610692e-07
1.315734416e-08
-1.242798108e-07
7.553173611e-09
-1.252183219e-07
1.751221093e-09
-1.256520477e-07
-4.204998154e-09
-1.255586682e-07
-1.026608689e-08
-1.249187337e-07
-1.637682505e-08
-1.237163927e-07
-2.247630901e-08
-1.219401826e-07
-2.849831744e-08
-1.195838691e-07
-3.437186239e-08
-1.166473142e-07
-4.002196319e-08
-1.131373403e-07
-4.537066431e-08
-1.09068555e-07
-5.033831134e-08
-1.044640902e-07
-5.484509013e-08
-9.935620587e-08
-5.881282137e-08
-9.378670573e-08
-6.216698743e-08
-8.780710856e-08
-6.483895023e-08
-8.147852649e-08
-6.676829957e-08
-7.487120644e-08
-6.790525207e-08
-6.806370558e-08
-6.821300419e-08
-6.114168865e-08
-6.766992929e-08
-5.419635689e-08
-6.627150268e-08
-4.732254246e-08
-6.403183999e-08
-4.061652707e-08
-6.098474573e-08
-3.417366624e-08
-5.718418971e-08
-2.808591966e-08
-5.270415896e-08
-2.243939928e-08
-4.763786966e-08
-1.731205043e-08
-4.209636347e-08
-1.277157416e-08
-3.620655149e-08
-8.873682592e-09
-3.010880487e-08
-5.660752957e-09
-2.395422091e-08
-3.160915325e-09
-1.790167858e-08
-1.38758465e-09
-1.211469236e-08
-3.393745306e-10
-6.758537904e-09
-2.000925622e-09
-4.962520277e-10
4.680756677e-09
-1.863102798e-09
1.335489892e-08
-3.987525299e-09
2.130367704e-08
-6.766303645e-09
2.850745254e-08
-1.010583423e-08
3.496535549e-08
-1.392183213e-08
4.06896947e-08
-1.813882758e-08
4.570239504e-08
-2.268950501e-08
5.003197706e-08
-2.751394552e-08
5.371091085e-08
-3.25588169e-08
5.677338299e-08
-3.777654622e-08
5.92534681e-08
-4.312450219e-08
6.118368519e-08
-4.856420899e-08
6.259391886e-08
-5.406060745e-08
6.351068158e-08
-5.958137473e-08
6.395668937e-08
-6.509630968e-08
6.395071809e-08
-7.057678727e-08
6.350770463e-08
-7.599528285e-08
6.263905417e-08
-8.132496443e-08
6.135311417e-08
-8.653934967e-08
5.965577598e-08
-9.161202336e-08
5.755116741e-08
-9.651641064e-08
5.504240313e-08
-1.012256018e-07
5.213236409e-08
-1.057122252e-07
4.882448243e-08
-1.099483656e-07
4.512351355e-08
-1.139055277e-07
4.103628153e-08
-1.175546466e-07
3.657238862e-08
-1.208661465e-07
3.174488216e-08
-1.23810054e-07
2.65708746e-08
-1.263561713e-07
2.107211253e-08
-1.284743174e-07
1.527549017e-08
-1.301346445e-07
9.213500622e-09
-1.313080381e-07
2.924614615e-09
-1.319666037e-07
-3.54643267e-09
-1.320842626e-07
-1.014842802e-08
-1.316374199e-07
-1.682366778e-08
-1.306057507e-07
-2.350797825e-08
-1.289730713e-07
-3.013099688e-08
-1.267282863e-07
-3.66166475e-08
-1.238663898e-07
-4.288385973e-08
-1.203894912e-07
-4.884756289e-08
-1.163078249e-07
-5.44199777e-08
-1.116406949e-07
-5.951222015e-08
-1.064172984e-07
-6.403621788e-08
-1.006773637e-07
-6.790692213e-08
-9.447153704e-08
-7.104477695e-08
-8.786145286e-08
-7.337838376e-08
-8.091943041e-08
-7.484727453e-08
-7.372775059e-08
-7.540468402e-08
-6.637748795e-08
-7.502019194e-08
-5.896689653e-08
-7.36820941e-08
-5.159937755e-08
-7.139935896e-08
-4.438108778e-08
-6.82030355e-08
-3.74182771e-08
-6.414700038e-08
-3.081446933e-08
-5.930796672e-08
-2.466761763e-08
-5.378472135e-08
-1.906737344e-08
-4.769660765e-08
-1.409260253e-08
-4.11813224e-08
-9.809264217e-09
-3.439214317e-08
-6.268739678e-09
-2.749474544e-08
-3.506658502e-09
-2.06637598e-08
-1.542242038e-09
-1.407910877e-08
-3.780960115e-10
-7.922683889e-09
-2.379021648e-09
-5.135244336e-10
5.194280944e-09
-1.927137351e-09
1.476851171e-08
-4.123216125e-09
2.349975566e-08
-6.994431681e-09
3.137866793e-08
-1.044353251e-08
3.841445616e-08
-1.43830464e-08
4.462920843e-08
-1.873476992e-08
5.005411841e-08
-2.342909582e-08
5.472630281e-08
-2.84042382e-08
5.868605309e-08
-3.360539977e-08
6.197454442e-08
-3.898391615e-08
6.463198435e-08
-4.449640586e-08
6.669617477e-08
-5.010394832e-08
6.820146119e-08
-5.577130715e-08
6.917804029e-08
-6.146621069e-08
6.96515928e-08
-6.715869769e-08
6.964320497e-08
-7.282053186e-08
6.916953869e-08
-7.842468631e-08
6.824320852e-08
-8.394489585e-08
6.687332362e-08
-8.935527377e-08
6.506615381e-08
-9.462998852e-08
6.282588208e-08
-9.974299533e-08
6.015540987e-08
-1.046678184e-07
5.705718708e-08
-1.093773799e-07
5.353404391e-08
-1.138438741e-07
4.959000764e-08
-1.180386852e-07
4.523109258e-08
-1.219323522e-07
4.046605555e-08
-1.254945828e-07
3.530711271e-08
-1.286943233e-07
2.977061506e-08
-1.314998914e-07
2.387768058e-08
-1.338791811e-07
1.765477985e-08
-1.3579995e-07
1.113426954e-08
-1.372301991e-07
4.354863666e-09
-1.381386494e-07
-2.637982463e-09
-1.384953455e-07
-9.791731903e-09
-1.382723457e-07
-1.704666762e-08
-1.374445538e-07
-2.433577015e-08
-1.359906622e-07
-3.15848885e-08
-1.338941993e-07
-3.87131104e-08
-1.311446632e-07
-4.563339586e-08
-1.277387118e-07
-5.225351426e-08
-1.236813695e-07
-5.847732002e-08
-1.189871973e-07
-6.420639228e-08
-1.136813646e-07
-6.934205066e-08
-1.078005472e-07
-7.378773945e-08
-1.013935758e-07
-7.745174839e-08
-9.452174959e-08
-8.025020991e-08
-8.725874263e-08
-8.211028146e-08
-7.969003519e-08
-8.297339143e-08
-7.191182773e-08
-8.279839937e-08
-6.402942002e-08
-8.156450177e-08
-5.615507323e-08
-7.927370572e-08
-4.840541044e-08
-7.595269825e-08
-4.089844971e-08
-7.165396108e-08
-3.375039739e-08
-6.645601901e-08
-2.707235582e-08
-6.046276287e-08
-2.096711263e-08
-5.380185079e-08
-1.552617734e-08
-4.662225766e-08
-1.082721307e-08
-3.90911074e-08
-6.931977269e-09
-3.13899812e-08
-3.884841599e-09
-2.371089537e-08
-1.711923434e-09
-1.625202694e-08
-4.207578089e-10
-9.213849513e-09
-2.799779426e-09
-5.286776166e-10
5.722958555e-09
-1.983409214e-09
1.622324313e-08
-4.242634835e-09
2.575898114e-08
-7.195498359e-09
3.433153133e-08
-1.07416085e-08
4.196056619e-08
-1.479073637e-08
4.867833618e-08
-1.926230296e-08
5.45256849e-08
-2.408470296e-08
5.95487027e-08
-2.91945224e-08
6.379587243e-08
-3.453569353e-08
6.731571545e-08
-4.005862135e-08
7.015491208e-08
-4.57193108e-08
7.235686413e-08
-5.14785178e-08
7.396066811e-08
-5.730094209e-08
7.50004645e-08
-6.315447487e-08
7.55051255e-08
-6.900950966e-08
7.54982397e-08
-7.483832083e-08
7.49983498e-08
-8.061451073e-08
7.401939837e-08
-8.631252383e-08
7.257133667e-08
-9.190722421e-08
7.066085414e-08
-9.737353167e-08
6.829218949e-08
-1.026861115e-07
6.54679897e-08
-1.078191134e-07
6.219018896e-08
-1.127459554e-07
5.846088588e-08
-1.174391514e-07
5.428320361e-08
-1.218701817e-07
4.966212285e-08
-1.260094087e-07
4.460528256e-08
-1.298260421e-07
3.912374609e-08
-1.332881598e-07
3.323273272e-08
-1.363627935e-07
2.695231433e-08
-1.390160898e-07
2.030807608e-08
-1.412135571e-07
1.333173685e-08
-1.429204141e-07
6.061720767e-09
-1.441020454e-07
-1.456351187e-09
-1.44724591e-07
-9.169186292e-09
-1.447556515e-07
-1.701560711e-08
-1.441651451e-07
-2.492627646e-08
-1.429263083e-07
-3.282372531e-08
-1.410168316e-07
-4.062258704e-08
-1.384201181e-07
-4.823010941e-08
-1.35126636e-07
-5.554699624e-08
-1.311353291e-07
-6.24686269e-08
-1.264550278e-07
-6.888669352e-08
-1.211057959e-07
-7.469128252e-08
-1.151201287e-07
-7.977340659e-08
-1.085439107e-07
-8.402796639e-08
-1.01437033e-07
-8.735708751e-08
-9.387357347e-08
-8.967374096e-08
-8.594144936e-08
-9.090551548e-08
-7.774147577e-08
-9.09983729e-08
-6.938579021e-08
-8.992018727e-08
-6.099564512e-08
-8.766385074e-08
-5.269861572e-08
-8.424972759e-08
-4.462531882e-08
-7.97272579e-08
-3.690578458e-08
-7.417555318e-08
-2.966565932e-08
-6.770288806e-08
-2.302244074e-08
-6.044506931e-08
-1.708195069e-08
-5.256274763e-08
-1.193523458e-08
-4.423782344e-08
-7.656038387e-09
-3.566917731e-08
-4.298964018e-09
-2.706796973e-08
-1.898355232e-09
-1.865263561e-08
-4.678458148e-10
-1.064435883e-08
-3.26762524e-09
-5.415964873e-10
6.264554918e-09
-2.031516836e-09
1.771316344e-08
-4.344962824e-09
2.807242705e-08
-7.368160688e-09
3.735472911e-08
-1.099809889e-08
4.559050431e-08
-1.514222531e-08
5.282246253e-08
-1.971794068e-08
5.91014002e-08
-2.465192878e-08
6.448269074e-08
-2.987937803e-08
6.902332162e-08
-3.534313527e-08
7.277947263e-08
-4.099282555e-08
7.58046023e-08
-4.678396663e-08
7.814800517e-08
-5.267710196e-08
7.985380339e-08
-5.863697076e-08
8.096033327e-08
-6.463172918e-08
8.14998839e-08
-7.063223155e-08
8.149874204e-08
-7.661137682e-08
8.097749505e-08
-8.254352157e-08
7.99515431e-08
-8.840395816e-08
7.843177326e-08
-9.416845449e-08
7.642535047e-08
-9.98128506e-08
7.393658561e-08
-1.053127072e-07
7.096784627e-08
-1.106430009e-07
6.752048271e-08
-1.157778635e-07
6.359574848e-08
-1.206903617e-07
5.919570183e-08
-1.253523187e-07
5.43240799e-08
-1.297341788e-07
4.898714273e-08
-1.338049201e-07
4.319448744e-08
-1.37532022e-07
3.695983467e-08
-1.408814974e-07
3.030178975e-08
-1.438180005e-07
2.324457925e-08
-1.463050244e-07
1.581876081e-08
-1.483052029e-07
8.061899266e-09
-1.497807403e-07
1.918631838e-11
-1.506939412e-07
-8.255985365e-09
-1.510079529e-07
-1.670159536e-08
-1.506875971e-07
-2.524663216e-08
-1.497004169e-07
-3.381090545e-08
-1.480178829e-07
-4.230512099e-08
-1.456167607e-07
-5.063123149e-08
-1.424806186e-07
-5.86831383e-08
-1.38601439e-07
-6.634780645e-08
-1.339812823e-07
-7.350685009e-08
-1.286339312e-07
-8.003863353e-08
-1.225864253e-07
-8.582091246e-08
-1.158803805e-07
-9.073401113e-08
-1.085729748e-07
-9.466449307e-08
-1.007374775e-07
-9.75092382e-08
-9.246320392e-08
-9.917978894e-08
-8.385479823e-08
-9.960677849e-08
-7.503077481e-08
-9.874421059e-08
-6.612129656e-08
-9.657332889e-08
-5.726522157e-08
-9.310580247e-08
-4.860651131e-08
-8.838596807e-08
-4.029015296e-08
-8.249191142e-08
-3.245780069e-08
-7.553524023e-08
-2.524337567e-08
-6.765949423e-08
-1.87688786e-08
-5.90372446e-08
-1.314065562e-08
-4.986604632e-08
-8.446318389e-09
-4.036351445e-08
-4.752460081e-09
-3.076182788e-08
-2.103250323e-09
-2.130184532e-08
-5.198471924e-10
-1.222776191e-08
-3.787472389e-09
-5.521780658e-10
6.816733023e-09
-2.071104553e-09
1.923208983e-08
-4.429477099e-09
3.043079954e-08
-7.511232326e-09
4.043648429e-08
-1.121126414e-08
4.929053609e-08
-1.543512837e-08
5.704632672e-08
-2.009855285e-08
6.376482465e-08
-2.512678661e-08
6.951092447e-08
-3.045383805e-08
7.435037304e-08
-3.602164026e-08
7.834727483e-08
-4.177917561e-08
8.156213764e-08
-4.768158797e-08
8.405041753e-08
-5.368930678e-08
8.58615222e-08
-5.976720222e-08
8.703822871e-08
-6.588378627e-08
8.761646796e-08
-7.201046976e-08
8.762542555e-08
-7.812088095e-08
8.708790626e-08
-8.419024785e-08
8.602091003e-08
-9.019484305e-08
8.44363685e-08
-9.611148787e-08
8.234199532e-08
-1.019171111e-07
7.974220887e-08
-1.075883574e-07
7.663909262e-08
-1.131012405e-07
7.303336586e-08
-1.184308373e-07
6.89253454e-08
-1.235510212e-07
6.431588577e-08
-1.284342333e-07
5.920729203e-08
-1.33051295e-07
5.360420454e-08
-1.37371266e-07
4.75144585e-08
-1.413613542e-07
4.094992299e-08
-1.449868889e-07
3.392732454e-08
-1.48211368e-07
2.646905844e-08
-1.509965951e-07
1.860398805e-08
-1.533029224e-07
1.036822663e-08
-1.550896238e-07
1.805887794e-09
-1.563153787e-07
-7.030230366e-09
-1.569390037e-07
-1.60779702e-08
-1.569202384e-07
-2.526539743e-08
-1.562208148e-07
-3.451032886e-08
-1.548057099e-07
-4.372022584e-08
-1.526445985e-07
-5.279234274e-08
-1.497134981e-07
-6.161423859e-08
-1.459965732e-07
-7.006473125e-08
-1.414880524e-07
-7.801537071e-08
-1.36194187e-07
-8.533249883e-08
-1.301351549e-07
-9.187994446e-08
-1.233467933e-07
-9.752237261e-08
-1.158820212e-07
-1.02129265e-07
-1.078118026e-07
-1.055794567e-07
-9.922549894e-08
-1.077660925e-07
-9.023047494e-08
-1.086018024e-07
-8.095085119e-08
-1.080238342e-07
-7.152534671e-08
-1.059988332e-07
-6.210421855e-08
-1.025269305e-07
-5.28453803e-08
-9.764480618e-08
-4.390985929e-08
-9.14274323e-08
-3.545682255e-08
-8.398827683e-08
-2.763845567e-08
-7.547786097e-08
-2.05950057e-08
-6.608069444e-08
-1.445029415e-08
-5.601075773e-08
-9.307965516e-09
-4.550584295e-08
-5.248668967e-09
-3.482112436e-08
-2.328298854e-09
-2.422221526e-08
-5.772492908e-10
-1.397881132e-08
-4.364721663e-09
-5.603383726e-10
7.377071316e-09
-2.10188396e-09
2.077363546e-08
-4.495592871e-09
3.282450846e-08
-7.623750891e-09
4.356464232e-08
-1.137968226e-08
5.304646747e-08
-1.566747318e-08
6.133411764e-08
-2.040151251e-08
6.8498864e-08
-2.550587456e-08
7.461528653e-08
-3.091358838e-08
7.975808688e-08
-3.656582809e-08
8.399951456e-08
-4.241105438e-08
8.740736396e-08
-4.840413527e-08
9.004349845e-08
-5.450547038e-08
9.196285736e-08
-6.068013903e-08
9.32128974e-08
-6.68970877e-08
9.383341669e-08
-7.312836814e-08
9.385670605e-08
-7.934843262e-08
9.33079708e-08
-8.553348903e-08
9.220596652e-08
-9.166091552e-08
9.056379507e-08
-9.770873151e-08
8.838981139e-08
-1.036551209e-07
8.568859838e-08
-1.094780025e-07
8.246197432e-08
-1.151546426e-07
7.871000599e-08
-1.206613058e-07
7.443200878e-08
-1.259729428e-07
6.962752285e-08
-1.310629122e-07
6.429726155e-08
-1.359027411e-07
5.844403352e-08
-1.404619263e-07
5.207364383e-08
-1.447077849e-07
4.519578181e-08
-1.486053633e-07
3.782490302e-08
-1.521174164e-07
2.998111174e-08
-1.55204475e-07
2.169104671e-08
-1.578250162e-07
1.298876805e-08
-1.599357616e-07
3.916633301e-09
-1.614921123e-07
-5.47387954e-09
-1.624487963e-07
-1.512128598e-08
-1.627606335e-07
-2.495356017e-08
-1.623835747e-07
-3.488738743e-08
-1.612759683e-07
-4.482783213e-08
-1.594000692e-07
-5.466824169e-08
-1.567237927e-07
-6.429051494e-08
-1.532226919e-07
-7.356583189e-08
-1.488821193e-07
-8.23559432e-08
-1.43699505e-07
-9.051511288e-08
-1.376866565e-07
-9.789279284e-08
-1.308719502e-07
-1.043370788e-07
-1.233022616e-07
-1.096989534e-07
-1.15044454e-07
-1.138372641e-07
-1.06186238e-07
-1.166243083e-07
-9.683622019e-08
-1.1795182e-07
-8.71229859e-08
-1.177370683e-07
-7.719311364e-08
-1.159287053e-07
-6.720808954e-08
-1.125119544e-07
-5.734018215e-08
-1.075127134e-07
-4.776743591e-08
-1.010001784e-07
-3.866803667e-08
-9.308767592e-08
-3.021438072e-08
-8.393151675e-08
-2.256722632e-08
-7.372784868e-08
-1.587031386e-08
-6.270767003e-08
-1.024580304e-08
-5.113035362e-08
-5.790799656e-09
-3.927612753e-08
-2.575157558e-09
-2.743785724e-08
-6.405387948e-10
-1.591342997e-08
-5.005260402e-09
-5.660182762e-10
7.943089676e-09
-2.123656587e-09
2.233127375e-08
-4.542908848e-09
3.524376075e-08
-7.70504995e-09
4.672678346e-08
-1.150234959e-08
5.684376715e-08
-1.583783038e-08
6.566959848e-08
-2.062485607e-08
7.328588974e-08
-2.578656497e-08
7.977699549e-08
-3.125518635e-08
8.522670832e-08
-3.697127005e-08
8.971559834e-08
-4.288285766e-08
9.331895164e-08
-4.894462251e-08
9.610526338e-08
-5.511700338e-08
9.813523832e-08
-6.136535306e-08
9.946124716e-08
-6.765911859e-08
1.001271823e-07
-7.397106569e-08
1.001686532e-07
-8.02765549e-08
9.961346011e-08
-8.655287332e-08
9.848228506e-08
-9.277862217e-08
9.678954403e-08
-9.893315767e-08
9.454434702e-08
-1.049960814e-07
9.175152229e-08
-1.109467754e-07
8.841266844e-08
-1.167639766e-07
8.45272073e-08
-1.224253873e-07
8.009341962e-08
-1.279073186e-07
7.510945436e-08
-1.331843659e-07
6.957430902e-08
-1.382291174e-07
6.348878509e-08
-1.430118995e-07
5.685642618e-08
-1.475005666e-07
4.96844491e-08
-1.51660342e-07
4.198467859e-08
-1.554537248e-07
3.377449467e-08
-1.58840477e-07
2.50777991e-08
-1.61777711e-07
1.592600222e-08
-1.642200995e-07
6.359021993e-09
-1.661202268e-07
-3.573752016e-09
-1.674291414e-07
-1.381237123e-08
-1.680970635e-07
-2.428563779e-08
-1.680743599e-07
-3.491009086e-08
-1.673127836e-07
-4.558940823e-08
-1.657670007e-07
-5.621402439e-08
-1.633964149e-07
-6.666110061e-08
-1.601672851e-07
-7.679496145e-08
-1.560551094e-07
-8.646811873e-08
-1.510472159e-07
-9.552300616e-08
-1.451454702e-07
-1.037945383e-07
-1.38368966e-07
-1.111135828e-07
-1.307565283e-07
-1.17311391e-07
-1.223688234e-07
-1.222249688e-07
-1.132898467e-07
-1.257032848e-07
-1.036275537e-07
-1.276141128e-07
-9.351342092e-08
-1.278512009e-07
-8.310077194e-08
-1.263413541e-07
-7.256178436e-08
-1.230509418e-07
-6.208319902e-08
-1.179912986e-07
-5.186087697e-08
-1.112225002e-07
-4.209347422e-08
-1.028550785e-07
-3.297561453e-08
-9.304937625e-08
-2.469101657e-08
-8.201244645e-08
-1.740605938e-08
-6.999262703e-08
-1.12642394e-08
-5.727217341e-08
-6.381890841e-09
-4.415847595e-08
-2.845436644e-09
-3.097431121e-08
-7.101998228e-10
-1.804866659e-08
-5.715460192e-09
-5.691908739e-10
8.512280519e-09
-2.136337379e-09
2.389842038e-08
-4.57125466e-09
3.767867812e-08
-7.754834891e-09
4.991036378e-08
-1.157878765e-08
6.066772e-08
-1.594545234e-08
7.003626326e-08
-2.076745403e-08
7.810789153e-08
-2.596720673e-08
8.497674829e-08
-3.147629413e-08
9.073579583e-08
-3.723475368e-08
9.547405799e-08
-4.319029018e-08
9.927448824e-08
-4.929744581e-08
1.022124191e-07
-5.551675209e-08
1.043545447e-07
-6.181388613e-08
1.057583813e-07
-6.815884963e-08
1.06472146e-07
-7.452518445e-08
1.065349882e-07
-8.088923391e-08
1.059775097e-07
-8.722945467e-08
1.04822506e-07
-9.352578057e-08
1.030858701e-07
-9.975903653e-08
1.007776031e-07
-1.059103992e-07
9.790288509e-08
-1.119608995e-07
9.446316894e-08
-1.178909628e-07
9.04572708e-08
-1.236799817e-07
8.588243874e-08
-1.293059189e-07
8.073539177e-08
-1.347449383e-07
7.501332862e-08
-1.399710649e-07
6.871491182e-08
-1.449558757e-07
6.184123727e-08
-1.496682286e-07
5.439680214e-08
-1.540740343e-07
4.639048452e-08
-1.581360867e-07
3.783654734e-08
-1.618139637e-07
2.875567633e-08
-1.650640191e-07
1.91760578e-08
-1.678394902e-07
9.134493323e-09
-1.700907539e-07
-1.322488071e-09
-1.717657254e-07
-1.213739949e-08
-1.72810527e-07
-2.324083591e-08
-1.731703231e-07
-3.455029454e-08
-1.727905006e-07
-4.596923055e-08
-1.716181638e-07
-5.738636086e-08
-1.696039821e-07
-6.867528216e-08
-1.667044009e-07
-7.96945424e-08
-1.628842094e-07
-9.028830997e-08
-1.581194204e-07
-1.00287795e-07
-1.524003816e-07
-1.095135769e-07
-1.457349895e-07
-1.177789747e-07
-1.381518233e-07
-1.24894557e-07
-1.297029698e-07
-1.306738221e-07
-1.204662678e-07
-1.349399865e-07
-1.105466806e-07
-1.375336998e-07
-1.000765106e-07
-1.383213707e-07
-8.921421587e-08
-1.372036486e-07
-7.814166805e-08
-1.341234894e-07
-6.705981681e-08
-1.290731496e-07
-5.618287295e-08
-1.220994439e-07
-4.573128614e-08
-1.133066651e-07
-3.592394379e-08
-1.028567184e-07
-2.69701334e-08
-9.096625662e-08
-1.906186869e-08
-7.790089152e-08
-1.23671646e-08
-6.396687729e-08
-7.024762376e-09
-4.950087793e-08
-3.140683546e-09
-3.485838986e-08
-7.867117749e-10
-2.040263819e-08
-6.5021719e-09
-5.698677676e-10
9.082148412e-09
-2.13997918e-09
2.546853187e-08
-4.580740329e-09
4.011943938e-08
-7.77326228e-09
5.310288585e-08
-1.160915509e-08
6.450361294e-08
-1.599041885e-08
7.441752715e-08
-2.082919046e-08
8.294666327e-08
-2.604733791e-08
9.019489588e-08
-3.157592395e-08
9.626438201e-08
-3.735456005e-08
1.012526942e-07
-4.333067522e-08
1.052506036e-07
-4.945872639e-08
1.083404705e-07
-5.569937681e-08
1.105951953e-07
-6.201866666e-08
1.120776713e-07
-6.838719599e-08
1.128406755e-07
-7.477933589e-08
1.129271283e-07
-8.11724786e-08
1.123706526e-07
-8.754633296e-08
1.111963605e-07
-9.388226761e-08
1.094218049e-07
-1.001627011e-07
1.070580369e-07
-1.063705362e-07
1.041107204e-07
-1.124886335e-07
1.005812665e-07
-1.184993209e-07
9.646795836e-08
-1.243839323e-07
9.176705039e-08
-1.301223746e-07
8.647383436e-08
-1.356927183e-07
8.058367256e-08
-1.41070812e-07
7.409300578e-08
-1.462299227e-07
6.700034821e-08
-1.511404048e-07
5.930728449e-08
-1.557694053e-07
5.101948525e-08
-1.600806146e-07
4.214775689e-08
-1.640340772e-07
3.270913928e-08
-1.675860807e-07
2.272806153e-08
-1.706891462e-07
1.223755906e-08
-1.732921685e-07
1.280534551e-09
-1.753406396e-07
-1.008892814e-08
-1.767772591e-07
-2.180421607e-08
-1.77542569e-07
-3.378498438e-08
-1.775760354e-07
-4.593576387e-08
-1.768174578e-07
-5.814493826e-08
-1.752087785e-07
-7.02839612e-08
-1.726963288e-07
-8.220699182e-08
-1.692335233e-07
-9.375111519e-08
-1.647839842e-07
-1.047373338e-07
-1.593250326e-07
-1.149725282e-07
-1.52851428e-07
-1.24252579e-07
-1.453791751e-07
-1.323668096e-07
-1.369491475e-07
-1.391038494e-07
-1.276302197e-07
-1.442589141e-07
-1.175215525e-07
-1.476423667e-07
-1.067536675e-07
-1.490892554e-07
-9.54879708e-08
-1.484693451e-07
-8.391447217e-08
-1.456969878e-07
-7.224757626e-08
-1.407400452e-07
-6.072000269e-08
-1.336270172e-07
-4.957509658e-08
-1.244515709e-07
-3.90579944e-08
-1.133738203e-07
-2.9406279e-08
-1.006179718e-07
-2.084086036e-08
-8.646630991e-08
-1.355783018e-08
-7.124990723e-08
-7.721958816e-09
-5.53367491e-08
-3.462362885e-09
-3.911798552e-08
-8.705457867e-10
-2.299445504e-08
-7.372717638e-09
-5.681067853e-10
9.650255215e-09
-2.134797855e-09
2.703522314e-08
-4.571807489e-09
4.255644919e-08
-7.761022351e-09
5.629210088e-08
-1.159436428e-08
6.833695503e-08
-1.597378885e-08
7.879695188e-08
-2.081114957e-08
8.778402416e-08
-2.602790643e-08
9.541165292e-08
-3.155469171e-08
1.017911675e-07
-3.733074961e-08
1.070287523e-07
-4.330327252e-08
1.112231267e-07
-4.94266612e-08
1.144638593e-07
-5.566173699e-08
1.168302713e-07
-6.197493221e-08
1.183908668e-07
-6.833748147e-08
1.192032249e-07
-7.472463194e-08
1.19314279e-07
-8.111488526e-08
1.187609061e-07
-8.748927945e-08
1.175707549e-07
-9.383071433e-08
1.157632401e-07
-1.00123321e-07
1.133506437e-07
-1.063518726e-07
1.103392723e-07
-1.125012338e-07
1.06730628e-07
-1.185558421e-07
1.025225669e-07
-1.244992188e-07
9.771042731e-08
-1.303135031e-07
9.228811898e-08
-1.359790082e-07
8.62491779e-08
-1.414737951e-07
7.958779296e-08
-1.467732665e-07
7.229981991e-08
-1.518497809e-07
6.438379918e-08
-1.566722925e-07
5.584199715e-08
-1.612060247e-07
4.668148937e-08
-1.654121888e-07
3.691530372e-08
-1.692477651e-07
2.656363817e-08
-1.726653687e-07
1.565516297e-08
-1.75613238e-07
4.228404218e-09
-1.780353273e-07
-7.666838595e-09
-1.798717312e-07
-1.996781187e-08
-1.810591542e-07
-3.2597561e-08
-1.815318198e-07
-4.5463098e-08
-1.812227343e-07
-5.845402346e-08
-1.800653922e-07
-7.144130295e-08
-1.779959823e-07
-8.427640148e-08
-1.749561354e-07
-9.679096179e-08
-1.70896226e-07
-1.087972429e-07
-1.657791921e-07
-1.200895619e-07
-1.595847783e-07
-1.304469925e-07
-1.523140306e-07
-1.396375569e-07
-1.439937861e-07
-1.474240937e-07
-1.346808141e-07
-1.535718859e-07
-1.244651962e-07
-1.578579843e-07
-1.134724873e-07
-1.60081964e-07
-1.018642083e-07
-1.600776239e-07
-8.983628928e-08
-1.577249065e-07
-7.761522401e-08
-1.529611102e-07
-6.545189902e-08
-1.457903419e-07
-5.361331816e-08
-1.362901515e-07
-4.237270815e-08
-1.246144301e-07
-3.199873102e-08
-1.109919486e-07
-2.274469532e-08
-9.572034535e-08
-1.483871276e-08
-7.915588952e-08
-8.47568272e-09
-6.169977885e-08
-3.811832297e-09
-4.378183571e-08
-9.621605872e-10
-2.584412652e-08
-8.334878148e-09
-5.640186513e-10
1.021427403e-08
-2.121198423e-09
2.859240306e-08
-4.545282633e-09
4.498053359e-08
-7.719424795e-09
5.946624324e-08
-1.153620248e-08
7.215373292e-08
-1.589775776e-08
8.315850737e-08
-2.071580865e-08
9.260207526e-08
-2.591149698e-08
1.006073415e-07
-3.141507633e-08
1.07294747e-07
-3.716545255e-08
1.127791288e-07
-4.310959887e-08
1.171672732e-07
-4.92018741e-08
1.205561348e-07
-5.540327434e-08
1.230316718e-07
-6.168064735e-08
1.2466824e-07
-6.80058952e-08
1.25528473e-07
-7.435518587e-08
1.256635699e-07
-8.070818921e-08
1.251139097e-07
-8.704734723e-08
1.239099132e-07
-9.335718422e-08
1.220730773e-07
-9.962365803e-08
1.196171178e-07
-1.058335512e-07
1.165491658e-07
-1.119738987e-07
1.128709757e-07
-1.180314468e-07
1.085801154e-07
-1.239921399e-07
1.036711208e-07
-1.298406284e-07
9.813660774e-08
-1.355597943e-07
9.196834408e-08
-1.411302917e-07
8.515829074e-08
-1.465300997e-07
7.769962819e-08
-1.517340869e-07
6.958778681e-08
-1.567135921e-07
6.082150264e-08
-1.614360231e-07
5.140392067e-08
-1.65864486e-07
4.134376701e-08
-1.699574573e-07
3.065660984e-08
-1.736685201e-07
1.936622608e-08
-1.769461935e-07
7.506078004e-09
-1.797338845e-07
-4.879147271e-09
-1.819700561e-07
-1.77316399e-08
-1.83588557e-07
-3.097905975e-08
-1.845192802e-07
-4.453237453e-08
-1.846892223e-07
-5.828408098e-08
-1.840240108e-07
-7.210651412e-08
-1.824499851e-07
-8.585042681e-08
-1.798969071e-07
-9.934403946e-08
-1.76301348e-07
-1.123928016e-07
-1.71610757e-07
-1.247801525e-07
-1.657881512e-07
-1.36269598e-07
-1.588172814e-07
-1.466084264e-07
-1.507080236e-07
-1.555333511e-07
-1.415016347e-07
-1.627782745e-07
-1.312754014e-07
-1.680842173e-07
-1.201461351e-07
-1.7121123e-07
-1.082719312e-07
-1.719518275e-07
-9.585166154e-08
-1.701451758e-07
-8.312179999e-08
-1.656909715e-07
-7.03504119e-08
-1.585617297e-07
-5.78284431e-08
-1.4881212e-07
-4.585878748e-08
-1.365840854e-07
-3.474394234e-08
-1.221067935e-07
-2.477331433e-08
-1.056909731e-07
-1.621136088e-08
-8.771784268e-08
-9.287719324e-09
-6.862342016e-08
-4.19031407e-09
-4.887924066e-08
-1.061996871e-09
-2.897244343e-08
-9.396874955e-09
-5.57775125e-10
1.077204922e-08
-2.09980217e-09
3.013443038e-08
-4.502432703e-09
4.738316437e-08
-7.650488347e-09
6.261429912e-08
-1.143745808e-08
7.594070289e-08
-1.576582064e-08
8.748687017e-08
-2.054723675e-08
9.738349162e-08
-2.570256307e-08
1.05762668e-07
-3.116168249e-08
1.127538667e-07
-3.686315997e-08
1.184806065e-07
-4.27537463e-08
1.230578598e-07
-4.878776056e-08
1.265901493e-07
-5.492638506e-08
1.291702965e-07
-6.113690575e-08
1.30878761e-07
-6.739192731e-08
1.317834949e-07
-7.366858696e-08
1.319402298e-07
-7.994778508e-08
1.313931082e-07
-8.621344509e-08
1.301755735e-07
-9.24518097e-08
1.283114422e-07
-9.865077633e-08
1.258160848e-07
-1.047992711e-07
1.226976609e-07
-1.108866588e-07
1.189583637e-07
-1.169021835e-07
1.145956404e-07
-1.22834436e-07
1.096033736e-07
-1.286708407e-07
1.039730128e-07
-1.343971585e-07
9.769466224e-08
-1.399969992e-07
9.075813175e-08
-1.454513407e-07
8.315397003e-08
-1.507380525e-07
7.487449894e-08
-1.558314223e-07
6.591487285e-08
-1.607016889e-07
5.627418769e-08
-1.653145863e-07
4.595666476e-08
-1.6963091e-07
3.497293392e-08
-1.736061234e-07
2.334143992e-08
-1.77190031e-07
1.108998596e-08
-1.803265659e-07
-1.74261198e-09
-1.829536688e-07
-1.510453666e-08
-1.85003497e-07
-2.892923109e-08
-1.864027472e-07
-4.313312403e-08
-1.870734622e-07
-5.761336556e-08
-1.869343036e-07
-7.224567234e-08
-1.859024151e-07
-8.6882315e-08
-1.83895988e-07
-1.013504662e-07
-1.808376201e-07
-1.154511692e-07
-1.766585203e-07
-1.28959252e-07
-1.713035506e-07
-1.416245673e-07
-1.647370029e-07
-1.531749739e-07
-1.569488879e-07
-1.633214658e-07
-1.479613743e-07
-1.717657878e-07
-1.378348661e-07
-1.782107251e-07
-1.266730803e-07
-1.823730155e-07
-1.146264051e-07
-1.839985024e-07
-1.018928243e-07
-1.828787564e-07
-8.871580662e-08
-1.788679888e-07
-7.537880074e-08
-1.718987353e-07
-6.219633084e-08
-1.619945896e-07
-4.950212083e-08
-1.492782951e-07
-3.763511742e-08
-1.339737966e-07
-2.692465524e-08
-1.16401435e-07
-1.767622764e-08
-9.696626998e-08
-1.015935207e-08
-7.614029541e-08
-4.598862932e-09
-5.44397295e-08
-1.170471036e-09
-3.240083506e-08
-1.056734591e-08
-5.496163895e-10
1.132166581e-08
-2.071475506e-09
3.165628973e-08
-4.44502405e-09
4.975671318e-08
-7.55703547e-09
6.572631081e-08
-1.130205321e-08
7.968572091e-08
-1.558294226e-08
9.176775949e-08
-2.031129976e-08
1.021118494e-07
-2.540766356e-08
1.108590321e-07
-3.080150488e-08
1.181477083e-07
-3.643101248e-08
1.241101144e-07
-4.224269251e-08
1.288695401e-07
-4.819081876e-08
1.325382759e-07
-5.423677179e-08
1.352162499e-07
-6.034830475e-08
1.369902943e-07
-6.649876969e-08
1.379339601e-07
-7.266633223e-08
1.381077927e-07
-7.883319601e-08
1.375599723e-07
-8.498485187e-08
1.363272297e-07
-9.110936078e-08
1.344359515e-07
-9.719667478e-08
1.319033991e-07
-1.032379963e-07
1.287389828e-07
-1.092251734e-07
1.249455411e-07
-1.151501263e-07
1.205205937e-07
-1.210043003e-07
1.15457548e-07
-1.26778138e-07
1.09746851e-07
-1.32460565e-07
1.033770896e-07
-1.380384822e-07
9.633604933e-08
-1.434962598e-07
8.8611748e-08
-1.488152272e-07
8.019346672e-08
-1.53973156e-07
7.107280212e-08
-1.589437351e-07
6.124476714e-08
-1.636960385e-07
5.070896861e-08
-1.681939949e-07
3.947089075e-08
-1.72395869e-07
2.754331441e-08
-1.762537795e-07
1.494789687e-08
-1.797133102e-07
1.716919166e-09
-1.82713108e-07
-1.210473847e-08
-1.851849392e-07
-2.645739952e-08
-1.870536366e-07
-4.126442622e-08
-1.882376053e-07
-5.64293964e-08
-1.886497654e-07
-7.183351188e-08
-1.881991011e-07
-8.733297893e-08
-1.867929643e-07
-1.027566026e-07
-1.843402694e-07
-1.179038637e-07
-1.807556917e-07
-1.325438292e-07
-1.759649242e-07
-1.464153345e-07
-1.699109543e-07
-1.592289433e-07
-1.625611929e-07
-1.706712269e-07
-1.539151151e-07
-1.804118652e-07
-1.440118884e-07
-1.881139514e-07
-1.329372704e-07
-1.934476332e-07
-1.208289158e-07
-1.961068567e-07
-1.078791719e-07
-1.958285e-07
-9.43345125e-08
-1.924126479e-07
-8.049099453e-08
-1.857422529e-07
-6.668551881e-08
-1.75800065e-07
-5.328320569e-08
-1.626806079e-07
-4.066177584e-08
-1.465952261e-07
-2.919435605e-08
-1.278688544e-07
-1.923249235e-08
-1.069281334e-07
-1.109127225e-08
-8.428151523e-08
-5.038330895e-09
-6.049267052e-08
-1.2879678e-09
-3.615119783e-08
-1.185531363e-08
-5.398602147e-10
1.186152613e-08
-2.037361159e-09
3.3153791e-08
-4.375386194e-09
5.209473852e-08
-7.442794171e-09
6.879371909e-08
-1.113518509e-08
8.337811213e-08
-1.535573621e-08
9.598831091e-08
-2.001587336e-08
1.067719869e-07
-2.503570431e-08
1.158788634e-07
-3.034419318e-08
1.234561975e-07
-3.587908358e-08
1.296450051e-07
-4.158659888e-08
1.345770557e-07
-4.742095996e-08
1.383726373e-07
-5.33437658e-08
1.41139056e-07
-5.932328062e-08
1.429698094e-07
-6.533366709e-08
1.43944347e-07
-7.135419801e-08
1.44128324e-07
-7.736847162e-08
1.435742462e-07
-8.336364816e-08
1.423224066e-07
-8.932971885e-08
1.404020225e-07
-9.525881286e-08
1.378324935e-07
-1.011445436e-07
1.346247139e-07
-1.069813919e-07
1.307823898e-07
-1.127641227e-07
1.263033249e-07
-1.184872277e-07
1.211806534e-07
-1.241443887e-07
1.154040124e-07
-1.29727953e-07
1.089606543e-07
-1.352284132e-07
1.018365099e-07
-1.406338844e-07
9.401721968e-08
-1.459295707e-07
8.54891534e-08
-1.510972145e-07
7.624044631e-08
-1.561145251e-07
6.626207818e-08
-1.609545835e-07
5.554902745e-08
-1.655852253e-07
4.410153301e-08
-1.699684097e-07
3.192649919e-08
-1.740595913e-07
1.903907898e-08
-1.778071326e-07
5.464460839e-09
-1.811517174e-07
-8.760153182e-09
-1.840260837e-07
-2.358303282e-08
-1.863546992e-07
-3.893581027e-08
-1.880538784e-07
-5.473021678e-08
-1.890323308e-07
-7.085505905e-08
-1.891923038e-07
-8.717300553e-08
-1.884315013e-07
-1.035174047e-07
-1.866459656e-07
-1.19689399e-07
-1.837340981e-07
-1.354556964e-07
-1.79601951e-07
-1.505474812e-07
-1.741698395e-07
-1.646610544e-07
-1.673801845e-07
-1.774608815e-07
-1.592063093e-07
-1.885857401e-07
-1.496616794e-07
-1.97658581e-07
-1.38808822e-07
-2.043004902e-07
-1.26766931e-07
-2.081487473e-07
-1.137170156e-07
-2.088784151e-07
-9.990344808e-08
-2.06226215e-07
-8.563096364e-08
-2.00014737e-07
-7.125658752e-08
-1.901744408e-07
-5.717659082e-08
-1.767606043e-07
-4.380931709e-08
-1.599624995e-07
-3.157545312e-08
-1.40102718e-07
-2.087787719e-08
-1.17625709e-07
-1.208348479e-08
-9.307590729e-08
-5.509330538e-09
-6.706682444e-08
-1.414832694e-09
-4.024569537e-08
-1.327014624e-08
-5.289111268e-10
1.239043748e-08
-1.998913224e-09
3.46237934e-08
-4.296482823e-09
5.439230845e-08
-7.31251021e-09
7.180974681e-08
-1.094347981e-08
8.700908206e-08
-1.509265672e-08
1.001374882e-07
-1.967106676e-08
1.113503972e-07
-2.459818645e-08
1.208059834e-07
-2.98023173e-08
1.286603287e-07
-3.522065533e-08
1.350633435e-07
-4.07990913e-08
1.401554921e-07
-4.649179107e-08
1.440653374e-07
-5.226060982e-08
1.469078751e-07
-5.80743921e-08
1.48783592e-07
-6.390820375e-08
1.49778159e-07
-6.974253361e-08
1.499626542e-07
-7.556249413e-08
1.493942071e-07
-8.135704158e-08
1.481169545e-07
-8.711822895e-08
1.461632103e-07
-9.284049844e-08
1.435547634e-07
-9.85200156e-08
1.403042314e-07
-1.041540431e-07
1.364164177e-07
-1.0974035e-07
1.318896322e-07
-1.152766497e-07
1.267169535e-07
-1.207600594e-07
1.208874225e-07
-1.26186572e-07
1.143871672e-07
-1.315505309e-07
1.072004693e-07
-1.368440995e-07
9.931078873e-08
-1.420567139e-07
9.070176826e-08
-1.471745112e-07
8.135824397e-08
-1.52179724e-07
7.126729143e-08
-1.570500363e-07
6.041934028e-08
-1.617578963e-07
4.880939348e-08
-1.66269788e-07
3.643839135e-08
-1.705454732e-07
2.331476455e-08
-1.745372208e-07
9.456208896e-09
-1.781890545e-07
-5.10831898e-09
-1.814361092e-07
-2.033597766e-08
-1.842040953e-07
-3.616782369e-08
-1.864089653e-07
-5.252534636e-08
-1.879570171e-07
-6.930700679e-08
-1.887455479e-07
-8.638447438e-08
-1.886642693e-07
-1.035986828e-07
-1.875977202e-07
-1.207559477e-07
-1.854289164e-07
-1.376244998e-07
-1.820444611e-07
-1.53931936e-07
-1.773412673e-07
-1.693642479e-07
-1.712349163e-07
-1.835672321e-07
-1.636694776e-07
-1.961511784e-07
-1.546283408e-07
-2.066997174e-07
-1.441452916e-07
-2.14783539e-07
-1.323147345e-07
-2.199793041e-07
-1.192996989e-07
-2.218934503e-07
-1.053361504e-07
-2.201897632e-07
-9.073224918e-08
-2.146186379e-07
-7.586161473e-08
-2.050450749e-07
-6.115036219e-08
-1.914718565e-07
-4.705860359e-08
-1.740542577e-07
-3.405808567e-08
-1.531032356e-07
-2.260846589e-08
-1.290753284e-07
-1.313521565e-08
-1.025491572e-07
-6.01219901e-09
-7.418984073e-08
-1.551364513e-09
-4.470652953e-08
-1.482151066e-08
-5.172722097e-10
1.290770983e-08
-1.957937745e-09
3.606445931e-08
-4.211993302e-09
5.664636436e-08
-7.172074274e-09
7.476982814e-08
-1.073516373e-08
9.057217187e-08
-1.480420824e-08
1.04206533e-07
-1.928946135e-08
1.158356507e-07
-2.410946382e-08
1.256259862e-07
-2.919163362e-08
1.337424988e-07
-3.447248432e-08
1.403441945e-07
-3.989751905e-08
1.455805271e-07
-4.542086169e-08
1.495886804e-07
-5.100469091e-08
1.524917047e-07
-5.661853899e-08
1.543974405e-07
-6.223850956e-08
1.553981299e-07
-6.784645851e-08
1.555706035e-07
-7.34291715e-08
1.549769205e-07
-7.897756182e-08
1.536653452e-07
-8.448590352e-08
1.516715524e-07
-8.995110786e-08
1.490199681e-07
-9.537204546e-08
1.457251695e-07
-1.007489123e-07
1.41793285e-07
-1.060826349e-07
1.372233552e-07
-1.113743076e-07
1.320086265e-07
-1.16624653e-07
1.261377684e-07
-1.218334975e-07
1.195960121e-07
-1.269992481e-07
1.123662204e-07
-1.321183632e-07
1.044299043e-07
-1.371848023e-07
9.576820779e-08
-1.421894446e-07
8.636288669e-08
-1.471194647e-07
7.6197312e-08
-1.519576552e-07
6.525753128e-08
-1.566816878e-07
5.353342652e-08
-1.612633086e-07
4.10200126e-08
-1.6566747e-07
2.771892647e-08
-1.698514121e-07
1.364015142e-08
-1.737637377e-07
-1.195992895e-09
-1.773434004e-07
-1.675631449e-08
-1.805190167e-07
-3.299220691e-08
-1.832080201e-07
-4.983634248e-08
-1.853163038e-07
-6.719872271e-08
-1.86738318e-07
-8.496245976e-08
-1.873578765e-07
-1.029791239e-07
-1.870499456e-07
-1.210638782e-07
-1.856837215e-07
-1.389907234e-07
-1.831273102e-07
-1.56488347e-07
-1.792542825e-07
-1.732372752e-07
-1.739522728e-07
-1.888692415e-07
-1.671335893e-07
-2.029698615e-07
-1.587475108e-07
-2.150857955e-07
-1.487935567e-07
-2.247374928e-07
-1.3733458e-07
-2.314382804e-07
-1.245081241e-07
-2.347199059e-07
-1.105342077e-07
-2.341636794e-07
-9.57176937e-08
-2.294351515e-07
-8.044375306e-08
-2.203190152e-07
-6.516569857e-08
-2.067499106e-07
-5.038558087e-08
-1.888343751e-07
-3.662922035e-08
-1.668595958e-07
-2.441853423e-08
-1.412860142e-07
-1.424482577e-08
-1.127228653e-07
-6.54696554e-09
-8.188770061e-08
-1.697808973e-09
-4.955568576e-08
-1.651931955e-08
-5.055584626e-10
1.341326854e-08
-1.91664165e-09
3.747554285e-08
-4.126409503e-09
5.885613259e-08
-7.028670498e-09
7.767208951e-08
-1.052025975e-08
9.406376149e-08
-1.450317969e-08
1.081894533e-07
-1.888637005e-08
1.202188414e-07
-2.358701334e-08
1.303266299e-07
-2.853135285e-08
1.386868387e-07
-3.365505576e-08
1.454678978e-07
-3.890318611e-08
1.508286579e-07
-4.422986682e-08
1.549153615e-07
-4.95977115e-08
1.578595498e-07
-5.497710092e-08
1.597768303e-07
-6.034536809e-08
1.607663975e-07
-6.568594298e-08
1.609111788e-07
-7.098749509e-08
1.60278473e-07
-7.624310063e-08
1.589209511e-07
-8.14494506e-08
1.568779028e-07
-8.660610856e-08
1.541766265e-07
-9.171482032e-08
1.508338817e-07
-9.677887343e-08
1.468573386e-07
-1.01802501e-07
1.422469833e-07
-1.067903223e-07
1.369964483e-07
-1.117468099e-07
1.310942564e-07
-1.166757732e-07
1.245249759e-07
-1.215798468e-07
1.172702945e-07
-1.264599695e-07
1.093100275e-07
-1.313148419e-07
1.006230807e-07
-1.361403479e-07
9.118839312e-08
-1.409289256e-07
8.098589013e-08
-1.456688742e-07
6.999748039e-08
-1.503435843e-07
5.820813708e-08
-1.549306801e-07
4.560710887e-08
-1.594010688e-07
3.218931565e-08
-1.637179028e-07
1.795698586e-08
-1.678354877e-07
2.921592485e-09
-1.716980046e-07
-1.289379707e-08
-1.752385781e-07
-2.945163296e-08
-1.783780115e-07
-4.669690859e-08
-1.810239324e-07
-6.455280142e-08
-1.830702931e-07
-8.291609859e-08
-1.843974843e-07
-1.016519322e-07
-1.848733634e-07
-1.205879987e-07
-1.843555592e-07
-1.395085272e-07
-1.826954561e-07
-1.581484497e-07
-1.797442611e-07
-1.761884698e-07
-1.753614884e-07
-1.932520138e-07
-1.694260231e-07
-2.089053263e-07
-1.618496251e-07
-2.226621931e-07
-1.52592295e-07
-2.339948225e-07
-1.41678381e-07
-2.42352194e-07
-1.292117215e-07
-2.47186565e-07
-1.153876423e-07
-2.479877582e-07
-1.00499409e-07
-2.443233845e-07
-8.493696146e-08
-2.358814624e-07
-6.917652094e-08
-2.225103508e-07
-5.376095359e-08
-2.042499421e-07
-3.927241016e-08
-1.813481389e-07
-2.630040272e-08
-1.542580213e-07
-1.540973956e-08
-1.236135282e-07
-7.113326405e-09
-9.018411342e-08
-1.854354422e-09
-5.481465741e-08
-1.837367388e-08
-4.945146368e-10
1.390778335e-08
-1.877693508e-09
3.885872213e-08
-4.045154194e-09
6.102359368e-08
-6.890954763e-09
8.051789047e-08
-1.031081772e-08
9.748362484e-08
-1.420491241e-08
1.120835484e-07
-1.848012446e-08
1.244940539e-07
-2.305172242e-08
1.348982282e-07
-2.784441036e-08
1.434795271e-07
-3.279282211e-08
1.5041631e-07
-3.784154755e-08
1.558773837e-07
-4.294479394e-08
1.600186083e-07
-4.806578355e-08
1.629805398e-07
-5.317597815e-08
1.648870253e-07
-5.82542058e-08
1.658446256e-07
-6.32857489e-08
1.659427224e-07
-6.826143645e-08
1.65254161e-07
-7.317676952e-08
1.638362846e-07
-7.803109755e-08
1.617322312e-07
-8.282685383e-08
1.589723832e-07
-8.756885186e-08
1.555758801e-07
-9.226363946e-08
1.515521266e-07
-9.691890411e-08
1.469022484e-07
-1.015429203e-07
1.41620465e-07
-1.061440287e-07
1.356953652e-07
-1.107301342e-07
1.291110819e-07
-1.153082113e-07
1.21848372e-07
-1.198838009e-07
1.138856176e-07
-1.244604854e-07
1.051997656e-07
-1.290393244e-07
9.576723264e-08
-1.336182361e-07
8.556480224e-08
-1.381913056e-07
7.457055042e-08
-1.427480058e-07
6.276483769e-08
-1.472723118e-07
5.01314154e-08
-1.517416992e-07
3.665870346e-08
-1.561260191e-07
2.234130625e-08
-1.603862545e-07
7.181828372e-09
-1.644731167e-07
-8.806934406e-09
-1.683257273e-07
-2.559902184e-08
-1.718701108e-07
-4.315252468e-08
-1.750178096e-07
-6.140510213e-08
-1.776647783e-07
-8.026912945e-08
-1.796907514e-07
-9.962595867e-08
-1.809594035e-07
-1.193193462e-07
-1.813196998e-07
-1.391482305e-07
-1.806089206e-07
-1.588592284e-07
-1.786578909e-07
-1.781394991e-07
-1.752989335e-07
-1.966109708e-07
-1.703769408e-07
-2.138273187e-07
-1.637636818e-07
-2.292754517e-07
-1.55375e-07
-2.423835039e-07
-1.451899129e-07
-2.525372808e-07
-1.33269865e-07
-2.591066125e-07
-1.197756477e-07
-2.614819752e-07
-1.049790026e-07
-2.591200292e-07
-8.92659121e-08
-2.515945526e-07
-7.312925499e-08
-2.386470076e-07
-5.714993431e-08
-2.202292624e-07
-4.196760231e-08
-1.965304705e-07
-2.824432348e-08
-1.679812998e-07
-1.662639576e-08
-1.352314556e-07
-7.710631915e-09
-9.90998769e-08
-2.021131253e-09
-6.050415774e-08
-2.039480505e-08
-4.850375325e-10
1.439282113e-08
-1.844301146e-09
4.021798613e-08
-3.974729503e-09
6.315402244e-08
-6.769273764e-09
8.331243514e-08
-1.0121191e-08
1.008355425e-07
-1.392761259e-08
1.158899704e-07
-1.809239788e-08
1.286588396e-07
-2.252819737e-08
1.393340281e-07
-2.715773779e-08
1.481090679e-07
-3.191442035e-08
1.551729929e-07
-3.674235959e-08
1.607053234e-07
-4.159599827e-08
1.648722474e-07
-4.643942585e-08
1.678239678e-07
-5.124551078e-08
1.696931107e-07
-5.59949356e-08
1.705940508e-07
-6.067520189e-08
1.706229891e-07
-6.527965271e-08
1.698586123e-07
-6.98065433e-08
1.683631756e-07
-7.42581772e-08
1.661838656e-07
-7.864011548e-08
1.63354322e-07
-8.29604588e-08
1.598962239e-07
-8.722919753e-08
1.558208658e-07
-9.145762145e-08
1.511306727e-07
-9.565777838e-08
1.458206223e-07
-9.984196984e-08
1.398795571e-07
-1.040222702e-07
1.332913827e-07
-1.082100555e-07
1.260361577e-07
-1.12415526e-07
1.180910886e-07
-1.166472079e-07
1.094314479e-07
-1.209114145e-07
1.000314397e-07
-1.252116516e-07
8.986503984e-08
-1.295479452e-07
7.890684444e-08
-1.339160724e-07
6.713296539e-08
-1.38306676e-07
5.452201948e-08
-1.427042414e-07
4.10562693e-08
-1.470859221e-07
2.672298744e-08
-1.514201999e-07
1.151610668e-08
-1.55665377e-07
-4.561756924e-09
-1.597679398e-07
-2.149645857e-08
-1.636608598e-07
-3.925960421e-08
-1.672617161e-07
-5.780424539e-08
-1.704710048e-07
-7.705984027e-08
-1.731707493e-07
-9.69262138e-08
-1.752237217e-07
-1.172663734e-07
-1.764736959e-07
-1.378982559e-07
-1.767472692e-07
-1.585856547e-07
-1.758579013e-07
-1.790288666e-07
-1.736128743e-07
-1.988559973e-07
-1.698238305e-07
-2.176163621e-07
-1.643213282e-07
-2.347779537e-07
-1.569734082e-07
-2.497314236e-07
-1.477074547e-07
-2.618032339e-07
-1.36533697e-07
-2.7028037e-07
-1.235676676e-07
-2.744480043e-07
-1.09048064e-07
-2.736396324e-07
-9.334607903e-08
-2.672965372e-07
-7.696271603e-08
-2.550303702e-07
-6.05120761e-08
-2.36679902e-07
-4.46910072e-08
-2.123515391e-07
-3.023841332e-08
-1.824338933e-07
-1.789023076e-08
-1.475796378e-07
-8.337891407e-09
-1.086522159e-07
-2.198216885e-09
-6.664383194e-08
-2.259302185e-08
-4.782063743e-10
1.487102771e-08
-1.820312528e-09
4.156009271e-08
-3.922906387e-09
6.525661672e-08
-6.67593877e-09
8.606546794e-08
-9.968373425e-09
1.041279776e-07
-1.369272046e-08
1.196143178e-07
-1.77485722e-08
1.327146917e-07
-2.204509516e-08
1.436305515e-07
-2.650253163e-08
1.525665048e-07
-3.105285606e-08
1.597233178e-07
-3.563976531e-08
1.65292233e-07
-4.021818243e-08
1.694506649e-07
-4.475343513e-08
1.723592209e-07
-4.922024318e-08
1.741599191e-07
-5.360161886e-08
1.749754269e-07
-5.788775624e-08
1.749091269e-07
-6.207496054e-08
1.74045817e-07
-6.616464837e-08
1.724528639e-07
-7.0162435e-08
1.701816526e-07
-7.407731312e-08
1.672692005e-07
-7.792092022e-08
1.637398314e-07
-8.170688674e-08
1.596068327e-07
-8.545025397e-08
1.548740404e-07
-8.916694882e-08
1.495373176e-07
-9.287330166e-08
1.435859104e-07
-9.658559242e-08
1.370036739e-07
-1.003196097e-07
1.297701754e-07
-1.04090207e-07
1.218616863e-07
-1.079108385e-07
1.132520799e-07
-1.11793058e-07
1.039136596e-07
-1.157459588e-07
9.381794117e-08
-1.197755375e-07
8.29364236e-08
-1.238839555e-07
7.124138383e-08
-1.280686772e-07
5.870674164e-08
-1.323214584e-07
4.530905095e-08
-1.366271601e-07
3.102868953e-08
-1.409623707e-07
1.585131782e-08
-1.452938295e-07
-2.30297723e-10
-1.495765256e-07
-1.721376198e-08
-1.53751915e-07
-3.508421445e-08
-1.577455776e-07
-5.381058229e-08
-1.61465014e-07
-7.334040343e-08
-1.64797525e-07
-9.359370244e-08
-1.676084764e-07
-1.144554215e-07
-1.697403608e-07
-1.357663712e-07
-1.710132196e-07
-1.573127954e-07
-1.712271629e-07
-1.788149229e-07
-1.701678586e-07
-1.999153013e-07
-1.676159232e-07
-2.201682971e-07
-1.633610282e-07
-2.390328484e-07
-1.572211593e-07
-2.558712921e-07
-1.490667444e-07
-2.699576484e-07
-1.388482825e-07
-2.804988315e-07
-1.266247694e-07
-2.866715172e-07
-1.125888825e-07
-2.876755189e-07
-9.708399425e-08
-2.828014252e-07
-8.060811067e-08
-2.715062535e-07
-6.380119091e-08
-2.534868215e-07
-4.741503657e-08
-2.287376931e-07
-3.226864405e-08
-1.975802856e-07
-1.919570489e-08
-1.606525767e-07
-8.993803012e-09
-1.188541175e-07
-2.385648677e-09
-7.325198595e-08
-2.497867045e-08
-4.753229148e-10
1.534635087e-08
-1.810348641e-09
4.289511885e-08
-3.898969293e-09
6.734523779e-08
-6.625571387e-09
8.879207045e-08
-9.872413827e-09
1.073748204e-07
-1.352534957e-08
1.23267254e-07
-1.747815525e-08
1.366674978e-07
-2.163547611e-08
1.477878727e-07
-2.591450698e-08
1.56845536e-07
-3.024563365e-08
1.640544449e-07
-3.457228631e-08
1.696188861e-07
-3.88502431e-08
1.737286221e-07
-4.3046588e-08
1.765555662e-07
-4.71384856e-08
1.782518172e-07
-5.111189392e-08
1.789488356e-07
-5.496029877e-08
1.787575321e-07
-5.868352299e-08
1.777690416e-07
-6.228663962e-08
1.76055981e-07
-6.577900112e-08
1.736740146e-07
-6.917338459e-08
1.706635844e-07
-7.248524531e-08
1.670516926e-07
-7.573206655e-08
1.628536544e-07
-7.893279077e-08
1.58074765e-07
-8.210731663e-08
1.527118439e-07
-8.527604554e-08
1.467546398e-07
-8.845946137e-08
1.401870902e-07
-9.167772702e-08
1.329884415e-07
-9.495028101e-08
1.251342407e-07
-9.829541677e-08
1.165972161e-07
-1.017298264e-07
1.073480697e-07
-1.05268089e-07
9.735620422e-08
-1.089220824e-07
8.65904174e-08
-1.127002941e-07
7.501959597e-08
-1.166070062e-07
6.261345424e-08
-1.206413245e-07
4.934336963e-08
-1.247960188e-07
3.518338433e-08
-1.290561551e-07
2.011145454e-08
-1.333974916e-07
4.111039146e-09
-1.377844692e-07
-1.282678395e-08
-1.421682468e-07
-3.070043644e-08
-1.464841349e-07
-4.949469378e-08
-1.506489124e-07
-6.917562547e-08
-1.545580501e-07
-8.968456437e-08
-1.580830563e-07
-1.10930415e-07
-1.610693197e-07
-1.327801074e-07
-1.633350036e-07
-1.550471112e-07
-1.64671771e-07
-1.774781551e-07
-1.648483514e-07
-1.997387206e-07
-1.636181348e-07
-2.213985134e-07
-1.607320145e-07
-2.419189683e-07
-1.559574502e-07
-2.606458561e-07
-1.491040695e-07
-2.768110288e-07
-1.400549664e-07
-2.895479344e-07
-1.288012235e-07
-2.979252597e-07
-1.154753362e-07
-3.010014059e-07
-1.003776291e-07
-2.978991321e-07
-8.398912886e-08
-2.878947534e-07
-6.696534153e-08
-2.705106085e-07
-5.010831116e-08
-2.455947232e-07
-3.431889907e-08
-2.133696974e-07
-2.053638296e-08
-1.744350925e-07
-9.676816877e-09
-1.297136833e-07
-2.583448135e-09
-8.034535442e-08
-2.75621185e-08
-4.779663743e-10
1.582431746e-08
-1.819979723e-09
4.423713263e-08
-3.914034067e-09
6.943929256e-08
-6.635542297e-09
9.15135791e-08
-9.856927026e-09
1.105962056e-07
-1.345480818e-08
1.268651356e-07
-1.731525013e-08
1.405279402e-07
-2.133716684e-08
1.518097899e-07
-2.543411235e-08
1.60942482e-07
-2.953479561e-08
1.681551285e-07
-3.358267211e-08
1.73666763e-07
-3.753492704e-08
1.776808775e-07
-4.13611078e-08
1.803817474e-07
-4.504160146e-08
1.819323113e-07
-4.856609569e-08
1.824733303e-07
-5.193211288e-08
1.821235498e-07
-5.514366961e-08
1.809805988e-07
-5.821008567e-08
1.791223974e-07
-6.114494746e-08
1.766088768e-07
-6.396521857e-08
1.734838559e-07
-6.669048281e-08
1.697769572e-07
-6.934230145e-08
1.655054735e-07
-7.194366526e-08
1.606761293e-07
-7.451852157e-08
1.552867007e-07
-7.709135741e-08
1.49327476e-07
-7.968682068e-08
1.427825539e-07
-8.232936149e-08
1.356309828e-07
-8.504287671e-08
1.278477563e-07
-8.785034002e-08
1.194046799e-07
-9.077339957e-08
1.102711296e-07
-9.383192365e-08
1.004147287e-07
-9.70434732e-08
8.980196736e-08
-1.004226773e-07
7.839880052e-08
-1.039804849e-07
6.617126221e-08
-1.077232605e-07
5.308614564e-08
-1.116516894e-07
3.911181367e-08
-1.157594568e-07
2.421922232e-08
-1.200316513e-07
8.383234085e-09
-1.244428167e-07
-8.41561819e-09
-1.289547619e-07
-2.618849079e-08
-1.335139377e-07
-4.493551764e-08
-1.380483792e-07
-6.464118354e-08
-1.424643835e-07
-8.526855972e-08
-1.466430301e-07
-1.067517681e-07
-1.504368503e-07
-1.289862868e-07
-1.536671491e-07
-1.518168121e-07
-1.561227489e-07
-1.750225549e-07
-1.575612451e-07
-1.983002241e-07
-1.577141723e-07
-2.212455859e-07
-1.562976961e-07
-2.433354442e-07
-1.53030403e-07
-2.63913149e-07
-1.476592692e-07
-2.821821623e-07
-1.399937593e-07
-2.97213444e-07
-1.299461594e-07
-3.079728594e-07
-1.175738537e-07
-3.133737113e-07
-1.03116826e-07
-3.123561595e-07
-8.70220725e-08
-3.039895066e-07
-6.994687494e-08
-2.875858058e-07
-5.273572668e-08
-2.628058712e-07
-3.637110097e-08
-2.297343228e-07
-2.190508142e-08
-1.889011118e-07
-1.038524187e-08
-1.412335225e-07
-2.7916602e-09
-8.793893581e-08
-3.035377865e-08
-4.880677021e-10
1.631238541e-08
-1.855959916e-09
4.560502526e-08
-3.981461927e-09
7.156479499e-08
-6.726527825e-09
9.425864542e-08
-9.94972089e-09
1.13819399e-07
-1.351521083e-08
1.304306259e-07
-1.729906848e-08
1.443117982e-07
-2.11931068e-08
1.557038286e-07
-2.510666042e-08
1.64856036e-07
-2.896680833e-08
1.720152769e-07
-3.271752952e-08
1.774174846e-07
-3.631820607e-08
1.812815544e-07
-3.974179671e-08
1.838053385e-07
-4.297291317e-08
1.851634281e-07
-4.600595396e-08
1.855063715e-07
-4.884338776e-08
1.84960984e-07
-5.149423252e-08
1.836314439e-07
-5.39727448e-08
1.816009101e-07
-5.629731273e-08
1.789334451e-07
-5.848953441e-08
1.75676078e-07
-6.057345737e-08
1.718608806e-07
-6.25749528e-08
1.675069693e-07
-6.452119865e-08
1.626223755e-07
-6.644024716e-08
1.572057496e-07
-6.836065458e-08
1.512478839e-07
-7.03111528e-08
1.447330525e-07
-7.23203439e-08
1.376401743e-07
-7.441640022e-08
1.299438131e-07
-7.662675274e-08
1.216150328e-07
-7.897775018e-08
1.126221275e-07
-8.149427032e-08
1.029312493e-07
-8.419926334e-08
9.250696077e-08
-8.711320423e-08
8.131274179e-08
-9.025342751e-08
6.931148588e-08
-9.36333125e-08
5.646603101e-08
-9.726128084e-08
4.273978238e-08
-1.01139563e-07
2.809750482e-08
-1.052626818e-07
1.250635329e-08
-1.096155817e-07
-4.062717953e-09
-1.141713654e-07
-2.163270671e-08
-1.188886762e-07
-4.021820647e-08
-1.237084085e-07
-5.982145087e-08
-1.285499853e-07
-8.042698258e-08
-1.333071992e-07
-1.019945538e-07
-1.378438286e-07
-1.24449657e-07
-1.419894387e-07
-1.476712017e-07
-1.455360704e-07
-1.714759229e-07
-1.482369065e-07
-1.955993878e-07
-1.498084512e-07
-2.196740409e-07
-1.499381798e-07
-2.432057153e-07
-1.482998415e-07
-2.655514869e-07
-1.445783878e-07
-2.859036157e-07
-1.385055448e-07
-3.032862867e-07
-1.299051278e-07
-3.165732762e-07
-1.187443103e-07
-3.245345287e-07
-1.051836677e-07
-3.259168019e-07
-8.961593213e-08
-3.195572419e-07
-7.268243807e-08
-3.045192996e-07
-5.52585504e-08
-2.802297587e-07
-3.840540836e-08
-2.465874646e-07
-2.329409354e-08
-2.040124264e-07
-1.111740871e-08
-1.534102071e-07
-3.010413585e-09
-9.604593071e-08
-3.336419215e-08
-5.080114226e-10
1.682039705e-08
-1.926540218e-09
4.702355447e-08
-4.117398079e-09
7.375565327e-08
-6.92321259e-09
9.706446034e-08
-1.018355722e-08
1.170797441e-07
-1.374617857e-08
1.339932477e-07
-1.747446144e-08
1.480400815e-07
-2.125162515e-08
1.594809927e-07
-2.498229513e-08
1.685867064e-07
-2.859219143e-08
1.756251735e-07
-3.202660906e-08
1.808519026e-07
-3.524823224e-08
1.84503178e-07
-3.823468176e-08
1.867917884e-07
-4.097606639e-08
1.879048131e-07
-4.347270429e-08
1.880030098e-07
-4.573310238e-08
1.872213824e-07
-4.777222637e-08
1.856705683e-07
-4.961005916e-08
1.834387433e-07
-5.127042415e-08
1.805938105e-07
-5.27800397e-08
1.77185694e-07
-5.416776734e-08
1.732486086e-07
-5.546401705e-08
1.688032194e-07
-5.670027578e-08
1.638586346e-07
-5.790872901e-08
1.584142032e-07
-5.912194942e-08
1.524611047e-07
-6.03726298e-08
1.459837332e-07
-6.169334038e-08
1.389608852e-07
-6.31162926e-08
1.313667656e-07
-6.467309316e-08
1.231718337e-07
-6.639447175e-08
1.143435064e-07
-6.830996489e-08
1.048467428e-07
-7.0447538e-08
9.464453424e-08
-7.283312427e-08
8.369832841e-08
-7.549005514e-08
7.196841709e-08
-7.843835165e-08
5.941432786e-08
-8.169383802e-08
4.59952691e-08
-8.526702935e-08
3.167069649e-08
-8.916174644e-08
1.640107072e-08
-9.337337646e-08
1.489124044e-10
-9.788661556e-08
-1.711946729e-08
-1.026729739e-07
-3.543184782e-08
-1.07687382e-07
-5.480704245e-08
-1.128642376e-07
-7.525012666e-08
-1.181127553e-07
-9.674603583e-08
-1.233117171e-07
-1.19250695e-07
-1.283039058e-07
-1.426790126e-07
-1.328907938e-07
-1.668890346e-07
-1.368284908e-07
-1.916616905e-07
-1.398265156e-07
-2.166760158e-07
-1.415515858e-07
-2.414806449e-07
-1.416391668e-07
-2.654639056e-07
-1.397157036e-07
-2.878270787e-07
-1.354338668e-07
-3.075681233e-07
-1.28521368e-07
-3.234857747e-07
-1.188406812e-07
-3.342152153e-07
-1.064526276e-07
-3.383048553e-07
-9.167228147e-08
-3.343375878e-07
-7.510288076e-08
-3.210887001e-07
-5.763449596e-08
-2.976981433e-07
-4.040046919e-08
-2.638214912e-07
-2.469550512e-08
-2.197173903e-07
-1.187190524e-08
-1.662338068e-07
-3.24000913e-09
-1.046778266e-07
-3.660420125e-08
-5.407748907e-10
1.736117217e-08
-2.041886182e-09
4.852466617e-08
-4.341470488e-09
7.605523798e-08
-7.255168821e-09
9.997815908e-08
-1.059705724e-08
1.204216329e-07
-1.419360732e-08
1.375897981e-07
-1.789241011e-08
1.517388847e-07
-2.156655107e-08
1.631551341e-07
-2.511566174e-08
1.721358174e-07
-2.84647251e-08
1.789742373e-07
-3.156155669e-08
1.839487346e-07
-3.437366079e-08
1.873152825e-07
-3.688494724e-08
1.893030752e-07
-3.909261429e-08
1.901124806e-07
-4.100436578e-08
1.899147617e-07
-4.263603453e-08
1.888530516e-07
-4.400962054e-08
1.870441547e-07
-4.515171547e-08
1.845808386e-07
-4.60922657e-08
1.815343611e-07
-4.686361921e-08
1.779570479e-07
-4.749980217e-08
1.738847919e-07
-4.80359753e-08
1.693393929e-07
-4.850802703e-08
1.643306867e-07
-4.895226654e-08
1.588584431e-07
-4.940518632e-08
1.529140248e-07
-4.990326965e-08
1.464818169e-07
-5.048282124e-08
1.395404372e-07
-5.117980363e-08
1.320637484e-07
-5.202966455e-08
1.24021695e-07
-5.30671398e-08
1.15380982e-07
-5.43260155e-08
1.061056188e-07
-5.583883483e-08
9.615735389e-08
-5.763653023e-08
8.549602413e-08
-5.974795832e-08
7.40798455e-08
-6.21993092e-08
6.186567906e-08
-6.501335305e-08
4.880931326e-08
-6.820847563e-08
3.486581936e-08
-7.179745582e-08
1.99900512e-08
-7.5785906e-08
4.137362879e-09
-8.017015074e-08
-1.273522226e-08
-8.493483695e-08
-3.066716132e-08
-9.004966299e-08
-4.969221615e-08
-9.546534175e-08
-6.983444764e-08
-1.011086717e-07
-9.110270566e-08
-1.068766669e-07
-1.134826995e-07
-1.126298683e-07
-1.369258109e-07
-1.181852231e-07
-1.613336795e-07
-1.233093612e-07
-1.865375522e-07
-1.277137326e-07
-2.122716442e-07
-1.310538849e-07
-2.381404924e-07
-1.329360474e-07
-2.63581743e-07
-1.329348582e-07
-2.878282678e-07
-1.306260489e-07
-3.098769324e-07
-1.256365509e-07
-3.284752725e-07
-1.177112411e-07
-3.421405249e-07
-1.067903004e-07
-3.492257958e-07
-9.308480773e-08
-3.480430803e-07
-7.713290274e-08
-3.37040605e-07
-5.981768972e-08
-3.150133561e-07
-4.23337019e-08
-2.813054789e-07
-2.610160991e-08
-2.359494821e-07
-1.264790493e-08
-1.796875116e-07
-3.481047497e-09
-1.138446839e-07
-4.008524869e-08
-5.901202374e-10
1.795129262e-08
-2.214635947e-09
5.014918227e-08
-4.677692416e-09
7.851829484e-08
-7.75794232e-09
1.030584094e-07
-1.123574675e-08
1.238994377e-07
-1.49104497e-08
1.412645015e-07
-1.861036419e-08
1.554387995e-07
-2.219698973e-08
1.6674176e-07
-2.556506094e-08
1.75503889e-07
-2.863997403e-08
1.820491508e-07
-3.137383536e-08
1.866825963e-07
-3.374101995e-08
1.896824674e-07
-3.573381402e-08
1.912958696e-07
-3.735846989e-08
1.917371368e-07
-3.863182617e-08
1.911881183e-07
-3.957853124e-08
1.89799757e-07
-4.022883895e-08
1.876944628e-07
-4.061690946e-08
1.849689095e-07
-4.077953409e-08
1.816969861e-07
-4.075520223e-08
1.779327164e-07
-4.058343495e-08
1.73713025e-07
-4.030431996e-08
1.690602783e-07
-3.995819444e-08
1.639845616e-07
-3.958543087e-08
1.584856798e-07
-3.922629195e-08
1.525548862e-07
-3.892082769e-08
1.46176353e-07
-3.87087915e-08
1.393284013e-07
-3.862955859e-08
1.319845158e-07
-3.872203438e-08
1.241141711e-07
-3.902453911e-08
1.15683487e-07
-3.957465308e-08
1.066557331e-07
-4.040901235e-08
9.699171345e-08
-4.156303864e-08
8.66500507e-08
-4.307058394e-08
7.558739108e-08
-4.496346465e-08
6.375856004e-08
-4.727085207e-08
5.111670094e-08
-5.001847435e-08
3.761344189e-08
-5.322757576e-08
2.319915288e-08
-5.691355475e-08
7.82334211e-09
-6.108411841e-08
-8.564658354e-09
-6.573700741e-08
-2.601427209e-08
-7.085697634e-08
-4.457224699e-08
-7.641185777e-08
-6.427956598e-08
-8.234757625e-08
-8.516698697e-08
-8.85819375e-08
-1.072483381e-07
-9.499713771e-08
-1.305106105e-07
-1.014311521e-07
-1.54899665e-07
-1.076685742e-07
-1.8030013e-07
-1.13432134e-07
-2.065080842e-07
-1.183770636e-07
-2.331955626e-07
-1.220916888e-07
-2.598671176e-07
-1.241088398e-07
-2.858111166e-07
-1.239334024e-07
-3.100523696e-07
-1.210907628e-07
-3.31317912e-07
-1.151980677e-07
-3.480332198e-07
-1.06054464e-07
-3.583693994e-07
-9.37382332e-08
-3.60359311e-07
-7.869023647e-08
-3.520886016e-07
-6.175839074e-08
-3.319452017e-07
-4.418154871e-08
-2.988823208e-07
-2.75054323e-08
-2.526255984e-07
-1.344561562e-08
-1.937473281e-07
-3.734610791e-09
-1.235556885e-07
-4.381985946e-08
-6.608602945e-10
1.861215312e-08
-2.460646945e-09
5.19489693e-08
-5.155621558e-09
8.121326983e-08
-8.474368488e-09
1.063771567e-07
-1.215320468e-08
1.275782743e-07
-1.595739536e-08
1.450686925e-07
-1.969222925e-08
1.591736338e-07
-2.320648399e-08
1.702560151e-07
-2.639073775e-08
1.786881431e-07
-2.917272178e-08
1.848311351e-07
-3.151136733e-08
1.890212422e-07
-3.339064733e-08
1.915617478e-07
-3.481386476e-08
1.927190874e-07
-3.579871259e-08
1.92721985e-07
-3.637321376e-08
1.917626198e-07
-3.657251864e-08
1.899990622e-07
-3.643646797e-08
1.875584124e-07
-3.600780025e-08
1.845402421e-07
-3.533087778e-08
1.81020064e-07
-3.445081548e-08
1.770526544e-07
-3.341291169e-08
1.726751215e-07
-3.22622976e-08
1.679096645e-07
-3.104374106e-08
1.627660053e-07
-2.98015511e-08
1.572434902e-07
-2.857954616e-08
1.513328816e-07
-2.742105853e-08
1.450178657e-07
-2.63689492e-08
1.382762922e-07
-2.546561683e-08
1.310811837e-07
-2.475299535e-08
1.234015499e-07
-2.427252838e-08
1.152030203e-07
-2.406509919e-08
1.064483041e-07
-2.417091858e-08
9.709753309e-08
-2.462935477e-08
8.710848713e-08
-2.547868944e-08
7.643672598e-08
-2.675577933e-08
6.503565016e-08
-2.849559478e-08
5.285651661e-08
-3.073059491e-08
3.984844224e-08
-3.348988523e-08
2.59584434e-08
-3.679808845e-08
1.113154554e-08
-4.06737935e-08
-4.688953108e-09
-4.512749313e-08
-2.156057227e-08
-5.015889264e-08
-3.95408473e-08
-5.57532285e-08
-5.868522994e-08
-6.187645023e-08
-7.904376507e-08
-6.846895761e-08
-1.006558305e-07
-7.5437679e-08
-1.23541889e-07
-8.264639158e-08
-1.476909522e-07
-8.990453894e-08
-1.730419825e-07
-9.695541116e-08
-1.994572119e-07
-1.034655262e-07
-2.266854474e-07
-1.090185224e-07
-2.543141213e-07
-1.131186178e-07
-2.817110211e-07
-1.152103006e-07
-3.079606867e-07
-1.14721491e-07
-3.318067215e-07
-1.111355872e-07
-3.516191236e-07
-1.040921726e-07
-3.654128138e-07
-9.350630575e-08
-3.709451778e-07
-7.968406816e-08
-3.659108391e-07
-6.340225024e-08
-3.482270195e-07
-4.591960297e-08
-3.16364968e-07
-2.890135395e-08
-2.696438473e-07
-1.42668855e-08
-2.083817965e-07
-4.00252193e-09
-1.33820052e-07
-4.782238135e-08
-7.592309087e-10
1.937138423e-08
-2.799998279e-09
5.398973701e-08
-5.811838213e-09
8.422511011e-08
-9.456123657e-09
1.100214425e-07
-1.341222018e-08
1.315343711e-07
-1.740323229e-08
1.490597049e-07
-2.120765972e-08
1.629780615e-07
-2.466110537e-08
1.737094611e-07
-2.765175394e-08
1.81678792e-07
-3.011269194e-08
1.872920735e-07
-3.201322095e-08
1.909217715e-07
-3.335048172e-08
1.928990089e-07
-3.414208275e-08
1.935106888e-07
-3.442000678e-08
1.929999093e-07
-3.42258128e-08
1.915684261e-07
-3.360701325e-08
1.89380263e-07
-3.261444551e-08
1.86565845e-07
-3.130044348e-08
1.832262403e-07
-2.971762724e-08
1.79437248e-07
-2.791815337e-08
1.752531808e-07
-2.595329621e-08
1.707102647e-07
-2.387325685e-08
1.658296254e-07
-2.17271264e-08
1.606198752e-07
-1.956293794e-08
1.55079302e-07
-1.742777139e-08
1.491977153e-07
-1.536788626e-08
1.429579808e-07
-1.342885023e-08
1.363372565e-07
-1.165564317e-08
1.293079769e-07
-1.009275413e-08
1.218386611e-07
-8.784255207e-09
1.138945216e-07
-7.773812875e-09
1.05437862e-07
-7.104672263e-09
9.642839269e-08
-6.819586868e-09
8.682340194e-08
-6.960685074e-09
7.657782438e-08
-7.569257717e-09
6.564422299e-08
-8.685443443e-09
5.397270251e-08
-1.03477775e-08
4.151077646e-08
-1.259255387e-08
2.820321993e-08
-1.545294253e-08
1.399193435e-08
-1.895775541e-08
-1.184140078e-09
-2.312963762e-08
-1.738868992e-08
-2.798280004e-08
-3.468768475e-08
-3.351969928e-08
-5.314833057e-08
-3.972658094e-08
-7.283688329e-08
-4.656745311e-08
-9.381495825e-08
-5.397611924e-08
-1.161332227e-07
-6.184591802e-08
-1.398211534e-07
-7.001709827e-08
-1.648708021e-07
-7.826220347e-08
-1.912121066e-07
-8.627076694e-08
-2.186768839e-07
-9.363624835e-08
-2.469486398e-07
-9.985029539e-08
-2.75496974e-07
-1.043119439e-07
-3.034990381e-07
-1.063613981e-07
-3.297572672e-07
-1.053478878e-07
-3.526326338e-07
-1.007365288e-07
-3.700241728e-07
-9.224843896e-08
-3.794332676e-07
-8.001227419e-08
-3.781470038e-07
-6.468877964e-08
-3.63550514e-07
-4.752243963e-08
-3.33531308e-07
-3.028582557e-08
-2.868804614e-07
-1.511601576e-08
-2.235516063e-07
-4.287715698e-09
-1.44648352e-07
-5.211009706e-08
-8.934194223e-10
2.026480382e-08
-3.258342978e-09
5.635466091e-08
-6.691812697e-09
8.765858016e-08
-1.076547586e-08
1.140951059e-07
-1.508575695e-08
1.358546525e-07
-1.932449803e-08
1.532984463e-07
-2.323008284e-08
1.668836467e-07
-2.662574115e-08
1.771051197e-07
-2.940058669e-08
1.844536378e-07
-3.149760848e-08
1.893890956e-07
-3.290133516e-08
1.923254985e-07
-3.362666931e-08
1.936243433e-07
-3.370954916e-08
1.935935689e-07
-3.319957805e-08
1.924899385e-07
-3.215448033e-08
1.905233287e-07
-3.063611457e-08
1.878618975e-07
-2.870773998e-08
1.846374707e-07
-2.643224693e-08
1.809507476e-07
-2.387110089e-08
1.768761022e-07
-2.108379475e-08
1.724658749e-07
-1.812764908e-08
1.677541193e-07
-1.505783216e-08
1.627598087e-07
-1.19275314e-08
1.574895746e-07
-8.788182384e-09
1.519399532e-07
-5.689732875e-09
1.46099266e-07
-2.680928741e-09
1.399491769e-07
1.904392561e-10
1.334658887e-07
2.877283451e-09
1.266211329e-07
5.333056712e-09
1.19382888e-07
7.511610452e-09
1.117159681e-07
9.367043127e-09
1.035824295e-07
1.085363285e-08
9.494180314e-08
1.192581194e-08
8.575122301e-08
1.253819396e-08
7.59654425e-08
1.264566512e-08
6.553675197e-08
1.220355764e-08
5.441481012e-08
1.116793313e-08
4.25464011e-08
9.496018566e-09
2.987513461e-08
7.146845306e-09
1.634110771e-08
4.082171573e-09
1.880533752e-09
2.679552586e-10
-1.357447351e-08
-4.323785374e-09
-3.009594404e-08
-9.712131805e-09
-4.775998406e-08
-1.590332465e-08
-6.664569037e-08
-2.288521449e-08
-8.683306836e-08
-3.061964279e-08
-1.083987944e-07
-3.903211778e-08
-1.314086783e-07
-4.79984207e-08
-1.559044992e-07
-5.732796032e-08
-1.818825669e-07
-6.674446538e-08
-2.092603788e-07
-7.586627176e-08
-2.378268334e-07
-8.419072639e-08
-2.671725193e-07
-9.109069028e-08
-2.965990742e-07
-9.583469482e-08
-3.250132627e-07
-9.764452525e-08
-3.508228034e-07
-9.580172794e-08
-3.718669701e-07
-8.980445982e-08
-3.854305357e-07
-7.955687236e-08
-3.883945912e-07
-6.554851523e-08
-3.775588712e-07
-4.896285515e-08
-3.50116968e-07
-3.165810302e-08
-3.041852135e-07
-1.600084627e-08
-2.39208863e-07
-4.594777089e-09
-1.560544212e-07
-5.670487413e-08
-1.074328386e-09
2.133913239e-08
-3.868744923e-09
5.914907773e-08
-7.852232491e-09
9.164206803e-08
-1.247711388e-08
1.187199876e-07
-1.725733264e-08
1.406348716e-07
-2.180373729e-08
1.578448513e-07
-2.583250434e-08
1.70912414e-07
-2.915741299e-08
1.804300286e-07
-3.167413118e-08
1.869703563e-07
-3.334216983e-08
1.910571345e-07
-3.416779838e-08
1.931511273e-07
-3.418947975e-08
1.936460249e-07
-3.346630053e-08
1.9287039e-07
-3.206927655e-08
1.910929148e-07
-3.007513737e-08
1.885291898e-07
-2.75621068e-08
1.853488671e-07
-2.460721168e-08
1.816825758e-07
-2.1284713e-08
1.776282491e-07
-1.766532844e-08
1.732567179e-07
-1.381598887e-08
1.686165356e-07
-9.799944791e-09
1.637380754e-07
-5.677047178e-09
1.586369113e-07
-1.504169379e-09
1.533166971e-07
2.664286619e-09
1.477714974e-07
6.77597083e-09
1.41987582e-07
1.078019488e-08
1.35944953e-07
1.462750316e-08
1.296185806e-07
1.826931882e-08
1.229793174e-07
2.165763127e-08
1.159945757e-07
2.474474472e-08
1.086288548e-07
2.748307906e-08
1.008440953e-07
2.982500128e-08
9.259988105e-08
3.172270406e-08
8.385352034e-08
3.312813086e-08
7.456001581e-08
3.399295303e-08
6.46719299e-08
3.426861092e-08
5.413915233e-08
3.390643929e-08
4.290857281e-08
3.285791075e-08
3.092366321e-08
3.107504333e-08
1.812397519e-08
2.851104301e-08
4.44453412e-09
2.512138521e-08
-1.018481567e-08
2.086528052e-08
-2.583983932e-08
1.570794379e-08
-4.260264731e-08
9.623934912e-09
-6.056168147e-08
2.602001101e-09
-7.981113453e-08
-5.34790858e-09
-1.004488847e-07
-1.418481892e-08
-1.22571768e-07
-2.382332568e-08
-1.462659924e-07
-3.411584325e-08
-1.715900493e-07
-4.483030674e-08
-1.985459153e-07
-5.562468173e-08
-2.270324584e-07
-6.602162266e-08
-2.567755784e-07
-7.539089113e-08
-2.872298058e-07
-8.295196983e-08
-3.17452184e-07
-8.781455309e-08
-3.459602201e-07
-8.907591468e-08
-3.706056085e-07
-8.598676792e-08
-3.885196825e-07
-7.817683561e-08
-3.962045236e-07
-6.589808221e-08
-3.898376246e-07
-5.02100083e-08
-3.65805042e-07
-3.302086845e-08
-3.213743534e-07
-1.693419943e-08
-2.552955321e-07
-4.930732582e-09
-1.680578881e-07
-6.163560675e-08
-1.316704514e-09
2.265583704e-08
-4.674194623e-09
6.250656813e-08
-9.363837402e-09
9.633171107e-08
-1.46797612e-08
1.240359117e-07
-2.002007817e-08
1.459751888e-07
-2.492518888e-08
1.627499622e-07
-2.907954193e-08
1.750667673e-07
-3.229379069e-08
1.836442776e-07
-3.447908444e-08
1.891556503e-07
-3.562081228e-08
1.921988625e-07
-3.575552441e-08
1.932858397e-07
-3.495239334e-08
1.928428941e-07
-3.329926475e-08
1.912172616e-07
-3.089273006e-08
1.886863803e-07
-2.783144159e-08
1.854679015e-07
-2.421189587e-08
1.817293216e-07
-2.012601132e-08
1.775966915e-07
-1.565995756e-08
1.731621956e-07
-1.089381887e-08
1.684905794e-07
-5.901774702e-09
1.636244916e-07
-7.525828848e-10
1.585888838e-07
4.489677522e-09
1.533946511e-07
9.764954042e-09
1.480414207e-07
1.501659975e-08
1.425198519e-07
2.01906155e-08
1.368135664e-07
2.523502107e-08
1.309005476e-07
3.009932791e-08
1.247542739e-07
3.473407005e-08
1.183445754e-07
3.90903838e-08
1.116382621e-07
4.311965685e-08
1.045995818e-07
4.677323327e-08
9.7190519e-08
5.000216153e-08
8.937095289e-08
5.275698511e-08
8.109869684e-08
5.498757383e-08
7.232942717e-08
5.664299681e-08
6.301650698e-08
5.767144357e-08
5.311070561e-08
5.802020649e-08
4.255980992e-08
5.763574929e-08
3.130812043e-08
5.646390045e-08
1.929582404e-08
5.445022519e-08
6.45820938e-09
5.154071698e-08
-7.275307469e-09
4.768287596e-08
-2.198199831e-08
4.282741854e-08
-3.77471899e-08
3.69309188e-08
-5.466518176e-08
2.995985515e-08
-7.28400709e-08
2.189666692e-08
-9.23856965e-08
1.274859757e-08
-1.134236987e-07
2.560487583e-09
-1.360778825e-07
-8.567296347e-09
-1.604622654e-07
-2.045509697e-08
-1.866581147e-07
-3.281412124e-08
-2.146734342e-07
-4.521229152e-08
-2.443774082e-07
-5.704222899e-08
-2.753998683e-07
-6.750337243e-08
-3.069910406e-07
-7.561853231e-08
-3.378450603e-07
-8.031133976e-08
-3.659128011e-07
-8.056902341e-08
-3.882619989e-07
-7.569706084e-08
-4.010764862e-07
-6.563191458e-08
-3.999027709e-07
-5.122557997e-08
-3.802113767e-07
-3.43804251e-08
-3.382195084e-07
-1.793578158e-08
-2.717401757e-07
-5.306235599e-09
-1.806874342e-07
-6.694184235e-08
-1.64085023e-09
2.429668742e-08
-5.731081766e-09
6.659679989e-08
-1.13147302e-08
1.019153597e-07
-1.74769364e-08
1.301981181e-07
-2.347312437e-08
1.51971377e-07
-2.876588755e-08
1.680427256e-07
-3.30131539e-08
1.793140339e-07
-3.603401997e-08
1.866651439e-07
-3.776864015e-08
1.908902707e-07
-3.82411339e-08
1.926713565e-07
-3.752923679e-08
1.925739428e-07
-3.574138334e-08
1.910550409e-07
-3.300046261e-08
1.88476341e-07
-2.943297126e-08
1.851188892e-07
-2.516224481e-08
1.811971753e-07
-2.030461682e-08
1.768716938e-07
-1.496758821e-08
1.722596631e-07
-9.249316304e-09
1.674439239e-07
-3.23888635e-09
1.624801497e-07
2.982843095e-09
1.574027623e-07
9.34221989e-09
1.522295071e-07
1.577187195e-08
1.469649992e-07
2.220960468e-08
1.416036881e-07
2.859732123e-08
1.361321354e-07
3.488015054e-08
1.305307372e-07
4.100564034e-08
1.247750579e-07
4.692306062e-08
1.188368537e-07
5.258280252e-08
1.126848336e-07
5.79358569e-08
1.062852078e-07
6.293336966e-08
9.960206914e-08
6.752625998e-08
9.259762875e-08
7.166488907e-08
8.523232385e-08
7.529877157e-08
7.746481438e-08
7.837632351e-08
6.925187526e-08
8.084464359e-08
6.054818691e-08
8.264932897e-08
5.130602024e-08
8.373433229e-08
4.14748066e-08
8.404187601e-08
3.100057669e-08
8.351245248e-08
1.982524755e-08
8.208494919e-08
7.885712629e-09
7.969698848e-08
-4.887346802e-09
7.628562066e-08
-1.857063055e-08
7.178847788e-08
-3.325004718e-08
6.61456961e-08
-4.902240005e-08
5.93030416e-08
-6.599741648e-08
5.121684671e-08
-8.42995017e-08
4.186161964e-08
-1.040684717e-07
3.124157676e-08
-1.254578397e-07
1.940749889e-08
-1.486281877e-07
6.480592556e-09
-1.737312085e-07
-7.314970374e-09
-2.008778714e-07
-2.161137235e-08
-2.300810063e-07
-3.585168591e-08
-2.611595549e-07
-4.925010013e-08
-2.935926265e-07
-6.077830001e-08
-3.263168605e-07
-6.921127269e-08
-3.574798285e-07
-7.327026793e-08
-3.842030038e-07
-7.189180096e-08
-4.024549533e-07
-6.460869067e-08
-4.071858813e-07
-5.195641406e-08
-3.928636534e-07
-3.574581046e-08
-3.544301121e-07
-1.903462762e-08
-2.884513586e-07
-5.737371889e-09
-1.9398469e-07
-7.26792143e-08
-2.075289144e-09
2.637197667e-08
-7.114006358e-09
7.163551732e-08
-1.381390246e-08
1.08615256e-07
-2.098552893e-08
1.373697448e-07
-2.771283797e-08
1.586986862e-07
-3.337873514e-08
1.73708623e-07
-3.762794061e-08
1.835632395e-07
-4.030736571e-08
1.893445692e-07
-4.140587521e-08
1.919887803e-07
-4.100343554e-08
1.92268917e-07
-3.923243479e-08
1.908029422e-07
-3.625037746e-08
1.880729837e-07
-3.222182886e-08
1.844477926e-07
-2.730729645e-08
1.802043569e-07
-2.165701147e-08
1.755468905e-07
-1.540800855e-08
1.706226911e-07
-8.68332029e-09
1.65534975e-07
-1.592395513e-09
1.603529992e-07
5.767541191e-09
1.551202131e-07
1.331007078e-08
1.498602329e-07
2.095814726e-08
1.445814308e-07
2.86423718e-08
1.392807748e-07
3.629950938e-08
1.339465507e-07
4.387119801e-08
1.285604469e-07
5.130280077e-08
1.230991345e-07
5.854241105e-08
1.175354477e-07
6.554000249e-08
1.118392623e-07
7.224670421e-08
1.059781319e-07
7.861418086e-08
9.991773117e-08
8.45941029e-08
9.362214715e-08
9.013768956e-08
8.705404211e-08
9.519530848e-08
8.017470495e-08
9.971611935e-08
7.294400352e-08
1.036477516e-07
6.532024304e-08
1.069360087e-07
5.725992977e-08
1.095245959e-07
4.8717433e-08
1.113548716e-07
3.964453085e-08
1.12365631e-07
2.998981732e-08
1.124929389e-07
1.969793958e-08
1.116700389e-07
8.708612562e-09
1.09827386e-07
-3.044693989e-09
1.06892972e-07
-1.563621665e-08
1.027929499e-07
-2.91500252e-08
9.745285025e-08
-4.36823005e-08
9.079976038e-08
-5.934432672e-08
8.276602066e-08
-7.626576209e-08
7.329529421e-08
-9.459774535e-08
6.235227991e-08
-1.145148255e-07
4.993777465e-08
-1.362136825e-07
3.611133479e-08
-1.599047688e-07
2.102391465e-08
-1.857904514e-07
4.962311478e-09
-2.140194032e-07
-1.159440433e-08
-2.446028392e-07
-2.791427218e-08
-2.772727587e-07
-4.296434113e-08
-3.112667917e-07
-5.541311525e-08
-3.450310545e-07
-6.373316672e-08
-3.758829524e-07
-6.646023357e-08
-3.997278866e-07
-6.262947741e-08
-4.110166376e-07
-5.232095731e-08
-4.031721736e-07
-3.71254587e-08
-3.696256108e-07
-2.027206921e-08
-3.053047483e-07
-6.248452769e-09
-2.080083066e-07
-7.892766709e-08
-2.661019406e-09
2.903299619e-08
-8.922395996e-09
7.789689407e-08
-1.699413057e-08
1.166869908e-07
-2.532945688e-08
1.457050712e-07
-3.281435934e-08
1.661835888e-07
-3.87616327e-08
1.796558965e-07
-4.28293142e-08
1.876309212e-07
-4.492268433e-08
1.914379394e-07
-4.510696274e-08
1.921730589e-07
-4.353991887e-08
1.907018733e-07
-4.042446988e-08
1.876874934e-07
-3.5977723e-08
1.83626237e-07
-3.04122243e-08
1.78882294e-07
-2.392568616e-08
1.737178189e-07
-1.669627105e-08
1.683174755e-07
-8.881337227e-09
1.628077574e-07
-6.181233494e-10
1.572717612e-07
7.974122007e-09
1.51760754e-07
1.679202567e-08
1.463023095e-07
2.574588648e-08
1.409063722e-07
3.475707507e-08
1.355702423e-07
4.375593985e-08
1.302819101e-07
5.267993297e-08
1.250225576e-07
6.147198158e-08
1.197683984e-07
7.007909787e-08
1.144920183e-07
7.845120185e-08
1.091633438e-07
8.65401313e-08
1.037503329e-07
9.429880881e-08
9.821945444e-08
1.016805375e-07
9.253600249e-08
1.086384017e-07
8.666428294e-08
1.151247502e-07
8.056769366e-08
1.210907416e-07
7.420871349e-08
1.264859364e-07
6.754880866e-08
1.312579206e-07
6.054825889e-08
1.353519506e-07
5.31658997e-08
1.387106127e-07
4.535877079e-08
1.412734911e-07
3.708165242e-08
1.429768458e-07
2.828646251e-08
1.437533092e-07
1.892147607e-08
1.435316124e-07
8.930309293e-09
1.422363611e-07
-1.749442794e-09
1.397880188e-07
-1.318787448e-08
1.361030481e-07
-2.546505458e-08
1.310944658e-07
-3.86737184e-08
1.246730923e-07
-5.292295333e-08
1.167499655e-07
-6.834263541e-08
1.072406929e-07
-8.508847296e-08
9.60729524e-08
-1.033470851e-07
8.319894353e-08
-1.233396738e-07
6.861540346e-08
-1.453212289e-07
5.239452481e-08
-1.695695729e-07
3.472940471e-08
-1.963542833e-07
1.599627881e-08
-2.258697135e-07
-3.16734676e-09
-2.581091333e-07
-2.178078267e-08
-2.926533559e-07
-3.846723496e-08
-3.283446024e-07
-5.149489192e-08
-3.628552956e-07
-5.899107526e-08
-3.922317034e-07
-5.940299404e-08
-4.10604719e-07
-5.218483445e-08
-4.103903334e-07
-3.851860546e-08
-3.8329184e-07
-2.170485054e-08
-3.221185034e-07
-6.87637994e-09
-2.228367773e-07
-8.58040471e-08
-3.458427471e-09
3.249142373e-08
-1.12893109e-08
8.572777765e-08
-2.101195441e-08
1.264096344e-07
-3.062280874e-08
1.553159257e-07
-3.879504634e-08
1.743558266e-07
-4.480250423e-08
1.856633545e-07
-4.836364749e-08
1.911920645e-07
-4.948797279e-08
1.925622648e-07
-4.83541996e-08
1.910392858e-07
-4.522464791e-08
1.875723217e-07
-4.039015999e-08
1.828530055e-07
-3.413748145e-08
1.773735585e-07
-2.673185454e-08
1.714766672e-07
-1.840932842e-08
1.653952929e-07
-9.374868658e-09
1.592830158e-07
1.963719655e-10
1.532365168e-07
1.015568501e-08
1.473124482e-07
2.03774869e-08
1.415389522e-07
3.075586524e-08
1.359239312e-07
4.120070128e-08
1.304615362e-07
5.163463295e-08
1.251363107e-07
6.199035289e-08
1.199261902e-07
7.220830475e-08
1.148046058e-07
8.223475032e-08
1.097419528e-07
9.202016132e-08
1.047066073e-07
1.01517887e-07
9.966561816e-08
1.10683052e-07
9.458516787e-08
1.194716431e-07
8.943086335e-08
1.278397451e-07
8.416790048e-08
1.357428963e-07
7.876113169e-08
1.431355345e-07
7.317505544e-08
1.499705099e-07
6.737373803e-08
1.561986457e-07
6.132067283e-08
1.617683286e-07
5.497857592e-08
1.666251165e-07
4.830911178e-08
1.707113509e-07
4.127253626e-08
1.739657669e-07
3.382723635e-08
1.763230933e-07
2.592913602e-08
1.777136435e-07
1.753092574e-08
1.780628975e-07
8.58105518e-09
1.772910712e-07
-9.776166201e-10
1.753127936e-07
-1.1209597e-08
1.72036821e-07
-2.218908216e-08
1.673659983e-07
-3.400289593e-08
1.61197634e-07
-4.675458912e-08
1.53424654e-07
-6.056965559e-08
1.439381702e-07
-7.560198935e-08
1.326325233e-07
-9.204143843e-08
1.194145258e-07
-1.101216765e-07
1.042196129e-07
-1.301263161e-07
8.703882415e-08
-1.523887844e-07
6.796178205e-08
-1.772772414e-07
4.724118019e-08
-2.051491118e-07
2.538221007e-08
-2.362501634e-07
3.251671457e-09
-2.705228175e-07
-1.781135892e-08
-3.072815722e-07
-3.59491505e-08
-3.447175042e-07
-4.891235469e-08
-3.792684994e-07
-5.449119261e-08
-4.050258812e-07
-5.131755726e-08
-4.135639689e-07
-3.989574504e-08
-3.947136524e-07
-2.34069944e-08
-3.386072542e-07
-7.677443924e-09
-2.38566328e-07
-9.348149107e-08
-4.55858779e-09
3.705001159e-08
-1.439206168e-08
9.556125163e-08
-2.603896054e-08
1.380565334e-07
-3.693096449e-08
1.662079297e-07
-4.554421767e-08
1.829690798e-07
-5.118266524e-08
1.913018021e-07
-5.370281032e-08
1.937122097e-07
-5.328371438e-08
1.92143169e-07
-5.026470853e-08
1.880202801e-07
-4.504268583e-08
1.823502991e-07
-3.801302221e-08
1.75823342e-07
-2.953922687e-08
1.688997633e-07
-1.994016955e-08
1.6187761e-07
-9.487430781e-09
1.549425542e-07
1.592050559e-09
1.482035345e-07
1.311050264e-08
1.417180648e-07
2.491384235e-08
1.355091086e-07
3.68760599e-08
1.295767347e-07
4.88934412e-08
1.2390655e-07
6.088005339e-08
1.18474924e-07
7.276382825e-08
1.132525358e-07
8.448330446e-08
1.08206714e-07
9.598495071e-08
1.033029595e-07
1.072209844e-07
9.850591908e-08
1.181476023e-07
9.377998946e-08
1.287235457e-07
8.908967467e-08
1.389089371e-07
8.439977649e-08
1.486643289e-07
7.967547152e-08
1.579499206e-07
7.488230872e-08
1.667249033e-07
6.998614896e-08
1.749469001e-07
6.495305852e-08
1.825714761e-07
5.974916204e-08
1.895516936e-07
5.434045522e-08
1.958376965e-07
4.869257289e-08
2.01376305e-07
4.277050322e-08
2.06110608e-07
3.653823311e-08
2.099795417e-07
2.995830254e-08
2.129174417e-07
2.299123592e-08
2.148535616e-07
1.559480573e-08
2.157115487e-07
7.72306786e-09
2.154088579e-07
-6.749259864e-10
2.138561678e-07
-9.656906998e-09
2.10956731e-07
-1.928964558e-08
2.066058206e-07
-2.965198568e-08
2.00690316e-07
-4.08390847e-08
1.930886745e-07
-5.296801431e-08
1.836717493e-07
-6.618506438e-08
1.723052899e-07
-8.06749792e-08
1.588556069e-07
-9.667199381e-08
1.432009326e-07
-1.14471642e-07
1.252525485e-07
-1.344404005e-07
1.049917916e-07
-1.570164847e-07
8.253107844e-08
-1.826883989e-07
5.82077376e-08
-2.119268228e-07
3.27148854e-08
-2.450299655e-07
7.258349013e-09
-2.81825036e-07
-1.629853532e-08
-3.211606201e-07
-3.542184808e-08
-3.601451868e-07
-4.722548231e-08
-3.932222472e-07
-4.931684491e-08
-4.114726065e-07
-4.115666029e-08
-4.028738372e-07
-2.54662335e-08
-3.542976812e-07
-8.737495411e-09
-2.552950663e-07
-1.022189866e-07
-6.101374891e-09
4.315138651e-08
-1.846134053e-08
1.079212173e-07
-3.223020837e-08
1.518254013e-07
-4.418591132e-08
1.781636327e-07
-5.269002422e-08
1.914731928e-07
-5.720831708e-08
1.95820095e-07
-5.78550638e-08
1.943589565e-07
-5.506614038e-08
1.893542456e-07
-4.939599748e-08
1.823501372e-07
-4.140483734e-08
1.74359139e-07
-3.160352872e-08
1.660220334e-07
-2.04322006e-08
1.577284352e-07
-8.256809913e-09
1.497022193e-07
4.624915564e-09
1.420608287e-07
1.797404404e-08
1.348544061e-07
3.160106611e-08
1.280910428e-07
4.53564046e-08
1.217537701e-07
5.912167543e-08
1.158114638e-07
7.280283985e-08
1.102253856e-07
8.632448688e-08
1.04953277e-07
9.962521373e-08
9.995180895e-08
1.126539353e-07
9.517799237e-08
1.253669562e-07
9.058993862e-08
1.37725656e-07
8.61472193e-08
1.496946614e-07
8.181098401e-08
1.612404005e-07
7.754393556e-08
1.723299532e-07
7.331022368e-08
1.829301312e-07
6.907529353e-08
1.930067301e-07
6.480570972e-08
2.025239131e-07
6.04689659e-08
2.114436877e-07
5.60332838e-08
2.197254494e-07
5.14674003e-08
2.273255665e-07
4.674033802e-08
2.341969881e-07
4.182115115e-08
2.402888566e-07
3.667863461e-08
2.455461094e-07
3.128098014e-08
2.499090558e-07
2.559535604e-08
2.533129129e-07
1.958737867e-08
2.556872867e-07
1.322043177e-08
2.569555804e-07
6.454774016e-09
2.570343002e-07
-7.536460487e-10
2.558322676e-07
-8.454874518e-09
2.532496746e-07
-1.670705275e-08
2.491770994e-07
-2.557941074e-08
2.434944092e-07
-3.515639464e-08
2.360696683e-07
-4.554327363e-08
2.267583258e-07
-5.68737221e-08
2.154032377e-07
-6.931989138e-08
2.018366378e-07
-8.310539406e-08
1.858861561e-07
-9.852116055e-08
1.673886337e-07
-1.159428784e-07
1.462180208e-07
-1.358458721e-07
1.223370841e-07
-1.588074623e-07
9.588623377e-08
-1.854759727e-07
6.732361737e-08
-2.164673494e-07
3.76223199e-08
-2.521237388e-07
8.500942311e-09
-2.920392427e-07
-1.739431296e-08
-3.342499318e-07
-3.658056431e-08
-3.740359961e-07
-4.547819398e-08
-4.025749771e-07
-4.204289876e-08
-4.063091326e-07
-2.796353593e-08
-3.683770443e-07
-1.018573739e-08
-2.730728651e-07
-1.12404724e-07
-8.30281639e-09
5.145420294e-08
-2.377637131e-08
1.233947723e-07
-3.963558841e-08
1.676846184e-07
-5.200630006e-08
1.905343444e-07
-5.934886595e-08
1.988157587e-07
-6.151871089e-08
1.9798994e-07
-5.905903445e-08
1.918992801e-07
-5.276755914e-08
1.830627703e-07
-4.346628304e-08
1.730488611e-07
-3.189581712e-08
1.62788673e-07
-1.86787187e-08
1.52804935e-07
-4.31681086e-09
1.433665273e-07
1.079552489e-08
1.345898836e-07
2.635397929e-08
1.265023743e-07
4.212746302e-08
1.190809223e-07
5.794153221e-08
1.122769736e-07
7.366494058e-08
1.060303617e-07
8.919908332e-08
1.002773211e-07
1.044695802e-07
9.495488867e-08
1.194197353e-07
9.000312188e-08
1.340054986e-07
8.536604562e-08
1.481916067e-07
8.099188422e-08
1.619486346e-07
7.683291062e-08
1.752507448e-07
7.28451091e-08
1.880739648e-07
6.898776395e-08
2.003948649e-07
6.522303539e-08
2.121895347e-07
6.151555374e-08
2.234327833e-07
5.783204491e-08
2.340975028e-07
5.414099012e-08
2.44154152e-07
5.041231664e-08
2.535703223e-07
4.661711335e-08
2.623103599e-07
4.272736258e-08
2.703350195e-07
3.87156783e-08
2.776011316e-07
3.455503893e-08
2.840612656e-07
3.021850053e-08
2.896633727e-07
2.567887283e-08
2.943503934e-07
2.090833519e-08
2.9805981e-07
1.587796195e-08
3.007231256e-07
1.055711601e-08
3.022652444e-07
4.912655009e-09
3.026037143e-07
-1.092116112e-09
3.016478002e-07
-7.498960668e-09
2.992973246e-07
-1.435657729e-08
2.954413373e-07
-2.172342369e-08
2.899564532e-07
-2.967151072e-08
2.827048537e-07
-3.829167435e-08
2.735320331e-07
-4.77009018e-08
2.622645453e-07
-5.805240375e-08
2.487084126e-07
-6.954926162e-08
2.32649672e-07
-8.246242024e-08
2.138600406e-07
-9.71532472e-08
1.921133367e-07
-1.140991684e-07
1.67222563e-07
-1.339166889e-07
1.391136066e-07
-1.573670165e-07
1.079579894e-07
-1.853117324e-07
7.438890337e-08
-2.18554653e-07
3.98084922e-08
-2.574588318e-07
6.733942769e-09
-3.011753826e-07
-2.099074846e-08
-3.463113051e-07
-3.857502765e-08
-3.849906981e-07
-4.196047941e-08
-4.029236811e-07
-3.090775328e-08
-3.794297707e-07
-1.22103569e-08
-2.917702617e-07
-1.24615081e-07
-1.149111984e-08
6.294532277e-08
-3.060659834e-08
1.425102508e-07
-4.797192472e-08
1.850499448e-07
-5.931928465e-08
2.018817043e-07
-6.36562605e-08
2.031527345e-07
-6.158614357e-08
1.959198231e-07
-5.429851759e-08
1.846116541e-07
-4.305475878e-08
1.718190115e-07
-2.897138871e-08
1.58965491e-07
-1.29545013e-08
1.467717856e-07
4.295611718e-09
1.35554822e-07
2.225394394e-08
1.254081951e-07
4.053721375e-08
1.163066137e-07
5.887095193e-08
1.081686361e-07
7.706079e-08
1.008910842e-07
9.497113938e-08
9.436662413e-08
1.125087244e-07
8.84927766e-08
1.296102117e-07
8.317583378e-08
1.46233063e-07
7.833203728e-08
1.623488248e-07
7.388736003e-08
1.779382276e-07
6.977664278e-08
1.929876167e-07
6.59424951e-08
2.074863533e-07
6.2334174e-08
2.214249198e-07
5.890654245e-08
2.347935348e-07
5.56191489e-08
2.475811338e-07
5.243543635e-08
2.597746141e-07
4.932207334e-08
2.713582669e-07
4.624839202e-08
2.823133409e-07
4.3185916e-08
2.926176968e-07
4.01079606e-08
3.022455208e-07
3.698928923e-08
3.111670731e-07
3.380581015e-08
3.193484521e-07
3.053429919e-08
3.267513573e-07
2.715213357e-08
3.333328365e-07
2.363702125e-08
3.390450012e-07
1.996670797e-08
3.438346957e-07
1.611864049e-08
3.476430994e-07
1.206955813e-08
3.504052387e-07
7.79497654e-09
3.520493786e-07
3.268514919e-09
3.524962428e-07
-1.538980592e-09
3.516580224e-07
-6.660740411e-09
3.494370884e-07
-1.213564357e-08
3.457244068e-07
-1.801074222e-08
3.4039744e-07
-2.434454418e-08
3.333174309e-07
-3.121166551e-08
3.243259619e-07
-3.870943305e-08
3.13240753e-07
-4.696719504e-08
2.998508844e-07
-5.615939331e-08
2.839121733e-07
-6.652370937e-08
2.651445971e-07
-7.838567123e-08
2.432359873e-07
-9.21905588e-08
2.178605425e-07
-1.085412444e-07
1.887280913e-07
-1.282345656e-07
1.556910616e-07
-1.52274703e-07
1.189488029e-07
-1.818123946e-07
7.939323933e-08
-2.179032685e-07
3.910736762e-08
-2.608895111e-07
1.900826592e-09
-3.091047643e-07
-2.650102757e-08
-3.565888442e-07
-3.963376395e-08
-3.89790945e-07
-3.406320897e-08
-3.850003259e-07
-1.506585302e-08
-3.107676179e-07
-1.396809341e-07
-1.612581056e-08
7.907113333e-08
-3.897660218e-08
1.653610424e-07
-5.605745968e-08
2.021308023e-07
-6.35716812e-08
2.093959258e-07
-6.189826547e-08
2.014793188e-07
-5.287864169e-08
1.869001993e-07
-3.856291708e-08
1.702959294e-07
-2.071710635e-08
1.539732007e-07
-7.04828673e-10
1.389532133e-07
2.048051376e-08
1.255864432e-07
4.214556194e-08
1.138897738e-07
6.38236998e-08
1.037300572e-07
8.520881277e-08
9.492150074e-08
1.061069052e-07
8.727054369e-08
1.264008225e-07
8.059716688e-08
1.460247816e-07
7.474266493e-08
1.64946564e-07
6.957099415e-08
1.831552052e-07
6.496719252e-08
2.006525633e-07
6.083467914e-08
2.174475841e-07
5.709233914e-08
2.335524226e-07
5.367180427e-08
2.489798321e-07
5.051508555e-08
2.637414162e-07
4.757258983e-08
2.778464637e-07
4.480149482e-08
2.91301177e-07
4.216443554e-08
3.04108163e-07
3.962845027e-08
3.162660993e-07
3.716413695e-08
3.277695134e-07
3.474497774e-08
3.38608634e-07
3.234679531e-08
3.487692832e-07
2.994731128e-08
3.582327903e-07
2.752578199e-08
3.669759094e-07
2.506269094e-08
3.749707285e-07
2.253947995e-08
3.82184559e-07
1.993830298e-08
3.885797935e-07
1.724178655e-08
3.941137211e-07
1.443278025e-08
3.987382834e-07
1.149407801e-08
4.023997547e-07
8.408086631e-09
4.050383193e-07
5.156411844e-09
4.065875111e-07
1.71932285e-09
4.06973457e-07
-1.924926692e-09
4.061138852e-07
-5.801168816e-09
4.03916812e-07
-9.93857055e-09
4.002787934e-07
-1.43727238e-08
3.950825425e-07
-1.914829357e-08
3.881937168e-07
-2.432283996e-08
3.794566095e-07
-2.997232598e-08
3.686884494e-07
-3.619903523e-08
3.556720455e-07
-4.314298966e-08
3.401467426e-07
-5.099840673e-08
3.217983257e-07
-6.003725455e-08
3.002501392e-07
-7.064237254e-08
2.750612429e-07
-8.335234829e-08
2.457445548e-07
-9.891787781e-08
2.118310003e-07
-1.183611487e-07
1.730267807e-07
-1.430081753e-07
1.295374626e-07
-1.744139506e-07
8.264515548e-08
-2.139972043e-07
3.556057899e-08
-2.620201881e-07
-5.713080002e-09
-3.153151854e-07
-3.243531134e-08
-3.630687139e-07
-3.650267537e-08
-3.809329621e-07
-1.900229967e-08
-3.282679939e-07
-1.586832338e-07
-2.261887023e-08
1.016900036e-07
-4.786507478e-08
1.906072469e-07
-6.042890552e-08
2.14694633e-07
-5.910380306e-08
2.080708234e-07
-4.694493683e-08
1.893204525e-07
-2.752488953e-08
1.674801519e-07
-3.805385351e-09
1.465764252e-07
2.208120275e-08
1.280866126e-07
4.872077409e-08
1.12313642e-07
7.523136091e-08
9.907585631e-08
1.010903801e-07
8.803075449e-08
1.260098475e-07
7.881058985e-08
1.498510974e-07
7.108025073e-08
1.72566584e-07
6.455505704e-08
1.941622118e-07
5.900153902e-08
2.146733381e-07
5.423153863e-08
2.341497899e-07
5.009454221e-08
2.526467039e-07
4.647027854e-08
2.702190579e-07
4.326232501e-08
2.86918514e-07
4.039288301e-08
3.027916832e-07
3.7798635e-08
3.178792541e-07
3.542751454e-08
3.32215633e-07
3.323621087e-08
3.458288778e-07
3.118824998e-08
3.587407928e-07
2.92525204e-08
3.709671035e-07
2.740213951e-08
3.825176615e-07
2.561357888e-08
3.933966529e-07
2.386598618e-08
4.036027927e-07
2.214065546e-08
4.131294945e-07
2.04206093e-08
4.219650125e-07
1.869026391e-08
4.300925482e-07
1.69351551e-08
4.374903215e-07
1.514170649e-08
4.441315998e-07
1.32970246e-08
4.499846798e-07
1.138870637e-08
4.550128149e-07
9.404644967e-09
4.591740746e-07
7.332818217e-09
4.624211193e-07
5.161041692e-09
4.64700867e-07
2.876664042e-09
4.65954009e-07
4.661806324e-10
4.66114342e-07
-2.085259847e-09
4.6510781e-07
-4.794637041e-09
4.628512747e-07
-7.682035427e-09
4.592507068e-07
-1.077215615e-08
4.541986962e-07
-1.409628315e-08
4.475710046e-07
-1.76951486e-08
4.392217796e-07
-2.162310118e-08
4.289769314e-07
-2.595418727e-08
4.16625045e-07
-3.079110344e-08
4.019051149e-07
-3.627847693e-08
3.844905148e-07
-4.262265466e-08
3.63969308e-07
-5.012116591e-08
3.398231106e-07
-5.920615121e-08
3.114119513e-07
-7.050671871e-08
2.779842419e-07
-8.493343948e-08
2.387546003e-07
-1.03778534e-07
1.931345204e-07
-1.28793871e-07
1.412614709e-07
-1.621241551e-07
8.501404152e-08
-2.057727589e-07
2.95704441e-08
-2.598715883e-07
-1.510206658e-08
-3.183962034e-07
-3.539696675e-08
-3.606380622e-07
-2.380368227e-08
-3.398612786e-07
-1.824869161e-07
-3.035864112e-08
1.320486447e-07
-5.276134323e-08
2.13009949e-07
-5.202228142e-08
2.139555711e-07
-3.388645143e-08
1.899349933e-07
-5.57753959e-09
1.610115406e-07
2.760475802e-08
1.342978543e-07
6.225047257e-08
1.119307106e-07
9.640447127e-08
9.393261387e-08
1.29061153e-07
7.965696018e-08
1.597771325e-07
6.835987679e-08
1.88427049e-07
5.93808379e-08
2.15054318e-07
5.218332086e-08
2.397837557e-07
4.635081301e-08
2.627719632e-07
4.156684945e-08
2.841806356e-07
3.759286655e-08
3.041630969e-07
3.424907723e-08
3.228582444e-07
3.139939465e-08
3.4038851e-07
2.89400129e-08
3.568598881e-07
2.679094688e-08
3.723629347e-07
2.488983633e-08
3.869741427e-07
2.318742687e-08
4.007573846e-07
2.164427261e-08
4.137652717e-07
2.02283236e-08
4.260403695e-07
1.891315208e-08
4.376162487e-07
1.767664113e-08
4.485183796e-07
1.650000855e-08
4.587648832e-07
1.536707512e-08
4.683671579e-07
1.426371135e-08
4.773303977e-07
1.317741561e-08
4.856540185e-07
1.20969883e-08
4.933320056e-07
1.101227674e-08
5.003531897e-07
9.913970883e-09
5.067014611e-07
8.793434911e-09
5.123559237e-07
7.642561914e-09
5.172909888e-07
6.453641089e-09
5.214764069e-07
5.219226733e-09
5.248772265e-07
3.931998417e-09
5.27453668e-07
2.584600006e-09
5.291608883e-07
1.169443606e-09
5.29948584e-07
-3.215152582e-10
5.297604768e-07
-1.897152819e-09
5.285334558e-07
-3.567616195e-09
5.261964572e-07
-5.345036982e-09
5.226687504e-07
-7.244449563e-09
5.178575492e-07
-9.285082214e-09
5.116546343e-07
-1.149223384e-08
5.039315502e-07
-1.39000173e-08
4.945327698e-07
-1.655540712e-08
4.832659604e-07
-1.952429426e-08
4.698881562e-07
-2.290067287e-08
4.54086268e-07
-2.682076671e-08
4.354501037e-07
-3.148500184e-08
4.134363956e-07
-3.719244331e-08
3.87324478e-07
-4.439480131e-08
3.561711816e-07
-5.378014332e-08
3.18790791e-07
-6.639814369e-08
2.738286143e-07
-8.383169446e-08
2.200850123e-07
-1.083805533e-07
1.573971271e-07
-1.43084874e-07
8.853576212e-08
-1.910102235e-07
2.234458159e-08
-2.522050231e-07
-2.337214754e-08
-3.149213333e-07
-2.743161169e-08
-3.358018146e-07
-2.099185279e-07
-3.524728257e-08
1.672959272e-07
-3.883209374e-08
2.165947602e-07
-8.495935091e-09
1.836194124e-07
3.65444711e-08
1.448945871e-07
8.535607572e-08
1.12199936e-07
1.328312302e-07
8.682269975e-08
1.767084113e-07
6.805352955e-08
2.162824746e-07
5.435855051e-08
2.516290605e-07
4.431037424e-08
2.831397665e-07
3.684917074e-08
3.112973456e-07
3.12232587e-08
3.365753097e-07
2.690535668e-08
3.593971066e-07
2.352901609e-08
3.801244312e-07
2.083952479e-08
3.99058963e-07
1.865833469e-08
4.164492634e-07
1.685877675e-08
4.32498933e-07
1.534972497e-08
4.473743522e-07
1.406459363e-08
4.612113873e-07
1.295391166e-08
4.741209376e-07
1.198028599e-08
4.861934098e-07
1.11149546e-08
4.975022799e-07
1.033540237e-08
5.081069099e-07
9.623693551e-09
5.180547698e-07
8.965292041e-09
5.273831937e-07
8.34821716e-09
5.361207694e-07
7.762432746e-09
5.442884442e-07
7.199400138e-09
5.519004079e-07
6.651747531e-09
5.589648009e-07
6.113022494e-09
5.654842847e-07
5.577504405e-09
5.714565013e-07
5.040059937e-09
5.768744427e-07
4.496029395e-09
5.81726743e-07
3.941134484e-09
5.859979046e-07
3.371400181e-09
5.896684612e-07
2.783084346e-09
5.927150784e-07
2.172609338e-09
5.95110587e-07
1.536489685e-09
5.968239369e-07
8.7124994e-10
5.97820052e-07
1.733283111e-10
5.980595672e-07
-5.610305875e-10
5.974984172e-07
-1.336003086e-09
5.960871968e-07
-2.156395878e-09
5.937701673e-07
-3.028007727e-09
5.90483815e-07
-3.958097396e-09
5.8615479e-07
-4.956057427e-09
5.806969417e-07
-6.034385792e-09
5.740070358e-07
-7.210111544e-09
5.659585438e-07
-8.506915293e-09
5.563925894e-07
-9.958340084e-09
5.451046675e-07
-1.161275115e-08
5.318250614e-07
-1.354116081e-08
5.161899036e-07
-1.584984427e-08
4.976985758e-07
-1.87011157e-08
4.756519826e-07
-2.234820836e-08
4.490665558e-07
-2.719471675e-08
4.165649568e-07
-3.389654489e-08
3.762682021e-07
-4.353493999e-08
3.257847535e-07
-5.78971049e-08
2.625716446e-07
-7.987176532e-08
1.853199175e-07
-1.137584966e-07
9.762856736e-08
-1.645136732e-07
1.562372103e-08
-2.329164872e-07
-2.412002592e-08
-2.960580679e-07
-2.340385539e-07
-1.848221474e-08
1.857781419e-07
4.12085673e-08
1.569039781e-07
1.222369898e-07
1.025909899e-07
1.974548516e-07
6.967672525e-08
2.617363729e-07
4.791841467e-08
3.151507218e-07
3.340835082e-08
3.59168006e-07
2.403624523e-08
3.95581289e-07
1.794526756e-08
4.26011054e-07
1.388060913e-08
4.517679272e-07
1.109229753e-08
4.73867019e-07
9.124166906e-09
4.930800306e-07
7.692344985e-09
5.099898383e-07
6.619208301e-09
5.25037182e-07
5.792181062e-09
5.385571816e-07
5.13833505e-09
5.508066727e-07
4.609285573e-09
5.619842542e-07
4.172143394e-09
5.722448611e-07
3.803986694e-09
5.817103377e-07
3.488434956e-09
5.904771308e-07
3.213492863e-09
5.986219179e-07
2.970167354e-09
6.062057576e-07
2.751562667e-09
6.132771745e-07
2.55227652e-09
6.198744768e-07
2.367989637e-09
6.260275122e-07
2.1951817e-09
6.317590133e-07
2.030931515e-09
6.370856391e-07
1.872774249e-09
6.420187886e-07
1.718597945e-09
6.465652436e-07
1.566567433e-09
6.507276803e-07
1.415067533e-09
6.545050803e-07
1.262659887e-09
6.578930601e-07
1.108049405e-09
6.608841372e-07
9.500572932e-10
6.634679389e-07
7.875983514e-10
6.656313626e-07
6.196605553e-10
6.673586866e-07
4.452851579e-10
6.686316307e-07
2.635454794e-10
6.694293573e-07
7.352323243e-11
6.697283956e-07
-1.257101517e-10
6.695025174e-07
-3.351524811e-10
6.687224383e-07
-5.559241561e-10
6.673553726e-07
-7.893303793e-10
6.653643316e-07
-1.036966853e-09
6.62707101e-07
-1.300866922e-09
6.593347497e-07
-1.583706319e-09
6.551894616e-07
-1.889097808e-09
6.502013747e-07
-2.222024789e-09
6.442839494e-07
-2.58949017e-09
6.373271183e-07
-3.001509108e-09
6.29187035e-07
-3.472668052e-09
6.196705199e-07
-4.024645857e-09
6.085110987e-07
-4.690423264e-09
5.953315371e-07
-5.521554281e-09
5.795844987e-07
-6.601170036e-09
5.604578109e-07
-8.068029109e-09
5.367235977e-07
-1.016233187e-08
5.065035346e-07
-1.331487713e-08
4.669284955e-07
-1.832206592e-08
4.137391543e-07
-2.668242434e-08
3.411489749e-07
-4.11683173e-08
2.431572308e-07
-6.65219293e-08
1.206310256e-07
-1.103902822e-07
7.822711121e-09
-1.832497536e-07
-2.262158428e-07
1.857781419e-07
3.4268212e-07
4.452731099e-07
5.149498352e-07
5.628682498e-07
5.962766006e-07
6.203128459e-07
6.382581134e-07
6.521387226e-07
6.632310201e-07
6.72355187e-07
6.800475319e-07
6.866667402e-07
6.924589213e-07
6.975972563e-07
7.022065419e-07
7.063786853e-07
7.101826719e-07
7.136711069e-07
7.168845997e-07
7.198547671e-07
7.226063297e-07
7.251586062e-07
7.275265958e-07
7.297217775e-07
7.31752709e-07
7.336254832e-07
7.353440811e-07
7.369106485e-07
7.38325716e-07
7.395883759e-07
7.406964253e-07
7.416464825e-07
7.424340808e-07
7.430537414e-07
7.434990265e-07
7.437625719e-07
7.438360951e-07
7.437103849e-07
7.433752324e-07
7.428193082e-07
7.420299778e-07
7.409930109e-07
7.39692144e-07
7.381084376e-07
7.362193398e-07
7.339973149e-07
7.314078247e-07
7.284063156e-07
7.249336475e-07
7.209090016e-07
7.162185783e-07
7.106970239e-07
7.040958539e-07
6.960278247e-07
6.858654928e-07
6.725506156e-07
6.542285497e-07
6.275461253e-07
5.863778079e-07
5.198558786e-07
4.094655964e-07
2.262158428e-07
)
;

boundaryField
{
    movingWall
    {
        type            calculated;
        value           uniform 0;
    }
    fixedWalls
    {
        type            calculated;
        value           uniform 0;
    }
    frontAndBack
    {
        type            empty;
    }
}


// ************************************************************************* //
