/*--------------------------------*- C++ -*----------------------------------*\
  =========                 |
  \\      /  F ield         | OpenFOAM: The Open Source CFD Toolbox
   \\    /   O peration     | Website:  https://openfoam.org
    \\  /    A nd           | Version:  11
     \\/     M anipulation  |
\*---------------------------------------------------------------------------*/
FoamFile
{
    format      ascii;
    class       volVectorField;
    location    "700";
    object      U;
}
// * * * * * * * * * * * * * * * * * * * * * * * * * * * * * * * * * * * * * //

dimensions      [0 1 -1 0 0 0 0];

internalField   nonuniform List<vector> 
4096
(
(1.407390854e-05 -1.405844842e-05 0)
(5.830589334e-05 -1.7667944e-05 0)
(9.191644732e-05 -1.333643691e-05 0)
(9.43498576e-05 -6.13447743e-06 0)
(5.496285888e-05 1.521994366e-06 0)
(-2.784180214e-05 8.755985146e-06 0)
(-0.0001519814681 1.516724556e-05 0)
(-0.0003136403221 2.063107061e-05 0)
(-0.0005082264929 2.51641767e-05 0)
(-0.0007309422197 2.884342402e-05 0)
(-0.0009771013343 3.176652168e-05 0)
(-0.001242290343 3.403321383e-05 0)
(-0.001522437036 3.57359552e-05 0)
(-0.001813823076 3.695541387e-05 0)
(-0.002113062473 3.7758577e-05 0)
(-0.002417060184 3.819833095e-05 0)
(-0.00272296047 3.831393902e-05 0)
(-0.003028091815 3.813209328e-05 0)
(-0.003329913288 3.76683509e-05 0)
(-0.003625965889 3.692882135e-05 0)
(-0.003913831395 3.591201534e-05 0)
(-0.004191100458 3.461077928e-05 0)
(-0.004455351067 3.301426345e-05 0)
(-0.004704137955 3.11098739e-05 0)
(-0.00493499313 2.888517528e-05 0)
(-0.005145437341 2.632970861e-05 0)
(-0.005333001972 2.34367003e-05 0)
(-0.005495260605 2.020463135e-05 0)
(-0.005629869245 1.663864389e-05 0)
(-0.005734613959 1.275175094e-05 0)
(-0.005807464503 8.565823827e-06 0)
(-0.00584663232 4.112332257e-06 0)
(-0.005850630702 -5.672972331e-07 0)
(-0.005818335554 -5.421601851e-06 0)
(-0.005749044804 -1.038914054e-05 0)
(-0.005642533627 -1.539916011e-05 0)
(-0.005499103757 -2.037273271e-05 0)
(-0.005319623717 -2.522417174e-05 0)
(-0.00510555827 -2.986285402e-05 0)
(-0.004858984984 -3.419539333e-05 0)
(-0.004582596192 -3.812810503e-05 0)
(-0.004279685014 -4.156968893e-05 0)
(-0.003954114586 -4.443402912e-05 0)
(-0.003610270257 -4.664299976e-05 0)
(-0.00325299509 -4.81291479e-05 0)
(-0.002887509699 -4.883812655e-05 0)
(-0.002519318066 -4.873075053e-05 0)
(-0.00215410154 -4.778456931e-05 0)
(-0.001797603641 -4.599487407e-05 0)
(-0.001455508531 -4.337510499e-05 0)
(-0.001133315927 -3.995668194e-05 0)
(-0.000836214775 -3.578837559e-05 0)
(-0.0005689570302 -3.093546419e-05 0)
(-0.0003357311213 -2.547913343e-05 0)
(-0.0001400318197 -1.951692192e-05 0)
(1.54814404e-05 -1.316568796e-05 0)
(0.0001291526218 -6.569841369e-06 0)
(0.0002005512134 8.092193169e-08 0)
(0.0002307977419 6.514765964e-06 0)
(0.0002230543898 1.230761901e-05 0)
(0.0001832398049 1.678712488e-05 0)
(0.0001214066883 1.891504162e-05 0)
(5.546293405e-05 1.662599942e-05 0)
(8.053642851e-06 8.057634789e-06 0)
(1.790993777e-05 -5.846829189e-05 0)
(7.190323648e-05 -7.128529139e-05 0)
(8.193670365e-05 -2.593342893e-05 0)
(1.17956934e-05 4.678695969e-05 0)
(-0.0001591350026 0.0001292935337 0)
(-0.0004359326071 0.000211785411 0)
(-0.000815575166 0.0002889841208 0)
(-0.001290483683 0.0003582721714 0)
(-0.001850609232 0.0004185754326 0)
(-0.002484797755 0.0004697004932 0)
(-0.00318164824 0.0005119400817 0)
(-0.003930020588 0.0005458331586 0)
(-0.00471931038 0.0005720164419 0)
(-0.005539568636 0.0005911320904 0)
(-0.006381519361 0.0006037713762 0)
(-0.007236511965 0.0006104424419 0)
(-0.008096435298 0.0006115548068 0)
(-0.008953612926 0.0006074158415 0)
(-0.009800694194 0.0005982359114 0)
(-0.01063055187 0.0005841397829 0)
(-0.01143619427 0.0005651824577 0)
(-0.0122106974 0.0005413679814 0)
(-0.0129471609 0.00051267006 0)
(-0.0136386899 0.0004790535158 0)
(-0.01427840369 0.0004404957838 0)
(-0.01485947102 0.0003970077673 0)
(-0.01537517091 0.0003486534668 0)
(-0.01581897698 0.0002955678622 0)
(-0.01618466277 0.0002379725783 0)
(-0.01646642478 0.0001761888913 0)
(-0.01665901931 0.0001106476651 0)
(-0.01675790897 4.189579838e-05 0)
(-0.0167594133 -2.940132152e-05 0)
(-0.01666085998 -0.0001024611872 0)
(-0.01646073 -0.0001763892012 0)
(-0.01615879081 -0.000250189117 0)
(-0.01575621325 -0.0003227781487 0)
(-0.01525566484 -0.0003930062725 0)
(-0.01466137499 -0.000459679615 0)
(-0.01397916736 -0.000521587469 0)
(-0.01321645532 -0.0005775322613 0)
(-0.01238219741 -0.0006263616096 0)
(-0.01148681105 -0.0006670014368 0)
(-0.01054204389 -0.000698488984 0)
(-0.009560803582 -0.0007200044895 0)
(-0.008556948565 -0.0007309003068 0)
(-0.00754504328 -0.0007307263268 0)
(-0.00654008294 -0.0007192507773 0)
(-0.005557193562 -0.0006964757985 0)
(-0.004611313447 -0.0006626476751 0)
(-0.003716862063 -0.0006182622593 0)
(-0.00288740109 -0.000564067015 0)
(-0.002135290192 -0.0005010623329 0)
(-0.001471336266 -0.0004305065076 0)
(-0.0009044292616 -0.0003539313144 0)
(-0.0004411494538 -0.0002731790383 0)
(-8.5319215e-05 -0.0001904779836 0)
(0.0001625447279 -0.0001085821445 0)
(0.0003059454077 -3.101343149e-05 0)
(0.0003533476512 3.754426054e-05 0)
(0.0003193749412 9.06522096e-05 0)
(0.0002267833031 0.0001193314643 0)
(0.0001116148747 0.0001115148771 0)
(1.648423016e-05 5.531422891e-05 0)
(1.38619139e-05 -9.291635852e-05 0)
(2.708691334e-05 -8.174925228e-05 0)
(-4.613292127e-05 4.638493975e-05 0)
(-0.0002438252742 0.0002330291158 0)
(-0.0005882029456 0.0004428887159 0)
(-0.001085572798 0.000654410458 0)
(-0.00173238831 0.0008548279964 0)
(-0.002518887967 0.001037054279 0)
(-0.00343158259 0.001197602543 0)
(-0.004455012846 0.001335225091 0)
(-0.00557294396 0.001450026064 0)
(-0.006769135769 0.00154287709 0)
(-0.00802780482 0.00161502978 0)
(-0.009333867038 0.001667859682 0)
(-0.01067302724 0.00170270057 0)
(-0.01203176558 0.001720742555 0)
(-0.01339725921 0.001722976436 0)
(-0.01475726818 0.001710172088 0)
(-0.0161000082 0.001682882058 0)
(-0.01741402704 0.001641463742 0)
(-0.01868809739 0.001586114932 0)
(-0.01991113523 0.001516918583 0)
(-0.02107215006 0.001433893385 0)
(-0.02216023067 0.001337047338 0)
(-0.02316456832 0.001226431947 0)
(-0.0240745171 0.001102195052 0)
(-0.02487969019 0.0009646305643 0)
(-0.02557008905 0.0008142236111 0)
(-0.02613626173 0.0006516897527 0)
(-0.02656948543 0.0004780070708 0)
(-0.02686196756 0.0002944400333 0)
(-0.02700705911 0.0001025541177 0)
(-0.02699947208 -9.577978477e-05 0)
(-0.02683549643 -0.0002983911713 0)
(-0.0265132054 -0.0005028262009 0)
(-0.02603264242 -0.0007063768218 0)
(-0.02539598254 -0.0009061214612 0)
(-0.02460765872 -0.001098976526 0)
(-0.02367444661 -0.001281758061 0)
(-0.02260550126 -0.00145125231 0)
(-0.02141234024 -0.001604293455 0)
(-0.02010876908 -0.00173784638 0)
(-0.01871074652 -0.001849091919 0)
(-0.01723618883 -0.001935511803 0)
(-0.01570471433 -0.001994970337 0)
(-0.01413733113 -0.002025789912 0)
(-0.01255607306 -0.002026817703 0)
(-0.01098359004 -0.001997481408 0)
(-0.009442700619 -0.001937832708 0)
(-0.007955914693 -0.001848578266 0)
(-0.006544934166 -0.001731099642 0)
(-0.005230138086 -0.00158746554 0)
(-0.004030056025 -0.001420442465 0)
(-0.00296082935 -0.001233513432 0)
(-0.002035654005 -0.001030919106 0)
(-0.001264190572 -0.0008177422445 0)
(-0.000651917619 -0.0006000648868 0)
(-0.0001993921077 -0.0003852387901 0)
(9.863122306e-05 -0.00018232044 0)
(0.0002542457194 -2.725595353e-06 0)
(0.0002875528813 0.0001388742303 0)
(0.0002283913999 0.0002234977488 0)
(0.00012150734 0.0002270390574 0)
(1.884274826e-05 0.0001212896323 0)
(6.828605405e-06 -9.629390456e-05 0)
(-4.718543024e-05 -1.092871882e-05 0)
(-0.0002387434676 0.0002449844582 0)
(-0.0005998547913 0.0005894355267 0)
(-0.00114812479 0.0009703242451 0)
(-0.00188811684 0.001353914448 0)
(-0.00281461113 0.001719011631 0)
(-0.003915680894 0.002053059505 0)
(-0.005175103612 0.002349311403 0)
(-0.006574161996 0.002604840661 0)
(-0.008092947984 0.002819156802 0)
(-0.009711260906 0.002993240791 0)
(-0.01140918565 0.003128873467 0)
(-0.01316742755 0.003228172843 0)
(-0.01496746846 0.003293282871 0)
(-0.01679159691 0.003326174004 0)
(-0.01862285506 0.003328527531 0)
(-0.02044493695 0.003301683216 0)
(-0.02224206526 0.003246634793 0)
(-0.02399886782 0.003164061293 0)
(-0.02570027022 0.003054384569 0)
(-0.02733141642 0.002917845146 0)
(-0.02887762572 0.002754589877 0)
(-0.0303243911 0.002564765962 0)
(-0.03165742163 0.002348616695 0)
(-0.03286272891 0.002106575077 0)
(-0.0339267559 0.0018393519 0)
(-0.03483654469 0.001548015437 0)
(-0.03557993825 0.001234060186 0)
(-0.03614581015 0.0008994624261 0)
(-0.03652431509 0.0005467206093 0)
(-0.03670715248 0.0001788788235 0)
(-0.03668783297 -0.0002004681945 0)
(-0.03646194254 -0.0005871886585 0)
(-0.0360273897 -0.0009766471263 0)
(-0.03538462907 -0.001363759903 0)
(-0.0345368518 -0.001743070807 0)
(-0.03349013192 -0.002108846166 0)
(-0.03225352103 -0.002455187624 0)
(-0.03083908363 -0.002776160456 0)
(-0.0292618666 -0.003065934328 0)
(-0.02753979804 -0.003318932743 0)
(-0.02569351238 -0.003529986806 0)
(-0.0237461009 -0.0036944885 0)
(-0.02172278859 -0.003808538449 0)
(-0.01965054073 -0.003869083258 0)
(-0.01755760461 -0.003874037912 0)
(-0.01547299336 -0.003822389656 0)
(-0.01342592065 -0.00371428106 0)
(-0.01144519534 -0.003551071928 0)
(-0.009558585503 -0.003335382192 0)
(-0.007792159874 -0.003071121146 0)
(-0.006169612804 -0.002763512442 0)
(-0.004711575129 -0.002419129307 0)
(-0.003434908806 -0.002045960717 0)
(-0.002351977507 -0.001653536915 0)
(-0.001469879598 -0.001253151559 0)
(-0.0007896238998 -0.0008582270129 0)
(-0.0003052248173 -0.0004848760891 0)
(-2.723494569e-06 -0.0001527102281 0)
(0.0001407977803 0.0001140947408 0)
(0.0001586114409 0.0002855749927 0)
(9.885882868e-05 0.0003246614078 0)
(1.721350151e-05 0.0001850418524 0)
(-9.666871411e-07 -5.643745159e-05 0)
(-0.000135124862 0.000165936641 0)
(-0.0004650091977 0.0005986215276 0)
(-0.001012047261 0.001142520488 0)
(-0.001784976935 0.001731781567 0)
(-0.002783988843 0.002321893544 0)
(-0.004000671407 0.002883689893 0)
(-0.005420285708 0.003399092925 0)
(-0.007023860973 0.003857826243 0)
(-0.008789814164 0.004254964503 0)
(-0.01069518702 0.00458913672 0)
(-0.0127165475 0.004861214069 0)
(-0.01483060187 0.00507335928 0)
(-0.01701457231 0.005228348751 0)
(-0.01924639362 0.005329102253 0)
(-0.02150477727 0.005378372138 0)
(-0.02376918457 0.005378555946 0)
(-0.02601974436 0.005331604662 0)
(-0.02823714425 0.005239004739 0)
(-0.03040251912 0.005101816237 0)
(-0.03249735484 0.004920752552 0)
(-0.03450342129 0.004696289597 0)
(-0.03640274399 0.004428794253 0)
(-0.03817762072 0.004118663441 0)
(-0.03981068582 0.003766466475 0)
(-0.0412850227 0.003373084454 0)
(-0.04258432249 0.002939841338 0)
(-0.04369308482 0.002468622104 0)
(-0.04459685522 0.001961974003 0)
(-0.04528249216 0.001423187451 0)
(-0.04573845558 0.0008563535788 0)
(-0.04595510807 0.0002663958417 0)
(-0.04592501737 -0.0003409264157 0)
(-0.04564325445 -0.0009590427917 0)
(-0.04510767001 -0.001580626968 0)
(-0.04431914341 -0.002197684332 0)
(-0.04328179287 -0.002801669933 0)
(-0.04200313469 -0.003383635089 0)
(-0.04049418365 -0.003934400385 0)
(-0.03876948594 -0.004444751611 0)
(-0.03684707737 -0.004905654102 0)
(-0.0347483616 -0.005308479978 0)
(-0.03249790456 -0.005645241941 0)
(-0.03012314393 -0.005908826651 0)
(-0.02765401414 -0.006093220441 0)
(-0.02512249032 -0.006193720208 0)
(-0.02256205623 -0.006207122962 0)
(-0.02000710395 -0.006131888698 0)
(-0.01749227414 -0.005968273115 0)
(-0.01505174721 -0.005718429291 0)
(-0.01271849612 -0.005386480788 0)
(-0.01052351099 -0.004978572873 0)
(-0.008495004581 -0.004502913647 0)
(-0.006657605349 -0.003969822915 0)
(-0.005031542063 -0.003391813608 0)
(-0.003631820847 -0.002783738277 0)
(-0.002467393165 -0.002163041077 0)
(-0.00154031152 -0.001550162415 0)
(-0.0008448700489 -0.0009691473282 0)
(-0.0003667504233 -0.0004485061248 0)
(-8.222475741e-05 -2.234325147e-05 0)
(4.289417598e-05 0.0002683047086 0)
(5.645388761e-05 0.0003736868128 0)
(1.376027053e-05 0.0002310407985 0)
(-8.778860754e-06 3.063256282e-05 0)
(-0.0002282942137 0.0004600457021 0)
(-0.0007067347456 0.00112288141 0)
(-0.001452568784 0.001909001702 0)
(-0.002463048779 0.002742392727 0)
(-0.003731973476 0.003569937439 0)
(-0.005246308292 0.004355712276 0)
(-0.006987643107 0.005076708256 0)
(-0.008933887573 0.005719334198 0)
(-0.01106059185 0.006276678064 0)
(-0.01334200289 0.006746406659 0)
(-0.01575187418 0.007129170242 0)
(-0.01826403905 0.007427407092 0)
(-0.02085277949 0.007644465933 0)
(-0.02349302973 0.007783981372 0)
(-0.02616045423 0.007849451118 0)
(-0.02883143714 0.007843974105 0)
(-0.03148301661 0.007770116382 0)
(-0.0340927922 0.007629877452 0)
(-0.03663882922 0.007424734175 0)
(-0.0390995788 0.007155742878 0)
(-0.04145382801 0.006823683133 0)
(-0.0436806903 0.006429229055 0)
(-0.04575964267 0.005973136002 0)
(-0.04767061271 0.005456432301 0)
(-0.04939411587 0.004880607117 0)
(-0.05091144062 0.00424778689 0)
(-0.05220487733 0.003560893816 0)
(-0.05325798458 0.002823780831 0)
(-0.0540558856 0.002041338285 0)
(-0.05458558595 0.001219568288 0)
(-0.05483630302 0.0003656232751 0)
(-0.05479979523 -0.0005121939032 0)
(-0.05447068522 -0.001404468868 0)
(-0.05384675802 -0.002300756282 0)
(-0.05292922897 -0.003189703979 0)
(-0.05172296923 -0.00405921816 0)
(-0.05023667574 -0.004896667291 0)
(-0.04848297765 -0.005689121628 0)
(-0.04647846964 -0.006423623751 0)
(-0.0442436645 -0.007087484072 0)
(-0.04180285867 -0.007668594091 0)
(-0.03918390668 -0.008155748996 0)
(-0.03641790207 -0.008538970464 0)
(-0.03353876504 -0.00880982003 0)
(-0.03058273953 -0.008961693549 0)
(-0.02758780448 -0.008990087929 0)
(-0.024593007 -0.008892832811 0)
(-0.02163772651 -0.008670282098 0)
(-0.01876088136 -0.008325463376 0)
(-0.01600008981 -0.00786418734 0)
(-0.0133907984 -0.007295124288 0)
(-0.01096539005 -0.006629860597 0)
(-0.00875228372 -0.00588295472 0)
(-0.006775036335 -0.0050720194 0)
(-0.005051456718 -0.004217864104 0)
(-0.003592741014 -0.003344738356 0)
(-0.002402639931 -0.00248072158 0)
(-0.001476670765 -0.001658307889 0)
(-0.0008013998125 -0.0009152351255 0)
(-0.0003538200345 -0.0002955841853 0)
(-0.0001006651999 0.0001488791804 0)
(3.063365945e-06 0.0003567397068 0)
(9.522469221e-06 0.0002517436162 0)
(-1.627984195e-05 0.0001657935406 0)
(-0.0003222709609 0.0008758642207 0)
(-0.0009533205637 0.00182538408 0)
(-0.001904058955 0.002898040228 0)
(-0.003158870988 0.004011106844 0)
(-0.004703781159 0.005105278182 0)
(-0.00651997747 0.006139485423 0)
(-0.008584550163 0.007086797154 0)
(-0.01087179492 0.007930893475 0)
(-0.01335419366 0.008663182245 0)
(-0.01600323001 0.009280500676 0)
(-0.0187900453 0.009783310115 0)
(-0.02168591819 0.01017430413 0)
(-0.02466258027 0.01045736149 0)
(-0.02769239314 0.01063678528 0)
(-0.03074841693 0.01071677819 0)
(-0.03380440099 0.01070111152 0)
(-0.03683472575 0.01059295149 0)
(-0.0398143218 0.0103948114 0)
(-0.04271858855 0.01010860248 0)
(-0.04552333051 0.00973575941 0)
(-0.04820472525 0.009277419927 0)
(-0.05073933292 0.008734640299 0)
(-0.05310415379 0.008108631057 0)
(-0.05527673665 0.007400999422 0)
(-0.05723533834 0.00661398682 0)
(-0.05895913163 0.005750691552 0)
(-0.06042845724 0.004815268151 0)
(-0.06162511333 0.0038130962 0)
(-0.06253267474 0.002750912519 0)
(-0.06313683312 0.001636901578 0)
(-0.06342574804 0.0004807399058 0)
(-0.06339039681 -0.0007064088057 0)
(-0.06302491751 -0.001911948568 0)
(-0.06232692497 -0.003121959312 0)
(-0.06129779524 -0.004321360094 0)
(-0.05994290629 -0.005494124577 0)
(-0.05827182049 -0.0066235457 0)
(-0.05629840083 -0.007692545766 0)
(-0.05404085089 -0.008684026228 0)
(-0.05152166984 -0.00958124979 0)
(-0.04876751539 -0.01036824587 0)
(-0.04580896952 -0.01103022909 0)
(-0.04268020372 -0.01155401937 0)
(-0.03941854274 -0.01192845169 0)
(-0.03606392879 -0.01214476333 0)
(-0.03265829031 -0.01219694744 0)
(-0.02924482265 -0.01208206302 0)
(-0.02586719013 -0.01180049429 0)
(-0.02256866172 -0.01135615547 0)
(-0.01939119409 -0.01075664213 0)
(-0.01637447765 -0.01001333532 0)
(-0.01355496186 -0.009141471232 0)
(-0.01096487686 -0.00816019629 0)
(-0.008631268768 -0.007092634259 0)
(-0.006575066428 -0.005965999355 0)
(-0.00481019859 -0.004811794679 0)
(-0.003342782491 -0.003666139236 0)
(-0.002170409483 -0.002570269261 0)
(-0.001281555186 -0.001571262612 0)
(-0.000655108891 -0.0007230157312 0)
(-0.0002600428615 -8.744977889e-05 0)
(-5.580800636e-05 0.0002636461691 0)
(5.103558519e-06 0.0002434354718 0)
(-2.336707879e-05 0.000348497156 0)
(-0.0004148238305 0.001414083292 0)
(-0.001198729496 0.002708644278 0)
(-0.002355874026 0.004113397051 0)
(-0.003857233438 0.00554193888 0)
(-0.005680227202 0.006931150971 0)
(-0.007799441458 0.0082365845 0)
(-0.01018678789 0.00942863366 0)
(-0.01281247038 0.01048909088 0)
(-0.0156456327 0.01140822192 0)
(-0.0186549126 0.01218235701 0)
(-0.0218089108 0.01281194495 0)
(-0.0250765408 0.01330001631 0)
(-0.02842725769 0.01365100414 0)
(-0.03183118041 0.01386987251 0)
(-0.03525912853 0.01396150738 0)
(-0.03868259735 0.01393032818 0)
(-0.04207369553 0.01378008217 0)
(-0.04540506775 0.01351378767 0)
(-0.04864982228 0.01313379517 0)
(-0.05178147987 0.01264193879 0)
(-0.05477395673 0.01203975331 0)
(-0.05760159086 0.0113287351 0)
(-0.06023921722 0.01051062769 0)
(-0.06266229453 0.009587715451 0)
(-0.06484708319 0.008563111017 0)
(-0.06677087164 0.007441024198 0)
(-0.06841224653 0.006227002025 0)
(-0.06975140002 0.00492813106 0)
(-0.07077046651 0.003553194617 0)
(-0.07145387997 0.002112778725 0)
(-0.07178874214 0.0006193218062 0)
(-0.07176518916 -0.000912895772 0)
(-0.07137675219 -0.00246782324 0)
(-0.07062069019 -0.00402777586 0)
(-0.06949829185 -0.00557363794 0)
(-0.06801513453 -0.007085129659 0)
(-0.066181284 -0.008541133946 0)
(-0.06401142755 -0.009920079138 0)
(-0.06152492919 -0.01120037083 0)
(-0.05874579738 -0.01236086433 0)
(-0.05570255708 -0.01338136719 0)
(-0.05242801926 -0.01424315971 0)
(-0.04895894338 -0.0149295196 0)
(-0.0453355904 -0.0154262366 0)
(-0.04160116677 -0.0157221019 0)
(-0.03780116291 -0.01580935848 0)
(-0.0339825926 -0.01568409954 0)
(-0.0301931433 -0.01534660511 0)
(-0.02648025014 -0.01480161046 0)
(-0.02289010954 -0.01405850517 0)
(-0.01946665062 -0.01313146735 0)
(-0.016250485 -0.01203954445 0)
(-0.01327785699 -0.01080669927 0)
(-0.01057961791 -0.009461846992 0)
(-0.008180249699 -0.008038915625 0)
(-0.006096964458 -0.006576967386 0)
(-0.004338909749 -0.00512042151 0)
(-0.002906515838 -0.003719420941 0)
(-0.001791012166 -0.002430388379 0)
(-0.0009740741224 -0.001316796251 0)
(-0.0004278019413 -0.0004501123181 0)
(-0.0001169495522 8.870420204e-05 0)
(8.106130544e-07 0.0002045257226 0)
(-3.00419404e-05 0.000577499718 0)
(-0.0005048773049 0.002073195457 0)
(-0.001439580354 0.003771874157 0)
(-0.002801545306 0.005555048557 0)
(-0.004548327695 0.007335195806 0)
(-0.006648339329 0.00904757323 0)
(-0.009069050266 0.01064611636 0)
(-0.01177670602 0.01209989878 0)
(-0.01473703025 0.01338982054 0)
(-0.01791557193 0.01450570752 0)
(-0.02127800305 0.01544385721 0)
(-0.0247903891 0.01620500988 0)
(-0.02841938925 0.01679271518 0)
(-0.03213237606 0.01721205851 0)
(-0.03589748151 0.01746870828 0)
(-0.03968358304 0.01756824404 0)
(-0.04346024748 0.01751572646 0)
(-0.0471976519 0.01731547115 0)
(-0.05086650013 0.01697099097 0)
(-0.05443795168 0.01648507298 0)
(-0.05788357715 0.01585995953 0)
(-0.06117535134 0.01509760525 0)
(-0.06428569162 0.01419998476 0)
(-0.06718754654 0.01316942892 0)
(-0.06985453632 0.01200896988 0)
(-0.07226114451 0.01072267833 0)
(-0.07438295787 0.009315978301 0)
(-0.07619694955 0.007795927513 0)
(-0.07768179933 0.006171452833 0)
(-0.07881824318 0.00445353237 0)
(-0.0795894437 0.00265531706 0)
(-0.07998137232 0.0007921860125 0)
(-0.0799831911 -0.001118268802 0)
(-0.07958763033 -0.003056329981 0)
(-0.0787913399 -0.005000318102 0)
(-0.07759521161 -0.006926833345 0)
(-0.07600466198 -0.008811072754 0)
(-0.07402985662 -0.0106272188 0)
(-0.07168586926 -0.01234889486 0)
(-0.06899276319 -0.01394968032 0)
(-0.06597558388 -0.01540367594 0)
(-0.06266425306 -0.01668610749 0)
(-0.05909335578 -0.01777395386 0)
(-0.05530181361 -0.01864658378 0)
(-0.05133243998 -0.01928638404 0)
(-0.04723137623 -0.01967936141 0)
(-0.04304741044 -0.01981570084 0)
(-0.03883118494 -0.01969026371 0)
(-0.03463430216 -0.01930301256 0)
(-0.03050834272 -0.01865935269 0)
(-0.02650381328 -0.01777038602 0)
(-0.02266904556 -0.01665307909 0)
(-0.01904907103 -0.01533035389 0)
(-0.01568449846 -0.0138311183 0)
(-0.01261042415 -0.01219025982 0)
(-0.009855406409 -0.01044863307 0)
(-0.007440537903 -0.00865307657 0)
(-0.005378652786 -0.006856496201 0)
(-0.003673713738 -0.005118054506 0)
(-0.002320403669 -0.003503505707 0)
(-0.001303844398 -0.002085691457 0)
(-0.0005998147935 -0.0009451367484 0)
(-0.0001786903349 -0.0001710712166 0)
(-3.232924851e-06 0.0001346014836 0)
(-3.63399123e-05 0.0008512557512 0)
(-0.0005919411128 0.002850443547 0)
(-0.00167399116 0.005012173536 0)
(-0.003237126753 0.007220330175 0)
(-0.005225782654 0.009388390803 0)
(-0.00759926916 0.01145194274 0)
(-0.01031768582 0.01336498562 0)
(-0.01334131425 0.01509664329 0)
(-0.01663112831 0.01662799562 0)
(-0.02014888347 0.0179492355 0)
(-0.02385717757 0.01905721242 0)
(-0.02771952577 0.01995336517 0)
(-0.03170040395 0.02064203276 0)
(-0.03576524685 0.02112912198 0)
(-0.03988040332 0.02142110247 0)
(-0.04401305717 0.02152429552 0)
(-0.04813112664 0.02144442038 0)
(-0.05220315674 0.02118636142 0)
(-0.05619821965 0.02075411931 0)
(-0.06008583648 0.02015091118 0)
(-0.0638359319 0.0193793862 0)
(-0.06741883069 0.01844192562 0)
(-0.07080530235 0.01734099924 0)
(-0.0739666572 0.01607955304 0)
(-0.07687489503 0.01466140599 0)
(-0.07950290493 0.01309163677 0)
(-0.08182471319 0.01137694433 0)
(-0.08381577435 0.009525968211 0)
(-0.08545329949 0.007549557261 0)
(-0.08671661443 0.005460977103 0)
(-0.08758754016 0.003276048367 0)
(-0.08805078691 0.001013209323 0)
(-0.0880943505 -0.001306502088 0)
(-0.08770990827 -0.003659549083 0)
(-0.08689319202 -0.006020083253 0)
(-0.08564433542 -0.008360221586 0)
(-0.08396818821 -0.01065041124 0)
(-0.08187457413 -0.01285987741 0)
(-0.07937848698 -0.01495715009 0)
(-0.07650021066 -0.01691066234 0)
(-0.0732653505 -0.01868940999 0)
(-0.06970476397 -0.02026365992 0)
(-0.06585437986 -0.02160569133 0)
(-0.06175489686 -0.02269055232 0)
(-0.05745135471 -0.02349681163 0)
(-0.05299257448 -0.0240072847 0)
(-0.04843046817 -0.02420971257 0)
(-0.04381922225 -0.02409737343 0)
(-0.03921436462 -0.02366960864 0)
(-0.03467172941 -0.02293224925 0)
(-0.03024633915 -0.02189793407 0)
(-0.02599122867 -0.02058631713 0)
(-0.02195623927 -0.01902416983 0)
(-0.01818681573 -0.01724539143 0)
(-0.01472284155 -0.01529094901 0)
(-0.0115975505 -0.0132087753 0)
(-0.008836553929 -0.01105365753 0)
(-0.006457027101 -0.008887152727 0)
(-0.00446710698 -0.006777564757 0)
(-0.002865521115 -0.00480001802 0)
(-0.001641325916 -0.003036632402 0)
(-0.0007742839984 -0.001576718327 0)
(-0.0002403718332 -0.0005172739264 0)
(-7.004512613e-06 3.378220847e-05 0)
(-4.230134512e-05 0.001168107991 0)
(-0.0006758033454 0.003742364047 0)
(-0.001900893328 0.006425284382 0)
(-0.003660147296 0.009104725211 0)
(-0.005885349516 0.01169692862 0)
(-0.008526826417 0.01413953507 0)
(-0.01153725585 0.01638816728 0)
(-0.01487082574 0.01841333454 0)
(-0.01848361307 0.02019739096 0)
(-0.02233345872 0.02173176019 0)
(-0.02637981705 0.02301450162 0)
(-0.03058364692 0.02404823613 0)
(-0.03490729995 0.0248384339 0)
(-0.03931439233 0.02539205402 0)
(-0.04376966092 0.02571651454 0)
(-0.04823880895 0.02581896473 0)
(-0.05268835047 0.02570582664 0)
(-0.05708546428 0.02538256993 0)
(-0.06139786879 0.02485368347 0)
(-0.06559372801 0.02412280671 0)
(-0.06964159755 0.02319298551 0)
(-0.07351041732 0.02206701905 0)
(-0.07716955535 0.02074786721 0)
(-0.08058890485 0.01923909078 0)
(-0.08373903456 0.01754530033 0)
(-0.08659139062 0.01567259259 0)
(-0.08911854658 0.01362895658 0)
(-0.09129449694 0.0114246343 0)
(-0.09309498866 0.009072423391 0)
(-0.0944978841 0.006587911325 0)
(-0.09548354862 0.003989632574 0)
(-0.09603525503 0.00129914155 0)
(-0.0961395948 -0.001459004133 0)
(-0.09578689412 -0.004257353547 0)
(-0.09497161279 -0.007065768301 0)
(-0.09369272216 -0.009851729615 0)
(-0.09195405947 -0.01258074567 0)
(-0.08976462951 -0.0152168544 0)
(-0.08713884991 -0.01772321838 0)
(-0.08409672362 -0.02006280473 0)
(-0.08066392405 -0.02219913964 0)
(-0.07687177825 -0.0240971243 0)
(-0.07275713436 -0.02572389517 0)
(-0.06836210118 -0.02704970873 0)
(-0.06373364985 -0.0280488281 0)
(-0.05892307125 -0.02870038663 0)
(-0.05398528693 -0.02898920284 0)
(-0.04897801646 -0.02890652146 0)
(-0.04396080981 -0.02845065693 0)
(-0.03899395979 -0.02762751983 0)
(-0.03413731561 -0.0264510117 0)
(-0.029449025 -0.02494328099 0)
(-0.02498423767 -0.02313484081 0)
(-0.02079380785 -0.02106455819 0)
(-0.01692303746 -0.01877953312 0)
(-0.01341050393 -0.01633489341 0)
(-0.01028701813 -0.01379353679 0)
(-0.007574761153 -0.01122585426 0)
(-0.005286658472 -0.008709467801 0)
(-0.00342600395 -0.006329013715 0)
(-0.001986163431 -0.004175968862 0)
(-0.0009510345965 -0.002348423931 0)
(-0.0003019970115 -0.0009510579506 0)
(-1.053610986e-05 -9.769927301e-05 0)
(-4.796006222e-05 0.001526364423 0)
(-0.0007563662105 0.004745075084 0)
(-0.002119628352 0.008006043372 0)
(-0.004068953229 0.01120238482 0)
(-0.006524031986 0.01425459929 0)
(-0.009426464825 0.01710390113 0)
(-0.012721609 0.01970896661 0)
(-0.01635756799 0.02204296186 0)
(-0.02028548733 0.0240905962 0)
(-0.02445925371 0.02584540899 0)
(-0.02883516034 0.02730736951 0)
(-0.03337162993 0.02848081613 0)
(-0.03802895496 0.02937274586 0)
(-0.04276904408 0.02999145119 0)
(-0.04755517558 0.03034548921 0)
(-0.05235176184 0.03044295862 0)
(-0.05712413139 0.03029105441 0)
(-0.0618383363 0.02989586536 0)
(-0.06646099327 0.02926237731 0)
(-0.07095916584 0.02839464449 0)
(-0.07530029384 0.02729609182 0)
(-0.07945217472 0.02596991278 0)
(-0.08338299922 0.02441953019 0)
(-0.08706144221 0.02264909046 0)
(-0.09045680792 0.02066396511 0)
(-0.09353922726 0.01847123725 0)
(-0.0962799037 0.01608015374 0)
(-0.09865140374 0.013502527 0)
(-0.1006279867 0.01075307327 0)
(-0.1021859685 0.007849676007 0)
(-0.1033041138 0.004813565436 0)
(-0.1039640493 0.001669406465 0)
(-0.1041506907 -0.001554711219 0)
(-0.1038526805 -0.004827385766 0)
(-0.1030628181 -0.008114120467 0)
(-0.1017784738 -0.0113776533 0)
(-0.1000019925 -0.01457839974 0)
(-0.09774104975 -0.01767500418 0)
(-0.09500895965 -0.02062499788 0)
(-0.09182491419 -0.02338555739 0)
(-0.08821413852 -0.02591435352 0)
(-0.08420794377 -0.02817047729 0)
(-0.07984366043 -0.03011542493 0)
(-0.07516443609 -0.03171412024 0)
(-0.07021888388 -0.03293594854 0)
(-0.06506057147 -0.03375577356 0)
(-0.059747345 -0.03415490658 0)
(-0.05434048858 -0.03412199647 0)
(-0.04890372659 -0.03365381082 0)
(-0.04350208363 -0.03275588123 0)
(-0.03820062475 -0.03144299184 0)
(-0.03306310621 -0.02973949686 0)
(-0.02815057394 -0.02767946223 0)
(-0.02351995305 -0.02530663638 0)
(-0.0192226761 -0.02267426475 0)
(-0.01530340073 -0.01984477201 0)
(-0.01179886815 -0.0168893425 0)
(-0.008736956642 -0.01388743232 0)
(-0.006135994089 -0.01092624669 0)
(-0.004004333554 -0.008100212837 0)
(-0.002339969847 -0.005510443013 0)
(-0.001131015034 -0.003264084454 0)
(-0.0003640009676 -0.001473799566 0)
(-1.388911595e-05 -0.0002597623065 0)
(-5.33400649e-05 0.00192431874 0)
(-0.0008335600221 0.005854413947 0)
(-0.002329713084 0.00974863643 0)
(-0.004462300371 0.013506452 0)
(-0.007139519047 0.01705391225 0)
(-0.01029459191 0.02033715884 0)
(-0.01386576794 0.02331923 0)
(-0.01779518582 0.02597714455 0)
(-0.02202912165 0.0282990127 0)
(-0.02651754468 0.03028137048 0)
(-0.0312136237 0.03192681479 0)
(-0.03607329935 0.03324196789 0)
(-0.04105488664 0.03423578627 0)
(-0.04611870051 0.03491821509 0)
(-0.05122670701 0.03529917637 0)
(-0.0563422038 0.03538786981 0)
(-0.06142953494 0.0351923572 0)
(-0.06645384569 0.03471939644 0)
(-0.07138088302 0.0339744878 0)
(-0.07617684678 0.0329620938 0)
(-0.08080829527 0.03168599409 0)
(-0.08524210767 0.03014973857 0)
(-0.08944550421 0.02835716433 0)
(-0.09338612349 0.02631294541 0)
(-0.09703215548 0.02402314805 0)
(-0.1003525274 0.02149576788 0)
(-0.1033171391 0.01874122908 0)
(-0.1058971446 0.015772829 0)
(-0.1080652752 0.01260711424 0)
(-0.1097962 0.009264176996 0)
(-0.1110669191 0.005767861803 0)
(-0.1118571855 0.002145874608 0)
(-0.1121499461 -0.00157021291 0)
(-0.1119318056 -0.005345070312 0)
(-0.1111934904 -0.009139827992 0)
(-0.1099303047 -0.01291241925 0)
(-0.1081425928 -0.01661804926 0)
(-0.1058361609 -0.0202097865 0)
(-0.1030226596 -0.02363927676 0)
(-0.0997199066 -0.02685757528 0)
(-0.0959521284 -0.02981608829 0)
(-0.09175010166 -0.03246761058 0)
(-0.0871511715 -0.03476744092 0)
(-0.0821991267 -0.03667455178 0)
(-0.07694391335 -0.03815278481 0)
(-0.07144117189 -0.03917203902 0)
(-0.06575158797 -0.03970941526 0)
(-0.05994005422 -0.039750279 0)
(-0.05407464796 -0.03928920349 0)
(-0.04822543892 -0.03833075832 0)
(-0.04246315059 -0.03689011353 0)
(-0.03685770821 -0.03499343727 0)
(-0.03147671504 -0.03267807477 0)
(-0.0263839061 -0.02999250785 0)
(-0.02163763403 -0.02699610557 0)
(-0.01728944494 -0.02375868791 0)
(-0.01338280234 -0.02035993274 0)
(-0.009952019461 -0.0168886611 0)
(-0.007021469673 -0.01344203697 0)
(-0.004605069904 -0.010124715 0)
(-0.002705761684 -0.007047933431 0)
(-0.001315948287 -0.004328448173 0)
(-0.000427101869 -0.002087556482 0)
(-1.714073385e-05 -0.000452648274 0)
(-5.845484806e-05 0.002360243146 0)
(-0.0009072990947 0.007065987596 0)
(-0.002530706291 0.01164672674 0)
(-0.004839106419 0.01600924869 0)
(-0.007729822767 0.02008630768 0)
(-0.01112810946 0.02383019137 0)
(-0.01496539994 0.02720949877 0)
(-0.01917807301 0.0302062188 0)
(-0.0237076766 0.03281286073 0)
(-0.02850036591 0.03502981721 0)
(-0.0335062733 0.03686303011 0)
(-0.03867894679 0.03832198594 0)
(-0.04397482669 0.03941805611 0)
(-0.04935275724 0.04016318427 0)
(-0.05477353852 0.04056891032 0)
(-0.06019952271 0.04064571105 0)
(-0.06559425926 0.04040262909 0)
(-0.07092219273 0.03984715614 0)
(-0.07614841747 0.03898533258 0)
(-0.08123849146 0.03782202391 0)
(-0.08615831132 0.03636133431 0)
(-0.09087404887 0.03460711901 0)
(-0.09535214853 0.03256356009 0)
(-0.09955938401 0.03023577348 0)
(-0.1034629718 0.02763041899 0)
(-0.1070307388 0.02475628935 0)
(-0.1102313408 0.02162485784 0)
(-0.1130345287 0.01825076776 0)
(-0.1154114597 0.01465224986 0)
(-0.11733505 0.01085145604 0)
(-0.1187803666 0.006874699618 0)
(-0.1197250539 0.002752593125 0)
(-0.1201497902 -0.001479923968 0)
(-0.1200387774 -0.005783676279 0)
(-0.1193802439 -0.01011546319 0)
(-0.1181669457 -0.01442840114 0)
(-0.116396697 -0.01867240707 0)
(-0.1140728675 -0.02279481878 0)
(-0.1112048526 -0.02674115572 0)
(-0.1078084945 -0.03045601791 0)
(-0.1039064285 -0.03388411629 0)
(-0.09952833239 -0.03697142236 0)
(-0.09471105022 -0.039666419 0)
(-0.08949856683 -0.04192142765 0)
(-0.08394180753 -0.04369398056 0)
(-0.07809824295 -0.04494820044 0)
(-0.07203128371 -0.045656145 0)
(-0.06580945743 -0.0457990703 0)
(-0.05950536974 -0.04536856594 0)
(-0.0531944616 -0.04436751688 0)
(-0.04695358688 -0.04281085173 0)
(-0.04085944536 -0.04072604536 0)
(-0.03498691766 -0.03815335487 0)
(-0.02940735729 -0.03514578068 0)
(-0.02418690249 -0.03176875876 0)
(-0.01938487394 -0.02809960369 0)
(-0.01505232447 -0.0242267334 0)
(-0.01123080837 -0.02024871405 0)
(-0.00795144681 -0.01627316682 0)
(-0.005234276093 -0.01241557752 0)
(-0.003087548616 -0.00879801432 0)
(-0.001508089372 -0.005547654036 0)
(-0.0004922030278 -0.002795385277 0)
(-2.037601574e-05 -0.0006770301978 0)
(-6.330859053e-05 0.002832368313 0)
(-0.0009774616563 0.008375174168 0)
(-0.002722136144 0.01369350417 0)
(-0.005198305953 0.01870237071 0)
(-0.008293054653 0.02334227831 0)
(-0.0119241175 0.02757277098 0)
(-0.01601646334 0.03136911048 0)
(-0.02050098078 0.03471929653 0)
(-0.02531469368 0.03762118164 0)
(-0.03040010188 0.04007984298 0)
(-0.03570443385 0.04210527122 0)
(-0.04117896744 0.04371039836 0)
(-0.04677839269 0.04490947701 0)
(-0.0524602179 0.04571681197 0)
(-0.05818422702 0.04614583322 0)
(-0.06391199362 0.04620848983 0)
(-0.06960645562 0.04591493598 0)
(-0.07523155378 0.04527347444 0)
(-0.08075193638 0.04429071885 0)
(-0.08613273078 0.04297193399 0)
(-0.09133938195 0.04132151326 0)
(-0.09633755671 0.03934355426 0)
(-0.1010931117 0.03704249582 0)
(-0.1055721224 0.03442378388 0)
(-0.1097409703 0.03149453762 0)
(-0.1135664852 0.02826419163 0)
(-0.1170161403 0.02474509376 0)
(-0.120058297 0.02095304235 0)
(-0.1226624982 0.01690774882 0)
(-0.1247998086 0.01263321451 0)
(-0.1264432002 0.008158011536 0)
(-0.1275679822 0.003515458597 0)
(-0.1281522695 -0.00125631734 0)
(-0.1281774999 -0.006114444082 0)
(-0.1276289774 -0.01101149238 0)
(-0.1264964217 -0.01589580427 0)
(-0.1247745743 -0.02071197631 0)
(-0.1224637794 -0.02540149554 0)
(-0.1195705554 -0.02990353482 0)
(-0.1161081282 -0.03415590896 0)
(-0.1120969007 -0.03809618795 0)
(-0.1075648297 -0.04166295702 0)
(-0.1025476789 -0.04479720658 0)
(-0.09708911573 -0.04744382655 0)
(-0.09124062215 -0.04955317128 0)
(-0.0850611902 -0.05108265291 0)
(-0.07861678164 -0.05199831381 0)
(-0.07197953741 -0.05227632309 0)
(-0.06522673354 -0.05190433958 0)
(-0.05843949308 -0.05088268393 0)
(-0.05170127676 -0.04922526713 0)
(-0.04509618971 -0.04696023083 0)
(-0.03870715482 -0.04413026736 0)
(-0.03261401502 -0.04079260219 0)
(-0.02689163583 -0.03701863886 0)
(-0.02160808423 -0.03289328343 0)
(-0.01682295981 -0.02851398091 0)
(-0.01258595511 -0.02398950713 0)
(-0.008935730778 -0.01943856677 0)
(-0.005899085492 -0.01498825019 0)
(-0.00349003499 -0.0107723675 0)
(-0.001710055955 -0.00692957001 0)
(-0.0005603288608 -0.003601559405 0)
(-2.368387055e-05 -0.0009340834697 0)
(-6.789711812e-05 0.003338858632 0)
(-0.00104388225 0.009777098726 0)
(-0.002903465116 0.01588168822 0)
(-0.005538772041 0.0215767235 0)
(-0.008827296201 0.02681142938 0)
(-0.01267973424 0.03155362719 0)
(-0.01701498414 0.03578625719 0)
(-0.02175876254 0.03950429667 0)
(-0.02684382162 0.04271182857 0)
(-0.03220920838 0.04541940326 0)
(-0.03779941653 0.04764174131 0)
(-0.04356360421 0.04939579245 0)
(-0.04945485506 0.05069915825 0)
(-0.0554294878 0.051568876 0)
(-0.06144642512 0.05202055076 0)
(-0.06746662856 0.05206781322 0)
(-0.07345260376 0.0517220732 0)
(-0.07936797841 0.05099253271 0)
(-0.08517715424 0.04988641868 0)
(-0.09084503227 0.04840939331 0)
(-0.09633680995 0.04656610017 0)
(-0.1016178474 0.04436080612 0)
(-0.1066535998 0.04179810179 0)
(-0.1114096122 0.03888362778 0)
(-0.1158515739 0.03562479814 0)
(-0.1199454288 0.03203149696 0)
(-0.1236575398 0.0281167287 0)
(-0.1269549068 0.02389720614 0)
(-0.1298054355 0.01939386281 0)
(-0.1321782597 0.01463227915 0)
(-0.1340441161 0.009643012206 0)
(-0.1353757726 0.004461819605 0)
(-0.1361485064 -0.00087023255 0)
(-0.1363406462 -0.006306791695 0)
(-0.135934159 -0.01179636801 0)
(-0.1349152454 -0.01728263323 0)
(-0.1332750282 -0.02270488611 0)
(-0.1310102242 -0.02799868748 0)
(-0.1281238266 -0.03309667494 0)
(-0.1246257649 -0.03792956365 0)
(-0.1205335149 -0.04242733301 0)
(-0.1158726243 -0.04652059299 0)
(-0.1106771189 -0.05014211459 0)
(-0.1049897486 -0.05322849971 0)
(-0.0988620363 -0.05572195461 0)
(-0.09235409307 -0.05757212042 0)
(-0.08553416848 -0.05873790432 0)
(-0.07847791514 -0.05918924656 0)
(-0.07126735669 -0.0589087533 0)
(-0.06398956382 -0.05789312385 0)
(-0.05673505881 -0.05615430419 0)
(-0.04959598663 -0.0537203071 0)
(-0.04266410712 -0.05063565248 0)
(-0.03602867802 -0.04696139928 0)
(-0.02977431 -0.04277476104 0)
(-0.0239788817 -0.03816831885 0)
(-0.01871160309 -0.03324886579 0)
(-0.01403131628 -0.02813593348 0)
(-0.009985131625 -0.02296006301 0)
(-0.006607374732 -0.01786088971 0)
(-0.00391840278 -0.01298507804 0)
(-0.001924710377 -0.008484030821 0)
(-0.0006325822956 -0.004511717541 0)
(-2.715474607e-05 -0.00122553124 0)
(-7.220962493e-05 0.003877787116 0)
(-0.001106352356 0.01126659773 0)
(-0.003074078045 0.01820350609 0)
(-0.005859281436 0.02462252255 0)
(-0.009330534089 0.03048249879 0)
(-0.01339199911 0.03576047661 0)
(-0.01795692947 0.04044801148 0)
(-0.02294622395 0.04454795366 0)
(-0.02828865144 0.0480714451 0)
(-0.03392004162 0.05103525413 0)
(-0.03978235059 0.05345948308 0)
(-0.04582278921 0.05536565543 0)
(-0.05199299421 0.05677518385 0)
(-0.05824825067 0.05770821176 0)
(-0.06454677929 0.05818281179 0)
(-0.07084909652 0.05821451583 0)
(-0.07711745239 0.05781614415 0)
(-0.08331534808 0.0569978956 0)
(-0.08940713353 0.05576765713 0)
(-0.09535768358 0.0541314892 0)
(-0.1011321496 0.05209424433 0)
(-0.1066957831 0.04966027782 0)
(-0.1120138267 0.04683421343 0)
(-0.1170514697 0.04362173105 0)
(-0.1217738623 0.04003034848 0)
(-0.1261461883 0.03607017392 0)
(-0.130133793 0.03175461084 0)
(-0.1337023663 0.02710099995 0)
(-0.1368181823 0.02213118636 0)
(-0.1394483964 0.01687200165 0)
(-0.1415614037 0.01135565121 0)
(-0.1431272603 0.005619997281 0)
(-0.144118167 -0.0002912734328 0)
(-0.1445090301 -0.006328615026 0)
(-0.144278094 -0.01243671827 0)
(-0.1434075783 -0.01855475887 0)
(-0.1418844506 -0.02461682567 0)
(-0.139701195 -0.03055253535 0)
(-0.1368566125 -0.03628784798 0)
(-0.1333566205 -0.04174609552 0)
(-0.1292150189 -0.04684922923 0)
(-0.1244541863 -0.05151928376 0)
(-0.1191056632 -0.0556800465 0)
(-0.1132105773 -0.05925890874 0)
(-0.1068198622 -0.06218886224 0)
(-0.09999422431 -0.06441059078 0)
(-0.09280381734 -0.06587459331 0)
(-0.08532759079 -0.06654326311 0)
(-0.07765229419 -0.06639283932 0)
(-0.06987113353 -0.06541514267 0)
(-0.06208209598 -0.06361900901 0)
(-0.05438598008 -0.06103134216 0)
(-0.04688418927 -0.05769772203 0)
(-0.0396763659 -0.05368252425 0)
(-0.03285795828 -0.04906853299 0)
(-0.02651782277 -0.04395605543 0)
(-0.02073596482 -0.0384615738 0)
(-0.01558152387 -0.03271599369 0)
(-0.01111111687 -0.02686256597 0)
(-0.007367514489 -0.02105457282 0)
(-0.004378152084 -0.01545283753 0)
(-0.002155076428 -0.01022300055 0)
(-0.0007101169547 -0.005532962917 0)
(-3.087979266e-05 -0.001553673358 0)
(-7.622965932e-05 0.004447112592 0)
(-0.001164624877 0.01283818147 0)
(-0.003233285312 0.02065066057 0)
(-0.00615850936 0.0278292761 0)
(-0.009800640795 0.03434335473 0)
(-0.0140578362 0.04018002925 0)
(-0.01883815394 0.04534033164 0)
(-0.02405805512 0.04983581033 0)
(-0.0296426392 0.05368543488 0)
(-0.03552477735 0.0569128893 0)
(-0.04164410492 0.05954427568 0)
(-0.04794607332 0.0616062258 0)
(-0.05438104265 0.06312441472 0)
(-0.0609034267 0.06412246316 0)
(-0.067470906 0.06462120731 0)
(-0.07404371847 0.06463830701 0)
(-0.08058403277 0.06418815669 0)
(-0.08705540664 0.06328205831 0)
(-0.09342232969 0.06192861244 0)
(-0.0996498484 0.06013428271 0)
(-0.1057032693 0.05790408934 0)
(-0.1115479359 0.05524239065 0)
(-0.1171490742 0.05215371486 0)
(-0.1224717024 0.04864361007 0)
(-0.1274806013 0.04471948496 0)
(-0.1321403423 0.04039141846 0)
(-0.1364153723 0.03567292096 0)
(-0.1402701567 0.03058163367 0)
(-0.1436693817 0.02513995527 0)
(-0.1465782205 0.01937558664 0)
(-0.1489626676 0.01332198471 0)
(-0.1507899477 0.007018715694 0)
(-0.1520289969 0.0005116957805 0)
(-0.1526510314 -0.00614669475 0)
(-0.1526302345 -0.01289764896 0)
(-0.1519444187 -0.01967610052 0)
(-0.1505758848 -0.0264110939 0)
(-0.1485122887 -0.03302635667 0)
(-0.1457475652 -0.03944109302 0)
(-0.1422828756 -0.04557101915 0)
(-0.1381275447 -0.05132965315 0)
(-0.1332999471 -0.05662986384 0)
(-0.1278282938 -0.06138567233 0)
(-0.1217512671 -0.06551428637 0)
(-0.1151184451 -0.0689383317 0)
(-0.1079904594 -0.07158822763 0)
(-0.1004388321 -0.07340463646 0)
(-0.09254544685 -0.07434090047 0)
(-0.08440162184 -0.07436536742 0)
(-0.07610677179 -0.07346349729 0)
(-0.06776666703 -0.07163964228 0)
(-0.0594913238 -0.06891839823 0)
(-0.05139258559 -0.0653454412 0)
(-0.04358147988 -0.06098778601 0)
(-0.03616545518 -0.05593343359 0)
(-0.02924561715 -0.05029040815 0)
(-0.02291408679 -0.0441852203 0)
(-0.01725160646 -0.03776082417 0)
(-0.01232553017 -0.0311741634 0)
(-0.008188175625 -0.02459342269 0)
(-0.004874982875 -0.01819507338 0)
(-0.002404280897 -0.01216067846 0)
(-0.0007941185069 -0.006673927921 0)
(-3.495035958e-05 -0.001921404675 0)
(-7.993679505e-05 0.005044660669 0)
(-0.001218422262 0.01448600054 0)
(-0.003380336011 0.02321429819 0)
(-0.006435044726 0.03118576299 0)
(-0.01023538783 0.03838098442 0)
(-0.01467406255 0.04479798406 0)
(-0.01965440198 0.05044805646 0)
(-0.02508882775 0.05535220272 0)
(-0.03089910047 0.05953792726 0)
(-0.03701540612 0.06303647779 0)
(-0.04337528815 0.06588053704 0)
(-0.04992263516 0.06810235449 0)
(-0.05660670644 0.0697323043 0)
(-0.06338120938 0.07079784968 0)
(-0.07020344612 0.07132288706 0)
(-0.07703354047 0.07132743623 0)
(-0.08383375071 0.0708276372 0)
(-0.09056787064 0.06983600975 0)
(-0.09720071802 0.06836192958 0)
(-0.1036977075 0.06641227415 0)
(-0.1100245032 0.06399219303 0)
(-0.1161467462 0.06110596104 0)
(-0.1220298503 0.05775787679 0)
(-0.1276388628 0.05395317497 0)
(-0.1329383848 0.04969892639 0)
(-0.1378925495 0.04500490546 0)
(-0.1424650593 0.03988440946 0)
(-0.1466192812 0.03435501808 0)
(-0.1503184056 0.02843928399 0)
(-0.1535256741 0.02216534675 0)
(-0.1562046822 0.0155674619 0)
(-0.1583197663 0.008686435573 0)
(-0.1598364748 0.001569952359 0)
(-0.1607221396 -0.005727218475 0)
(-0.1609465971 -0.0131431702 0)
(-0.1604828845 -0.02060893918 0)
(-0.1593081664 -0.02804878279 0)
(-0.1574047036 -0.03538068463 0)
(-0.1547608984 -0.04251709953 0)
(-0.1513723963 -0.04936596964 0)
(-0.1472432053 -0.05583203303 0)
(-0.1423867901 -0.06181843781 0)
(-0.1368270874 -0.06722866294 0)
(-0.1305993828 -0.07196873171 0)
(-0.1237509801 -0.07594968504 0)
(-0.1163415939 -0.0790902609 0)
(-0.1084433965 -0.08131970418 0)
(-0.1001406585 -0.08258060976 0)
(-0.09152893463 -0.08283168334 0)
(-0.08271376696 -0.08205029145 0)
(-0.07380890321 -0.08023466667 0)
(-0.06493405714 -0.07740563849 0)
(-0.05621227072 -0.0736077751 0)
(-0.04776696846 -0.06890984752 0)
(-0.0397188225 -0.06340456292 0)
(-0.03218256605 -0.05720755599 0)
(-0.02526390189 -0.05045567281 0)
(-0.01905665802 -0.0433046242 0)
(-0.01364035541 -0.03592612395 0)
(-0.009078174106 -0.02850465917 0)
(-0.005414704577 -0.02123401703 0)
(-0.002675511182 -0.01431356128 0)
(-0.0008857928214 -0.007944813889 0)
(-3.945827939e-05 -0.002332226539 0)
(-8.330751091e-05 0.005668109614 0)
(-0.001267445955 0.0162038206 0)
(-0.00351443845 0.02588498476 0)
(-0.006687420429 0.03468001532 0)
(-0.01063248339 0.04258148474 0)
(-0.01523743085 0.04959902429 0)
(-0.02040135404 0.05575489918 0)
(-0.0260330447 0.06108024505 0)
(-0.0320512641 0.06561174499 0)
(-0.03838379337 0.0693888066 0)
(-0.04496631757 0.07245123454 0)
(-0.05174136163 0.07483737761 0)
(-0.05865726033 0.07658272858 0)
(-0.06566717788 0.07771895025 0)
(-0.07272819658 0.07827329481 0)
(-0.07980048618 0.07826837802 0)
(-0.08684656077 0.0777222642 0)
(-0.09383062522 0.07664881476 0)
(-0.1007180106 0.07505825116 0)
(-0.107474695 0.07295788355 0)
(-0.1140669047 0.07035295862 0)
(-0.1204607893 0.06724758452 0)
(-0.1266221666 0.06364569581 0)
(-0.132516329 0.05955202772 0)
(-0.1381079114 0.05497307523 0)
(-0.1433608148 0.04991801856 0)
(-0.1482381898 0.04439960149 0)
(-0.1527024788 0.03843495332 0)
(-0.1567155248 0.03204634715 0)
(-0.1602387528 0.02526188859 0)
(-0.1632334323 0.01811612806 0)
(-0.1656610326 0.01065058759 0)
(-0.1674836733 0.00291418912 0)
(-0.1686646868 -0.005036432165 0)
(-0.1691693614 -0.01313676062 0)
(-0.1689656643 -0.02131437647 0)
(-0.1680252192 -0.02948911193 0)
(-0.1663243728 -0.03757346005 0)
(-0.1638453568 -0.04547324029 0)
(-0.1605775432 -0.05308856362 0)
(-0.1565187534 -0.06031512938 0)
(-0.1516765745 -0.06704587755 0)
(-0.1460696268 -0.07317300785 0)
(-0.1397287151 -0.07859036027 0)
(-0.1326977845 -0.08319613022 0)
(-0.1250345975 -0.08689586661 0)
(-0.1168110461 -0.08960567344 0)
(-0.10811302 -0.09125550819 0)
(-0.09903976067 -0.09179244445 0)
(-0.08970265629 -0.09118374659 0)
(-0.08022345708 -0.08941959276 0)
(-0.07073192809 -0.08651528277 0)
(-0.0613629946 -0.08251278089 0)
(-0.05225347516 -0.0774814717 0)
(-0.04353853414 -0.07151804833 0)
(-0.03534801319 -0.064745504 0)
(-0.02780281647 -0.05731125498 0)
(-0.02101153463 -0.04938448007 0)
(-0.01506750948 -0.04115281423 0)
(-0.01004634082 -0.03281857948 0)
(-0.006003164751 -0.02459472013 0)
(-0.002971984437 -0.01670047063 0)
(-0.0009863579371 -0.009357412708 0)
(-4.449606002e-05 -0.002790254004 0)
(-8.631683916e-05 0.006314981843 0)
(-0.001311388169 0.01798500858 0)
(-0.003634785977 0.02865269416 0)
(-0.006914154905 0.03829931338 0)
(-0.01098962872 0.04693006336 0)
(-0.01574469899 0.05456682156 0)
(-0.02107470796 0.06124344918 0)
(-0.02688523235 0.06700182219 0)
(-0.0330923759 0.07188838036 0)
(-0.03962179512 0.07595123347 0)
(-0.04640754854 0.07923780791 0)
(-0.05339099332 0.08179300386 0)
(-0.06051971131 0.08365783353 0)
(-0.06774648114 0.08486850676 0)
(-0.07502831715 0.08545592506 0)
(-0.08232558828 0.08544553975 0)
(-0.08960122378 0.08485752584 0)
(-0.09682000875 0.08370722012 0)
(-0.1039479685 0.08200577158 0)
(-0.110951838 0.07976095288 0)
(-0.1177986114 0.07697808551 0)
(-0.1244551648 0.07366103581 0)
(-0.1308879465 0.06981324531 0)
(-0.137062729 0.065438766 0)
(-0.1429444195 0.06054327744 0)
(-0.1484969264 0.05513506984 0)
(-0.1536830841 0.04922598167 0)
(-0.158464637 0.04283228531 0)
(-0.1628022916 0.03597551576 0)
(-0.1666558433 0.02868323867 0)
(-0.16998439 0.02098975253 0)
(-0.1727466446 0.01293671695 0)
(-0.1749013534 0.004573693999 0)
(-0.176407832 -0.004041416301 0)
(-0.1772267201 -0.0128420742 0)
(-0.1773207169 -0.02175295001 0)
(-0.1766555875 -0.03068992993 0)
(-0.1752013186 -0.03956039629 0)
(-0.1729333852 -0.04826377845 0)
(-0.1698341542 -0.05669242944 0)
(-0.1658943832 -0.06473287319 0)
(-0.1611147687 -0.07226745898 0)
(-0.1555074859 -0.07917644787 0)
(-0.1490976448 -0.0853405379 0)
(-0.1419245758 -0.09064381125 0)
(-0.1340428445 -0.09497705709 0)
(-0.1255228936 -0.09824139086 0)
(-0.1164512062 -0.1003520553 0)
(-0.1069298996 -0.1012422544 0)
(-0.0970756771 -0.100866843 0)
(-0.08701809587 -0.09920567357 0)
(-0.07689714984 -0.09626639811 0)
(-0.06686021445 -0.09208652951 0)
(-0.05705844874 -0.08673459905 0)
(-0.04764279911 -0.08031029125 0)
(-0.03875978822 -0.07294350026 0)
(-0.03054729656 -0.06479232338 0)
(-0.02313056258 -0.05604008183 0)
(-0.01661864973 -0.04689152927 0)
(-0.0111014061 -0.03756847279 0)
(-0.006646188739 -0.02830502384 0)
(-0.003296923087 -0.01934255153 0)
(-0.001097039141 -0.01092511461 0)
(-5.015763101e-05 -0.003300220439 0)
(-8.893922618e-05 0.006982641744 0)
(-0.001349944174 0.01982253268 0)
(-0.003740587274 0.03150681437 0)
(-0.007113802865 0.04203019882 0)
(-0.01130458961 0.05141105733 0)
(-0.01619272149 0.05968405617 0)
(-0.02167028926 0.06689518867 0)
(-0.02764006892 0.07309759673 0)
(-0.03401584446 0.07834798615 0)
(-0.04072142194 0.08270365538 0)
(-0.04768945754 0.08622010944 0)
(-0.05486032808 0.08894922132 0)
(-0.06218102494 0.09093790383 0)
(-0.06960408907 0.09222725128 0)
(-0.07708660914 0.09285210567 0)
(-0.08458929687 0.09284099736 0)
(-0.09207564724 0.09221640672 0)
(-0.09951118705 0.09099529121 0)
(-0.106862811 0.08918982235 0)
(-0.1140982016 0.08680827927 0)
(-0.1211853275 0.08385604993 0)
(-0.1280920139 0.0803366968 0)
(-0.1347855778 0.07625305109 0)
(-0.1412325239 0.07160830712 0)
(-0.1473982964 0.06640709615 0)
(-0.1532470852 0.06065652552 0)
(-0.1587416887 0.05436717504 0)
(-0.1638434349 0.04755404642 0)
(-0.1685121711 0.04023746373 0)
(-0.1727063284 0.03244392371 0)
(-0.1763830765 0.0242068926 0)
(-0.1794985821 0.0155675435 0)
(-0.1820083814 0.00657542157 0)
(-0.1838678725 -0.002710984113 0)
(-0.1850330626 -0.01222378991 0)
(-0.1854613027 -0.02188541071 0)
(-0.1851122949 -0.03160839401 0)
(-0.1839493204 -0.04129553464 0)
(-0.1819405929 -0.0508402721 0)
(-0.1790607969 -0.06012743554 0)
(-0.1752927699 -0.06903439561 0)
(-0.1706292849 -0.07743267532 0)
(-0.1650748756 -0.08519006114 0)
(-0.1586476255 -0.09217323765 0)
(-0.1513808242 -0.09825094368 0)
(-0.143324378 -0.1032976143 0)
(-0.1345458499 -0.1071974339 0)
(-0.125131 -0.1098486823 0)
(-0.1151837043 -0.1111682092 0)
(-0.1048251475 -0.1110958355 0)
(-0.0941922186 -0.109598445 0)
(-0.08343508312 -0.1066735158 0)
(-0.07271396042 -0.1023518442 0)
(-0.06219519931 -0.09669924252 0)
(-0.0520468048 -0.08981704011 0)
(-0.04243362467 -0.08184129477 0)
(-0.03351244122 -0.07294070694 0)
(-0.02542724316 -0.06331332618 0)
(-0.01830498428 -0.05318223328 0)
(-0.01225188948 -0.04279046849 0)
(-0.007349525189 -0.03239548363 0)
(-0.003653534604 -0.02226324479 0)
(-0.001219065193 -0.01266290467 0)
(-5.653884063e-05 -0.00386748052 0)
(-9.115022844e-05 0.007668300334 0)
(-0.001382826502 0.02170897822 0)
(-0.003831100131 0.0344361744 0)
(-0.007285013315 0.04585851075 0)
(-0.0115752801 0.05600797488 0)
(-0.0165785589 0.06493246002 0)
(-0.02218418544 0.07269053124 0)
(-0.02829254283 0.07934703713 0)
(-0.03481542325 0.08496938747 0)
(-0.04167504459 0.08962449838 0)
(-0.04880287218 0.09337636658 0)
(-0.05613847678 0.09628422817 0)
(-0.06362840857 0.0984012579 0)
(-0.07122510582 0.09977376186 0)
(-0.07888586118 0.1004408117 0)
(-0.08657186087 0.1004342648 0)
(-0.09424730527 0.09977911117 0)
(-0.101878615 0.09849408724 0)
(-0.1094337219 0.09659249788 0)
(-0.1168814421 0.09408318999 0)
(-0.1241909246 0.09097162785 0)
(-0.1313311702 0.08726102641 0)
(-0.1382706122 0.08295350711 0)
(-0.1449767564 0.07805124924 0)
(-0.1514158727 0.07255761795 0)
(-0.1575527403 0.06647825764 0)
(-0.1633504457 0.05982214524 0)
(-0.1687702382 0.05260260229 0)
(-0.1737714505 0.04483826688 0)
(-0.1783114955 0.03655402707 0)
(-0.1823459519 0.02778191502 0)
(-0.1858287565 0.01856195802 0)
(-0.1887125172 0.008942975873 0)
(-0.1909489457 -0.001016696741 0)
(-0.19248956 -0.01124860028 0)
(-0.1932864261 -0.02167366206 0)
(-0.1932931171 -0.03220183382 0)
(-0.1924659924 -0.04273200337 0)
(-0.1907656133 -0.0531521971 0)
(-0.1881583942 -0.06334014508 0)
(-0.1846184522 -0.07316428398 0)
(-0.1801296173 -0.08248526785 0)
(-0.174687548 -0.09115804801 0)
(-0.1683018741 -0.09903456674 0)
(-0.160998262 -0.1059670828 0)
(-0.1528202778 -0.1118121108 0)
(-0.1438309007 -0.1164349101 0)
(-0.1341135318 -0.1197144073 0)
(-0.1237723388 -0.1215483781 0)
(-0.1129317957 -0.1218586594 0)
(-0.1017353052 -0.1205961188 0)
(-0.09034284324 -0.1177450732 0)
(-0.07892762713 -0.1133268484 0)
(-0.06767188809 -0.1074021875 0)
(-0.05676190572 -0.1000722753 0)
(-0.04638253714 -0.09147822645 0)
(-0.03671152845 -0.08179899691 0)
(-0.02791394154 -0.07124779635 0)
(-0.02013707503 -0.06006720506 0)
(-0.01350598781 -0.04852331583 0)
(-0.008118791744 -0.03689924898 0)
(-0.004044991841 -0.02548823442 0)
(-0.001353665598 -0.01458734916 0)
(-6.373840076e-05 -0.004498012171 0)
(-9.292741675e-05 0.008369027284 0)
(-0.001409779304 0.02363658094 0)
(-0.003905668389 0.03742909493 0)
(-0.007426593938 0.04976944872 0)
(-0.01179985661 0.06070356537 0)
(-0.0168996023 0.07029288741 0)
(-0.02261290057 0.07860888758 0)
(-0.02883813679 0.08572847251 0)
(-0.03548542356 0.09173011995 0)
(-0.04247563584 0.09669073406 0)
(-0.04973924231 0.1006831722 0)
(-0.05721516487 0.1037743927 0)
(-0.06484964538 0.1060241742 0)
(-0.07259513867 0.1074843523 0)
(-0.08040925622 0.1081985164 0)
(-0.08825377665 0.1082021042 0)
(-0.09609373279 0.1075228303 0)
(-0.1038965801 0.1061813838 0)
(-0.1116314467 0.1041923318 0)
(-0.1192684621 0.1015651709 0)
(-0.1267781587 0.09830547376 0)
(-0.134130941 0.09441608772 0)
(-0.141296614 0.0898983492 0)
(-0.1482439663 0.08475328935 0)
(-0.1549404047 0.07898281337 0)
(-0.1613516362 0.07259084528 0)
(-0.167441401 0.06558443516 0)
(-0.1731712598 0.0579748314 0)
(-0.1785004422 0.04977852199 0)
(-0.1833857689 0.04101824963 0)
(-0.1877816598 0.03172400317 0)
(-0.191640249 0.02193398378 0)
(-0.1949116217 0.01169553797 0)
(-0.1975441795 0.00106603826 0)
(-0.1994852155 -0.009886319296 0)
(-0.2006817626 -0.02108185021 0)
(-0.2010813524 -0.03242879644 0)
(-0.2006333629 -0.04382298585 0)
(-0.1992904607 -0.05514780282 0)
(-0.1970103314 -0.0662745214 0)
(-0.1937576697 -0.07706309836 0)
(-0.1895063995 -0.0873635167 0)
(-0.1842420734 -0.09701776435 0)
(-0.1779643803 -0.1058625186 0)
(-0.1706896503 -0.113732582 0)
(-0.1624532236 -0.1204650756 0)
(-0.1533115156 -0.1259043469 0)
(-0.1433435922 -0.129907484 0)
(-0.1326520584 -0.1323502596 0)
(-0.1213630714 -0.1331332546 0)
(-0.109625317 -0.132187845 0)
(-0.09760783978 -0.1294816886 0)
(-0.08549669007 -0.1250233214 0)
(-0.07349044333 -0.1188654896 0)
(-0.0617947466 -0.1111068946 0)
(-0.05061614502 -0.1018921248 0)
(-0.04015552129 -0.09140967459 0)
(-0.03060154873 -0.07988810798 0)
(-0.02212462428 -0.06759057979 0)
(-0.0148714545 -0.05480808945 0)
(-0.0089594175 -0.0418518956 0)
(-0.004474412827 -0.02904536891 0)
(-0.001502067374 -0.01671657173 0)
(-7.185850547e-05 -0.005198417562 0)
(-9.425213843e-05 0.009081770727 0)
(-0.00143059437 0.02559727921 0)
(-0.003963761369 0.04047346501 0)
(-0.007537580596 0.05374766601 0)
(-0.01197682072 0.06547992121 0)
(-0.01715371049 0.07574541849 0)
(-0.02295352698 0.08462876348 0)
(-0.02927303348 0.09221917908 0)
(-0.03602095364 0.09860649928 0)
(-0.04311704293 0.1038779275 0)
(-0.05049094615 0.1081155068 0)
(-0.05808107341 0.1113942468 0)
(-0.06583347213 0.1137808534 0)
(-0.07370071539 0.1153330009 0)
(-0.08164083197 0.1160990843 0)
(-0.08961629575 0.1161183819 0)
(-0.09759308539 0.1154215603 0)
(-0.1055398202 0.1140314514 0)
(-0.1134269732 0.1119640342 0)
(-0.1212261593 0.1092295604 0)
(-0.128909493 0.1058337694 0)
(-0.13644901 0.1017791488 0)
(-0.1438161455 0.097066205 0)
(-0.1509812645 0.09169471919 0)
(-0.1579132383 0.08566497514 0)
(-0.1645790666 0.07897895131 0)
(-0.1709435457 0.07164147847 0)
(-0.176968986 0.0636613679 0)
(-0.1826149864 0.05505251803 0)
(-0.1878382771 0.04583500756 0)
(-0.1925926431 0.03603618103 0)
(-0.1968289508 0.02569172856 0)
(-0.2004952938 0.01484675474 0)
(-0.2035372653 0.003556820015 0)
(-0.2058984299 -0.00811107097 0)
(-0.207521134 -0.0200775789 0)
(-0.2083471629 -0.03225025731 0)
(-0.2083190397 -0.04452289305 0)
(-0.2073814789 -0.056775207 0)
(-0.2054831499 -0.06887290155 0)
(-0.2025787694 -0.08066817734 0)
(-0.1986314988 -0.09200083232 0)
(-0.1936156101 -0.1027000544 0)
(-0.1875193524 -0.1125870098 0)
(-0.1803479174 -0.1214783062 0)
(-0.1721263589 -0.1291903725 0)
(-0.1629022839 -0.1355447407 0)
(-0.1527481001 -0.1403741449 0)
(-0.1417625777 -0.1435292647 0)
(-0.1300714864 -0.1448858506 0)
(-0.1178270812 -0.1443518761 0)
(-0.1052062681 -0.1418742865 0)
(-0.09240735476 -0.1374448699 0)
(-0.07964540188 -0.1311047674 0)
(-0.06714631364 -0.1229471905 0)
(-0.05513993353 -0.1131180138 0)
(-0.04385252399 -0.1018140632 0)
(-0.03349910705 -0.08927910848 0)
(-0.02427623732 -0.07579777703 0)
(-0.01635546479 -0.06168781338 0)
(-0.009876577736 -0.04729120508 0)
(-0.004944836988 -0.032964554 0)
(-0.001665491384 -0.01907021826 0)
(-8.100580756e-05 -0.005975922951 0)
(-9.511047565e-05 0.009803385231 0)
(-0.001445127036 0.02758278629 0)
(-0.004005015621 0.0435568469 0)
(-0.007617311445 0.05777739589 0)
(-0.01210512928 0.07031861544 0)
(-0.01733935792 0.08126949895 0)
(-0.02320393136 0.09072789413 0)
(-0.0295943394 0.09879550248 0)
(-0.0364181799 0.1055737262 0)
(-0.04359428564 0.1111603209 0)
(-0.0510516257 0.1156467976 0)
(-0.05872821277 0.1191165178 0)
(-0.06656999327 0.121643421 0)
(-0.07452974162 0.123291323 0)
(-0.08256598558 0.124113713 0)
(-0.09064198175 0.1241539783 0)
(-0.09872475403 0.123445979 0)
(-0.106784202 0.1220148985 0)
(-0.1147922814 0.1198782997 0)
(-0.1227222557 0.1170473209 0)
(-0.1305480132 0.113527956 0)
(-0.1382434452 0.1093223733 0)
(-0.1457818772 0.104430239 0)
(-0.1531355488 0.09885002051 0)
(-0.1602751367 0.09258025846 0)
(-0.1671693185 0.08562080215 0)
(-0.1737843779 0.0779740126 0)
(-0.1800838539 0.06964594137 0)
(-0.1860282406 0.06064749653 0)
(-0.1915747473 0.05099560757 0)
(-0.1966771326 0.04071439877 0)
(-0.2012856325 0.029836377 0)
(-0.2053470031 0.01840363299 0)
(-0.2088046844 0.006469042913 0)
(-0.2115991388 -0.005902555742 0)
(-0.2136685832 -0.0186332304 0)
(-0.214949545 -0.0316309767 0)
(-0.2153780311 -0.04478872529 0)
(-0.2148909638 -0.05798372386 0)
(-0.2134279221 -0.07107724445 0)
(-0.2109332861 -0.08391475371 0)
(-0.207358765 -0.09632668207 0)
(-0.2026662919 -0.1081299319 0)
(-0.1968312298 -0.1191302625 0)
(-0.1898457987 -0.1291256729 0)
(-0.1817225779 -0.1379108689 0)
(-0.1724978901 -0.1452828431 0)
(-0.1622348237 -0.1510475176 0)
(-0.15102561 -0.1550272982 0)
(-0.1389930518 -0.1570692747 0)
(-0.1262907084 -0.1570536791 0)
(-0.1131015849 -0.1549021079 0)
(-0.09963515691 -0.1505849335 0)
(-0.08612268377 -0.1441272983 0)
(-0.07281091351 -0.1356131156 0)
(-0.05995444693 -0.1251866089 0)
(-0.04780718089 -0.1130510912 0)
(-0.03661339177 -0.09946491664 0)
(-0.02659915431 -0.08473480305 0)
(-0.01796446152 -0.06920699436 0)
(-0.01087511846 -0.05325688579 0)
(-0.005459197157 -0.0372776128 0)
(-0.001845146912 -0.02166940849 0)
(-9.129200989e-05 -0.006838376829 0)
(-9.549504604e-05 0.01053066827 0)
(-0.001453313519 0.02958468368 0)
(-0.004029278452 0.04666661077 0)
(-0.007665504736 0.06184261319 0)
(-0.01218431083 0.07520087753 0)
(-0.01745579171 0.08684411941 0)
(-0.02336295285 0.09688341798 0)
(-0.02980032376 0.1054330192 0)
(-0.03667460584 0.1126060302 0)
(-0.043903875 0.1185109552 0)
(-0.05141654516 0.1232490163 0)
(-0.05915032183 0.1269122006 0)
(-0.06705112284 0.1295819737 0)
(-0.07507198871 0.1313285899 0)
(-0.08317201158 0.1322109255 0)
(-0.09131530379 0.1322767545 0)
(-0.09947002072 0.1315633865 0)
(-0.1076074466 0.1300985854 0)
(-0.1157011469 0.1279016943 0)
(-0.1237261871 0.1249848974 0)
(-0.1316584135 0.1213545626 0)
(-0.1394737915 0.1170126151 0)
(-0.1471477943 0.1119579099 0)
(-0.154654836 0.1061875798 0)
(-0.1619677455 0.09969834698 0)
(-0.1690572762 0.09248779742 0)
(-0.1758916515 0.08455562373 0)
(-0.1824361485 0.07590484795 0)
(-0.1886527242 0.0665430392 0)
(-0.1944996931 0.05648354154 0)
(-0.1999314682 0.04574672594 0)
(-0.2048983843 0.03436127639 0)
(-0.2093466259 0.02236551468 0)
(-0.2132182688 0.009808756246 0)
(-0.2164514614 -0.00324732732 0)
(-0.21898103 -0.01672734349 0)
(-0.22073894 -0.03054096054 0)
(-0.2216552559 -0.04458159065 0)
(-0.221659513 -0.05872540392 0)
(-0.2206823798 -0.07283064504 0)
(-0.2186577896 -0.08673738616 0)
(-0.2155255385 -0.1002678752 0)
(-0.2112343516 -0.1132276492 0)
(-0.2057453877 -0.1254075896 0)
(-0.1990361071 -0.1365870901 0)
(-0.191104368 -0.1465384776 0)
(-0.1819725549 -0.1550327746 0)
(-0.171691472 -0.161846804 0)
(-0.1603436782 -0.1667715266 0)
(-0.1480458949 -0.169621358 0)
(-0.1349501085 -0.1702440603 0)
(-0.1212430156 -0.1685306523 0)
(-0.107143545 -0.1644246568 0)
(-0.09289831748 -0.1579299324 0)
(-0.07877508754 -0.1491163414 0)
(-0.06505441457 -0.1381226008 0)
(-0.05202001482 -0.1251558556 0)
(-0.03994844386 -0.110487789 0)
(-0.02909894674 -0.09444741457 0)
(-0.019703978 -0.07741105353 0)
(-0.01195946741 -0.05979022687 0)
(-0.006020284878 -0.04201810824 0)
(-0.002042224608 -0.02453667157 0)
(-0.0001028347102 -0.007794245539 0)
(-9.540599435e-05 0.01126040539 0)
(-0.001455187945 0.03159453655 0)
(-0.004036653211 0.04979010076 0)
(-0.007682340085 0.06592723339 0)
(-0.01221458749 0.08010781007 0)
(-0.0175031964 0.09244803682 0)
(-0.02343061125 0.1030720929 0)
(-0.02989066962 0.1121067398 0)
(-0.0367893652 0.1196768542 0)
(-0.04404414766 0.1259018337 0)
(-0.05158296639 0.1308928181 0)
(-0.05934328521 0.1347506726 0)
(-0.06727104534 0.1375646697 0)
(-0.07531960128 0.1394117978 0)
(-0.08344866076 0.1403566175 0)
(-0.09162325256 0.1404515788 0)
(-0.09981273874 0.1397377134 0)
(-0.1079898823 0.138245615 0)
(-0.1161299758 0.1359966281 0)
(-0.1242100309 0.133004172 0)
(-0.1322080277 0.1292751408 0)
(-0.1401022168 0.1248113302 0)
(-0.1478704701 0.1196108557 0)
(-0.1554896733 0.1136695407 0)
(-0.1629351541 0.1069822655 0)
(-0.1701801437 0.09954427422 0)
(-0.1771952683 0.09135245234 0)
(-0.1839480707 0.08240658536 0)
(-0.1904025675 0.07271061921 0)
(-0.1965188451 0.06227394024 0)
(-0.202252708 0.05111269332 0)
(-0.2075553938 0.03925115288 0)
(-0.212373377 0.026723157 0)
(-0.2166482779 0.01357360449 0)
(-0.2203168775 -0.000140002749 0)
(-0.2233114993 -0.01434597992 0)
(-0.2255604789 -0.0289569661 0)
(-0.226988748 -0.04386832895 0)
(-0.2275191253 -0.05895674439 0)
(-0.2270738364 -0.0740790862 0)
(-0.2255765565 -0.08907169483 0)
(-0.2229549998 -0.1037502122 0)
(-0.2191440813 -0.1179101814 0)
(-0.2140896529 -0.1313286299 0)
(-0.2077527652 -0.1437668598 0)
(-0.2001143422 -0.1549746547 0)
(-0.1911800789 -0.1646960616 0)
(-0.1809852854 -0.1726768264 0)
(-0.1695993174 -0.1786734335 0)
(-0.1571291593 -0.182463538 0)
(-0.1437216889 -0.1838573867 0)
(-0.129564158 -0.1827096212 0)
(-0.1148824909 -0.1789306765 0)
(-0.09993714507 -0.1724968557 0)
(-0.08501647732 -0.1634581229 0)
(-0.07042781645 -0.1519427275 0)
(-0.05648670594 -0.1381579783 0)
(-0.04350505206 -0.1223868014 0)
(-0.03177917545 -0.1049801312 0)
(-0.02157843485 -0.08634564518 0)
(-0.01313353016 -0.06693367644 0)
(-0.00663070889 -0.04722112169 0)
(-0.00225788674 -0.02769586221 0)
(-0.0001157578128 -0.008852605275 0)
(-9.485279047e-05 0.01198942443 0)
(-0.001450900658 0.03360403183 0)
(-0.004027546038 0.0529148337 0)
(-0.007668542779 0.07001535076 0)
(-0.01219700177 0.08502064811 0)
(-0.01748286558 0.09806004015 0)
(-0.02340832376 0.1092705565 0)
(-0.02986673489 0.1187913551 0)
(-0.03676352592 0.1267590818 0)
(-0.04401561132 0.1333041261 0)
(-0.05155053517 0.1385477231 0)
(-0.05930556064 0.1425998517 0)
(-0.0672266858 0.1455578658 0)
(-0.07526761299 0.1475057849 0)
(-0.08338870616 0.1485141586 0)
(-0.09155596258 0.148640415 0)
(-0.09974001873 0.1479295976 0)
(-0.1079152036 0.146415401 0)
(-0.1160586466 0.144121417 0)
(-0.1241494427 0.1410625181 0)
(-0.1321678727 0.137246311 0)
(-0.1400946754 0.1326746135 0)
(-0.1479103644 0.127344916 0)
(-0.155594585 0.1212518074 0)
(-0.1631255042 0.1143883561 0)
(-0.1704792292 0.1067474467 0)
(-0.1776292511 0.09832308412 0)
(-0.1845459115 0.0891116812 0)
(-0.1911958952 0.07911335104 0)
(-0.1975417502 0.06833322674 0)
(-0.2035414456 0.05678283079 0)
(-0.2091479777 0.04448151415 0)
(-0.2143090474 0.03145798092 0)
(-0.2189668234 0.0177519069 0)
(-0.2230577875 0.003415643414 0)
(-0.2265128495 -0.01148400662 0)
(-0.2292578037 -0.02686398128 0)
(-0.231213513 -0.04262317479 0)
(-0.2322970233 -0.05864051072 0)
(-0.2324228994 -0.07477337957 0)
(-0.2315050875 -0.09085636612 0)
(-0.2294594038 -0.106700482 0)
(-0.2262066963 -0.1220931302 0)
(-0.2216767191 -0.1367990607 0)
(-0.2158127091 -0.1505625989 0)
(-0.2085765878 -0.1631114304 0)
(-0.1999546205 -0.1741621927 0)
(-0.1899632613 -0.1834280475 0)
(-0.1786547977 -0.1906282777 0)
(-0.1661223043 -0.1954997694 0)
(-0.152503336 -0.1978100066 0)
(-0.137981762 -0.1973709472 0)
(-0.1227871887 -0.1940528916 0)
(-0.1071915495 -0.1877972492 0)
(-0.09150266836 -0.1786269959 0)
(-0.07605490351 -0.1666536454 0)
(-0.06119731793 -0.1520797535 0)
(-0.04728018625 -0.1351963361 0)
(-0.03464100993 -0.1163750846 0)
(-0.02359091003 -0.09605585066 0)
(-0.01440056974 -0.0747303345 0)
(-0.007292845146 -0.05292298107 0)
(-0.002493255041 -0.03117205338 0)
(-0.0001301920834 -0.0100231292 0)
(-9.385524504e-05 0.01271465882 0)
(-0.001440736279 0.03560513994 0)
(-0.004002714408 0.05602873193 0)
(-0.007625471488 0.07409151743 0)
(-0.01213354849 0.08992106313 0)
(-0.01739738014 0.1036592618 0)
(-0.02329912952 0.1154556316 0)
(-0.02973182154 0.125461527 0)
(-0.03660040177 0.1338253062 0)
(-0.04382129693 0.1406884137 0)
(-0.05132167239 0.1461823368 0)
(-0.05903860874 0.1504263946 0)
(-0.06691817911 0.1535262965 0)
(-0.07491445821 0.1555733953 0)
(-0.08298850126 0.1566445455 0)
(-0.09110732304 0.1568024693 0)
(-0.09924290007 0.15609653 0)
(-0.1073712121 0.1545638144 0)
(-0.1154713322 0.152230433 0)
(-0.1235245705 0.149112957 0)
(-0.1315136696 0.1452199247 0)
(-0.1394220503 0.1405533647 0)
(-0.1472331004 0.1351102998 0)
(-0.1549295017 0.1288842073 0)
(-0.162492588 0.1218664295 0)
(-0.1699017278 0.1140475351 0)
(-0.1771337275 0.1054186446 0)
(-0.1841622514 0.09597273762 0)
(-0.1909572566 0.08570596697 0)
(-0.197484445 0.07461900405 0)
(-0.2037047352 0.06271844287 0)
(-0.2095737655 0.05001828729 0)
(-0.2150414438 0.03654154386 0)
(-0.2200515618 0.02232193714 0)
(-0.2245414632 0.007405747712 0)
(-0.2284419112 -0.008146236224 0)
(-0.2316773713 -0.02425660644 0)
(-0.2341659438 -0.04082938247 0)
(-0.2358201204 -0.05774759239 0)
(-0.2365479113 -0.07487122395 0)
(-0.2362544324 -0.09203536661 0)
(-0.2348441894 -0.1090487638 0)
(-0.2322241262 -0.1256930252 0)
(-0.2283075164 -0.141722794 0)
(-0.223018743 -0.1568672098 0)
(-0.2162989341 -0.170833032 0)
(-0.2081123318 -0.1833097778 0)
(-0.198453146 -0.1939771715 0)
(-0.1873524996 -0.2025150744 0)
(-0.1748849317 -0.2086158673 0)
(-0.1611737915 -0.2119989908 0)
(-0.1463947826 -0.212427019 0)
(-0.130776918 -0.2097223029 0)
(-0.1146002594 -0.2037829066 0)
(-0.09819004959 -0.1945963489 0)
(-0.08190719578 -0.1822496183 0)
(-0.06613548478 -0.1669340899 0)
(-0.05126638863 -0.1489443704 0)
(-0.03768281171 -0.1286706941 0)
(-0.02574288268 -0.1065852368 0)
(-0.01576307049 -0.08322335104 0)
(-0.008008779237 -0.05916093158 0)
(-0.002749395539 -0.03499140173 0)
(-0.0001462752592 -0.0113160683 0)
(-9.244530425e-05 0.01343322043 0)
(-0.001425133239 0.03759030102 0)
(-0.003963317742 0.05912039152 0)
(-0.007555209877 0.0781410649 0)
(-0.0120273125 0.09479151299 0)
(-0.01725079367 0.1092255357 0)
(-0.02310792176 0.1216046774 0)
(-0.02949145205 0.1320922214 0)
(-0.0363058698 0.1408481402 0)
(-0.0434671137 0.1480249733 0)
(-0.05090196419 0.1537646089 0)
(-0.05854731705 0.1581959333 0)
(-0.06634932832 0.1614332923 0)
(-0.07426246644 0.1635756858 0)
(-0.08224851468 0.1647066026 0)
(-0.09027555857 0.1648943917 0)
(-0.09831698526 0.1641930613 0)
(-0.1063505142 0.1626434028 0)
(-0.1143572714 0.1602743387 0)
(-0.1223209135 0.1571044109 0)
(-0.1302268019 0.1531433375 0)
(-0.1380612263 0.1483935818 0)
(-0.1458106703 0.1428518958 0)
(-0.1534611142 0.1365108146 0)
(-0.160997368 0.1293600936 0)
(-0.1684024261 0.1213880907 0)
(-0.1756568384 0.112583107 0)
(-0.1827380919 0.1029347064 0)
(-0.1896199985 0.09243504005 0)
(-0.1962720866 0.08108020325 0)
(-0.2026589979 0.06887165617 0)
(-0.2087398941 0.05581773727 0)
(-0.2144678849 0.04193529867 0)
(-0.2197894959 0.02725148891 0)
(-0.2246441661 0.01180569454 0)
(-0.228963847 -0.004348362438 0)
(-0.232673061 -0.02114026227 0)
(-0.2356886341 -0.03848072443 0)
(-0.2379199854 -0.05625879904 0)
(-0.239269992 -0.07433928789 0)
(-0.2396362193 -0.09256027938 0)
(-0.2389128898 -0.11073096 0)
(-0.2369936874 -0.1286299698 0)
(-0.2337755247 -0.146004625 0)
(-0.2291633743 -0.1625714025 0)
(-0.2230762024 -0.1780181341 0)
(-0.2154539415 -0.1920083803 0)
(-0.2062653042 -0.2041884242 0)
(-0.1955160672 -0.2141972183 0)
(-0.1832572646 -0.2216794164 0)
(-0.1695925464 -0.2263013264 0)
(-0.1546838102 -0.2277692246 0)
(-0.1387541584 -0.2258490301 0)
(-0.1220872989 -0.2203858958 0)
(-0.1050227372 -0.2113219259 0)
(-0.08794649117 -0.19871006 0)
(-0.07127757825 -0.1827222647 0)
(-0.05545113452 -0.1636505665 0)
(-0.04089968811 -0.1419001631 0)
(-0.02803395448 -0.1179747698 0)
(-0.01722258718 -0.092455221 0)
(-0.008780241038 -0.06597274264 0)
(-0.003027301036 -0.03918098162 0)
(-0.0001641522239 -0.01274222453 0)
(-9.066815641e-05 0.01414248223 0)
(-0.001404703688 0.03955263689 0)
(-0.003910971173 0.06217938791 0)
(-0.007460663754 0.08215047008 0)
(-0.01188261389 0.09961563966 0)
(-0.01704882671 0.1147398035 0)
(-0.02284168889 0.1276959863 0)
(-0.02915365323 0.1386590843 0)
(-0.03588869204 0.1478005637 0)
(-0.04296220398 0.1552840954 0)
(-0.05030054606 0.1612621232 0)
(-0.05784041085 0.1658733413 0)
(-0.0655280414 0.1692410294 0)
(-0.07331832649 0.171472166 0)
(-0.08117382505 0.1726572216 0)
(-0.08906376019 0.172870522 0)
(-0.09696301427 0.1721710641 0)
(-0.104851148 0.1706036738 0)
(-0.1127114589 0.1682003987 0)
(-0.120530087 0.1649820461 0)
(-0.1282951704 0.1609597874 0)
(-0.1359960495 0.1561367739 0)
(-0.1436225145 0.1505097193 0)
(-0.1511640902 0.1440704279 0)
(-0.15860935 0.1368072562 0)
(-0.1659452511 0.1287065135 0)
(-0.1731564824 0.1197538132 0)
(-0.1802248173 0.1099353973 0)
(-0.1871284652 0.09923946031 0)
(-0.1938414144 0.08765750432 0)
(-0.2003327653 0.07518575751 0)
(-0.2065660523 0.06182669125 0)
(-0.212498562 0.04759066998 0)
(-0.2180806618 0.03249776829 0)
(-0.2232551339 0.01657977995 0)
(-0.2279565187 -0.0001175705093 0)
(-0.2321108634 -0.0175321157 0)
(-0.2356353728 -0.03558275685 0)
(-0.2384380965 -0.05416648693 0)
(-0.2404184871 -0.07315520355 0)
(-0.2414682123 -0.0923926505 0)
(-0.2414726924 -0.1116914542 0)
(-0.2403135231 -0.1308305393 0)
(-0.2378719541 -0.1495532669 0)
(-0.234033591 -0.1675667299 0)
(-0.2286944421 -0.1845427343 0)
(-0.221768329 -0.2001210576 0)
(-0.2131955442 -0.2139155846 0)
(-0.2029524393 -0.2255238557 0)
(-0.1910613942 -0.2345403742 0)
(-0.1776003662 -0.240573706 0)
(-0.1627109896 -0.2432669538 0)
(-0.1466040513 -0.2423206315 0)
(-0.1295611604 -0.237516368 0)
(-0.1119316213 -0.2287393385 0)
(-0.09412392561 -0.2159969796 0)
(-0.07659188312 -0.1994315139 0)
(-0.0598161796 -0.1793241738 0)
(-0.04428302674 -0.1560897944 0)
(-0.03046155404 -0.1302615781 0)
(-0.01877958334 -0.1024669691 0)
(-0.009608534037 -0.07339624569 0)
(-0.003327871376 -0.0437685845 0)
(-0.0001839748111 -0.01431291524 0)
(-8.858414504e-05 0.01484017149 0)
(-0.001380255827 0.04148619067 0)
(-0.00384780382 0.06519662127 0)
(-0.007345665935 0.08610776837 0)
(-0.01170516377 0.1043787163 0)
(-0.01679907282 0.1201845685 0)
(-0.02250976696 0.1337092243 0)
(-0.02872924891 0.1451388557 0)
(-0.03536084134 0.1546563052 0)
(-0.04231929546 0.1624364302 0)
(-0.04953047577 0.168642412 0)
(-0.05693084288 0.1734230225 0)
(-0.06446673603 0.1769108014 0)
(-0.07209350662 0.1792210627 0)
(-0.07977455909 0.1804516287 0)
(-0.08748034614 0.1806831712 0)
(-0.09518735494 0.1799800359 0)
(-0.1028771116 0.1783914293 0)
(-0.1105352221 0.1759528533 0)
(-0.1181504594 0.1726876908 0)
(-0.1257139023 0.1686088607 0)
(-0.1332181229 0.1637204786 0)
(-0.1406564201 0.1580194812 0)
(-0.1480220919 0.1514971874 0)
(-0.1553077376 0.1441407852 0)
(-0.162504581 0.1359347484 0)
(-0.1696018041 0.1268621947 0)
(-0.1765858823 0.1169062089 0)
(-0.1834399098 0.1060511572 0)
(-0.1901429087 0.09428402671 0)
(-0.196669111 0.08159582465 0)
(-0.2029872122 0.06798307605 0)
(-0.2090595942 0.05344945979 0)
(-0.2148415292 0.03800762494 0)
(-0.2202803582 0.02168122633 0)
(-0.2253146121 0.004507204061 0)
(-0.2298734268 -0.0134616387 0)
(-0.2338760737 -0.03215375273 0)
(-0.2372311268 -0.05147590338 0)
(-0.2398365622 -0.07130934777 0)
(-0.2415801451 -0.09150621439 0)
(-0.2423404183 -0.1118857622 0)
(-0.2419886055 -0.1322308073 0)
(-0.2403916261 -0.1522846625 0)
(-0.237416461 -0.1717490541 0)
(-0.2329360813 -0.1902836066 0)
(-0.2268370685 -0.2075076045 0)
(-0.2190289199 -0.2230048083 0)
(-0.2094548193 -0.2363320867 0)
(-0.1981033809 -0.247032486 0)
(-0.1850205516 -0.2546530497 0)
(-0.1703205308 -0.2587672052 0)
(-0.1541943055 -0.2590008671 0)
(-0.1369142809 -0.2550606328 0)
(-0.1188335993 -0.2467616808 0)
(-0.1003791324 -0.2340523943 0)
(-0.08203781323 -0.2170324981 0)
(-0.06433691566 -0.1959617592 0)
(-0.0478200248 -0.1712571293 0)
(-0.03302063376 -0.1434775628 0)
(-0.02043326365 -0.1132972203 0)
(-0.01049446136 -0.08146879911 0)
(-0.003651892829 -0.04878248144 0)
(-0.0002059016884 -0.01603992784 0)
(-8.627021062e-05 0.01552447454 0)
(-0.001352818318 0.0433861967 0)
(-0.003776524053 0.06816470551 0)
(-0.007215092686 0.09000301708 0)
(-0.01150223506 0.1090681463 0)
(-0.01651122137 0.1255443983 0)
(-0.02212410775 0.1396259147 0)
(-0.02823216434 0.1515098185 0)
(-0.03473783226 0.1613902488 0)
(-0.04155504929 0.169453353 0)
(-0.04860909095 0.1758732838 0)
(-0.05583615473 0.1808092098 0)
(-0.06318270151 0.1844032992 0)
(-0.07060461647 0.1867795939 0)
(-0.07806625551 0.1880436648 0)
(-0.08553943175 0.1882829196 0)
(-0.09300238487 0.1875674284 0)
(-0.1004387649 0.1859511358 0)
(-0.1078366517 0.1834733366 0)
(-0.1151876226 0.180160311 0)
(-0.1224858736 0.1760270297 0)
(-0.1297273932 0.1710788646 0)
(-0.1369091852 0.1653132558 0)
(-0.1440285338 0.1587213081 0)
(-0.1510823 0.1512893042 0)
(-0.1580662404 0.1430001363 0)
(-0.1649743369 0.1338346698 0)
(-0.1717981233 0.1237730594 0)
(-0.1785259989 0.1127960466 0)
(-0.1851425152 0.1008862716 0)
(-0.1916276247 0.0880296369 0)
(-0.1979558825 0.07421676469 0)
(-0.2040955942 0.05944459068 0)
(-0.2100079141 0.04371814499 0)
(-0.2156458861 0.02705257009 0)
(-0.2209533822 0.00947541224 0)
(-0.2258641955 -0.008970769333 0)
(-0.2303013527 -0.02822523482 0)
(-0.2341759518 -0.04820615061 0)
(-0.2373866262 -0.06880628786 0)
(-0.2398195158 -0.08988885672 0)
(-0.2413486125 -0.1112830239 0)
(-0.2418370148 -0.1327793421 0)
(-0.2411393028 -0.1541254221 0)
(-0.2391053432 -0.1750223141 0)
(-0.2355858324 -0.1951222338 0)
(-0.2304398365 -0.2140284429 0)
(-0.2235444623 -0.2312982344 0)
(-0.2148065845 -0.2464500388 0)
(-0.204176252 -0.2589755977 0)
(-0.1916610044 -0.268357885 0)
(-0.177339898 -0.2740949446 0)
(-0.1613756331 -0.2757290527 0)
(-0.1440229031 -0.2728796385 0)
(-0.1256310635 -0.2652773581 0)
(-0.1066395514 -0.2527957917 0)
(-0.08756520555 -0.2354766956 0)
(-0.06898176066 -0.213544795 0)
(-0.05149323088 -0.1874089209 0)
(-0.03570337051 -0.1576478575 0)
(-0.02218140819 -0.1249811559 0)
(-0.01143825318 -0.09022667943 0)
(-0.004000017833 -0.05425114815 0)
(-0.0002300980976 -0.01793546457 0)
(-8.38222948e-05 0.01619415482 0)
(-0.001323669503 0.04524938503 0)
(-0.003700494991 0.07107840579 0)
(-0.007074996799 0.09382881406 0)
(-0.01128285486 0.1136740167 0)
(-0.0161973038 0.1308064763 0)
(-0.02169956877 0.1454299604 0)
(-0.027679747 0.1577522758 0)
(-0.03403905931 0.1679788584 0)
(-0.04069040321 0.1763073364 0)
(-0.04755834676 0.1829231505 0)
(-0.05457880166 0.187996258 0)
(-0.0616984063 0.1916788836 0)
(-0.06887369572 0.1941042349 0)
(-0.07607013591 0.1953860608 0)
(-0.08326108625 0.195618916 0)
(-0.09042673956 0.1948789829 0)
(-0.097553076 0.1932253078 0)
(-0.1046308552 0.1907013202 0)
(-0.1116546609 0.1873365192 0)
(-0.1186220034 0.1831482349 0)
(-0.125532482 0.1781433914 0)
(-0.1323869993 0.1723202212 0)
(-0.1391870239 0.1656699004 0)
(-0.1459338873 0.1581780903 0)
(-0.1526281063 0.1498263854 0)
(-0.1592687161 0.1405936812 0)
(-0.1658526004 0.1304574802 0)
(-0.172373804 0.1193951664 0)
(-0.1788228127 0.1073852805 0)
(-0.185185785 0.09440883412 0)
(-0.1914437214 0.08045070667 0)
(-0.1975715601 0.06550117218 0)
(-0.2035371928 0.04955761107 0)
(-0.2093003965 0.03262646692 0)
(-0.214811632 0.01472549723 0)
(-0.2200108131 -0.004113630695 0)
(-0.224826409 -0.02384204679 0)
(-0.2291740318 -0.04439068072 0)
(-0.2329552218 -0.06566577618 0)
(-0.236056969 -0.08754417301 0)
(-0.2383513725 -0.1098681694 0)
(-0.2396961323 -0.132439996 0)
(-0.2399361221 -0.155016205 0)
(-0.2389064038 -0.1773024161 0)
(-0.236437095 -0.1989490656 0)
(-0.2323604847 -0.219549041 0)
(-0.2265207026 -0.2386383076 0)
(-0.218786062 -0.2557008033 0)
(-0.2090638783 -0.2701789158 0)
(-0.1973171231 -0.2814906785 0)
(-0.183581729 -0.2890543417 0)
(-0.1679827852 -0.2923201503 0)
(-0.15074739 -0.2908079967 0)
(-0.1322117041 -0.2841482524 0)
(-0.1128199395 -0.2721217351 0)
(-0.09311373038 -0.2546937861 0)
(-0.07371161128 -0.232037141 0)
(-0.0552801195 -0.2045389626 0)
(-0.03849888469 -0.1727891459 0)
(-0.02402021771 -0.1375493577 0)
(-0.0124395003 -0.09970440083 0)
(-0.004372747383 -0.0602029544 0)
(-0.0002567358749 -0.02001207826 0)
(-8.13577043e-05 0.01684868664 0)
(-0.001294372289 0.04707432644 0)
(-0.003623825064 0.07393513229 0)
(-0.006932764765 0.09758087809 0)
(-0.01105802744 0.1181897105 0)
(-0.01587197289 0.135961202 0)
(-0.02125423356 0.1511082014 0)
(-0.02709311002 0.1638490479 0)
(-0.0332881453 0.1744006082 0)
(-0.03975090875 0.1829723156 0)
(-0.04640512891 0.1897613372 0)
(-0.05318643179 0.194948912 0)
(-0.06004173774 0.1986978288 0)
(-0.06692841217 0.2011509555 0)
(-0.07381326201 0.2024306859 0)
(-0.08067145226 0.2026391536 0)
(-0.08748539927 0.2018590489 0)
(-0.0942436821 0.2001548828 0)
(-0.1009399985 0.1975745536 0)
(-0.1075721814 0.1941510922 0)
(-0.114141282 0.1899044852 0)
(-0.1206507192 0.1848434968 0)
(-0.1271054905 0.1789674369 0)
(-0.1335114349 0.1722678392 0)
(-0.1398745374 0.1647300351 0)
(-0.1462002609 0.1563346208 0)
(-0.1524928923 0.1470588286 0)
(-0.1587548854 0.1368778235 0)
(-0.1649861855 0.1257659491 0)
(-0.1711835156 0.1136979595 0)
(-0.1773396087 0.1006502728 0)
(-0.1834423657 0.08660229197 0)
(-0.1894739221 0.07153784221 0)
(-0.1954096109 0.05544678332 0)
(-0.2012168149 0.03832686502 0)
(-0.2068536608 0.02018589027 0)
(-0.2122675237 0.001044251813 0)
(-0.2173939054 -0.01906189582 0)
(-0.2221548256 -0.04007724669 0)
(-0.2264570118 -0.06192319484 0)
(-0.2301908712 -0.08449249363 0)
(-0.2332295016 -0.107643601 0)
(-0.2354283265 -0.131194296 0)
(-0.2366257263 -0.154914835 0)
(-0.2366450499 -0.1785210343 0)
(-0.2352985081 -0.2016678955 0)
(-0.2323934838 -0.2239446836 0)
(-0.2277417582 -0.2448726841 0)
(-0.2211720083 -0.2639071583 0)
(-0.2125456332 -0.2804452016 0)
(-0.2017754923 -0.2938411736 0)
(-0.1888464943 -0.3034309896 0)
(-0.1738362205 -0.3085657282 0)
(-0.1569330404 -0.3086536941 0)
(-0.1384486757 -0.3032083552 0)
(-0.1188221232 -0.2918977168 0)
(-0.09861245285 -0.2745891006 0)
(-0.07847938522 -0.251382467 0)
(-0.05915271954 -0.2226257941 0)
(-0.04139299369 -0.1889078508 0)
(-0.02594418166 -0.1510265493 0)
(-0.01349710128 -0.1099339698 0)
(-0.004770418822 -0.06666582244 0)
(-0.0002859938138 -0.02228260069 0)
(-7.901885053e-05 0.01748840864 0)
(-0.001266818714 0.04886182681 0)
(-0.003551480006 0.07673550047 0)
(-0.006797307648 0.1012587 0)
(-0.01084099954 0.1226125825 0)
(-0.01555282712 0.1410028403 0)
(-0.02080977294 0.1566510018 0)
(-0.02649750566 0.1697859774 0)
(-0.03251330332 0.1806364002 0)
(-0.03876706094 0.1894240253 0)
(-0.04518153477 0.1963583512 0)
(-0.05169210748 0.2016325266 0)
(-0.05824615703 0.2054205135 0)
(-0.06480214789 0.2078754038 0)
(-0.07132855399 0.2091287444 0)
(-0.07780269972 0.2092906983 0)
(-0.0842095837 0.2084508609 0)
(-0.09054073057 0.2066795595 0)
(-0.09679310002 0.2040294769 0)
(-0.1029680686 0.2005374659 0)
(-0.1090704904 0.1962264424 0)
(-0.1151078348 0.191107277 0)
(-0.1210893954 0.1851806226 0)
(-0.1270255584 0.178438643 0)
(-0.1329271195 0.1708666235 0)
(-0.1388046331 0.1624444611 0)
(-0.1446677792 0.1531480423 0)
(-0.150524729 0.1429505281 0)
(-0.1563814924 0.1318235721 0)
(-0.1622412251 0.1197385033 0)
(-0.168103478 0.1066675115 0)
(-0.1739633633 0.09258487961 0)
(-0.1798106177 0.07746831394 0)
(-0.1856285429 0.06130043211 0)
(-0.1913928103 0.04407048139 0)
(-0.1970700837 0.02577636786 0)
(-0.2026163624 0.006427070305 0)
(-0.2079756041 -0.01395440628 0)
(-0.2130779472 -0.03532729468 0)
(-0.2178375162 -0.05762939439 0)
(-0.2221506881 -0.08077127779 0)
(-0.225894563 -0.1046302501 0)
(-0.2289256841 -0.1290432577 0)
(-0.2310796266 -0.1537989344 0)
(-0.2321718273 -0.1786290796 0)
(-0.232000221 -0.2032001095 0)
(-0.2303503511 -0.2271053587 0)
(-0.2270036534 -0.2498595189 0)
(-0.2217495384 -0.270896932 0)
(-0.2144016557 -0.2895758224 0)
(-0.2048182548 -0.3051907249 0)
(-0.1929258416 -0.3169951639 0)
(-0.1787443985 -0.3242358964 0)
(-0.1624114206 -0.3261986201 0)
(-0.1442011555 -0.3222629951 0)
(-0.124535025 -0.3119623687 0)
(-0.1039795717 -0.2950412151 0)
(-0.08322967609 -0.2715016663 0)
(-0.06307731658 -0.2416303172 0)
(-0.04436801688 -0.2059982117 0)
(-0.02794598219 -0.1654302473 0)
(-0.01460923132 -0.1209440852 0)
(-0.005193202685 -0.07366686318 0)
(-0.0003180588265 -0.02476006754 0)
(-7.697776204e-05 0.01811470232 0)
(-0.001243287054 0.05061538339 0)
(-0.003489424988 0.07948397251 0)
(-0.00667929867 0.1048662763 0)
(-0.01064758332 0.1269447051 0)
(-0.01526079512 0.1459302172 0)
(-0.02039185975 0.162052857 0)
(-0.02592273699 0.1755524268 0)
(-0.03174771434 0.1866699505 0)
(-0.03777461592 0.1956402838 0)
(-0.0439251116 0.202686083 0)
(-0.05013445125 0.2080132089 0)
(-0.05635074612 0.2118075297 0)
(-0.0625339453 0.2142330067 0)
(-0.06865463757 0.2154308916 0)
(-0.07469277861 0.2155198411 0)
(-0.08063641598 0.2145967444 0)
(-0.08648046092 0.2127380727 0)
(-0.09222553681 0.2100015756 0)
(-0.09787691897 0.2064281781 0)
(-0.1034435699 0.2020439596 0)
(-0.1089372659 0.1968621239 0)
(-0.1143718067 0.1908848977 0)
(-0.1197622945 0.1841053172 0)
(-0.1251244688 0.1765088822 0)
(-0.1304740805 0.1680750734 0)
(-0.1358262872 0.1587787405 0)
(-0.1411950508 0.1485913781 0)
(-0.1465925186 0.1374823152 0)
(-0.1520283653 0.125419847 0)
(-0.1575090732 0.1123723483 0)
(-0.1630371277 0.0983094094 0)
(-0.1686101011 0.0832030458 0)
(-0.1742195998 0.0670290429 0)
(-0.179850056 0.0497685091 0)
(-0.1854773211 0.03140972736 0)
(-0.1910669456 0.01195038267 0)
(-0.1965725033 -0.008599718748 0)
(-0.201933777 -0.03021482252 0)
(-0.2070742819 -0.0528499136 0)
(-0.211898807 -0.07643482027 0)
(-0.2162914333 -0.1008679047 0)
(-0.2201133459 -0.1260084668 0)
(-0.2232013314 -0.1516678739 0)
(-0.225367296 -0.1775995932 0)
(-0.2263994034 -0.2034885339 0)
(-0.2260656077 -0.2289404794 0)
(-0.224120468 -0.2534728718 0)
(-0.2203161595 -0.276508786 0)
(-0.2144184465 -0.2973765055 0)
(-0.2062279752 -0.3153175549 0)
(-0.1956065065 -0.3295061229 0)
(-0.1825066309 -0.3390822805 0)
(-0.1670021857 -0.343200015 0)
(-0.149315287 -0.3410887771 0)
(-0.1298349664 -0.3321241341 0)
(-0.1091223463 -0.3158997695 0)
(-0.08789853449 -0.2922903137 0)
(-0.06701424454 -0.2614933512 0)
(-0.04740264823 -0.2240402715 0)
(-0.03001644848 -0.1807693386 0)
(-0.01577334311 -0.1327593012 0)
(-0.005641113406 -0.08123200315 0)
(-0.0003531283775 -0.02745764541 0)
(-7.544288548e-05 0.01873020366 0)
(-0.001226517751 0.05234171994 0)
(-0.003444808293 0.08218959919 0)
(-0.006591473978 0.1084129416 0)
(-0.01049655583 0.1311936912 0)
(-0.01502059836 0.1507474612 0)
(-0.02003065081 0.1673130068 0)
(-0.0254036147 0.181141747 0)
(-0.03102991904 0.1924881133 0)
(-0.03681488617 0.2016011902 0)
(-0.04267903258 0.2087179043 0)
(-0.04855768903 0.2140578461 0)
(-0.05440011225 0.2178196738 0)
(-0.06016827298 0.2201789539 0)
(-0.0658354754 0.2212872374 0)
(-0.07138492231 0.2212721437 0)
(-0.07680830584 0.2202382219 0)
(-0.08210447498 0.2182683737 0)
(-0.08727820828 0.2154256453 0)
(-0.09233910375 0.2117552277 0)
(-0.0973005862 0.2072865379 0)
(-0.1021790241 0.2020352834 0)
(-0.1069929438 0.196005443 0)
(-0.111762325 0.1891911208 0)
(-0.1165079605 0.1815782511 0)
(-0.1212508622 0.1731461489 0)
(-0.126011693 0.1638689121 0)
(-0.1308102062 0.1537166921 0)
(-0.13566467 0.1426568554 0)
(-0.1405912553 0.1306550664 0)
(-0.145603363 0.1176763261 0)
(-0.1507108654 0.1036860083 0)
(-0.1559192332 0.0886509417 0)
(-0.1612285185 0.07254059813 0)
(-0.1666321686 0.05532846039 0)
(-0.1721156333 0.03699366173 0)
(-0.1776546568 0.01752298173 0)
(-0.1832133252 -0.003086694368 0)
(-0.188742325 -0.02482474748 0)
(-0.1941762448 -0.04766360365 0)
(-0.1994305174 -0.0715532602 0)
(-0.2043990166 -0.09641475264 0)
(-0.2089510559 -0.1221323168 0)
(-0.2129287996 -0.1485438669 0)
(-0.2161454063 -0.1754298348 0)
(-0.2183844942 -0.2025006033 0)
(-0.2194017662 -0.2293831321 0)
(-0.218929842 -0.2556079183 0)
(-0.2166874908 -0.2805981315 0)
(-0.2123944491 -0.3036635609 0)
(-0.2057927237 -0.3240027773 0)
(-0.1966745937 -0.3407173815 0)
(-0.1849163637 -0.3528420485 0)
(-0.1705153128 -0.3593929068 0)
(-0.1536254648 -0.3594343292 0)
(-0.1345862249 -0.3521604951 0)
(-0.1139371993 -0.3369835832 0)
(-0.09241337299 -0.3136162126 0)
(-0.07091777365 -0.282133155 0)
(-0.05047191003 -0.24299779 0)
(-0.03214457693 -0.197042603 0)
(-0.0169862117 -0.1453991718 0)
(-0.006114039608 -0.08938562084 0)
(-0.0003914148129 -0.03038856963 0)
(-7.466819081e-05 0.01933905883 0)
(-0.001219814463 0.05405142466 0)
(-0.003426201593 0.08486688826 0)
(-0.006549017811 0.1119143179 0)
(-0.01041015815 0.1353736021 0)
(-0.01486131219 0.1554647821 0)
(-0.0197613494 0.1724360372 0)
(-0.02498046207 0.1865516842 0)
(-0.03040421529 0.1980811051 0)
(-0.03593499235 0.2072891932 0)
(-0.04149217807 0.2144286166 0)
(-0.04701154767 0.2197339765 0)
(-0.05244409817 0.2234177778 0)
(-0.05775455235 0.2256680255 0)
(-0.06291971825 0.2266471999 0)
(-0.06792683373 0.2264923423 0)
(-0.07277198132 0.2253159857 0)
(-0.07745862397 0.2232076857 0)
(-0.08199628629 0.2202359394 0)
(-0.08639938737 0.2164503175 0)
(-0.09068621915 0.2118836691 0)
(-0.09487805681 0.2065542995 0)
(-0.09899838347 0.2004680465 0)
(-0.1030722094 0.193620213 0)
(-0.1071254649 0.1859973314 0)
(-0.1111844465 0.1775787528 0)
(-0.115275295 0.1683380687 0)
(-0.1194234845 0.1582443794 0)
(-0.1236533007 0.1472634316 0)
(-0.1279872853 0.1353586543 0)
(-0.1324456235 0.122492124 0)
(-0.1370454471 0.1086255014 0)
(-0.1418000243 0.09372098377 0)
(-0.1467178055 0.07774233083 0)
(-0.1518012914 0.06065603515 0)
(-0.1570456938 0.04243272746 0)
(-0.1624372862 0.02304891624 0)
(-0.1679512986 0.002489168933 0)
(-0.1735502866 -0.01925085879 0)
(-0.1791811624 -0.04216072619 0)
(-0.1847719708 -0.06621093617 0)
(-0.1902288806 -0.09134614047 0)
(-0.1954326203 -0.117477352 0)
(-0.2002348511 -0.1444720909 0)
(-0.2044549511 -0.172142379 0)
(-0.2078777209 -0.2002305953 0)
(-0.2102528564 -0.2283935422 0)
(-0.2112973423 -0.2561856244 0)
(-0.2107022011 -0.2830428373 0)
(-0.2081452013 -0.3082702714 0)
(-0.2033110384 -0.3310369545 0)
(-0.1959199653 -0.3503828146 0)
(-0.1857646986 -0.3652429363 0)
(-0.172753611 -0.374493559 0)
(-0.1569558683 -0.3770219197 0)
(-0.1386417787 -0.3718178272 0)
(-0.118309952 -0.3580791252 0)
(-0.09669297067 -0.3353170661 0)
(-0.07473608806 -0.3034429321 0)
(-0.05354719561 -0.2628160973 0)
(-0.03431763198 -0.2142371986 0)
(-0.0182440375 -0.1588774045 0)
(-0.006611801899 -0.09815021723 0)
(-0.0004331527024 -0.03356610484 0)
(-7.496647497e-05 0.01994723952 0)
(-0.001227180646 0.05575972257 0)
(-0.003443916413 0.08753683294 0)
(-0.00657005841 0.1153934059 0)
(-0.01041472138 0.1395059466 0)
(-0.01481704665 0.1600992752 0)
(-0.01962485799 0.1774324379 0)
(-0.02469966285 0.1917846834 0)
(-0.02992103868 0.2034425756 0)
(-0.03518803234 0.2126889717 0)
(-0.04041906692 0.2197941945 0)
(-0.04555093798 0.2250094467 0)
(-0.05053721853 0.2285623299 0)
(-0.0553463569 0.2306542167 0)
(-0.05995968148 0.2314591683 0)
(-0.06436945517 0.2311240743 0)
(-0.06857706739 0.2297697053 0)
(-0.07259140931 0.2274924024 0)
(-0.07642744859 0.224366166 0)
(-0.08010500017 0.2204449531 0)
(-0.08364767781 0.2157650361 0)
(-0.08708200418 0.2103473135 0)
(-0.09043665512 0.204199499 0)
(-0.09374181225 0.197318144 0)
(-0.09702859951 0.1896904697 0)
(-0.1003285796 0.1812960018 0)
(-0.1036732874 0.1721080163 0)
(-0.1070937786 0.1620948098 0)
(-0.1106201711 0.1512208173 0)
(-0.1142811564 0.1394476034 0)
(-0.118103458 0.1267347596 0)
(-0.1221112101 0.1130407435 0)
(-0.1263252283 0.09832370429 0)
(-0.130762139 0.08254234702 0)
(-0.1354333335 0.06565690139 0)
(-0.1403437137 0.0476302821 0)
(-0.1454901363 0.02842954693 0)
(-0.1508593577 0.008027753965 0)
(-0.1564262649 -0.01359357883 0)
(-0.1621511003 -0.03644067591 0)
(-0.1679760533 -0.06050419555 0)
(-0.1738216927 -0.08575261746 0)
(-0.1795830925 -0.1121247289 0)
(-0.1851252816 -0.1395197883 0)
(-0.1902787664 -0.1677850943 0)
(-0.1948354927 -0.1967007246 0)
(-0.1985460373 -0.2259614744 0)
(-0.2011192117 -0.2551565443 0)
(-0.2022256854 -0.2837483608 0)
(-0.2015076065 -0.3110530921 0)
(-0.1985963709 -0.3362268845 0)
(-0.1931404126 -0.3582633743 0)
(-0.1848439007 -0.3760091539 0)
(-0.1735153207 -0.3882038979 0)
(-0.1591221009 -0.3935499708 0)
(-0.1418441322 -0.3908119262 0)
(-0.1221161092 -0.37893937 0)
(-0.1006475217 -0.3571982808 0)
(-0.07841132634 -0.3252883127 0)
(-0.05659639926 -0.283419882 0)
(-0.03652134191 -0.2323271232 0)
(-0.01954262386 -0.1732010507 0)
(-0.007134247582 -0.1075461525 0)
(-0.0004786103167 -0.03700354501 0)
(-7.672794628e-05 0.02056293921 0)
(-0.001253504096 0.05748742513 0)
(-0.003510422281 0.09022814349 0)
(-0.006676307362 0.1188818449 0)
(-0.01054145002 0.1436207743 0)
(-0.01492776638 0.1646757273 0)
(-0.01966852223 0.1823190701 0)
(-0.02461423002 0.1968480227 0)
(-0.02963728006 0.2085694524 0)
(-0.03463309797 0.2177870536 0)
(-0.03951954748 0.2247912484 0)
(-0.04423531529 0.229851787 0)
(-0.04873769978 0.2332128216 0)
(-0.05300015084 0.2350901056 0)
(-0.05700980595 0.2356699275 0)
(-0.06076517568 0.2351093838 0)
(-0.0642740624 0.2335376309 0)
(-0.06755174695 0.2310577989 0)
(-0.07061944519 0.2277493062 0)
(-0.07350301641 0.2236703678 0)
(-0.07623189476 0.2188605397 0)
(-0.07883821023 0.2133431887 0)
(-0.08135606529 0.2071278115 0)
(-0.08382093469 0.2002121594 0)
(-0.08626915843 0.1925841462 0)
(-0.08873750085 0.1842235347 0)
(-0.09126275076 0.1751034099 0)
(-0.09388133948 0.1651914556 0)
(-0.09662895493 0.1544510553 0)
(-0.09954012974 0.1428422443 0)
(-0.1026477804 0.1303225425 0)
(-0.1059826729 0.1168477036 0)
(-0.1095727881 0.1023724189 0)
(-0.1134425537 0.0868510259 0)
(-0.117611908 0.07023828074 0)
(-0.1220951594 0.05249027304 0)
(-0.1268995663 0.03356558752 0)
(-0.1320234402 0.01342680248 0)
(-0.1374541885 -0.007957543161 0)
(-0.1431659793 -0.03060944127 0)
(-0.149116195 -0.05453878585 0)
(-0.155241458 -0.0797373767 0)
(-0.1614536357 -0.1061718784 0)
(-0.1676345642 -0.1337743703 0)
(-0.1736304847 -0.1624299589 0)
(-0.1792463898 -0.1919609639 0)
(-0.1842409407 -0.2221073403 0)
(-0.1883230825 -0.2525034289 0)
(-0.1911520287 -0.2826519315 0)
(-0.1923428761 -0.3118972703 0)
(-0.1914805964 -0.3394022595 0)
(-0.188145247 -0.364134132 0)
(-0.1819505951 -0.3848679868 0)
(-0.1725965596 -0.4002168316 0)
(-0.1599327408 -0.408696453 0)
(-0.1440260581 -0.4088292189 0)
(-0.1252210644 -0.3992830444 0)
(-0.1041786322 -0.3790308811 0)
(-0.08187962941 -0.3475047752 0)
(-0.05958411762 -0.3047108873 0)
(-0.03874020029 -0.2512716507 0)
(-0.02087764889 -0.1883697629 0)
(-0.007681395715 -0.1175914899 0)
(-0.0005281075197 -0.04071427553 0)
(-8.044702979e-05 0.0211970799 0)
(-0.001304807798 0.05926211363 0)
(-0.003640899723 0.09297873545 0)
(-0.006893881937 0.1224213686 0)
(-0.01082739545 0.1477578549 0)
(-0.01524026238 0.169227381 0)
(-0.01994694957 0.1871194727 0)
(-0.02478434477 0.2017536897 0)
(-0.02961645465 0.2134614595 0)
(-0.03433502165 0.2225710703 0)
(-0.03885810235 0.2293961113 0)
(-0.04312754844 0.2342272176 0)
(-0.04710593703 0.2373267461 0)
(-0.05077336673 0.2389258991 0)
(-0.05412439334 0.2392237896 0)
(-0.05716526003 0.2383879643 0)
(-0.05991149259 0.2365559578 0)
(-0.06238587389 0.2338375199 0)
(-0.06461677717 0.230317226 0)
(-0.06663681904 0.2260572493 0)
(-0.06848178486 0.2211001316 0)
(-0.07018977806 0.2154714393 0)
(-0.07180054779 0.2091822307 0)
(-0.07335495392 0.2022312952 0)
(-0.0748945332 0.194607144 0)
(-0.07646113588 0.1862897525 0)
(-0.07809660546 0.1772520644 0)
(-0.07984247751 0.1674612763 0)
(-0.08173967632 0.1568799254 0)
(-0.0838281886 0.1454668057 0)
(-0.08614669245 0.1331777432 0)
(-0.08873211927 0.1199662608 0)
(-0.09161912407 0.1057841712 0)
(-0.09483943427 0.09058213943 0)
(-0.09842104156 0.07431026937 0)
(-0.1023871999 0.05691878285 0)
(-0.1067551742 0.03835888525 0)
(-0.1115345667 0.01858390475 0)
(-0.1167252133 -0.002449198166 0)
(-0.1223154099 -0.02477694823 0)
(-0.1282782959 -0.04842698121 0)
(-0.1345677045 -0.07341324715 0)
(-0.1411141669 -0.09972950311 0)
(-0.1478191826 -0.1273406246 0)
(-0.1545488087 -0.1561707503 0)
(-0.1611266233 -0.1860875465 0)
(-0.1673265259 -0.2168818717 0)
(-0.1728663479 -0.248242401 0)
(-0.1774038821 -0.2797254518 0)
(-0.1805377288 -0.3107214957 0)
(-0.1818161791 -0.3404218016 0)
(-0.1807579319 -0.3677913089 0)
(-0.1768883211 -0.3915568468 0)
(-0.1697933387 -0.4102223254 0)
(-0.1591905631 -0.4221231059 0)
(-0.1450110473 -0.4255286389 0)
(-0.1274800367 -0.418794231 0)
(-0.1071791164 -0.400549469 0)
(-0.08507110034 -0.3698949211 0)
(-0.06247188421 -0.3265654428 0)
(-0.04095787951 -0.2710137198 0)
(-0.02224505514 -0.2043751451 0)
(-0.008253649514 -0.1283019968 0)
(-0.0005820425278 -0.04471192845 0)
(-8.676060143e-05 0.0218639698 0)
(-0.00138859125 0.06111963091 0)
(-0.003853971235 0.09583753999 0)
(-0.007254357456 0.1260654858 0)
(-0.01131665006 0.1519679212 0)
(-0.01580927205 0.1737965855 0)
(-0.02052285336 0.1918638968 0)
(-0.02527776631 0.2065178659 0)
(-0.02992857383 0.2181201696 0)
(-0.03436365965 0.2270285103 0)
(-0.03850253628 0.2335834238 0)
(-0.04229203701 0.2380991762 0)
(-0.04570208452 0.2408581548 0)
(-0.04872152282 0.2421080791 0)
(-0.05135430532 0.2420613699 0)
(-0.05361618132 0.2408960837 0)
(-0.0555319231 0.2387579083 0)
(-0.05713307432 0.2357628152 0)
(-0.05845616622 0.2320000524 0)
(-0.05954133307 0.2275352444 0)
(-0.06043125553 0.2224134325 0)
(-0.06117036426 0.2166619468 0)
(-0.06180424422 0.2102930406 0)
(-0.06237918833 0.2033062534 0)
(-0.06294185774 0.19569049 0)
(-0.06353901399 0.1874258209 0)
(-0.06421729357 0.1784850175 0)
(-0.06502299991 0.1688348455 0)
(-0.06600189287 0.1584371405 0)
(-0.06719895719 0.1472496929 0)
(-0.06865812899 0.1352269685 0)
(-0.07042196118 0.1223206991 0)
(-0.07253120686 0.1084803737 0)
(-0.07502429415 0.09365366953 0)
(-0.07793665946 0.07778686781 0)
(-0.08129990279 0.06082531382 0)
(-0.08514072299 0.0427140011 0)
(-0.0894794925 0.02339837187 0)
(-0.09432818798 0.002825417476 0)
(-0.09968903768 -0.01905444177 0)
(-0.1055510142 -0.04228461055 0)
(-0.1118858659 -0.06689941359 0)
(-0.1186440151 -0.09291808743 0)
(-0.1257487908 -0.1203371867 0)
(-0.1330894368 -0.1491197306 0)
(-0.1405130148 -0.179180202 0)
(-0.1478153906 -0.2103643145 0)
(-0.1547320276 -0.2424225391 0)
(-0.1609299923 -0.2749768483 0)
(-0.1660035189 -0.3074812286 0)
(-0.1694766253 -0.339178486 0)
(-0.1708173913 -0.3690589272 0)
(-0.1694691089 -0.3958304897 0)
(-0.1649028435 -0.4179140545 0)
(-0.1566931549 -0.4334804007 0)
(-0.1446131983 -0.440544125 0)
(-0.1287374918 -0.4371222695 0)
(-0.1095323776 -0.4214501165 0)
(-0.08790952479 -0.3922254565 0)
(-0.06521836616 -0.3488317034 0)
(-0.04315775264 -0.291478212 0)
(-0.0236415856 -0.2212002165 0)
(-0.008852101011 -0.1396913661 0)
(-0.000640932301 -0.0490106727 0)
(-9.650336169e-05 0.02258216858 0)
(-0.00151429706 0.06310597926 0)
(-0.004172666691 0.09886671315 0)
(-0.007796103896 0.1298814002 0)
(-0.0120617839 0.156313916 0)
(-0.0166987128 0.1784352105 0)
(-0.02146781701 0.1965889002 0)
(-0.02616993259 0.2111598291 0)
(-0.03064947028 0.2225473943 0)
(-0.03479240232 0.2311447891 0)
(-0.03852168837 0.2373240545 0)
(-0.04179167977 0.2414262264 0)
(-0.04458235523 0.2437556554 0)
(-0.04689393584 0.2445775571 0)
(-0.0487421699 0.244117934 0)
(-0.05015439339 0.2425651382 0)
(-0.05116635851 0.2400724886 0)
(-0.05181975901 0.2367614862 0)
(-0.05216035239 0.2327252922 0)
(-0.05223657122 0.2280322263 0)
(-0.05209852146 0.2227291253 0)
(-0.05179727693 0.2168444591 0)
(-0.0513843941 0.2103911491 0)
(-0.05091158437 0.2033690614 0)
(-0.05043049362 0.1957671769 0)
(-0.0499925514 0.1875654474 0)
(-0.04964885783 0.1787363601 0)
(-0.04945008197 0.1692462357 0)
(-0.04944635511 0.1590562936 0)
(-0.049687143 0.1481235065 0)
(-0.05022107714 0.1364012699 0)
(-0.05109572871 0.1238399253 0)
(-0.05235731073 0.1103871623 0)
(-0.05405028455 0.09598833247 0)
(-0.05621684233 0.08058671376 0)
(-0.05889623168 0.0641237734 0)
(-0.0621238857 0.04653949495 0)
(-0.06593024887 0.02777285584 0)
(-0.07033897853 0.0077625253 0)
(-0.07536558998 -0.01355206775 0)
(-0.08101472022 -0.0362281469 0)
(-0.08727619624 -0.06031804221 0)
(-0.094120942 -0.0858641192 0)
(-0.1014955356 -0.1128924791 0)
(-0.1093149372 -0.1414035142 0)
(-0.1174537191 -0.1713582691 0)
(-0.1257356666 -0.2026592094 0)
(-0.1339221413 -0.2351238284 0)
(-0.1417002765 -0.2684497058 0)
(-0.1486730811 -0.3021704217 0)
(-0.1543549421 -0.3356034922 0)
(-0.1581776797 -0.3677947133 0)
(-0.1595137604 -0.3974680919 0)
(-0.1577236746 -0.4229964401 0)
(-0.1522326207 -0.4424131545 0)
(-0.1426362338 -0.4534876944 0)
(-0.1288257194 -0.4538818723 0)
(-0.1111110704 -0.4413880252 0)
(-0.09031162087 -0.4142236489 0)
(-0.06777940054 -0.3713263759 0)
(-0.04532350442 -0.3125699961 0)
(-0.0250655016 -0.2388189871 0)
(-0.009478962078 -0.1517717343 0)
(-0.0007054725772 -0.05362569814 0)
(-0.0001107885573 0.02337563897 0)
(-0.001693951964 0.06527975234 0)
(-0.004625697349 0.1021443302 0)
(-0.008565966078 0.1339521604 0)
(-0.01312552368 0.1608721306 0)
(-0.01798293626 0.1832046218 0)
(-0.02286277697 0.2013362469 0)
(-0.02754344285 0.2156999974 0)
(-0.03185916952 0.2267426447 0)
(-0.03569542301 0.234900389 0)
(-0.03898161691 0.240582142 0)
(-0.04168309597 0.2441591721 0)
(-0.04379339845 0.2459597122 0)
(-0.04532737737 0.2462672275 0)
(-0.04631543085 0.245321233 0)
(-0.04679887421 0.2433197721 0)
(-0.0468263651 0.2404228778 0)
(-0.04645123555 0.2367565183 0)
(-0.04572956725 0.2324166748 0)
(-0.04471885257 0.2274733168 0)
(-0.04347710138 0.2219741258 0)
(-0.04206227535 0.2159478821 0)
(-0.04053195652 0.2094074775 0)
(-0.03894317475 0.2023525415 0)
(-0.0373523362 0.1947716979 0)
(-0.03581521431 0.1866444736 0)
(-0.03438696898 0.1779428814 0)
(-0.03312216466 0.1686327182 0)
(-0.03207477823 0.1586746179 0)
(-0.03129818496 0.148024875 0)
(-0.03084510134 0.1366360621 0)
(-0.03076747011 0.1244574943 0)
(-0.03111628452 0.1114355531 0)
(-0.03194132898 0.09751389808 0)
(-0.03329081335 0.08263360024 0)
(-0.03521087132 0.06673323422 0)
(-0.03774489015 0.04974897879 0)
(-0.0409325925 0.03161479688 0)
(-0.04480858836 0.01226274588 0)
(-0.0494009463 -0.008376555322 0)
(-0.05472942319 -0.03037192047 0)
(-0.06080159809 -0.05379095415 0)
(-0.06760895216 -0.0786962165 0)
(-0.07512198862 -0.1051403506 0)
(-0.08328300695 -0.1331583663 0)
(-0.09199708511 -0.1627559179 0)
(-0.1011208134 -0.1938919377 0)
(-0.1104487913 -0.2264535619 0)
(-0.1196985143 -0.2602211395 0)
(-0.1284952313 -0.2948214559 0)
(-0.1363599329 -0.3296685949 0)
(-0.142705772 -0.3638949212 0)
(-0.146850561 -0.3962798907 0)
(-0.1480547608 -0.4251918755 0)
(-0.1455940643 -0.4485667177 0)
(-0.1388712834 -0.4639530697 0)
(-0.1275621611 -0.4686533818 0)
(-0.1117746262 -0.4599747481 0)
(-0.09218547283 -0.4355729321 0)
(-0.07010766735 -0.393830592 0)
(-0.04743978132 -0.3341715196 0)
(-0.02651752501 -0.2571961123 0)
(-0.01013817323 -0.1645545898 0)
(-0.0007766285329 -0.05857397521 0)
(-0.0001311275405 0.02427529726 0)
(-0.001943054872 0.06771526832 0)
(-0.005249136737 0.1057676535 0)
(-0.009621346403 0.1383789832 0)
(-0.01458262678 0.1657330229 0)
(-0.01974780666 0.1881748964 0)
(-0.02479786405 0.2061507264 0)
(-0.02948640479 0.2201567167 0)
(-0.03363865647 0.2306992861 0)
(-0.03714290744 0.2382667408 0)
(-0.03993941905 0.2433109874 0)
(-0.04200920682 0.2462371588 0)
(-0.04336382796 0.2473990794 0)
(-0.04403672721 0.2470987928 0)
(-0.04407628749 0.2455887371 0)
(-0.04354049052 0.2430755033 0)
(-0.04249297587 0.239724412 0)
(-0.04100024774 0.2356643785 0)
(-0.03912978323 0.2309927182 0)
(-0.03694882253 0.2257796757 0)
(-0.03452365763 0.2200725566 0)
(-0.03191926905 0.2138994019 0)
(-0.02919920203 0.2072722027 0)
(-0.02642559164 0.2001896504 0)
(-0.02365927367 0.1926394699 0)
(-0.02095994463 0.1846003714 0)
(-0.01838633634 0.1760436395 0)
(-0.0159963652 0.1669344229 0)
(-0.0138472689 0.1572327548 0)
(-0.0119957092 0.1468943403 0)
(-0.01049783747 0.1358711374 0)
(-0.00940928935 0.1241117661 0)
(-0.008785133473 0.1115617589 0)
(-0.00867974542 0.09816368583 0)
(-0.009146591889 0.08385717677 0)
(-0.01023790139 0.06857886921 0)
(-0.01200419275 0.05226231651 0)
(-0.01449361005 0.03483790766 0)
(-0.01775085091 0.01623283624 0)
(-0.02181567887 -0.003628909862 0)
(-0.02672213136 -0.02482535003 0)
(-0.0324948389 -0.04743631622 0)
(-0.03914540353 -0.07154120909 0)
(-0.04666823015 -0.09721555009 0)
(-0.05503367128 -0.124525154 0)
(-0.06417919026 -0.1535167619 0)
(-0.07399778899 -0.184203316 0)
(-0.08432333521 -0.2165414187 0)
(-0.09491290825 -0.250398022 0)
(-0.1054270319 -0.2855032581 0)
(-0.1154102985 -0.3213868176 0)
(-0.1242773374 -0.3572978079 0)
(-0.1313122182 -0.3921131298 0)
(-0.1356926925 -0.424247985 0)
(-0.136552544 -0.4515937136 0)
(-0.1330930381 -0.4715199079 0)
(-0.12474498 -0.4809831446 0)
(-0.1113650748 -0.4767747433 0)
(-0.09342763333 -0.4559072144 0)
(-0.07215166571 -0.4160844121 0)
(-0.04949277631 -0.3561395744 0)
(-0.02800205566 -0.2762865256 0)
(-0.01083626542 -0.1780521848 0)
(-0.000855772193 -0.06387540849 0)
(-0.0001596102648 0.02532112523 0)
(-0.002281821128 0.07050662162 0)
(-0.006088638919 0.1098570494 0)
(-0.01103273516 0.1432835926 0)
(-0.01652181179 0.1710013462 0)
(-0.02209122669 0.1934227592 0)
(-0.0273709792 0.2110763164 0)
(-0.03208879978 0.2245412258 0)
(-0.03606400801 0.2343988774 0)
(-0.03919309774 0.2412004148 0)
(-0.04143342558 0.2454474472 0)
(-0.04278785906 0.2475824949 0)
(-0.04329155321 0.2479861723 0)
(-0.04300126916 0.2469787284 0)
(-0.04198717947 0.2448241821 0)
(-0.04032686115 0.2417358085 0)
(-0.03810108854 0.2378821464 0)
(-0.03539103586 0.2333929906 0)
(-0.03227653981 0.2283650523 0)
(-0.02883512984 0.2228671126 0)
(-0.02514159468 0.2169445937 0)
(-0.02126789733 0.2106235267 0)
(-0.01728332343 0.203913965 0)
(-0.01325475129 0.1968128437 0)
(-0.009246984724 0.1893063551 0)
(-0.005323103562 0.1813719169 0)
(-0.001544816406 0.1729797595 0)
(0.002027234706 0.1640942 0)
(0.005333163841 0.1546746046 0)
(0.008313700787 0.1446761773 0)
(0.01090995658 0.1340504635 0)
(0.01306330953 0.1227457021 0)
(0.01471533602 0.110707017 0)
(0.01580780908 0.09787646803 0)
(0.01628277023 0.0841929823 0)
(0.01608269312 0.06959218479 0)
(0.01515076245 0.054006149 0)
(0.01343130016 0.03736309971 0)
(0.01087048151 0.01958709677 0)
(0.007417721233 0.0005976674284 0)
(0.003025905574 -0.01969002812 0)
(-0.002345684082 -0.04136494887 0)
(-0.008728019854 -0.06451983945 0)
(-0.01613876875 -0.08924884342 0)
(-0.02457615538 -0.115643908 0)
(-0.03401076977 -0.1437879487 0)
(-0.04437425875 -0.1737434298 0)
(-0.05554421635 -0.2055334702 0)
(-0.06732495052 -0.2391118011 0)
(-0.07942409933 -0.2743177347 0)
(-0.09142666238 -0.310811333 0)
(-0.1027704787 -0.3479856188 0)
(-0.1127309067 -0.3848571287 0)
(-0.1204272853 -0.419944821 0)
(-0.1248682191 -0.4511613987 0)
(-0.1250538502 -0.4757588079 0)
(-0.1201462577 -0.4903841015 0)
(-0.1097003878 -0.4913010635 0)
(-0.09391812767 -0.4748033245 0)
(-0.07385344718 -0.4377792076 0)
(-0.05147053941 -0.3783006332 0)
(-0.0295287155 -0.2960348387 0)
(-0.01158359091 -0.1922795824 0)
(-0.0009448953197 -0.06955455727 0)
(-0.0001991843216 0.02656508585 0)
(-0.002736952138 0.07377293601 0)
(-0.007202367013 0.1145605803 0)
(-0.01288668933 0.1488102446 0)
(-0.01904743176 0.1767949517 0)
(-0.02512241991 0.1990274324 0)
(-0.0306840457 0.2161498324 0)
(-0.03543549521 0.2288499938 0)
(-0.03919628189 0.2378029999 0)
(-0.04187937674 0.2436350612 0)
(-0.04346789627 0.2469044021 0)
(-0.04399456873 0.2480938878 0)
(-0.0435249846 0.2476111712 0)
(-0.04214472368 0.2457932604 0)
(-0.03994995782 0.2429133687 0)
(-0.03704092407 0.2391886607 0)
(-0.03351763921 0.2347880357 0)
(-0.02947728809 0.2298394606 0)
(-0.02501281287 0.2244366 0)
(-0.02021232881 0.2186446469 0)
(-0.01515908941 0.2125053482 0)
(-0.009931763393 0.2060412529 0)
(-0.004604932451 0.199259279 0)
(0.0007503449271 0.1921536486 0)
(0.006065886372 0.1847082844 0)
(0.01127588822 0.1768987852 0)
(0.01631636989 0.1686939894 0)
(0.0211246886 0.1600571849 0)
(0.02563911213 0.1509470395 0)
(0.02979846451 0.1413183107 0)
(0.03354182766 0.1311223123 0)
(0.03680831126 0.1203072043 0)
(0.03953686604 0.1088181267 0)
(0.04166615678 0.09659718851 0)
(0.04313449735 0.08358332554 0)
(0.04387985841 0.06971203786 0)
(0.04383996494 0.05491501718 0)
(0.04295250371 0.03911967707 0)
(0.04115553431 0.02224860209 0)
(0.03838854436 0.004218888511 0)
(0.03459252517 -0.01505855197 0)
(0.02971186374 -0.03567890027 0)
(0.02369757129 -0.05774441609 0)
(0.01650992626 -0.08136343127 0)
(0.008123719017 -0.1066488116 0)
(-0.001464439604 -0.1337139047 0)
(-0.01222576096 -0.162664735 0)
(-0.02408431661 -0.1935852042 0)
(-0.0368973083 -0.2265120423 0)
(-0.05042945543 -0.2613946648 0)
(-0.06432180671 -0.2980327086 0)
(-0.07805753626 -0.3359850834 0)
(-0.09093138727 -0.3744474181 0)
(-0.1020352422 -0.4121020127 0)
(-0.1102794478 -0.4469598479 0)
(-0.1144753436 -0.4762374778 0)
(-0.1135020762 -0.4963369128 0)
(-0.1065643023 -0.5030100988 0)
(-0.09351221624 -0.4917709258 0)
(-0.07514420553 -0.4585468468 0)
(-0.05336261018 -0.4004437843 0)
(-0.03111425719 -0.316374087 0)
(-0.01239610052 -0.2072574849 0)
(-0.001046945036 -0.07564318421 0)
(-0.0002540989919 0.02807521226 0)
(-0.003344198786 0.07766518113 0)
(-0.008664855022 0.1200591837 0)
(-0.01528914994 0.1551267906 0)
(-0.02228024573 0.1832412006 0)
(-0.02895873348 0.205063134 0)
(-0.03483516293 0.2213908057 0)
(-0.03959370319 0.2330533115 0)
(-0.0430646632 0.2408416615 0)
(-0.04518971436 0.2454704029 0)
(-0.04598945668 0.247560807 0)
(-0.04553662122 0.2476377727 0)
(-0.04393540102 0.2461346799 0)
(-0.04130639914 0.2434022933 0)
(-0.03777624718 0.2397192418 0)
(-0.03347085682 0.2353026146 0)
(-0.02851136081 0.2303178794 0)
(-0.0230119625 0.2248877459 0)
(-0.0170790815 0.2190998524 0)
(-0.01081133456 0.2130132973 0)
(-0.004300042539 0.2066640791 0)
(0.002370017924 0.2000695801 0)
(0.009119619882 0.193232237 0)
(0.01587432425 0.1861425188 0)
(0.02256349371 0.1787813378 0)
(0.02911947976 0.1711219501 0)
(0.03547686253 0.1631314546 0)
(0.04157181059 0.1547719329 0)
(0.04734151352 0.1460012968 0)
(0.05272368906 0.1367739218 0)
(0.05765617196 0.1270410691 0)
(0.06207656716 0.1167511174 0)
(0.06592195469 0.10584964 0)
(0.06912864789 0.09427933842 0)
(0.07163200333 0.08197984016 0)
(0.07336628682 0.06888736599 0)
(0.07426460593 0.05493426452 0)
(0.07425892134 0.04004841272 0)
(0.07328019687 0.02415248014 0)
(0.07125906262 0.007163019758 0)
(0.06812588331 -0.01101073655 0)
(0.06381157814 -0.03046725575 0)
(0.05825048506 -0.05131463164 0)
(0.05138239149 -0.07367093155 0)
(0.04315651273 -0.09766446903 0)
(0.03353787043 -0.1234325609 0)
(0.02251651917 -0.1511171627 0)
(0.01012123678 -0.1808550452 0)
(-0.003561686391 -0.2127591715 0)
(-0.01836177762 -0.2468852037 0)
(-0.03398972835 -0.2831745346 0)
(-0.0499952716 -0.3213664283 0)
(-0.0657222738 -0.3608689809 0)
(-0.08027184437 -0.4005860156 0)
(-0.09249364112 -0.4387113644 0)
(-0.1010370974 -0.4725287363 0)
(-0.1044986216 -0.4982923166 0)
(-0.101691233 -0.5112955754 0)
(-0.09202721402 -0.5062391855 0)
(-0.07593623571 -0.4779441885 0)
(-0.05515819462 -0.4223097154 0)
(-0.03278480801 -0.3372230309 0)
(-0.01329794287 -0.2230159738 0)
(-0.0011663674 -0.08218403377 0)
(-0.0003306339977 0.02994145301 0)
(-0.004152151133 0.08237500436 0)
(-0.01057207056 0.1265720909 0)
(-0.0183687307 0.16242357 0)
(-0.02635601852 0.1904692144 0)
(-0.03371777054 0.2115862784 0)
(-0.0399036991 0.2267857663 0)
(-0.04459136756 0.2370786058 0)
(-0.0476390135 0.243397103 0)
(-0.04903447218 0.2465574589 0)
(-0.04885127022 0.2472488078 0)
(-0.04721462716 0.2460374752 0)
(-0.04427676179 0.2433788769 0)
(-0.04019997863 0.2396323809 0)
(-0.03514578573 0.2350764572 0)
(-0.02926842794 0.2299227397 0)
(-0.02271150671 0.2243284008 0)
(-0.01560666379 0.2184066865 0)
(-0.008073570259 0.2122356908 0)
(-0.0002207141018 0.2058655333 0)
(0.007853359729 0.1993241412 0)
(0.01605875481 0.1926218823 0)
(0.02431286912 0.1857553071 0)
(0.03253899747 0.1787101129 0)
(0.04066510685 0.1714634551 0)
(0.04862274594 0.1639857237 0)
(0.05634608107 0.1562419376 0)
(0.06377107144 0.1481927904 0)
(0.07083475376 0.1397954098 0)
(0.07747462583 0.1310038987 0)
(0.083628122 0.1217696812 0)
(0.08923216044 0.112041675 0)
(0.09422274848 0.1017663144 0)
(0.09853463818 0.09088743464 0)
(0.1021010256 0.07934602292 0)
(0.1048532924 0.06707983329 0)
(0.1067207935 0.05402285659 0)
(0.1076306961 0.04010463027 0)
(0.1075079042 0.02524936833 0)
(0.1062753511 0.009374859568 0)
(0.1038540555 -0.007609046437 0)
(0.1001630227 -0.02580141856 0)
(0.09512161932 -0.04531268745 0)
(0.08865105422 -0.06626620983 0)
(0.08067708876 -0.08880018678 0)
(0.07113516406 -0.1130688396 0)
(0.05997810129 -0.13924171 0)
(0.04718794211 -0.1674990114 0)
(0.03279356032 -0.1980197884 0)
(0.016896397 -0.230956534 0)
(-0.0002942999264 -0.2663883282 0)
(-0.01841408021 -0.3042410159 0)
(-0.03688580763 -0.3441585566 0)
(-0.05486072512 -0.3853176467 0)
(-0.07117572442 -0.4261817192 0)
(-0.08436198199 -0.4642214343 0)
(-0.09275332305 -0.4956759959 0)
(-0.09474445547 -0.5154825536 0)
(-0.08922185485 -0.5175396209 0)
(-0.0761088004 -0.4954308798 0)
(-0.05684140231 -0.4435733055 0)
(-0.03457823359 -0.3584805404 0)
(-0.0143253064 -0.2395992057 0)
(-0.00131000883 -0.08923646882 0)
(-0.0004383346965 0.03228421684 0)
(-0.005227956029 0.08814610089 0)
(-0.0130479334 0.1343615981 0)
(-0.0222790326 0.1709079277 0)
(-0.03141948455 0.1985950625 0)
(-0.03950097966 0.2186144186 0)
(-0.04592338236 0.2322643409 0)
(-0.05038087266 0.2407864641 0)
(-0.05278591586 0.2452816041 0)
(-0.05319664974 0.2466791497 0)
(-0.05175923224 0.245737535 0)
(-0.0486661712 0.243060175 0)
(-0.04412804482 0.2391174012 0)
(-0.03835552633 0.234269179 0)
(-0.03154885819 0.2287860234 0)
(-0.02389243571 0.2228670867 0)
(-0.01555273089 0.2166552178 0)
(-0.006678286333 0.2102492096 0)
(0.002599079283 0.2037135897 0)
(0.01216232568 0.197086315 0)
(0.02190738601 0.1903846986 0)
(0.0317409794 0.1836102216 0)
(0.04157864487 0.1767521784 0)
(0.05134294413 0.1697904775 0)
(0.06096189259 0.1626977916 0)
(0.07036759132 0.1554411834 0)
(0.07949504985 0.1479833372 0)
(0.08828118503 0.1402834627 0)
(0.09666396586 0.132297938 0)
(0.1045816824 0.1239807445 0)
(0.1119723197 0.1152837253 0)
(0.1187730137 0.1061566889 0)
(0.1249195703 0.09654737738 0)
(0.1303460342 0.08640130618 0)
(0.134984295 0.07566147714 0)
(0.138763725 0.06426795719 0)
(0.1416108445 0.05215730747 0)
(0.1434490164 0.03926183722 0)
(0.14419818 0.0255086484 0)
(0.1437748224 0.01081840702 0)
(0.142091983 -0.004896354205 0)
(0.1390584466 -0.02173275503 0)
(0.1345805211 -0.03980031241 0)
(0.1285630237 -0.0592234961 0)
(0.1209107631 -0.08014502047 0)
(0.1115323108 -0.1027291653 0)
(0.1003459435 -0.1271643596 0)
(0.08728926887 -0.153663445 0)
(0.0723344368 -0.1824586906 0)
(0.0555115294 -0.2137861412 0)
(0.03694316317 -0.2478509187 0)
(0.01689376742 -0.2847601981 0)
(-0.004166660047 -0.3244066906 0)
(-0.02548208632 -0.366280015 0)
(-0.04593425235 -0.4091938525 0)
(-0.06399780047 -0.4509358239 0)
(-0.07778996445 -0.4878980967 0)
(-0.08528525321 -0.5148231551 0)
(-0.0847645536 -0.5248850346 0)
(-0.07548385139 -0.5103379191 0)
(-0.05838071341 -0.4638160059 0)
(-0.03654591742 -0.3800143579 0)
(-0.01553212973 -0.2570708307 0)
(-0.00148864819 -0.09688496351 0)
(-0.0005921689868 0.03526718457 0)
(-0.006666085156 0.09528861306 0)
(-0.01625232365 0.1437351913 0)
(-0.02719775466 0.1807903917 0)
(-0.03760891318 0.2076951693 0)
(-0.0463618364 0.2260924931 0)
(-0.05283514253 0.2376636015 0)
(-0.05677916631 0.2439368694 0)
(-0.05819924348 0.246207807 0)
(-0.05725597196 0.2455256576 0)
(-0.05419224981 0.2427136167 0)
(-0.04928445986 0.2384022089 0)
(-0.04281195573 0.2330648603 0)
(-0.03503953198 0.2270505101 0)
(-0.02620860867 0.2206112985 0)
(-0.01653395376 0.2139250654 0)
(-0.006203720322 0.2071131341 0)
(0.004618658299 0.2002541605 0)
(0.01579143437 0.1933947083 0)
(0.02719186848 0.1865570551 0)
(0.03871286943 0.1797454429 0)
(0.05026015732 0.1729506585 0)
(0.06174967367 0.1661534323 0)
(0.07310533257 0.1593269901 0)
(0.08425709649 0.1524389488 0)
(0.09513934144 0.1454527118 0)
(0.1056894783 0.1383284872 0)
(0.1158467951 0.131024012 0)
(0.1255514816 0.1234950446 0)
(0.1347438019 0.1156956753 0)
(0.1433633868 0.107578485 0)
(0.1513486181 0.099094573 0)
(0.1586360814 0.09019346735 0)
(0.1651600675 0.08082292236 0)
(0.1708521083 0.07092860118 0)
(0.1756405334 0.06045363165 0)
(0.1794500407 0.04933801473 0)
(0.1822012743 0.03751785272 0)
(0.1838104073 0.02492435219 0)
(0.184188851 0.01148252957 0)
(0.1832431606 -0.002890568288 0)
(0.1808737518 -0.01828780901 0)
(0.1769759899 -0.03481485505 0)
(0.1714407574 -0.05259346081 0)
(0.164154796 -0.07176580638 0)
(0.1550031011 -0.09249955195 0)
(0.143872988 -0.1149932139 0)
(0.1306611979 -0.1394808437 0)
(0.1152859757 -0.1662337485 0)
(0.09770690166 -0.1955547535 0)
(0.07795631004 -0.2277570766 0)
(0.05618709194 -0.2631145481 0)
(0.03274108135 -0.3017634834 0)
(0.008240644576 -0.3435285286 0)
(-0.01630550907 -0.3876447816 0)
(-0.0393952108 -0.4323451457 0)
(-0.05900677586 -0.4743706207 0)
(-0.07273025009 -0.5084973943 0)
(-0.07818541122 -0.5273456902 0)
(-0.07378501062 -0.5218241347 0)
(-0.05970732071 -0.4824822008 0)
(-0.03875208055 -0.4016393433 0)
(-0.01699853751 -0.2755192509 0)
(-0.00171966801 -0.1052520971 0)
(-0.0008163927454 0.03911702571 0)
(-0.008601873132 0.1041966685 0)
(-0.02038976197 0.1550407543 0)
(-0.03331752786 0.1922554425 0)
(-0.04502204032 0.2177603681 0)
(-0.05424638949 0.2338399175 0)
(-0.06040591993 0.2426760284 0)
(-0.06337021774 0.2461429075 0)
(-0.06329181177 0.2457504632 0)
(-0.06047463052 0.2426647327 0)
(-0.05528602772 0.2377595301 0)
(-0.04810316261 0.2316744667 0)
(-0.0392830083 0.2248681155 0)
(-0.02914774561 0.2176624228 0)
(-0.0179796259 0.2102778411 0)
(-0.00602127121 0.202860251 0)
(0.006521203891 0.1955012578 0)
(0.01947337159 0.1882532062 0)
(0.03268832618 0.1811398506 0)
(0.04604155219 0.1741645813 0)
(0.05942676592 0.1673162567 0)
(0.07275216129 0.1605733616 0)
(0.08593720666 0.1539070087 0)
(0.09890994649 0.1472830951 0)
(0.1116047502 0.1406638395 0)
(0.1239604447 0.1340088645 0)
(0.1359187696 0.1272759479 0)
(0.1474230999 0.1204215247 0)
(0.1584173834 0.1134010009 0)
(0.1688452482 0.1061689193 0)
(0.1786492437 0.09867900758 0)
(0.1877701814 0.0908841217 0)
(0.1961465476 0.08273609678 0)
(0.2037139652 0.07418550431 0)
(0.2104046842 0.06518131038 0)
(0.2161470866 0.05567041971 0)
(0.2208651909 0.04559708083 0)
(0.2244781471 0.03490211442 0)
(0.2268997057 0.02352191269 0)
(0.2280377318 0.01138713304 0)
(0.2277939663 -0.001579081009 0)
(0.2260624915 -0.01546332694 0)
(0.2227300784 -0.03036482851 0)
(0.2176764055 -0.04639922499 0)
(0.2107733947 -0.06370359519 0)
(0.2018862724 -0.08244276359 0)
(0.1908757498 -0.1028168411 0)
(0.1776024567 -0.1250695531 0)
(0.1619354074 -0.1494959257 0)
(0.1437672247 -0.1764460031 0)
(0.1230402874 -0.2063179471 0)
(0.09978970993 -0.2395282727 0)
(0.07421036328 -0.2764387142 0)
(0.04675508675 -0.3172081416 0)
(0.01826516706 -0.3615290516 0)
(-0.00988225605 -0.4082058142 0)
(-0.03563704946 -0.4545369566 0)
(-0.05629395511 -0.4956249851 0)
(-0.06880500502 -0.5238265039 0)
(-0.07056932803 -0.5288182188 0)
(-0.06067233793 -0.4988109866 0)
(-0.04126602668 -0.4230763 0)
(-0.01884291419 -0.2950600979 0)
(-0.002031832239 -0.1145186942 0)
(-0.00115158488 0.04415442302 0)
(-0.01123215943 0.1153677655 0)
(-0.02571533446 0.1686459625 0)
(-0.04081709999 0.2054043757 0)
(-0.0536453532 0.2286186824 0)
(-0.06288429148 0.2414695208 0)
(-0.06809044125 0.2467756711 0)
(-0.0693477981 0.2468098012 0)
(-0.06702846085 0.2433000315 0)
(-0.06162813971 0.2375091962 0)
(-0.05366723778 0.2303332294 0)
(-0.04363773837 0.2223920004 0)
(-0.03197848981 0.2141037904 0)
(-0.01906722993 0.20574278 0)
(-0.005221792348 0.1974815513 0)
(0.009294281608 0.1894219258 0)
(0.0242640322 0.1816169349 0)
(0.03951007595 0.1740859931 0)
(0.05488684153 0.1668258667 0)
(0.07027427593 0.1598181923 0)
(0.08557237717 0.1530345693 0)
(0.1006966116 0.1464400559 0)
(0.1155741418 0.1399955484 0)
(0.1301407441 0.1336593854 0)
(0.1443383052 0.127388412 0)
(0.158112793 0.1211386692 0)
(0.1714126124 0.1148658225 0)
(0.1841872684 0.1085254052 0)
(0.1963862692 0.1020729256 0)
(0.2079582167 0.09546387458 0)
(0.2188500384 0.08865365177 0)
(0.2290063232 0.08159742126 0)
(0.2383687298 0.07424990139 0)
(0.2468754415 0.06656508441 0)
(0.2544606457 0.05849587641 0)
(0.2610540181 0.04999363959 0)
(0.266580196 0.04100760916 0)
(0.2709582245 0.0314841444 0)
(0.2741009543 0.02136575744 0)
(0.2759144245 0.0105898414 0)
(0.2762974508 -0.000913043642 0)
(0.2751400275 -0.01322151688 0)
(0.2723229493 -0.02642617143 0)
(0.2677177196 -0.04063361763 0)
(0.261185048 -0.05597184743 0)
(0.2525746743 -0.07259728313 0)
(0.2417257464 -0.09070377103 0)
(0.2284685861 -0.1105335977 0)
(0.2126293159 -0.1323899654 0)
(0.1940397612 -0.1566489386 0)
(0.1725566696 -0.1837660476 0)
(0.1480966405 -0.2142674705 0)
(0.1206959745 -0.2487068308 0)
(0.09060714357 -0.2875549772 0)
(0.05844244914 -0.3309730608 0)
(0.02536475449 -0.3784036909 0)
(-0.006702610448 -0.427919635 0)
(-0.03491424942 -0.4752972866 0)
(-0.05563134046 -0.5130539909 0)
(-0.06511567381 -0.5299465128 0)
(-0.06096436759 -0.5117313791 0)
(-0.04413634558 -0.4438749064 0)
(-0.02123764936 -0.3158283944 0)
(-0.00247373391 -0.1249544145 0)
(-0.00166742697 0.05084366819 0)
(-0.01484513767 0.129418681 0)
(-0.03252709763 0.1848835393 0)
(-0.04978749006 0.2201483531 0)
(-0.06321138103 0.2398086612 0)
(-0.07159109595 0.248266857 0)
(-0.07479788697 0.2491177572 0)
(-0.07326493892 0.2450599115 0)
(-0.06767309733 0.2380125318 0)
(-0.0587606151 0.2292883709 0)
(-0.04722402819 0.219756991 0)
(-0.03367528502 0.2099762386 0)
(-0.0186296354 0.2002903613 0)
(-0.002509415523 0.1909003544 0)
(0.01434508442 0.1819125924 0)
(0.03166277376 0.1733718697 0)
(0.04922949977 0.1652837209 0)
(0.06687603952 0.1576292587 0)
(0.08446840453 0.1503748887 0)
(0.1018997539 0.1434785272 0)
(0.1190838201 0.1368935614 0)
(0.1359496421 0.1305713379 0)
(0.1524373783 0.1244626802 0)
(0.1684949943 0.1185187774 0)
(0.1840756473 0.1126916674 0)
(0.1991356199 0.1069344623 0)
(0.2136326828 0.1012014083 0)
(0.2275247896 0.09544784103 0)
(0.2407690246 0.08963007165 0)
(0.2533207419 0.08370522577 0)
(0.2651328461 0.07763104517 0)
(0.2761551737 0.07136565573 0)
(0.2863339422 0.06486729878 0)
(0.2956112394 0.05809401799 0)
(0.3039245295 0.05100328818 0)
(0.3112061556 0.04355156559 0)
(0.3173828186 0.03569373062 0)
(0.3223750136 0.02738238128 0)
(0.3260963983 0.0185669204 0)
(0.3284531082 0.0091923586 0)
(0.3293431687 -0.0008022854779 0)
(0.3286549523 -0.01148628352 0)
(0.3262661968 -0.02293983386 0)
(0.3220435856 -0.03525813667 0)
(0.3158406029 -0.04855676836 0)
(0.3074962555 -0.06297897036 0)
(0.2968338049 -0.07870535579 0)
(0.283660008 -0.09596654193 0)
(0.2677659276 -0.1150589359 0)
(0.2489311939 -0.1363630309 0)
(0.2269352006 -0.160361516 0)
(0.2015813487 -0.1876501714 0)
(0.1727443183 -0.2189262222 0)
(0.1404553 -0.2549242804 0)
(0.1050442185 -0.2962475253 0)
(0.06735592869 -0.3430125203 0)
(0.02903785314 -0.394202405 0)
(-0.007160365784 -0.4466432881 0)
(-0.03721593598 -0.4935897714 0)
(-0.05624610444 -0.5234539365 0)
(-0.05995371489 -0.5197067205 0)
(-0.04732162777 -0.4632725955 0)
(-0.02442467033 -0.3379440284 0)
(-0.003127990748 -0.1369629745 0)
(-0.002485835506 0.05987328184 0)
(-0.01985743679 0.1470823768 0)
(-0.04111452071 0.2039252865 0)
(-0.06005649526 0.2360141455 0)
(-0.0729143856 0.2503773514 0)
(-0.07891190462 0.253018121 0)
(-0.07850176132 0.2484119042 0)
(-0.07264102768 0.2396521414 0)
(-0.06241468121 0.228768975 0)
(-0.04884293188 0.2170390721 0)
(-0.03280321937 0.2052317242 0)
(-0.01501312383 0.193785562 0)
(0.003958939086 0.1829293419 0)
(0.02367134437 0.1727623441 0)
(0.0437870379 0.1633055421 0)
(0.064050877 0.1545349645 0)
(0.08427086788 0.1464020273 0)
(0.1043028557 0.1388460062 0)
(0.1240384465 0.1318014196 0)
(0.1433955486 0.125202261 0)
(0.1623110682 0.1189842975 0)
(0.1807353053 0.1130861936 0)
(0.1986276715 0.1074499428 0)
(0.2159534208 0.102020901 0)
(0.2326811526 0.09674760664 0)
(0.2487808988 0.09158149387 0)
(0.2642226494 0.0864765616 0)
(0.2789752065 0.08138903195 0)
(0.2930052815 0.07627701412 0)
(0.3062767701 0.07110017928 0)
(0.3187501536 0.06581944475 0)
(0.3303819872 0.06039666168 0)
(0.341124444 0.05479429673 0)
(0.3509248853 0.04897509486 0)
(0.3597254379 0.04290170661 0)
(0.367462555 0.0365362575 0)
(0.3740665415 0.02983983007 0)
(0.3794610223 0.02277181795 0)
(0.3835623233 0.01528909687 0)
(0.3862787759 0.007344938297 0)
(0.3875099895 -0.001112435963 0)
(0.3871453954 -0.01014195781 0)
(0.3850628955 -0.01981213801 0)
(0.3811280515 -0.03020496605 0)
(0.3751915051 -0.04142099863 0)
(0.3670867659 -0.05358642153 0)
(0.3566275123 -0.06686275165 0)
(0.3436045723 -0.08145998774 0)
(0.3277831696 -0.09765406647 0)
(0.3089016329 -0.1158091672 0)
(0.2866741364 -0.1364042647 0)
(0.260802553 -0.1600603655 0)
(0.2310067793 -0.1875582648 0)
(0.1970895499 -0.2198233899 0)
(0.1590605171 -0.2578301931 0)
(0.1173521269 -0.3023396517 0)
(0.07315641323 -0.3533323509 0)
(0.02887212418 -0.4089611826 0)
(-0.0114628157 -0.4638995496 0)
(-0.04204946781 -0.5071420731 0)
(-0.05640559645 -0.5205195184 0)
(-0.05052254143 -0.4799480717 0)
(-0.02871482911 -0.3614245763 0)
(-0.004137133909 -0.1511580801 0)
(-0.003823044878 0.07228484171 0)
(-0.02683868084 0.1691428726 0)
(-0.05158080563 0.2255114956 0)
(-0.07078537696 0.251802225 0)
(-0.08084803894 0.2585720361 0)
(-0.08198437664 0.2537834171 0)
(-0.0755980023 0.242785123 0)
(-0.06336220778 0.2289230277 0)
(-0.04683666831 0.2141763698 0)
(-0.02732259464 0.1996488298 0)
(-0.005842190152 0.1859072866 0)
(0.01683154206 0.1732010474 0)
(0.04012786307 0.1615977661 0)
(0.06363568828 0.1510671295 0)
(0.08706218128 0.1415299193 0)
(0.1102020385 0.1328861593 0)
(0.1329132435 0.125030617 0)
(0.1550988856 0.1178609832 0)
(0.1766936599 0.1112817317 0)
(0.1976539326 0.1052055576 0)
(0.2179504779 0.09955350901 0)
(0.2375631867 0.09425446109 0)
(0.2564772142 0.08924430498 0)
(0.2746801754 0.08446505458 0)
(0.2921600975 0.0798639775 0)
(0.3089039196 0.07539279906 0)
(0.3248963847 0.07100699673 0)
(0.3401192131 0.0666651847 0)
(0.3545504751 0.06232858009 0)
(0.3681641018 0.05796053747 0)
(0.3809294893 0.0535261372 0)
(0.3928111613 0.0489918119 0)
(0.403768463 0.04432499505 0)
(0.4137552632 0.03949377443 0)
(0.4227196459 0.03446653115 0)
(0.4306035707 0.02921154119 0)
(0.4373424852 0.02369651071 0)
(0.4428648639 0.01788800735 0)
(0.4470916452 0.0117507375 0)
(0.4499355756 0.005246601837 0)
(0.4513004063 -0.0016665565 0)
(0.4510794994 -0.009036762321 0)
(0.4491544016 -0.01692007169 0)
(0.4453935775 -0.02538410175 0)
(0.439649597 -0.03451258335 0)
(0.4317561896 -0.04441179024 0)
(0.4215243841 -0.05521958509 0)
(0.4087376025 -0.06711804636 0)
(0.3931458053 -0.08035094192 0)
(0.3744591391 -0.09524747987 0)
(0.3523425038 -0.1122535088 0)
(0.3264144849 -0.1319699257 0)
(0.2962580449 -0.1551939051 0)
(0.2614575128 -0.1829485748 0)
(0.2216881293 -0.2164654089 0)
(0.1769008442 -0.257042429 0)
(0.1276609569 -0.3056315172 0)
(0.07569333559 -0.3619126039 0)
(0.0246051329 -0.4225406584 0)
(-0.01947717605 -0.478381416 0)
(-0.0479737527 -0.5110097876 0)
(-0.05280258703 -0.4915989907 0)
(-0.03441942585 -0.3859602489 0)
(-0.005758836311 -0.1684837681 0)
(-0.006047721723 0.08963093169 0)
(-0.03643144025 0.1961793278 0)
(-0.06331745791 0.2483898276 0)
(-0.07955733362 0.2650097811 0)
(-0.08290374058 0.2614072904 0)
(-0.07542008036 0.2476473155 0)
(-0.05988205968 0.2296945567 0)
(-0.03881188121 0.2108206297 0)
(-0.01422009618 0.1926809139 0)
(0.01240539713 0.1760136336 0)
(0.04000703483 0.1610598793 0)
(0.06786596663 0.1478058386 0)
(0.09550370428 0.1361200575 0)
(0.122613137 0.1258257323 0)
(0.1490044543 0.1167384232 0)
(0.1745671981 0.1086838926 0)
(0.1992432757 0.101505476 0)
(0.223008246 0.0950659416 0)
(0.2458584711 0.08924665808 0)
(0.2678023578 0.08394561503 0)
(0.2888544221 0.0790750979 0)
(0.3090312882 0.07455941374 0)
(0.3283490032 0.07033284242 0)
(0.3468212453 0.06633787172 0)
(0.3644581332 0.06252371583 0)
(0.3812654402 0.0588450909 0)
(0.3972440786 0.05526121108 0)
(0.4123897604 0.05173496741 0)
(0.426692772 0.04823225456 0)
(0.4401378182 0.04472141406 0)
(0.4527039039 0.04117276694 0)
(0.464364231 0.03755821166 0)
(0.475086091 0.03385086603 0)
(0.48483074 0.03002473267 0)
(0.4935532404 0.02605436743 0)
(0.5012022561 0.02191452827 0)
(0.5077197831 0.01757977811 0)
(0.5130407949 0.01302400851 0)
(0.5170927717 0.008219841331 0)
(0.519795127 0.003137851797 0)
(0.5210584049 -0.002254449652 0)
(0.5207829251 -0.007994092126 0)
(0.5188575349 -0.01412449637 0)
(0.5151578914 -0.02069845306 0)
(0.5095435987 -0.02778194672 0)
(0.5018547642 -0.03545963038 0)
(0.491907308 -0.04384266958 0)
(0.4794866477 -0.05307993572 0)
(0.4643394138 -0.06337397788 0)
(0.4461629181 -0.07500370141 0)
(0.4245925694 -0.08835613308 0)
(0.3991886933 -0.1039696653 0)
(0.3694271445 -0.1225896916 0)
(0.334704303 -0.1452320999 0)
(0.2943791195 -0.1732353329 0)
(0.2478962497 -0.2082471534 0)
(0.1950669115 -0.2520199707 0)
(0.1366189583 -0.3057561832 0)
(0.07511993313 -0.3685496478 0)
(0.01620601962 -0.4343156877 0)
(-0.03034194874 -0.486829775 0)
(-0.05174451069 -0.4942147437 0)
(-0.04152925074 -0.4102354415 0)
(-0.008414159155 -0.190157433 0)
(-0.009622422581 0.1140553837 0)
(-0.04878966356 0.2277874455 0)
(-0.07352494653 0.2691552914 0)
(-0.08034103349 0.2708909897 0)
(-0.07065537834 0.2541389895 0)
(-0.04941504573 0.2305699196 0)
(-0.02102290782 0.2060466932 0)
(0.01126429206 0.1831812589 0)
(0.04522726073 0.1629182981 0)
(0.07945725124 0.145404152 0)
(0.113097395 0.1304409399 0)
(0.1456607913 0.1177052565 0)
(0.1768961463 0.1068543471 0)
(0.2066988234 0.09757116083 0)
(0.2350515542 0.08958059191 0)
(0.2619866984 0.08265153816 0)
(0.287562479 0.07659306819 0)
(0.3118483299 0.07124858108 0)
(0.3349160641 0.06648978127 0)
(0.3568346981 0.0622112407 0)
(0.3776675407 0.058325795 0)
(0.3974706641 0.05476078078 0)
(0.4162922034 0.05145502259 0)
(0.4341721378 0.04835644905 0)
(0.4511423431 0.04542021891 0)
(0.4672267836 0.04260725182 0)
(0.4824417675 0.03988307618 0)
(0.4967962191 0.03721692289 0)
(0.5102919401 0.03458100829 0)
(0.5229238459 0.03194996134 0)
(0.5346801662 0.02930035915 0)
(0.5455426056 0.02661034203 0)
(0.5554864586 0.02385928362 0)
(0.5644806757 0.02102749535 0)
(0.5724878718 0.01809594493 0)
(0.5794642721 0.01504596896 0)
(0.585359579 0.01185895673 0)
(0.5901167448 0.008515978523 0)
(0.5936716175 0.0049973245 0)
(0.595952484 0.001281911561 0)
(0.5968793203 -0.002653472522 0)
(0.5963625545 -0.006835304828 0)
(0.5943020566 -0.01129482958 0)
(0.5905851323 -0.01607033317 0)
(0.5850837601 -0.02121011624 0)
(0.5776509273 -0.0267767949 0)
(0.5681155071 -0.03285354052 0)
(0.5562751301 -0.03955313447 0)
(0.5418863466 -0.04703119484 0)
(0.5246511943 -0.05550558305 0)
(0.5041992413 -0.06528487527 0)
(0.4800645422 -0.07680981931 0)
(0.4516583909 -0.09071247358 0)
(0.4182427361 -0.107896888 0)
(0.3789186293 -0.1296390405 0)
(0.3326645883 -0.1576831583 0)
(0.278499963 -0.1942560457 0)
(0.2159160899 -0.2417902873 0)
(0.1458001486 -0.3018788557 0)
(0.07209707952 -0.3725369676 0)
(0.004167215801 -0.4424080845 0)
(-0.04158738455 -0.4810369893 0)
(-0.04853673828 -0.4305890528 0)
(-0.0124383376 -0.2171462303 0)
(-0.01461145963 0.1488286134 0)
(-0.0613295177 0.2608413064 0)
(-0.07321738429 0.2800041075 0)
(-0.05903913346 0.261103897 0)
(-0.02747288943 0.2299006521 0)
(0.01318467475 0.1976886544 0)
(0.05738996953 0.1688500235 0)
(0.1018633134 0.1445003859 0)
(0.1448383105 0.1244648133 0)
(0.185481504 0.1081438119 0)
(0.2234874106 0.09486587982 0)
(0.2588387669 0.08401925545 0)
(0.2916637673 0.07509346431 0)
(0.3221540613 0.06767987347 0)
(0.3505194726 0.06145794027 0)
(0.3769646129 0.05617837311 0)
(0.4016777731 0.05164759441 0)
(0.4248265427 0.04771480572 0)
(0.4465569829 0.04426175998 0)
(0.4669945419 0.04119489901 0)
(0.4862457132 0.03843939879 0)
(0.5043999106 0.03593469238 0)
(0.5215312951 0.03363111298 0)
(0.5377004362 0.03148737598 0)
(0.5529557643 0.02946868566 0)
(0.5673348141 0.027545306 0)
(0.5808652726 0.02569147602 0)
(0.5935658561 0.02388458131 0)
(0.6054470378 0.02210451589 0)
(0.6165116485 0.02033318547 0)
(0.626755368 0.01855411498 0)
(0.6361671222 0.01675213188 0)
(0.6447293951 0.0149131027 0)
(0.6524184637 0.01302370403 0)
(0.6592045572 0.01107121121 0)
(0.6650519393 0.009043288687 0)
(0.6699189055 0.0069277647 0)
(0.6737576804 0.004712370916 0)
(0.6765141895 0.002384423585 0)
(0.6781277494 -6.957078207e-05 0)
(0.6785303046 -0.0026644247 0)
(0.6776456825 -0.005417101831 0)
(0.6753884765 -0.00834777808 0)
(0.6716621578 -0.01148137609 0)
(0.6663565331 -0.01484964061 0)
(0.6593441764 -0.01849416077 0)
(0.6504753498 -0.02247078487 0)
(0.6395707753 -0.02685610855 0)
(0.6264113405 -0.03175712625 0)
(0.6107234464 -0.03732575739 0)
(0.5921582274 -0.04378092846 0)
(0.5702624018 -0.05144236813 0)
(0.544438341 -0.06078236882 0)
(0.5138919946 -0.07250430822 0)
(0.4775718588 -0.08765839979 0)
(0.4341156326 -0.1078011067 0)
(0.381855181 -0.1351801344 0)
(0.3190061356 -0.1728421633 0)
(0.2443162999 -0.224320467 0)
(0.1586970487 -0.2919711738 0)
(0.06853744162 -0.3718480978 0)
(-0.009759209723 -0.4417164014 0)
(-0.0493183041 -0.4399751759 0)
(-0.0177546231 -0.2519485805 0)
(-0.01998058773 0.2003121788 0)
(-0.0615288514 0.2857030596 0)
(-0.03711489103 0.2654719403 0)
(0.01559184067 0.2230991225 0)
(0.07777212264 0.1808565529 0)
(0.1404229693 0.145162011 0)
(0.1993221204 0.1170950618 0)
(0.2528233558 0.09560190983 0)
(0.3007009395 0.07923126361 0)
(0.3433575564 0.06671366171 0)
(0.3814010578 0.0570531185 0)
(0.415463981 0.04950184695 0)
(0.4461283337 0.04351259558 0)
(0.4738983688 0.03868888332 0)
(0.4991975105 0.03474341758 0)
(0.5223757434 0.03146686908 0)
(0.5437201238 0.02870534994 0)
(0.5634653024 0.02634442535 0)
(0.5818028888 0.02429786199 0)
(0.5988893077 0.02249973088 0)
(0.6148521816 0.02089885023 0)
(0.629795428 0.0194548533 0)
(0.6438032956 0.01813538635 0)
(0.6569435486 0.01691409558 0)
(0.6692699794 0.01576916829 0)
(0.6808243937 0.01468226595 0)
(0.6916381875 0.01363773681 0)
(0.7017336023 0.01262202894 0)
(0.7111247309 0.01162324824 0)
(0.7198183266 0.01063082143 0)
(0.7278144543 0.009635235181 0)
(0.7351070162 0.008627829902 0)
(0.7416841716 0.007600631771 0)
(0.7475286661 0.006546209913 0)
(0.7526180803 0.005457547482 0)
(0.7569249991 0.004327916161 0)
(0.7604170993 0.003150743459 0)
(0.7630571447 0.001919461403 0)
(0.7648028754 0.0006273240275 0)
(0.7656068031 -0.0007327879515 0)
(0.7654155849 -0.002168738455 0)
(0.7641696818 -0.003689573932 0)
(0.7618021658 -0.005306158535 0)
(0.7582372267 -0.007032039045 0)
(0.753388009 -0.008884661335 0)
(0.7471534948 -0.01088714018 0)
(0.7394140136 -0.01307085274 0)
(0.7300247476 -0.01547928594 0)
(0.7188062953 -0.01817384036 0)
(0.7055308782 -0.0212427436 0)
(0.6899020546 -0.0248149927 0)
(0.6715247497 -0.02908255789 0)
(0.6498609551 -0.03433632137 0)
(0.6241647185 -0.0410249762 0)
(0.593388866 -0.04985207329 0)
(0.5560581528 -0.06193463448 0)
(0.5101176254 -0.07905339943 0)
(0.4528124987 -0.1040105609 0)
(0.3807940094 -0.1410032207 0)
(0.2910184963 -0.1954860816 0)
(0.1836227895 -0.2716639918 0)
(0.06793573355 -0.3627572962 0)
(-0.02697632584 -0.4234209128 0)
(-0.02430512173 -0.3009328119 0)
(-0.008719115085 0.2514916805 0)
(0.0004694134591 0.2721141284 0)
(0.1010679104 0.2051501693 0)
(0.2069564344 0.149067571 0)
(0.2971747624 0.1073372833 0)
(0.372148565 0.07777356295 0)
(0.4340562653 0.057621424 0)
(0.485069442 0.04393422655 0)
(0.527424781 0.03449183414 0)
(0.5630412189 0.02784372559 0)
(0.5934046905 0.02305444484 0)
(0.6196423622 0.01951678198 0)
(0.6426068591 0.01683640149 0)
(0.6629418236 0.01475525028 0)
(0.6811346674 0.01310178369 0)
(0.6975573259 0.01175981184 0)
(0.7124961966 0.01064904501 0)
(0.7261738248 0.009712810725 0)
(0.7387646277 0.008910224537 0)
(0.7504063132 0.008211142599 0)
(0.7612082059 0.007592858899 0)
(0.7712573599 0.007037908758 0)
(0.7806230855 0.006532584066 0)
(0.789360333 0.006065913472 0)
(0.7975122458 0.005628950919 0)
(0.8051121079 0.005214271985 0)
(0.8121848434 0.004815612274 0)
(0.8187481837 0.004427604325 0)
(0.8248135853 0.004045583561 0)
(0.8303869578 0.003665443129 0)
(0.8354692463 0.003283523399 0)
(0.8400569004 0.002896526 0)
(0.8441422511 0.002501444759 0)
(0.8477138122 0.002095507694 0)
(0.8507565161 0.001676125066 0)
(0.8532518866 0.001240839088 0)
(0.85517815 0.0007872708247 0)
(0.8565102755 0.000313060708 0)
(0.8572199627 -0.0001841916916 0)
(0.8572754191 -0.0007070272963 0)
(0.8566412323 -0.001258294764 0)
(0.8552778546 -0.001841312064 0)
(0.8531408731 -0.002460115333 0)
(0.8501799583 -0.003119815028 0)
(0.8463373039 -0.003827100007 0)
(0.8415453567 -0.004590963562 0)
(0.835723519 -0.00542376936 0)
(0.8287733327 -0.006342844245 0)
(0.8205714 -0.007372909348 0)
(0.8109588639 -0.008549881601 0)
(0.7997255785 -0.009926979719 0)
(0.7865859326 -0.01158481892 0)
(0.7711413538 -0.01364861034 0)
(0.7528212925 -0.01631836176 0)
(0.7307892429 -0.01992342968 0)
(0.7037923289 -0.02502338381 0)
(0.6699222777 -0.03259696959 0)
(0.6262477725 -0.0443937657 0)
(0.5683111657 -0.06355545792 0)
(0.4896901981 -0.09552940621 0)
(0.3821459499 -0.1486639688 0)
(0.2376412086 -0.2317152644 0)
(0.06800590142 -0.3350673816 0)
(-0.004354441634 -0.320980573 0)
(0.2405300531 0.1241673315 0)
(0.3465026039 0.1052022744 0)
(0.5044830473 0.05686571921 0)
(0.6214126536 0.03140939505 0)
(0.695102755 0.01855140463 0)
(0.7449849301 0.01112676748 0)
(0.7806923172 0.006836989987 0)
(0.8069241992 0.004409332424 0)
(0.8268447895 0.003005203387 0)
(0.8425326779 0.002162796524 0)
(0.8552802404 0.001639108497 0)
(0.8659146169 0.001300125335 0)
(0.8749856122 0.001070438958 0)
(0.8828667639 0.0009074759062 0)
(0.8898176505 0.0007867276618 0)
(0.8960233385 0.0006936539599 0)
(0.901618905 0.0006193562694 0)
(0.9067049498 0.0005582048084 0)
(0.911357697 0.0005065056025 0)
(0.9156357136 0.0004617421977 0)
(0.9195844647 0.0004221361801 0)
(0.9232394668 0.000386385916 0)
(0.9266285156 0.0003535071315 0)
(0.9297732881 0.0003227331242 0)
(0.9326905169 0.0002934506643 0)
(0.9353928634 0.0002651577936 0)
(0.9378895798 0.0002374353689 0)
(0.9401870163 0.0002099274612 0)
(0.9422890173 0.0001823275473 0)
(0.9441972343 0.0001543685774 0)
(0.9459113766 0.0001258156249 0)
(0.9474294131 9.646027217e-05 0)
(0.9487477371 6.611608407e-05 0)
(0.9498612995 3.461471278e-05 0)
(0.950763715 1.802205094e-06 0)
(0.9514473432 -3.246485605e-05 0)
(0.9519033432 -6.832393174e-05 0)
(0.9521217038 -0.0001059116494 0)
(0.9520912319 -0.0001453674028 0)
(0.9517995231 -0.0001868419805 0)
(0.9512328385 -0.0002305250348 0)
(0.9503759052 -0.0002766538575 0)
(0.9492116277 -0.0003255369673 0)
(0.9477206372 -0.0003775927378 0)
(0.9458806195 -0.0004334016133 0)
(0.9436653349 -0.0004937801241 0)
(0.9410431882 -0.0005598902222 0)
(0.9379751331 -0.0006334043759 0)
(0.9344115703 -0.0007167622585 0)
(0.9302876897 -0.0008135842387 0)
(0.9255163377 -0.0009293648532 0)
(0.9199768262 -0.001072688177 0)
(0.913496862 -0.001257457865 0)
(0.9058223917 -0.001507179319 0)
(0.8965654782 -0.001863538935 0)
(0.8851108955 -0.002404217333 0)
(0.8704426839 -0.003280932184 0)
(0.850811584 -0.004803101868 0)
(0.8230983295 -0.007622871853 0)
(0.7816701006 -0.01308737298 0)
(0.715915175 -0.02385951082 0)
(0.6034517867 -0.0468582029 0)
(0.4186009999 -0.1003908837 0)
(0.2837427657 -0.1401604685 0)
)
;

boundaryField
{
    movingWall
    {
        type            fixedValue;
        value           uniform (1 0 0);
    }
    fixedWalls
    {
        type            noSlip;
    }
    frontAndBack
    {
        type            empty;
    }
}


// ************************************************************************* //
